record_id	site_id	family	parent_smiles	core_atom_indices	retained_parent_atoms	mapped_fragment_smiles	fragment_smiles	adduct_smiles
Mol_00013	Mol_00013:atom29	ester	C[C@@H]1C[C@@H](O[C@@H]2[C@@H](O)[C@H](OCCc3ccc(O)c(O)c3)O[C@H](CO)[C@H]2OC(=O)/C=C/c2ccc(O)c(O)c2)[C@H](O)[C@H](O)[C@H]1O	29;28;26;27	24;25;26;27;28;29;30;31;32;33;35;37	CO[C:1003](/[CH:1002]=[CH:1001]/c1ccccc1)=[O:1004]	COC(=O)/C=C/c1ccccc1	COC([O-])=CC(SC)c1ccccc1
Mol_00014	Mol_00014:atom29	ester	C[C@@H]1O[C@@H](O[C@@H]2[C@@H](O)[C@H](OCCc3ccc(O)c(O)c3)O[C@H](CO)[C@H]2OC(=O)/C=C/c2ccc(O)c(O)c2)[C@H](O)[C@H](O)[C@H]1O	29;28;26;27	24;25;26;27;28;29;30;31;32;33;35;37	CO[C:1003](/[CH:1002]=[CH:1001]/c1ccccc1)=[O:1004]	COC(=O)/C=C/c1ccccc1	COC([O-])=CC(SC)c1ccccc1
Mol_00017	Mol_00017:atom1	enone	CC1=CC(=O)CC(C)(C)[C@@]1(O)/C=C/[C@@H](C)O[C@@H]1O[C@H](CO)[C@@H](O)[C@H](O)[C@H]1O	1;2;3;4	0;1;2;3;4;5;6;9;10;11	C[C@]1(O)CC[C:1003](=[O:1004])[CH:1002]=[C:1001]1C	CC1=CC(=O)CC[C@]1(C)O	CSC1(C)C=C([O-])CC[C@]1(C)O
Mol_00020	Mol_00020:atom19	ester	C[C@@H]1O[C@@H](O[C@@H]2[C@@H](O)[C@H](O)O[C@H](CO)[C@H]2OC(=O)/C=C/c2ccc(O)c(O)c2)[C@H](O)[C@H](O)[C@H]1O	19;18;16;17	14;15;16;17;18;19;20;21;22;23;25;27	CO[C:1003](/[CH:1002]=[CH:1001]/c1ccccc1)=[O:1004]	COC(=O)/C=C/c1ccccc1	COC([O-])=CC(SC)c1ccccc1
Mol_00029	Mol_00029:atom1	enone	CC1=CC(=O)CC(C)(C)[C@H]1CC[C@@H](C)OC1OC(COS(=O)(=O)O)C(O)C(O)C1O	1;2;3;4	0;1;2;3;4;5;6;9;10	C[C@@H]1CC[C:1003](=[O:1004])[CH:1002]=[C:1001]1C	CC1=CC(=O)CC[C@H]1C	CSC1(C)C=C([O-])CC[C@H]1C
Mol_00041	Mol_00041:atom27	ester	C[C@@H]1O[C@@H](O[C@@H]2[C@@H](O)[C@H](OCCc3ccc(O)c(O)c3)O[C@H](COC(=O)/C=C/c3ccc(O)c(O)c3)[C@H]2O)[C@H](O)[C@H](O)[C@H]1O	27;26;24;25	22;23;24;25;26;27;28;29;30;31;33;35	CO[C:1003](/[CH:1002]=[CH:1001]/c1ccccc1)=[O:1004]	COC(=O)/C=C/c1ccccc1	COC([O-])=CC(SC)c1ccccc1
Mol_00049	Mol_00049:atom22	enone	CC(=O)O[C@H]1C[C@@H](C(C)C)[C@@]2(O)CC=C(C)[C@@H]3CC(=O)C(C)=C3C[C@]12C	22;20;18;19	14;16;17;18;19;20;21;22;23;24	CC[C:1001]1=[C:1002](C)[C:1003](=[O:1004])C[C@H]1C	CCC1=C(C)C(=O)C[C@H]1C	CCC1(SC)C(C)=C([O-])C[C@H]1C
Mol_00050	Mol_00050:atom22	enone	CC(=O)O[C@H]1C[C@@](O)(C(C)C)[C@H]2CC=C(C)[C@@H]3CC(=O)C(C)=C3C[C@]12C	22;20;18;19	14;16;17;18;19;20;21;22;23;24	CC[C:1001]1=[C:1002](C)[C:1003](=[O:1004])C[C@H]1C	CCC1=C(C)C(=O)C[C@H]1C	CCC1(SC)C(C)=C([O-])C[C@H]1C
Mol_00051	Mol_00051:atom2	enone	CC1=C2C[C@@]3(C)O[C@]2(CC1=O)[C@]1(C)O[C@@H]1CC(=O)[C@H](C(C)(C)C)CC3=O	2;1;9;10	0;1;2;3;4;6;7;8;9;10;11	C[C@]12C[C:1003](=[O:1004])[C:1002](C)=[C:1001]1CCO2	CC1=C2CCO[C@@]2(C)CC1=O	CSC12CCO[C@@]1(C)CC([O-])=C2C
Mol_00052	Mol_00052:atom15	enone	CC1=CC[C@@H]2[C@H](C(C)C)CC(=O)[C@@]2(C)CC2=C(C)C(=O)C[C@@H]12	15;16;18;19	1;12;14;15;16;17;18;19;20;21	CC[C:1001]1=[C:1002](C)[C:1003](=[O:1004])C[C@H]1C	CCC1=C(C)C(=O)C[C@H]1C	CCC1(SC)C(C)=C([O-])C[C@H]1C
Mol_00053	Mol_00053:atom22	ester	CC1O[C@@H](Oc2c(-c3ccc(O)c(O[C@@H]4OC(COC(=O)/C=C/Cc5ccc(O)c(O)c5)[C@@H](O)[C@H](O)C4O)c3)oc3cc(O)cc(O)c3c2=O)C(O)[C@@H](O)[C@@H]1O	22;21;19;20	17;18;19;20;21;22;23;24;25;26;27;29;31	CO[C:1003](/[CH:1002]=[CH:1001]/Cc1ccccc1)=[O:1004]	COC(=O)/C=C/Cc1ccccc1	COC([O-])=CC(Cc1ccccc1)SC
Mol_00054	Mol_00054:atom3	ester	O=C(/C=C/Cc1ccc(O)c(O)c1)OCC1O[C@@H](Oc2cc(-c3oc4cc(O)cc(O)c4c(=O)c3O[C@@H]3OC(CO)[C@@H](O)[C@H](O)C3O)ccc2O)C(O)[C@@H](O)[C@@H]1O	3;2;1;0	0;1;2;3;4;5;6;7;8;10;12;13;14	CO[C:1003](/[CH:1002]=[CH:1001]/Cc1ccccc1)=[O:1004]	COC(=O)/C=C/Cc1ccccc1	COC([O-])=CC(Cc1ccccc1)SC
Mol_00058	Mol_00058:atom26	ester	CCOC(=O)O[C@H]1CC2C(COC3OC(CO)C(O)C(O)C3OC(=O)/C=C/c3ccc(O)cc3)=CO[C@@](C)(OC(=O)CC(C)C)C2[C@@]1(O)OC(=O)OCC	26;25;23;24	21;22;23;24;25;26;27;28;29;30;32;33	CO[C:1003](/[CH:1002]=[CH:1001]/c1ccccc1)=[O:1004]	COC(=O)/C=C/c1ccccc1	COC([O-])=CC(SC)c1ccccc1
Mol_00059	Mol_00059:atom26	ester	CCOC(=O)O[C@H]1CC2C(COC3OC(CO)C(O)C(O)C3OC(=O)/C=C\c3ccc(O)cc3)=CO[C@@](C)(OC(=O)CC(C)C)C2[C@@]1(O)OC(=O)OCC	26;25;23;24	21;22;23;24;25;26;27;28;29;30;32;33	CO[C:1003](/[CH:1002]=[CH:1001]\c1ccccc1)=[O:1004]	COC(=O)/C=C\c1ccccc1	COC([O-])=CC(SC)c1ccccc1
Mol_00080	Mol_00080:atom4	ester	C=C1CCC2=C(C)C(=O)O[C@H]2/C=C(\C)CC[C@H]2O[C@]2(C)CC[C@H]1OC(C)=O	4;5;7;8	2;3;4;5;6;7;8;9;10;11	CC[C:1001]1=[C:1002](C)[C:1003](=[O:1004])O[C@H]1C	CCC1=C(C)C(=O)O[C@H]1C	CCC1(SC)C(C)=C([O-])O[C@H]1C
Mol_00081	Mol_00081:atom11	ester	CO[C@]1(C)CC/C=C(\C)CCC2=C(C)C(=O)O[C@H]2/C=C(\C)CC[C@H]1O	11;12;14;15	9;10;11;12;13;14;15;16;17;18	CC[C:1001]1=[C:1002](C)[C:1003](=[O:1004])O[C@H]1C	CCC1=C(C)C(=O)O[C@H]1C	CCC1(SC)C(C)=C([O-])O[C@H]1C
Mol_00082	Mol_00082:atom9	ester	C=C1CC/C=C(\C)CCC2=C(C)C(=O)O[C@H]2/C=C(\C)CC[C@H]1O	9;10;12;13	7;8;9;10;11;12;13;14;15;16	CC[C:1001]1=[C:1002](C)[C:1003](=[O:1004])O[C@H]1C	CCC1=C(C)C(=O)O[C@H]1C	CCC1(SC)C(C)=C([O-])O[C@H]1C
Mol_00083	Mol_00083:atom2	ester	CC1=C2CC/C(C)=C/CC[C@H](C)C(=O)CC/C(C)=C/[C@@H]2OC1=O	2;1;21;22	0;1;2;3;4;18;19;20;21;22	CC[C:1001]1=[C:1002](C)[C:1003](=[O:1004])O[C@H]1C	CCC1=C(C)C(=O)O[C@H]1C	CCC1(SC)C(C)=C([O-])O[C@H]1C
Mol_00084	Mol_00084:atom2	ester	CC1=C2CC/C(C)=C/CC[C@@]3(C)O[C@@H]3CC/C(C)=C/[C@@H]2OC1=O	2;1;21;22	0;1;2;3;4;18;19;20;21;22	CC[C:1001]1=[C:1002](C)[C:1003](=[O:1004])O[C@H]1C	CCC1=C(C)C(=O)O[C@H]1C	CCC1(SC)C(C)=C([O-])O[C@H]1C
Mol_00085	Mol_00085:atom2	ester	CC1=C2CC/C(C)=C/CC[C@]3(C)O[C@H]3CC/C(C)=C/[C@H]2OC1=O	2;1;21;22	0;1;2;3;4;18;19;20;21;22	CC[C:1001]1=[C:1002](C)[C:1003](=[O:1004])O[C@@H]1C	CCC1=C(C)C(=O)O[C@@H]1C	CCC1(SC)C(C)=C([O-])O[C@@H]1C
Mol_00086	Mol_00086:atom2	ester	CC1=C2CC/C(C)=C/CC[C@@](C)(O)C(=O)CC/C(C)=C/[C@H]2OC1=O	2;1;22;23	0;1;2;3;4;19;20;21;22;23	CC[C:1001]1=[C:1002](C)[C:1003](=[O:1004])O[C@@H]1C	CCC1=C(C)C(=O)O[C@@H]1C	CCC1(SC)C(C)=C([O-])O[C@@H]1C
Mol_00087	Mol_00087:atom25	ester	CC(=O)O[C@]1(C)/C=C/C[C@@](C)(O)C(Cl)CC/C(C)=C/[C@H]2OC(=O)C(C)=C2CC1	25;23;21;22	18;19;20;21;22;23;24;25;26;27	CC[C:1001]1=[C:1002](C)[C:1003](=[O:1004])O[C@@H]1C	CCC1=C(C)C(=O)O[C@@H]1C	CCC1(SC)C(C)=C([O-])O[C@@H]1C
Mol_00088	Mol_00088:atom9	enone	CCCCC1C(=O)C(C)=C(C)C1(O)/C=C/C(=O)OC	9;7;5;6	3;4;5;6;7;8;9;10;11;12;13	CC1C(C)(O)[C:1001](C)=[C:1002](C)[C:1003]1=[O:1004]	CC1=C(C)C(C)(O)C(C)C1=O	CSC1(C)C(C)=C([O-])C(C)C1(C)O
Mol_00088	Mol_00088:atom13	ester	CCCCC1C(=O)C(C)=C(C)C1(O)/C=C/C(=O)OC	13;14;15;16	4;9;11;12;13;14;15;16;17;18	CO[C:1003](/[CH:1002]=[CH:1001]/C(C)(C)O)=[O:1004]	COC(=O)/C=C/C(C)(C)O	COC([O-])=CC(SC)C(C)(C)O
Mol_00090	Mol_00090:atom4	ester	C=C1CCC2=C(C)C(=O)O[C@@H]2/C=C(\C)CC[C@H]2O[C@]2(C)CC[C@@H]1OO	4;5;7;8	2;3;4;5;6;7;8;9;10;11	CC[C:1001]1=[C:1002](C)[C:1003](=[O:1004])O[C@@H]1C	CCC1=C(C)C(=O)O[C@@H]1C	CCC1(SC)C(C)=C([O-])O[C@@H]1C
Mol_00091	Mol_00091:atom2	ester	CC1=C2CC[C@](C)(OO)/C=C/C[C@@]3(C)O[C@@H]3CC/C(C)=C/[C@H]2OC1=O	2;1;23;24	0;1;2;3;4;20;21;22;23;24	CC[C:1001]1=[C:1002](C)[C:1003](=[O:1004])O[C@@H]1C	CCC1=C(C)C(=O)O[C@@H]1C	CCC1(SC)C(C)=C([O-])O[C@@H]1C
Mol_00094	Mol_00094:atom2	ester	CC1=C2CC/C(C)=C/CC[C@]3(C)O[C@H]3CC/C(C)=C/[C@@H]2OC1=O	2;1;21;22	0;1;2;3;4;18;19;20;21;22	CC[C:1001]1=[C:1002](C)[C:1003](=[O:1004])O[C@H]1C	CCC1=C(C)C(=O)O[C@H]1C	CCC1(SC)C(C)=C([O-])O[C@H]1C
Mol_00095	Mol_00095:atom2	ester	CC1=C2CC/C(C)=C/CC[C@](C)(O)[C@@H](O)CC/C(C)=C/[C@H]2OC1=O	2;1;22;23	0;1;2;3;4;19;20;21;22;23	CC[C:1001]1=[C:1002](C)[C:1003](=[O:1004])O[C@@H]1C	CCC1=C(C)C(=O)O[C@@H]1C	CCC1(SC)C(C)=C([O-])O[C@@H]1C
Mol_00096	Mol_00096:atom2	ester	CC1=C2CC/C(C)=C/CC[C@](C)(O)[C@H](O)CC/C(C)=C/[C@@H]2OC1=O	2;1;22;23	0;1;2;3;4;19;20;21;22;23	CC[C:1001]1=[C:1002](C)[C:1003](=[O:1004])O[C@H]1C	CCC1=C(C)C(=O)O[C@H]1C	CCC1(SC)C(C)=C([O-])O[C@H]1C
Mol_00097	Mol_00097:atom16	ester	CC(=O)O[C@H]1CC/C(C)=C/[C@@H]2OC(=O)C(C)=C2CC/C(C)=C/CC[C@@]1(C)O	16;14;12;13	9;10;11;12;13;14;15;16;17;18	CC[C:1001]1=[C:1002](C)[C:1003](=[O:1004])O[C@H]1C	CCC1=C(C)C(=O)O[C@H]1C	CCC1(SC)C(C)=C([O-])O[C@H]1C
Mol_00118	Mol_00118:atom5	ester	C=C(C)[C@@H]1C/C=C2\C(=O)O[C@@H](C[C@]3(C)CC(=O)[C@H](CC(=O)C1)O3)[C@@H]2O	5;6;7;8	3;4;5;6;7;8;9;10;23;24	CC/[CH:1001]=[C:1002]1/[C@@H](O)CO[C:1003]1=[O:1004]	CC/C=C1\C(=O)OC[C@@H]1O	CCC(SC)C1=C([O-])OC[C@@H]1O
Mol_00120	Mol_00120:atom5	ester	C=C(C)[C@H]1C/C=C2\C(=O)O[C@H](C[C@@]3(C)CC(=O)[C@H](CC(=O)C1)O3)[C@H]2O	5;6;7;8	3;4;5;6;7;8;9;10;23;24	CC/[CH:1001]=[C:1002]1/[C@H](O)CO[C:1003]1=[O:1004]	CC/C=C1\C(=O)OC[C@H]1O	CCC(SC)C1=C([O-])OC[C@H]1O
Mol_00128	Mol_00128:atom2	ester	CC1=C2CC/C(C)=C/C[C@H](O)[C@]3(C)O[C@H]3CC/C(C)=C/[C@@H]2OC1=O	2;1;22;23	0;1;2;3;4;19;20;21;22;23	CC[C:1001]1=[C:1002](C)[C:1003](=[O:1004])O[C@H]1C	CCC1=C(C)C(=O)O[C@H]1C	CCC1(SC)C(C)=C([O-])O[C@H]1C
Mol_00136	Mol_00136:atom2	ester	CC1=C2CC/C(C)=C/CC[C@]3(C)OC3CC/C(C)=C/[C@@H]2OC1=O	2;1;21;22	0;1;2;3;4;18;19;20;21;22	CC[C:1001]1=[C:1002](C)[C:1003](=[O:1004])O[C@H]1C	CCC1=C(C)C(=O)O[C@H]1C	CCC1(SC)C(C)=C([O-])O[C@H]1C
Mol_00137	Mol_00137:atom2	ester	CC1=C2CC/C(C)=C/CCC(C)(O)[C@H](O)CC/C(C)=C/[C@@]2(C)OC1=O	2;1;23;24	0;1;2;3;4;19;20;21;22;23;24	CC[C:1001]1=[C:1002](C)[C:1003](=[O:1004])OC1(C)C	CCC1=C(C)C(=O)OC1(C)C	CCC1(SC)C(C)=C([O-])OC1(C)C
Mol_00143	Mol_00143:atom11	ester	C/C1=C/C=C(/C(C)C)CCC2=CCC[C@](C)(OC2=O)C(=O)CC1	11;10;17;18	8;9;10;11;12;13;14;16;17;18	CC[C:1002]1=[CH:1001]CCCO[C:1003]1=[O:1004]	CCC1=CCCCOC1=O	CCC1=C([O-])OCCCC1SC
Mol_00157	Mol_00157:atom15	ester	COc1cc(-c2oc3cc(Oc4ccc(/C=C/C(=O)OC5O[C@H](CO)[C@H](O)[C@H](O)[C@H]5O)cc4)cc(O)c3c(=O)c2O)ccc1O	15;16;17;18	11;12;13;14;15;16;17;18;19;20;31;32	CO[C:1003](/[CH:1002]=[CH:1001]/c1ccccc1)=[O:1004]	COC(=O)/C=C/c1ccccc1	COC([O-])=CC(SC)c1ccccc1
Mol_00175	Mol_00175:atom3	enone	O=C(/C=C/c1ccc(O)cc1)c1ccc(O)cc1O	3;2;1;0	0;1;2;3;4;5;6;7;9;10;11;12;13;14;16;17	c1ccc(/[CH:1001]=[CH:1002]/[C:1003](c2ccccc2)=[O:1004])cc1	O=C(/C=C/c1ccccc1)c1ccccc1	CSC(C=C([O-])c1ccccc1)c1ccccc1
Mol_00223	Mol_00223:atom11	enone	COc1c(O)ccc(C(=O)/C=C/c2ccc(O)cc2)c1O	11;10;8;9	2;3;5;6;7;8;9;10;11;12;13;14;15;17;18;19	c1ccc(/[CH:1001]=[CH:1002]/[C:1003](c2ccccc2)=[O:1004])cc1	O=C(/C=C/c1ccccc1)c1ccccc1	CSC(C=C([O-])c1ccccc1)c1ccccc1
Mol_00230	Mol_00230:atom3	enone	O=C1C=C[C@@]23CCN(Cc4cc5c(cc42)OCO5)[C@@H]3C1	3;2;1;0	0;1;2;3;4;5;9;10;11;12;13;14;18;19	C[C@]1(c2ccccc2)CC[C:1003](=[O:1004])[CH:1002]=[CH:1001]1	C[C@@]1(c2ccccc2)C=CC(=O)CC1	CSC1C=C([O-])CC[C@]1(C)c1ccccc1
Mol_00272	Mol_00272:atom5	ester	COC(=O)/C=C(O)/C=C/c1ccc(O)c(O)c1	5;4;2;3	0;1;2;3;4;5;6;7;8	C=C/[C:1001](O)=[CH:1002]/[C:1003](OC)=[O:1004]	C=C/C(O)=C/C(=O)OC	C=CC(O)(C=C([O-])OC)SC
Mol_00273	Mol_00273:atom4	enone	CC(=O)/C=C(O)/C=C\c1ccc(O)c(O)c1	4;3;1;2	0;1;2;3;4;5;6;7	C=C/[C:1001](O)=[CH:1002]/[C:1003](C)=[O:1004]	C=C/C(O)=C/C(C)=O	C=CC(O)(C=C(C)[O-])SC
Mol_00274	Mol_00274:atom4	enone	CC(=O)/C=C(O)/C=C/c1ccc(O)c(O)c1	4;3;1;2	0;1;2;3;4;5;6;7	C=C/[C:1001](O)=[CH:1002]/[C:1003](C)=[O:1004]	C=C/C(O)=C/C(C)=O	C=CC(O)(C=C(C)[O-])SC
Mol_00280	Mol_00280:atom3	ester	O=C(/C=C/c1ccc(O)c(O)c1)O[C@@H]1C[C@](O)(C(=O)O)C[C@@H](O)[C@H]1O	3;2;1;0	0;1;2;3;4;5;6;7;9;11;12;13	CO[C:1003](/[CH:1002]=[CH:1001]/c1ccccc1)=[O:1004]	COC(=O)/C=C/c1ccccc1	COC([O-])=CC(SC)c1ccccc1
Mol_00383	Mol_00383:atom6	enone	NC(=O)CC1(O)C=C(Cl)C(=O)C(Cl)=C1	6;7;9;10	3;4;5;6;7;8;9;10;11;12;13	CC1(O)C=C(Cl)[C:1003](=[O:1004])[C:1002](Cl)=[CH:1001]1	CC1(O)C=C(Cl)C(=O)C(Cl)=C1	CSC1C(Cl)=C([O-])C(Cl)=CC1(C)O
Mol_00383	Mol_00383:atom13	enone	NC(=O)CC1(O)C=C(Cl)C(=O)C(Cl)=C1	13;11;9;10	3;4;5;6;7;8;9;10;11;12;13	CC1(O)C=C(Cl)[C:1003](=[O:1004])[C:1002](Cl)=[CH:1001]1	CC1(O)C=C(Cl)C(=O)C(Cl)=C1	CSC1C(Cl)=C([O-])C(Cl)=CC1(C)O
Mol_00388	Mol_00388:atom5	ester	COC(=O)C1=C2Nc3ccccc3[C@@]23CCN2C[C@@]4(CC5C[C@]67CCOC6CCN6CCC8(c9cccc(OC)c9N(C4)[C@@H]58)[C@@H]67)[C@@H]4OCC[C@]4(C1)[C@H]23	5;4;2;3	0;1;2;3;4;5;6;7;8;9;10;11;12;13;14;49;50;51	CO[C:1003]([C:1002]1=[C:1001]2Nc3ccccc3[C@]2(C)CCC1)=[O:1004]	COC(=O)C1=C2Nc3ccccc3[C@]2(C)CCC1	COC([O-])=C1CCC[C@@]2(C)c3ccccc3NC12SC
Mol_00390	Mol_00390:atom5	ester	COC(=O)C1=C2Nc3ccccc3C23CCN2C4C(CC5C[C@]67CCOC6CCN6CCC8(c9cccc(OC)c9NC548)[C@@H]67)C4OCC[C@]4(C1)[C@H]23	5;4;2;3	0;1;2;3;4;5;6;7;8;9;10;11;12;13;14;48;49;50	CO[C:1003]([C:1002]1=[C:1001]2Nc3ccccc3C2(C)CCC1)=[O:1004]	COC(=O)C1=C2Nc3ccccc3C2(C)CCC1	COC([O-])=C1CCCC2(C)c3ccccc3NC12SC
Mol_00393	Mol_00393:atom5	ester	COC(=O)C1=C2Nc3ccccc3C23CCN2[C@H]3[C@]3(CCOC3C[C@@]23C[C@@]24C[C@]56CCOC5CCN5CCC7(c8cccc(OC)c8N([C@H]72)[C@@H]3O4)[C@@H]56)C1	5;4;2;3	0;1;2;3;4;5;6;7;8;9;10;11;12;13;14;17;18;52	CO[C:1003]([C:1002]1=[C:1001]2Nc3ccccc3C2(C)CCC1)=[O:1004]	COC(=O)C1=C2Nc3ccccc3C2(C)CCC1	COC([O-])=C1CCCC2(C)c3ccccc3NC12SC
Mol_00394	Mol_00394:atom5	ester	COC(=O)C1=C2Nc3ccccc3C23CCN2C[C@]4(CC5C[C@]67CCOC6CCN6CCC8(c9cccc(OC)c9N(C4)[C@@H]58)[C@@H]67)C4OCC[C@]4(C1)C23	5;4;2;3	0;1;2;3;4;5;6;7;8;9;10;11;12;13;14;49;50;51	CO[C:1003]([C:1002]1=[C:1001]2Nc3ccccc3C2(C)CCC1)=[O:1004]	COC(=O)C1=C2Nc3ccccc3C2(C)CCC1	COC([O-])=C1CCCC2(C)c3ccccc3NC12SC
Mol_00395	Mol_00395:atom5	ester	COC(=O)C1=C2Nc3ccccc3[C@@]23CCN2C[C@]4(CC5=C6N(C4)c4c(OC)cccc4C64CCN6CCC7OCC[C@]7(C5)[C@H]64)C4OCC[C@]4(C1)[C@H]23	5;4;2;3	0;1;2;3;4;5;6;7;8;9;10;11;12;13;14;49;50;51	CO[C:1003]([C:1002]1=[C:1001]2Nc3ccccc3[C@]2(C)CCC1)=[O:1004]	COC(=O)C1=C2Nc3ccccc3[C@]2(C)CCC1	COC([O-])=C1CCC[C@@]2(C)c3ccccc3NC12SC
Mol_00401	Mol_00401:atom5	enal	COc1cc(C=CC=O)ccc1O	5;6;7;8	2;3;4;5;6;7;8;9;10;11	c1ccc([CH:1001]=[CH:1002][CH:1003]=[O:1004])cc1	O=CC=Cc1ccccc1	CSC(C=C[O-])c1ccccc1
Mol_00402	Mol_00402:atom17	ester	CC(=O)OC1CC(O)(C(=O)O)CC(OC(=O)/C=C/c2ccc(O)c(O)c2)C1O	17;16;14;15	12;13;14;15;16;17;18;19;20;21;23;25	CO[C:1003](/[CH:1002]=[CH:1001]/c1ccccc1)=[O:1004]	COC(=O)/C=C/c1ccccc1	COC([O-])=CC(SC)c1ccccc1
Mol_00422	Mol_00422:atom36	ester	COC1[C@@H](O[C@@H]2OC(CO)[C@@H](O)C(O)[C@@H]2O)C(C)O[C@@H](O[C@H]2CC[C@@]3(C)[C@H](CC[C@@H]4[C@@H]3CC[C@]3(C)[C@@H](C5=CC(=O)OC5)[C@@H](OC(C)=O)C[C@]43O)C2)[C@H]1O	36;37;38;39	33;35;36;37;38;39;40;41;42	CC(C)[C:1001]1=[CH:1002][C:1003](=[O:1004])OC1	CC(C)C1=CC(=O)OC1	CSC1(C(C)C)C=C([O-])OC1
Mol_00433	Mol_00433:atom17	ester	C[C@]12CC[C@H](O)C[C@@H]1CC[C@@H]1[C@@H]2CC[C@]2(C)[C@@H](C3=CC(=O)OC3)CC[C@]12O	17;18;19;20	14;16;17;18;19;20;21;22;23	CC(C)[C:1001]1=[CH:1002][C:1003](=[O:1004])OC1	CC(C)C1=CC(=O)OC1	CSC1(C(C)C)C=C([O-])OC1
Mol_00434	Mol_00434:atom15	ester	C[C@]12CC[C@H](O)C[C@@H]1CC[C@H]1C3=CC[C@H](C4=CC(=O)OC4)[C@@]3(C)CC[C@@H]12	15;16;17;18	13;14;15;16;17;18;19;20;21	CC(C)[C:1001]1=[CH:1002][C:1003](=[O:1004])OC1	CC(C)C1=CC(=O)OC1	CSC1(C(C)C)C=C([O-])OC1
Mol_00435	Mol_00435:atom17	ester	CO[C@H]1O[C@H]2C[C@]13[C@@H](CC[C@@H]1[C@@H]3CC[C@]3(C)[C@@H](C4=CC(=O)OC4)CC[C@]13O)C[C@H]2O	17;18;19;20	14;16;17;18;19;20;21;22;23	CC(C)[C:1001]1=[CH:1002][C:1003](=[O:1004])OC1	CC(C)C1=CC(=O)OC1	CSC1(C(C)C)C=C([O-])OC1
Mol_00436	Mol_00436:atom26	ester	C[C@]12CC[C@H](O[C@@H]3OC(CO)[C@@H](O)C(O)[C@@H]3O)C[C@@H]1CC[C@H]1C3=CC[C@H](C4=CC(=O)OC4)[C@@]3(C)CC[C@@H]12	26;27;28;29	24;25;26;27;28;29;30;31;32	CC(C)[C:1001]1=[CH:1002][C:1003](=[O:1004])OC1	CC(C)C1=CC(=O)OC1	CSC1(C(C)C)C=C([O-])OC1
Mol_00440	Mol_00440:atom1	enone	C/C=C(\C)C(=O)C[C@@H]1C[C@H]2C(CC=C3C[C@@H](O[C@H]4CC(OC)[C@H](O[C@H]5CC(OC)[C@H](O[C@H]6OC(C)[C@@H](O[C@H]7OC(CO)[C@@H](O)C(O)[C@@H]7O)C(OC)[C@@H]6O)C(C)O5)C(C)O4)CC[C@@]32C)[C@@]2(O)CC[C@H]([C@@H](C)OC(C)=O)[C@@]12C	1;2;4;5	0;1;2;3;4;5;6;7	CC[C:1003](/[C:1002](C)=[CH:1001]/C)=[O:1004]	C/C=C(\C)C(=O)CC	CCC([O-])=C(C)C(C)SC
Mol_00450	Mol_00450:atom1	ester	C/C=C(/C)C(=O)O[C@@H]1CC2[C@@]3(C)CC[C@H](OC4(C)CC(OC)C(OC5CC(OC)C(OC6OC(C)C(O)C(OC)C6O)C(C)O5)C(C)O4)CC3=CC[C@@]2(O)[C@@]2(O)CC[C@@](O)(C(C)OC(=O)c3ccccc3)[C@@]12C	1;2;4;5	0;1;2;3;4;5;6;7	CO[C:1003](/[C:1002](C)=[CH:1001]\C)=[O:1004]	C/C=C(/C)C(=O)OC	COC([O-])=C(C)C(C)SC
Mol_00451	Mol_00451:atom1	ester	C/C=C(/C)C(=O)O[C@@H]1CC2[C@@]3(C)CC[C@H](OC4(C)CC(OC)C(OC5CC(OC)C(OC6OC(C)C(O)C(OC)C6O)C(C)O5)C(C)O4)CC3=CC[C@@]2(O)[C@@]2(O)CC[C@@](O)(C(C)OC(=O)/C(C)=C/C)[C@@]12C	1;2;4;5	0;1;2;3;4;5;6;7	CO[C:1003](/[C:1002](C)=[CH:1001]\C)=[O:1004]	C/C=C(/C)C(=O)OC	COC([O-])=C(C)C(C)SC
Mol_00451	Mol_00451:atom67	ester	C/C=C(/C)C(=O)O[C@@H]1CC2[C@@]3(C)CC[C@H](OC4(C)CC(OC)C(OC5CC(OC)C(OC6OC(C)C(O)C(OC)C6O)C(C)O5)C(C)O4)CC3=CC[C@@]2(O)[C@@]2(O)CC[C@@](O)(C(C)OC(=O)/C(C)=C/C)[C@@]12C	67;65;63;64	60;62;63;64;65;66;67;68	CO[C:1003](/[C:1002](C)=[CH:1001]/C)=[O:1004]	C/C=C(\C)C(=O)OC	COC([O-])=C(C)C(C)SC
Mol_00453	Mol_00453:atom1	ester	C/C=C(\C)C(=O)O[C@@H]1[C@@H](OC(C)=O)C2[C@@]3(C)CC[C@H](OC4(C)CC(OC)C(OC5CC(OC)C(OC6OC(C)C(O)C(OC)C6O)C(C)O5)C(C)O4)CC3=CC[C@@]2(O)[C@@]2(O)CC[C@@H](C(C)=O)[C@@]12C	1;2;4;5	0;1;2;3;4;5;6;7	CO[C:1003](/[C:1002](C)=[CH:1001]/C)=[O:1004]	C/C=C(\C)C(=O)OC	COC([O-])=C(C)C(C)SC
Mol_00458	Mol_00458:atom1	ester	C/C=C(/C)C(=O)O[C@@H]1C[C@]2(C)[C@H](C(C)=O)CC[C@]2(O)[C@]2(O)CC=C3C[C@@H](OC4(C)CC(OC)C(OC5CC(OC)C(OC6OC(C)C(O[C@]7(O)OC(CO)[C@@H](O)C(O)[C@@H]7O)C(OC)C6O)C(C)O5)C(C)O4)CC[C@]3(C)C12	1;2;4;5	0;1;2;3;4;5;6;7	CO[C:1003](/[C:1002](C)=[CH:1001]\C)=[O:1004]	C/C=C(/C)C(=O)OC	COC([O-])=C(C)C(C)SC
Mol_00459	Mol_00459:atom1	ester	C/C=C(/C)C(=O)O[C@H]1C2[C@@]3(C)CC[C@H](OC4(C)CC(OC)C(OC5CC(OC)C(OC6OC(C)C(O[C@]7(O)OC(CO)[C@@H](O)C(O)[C@@H]7O)C(OC)C6O)C(C)O5)C(C)O4)CC3=CC[C@@]2(O)[C@@]2(O)CC[C@@H](C(C)=O)[C@@]2(C)[C@@H]1OC(=O)c1ccccc1	1;2;4;5	0;1;2;3;4;5;6;7	CO[C:1003](/[C:1002](C)=[CH:1001]\C)=[O:1004]	C/C=C(/C)C(=O)OC	COC([O-])=C(C)C(C)SC
Mol_00479	Mol_00479:atom23	ester	C[C@@H]1C[C@H](O)[C@]2(O)O[C@@H]3C[C@@]4(C=O)C(=CC[C@@H]5[C@@H]4CC[C@]4(C)[C@@H](C6=CC(=O)OC6)C[C@@H](O)[C@]54O)C[C@H]3O[C@@H]2O1	23;24;25;26	20;22;23;24;25;26;27;28;29	CC(C)[C:1001]1=[CH:1002][C:1003](=[O:1004])OC1	CC(C)C1=CC(=O)OC1	CSC1(C(C)C)C=C([O-])OC1
Mol_00480	Mol_00480:atom31	ester	CC(=O)OC[C@]12CC[C@H](O[C@@H]3OC(C)[C@@H](O)C(O)[C@@H]3O)CC1=CC[C@@H]1[C@@H]2CC[C@]2(C)[C@@H](C3=CC(=O)OC3)CC[C@]12O	31;32;33;34	28;30;31;32;33;34;35;36;37	CC(C)[C:1001]1=[CH:1002][C:1003](=[O:1004])OC1	CC(C)C1=CC(=O)OC1	CSC1(C(C)C)C=C([O-])OC1
Mol_00482	Mol_00482:atom23	ester	C[C@]12CC[C@H]3[C@@H](CC=C4CC(O)[C@H](O)C[C@@]43C=O)[C@@]1(O)CC[C@@H]2C1=CC(=O)OC1	23;24;25;26	1;21;22;23;24;25;26;27;28	CC(C)[C:1001]1=[CH:1002][C:1003](=[O:1004])OC1	CC(C)C1=CC(=O)OC1	CSC1(C(C)C)C=C([O-])OC1
Mol_00483	Mol_00483:atom23	ester	C[C@@H]1C[C@H](O)[C@]2(O)O[C@@H]3C[C@@]4(C=O)C(=CC[C@@H]5[C@@H]4CC[C@]4(C)[C@@H](C6=CC(=O)OC6)[C@H](O)C[C@]54O)C[C@H]3O[C@@H]2O1	23;24;25;26	20;22;23;24;25;26;27;28;29	CC(C)[C:1001]1=[CH:1002][C:1003](=[O:1004])OC1	CC(C)C1=CC(=O)OC1	CSC1(C(C)C)C=C([O-])OC1
Mol_00484	Mol_00484:atom17	ester	C[C@]12CC[C@H](O)CC1=CC[C@@H]1[C@@H]2CC[C@]2(C)[C@@H](C3=CC(=O)OC3)CC[C@]12O	17;18;19;20	14;16;17;18;19;20;21;22;23	CC(C)[C:1001]1=[CH:1002][C:1003](=[O:1004])OC1	CC(C)C1=CC(=O)OC1	CSC1(C(C)C)C=C([O-])OC1
Mol_00486	Mol_00486:atom23	ester	C[C@@H]1C[C@H](O)[C@]2(O)O[C@@H]3C[C@@]4(C=O)[C@@H](CC[C@@H]5[C@@H]4CC[C@]4(C)[C@@H](C6=CC(=O)OC6)CC[C@]54O)C[C@H]3O[C@@H]2O1	23;24;25;26	20;22;23;24;25;26;27;28;29	CC(C)[C:1001]1=[CH:1002][C:1003](=[O:1004])OC1	CC(C)C1=CC(=O)OC1	CSC1(C(C)C)C=C([O-])OC1
Mol_00487	Mol_00487:atom23	ester	C[C@@H]1C[C@H](O)[C@]2(O)O[C@@H]3C[C@@]4(C=O)C(=CC[C@@H]5[C@@H]4CC[C@]4(C)[C@@H](C6=CC(=O)OC6)CC[C@]54O)C[C@H]3O[C@@H]2O1	23;24;25;26	20;22;23;24;25;26;27;28;29	CC(C)[C:1001]1=[CH:1002][C:1003](=[O:1004])OC1	CC(C)C1=CC(=O)OC1	CSC1(C(C)C)C=C([O-])OC1
Mol_00488	Mol_00488:atom22	ester	C[C@@H]1C[C@H](O)[C@]2(O)O[C@@H]3C[C@@]4(C)[C@@H](CC[C@@H]5[C@@H]4CC[C@]4(C)[C@@H](C6=CC(=O)OC6)C[C@@H](O)[C@]54O)C[C@H]3O[C@@H]2O1	22;23;24;25	19;21;22;23;24;25;26;27;28	CC(C)[C:1001]1=[CH:1002][C:1003](=[O:1004])OC1	CC(C)C1=CC(=O)OC1	CSC1(C(C)C)C=C([O-])OC1
Mol_00489	Mol_00489:atom23	ester	C[C@@H]1C[C@H](O)[C@]2(O)O[C@@H]3C[C@@]4(C=O)C(=CCC5[C@@H]4CC[C@]4(C)[C@@]6(C7=CC(=O)OC7)CC[C@@]54O6)C[C@H]3O[C@@H]2O1	23;24;25;26	20;22;23;24;25;26;27;28;29;32	CC(C)(O)[C:1001]1=[CH:1002][C:1003](=[O:1004])OC1	CC(C)(O)C1=CC(=O)OC1	CSC1(C(C)(C)O)C=C([O-])OC1
Mol_00490	Mol_00490:atom23	ester	C[C@@H]1C[C@H](O)[C@]2(O)O[C@@H]3C[C@@]4(C=O)[C@@H](CC[C@@H]5[C@@H]4CC[C@]4(C)[C@@H](C6=CC(=O)OC6)C[C@@H](O)[C@]54O)C[C@H]3O[C@@H]2O1	23;24;25;26	20;22;23;24;25;26;27;28;29	CC(C)[C:1001]1=[CH:1002][C:1003](=[O:1004])OC1	CC(C)C1=CC(=O)OC1	CSC1(C(C)C)C=C([O-])OC1
Mol_00492	Mol_00492:atom23	ester	C[C@@H]1C[C@H](O)[C@]2(O)O[C@@H]3C[C@@]4(C=O)[C@@H](CCC5[C@@H]4CC[C@]4(C)[C@@H](C6=CC(=O)OC6)CC[C@@]54O)C[C@H]3O[C@@H]2O1	23;24;25;26	20;22;23;24;25;26;27;28;29	CC(C)[C:1001]1=[CH:1002][C:1003](=[O:1004])OC1	CC(C)C1=CC(=O)OC1	CSC1(C(C)C)C=C([O-])OC1
Mol_00494	Mol_00494:atom28	ester	CC12CCC(OC3OC(CO)C(O)C(O)C3O)CC1CCC1C2CCC2(C)C(C3=CC(=O)OC3)CCC12O	28;29;30;31	25;27;28;29;30;31;32;33;34	CC(C)[C:1001]1=[CH:1002][C:1003](=[O:1004])OC1	CC(C)C1=CC(=O)OC1	CSC1(C(C)C)C=C([O-])OC1
Mol_00495	Mol_00495:atom21	ester	C[C@H]1OC(O[C@H]2CC[C@@]3(CO)[C@H](CC[C@@H]4[C@@H]3CC[C@]3(C)[C@@H](C5=CC(=O)OC5)CC[C@]43O)C2)[C@H](O)[C@H](O)[C@@H]1O	21;22;23;24	18;20;21;22;23;24;25;26;27	CC(C)[C:1001]1=[CH:1002][C:1003](=[O:1004])OC1	CC(C)C1=CC(=O)OC1	CSC1(C(C)C)C=C([O-])OC1
Mol_00496	Mol_00496:atom23	ester	C[C@@H]1C[C@H](O)[C@]2(O)O[C@@H]3C[C@@]4(C=O)[C@@H](CC=C5[C@@H]4CC[C@]4(C)[C@@H](C6=CC(=O)OC6)CC[C@]54O)C[C@H]3O[C@@H]2O1	23;24;25;26	20;22;23;24;25;26;27;28;29	CC(C)[C:1001]1=[CH:1002][C:1003](=[O:1004])OC1	CC(C)C1=CC(=O)OC1	CSC1(C(C)C)C=C([O-])OC1
Mol_00497	Mol_00497:atom32	ester	C[C@]12CC[C@H]3C(=CC[C@H]4C[C@@H](O[C@@H]5OC(O)[C@H](O)C(O)[C@@H]5O)CC[C@@]43CO)[C@@]1(O)CC[C@@H]2C1=CC(=O)OC1	32;33;34;35	1;30;31;32;33;34;35;36;37	CC(C)[C:1001]1=[CH:1002][C:1003](=[O:1004])OC1	CC(C)C1=CC(=O)OC1	CSC1(C(C)C)C=C([O-])OC1
Mol_00498	Mol_00498:atom43	ester	CC(=O)OC[C@]12CC[C@H](O[C@@H]3OC(O)[C@H](O[C@]4(O)OC(CO)[C@@H](O)C(O)[C@@H]4O)C(O)[C@@H]3O)C[C@@H]1CC=C1[C@@H]2CC[C@]2(C)[C@@H](C3=CC(=O)OC3)CC[C@]12O	43;44;45;46	40;42;43;44;45;46;47;48;49	CC(C)[C:1001]1=[CH:1002][C:1003](=[O:1004])OC1	CC(C)C1=CC(=O)OC1	CSC1(C(C)C)C=C([O-])OC1
Mol_00499	Mol_00499:atom33	ester	CC(=O)OC[C@]12CC[C@H](O[C@]3(O)OC(CO)[C@@H](O)C(O)[C@@H]3O)C[C@@H]1CC=C1[C@@H]2CC[C@]2(C)[C@@H](C3=CC(=O)OC3)CC[C@]12O	33;34;35;36	30;32;33;34;35;36;37;38;39	CC(C)[C:1001]1=[CH:1002][C:1003](=[O:1004])OC1	CC(C)C1=CC(=O)OC1	CSC1(C(C)C)C=C([O-])OC1
Mol_00500	Mol_00500:atom23	ester	C[C@]12CC[C@H]3C(=CC[C@H]4C[C@@H](O)[C@H](O)C[C@@]43C=O)[C@@]1(O)CC[C@@H]2C1=CC(=O)OC1	23;24;25;26	1;21;22;23;24;25;26;27;28	CC(C)[C:1001]1=[CH:1002][C:1003](=[O:1004])OC1	CC(C)C1=CC(=O)OC1	CSC1(C(C)C)C=C([O-])OC1
Mol_00503	Mol_00503:atom24	enone	CC(=O)[C@H]1C[C@H](O[C@]2(O)OC(CO)[C@@H](O)C(O)[C@@H]2O)[C@]2(O)C3CCC4=CC(=O)CC[C@]4(C)C3CC[C@]12C	24;25;26;27	22;23;24;25;26;27;28;29;30;31;32	CC[C:1001]1=[CH:1002][C:1003](=[O:1004])CCC1(C)C	CCC1=CC(=O)CCC1(C)C	CCC1(SC)C=C([O-])CCC1(C)C
Mol_00504	Mol_00504:atom24	enone	CC(=O)[C@@H]1C[C@H](O[C@]2(O)OC(CO)[C@@H](O)C(O)[C@@H]2O)[C@]2(O)C3CCC4=CC(=O)CC[C@]4(C)C3CC[C@]12C	24;25;26;27	22;23;24;25;26;27;28;29;30;31;32	CC[C:1001]1=[CH:1002][C:1003](=[O:1004])CCC1(C)C	CCC1=CC(=O)CCC1(C)C	CCC1(SC)C=C([O-])CCC1(C)C
Mol_00506	Mol_00506:atom33	ester	C[C@]12CC[C@H]3[C@@H](CC[C@H]4C[C@H]5O[C@@H]6O[C@H](CO)C[C@@H](O)[C@]6(O)O[C@@H]5C[C@@]43C=O)[C@@]1(O)CC[C@@H]2C1=CC(=O)OC1	33;34;35;36	1;31;32;33;34;35;36;37;38	CC(C)[C:1001]1=[CH:1002][C:1003](=[O:1004])OC1	CC(C)C1=CC(=O)OC1	CSC1(C(C)C)C=C([O-])OC1
Mol_00507	Mol_00507:atom37	ester	CC(=O)O[C@@H]1C[C@]2(O)C3CC[C@H]4C[C@H]5O[C@@H]6O[C@H](CO)C[C@@H](O)[C@]6(O)O[C@@H]5C[C@]4(C=O)C3CC[C@]2(C)[C@H]1C1=CC(=O)OC1	37;38;39;40	4;34;36;37;38;39;40;41;42	CC(C)[C:1001]1=[CH:1002][C:1003](=[O:1004])OC1	CC(C)C1=CC(=O)OC1	CSC1(C(C)C)C=C([O-])OC1
Mol_00508	Mol_00508:atom23	ester	C[C@@H]1C[C@@H](O)[C@]2(O)O[C@@H]3C[C@@]4(C=O)[C@@H](CC[C@@H]5[C@@H]4CC[C@]4(C)[C@@H](C6=CC(=O)OC6)[C@H](O)C[C@]54O)C[C@H]3O[C@@H]2O1	23;24;25;26	20;22;23;24;25;26;27;28;29	CC(C)[C:1001]1=[CH:1002][C:1003](=[O:1004])OC1	CC(C)C1=CC(=O)OC1	CSC1(C(C)C)C=C([O-])OC1
Mol_00509	Mol_00509:atom31	ester	C[C@@H]1C[C@@H](O[C@]2(O)OC(CO)[C@@H](O)C(O)[C@@H]2O)[C@]2(O)O[C@@H]3C[C@]4(C=O)C5CC[C@]6(C)[C@@H](C7=CC(=O)OC7)CC[C@]6(O)C5CC[C@H]4C[C@H]3O[C@@H]2O1	31;32;33;34	28;30;31;32;33;34;35;36;37	CC(C)[C:1001]1=[CH:1002][C:1003](=[O:1004])OC1	CC(C)C1=CC(=O)OC1	CSC1(C(C)C)C=C([O-])OC1
Mol_00510	Mol_00510:atom33	ester	C[C@]12CC[C@H]3[C@@H](CC[C@H]4C[C@H]5O[C@@H]6O[C@H](CO)C[C@@H](O)[C@]6(O)O[C@@H]5C[C@@]43CO)[C@@]1(O)CC[C@@H]2C1=CC(=O)OC1	33;34;35;36	1;31;32;33;34;35;36;37;38	CC(C)[C:1001]1=[CH:1002][C:1003](=[O:1004])OC1	CC(C)C1=CC(=O)OC1	CSC1(C(C)C)C=C([O-])OC1
Mol_00511	Mol_00511:atom20	ester	C[C@@H]1C[C@@H](O)[C@]2(O)O[C@@H]3C[C@]4(CO)C5C[C@@H](O)[C@]6(C)[C@@H](C7=CC(=O)OC7)CC[C@]6(O)C5CC[C@H]4C[C@H]3O[C@@H]2O1	20;21;22;23	17;19;20;21;22;23;24;25;26	CC(C)[C:1001]1=[CH:1002][C:1003](=[O:1004])OC1	CC(C)C1=CC(=O)OC1	CSC1(C(C)C)C=C([O-])OC1
Mol_00512	Mol_00512:atom34	ester	C[C@]12[C@H](O)CC3C(CC[C@H]4C[C@H]5O[C@@H]6O[C@H](CO)C[C@@H](O)[C@]6(O)O[C@@H]5C[C@]34CO)[C@@]1(O)CC[C@@H]2C1=CC(=O)OC1	34;35;36;37	1;32;33;34;35;36;37;38;39	CC(C)[C:1001]1=[CH:1002][C:1003](=[O:1004])OC1	CC(C)C1=CC(=O)OC1	CSC1(C(C)C)C=C([O-])OC1
Mol_00513	Mol_00513:atom19	ester	C[C@@H]1C[C@@H](O)[C@]2(O)O[C@@H]3C[C@]4(C=O)C5CC[C@]6(C)[C@@H](C7=CC(=O)OC7)CC[C@]6(O)C5CC[C@H]4C[C@H]3O[C@@H]2O1	19;20;21;22	16;18;19;20;21;22;23;24;25	CC(C)[C:1001]1=[CH:1002][C:1003](=[O:1004])OC1	CC(C)C1=CC(=O)OC1	CSC1(C(C)C)C=C([O-])OC1
Mol_00521	Mol_00521:atom24	ester	C[C@@H]1C[C@@H](O)[C@]2(O)O[C@@H]3C[C@@]4(CO)[C@@H](CC[C@@H]5[C@@H]4C[C@@H](O)[C@]4(C)[C@@H](C6=CC(=O)OC6)CC[C@]54O)C[C@H]3O[C@@H]2O1	24;25;26;27	21;23;24;25;26;27;28;29;30	CC(C)[C:1001]1=[CH:1002][C:1003](=[O:1004])OC1	CC(C)C1=CC(=O)OC1	CSC1(C(C)C)C=C([O-])OC1
Mol_00530	Mol_00530:atom12	enone	CC(=O)C1C[C@H](O)[C@]2(O)C3CCC4=CC(=O)CC[C@]4(C)C3CC[C@]12C	12;13;14;15	10;11;12;13;14;15;16;17;18;19;20	CC[C:1001]1=[CH:1002][C:1003](=[O:1004])CCC1(C)C	CCC1=CC(=O)CCC1(C)C	CCC1(SC)C=C([O-])CCC1(C)C
Mol_00535	Mol_00535:atom23	ester	COC1CC(OC2C(O)CC(O[C@H]3CC[C@]4(C)C5CC[C@]6(C)[C@@H](C7=CC(=O)OC7)[C@@H](OC(C)=O)C[C@]6(O)C5CC[C@@H]4C3)OC2C)OC(C)C1O[C@]1(O)OC(CO)[C@@H](O)C(O)[C@@H]1O	23;24;25;26	20;22;23;24;25;26;27;28;29	CC(C)[C:1001]1=[CH:1002][C:1003](=[O:1004])OC1	CC(C)C1=CC(=O)OC1	CSC1(C(C)C)C=C([O-])OC1
Mol_00536	Mol_00536:atom46	ester	CC(=O)O[C@H]1C[C@]2(O)C3CC[C@@H]4C[C@@H](OC5OC(C)C(O[C@@H]6OC(CO)[C@@H](O)C(O)[C@@H]6O)C(O)C5O)CC[C@]4(C)C3CC[C@]2(C)[C@H]1C1=CC(=O)OC1	46;47;48;49	4;43;45;46;47;48;49;50;51	CC(C)[C:1001]1=[CH:1002][C:1003](=[O:1004])OC1	CC(C)C1=CC(=O)OC1	CSC1(C(C)C)C=C([O-])OC1
Mol_00537	Mol_00537:atom47	ester	CCC(=O)O[C@H]1C[C@]2(O)C3CC[C@@H]4C[C@@H](OC5OC(C)C(O[C@@H]6OC(CO)[C@@H](O)C(O)[C@@H]6O)C(O)C5O)CC[C@]4(C)C3CC[C@]2(C)[C@H]1C1=CC(=O)OC1	47;48;49;50	5;44;46;47;48;49;50;51;52	CC(C)[C:1001]1=[CH:1002][C:1003](=[O:1004])OC1	CC(C)C1=CC(=O)OC1	CSC1(C(C)C)C=C([O-])OC1
Mol_00538	Mol_00538:atom23	ester	COC1CC(OC2C(O)CC(O[C@H]3CC[C@]4(C)C5CC[C@]6(C)[C@@H](C7=CC(=O)OC7)[C@@H](OC(C)=O)C[C@]6(O)C5CC[C@@H]4C3)OC2C)OC(C)C1O[C@]1(O)OC(CO[C@]2(O)OC(CO)[C@@H](O)C(O)[C@@H]2O)[C@@H](O)C(O)[C@@H]1O	23;24;25;26	20;22;23;24;25;26;27;28;29	CC(C)[C:1001]1=[CH:1002][C:1003](=[O:1004])OC1	CC(C)C1=CC(=O)OC1	CSC1(C(C)C)C=C([O-])OC1
Mol_00539	Mol_00539:atom45	ester	CC(=O)O[C@H]1C[C@]2(O)C3CC[C@@H]4C[C@@H](OC5CC(O)C(O[C@@H]6OC(CO)[C@@H](O)C(O)[C@@H]6O)C(C)O5)CC[C@]4(C)C3CC[C@]2(C)[C@H]1C1=CC(=O)OC1	45;46;47;48	4;42;44;45;46;47;48;49;50	CC(C)[C:1001]1=[CH:1002][C:1003](=[O:1004])OC1	CC(C)C1=CC(=O)OC1	CSC1(C(C)C)C=C([O-])OC1
Mol_00540	Mol_00540:atom22	ester	CO[C@@H]1C(O)[C@H](O[C@H]2CC[C@@]3(C)[C@H](CC[C@@H]4[C@H]3CC[C@]3(C)[C@@H](C5=CC(=O)OC5)[C@@H](O)C[C@]43O)C2)OC(C)[C@@H]1O[C@@H]1OC(CO)[C@@H](O)C(O)[C@@H]1O	22;23;24;25	19;21;22;23;24;25;26;27;28	CC(C)[C:1001]1=[CH:1002][C:1003](=[O:1004])OC1	CC(C)C1=CC(=O)OC1	CSC1(C(C)C)C=C([O-])OC1
Mol_00541	Mol_00541:atom5	ester	COc1cc(/C=C/C(=O)OC/C=C/c2cc(OC)c(O[C@@H]3OC(CO)[C@@H](O)[C@H](O)C3OC3OC(C)C(O)C(O)C3O)c(OC)c2)ccc1O	5;6;7;8	2;3;4;5;6;7;8;9;10;45;46;47	CO[C:1003](/[CH:1002]=[CH:1001]/c1ccccc1)=[O:1004]	COC(=O)/C=C/c1ccccc1	COC([O-])=CC(SC)c1ccccc1
Mol_00542	Mol_00542:atom12	ester	COc1cc(/C=C/COC(=O)/C=C/c2ccc(O)c(O)c2)cc(OC)c1O[C@@H]1OC(CO)[C@@H](O)[C@H](O)C1OC1OC(C)C(O)C(O)C1O	12;11;9;10	7;8;9;10;11;12;13;14;15;16;18;20	CO[C:1003](/[CH:1002]=[CH:1001]/c1ccccc1)=[O:1004]	COC(=O)/C=C/c1ccccc1	COC([O-])=CC(SC)c1ccccc1
Mol_00543	Mol_00543:atom5	ester	COc1cc(/C=C/C(=O)OC/C=C/c2cc(OC)c(O[C@@H]3OC(CO)[C@@H](O)[C@H](O)C3OC3OC(C)C(O)C(O)C3OC3O[C@H](C)[C@@H](O)[C@H](O)[C@@H]3O)c(OC)c2)ccc1O	5;6;7;8	2;3;4;5;6;7;8;9;10;55;56;57	CO[C:1003](/[CH:1002]=[CH:1001]/c1ccccc1)=[O:1004]	COC(=O)/C=C/c1ccccc1	COC([O-])=CC(SC)c1ccccc1
Mol_00544	Mol_00544:atom12	ester	COc1cc(/C=C/COC(=O)/C=C/c2ccc(O)c(O)c2)cc(OC)c1O[C@@H]1OC(CO)[C@@H](O)[C@H](O)C1OC1OC(C)C(O)C(O)C1OC1O[C@H](C)[C@@H](O)[C@H](O)[C@@H]1O	12;11;9;10	7;8;9;10;11;12;13;14;15;16;18;20	CO[C:1003](/[CH:1002]=[CH:1001]/c1ccccc1)=[O:1004]	COC(=O)/C=C/c1ccccc1	COC([O-])=CC(SC)c1ccccc1
Mol_00545	Mol_00545:atom36	ester	CO[C@@H]1C(O)[C@H](O[C@@H]2C(C)O[C@@H](O[C@@H]3C(C)O[C@@H](O[C@H]4CC[C@@]5(C)C(=CC[C@]6(O)C5C[C@@H](OC(=O)/C=C/c5ccccc5)[C@@]5(C)[C@]6(O)CC[C@@]5(O)C(C)=O)C4)C[C@H]3OC)C[C@H]2OC)OC(C)[C@H]1O[C@@H]1OC(CO)[C@@H](O[C@@H]2OC(CO)[C@@H](O)[C@H](O)C2O)[C@H](O)C1O	36;35;33;34	31;32;33;34;35;36;37;38;39;40;41;42	CO[C:1003](/[CH:1002]=[CH:1001]/c1ccccc1)=[O:1004]	COC(=O)/C=C/c1ccccc1	COC([O-])=CC(SC)c1ccccc1
Mol_00546	Mol_00546:atom36	ester	CO[C@@H]1C(O)[C@H](O[C@@H]2C(C)O[C@@H](O[C@@H]3C(C)O[C@@H](O[C@H]4CC[C@@]5(C)C(=CC[C@]6(O)C5C[C@@H](OC(=O)/C=C/c5ccccc5)[C@@]5(C)[C@]6(O)CC[C@@]5(O)C(C)=O)C4)C[C@H]3OC)C[C@H]2OC)OC(C)[C@H]1O[C@@H]1OC(CO)[C@@H](O)[C@H](O)C1O	36;35;33;34	31;32;33;34;35;36;37;38;39;40;41;42	CO[C:1003](/[CH:1002]=[CH:1001]/c1ccccc1)=[O:1004]	COC(=O)/C=C/c1ccccc1	COC([O-])=CC(SC)c1ccccc1
Mol_00547	Mol_00547:atom23	ester	CO[C@@H]1C[C@H](O[C@H]2CC[C@@]3(C)C(=CC[C@]4(O)C3C[C@@H](OC(=O)/C=C/c3ccccc3)[C@@]3(C)[C@]4(O)CC[C@@]3(O)C(C)=O)C2)OC(C)[C@H]1O[C@H]1C[C@@H](OC)[C@H](O[C@H]2C[C@@H](OC)[C@H](O[C@@H]3OC(CO)[C@@H](O[C@@H]4OC(CO)[C@@H](O)[C@H](O)C4O)[C@H](O)C3O)C(C)O2)C(C)O1	23;22;20;21	18;19;20;21;22;23;24;25;26;27;28;29	CO[C:1003](/[CH:1002]=[CH:1001]/c1ccccc1)=[O:1004]	COC(=O)/C=C/c1ccccc1	COC([O-])=CC(SC)c1ccccc1
Mol_00551	Mol_00551:atom1	ester	C/C=C(\C)C(=O)O[C@@H]1C[C@@H]2[C@@]3(C)CC[C@H](O[C@H]4C[C@@H](OC)[C@H](O[C@H]5C[C@@H](OC)[C@H](O[C@@H]6OC(C)[C@@H](O[C@@H]7OC(CO)[C@@H](O)[C@H](O)C7O)[C@H](OC)C6O)C(C)O5)C(C)O4)CC3=CC[C@@]2(O)[C@@]2(O)CC[C@H]([C@@H](C)OC(C)=O)[C@@]12C	1;2;4;5	0;1;2;3;4;5;6;7	CO[C:1003](/[C:1002](C)=[CH:1001]/C)=[O:1004]	C/C=C(\C)C(=O)OC	COC([O-])=C(C)C(C)SC
Mol_00552	Mol_00552:atom19	ester	C[C@@H]1C[C@H](O)[C@]2(O)O[C@@H]3C[C@]4(C=O)C5CC[C@]6(C)[C@@H](C7=CC(=O)OC7)C[C@@H](O)[C@]6(O)C5CC[C@H]4C[C@H]3O[C@@H]2O1	19;20;21;22	16;18;19;20;21;22;23;24;25	CC(C)[C:1001]1=[CH:1002][C:1003](=[O:1004])OC1	CC(C)C1=CC(=O)OC1	CSC1(C(C)C)C=C([O-])OC1
Mol_00556	Mol_00556:atom12	enone	CC(=O)[C@@H]1CC[C@]2(O)C3C(=O)C=C4C[C@@H](O[C@]5(O)OC(CO)[C@@H](O)C(O)[C@@H]5O)CCC4(C)C3CCC12C	12;11;9;10	6;8;9;10;11;12;13;14;29;30;31;32	CC[C:1001]1=[CH:1002][C:1003](=[O:1004])C(C)CC1(C)C	CCC1=CC(=O)C(C)CC1(C)C	CCC1(SC)C=C([O-])C(C)CC1(C)C
Mol_00658	Mol_00658:atom44	ester	C[C@H]1OC(OC(=O)[C@]23CCC(C)(C)C[C@H]2C2=CCC4[C@@]5(C)CC[C@H](O[C@@H]6OC[C@H](O)C(O[C@@H]7OC(CO)[C@@H](O)C(OC(=O)/C=C/c8ccc(O)cc8)[C@@H]7O)[C@@H]6O[C@@H]6OC(CO)[C@@H](O)C(O)[C@@H]6O)C(C)(C)C5CC[C@@]4(C)[C@]2(C)C[C@H]3O)([C@]2(O)C(CO)O[C@@](O)(OCC3O[C@H](O)[C@@H](O)C(O)[C@H]3O)[C@@H](O)C2O)[C@@H](O)[C@@H](O)[C@@H]1O	44;43;41;42	39;40;41;42;43;44;45;46;47;48;50;51	CO[C:1003](/[CH:1002]=[CH:1001]/c1ccccc1)=[O:1004]	COC(=O)/C=C/c1ccccc1	COC([O-])=CC(SC)c1ccccc1
Mol_00659	Mol_00659:atom44	ester	C[C@H]1OC(OC(=O)[C@]23CCC(C)(C)C[C@H]2C2=CCC4[C@@]5(C)CC[C@H](O[C@@H]6OC[C@H](O)C(O[C@@H]7OC(CO)[C@@H](O)C(OC(=O)/C=C\c8ccc(O)cc8)[C@@H]7O)[C@@H]6O[C@@H]6OC(CO)[C@@H](O)C(O)[C@@H]6O)C(C)(C)C5CC[C@@]4(C)[C@]2(C)C[C@H]3O)([C@]2(O)C(CO)O[C@@](O)(OCC3O[C@H](O)[C@@H](O)C(O)[C@H]3O)[C@@H](O)C2O)[C@@H](O)[C@@H](O)[C@@H]1O	44;43;41;42	39;40;41;42;43;44;45;46;47;48;50;51	CO[C:1003](/[CH:1002]=[CH:1001]\c1ccccc1)=[O:1004]	COC(=O)/C=C\c1ccccc1	COC([O-])=CC(SC)c1ccccc1
Mol_00740	Mol_00740:atom15	enone	CC[C@H](CC[C@@H](C)[C@H]1CC[C@H]2[C@@H]3C[C@@H](O)C4=CC(=O)CC[C@]4(C)[C@H]3CC[C@]12C)C(C)C	15;16;17;18	12;13;14;15;16;17;18;19;20;21;22;23	C[C@@H](O)[C:1001]1=[CH:1002][C:1003](=[O:1004])CCC1(C)C	C[C@@H](O)C1=CC(=O)CCC1(C)C	CSC1([C@@H](C)O)C=C([O-])CCC1(C)C
Mol_00741	Mol_00741:atom8	ester	C/C(=C\COC(=O)/C=C(\C)CCCC(C)CCCC(C)CCCC(C)C)CCCC(C)CCCC(C)CCCC(C)C	8;7;5;6	3;4;5;6;7;8;9;10;11	CC/[C:1001](C)=[CH:1002]/[C:1003](OC)=[O:1004]	CC/C(C)=C/C(=O)OC	CCC(C)(C=C([O-])OC)SC
Mol_00747	Mol_00747:atom17	enone	CC(C)CCC[C@@H](C)[C@H]1CC[C@H]2[C@@H]3CC(=O)C4=C[C@@H](CCO)CC[C@]4(C)[C@H]3CC[C@]12C	17;16;14;15	12;13;14;15;16;17;18;19;22;23;24;25;26	C[C@H]1CC[C@]2(C)CCC[C:1003](=[O:1004])[C:1002]2=[CH:1001]1	C[C@@H]1C=C2C(=O)CCC[C@@]2(C)CC1	CSC1C2=C([O-])CCC[C@@]2(C)CC[C@@H]1C
Mol_00757	Mol_00757:atom24	ester	CC1O[C@@H](OC2[C@H](OC(=O)Cc3ccc(O)cc3)C(COC(=O)/C=C/c3ccc(O)c(O)c3)O[C@@H](OCCc3ccc(O)c(O)c3)[C@H]2O)[C@@H](O)C(O)[C@@H]1O	24;23;21;22	19;20;21;22;23;24;25;26;27;28;30;32	CO[C:1003](/[CH:1002]=[CH:1001]/c1ccccc1)=[O:1004]	COC(=O)/C=C/c1ccccc1	COC([O-])=CC(SC)c1ccccc1
Mol_00758	Mol_00758:atom22	ester	CC1O[C@@H](OC2[C@H](OC(=O)C3CCCNC3)C(COC(=O)/C=C/c3ccc(O)c(O)c3)O[C@@H](OCCc3ccc(O)c(O)c3)[C@H]2O)[C@@H](O)C(O)[C@@H]1O	22;21;19;20	17;18;19;20;21;22;23;24;25;26;28;30	CO[C:1003](/[CH:1002]=[CH:1001]/c1ccccc1)=[O:1004]	COC(=O)/C=C/c1ccccc1	COC([O-])=CC(SC)c1ccccc1
Mol_00773	Mol_00773:atom38	ester	CC(=O)OC[C@H]1O[C@@H](OCCc2ccc(O)c(O)c2)[C@H](O)[C@@H](O[C@@H]2O[C@@H](C)[C@H](O)[C@@H](O)[C@H]2O)[C@@H]1OC(=O)/C=C/c1ccc(O)c(O)c1	38;37;35;36	33;34;35;36;37;38;39;40;41;42;44;46	CO[C:1003](/[CH:1002]=[CH:1001]/c1ccccc1)=[O:1004]	COC(=O)/C=C/c1ccccc1	COC([O-])=CC(SC)c1ccccc1
Mol_00774	Mol_00774:atom40	ester	C[C@@H]1O[C@@H](O[C@@H]2[C@@H](O[C@@H]3O[C@H](CO)[C@@H](O)[C@H](O)[C@H]3O)[C@H](OCCc3ccc(O)c(O)c3)O[C@H](CO)[C@H]2OC(=O)/C=C/c2ccc(O)c(O)c2)[C@H](O)[C@H](O)[C@H]1O	40;39;37;38	35;36;37;38;39;40;41;42;43;44;46;48	CO[C:1003](/[CH:1002]=[CH:1001]/c1ccccc1)=[O:1004]	COC(=O)/C=C/c1ccccc1	COC([O-])=CC(SC)c1ccccc1
Mol_00776	Mol_00776:atom49	ester	CC(=O)OCC1O[C@@H](OCCc2ccc(O)c(O)c2)[C@@H](O[C@@H]2OC(CO)[C@@H](O)C(O)[C@@H]2O)C(O[C@@H]2OC(C)[C@@H](O)C(O)[C@@H]2O)[C@@H]1OC(=O)/C=C/c1ccc(O)c(O)c1	49;48;46;47	44;45;46;47;48;49;50;51;52;53;55;57	CO[C:1003](/[CH:1002]=[CH:1001]/c1ccccc1)=[O:1004]	COC(=O)/C=C/c1ccccc1	COC([O-])=CC(SC)c1ccccc1
Mol_00778	Mol_00778:atom47	ester	CC(=O)OC[C@H]1O[C@@H](OCCc2ccc(O)c(O)c2)[C@H](O[C@@H]2OC[C@](O)(CO)[C@@H]2O)[C@@H](O[C@@H]2O[C@@H](C)[C@H](O)[C@@H](O)[C@H]2O)[C@@H]1OC(=O)/C=C/c1ccc(O)c(O)c1	47;46;44;45	42;43;44;45;46;47;48;49;50;51;53;55	CO[C:1003](/[CH:1002]=[CH:1001]/c1ccccc1)=[O:1004]	COC(=O)/C=C/c1ccccc1	COC([O-])=CC(SC)c1ccccc1
Mol_00781	Mol_00781:atom14	ester	C[C@@H]1O[C@@H](O[C@H]2[C@H](O)[C@@H](COC(=O)/C=C/c3ccc(O)c(O)c3)O[C@@H](OCCc3ccc(O)c(O)c3)[C@@H]2O[C@@H]2OC[C@](O)(CO)[C@@H]2O)[C@H](O)[C@H](O)[C@H]1O	14;13;11;12	9;10;11;12;13;14;15;16;17;18;20;22	CO[C:1003](/[CH:1002]=[CH:1001]/c1ccccc1)=[O:1004]	COC(=O)/C=C/c1ccccc1	COC([O-])=CC(SC)c1ccccc1
Mol_00784	Mol_00784:atom7	ester	O=C1OCC[C@@H]2C1=C(CO)[C@@H](O)[C@H]2O	7;6;1;0	0;1;2;3;4;5;6;7;8;9;10;11;12	OC[C:1001]1=[C:1002]2[C@@H](CCO[C:1003]2=[O:1004])C[C@@H]1O	O=C1OCC[C@H]2C[C@H](O)C(CO)=C12	CSC1(CO)C2=C([O-])OCC[C@H]2C[C@@H]1O
Mol_00793	Mol_00793:atom3	ester	O=C(/C=C/c1ccc(O)c(O)c1)O[C@@H]1C2C=CO[C@H](O[C@@H]3O[C@H](CO)[C@@H](O)[C@H](O)[C@H]3O)C2[C@]2(CO)O[C@H]12	3;2;1;0	0;1;2;3;4;5;6;7;9;11;12;13	CO[C:1003](/[CH:1002]=[CH:1001]/c1ccccc1)=[O:1004]	COC(=O)/C=C/c1ccccc1	COC([O-])=CC(SC)c1ccccc1
Mol_00794	Mol_00794:atom9	ester	C[C@]1(O)C[C@@H](OC(=O)/C=C/c2ccc(O)cc2)[C@@H]2C=CO[C@@H](O[C@@H]3O[C@H](CO)[C@@H](O)[C@H](O)[C@H]3O)[C@@H]21	9;8;6;7	4;5;6;7;8;9;10;11;12;13;15;16	CO[C:1003](/[CH:1002]=[CH:1001]/c1ccccc1)=[O:1004]	COC(=O)/C=C/c1ccccc1	COC([O-])=CC(SC)c1ccccc1
Mol_00834	Mol_00834:atom17	ester	C/C=C1/[C@H](O[C@@H]2O[C@H](CO)[C@@H](O)[C@H](O)[C@H]2O)OC=C(C(=O)OC)[C@H]1CC(=O)OCCc1ccc(O)c(O)c1	17;18;19;20	2;3;16;17;18;19;20;21;22;23;24	CO[C:1003]([C:1002]1=[CH:1001]OCC[C@@H]1C)=[O:1004]	COC(=O)C1=COCC[C@@H]1C	COC([O-])=C1C(SC)OCC[C@@H]1C
Mol_00843	Mol_00843:atom1	ester	C/C=C(/C)C(=O)O[C@@H]1CCN2CC=C(COC(=O)[C@@](O)([C@H](C)O)C(C)(C)O)[C@H]12	1;2;4;5	0;1;2;3;4;5;6;7	CO[C:1003](/[C:1002](C)=[CH:1001]\C)=[O:1004]	C/C=C(/C)C(=O)OC	COC([O-])=C(C)C(C)SC
Mol_00844	Mol_00844:atom1	ester	C/C=C(\C)C(=O)O[C@@H]1CCN2CC=C(COC(=O)[C@@](O)([C@H](C)OC(C)=O)C(C)(C)O)[C@H]12	1;2;4;5	0;1;2;3;4;5;6;7	CO[C:1003](/[C:1002](C)=[CH:1001]/C)=[O:1004]	C/C=C(\C)C(=O)OC	COC([O-])=C(C)C(C)SC
Mol_00846	Mol_00846:atom1	ester	C/C=C(/C)C(=O)OCC1=CCN2CC(O)CC12	1;2;4;5	0;1;2;3;4;5;6;7	CO[C:1003](/[C:1002](C)=[CH:1001]\C)=[O:1004]	C/C=C(/C)C(=O)OC	COC([O-])=C(C)C(C)SC
Mol_00847	Mol_00847:atom1	ester	C/C=C(/C)C(=O)OCC1=CCN2CC[C@@H](O)[C@@H]12	1;2;4;5	0;1;2;3;4;5;6;7	CO[C:1003](/[C:1002](C)=[CH:1001]\C)=[O:1004]	C/C=C(/C)C(=O)OC	COC([O-])=C(C)C(C)SC
Mol_00849	Mol_00849:atom1	ester	CC(C)=CC(=O)OCC1=CCN2CC[C@@H](O)[C@@H]12	1;3;4;5	0;1;2;3;4;5;6;7	CO[C:1003]([CH:1002]=[C:1001](C)C)=[O:1004]	COC(=O)C=C(C)C	COC([O-])=CC(C)(C)SC
Mol_00850	Mol_00850:atom1	ester	C/C=C(\C)C(=O)OC1CC2C(CO)=CCN2C1	1;2;4;5	0;1;2;3;4;5;6;7	CO[C:1003](/[C:1002](C)=[CH:1001]/C)=[O:1004]	C/C=C(\C)C(=O)OC	COC([O-])=C(C)C(C)SC
Mol_00851	Mol_00851:atom1	ester	CC(C)=CC(=O)O[C@@H]1CCN2CC=C(COC(=O)[C@@](O)([C@H](C)O)C(C)(C)O)[C@H]12	1;3;4;5	0;1;2;3;4;5;6;7	CO[C:1003]([CH:1002]=[C:1001](C)C)=[O:1004]	COC(=O)C=C(C)C	COC([O-])=CC(C)(C)SC
Mol_00853	Mol_00853:atom1	ester	C/C(=C\C(=O)O[C@@H]1CCN2CC=C(COC(=O)[C@](O)(C(C)C)[C@H](C)O)[C@H]12)CO	1;2;3;4	0;1;2;3;4;5;6;26;27	CO[C:1003](/[CH:1002]=[C:1001](\C)CO)=[O:1004]	COC(=O)/C=C(\C)CO	COC([O-])=CC(C)(CO)SC
Mol_00859	Mol_00859:atom1	ester	CC(C)=CC(=O)O[C@@H]1CCN2CC=C(CO)[C@H]12	1;3;4;5	0;1;2;3;4;5;6;7	CO[C:1003]([CH:1002]=[C:1001](C)C)=[O:1004]	COC(=O)C=C(C)C	COC([O-])=CC(C)(C)SC
Mol_00864	Mol_00864:atom1	ester	CC(C)=CC(=O)O[C@@H](C)[C@@](O)(C(=O)OCC1=CCN2CC[C@@H](O)[C@@H]12)C(C)C	1;3;4;5	0;1;2;3;4;5;6;7	CO[C:1003]([CH:1002]=[C:1001](C)C)=[O:1004]	COC(=O)C=C(C)C	COC([O-])=CC(C)(C)SC
Mol_00873	Mol_00873:atom1	ester	C/C=C(\C)C(=O)O[C@H]1CCN2CC=C(CO)C12	1;2;4;5	0;1;2;3;4;5;6;7	CO[C:1003](/[C:1002](C)=[CH:1001]/C)=[O:1004]	C/C=C(\C)C(=O)OC	COC([O-])=C(C)C(C)SC
Mol_00877	Mol_00877:atom1	ester	C/C=C(/C)C(=O)O[C@@H]1CCN2CC=C(COC(=O)[C@](O)(C(C)C)[C@H](C)O)C12	1;2;4;5	0;1;2;3;4;5;6;7	CO[C:1003](/[C:1002](C)=[CH:1001]\C)=[O:1004]	C/C=C(/C)C(=O)OC	COC([O-])=C(C)C(C)SC
Mol_00878	Mol_00878:atom1	ester	CC(C)=CC(=O)O[C@@H]1CCN2CC=C(COC(=O)[C@](O)(C(C)C)[C@H](C)O)C12	1;3;4;5	0;1;2;3;4;5;6;7	CO[C:1003]([CH:1002]=[C:1001](C)C)=[O:1004]	COC(=O)C=C(C)C	COC([O-])=CC(C)(C)SC
Mol_00879	Mol_00879:atom1	ester	C/C=C(/C)C(=O)O[C@H]1CCN2CC=C(COC(=O)[C@](O)([C@H](C)O)C(C)(C)O)[C@H]12	1;2;4;5	0;1;2;3;4;5;6;7	CO[C:1003](/[C:1002](C)=[CH:1001]\C)=[O:1004]	C/C=C(/C)C(=O)OC	COC([O-])=C(C)C(C)SC
Mol_00882	Mol_00882:atom1	ester	CC(C)=CC(=O)O[C@H]1CCN2CC=C(CO)[C@H]12	1;3;4;5	0;1;2;3;4;5;6;7	CO[C:1003]([CH:1002]=[C:1001](C)C)=[O:1004]	COC(=O)C=C(C)C	COC([O-])=CC(C)(C)SC
Mol_00904	Mol_00904:atom1	ester	C/C=C(\C)C(=O)O[C@@H]1CCN2CC=C(CO)[C@H]12	1;2;4;5	0;1;2;3;4;5;6;7	CO[C:1003](/[C:1002](C)=[CH:1001]/C)=[O:1004]	C/C=C(\C)C(=O)OC	COC([O-])=C(C)C(C)SC
Mol_00907	Mol_00907:atom1	ester	C/C=C(\C)C(=O)OCC1=CCN2CC[C@@H](O)[C@@H]12	1;2;4;5	0;1;2;3;4;5;6;7	CO[C:1003](/[C:1002](C)=[CH:1001]/C)=[O:1004]	C/C=C(\C)C(=O)OC	COC([O-])=C(C)C(C)SC
Mol_00908	Mol_00908:atom0	ester	C=C(O)C(=O)OC[C@H]1CCN2CC[C@@H](OC(=O)/C(C)=C\C)C12	0;1;3;4	0;1;2;3;4;5;6	CO[C:1003]([C:1002](O)=[CH2:1001])=[O:1004]	C=C(O)C(=O)OC	COC([O-])=C(O)CSC
Mol_00908	Mol_00908:atom19	ester	C=C(O)C(=O)OC[C@H]1CCN2CC[C@@H](OC(=O)/C(C)=C\C)C12	19;17;15;16	13;14;15;16;17;18;19;20	CO[C:1003](/[C:1002](C)=[CH:1001]\C)=[O:1004]	C/C=C(/C)C(=O)OC	COC([O-])=C(C)C(C)SC
Mol_00909	Mol_00909:atom1	ester	C/C=C(\C)C(=O)O[C@@H]1CCN2CC=C(COC(=O)/C=C\O)[C@H]12	1;2;4;5	0;1;2;3;4;5;6;7	CO[C:1003](/[C:1002](C)=[CH:1001]/C)=[O:1004]	C/C=C(\C)C(=O)OC	COC([O-])=C(C)C(C)SC
Mol_00909	Mol_00909:atom19	ester	C/C=C(\C)C(=O)O[C@@H]1CCN2CC=C(COC(=O)/C=C\O)[C@H]12	19;18;16;17	14;15;16;17;18;19;20	CO[C:1003](/[CH:1002]=[CH:1001]\O)=[O:1004]	COC(=O)/C=C\O	COC([O-])=CC(O)SC
Mol_00910	Mol_00910:atom1	ester	C/C=C(/C)C(=O)O[C@@H]1CCN2CC[C@H](COC(=O)C(O)CO)C12	1;2;4;5	0;1;2;3;4;5;6;7	CO[C:1003](/[C:1002](C)=[CH:1001]\C)=[O:1004]	C/C=C(/C)C(=O)OC	COC([O-])=C(C)C(C)SC
Mol_00911	Mol_00911:atom1	ester	C/C=C(\C)C(=O)O[C@@H]1CCN2CC[C@H](COC(=O)C(O)CO)C12	1;2;4;5	0;1;2;3;4;5;6;7	CO[C:1003](/[C:1002](C)=[CH:1001]/C)=[O:1004]	C/C=C(\C)C(=O)OC	COC([O-])=C(C)C(C)SC
Mol_00912	Mol_00912:atom1	ester	C/C=C(/C)C(=O)O[C@@H]1CCN2CC=C(COC(=O)/C(=C\C)CO)[C@H]12	1;2;4;5	0;1;2;3;4;5;6;7	CO[C:1003](/[C:1002](C)=[CH:1001]\C)=[O:1004]	C/C=C(/C)C(=O)OC	COC([O-])=C(C)C(C)SC
Mol_00912	Mol_00912:atom19	ester	C/C=C(/C)C(=O)O[C@@H]1CCN2CC=C(COC(=O)/C(=C\C)CO)[C@H]12	19;18;16;17	14;15;16;17;18;19;20;21;22	CO[C:1003](/[C:1002](CO)=[CH:1001]\C)=[O:1004]	C/C=C(/CO)C(=O)OC	COC([O-])=C(CO)C(C)SC
Mol_00913	Mol_00913:atom1	ester	C/C=C(\C)C(=O)O[C@@H]1CCN2CC=C(COC(=O)/C(=C/C)CO)[C@@H]12	1;2;4;5	0;1;2;3;4;5;6;7	CO[C:1003](/[C:1002](C)=[CH:1001]/C)=[O:1004]	C/C=C(\C)C(=O)OC	COC([O-])=C(C)C(C)SC
Mol_00913	Mol_00913:atom19	ester	C/C=C(\C)C(=O)O[C@@H]1CCN2CC=C(COC(=O)/C(=C/C)CO)[C@@H]12	19;18;16;17	14;15;16;17;18;19;20;21;22	CO[C:1003](/[C:1002](CO)=[CH:1001]/C)=[O:1004]	C/C=C(\CO)C(=O)OC	COC([O-])=C(CO)C(C)SC
Mol_00914	Mol_00914:atom1	ester	C/C=C(/C)C(=O)O[C@@H]1CCN2CC=C(COC(=O)C(O)(CO)C(C)O)C12	1;2;4;5	0;1;2;3;4;5;6;7	CO[C:1003](/[C:1002](C)=[CH:1001]\C)=[O:1004]	C/C=C(/C)C(=O)OC	COC([O-])=C(C)C(C)SC
Mol_00915	Mol_00915:atom1	ester	C/C=C(\C)C(=O)O[C@@H]1CCN2CC=C(COC(=O)C(O)(CO)C(C)O)[C@@H]12	1;2;4;5	0;1;2;3;4;5;6;7	CO[C:1003](/[C:1002](C)=[CH:1001]/C)=[O:1004]	C/C=C(\C)C(=O)OC	COC([O-])=C(C)C(C)SC
Mol_00943	Mol_00943:atom4	enone	C=C[C@]1(C)C=C2C(=O)[C@@]3(O)OC(=O)[C@@]4(CCCC(C)(C)[C@H]34)[C@@]2(O)CC1	4;5;6;7	1;2;3;4;5;6;7;8;9;10;13;20;21;22;23;24	CC1(C)CC[C@]2(O)CCC(O)(O)[C:1003](=[O:1004])[C:1002]2=[CH:1001]1	CC1(C)C=C2C(=O)C(O)(O)CC[C@@]2(O)CC1	CSC1C2=C([O-])C(O)(O)CC[C@@]2(O)CCC1(C)C
Mol_00944	Mol_00944:atom4	enone	C=C[C@]1(C)C=C2C(=O)C[C@H]3C(C)(C)CCC[C@]3(C(=O)O)[C@@]2(O)CC1	4;5;6;7	1;2;3;4;5;6;7;8;9;16;20;21;22;23	CC1(C)CC[C@]2(O)CCC[C:1003](=[O:1004])[C:1002]2=[CH:1001]1	CC1(C)C=C2C(=O)CCC[C@@]2(O)CC1	CSC1C2=C([O-])CCC[C@@]2(O)CCC1(C)C
Mol_00945	Mol_00945:atom2	enone	CC1=C[C@H](O)[C@H]2O[C@H]2C1=O	2;1;8;9	0;1;2;3;4;5;6;7;8;9	C[C:1002]1=[CH:1001][C@H](O)[C@H]2O[C@H]2[C:1003]1=[O:1004]	CC1=C[C@H](O)[C@H]2O[C@H]2C1=O	CSC1C(C)=C([O-])[C@@H]2O[C@@H]2[C@H]1O
Mol_00968	Mol_00968:atom12	enone	C[C@H]1[C@H](C)CC[C@]2(C)CC[C@]3(C)C(=CC(=O)C4[C@@]5(C)CC[C@H](O)C(C)(C)C5CC[C@]43C)[C@H]12	12;13;14;15	1;6;9;10;11;12;13;14;15;16;17;29;31	CC(C)[C:1001]1=[CH:1002][C:1003](=[O:1004])C(C)CC1(C)C	CC(C)C1=CC(=O)C(C)CC1(C)C	CSC1(C(C)C)C=C([O-])C(C)CC1(C)C
Mol_00969	Mol_00969:atom13	enone	CC(=O)O[C@H]1CC[C@]2(C)[C@H]3C(=O)C=C4[C@H]5[C@H](C)[C@H](C)CC[C@]5(C)CC[C@@]4(C)[C@]3(C)CC[C@H]2C1(C)C	13;12;10;11	7;9;10;11;12;13;14;15;21;24;25;26;27	CC(C)[C:1001]1=[CH:1002][C:1003](=[O:1004])[C@H](C)CC1(C)C	CC(C)C1=CC(=O)[C@H](C)CC1(C)C	CSC1(C(C)C)C=C([O-])[C@H](C)CC1(C)C
Mol_00978	Mol_00978:atom11	enone	CC1(C)C2CC[C@]3(C)C(CCC4=CC(=O)C[C@]43C)[C@@]2(C)CC[C@@H]1O	11;12;13;14	6;9;10;11;12;13;14;15;16;17	CC[C:1001]1=[CH:1002][C:1003](=[O:1004])CC1(C)C	CCC1=CC(=O)CC1(C)C	CCC1(SC)C=C([O-])CC1(C)C
Mol_01002	Mol_01002:atom26	enone	C=Cc1c(C)c2cc3nc(c4c5nc(cc6[nH]c(cc1[nH]2)c(C)c6CC)C(C)=C5C(=O)[C@@H]4C(=O)OC)[C@@H](CCC(=O)O)[C@@H]3C	26;28;29;30	2;3;5;6;7;8;9;10;11;12;13;14;15;16;17;18;19;20;21;23;26;27;28;29;30;31;32	C[C@@H]1c2cnccc3ccc(cc4ccc(cc5nc2[C:1002](=[C:1001]5C)[C:1003]1=[O:1004])[nH]4)[nH]3	CC1=C2C(=O)[C@H](C)c3cnccc4ccc(cc5ccc(cc1nc32)[nH]5)[nH]4	CSC1(C)C2=C([O-])[C@H](C)c3cnccc4ccc(cc5ccc(cc1nc32)[nH]5)[nH]4
Mol_01003	Mol_01003:atom26	enone	C=Cc1c(C)c2cc3nc(c4c5nc(cc6[nH]c(cc1[nH]2)c(C)c6CC)C(C)=C5C(=O)C4)[C@@H](CCC(=O)O)[C@@H]3C	26;28;29;30	2;3;5;6;7;8;9;10;11;12;13;14;15;16;17;18;19;20;21;23;26;27;28;29;30;31	C[C:1001]1=[C:1002]2c3nc1cc1ccc(cc4ccc(ccncc3C[C:1003]2=[O:1004])[nH]4)[nH]1	CC1=C2C(=O)Cc3cnccc4ccc(cc5ccc(cc1nc32)[nH]5)[nH]4	CSC1(C)C2=C([O-])Cc3cnccc4ccc(cc5ccc(cc1nc32)[nH]5)[nH]4
Mol_01013	Mol_01013:atom2	enone	CC1=C(CC[C@H]2[C@]3(C)CC[C@H](O)C(C)(C)O[C@H]3CC[C@]2(C)O)[C@@H]2[C@H](CC1=O)[C@@](C)(O)CCC2(C)C	2;1;25;26	0;1;2;3;4;22;23;24;25;26;32	CC[C:1001]1=[C:1002](C)[C:1003](=[O:1004])CC[C@@H]1C	CCC1=C(C)C(=O)CC[C@@H]1C	CCC1(SC)C(C)=C([O-])CC[C@@H]1C
Mol_01037	Mol_01037:atom26	enal	CC1(C)C(CC[C@@H]2[C@@]3(C)CC[C@@H](O)C(C)(C)O[C@@H]3CC[C@]2(C)O)C(C=O)=CCC2C1CC[C@@]2(C)O	26;23;24;25	1;3;4;23;24;25;26;27;28	CC[CH:1001]=[C:1002](C(C)C)[CH:1003]=[O:1004]	CCC=C(C=O)C(C)C	CCC(SC)C(=C[O-])C(C)C
Mol_01039	Mol_01039:atom17	enal	CC1(C)O[C@@H]2CC[C@](C)(O)[C@H](CCC3C(C=O)=CCC4C(CC[C@@]4(C)O)C3(C)C)[C@@]2(C)CCC1=O	17;14;15;16	12;13;14;15;16;17;18;19;26	CC[CH:1001]=[C:1002](C(C)C)[CH:1003]=[O:1004]	CCC=C(C=O)C(C)C	CCC(SC)C(=C[O-])C(C)C
Mol_01091	Mol_01091:atom6	enone	CC1(C)C(=O)C=C[C@@]2(C)C1CC[C@]1(C)C2CCC2C([C@]3(C)C=CC(=O)O3)CC[C@]21C	6;5;3;4	0;1;2;3;4;5;6;7;8;9;14	CC1(C)CC(C)(C)[C:1003](=[O:1004])[CH:1002]=[CH:1001]1	CC1(C)C=CC(=O)C(C)(C)C1	CSC1C=C([O-])C(C)(C)CC1(C)C
Mol_01091	Mol_01091:atom21	ester	CC1(C)C(=O)C=C[C@@]2(C)C1CC[C@]1(C)C2CCC2C([C@]3(C)C=CC(=O)O3)CC[C@]21C	21;22;23;24	18;19;20;21;22;23;24;25	CC1(C)O[C:1003](=[O:1004])[CH:1002]=[CH:1001]1	CC1(C)C=CC(=O)O1	CSC1C=C([O-])OC1(C)C
Mol_01092	Mol_01092:atom6	enone	CC1(C)C(=O)C=C[C@@]2(C)C1CC[C@]1(C)C2CCC2C([C@]3(C)CCC(=O)O3)CC[C@]21C	6;5;3;4	0;1;2;3;4;5;6;7;8;9;14	CC1(C)CC(C)(C)[C:1003](=[O:1004])[CH:1002]=[CH:1001]1	CC1(C)C=CC(=O)C(C)(C)C1	CSC1C=C([O-])C(C)(C)CC1(C)C
Mol_01093	Mol_01093:atom9	enone	CC(=O)O[C@@H]1CC2[C@@]3(C)C=CC(=O)C(C)(C)C3CC[C@@]2(C)[C@]2(C)CCC([C@]3(C)C=CC(=O)O3)C12	9;10;11;12	6;7;8;9;10;11;12;13;14;15;16	CC1(C)CC(C)(C)[C:1003](=[O:1004])[CH:1002]=[CH:1001]1	CC1(C)C=CC(=O)C(C)(C)C1	CSC1C=C([O-])C(C)(C)CC1(C)C
Mol_01093	Mol_01093:atom28	ester	CC(=O)O[C@@H]1CC2[C@@]3(C)C=CC(=O)C(C)(C)C3CC[C@@]2(C)[C@]2(C)CCC([C@]3(C)C=CC(=O)O3)C12	28;29;30;31	25;26;27;28;29;30;31;32	CC1(C)O[C:1003](=[O:1004])[CH:1002]=[CH:1001]1	CC1(C)C=CC(=O)O1	CSC1C=C([O-])OC1(C)C
Mol_01094	Mol_01094:atom9	enone	CC(=O)O[C@@H]1CC2[C@@]3(C)C=CC(=O)C(C)(C)C3CC[C@@]2(C)[C@]2(C)CCC([C@]3(C)CCC(=O)O3)C12	9;10;11;12	6;7;8;9;10;11;12;13;14;15;16	CC1(C)CC(C)(C)[C:1003](=[O:1004])[CH:1002]=[CH:1001]1	CC1(C)C=CC(=O)C(C)(C)C1	CSC1C=C([O-])C(C)(C)CC1(C)C
Mol_01188	Mol_01188:atom9	ester	CC(=O)O[C@H]1C[C@H]([C@]2(C)C=CC(=O)O2)[C@H]2C[C@@H](OC(C)=O)[C@@H]3[C@@]4(C)[C@H](OC(C)=O)CC(=O)OC(C)(C)[C@@H]4CC[C@@]3(C)[C@]12C	9;10;11;12	6;7;8;9;10;11;12;13	CC1(C)O[C:1003](=[O:1004])[CH:1002]=[CH:1001]1	CC1(C)C=CC(=O)O1	CSC1C=C([O-])OC1(C)C
Mol_01201	Mol_01201:atom5	ester	COc1cc(/C=C/C(=O)O[C@@H]2C(O)[C@H](OCC3O[C@@H](Oc4c(-c5ccc(O)c(OC)c5)oc5cc(O)cc(O)c5c4=O)C(O)C(O)[C@H]3O)OC(C)[C@@H]2O)ccc1O	5;6;7;8	2;3;4;5;6;7;8;9;10;53;54;55	CO[C:1003](/[CH:1002]=[CH:1001]/c1ccccc1)=[O:1004]	COC(=O)/C=C/c1ccccc1	COC([O-])=CC(SC)c1ccccc1
Mol_01204	Mol_01204:atom35	enone	COC(=O)[C@@H]1C(O[C@H]2[C@H](O)C[C@]3(C)[C@H]4CC[C@@]5(C)[C@@H]6[C@@H](O)[C@@H](O)[C@H]([C@@H](C)C(=O)O)[C@@]6(C)CC[C@]5(C)C4=CC(=O)[C@H]3C2(C)C)OC[C@H](OC2O[C@H](CO)[C@@H](O)[C@H](O)[C@H]2O)[C@H]1O	35;36;37;38	11;13;14;16;32;33;34;35;36;37;38;39;40	C[C@@H]1C[C@H](C)[C:1003](=[O:1004])[CH:1002]=[C:1001]1C(C)(C)C	C[C@@H]1C[C@H](C)C(=O)C=C1C(C)(C)C	CSC1(C(C)(C)C)C=C([O-])[C@@H](C)C[C@H]1C
Mol_01241	Mol_01241:atom18	enone	COC(=O)[C@]1(C)CC[C@]2(C)CC[C@]3(C)C4=CC=C5C(=CC(=O)C(O)=C5C)[C@]4(C)CC[C@@]3(C)[C@@H]2C1	18;19;20;21	14;16;17;18;19;20;21;22;23;24;26;27;28	C=C1C=C(O)[C:1003](=[O:1004])[CH:1002]=[C:1001]1C(C)(C)C	C=C1C=C(O)C(=O)C=C1C(C)(C)C	C=C1C=C(O)C([O-])=CC1(SC)C(C)(C)C
Mol_01241	Mol_01241:atom24	enone	COC(=O)[C@]1(C)CC[C@]2(C)CC[C@]3(C)C4=CC=C5C(=CC(=O)C(O)=C5C)[C@]4(C)CC[C@@]3(C)[C@@H]2C1	24;22;20;21	16;17;18;19;20;21;22;23;24;25	C=C1C=C[C:1003](=[O:1004])[C:1002](O)=[C:1001]1C	C=C1C=CC(=O)C(O)=C1C	C=C1C=CC([O-])=C(O)C1(C)SC
Mol_01253	Mol_01253:atom11	enone	CC[C@H](C)/C=C(C)/C=C/C1=CC2=C(Cl)C(=O)[C@](C)(OC(C)=O)C(=O)C2=CO1	11;12;14;15	9;10;11;12;13;14;15;16;17;18;22;24;25	C=C[C:1001]1=[C:1002](Cl)[C:1003](=[O:1004])[C@](C)(O)CC1=C	C=CC1=C(Cl)C(=O)[C@](C)(O)CC1=C	C=CC1(SC)C(=C)C[C@@](C)(O)C([O-])=C1Cl
Mol_01253	Mol_01253:atom25	enone	CC[C@H](C)/C=C(C)/C=C/C1=CC2=C(Cl)C(=O)[C@](C)(OC(C)=O)C(=O)C2=CO1	25;24;22;23	9;10;11;12;14;16;17;18;22;23;24;25;26	C[C@]1(O)CC=C2C=CO[CH:1001]=[C:1002]2[C:1003]1=[O:1004]	C[C@]1(O)CC=C2C=COC=C2C1=O	CSC1OC=CC2=CC[C@](C)(O)C([O-])=C21
Mol_01254	Mol_01254:atom11	enone	CC[C@H](C)/C=C(C)/C=C/C1=CC2=C(Cl)C(=O)[C@](C)(OC(C)=O)C(=O)C2=CN1	11;12;14;15	9;10;11;12;13;14;15;16;17;18;22;24;25	C=C[C:1001]1=[C:1002](Cl)[C:1003](=[O:1004])[C@](C)(O)CC1=C	C=CC1=C(Cl)C(=O)[C@](C)(O)CC1=C	C=CC1(SC)C(=C)C[C@@](C)(O)C([O-])=C1Cl
Mol_01254	Mol_01254:atom25	enone	CC[C@H](C)/C=C(C)/C=C/C1=CC2=C(Cl)C(=O)[C@](C)(OC(C)=O)C(=O)C2=CN1	25;24;22;23	9;10;11;12;14;16;17;18;22;23;24;25;26	C[C@]1(O)CC=C2C=CN[CH:1001]=[C:1002]2[C:1003]1=[O:1004]	C[C@]1(O)CC=C2C=CNC=C2C1=O	CSC1NC=CC2=CC[C@](C)(O)C([O-])=C21
Mol_01255	Mol_01255:atom11	enone	CC[C@H](C)/C=C(C)/C=C/C1=CC2=C(Cl)C(=O)[C@](C)(OC(C)=O)C(=O)C2=CN1CCO	11;12;14;15	9;10;11;12;13;14;15;16;17;18;22;24;25	C=C[C:1001]1=[C:1002](Cl)[C:1003](=[O:1004])[C@](C)(O)CC1=C	C=CC1=C(Cl)C(=O)[C@](C)(O)CC1=C	C=CC1(SC)C(=C)C[C@@](C)(O)C([O-])=C1Cl
Mol_01255	Mol_01255:atom25	enone	CC[C@H](C)/C=C(C)/C=C/C1=CC2=C(Cl)C(=O)[C@](C)(OC(C)=O)C(=O)C2=CN1CCO	25;24;22;23	9;10;11;12;14;16;17;18;22;23;24;25;26;27	CN1C=CC2=CC[C@](C)(O)[C:1003](=[O:1004])[C:1002]2=[CH:1001]1	CN1C=CC2=CC[C@](C)(O)C(=O)C2=C1	CSC1C2=C([O-])[C@@](C)(O)CC=C2C=CN1C
Mol_01256	Mol_01256:atom11	enone	CCC(C)/C=C(C)/C=C/C1=CC2=C(Cl)C(=O)C(C)(OC(C)=O)C(=O)C2(O)CO1	11;12;14;15	9;10;11;12;13;14;15;16;17;18;22;24;25;26	C=C[C:1001]1=[C:1002](Cl)[C:1003](=[O:1004])C(C)(O)CC1(C)O	C=CC1=C(Cl)C(=O)C(C)(O)CC1(C)O	C=CC1(SC)C(Cl)=C([O-])C(C)(O)CC1(C)O
Mol_01258	Mol_01258:atom11	enone	CC[C@H](C)/C=C(C)/C=C/C1=CC2=C(Cl)C(=O)[C@](C)(O)C(=O)C2=CO1	11;12;14;15	9;10;11;12;13;14;15;16;17;18;19;21;22	C=C[C:1001]1=[C:1002](Cl)[C:1003](=[O:1004])[C@](C)(O)CC1=C	C=CC1=C(Cl)C(=O)[C@](C)(O)CC1=C	C=CC1(SC)C(=C)C[C@@](C)(O)C([O-])=C1Cl
Mol_01258	Mol_01258:atom22	enone	CC[C@H](C)/C=C(C)/C=C/C1=CC2=C(Cl)C(=O)[C@](C)(O)C(=O)C2=CO1	22;21;19;20	9;10;11;12;14;16;17;18;19;20;21;22;23	C[C@]1(O)CC=C2C=CO[CH:1001]=[C:1002]2[C:1003]1=[O:1004]	C[C@]1(O)CC=C2C=COC=C2C1=O	CSC1OC=CC2=CC[C@](C)(O)C([O-])=C21
Mol_01263	Mol_01263:atom4	enone	CC(=O)/C=C/[C@@]12O[C@]1(C)C[C@@H](O)[C@H](OC1O[C@@H](CO)[C@H](O)[C@@H](O)[C@@H]1O)C2(C)C	4;3;1;2	0;1;2;3;4;5;6;7;25	C[C@@]1(/[CH:1001]=[CH:1002]/[C:1003](C)=[O:1004])CO1	CC(=O)/C=C/[C@]1(C)CO1	CSC(C=C(C)[O-])[C@]1(C)CO1
Mol_01302	Mol_01302:atom9	ester	CC(=O)CC1OC(=O)C=C1C(C)C	9;8;6;7	3;4;5;6;7;8;9;10;11;12	CC(C)[C:1001]1=[CH:1002][C:1003](=[O:1004])OC1C	CC(C)C1=CC(=O)OC1C	CSC1(C(C)C)C=C([O-])OC1C
Mol_01303	Mol_01303:atom16	enone	CC(C)(O)CC[C@@H](O)[C@](C)(O)[C@H]1CC[C@@]2(O)C3=CC(=O)[C@@H]4C[C@@H](O)[C@@H](O)C[C@]4(C)[C@H]3CC[C@]12C	16;17;18;19	13;14;15;16;17;18;19;20;21;27;29;30;32	C[C@@H]1C[C@@H](C)[C:1003](=[O:1004])[CH:1002]=[C:1001]1C(C)(C)O	C[C@@H]1C[C@@H](C)C(C(C)(C)O)=CC1=O	CSC1(C(C)(C)O)C=C([O-])[C@H](C)C[C@H]1C
Mol_01305	Mol_01305:atom19	enone	CO[C@]1(OC(CCC(C)(C)O)[C@](C)(O)C2CCC3(O)C4=CC(=O)C5CC(O)C(O)CC5C4CCC23C)COC[C@@H](O)[C@@H](O)[C@H]1O	19;20;21;22	16;17;18;19;20;21;22;23;24;30;31;32;34	CC1CC(C)[C:1003](=[O:1004])[CH:1002]=[C:1001]1C(C)(C)O	CC1CC(C)C(C(C)(C)O)=CC1=O	CSC1(C(C)(C)O)C=C([O-])C(C)CC1C
Mol_01309	Mol_01309:atom3	ester	O=C(/C=C/c1ccc(O)c(O)c1)OC[C@H]1OC(Oc2c(-c3ccc(O)c(O)c3)oc3cc(O)cc(O)c3c2=O)[C@H](OC2O[C@H](CO)[C@@H](O)[C@H](O)[C@H]2O)[C@@H](O)[C@@H]1O	3;2;1;0	0;1;2;3;4;5;6;7;9;11;12;13	CO[C:1003](/[CH:1002]=[CH:1001]/c1ccccc1)=[O:1004]	COC(=O)/C=C/c1ccccc1	COC([O-])=CC(SC)c1ccccc1
Mol_01310	Mol_01310:atom5	ester	COc1cc(/C=C/C(=O)OC[C@H]2OC(Oc3c(-c4ccc(O)c(O)c4)oc4cc(O)cc(O)c4c3=O)[C@H](OC3O[C@H](CO)[C@@H](O)[C@H](O)[C@H]3O)[C@@H](O)[C@@H]2O)ccc1O	5;6;7;8	2;3;4;5;6;7;8;9;10;53;54;55	CO[C:1003](/[CH:1002]=[CH:1001]/c1ccccc1)=[O:1004]	COC(=O)/C=C/c1ccccc1	COC([O-])=CC(SC)c1ccccc1
Mol_01364	Mol_01364:atom3	ester	O=C(/C=C/c1ccc(O)cc1)OC[C@H]1O[C@@H](Oc2c(-c3ccc(O)cc3)oc3cc(O)cc(O)c3c2=O)[C@H](O)[C@@H](O)[C@@H]1O	3;2;1;0	0;1;2;3;4;5;6;7;9;10;11;12	CO[C:1003](/[CH:1002]=[CH:1001]/c1ccccc1)=[O:1004]	COC(=O)/C=C/c1ccccc1	COC([O-])=CC(SC)c1ccccc1
Mol_01421	Mol_01421:atom4	enone	CC(=O)/C=C/C1=C(C)CCCC1(C)C	4;3;1;2	0;1;2;3;4;5;6;11	C=C(C)/[CH:1001]=[CH:1002]/[C:1003](C)=[O:1004]	C=C(C)/C=C/C(C)=O	C=C(C)C(C=C(C)[O-])SC
Mol_01432	Mol_01432:atom1	enone	CC(C)=C1CCC(C)CC1=O	1;3;9;10	0;1;2;3;4;5;6;8;9;10	C[C:1001](C)=[C:1002]1CCCC[C:1003]1=[O:1004]	CC(C)=C1CCCCC1=O	CSC(C)(C)C1=C([O-])CCCC1
Mol_01449	Mol_01449:atom3	ester	O=C(/C=C/c1ccc(O[C@@H]2O[C@H](CO)[C@@H](O)[C@H](O)[C@H]2O)c(O)c1)O[C@@H]1O[C@H](CO)[C@@H](O)[C@H](O)[C@H]1O	3;2;1;0	0;1;2;3;4;5;6;7;20;22;23;24	CO[C:1003](/[CH:1002]=[CH:1001]/c1ccccc1)=[O:1004]	COC(=O)/C=C/c1ccccc1	COC([O-])=CC(SC)c1ccccc1
Mol_01450	Mol_01450:atom5	ester	COC(=O)/C=C/c1cc(O)cc(C2O[C@H](CO)[C@@H](O)[C@H](O)[C@H]2O)c1	5;4;2;3	0;1;2;3;4;5;6;7;8;10;11;23	CO[C:1003](/[CH:1002]=[CH:1001]/c1ccccc1)=[O:1004]	COC(=O)/C=C/c1ccccc1	COC([O-])=CC(SC)c1ccccc1
Mol_01453	Mol_01453:atom5	ester	COC(=O)/C=C/c1ccc(O[C@@H]2O[C@H](CO)[C@@H](O)[C@H](O)[C@H]2O)c(O)c1	5;4;2;3	0;1;2;3;4;5;6;7;8;9;22;24	CO[C:1003](/[CH:1002]=[CH:1001]/c1ccccc1)=[O:1004]	COC(=O)/C=C/c1ccccc1	COC([O-])=CC(SC)c1ccccc1
Mol_01454	Mol_01454:atom3	ester	O=C(/C=C/c1ccc(O)c(O)c1)O[C@@H]1O[C@H](CO)[C@@H](O)[C@H](O)[C@H]1O	3;2;1;0	0;1;2;3;4;5;6;7;9;11;12;13	CO[C:1003](/[CH:1002]=[CH:1001]/c1ccccc1)=[O:1004]	COC(=O)/C=C/c1ccccc1	COC([O-])=CC(SC)c1ccccc1
Mol_01475	Mol_01475:atom13	enal	COc1ccc(C2Oc3c(O)cc(/C=C/C=O)cc3[C@H]2CO)cc1OC	13;14;15;16	8;9;11;12;13;14;15;16;17;18	c1ccc(/[CH:1001]=[CH:1002]/[CH:1003]=[O:1004])cc1	O=C/C=C/c1ccccc1	CSC(C=C[O-])c1ccccc1
Mol_01478	Mol_01478:atom13	enal	COc1cc([C@H]2Oc3c(OC)cc(/C=C/C=O)cc3[C@@H]2CO)ccc1O	13;14;15;16	7;8;11;12;13;14;15;16;17;18	c1ccc(/[CH:1001]=[CH:1002]/[CH:1003]=[O:1004])cc1	O=C/C=C/c1ccccc1	CSC(C=C[O-])c1ccccc1
Mol_01485	Mol_01485:atom15	enal	COc1cc(C(O)[C@](O)(CO)c2ccc(/C=C/C=O)cc2OC)ccc1O	15;16;17;18	11;12;13;14;15;16;17;18;19;20	c1ccc(/[CH:1001]=[CH:1002]/[CH:1003]=[O:1004])cc1	O=C/C=C/c1ccccc1	CSC(C=C[O-])c1ccccc1
Mol_01499	Mol_01499:atom5	enal	COc1cc(/C=C/C=O)ccc1O	5;6;7;8	2;3;4;5;6;7;8;9;10;11	c1ccc(/[CH:1001]=[CH:1002]/[CH:1003]=[O:1004])cc1	O=C/C=C/c1ccccc1	CSC(C=C[O-])c1ccccc1
Mol_01515	Mol_01515:atom13	ester	CC1(C)C[C@H](O)C[C@@]2(C)OC(=O)C=C12	13;12;10;11	0;1;2;3;6;7;8;9;10;11;12;13	CC(C)(C)[C:1001]1=[CH:1002][C:1003](=[O:1004])OC1(C)C	CC(C)(C)C1=CC(=O)OC1(C)C	CSC1(C(C)(C)C)C=C([O-])OC1(C)C
Mol_01516	Mol_01516:atom0	ester	C=C(CO)C(=O)O[C@H]1CC(=C)[C@@H]2C[C@H](O)C(=C)[C@@H]2[C@H]2OC(=O)C(=C)[C@@H]21	0;1;4;5	0;1;2;3;4;5;6;7	CO[C:1003]([C:1002](CO)=[CH2:1001])=[O:1004]	C=C(CO)C(=O)OC	COC([O-])=C(CO)CSC
Mol_01516	Mol_01516:atom23	ester	C=C(CO)C(=O)O[C@H]1CC(=C)[C@@H]2C[C@H](O)C(=C)[C@@H]2[C@H]2OC(=O)C(=C)[C@@H]21	23;22;20;21	7;18;19;20;21;22;23;24	C[C@@H]1CO[C:1003](=[O:1004])[C:1002]1=[CH2:1001]	C=C1C(=O)OC[C@H]1C	CSCC1=C([O-])OC[C@H]1C
Mol_01517	Mol_01517:atom0	ester	C=C1C(=O)O[C@@H]2[C@H]3C(=C)[C@@H](O)C[C@H]3C(=C)C[C@H](O)[C@@H]12	0;1;2;3	0;1;2;3;4;5;16;18	C[C@@H]1CO[C:1003](=[O:1004])[C:1002]1=[CH2:1001]	C=C1C(=O)OC[C@H]1C	CSCC1=C([O-])OC[C@H]1C
Mol_01522	Mol_01522:atom2	enone	CC1=CC(C)(C)C(C(=O)O)CC1=O	2;1;11;12	0;1;2;3;4;5;6;10;11;12	CC1(C)CC[C:1003](=[O:1004])[C:1002](C)=[CH:1001]1	CC1=CC(C)(C)CCC1=O	CSC1C(C)=C([O-])CCC1(C)C
Mol_01523	Mol_01523:atom0	enone	C=C1CCC2C(C)C(=O)O[C@@H]2/C=C(\C)CCC1=O	0;1;16;17	0;1;2;3;14;15;16;17	CC[C:1002](=[CH2:1001])[C:1003](CC)=[O:1004]	C=C(CC)C(=O)CC	CCC([O-])=C(CC)CSC
Mol_01529	Mol_01529:atom5	ester	COc1cc(/C=C/C(=O)OC[C@H]2O[C@@H](OO[C@H]3[C@H](Oc4c(-c5ccc(O)c(OC)c5)oc5cc(O)cc(O)c5c4=O)O[C@H](CO)[C@H](O)[C@@H]3O)[C@H](O)[C@@H](O)[C@@H]2O)ccc1O	5;6;7;8	2;3;4;5;6;7;8;9;10;55;56;57	CO[C:1003](/[CH:1002]=[CH:1001]/c1ccccc1)=[O:1004]	COC(=O)/C=C/c1ccccc1	COC([O-])=CC(SC)c1ccccc1
Mol_01545	Mol_01545:atom5	enal	C=C(C)C1CC=C(C=O)CC1	5;6;7;8	3;4;5;6;7;8;9;10	C1CC[C:1002]([CH:1003]=[O:1004])=[CH:1001]C1	O=CC1=CCCCC1	CSC1CCCCC1=C[O-]
Mol_01562	Mol_01562:atom14	enone	C[C@@H]1C(=O)O[C@H]2[C@H]1CC[C@@]1(C)C(=O)C=C[C@@](C)(O)[C@H]21	14;13;11;12	8;9;10;11;12;13;14;15;16;17;18	CC1(C)C[C@](C)(O)[CH:1001]=[CH:1002][C:1003]1=[O:1004]	CC1(C)C[C@](C)(O)C=CC1=O	CSC1C=C([O-])C(C)(C)C[C@]1(C)O
Mol_01563	Mol_01563:atom14	enone	C[C@@H]1C(=O)O[C@H]2[C@H]1CC[C@@]1(C)C(=O)C=C[C@](C)(OO)[C@H]21	14;13;11;12	8;9;10;11;12;13;14;15;16;17;19	CC1(C)C[C@@](C)(O)[CH:1001]=[CH:1002][C:1003]1=[O:1004]	CC1(C)C[C@@](C)(O)C=CC1=O	CSC1C=C([O-])C(C)(C)C[C@@]1(C)O
Mol_01593	Mol_01593:atom0	enone	C=C1C(=O)CC2CC1C2(C)C	0;1;2;3	0;1;2;3;4;5;6;7;8	C1C2CC1[C:1002](=[CH2:1001])[C:1003](=[O:1004])C2	C=C1C(=O)CC2CC1C2	CSCC1=C([O-])CC2CC1C2
Mol_01596	Mol_01596:atom5	enal	CC1(C)C2CC=C(C=O)C1C2	5;6;7;8	1;3;4;5;6;7;8;9;10	C1C2CC1[C:1002]([CH:1003]=[O:1004])=[CH:1001]C2	O=CC1=CCC2CC1C2	CSC1CC2CC(C2)C1=C[O-]
Mol_01600	Mol_01600:atom5	enone	C=C(C)C1CC=C(C)C(=O)C1	5;6;8;9	3;4;5;6;7;8;9;10	C[C:1002]1=[CH:1001]CCC[C:1003]1=[O:1004]	CC1=CCCCC1=O	CSC1CCCC([O-])=C1C
Mol_01601	Mol_01601:atom2	enone	C=C/C(C)=C\C(=O)C=C(C)C	2;4;5;6	0;1;2;3;4;5;6;7;8	C=C/[C:1001](C)=[CH:1002]\[C:1003](C=C)=[O:1004]	C=CC(=O)/C=C(/C)C=C	C=CC([O-])=CC(C)(C=C)SC
Mol_01601	Mol_01601:atom8	enone	C=C/C(C)=C\C(=O)C=C(C)C	8;7;5;6	2;4;5;6;7;8;9;10	C=C[C:1003]([CH:1002]=[C:1001](C)C)=[O:1004]	C=CC(=O)C=C(C)C	C=CC([O-])=CC(C)(C)SC
Mol_01602	Mol_01602:atom1	enone	CC1=CC(=O)C(C(C)C)CC1	1;2;3;4	0;1;2;3;4;5;6;9;10	CC1CC[C:1001](C)=[CH:1002][C:1003]1=[O:1004]	CC1=CC(=O)C(C)CC1	CSC1(C)C=C([O-])C(C)CC1
Mol_01614	Mol_01614:atom1	enone	CC1=CC(=O)C2=C(C)CC[C@@H]3[C@H](OC(=O)[C@H]3C)[C@@H]12	1;2;3;4	0;1;2;3;4;5;6;11;17	C=C1[C@@H](C)[C:1001](C)=[CH:1002][C:1003]1=[O:1004]	C=C1C(=O)C=C(C)[C@@H]1C	C=C1C([O-])=CC(C)(SC)[C@@H]1C
Mol_01614	Mol_01614:atom6	enone	CC1=CC(=O)C2=C(C)CC[C@@H]3[C@H](OC(=O)[C@H]3C)[C@@H]12	6;5;3;4	1;2;3;4;5;6;7;8;9;11;17	CC[C:1001](C)=[C:1002]1[C@@H](C)C=C[C:1003]1=[O:1004]	CCC(C)=C1C(=O)C=C[C@@H]1C	CCC(C)(SC)C1=C([O-])C=C[C@@H]1C
Mol_01615	Mol_01615:atom0	ester	C=C1C(=O)OC[C@@H]1[C@H](O)/C=C/CC/C=C(\C)C=O	0;1;2;3	0;1;2;3;4;5;6;7	C[C@H]1CO[C:1003](=[O:1004])[C:1002]1=[CH2:1001]	C=C1C(=O)OC[C@@H]1C	CSCC1=C([O-])OC[C@@H]1C
Mol_01615	Mol_01615:atom13	enal	C=C1C(=O)OC[C@@H]1[C@H](O)/C=C/CC/C=C(\C)C=O	13;14;16;17	11;12;13;14;15;16;17	CC/[CH:1001]=[C:1002](\C)[CH:1003]=[O:1004]	CC/C=C(\C)C=O	CCC(SC)C(C)=C[O-]
Mol_01616	Mol_01616:atom0	ester	C=C1C(=O)OC[C@@H]1[C@@H](/C=C/CC/C=C(\C)C=O)OC(C)=O	0;1;2;3	0;1;2;3;4;5;6;7	C[C@H]1CO[C:1003](=[O:1004])[C:1002]1=[CH2:1001]	C=C1C(=O)OC[C@@H]1C	CSCC1=C([O-])OC[C@@H]1C
Mol_01616	Mol_01616:atom12	enal	C=C1C(=O)OC[C@@H]1[C@@H](/C=C/CC/C=C(\C)C=O)OC(C)=O	12;13;15;16	10;11;12;13;14;15;16	CC/[CH:1001]=[C:1002](\C)[CH:1003]=[O:1004]	CC/C=C(\C)C=O	CCC(SC)C(C)=C[O-]
Mol_01617	Mol_01617:atom0	ester	C=C1C[C@H](C/C(C)=C\CC2COC(=O)C2=C)OC1=O	0;1;17;18	0;1;2;3;16;17;18	C1C[C:1002](=[CH2:1001])[C:1003](=[O:1004])O1	C=C1CCOC1=O	CSCC1=C([O-])OCC1
Mol_01617	Mol_01617:atom15	ester	C=C1C[C@H](C/C(C)=C\CC2COC(=O)C2=C)OC1=O	15;14;12;13	8;9;10;11;12;13;14;15	CC1CO[C:1003](=[O:1004])[C:1002]1=[CH2:1001]	C=C1C(=O)OCC1C	CSCC1=C([O-])OCC1C
Mol_01618	Mol_01618:atom0	ester	C=C1CC(CC(C)C(=O)CC2COC(=O)C2=C)OC1=O	0;1;18;19	0;1;2;3;17;18;19	C1C[C:1002](=[CH2:1001])[C:1003](=[O:1004])O1	C=C1CCOC1=O	CSCC1=C([O-])OCC1
Mol_01618	Mol_01618:atom16	ester	C=C1CC(CC(C)C(=O)CC2COC(=O)C2=C)OC1=O	16;15;13;14	9;10;11;12;13;14;15;16	CC1CO[C:1003](=[O:1004])[C:1002]1=[CH2:1001]	C=C1C(=O)OCC1C	CSCC1=C([O-])OCC1C
Mol_01647	Mol_01647:atom6	enone	C[C@@H]1C(=O)O[C@@H]2C3=C(C(=O)C[C@@]3(C)O)[C@@](C)(O)CC[C@@H]12	6;7;8;9	4;5;6;7;8;9;10;11;12;13;14;15;16;17;19	C[C@H](O)[C:1001]1=[C:1002](C(C)(C)O)[C:1003](=[O:1004])C[C@@]1(C)O	C[C@H](O)C1=C(C(C)(C)O)C(=O)C[C@@]1(C)O	CSC1([C@H](C)O)C(C(C)(C)O)=C([O-])C[C@@]1(C)O
Mol_01659	Mol_01659:atom1	enal	CC1=C(C=O)C(C)(C)CC=C1	1;2;3;4	0;1;2;3;4;5;6;7;8;9;10	CC1(C)CC=C[C:1001](C)=[C:1002]1[CH:1003]=[O:1004]	CC1=C(C=O)C(C)(C)CC=C1	CSC1(C)C=CCC(C)(C)C1=C[O-]
Mol_01680	Mol_01680:atom0	enone	C=C1C(=O)CC/C(C)=C/[C@H]2OC(=O)[C@@H](C)C2C[C@@H]1O	0;1;2;3	0;1;2;3;4;5;16;17;18	CC[C:1003]([C:1002]([C@H](C)O)=[CH2:1001])=[O:1004]	C=C(C(=O)CC)[C@H](C)O	CCC([O-])=C(CSC)[C@H](C)O
Mol_01681	Mol_01681:atom0	enone	C=C1C(=O)CC/C(C)=C/[C@H]2OC(=O)[C@@H](C)C2CC1OC(C)=O	0;1;2;3	0;1;2;3;4;5;16;17;18	CC[C:1003]([C:1002](C(C)O)=[CH2:1001])=[O:1004]	C=C(C(=O)CC)C(C)O	CCC([O-])=C(CSC)C(C)O
Mol_01687	Mol_01687:atom12	enone	C=C[C@@]1(C)CC[C@@H]([C@H](C)C(=O)/C=C/C(C)(C)O)O1	12;11;9;10	6;7;8;9;10;11;12;13;14;15;16	CC(C)[C:1003](/[CH:1002]=[CH:1001]/C(C)(C)O)=[O:1004]	CC(C)C(=O)/C=C/C(C)(C)O	CSC(C=C([O-])C(C)C)C(C)(C)O
Mol_01688	Mol_01688:atom12	enone	C=C[C@@]1(C)CC[C@@H]([C@H](C)C(=O)/C=C/C(C)(C)OO)O1	12;11;9;10	6;7;8;9;10;11;12;13;14;15;16	CC(C)[C:1003](/[CH:1002]=[CH:1001]/C(C)(C)O)=[O:1004]	CC(C)C(=O)/C=C/C(C)(C)O	CSC(C=C([O-])C(C)C)C(C)(C)O
Mol_01699	Mol_01699:atom8	ester	CO[C@H]1C[C@]2(O)C(=CC3=C(C)C(=O)O[C@@H]3[C@H]2C(C)=O)[C@@]1(C)O	8;9;11;12	6;7;8;9;10;11;12;13;14;15	C=C[C:1001]1=[C:1002](C)[C:1003](=[O:1004])O[C@@H]1C	C=CC1=C(C)C(=O)O[C@@H]1C	C=CC1(SC)C(C)=C([O-])O[C@@H]1C
Mol_01700	Mol_01700:atom0	ester	C=C1C(=O)O[C@H](C2=C(C)CCC2=O)[C@H]1[C@@H](O)CC(C)=O	0;1;2;3	0;1;2;3;4;5;13;14	C[C@@H]1CO[C:1003](=[O:1004])[C:1002]1=[CH2:1001]	C=C1C(=O)OC[C@H]1C	CSCC1=C([O-])OC[C@H]1C
Mol_01700	Mol_01700:atom7	enone	C=C1C(=O)O[C@H](C2=C(C)CCC2=O)[C@H]1[C@@H](O)CC(C)=O	7;6;11;12	4;5;6;7;8;9;10;11;12;13	C[C@H](O)[C:1002]1=[C:1001](C)CC[C:1003]1=[O:1004]	CC1=C([C@H](C)O)C(=O)CC1	CSC1(C)CCC([O-])=C1[C@H](C)O
Mol_01701	Mol_01701:atom1	enone	CC1=CC(=O)C2=C(C)C[C@H](O)[C@@H]3[C@H](OC(=O)[C@H]3C)[C@@H]12	1;2;3;4	0;1;2;3;4;5;6;12;18	C=C1[C@@H](C)[C:1001](C)=[CH:1002][C:1003]1=[O:1004]	C=C1C(=O)C=C(C)[C@@H]1C	C=C1C([O-])=CC(C)(SC)[C@@H]1C
Mol_01701	Mol_01701:atom6	enone	CC1=CC(=O)C2=C(C)C[C@H](O)[C@@H]3[C@H](OC(=O)[C@H]3C)[C@@H]12	6;5;3;4	1;2;3;4;5;6;7;8;9;12;18	CC[C:1001](C)=[C:1002]1[C@@H](C)C=C[C:1003]1=[O:1004]	CCC(C)=C1C(=O)C=C[C@@H]1C	CCC(C)(SC)C1=C([O-])C=C[C@@H]1C
Mol_01702	Mol_01702:atom2	ester	CC1=C2CC[C@H](C)[C@@H]3CCC(=O)[C@@]3(C)[C@@H]2OC1=O	2;1;16;17	0;1;2;3;4;12;14;15;16;17	CC[C:1001]1=[C:1002](C)[C:1003](=[O:1004])O[C@H]1C	CCC1=C(C)C(=O)O[C@H]1C	CCC1(SC)C(C)=C([O-])O[C@H]1C
Mol_01703	Mol_01703:atom4	ester	C[C@H]1CCC2=C(CO)C(=O)O[C@H]2[C@]2(C)C(=O)CC[C@@H]12	4;5;8;9	2;3;4;5;6;7;8;9;10;11;12	CC[C:1001]1=[C:1002](CO)[C:1003](=[O:1004])O[C@H]1C	CCC1=C(CO)C(=O)O[C@H]1C	CCC1(SC)C(CO)=C([O-])O[C@H]1C
Mol_01704	Mol_01704:atom0	ester	C=C1C(=O)O[C@@H]2C1CC[C@H](C)[C@@H]1CC(=O)C(=O)[C@@]21C	0;1;2;3	0;1;2;3;4;5;6;7	CC1CO[C:1003](=[O:1004])[C:1002]1=[CH2:1001]	C=C1C(=O)OCC1C	CSCC1=C([O-])OCC1C
Mol_01706	Mol_01706:atom0	ester	C=C1C(=O)O[C@@H]2[C@H]1CC[C@H](C)[C@]1(O)C=CC(=O)[C@@]21C	0;1;2;3	0;1;2;3;4;5;6;7	C[C@@H]1CO[C:1003](=[O:1004])[C:1002]1=[CH2:1001]	C=C1C(=O)OC[C@H]1C	CSCC1=C([O-])OC[C@H]1C
Mol_01706	Mol_01706:atom13	enone	C=C1C(=O)O[C@@H]2[C@H]1CC[C@H](C)[C@]1(O)C=CC(=O)[C@@]21C	13;14;15;16	5;9;11;12;13;14;15;16;17;18	CC1(C)[C@@](C)(O)[CH:1001]=[CH:1002][C:1003]1=[O:1004]	CC1(C)C(=O)C=C[C@]1(C)O	CSC1C=C([O-])C(C)(C)[C@@]1(C)O
Mol_01707	Mol_01707:atom0	ester	C=C1C(=O)O[C@@H]2[C@H]1CC[C@H](C)C1=CCC(=O)[C@]12C	0;1;2;3	0;1;2;3;4;5;6;7	C[C@@H]1CO[C:1003](=[O:1004])[C:1002]1=[CH2:1001]	C=C1C(=O)OC[C@H]1C	CSCC1=C([O-])OC[C@H]1C
Mol_01709	Mol_01709:atom6	enone	CC(=O)O[C@H]1CC(C)=C2C(=O)C=C(C)[C@@H]2[C@H]2OC(=O)[C@@H](C)[C@@H]21	6;8;9;10	4;5;6;7;8;9;10;11;12;14;15	CC[C:1001](C)=[C:1002]1[C@@H](C)C=C[C:1003]1=[O:1004]	CCC(C)=C1C(=O)C=C[C@@H]1C	CCC(C)(SC)C1=C([O-])C=C[C@@H]1C
Mol_01709	Mol_01709:atom12	enone	CC(=O)O[C@H]1CC(C)=C2C(=O)C=C(C)[C@@H]2[C@H]2OC(=O)[C@@H](C)[C@@H]21	12;11;9;10	6;8;9;10;11;12;13;14;15	C=C1[C@@H](C)[C:1001](C)=[CH:1002][C:1003]1=[O:1004]	C=C1C(=O)C=C(C)[C@@H]1C	C=C1C([O-])=CC(C)(SC)[C@@H]1C
Mol_01710	Mol_01710:atom1	enone	CC1=CC(=O)C2=C(C)CC[C@H]3[C@H](C)C(=O)O[C@@H]3[C@@]12O	1;2;3;4	0;1;2;3;4;5;6;16;17;18	C=C1[C@](C)(O)[C:1001](C)=[CH:1002][C:1003]1=[O:1004]	C=C1C(=O)C=C(C)[C@@]1(C)O	C=C1C([O-])=CC(C)(SC)[C@@]1(C)O
Mol_01710	Mol_01710:atom6	enone	CC1=CC(=O)C2=C(C)CC[C@H]3[C@H](C)C(=O)O[C@@H]3[C@@]12O	6;5;3;4	1;2;3;4;5;6;7;8;9;16;17;18	CC[C:1001](C)=[C:1002]1[C@](C)(O)C=C[C:1003]1=[O:1004]	CCC(C)=C1C(=O)C=C[C@@]1(C)O	CCC(C)(SC)C1=C([O-])C=C[C@@]1(C)O
Mol_01711	Mol_01711:atom15	ester	CC(=O)O[C@H]1C/C=C(\C)[C@@H](OC(C)=O)CC2=C(CO)C(=O)O[C@@H]2/C=C/1C	15;16;19;20	9;14;15;16;17;18;19;20;21;22;23	CC[C:1001]1=[C:1002](CO)[C:1003](=[O:1004])O[C@@H]1C	CCC1=C(CO)C(=O)O[C@@H]1C	CCC1(SC)C(CO)=C([O-])O[C@@H]1C
Mol_01712	Mol_01712:atom6	enone	COc1ccc(C2=CC(=O)c3c(cc(OC)c(OC)c3O)C2)cc1OC	6;7;8;9	2;3;4;5;6;7;8;9;10;11;12;13;16;19;21;22;23	c1ccc([C:1001]2=[CH:1002][C:1003](=[O:1004])c3ccccc3C2)cc1	O=C1C=C(c2ccccc2)Cc2ccccc21	CSC1(c2ccccc2)C=C([O-])c2ccccc2C1
Mol_01715	Mol_01715:atom9	enone	COc1ccc(C(=O)/C=C/c2ccc(O)cc2)c(O)c1	9;8;6;7	2;3;4;5;6;7;8;9;10;11;12;13;15;16;17;19	c1ccc(/[CH:1001]=[CH:1002]/[C:1003](c2ccccc2)=[O:1004])cc1	O=C(/C=C/c1ccccc1)c1ccccc1	CSC(C=C([O-])c1ccccc1)c1ccccc1
Mol_01716	Mol_01716:atom6	enone	COc1ccc(/C=C/C(=O)c2cc(O)ccc2O)cc1	6;7;8;9	2;3;4;5;6;7;8;9;10;11;12;14;15;16;18;19	c1ccc(/[CH:1001]=[CH:1002]/[C:1003](c2ccccc2)=[O:1004])cc1	O=C(/C=C/c1ccccc1)c1ccccc1	CSC(C=C([O-])c1ccccc1)c1ccccc1
Mol_01725	Mol_01725:atom1	enone	CC1=CC(=O)C2=C(CO)CC[C@@H]3[C@H](OC(=O)[C@H]3C)[C@@H]12	1;2;3;4	0;1;2;3;4;5;6;12;18	C=C1[C@@H](C)[C:1001](C)=[CH:1002][C:1003]1=[O:1004]	C=C1C(=O)C=C(C)[C@@H]1C	C=C1C([O-])=CC(C)(SC)[C@@H]1C
Mol_01725	Mol_01725:atom6	enone	CC1=CC(=O)C2=C(CO)CC[C@@H]3[C@H](OC(=O)[C@H]3C)[C@@H]12	6;5;3;4	1;2;3;4;5;6;7;8;9;10;12;18	CC[C:1001](CO)=[C:1002]1[C@@H](C)C=C[C:1003]1=[O:1004]	CCC(CO)=C1C(=O)C=C[C@@H]1C	CCC(CO)(SC)C1=C([O-])C=C[C@@H]1C
Mol_01726	Mol_01726:atom1	enone	CC1=CC(=O)C2=C(C)CC[C@@H]3[C@H](OC(=O)[C@@H]3C)[C@@H]12	1;2;3;4	0;1;2;3;4;5;6;11;17	C=C1[C@@H](C)[C:1001](C)=[CH:1002][C:1003]1=[O:1004]	C=C1C(=O)C=C(C)[C@@H]1C	C=C1C([O-])=CC(C)(SC)[C@@H]1C
Mol_01726	Mol_01726:atom6	enone	CC1=CC(=O)C2=C(C)CC[C@@H]3[C@H](OC(=O)[C@@H]3C)[C@@H]12	6;5;3;4	1;2;3;4;5;6;7;8;9;11;17	CC[C:1001](C)=[C:1002]1[C@@H](C)C=C[C:1003]1=[O:1004]	CCC(C)=C1C(=O)C=C[C@@H]1C	CCC(C)(SC)C1=C([O-])C=C[C@@H]1C
Mol_01727	Mol_01727:atom1	enone	CC1=CC(=O)C2=C(CO)CC[C@@H]3[C@H](OC(=O)[C@@H]3C)[C@@H]12	1;2;3;4	0;1;2;3;4;5;6;12;18	C=C1[C@@H](C)[C:1001](C)=[CH:1002][C:1003]1=[O:1004]	C=C1C(=O)C=C(C)[C@@H]1C	C=C1C([O-])=CC(C)(SC)[C@@H]1C
Mol_01727	Mol_01727:atom6	enone	CC1=CC(=O)C2=C(CO)CC[C@@H]3[C@H](OC(=O)[C@@H]3C)[C@@H]12	6;5;3;4	1;2;3;4;5;6;7;8;9;10;12;18	CC[C:1001](CO)=[C:1002]1[C@@H](C)C=C[C:1003]1=[O:1004]	CCC(CO)=C1C(=O)C=C[C@@H]1C	CCC(CO)(SC)C1=C([O-])C=C[C@@H]1C
Mol_01728	Mol_01728:atom1	enone	CC1=CC(=O)[C@@H]2[C@H]1[C@H]1OC(=O)[C@@H](C)[C@@H]1CC[C@H]2C=O	1;2;3;4	0;1;2;3;4;5;6;7;16	C[C@@H]1[C@H](C)[C:1003](=[O:1004])[CH:1002]=[C:1001]1C	CC1=CC(=O)[C@@H](C)[C@H]1C	CSC1(C)C=C([O-])[C@@H](C)[C@H]1C
Mol_01729	Mol_01729:atom1	enone	CC1=CC(=O)[C@@H]2[C@H]1[C@H]1OC(=O)[C@@H](C)[C@@H]1CC[C@@H]2C=O	1;2;3;4	0;1;2;3;4;5;6;7;16	C[C@@H]1[C@H](C)[C:1003](=[O:1004])[CH:1002]=[C:1001]1C	CC1=CC(=O)[C@@H](C)[C@H]1C	CSC1(C)C=C([O-])[C@@H](C)[C@H]1C
Mol_01730	Mol_01730:atom16	ester	C/C1=C\CC(=O)[C@H](C)C[C@H]2OC(=O)C(CO)=C2CC1	16;13;11;12	8;9;10;11;12;13;14;15;16;17;18	CC[C:1001]1=[C:1002](CO)[C:1003](=[O:1004])O[C@@H]1C	CCC1=C(CO)C(=O)O[C@@H]1C	CCC1(SC)C(CO)=C([O-])O[C@@H]1C
Mol_01731	Mol_01731:atom0	ester	C=C1C(=O)O[C@@H]2C[C@@]3(C)C=CC(=O)C(C)=C3C[C@H]12	0;1;2;3	0;1;2;3;4;5;16;17	C[C@H]1CO[C:1003](=[O:1004])[C:1002]1=[CH2:1001]	C=C1C(=O)OC[C@@H]1C	CSCC1=C([O-])OC[C@@H]1C
Mol_01731	Mol_01731:atom9	enone	C=C1C(=O)O[C@@H]2C[C@@]3(C)C=CC(=O)C(C)=C3C[C@H]12	9;10;11;12	6;7;8;9;10;11;12;13;14;15	CC1=CC(C)(C)[CH:1001]=[CH:1002][C:1003]1=[O:1004]	CC1=CC(C)(C)C=CC1=O	CSC1C=C([O-])C(C)=CC1(C)C
Mol_01731	Mol_01731:atom15	enone	C=C1C(=O)O[C@@H]2C[C@@]3(C)C=CC(=O)C(C)=C3C[C@H]12	15;13;11;12	6;7;8;9;10;11;12;13;14;15;16;17	CC[C:1001]1=[C:1002](C)[C:1003](=[O:1004])C=CC1(C)C	CCC1=C(C)C(=O)C=CC1(C)C	CCC1(SC)C(C)=C([O-])C=CC1(C)C
Mol_01732	Mol_01732:atom0	ester	C=C1C(=O)O[C@@H]2Cc3c(C)ccc(C)c3C[C@H]12	0;1;2;3	0;1;2;3;4;5;15;16	C[C@H]1CO[C:1003](=[O:1004])[C:1002]1=[CH2:1001]	C=C1C(=O)OC[C@@H]1C	CSCC1=C([O-])OC[C@@H]1C
Mol_01737	Mol_01737:atom12	enone	C=C[C@@]1(C)CC[C@@H]([C@H](C)C(=O)/C=C(\O)C(=C)C)O1	12;11;9;10	6;7;8;9;10;11;12;13;14;15;16	C=C(C)/[C:1001](O)=[CH:1002]/[C:1003](C(C)C)=[O:1004]	C=C(C)/C(O)=C/C(=O)C(C)C	C=C(C)C(O)(C=C([O-])C(C)C)SC
Mol_01760	Mol_01760:atom5	ester	COC(=O)/C1=C\CC(C)(C)/C=C/C(=O)/C(C)=C/CC1	5;4;2;3	0;1;2;3;4;5;6;7;17;18	CC/[CH:1001]=[C:1002](/CC)[C:1003](OC)=[O:1004]	CC/C=C(/CC)C(=O)OC	CCC(=C([O-])OC)C(CC)SC
Mol_01760	Mol_01760:atom10	enone	COC(=O)/C1=C\CC(C)(C)/C=C/C(=O)/C(C)=C/CC1	10;11;12;13	6;7;8;9;10;11;12;13;14;15;16	C=C(C)[C:1003](/[CH:1002]=[CH:1001]/C(C)(C)C)=[O:1004]	C=C(C)C(=O)/C=C/C(C)(C)C	C=C(C)C([O-])=CC(SC)C(C)(C)C
Mol_01760	Mol_01760:atom16	enone	COC(=O)/C1=C\CC(C)(C)/C=C/C(=O)/C(C)=C/CC1	16;14;12;13	10;11;12;13;14;15;16;17;18	C=C[C:1003](/[C:1002](C)=[CH:1001]/CC)=[O:1004]	C=CC(=O)/C(C)=C/CC	C=CC([O-])=C(C)C(CC)SC
Mol_01761	Mol_01761:atom5	ester	COC(=O)/C1=C/CC(C)(C)/C=C\C(=O)/C(C)=C/CC1	5;4;2;3	0;1;2;3;4;5;6;7;17;18	CC/[CH:1001]=[C:1002](\CC)[C:1003](OC)=[O:1004]	CC/C=C(\CC)C(=O)OC	CCC(=C([O-])OC)C(CC)SC
Mol_01761	Mol_01761:atom10	enone	COC(=O)/C1=C/CC(C)(C)/C=C\C(=O)/C(C)=C/CC1	10;11;12;13	6;7;8;9;10;11;12;13;14;15;16	C=C(C)[C:1003](/[CH:1002]=[CH:1001]\C(C)(C)C)=[O:1004]	C=C(C)C(=O)/C=C\C(C)(C)C	C=C(C)C([O-])=CC(SC)C(C)(C)C
Mol_01761	Mol_01761:atom16	enone	COC(=O)/C1=C/CC(C)(C)/C=C\C(=O)/C(C)=C/CC1	16;14;12;13	10;11;12;13;14;15;16;17;18	C=C[C:1003](/[C:1002](C)=[CH:1001]/CC)=[O:1004]	C=CC(=O)/C(C)=C/CC	C=CC([O-])=C(C)C(CC)SC
Mol_01762	Mol_01762:atom5	ester	COC(=O)/C1=C/CC(C)(C)/C=C\C(=O)/C(C)=C\CC1	5;4;2;3	0;1;2;3;4;5;6;7;17;18	CC/[CH:1001]=[C:1002](\CC)[C:1003](OC)=[O:1004]	CC/C=C(\CC)C(=O)OC	CCC(=C([O-])OC)C(CC)SC
Mol_01762	Mol_01762:atom10	enone	COC(=O)/C1=C/CC(C)(C)/C=C\C(=O)/C(C)=C\CC1	10;11;12;13	6;7;8;9;10;11;12;13;14;15;16	C=C(C)[C:1003](/[CH:1002]=[CH:1001]\C(C)(C)C)=[O:1004]	C=C(C)C(=O)/C=C\C(C)(C)C	C=C(C)C([O-])=CC(SC)C(C)(C)C
Mol_01762	Mol_01762:atom16	enone	COC(=O)/C1=C/CC(C)(C)/C=C\C(=O)/C(C)=C\CC1	16;14;12;13	10;11;12;13;14;15;16;17;18	C=C[C:1003](/[C:1002](C)=[CH:1001]\CC)=[O:1004]	C=CC(=O)/C(C)=C\CC	C=CC([O-])=C(C)C(CC)SC
Mol_01763	Mol_01763:atom7	enone	C/C1=C/CC(C)(C)/C=C\C(=O)/C(C)=C\CC1	7;8;9;10	3;4;5;6;7;8;9;10;11;12;13	C=C(C)[C:1003](/[CH:1002]=[CH:1001]\C(C)(C)C)=[O:1004]	C=C(C)C(=O)/C=C\C(C)(C)C	C=C(C)C([O-])=CC(SC)C(C)(C)C
Mol_01763	Mol_01763:atom13	enone	C/C1=C/CC(C)(C)/C=C\C(=O)/C(C)=C\CC1	13;11;9;10	7;8;9;10;11;12;13;14;15	C=C[C:1003](/[C:1002](C)=[CH:1001]\CC)=[O:1004]	C=CC(=O)/C(C)=C\CC	C=CC([O-])=C(C)C(CC)SC
Mol_01764	Mol_01764:atom5	ester	COC(=O)/C1=C\[C@H](OC(C)=O)C(C)(C)/C=C/C(=O)/C(C)=C/CC1	5;4;2;3	0;1;2;3;4;5;6;7;11;21;22	CC/[C:1002](=[CH:1001]/[C@@H](C)O)[C:1003](OC)=[O:1004]	CC/C(=C/[C@@H](C)O)C(=O)OC	CCC(=C([O-])OC)C(SC)[C@@H](C)O
Mol_01764	Mol_01764:atom14	enone	COC(=O)/C1=C\[C@H](OC(C)=O)C(C)(C)/C=C/C(=O)/C(C)=C/CC1	14;15;16;17	6;11;12;13;14;15;16;17;18;19;20	C=C(C)[C:1003](/[CH:1002]=[CH:1001]/C(C)(C)C)=[O:1004]	C=C(C)C(=O)/C=C/C(C)(C)C	C=C(C)C([O-])=CC(SC)C(C)(C)C
Mol_01764	Mol_01764:atom20	enone	COC(=O)/C1=C\[C@H](OC(C)=O)C(C)(C)/C=C/C(=O)/C(C)=C/CC1	20;18;16;17	14;15;16;17;18;19;20;21;22	C=C[C:1003](/[C:1002](C)=[CH:1001]/CC)=[O:1004]	C=CC(=O)/C(C)=C/CC	C=CC([O-])=C(C)C(CC)SC
Mol_01765	Mol_01765:atom5	ester	COC(=O)/C1=C/[C@H](OC(C)=O)C(C)(C)/C=C\C(=O)/C(C)=C/CC1	5;4;2;3	0;1;2;3;4;5;6;7;11;21;22	CC/[C:1002](=[CH:1001]\[C@@H](C)O)[C:1003](OC)=[O:1004]	CC/C(=C\[C@@H](C)O)C(=O)OC	CCC(=C([O-])OC)C(SC)[C@@H](C)O
Mol_01765	Mol_01765:atom14	enone	COC(=O)/C1=C/[C@H](OC(C)=O)C(C)(C)/C=C\C(=O)/C(C)=C/CC1	14;15;16;17	6;11;12;13;14;15;16;17;18;19;20	C=C(C)[C:1003](/[CH:1002]=[CH:1001]\C(C)(C)C)=[O:1004]	C=C(C)C(=O)/C=C\C(C)(C)C	C=C(C)C([O-])=CC(SC)C(C)(C)C
Mol_01765	Mol_01765:atom20	enone	COC(=O)/C1=C/[C@H](OC(C)=O)C(C)(C)/C=C\C(=O)/C(C)=C/CC1	20;18;16;17	14;15;16;17;18;19;20;21;22	C=C[C:1003](/[C:1002](C)=[CH:1001]/CC)=[O:1004]	C=CC(=O)/C(C)=C/CC	C=CC([O-])=C(C)C(CC)SC
Mol_01766	Mol_01766:atom10	enone	CC(=O)O[C@H]1/C=C(/C)CC/C=C(/C)C(=O)/C=C\C1(C)C	10;11;13;14	8;9;10;11;12;13;14;15;16	C=C[C:1003](/[C:1002](C)=[CH:1001]\CC)=[O:1004]	C=CC(=O)/C(C)=C\CC	C=CC([O-])=C(C)C(CC)SC
Mol_01766	Mol_01766:atom16	enone	CC(=O)O[C@H]1/C=C(/C)CC/C=C(/C)C(=O)/C=C\C1(C)C	16;15;13;14	4;10;11;12;13;14;15;16;17;18;19	C=C(C)[C:1003](/[CH:1002]=[CH:1001]\C(C)(C)C)=[O:1004]	C=C(C)C(=O)/C=C\C(C)(C)C	C=C(C)C([O-])=CC(SC)C(C)(C)C
Mol_01767	Mol_01767:atom5	ester	COC(=O)/C1=C/[C@@H](OC(C)=O)C(C)(C)/C=C\C(=O)/C(C)=C\CC1	5;4;2;3	0;1;2;3;4;5;6;7;11;21;22	CC/[C:1002](=[CH:1001]\[C@H](C)O)[C:1003](OC)=[O:1004]	CC/C(=C\[C@H](C)O)C(=O)OC	CCC(=C([O-])OC)C(SC)[C@H](C)O
Mol_01767	Mol_01767:atom14	enone	COC(=O)/C1=C/[C@@H](OC(C)=O)C(C)(C)/C=C\C(=O)/C(C)=C\CC1	14;15;16;17	6;11;12;13;14;15;16;17;18;19;20	C=C(C)[C:1003](/[CH:1002]=[CH:1001]\C(C)(C)C)=[O:1004]	C=C(C)C(=O)/C=C\C(C)(C)C	C=C(C)C([O-])=CC(SC)C(C)(C)C
Mol_01767	Mol_01767:atom20	enone	COC(=O)/C1=C/[C@@H](OC(C)=O)C(C)(C)/C=C\C(=O)/C(C)=C\CC1	20;18;16;17	14;15;16;17;18;19;20;21;22	C=C[C:1003](/[C:1002](C)=[CH:1001]\CC)=[O:1004]	C=CC(=O)/C(C)=C\CC	C=CC([O-])=C(C)C(CC)SC
Mol_01768	Mol_01768:atom5	ester	COC(=O)/C1=C\[C@@H](OC(C)=O)C(C)(C)/C=C\C(=O)/C(C)=C\CC1	5;4;2;3	0;1;2;3;4;5;6;7;11;21;22	CC/[C:1002](=[CH:1001]/[C@H](C)O)[C:1003](OC)=[O:1004]	CC/C(=C/[C@H](C)O)C(=O)OC	CCC(=C([O-])OC)C(SC)[C@H](C)O
Mol_01768	Mol_01768:atom14	enone	COC(=O)/C1=C\[C@@H](OC(C)=O)C(C)(C)/C=C\C(=O)/C(C)=C\CC1	14;15;16;17	6;11;12;13;14;15;16;17;18;19;20	C=C(C)[C:1003](/[CH:1002]=[CH:1001]\C(C)(C)C)=[O:1004]	C=C(C)C(=O)/C=C\C(C)(C)C	C=C(C)C([O-])=CC(SC)C(C)(C)C
Mol_01768	Mol_01768:atom20	enone	COC(=O)/C1=C\[C@@H](OC(C)=O)C(C)(C)/C=C\C(=O)/C(C)=C\CC1	20;18;16;17	14;15;16;17;18;19;20;21;22	C=C[C:1003](/[C:1002](C)=[CH:1001]\CC)=[O:1004]	C=CC(=O)/C(C)=C\CC	C=CC([O-])=C(C)C(CC)SC
Mol_01770	Mol_01770:atom5	ester	COC(=O)/C1=C/[C@H](OC(C)=O)C(C)(C)/C=C\C(O)/C(C)=C/CC1	5;4;2;3	0;1;2;3;4;5;6;7;11;21;22	CC/[C:1002](=[CH:1001]\[C@@H](C)O)[C:1003](OC)=[O:1004]	CC/C(=C\[C@@H](C)O)C(=O)OC	CCC(=C([O-])OC)C(SC)[C@@H](C)O
Mol_01771	Mol_01771:atom2	enone	C/C1=C/CCC2=C[C@H](OC2=O)C(C)(C)/C=C\C1=O	2;1;16;17	0;1;2;3;4;14;15;16;17	C=C[C:1003](/[C:1002](C)=[CH:1001]\CC)=[O:1004]	C=CC(=O)/C(C)=C\CC	C=CC([O-])=C(C)C(CC)SC
Mol_01771	Mol_01771:atom6	ester	C/C1=C/CCC2=C[C@H](OC2=O)C(C)(C)/C=C\C1=O	6;5;9;10	3;4;5;6;7;8;9;10;11	CC[C:1002]1=[CH:1001][C@@H](C)O[C:1003]1=[O:1004]	CCC1=C[C@@H](C)OC1=O	CCC1=C([O-])O[C@H](C)C1SC
Mol_01771	Mol_01771:atom14	enone	C/C1=C/CCC2=C[C@H](OC2=O)C(C)(C)/C=C\C1=O	14;15;16;17	0;1;2;7;11;12;13;14;15;16;17	C=C(C)[C:1003](/[CH:1002]=[CH:1001]\C(C)(C)C)=[O:1004]	C=C(C)C(=O)/C=C\C(C)(C)C	C=C(C)C([O-])=CC(SC)C(C)(C)C
Mol_01772	Mol_01772:atom2	enone	C/C1=C\CCC2=C[C@H](OC2=O)C(C)(C)/C=C\C1=O	2;1;16;17	0;1;2;3;4;14;15;16;17	C=C[C:1003](/[C:1002](C)=[CH:1001]/CC)=[O:1004]	C=CC(=O)/C(C)=C/CC	C=CC([O-])=C(C)C(CC)SC
Mol_01772	Mol_01772:atom6	ester	C/C1=C\CCC2=C[C@H](OC2=O)C(C)(C)/C=C\C1=O	6;5;9;10	3;4;5;6;7;8;9;10;11	CC[C:1002]1=[CH:1001][C@@H](C)O[C:1003]1=[O:1004]	CCC1=C[C@@H](C)OC1=O	CCC1=C([O-])O[C@H](C)C1SC
Mol_01772	Mol_01772:atom14	enone	C/C1=C\CCC2=C[C@H](OC2=O)C(C)(C)/C=C\C1=O	14;15;16;17	0;1;2;7;11;12;13;14;15;16;17	C=C(C)[C:1003](/[CH:1002]=[CH:1001]\C(C)(C)C)=[O:1004]	C=C(C)C(=O)/C=C\C(C)(C)C	C=C(C)C([O-])=CC(SC)C(C)(C)C
Mol_01773	Mol_01773:atom2	enone	C/C1=C/CCC2=CC(OC2=O)C(C)(C)/C=C/C1=O	2;1;16;17	0;1;2;3;4;14;15;16;17	C=C[C:1003](/[C:1002](C)=[CH:1001]\CC)=[O:1004]	C=CC(=O)/C(C)=C\CC	C=CC([O-])=C(C)C(CC)SC
Mol_01773	Mol_01773:atom6	ester	C/C1=C/CCC2=CC(OC2=O)C(C)(C)/C=C/C1=O	6;5;9;10	3;4;5;6;7;8;9;10;11	CC[C:1002]1=[CH:1001]C(C)O[C:1003]1=[O:1004]	CCC1=CC(C)OC1=O	CCC1=C([O-])OC(C)C1SC
Mol_01773	Mol_01773:atom14	enone	C/C1=C/CCC2=CC(OC2=O)C(C)(C)/C=C/C1=O	14;15;16;17	0;1;2;7;11;12;13;14;15;16;17	C=C(C)[C:1003](/[CH:1002]=[CH:1001]/C(C)(C)C)=[O:1004]	C=C(C)C(=O)/C=C/C(C)(C)C	C=C(C)C([O-])=CC(SC)C(C)(C)C
Mol_01774	Mol_01774:atom2	enone	C/C1=C\CCC2=CC(OC2=O)C(C)(C)/C=C/C1=O	2;1;16;17	0;1;2;3;4;14;15;16;17	C=C[C:1003](/[C:1002](C)=[CH:1001]/CC)=[O:1004]	C=CC(=O)/C(C)=C/CC	C=CC([O-])=C(C)C(CC)SC
Mol_01774	Mol_01774:atom6	ester	C/C1=C\CCC2=CC(OC2=O)C(C)(C)/C=C/C1=O	6;5;9;10	3;4;5;6;7;8;9;10;11	CC[C:1002]1=[CH:1001]C(C)O[C:1003]1=[O:1004]	CCC1=CC(C)OC1=O	CCC1=C([O-])OC(C)C1SC
Mol_01774	Mol_01774:atom14	enone	C/C1=C\CCC2=CC(OC2=O)C(C)(C)/C=C/C1=O	14;15;16;17	0;1;2;7;11;12;13;14;15;16;17	C=C(C)[C:1003](/[CH:1002]=[CH:1001]/C(C)(C)C)=[O:1004]	C=C(C)C(=O)/C=C/C(C)(C)C	C=C(C)C([O-])=CC(SC)C(C)(C)C
Mol_01775	Mol_01775:atom2	enone	CC1=CCC[C@@H]2C(=O)O[C@H]3[C@@H]2C(=CC3(C)C)C1=O	2;1;16;17	0;1;2;3;4;10;11;12;16;17	C=C(C)[C:1003]([C:1002](C)=[CH:1001]CC)=[O:1004]	C=C(C)C(=O)C(C)=CCC	C=C(C)C([O-])=C(C)C(CC)SC
Mol_01775	Mol_01775:atom12	enone	CC1=CCC[C@@H]2C(=O)O[C@H]3[C@@H]2C(=CC3(C)C)C1=O	12;11;16;17	0;1;2;5;9;10;11;12;13;14;15;16;17	C=C(C)[C:1003]([C:1002]1=[CH:1001]C(C)(C)C[C@H]1C)=[O:1004]	C=C(C)C(=O)C1=CC(C)(C)C[C@H]1C	C=C(C)C([O-])=C1C(SC)C(C)(C)C[C@H]1C
Mol_01776	Mol_01776:atom7	enone	COC(=O)[C@H]1CCC=C(C)C(=O)[C@H]2CC(C)(C)C[C@@H]12	7;8;10;11	5;6;7;8;9;10;11;12;13;18	CC[CH:1001]=[C:1002](C)[C:1003](C(C)C)=[O:1004]	CCC=C(C)C(=O)C(C)C	CCC(SC)C(C)=C([O-])C(C)C
Mol_01777	Mol_01777:atom11	enone	CC(C)=CCCC(C)C1CCC(C)=CC1=O	11;13;14;15	6;8;9;10;11;12;13;14;15	CC1CC[C:1001](C)=[CH:1002][C:1003]1=[O:1004]	CC1=CC(=O)C(C)CC1	CSC1(C)C=C([O-])C(C)CC1
Mol_01778	Mol_01778:atom12	enone	CC(C)=CCCC(C)C1(O)CCC(C)=CC1=O	12;14;15;16	6;8;9;10;11;12;13;14;15;16	CC1(O)CC[C:1001](C)=[CH:1002][C:1003]1=[O:1004]	CC1=CC(=O)C(C)(O)CC1	CSC1(C)C=C([O-])C(C)(O)CC1
Mol_01788	Mol_01788:atom2	enone	CC1=C2[C@H]3OC(=O)[C@@H](C)[C@@H]3CC[C@@]2(C)C=CC1=O	2;1;16;17	0;1;2;3;4;9;11;12;13;14;15;16;17	C[C@H](O)[C:1001]1=[C:1002](C)[C:1003](=[O:1004])C=CC1(C)C	CC1=C([C@H](C)O)C(C)(C)C=CC1=O	CSC1([C@H](C)O)C(C)=C([O-])C=CC1(C)C
Mol_01788	Mol_01788:atom14	enone	CC1=C2[C@H]3OC(=O)[C@@H](C)[C@@H]3CC[C@@]2(C)C=CC1=O	14;15;16;17	0;1;2;11;12;13;14;15;16;17	CC1=CC(C)(C)[CH:1001]=[CH:1002][C:1003]1=[O:1004]	CC1=CC(C)(C)C=CC1=O	CSC1C=C([O-])C(C)=CC1(C)C
Mol_01804	Mol_01804:atom16	enone	C[C@@H]1C(=O)O[C@H]2[C@H]1CC[C@]1(C)[C@@]3(C)C(=O)C=C[C@@]213	16;15;13;14	5;9;11;12;13;14;15;16;17	C[C@]12C[C@@]1(C)[C:1003](=[O:1004])[CH:1002]=[CH:1001]2	C[C@@]12C=CC(=O)[C@]1(C)C2	CSC1C=C([O-])[C@]2(C)C[C@]12C
Mol_01805	Mol_01805:atom0	enone	C=C(CCC(=O)O)C(=O)[C@]1(C)CC[C@H]2[C@H](C)C(=O)O[C@@H]21	0;1;7;8	0;1;2;3;7;8;9;10;11;19	CC[C:1002](=[CH2:1001])[C:1003](C(C)(C)C)=[O:1004]	C=C(CC)C(=O)C(C)(C)C	CCC(CSC)=C([O-])C(C)(C)C
Mol_01811	Mol_01811:atom2	enone	CC1=C2[C@H]3OC(=O)[C@@H](C)[C@@H]3[C@@H](O)C[C@@]2(C)C=CC1=O	2;1;17;18	0;1;2;3;4;9;12;13;14;15;16;17;18	C[C@H](O)[C:1001]1=[C:1002](C)[C:1003](=[O:1004])C=CC1(C)C	CC1=C([C@H](C)O)C(C)(C)C=CC1=O	CSC1([C@H](C)O)C(C)=C([O-])C=CC1(C)C
Mol_01811	Mol_01811:atom15	enone	CC1=C2[C@H]3OC(=O)[C@@H](C)[C@@H]3[C@@H](O)C[C@@]2(C)C=CC1=O	15;16;17;18	0;1;2;12;13;14;15;16;17;18	CC1=CC(C)(C)[CH:1001]=[CH:1002][C:1003]1=[O:1004]	CC1=CC(C)(C)C=CC1=O	CSC1C=C([O-])C(C)=CC1(C)C
Mol_01827	Mol_01827:atom14	ester	C=C1[C@@H](OC(C)=O)C[C@@H](O)[C@]2(C)CCC3=C(CO)C(=O)O[C@@H]3[C@@H]12	14;15;18;19	12;13;14;15;16;17;18;19;20;21;22	CC[C:1001]1=[C:1002](CO)[C:1003](=[O:1004])O[C@@H]1C	CCC1=C(CO)C(=O)O[C@@H]1C	CCC1(SC)C(CO)=C([O-])O[C@@H]1C
Mol_01828	Mol_01828:atom4	ester	C=C1CCC2=C(CO)C(=O)O[C@@H]2/C=C(\C)[C@@H](OC(C)=O)C[C@@H]1O	4;5;8;9	2;3;4;5;6;7;8;9;10;11;12	CC[C:1001]1=[C:1002](CO)[C:1003](=[O:1004])O[C@@H]1C	CCC1=C(CO)C(=O)O[C@@H]1C	CCC1(SC)C(CO)=C([O-])O[C@@H]1C
Mol_01829	Mol_01829:atom4	ester	C=C1CCC2=C(CO)C(=O)O[C@@H]2/C=C(\C)[C@@H](OC(C)=O)C[C@H]1O	4;5;8;9	2;3;4;5;6;7;8;9;10;11;12	CC[C:1001]1=[C:1002](CO)[C:1003](=[O:1004])O[C@@H]1C	CCC1=C(CO)C(=O)O[C@@H]1C	CCC1(SC)C(CO)=C([O-])O[C@@H]1C
Mol_01830	Mol_01830:atom12	ester	CC(=O)O[C@H]1C[C@H](O)/C(C)=C/CC2=C(CO)C(=O)O[C@@H]2/C=C/1C	12;13;16;17	10;11;12;13;14;15;16;17;18;19;20	CC[C:1001]1=[C:1002](CO)[C:1003](=[O:1004])O[C@@H]1C	CCC1=C(CO)C(=O)O[C@@H]1C	CCC1(SC)C(CO)=C([O-])O[C@@H]1C
Mol_01831	Mol_01831:atom2	ester	CC1=C2[C@H]3OC(=O)[C@@H](C)[C@@H]3CC[C@@]2(C)[C@](C)(O)OC1=O	2;1;18;19	0;1;2;3;4;9;11;12;13;14;17;18;19	C[C@H](O)[C:1001]1=[C:1002](C)[C:1003](=[O:1004])OCC1(C)C	CC1=C([C@H](C)O)C(C)(C)COC1=O	CSC1([C@H](C)O)C(C)=C([O-])OCC1(C)C
Mol_01832	Mol_01832:atom0	ester	C=C1C(=O)O[C@H]2C1C[C@@H](OC(C)=O)[C@@](C)(O)[C@@]1(O)[C@@H](Cl)[C@@H]3O[C@]3(C)[C@H]21	0;1;2;3	0;1;2;3;4;5;6;7	CC1CO[C:1003](=[O:1004])[C:1002]1=[CH2:1001]	C=C1C(=O)OCC1C	CSCC1=C([O-])OCC1C
Mol_01835	Mol_01835:atom15	enal	CC(C)[C@H]1CC[C@]2(C)C(=O)CCC(C=O)=C[C@H]12	15;12;13;14	3;6;10;11;12;13;14;15;16	CC[C:1002](=[CH:1001]C(C)C)[CH:1003]=[O:1004]	CCC(C=O)=CC(C)C	CCC(=C[O-])C(SC)C(C)C
Mol_01885	Mol_01885:atom1	enone	CC1=CC(=O)C2=C(C)CC[C@H]3[C@H](C)C(=O)O[C@@H]3C12	1;2;3;4	0;1;2;3;4;5;6;16;17	C=C1C(C)[C:1001](C)=[CH:1002][C:1003]1=[O:1004]	C=C1C(=O)C=C(C)C1C	C=C1C([O-])=CC(C)(SC)C1C
Mol_01885	Mol_01885:atom6	enone	CC1=CC(=O)C2=C(C)CC[C@H]3[C@H](C)C(=O)O[C@@H]3C12	6;5;3;4	1;2;3;4;5;6;7;8;9;16;17	CC[C:1001](C)=[C:1002]1C(C)C=C[C:1003]1=[O:1004]	CCC(C)=C1C(=O)C=CC1C	CCC(C)(SC)C1=C([O-])C=CC1C
Mol_01916	Mol_01916:atom3	enal	C=CC(/C=C(\C)C=O)C(C)(C)O	3;4;6;7	1;2;3;4;5;6;7;8	CC(C)/[CH:1001]=[C:1002](\C)[CH:1003]=[O:1004]	C/C(C=O)=C\C(C)C	CSC(C(C)=C[O-])C(C)C
Mol_01920	Mol_01920:atom16	enone	C=C(C(=O)O)[C@@H]1CC[C@@]2(C)CCC(=O)C(C)=C2C1	16;14;12;13	5;7;8;9;10;11;12;13;14;15;16;17	CC[C:1001]1=[C:1002](C)[C:1003](=[O:1004])CCC1(C)C	CCC1=C(C)C(=O)CCC1(C)C	CCC1(SC)C(C)=C([O-])CCC1(C)C
Mol_01940	Mol_01940:atom37	ester	CCCCCC(O)C(O)CCC[C@H](O)[C@H]1CC[C@@H]([C@@H]2CC[C@@H]([C@@H](O)CCCCCCCCCCCCC3=C[C@H](C)OC3=O)O2)O1	37;36;41;42	34;35;36;37;38;39;40;41;42	CC[C:1002]1=[CH:1001][C@H](C)O[C:1003]1=[O:1004]	CCC1=C[C@H](C)OC1=O	CCC1=C([O-])O[C@@H](C)C1SC
Mol_01947	Mol_01947:atom0	ester	C=C(C(=O)OC)[C@@H]1CC[C@@]2(C)CCCC(=C)[C@@H]2C1	0;1;2;3	0;1;2;3;4;5;6;7;17	CO[C:1003]([C:1002](C(C)C)=[CH2:1001])=[O:1004]	C=C(C(=O)OC)C(C)C	COC([O-])=C(CSC)C(C)C
Mol_01950	Mol_01950:atom0	ester	C=C1C(=O)O[C@H]2C[C@@]3(CO3)[C@@H]3C[C@H](OC(C)=O)C(=C)[C@]3(O)C[C@H]12	0;1;2;3	0;1;2;3;4;5;21;22	C[C@H]1CO[C:1003](=[O:1004])[C:1002]1=[CH2:1001]	C=C1C(=O)OC[C@@H]1C	CSCC1=C([O-])OC[C@@H]1C
Mol_01951	Mol_01951:atom0	ester	C=C1C(=O)O[C@H]2CC(=C)[C@@H]3C[C@H](OC(C)=O)C(=C)[C@]3(O)C[C@H]12	0;1;2;3	0;1;2;3;4;5;20;21	C[C@H]1CO[C:1003](=[O:1004])[C:1002]1=[CH2:1001]	C=C1C(=O)OC[C@@H]1C	CSCC1=C([O-])OC[C@@H]1C
Mol_01952	Mol_01952:atom12	ester	CC(=O)O[C@@H]1C[C@H](O)/C(C)=C\CC2=C(CO)C(=O)O[C@@H]2/C=C\1C	12;13;16;17	10;11;12;13;14;15;16;17;18;19;20	CC[C:1001]1=[C:1002](CO)[C:1003](=[O:1004])O[C@@H]1C	CCC1=C(CO)C(=O)O[C@@H]1C	CCC1(SC)C(CO)=C([O-])O[C@@H]1C
Mol_01953	Mol_01953:atom6	ester	CC(=O)OCC1=C2C/C=C(/C)[C@@H](O)C[C@@H](OC(C)=O)/C(C)=C\[C@H]2OC1=O	6;5;24;25	3;4;5;6;7;8;21;22;23;24;25	CC[C:1001]1=[C:1002](CO)[C:1003](=[O:1004])O[C@@H]1C	CCC1=C(CO)C(=O)O[C@@H]1C	CCC1(SC)C(CO)=C([O-])O[C@@H]1C
Mol_01954	Mol_01954:atom4	ester	C=C1CCC2=C(COC(C)=O)C(=O)O[C@@H]2/C=C(/C)[C@H](OC(C)=O)C[C@H]1O	4;5;11;12	2;3;4;5;6;7;11;12;13;14;15	CC[C:1001]1=[C:1002](CO)[C:1003](=[O:1004])O[C@@H]1C	CCC1=C(CO)C(=O)O[C@@H]1C	CCC1(SC)C(CO)=C([O-])O[C@@H]1C
Mol_01955	Mol_01955:atom4	ester	C=C1CCC2=C(COC(C)=O)C(=O)O[C@@H]2/C=C(/C)[C@H](OC(C)=O)C[C@@H]1O	4;5;11;12	2;3;4;5;6;7;11;12;13;14;15	CC[C:1001]1=[C:1002](CO)[C:1003](=[O:1004])O[C@@H]1C	CCC1=C(CO)C(=O)O[C@@H]1C	CCC1(SC)C(CO)=C([O-])O[C@@H]1C
Mol_01956	Mol_01956:atom4	ester	C=C1CCC2=C(CO)C(=O)O[C@@H]2/C=C(/C)[C@H](OC(C)=O)C[C@H]1O	4;5;8;9	2;3;4;5;6;7;8;9;10;11;12	CC[C:1001]1=[C:1002](CO)[C:1003](=[O:1004])O[C@@H]1C	CCC1=C(CO)C(=O)O[C@@H]1C	CCC1(SC)C(CO)=C([O-])O[C@@H]1C
Mol_01957	Mol_01957:atom4	ester	C=C1CCC2=C(CO)C(=O)O[C@@H]2/C=C(/C)[C@H](OC(C)=O)C[C@@H]1O	4;5;8;9	2;3;4;5;6;7;8;9;10;11;12	CC[C:1001]1=[C:1002](CO)[C:1003](=[O:1004])O[C@@H]1C	CCC1=C(CO)C(=O)O[C@@H]1C	CCC1(SC)C(CO)=C([O-])O[C@@H]1C
Mol_01958	Mol_01958:atom0	enone	C=C1CCC2=C(COC(C)=O)C(=O)O[C@@H]2/C=C(/C)[C@H](OC(C)=O)CC1=O	0;1;24;25	0;1;2;3;18;23;24;25	CC[C:1002](=[CH2:1001])[C:1003](CC)=[O:1004]	C=C(CC)C(=O)CC	CCC([O-])=C(CC)CSC
Mol_01958	Mol_01958:atom4	ester	C=C1CCC2=C(COC(C)=O)C(=O)O[C@@H]2/C=C(/C)[C@H](OC(C)=O)CC1=O	4;5;11;12	2;3;4;5;6;7;11;12;13;14;15	CC[C:1001]1=[C:1002](CO)[C:1003](=[O:1004])O[C@@H]1C	CCC1=C(CO)C(=O)O[C@@H]1C	CCC1(SC)C(CO)=C([O-])O[C@@H]1C
Mol_01959	Mol_01959:atom0	enone	C=C1CCC2=C(CO)C(=O)O[C@@H]2/C=C(/C)[C@H](OC(C)=O)CC1=O	0;1;21;22	0;1;2;3;15;20;21;22	CC[C:1002](=[CH2:1001])[C:1003](CC)=[O:1004]	C=C(CC)C(=O)CC	CCC([O-])=C(CC)CSC
Mol_01959	Mol_01959:atom4	ester	C=C1CCC2=C(CO)C(=O)O[C@@H]2/C=C(/C)[C@H](OC(C)=O)CC1=O	4;5;8;9	2;3;4;5;6;7;8;9;10;11;12	CC[C:1001]1=[C:1002](CO)[C:1003](=[O:1004])O[C@@H]1C	CCC1=C(CO)C(=O)O[C@@H]1C	CCC1(SC)C(CO)=C([O-])O[C@@H]1C
Mol_01960	Mol_01960:atom11	ester	CC(=O)O[C@H]1C[C@@H](O)C2CCC3=C(CO)C(=O)O[C@@H]3[C@H]2[C@]1(C)O	11;12;15;16	9;10;11;12;13;14;15;16;17;18;19	CC[C:1001]1=[C:1002](CO)[C:1003](=[O:1004])O[C@@H]1C	CCC1=C(CO)C(=O)O[C@@H]1C	CCC1(SC)C(CO)=C([O-])O[C@@H]1C
Mol_01961	Mol_01961:atom6	ester	CC(=O)OCC1=C2CCC3[C@H](O)C[C@H](OC(C)=O)[C@@](C)(O)[C@@H]3[C@H]2OC1=O	6;5;24;25	3;4;5;6;7;8;21;22;23;24;25	CC[C:1001]1=[C:1002](CO)[C:1003](=[O:1004])O[C@@H]1C	CCC1=C(CO)C(=O)O[C@@H]1C	CCC1(SC)C(CO)=C([O-])O[C@@H]1C
Mol_01962	Mol_01962:atom13	ester	C=C1[C@@H](OC(C)=O)C[C@@H](O)C2CCC3=C(CO)C(=O)O[C@@H]3[C@@H]12	13;14;17;18	11;12;13;14;15;16;17;18;19;20;21	CC[C:1001]1=[C:1002](CO)[C:1003](=[O:1004])O[C@@H]1C	CCC1=C(CO)C(=O)O[C@@H]1C	CCC1(SC)C(CO)=C([O-])O[C@@H]1C
Mol_01964	Mol_01964:atom13	ester	C=C1[C@@H](OC(C)=O)C[C@@H](O)C2CCC3=C(COC(C)=O)C(=O)O[C@@H]3[C@@H]12	13;14;20;21	11;12;13;14;15;16;20;21;22;23;24	CC[C:1001]1=[C:1002](CO)[C:1003](=[O:1004])O[C@@H]1C	CCC1=C(CO)C(=O)O[C@@H]1C	CCC1(SC)C(CO)=C([O-])O[C@@H]1C
Mol_01985	Mol_01985:atom1	enal	C/C=C/C=O	1;2;3;4	0;1;2;3;4	C/[CH:1001]=[CH:1002]/[CH:1003]=[O:1004]	C/C=C/C=O	CSC(C)C=C[O-]
Mol_01986	Mol_01986:atom1	enone	CC1=CC(=O)[C@H]2C[C@@H]1C2(C)C	1;2;3;4	0;1;2;3;4;5;6;7;8	C[C:1001]1=[CH:1002][C:1003](=[O:1004])[C@H]2C[C@@H]1C2	CC1=CC(=O)[C@H]2C[C@@H]1C2	CSC1(C)C=C([O-])[C@H]2C[C@@H]1C2
Mol_01987	Mol_01987:atom1	enone	CC1=CC(=O)CC(C)(C)C1	1;2;3;4	0;1;2;3;4;5;6;9	C[C:1001]1=[CH:1002][C:1003](=[O:1004])CCC1	CC1=CC(=O)CCC1	CSC1(C)C=C([O-])CCC1
Mol_01991	Mol_01991:atom2	enone	CC1=CC=CC(C)(C)CC1=O	2;1;9;10	0;1;2;3;4;5;8;9;10	C[C:1002]1=[CH:1001]C=CCC[C:1003]1=[O:1004]	CC1=CC=CCCC1=O	CSC1C=CCCC([O-])=C1C
Mol_01993	Mol_01993:atom6	ester	CCOC(=O)/C=C\c1ccccc1	6;5;3;4	1;2;3;4;5;6;7;8;9;10;11;12	CO[C:1003](/[CH:1002]=[CH:1001]\c1ccccc1)=[O:1004]	COC(=O)/C=C\c1ccccc1	COC([O-])=CC(SC)c1ccccc1
Mol_01994	Mol_01994:atom5	ester	COC(=O)/C=C/c1ccccc1	5;4;2;3	0;1;2;3;4;5;6;7;8;9;10;11	CO[C:1003](/[CH:1002]=[CH:1001]/c1ccccc1)=[O:1004]	COC(=O)/C=C/c1ccccc1	COC([O-])=CC(SC)c1ccccc1
Mol_01995	Mol_01995:atom2	enone	CC1=CC=CCC(C)(C)C1=O	2;1;9;10	0;1;2;3;4;5;6;7;8;9;10	CC1(C)CC=C[CH:1001]=[C:1002](C)[C:1003]1=[O:1004]	CC1=CC=CCC(C)(C)C1=O	CSC1C=CCC(C)(C)C([O-])=C1C
Mol_01996	Mol_01996:atom6	ester	CCOC(=O)/C=C/c1ccccc1	6;5;3;4	1;2;3;4;5;6;7;8;9;10;11;12	CO[C:1003](/[CH:1002]=[CH:1001]/c1ccccc1)=[O:1004]	COC(=O)/C=C/c1ccccc1	COC([O-])=CC(SC)c1ccccc1
Mol_01999	Mol_01999:atom0	ester	C=C1C(=O)O[C@H]2[C@H]1CC(=O)/C(C)=C/CC[C@@]1(C)O[C@@H]21	0;1;2;3	0;1;2;3;4;5;6;7	C[C@@H]1CO[C:1003](=[O:1004])[C:1002]1=[CH2:1001]	C=C1C(=O)OC[C@H]1C	CSCC1=C([O-])OC[C@H]1C
Mol_01999	Mol_01999:atom12	enone	C=C1C(=O)O[C@H]2[C@H]1CC(=O)/C(C)=C/CC[C@@]1(C)O[C@@H]21	12;10;8;9	6;7;8;9;10;11;12;13;14	CC/[CH:1001]=[C:1002](\C)[C:1003](CC)=[O:1004]	CC/C=C(\C)C(=O)CC	CCC([O-])=C(C)C(CC)SC
Mol_02000	Mol_02000:atom0	ester	C=C1C(=O)OC2[C@H]1CC(=O)/C(C)=C\CC[C@@]1(C)O[C@@H]21	0;1;2;3	0;1;2;3;4;5;6;7	C[C@@H]1CO[C:1003](=[O:1004])[C:1002]1=[CH2:1001]	C=C1C(=O)OC[C@H]1C	CSCC1=C([O-])OC[C@H]1C
Mol_02000	Mol_02000:atom12	enone	C=C1C(=O)OC2[C@H]1CC(=O)/C(C)=C\CC[C@@]1(C)O[C@@H]21	12;10;8;9	6;7;8;9;10;11;12;13;14	CC/[CH:1001]=[C:1002](/C)[C:1003](CC)=[O:1004]	CC/C=C(/C)C(=O)CC	CCC([O-])=C(C)C(CC)SC
Mol_02004	Mol_02004:atom1	ester	C/C=C(\C)C(=O)OC1C(CO)OC(O/C(=C\C(C)C/C(C)=C/CO)CC/C=C(\C)CO)C(O)C1O	1;2;4;5	0;1;2;3;4;5;6;7	CO[C:1003](/[C:1002](C)=[CH:1001]/C)=[O:1004]	C/C=C(\C)C(=O)OC	COC([O-])=C(C)C(C)SC
Mol_02005	Mol_02005:atom1	ester	C/C=C(\C)C(=O)OC1C(CO)OC(O/C(=C\C(C)C/C(C)=C/CO)CC/C=C(\C)CO)C(O)C1OC(C)=O	1;2;4;5	0;1;2;3;4;5;6;7	CO[C:1003](/[C:1002](C)=[CH:1001]/C)=[O:1004]	C/C=C(\C)C(=O)OC	COC([O-])=C(C)C(C)SC
Mol_02006	Mol_02006:atom1	ester	C/C=C(\C)C(=O)OC1C(CO)OC(O/C(=C\C(C)C/C(C)=C/CO)CC/C=C(\C)CO)C(OC(C)=O)C1OC(C)=O	1;2;4;5	0;1;2;3;4;5;6;7	CO[C:1003](/[C:1002](C)=[CH:1001]/C)=[O:1004]	C/C=C(\C)C(=O)OC	COC([O-])=C(C)C(C)SC
Mol_02007	Mol_02007:atom1	ester	C/C=C(\C)C(=O)OC1C(COC(C)=O)OC(O/C(=C\C(C)C/C(C)=C/CO)CC/C=C(\C)CO)C(OC(C)=O)C1OC(C)=O	1;2;4;5	0;1;2;3;4;5;6;7	CO[C:1003](/[C:1002](C)=[CH:1001]/C)=[O:1004]	C/C=C(\C)C(=O)OC	COC([O-])=C(C)C(C)SC
Mol_02014	Mol_02014:atom0	ester	C=C1C(=O)O[C@@H]2[C@H]1CC[C@H](C)[C@@H]1C=CC(=O)[C@@]21C	0;1;2;3	0;1;2;3;4;5;6;7	C[C@@H]1CO[C:1003](=[O:1004])[C:1002]1=[CH2:1001]	C=C1C(=O)OC[C@H]1C	CSCC1=C([O-])OC[C@H]1C
Mol_02014	Mol_02014:atom12	enone	C=C1C(=O)O[C@@H]2[C@H]1CC[C@H](C)[C@@H]1C=CC(=O)[C@@]21C	12;13;14;15	5;9;11;12;13;14;15;16;17	C[C@H]1C(C)(C)[C:1003](=[O:1004])[CH:1002]=[CH:1001]1	C[C@@H]1C=CC(=O)C1(C)C	CSC1C=C([O-])C(C)(C)[C@@H]1C
Mol_02015	Mol_02015:atom0	ester	C=C1C(=O)O[C@@H]2[C@H]1CC[C@H](C)[C@@H]1CCC(=O)[C@@]21C	0;1;2;3	0;1;2;3;4;5;6;7	C[C@@H]1CO[C:1003](=[O:1004])[C:1002]1=[CH2:1001]	C=C1C(=O)OC[C@H]1C	CSCC1=C([O-])OC[C@H]1C
Mol_02016	Mol_02016:atom0	ester	C=C1C(=O)O[C@@H]2[C@H]1CC[C@H](C)[C@@]1(O)C=CC(=O)[C@@]21C	0;1;2;3	0;1;2;3;4;5;6;7	C[C@@H]1CO[C:1003](=[O:1004])[C:1002]1=[CH2:1001]	C=C1C(=O)OC[C@H]1C	CSCC1=C([O-])OC[C@H]1C
Mol_02016	Mol_02016:atom13	enone	C=C1C(=O)O[C@@H]2[C@H]1CC[C@H](C)[C@@]1(O)C=CC(=O)[C@@]21C	13;14;15;16	5;9;11;12;13;14;15;16;17;18	CC1(C)[C@](C)(O)[CH:1001]=[CH:1002][C:1003]1=[O:1004]	CC1(C)C(=O)C=C[C@@]1(C)O	CSC1C=C([O-])C(C)(C)[C@]1(C)O
Mol_02018	Mol_02018:atom0	ester	C=C1C(=O)O[C@H]2[C@H]1C[C@@H](O)/C(C)=C/CC[C@@]1(C)O[C@@H]21	0;1;2;3	0;1;2;3;4;5;6;7	C[C@@H]1CO[C:1003](=[O:1004])[C:1002]1=[CH2:1001]	C=C1C(=O)OC[C@H]1C	CSCC1=C([O-])OC[C@H]1C
Mol_02020	Mol_02020:atom0	ester	C=C1C(=O)O[C@H]2C1[C@H]1O[C@H]1/C(C)=C/CC[C@@]1(C)OC21	0;1;2;3	0;1;2;3;4;5;6;7	CC1CO[C:1003](=[O:1004])[C:1002]1=[CH2:1001]	C=C1C(=O)OCC1C	CSCC1=C([O-])OCC1C
Mol_02028	Mol_02028:atom0	enone	C=C1CCC2[C@H](C)C(=O)O[C@@H]2/C=C(\C)CCC1=O	0;1;16;17	0;1;2;3;14;15;16;17	CC[C:1002](=[CH2:1001])[C:1003](CC)=[O:1004]	C=C(CC)C(=O)CC	CCC([O-])=C(CC)CSC
Mol_02030	Mol_02030:atom0	enone	C=C1C(=O)CCC(=C)C(O)[C@H]2OC(=O)[C@@H](C)C2[C@@H](O)C1O	0;1;2;3	0;1;2;3;4;5;17;19;20	CC[C:1003]([C:1002](C(C)O)=[CH2:1001])=[O:1004]	C=C(C(=O)CC)C(C)O	CCC([O-])=C(CSC)C(C)O
Mol_02031	Mol_02031:atom15	enone	C=C(CO)C1CCC2(C)CCC(=O)C(C)=C2C1	15;13;11;12	4;6;7;8;9;10;11;12;13;14;15;16	CC[C:1001]1=[C:1002](C)[C:1003](=[O:1004])CCC1(C)C	CCC1=C(C)C(=O)CCC1(C)C	CCC1(SC)C(C)=C([O-])CCC1(C)C
Mol_02033	Mol_02033:atom0	enal	C=C(C=O)C1CCC2(C)CC(O)C(=O)C(C)=C2C1	0;1;2;3	0;1;2;3;4;5;17	CC(C)[C:1002](=[CH2:1001])[CH:1003]=[O:1004]	C=C(C=O)C(C)C	CSCC(=C[O-])C(C)C
Mol_02033	Mol_02033:atom16	enone	C=C(C=O)C1CCC2(C)CC(O)C(=O)C(C)=C2C1	16;14;12;13	4;6;7;8;9;10;11;12;13;14;15;16;17	CC[C:1001]1=[C:1002](C)[C:1003](=[O:1004])C(O)CC1(C)C	CCC1=C(C)C(=O)C(O)CC1(C)C	CCC1(SC)C(C)=C([O-])C(O)CC1(C)C
Mol_02038	Mol_02038:atom16	enone	CC1C(=O)OC2C1CCC1(C)C3(C)C(=O)C=CC213	16;15;13;14	5;9;11;12;13;14;15;16;17	CC12CC1(C)[C:1003](=[O:1004])[CH:1002]=[CH:1001]2	CC12C=CC(=O)C1(C)C2	CSC1C=C([O-])C2(C)CC12C
Mol_02044	Mol_02044:atom10	enal	CC(=O)c1ccc(O)c(C/C=C(\C)C=O)c1	10;11;13;14	3;4;5;6;8;9;10;11;12;13;14;15	C/[C:1002](=[CH:1001]\Cc1ccccc1)[CH:1003]=[O:1004]	C/C(C=O)=C\Cc1ccccc1	CSC(Cc1ccccc1)C(C)=C[O-]
Mol_02048	Mol_02048:atom5	ester	COC(=O)/C=C/c1ccc(O)c(C(=O)C=C(C)C)c1	5;4;2;3	0;1;2;3;4;5;6;7;8;9;11;18	CO[C:1003](/[CH:1002]=[CH:1001]/c1ccccc1)=[O:1004]	COC(=O)/C=C/c1ccccc1	COC([O-])=CC(SC)c1ccccc1
Mol_02048	Mol_02048:atom15	enone	COC(=O)/C=C/c1ccc(O)c(C(=O)C=C(C)C)c1	15;14;12;13	6;7;8;9;11;12;13;14;15;16;17;18	C[C:1001](C)=[CH:1002][C:1003](c1ccccc1)=[O:1004]	CC(C)=CC(=O)c1ccccc1	CSC(C)(C)C=C([O-])c1ccccc1
Mol_02049	Mol_02049:atom5	ester	COC(=O)/C=C/c1ccc2c(c1)C[C@@H]([C@H](C)CO)O2	5;4;2;3	0;1;2;3;4;5;6;7;8;9;10;11	CO[C:1003](/[CH:1002]=[CH:1001]/c1ccccc1)=[O:1004]	COC(=O)/C=C/c1ccccc1	COC([O-])=CC(SC)c1ccccc1
Mol_02050	Mol_02050:atom5	ester	COC(=O)/C=C/c1ccc2c(c1)C[C@H]([C@H](C)CO)O2	5;4;2;3	0;1;2;3;4;5;6;7;8;9;10;11	CO[C:1003](/[CH:1002]=[CH:1001]/c1ccccc1)=[O:1004]	COC(=O)/C=C/c1ccccc1	COC([O-])=CC(SC)c1ccccc1
Mol_02058	Mol_02058:atom14	enone	C[C@@H]1C(=O)O[C@H]2[C@H]1CC[C@@]1(C)C(=O)C=C[C@](C)(O)[C@H]21	14;13;11;12	8;9;10;11;12;13;14;15;16;17;18	CC1(C)C[C@@](C)(O)[CH:1001]=[CH:1002][C:1003]1=[O:1004]	CC1(C)C[C@@](C)(O)C=CC1=O	CSC1C=C([O-])C(C)(C)C[C@@]1(C)O
Mol_02059	Mol_02059:atom12	enone	C=CC1(C)CCC(C(C)C(=O)/C=C/C(C)(C)OO)O1	12;11;9;10	6;7;8;9;10;11;12;13;14;15;16	CC(C)[C:1003](/[CH:1002]=[CH:1001]/C(C)(C)O)=[O:1004]	CC(C)C(=O)/C=C/C(C)(C)O	CSC(C=C([O-])C(C)C)C(C)(C)O
Mol_02067	Mol_02067:atom12	enone	C=CC1(C)CCC(C(C)C(=O)/C=C/C(C)(C)O)O1	12;11;9;10	6;7;8;9;10;11;12;13;14;15;16	CC(C)[C:1003](/[CH:1002]=[CH:1001]/C(C)(C)O)=[O:1004]	CC(C)C(=O)/C=C/C(C)(C)O	CSC(C=C([O-])C(C)C)C(C)(C)O
Mol_02068	Mol_02068:atom0	enone	C=C1C[C@H]2OC(=O)[C@@H](C)C2[C@@H](O)/C=C(\C)CCC1=O	0;1;17;18	0;1;2;3;15;16;17;18	CC[C:1002](=[CH2:1001])[C:1003](CC)=[O:1004]	C=C(CC)C(=O)CC	CCC([O-])=C(CC)CSC
Mol_02087	Mol_02087:atom0	ester	C=C1C(=O)O[C@@H]2/C=C(\C)CC[C@H]3O[C@@]3(C)C[C@H](O)[C@@H]12	0;1;2;3	0;1;2;3;4;5;16;18	C[C@@H]1CO[C:1003](=[O:1004])[C:1002]1=[CH2:1001]	C=C1C(=O)OC[C@H]1C	CSCC1=C([O-])OC[C@H]1C
Mol_02088	Mol_02088:atom0	ester	C=C1C(=O)O[C@@H]2/C=C(\C)CC[C@@H](O)C(=C)C[C@H](O)[C@@H]12	0;1;2;3	0;1;2;3;4;5;16;18	C[C@@H]1CO[C:1003](=[O:1004])[C:1002]1=[CH2:1001]	C=C1C(=O)OC[C@H]1C	CSCC1=C([O-])OC[C@H]1C
Mol_02089	Mol_02089:atom12	ester	C=C1CC[C@@H](O)[C@]2(C)CC[C@H]3C(=C)C(=O)O[C@@H]3[C@@H]12	12;11;13;14	9;10;11;12;13;14;15;16	C[C@@H]1CO[C:1003](=[O:1004])[C:1002]1=[CH2:1001]	C=C1C(=O)OC[C@H]1C	CSCC1=C([O-])OC[C@H]1C
Mol_02090	Mol_02090:atom15	ester	C=C1CC[C@@H](OC(C)=O)[C@]2(C)CC[C@H]3C(=C)C(=O)O[C@@H]3[C@@H]12	15;14;16;17	12;13;14;15;16;17;18;19	C[C@@H]1CO[C:1003](=[O:1004])[C:1002]1=[CH2:1001]	C=C1C(=O)OC[C@H]1C	CSCC1=C([O-])OC[C@H]1C
Mol_02091	Mol_02091:atom0	ester	C=C1C(=O)O[C@H]2C/C(C)=C/CC/C(C)=C/[C@@H](O)[C@H]12	0;1;2;3	0;1;2;3;4;5;15;17	C[C@H]1CO[C:1003](=[O:1004])[C:1002]1=[CH2:1001]	C=C1C(=O)OC[C@@H]1C	CSCC1=C([O-])OC[C@@H]1C
Mol_02092	Mol_02092:atom0	ester	C=C1C(=O)O[C@H]2CC(C)[C@@H]3CC[C@@](C)(C[C@@H](O)[C@H]12)O3	0;1;2;3	0;1;2;3;4;5;15;17	C[C@H]1CO[C:1003](=[O:1004])[C:1002]1=[CH2:1001]	C=C1C(=O)OC[C@@H]1C	CSCC1=C([O-])OC[C@@H]1C
Mol_02093	Mol_02093:atom0	ester	C=C1C(=O)O[C@H]2C/C(C)=C/CC[C@]3(C)O[C@@H]3[C@@H](O)[C@H]12	0;1;2;3	0;1;2;3;4;5;16;18	C[C@H]1CO[C:1003](=[O:1004])[C:1002]1=[CH2:1001]	C=C1C(=O)OC[C@@H]1C	CSCC1=C([O-])OC[C@@H]1C
Mol_02094	Mol_02094:atom0	ester	C=C1C(=O)O[C@H]2C/C(C)=C/CC/C(C)=C/[C@@H](OC(=O)/C(C)=C/C)[C@H]12	0;1;2;3	0;1;2;3;4;5;15;23	C[C@H]1CO[C:1003](=[O:1004])[C:1002]1=[CH2:1001]	C=C1C(=O)OC[C@@H]1C	CSCC1=C([O-])OC[C@@H]1C
Mol_02094	Mol_02094:atom21	ester	C=C1C(=O)O[C@H]2C/C(C)=C/CC/C(C)=C/[C@@H](OC(=O)/C(C)=C/C)[C@H]12	21;19;17;18	15;16;17;18;19;20;21;22	CO[C:1003](/[C:1002](C)=[CH:1001]/C)=[O:1004]	C/C=C(\C)C(=O)OC	COC([O-])=C(C)C(C)SC
Mol_02095	Mol_02095:atom0	ester	C=C1C(=O)O[C@H]2C/C(C)=C/CC[C@]3(C)O[C@@H]3[C@@H](OC(=O)/C(C)=C/C)[C@H]12	0;1;2;3	0;1;2;3;4;5;16;24	C[C@H]1CO[C:1003](=[O:1004])[C:1002]1=[CH2:1001]	C=C1C(=O)OC[C@@H]1C	CSCC1=C([O-])OC[C@@H]1C
Mol_02095	Mol_02095:atom22	ester	C=C1C(=O)O[C@H]2C/C(C)=C/CC[C@]3(C)O[C@@H]3[C@@H](OC(=O)/C(C)=C/C)[C@H]12	22;20;18;19	16;17;18;19;20;21;22;23	CO[C:1003](/[C:1002](C)=[CH:1001]/C)=[O:1004]	C/C=C(\C)C(=O)OC	COC([O-])=C(C)C(C)SC
Mol_02096	Mol_02096:atom0	ester	C=C1C(=O)O[C@H]2CC(=C)[C@@H](O)CC/C(C)=C/[C@@H](OC(=O)/C(C)=C/C)[C@H]12	0;1;2;3	0;1;2;3;4;5;16;24	C[C@H]1CO[C:1003](=[O:1004])[C:1002]1=[CH2:1001]	C=C1C(=O)OC[C@@H]1C	CSCC1=C([O-])OC[C@@H]1C
Mol_02096	Mol_02096:atom22	ester	C=C1C(=O)O[C@H]2CC(=C)[C@@H](O)CC/C(C)=C/[C@@H](OC(=O)/C(C)=C/C)[C@H]12	22;20;18;19	16;17;18;19;20;21;22;23	CO[C:1003](/[C:1002](C)=[CH:1001]/C)=[O:1004]	C/C=C(\C)C(=O)OC	COC([O-])=C(C)C(C)SC
Mol_02097	Mol_02097:atom0	ester	C=C1C(=O)O[C@H]2C[C@@]3(C)[C@H](O)CCC(=C)[C@@H]3[C@@H](O)[C@H]12	0;1;2;3	0;1;2;3;4;5;16;18	C[C@H]1CO[C:1003](=[O:1004])[C:1002]1=[CH2:1001]	C=C1C(=O)OC[C@@H]1C	CSCC1=C([O-])OC[C@@H]1C
Mol_02098	Mol_02098:atom0	ester	C=C1C(=O)O[C@H]2C[C@@]3(C)[C@H](O)CC[C@@](C)(O)[C@@H]3[C@@H](OC(=O)/C(C)=C/C)[C@H]12	0;1;2;3	0;1;2;3;4;5;17;25	C[C@H]1CO[C:1003](=[O:1004])[C:1002]1=[CH2:1001]	C=C1C(=O)OC[C@@H]1C	CSCC1=C([O-])OC[C@@H]1C
Mol_02098	Mol_02098:atom23	ester	C=C1C(=O)O[C@H]2C[C@@]3(C)[C@H](O)CC[C@@](C)(O)[C@@H]3[C@@H](OC(=O)/C(C)=C/C)[C@H]12	23;21;19;20	17;18;19;20;21;22;23;24	CO[C:1003](/[C:1002](C)=[CH:1001]/C)=[O:1004]	C/C=C(\C)C(=O)OC	COC([O-])=C(C)C(C)SC
Mol_02099	Mol_02099:atom13	ester	C=C1CCC2=C(C)C[C@@H]3OC(=O)C(=C)[C@H]3[C@H](OC(C)=O)[C@H]12	13;12;10;11	8;9;10;11;12;13;14;15	C[C@H]1CO[C:1003](=[O:1004])[C:1002]1=[CH2:1001]	C=C1C(=O)OC[C@@H]1C	CSCC1=C([O-])OC[C@@H]1C
Mol_02100	Mol_02100:atom13	ester	C=C1CCC2=C(C)C[C@@H]3OC(=O)C(=C)[C@H]3[C@H](O)[C@H]12	13;12;10;11	8;9;10;11;12;13;14;15	C[C@H]1CO[C:1003](=[O:1004])[C:1002]1=[CH2:1001]	C=C1C(=O)OC[C@@H]1C	CSCC1=C([O-])OC[C@@H]1C
Mol_02101	Mol_02101:atom0	ester	C=C1C(=O)O[C@H]2CC(=C)[C@@]3(O)CCC(=C)[C@H]3[C@@H](OC(C)=O)[C@H]12	0;1;2;3	0;1;2;3;4;5;16;21	C[C@H]1CO[C:1003](=[O:1004])[C:1002]1=[CH2:1001]	C=C1C(=O)OC[C@@H]1C	CSCC1=C([O-])OC[C@@H]1C
Mol_02102	Mol_02102:atom0	ester	C=C1C(=O)O[C@H]2CC(=C)[C@@]3(OO)CCC(=C)[C@H]3[C@@H](OC(C)=O)[C@H]12	0;1;2;3	0;1;2;3;4;5;17;22	C[C@H]1CO[C:1003](=[O:1004])[C:1002]1=[CH2:1001]	C=C1C(=O)OC[C@@H]1C	CSCC1=C([O-])OC[C@@H]1C
Mol_02103	Mol_02103:atom0	ester	C=C1C(=O)O[C@H]2CC(=C)[C@]3(O)CCC(=C)[C@H]3[C@@H](OC(C)=O)[C@H]12	0;1;2;3	0;1;2;3;4;5;16;21	C[C@H]1CO[C:1003](=[O:1004])[C:1002]1=[CH2:1001]	C=C1C(=O)OC[C@@H]1C	CSCC1=C([O-])OC[C@@H]1C
Mol_02104	Mol_02104:atom13	ester	C=C1CC=C2[C@@H]1[C@@H](OC(C)=O)[C@@H]1C(=C)C(=O)O[C@H]1C[C@]2(C)O	13;12;14;15	6;11;12;13;14;15;16;17	C[C@H]1CO[C:1003](=[O:1004])[C:1002]1=[CH2:1001]	C=C1C(=O)OC[C@@H]1C	CSCC1=C([O-])OC[C@@H]1C
Mol_02105	Mol_02105:atom6	ester	CC(=O)OCC1=C2CC[C@]3(C)O[C@@H]3CC/C(C)=C/[C@H]2OC1=O	6;5;20;21	3;4;5;6;7;8;17;18;19;20;21	CC[C:1001]1=[C:1002](CO)[C:1003](=[O:1004])O[C@@H]1C	CCC1=C(CO)C(=O)O[C@@H]1C	CCC1(SC)C(CO)=C([O-])O[C@@H]1C
Mol_02106	Mol_02106:atom8	ester	C=C1C[C@H](OC(C)=O)C2=C(COC(C)=O)C(=O)O[C@@H]2/C=C(\C)CC[C@@H]1O	8;9;15;16	2;3;4;8;9;10;11;15;16;17;18;19	C[C@H](O)[C:1001]1=[C:1002](CO)[C:1003](=[O:1004])O[C@@H]1C	C[C@H](O)C1=C(CO)C(=O)O[C@@H]1C	CSC1([C@H](C)O)C(CO)=C([O-])O[C@@H]1C
Mol_02107	Mol_02107:atom8	ester	C=C1C[C@H](OC(C)=O)C2=C(COC(C)=O)C(=O)O[C@@H]2/C=C(\C)CC[C@H]1O	8;9;15;16	2;3;4;8;9;10;11;15;16;17;18;19	C[C@H](O)[C:1001]1=[C:1002](CO)[C:1003](=[O:1004])O[C@@H]1C	C[C@H](O)C1=C(CO)C(=O)O[C@@H]1C	CSC1([C@H](C)O)C(CO)=C([O-])O[C@@H]1C
Mol_02108	Mol_02108:atom0	enone	C=C1C[C@H](O)C2=C(CO)C(=O)O[C@@H]2/C=C(\C)CCC1=O	0;1;18;19	0;1;2;3;16;17;18;19	CC[C:1002](=[CH2:1001])[C:1003](CC)=[O:1004]	C=C(CC)C(=O)CC	CCC([O-])=C(CC)CSC
Mol_02108	Mol_02108:atom5	ester	C=C1C[C@H](O)C2=C(CO)C(=O)O[C@@H]2/C=C(\C)CCC1=O	5;6;9;10	2;3;4;5;6;7;8;9;10;11;12;13	C[C@H](O)[C:1001]1=[C:1002](CO)[C:1003](=[O:1004])O[C@@H]1C	C[C@H](O)C1=C(CO)C(=O)O[C@@H]1C	CSC1([C@H](C)O)C(CO)=C([O-])O[C@@H]1C
Mol_02109	Mol_02109:atom0	enone	C=C1C[C@H](O)C2=C(COC(C)=O)C(=O)O[C@@H]2/C=C(\C)CCC1=O	0;1;21;22	0;1;2;3;19;20;21;22	CC[C:1002](=[CH2:1001])[C:1003](CC)=[O:1004]	C=C(CC)C(=O)CC	CCC([O-])=C(CC)CSC
Mol_02109	Mol_02109:atom5	ester	C=C1C[C@H](O)C2=C(COC(C)=O)C(=O)O[C@@H]2/C=C(\C)CCC1=O	5;6;12;13	2;3;4;5;6;7;8;12;13;14;15;16	C[C@H](O)[C:1001]1=[C:1002](CO)[C:1003](=[O:1004])O[C@@H]1C	C[C@H](O)C1=C(CO)C(=O)O[C@@H]1C	CSC1([C@H](C)O)C(CO)=C([O-])O[C@@H]1C
Mol_02110	Mol_02110:atom0	enone	C=C1C[C@H](OC(C)=O)C2=C(COC(C)=O)C(=O)O[C@@H]2/C=C(\C)CCC1=O	0;1;24;25	0;1;2;3;22;23;24;25	CC[C:1002](=[CH2:1001])[C:1003](CC)=[O:1004]	C=C(CC)C(=O)CC	CCC([O-])=C(CC)CSC
Mol_02110	Mol_02110:atom8	ester	C=C1C[C@H](OC(C)=O)C2=C(COC(C)=O)C(=O)O[C@@H]2/C=C(\C)CCC1=O	8;9;15;16	2;3;4;8;9;10;11;15;16;17;18;19	C[C@H](O)[C:1001]1=[C:1002](CO)[C:1003](=[O:1004])O[C@@H]1C	C[C@H](O)C1=C(CO)C(=O)O[C@@H]1C	CSC1([C@H](C)O)C(CO)=C([O-])O[C@@H]1C
Mol_02111	Mol_02111:atom6	ester	CC(=O)OCC1=C2[C@@H](OC(C)=O)/C=C(\C)[C@@H](O)CC/C(C)=C/[C@H]2OC1=O	6;5;24;25	3;4;5;6;7;8;12;21;22;23;24;25	C[C@H](O)[C:1001]1=[C:1002](CO)[C:1003](=[O:1004])O[C@@H]1C	C[C@H](O)C1=C(CO)C(=O)O[C@@H]1C	CSC1([C@H](C)O)C(CO)=C([O-])O[C@@H]1C
Mol_02112	Mol_02112:atom11	ester	C=C1CC[C@@H](O)[C@]2(C)C[C@H](O)C3=C(COC(C)=O)C(=O)O[C@@H]3[C@@H]12	11;12;18;19	8;9;10;11;12;13;14;18;19;20;21;22	C[C@H](O)[C:1001]1=[C:1002](CO)[C:1003](=[O:1004])O[C@@H]1C	C[C@H](O)C1=C(CO)C(=O)O[C@@H]1C	CSC1([C@H](C)O)C(CO)=C([O-])O[C@@H]1C
Mol_02113	Mol_02113:atom14	ester	C=C1CC[C@@H](O)[C@]2(C)C[C@H](OC(C)=O)C3=C(COC(C)=O)C(=O)O[C@@H]3[C@@H]12	14;15;21;22	8;9;10;14;15;16;17;21;22;23;24;25	C[C@H](O)[C:1001]1=[C:1002](CO)[C:1003](=[O:1004])O[C@@H]1C	C[C@H](O)C1=C(CO)C(=O)O[C@@H]1C	CSC1([C@H](C)O)C(CO)=C([O-])O[C@@H]1C
Mol_02114	Mol_02114:atom6	ester	CC(=O)OCC1=C2[C@@H](O)C[C@@]3(C)[C@H](O)CC=C(C)[C@@H]3[C@H]2OC1=O	6;5;21;22	3;4;5;6;7;8;9;18;19;20;21;22	C[C@H](O)[C:1001]1=[C:1002](CO)[C:1003](=[O:1004])O[C@@H]1C	C[C@H](O)C1=C(CO)C(=O)O[C@@H]1C	CSC1([C@H](C)O)C(CO)=C([O-])O[C@@H]1C
Mol_02119	Mol_02119:atom0	ester	C=C1C(=O)O[C@@H]2/C=C(/C)CC/C=C(/C)[C@@H](O)C[C@@H]12	0;1;2;3	0;1;2;3;4;5;16;17	C[C@@H]1CO[C:1003](=[O:1004])[C:1002]1=[CH2:1001]	C=C1C(=O)OC[C@H]1C	CSCC1=C([O-])OC[C@H]1C
Mol_02120	Mol_02120:atom0	ester	C=C1C(=O)O[C@@H]2C[C@]3(C)O[C@@H]3C/C=C(/C)[C@@H](O)C[C@@H]12	0;1;2;3	0;1;2;3;4;5;17;18	C[C@@H]1CO[C:1003](=[O:1004])[C:1002]1=[CH2:1001]	C=C1C(=O)OC[C@H]1C	CSCC1=C([O-])OC[C@H]1C
Mol_02160	Mol_02160:atom14	enone	CC(C)[C@@H](C)/C=C/[C@@H](C)[C@H]1CCC2C3=C(CC[C@@]21C)[C@@]1(C)CC[C@H](O)CC1=CC3=O	14;13;28;29	11;12;13;14;15;16;17;19;20;21;26;27;28;29	CC1CCC[C:1001]2=[C:1002]1[C:1003](=[O:1004])C=CC2(C)C	CC1CCCC2=C1C(=O)C=CC2(C)C	CSC12CCCC(C)C1=C([O-])C=CC2(C)C
Mol_02160	Mol_02160:atom26	enone	CC(C)[C@@H](C)/C=C/[C@@H](C)[C@H]1CCC2C3=C(CC[C@@]21C)[C@@]1(C)CC[C@H](O)CC1=CC3=O	26;27;28;29	12;13;14;19;20;21;23;25;26;27;28;29	CC[C:1001]1=[CH:1002][C:1003](=[O:1004])C(C)=CC1(C)C	CCC1=CC(=O)C(C)=CC1(C)C	CCC1(SC)C=C([O-])C(C)=CC1(C)C
Mol_02186	Mol_02186:atom19	enal	CC(=O)OC[C@H](CCC=C(C)C)[C@@H]1CC/C(C)=C/C/C=C(/C=O)C1C=O	19;20;21;22	12;17;18;19;20;21;22;23;24	CC/[CH:1001]=[C:1002](\C(C)C)[CH:1003]=[O:1004]	CC/C=C(/C=O)C(C)C	CCC(SC)C(=C[O-])C(C)C
Mol_02187	Mol_02187:atom15	enal	CC(C)=CCC[C@@H](C)[C@@H]1CC/C(C)=C/C/C=C(/C=O)[C@H]1C=O	15;16;17;18	8;13;14;15;16;17;18;19;20	CC/[CH:1001]=[C:1002](\C(C)C)[CH:1003]=[O:1004]	CC/C=C(/C=O)C(C)C	CCC(SC)C(=C[O-])C(C)C
Mol_02190	Mol_02190:atom7	ester	CCC(=O)O[C@@H](C/C=C(\C)C(=O)OC)[C@H](C(=O)OC)[C@@H](OC(C)=O)[C@@H](C[C@H](C)[C@H](OC(=O)CC(C)C)[C@@H]1C[C@H](C)C[C@]2(C[C@H](C)C[C@](CC(C)=O)(OC(C)=O)O2)O1)OC(=O)CC(C)C	7;8;10;11	5;6;7;8;9;10;11;12;13	CC/[CH:1001]=[C:1002](\C)[C:1003](OC)=[O:1004]	CC/C=C(\C)C(=O)OC	CCC(SC)C(C)=C([O-])OC
Mol_02191	Mol_02191:atom50	ester	CCOC(=O)[C@H]([C@@H](OC(C)=O)[C@@H](C[C@H](C)[C@H](OC(=O)CC(C)C)[C@@H]1C[C@H](C)C[C@]2(C[C@H](C)C[C@@](O)(CC(C)=O)O2)O1)OC(=O)CC(C)C)[C@H](C/C=C(\C)C(=O)OC)OC(=O)CC	50;51;53;54	48;49;50;51;52;53;54;55;56	CC/[CH:1001]=[C:1002](\C)[C:1003](OC)=[O:1004]	CC/C=C(\C)C(=O)OC	CCC(SC)C(C)=C([O-])OC
Mol_02193	Mol_02193:atom6	ester	C=C[C@H]1[C@H](C)OC=C(C(=O)OC2C[C@@H]3C(C(=O)OC)=CO[C@@H](C)[C@@H]3[C@H]2C)[C@H]1CCO	6;7;8;9	2;3;5;6;7;8;9;10;11;26;27	CO[C:1003]([C:1002]1=[CH:1001]OCC[C@@H]1C)=[O:1004]	COC(=O)C1=COCC[C@@H]1C	COC([O-])=C1C(SC)OCC[C@@H]1C
Mol_02193	Mol_02193:atom19	ester	C=C[C@H]1[C@H](C)OC=C(C(=O)OC2C[C@@H]3C(C(=O)OC)=CO[C@@H](C)[C@@H]3[C@H]2C)[C@H]1CCO	19;14;15;16	12;13;14;15;16;17;18;19;20;21;23	CO[C:1003]([C:1002]1=[CH:1001]OCC[C@@H]1C)=[O:1004]	COC(=O)C1=COCC[C@@H]1C	COC([O-])=C1C(SC)OCC[C@@H]1C
Mol_02194	Mol_02194:atom5	ester	COC(=O)C1=CO[C@@H](O[C@@H]2O[C@H](CO)[C@@H](O)[C@H](O)[C@H]2O)[C@@H]2[C@@H](C)[C@@H](O)C[C@H]12	5;4;2;3	0;1;2;3;4;5;6;7;20;25;26	CO[C:1003]([C:1002]1=[CH:1001]OCC[C@@H]1C)=[O:1004]	COC(=O)C1=COCC[C@@H]1C	COC([O-])=C1C(SC)OCC[C@@H]1C
Mol_02199	Mol_02199:atom12	enone	CC(C)CCCC(C)C1CCC2C3=C(C(=O)C[C@@]21C)[C@@]1(C)CC[C@H](O)C[C@]1(O)[C@H](O)[C@H]3O	12;13;14;15	10;11;12;13;14;15;16;17;19;20;21;26;28;30;31	CC1CC[C:1003](=[O:1004])[C:1002]2=[C:1001]1[C@H](O)CCC2(C)C	CC1CCC(=O)C2=C1[C@H](O)CCC2(C)C	CSC12C(=C([O-])CCC1C)C(C)(C)CC[C@H]2O
Mol_02200	Mol_02200:atom12	enone	CC(C)CCCC(C)C1CCC2C3=C(C(=O)C[C@@]21C)[C@@]1(C)CC[C@H](O)C[C@]1(O)[C@H](O)C3=O	12;13;14;15	10;11;12;13;14;15;16;17;19;20;21;26;28;30;31	CC1CC[C:1003](=[O:1004])[C:1002]2=[C:1001]1C(=O)CCC2(C)C	CC1CCC(=O)C2=C1C(=O)CCC2(C)C	CSC12C(=O)CCC(C)(C)C1=C([O-])CCC2C
Mol_02200	Mol_02200:atom13	enone	CC(C)CCCC(C)C1CCC2C3=C(C(=O)C[C@@]21C)[C@@]1(C)CC[C@H](O)C[C@]1(O)[C@H](O)C3=O	13;12;30;31	10;11;12;13;14;15;16;17;19;20;21;26;28;29;30;31	CC1CCC(=O)[C:1001]2=[C:1002]1[C:1003](=[O:1004])[C@@H](O)CC2(C)C	CC1CCC(=O)C2=C1C(=O)[C@@H](O)CC2(C)C	CSC12C(=O)CCC(C)C1=C([O-])[C@@H](O)CC2(C)C
Mol_02244	Mol_02244:atom2	ester	CC1=C2C=C3CC[C@@H]4C(C)(C)[C@H](O)CC[C@@]4(C)[C@@H]3C[C@H]2OC1=O	2;1;21;22	0;1;2;3;4;18;19;20;21;22	C=C[C:1001]1=[C:1002](C)[C:1003](=[O:1004])O[C@@H]1C	C=CC1=C(C)C(=O)O[C@@H]1C	C=CC1(SC)C(C)=C([O-])O[C@@H]1C
Mol_02245	Mol_02245:atom2	ester	CC1=C2C=C3CC[C@@H]4C(C)(C)[C@@H](O)CC[C@@]4(C)[C@@H]3C[C@H]2OC1=O	2;1;21;22	0;1;2;3;4;18;19;20;21;22	C=C[C:1001]1=[C:1002](C)[C:1003](=[O:1004])O[C@@H]1C	C=CC1=C(C)C(=O)O[C@@H]1C	C=CC1(SC)C(C)=C([O-])O[C@@H]1C
Mol_02246	Mol_02246:atom2	ester	CC1=C2C=C3CC[C@@H]4C(C)(C)[C@H](O)C(=O)C[C@@]4(C)[C@@H]3C[C@H]2OC1=O	2;1;22;23	0;1;2;3;4;19;20;21;22;23	C=C[C:1001]1=[C:1002](C)[C:1003](=[O:1004])O[C@@H]1C	C=CC1=C(C)C(=O)O[C@@H]1C	C=CC1(SC)C(C)=C([O-])O[C@@H]1C
Mol_02247	Mol_02247:atom5	ester	CCC/C=C/C=C/C(=O)O[C@@H]1C[C@H]2[C@@H](/C=C(/C)C(=O)[C@@]3(OC(C)=O)C[C@@H](C)[C@H](O)[C@@H]3/C=C\1C)C2(C)C	5;6;7;8	3;4;5;6;7;8;9;10	C=C/[CH:1001]=[CH:1002]/[C:1003](OC)=[O:1004]	C=C/C=C/C(=O)OC	C=CC(C=C([O-])OC)SC
Mol_02247	Mol_02247:atom14	enone	CCC/C=C/C=C/C(=O)O[C@@H]1C[C@H]2[C@@H](/C=C(/C)C(=O)[C@@]3(OC(C)=O)C[C@@H](C)[C@H](O)[C@@H]3/C=C\1C)C2(C)C	14;15;17;18	12;13;14;15;16;17;18;19;20;24;29;33	CC(C)(O)[C:1003](/[C:1002](C)=[CH:1001]\C1CC1)=[O:1004]	C/C(=C/C1CC1)C(=O)C(C)(C)O	CSC(C(C)=C([O-])C(C)(C)O)C1CC1
Mol_02248	Mol_02248:atom6	ester	CCC[C@@H]1O[C@@H]1/C=C/C(=O)O[C@@H]1C[C@H]2[C@@H](/C=C(\C)C(=O)[C@@]3(OC(C)=O)C[C@@H](C)[C@H](O)[C@@H]3/C=C/1C)C2(C)C	6;7;8;9	3;4;5;6;7;8;9;10;11	CO[C:1003](/[CH:1002]=[CH:1001]/[C@@H]1CO1)=[O:1004]	COC(=O)/C=C/[C@@H]1CO1	COC([O-])=CC(SC)[C@@H]1CO1
Mol_02248	Mol_02248:atom15	enone	CCC[C@@H]1O[C@@H]1/C=C/C(=O)O[C@@H]1C[C@H]2[C@@H](/C=C(\C)C(=O)[C@@]3(OC(C)=O)C[C@@H](C)[C@H](O)[C@@H]3/C=C/1C)C2(C)C	15;16;18;19	13;14;15;16;17;18;19;20;21;25;30;34	CC(C)(O)[C:1003](/[C:1002](C)=[CH:1001]/C1CC1)=[O:1004]	C/C(=C\C1CC1)C(=O)C(C)(C)O	CSC(C(C)=C([O-])C(C)(C)O)C1CC1
Mol_02250	Mol_02250:atom19	enone	CC(=O)O[C@@H]1[C@H](C)/C=C\C(C)(C)C(=O)CC(=O)/C(C)=C\[C@H]2[C@@H](OC(=O)c3ccccc3)[C@H](C)C[C@]12OC(C)=O	19;17;15;16	12;14;15;16;17;18;19;20;21;34	CC[C:1003](/[C:1002](C)=[CH:1001]\C(C)C)=[O:1004]	CCC(=O)/C(C)=C\C(C)C	CCC([O-])=C(C)C(SC)C(C)C
Mol_02253	Mol_02253:atom10	enone	CC(=O)O[C@@H]1CC(=O)/C(C)=C\[C@H]2[C@@H](OC(=O)c3ccccc3)[C@@H](C)C[C@]2(O)[C@@H](OC(C)=O)[C@@H](C)/C=C\C1(C)C	10;8;6;7	4;5;6;7;8;9;10;11;12;25	CC[C:1003](/[C:1002](C)=[CH:1001]\C(C)C)=[O:1004]	CCC(=O)/C(C)=C\C(C)C	CCC([O-])=C(C)C(SC)C(C)C
Mol_02259	Mol_02259:atom125	enone	O=C1O[C@@H]2[C@H]3OC(=O)c4cc(O)c(O)c(O)c4-c4c(cc5c(c4O)Oc4c(cc(O)c(O)c4O)C(=O)O[C@@H]4O[C@H](COC(=O)c6cc(O)c(O)c(O)c6)[C@@H](OC(=O)c6cc(O)c(O)c(O)c6)[C@@H](OC(=O)c6cc(O)c(O)c(O)c6)[C@@H]4OC(=O)c4cc(O)c(O)c(O)c4O5)C(=O)OC[C@@H]2O[C@@H](OC(=O)c2cc(O)c(O)c(O)c2)[C@@H]3OC(=O)c2cc(O)c(O)c3c2[C@@H]2C1=CC(=O)C(O)(O)[C@]2(O)O3	125;126;127;128	0;1;2;116;117;118;120;122;123;124;125;126;127;128;129;130;131;132	O=C(O)[C:1001]1=[CH:1002][C:1003](=[O:1004])C(O)(O)C[C@@H]1c1ccccc1	O=C(O)C1=CC(=O)C(O)(O)C[C@@H]1c1ccccc1	CSC1(C(=O)O)C=C([O-])C(O)(O)C[C@@H]1c1ccccc1
Mol_02259	Mol_02259:atom126	ester	O=C1O[C@@H]2[C@H]3OC(=O)c4cc(O)c(O)c(O)c4-c4c(cc5c(c4O)Oc4c(cc(O)c(O)c4O)C(=O)O[C@@H]4O[C@H](COC(=O)c6cc(O)c(O)c(O)c6)[C@@H](OC(=O)c6cc(O)c(O)c(O)c6)[C@@H](OC(=O)c6cc(O)c(O)c(O)c6)[C@@H]4OC(=O)c4cc(O)c(O)c(O)c4O5)C(=O)OC[C@@H]2O[C@@H](OC(=O)c2cc(O)c(O)c(O)c2)[C@@H]3OC(=O)c2cc(O)c(O)c3c2[C@@H]2C1=CC(=O)C(O)(O)[C@]2(O)O3	126;125;1;0	0;1;2;3;116;117;118;120;122;123;124;125;126;127;128;129;132	CO[C:1003]([C:1002]1=[CH:1001]C(=O)CC[C@@H]1c1ccccc1)=[O:1004]	COC(=O)C1=CC(=O)CC[C@@H]1c1ccccc1	COC([O-])=C1C(SC)C(=O)CC[C@@H]1c1ccccc1
Mol_02262	Mol_02262:atom125	enone	O=C1O[C@H]2[C@H]3OC(=O)c4cc(O)c(O)c(O)c4-c4c(cc(Oc5c(C(=O)O[C@@H]6O[C@@H]7COC(=O)c8cc(O)c(O)c(O)c8-c8c(cc(O)c(O)c8O)C(=O)O[C@H]7[C@H](OC(=O)c7cc(O)c(O)c(O)c7)[C@H]6OC(=O)c6cc(O)c(O)c(O)c6)cc(O)c(O)c5O)c(O)c4O)C(=O)OC[C@H]2O[C@@H](OC(=O)c2cc(O)c(O)c(O)c2)[C@H]3OC(=O)c2cc(O)c(O)c3c2[C@H]2C1=CC(=O)C(O)(O)[C@]2(O)O3	125;126;127;128	0;1;2;116;117;118;120;122;123;124;125;126;127;128;129;130;131;132	O=C(O)[C:1001]1=[CH:1002][C:1003](=[O:1004])C(O)(O)C[C@H]1c1ccccc1	O=C(O)C1=CC(=O)C(O)(O)C[C@H]1c1ccccc1	CSC1(C(=O)O)C=C([O-])C(O)(O)C[C@H]1c1ccccc1
Mol_02262	Mol_02262:atom126	ester	O=C1O[C@H]2[C@H]3OC(=O)c4cc(O)c(O)c(O)c4-c4c(cc(Oc5c(C(=O)O[C@@H]6O[C@@H]7COC(=O)c8cc(O)c(O)c(O)c8-c8c(cc(O)c(O)c8O)C(=O)O[C@H]7[C@H](OC(=O)c7cc(O)c(O)c(O)c7)[C@H]6OC(=O)c6cc(O)c(O)c(O)c6)cc(O)c(O)c5O)c(O)c4O)C(=O)OC[C@H]2O[C@@H](OC(=O)c2cc(O)c(O)c(O)c2)[C@H]3OC(=O)c2cc(O)c(O)c3c2[C@H]2C1=CC(=O)C(O)(O)[C@]2(O)O3	126;125;1;0	0;1;2;3;116;117;118;120;122;123;124;125;126;127;128;129;132	CO[C:1003]([C:1002]1=[CH:1001]C(=O)CC[C@H]1c1ccccc1)=[O:1004]	COC(=O)C1=CC(=O)CC[C@H]1c1ccccc1	COC([O-])=C1C(SC)C(=O)CC[C@H]1c1ccccc1
Mol_02265	Mol_02265:atom1	ester	C/C=C(/C)C(=O)O[C@@H]1/C(C)=C/[C@@]23O[C@@]2(C[C@H](C)[C@@H]3O)C(=O)[C@H](C)[C@H](O)[C@@H]2[C@H]([C@@H]1OC)C2(C)C	1;2;4;5	0;1;2;3;4;5;6;7	CO[C:1003](/[C:1002](C)=[CH:1001]\C)=[O:1004]	C/C=C(/C)C(=O)OC	COC([O-])=C(C)C(C)SC
Mol_02277	Mol_02277:atom33	enone	CCC(=O)O[C@H]1[C@H](C)C[C@]2(OC(C)=O)[C@H](OC(C)=O)[C@@H](C)/C=C/C(C)(C)C(=O)CC(=O)/C(C)=C/[C@@H]12	33;31;29;30	5;9;26;28;29;30;31;32;33;34	CC[C:1003](/[C:1002](C)=[CH:1001]/C(C)C)=[O:1004]	CCC(=O)/C(C)=C/C(C)C	CCC([O-])=C(C)C(SC)C(C)C
Mol_02285	Mol_02285:atom32	enone	CC(=O)O[C@]12C[C@H](C)[C@H](OC(=O)c3ccccc3)[C@@H]1/C=C(\C)[C@H](O)CC(=O)C(C)(C)[C@@H](O)/C=C(\C)C2=O	32;33;35;36	3;4;5;18;27;30;31;32;33;34;35;36	C[C@@H](O)/[CH:1001]=[C:1002](\C)[C:1003](C(C)(C)O)=[O:1004]	C/C(=C\[C@@H](C)O)C(=O)C(C)(C)O	CSC(C(C)=C([O-])C(C)(C)O)[C@@H](C)O
Mol_02288	Mol_02288:atom11	enone	CC(=O)O[C@@H]1C(=O)C(C)(C)C/C=C(/C)C(=O)[C@@]2(OC(C)=O)C[C@@H](C)[C@H](OC(=O)c3ccccc3)[C@@H]2/C=C(\C)[C@@H]1OC(C)=O	11;12;14;15	7;10;11;12;13;14;15;16;17;21;34	CC/[CH:1001]=[C:1002](/C)[C:1003](C(C)(C)O)=[O:1004]	CC/C=C(/C)C(=O)C(C)(C)O	CCC(SC)C(C)=C([O-])C(C)(C)O
Mol_02295	Mol_02295:atom2	enone	C/C1=C/C2C(C[C@@H](O)/C(C)=C\C3[C@@H](O)[C@H](CO[C@@H]4O[C@H](CO)[C@@H](O)[C@H](O)[C@H]4O)C[C@]3(O)C1=O)C2(C)C	2;1;31;32	0;1;2;3;4;11;28;29;30;31;32;33	CC(C)(O)[C:1003](/[C:1002](C)=[CH:1001]\C1CC1)=[O:1004]	C/C(=C/C1CC1)C(=O)C(C)(C)O	CSC(C(C)=C([O-])C(C)(C)O)C1CC1
Mol_02296	Mol_02296:atom0	enone	C=C1C(=O)[C@@]2(OC(C)=O)C[C@@H](C)[C@H](O)[C@@H]2/C=C(\C)[C@H](OC(=O)/C=C/C=C\CCC)C[C@H]2[C@@H]([C@H]1O)C2(C)C	0;1;2;3	0;1;2;3;4;5;9;14;31;32;33	C[C@@H](O)[C:1002](=[CH2:1001])[C:1003](C(C)(C)O)=[O:1004]	C=C(C(=O)C(C)(C)O)[C@@H](C)O	CSCC(=C([O-])C(C)(C)O)[C@@H](C)O
Mol_02296	Mol_02296:atom23	ester	C=C1C(=O)[C@@]2(OC(C)=O)C[C@@H](C)[C@H](O)[C@@H]2/C=C(\C)[C@H](OC(=O)/C=C/C=C\CCC)C[C@H]2[C@@H]([C@H]1O)C2(C)C	23;22;20;21	18;19;20;21;22;23;24;25	C=C/[CH:1001]=[CH:1002]/[C:1003](OC)=[O:1004]	C=C/C=C/C(=O)OC	C=CC(C=C([O-])OC)SC
Mol_02303	Mol_02303:atom14	enone	CC[C@H](CC[C@@H](C)[C@H]1CC[C@H]2[C@@H]3CCC4=CC(=O)CC[C@]4(C)[C@H]3CC[C@]12C)C(C)C	14;15;16;17	12;13;14;15;16;17;18;19;20;21;22	CC[C:1001]1=[CH:1002][C:1003](=[O:1004])CCC1(C)C	CCC1=CC(=O)CCC1(C)C	CCC1(SC)C=C([O-])CCC1(C)C
Mol_02311	Mol_02311:atom45	enone	O=C1OC2[C@@H]3OC(=O)c4cc(O)c(O)c(O)c4-c4c(cc(O)c(O)c4O)C(=O)OCC(O3)[C@@H](OC(=O)c3cc(O)c(O)c4c3[C@H]3C1=CC(=O)[C@@](O)(O4)C3(O)O)[C@H]2OC(=O)c1cc(O)c(O)c(O)c1	45;46;47;48	0;1;2;36;37;38;40;42;43;44;45;46;47;48;49;50;51;52	O=C(O)[C:1001]1=[CH:1002][C:1003](=[O:1004])[C@]2(O)C[C@H]1c1ccccc1O2	O=C(O)C1=CC(=O)[C@]2(O)C[C@H]1c1ccccc1O2	CSC1(C(=O)O)C=C([O-])[C@]2(O)C[C@H]1c1ccccc1O2
Mol_02311	Mol_02311:atom46	ester	O=C1OC2[C@@H]3OC(=O)c4cc(O)c(O)c(O)c4-c4c(cc(O)c(O)c4O)C(=O)OCC(O3)[C@@H](OC(=O)c3cc(O)c(O)c4c3[C@H]3C1=CC(=O)[C@@](O)(O4)C3(O)O)[C@H]2OC(=O)c1cc(O)c(O)c(O)c1	46;45;1;0	0;1;2;3;36;37;38;40;42;43;44;45;46;47;48;49;52	CO[C:1003]([C:1002]1=[CH:1001]C(=O)CC[C@H]1c1ccccc1)=[O:1004]	COC(=O)C1=CC(=O)CC[C@H]1c1ccccc1	COC([O-])=C1C(SC)C(=O)CC[C@H]1c1ccccc1
Mol_02315	Mol_02315:atom30	enone	O=C1O[C@@H]2[C@@H](OC(=O)c3cc(O)c(O)c(O)c3)[C@H](OC(=O)c3cc(O)c(O)c4c3[C@H]3C1=CC(=O)C(O)(O)[C@H]3O4)O[C@@H]1COC(=O)c3cc(O)c(O)c(O)c3-c3c(cc(O)c(O)c3O)C(=O)O[C@@H]21	30;31;32;33	0;1;2;21;22;23;25;27;28;29;30;31;32;33;34;35;36;37	O=C(O)[C:1001]1=[CH:1002][C:1003](=[O:1004])C(O)(O)C[C@H]1c1ccccc1	O=C(O)C1=CC(=O)C(O)(O)C[C@H]1c1ccccc1	CSC1(C(=O)O)C=C([O-])C(O)(O)C[C@H]1c1ccccc1
Mol_02315	Mol_02315:atom31	ester	O=C1O[C@@H]2[C@@H](OC(=O)c3cc(O)c(O)c(O)c3)[C@H](OC(=O)c3cc(O)c(O)c4c3[C@H]3C1=CC(=O)C(O)(O)[C@H]3O4)O[C@@H]1COC(=O)c3cc(O)c(O)c(O)c3-c3c(cc(O)c(O)c3O)C(=O)O[C@@H]21	31;30;1;0	0;1;2;3;21;22;23;25;27;28;29;30;31;32;33;34;37	CO[C:1003]([C:1002]1=[CH:1001]C(=O)CC[C@H]1c1ccccc1)=[O:1004]	COC(=O)C1=CC(=O)CC[C@H]1c1ccccc1	COC([O-])=C1C(SC)C(=O)CC[C@H]1c1ccccc1
Mol_02316	Mol_02316:atom103	enone	O=C1O[C@H]2[C@@H]3OC(=O)c4cc(O)c(O)c(O)c4-c4c(cc(Oc5c(C(=O)O[C@H]6[C@H](OC(=O)c7cc(O)c(O)c(O)c7)O[C@H](COC(=O)c7cc(O)c(O)c(O)c7)[C@@H](O)[C@@H]6O)cc(O)c(O)c5O)c(O)c4O)C(=O)OC[C@H]2O[C@@H](OC(=O)c2cc(O)c(O)c(O)c2)[C@@H]3OC(=O)c2cc(O)c(O)c3c2[C@@H]2C1=CC(=O)C(O)(O)[C@H]2O3	103;104;105;106	0;1;2;94;95;96;98;100;101;102;103;104;105;106;107;108;109;110	O=C(O)[C:1001]1=[CH:1002][C:1003](=[O:1004])C(O)(O)C[C@@H]1c1ccccc1	O=C(O)C1=CC(=O)C(O)(O)C[C@@H]1c1ccccc1	CSC1(C(=O)O)C=C([O-])C(O)(O)C[C@@H]1c1ccccc1
Mol_02316	Mol_02316:atom104	ester	O=C1O[C@H]2[C@@H]3OC(=O)c4cc(O)c(O)c(O)c4-c4c(cc(Oc5c(C(=O)O[C@H]6[C@H](OC(=O)c7cc(O)c(O)c(O)c7)O[C@H](COC(=O)c7cc(O)c(O)c(O)c7)[C@@H](O)[C@@H]6O)cc(O)c(O)c5O)c(O)c4O)C(=O)OC[C@H]2O[C@@H](OC(=O)c2cc(O)c(O)c(O)c2)[C@@H]3OC(=O)c2cc(O)c(O)c3c2[C@@H]2C1=CC(=O)C(O)(O)[C@H]2O3	104;103;1;0	0;1;2;3;94;95;96;98;100;101;102;103;104;105;106;107;110	CO[C:1003]([C:1002]1=[CH:1001]C(=O)CC[C@@H]1c1ccccc1)=[O:1004]	COC(=O)C1=CC(=O)CC[C@@H]1c1ccccc1	COC([O-])=C1C(SC)C(=O)CC[C@@H]1c1ccccc1
Mol_02374	Mol_02374:atom0	enone	C=C1CC[C@H]2[C@H](C(C)(C)O)CC[C@]2(C)C(OC(C)=O)/C=C(\COC(=O)CC(C)(O)CC(=O)O)CCC1=O	0;1;35;36	0;1;2;3;33;34;35;36	CC[C:1002](=[CH2:1001])[C:1003](CC)=[O:1004]	C=C(CC)C(=O)CC	CCC([O-])=C(CC)CSC
Mol_02399	Mol_02399:atom1	ester	C/C=C(\C)C(=O)O[C@@H]1[C@@H](C)[C@@]2(O)[C@H](C=C(C)C[C@]3(O)C(=O)C(C)=C[C@@H]23)[C@@H]2C(C)(C)[C@]12OC(=O)/C(C)=C/C	1;2;4;5	0;1;2;3;4;5;6;7	CO[C:1003](/[C:1002](C)=[CH:1001]/C)=[O:1004]	C/C=C(\C)C(=O)OC	COC([O-])=C(C)C(C)SC
Mol_02399	Mol_02399:atom23	enone	C/C=C(\C)C(=O)O[C@@H]1[C@@H](C)[C@@]2(O)[C@H](C=C(C)C[C@]3(O)C(=O)C(C)=C[C@@H]23)[C@@H]2C(C)(C)[C@]12OC(=O)/C(C)=C/C	23;21;19;20	10;16;17;18;19;20;21;22;23;24	C[C@H]1[C@@](C)(O)[C:1003](=[O:1004])[C:1002](C)=[CH:1001]1	CC1=C[C@@H](C)[C@@](C)(O)C1=O	CSC1C(C)=C([O-])[C@](C)(O)[C@@H]1C
Mol_02399	Mol_02399:atom35	ester	C/C=C(\C)C(=O)O[C@@H]1[C@@H](C)[C@@]2(O)[C@H](C=C(C)C[C@]3(O)C(=O)C(C)=C[C@@H]23)[C@@H]2C(C)(C)[C@]12OC(=O)/C(C)=C/C	35;33;31;32	29;30;31;32;33;34;35;36	CO[C:1003](/[C:1002](C)=[CH:1001]/C)=[O:1004]	C/C=C(\C)C(=O)OC	COC([O-])=C(C)C(C)SC
Mol_02402	Mol_02402:atom1	enone	CC1=C2C(=O)[C@]3(O)CC[C@H]4[C@@](C)(CCC5C[C@@]54C)[C@@H]3C[C@H]2OC1=O	1;2;3;4	0;1;2;3;4;5;6;7;18;19;20;21;22;23	C[C@]1(O)CC[C@H]2OC(=O)[C:1001](C)=[C:1002]2[C:1003]1=[O:1004]	CC1=C2C(=O)[C@@](C)(O)CC[C@H]2OC1=O	CSC1(C)C(=O)O[C@@H]2CC[C@](C)(O)C([O-])=C21
Mol_02402	Mol_02402:atom2	ester	CC1=C2C(=O)[C@]3(O)CC[C@H]4[C@@](C)(CCC5C[C@@]54C)[C@@H]3C[C@H]2OC1=O	2;1;22;23	0;1;2;3;4;5;19;20;21;22;23	CC(=O)[C:1001]1=[C:1002](C)[C:1003](=[O:1004])O[C@@H]1C	CC(=O)C1=C(C)C(=O)O[C@@H]1C	CSC1(C(C)=O)C(C)=C([O-])O[C@@H]1C
Mol_02403	Mol_02403:atom1	enone	CC1=C2C(=O)C3=C(C[C@H]2OC1=O)[C@]1(C)CCC2C[C@]2(C)[C@H]1CC3	1;2;3;4	0;1;2;3;4;5;6;7;8;9;10;11;22	CC1=CC[C@H]2OC(=O)[C:1001](C)=[C:1002]2[C:1003]1=[O:1004]	CC1=CC[C@H]2OC(=O)C(C)=C2C1=O	CSC1(C)C(=O)O[C@@H]2CC=C(C)C([O-])=C21
Mol_02403	Mol_02403:atom2	ester	CC1=C2C(=O)C3=C(C[C@H]2OC1=O)[C@]1(C)CCC2C[C@]2(C)[C@H]1CC3	2;1;10;11	0;1;2;3;4;5;7;8;9;10;11	CC(=O)[C:1001]1=[C:1002](C)[C:1003](=[O:1004])O[C@@H]1C	CC(=O)C1=C(C)C(=O)O[C@@H]1C	CSC1(C(C)=O)C(C)=C([O-])O[C@@H]1C
Mol_02403	Mol_02403:atom6	enone	CC1=C2C(=O)C3=C(C[C@H]2OC1=O)[C@]1(C)CCC2C[C@]2(C)[C@H]1CC3	6;5;3;4	1;2;3;4;5;6;7;8;12;13;14;20;21;22	C=C1CC[C:1001]2=[C:1002](CCCC2(C)C)[C:1003]1=[O:1004]	C=C1CCC2=C(CCCC2(C)C)C1=O	C=C1CCC2(SC)C(=C1[O-])CCCC2(C)C
Mol_02404	Mol_02404:atom1	enone	CC1=C2C(=O)C3=CC[C@H]4[C@@](C)(CCC5C[C@@]54C)[C@@H]3C[C@H]2OC1=O	1;2;3;4	0;1;2;3;4;5;6;17;18;19;20;21;22	C=C1CC[C@H]2OC(=O)[C:1001](C)=[C:1002]2[C:1003]1=[O:1004]	C=C1CC[C@H]2OC(=O)C(C)=C2C1=O	C=C1CC[C@H]2OC(=O)C(C)(SC)C2=C1[O-]
Mol_02404	Mol_02404:atom2	ester	CC1=C2C(=O)C3=CC[C@H]4[C@@](C)(CCC5C[C@@]54C)[C@@H]3C[C@H]2OC1=O	2;1;21;22	0;1;2;3;4;5;18;19;20;21;22	CC(=O)[C:1001]1=[C:1002](C)[C:1003](=[O:1004])O[C@@H]1C	CC(=O)C1=C(C)C(=O)O[C@@H]1C	CSC1(C(C)=O)C(C)=C([O-])O[C@@H]1C
Mol_02404	Mol_02404:atom6	enone	CC1=C2C(=O)C3=CC[C@H]4[C@@](C)(CCC5C[C@@]54C)[C@@H]3C[C@H]2OC1=O	6;5;3;4	1;2;3;4;5;6;7;8;9;17;18;19	C=C1CC[C@H]2CCC[CH:1001]=[C:1002]2[C:1003]1=[O:1004]	C=C1CC[C@H]2CCCC=C2C1=O	C=C1CC[C@H]2CCCC(SC)C2=C1[O-]
Mol_02405	Mol_02405:atom1	enone	CC1=C2C(=O)C3=C(C[C@H]2OC1=O)[C@]1(C)CCC2C[C@]2(C)[C@H]1C[C@@H]3O	1;2;3;4	0;1;2;3;4;5;6;7;8;9;10;11;22	CC1=CC[C@H]2OC(=O)[C:1001](C)=[C:1002]2[C:1003]1=[O:1004]	CC1=CC[C@H]2OC(=O)C(C)=C2C1=O	CSC1(C)C(=O)O[C@@H]2CC=C(C)C([O-])=C21
Mol_02405	Mol_02405:atom2	ester	CC1=C2C(=O)C3=C(C[C@H]2OC1=O)[C@]1(C)CCC2C[C@]2(C)[C@H]1C[C@@H]3O	2;1;10;11	0;1;2;3;4;5;7;8;9;10;11	CC(=O)[C:1001]1=[C:1002](C)[C:1003](=[O:1004])O[C@@H]1C	CC(=O)C1=C(C)C(=O)O[C@@H]1C	CSC1(C(C)=O)C(C)=C([O-])O[C@@H]1C
Mol_02405	Mol_02405:atom6	enone	CC1=C2C(=O)C3=C(C[C@H]2OC1=O)[C@]1(C)CCC2C[C@]2(C)[C@H]1C[C@@H]3O	6;5;3;4	1;2;3;4;5;6;7;8;12;13;14;20;21;22;23	C=C1CC[C:1001]2=[C:1002]([C@@H](O)CCC2(C)C)[C:1003]1=[O:1004]	C=C1CCC2=C(C1=O)[C@@H](O)CCC2(C)C	C=C1CCC2(SC)C(=C1[O-])[C@@H](O)CCC2(C)C
Mol_02406	Mol_02406:atom9	enone	CC1C(=O)O[C@@H]2C[C@@H]3C(=CC[C@H]4[C@@]3(C)CCC3C[C@@]34C)C(=O)[C@H]12	9;8;20;21	1;5;6;7;8;9;10;11;12;20;21;22	C[C@@H]1CC[C@H]2CCC[CH:1001]=[C:1002]2[C:1003]1=[O:1004]	C[C@@H]1CC[C@H]2CCCC=C2C1=O	CSC1CCC[C@@H]2CC[C@@H](C)C([O-])=C12
Mol_02415	Mol_02415:atom25	ester	C=C(CCCC(C)C)[C@H]1CC[C@@]2(C)C3CC[C@H]4C(C)(C)[C@@H](OC(=O)/C=C/C=C/CCCCC)CC[C@@]45C[C@@]35CC[C@]12C	25;24;22;23	20;21;22;23;24;25;26;27	C=C/[CH:1001]=[CH:1002]/[C:1003](OC)=[O:1004]	C=C/C=C/C(=O)OC	C=CC(C=C([O-])OC)SC
Mol_02416	Mol_02416:atom25	ester	C=C(CCCC(C)C)[C@@H]1CC[C@]2(C)C3=CC[C@H]4C(C)(C)C(OC(=O)/C=C/C=C/CCCCC)CC[C@]4(C)[C@H]3CC[C@@]12C	25;24;22;23	20;21;22;23;24;25;26;27	C=C/[CH:1001]=[CH:1002]/[C:1003](OC)=[O:1004]	C=C/C=C/C(=O)OC	C=CC(C=C([O-])OC)SC
Mol_02425	Mol_02425:atom1	ester	C/C=C(\C)C(=O)O[C@@H]1C2C(C2(C)C)[C@@]2(OC(C)=O)C(=C[C@@]34O[C@@]3(CC(C)[C@@H]4OC(C)=O)C(=O)[C@H]2C)[C@H]1OC(C)=O	1;2;4;5	0;1;2;3;4;5;6;7	CO[C:1003](/[C:1002](C)=[CH:1001]/C)=[O:1004]	C/C=C(\C)C(=O)OC	COC([O-])=C(C)C(C)SC
Mol_02429	Mol_02429:atom1	ester	C/C=C(\C)C(=O)O[C@@H]1C2C(C2(C)C)[C@@]2(OC(C)=O)C(=C[C@@]34O[C@@]3(CC(C)[C@@H]4OC(C)=O)C(=O)[C@H]2C)[C@H]1O	1;2;4;5	0;1;2;3;4;5;6;7	CO[C:1003](/[C:1002](C)=[CH:1001]/C)=[O:1004]	C/C=C(\C)C(=O)OC	COC([O-])=C(C)C(C)SC
Mol_02441	Mol_02441:atom3	ester	O=C(/C=C/c1ccc(O)cc1)OCC1OC(Oc2cc(O)c3c(c2)OC(c2ccc(O)cc2)CC3=O)C(O)C(O)C1O	3;2;1;0	0;1;2;3;4;5;6;7;9;10;11;12	CO[C:1003](/[CH:1002]=[CH:1001]/c1ccccc1)=[O:1004]	COC(=O)/C=C/c1ccccc1	COC([O-])=CC(SC)c1ccccc1
Mol_02442	Mol_02442:atom38	ester	COc1ccc(C2CC(=O)c3c(O)cc(OC4OC(COC5OC(C)C(O)C(O)C5O)C(O)C(OC(=O)/C=C/c5ccc(O)cc5)C4O)cc3O2)cc1	38;37;35;36	33;34;35;36;37;38;39;40;41;42;44;45	CO[C:1003](/[CH:1002]=[CH:1001]/c1ccccc1)=[O:1004]	COC(=O)/C=C/c1ccccc1	COC([O-])=CC(SC)c1ccccc1
Mol_02443	Mol_02443:atom3	ester	O=C(/C=C\c1ccc(O)cc1)OCC1OC(Oc2cc(O)c3c(c2)OC(c2ccc(O)cc2)CC3=O)C(O)C(O)C1O	3;2;1;0	0;1;2;3;4;5;6;7;9;10;11;12	CO[C:1003](/[CH:1002]=[CH:1001]\c1ccccc1)=[O:1004]	COC(=O)/C=C\c1ccccc1	COC([O-])=CC(SC)c1ccccc1
Mol_02457	Mol_02457:atom28	enone	CC(=O)O[C@@H]1[C@H]2[C@@H](OC(=O)c3ccccc3)[C@@H](C)C[C@]2(O)[C@@H](OC(C)=O)[C@@]2(C)C3=C(C[C@]1(OC(C)=O)[C@@H]2OC(C)=O)C(=O)C(C)(C)[C@H]3OC(C)=O	28;29;41;42	21;26;27;28;29;30;31;36;41;42;43;44;45;46;47	CC1(C)CCC[C:1002]2=[C:1001]1[C@H](O)C(C)(C)[C:1003]2=[O:1004]	CC1(C)CCCC2=C1[C@H](O)C(C)(C)C2=O	CSC12C(=C([O-])C(C)(C)[C@H]1O)CCCC2(C)C
Mol_02458	Mol_02458:atom32	enone	CC(=O)OCC(=O)O[C@@H]1[C@H]2[C@@H](OC(=O)c3ccccc3)[C@@H](C)C[C@]2(O)[C@H](OC(C)=O)[C@@]2(C)C3=C(C[C@]1(OC(C)=O)[C@@H]2OC(C)=O)C(=O)C(C)(C)C3	32;33;45;46	25;30;31;32;33;34;35;40;45;46;47;48;49;50	CC1(C)CCC[C:1002]2=[C:1001]1CC(C)(C)[C:1003]2=[O:1004]	CC1(C)CC2=C(CCCC2(C)C)C1=O	CSC12CC(C)(C)C([O-])=C1CCCC2(C)C
Mol_02461	Mol_02461:atom7	enone	CC(=O)OC1[C@]2(C)C3=C(C[C@@]1(OC(C)=O)[C@H](OC(C)=O)[C@H]1[C@@H](Oc4ccccc4)[C@@H](C)C[C@]1(O)C2OC(C)=O)C(=O)C(C)(C)[C@H]3OC(C)=O	7;8;39;40	4;5;6;7;8;9;10;34;39;40;41;42;43;44;45	CC1(C)CCC[C:1002]2=[C:1001]1[C@H](O)C(C)(C)[C:1003]2=[O:1004]	CC1(C)CCCC2=C1[C@H](O)C(C)(C)C2=O	CSC12C(=C([O-])C(C)(C)[C@H]1O)CCCC2(C)C
Mol_02462	Mol_02462:atom30	enone	CC(=O)OCC(=O)O[C@@H]1[C@H]2[C@@H](Oc3ccccc3)[C@@H](C)C[C@]2(O)C(OC(C)=O)[C@@]2(C)C3=C(C[C@]1(OC(C)=O)C2OC(C)=O)C(=O)C(C)(C)C3	30;31;43;44	23;28;29;30;31;32;33;38;43;44;45;46;47;48	CC1(C)CCC[C:1002]2=[C:1001]1CC(C)(C)[C:1003]2=[O:1004]	CC1(C)CC2=C(CCCC2(C)C)C1=O	CSC12CC(C)(C)C([O-])=C1CCCC2(C)C
Mol_02472	Mol_02472:atom25	enone	CCCCCCCCCCCCCCCC(=O)O[C@@]12C[C@@H](C)[C@]3(O)[C@@H]4C=C(C)C(=O)[C@@H]4CC(CO)=C[C@H]3[C@@H]1[C@@H]2C	25;26;28;29	22;24;25;26;27;28;29;30;31	C[C@@H]1[C@H](C)[CH:1001]=[C:1002](C)[C:1003]1=[O:1004]	CC1=C[C@@H](C)[C@@H](C)C1=O	CSC1C(C)=C([O-])[C@H](C)[C@@H]1C
Mol_02475	Mol_02475:atom2	ester	CC1=C2C=C3CC[C@@H]4C[C@H](C)CC[C@@]4(C)[C@@H]3C[C@H]2OC1=O	2;1;19;20	0;1;2;3;4;16;17;18;19;20	C=C[C:1001]1=[C:1002](C)[C:1003](=[O:1004])O[C@@H]1C	C=CC1=C(C)C(=O)O[C@@H]1C	C=CC1(SC)C(C)=C([O-])O[C@@H]1C
Mol_02476	Mol_02476:atom2	ester	CC1=C2C(=C[C@@H]3C4(CC[C@@H]5C[C@H](C)CC[C@]53C)OC24)OC1=O	2;1;20;21	0;1;2;3;4;6;17;18;19;20;21	C=C1O[C:1003](=[O:1004])[C:1002](C)=[C:1001]1C1CO1	C=C1OC(=O)C(C)=C1C1CO1	C=C1OC([O-])=C(C)C1(SC)C1CO1
Mol_02497	Mol_02497:atom40	enone	CCCCC/C=C\C/C=C\CCCCCCCC(=O)OCC1=C[C@H]2[C@@H]3C(C)(C)[C@]3(OC(C)=O)[C@H](O)[C@@H](C)[C@]2(O)[C@@H]2C=C(C)C(=O)[C@@]2(O)C1	40;41;43;44	37;39;40;41;42;43;44;45;46;47	C[C@H]1[C@@](C)(O)[C:1003](=[O:1004])[C:1002](C)=[CH:1001]1	CC1=C[C@@H](C)[C@@](C)(O)C1=O	CSC1C(C)=C([O-])[C@](C)(O)[C@@H]1C
Mol_02498	Mol_02498:atom1	ester	C/C=C(\C)C(=O)O[C@@]12[C@H](O)[C@@H](C)[C@@]3(O)[C@@H](C=C(COC(=O)CCCCCCC/C=C\C/C=C\CCCCC)C[C@]4(O)C(=O)C(C)=C[C@@H]34)[C@@H]1C2(C)C	1;2;4;5	0;1;2;3;4;5;6;7	CO[C:1003](/[C:1002](C)=[CH:1001]/C)=[O:1004]	C/C=C(\C)C(=O)OC	COC([O-])=C(C)C(C)SC
Mol_02498	Mol_02498:atom45	enone	C/C=C(\C)C(=O)O[C@@]12[C@H](O)[C@@H](C)[C@@]3(O)[C@@H](C=C(COC(=O)CCCCCCC/C=C\C/C=C\CCCCC)C[C@]4(O)C(=O)C(C)=C[C@@H]34)[C@@H]1C2(C)C	45;43;41;42	12;38;39;40;41;42;43;44;45;46	C[C@H]1[C@@](C)(O)[C:1003](=[O:1004])[C:1002](C)=[CH:1001]1	CC1=C[C@@H](C)[C@@](C)(O)C1=O	CSC1C(C)=C([O-])[C@](C)(O)[C@@H]1C
Mol_02499	Mol_02499:atom1	ester	C/C=C(/C)C(=O)O[C@]12C(C3C=C(CO)C[C@]4(O)C(=O)C(C)=CC4[C@@]3(O)[C@H](C)[C@H]1OC(C)=O)C2(C)C	1;2;4;5	0;1;2;3;4;5;6;7	CO[C:1003](/[C:1002](C)=[CH:1001]\C)=[O:1004]	C/C=C(/C)C(=O)OC	COC([O-])=C(C)C(C)SC
Mol_02499	Mol_02499:atom21	enone	C/C=C(/C)C(=O)O[C@]12C(C3C=C(CO)C[C@]4(O)C(=O)C(C)=CC4[C@@]3(O)[C@H](C)[C@H]1OC(C)=O)C2(C)C	21;19;17;18	14;15;16;17;18;19;20;21;22;23	CC1[C@@](C)(O)[C:1003](=[O:1004])[C:1002](C)=[CH:1001]1	CC1=CC(C)[C@@](C)(O)C1=O	CSC1C(C)=C([O-])[C@](C)(O)C1C
Mol_02500	Mol_02500:atom29	enone	CCCCCCCCCC(=O)O[C@@H]1[C@@H](C)[C@@]2(O)C(C=C(CO)C[C@]3(O)C(=O)C(C)=CC23)C2C(C)(C)[C@@]21OC(=O)C(C)CC	29;27;25;26	15;22;23;24;25;26;27;28;29;30	CC1[C@@](C)(O)[C:1003](=[O:1004])[C:1002](C)=[CH:1001]1	CC1=CC(C)[C@@](C)(O)C1=O	CSC1C(C)=C([O-])[C@](C)(O)C1C
Mol_02501	Mol_02501:atom1	ester	C/C=C(\C)C(=O)O[C@@H]1[C@@H](C)[C@@]2(O)C(C=C(CO)C[C@]3(O)C(=O)C(C)=CC23)C2C(C)(C)[C@@]21OC(=O)C(C)CC	1;2;4;5	0;1;2;3;4;5;6;7	CO[C:1003](/[C:1002](C)=[CH:1001]/C)=[O:1004]	C/C=C(\C)C(=O)OC	COC([O-])=C(C)C(C)SC
Mol_02501	Mol_02501:atom24	enone	C/C=C(\C)C(=O)O[C@@H]1[C@@H](C)[C@@]2(O)C(C=C(CO)C[C@]3(O)C(=O)C(C)=CC23)C2C(C)(C)[C@@]21OC(=O)C(C)CC	24;22;20;21	10;17;18;19;20;21;22;23;24;25	CC1[C@@](C)(O)[C:1003](=[O:1004])[C:1002](C)=[CH:1001]1	CC1=CC(C)[C@@](C)(O)C1=O	CSC1C(C)=C([O-])[C@](C)(O)C1C
Mol_02502	Mol_02502:atom34	enone	CCCCCCCCCC(=O)O[C@@]12[C@H](OC(C)=O)[C@@H](C)[C@@]3(O)[C@@H](C=C(CO)C[C@]4(O)C(=O)C(C)=C[C@@H]34)[C@@H]1C2(C)C	34;32;30;31	20;27;28;29;30;31;32;33;34;35	C[C@H]1[C@@](C)(O)[C:1003](=[O:1004])[C:1002](C)=[CH:1001]1	CC1=C[C@@H](C)[C@@](C)(O)C1=O	CSC1C(C)=C([O-])[C@](C)(O)[C@@H]1C
Mol_02503	Mol_02503:atom28	enone	CCCCCCCCCCCC(=O)OC12C(C3C=C(CO)C[C@]4(O)C(=O)C(C)=CC4[C@@]3(O)[C@H](C)[C@H]1OC(=O)C(C)CC)C2(C)C	28;26;24;25	21;22;23;24;25;26;27;28;29;30	CC1[C@@](C)(O)[C:1003](=[O:1004])[C:1002](C)=[CH:1001]1	CC1=CC(C)[C@@](C)(O)C1=O	CSC1C(C)=C([O-])[C@](C)(O)C1C
Mol_02504	Mol_02504:atom33	enone	CCCCCCCCCCCCCC(=O)O[C@@H]1[C@@H](C)[C@@]2(O)[C@@H](C=C(CO)C[C@]3(O)C(=O)C(C)=C[C@@H]23)[C@@H]2C(C)(C)[C@]12OC(C)=O	33;31;29;30	19;26;27;28;29;30;31;32;33;34	C[C@H]1[C@@](C)(O)[C:1003](=[O:1004])[C:1002](C)=[CH:1001]1	CC1=C[C@@H](C)[C@@](C)(O)C1=O	CSC1C(C)=C([O-])[C@](C)(O)[C@@H]1C
Mol_02505	Mol_02505:atom31	enone	CC1=C[C@@H]2[C@](C)([C@H](C)[C@@H](OC(=O)c3ccccc3)[C@@]3(OC(=O)C(C)C)C(C)(C)[C@@]23C)[C@@H]2C=C(C)C(=O)[C@@H]2C1	31;32;34;35	4;30;31;32;33;34;35;36;37	C[C@@H]1[C@H](C)[CH:1001]=[C:1002](C)[C:1003]1=[O:1004]	CC1=C[C@@H](C)[C@@H](C)C1=O	CSC1C(C)=C([O-])[C@H](C)[C@@H]1C
Mol_02510	Mol_02510:atom2	ester	CC1=C2C=C3CC[C@@H]4C(C)(C)CCC[C@@]4(C)[C@@H]3C[C@H]2OC1=O	2;1;20;21	0;1;2;3;4;17;18;19;20;21	C=C[C:1001]1=[C:1002](C)[C:1003](=[O:1004])O[C@@H]1C	C=CC1=C(C)C(=O)O[C@@H]1C	C=CC1(SC)C(C)=C([O-])O[C@@H]1C
Mol_02532	Mol_02532:atom12	enone	CC(=O)OC1[C@@]2(OC(C)=O)CC3=C([C@H](OC(C)=O)C(C)(C)C3=O)[C@]1(C)[C@@H](OC(C)=O)[C@@]1(O)C[C@H](C)[C@H](OC(=O)c3ccccc3)[C@@H]1[C@H]2OC(C)=O	12;11;21;22	4;5;10;11;12;13;14;18;19;20;21;22;23;24;25	CC1(C)CCC[C:1002]2=[C:1001]1[C@H](O)C(C)(C)[C:1003]2=[O:1004]	CC1(C)CCCC2=C1[C@H](O)C(C)(C)C2=O	CSC12C(=C([O-])C(C)(C)[C@H]1O)CCCC2(C)C
Mol_02574	Mol_02574:atom35	enone	O=C1OC[C@H]2OC(=O)c3cc(O)c(O)c(O)c3-c3c(O)c(O)c(O)c4c3C(=O)O[C@H]([C@H]3OC(=O)C5C4=C(O)C(=O)C54Oc5cc(O)c6c(c5[C@H]34)O[C@H](c3ccc(O)c(O)c3)[C@@H](O)C6)[C@@H]2OC(=O)c2cc(O)c(O)c(O)c2-c2c1cc(O)c(O)c2O	35;36;38;39	17;18;20;22;24;25;32;34;35;36;37;38;39;40;41;49	CC1C(C)(O)[C:1003](=[O:1004])[C:1002](O)=[C:1001]1c1ccccc1	CC1C(c2ccccc2)=C(O)C(=O)C1(C)O	CSC1(c2ccccc2)C(O)=C([O-])C(C)(O)C1C
Mol_02616	Mol_02616:atom17	ester	C=C[C@H]1[C@H](O[C@@H]2O[C@H](CO)[C@@H](O)[C@H](O)[C@H]2O)OC=C2C(=O)OCC[C@H]21	17;18;19;20	2;3;16;17;18;19;20;21;22;23;24	C1C[C@@H]2CCO[C:1003](=[O:1004])[C:1002]2=[CH:1001]O1	O=C1OCC[C@H]2CCOC=C12	CSC1OCC[C@@H]2CCOC([O-])=C12
Mol_02617	Mol_02617:atom3	ester	O=C(/C=C/c1ccccc1)OC[C@]12O[C@H]1[C@@H](O)[C@@H]1C=CO[C@@H](O[C@@H]3O[C@H](CO)[C@@H](O)[C@H](O)[C@H]3O)[C@@H]12	3;2;1;0	0;1;2;3;4;5;6;7;8;9;10;11	CO[C:1003](/[CH:1002]=[CH:1001]/c1ccccc1)=[O:1004]	COC(=O)/C=C/c1ccccc1	COC([O-])=CC(SC)c1ccccc1
Mol_02618	Mol_02618:atom3	ester	O=C(/C=C\c1ccccc1)OC[C@]12O[C@H]1[C@@H](O)[C@@H]1C=CO[C@@H](O[C@@H]3O[C@H](CO)[C@@H](O)[C@H](O)[C@H]3O)[C@@H]12	3;2;1;0	0;1;2;3;4;5;6;7;8;9;10;11	CO[C:1003](/[CH:1002]=[CH:1001]\c1ccccc1)=[O:1004]	COC(=O)/C=C\c1ccccc1	COC([O-])=CC(SC)c1ccccc1
Mol_02619	Mol_02619:atom3	ester	O=C(/C=C/c1ccccc1)OC[C@]12O[C@H]1[C@@H](O)[C@@H]1CCO[C@@H](O[C@@H]3O[C@H](CO)[C@@H](O)[C@H](O)[C@H]3O)[C@@H]12	3;2;1;0	0;1;2;3;4;5;6;7;8;9;10;11	CO[C:1003](/[CH:1002]=[CH:1001]/c1ccccc1)=[O:1004]	COC(=O)/C=C/c1ccccc1	COC([O-])=CC(SC)c1ccccc1
Mol_02620	Mol_02620:atom3	ester	O=C(/C=C/c1ccccc1)OC[C@@]1(O)C2C(O[C@@H]3O[C@H](CO)[C@@H](O)[C@H](O)[C@H]3O)OC=C[C@H]2[C@H](O)[C@@H]1O	3;2;1;0	0;1;2;3;4;5;6;7;8;9;10;11	CO[C:1003](/[CH:1002]=[CH:1001]/c1ccccc1)=[O:1004]	COC(=O)/C=C/c1ccccc1	COC([O-])=CC(SC)c1ccccc1
Mol_02621	Mol_02621:atom3	ester	O=C(/C=C/c1ccccc1)OC[C@@]1(O)[C@H]2[C@H](O[C@@H]3O[C@H](CO)[C@@H](O)[C@H](O)[C@H]3O)OC=C[C@H]2[C@H](O)[C@H]1O	3;2;1;0	0;1;2;3;4;5;6;7;8;9;10;11	CO[C:1003](/[CH:1002]=[CH:1001]/c1ccccc1)=[O:1004]	COC(=O)/C=C/c1ccccc1	COC([O-])=CC(SC)c1ccccc1
Mol_02622	Mol_02622:atom3	ester	O=C(/C=C/c1ccccc1)OC[C@]1(O)[C@H]2[C@H](O[C@@H]3O[C@H](CO)[C@@H](O)[C@H](O)[C@H]3O)OC=C[C@H]2[C@H](O)[C@@H]1Cl	3;2;1;0	0;1;2;3;4;5;6;7;8;9;10;11	CO[C:1003](/[CH:1002]=[CH:1001]/c1ccccc1)=[O:1004]	COC(=O)/C=C/c1ccccc1	COC([O-])=CC(SC)c1ccccc1
Mol_02625	Mol_02625:atom3	ester	O=C(/C=C/c1ccc(O)cc1)OC[C@H]1O[C@@H](OOCCc2ccc(O)c(O)c2)[C@H](O)[C@@H](O)[C@@H]1O	3;2;1;0	0;1;2;3;4;5;6;7;9;10;11;12	CO[C:1003](/[CH:1002]=[CH:1001]/c1ccccc1)=[O:1004]	COC(=O)/C=C/c1ccccc1	COC([O-])=CC(SC)c1ccccc1
Mol_02630	Mol_02630:atom29	ester	C[C@@H]1O[C@@H](OC[C@H]2O[C@@H](OCCc3ccc(O)c(O)c3)[C@H](O)[C@@H](O)[C@@H]2OC(=O)/C=C/c2ccc(O)c(O)c2)[C@H](O)[C@H](O)[C@H]1O	29;28;26;27	24;25;26;27;28;29;30;31;32;33;35;37	CO[C:1003](/[CH:1002]=[CH:1001]/c1ccccc1)=[O:1004]	COC(=O)/C=C/c1ccccc1	COC([O-])=CC(SC)c1ccccc1
Mol_02631	Mol_02631:atom22	enal	CC[C@@H](C)C[C@@H](C)/C=C/[C@@]12C[C@H]3[C@@H](C=C(C)C)[C@@](C/C=C(C)/C(C)=C/C=O)(C1=O)C(=O)[C@@](C(=O)c1ccccc1)(C2=O)C3(C)C	22;24;25;26	19;20;21;22;23;24;25;26	C=C(C)/[C:1001](C)=[CH:1002]/[CH:1003]=[O:1004]	C=C(C)/C(C)=C/C=O	C=C(C)C(C)(C=C[O-])SC
Mol_02633	Mol_02633:atom29	enone	CCCCCC[C@@H](C)/C=C(C)/C=C/C(=O)N[C@@H]1C[C@@H](OC)O[C@@H]2[C@H](Cl)C(=O)C(Cl)=C[C@@]21O	29;27;25;26	16;22;23;24;25;26;27;28;29;30;31	C[C@]1(O)C[C@H](Cl)[C:1003](=[O:1004])[C:1002](Cl)=[CH:1001]1	C[C@@]1(O)C=C(Cl)C(=O)[C@@H](Cl)C1	CSC1C(Cl)=C([O-])[C@@H](Cl)C[C@]1(C)O
Mol_02642	Mol_02642:atom19	enone	CCCCCCC(C)/C=C(C)/C=C/C(=O)NC1CC2(C=C(Cl)C(=O)C(Cl)=C2)OC1O	19;20;22;23	17;18;19;20;21;22;23;24;25;26;27	CC1(O)C=C(Cl)[C:1003](=[O:1004])[C:1002](Cl)=[CH:1001]1	CC1(O)C=C(Cl)C(=O)C(Cl)=C1	CSC1C(Cl)=C([O-])C(Cl)=CC1(C)O
Mol_02642	Mol_02642:atom26	enone	CCCCCCC(C)/C=C(C)/C=C/C(=O)NC1CC2(C=C(Cl)C(=O)C(Cl)=C2)OC1O	26;24;22;23	17;18;19;20;21;22;23;24;25;26;27	CC1(O)C=C(Cl)[C:1003](=[O:1004])[C:1002](Cl)=[CH:1001]1	CC1(O)C=C(Cl)C(=O)C(Cl)=C1	CSC1C(Cl)=C([O-])C(Cl)=CC1(C)O
Mol_02643	Mol_02643:atom19	enone	CCCCCC[C@@H](C)/C=C(C)/C=C/C(=O)N[C@H]1C[C@]2(C=C(Cl)C(=O)[C@H](Cl)[C@H]2O)O[C@H]1OC	19;20;22;23	17;18;19;20;21;22;23;24;25;26;28	C[C@]1(O)C[C@@H](Cl)[C:1003](=[O:1004])[C:1002](Cl)=[CH:1001]1	C[C@@]1(O)C=C(Cl)C(=O)[C@H](Cl)C1	CSC1C(Cl)=C([O-])[C@H](Cl)C[C@]1(C)O
Mol_02644	Mol_02644:atom14	enone	CCCCCCC(=O)O[C@H]1C(=O)C(C)=C(\C=C/C(C)=C/C=C/C(C)=C/C=C/C=C(C)/C=C/C=C(C)/C=C/C2=C(C)C(=O)[C@H](OC(=O)CCCCCC)C2(C)C)C1(C)C	14;12;10;11	8;9;10;11;12;13;14;15;16;55;56;57	C=C[C:1001]1=[C:1002](C)[C:1003](=[O:1004])[C@H](O)C1(C)C	C=CC1=C(C)C(=O)[C@H](O)C1(C)C	C=CC1(SC)C(C)=C([O-])[C@H](O)C1(C)C
Mol_02644	Mol_02644:atom37	enone	CCCCCCC(=O)O[C@H]1C(=O)C(C)=C(\C=C/C(C)=C/C=C/C(C)=C/C=C/C=C(C)/C=C/C=C(C)/C=C/C2=C(C)C(=O)[C@H](OC(=O)CCCCCC)C2(C)C)C1(C)C	37;38;40;41	35;36;37;38;39;40;41;42;43;52;53;54	C=C[C:1001]1=[C:1002](C)[C:1003](=[O:1004])[C@H](O)C1(C)C	C=CC1=C(C)C(=O)[C@H](O)C1(C)C	C=CC1(SC)C(C)=C([O-])[C@H](O)C1(C)C
Mol_02671	Mol_02671:atom19	enone	C=C[C@@H]1C[C@@H](Cc2ccc(OC)c(O)c2)[C@H]2C(=O)C=CC(=C)[C@H]21	19;18;16;17	4;15;16;17;18;19;20;21;22	C=C1C[C@@H](C)[C:1003](=[O:1004])[CH:1002]=[CH:1001]1	C=C1C=CC(=O)[C@H](C)C1	C=C1C[C@@H](C)C([O-])=CC1SC
Mol_02672	Mol_02672:atom19	enone	C=C[C@@H]1C[C@@H](Cc2ccc(O)c(OC)c2)[C@@H]2C(=O)C=CC(=C)[C@H]21	19;18;16;17	4;15;16;17;18;19;20;21;22	C=C1C[C@H](C)[C:1003](=[O:1004])[CH:1002]=[CH:1001]1	C=C1C=CC(=O)[C@@H](C)C1	C=C1C[C@H](C)C([O-])=CC1SC
Mol_02677	Mol_02677:atom3	ester	O=C(/C=C/c1ccc(O)c(O)c1)O[C@H](Cc1ccc(O)c(O)c1)C(=O)O	3;2;1;0	0;1;2;3;4;5;6;7;9;11;12;13	CO[C:1003](/[CH:1002]=[CH:1001]/c1ccccc1)=[O:1004]	COC(=O)/C=C/c1ccccc1	COC([O-])=CC(SC)c1ccccc1
Mol_02695	Mol_02695:atom16	ester	COC(=O)[C@@]1(O)C[C@@H](O)[C@H](O)[C@H](OC(=O)/C=C/c2ccc(O)c(O)c2)C1	16;15;13;14	11;12;13;14;15;16;17;18;19;20;22;24	CO[C:1003](/[CH:1002]=[CH:1001]/c1ccccc1)=[O:1004]	COC(=O)/C=C/c1ccccc1	COC([O-])=CC(SC)c1ccccc1
Mol_02696	Mol_02696:atom3	ester	O=C(/C=C/c1ccc(O)c(O)c1)OC1CC(O)(C(=O)O)CC(O)C1O	3;2;1;0	0;1;2;3;4;5;6;7;9;11;12;13	CO[C:1003](/[CH:1002]=[CH:1001]/c1ccccc1)=[O:1004]	COC(=O)/C=C/c1ccccc1	COC([O-])=CC(SC)c1ccccc1
Mol_02702	Mol_02702:atom2	enone	CC1=C[C@@H](O)[C@@H](O)[C@@H](OCc2c(C)cccc2O)C1=O	2;1;18;19	0;1;2;3;4;5;7;8;18;19	C[C:1002]1=[CH:1001][C@@H](O)C[C@@H](O)[C:1003]1=[O:1004]	CC1=C[C@@H](O)C[C@@H](O)C1=O	CSC1C(C)=C([O-])[C@H](O)C[C@@H]1O
Mol_02705	Mol_02705:atom2	enone	CC1=C[C@H](O)[C@@H](O)CC1=O	2;1;8;9	0;1;2;3;4;5;7;8;9	C[C:1002]1=[CH:1001][C@H](O)CC[C:1003]1=[O:1004]	CC1=C[C@H](O)CCC1=O	CSC1C(C)=C([O-])CC[C@H]1O
Mol_02714	Mol_02714:atom2	enone	CC1=C(C)[C@@]2(C)Cc3c(O)c(O)c(O)c(C)c3C(=O)[C@]2(O)C1=O	2;1;21;22	0;1;2;3;4;5;6;17;19;20;21;22	CC1(C)[C@@](C)(O)[C:1003](=[O:1004])[C:1002](C)=[C:1001]1C	CC1=C(C)C(C)(C)[C@@](C)(O)C1=O	CSC1(C)C(C)=C([O-])[C@](C)(O)C1(C)C
Mol_02787	Mol_02787:atom16	ester	CC[C@@H]1OC(O[C@@H]2[C@@H](O)[C@@H](O)C(OC(=O)/C=C/c3ccc(O)c(O)c3)O[C@H]2O)[C@@H](O)[C@H](O)[C@H]1O	16;15;13;14	11;12;13;14;15;16;17;18;19;20;22;24	CO[C:1003](/[CH:1002]=[CH:1001]/c1ccccc1)=[O:1004]	COC(=O)/C=C/c1ccccc1	COC([O-])=CC(SC)c1ccccc1
Mol_02789	Mol_02789:atom8	enone	CC1(C)CCC[C@]2(C)C3=C(CC(C)([C@H](O)CO)CC3=O)C(=O)CC12	8;9;20;21	5;6;7;8;9;10;11;17;18;19;20;21;22;23	CC1(C)CC[C:1003](=[O:1004])[C:1002]2=[C:1001]1C(=O)CCC2	CC1(C)CCC(=O)C2=C1C(=O)CCC2	CSC12C(=O)CCCC1=C([O-])CCC2(C)C
Mol_02789	Mol_02789:atom9	enone	CC1(C)CCC[C@]2(C)C3=C(CC(C)([C@H](O)CO)CC3=O)C(=O)CC12	9;8;18;19	5;6;7;8;9;10;11;17;18;19;20;21;22;23	CC1(C)CCC(=O)[C:1001]2=[C:1002]1[C:1003](=[O:1004])CCC2	CC1(C)CCC(=O)C2=C1C(=O)CCC2	CSC12CCCC([O-])=C1C(C)(C)CCC2=O
Mol_02790	Mol_02790:atom8	enone	CC1(C)CCC[C@]2(C)C3=C(CC(C)([C@H](O)CO)CC3)C(=O)CC12	8;9;19;20	5;6;7;8;9;10;11;17;18;19;20;21;22	CC1(C)CC[C:1003](=[O:1004])[C:1002]2=[C:1001]1CCCC2	CC1(C)CCC(=O)C2=C1CCCC2	CSC12CCCCC1=C([O-])CCC2(C)C
Mol_02791	Mol_02791:atom8	enone	CC1(C)CCC[C@]2(C)C3=C(CC(CO)([C@H](O)CO)CC3)C(=O)CC12	8;9;20;21	5;6;7;8;9;10;11;18;19;20;21;22;23	CC1(C)CC[C:1003](=[O:1004])[C:1002]2=[C:1001]1CCCC2	CC1(C)CCC(=O)C2=C1CCCC2	CSC12CCCCC1=C([O-])CCC2(C)C
Mol_02808	Mol_02808:atom12	enal	CC(=O)OC[C@]1(C)C2C[C@H](O)[C@]34C=C(C=O)[C@H](CCC3[C@]2(C)CC[C@H]1O)C4	12;13;14;15	9;11;12;13;14;15;16;17;19;26	C[C@@H]1CC(C)(C)[CH:1001]=[C:1002]1[CH:1003]=[O:1004]	C[C@@H]1CC(C)(C)C=C1C=O	CSC1C(=C[O-])[C@H](C)CC1(C)C
Mol_02809	Mol_02809:atom15	enal	CC(=O)O[C@@H]1CC[C@@]2(C)C3CC[C@@H]4C[C@]3(C=C4C=O)[C@@H](O)CC2[C@@]1(C)CO	15;16;17;18	9;11;12;13;14;15;16;17;18;19	C[C@@H]1CC(C)(C)[CH:1001]=[C:1002]1[CH:1003]=[O:1004]	C[C@@H]1CC(C)(C)C=C1C=O	CSC1C(=C[O-])[C@H](C)CC1(C)C
Mol_02902	Mol_02902:atom0	ester	C=C1C(=O)O[C@@H]2/C=C(\C)CC/C=C(\C)CC[C@@H]12	0;1;2;3	0;1;2;3;4;5;15;16	C[C@@H]1CO[C:1003](=[O:1004])[C:1002]1=[CH2:1001]	C=C1C(=O)OC[C@H]1C	CSCC1=C([O-])OC[C@H]1C
Mol_02903	Mol_02903:atom0	ester	C=C1C(=O)O[C@H]2[C@H]1CC/C(C)=C/CC[C@@]1(C)O[C@@H]21	0;1;2;3	0;1;2;3;4;5;6;7	C[C@@H]1CO[C:1003](=[O:1004])[C:1002]1=[CH2:1001]	C=C1C(=O)OC[C@H]1C	CSCC1=C([O-])OC[C@H]1C
Mol_02912	Mol_02912:atom5	ester	COc1cc(/C=C/C(=O)OCCc2ccc(O)cc2)ccc1O	5;6;7;8	2;3;4;5;6;7;8;9;10;19;20;21	CO[C:1003](/[CH:1002]=[CH:1001]/c1ccccc1)=[O:1004]	COC(=O)/C=C/c1ccccc1	COC([O-])=CC(SC)c1ccccc1
Mol_02917	Mol_02917:atom18	enone	CC(C)(O)[C@H](CO)C[C@@H](O)[C@](C)(O)C1CC[C@@]2(O)C3=CC(=O)[C@@H]4C[C@@H](O)[C@@H](O)C[C@]4(C)C3CC[C@]12C	18;19;20;21	15;16;17;18;19;20;21;22;23;29;31;32;34	CC1C[C@@H](C)[C:1003](=[O:1004])[CH:1002]=[C:1001]1C(C)(C)O	CC1C[C@@H](C)C(=O)C=C1C(C)(C)O	CSC1(C(C)(C)O)C=C([O-])[C@H](C)CC1C
Mol_02919	Mol_02919:atom16	enone	CC(C)(O)CC[C@@H](O)[C@](C)(O)[C@H]1CC[C@@]2(O)C3=CC(=O)[C@@H]4C[C@@H](O)[C@@H](O)C[C@]4(C)[C@H]3[C@H](O)C[C@]12C	16;17;18;19	13;14;15;16;17;18;19;20;21;27;29;30;33	C[C@@H]1C[C@@H](C)[C:1003](=[O:1004])[CH:1002]=[C:1001]1C(C)(C)O	C[C@@H]1C[C@@H](C)C(C(C)(C)O)=CC1=O	CSC1(C(C)(C)O)C=C([O-])[C@H](C)C[C@H]1C
Mol_02920	Mol_02920:atom14	enone	CC[C@H](C[C@@H](O)[C@](C)(O)[C@H]1CC[C@@]2(O)C3=CC(=O)[C@@H]4C[C@@H](O)[C@@H](O)C[C@]4(C)[C@H]3CC[C@]12C)C(C)(C)O	14;15;16;17	11;12;13;14;15;16;17;18;19;25;27;28;30	C[C@@H]1C[C@@H](C)[C:1003](=[O:1004])[CH:1002]=[C:1001]1C(C)(C)O	C[C@@H]1C[C@@H](C)C(C(C)(C)O)=CC1=O	CSC1(C(C)(C)O)C=C([O-])[C@H](C)C[C@H]1C
Mol_02921	Mol_02921:atom18	enone	CO[C@H](CCC(C)(C)O)[C@](C)(OC)C1CC[C@@]2(O)C3=CC(=O)[C@@H]4C[C@@H](O)[C@@H](O)C[C@]4(C)C3CC[C@]12C	18;19;20;21	15;16;17;18;19;20;21;22;23;29;31;32;34	CC1C[C@@H](C)[C:1003](=[O:1004])[CH:1002]=[C:1001]1C(C)(C)O	CC1C[C@@H](C)C(=O)C=C1C(C)(C)O	CSC1(C(C)(C)O)C=C([O-])[C@H](C)CC1C
Mol_02924	Mol_02924:atom18	ester	COC(=O)C(O)[C@H]1C(C)(C)[C@H](OC(C)=O)[C@@H]2C[C@H]3C4=CC(=O)O[C@@H](c5ccoc5)[C@]4(C)CC[C@@H]3[C@@]1(C)C2=O	18;19;20;21	16;17;18;19;20;21;22;23;29;30;31;33	CC(C)[C:1001]1=[CH:1002][C:1003](=[O:1004])OCC1(C)C	CC(C)C1=CC(=O)OCC1(C)C	CSC1(C(C)C)C=C([O-])OCC1(C)C
Mol_02931	Mol_02931:atom9	enone	COC(=O)[C@@]1(C)[C@@H]([C@@]2(C)C=CC(=O)C(C)(C)[C@@H]2CO[C@@H]2O[C@H](CO)[C@@H](O)[C@H](O)[C@H]2O)CC[C@@]2(C)[C@H](c3ccoc3)OC(=O)[C@H]3O[C@]321	9;10;11;12	6;7;8;9;10;11;12;13;14;15;16	CC1(C)CC(C)(C)[C:1003](=[O:1004])[CH:1002]=[CH:1001]1	CC1(C)C=CC(=O)C(C)(C)C1	CSC1C=C([O-])C(C)(C)CC1(C)C
Mol_02938	Mol_02938:atom19	ester	COC(=O)[C@@H](O)[C@H]1[C@@]2(C)C[C@]3(O)[C@@H](C(=O)[C@H]2O)[C@]2(O)C4=CC(=O)O[C@@H](c5ccoc5)[C@]4(C)CC[C@@H]2[C@]13C	19;20;21;22	12;17;18;19;20;21;22;23;24;30;31;32;34	CC(C)(O)[C:1001]1=[CH:1002][C:1003](=[O:1004])OCC1(C)C	CC(C)(O)C1=CC(=O)OCC1(C)C	CSC1(C(C)(C)O)C=C([O-])OCC1(C)C
Mol_02945	Mol_02945:atom1	ester	C/C=C(\C)C(=O)O[C@@H]1C2(OC(C)=O)[C@H]3OC4(C(C)C)OC35C3=CC(=O)O[C@@H](c6ccoc6)[C@]3(C)CCC5(O4)[C@]3(C)[C@@H](CC(=O)OC)[C@@]1(C)C[C@]23O	1;2;4;5	0;1;2;3;4;5;6;7	CO[C:1003](/[C:1002](C)=[CH:1001]/C)=[O:1004]	C/C=C(\C)C(=O)OC	COC([O-])=C(C)C(C)SC
Mol_02945	Mol_02945:atom21	ester	C/C=C(\C)C(=O)O[C@@H]1C2(OC(C)=O)[C@H]3OC4(C(C)C)OC35C3=CC(=O)O[C@@H](c6ccoc6)[C@]3(C)CCC5(O4)[C@]3(C)[C@@H](CC(=O)OC)[C@@]1(C)C[C@]23O	21;22;23;24	13;19;20;21;22;23;24;25;26;32;33;34;36	CC(C)(O)[C:1001]1=[CH:1002][C:1003](=[O:1004])OCC1(C)C	CC(C)(O)C1=CC(=O)OCC1(C)C	CSC1(C(C)(C)O)C=C([O-])OCC1(C)C
Mol_02946	Mol_02946:atom1	ester	C/C=C(\C)C(=O)O[C@@H]1C2(OC(C)=O)[C@H]3OC4(C(C)CC)OC35C3=CC(=O)O[C@@H](c6ccoc6)[C@]3(C)CCC5(O4)[C@]3(C)[C@@H](CC(=O)OC)[C@@]1(C)C[C@]23O	1;2;4;5	0;1;2;3;4;5;6;7	CO[C:1003](/[C:1002](C)=[CH:1001]/C)=[O:1004]	C/C=C(\C)C(=O)OC	COC([O-])=C(C)C(C)SC
Mol_02946	Mol_02946:atom22	ester	C/C=C(\C)C(=O)O[C@@H]1C2(OC(C)=O)[C@H]3OC4(C(C)CC)OC35C3=CC(=O)O[C@@H](c6ccoc6)[C@]3(C)CCC5(O4)[C@]3(C)[C@@H](CC(=O)OC)[C@@]1(C)C[C@]23O	22;23;24;25	13;20;21;22;23;24;25;26;27;33;34;35;37	CC(C)(O)[C:1001]1=[CH:1002][C:1003](=[O:1004])OCC1(C)C	CC(C)(O)C1=CC(=O)OCC1(C)C	CSC1(C(C)(C)O)C=C([O-])OCC1(C)C
Mol_02947	Mol_02947:atom1	ester	C/C=C(\C)C(=O)O[C@@H]1C2(O)[C@H]3OC4(C(C)CC)OC35C3=CC(=O)O[C@@H](c6ccoc6)[C@]3(C)CCC5(O4)[C@]3(C)[C@@H](CC(=O)OC)[C@@]1(C)C[C@]23O	1;2;4;5	0;1;2;3;4;5;6;7	CO[C:1003](/[C:1002](C)=[CH:1001]/C)=[O:1004]	C/C=C(\C)C(=O)OC	COC([O-])=C(C)C(C)SC
Mol_02947	Mol_02947:atom19	ester	C/C=C(\C)C(=O)O[C@@H]1C2(O)[C@H]3OC4(C(C)CC)OC35C3=CC(=O)O[C@@H](c6ccoc6)[C@]3(C)CCC5(O4)[C@]3(C)[C@@H](CC(=O)OC)[C@@]1(C)C[C@]23O	19;20;21;22	10;17;18;19;20;21;22;23;24;30;31;32;34	CC(C)(O)[C:1001]1=[CH:1002][C:1003](=[O:1004])OCC1(C)C	CC(C)(O)C1=CC(=O)OCC1(C)C	CSC1(C(C)(C)O)C=C([O-])OCC1(C)C
Mol_02948	Mol_02948:atom1	ester	C/C=C(\C)C(=O)O[C@@H]1C2(O)[C@H]3OC4(C(C)C)OC35C3=CC(=O)O[C@@H](c6ccoc6)[C@]3(C)CCC5(O4)[C@]3(C)[C@@H](CC(=O)OC)[C@@]1(C)C[C@]23O	1;2;4;5	0;1;2;3;4;5;6;7	CO[C:1003](/[C:1002](C)=[CH:1001]/C)=[O:1004]	C/C=C(\C)C(=O)OC	COC([O-])=C(C)C(C)SC
Mol_02948	Mol_02948:atom18	ester	C/C=C(\C)C(=O)O[C@@H]1C2(O)[C@H]3OC4(C(C)C)OC35C3=CC(=O)O[C@@H](c6ccoc6)[C@]3(C)CCC5(O4)[C@]3(C)[C@@H](CC(=O)OC)[C@@]1(C)C[C@]23O	18;19;20;21	10;16;17;18;19;20;21;22;23;29;30;31;33	CC(C)(O)[C:1001]1=[CH:1002][C:1003](=[O:1004])OCC1(C)C	CC(C)(O)C1=CC(=O)OCC1(C)C	CSC1(C(C)(C)O)C=C([O-])OCC1(C)C
Mol_02949	Mol_02949:atom1	ester	C/C=C(\C)C(=O)O[C@@H]1C2(O)[C@H]3OC4(C(C)CC)OC35C3=CC(=O)O[C@@H](c6ccoc6)[C@]3(C)CCC5(O4)[C@]3(C)[C@@H]([C@@H](O)C(=O)OC)[C@@]1(C)C[C@]23O	1;2;4;5	0;1;2;3;4;5;6;7	CO[C:1003](/[C:1002](C)=[CH:1001]/C)=[O:1004]	C/C=C(\C)C(=O)OC	COC([O-])=C(C)C(C)SC
Mol_02949	Mol_02949:atom19	ester	C/C=C(\C)C(=O)O[C@@H]1C2(O)[C@H]3OC4(C(C)CC)OC35C3=CC(=O)O[C@@H](c6ccoc6)[C@]3(C)CCC5(O4)[C@]3(C)[C@@H]([C@@H](O)C(=O)OC)[C@@]1(C)C[C@]23O	19;20;21;22	10;17;18;19;20;21;22;23;24;30;31;32;34	CC(C)(O)[C:1001]1=[CH:1002][C:1003](=[O:1004])OCC1(C)C	CC(C)(O)C1=CC(=O)OCC1(C)C	CSC1(C(C)(C)O)C=C([O-])OCC1(C)C
Mol_02950	Mol_02950:atom1	ester	C/C=C(\C)C(=O)O[C@@H]1C2(O)[C@H]3OC4(CC)OC35C3=CC(=O)O[C@@H](c6ccoc6)[C@]3(C)CCC5(O4)[C@]3(C)[C@@H](CC(=O)OC)[C@@]1(C)C[C@]23O	1;2;4;5	0;1;2;3;4;5;6;7	CO[C:1003](/[C:1002](C)=[CH:1001]/C)=[O:1004]	C/C=C(\C)C(=O)OC	COC([O-])=C(C)C(C)SC
Mol_02950	Mol_02950:atom17	ester	C/C=C(\C)C(=O)O[C@@H]1C2(O)[C@H]3OC4(CC)OC35C3=CC(=O)O[C@@H](c6ccoc6)[C@]3(C)CCC5(O4)[C@]3(C)[C@@H](CC(=O)OC)[C@@]1(C)C[C@]23O	17;18;19;20	10;15;16;17;18;19;20;21;22;28;29;30;32	CC(C)(O)[C:1001]1=[CH:1002][C:1003](=[O:1004])OCC1(C)C	CC(C)(O)C1=CC(=O)OCC1(C)C	CSC1(C(C)(C)O)C=C([O-])OCC1(C)C
Mol_02951	Mol_02951:atom1	ester	C/C=C(\C)C(=O)O[C@H]1C(C)(C)[C@H]([C@@H](O)C(=O)OC)[C@]2(C)C(=O)[C@@]1(O)CC1=C3CC(=O)O[C@@H](c4ccoc4)[C@]3(C)CC[C@@H]12	1;2;4;5	0;1;2;3;4;5;6;7	CO[C:1003](/[C:1002](C)=[CH:1001]/C)=[O:1004]	C/C=C(\C)C(=O)OC	COC([O-])=C(C)C(C)SC
Mol_02953	Mol_02953:atom9	enone	COC(=O)[C@]1(C)[C@@H]([C@@]2(C)C=CC(=O)C(C)(C)[C@@H]2CO)CC[C@@]2(C)[C@H](c3ccoc3)OC(=O)[C@H]3O[C@]321	9;10;11;12	6;7;8;9;10;11;12;13;14;15;16	CC1(C)CC(C)(C)[C:1003](=[O:1004])[CH:1002]=[CH:1001]1	CC1(C)C=CC(=O)C(C)(C)C1	CSC1C=C([O-])C(C)(C)CC1(C)C
Mol_02954	Mol_02954:atom1	ester	C/C=C(\C)C(=O)O[C@@H]1C2(O)[C@H]3OC4(C)OC35C3=CC(=O)O[C@@H](c6ccoc6)[C@]3(C)CCC5(O4)[C@]3(C)[C@@H](CC(=O)OC)[C@@]1(C)C[C@]23O	1;2;4;5	0;1;2;3;4;5;6;7	CO[C:1003](/[C:1002](C)=[CH:1001]/C)=[O:1004]	C/C=C(\C)C(=O)OC	COC([O-])=C(C)C(C)SC
Mol_02954	Mol_02954:atom16	ester	C/C=C(\C)C(=O)O[C@@H]1C2(O)[C@H]3OC4(C)OC35C3=CC(=O)O[C@@H](c6ccoc6)[C@]3(C)CCC5(O4)[C@]3(C)[C@@H](CC(=O)OC)[C@@]1(C)C[C@]23O	16;17;18;19	10;14;15;16;17;18;19;20;21;27;28;29;31	CC(C)(O)[C:1001]1=[CH:1002][C:1003](=[O:1004])OCC1(C)C	CC(C)(O)C1=CC(=O)OCC1(C)C	CSC1(C(C)(C)O)C=C([O-])OCC1(C)C
Mol_02956	Mol_02956:atom1	ester	C/C=C(\C)C(=O)O[C@H]1C(C)(C)[C@H]([C@@H](O)C(=O)OC)[C@]2(C)C(=O)[C@@]1(O)[C@H]1O[C@]13[C@@H]1CC(=O)O[C@@H](c4ccoc4)[C@]1(C)CC[C@H]23	1;2;4;5	0;1;2;3;4;5;6;7	CO[C:1003](/[C:1002](C)=[CH:1001]/C)=[O:1004]	C/C=C(\C)C(=O)OC	COC([O-])=C(C)C(C)SC
Mol_02957	Mol_02957:atom6	enone	CC1(C)C(=O)C=C[C@]2(C)C3CC[C@@]4(C)[C@H](c5ccoc5)OC(=O)[C@H]5O[C@]54[C@]3(C)C(=O)C[C@@H]12	6;5;3;4	0;1;2;3;4;5;6;7;8;9;31	CC1(C)CC(C)(C)[C:1003](=[O:1004])[CH:1002]=[CH:1001]1	CC1(C)C=CC(=O)C(C)(C)C1	CSC1C=C([O-])C(C)(C)CC1(C)C
Mol_02960	Mol_02960:atom1	ester	C/C=C(\C)C(=O)OC1[C@]2(C)C[C@@]3(O)[C@@](C)([C@H]2CC(=O)OC)[C@]24OC5(C(C)CC)O[C@@H]([C@]2(O5)C2=CC(=O)O[C@@H](c5ccoc5)[C@]2(C)C[C@H]4O)[C@@]13OC(C)=O	1;2;4;5	0;1;2;3;4;5;6;7	CO[C:1003](/[C:1002](C)=[CH:1001]/C)=[O:1004]	C/C=C(\C)C(=O)OC	COC([O-])=C(C)C(C)SC
Mol_02960	Mol_02960:atom32	ester	C/C=C(\C)C(=O)OC1[C@]2(C)C[C@@]3(O)[C@@](C)([C@H]2CC(=O)OC)[C@]24OC5(C(C)CC)O[C@@H]([C@]2(O5)C2=CC(=O)O[C@@H](c5ccoc5)[C@]2(C)C[C@H]4O)[C@@]13OC(C)=O	32;33;34;35	21;29;30;31;32;33;34;35;36;37;43;44;45	CC(C)(O)[C:1001]1=[CH:1002][C:1003](=[O:1004])OCC1(C)C	CC(C)(O)C1=CC(=O)OCC1(C)C	CSC1(C(C)(C)O)C=C([O-])OCC1(C)C
Mol_02961	Mol_02961:atom1	ester	C/C=C(\C)C(=O)OC1C(C)(C)[C@H](CC(=O)OC)[C@]2(C)C(=O)[C@@]1(O)C=C1C3CC(=O)O[C@@H](c4ccoc4)[C@]3(C)CCC12	1;2;4;5	0;1;2;3;4;5;6;7	CO[C:1003](/[C:1002](C)=[CH:1001]/C)=[O:1004]	C/C=C(\C)C(=O)OC	COC([O-])=C(C)C(C)SC
Mol_02962	Mol_02962:atom1	ester	C/C=C(\C)C(=O)OC1C(C)(C)[C@H]([C@@H](OC(C)=O)C(=O)OC)[C@]2(C)C(=O)[C@@]1(O)C=C1C3CC(=O)O[C@@H](c4ccoc4)[C@]3(C)CCC12	1;2;4;5	0;1;2;3;4;5;6;7	CO[C:1003](/[C:1002](C)=[CH:1001]/C)=[O:1004]	C/C=C(\C)C(=O)OC	COC([O-])=C(C)C(C)SC
Mol_02967	Mol_02967:atom1	ester	C/C=C(/C)C(=O)O[C@@H]1C23O[C@](C)(OC)OC2C24OC5(C)OC2(C(O)C[C@@](C)([C@@H](OC(C)=O)c2ccoc2)C4(CC(=O)OC)O5)C2(C)C(CC(=O)OC)[C@@]1(C)CC32O	1;2;4;5	0;1;2;3;4;5;6;7	CO[C:1003](/[C:1002](C)=[CH:1001]\C)=[O:1004]	C/C=C(/C)C(=O)OC	COC([O-])=C(C)C(C)SC
Mol_02968	Mol_02968:atom1	ester	C/C=C(/C)C(=O)O[C@@H]1C23O[C@](CC)(OC)OC2C24OC5(C)OC2(C(O)C[C@@](C)([C@@H](OC(C)=O)c2ccoc2)C4(CC(=O)OC)O5)C2(C)C(CC(=O)OC)[C@@]1(C)CC32O	1;2;4;5	0;1;2;3;4;5;6;7	CO[C:1003](/[C:1002](C)=[CH:1001]\C)=[O:1004]	C/C=C(/C)C(=O)OC	COC([O-])=C(C)C(C)SC
Mol_02972	Mol_02972:atom1	ester	C/C=C(\C)C(=O)O[C@H]1C(C)(C)[C@H]([C@@H](O)C(=O)OC)[C@]2(C)C(=O)[C@@]1(O)C=C1[C@@H]3CC(=O)O[C@@H](c4ccoc4)[C@]3(C)CC[C@@H]12	1;2;4;5	0;1;2;3;4;5;6;7	CO[C:1003](/[C:1002](C)=[CH:1001]/C)=[O:1004]	C/C=C(\C)C(=O)OC	COC([O-])=C(C)C(C)SC
Mol_02980	Mol_02980:atom2	ester	CC1=C[C@H](O/C=C2/C(=O)O[C@@H]3C4=C(C[C@H]23)[C@@H](O)CCC4(C)C)OC1=O	2;1;23;24	0;1;2;3;4;22;23;24	C[C:1002]1=[CH:1001][C@H](O)O[C:1003]1=[O:1004]	CC1=C[C@H](O)OC1=O	CSC1C(C)=C([O-])O[C@H]1O
Mol_02980	Mol_02980:atom5	ester	CC1=C[C@H](O/C=C2/C(=O)O[C@@H]3C4=C(C[C@H]23)[C@@H](O)CCC4(C)C)OC1=O	5;6;7;8	3;4;5;6;7;8;9;10;13;14	CO/[CH:1001]=[C:1002]1\[C@@H](C)CO[C:1003]1=[O:1004]	CO/C=C1/C(=O)OC[C@@H]1C	COC(SC)C1=C([O-])OC[C@@H]1C
Mol_03026	Mol_03026:atom6	ester	COc1ccc(/C=C/C(=O)O[C@H]2[C@H](O)[C@@H](O)C(OCCc3ccc(OC)c(OC)c3)O[C@@H]2COC(=O)/C=C/c2ccccc2)cc1OC	6;7;8;9	2;3;4;5;6;7;8;9;10;11;44;45	CO[C:1003](/[CH:1002]=[CH:1001]/c1ccccc1)=[O:1004]	COC(=O)/C=C/c1ccccc1	COC([O-])=CC(SC)c1ccccc1
Mol_03026	Mol_03026:atom37	ester	COc1ccc(/C=C/C(=O)O[C@H]2[C@H](O)[C@@H](O)C(OCCc3ccc(OC)c(OC)c3)O[C@@H]2COC(=O)/C=C/c2ccccc2)cc1OC	37;36;34;35	32;33;34;35;36;37;38;39;40;41;42;43	CO[C:1003](/[CH:1002]=[CH:1001]/c1ccccc1)=[O:1004]	COC(=O)/C=C/c1ccccc1	COC([O-])=CC(SC)c1ccccc1
Mol_03027	Mol_03027:atom6	ester	COc1ccc(/C=C/C(=O)O[C@H]2[C@H](O)[C@@H](O)C(OCCc3ccc(OC)c(OC)c3)O[C@@H]2CO)cc1OC	6;7;8;9	2;3;4;5;6;7;8;9;10;11;34;35	CO[C:1003](/[CH:1002]=[CH:1001]/c1ccccc1)=[O:1004]	COC(=O)/C=C/c1ccccc1	COC([O-])=CC(SC)c1ccccc1
Mol_03043	Mol_03043:atom15	enone	C=C1NC(=O)C(C)C(CCC(C)C(=O)/C=C/C(C)=C/CCC(C)CCCCCC)OC(=O)C(CCC(N)=O)NC(=O)C(C)CNC1=O	15;14;12;13	9;10;11;12;13;14;15;16;17;18	C=C(C)/[CH:1001]=[CH:1002]/[C:1003](C(C)C)=[O:1004]	C=C(C)/C=C/C(=O)C(C)C	C=C(C)C(C=C([O-])C(C)C)SC
Mol_03056	Mol_03056:atom1	enone	CC1=CC(=O)[C@]2(O)C3(C)CC[C@@H](C(C)(C)O)[C@@]2(O)[C@H]13	1;2;3;4	0;1;2;3;4;5;6;7;16;18	C[C:1001]1=[CH:1002][C:1003](=[O:1004])[C@]2(O)C[C@@H]1C2	CC1=CC(=O)[C@]2(O)C[C@@H]1C2	CSC1(C)C=C([O-])[C@]2(O)C[C@@H]1C2
Mol_03058	Mol_03058:atom20	enone	CC(C)C/C=C/[C@@H](C)[C@H]1CC[C@H]2[C@@H]3CC[C@H]4CC(=O)C=C[C@]4(C)[C@H]3CC[C@]12C	20;19;17;18	15;16;17;18;19;20;21;22;23	CC1(C)CC[C:1003](=[O:1004])[CH:1002]=[CH:1001]1	CC1(C)C=CC(=O)CC1	CSC1C=C([O-])CCC1(C)C
Mol_03066	Mol_03066:atom5	ester	COC(=O)C1=CO[C@@H](O[C@@H]2O[C@H](CO)[C@@H](O)[C@H](O)[C@H]2O)[C@H]2[C@@H]1C=C[C@@]21C=C([C@H](C)O)C(=O)O1	5;4;2;3	0;1;2;3;4;5;6;7;20;21;22	CO[C:1003]([C:1002]1=[CH:1001]OCC[C@@H]1C)=[O:1004]	COC(=O)C1=COCC[C@@H]1C	COC([O-])=C1C(SC)OCC[C@@H]1C
Mol_03066	Mol_03066:atom25	ester	COC(=O)C1=CO[C@@H](O[C@@H]2O[C@H](CO)[C@@H](O)[C@H](O)[C@H]2O)[C@H]2[C@@H]1C=C[C@@]21C=C([C@H](C)O)C(=O)O1	25;26;30;31	20;23;24;25;26;27;28;29;30;31;32	C[C@H](O)[C:1002]1=[CH:1001]C(C)(C)O[C:1003]1=[O:1004]	C[C@H](O)C1=CC(C)(C)OC1=O	CSC1C([C@H](C)O)=C([O-])OC1(C)C
Mol_03067	Mol_03067:atom5	ester	COC(=O)C1=CO[C@@H](O[C@@H]2O[C@H](CO)[C@@H](O)[C@H](O)[C@H]2O)[C@H]2[C@@H]1C=C[C@@]21C=C([C@H](C)OC(=O)/C=C/c2ccc(O[C@@H]3O[C@H](CO)[C@@H](O)[C@H](O)[C@H]3O)cc2)C(=O)O1	5;4;2;3	0;1;2;3;4;5;6;7;20;21;22	CO[C:1003]([C:1002]1=[CH:1001]OCC[C@@H]1C)=[O:1004]	COC(=O)C1=COCC[C@@H]1C	COC([O-])=C1C(SC)OCC[C@@H]1C
Mol_03067	Mol_03067:atom25	ester	COC(=O)C1=CO[C@@H](O[C@@H]2O[C@H](CO)[C@@H](O)[C@H](O)[C@H]2O)[C@H]2[C@@H]1C=C[C@@]21C=C([C@H](C)OC(=O)/C=C/c2ccc(O[C@@H]3O[C@H](CO)[C@@H](O)[C@H](O)[C@H]3O)cc2)C(=O)O1	25;26;52;53	20;23;24;25;26;27;28;29;52;53;54	C[C@H](O)[C:1002]1=[CH:1001]C(C)(C)O[C:1003]1=[O:1004]	C[C@H](O)C1=CC(C)(C)OC1=O	CSC1C([C@H](C)O)=C([O-])OC1(C)C
Mol_03067	Mol_03067:atom33	ester	COC(=O)C1=CO[C@@H](O[C@@H]2O[C@H](CO)[C@@H](O)[C@H](O)[C@H]2O)[C@H]2[C@@H]1C=C[C@@]21C=C([C@H](C)OC(=O)/C=C/c2ccc(O[C@@H]3O[C@H](CO)[C@@H](O)[C@H](O)[C@H]3O)cc2)C(=O)O1	33;32;30;31	27;29;30;31;32;33;34;35;36;37;50;51	CO[C:1003](/[CH:1002]=[CH:1001]/c1ccccc1)=[O:1004]	COC(=O)/C=C/c1ccccc1	COC([O-])=CC(SC)c1ccccc1
Mol_03068	Mol_03068:atom4	ester	C[C@H](O)C1=C[C@@]2(C=C[C@@H]3C(C(=O)O)=CO[C@@H](OC4O[C@H](CO)[C@@H](O)[C@H](O)[C@H]4O)[C@@H]32)OC1=O	4;3;30;31	0;1;2;3;4;5;6;28;29;30;31	C[C@H](O)[C:1002]1=[CH:1001]C(C)(C)O[C:1003]1=[O:1004]	C[C@H](O)C1=CC(C)(C)OC1=O	CSC1C([C@H](C)O)=C([O-])OC1(C)C
Mol_03077	Mol_03077:atom3	ester	O=C(/C=C/c1ccc(OC2O[C@H](CO)[C@@H](O)[C@H](O)[C@H]2O)cc1)Oc1cc(-c2oc3cc(O)cc(O)c3c(=O)c2O)cc(O)c1O	3;2;1;0	0;1;2;3;4;5;6;7;20;21;22;23;24;25;40;41;43	c1ccc(O[C:1003](/[CH:1002]=[CH:1001]/c2ccccc2)=[O:1004])cc1	O=C(/C=C/c1ccccc1)Oc1ccccc1	CSC(C=C([O-])Oc1ccccc1)c1ccccc1
Mol_03091	Mol_03091:atom28	ester	C/C=C1/C(O[C@@H]2O[C@H](CO[C@@H]3O[C@H](CO)[C@@H](O)[C@H](O)[C@H]3O)[C@@H](O)[C@H](O)[C@H]2O)OC=C(C(=O)OC)[C@H]1CC(=O)OC	28;29;30;31	2;3;27;28;29;30;31;32;33;34;35	CO[C:1003]([C:1002]1=[CH:1001]OCC[C@@H]1C)=[O:1004]	COC(=O)C1=COCC[C@@H]1C	COC([O-])=C1C(SC)OCC[C@@H]1C
Mol_03092	Mol_03092:atom28	ester	C/C=C1/C(O[C@@H]2O[C@H](CO[C@@H]3O[C@H](CO)[C@@H](O)[C@H](O)[C@H]3O)[C@@H](O)[C@H](O)[C@H]2O)OC=C(C(=O)OC)[C@H]1CC(=O)OCCc1ccc(O)cc1	28;29;30;31	2;3;27;28;29;30;31;32;33;34;35	CO[C:1003]([C:1002]1=[CH:1001]OCC[C@@H]1C)=[O:1004]	COC(=O)C1=COCC[C@@H]1C	COC([O-])=C1C(SC)OCC[C@@H]1C
Mol_03095	Mol_03095:atom33	ester	C/C=C1\C(CC(=O)OC[C@H]2O[C@@H](OCCc3ccc(O)cc3)[C@H](O)[C@@H](O)[C@@H]2O)C(C(=O)OC)=CO[C@H]1O[C@@H]1O[C@H](CO)[C@@H](O)[C@H](O)[C@H]1O	33;28;29;30	2;3;4;28;29;30;31;32;33;34;35	CO[C:1003]([C:1002]1=[CH:1001]OCCC1C)=[O:1004]	COC(=O)C1=COCCC1C	COC([O-])=C1C(C)CCOC1SC
Mol_03096	Mol_03096:atom29	ester	C/C=C1/C(CC(=O)OC[C@H]2OC(OCCc3ccc(OC(=O)CC4C(C(=O)OC)=CO[C@@H](OC5O[C@H](CO)[C@@H](O)[C@H](O)[C@H]5O)/C4=C/C)cc3)[C@H](O)[C@@H](O)[C@@H]2O)C(C(=O)OC)=CO[C@@H]1OC1O[C@H](CO)[C@@H](O)[C@H](O)[C@H]1O	29;24;25;26	22;23;24;25;26;27;28;29;30;31;44	CO[C:1003]([C:1002]1=[CH:1001]OCCC1C)=[O:1004]	COC(=O)C1=COCCC1C	COC([O-])=C1C(C)CCOC1SC
Mol_03096	Mol_03096:atom60	ester	C/C=C1/C(CC(=O)OC[C@H]2OC(OCCc3ccc(OC(=O)CC4C(C(=O)OC)=CO[C@@H](OC5O[C@H](CO)[C@@H](O)[C@H](O)[C@H]5O)/C4=C/C)cc3)[C@H](O)[C@@H](O)[C@@H]2O)C(C(=O)OC)=CO[C@@H]1OC1O[C@H](CO)[C@@H](O)[C@H](O)[C@H]1O	60;55;56;57	2;3;4;55;56;57;58;59;60;61;62	CO[C:1003]([C:1002]1=[CH:1001]OCCC1C)=[O:1004]	COC(=O)C1=COCCC1C	COC([O-])=C1C(C)CCOC1SC
Mol_03097	Mol_03097:atom17	ester	C/C=C1/[C@H](O[C@@H]2O[C@H](CO)[C@@H](O)[C@H](O)[C@H]2O)OC=C(C(=O)OC)[C@H]1CC(=O)OCCc1ccc(OC(=O)C[C@@H]2C(C(=O)OC)=CO[C@@H](O[C@@H]3O[C@H](CO)[C@@H](O)[C@H](O)[C@H]3O)/C2=C/C)cc1	17;18;19;20	2;3;16;17;18;19;20;21;22;23;24	CO[C:1003]([C:1002]1=[CH:1001]OCC[C@@H]1C)=[O:1004]	COC(=O)C1=COCC[C@@H]1C	COC([O-])=C1C(SC)OCC[C@@H]1C
Mol_03097	Mol_03097:atom44	ester	C/C=C1/[C@H](O[C@@H]2O[C@H](CO)[C@@H](O)[C@H](O)[C@H]2O)OC=C(C(=O)OC)[C@H]1CC(=O)OCCc1ccc(OC(=O)C[C@@H]2C(C(=O)OC)=CO[C@@H](O[C@@H]3O[C@H](CO)[C@@H](O)[C@H](O)[C@H]3O)/C2=C/C)cc1	44;39;40;41	37;38;39;40;41;42;43;44;45;46;59	CO[C:1003]([C:1002]1=[CH:1001]OCC[C@@H]1C)=[O:1004]	COC(=O)C1=COCC[C@@H]1C	COC([O-])=C1C(SC)OCC[C@@H]1C
Mol_03098	Mol_03098:atom17	ester	C/C=C1/[C@H](O[C@@H]2O[C@H](CO)[C@@H](O)[C@H](O)[C@H]2O)OC=C(C(=O)OC)[C@H]1CC(=O)OCCc1ccc(O)cc1	17;18;19;20	2;3;16;17;18;19;20;21;22;23;24	CO[C:1003]([C:1002]1=[CH:1001]OCC[C@@H]1C)=[O:1004]	COC(=O)C1=COCC[C@@H]1C	COC([O-])=C1C(SC)OCC[C@@H]1C
Mol_03099	Mol_03099:atom17	ester	C/C=C1/[C@H](O[C@@H]2O[C@H](CO)[C@@H](O)[C@H](O)[C@H]2O)OC=C(C(=O)OC)[C@H]1CC(=O)O	17;18;19;20	2;3;16;17;18;19;20;21;22;23;24	CO[C:1003]([C:1002]1=[CH:1001]OCC[C@@H]1C)=[O:1004]	COC(=O)C1=COCC[C@@H]1C	COC([O-])=C1C(SC)OCC[C@@H]1C
Mol_03100	Mol_03100:atom17	ester	C/C=C1\[C@H](O[C@@H]2O[C@H](CO)[C@@H](O)[C@H](O)[C@H]2O)OC=C(C(=O)OC)[C@H]1CC(=O)OC	17;18;19;20	2;3;16;17;18;19;20;21;22;23;24	CO[C:1003]([C:1002]1=[CH:1001]OCC[C@@H]1C)=[O:1004]	COC(=O)C1=COCC[C@@H]1C	COC([O-])=C1C(SC)OCC[C@@H]1C
Mol_03101	Mol_03101:atom33	ester	C/C=C1\[C@H](CC(=O)Oc2ccc(CCOC3O[C@H](CO)[C@@H](O)[C@H](O)[C@H]3O)cc2)C(C(=O)OC)=CC[C@H]1OC1O[C@H](CO)[C@@H](O)[C@H](O)[C@H]1O	33;28;29;30	2;3;4;28;29;30;31;32;33;34;35	CO[C:1003]([C:1002]1=[CH:1001]CCC[C@@H]1C)=[O:1004]	COC(=O)C1=CCCC[C@@H]1C	COC([O-])=C1C(SC)CCC[C@@H]1C
Mol_03103	Mol_03103:atom5	ester	COC(=O)C1=CO[C@@H](C)[C@@H](C=O)C1CC(=O)OCCc1ccc(O)cc1	5;4;2;3	0;1;2;3;4;5;6;7;9;12;13	CO[C:1003]([C:1002]1=[CH:1001]OCCC1C)=[O:1004]	COC(=O)C1=COCCC1C	COC([O-])=C1C(C)CCOC1SC
Mol_03106	Mol_03106:atom17	ester	C/C=C1/[C@H](O[C@@H]2O[C@H](CO)[C@@H](O)[C@H](O)[C@H]2O)OC=C(C(=O)OC)[C@H]1CC(=O)OCCc1ccc(O[C@@H]2O[C@H](CO)[C@@H](O)[C@H](O)[C@H]2O)c(O)c1	17;18;19;20	2;3;16;17;18;19;20;21;22;23;24	CO[C:1003]([C:1002]1=[CH:1001]OCC[C@@H]1C)=[O:1004]	COC(=O)C1=COCC[C@@H]1C	COC([O-])=C1C(SC)OCC[C@@H]1C
Mol_03108	Mol_03108:atom17	ester	C/C=C1/[C@H](O[C@@H]2O[C@H](CO)[C@@H](O)[C@H](O)[C@H]2O)OC=C(C(=O)OC)[C@H]1CC(=O)OCCc1ccc(O[C@@H]2O[C@H](CO)[C@@H](O)[C@H](O)[C@H]2O)cc1	17;18;19;20	2;3;16;17;18;19;20;21;22;23;24	CO[C:1003]([C:1002]1=[CH:1001]OCC[C@@H]1C)=[O:1004]	COC(=O)C1=COCC[C@@H]1C	COC([O-])=C1C(SC)OCC[C@@H]1C
Mol_03110	Mol_03110:atom49	ester	C/C=C1\C(CC(=O)OCCc2ccc(OC3O[C@H](COC(C)=O)[C@@H](OC(C)=O)[C@H](OC(C)=O)[C@H]3OC(C)=O)c(OC(C)=O)c2)C(C(=O)OC)=CO[C@H]1OC1O[C@H](COC(C)=O)[C@@H](OC(C)=O)[C@H](OC(C)=O)[C@H]1OC(C)=O	49;44;45;46	2;3;4;44;45;46;47;48;49;50;51	CO[C:1003]([C:1002]1=[CH:1001]OCCC1C)=[O:1004]	COC(=O)C1=COCCC1C	COC([O-])=C1C(C)CCOC1SC
Mol_03111	Mol_03111:atom45	ester	C/C=C1\C(CC(=O)OCCc2ccc(OC3O[C@H](COC(C)=O)[C@@H](OC(C)=O)[C@H](OC(C)=O)[C@H]3OC(C)=O)cc2)C(C(=O)OC)=CO[C@H]1OC1O[C@H](COC(C)=O)[C@@H](OC(C)=O)[C@H](OC(C)=O)[C@H]1OC(C)=O	45;40;41;42	2;3;4;40;41;42;43;44;45;46;47	CO[C:1003]([C:1002]1=[CH:1001]OCCC1C)=[O:1004]	COC(=O)C1=COCCC1C	COC([O-])=C1C(C)CCOC1SC
Mol_03125	Mol_03125:atom17	ester	C/C=C1\C(OC2O[C@@H](CO)[C@H](O)[C@@H](O)[C@@H]2O)OC=C(C(=O)OC)C1CC(=O)OC[C@@H]1OC(OC2OC=C(C(=O)OC)C(CC(=O)OC[C@H]3OC(OCCc4ccc(O)cc4)[C@H](O)[C@@H](O)[C@@H]3O)/C2=C/C)[C@@H](O)[C@H](OC(=O)CC2C(C(=O)OC)=COC(OC3O[C@@H](CO)[C@H](O)[C@@H](O)[C@@H]3O)/C2=C\C)[C@H]1O	17;18;19;20	2;3;16;17;18;19;20;21;22;23;24	CO[C:1003]([C:1002]1=[CH:1001]OCCC1C)=[O:1004]	COC(=O)C1=COCCC1C	COC([O-])=C1C(C)CCOC1SC
Mol_03125	Mol_03125:atom35	ester	C/C=C1\C(OC2O[C@@H](CO)[C@H](O)[C@@H](O)[C@@H]2O)OC=C(C(=O)OC)C1CC(=O)OC[C@@H]1OC(OC2OC=C(C(=O)OC)C(CC(=O)OC[C@H]3OC(OCCc4ccc(O)cc4)[C@H](O)[C@@H](O)[C@@H]3O)/C2=C/C)[C@@H](O)[C@H](OC(=O)CC2C(C(=O)OC)=COC(OC3O[C@@H](CO)[C@H](O)[C@@H](O)[C@@H]3O)/C2=C\C)[C@H]1O	35;36;37;38	33;34;35;36;37;38;39;40;41;42;66	CO[C:1003]([C:1002]1=[CH:1001]OCCC1C)=[O:1004]	COC(=O)C1=COCCC1C	COC([O-])=C1C(C)CCOC1SC
Mol_03125	Mol_03125:atom82	ester	C/C=C1\C(OC2O[C@@H](CO)[C@H](O)[C@@H](O)[C@@H]2O)OC=C(C(=O)OC)C1CC(=O)OC[C@@H]1OC(OC2OC=C(C(=O)OC)C(CC(=O)OC[C@H]3OC(OCCc4ccc(O)cc4)[C@H](O)[C@@H](O)[C@@H]3O)/C2=C/C)[C@@H](O)[C@H](OC(=O)CC2C(C(=O)OC)=COC(OC3O[C@@H](CO)[C@H](O)[C@@H](O)[C@@H]3O)/C2=C\C)[C@H]1O	82;77;78;79	75;76;77;78;79;80;81;82;83;84;97	CO[C:1003]([C:1002]1=[CH:1001]OCCC1C)=[O:1004]	COC(=O)C1=COCCC1C	COC([O-])=C1C(C)CCOC1SC
Mol_03126	Mol_03126:atom5	ester	COC(=O)C1=CO[C@@H](O[C@@H]2O[C@H](COC(=O)/C=C/c3ccc(O)cc3)[C@@H](O)[C@H](O)[C@H]2O)/C(=C/CO)[C@@H]1CC(=O)OCCc1ccc(O)c(O)c1	5;4;2;3	0;1;2;3;4;5;6;7;31;35;36	CO[C:1003]([C:1002]1=[CH:1001]OCC[C@@H]1C)=[O:1004]	COC(=O)C1=COCC[C@@H]1C	COC([O-])=C1C(SC)OCC[C@@H]1C
Mol_03126	Mol_03126:atom17	ester	COC(=O)C1=CO[C@@H](O[C@@H]2O[C@H](COC(=O)/C=C/c3ccc(O)cc3)[C@@H](O)[C@H](O)[C@H]2O)/C(=C/CO)[C@@H]1CC(=O)OCCc1ccc(O)c(O)c1	17;16;14;15	12;13;14;15;16;17;18;19;20;21;23;24	CO[C:1003](/[CH:1002]=[CH:1001]/c1ccccc1)=[O:1004]	COC(=O)/C=C/c1ccccc1	COC([O-])=CC(SC)c1ccccc1
Mol_03127	Mol_03127:atom5	ester	COC(=O)C1=CO[C@@H](O[C@@H]2O[C@H](COC(=O)/C=C/c3ccc(O)c(O)c3)[C@@H](O)[C@H](O)[C@H]2O)/C(=C/CO)[C@@H]1CC(=O)OCCc1ccc(O)c(O)c1	5;4;2;3	0;1;2;3;4;5;6;7;32;36;37	CO[C:1003]([C:1002]1=[CH:1001]OCC[C@@H]1C)=[O:1004]	COC(=O)C1=COCC[C@@H]1C	COC([O-])=C1C(SC)OCC[C@@H]1C
Mol_03127	Mol_03127:atom17	ester	COC(=O)C1=CO[C@@H](O[C@@H]2O[C@H](COC(=O)/C=C/c3ccc(O)c(O)c3)[C@@H](O)[C@H](O)[C@H]2O)/C(=C/CO)[C@@H]1CC(=O)OCCc1ccc(O)c(O)c1	17;16;14;15	12;13;14;15;16;17;18;19;20;21;23;25	CO[C:1003](/[CH:1002]=[CH:1001]/c1ccccc1)=[O:1004]	COC(=O)/C=C/c1ccccc1	COC([O-])=CC(SC)c1ccccc1
Mol_03128	Mol_03128:atom5	ester	COC(=O)C1=CO[C@@H](O[C@@H]2O[C@H](COC(=O)/C=C/c3ccc(O)c(O)c3)[C@@H](O)[C@H](OC(C)=O)[C@H]2O)/C(=C/CO)[C@@H]1CC(=O)OCCc1ccc(O)c(O)c1	5;4;2;3	0;1;2;3;4;5;6;7;35;39;40	CO[C:1003]([C:1002]1=[CH:1001]OCC[C@@H]1C)=[O:1004]	COC(=O)C1=COCC[C@@H]1C	COC([O-])=C1C(SC)OCC[C@@H]1C
Mol_03128	Mol_03128:atom17	ester	COC(=O)C1=CO[C@@H](O[C@@H]2O[C@H](COC(=O)/C=C/c3ccc(O)c(O)c3)[C@@H](O)[C@H](OC(C)=O)[C@H]2O)/C(=C/CO)[C@@H]1CC(=O)OCCc1ccc(O)c(O)c1	17;16;14;15	12;13;14;15;16;17;18;19;20;21;23;25	CO[C:1003](/[CH:1002]=[CH:1001]/c1ccccc1)=[O:1004]	COC(=O)/C=C/c1ccccc1	COC([O-])=CC(SC)c1ccccc1
Mol_03134	Mol_03134:atom5	ester	COC(=O)C1=CO[C@@H](O[C@@H]2O[C@H](CO)[C@@H](O)[C@H](O)[C@H]2O)/C(=C/CO)[C@@H]1CC(=O)OCCc1ccc(O)c(O)c1	5;4;2;3	0;1;2;3;4;5;6;7;20;24;25	CO[C:1003]([C:1002]1=[CH:1001]OCC[C@@H]1C)=[O:1004]	COC(=O)C1=COCC[C@@H]1C	COC([O-])=C1C(SC)OCC[C@@H]1C
Mol_03135	Mol_03135:atom5	ester	COC(=O)C1=CO[C@@H](O[C@@H]2O[C@H](CO)[C@@H](O)[C@H](O)[C@H]2O)/C(=C/CO)[C@@H]1CC(=O)OCCc1ccc(O)cc1	5;4;2;3	0;1;2;3;4;5;6;7;20;24;25	CO[C:1003]([C:1002]1=[CH:1001]OCC[C@@H]1C)=[O:1004]	COC(=O)C1=COCC[C@@H]1C	COC([O-])=C1C(SC)OCC[C@@H]1C
Mol_03141	Mol_03141:atom3	ester	O=C(/C=C/c1ccc(O)c(O)c1)OC[C@H]1O[C@@H](O)[C@H](O)[C@@H](O)[C@@H]1O	3;2;1;0	0;1;2;3;4;5;6;7;9;11;12;13	CO[C:1003](/[CH:1002]=[CH:1001]/c1ccccc1)=[O:1004]	COC(=O)/C=C/c1ccccc1	COC([O-])=CC(SC)c1ccccc1
Mol_03145	Mol_03145:atom43	ester	C/C=C1/C(CC(=O)OCCc2ccc(O[C@@H]3O[C@H](CO)[C@@H](O)[C@H](O)[C@H]3O)c(O)c2)C(C(=O)OCCc2ccc(O)c(O)c2)=CO[C@H]1O[C@@H]1O[C@H](CO)[C@@H](O)[C@H](O)[C@H]1O	43;29;30;31	2;3;4;29;30;31;32;33;43;44;45	CO[C:1003]([C:1002]1=[CH:1001]OCCC1C)=[O:1004]	COC(=O)C1=COCCC1C	COC([O-])=C1C(C)CCOC1SC
Mol_03161	Mol_03161:atom17	ester	C/C=C1\C(OC2O[C@@H](CO)[C@H](O)[C@@H](O)[C@@H]2O)OC=C(C(=O)O[C@@H]2[C@@H](O)[C@H](CO)OC(OC3OC=C(C(=O)OC)[C@H](CC(=O)O)/C3=C/C)[C@H]2O)[C@@H]1CC(=O)O	17;18;19;20	2;3;16;17;18;19;20;21;22;49;50	CO[C:1003]([C:1002]1=[CH:1001]OCC[C@H]1C)=[O:1004]	COC(=O)C1=COCC[C@H]1C	COC([O-])=C1C(SC)OCC[C@H]1C
Mol_03161	Mol_03161:atom33	ester	C/C=C1\C(OC2O[C@@H](CO)[C@H](O)[C@@H](O)[C@@H]2O)OC=C(C(=O)O[C@@H]2[C@@H](O)[C@H](CO)OC(OC3OC=C(C(=O)OC)[C@H](CC(=O)O)/C3=C/C)[C@H]2O)[C@@H]1CC(=O)O	33;34;35;36	31;32;33;34;35;36;37;38;39;40;44	CO[C:1003]([C:1002]1=[CH:1001]OCC[C@H]1C)=[O:1004]	COC(=O)C1=COCC[C@H]1C	COC([O-])=C1C(SC)OCC[C@H]1C
Mol_03162	Mol_03162:atom17	ester	C/C=C1\C(OC2O[C@@H](CO)[C@H](O)[C@@H](O)[C@@H]2O)OC=C(C(=O)OC)C1CC(=O)OC[C@@H]1OC(OC2OC=C(C(=O)OC)C(CC(=O)OC[C@H]3OC(OCCc4ccc(O)cc4)[C@H](O)[C@@H](O)[C@@H]3O)/C2=C/C)[C@@H](O)[C@H](O)[C@H]1O	17;18;19;20	2;3;16;17;18;19;20;21;22;23;24	CO[C:1003]([C:1002]1=[CH:1001]OCCC1C)=[O:1004]	COC(=O)C1=COCCC1C	COC([O-])=C1C(C)CCOC1SC
Mol_03162	Mol_03162:atom35	ester	C/C=C1\C(OC2O[C@@H](CO)[C@H](O)[C@@H](O)[C@@H]2O)OC=C(C(=O)OC)C1CC(=O)OC[C@@H]1OC(OC2OC=C(C(=O)OC)C(CC(=O)OC[C@H]3OC(OCCc4ccc(O)cc4)[C@H](O)[C@@H](O)[C@@H]3O)/C2=C/C)[C@@H](O)[C@H](O)[C@H]1O	35;36;37;38	33;34;35;36;37;38;39;40;41;42;66	CO[C:1003]([C:1002]1=[CH:1001]OCCC1C)=[O:1004]	COC(=O)C1=COCCC1C	COC([O-])=C1C(C)CCOC1SC
Mol_03198	Mol_03198:atom0	ester	C=C1C(=O)O[C@@H]2C[C@H](C)CCC(=O)/C(C)=C/C[C@H]12	0;1;2;3	0;1;2;3;4;5;16;17	C[C@H]1CO[C:1003](=[O:1004])[C:1002]1=[CH2:1001]	C=C1C(=O)OC[C@@H]1C	CSCC1=C([O-])OC[C@@H]1C
Mol_03198	Mol_03198:atom15	enone	C=C1C(=O)O[C@@H]2C[C@H](C)CCC(=O)/C(C)=C/C[C@H]12	15;13;11;12	9;10;11;12;13;14;15;16;17	CC/[CH:1001]=[C:1002](\C)[C:1003](CC)=[O:1004]	CC/C=C(\C)C(=O)CC	CCC([O-])=C(C)C(CC)SC
Mol_03199	Mol_03199:atom2	enone	C/C1=C\C[C@@H]2[C@H](C)C(=O)O[C@@H]2C[C@H](C)CCC1=O	2;1;16;17	0;1;2;3;4;14;15;16;17	CC/[CH:1001]=[C:1002](\C)[C:1003](CC)=[O:1004]	CC/C=C(\C)C(=O)CC	CCC([O-])=C(C)C(CC)SC
Mol_03200	Mol_03200:atom0	ester	C=C1C(=O)O[C@@H]2C[C@]3(C)C(=C)CCC[C@@]3(O)C[C@H]12	0;1;2;3	0;1;2;3;4;5;16;17	C[C@H]1CO[C:1003](=[O:1004])[C:1002]1=[CH2:1001]	C=C1C(=O)OC[C@@H]1C	CSCC1=C([O-])OC[C@@H]1C
Mol_03201	Mol_03201:atom0	ester	C=C1C(=O)O[C@@H]2CC(C(C)CC[C@H](C)O)=CC[C@H]12	0;1;2;3	0;1;2;3;4;5;16;17	C[C@H]1CO[C:1003](=[O:1004])[C:1002]1=[CH2:1001]	C=C1C(=O)OC[C@@H]1C	CSCC1=C([O-])OC[C@@H]1C
Mol_03206	Mol_03206:atom2	enone	C/C1=C\CC2C3=C(OCC3)O[C@@H]2C[C@H](C)CCC1=O	2;1;17;18	0;1;2;3;4;15;16;17;18	CC/[CH:1001]=[C:1002](\C)[C:1003](CC)=[O:1004]	CC/C=C(\C)C(=O)CC	CCC([O-])=C(C)C(CC)SC
Mol_03207	Mol_03207:atom0	ester	C=C1C(=O)O[C@@H]2C[C@]3(C)C(=C)CCC[C@@]3(OC(C)=O)C[C@H]12	0;1;2;3	0;1;2;3;4;5;19;20	C[C@H]1CO[C:1003](=[O:1004])[C:1002]1=[CH2:1001]	C=C1C(=O)OC[C@@H]1C	CSCC1=C([O-])OC[C@@H]1C
Mol_03208	Mol_03208:atom0	ester	C=C1C(=O)O[C@@H]2CC(C(C)CC[C@H](C)OC(=O)C(OC)(c3ccccc3)C(F)(F)F)=CC[C@H]12	0;1;2;3	0;1;2;3;4;5;31;32	C[C@H]1CO[C:1003](=[O:1004])[C:1002]1=[CH2:1001]	C=C1C(=O)OC[C@@H]1C	CSCC1=C([O-])OC[C@@H]1C
Mol_03239	Mol_03239:atom16	ester	Cc1c(O)ccc(OC2O[C@H](COC(=O)/C=C/c3ccc(O)cc3)[C@@H](O)[C@H](O)[C@H]2O)c1C	16;15;13;14	11;12;13;14;15;16;17;18;19;20;22;23	CO[C:1003](/[CH:1002]=[CH:1001]/c1ccccc1)=[O:1004]	COC(=O)/C=C/c1ccccc1	COC([O-])=CC(SC)c1ccccc1
Mol_03240	Mol_03240:atom3	ester	O=C(/C=C/c1ccc(O)cc1)OC[C@H]1OC(Oc2ccc(O)cc2)[C@H](O)[C@@H](O)[C@@H]1O	3;2;1;0	0;1;2;3;4;5;6;7;9;10;11;12	CO[C:1003](/[CH:1002]=[CH:1001]/c1ccccc1)=[O:1004]	COC(=O)/C=C/c1ccccc1	COC([O-])=CC(SC)c1ccccc1
Mol_03241	Mol_03241:atom3	ester	O=C(/C=C/c1ccc(O)c(O)c1)OC[C@H]1OC(Oc2ccc(O)cc2)[C@H](O)[C@@H](O)[C@@H]1O	3;2;1;0	0;1;2;3;4;5;6;7;9;11;12;13	CO[C:1003](/[CH:1002]=[CH:1001]/c1ccccc1)=[O:1004]	COC(=O)/C=C/c1ccccc1	COC([O-])=CC(SC)c1ccccc1
Mol_03255	Mol_03255:atom5	enone	CC(C)[C@]1(O)C=C2C(=O)CC3C(C)(C)CCC[C@]3(C)[C@H]2CC1	5;6;7;8	1;3;4;5;6;7;8;9;10;17;19;20;21	C[C@@]1(O)CC[C@@H]2CCC[C:1003](=[O:1004])[C:1002]2=[CH:1001]1	C[C@]1(O)C=C2C(=O)CCC[C@H]2CC1	CSC1C2=C([O-])CCC[C@H]2CC[C@@]1(C)O
Mol_03265	Mol_03265:atom17	enone	CC(=O)OC[C@]1(C)CCC[C@@]2(C)C1CC(=O)C1=C[C@@](O)(C(C)C)CC[C@@H]12	17;16;14;15	10;12;13;14;15;16;17;18;19;20;23;24;25	C[C@@]1(O)CC[C@@H]2CCC[C:1003](=[O:1004])[C:1002]2=[CH:1001]1	C[C@]1(O)C=C2C(=O)CCC[C@H]2CC1	CSC1C2=C([O-])CCC[C@H]2CC[C@@]1(C)O
Mol_03288	Mol_03288:atom12	enone	CCC(C)C1NC(=O)C(C(C)=O)=C1O	12;8;9;11	2;4;5;6;7;8;9;10;11;12;13	CC1NC(=O)[C:1002]([C:1003](C)=[O:1004])=[C:1001]1O	CC(=O)C1=C(O)C(C)NC1=O	CSC1(O)C(=C(C)[O-])C(=O)NC1C
Mol_03290	Mol_03290:atom13	enone	COc1cc(O)c2c(c1)C1(OC2=O)C(C)=CC(=O)C1O	13;15;16;17	2;3;4;6;7;8;9;10;13;14;15;16;17;18;19	C[C:1001]1=[CH:1002][C:1003](=[O:1004])C(O)C1(O)c1ccccc1	CC1=CC(=O)C(O)C1(O)c1ccccc1	CSC1(C)C=C([O-])C(O)C1(O)c1ccccc1
Mol_03345	Mol_03345:atom7	ester	CCC1OC(=O)C2=C1C[C@H]1OC(=O)[C@]3(C)C1[C@]2(C)[C@@H]1O[C@@H]1[C@@H]3O	7;6;4;5	1;2;3;4;5;6;7;8;9;15;16;17;18	CC1O[C:1003](=[O:1004])[C:1002]2=[C:1001]1CCCC2(C)C	CC1OC(=O)C2=C1CCCC2(C)C	CSC12CCCC(C)(C)C1=C([O-])OC2C
Mol_03350	Mol_03350:atom9	ester	C[C@@]12C(=O)O[C@H]3[C@@H]1[C@@](C)(C1=CC(=O)O[C@H]([C@](C)(O)CO)[C@]14O[C@H]34)[C@H]1O[C@H]1[C@@H]2O	9;10;11;12	6;7;8;9;10;11;12;13;14;20;21;22;23	CC(C)(C)[C:1001]1=[CH:1002][C:1003](=[O:1004])OC[C@@]12CO2	CC(C)(C)C1=CC(=O)OC[C@@]12CO2	CSC1(C(C)(C)C)C=C([O-])OC[C@@]12CO2
Mol_03351	Mol_03351:atom1	enone	CC1=CC(=O)CC(C)(C)[C@H]1CC[C@@H](C)O[C@@H]1O[C@H](CO)[C@@H](O)[C@H](O)[C@H]1O	1;2;3;4	0;1;2;3;4;5;6;9;10	C[C@@H]1CC[C:1003](=[O:1004])[CH:1002]=[C:1001]1C	CC1=CC(=O)CC[C@H]1C	CSC1(C)C=C([O-])CC[C@H]1C
Mol_03354	Mol_03354:atom8	ester	CC(C)[C@H]1OC(=O)C=C2C1=C[C@H]1OC(=O)[C@@]3(C)CCC[C@@]2(C)[C@@H]13	8;7;5;6	3;4;5;6;7;8;9;10;19;20;21;22	C=C1CO[C:1003](=[O:1004])[CH:1002]=[C:1001]1C(C)(C)C	C=C1COC(=O)C=C1C(C)(C)C	C=C1COC([O-])=CC1(SC)C(C)(C)C
Mol_03355	Mol_03355:atom8	ester	CC(C)[C@H]1OC(=O)C=C2[C@@]13O[C@@H]3[C@H]1OC(=O)[C@@]3(C)C=CC[C@@]2(C)[C@@H]13	8;7;5;6	3;4;5;6;7;8;9;10;11;20;21;22;23	CC(C)(C)[C:1001]1=[CH:1002][C:1003](=[O:1004])OC[C@@]12CO2	CC(C)(C)C1=CC(=O)OC[C@@]12CO2	CSC1(C(C)(C)C)C=C([O-])OC[C@@]12CO2
Mol_03356	Mol_03356:atom15	enone	CC(C)CC[C@@H](O)[C@](C)(O)[C@H]1CC[C@@]2(O)C3=CC(=O)[C@@H]4C[C@@H](O)[C@@H](O)C[C@]4(C)[C@H]3CC[C@]12C	15;16;17;18	12;13;14;15;16;17;18;19;20;26;28;29;31	C[C@@H]1C[C@@H](C)[C:1003](=[O:1004])[CH:1002]=[C:1001]1C(C)(C)O	C[C@@H]1C[C@@H](C)C(C(C)(C)O)=CC1=O	CSC1(C(C)(C)O)C=C([O-])[C@H](C)C[C@H]1C
Mol_03365	Mol_03365:atom1	ester	C/C1=C/C(=O)O[C@@H]2C[C@@H](CC[C@H](C)/C=C\C=C\CC1)O[C@@](O)([C@@H]1CSC(=O)N1)C2	1;2;3;4	0;1;2;3;4;5;6;17;18	CC/[C:1001](C)=[CH:1002]\[C:1003](OC)=[O:1004]	CC/C(C)=C\C(=O)OC	CCC(C)(C=C([O-])OC)SC
Mol_03366	Mol_03366:atom1	ester	C/C1=C/C(=O)O[C@@H]2C[C@@H](CC[C@H](C)/C=C\CC1)O[C@@](O)([C@@H]1CSC(=O)N1)C2	1;2;3;4	0;1;2;3;4;5;6;15;16	CC/[C:1001](C)=[CH:1002]\[C:1003](OC)=[O:1004]	CC/C(C)=C\C(=O)OC	CCC(C)(C=C([O-])OC)SC
Mol_03367	Mol_03367:atom1	ester	C/C1=C/C(=O)O[C@@H]2C[C@@H](CC[C@H](C)/C=C\C=C\CC1)O[C@@](OC(=O)NCCCl)([C@@H]1CSC(=O)N1)C2	1;2;3;4	0;1;2;3;4;5;6;17;18	CC/[C:1001](C)=[CH:1002]\[C:1003](OC)=[O:1004]	CC/C(C)=C\C(=O)OC	CCC(C)(C=C([O-])OC)SC
Mol_03368	Mol_03368:atom1	ester	C/C1=C/C(=O)O[C@@H]2C[C@@H](CC[C@H](C)/C=C\C=C\CC1)O[C@@](OC(=O)NCCBr)([C@@H]1CSC(=O)N1)C2	1;2;3;4	0;1;2;3;4;5;6;17;18	CC/[C:1001](C)=[CH:1002]\[C:1003](OC)=[O:1004]	CC/C(C)=C\C(=O)OC	CCC(C)(C=C([O-])OC)SC
Mol_03369	Mol_03369:atom1	ester	C/C1=C/C(=O)O[C@@H]2C[C@@H](CC[C@H](C)/C=C\C=C\CC1)O[C@@](OC(=O)NCCCCl)([C@@H]1CSC(=O)N1)C2	1;2;3;4	0;1;2;3;4;5;6;17;18	CC/[C:1001](C)=[CH:1002]\[C:1003](OC)=[O:1004]	CC/C(C)=C\C(=O)OC	CCC(C)(C=C([O-])OC)SC
Mol_03370	Mol_03370:atom1	ester	C/C1=C/C(=O)O[C@@H]2C[C@@H](CC[C@H](C)/C=C\C=C\CC1)O[C@@](OC(=O)Nc1ccccc1)([C@@H]1CSC(=O)N1)C2	1;2;3;4	0;1;2;3;4;5;6;17;18	CC/[C:1001](C)=[CH:1002]\[C:1003](OC)=[O:1004]	CC/C(C)=C\C(=O)OC	CCC(C)(C=C([O-])OC)SC
Mol_03371	Mol_03371:atom1	ester	C/C1=C/C(=O)O[C@@H]2C[C@@H](CC[C@H](C)/C=C\C=C\CC1)O[C@@](OC(=O)NCc1ccccc1)([C@@H]1CSC(=O)N1)C2	1;2;3;4	0;1;2;3;4;5;6;17;18	CC/[C:1001](C)=[CH:1002]\[C:1003](OC)=[O:1004]	CC/C(C)=C\C(=O)OC	CCC(C)(C=C([O-])OC)SC
Mol_03374	Mol_03374:atom23	ester	CC(=O)N1C(=O)SC[C@H]1[C@@]1(O)C[C@H]2C[C@@H](CC[C@H](C)/C=C\CC/C(C)=C\C(=O)O2)O1	23;25;26;27	12;21;22;23;24;25;26;27;28	CC/[C:1001](C)=[CH:1002]\[C:1003](OC)=[O:1004]	CC/C(C)=C\C(=O)OC	CCC(C)(C=C([O-])OC)SC
Mol_03375	Mol_03375:atom21	ester	CO[C@]1([C@@H]2CSC(=O)N2)C[C@H]2C[C@@H](CC[C@H](C)/C=C\CC/C(C)=C\C(=O)O2)O1	21;23;24;25	10;19;20;21;22;23;24;25;26	CC/[C:1001](C)=[CH:1002]\[C:1003](OC)=[O:1004]	CC/C(C)=C\C(=O)OC	CCC(C)(C=C([O-])OC)SC
Mol_03376	Mol_03376:atom24	ester	CCCCO[C@]1([C@@H]2CSC(=O)N2)C[C@H]2C[C@@H](CC[C@H](C)/C=C\CC/C(C)=C\C(=O)O2)O1	24;26;27;28	13;22;23;24;25;26;27;28;29	CC/[C:1001](C)=[CH:1002]\[C:1003](OC)=[O:1004]	CC/C(C)=C\C(=O)OC	CCC(C)(C=C([O-])OC)SC
Mol_03377	Mol_03377:atom28	ester	CCCCCCCCO[C@]1([C@@H]2CSC(=O)N2)C[C@H]2C[C@@H](CC[C@H](C)/C=C\CC/C(C)=C\C(=O)O2)O1	28;30;31;32	17;26;27;28;29;30;31;32;33	CC/[C:1001](C)=[CH:1002]\[C:1003](OC)=[O:1004]	CC/C(C)=C\C(=O)OC	CCC(C)(C=C([O-])OC)SC
Mol_03378	Mol_03378:atom1	ester	C/C1=C/C(=O)O[C@@H]2C[C@@H](CC[C@H](C)/C=C\CC1)O[C@@](O)([C@@H]1CSC(=O)N1CO)C2	1;2;3;4	0;1;2;3;4;5;6;15;16	CC/[C:1001](C)=[CH:1002]\[C:1003](OC)=[O:1004]	CC/C(C)=C\C(=O)OC	CCC(C)(C=C([O-])OC)SC
Mol_03382	Mol_03382:atom0	enone	C=C(CCCC(C)(C)O)C(=O)CC[C@@]1(C)CC[C@@H]([C@H](C)C(=O)OC)OO1	0;1;9;10	0;1;2;3;9;10;11;12	CC[C:1002](=[CH2:1001])[C:1003](CC)=[O:1004]	C=C(CC)C(=O)CC	CCC([O-])=C(CC)CSC
Mol_03395	Mol_03395:atom12	enone	COc1cc(O)c(C(=O)O)c(C2=C(C)C[C@@H](O)C2=O)c1	12;11;17;18	2;3;4;6;10;11;12;13;14;15;16;17;18;19	C[C:1001]1=[C:1002](c2ccccc2)[C:1003](=[O:1004])[C@H](O)C1	CC1=C(c2ccccc2)C(=O)[C@H](O)C1	CSC1(C)C[C@@H](O)C([O-])=C1c1ccccc1
Mol_03399	Mol_03399:atom12	enone	CC[C@H](C)[C@H]1NC(=O)C(C(C)=O)=C1O	12;8;9;11	2;4;5;6;7;8;9;10;11;12;13	C[C@H]1NC(=O)[C:1002]([C:1003](C)=[O:1004])=[C:1001]1O	CC(=O)C1=C(O)[C@@H](C)NC1=O	CSC1(O)C(=C(C)[O-])C(=O)N[C@@H]1C
Mol_03401	Mol_03401:atom20	ester	C/C=C(\CO)C1CC2c3[nH]c4ccccc4c3CCN2C=C1C(=O)OC	20;21;22;23	2;5;6;7;18;19;20;21;22;23;24;25	CO[C:1003]([C:1002]1=[CH:1001]N(C)CCC1C)=[O:1004]	COC(=O)C1=CN(C)CCC1C	COC([O-])=C1C(C)CCN(C)C1SC
Mol_03426	Mol_03426:atom9	ester	C=C(C)CCOC(=O)/C=C/c1ccc(O)c(O)c1	9;8;6;7	4;5;6;7;8;9;10;11;12;13;15;17	CO[C:1003](/[CH:1002]=[CH:1001]/c1ccccc1)=[O:1004]	COC(=O)/C=C/c1ccccc1	COC([O-])=CC(SC)c1ccccc1
Mol_03427	Mol_03427:atom9	ester	C/C=C(\C)COC(=O)/C=C/c1ccc(O)c(O)c1	9;8;6;7	4;5;6;7;8;9;10;11;12;13;15;17	CO[C:1003](/[CH:1002]=[CH:1001]/c1ccccc1)=[O:1004]	COC(=O)/C=C/c1ccccc1	COC([O-])=CC(SC)c1ccccc1
Mol_03428	Mol_03428:atom3	ester	O=C(/C=C/c1ccc(O)c(O)c1)OCCc1ccccc1	3;2;1;0	0;1;2;3;4;5;6;7;9;11;12;13	CO[C:1003](/[CH:1002]=[CH:1001]/c1ccccc1)=[O:1004]	COC(=O)/C=C/c1ccccc1	COC([O-])=CC(SC)c1ccccc1
Mol_03435	Mol_03435:atom3	ester	O=C(/C=C/c1ccc(O)c(O)c1)O[C@H]1C(=O)c2c(O)cc(O)cc2O[C@@H]1c1ccccc1	3;2;1;0	0;1;2;3;4;5;6;7;9;11;12;13	CO[C:1003](/[CH:1002]=[CH:1001]/c1ccccc1)=[O:1004]	COC(=O)/C=C/c1ccccc1	COC([O-])=CC(SC)c1ccccc1
Mol_03452	Mol_03452:atom6	ester	CCOC(=O)/C=C/c1ccc(O)cc1	6;5;3;4	1;2;3;4;5;6;7;8;9;10;12;13	CO[C:1003](/[CH:1002]=[CH:1001]/c1ccccc1)=[O:1004]	COC(=O)/C=C/c1ccccc1	COC([O-])=CC(SC)c1ccccc1
Mol_03459	Mol_03459:atom10	enone	COc1cc(O)c(C(=O)/C=C/c2ccccc2)c(O)c1	10;9;7;8	2;3;4;6;7;8;9;10;11;12;13;14;15;16;17;19	c1ccc(/[CH:1001]=[CH:1002]/[C:1003](c2ccccc2)=[O:1004])cc1	O=C(/C=C/c1ccccc1)c1ccccc1	CSC(C=C([O-])c1ccccc1)c1ccccc1
Mol_03498	Mol_03498:atom27	ester	CCN1C2[C@@]34C5CC[C@](C)(C3C[C@]2(O)[C@@]2(O)CC[C@H]3CC4C2[C@H]3OC(=O)/C=C\c2ccccc2)[C@@H]1O5	27;26;24;25	22;23;24;25;26;27;28;29;30;31;32;33	CO[C:1003](/[CH:1002]=[CH:1001]\c1ccccc1)=[O:1004]	COC(=O)/C=C\c1ccccc1	COC([O-])=CC(SC)c1ccccc1
Mol_03575	Mol_03575:atom3	ester	O=C(/C=C/c1ccc(O)cc1)O[C@@H]1[C@H](O)[C@@H](O)[C@H](Oc2c(-c3ccc(O)cc3)oc3cc(O[C@H]4O[C@H](CO)[C@H](O)[C@@H](O)[C@H]4O)cc(O)c3c2=O)O[C@@H]1CO	3;2;1;0	0;1;2;3;4;5;6;7;9;10;11;12	CO[C:1003](/[CH:1002]=[CH:1001]/c1ccccc1)=[O:1004]	COC(=O)/C=C/c1ccccc1	COC([O-])=CC(SC)c1ccccc1
Mol_03576	Mol_03576:atom1	enone	CC1=CC(=O)CC(C)(C)[C@@]1(O)/C=C/[C@H](C)O[C@@H]1O[C@H](CO)[C@@H](O)[C@H](O)[C@H]1O	1;2;3;4	0;1;2;3;4;5;6;9;10;11	C[C@]1(O)CC[C:1003](=[O:1004])[CH:1002]=[C:1001]1C	CC1=CC(=O)CC[C@]1(C)O	CSC1(C)C=C([O-])CC[C@]1(C)O
Mol_03581	Mol_03581:atom40	ester	CC1O[C@@H](OCC2O[C@@H](Oc3c(-c4ccc(O)c(O)c4)oc4cc(O)cc(O)c4c3=O)C(O)C(O)[C@H]2OC(=O)/C=C/c2ccc(O)cc2)C(O)[C@@H](O)[C@H]1O	40;39;37;38	35;36;37;38;39;40;41;42;43;44;46;47	CO[C:1003](/[CH:1002]=[CH:1001]/c1ccccc1)=[O:1004]	COC(=O)/C=C/c1ccccc1	COC([O-])=CC(SC)c1ccccc1
Mol_03598	Mol_03598:atom7	ester	CC1(C)OC(=O)C=C[C@]2(C)[C@H]3[C@@H](O)C[C@@]4(C)[C@H](c5ccoc5)OC(=O)[C@H]5O[C@]54[C@]3(C)C(=O)C[C@@H]12	7;6;4;5	1;3;4;5;6;7;8;9;10;33	CC1(C)CCO[C:1003](=[O:1004])[CH:1002]=[CH:1001]1	CC1(C)C=CC(=O)OCC1	CSC1C=C([O-])OCCC1(C)C
Mol_03640	Mol_03640:atom20	ester	C[C@@H]1C[C@H](O)[C@@]2(C)C(C(=O)O)=CCCC2[C@@]1(C)CCC1=CCOC1=O	20;19;23;24	17;18;19;20;21;22;23;24	CC[C:1002]1=[CH:1001]CO[C:1003]1=[O:1004]	CCC1=CCOC1=O	CCC1=C([O-])OCC1SC
Mol_03641	Mol_03641:atom14	ester	CO[C@@H]1[C@@H](O)[C@H](O)[C@@H](O)C(OC(=O)/C=C\c2ccc(O)cc2)[C@@H]1OC(C)=O	14;13;11;12	9;10;11;12;13;14;15;16;17;18;20;21	CO[C:1003](/[CH:1002]=[CH:1001]\c1ccccc1)=[O:1004]	COC(=O)/C=C\c1ccccc1	COC([O-])=CC(SC)c1ccccc1
Mol_03642	Mol_03642:atom14	ester	CO[C@@H]1[C@@H](O)[C@H](O)[C@@H](O)C(OC(=O)/C=C/c2ccc(O)cc2)[C@@H]1OC(C)=O	14;13;11;12	9;10;11;12;13;14;15;16;17;18;20;21	CO[C:1003](/[CH:1002]=[CH:1001]/c1ccccc1)=[O:1004]	COC(=O)/C=C/c1ccccc1	COC([O-])=CC(SC)c1ccccc1
Mol_03659	Mol_03659:atom14	enone	COc1cc(C)c(O)c(C/C=C(\C)CC2=C(CC(C)(C)O)C(=O)[C@@]3(C)CCC[C@]3(C)C2)c1	14;15;21;22	11;13;14;15;16;17;21;22;23;24;25;28;30	CC[C:1001]1=[C:1002](CC)[C:1003](=[O:1004])C(C)(C)CC1	CCC1=C(CC)C(=O)C(C)(C)CC1	CCC1=C([O-])C(C)(C)CCC1(CC)SC
Mol_03661	Mol_03661:atom14	enone	COc1cc(C)c2c(c1)C=C[C@@](C)(CC1=C(CC(C)(C)O)C(=O)[C@@]3(C)CCC[C@]3(C)C1)O2	14;15;21;22	11;13;14;15;16;17;21;22;23;24;25;28;30	CC[C:1001]1=[C:1002](CC)[C:1003](=[O:1004])C(C)(C)CC1	CCC1=C(CC)C(=O)C(C)(C)CC1	CCC1=C([O-])C(C)(C)CCC1(CC)SC
Mol_03662	Mol_03662:atom14	enone	COc1cc(C)c2c(c1)C=C[C@](C)(CC1=C(CC(C)(C)O)C(=O)[C@@]3(C)CCC[C@]3(C)C1)O2	14;15;21;22	11;13;14;15;16;17;21;22;23;24;25;28;30	CC[C:1001]1=[C:1002](CC)[C:1003](=[O:1004])C(C)(C)CC1	CCC1=C(CC)C(=O)C(C)(C)CC1	CCC1=C([O-])C(C)(C)CCC1(CC)SC
Mol_03663	Mol_03663:atom1	enone	CC1=C(CC(C)(C)O)C(=O)[C@@]2(C)CCC[C@]2(C)C1	1;2;8;9	0;1;2;3;4;8;9;10;11;12;15;17	CC[C:1002]1=[C:1001](C)CCC(C)(C)[C:1003]1=[O:1004]	CCC1=C(C)CCC(C)(C)C1=O	CCC1=C([O-])C(C)(C)CCC1(C)SC
Mol_03664	Mol_03664:atom4	enone	CC(=O)CC1=C(CC(C)(C)O)C(=O)[C@@]2(C)CCC[C@]2(C)C1	4;5;11;12	1;3;4;5;6;7;11;12;13;14;15;18;20	CC[C:1001]1=[C:1002](CC)[C:1003](=[O:1004])C(C)(C)CC1	CCC1=C(CC)C(=O)C(C)(C)CC1	CCC1=C([O-])C(C)(C)CCC1(CC)SC
Mol_03665	Mol_03665:atom4	enone	CC(=O)/C=C1\C[C@@]2(C)CCC[C@]2(C)C2=C1CC(C)(C)O2	4;3;1;2	0;1;2;3;4;5;6;13;14;15	C=C(C)/[C:1001](CC)=[CH:1002]/[C:1003](C)=[O:1004]	C=C(C)/C(=C/C(C)=O)CC	C=C(C)C(C=C(C)[O-])(CC)SC
Mol_03672	Mol_03672:atom14	enone	COc1cc(C)c(O)c(C/C=C(\C)CC2=C(CC(C)(C)O)C(=O)[C@]3(C)CCC[C@]3(C)C2)c1	14;15;21;22	11;13;14;15;16;17;21;22;23;24;25;28;30	CC[C:1001]1=[C:1002](CC)[C:1003](=[O:1004])C(C)(C)CC1	CCC1=C(CC)C(=O)C(C)(C)CC1	CCC1=C([O-])C(C)(C)CCC1(CC)SC
Mol_03673	Mol_03673:atom15	enone	COc1cc(C)c(OC)c(C/C=C(\C)CC2=C(CC(C)(C)O)C(=O)[C@]3(C)CCC[C@]3(C)C2)c1	15;16;22;23	12;14;15;16;17;18;22;23;24;25;26;29;31	CC[C:1001]1=[C:1002](CC)[C:1003](=[O:1004])C(C)(C)CC1	CCC1=C(CC)C(=O)C(C)(C)CC1	CCC1=C([O-])C(C)(C)CCC1(CC)SC
Mol_03674	Mol_03674:atom14	enone	COc1cc(C)c2c(c1)CC[C@](C)(CC1=C(CC(C)(C)O)C(=O)[C@]3(C)CCC[C@]3(C)C1)O2	14;15;21;22	11;13;14;15;16;17;21;22;23;24;25;28;30	CC[C:1001]1=[C:1002](CC)[C:1003](=[O:1004])C(C)(C)CC1	CCC1=C(CC)C(=O)C(C)(C)CC1	CCC1=C([O-])C(C)(C)CCC1(CC)SC
Mol_03675	Mol_03675:atom14	enone	COc1cc(C)c2c(c1)CC[C@@](C)(CC1=C(CC(C)(C)O)C(=O)[C@]3(C)CCC[C@]3(C)C1)O2	14;15;21;22	11;13;14;15;16;17;21;22;23;24;25;28;30	CC[C:1001]1=[C:1002](CC)[C:1003](=[O:1004])C(C)(C)CC1	CCC1=C(CC)C(=O)C(C)(C)CC1	CCC1=C([O-])C(C)(C)CCC1(CC)SC
Mol_03676	Mol_03676:atom19	enone	COc1c(C)cc(O)cc1/C=C/C(C)(O)CC(=O)/C=C(/C)CCCC(C)C(=O)/C=C/C(C)(C)O	19;18;16;17	12;15;16;17;18;19;20;21;22	CC/[C:1001](C)=[CH:1002]\[C:1003](CC)=[O:1004]	CCC(=O)/C=C(/C)CC	CCC([O-])=CC(C)(CC)SC
Mol_03676	Mol_03676:atom29	enone	COc1c(C)cc(O)cc1/C=C/C(C)(O)CC(=O)/C=C(/C)CCCC(C)C(=O)/C=C/C(C)(C)O	29;28;26;27	23;24;25;26;27;28;29;30;31;32;33	CC(C)[C:1003](/[CH:1002]=[CH:1001]/C(C)(C)O)=[O:1004]	CC(C)C(=O)/C=C/C(C)(C)O	CSC(C=C([O-])C(C)C)C(C)(C)O
Mol_03677	Mol_03677:atom19	enone	COc1c(C)cc(O)cc1/C=C/C(C)(O)CC(=O)/C=C(\C)CCCC(C)C(=O)/C=C/C(C)(C)O	19;18;16;17	12;15;16;17;18;19;20;21;22	CC/[C:1001](C)=[CH:1002]/[C:1003](CC)=[O:1004]	CCC(=O)/C=C(\C)CC	CCC([O-])=CC(C)(CC)SC
Mol_03677	Mol_03677:atom29	enone	COc1c(C)cc(O)cc1/C=C/C(C)(O)CC(=O)/C=C(\C)CCCC(C)C(=O)/C=C/C(C)(C)O	29;28;26;27	23;24;25;26;27;28;29;30;31;32;33	CC(C)[C:1003](/[CH:1002]=[CH:1001]/C(C)(C)O)=[O:1004]	CC(C)C(=O)/C=C/C(C)(C)O	CSC(C=C([O-])C(C)C)C(C)(C)O
Mol_03678	Mol_03678:atom19	enone	COc1c(C)cc(O)cc1/C=C/C(C)(O)CC(=O)/C=C(/C)CCCC(C)=O	19;18;16;17	12;15;16;17;18;19;20;21;22	CC/[C:1001](C)=[CH:1002]\[C:1003](CC)=[O:1004]	CCC(=O)/C=C(/C)CC	CCC([O-])=CC(C)(CC)SC
Mol_03679	Mol_03679:atom19	enone	COc1c(C)cc(O)cc1/C=C/C(C)(O)CC(=O)/C=C(\C)CCCC(C)=O	19;18;16;17	12;15;16;17;18;19;20;21;22	CC/[C:1001](C)=[CH:1002]/[C:1003](CC)=[O:1004]	CCC(=O)/C=C(\C)CC	CCC([O-])=CC(C)(CC)SC
Mol_03680	Mol_03680:atom18	enone	COc1c(C)cc(O)cc1C/C=C(\C)CC(=O)/C=C(/C)CCC[C@]1(C)CC(=O)[C@@H](C(C)(C)O)O1	18;17;15;16	12;14;15;16;17;18;19;20;21	CC/[C:1001](C)=[CH:1002]\[C:1003](CC)=[O:1004]	CCC(=O)/C=C(/C)CC	CCC([O-])=CC(C)(CC)SC
Mol_03681	Mol_03681:atom18	enone	COc1c(C)cc(O)cc1C/C=C(\C)CC(=O)/C=C(\C)CCC[C@]1(C)CC(=O)[C@@H](C(C)(C)O)O1	18;17;15;16	12;14;15;16;17;18;19;20;21	CC/[C:1001](C)=[CH:1002]/[C:1003](CC)=[O:1004]	CCC(=O)/C=C(\C)CC	CCC([O-])=CC(C)(CC)SC
Mol_03682	Mol_03682:atom18	enone	COc1c(C)cc(O)cc1C/C=C(\C)CC(=O)/C=C(/C)CCCC(C)C(=O)/C=C/C(C)(C)O	18;17;15;16	12;14;15;16;17;18;19;20;21	CC/[C:1001](C)=[CH:1002]\[C:1003](CC)=[O:1004]	CCC(=O)/C=C(/C)CC	CCC([O-])=CC(C)(CC)SC
Mol_03682	Mol_03682:atom28	enone	COc1c(C)cc(O)cc1C/C=C(\C)CC(=O)/C=C(/C)CCCC(C)C(=O)/C=C/C(C)(C)O	28;27;25;26	22;23;24;25;26;27;28;29;30;31;32	CC(C)[C:1003](/[CH:1002]=[CH:1001]/C(C)(C)O)=[O:1004]	CC(C)C(=O)/C=C/C(C)(C)O	CSC(C=C([O-])C(C)C)C(C)(C)O
Mol_03683	Mol_03683:atom18	enone	COc1c(C)cc(O)cc1C/C=C(\C)CC(=O)/C=C(\C)CCCC(C)C(=O)/C=C/C(C)(C)O	18;17;15;16	12;14;15;16;17;18;19;20;21	CC/[C:1001](C)=[CH:1002]/[C:1003](CC)=[O:1004]	CCC(=O)/C=C(\C)CC	CCC([O-])=CC(C)(CC)SC
Mol_03683	Mol_03683:atom28	enone	COc1c(C)cc(O)cc1C/C=C(\C)CC(=O)/C=C(\C)CCCC(C)C(=O)/C=C/C(C)(C)O	28;27;25;26	22;23;24;25;26;27;28;29;30;31;32	CC(C)[C:1003](/[CH:1002]=[CH:1001]/C(C)(C)O)=[O:1004]	CC(C)C(=O)/C=C/C(C)(C)O	CSC(C=C([O-])C(C)C)C(C)(C)O
Mol_03684	Mol_03684:atom18	enone	COc1c(C)cc(O)cc1C/C=C(\C)CC(=O)/C=C(/C)CCCC(C)=O	18;17;15;16	12;14;15;16;17;18;19;20;21	CC/[C:1001](C)=[CH:1002]\[C:1003](CC)=[O:1004]	CCC(=O)/C=C(/C)CC	CCC([O-])=CC(C)(CC)SC
Mol_03685	Mol_03685:atom18	enone	COc1c(C)cc(O)cc1C/C=C(\C)CC(=O)/C=C(\C)CCCC(C)=O	18;17;15;16	12;14;15;16;17;18;19;20;21	CC/[C:1001](C)=[CH:1002]/[C:1003](CC)=[O:1004]	CCC(=O)/C=C(\C)CC	CCC([O-])=CC(C)(CC)SC
Mol_03686	Mol_03686:atom18	enone	COc1c(C)cc(O)cc1C/C=C(\C)CC(=O)/C=C(/C)CCCC(C)(O)C(=O)/C=C/C(C)(C)O	18;17;15;16	12;14;15;16;17;18;19;20;21	CC/[C:1001](C)=[CH:1002]\[C:1003](CC)=[O:1004]	CCC(=O)/C=C(/C)CC	CCC([O-])=CC(C)(CC)SC
Mol_03686	Mol_03686:atom29	enone	COc1c(C)cc(O)cc1C/C=C(\C)CC(=O)/C=C(/C)CCCC(C)(O)C(=O)/C=C/C(C)(C)O	29;28;26;27	22;23;24;25;26;27;28;29;30;31;32;33	CC(C)(O)/[CH:1001]=[CH:1002]/[C:1003](C(C)(C)O)=[O:1004]	CC(C)(O)/C=C/C(=O)C(C)(C)O	CSC(C=C([O-])C(C)(C)O)C(C)(C)O
Mol_03687	Mol_03687:atom18	enone	COc1c(C)cc(O)cc1C/C=C(\C)CC(=O)/C=C(\C)CCCC1(C)OC(C)(C)C=CC1=O	18;17;15;16	12;14;15;16;17;18;19;20;21	CC/[C:1001](C)=[CH:1002]/[C:1003](CC)=[O:1004]	CCC(=O)/C=C(\C)CC	CCC([O-])=CC(C)(CC)SC
Mol_03687	Mol_03687:atom29	enone	COc1c(C)cc(O)cc1C/C=C(\C)CC(=O)/C=C(\C)CCCC1(C)OC(C)(C)C=CC1=O	29;30;31;32	22;23;24;25;26;27;28;29;30;31;32	CC1(C)OC(C)(C)[C:1003](=[O:1004])[CH:1002]=[CH:1001]1	CC1(C)C=CC(=O)C(C)(C)O1	CSC1C=C([O-])C(C)(C)OC1(C)C
Mol_03688	Mol_03688:atom39	ester	CC(=O)O[C@H]1[C@H](O[C@H]2[C@@H]3C=CO[C@@H](O[C@@H]4O[C@H](CO)[C@@H](O)[C@H](O)[C@H]4O)[C@@H]3[C@@]3(CO)O[C@@H]23)O[C@@H](C)[C@H](OC(=O)/C=C/c2ccccc2)[C@H]1OC(=O)/C=C/c1ccccc1	39;38;36;37	34;35;36;37;38;39;40;41;42;43;44;45	CO[C:1003](/[CH:1002]=[CH:1001]/c1ccccc1)=[O:1004]	COC(=O)/C=C/c1ccccc1	COC([O-])=CC(SC)c1ccccc1
Mol_03688	Mol_03688:atom51	ester	CC(=O)O[C@H]1[C@H](O[C@H]2[C@@H]3C=CO[C@@H](O[C@@H]4O[C@H](CO)[C@@H](O)[C@H](O)[C@H]4O)[C@@H]3[C@@]3(CO)O[C@@H]23)O[C@@H](C)[C@H](OC(=O)/C=C/c2ccccc2)[C@H]1OC(=O)/C=C/c1ccccc1	51;50;48;49	46;47;48;49;50;51;52;53;54;55;56;57	CO[C:1003](/[CH:1002]=[CH:1001]/c1ccccc1)=[O:1004]	COC(=O)/C=C/c1ccccc1	COC([O-])=CC(SC)c1ccccc1
Mol_03689	Mol_03689:atom6	ester	COc1ccc(/C=C/C(=O)O[C@@H]2[C@@H](OC(=O)/C=C/c3ccccc3)[C@H](C)OC(O[C@H]3[C@@H]4C=CO[C@@H](OC5O[C@H](CO)[C@@H](O)[C@H](O)[C@H]5O)[C@@H]4[C@@]4(CO)O[C@@H]34)[C@@H]2OC(C)=O)cc1	6;7;8;9	2;3;4;5;6;7;8;9;10;11;58;59	CO[C:1003](/[CH:1002]=[CH:1001]/c1ccccc1)=[O:1004]	COC(=O)/C=C/c1ccccc1	COC([O-])=CC(SC)c1ccccc1
Mol_03689	Mol_03689:atom17	ester	COc1ccc(/C=C/C(=O)O[C@@H]2[C@@H](OC(=O)/C=C/c3ccccc3)[C@H](C)OC(O[C@H]3[C@@H]4C=CO[C@@H](OC5O[C@H](CO)[C@@H](O)[C@H](O)[C@H]5O)[C@@H]4[C@@]4(CO)O[C@@H]34)[C@@H]2OC(C)=O)cc1	17;16;14;15	12;13;14;15;16;17;18;19;20;21;22;23	CO[C:1003](/[CH:1002]=[CH:1001]/c1ccccc1)=[O:1004]	COC(=O)/C=C/c1ccccc1	COC([O-])=CC(SC)c1ccccc1
Mol_03691	Mol_03691:atom10	ester	CO[C@@H]1C[C@](C)(OC(=O)/C=C/c2ccccc2)[C@H]2[C@H](O[C@@H]3O[C@H](CO)[C@@H](O)[C@H](O)[C@H]3O)OC=C[C@@]12O	10;9;7;8	4;6;7;8;9;10;11;12;13;14;15;16	CO[C:1003](/[CH:1002]=[CH:1001]/c1ccccc1)=[O:1004]	COC(=O)/C=C/c1ccccc1	COC([O-])=CC(SC)c1ccccc1
Mol_03693	Mol_03693:atom10	ester	CC(=O)O[C@@H]1[C@@H](OC(=O)/C=C/c2ccccc2)[C@@H](OC(C)=O)[C@H](O[C@H]2[C@H]3C=CO[C@@H](O[C@@H]4O[C@H](CO)[C@@H](O)[C@H](O)[C@H]4O)[C@@H]3[C@@]3(CO)O[C@@H]23)O[C@H]1C	10;9;7;8	5;6;7;8;9;10;11;12;13;14;15;16	CO[C:1003](/[CH:1002]=[CH:1001]/c1ccccc1)=[O:1004]	COC(=O)/C=C/c1ccccc1	COC([O-])=CC(SC)c1ccccc1
Mol_03694	Mol_03694:atom10	ester	CC(=O)O[C@@H]1[C@@H](OC(=O)/C=C/c2ccccc2)[C@@H](OC(C)=O)[C@H](O[C@H]2[C@@H]3C=CO[C@@H](O[C@@H]4O[C@H](CO)[C@@H](O)[C@H](O)[C@H]4O)[C@@H]3[C@@]3(CO)O[C@@H]23)O[C@H]1C	10;9;7;8	5;6;7;8;9;10;11;12;13;14;15;16	CO[C:1003](/[CH:1002]=[CH:1001]/c1ccccc1)=[O:1004]	COC(=O)/C=C/c1ccccc1	COC([O-])=CC(SC)c1ccccc1
Mol_03698	Mol_03698:atom6	ester	COc1ccc(/C=C/C(=O)O[C@H]2C(O[C@H]3[C@@H]4C=CO[C@@H](OC5O[C@H](CO)[C@@H](O)[C@H](O)[C@H]5O)[C@@H]4[C@@]4(CO)O[C@@H]34)O[C@@H](C)[C@H](O)[C@H]2OC(C)=O)cc1	6;7;8;9	2;3;4;5;6;7;8;9;10;11;48;49	CO[C:1003](/[CH:1002]=[CH:1001]/c1ccccc1)=[O:1004]	COC(=O)/C=C/c1ccccc1	COC([O-])=CC(SC)c1ccccc1
Mol_03699	Mol_03699:atom6	ester	COc1ccc(/C=C\C(=O)O[C@H]2C(O[C@H]3[C@@H]4C=CO[C@@H](OC5O[C@H](CO)[C@@H](O)[C@H](O)[C@H]5O)[C@@H]4[C@@]4(CO)O[C@@H]34)O[C@@H](C)[C@H](O)[C@H]2OC(C)=O)cc1	6;7;8;9	2;3;4;5;6;7;8;9;10;11;48;49	CO[C:1003](/[CH:1002]=[CH:1001]\c1ccccc1)=[O:1004]	COC(=O)/C=C\c1ccccc1	COC([O-])=CC(SC)c1ccccc1
Mol_03704	Mol_03704:atom6	ester	C[C@]1(OC(=O)/C=C/c2ccccc2)C[C@@H](O)[C@]2(O)C=CO[C@@H](O[C@@H]3O[C@H](CO)[C@@H](O)[C@H](O)[C@H]3O)[C@@H]21	6;5;3;4	1;2;3;4;5;6;7;8;9;10;11;12	CO[C:1003](/[CH:1002]=[CH:1001]/c1ccccc1)=[O:1004]	COC(=O)/C=C/c1ccccc1	COC([O-])=CC(SC)c1ccccc1
Mol_03730	Mol_03730:atom1	ester	C/C=C(\C)C(=O)OC1CC2C=CC(C1)N2C	1;2;4;5	0;1;2;3;4;5;6;7	CO[C:1003](/[C:1002](C)=[CH:1001]/C)=[O:1004]	C/C=C(\C)C(=O)OC	COC([O-])=C(C)C(C)SC
Mol_03732	Mol_03732:atom1	ester	C/C=C(\C)C(=O)OC1C[C@H]2CC[C@@H](C1)N2C	1;2;4;5	0;1;2;3;4;5;6;7	CO[C:1003](/[C:1002](C)=[CH:1001]/C)=[O:1004]	C/C=C(\C)C(=O)OC	COC([O-])=C(C)C(C)SC
Mol_03734	Mol_03734:atom1	ester	C/C=C(\C)C(=O)O[C@@H]1C[C@H]2CC[C@@H](C1)N2C	1;2;4;5	0;1;2;3;4;5;6;7	CO[C:1003](/[C:1002](C)=[CH:1001]/C)=[O:1004]	C/C=C(\C)C(=O)OC	COC([O-])=C(C)C(C)SC
Mol_03739	Mol_03739:atom1	ester	C/C=C(\C)C(=O)OC1CC2C3OC3C(C1)N2C	1;2;4;5	0;1;2;3;4;5;6;7	CO[C:1003](/[C:1002](C)=[CH:1001]/C)=[O:1004]	C/C=C(\C)C(=O)OC	COC([O-])=C(C)C(C)SC
Mol_03740	Mol_03740:atom1	ester	C/C=C(\C)C(=O)OC1CC2CC(O)C(C1)N2C	1;2;4;5	0;1;2;3;4;5;6;7	CO[C:1003](/[C:1002](C)=[CH:1001]/C)=[O:1004]	C/C=C(\C)C(=O)OC	COC([O-])=C(C)C(C)SC
Mol_03741	Mol_03741:atom1	ester	C/C=C(\C)C(=O)OCN1C2CC(O)C[C@@H]1C2	1;2;4;5	0;1;2;3;4;5;6;7	CO[C:1003](/[C:1002](C)=[CH:1001]/C)=[O:1004]	C/C=C(\C)C(=O)OC	COC([O-])=C(C)C(C)SC
Mol_03742	Mol_03742:atom1	ester	C/C=C(\C)C(=O)O[C@@H]1C[C@H]2C[C@H](O)C[C@@H]1N2C	1;2;4;5	0;1;2;3;4;5;6;7	CO[C:1003](/[C:1002](C)=[CH:1001]/C)=[O:1004]	C/C=C(\C)C(=O)OC	COC([O-])=C(C)C(C)SC
Mol_03743	Mol_03743:atom1	ester	C/C=C(\C)C(=O)O[C@H]1C[C@@H]2C[C@@H](OC(C)=O)[C@H](C1)N2C	1;2;4;5	0;1;2;3;4;5;6;7	CO[C:1003](/[C:1002](C)=[CH:1001]/C)=[O:1004]	C/C=C(\C)C(=O)OC	COC([O-])=C(C)C(C)SC
Mol_03745	Mol_03745:atom1	ester	C/C=C(\C)C(=O)OC1CC2C(O)C(OC(=O)CC)C(C1)N2C	1;2;4;5	0;1;2;3;4;5;6;7	CO[C:1003](/[C:1002](C)=[CH:1001]/C)=[O:1004]	C/C=C(\C)C(=O)OC	COC([O-])=C(C)C(C)SC
Mol_03748	Mol_03748:atom1	ester	C/C=C(\C)C(=O)OC1CC2CC(OC(=O)CC)C(C1)N2C	1;2;4;5	0;1;2;3;4;5;6;7	CO[C:1003](/[C:1002](C)=[CH:1001]/C)=[O:1004]	C/C=C(\C)C(=O)OC	COC([O-])=C(C)C(C)SC
Mol_03749	Mol_03749:atom0	ester	C=C(C(=O)OC1CC2C=CC(C1)N2C)c1ccccc1	0;1;2;3	0;1;2;3;4;5;14;15;16;17;18;19	CO[C:1003]([C:1002](c1ccccc1)=[CH2:1001])=[O:1004]	C=C(C(=O)OC)c1ccccc1	COC([O-])=C(CSC)c1ccccc1
Mol_03751	Mol_03751:atom1	ester	C/C=C(\C)C(=O)OC1CC2CC(OC(=O)C(C)C)C(C1)N2C	1;2;4;5	0;1;2;3;4;5;6;7	CO[C:1003](/[C:1002](C)=[CH:1001]/C)=[O:1004]	C/C=C(\C)C(=O)OC	COC([O-])=C(C)C(C)SC
Mol_03752	Mol_03752:atom1	ester	C/C=C(\C)C(=O)OC1CC2C(O)C(O)C(C1)N2C	1;2;4;5	0;1;2;3;4;5;6;7	CO[C:1003](/[C:1002](C)=[CH:1001]/C)=[O:1004]	C/C=C(\C)C(=O)OC	COC([O-])=C(C)C(C)SC
Mol_03753	Mol_03753:atom0	ester	C=C(C(=O)OC1CC2CCC(C1)N2C)c1ccccc1	0;1;2;3	0;1;2;3;4;5;14;15;16;17;18;19	CO[C:1003]([C:1002](c1ccccc1)=[CH2:1001])=[O:1004]	C=C(C(=O)OC)c1ccccc1	COC([O-])=C(CSC)c1ccccc1
Mol_03754	Mol_03754:atom1	ester	C/C=C(\C)C(=O)OC1CC2C(O)C(C1)N2CO	1;2;4;5	0;1;2;3;4;5;6;7	CO[C:1003](/[C:1002](C)=[CH:1001]/C)=[O:1004]	C/C=C(\C)C(=O)OC	COC([O-])=C(C)C(C)SC
Mol_03757	Mol_03757:atom1	ester	C/C=C(\C)C(=O)OC1CC2CC(OC(=O)C(C)CC)C(C1)N2C	1;2;4;5	0;1;2;3;4;5;6;7	CO[C:1003](/[C:1002](C)=[CH:1001]/C)=[O:1004]	C/C=C(\C)C(=O)OC	COC([O-])=C(C)C(C)SC
Mol_03758	Mol_03758:atom1	ester	C/C=C(\C)C(=O)OC1(OC(=O)CCC)CC2CC(C)C(C1)N2C	1;2;4;5	0;1;2;3;4;5;6;7	CO[C:1003](/[C:1002](C)=[CH:1001]/C)=[O:1004]	C/C=C(\C)C(=O)OC	COC([O-])=C(C)C(C)SC
Mol_03762	Mol_03762:atom0	ester	C=C(C(=O)OC1CC2NC1C1OC21)c1ccccc1	0;1;2;3	0;1;2;3;4;5;13;14;15;16;17;18	CO[C:1003]([C:1002](c1ccccc1)=[CH2:1001])=[O:1004]	C=C(C(=O)OC)c1ccccc1	COC([O-])=C(CSC)c1ccccc1
Mol_03763	Mol_03763:atom0	ester	C=C(C(=O)OC1CC2C3OC3C(C1)N2C)c1ccccc1	0;1;2;3	0;1;2;3;4;5;15;16;17;18;19;20	CO[C:1003]([C:1002](c1ccccc1)=[CH2:1001])=[O:1004]	C=C(C(=O)OC)c1ccccc1	COC([O-])=C(CSC)c1ccccc1
Mol_03764	Mol_03764:atom1	ester	C/C=C(\C)C(=O)OC1CC2C(O)C(OC(=O)C(C)C)C(C1)N2C	1;2;4;5	0;1;2;3;4;5;6;7	CO[C:1003](/[C:1002](C)=[CH:1001]/C)=[O:1004]	C/C=C(\C)C(=O)OC	COC([O-])=C(C)C(C)SC
Mol_03768	Mol_03768:atom1	ester	C/C=C(\C)C(=O)O[C@@H]1C[C@H]2C[C@H](OC(=O)/C(C)=C/C)[C@@H](C1)N2C	1;2;4;5	0;1;2;3;4;5;6;7	CO[C:1003](/[C:1002](C)=[CH:1001]/C)=[O:1004]	C/C=C(\C)C(=O)OC	COC([O-])=C(C)C(C)SC
Mol_03768	Mol_03768:atom17	ester	C/C=C(\C)C(=O)O[C@@H]1C[C@H]2C[C@H](OC(=O)/C(C)=C/C)[C@@H](C1)N2C	17;15;13;14	11;12;13;14;15;16;17;18	CO[C:1003](/[C:1002](C)=[CH:1001]/C)=[O:1004]	C/C=C(\C)C(=O)OC	COC([O-])=C(C)C(C)SC
Mol_03769	Mol_03769:atom0	ester	C=C(C(=O)OC1CC2CC(O)C(C1)N2C)c1ccccc1	0;1;2;3	0;1;2;3;4;5;15;16;17;18;19;20	CO[C:1003]([C:1002](c1ccccc1)=[CH2:1001])=[O:1004]	C=C(C(=O)OC)c1ccccc1	COC([O-])=C(CSC)c1ccccc1
Mol_03770	Mol_03770:atom1	ester	C/C=C(\C)C(=O)O[C@H]1CC2C(O)C(OC(=O)CC(C)C)C(C1)N2C	1;2;4;5	0;1;2;3;4;5;6;7	CO[C:1003](/[C:1002](C)=[CH:1001]/C)=[O:1004]	C/C=C(\C)C(=O)OC	COC([O-])=C(C)C(C)SC
Mol_03771	Mol_03771:atom1	ester	C/C=C(\C)C(=O)O[C@@H]1CC2C(O)C(OC(=O)CC(C)C)C(C1)N2C	1;2;4;5	0;1;2;3;4;5;6;7	CO[C:1003](/[C:1002](C)=[CH:1001]/C)=[O:1004]	C/C=C(\C)C(=O)OC	COC([O-])=C(C)C(C)SC
Mol_03777	Mol_03777:atom1	ester	C/C=C(\C)C(=O)OC1CC2C(O)C(OC(=O)/C(C)=C/C)C(C1)N2C	1;2;4;5	0;1;2;3;4;5;6;7	CO[C:1003](/[C:1002](C)=[CH:1001]/C)=[O:1004]	C/C=C(\C)C(=O)OC	COC([O-])=C(C)C(C)SC
Mol_03777	Mol_03777:atom18	ester	C/C=C(\C)C(=O)OC1CC2C(O)C(OC(=O)/C(C)=C/C)C(C1)N2C	18;16;14;15	12;13;14;15;16;17;18;19	CO[C:1003](/[C:1002](C)=[CH:1001]/C)=[O:1004]	C/C=C(\C)C(=O)OC	COC([O-])=C(C)C(C)SC
Mol_03784	Mol_03784:atom1	ester	C/C=C(\C)C(=O)OC1CC2CC(OC(=O)C(CO)c3ccccc3)CC1N2C	1;2;4;5	0;1;2;3;4;5;6;7	CO[C:1003](/[C:1002](C)=[CH:1001]/C)=[O:1004]	C/C=C(\C)C(=O)OC	COC([O-])=C(C)C(C)SC
Mol_03785	Mol_03785:atom0	ester	C=C1C(=O)O[C@@H]2C[C@@]1(C)OC[C@H]2[C@H]1CC[C@H]2[C@@H]3CC=C4C[C@@H](O[C@@H]5O[C@H](CO)[C@@H](O)[C@H](O)[C@H]5O)C[C@H](O)[C@]4(C)[C@H]3CC[C@]12C	0;1;2;3	0;1;2;3;4;5;6;7;8;9	C[C@@]1(O)CCO[C:1003](=[O:1004])[C:1002]1=[CH2:1001]	C=C1C(=O)OCC[C@@]1(C)O	CSCC1=C([O-])OCC[C@@]1(C)O
Mol_03786	Mol_03786:atom1	ester	CC1=C(CO[C@@H]2O[C@H](CO)[C@@H](O)[C@H](O)[C@H]2O)C(=O)O[C@@H]([C@@H](CO)[C@H]2CC[C@H]3[C@@H]4CC=C5CC=CC(=O)[C@]5(C)[C@H]4C[C@H](O)[C@]23C)C1	1;2;16;17	0;1;2;3;4;16;17;18;19;44	C[C:1001]1=[C:1002](CO)[C:1003](=[O:1004])OCC1	CC1=C(CO)C(=O)OCC1	CSC1(C)CCOC([O-])=C1CO
Mol_03786	Mol_03786:atom32	enone	CC1=C(CO[C@@H]2O[C@H](CO)[C@@H](O)[C@H](O)[C@H]2O)C(=O)O[C@@H]([C@@H](CO)[C@H]2CC[C@H]3[C@@H]4CC=C5CC=CC(=O)[C@]5(C)[C@H]4C[C@H](O)[C@]23C)C1	32;33;34;35	30;31;32;33;34;35;36;37;38	CC1(C)CC[CH:1001]=[CH:1002][C:1003]1=[O:1004]	CC1(C)CCC=CC1=O	CSC1C=C([O-])C(C)(C)CC1
Mol_03791	Mol_03791:atom0	ester	C=C1C(=O)O[C@@H]2C[C@@]1(C)OC[C@H]2[C@H]1CC[C@H]2[C@@H]3CC=C4C[C@@H](O)C[C@H](O)[C@]4(C)[C@H]3CC[C@]12C	0;1;2;3	0;1;2;3;4;5;6;7;8;9	C[C@@]1(O)CCO[C:1003](=[O:1004])[C:1002]1=[CH2:1001]	C=C1C(=O)OCC[C@@]1(C)O	CSCC1=C([O-])OCC[C@@]1(C)O
Mol_03793	Mol_03793:atom1	ester	CC1=C(CO)C(=O)O[C@@H]([C@@H](CO)[C@H]2CC[C@H]3[C@@H]4CC=C5CC=CC(=O)[C@]5(C)[C@H]4C[C@H](O)[C@]23C)C1	1;2;5;6	0;1;2;3;4;5;6;7;8;33	C[C:1001]1=[C:1002](CO)[C:1003](=[O:1004])OCC1	CC1=C(CO)C(=O)OCC1	CSC1(C)CCOC([O-])=C1CO
Mol_03793	Mol_03793:atom21	enone	CC1=C(CO)C(=O)O[C@@H]([C@@H](CO)[C@H]2CC[C@H]3[C@@H]4CC=C5CC=CC(=O)[C@]5(C)[C@H]4C[C@H](O)[C@]23C)C1	21;22;23;24	19;20;21;22;23;24;25;26;27	CC1(C)CC[CH:1001]=[CH:1002][C:1003]1=[O:1004]	CC1(C)CCC=CC1=O	CSC1C=C([O-])C(C)(C)CC1
Mol_03795	Mol_03795:atom0	ester	C=C1C(=O)O[C@@H]2C[C@@]1(C)OC[C@H]2[C@H]1CC[C@H]2[C@@H]3CCc4c(C)cccc4[C@H]3CC[C@]12C	0;1;2;3	0;1;2;3;4;5;6;7;8;9	C[C@@]1(O)CCO[C:1003](=[O:1004])[C:1002]1=[CH2:1001]	C=C1C(=O)OCC[C@@]1(C)O	CSCC1=C([O-])OCC[C@@]1(C)O
Mol_03796	Mol_03796:atom1	ester	CC1=C(COC2O[C@H](CO)[C@@H](O)[C@H](O)[C@H]2O)C(=O)O[C@@H]([C@@H](CO)[C@H]2CC[C@H]3[C@@H]4CC=C5CC=CC(=O)[C@]5(C)[C@H]4CC[C@]23C)C1	1;2;16;17	0;1;2;3;4;16;17;18;19;43	C[C:1001]1=[C:1002](CO)[C:1003](=[O:1004])OCC1	CC1=C(CO)C(=O)OCC1	CSC1(C)CCOC([O-])=C1CO
Mol_03796	Mol_03796:atom32	enone	CC1=C(COC2O[C@H](CO)[C@@H](O)[C@H](O)[C@H]2O)C(=O)O[C@@H]([C@@H](CO)[C@H]2CC[C@H]3[C@@H]4CC=C5CC=CC(=O)[C@]5(C)[C@H]4CC[C@]23C)C1	32;33;34;35	30;31;32;33;34;35;36;37;38	CC1(C)CC[CH:1001]=[CH:1002][C:1003]1=[O:1004]	CC1(C)CCC=CC1=O	CSC1C=C([O-])C(C)(C)CC1
Mol_03797	Mol_03797:atom23	enone	COCC1C(=O)O[C@@H]2C[C@@]1(C)OC[C@H]2[C@H]1CC[C@H]2[C@@H]3CC=C4CC=CC(=O)[C@]4(C)[C@H]3CC[C@]12C	23;24;25;26	21;22;23;24;25;26;27;28;29	CC1(C)CC[CH:1001]=[CH:1002][C:1003]1=[O:1004]	CC1(C)CCC=CC1=O	CSC1C=C([O-])C(C)(C)CC1
Mol_03798	Mol_03798:atom1	ester	CC1=C(CO[C@@H]2O[C@H](CO)[C@@H](O)[C@H](O)[C@H]2O)C(=O)O[C@@H]([C@@H](C)[C@H]2CC[C@H]3[C@@H]4CC=C5CC=CC(=O)[C@]5(C)[C@H]4CC[C@]23C)C1	1;2;16;17	0;1;2;3;4;16;17;18;19;42	C[C:1001]1=[C:1002](CO)[C:1003](=[O:1004])OCC1	CC1=C(CO)C(=O)OCC1	CSC1(C)CCOC([O-])=C1CO
Mol_03798	Mol_03798:atom31	enone	CC1=C(CO[C@@H]2O[C@H](CO)[C@@H](O)[C@H](O)[C@H]2O)C(=O)O[C@@H]([C@@H](C)[C@H]2CC[C@H]3[C@@H]4CC=C5CC=CC(=O)[C@]5(C)[C@H]4CC[C@]23C)C1	31;32;33;34	29;30;31;32;33;34;35;36;37	CC1(C)CC[CH:1001]=[CH:1002][C:1003]1=[O:1004]	CC1(C)CCC=CC1=O	CSC1C=C([O-])C(C)(C)CC1
Mol_03799	Mol_03799:atom1	ester	CC1=C(C)C(=O)O[C@@H]([C@](C)(O)[C@]2(O)C[C@H](O)[C@@]3(O)C4CC=C5CC=CC(=O)[C@]5(C)C4CC[C@]23C)C1	1;2;4;5	0;1;2;3;4;5;6;7;34	C[C:1001]1=[C:1002](C)[C:1003](=[O:1004])OCC1	CC1=C(C)C(=O)OCC1	CSC1(C)CCOC([O-])=C1C
Mol_03799	Mol_03799:atom23	enone	CC1=C(C)C(=O)O[C@@H]([C@](C)(O)[C@]2(O)C[C@H](O)[C@@]3(O)C4CC=C5CC=CC(=O)[C@]5(C)C4CC[C@]23C)C1	23;24;25;26	21;22;23;24;25;26;27;28;29	CC1(C)CC[CH:1001]=[CH:1002][C:1003]1=[O:1004]	CC1(C)CCC=CC1=O	CSC1C=C([O-])C(C)(C)CC1
Mol_03800	Mol_03800:atom1	ester	CC1=C(C)C(=O)O[C@@H]([C@](C)(O)[C@]2(O)CC[C@@]3(O)[C@@H]4CC=C5CC=CC(=O)[C@]5(C)[C@H]4CC[C@]23C)C1	1;2;4;5	0;1;2;3;4;5;6;7;33	C[C:1001]1=[C:1002](C)[C:1003](=[O:1004])OCC1	CC1=C(C)C(=O)OCC1	CSC1(C)CCOC([O-])=C1C
Mol_03800	Mol_03800:atom22	enone	CC1=C(C)C(=O)O[C@@H]([C@](C)(O)[C@]2(O)CC[C@@]3(O)[C@@H]4CC=C5CC=CC(=O)[C@]5(C)[C@H]4CC[C@]23C)C1	22;23;24;25	20;21;22;23;24;25;26;27;28	CC1(C)CC[CH:1001]=[CH:1002][C:1003]1=[O:1004]	CC1(C)CCC=CC1=O	CSC1C=C([O-])C(C)(C)CC1
Mol_03801	Mol_03801:atom1	ester	CC1=C(C)C(=O)O[C@@H]([C@](C)(O)[C@@]2(O)CC[C@@]3(O)[C@@H]4CC=C5CC=CC(=O)[C@]5(C)[C@H]4CC[C@]23C)C1	1;2;4;5	0;1;2;3;4;5;6;7;33	C[C:1001]1=[C:1002](C)[C:1003](=[O:1004])OCC1	CC1=C(C)C(=O)OCC1	CSC1(C)CCOC([O-])=C1C
Mol_03801	Mol_03801:atom22	enone	CC1=C(C)C(=O)O[C@@H]([C@](C)(O)[C@@]2(O)CC[C@@]3(O)[C@@H]4CC=C5CC=CC(=O)[C@]5(C)[C@H]4CC[C@]23C)C1	22;23;24;25	20;21;22;23;24;25;26;27;28	CC1(C)CC[CH:1001]=[CH:1002][C:1003]1=[O:1004]	CC1(C)CCC=CC1=O	CSC1C=C([O-])C(C)(C)CC1
Mol_03802	Mol_03802:atom1	ester	CC1=C(CO)C(=O)OC(C(C)(C)[C@@]2(O)CCC3C4CC=C5[C@@H](O)C=CC(=O)[C@]5(C)C4CC[C@@]32C)C1	1;2;5;6	0;1;2;3;4;5;6;7;8;34	C[C:1001]1=[C:1002](CO)[C:1003](=[O:1004])OCC1	CC1=C(CO)C(=O)OCC1	CSC1(C)CCOC([O-])=C1CO
Mol_03802	Mol_03802:atom23	enone	CC1=C(CO)C(=O)OC(C(C)(C)[C@@]2(O)CCC3C4CC=C5[C@@H](O)C=CC(=O)[C@]5(C)C4CC[C@@]32C)C1	23;24;25;26	20;21;22;23;24;25;26;27;28;29	CC1(C)C[C@@H](O)[CH:1001]=[CH:1002][C:1003]1=[O:1004]	CC1(C)C[C@@H](O)C=CC1=O	CSC1C=C([O-])C(C)(C)C[C@H]1O
Mol_03803	Mol_03803:atom1	ester	CC1=C(CO)C(=O)OC([C@H](C)[C@@]2(O)CCC3C4C[C@H]5O[C@]56[C@@H](O)C=CC(=O)[C@]6(C)C4CC[C@@]32C)C1	1;2;5;6	0;1;2;3;4;5;6;7;8;34	C[C:1001]1=[C:1002](CO)[C:1003](=[O:1004])OCC1	CC1=C(CO)C(=O)OCC1	CSC1(C)CCOC([O-])=C1CO
Mol_03803	Mol_03803:atom23	enone	CC1=C(CO)C(=O)OC([C@H](C)[C@@]2(O)CCC3C4C[C@H]5O[C@]56[C@@H](O)C=CC(=O)[C@]6(C)C4CC[C@@]32C)C1	23;24;25;26	20;21;22;23;24;25;26;27;28;29	CC1(C)C[C@@H](O)[CH:1001]=[CH:1002][C:1003]1=[O:1004]	CC1(C)C[C@@H](O)C=CC1=O	CSC1C=C([O-])C(C)(C)C[C@H]1O
Mol_03804	Mol_03804:atom1	ester	CC1=C(CO)C(=O)OC([C@H](C)C2CCC3C4C[C@H]5O[C@]56[C@@H](O)C(OS(=O)(=O)O)CC(=O)[C@]6(C)C4CC[C@@]32C)C1	1;2;5;6	0;1;2;3;4;5;6;7;8;38	C[C:1001]1=[C:1002](CO)[C:1003](=[O:1004])OCC1	CC1=C(CO)C(=O)OCC1	CSC1(C)CCOC([O-])=C1CO
Mol_03805	Mol_03805:atom1	ester	CC1=C(C)C(=O)OC([C@](C)(O)[C@]2(O)C[C@H](O)[C@@]3(O)C4CC=C5CC=CC(=O)[C@]5(C)C4CC[C@]23C)C1	1;2;4;5	0;1;2;3;4;5;6;7;34	C[C:1001]1=[C:1002](C)[C:1003](=[O:1004])OCC1	CC1=C(C)C(=O)OCC1	CSC1(C)CCOC([O-])=C1C
Mol_03805	Mol_03805:atom23	enone	CC1=C(C)C(=O)OC([C@](C)(O)[C@]2(O)C[C@H](O)[C@@]3(O)C4CC=C5CC=CC(=O)[C@]5(C)C4CC[C@]23C)C1	23;24;25;26	21;22;23;24;25;26;27;28;29	CC1(C)CC[CH:1001]=[CH:1002][C:1003]1=[O:1004]	CC1(C)CCC=CC1=O	CSC1C=C([O-])C(C)(C)CC1
Mol_03842	Mol_03842:atom27	enone	CC(=O)O[C@H]1CC(C)(C)C(=C=C/C(C)=C/C=C/C(C)=C/C=C/C=C(C)/C=C/C=C(\C)C(=O)C[C@@]23O[C@]2(C)C[C@@H](O)CC3(C)C)[C@](C)(O)C1	27;28;30;31	25;26;27;28;29;30;31;32;33	C=C/[CH:1001]=[C:1002](\C)[C:1003](CC)=[O:1004]	C=C/C=C(\C)C(=O)CC	C=CC(SC)C(C)=C([O-])CC
Mol_03844	Mol_03844:atom4	enone	CC(=O)/C=C/C=C(\C)C=C=C1C(C)(C)C[C@H](OC(C)=O)C[C@@]1(C)O	4;3;1;2	0;1;2;3;4;5;6	C=C/[CH:1001]=[CH:1002]/[C:1003](C)=[O:1004]	C=C/C=C/C(C)=O	C=CC(C=C(C)[O-])SC
Mol_03847	Mol_03847:atom4	enone	CC(C)[C@@H]1C=CC(=O)[C@H]2[C@@H]3[C@](C)(O)[C@@H](O)C[C@H](Br)[C@@]3(C)CC[C@]12CBr	4;5;6;7	1;3;4;5;6;7;8;9;22	C[C@H]1C[C@H](C)[C:1003](=[O:1004])[CH:1002]=[CH:1001]1	C[C@@H]1C=CC(=O)[C@@H](C)C1	CSC1C=C([O-])[C@@H](C)C[C@@H]1C
Mol_03849	Mol_03849:atom11	enone	CC(C)[C@@H]1CC=C[C@H]2[C@H]3[C@@](C)(C=CC(=O)[C@@]3(C)O)CC[C@]12CBr	11;12;13;14	8;9;10;11;12;13;14;15;16;17;18	CC1(C)C[C@](C)(O)[C:1003](=[O:1004])[CH:1002]=[CH:1001]1	CC1(C)C=CC(=O)[C@@](C)(O)C1	CSC1C=C([O-])[C@@](C)(O)CC1(C)C
Mol_03866	Mol_03866:atom5	ester	COC(=O)/C=C/c1ccc(OS(=O)(=O)O)c(OC)c1	5;4;2;3	0;1;2;3;4;5;6;7;8;9;15;18	CO[C:1003](/[CH:1002]=[CH:1001]/c1ccccc1)=[O:1004]	COC(=O)/C=C/c1ccccc1	COC([O-])=CC(SC)c1ccccc1
Mol_03871	Mol_03871:atom25	ester	CC1(C)CC[C@]2(C(=O)O)CC=C3[C@]4(C)CCC5C(C)(C)[C@H](OC(=O)/C=C/c6ccc(O)c(O)c6)CC[C@]5(C)[C@@]4(C)CC[C@@]3(C)C2C1	25;24;22;23	20;21;22;23;24;25;26;27;28;29;31;33	CO[C:1003](/[CH:1002]=[CH:1001]/c1ccccc1)=[O:1004]	COC(=O)/C=C/c1ccccc1	COC([O-])=CC(SC)c1ccccc1
Mol_03946	Mol_03946:atom18	ester	CO[C@H]1C[C@H](CC[C@H](C)[C@H](O)[C@H](C)[C@H]2OC(=O)/C=C/C(C)=C/C[C@H](O)C[C@@H]3C=CC[C@@H](C[C@H](OC)[C@@H](C)[C@@H](O)C[C@@H](O)[C@H](C)[C@@H]([C@@H](C)[C@@H](O)[C@@H](C)CC[C@H]4C[C@H](OC)C[C@H](C)O4)OC(=O)/C=C/C(C)=C/C[C@H](O)C[C@H]4C=CC[C@@H](C[C@H](OC)[C@@H](C)[C@@H](O)C[C@@H](O)[C@@H]2C)O4)O3)O[C@@H](C)C1	18;17;15;16	13;14;15;16;17;18;19;20;21	C=C(C)/[CH:1001]=[CH:1002]/[C:1003](OC)=[O:1004]	C=C(C)/C=C/C(=O)OC	C=C(C)C(C=C([O-])OC)SC
Mol_03946	Mol_03946:atom66	ester	CO[C@H]1C[C@H](CC[C@H](C)[C@H](O)[C@H](C)[C@H]2OC(=O)/C=C/C(C)=C/C[C@H](O)C[C@@H]3C=CC[C@@H](C[C@H](OC)[C@@H](C)[C@@H](O)C[C@@H](O)[C@H](C)[C@@H]([C@@H](C)[C@@H](O)[C@@H](C)CC[C@H]4C[C@H](OC)C[C@H](C)O4)OC(=O)/C=C/C(C)=C/C[C@H](O)C[C@H]4C=CC[C@@H](C[C@H](OC)[C@@H](C)[C@@H](O)C[C@@H](O)[C@@H]2C)O4)O3)O[C@@H](C)C1	66;65;63;64	44;62;63;64;65;66;67;68;69	C=C(C)/[CH:1001]=[CH:1002]/[C:1003](OC)=[O:1004]	C=C(C)/C=C/C(=O)OC	C=C(C)C(C=C([O-])OC)SC
Mol_03947	Mol_03947:atom22	ester	CO[C@@H]1C[C@H](C)O[C@@H]([C@@H](O)C[C@H](C)[C@H](O)[C@H](C)[C@H]2OC(=O)/C=C/C(C)=C\C[C@H](O)C[C@H]3C=CC[C@@H](C[C@H](OC)[C@@H](C)[C@@H](O)C[C@@H](O)[C@H](C)[C@H]([C@@H](C)[C@@H](O)[C@@H](C)CC[C@H]4C[C@H](OC)C[C@H](C)O4)OC(=O)/C=C/C(C)=C/C[C@H](O)C[C@H]4C=CC[C@@H](C[C@H](OC)[C@@H](C)[C@@H](O)C[C@@H](O)[C@@H]2C)O4)O3)C1	22;21;19;20	17;18;19;20;21;22;23;24;25	C=C(C)/[CH:1001]=[CH:1002]/[C:1003](OC)=[O:1004]	C=C(C)/C=C/C(=O)OC	C=C(C)C(C=C([O-])OC)SC
Mol_03947	Mol_03947:atom70	ester	CO[C@@H]1C[C@H](C)O[C@@H]([C@@H](O)C[C@H](C)[C@H](O)[C@H](C)[C@H]2OC(=O)/C=C/C(C)=C\C[C@H](O)C[C@H]3C=CC[C@@H](C[C@H](OC)[C@@H](C)[C@@H](O)C[C@@H](O)[C@H](C)[C@H]([C@@H](C)[C@@H](O)[C@@H](C)CC[C@H]4C[C@H](OC)C[C@H](C)O4)OC(=O)/C=C/C(C)=C/C[C@H](O)C[C@H]4C=CC[C@@H](C[C@H](OC)[C@@H](C)[C@@H](O)C[C@@H](O)[C@@H]2C)O4)O3)C1	70;69;67;68	48;66;67;68;69;70;71;72;73	C=C(C)/[CH:1001]=[CH:1002]/[C:1003](OC)=[O:1004]	C=C(C)/C=C/C(=O)OC	C=C(C)C(C=C([O-])OC)SC
Mol_03948	Mol_03948:atom18	ester	CO[C@H]1C[C@H](CC[C@H](C)[C@H](O)[C@H](C)[C@H]2OC(=O)/C=C/C(C)=C/C[C@H](O)C[C@@H]3C=CC[C@@H](C[C@H](OC)[C@@H](C)[C@@H](O)C[C@@H](O)[C@H](C)[C@@H]([C@@H](C)[C@@H](O)[C@@H](C)CC[C@H]4C[C@H](OC)C[C@H](C)O4)OC(=O)/C(C)=C/C[C@H](O)C[C@@H]4C=CC[C@@H](C[C@H](OC)[C@@H](C)[C@@H](O)C[C@@H](O)[C@@H]2C)O4)O3)O[C@@H](C)C1	18;17;15;16	13;14;15;16;17;18;19;20;21	C=C(C)/[CH:1001]=[CH:1002]/[C:1003](OC)=[O:1004]	C=C(C)/C=C/C(=O)OC	C=C(C)C(C=C([O-])OC)SC
Mol_03948	Mol_03948:atom67	ester	CO[C@H]1C[C@H](CC[C@H](C)[C@H](O)[C@H](C)[C@H]2OC(=O)/C=C/C(C)=C/C[C@H](O)C[C@@H]3C=CC[C@@H](C[C@H](OC)[C@@H](C)[C@@H](O)C[C@@H](O)[C@H](C)[C@@H]([C@@H](C)[C@@H](O)[C@@H](C)CC[C@H]4C[C@H](OC)C[C@H](C)O4)OC(=O)/C(C)=C/C[C@H](O)C[C@@H]4C=CC[C@@H](C[C@H](OC)[C@@H](C)[C@@H](O)C[C@@H](O)[C@@H]2C)O4)O3)O[C@@H](C)C1	67;65;63;64	44;62;63;64;65;66;67;68;69	CC/[CH:1001]=[C:1002](\C)[C:1003](OC)=[O:1004]	CC/C=C(\C)C(=O)OC	CCC(SC)C(C)=C([O-])OC
Mol_03949	Mol_03949:atom27	ester	CC(=O)O[C@H]1C[C@H]2[C@]3(C)CC[C@H]4C(C)(C)CCC[C@]4(C)[C@H]3C[C@@H](O)[C@]2(C)C2=C1COC2=O	27;26;30;31	3;4;5;6;22;24;25;26;27;28;29;30;31	CC1(C)CC[C@H](O)[C:1001]2=[C:1002]1[C:1003](=[O:1004])OC2	CC1(C)CC[C@H](O)C2=C1C(=O)OC2	CSC12COC([O-])=C1C(C)(C)CC[C@@H]2O
Mol_03950	Mol_03950:atom31	ester	CC(=O)O[C@H]1C[C@H]2[C@]3(C)CC[C@H]4C(C)(C)CCC[C@]4(C)[C@H]3C[C@@H](O)[C@]2(C)[C@H]2OC(=O)C=C12	31;30;28;29	3;4;5;24;26;27;28;29;30;31	C[C@H](O)[C:1001]1=[CH:1002][C:1003](=[O:1004])O[C@@H]1C	C[C@H](O)C1=CC(=O)O[C@@H]1C	CSC1([C@H](C)O)C=C([O-])O[C@@H]1C
Mol_03951	Mol_03951:atom20	ester	CC1(C)CCC[C@]2(C)[C@H]3C[C@@H](O)[C@]4(C)C5COC(=O)C5=CC[C@H]4[C@]3(C)CC[C@@H]12	20;19;17;18	12;14;15;16;17;18;19;20;21;22	C1CC2CO[C:1003](=[O:1004])[C:1002]2=[CH:1001]C1	O=C1OCC2CCCC=C12	CSC1CCCC2COC([O-])=C21
Mol_03952	Mol_03952:atom16	ester	CC(=O)O[C@H]1CC[C@]2(C)[C@H]3C[C@@H](O)[C@]4(C)C5=C(CC[C@H]4[C@]3(C)CC[C@H]2C1(C)C)COC5=O	16;15;30;31	11;13;14;15;16;17;18;19;28;29;30;31	CC1(C)CCC[C:1001]2=[C:1002]1[C:1003](=[O:1004])OC2	CC1(C)CCCC2=C1C(=O)OC2	CSC12CCCC(C)(C)C1=C([O-])OC2
Mol_03956	Mol_03956:atom19	ester	CC(=O)OC[C@]1(C)CCC[C@]2(C)[C@H]3C[C@@H](O)[C@]4(C)C5=C(CC[C@H]4[C@]3(C)CC[C@@H]12)COC5=O	19;18;30;31	14;16;17;18;19;20;21;22;28;29;30;31	CC1(C)CCC[C:1001]2=[C:1002]1[C:1003](=[O:1004])OC2	CC1(C)CCCC2=C1C(=O)OC2	CSC12CCCC(C)(C)C1=C([O-])OC2
Mol_03957	Mol_03957:atom17	ester	CC(=O)O[C@H]1CC[C@@]2(C)[C@@H](CC[C@@]3(C)C[C@@H]4CC5=C(C[C@@]4(C)[C@H](O)[C@@H]32)C(=O)OC5)C1(C)C	17;18;25;26	15;16;17;18;19;20;25;26;27;28	C1CC[C:1002]2=[C:1001](C1)CO[C:1003]2=[O:1004]	O=C1OCC2=C1CCCC2	CSC12CCCCC1=C([O-])OC2
Mol_03958	Mol_03958:atom16	ester	CC1(C)CCC[C@@]2(C)[C@H]1CC[C@@]1(C)C[C@@H]3CC4=C(C[C@@]3(C)[C@H](O)[C@@H]12)C(=O)OC4	16;17;24;25	14;15;16;17;18;19;24;25;26;27	C1CC[C:1002]2=[C:1001](C1)CO[C:1003]2=[O:1004]	O=C1OCC2=C1CCCC2	CSC12CCCCC1=C([O-])OC2
Mol_03959	Mol_03959:atom15	ester	CC1(C)CCC[C@]2(C)[C@H]3C[C@@H](O)[C@]4(C)C5=C(CC[C@H]4[C@]3(C)CC[C@@H]12)COC5=O	15;14;26;27	10;12;13;14;15;16;17;18;24;25;26;27	CC1(C)CCC[C:1001]2=[C:1002]1[C:1003](=[O:1004])OC2	CC1(C)CCCC2=C1C(=O)OC2	CSC12CCCC(C)(C)C1=C([O-])OC2
Mol_03961	Mol_03961:atom9	ester	C=C1C[C@H]2C[C@@](C)(CCC3=CC(=O)O[C@@]32OC)[C@]1(C)O	9;10;11;12	3;7;8;9;10;11;12;13;14;15	CC[C:1001]1=[CH:1002][C:1003](=[O:1004])O[C@@]1(C)O	CCC1=CC(=O)O[C@@]1(C)O	CCC1(SC)C=C([O-])O[C@@]1(C)O
Mol_03962	Mol_03962:atom6	ester	C=C1[C@]2(C)CCC3=CC(=O)O[C@]3(OC)[C@H](C2)C[C@@]1(C)O	6;7;8;9	4;5;6;7;8;9;10;11;12;14	CC[C:1001]1=[CH:1002][C:1003](=[O:1004])O[C@@]1(C)O	CCC1=CC(=O)O[C@@]1(C)O	CCC1(SC)C=C([O-])O[C@@]1(C)O
Mol_03967	Mol_03967:atom31	enone	CC(=O)O[C@H]1C[C@H]2[C@@]3(C)CCCC(C)(C)[C@H]3CC[C@@]2(C)[C@@H]2C[C@@H](OC(C)=O)C(C(C)=O)=C[C@@]12C	31;27;28;30	4;20;21;22;23;27;28;29;30;31;32;33	CC1(C)CC[C@@H](O)[C:1002]([C:1003](C)=[O:1004])=[CH:1001]1	CC(=O)C1=CC(C)(C)CC[C@H]1O	CSC1C(=C(C)[O-])[C@H](O)CCC1(C)C
Mol_03968	Mol_03968:atom18	enone	CC[C@@]1(C)CCC[C@]2(C)[C@@H]3C[C@H](OC(C)=O)[C@]4(C)C=C(C(C)=O)[C@H](OC(C)=O)C[C@H]4[C@]3(C)CC[C@H]12	18;19;20;22	11;16;17;18;19;20;21;22;23;24;28;29	CC1(C)CC[C@@H](O)[C:1002]([C:1003](C)=[O:1004])=[CH:1001]1	CC(=O)C1=CC(C)(C)CC[C@H]1O	CSC1C(=C(C)[O-])[C@H](O)CCC1(C)C
Mol_03969	Mol_03969:atom22	enone	CC(=O)O[C@H]1C[C@@H]2[C@@](C)(CC[C@@H]3C(C)(C)CCC[C@]23C)[C@@H]2CC=C(C(C)=O)C[C@]21C	22;23;24;26	20;21;22;23;24;25;26;27;28	C[C:1003]([C:1002]1=[CH:1001]CCCC1)=[O:1004]	CC(=O)C1=CCCCC1	CSC1CCCCC1=C(C)[O-]
Mol_03970	Mol_03970:atom22	enone	CC(=O)O[C@H]1C[C@H]2[C@@]3(C)CCCC(C)(C)[C@H]3CC[C@@]2(C)[C@@H]2CC=C(C(C)=O)[C@@H]3[C@H](O)C[C@@]132	22;23;24;26	20;21;22;23;24;25;26;27;28;31	C[C@@H]1CCC[CH:1001]=[C:1002]1[C:1003](C)=[O:1004]	CC(=O)C1=CCCC[C@H]1C	CSC1CCC[C@@H](C)C1=C(C)[O-]
Mol_03971	Mol_03971:atom22	enone	CC(=O)O[C@H]1C[C@H]2[C@@]3(C)CCCC(C)(C)[C@H]3CC[C@@]2(C)[C@@H]2CC=C(C(C)=O)[C@@H]3[C@@H](O)C[C@@]132	22;23;24;26	20;21;22;23;24;25;26;27;28;31	C[C@@H]1CCC[CH:1001]=[C:1002]1[C:1003](C)=[O:1004]	CC(=O)C1=CCCC[C@H]1C	CSC1CCC[C@@H](C)C1=C(C)[O-]
Mol_03972	Mol_03972:atom23	enone	CC[C@@]1(C)CCC[C@]2(C)[C@@H]3C[C@H](OC(C)=O)[C@]4(C)CC(C(C)=O)=CC[C@H]4[C@]3(C)CC[C@H]12	23;19;20;22	16;18;19;20;21;22;23;24;25	C[C:1003]([C:1002]1=[CH:1001]CCCC1)=[O:1004]	CC(=O)C1=CCCCC1	CSC1CCCCC1=C(C)[O-]
Mol_03973	Mol_03973:atom25	enone	CC[C@@]1(C)CCC[C@]2(C)[C@@H]3C[C@H](OC(C)=O)[C@]45C[C@@H](O)[C@H]4C(C(C)=O)=CC[C@H]5[C@]3(C)CC[C@H]12	25;21;22;24	16;18;20;21;22;23;24;25;26;27	C[C@@H]1CCC[CH:1001]=[C:1002]1[C:1003](C)=[O:1004]	CC(=O)C1=CCCC[C@H]1C	CSC1CCC[C@@H](C)C1=C(C)[O-]
Mol_03980	Mol_03980:atom28	enone	C=C(C)[C@@]12OC3(c4ccccc4)O[C@@H]1[C@@H]1[C@@H]4O[C@]4(CO)[C@@H](O)[C@]4(O)C(=O)C(C)=C[C@H]4[C@@]1(O3)[C@H](C)[C@H]2OC(=O)/C=C/c1ccccc1	28;26;24;25	20;22;23;24;25;26;27;28;29;30	C[C@H]1[C@@](C)(O)[C:1003](=[O:1004])[C:1002](C)=[CH:1001]1	CC1=C[C@@H](C)[C@@](C)(O)C1=O	CSC1C(C)=C([O-])[C@](C)(O)[C@@H]1C
Mol_03980	Mol_03980:atom39	ester	C=C(C)[C@@]12OC3(c4ccccc4)O[C@@H]1[C@@H]1[C@@H]4O[C@]4(CO)[C@@H](O)[C@]4(O)C(=O)C(C)=C[C@H]4[C@@]1(O3)[C@H](C)[C@H]2OC(=O)/C=C/c1ccccc1	39;38;36;37	34;35;36;37;38;39;40;41;42;43;44;45	CO[C:1003](/[CH:1002]=[CH:1001]/c1ccccc1)=[O:1004]	COC(=O)/C=C/c1ccccc1	COC([O-])=CC(SC)c1ccccc1
Mol_03981	Mol_03981:atom28	enone	C=C(C)C12OC3(c4ccccc4)OC1C1C4OC4(CO)C(O)C4(O)C(=O)C(C)=CC4C1(O3)C(C)C2OC(=O)/C=C/C=C/C=C/CCC	28;26;24;25	20;22;23;24;25;26;27;28;29;30	CC1C(C)(O)[C:1003](=[O:1004])[C:1002](C)=[CH:1001]1	CC1=CC(C)C(C)(O)C1=O	CSC1C(C)=C([O-])C(C)(O)C1C
Mol_03981	Mol_03981:atom39	ester	C=C(C)C12OC3(c4ccccc4)OC1C1C4OC4(CO)C(O)C4(O)C(=O)C(C)=CC4C1(O3)C(C)C2OC(=O)/C=C/C=C/C=C/CCC	39;38;36;37	34;35;36;37;38;39;40;41	C=C/[CH:1001]=[CH:1002]/[C:1003](OC)=[O:1004]	C=C/C=C/C(=O)OC	C=CC(C=C([O-])OC)SC
Mol_03982	Mol_03982:atom28	enone	C=C(C)[C@@]12O[C@@]3(c4ccccc4)O[C@@H]1[C@@H]1[C@@H]4O[C@]4(CO)[C@@H](O)[C@]4(O)C(=O)C(C)=C[C@H]4[C@@]1(O3)[C@H](C)[C@H]2OC(=O)c1ccccc1	28;26;24;25	20;22;23;24;25;26;27;28;29;30	C[C@H]1[C@@](C)(O)[C:1003](=[O:1004])[C:1002](C)=[CH:1001]1	CC1=C[C@@H](C)[C@@](C)(O)C1=O	CSC1C(C)=C([O-])[C@](C)(O)[C@@H]1C
Mol_03983	Mol_03983:atom28	enone	C=C(C)[C@@]12O[C@@]3(c4ccccc4)O[C@@H]1[C@@H]1[C@@H]4O[C@]4(CO)[C@@H](O)[C@]4(O)C(=O)C(C)=C[C@H]4[C@@]1(O3)[C@H](C)[C@H]2OC(=O)/C=C/CCCCCCCCCCCCCC	28;26;24;25	20;22;23;24;25;26;27;28;29;30	C[C@H]1[C@@](C)(O)[C:1003](=[O:1004])[C:1002](C)=[CH:1001]1	CC1=C[C@@H](C)[C@@](C)(O)C1=O	CSC1C(C)=C([O-])[C@](C)(O)[C@@H]1C
Mol_03983	Mol_03983:atom39	ester	C=C(C)[C@@]12O[C@@]3(c4ccccc4)O[C@@H]1[C@@H]1[C@@H]4O[C@]4(CO)[C@@H](O)[C@]4(O)C(=O)C(C)=C[C@H]4[C@@]1(O3)[C@H](C)[C@H]2OC(=O)/C=C/CCCCCCCCCCCCCC	39;38;36;37	34;35;36;37;38;39;40;41	CC/[CH:1001]=[CH:1002]/[C:1003](OC)=[O:1004]	CC/C=C/C(=O)OC	CCC(C=C([O-])OC)SC
Mol_03984	Mol_03984:atom28	enone	C=C(C)[C@@]12O[C@@]3(c4ccccc4)O[C@@H]1[C@@H]1[C@@H]4O[C@]4(CO)[C@@H](O)[C@]4(O)C(=O)C(C)=C[C@H]4[C@@]1(O3)[C@H](C)[C@H]2OC(=O)/C=C/CC	28;26;24;25	20;22;23;24;25;26;27;28;29;30	C[C@H]1[C@@](C)(O)[C:1003](=[O:1004])[C:1002](C)=[CH:1001]1	CC1=C[C@@H](C)[C@@](C)(O)C1=O	CSC1C(C)=C([O-])[C@](C)(O)[C@@H]1C
Mol_03984	Mol_03984:atom39	ester	C=C(C)[C@@]12O[C@@]3(c4ccccc4)O[C@@H]1[C@@H]1[C@@H]4O[C@]4(CO)[C@@H](O)[C@]4(O)C(=O)C(C)=C[C@H]4[C@@]1(O3)[C@H](C)[C@H]2OC(=O)/C=C/CC	39;38;36;37	34;35;36;37;38;39;40;41	CC/[CH:1001]=[CH:1002]/[C:1003](OC)=[O:1004]	CC/C=C/C(=O)OC	CCC(C=C([O-])OC)SC
Mol_03986	Mol_03986:atom29	enone	C=C(C)[C@@]12OC3(/C=C/CCCCC)O[C@@H]1[C@@H]1[C@@H]4O[C@]4(CO)[C@@H](O)[C@]4(O)C(=O)C(C)=C[C@H]4C1(O3)[C@H](C)[C@H]2OC(=O)/C=C/c1ccccc1	29;27;25;26	21;23;24;25;26;27;28;29;30;31	C[C@H]1[C@@](C)(O)[C:1003](=[O:1004])[C:1002](C)=[CH:1001]1	CC1=C[C@@H](C)[C@@](C)(O)C1=O	CSC1C(C)=C([O-])[C@](C)(O)[C@@H]1C
Mol_03986	Mol_03986:atom40	ester	C=C(C)[C@@]12OC3(/C=C/CCCCC)O[C@@H]1[C@@H]1[C@@H]4O[C@]4(CO)[C@@H](O)[C@]4(O)C(=O)C(C)=C[C@H]4C1(O3)[C@H](C)[C@H]2OC(=O)/C=C/c1ccccc1	40;39;37;38	35;36;37;38;39;40;41;42;43;44;45;46	CO[C:1003](/[CH:1002]=[CH:1001]/c1ccccc1)=[O:1004]	COC(=O)/C=C/c1ccccc1	COC([O-])=CC(SC)c1ccccc1
Mol_03987	Mol_03987:atom31	enone	C=C(C)[C@@]12OC3(CCCCCCCCC)O[C@@H]1[C@@H]1[C@@H]4O[C@]4(CO)[C@@H](O)[C@]4(O)C(=O)C(C)=C[C@H]4C1(O3)[C@H](C)[C@H]2OC(=O)/C=C/c1ccc(O)cc1	31;29;27;28	23;25;26;27;28;29;30;31;32;33	C[C@H]1[C@@](C)(O)[C:1003](=[O:1004])[C:1002](C)=[CH:1001]1	CC1=C[C@@H](C)[C@@](C)(O)C1=O	CSC1C(C)=C([O-])[C@](C)(O)[C@@H]1C
Mol_03987	Mol_03987:atom42	ester	C=C(C)[C@@]12OC3(CCCCCCCCC)O[C@@H]1[C@@H]1[C@@H]4O[C@]4(CO)[C@@H](O)[C@]4(O)C(=O)C(C)=C[C@H]4C1(O3)[C@H](C)[C@H]2OC(=O)/C=C/c1ccc(O)cc1	42;41;39;40	37;38;39;40;41;42;43;44;45;46;48;49	CO[C:1003](/[CH:1002]=[CH:1001]/c1ccccc1)=[O:1004]	COC(=O)/C=C/c1ccccc1	COC([O-])=CC(SC)c1ccccc1
Mol_03991	Mol_03991:atom3	enone	O=C(/C=C/CCc1ccccc1)c1ccc(O)cc1	3;2;1;0	0;1;2;3;4;5;12;13;14;15;17;18	CC/[CH:1001]=[CH:1002]/[C:1003](c1ccccc1)=[O:1004]	CC/C=C/C(=O)c1ccccc1	CCC(C=C([O-])c1ccccc1)SC
Mol_04001	Mol_04001:atom3	ester	O=C(C=Cc1ccc(O)cc1)O[C@@H]1C(CO)O[C@@H](Oc2c(-c3ccc(O)cc3)oc3cc(O)cc(O)c3c2=O)C(O)[C@H]1O	3;2;1;0	0;1;2;3;4;5;6;7;9;10;11;12	CO[C:1003]([CH:1002]=[CH:1001]c1ccccc1)=[O:1004]	COC(=O)C=Cc1ccccc1	COC([O-])=CC(SC)c1ccccc1
Mol_04013	Mol_04013:atom29	ester	COc1cc(-c2oc3cc(O)cc(O)c3c(=O)c2O[C@@H]2O[C@@H](CO)[C@@H](OC(=O)/C=C/c3ccc(O)cc3)[C@H](O)[C@H]2O)ccc1O	29;28;26;27	24;25;26;27;28;29;30;31;32;33;35;36	CO[C:1003](/[CH:1002]=[CH:1001]/c1ccccc1)=[O:1004]	COC(=O)/C=C/c1ccccc1	COC([O-])=CC(SC)c1ccccc1
Mol_04029	Mol_04029:atom38	enone	C[C@H](CO)CC[C@H](O)[C@@H](C)[C@H]1[C@@H](O[C@@H]2OC[C@@H](O)[C@H](O[C@@H]3O[C@H](CO)[C@@H](O)[C@H](O)[C@H]3O)[C@H]2O)C[C@H]2[C@@H]3CCC4=CC(=O)CC[C@]4(C)[C@H]3CC[C@]12C	38;39;40;41	36;37;38;39;40;41;42;43;44;45;46	CC[C:1001]1=[CH:1002][C:1003](=[O:1004])CCC1(C)C	CCC1=CC(=O)CCC1(C)C	CCC1(SC)C=C([O-])CCC1(C)C
Mol_04030	Mol_04030:atom20	enone	CC(=O)OC[C@H]1O[C@@H](O[C@@H]2[C@@H](O)[C@H](O[C@H]3C[C@H]4[C@@H]5CCC6=CC(=O)CC[C@]6(C)[C@H]5CC[C@]4(C)[C@H]3[C@H](C)[C@@H](O)CC[C@H](C)CO)OC[C@H]2O)[C@H](O)[C@@H](O)[C@@H]1O	20;21;22;23	18;19;20;21;22;23;24;25;26;27;28	CC[C:1001]1=[CH:1002][C:1003](=[O:1004])CCC1(C)C	CCC1=CC(=O)CCC1(C)C	CCC1(SC)C=C([O-])CCC1(C)C
Mol_04031	Mol_04031:atom38	enone	C[C@H](CO)CC[C@H](O)[C@@H](C)[C@H]1[C@@H](O[C@@H]2OC[C@@H](O)[C@H](O[C@@H]3O[C@H](CO)[C@@H](O)[C@H](O)[C@H]3O)[C@H]2O)C[C@H]2[C@@H]3CCC4=CC(=O)CC[C@]4(C)[C@H]3[C@H](O)C[C@]12C	38;39;40;41	36;37;38;39;40;41;42;43;44;45;46	CC[C:1001]1=[CH:1002][C:1003](=[O:1004])CCC1(C)C	CCC1=CC(=O)CCC1(C)C	CCC1(SC)C=C([O-])CCC1(C)C
Mol_04032	Mol_04032:atom38	enone	CC(C)CCC[C@@H](C)[C@H]1[C@@H](O[C@@H]2O[C@H](CO)[C@@H](O)[C@H](O[C@@H]3O[C@H](CO)[C@@H](O)[C@H](O)[C@H]3O)[C@H]2O)C[C@H]2[C@@H]3CCC4=CC(=O)CC[C@]4(C)[C@H]3C[C@H](O)[C@]12C	38;39;40;41	36;37;38;39;40;41;42;43;44;45;46	CC[C:1001]1=[CH:1002][C:1003](=[O:1004])CCC1(C)C	CCC1=CC(=O)CCC1(C)C	CCC1(SC)C=C([O-])CCC1(C)C
Mol_04042	Mol_04042:atom18	enone	C[C@H](CO)CC[C@@H](O)[C@@H](C)[C@H]1[C@@H](O)CC2C3CCC4=CC(=O)CC[C@]4(C)C3CC[C@@]21C	18;19;20;21	16;17;18;19;20;21;22;23;24;25;26	CC[C:1001]1=[CH:1002][C:1003](=[O:1004])CCC1(C)C	CCC1=CC(=O)CCC1(C)C	CCC1(SC)C=C([O-])CCC1(C)C
Mol_04043	Mol_04043:atom16	enone	CC(C)CCC[C@@H](C)[C@H]1[C@@H](O)CC2C3CCC4=CC(=O)CC[C@]4(C)C3C[C@H](O)[C@@]21C	16;17;18;19	14;15;16;17;18;19;20;21;22;23;24	CC[C:1001]1=[CH:1002][C:1003](=[O:1004])CCC1(C)C	CCC1=CC(=O)CCC1(C)C	CCC1(SC)C=C([O-])CCC1(C)C
Mol_04044	Mol_04044:atom17	enone	CC(C)CC[C@@H](O)[C@@H](C)[C@H]1[C@@H](O)CC2C3CCC4=CC(=O)CC[C@]4(C)C3CC[C@@]21C	17;18;19;20	15;16;17;18;19;20;21;22;23;24;25	CC[C:1001]1=[CH:1002][C:1003](=[O:1004])CCC1(C)C	CCC1=CC(=O)CCC1(C)C	CCC1(SC)C=C([O-])CCC1(C)C
Mol_04046	Mol_04046:atom18	enone	C[C@H](CO)CC[C@@H](O)[C@@H](C)[C@H]1[C@@H](O)CC2C3CCC4=CC(=O)CC[C@]4(C)C3[C@H](O)C[C@@]21C	18;19;20;21	16;17;18;19;20;21;22;23;24;25;26	CC[C:1001]1=[CH:1002][C:1003](=[O:1004])CCC1(C)C	CCC1=CC(=O)CCC1(C)C	CCC1(SC)C=C([O-])CCC1(C)C
Mol_04048	Mol_04048:atom10	enone	C/C=C1\[C@@H](O)CC2C3CCC4=CC(=O)CC[C@]4(C)C3CC[C@]12C	10;11;12;13	8;9;10;11;12;13;14;15;16;17;18	CC[C:1001]1=[CH:1002][C:1003](=[O:1004])CCC1(C)C	CCC1=CC(=O)CCC1(C)C	CCC1(SC)C=C([O-])CCC1(C)C
Mol_04049	Mol_04049:atom23	ester	CO[C@H]1CC(O[C@H]2CC[C@@]3(C)C(=CC[C@]4(O)C3C[C@@H](OC(=O)/C=C/c3ccccc3)[C@@]3(C)[C@]4(O)CC[C@@]3(O)C(C)=O)C2)O[C@H](C)[C@H]1OC1C[C@H](OC)[C@H](OC2C[C@@H](OC)[C@H](OC3O[C@H](CO)[C@@H](OC4O[C@H](CO)[C@@H](O)[C@H](O)[C@H]4O)[C@H](O)[C@H]3O)[C@@H](C)O2)[C@@H](C)O1	23;22;20;21	18;19;20;21;22;23;24;25;26;27;28;29	CO[C:1003](/[CH:1002]=[CH:1001]/c1ccccc1)=[O:1004]	COC(=O)/C=C/c1ccccc1	COC([O-])=CC(SC)c1ccccc1
Mol_04050	Mol_04050:atom34	ester	C[C@]12[C@H](O)CC3C(CCC4C[C@H]5O[C@H]6O[C@@H](CO)C[C@@H](O)[C@@]6(O)O[C@H]5C[C@@]43CO)[C@@]1(O)CC[C@@H]2C1=CC(=O)OC1	34;35;36;37	1;32;33;34;35;36;37;38;39	CC(C)[C:1001]1=[CH:1002][C:1003](=[O:1004])OC1	CC(C)C1=CC(=O)OC1	CSC1(C(C)C)C=C([O-])OC1
Mol_04061	Mol_04061:atom12	enone	CO[C@H]1C[C@@]2(C)C(=O)CC[C@@H]2C2=C1[C@@]1(C)c3c(coc3C2=O)C(=O)O[C@H]1CO	12;11;20;21	1;2;3;4;9;10;11;12;13;14;15;16;17;18;19;20;21;25	C[C@H]1CC[C@H](O)[C:1001]2=[C:1002]1[C:1003](=[O:1004])c1occc1C2(C)C	C[C@H]1CC[C@H](O)C2=C1C(=O)c1occc1C2(C)C	CSC12C(=C([O-])c3occc3C1(C)C)[C@@H](C)CC[C@@H]2O
Mol_04062	Mol_04062:atom8	ester	COC[C@@H]1OC(=O)/C(=C\N)C2=C(O)C(=O)C3=C([C@@H](OC(C)=O)C[C@@]4(C)C(=O)CC[C@H]34)[C@@]21C	8;7;5;6	3;4;5;6;7;8;9;10;11;30	C=C1CCO[C:1003](=[O:1004])/[C:1002]1=[CH:1001]\N	C=C1CCOC(=O)/C1=C\N	C=C1CCOC([O-])=C1C(N)SC
Mol_04062	Mol_04062:atom10	enone	COC[C@@H]1OC(=O)/C(=C\N)C2=C(O)C(=O)C3=C([C@@H](OC(C)=O)C[C@@]4(C)C(=O)CC[C@H]34)[C@@]21C	10;11;13;14	3;5;7;8;10;11;12;13;14;15;16;29;30;31	C=C(C)[C:1001]1=[C:1002](O)[C:1003](=[O:1004])C(C)=CC1(C)C	C=C(C)C1=C(O)C(=O)C(C)=CC1(C)C	C=C(C)C1(SC)C(O)=C([O-])C(C)=CC1(C)C
Mol_04062	Mol_04062:atom16	enone	COC[C@@H]1OC(=O)/C(=C\N)C2=C(O)C(=O)C3=C([C@@H](OC(C)=O)C[C@@]4(C)C(=O)CC[C@H]34)[C@@]21C	16;15;13;14	3;10;11;12;13;14;15;16;17;18;22;23;28;29;30;31	C[C@H]1CC[C@H](O)[C:1001]2=[C:1002]1[C:1003](=[O:1004])C(O)=CC2(C)C	C[C@H]1CC[C@H](O)C2=C1C(=O)C(O)=CC2(C)C	CSC12C(=C([O-])C(O)=CC1(C)C)[C@@H](C)CC[C@@H]2O
Mol_04063	Mol_04063:atom8	ester	COC[C@@H]1OC(=O)/C(=C\O)C2=C(O)C(=O)C3=C([C@@H](OC(C)=O)C[C@@]4(C)C(=O)CC[C@H]34)[C@@]21C	8;7;5;6	3;4;5;6;7;8;9;10;11;30	C=C1CCO[C:1003](=[O:1004])/[C:1002]1=[CH:1001]\O	C=C1CCOC(=O)/C1=C\O	C=C1CCOC([O-])=C1C(O)SC
Mol_04063	Mol_04063:atom10	enone	COC[C@@H]1OC(=O)/C(=C\O)C2=C(O)C(=O)C3=C([C@@H](OC(C)=O)C[C@@]4(C)C(=O)CC[C@H]34)[C@@]21C	10;11;13;14	3;5;7;8;10;11;12;13;14;15;16;29;30;31	C=C(C)[C:1001]1=[C:1002](O)[C:1003](=[O:1004])C(C)=CC1(C)C	C=C(C)C1=C(O)C(=O)C(C)=CC1(C)C	C=C(C)C1(SC)C(O)=C([O-])C(C)=CC1(C)C
Mol_04063	Mol_04063:atom16	enone	COC[C@@H]1OC(=O)/C(=C\O)C2=C(O)C(=O)C3=C([C@@H](OC(C)=O)C[C@@]4(C)C(=O)CC[C@H]34)[C@@]21C	16;15;13;14	3;10;11;12;13;14;15;16;17;18;22;23;28;29;30;31	C[C@H]1CC[C@H](O)[C:1001]2=[C:1002]1[C:1003](=[O:1004])C(O)=CC2(C)C	C[C@H]1CC[C@H](O)C2=C1C(=O)C(O)=CC2(C)C	CSC12C(=C([O-])C(O)=CC1(C)C)[C@@H](C)CC[C@@H]2O
Mol_04064	Mol_04064:atom14	enone	COC[C@H]1OC(=O)c2coc3c2[C@@]1(C)C1=C(C3=O)[C@@H]2CCC(=O)[C@@]2(C)C[C@H]1OC(C)=O	14;15;16;17	3;7;8;9;10;11;12;13;14;15;16;17;18;19;23;25;26;27	C[C@@H]1CC[C@@H](O)[C:1001]2=[C:1002]1[C:1003](=[O:1004])c1occc1C2(C)C	C[C@@H]1CC[C@@H](O)C2=C1C(=O)c1occc1C2(C)C	CSC12C(=C([O-])c3occc3C1(C)C)[C@H](C)CC[C@H]2O
Mol_04065	Mol_04065:atom5	enone	C/C=C/C1CC2=C(CO1)C(=O)C(C)(OC(=O)c1c(C)cc(OC)cc1O)C(OC(C)=O)C2	5;6;9;10	3;4;5;6;7;8;9;10;11;12;13;26;31	CC1(O)CC[C:1001]2=[C:1002](COCC2)[C:1003]1=[O:1004]	CC1(O)CCC2=C(COCC2)C1=O	CSC12CCOCC1=C([O-])C(C)(O)CC2
Mol_04069	Mol_04069:atom12	enone	Cc1cc(O)c2c(c1)C(=O)[C@@]13C(=C(O)[C@H]4[C@@H](O)[C@@H]1[C@@H]1[C@H](O)[C@H]3C(O)=C3C(=O)c5c(O)cc(O)cc5C(=O)[C@]314)C2=O	12;11;38;39	1;2;3;5;6;7;8;10;11;12;13;14;15;17;21;37;38;39	C[C@@H]1CC[C@@]2(C)Cc3ccccc3[C:1003](=[O:1004])[C:1002]2=[C:1001]1O	C[C@@H]1CC[C@@]2(C)Cc3ccccc3C(=O)C2=C1O	CSC1(O)C2=C([O-])c3ccccc3C[C@]2(C)CC[C@H]1C
Mol_04069	Mol_04069:atom22	enone	Cc1cc(O)c2c(c1)C(=O)[C@@]13C(=C(O)[C@H]4[C@@H](O)[C@@H]1[C@@H]1[C@H](O)[C@H]3C(O)=C3C(=O)c5c(O)cc(O)cc5C(=O)[C@]314)C2=O	22;24;25;26	10;14;18;19;21;22;23;24;25;26;27;28;30;31;33;34;35;37	C[C@H]1CC[C@]2(C)Cc3ccccc3[C:1003](=[O:1004])[C:1002]2=[C:1001]1O	C[C@H]1CC[C@]2(C)Cc3ccccc3C(=O)C2=C1O	CSC1(O)C2=C([O-])c3ccccc3C[C@@]2(C)CC[C@@H]1C
Mol_04070	Mol_04070:atom12	enone	Cc1cc(O)c2c(c1)C(=O)[C@@]13C(=C2O)C(=O)[C@H]2[C@@H](O)[C@@H]1[C@H]1[C@H](O)[C@@H]3C(=O)C3=C(O)c4c(O)cc(CO)cc4C(=O)[C@@]312	12;11;14;15	1;2;3;5;6;7;8;10;11;12;13;14;15;16;17;19;23;40	C[C@@H]1CC[C@@]2(C)Cc3ccccc3[C:1001](O)=[C:1002]2[C:1003]1=[O:1004]	C[C@@H]1CC[C@@]2(C)Cc3ccccc3C(O)=C2C1=O	CSC1(O)C2=C([O-])[C@H](C)CC[C@@]2(C)Cc2ccccc21
Mol_04070	Mol_04070:atom27	enone	Cc1cc(O)c2c(c1)C(=O)[C@@]13C(=C2O)C(=O)[C@H]2[C@@H](O)[C@@H]1[C@H]1[C@H](O)[C@@H]3C(=O)C3=C(O)c4c(O)cc(CO)cc4C(=O)[C@@]312	27;26;24;25	10;16;20;21;23;24;25;26;27;28;29;30;32;33;36;37;38;40	C[C@@H]1CC[C@@]2(C)Cc3ccccc3[C:1001](O)=[C:1002]2[C:1003]1=[O:1004]	C[C@@H]1CC[C@@]2(C)Cc3ccccc3C(O)=C2C1=O	CSC1(O)C2=C([O-])[C@H](C)CC[C@@]2(C)Cc2ccccc21
Mol_04073	Mol_04073:atom23	ester	COC(=O)[C@]1(Cc2ccc(CC=C(C)C)c(O)c2)OC(=O)C(O)=C1c1ccc(O)cc1	23;21;19;20	2;4;5;18;19;20;21;22;23;24;25;26;27;29;30	CC1(C)O[C:1003](=[O:1004])[C:1002](O)=[C:1001]1c1ccccc1	CC1(C)OC(=O)C(O)=C1c1ccccc1	CSC1(c2ccccc2)C(O)=C([O-])OC1(C)C
Mol_04089	Mol_04089:atom4	enone	CC(=O)C1=C(O)[C@@H]2[C@H]3c4c[nH]c5cccc(c45)C[C@H]3C(C)(C)N2C1=O	4;3;1;2	0;1;2;3;4;5;6;7;22;23;24	C[C@@H]1NC(=O)[C:1002]([C:1003](C)=[O:1004])=[C:1001]1O	CC(=O)C1=C(O)[C@H](C)NC1=O	CSC1(O)C(=C(C)[O-])C(=O)N[C@H]1C
Mol_04100	Mol_04100:atom5	enone	C[C@H]1CCC/C=C\C(=O)c2c(O)cc(O)cc2CC(=O)O1	5;6;7;8	3;4;5;6;7;8;9;10;12;13;15;16	CC/[CH:1001]=[CH:1002]\[C:1003](c1ccccc1)=[O:1004]	CC/C=C\C(=O)c1ccccc1	CCC(C=C([O-])c1ccccc1)SC
Mol_04101	Mol_04101:atom5	enone	C[C@H]1CCC/C=C/C(=O)c2c(O)cc(O)cc2CC(=O)O1	5;6;7;8	3;4;5;6;7;8;9;10;12;13;15;16	CC/[CH:1001]=[CH:1002]/[C:1003](c1ccccc1)=[O:1004]	CC/C=C/C(=O)c1ccccc1	CCC(C=C([O-])c1ccccc1)SC
Mol_04110	Mol_04110:atom1	enone	CC1=CC(=O)[C@@H]2C(O)=CC(O)=C(Cl)[C@@H]2O1	1;2;3;4	0;1;2;3;4;5;6;13;14	C[C@@H]1CO[C:1001](C)=[CH:1002][C:1003]1=[O:1004]	CC1=CC(=O)[C@H](C)CO1	CSC1(C)C=C([O-])[C@H](C)CO1
Mol_04111	Mol_04111:atom5	enone	C/C=C/C=C/C(O)=C1/C(=O)[C@@]2(C)[C@H]3\C(=C(O)/C=C/C=C/C)C(=O)[C@@]4(C)[C@@H]1[C@]1(C)O[C@@]4(O)[C@@]3(C)O[C@@]12O	5;7;8;9	3;4;5;6;7;8;9;10;11;12;23;25;26;34	C=C/[C:1001](O)=[C:1002]1\[C@H](C)CCC(C)(C)[C:1003]1=[O:1004]	C=C/C(O)=C1/C(=O)C(C)(C)CC[C@H]1C	C=CC(O)(SC)C1=C([O-])C(C)(C)CC[C@H]1C
Mol_04111	Mol_04111:atom14	enone	C/C=C/C=C/C(O)=C1/C(=O)[C@@]2(C)[C@H]3\C(=C(O)/C=C/C=C/C)C(=O)[C@@]4(C)[C@@H]1[C@]1(C)O[C@@]4(O)[C@@]3(C)O[C@@]12O	14;13;21;22	10;12;13;14;15;16;17;21;22;23;24;25;29;31	C=C/[C:1001](O)=[C:1002]1\[C@H](C)CCC(C)(C)[C:1003]1=[O:1004]	C=C/C(O)=C1/C(=O)C(C)(C)CC[C@H]1C	C=CC(O)(SC)C1=C([O-])C(C)(C)CC[C@H]1C
Mol_04129	Mol_04129:atom2	enone	COC1=CC(=O)C(C)=C2C[C@H](C)OC=C12	2;3;4;5	0;1;2;3;4;5;6;7;8;13;14	C=C1C=C(C)[C:1003](=[O:1004])[CH:1002]=[C:1001]1OC	C=C1C=C(C)C(=O)C=C1OC	C=C1C=C(C)C([O-])=CC1(OC)SC
Mol_04129	Mol_04129:atom8	enone	COC1=CC(=O)C(C)=C2C[C@H](C)OC=C12	8;6;4;5	2;3;4;5;6;7;8;9;10;13;14	C=C1C=C[C:1003](=[O:1004])[C:1002](C)=[C:1001]1CC	C=C1C=CC(=O)C(C)=C1CC	C=C1C=CC([O-])=C(C)C1(CC)SC
Mol_04132	Mol_04132:atom23	ester	COC(=O)[C@@]1(Cc2ccc(O)c(CC=C(C)C)c2)OC(=O)C(O)=C1c1ccc(O)cc1	23;21;19;20	2;4;5;18;19;20;21;22;23;24;25;26;27;29;30	CC1(C)O[C:1003](=[O:1004])[C:1002](O)=[C:1001]1c1ccccc1	CC1(C)OC(=O)C(O)=C1c1ccccc1	CSC1(c2ccccc2)C(O)=C([O-])OC1(C)C
Mol_04133	Mol_04133:atom26	ester	CC(C)=CCc1cc(/C=C2\OC(=O)C(c3ccc(O)c(CC=C(C)C)c3)=C2O)ccc1O	26;13;11;12	8;9;10;11;12;13;14;15;16;17;19;25;26;27	C=C1O[C:1003](=[O:1004])[C:1002](c2ccccc2)=[C:1001]1O	C=C1OC(=O)C(c2ccccc2)=C1O	C=C1OC([O-])=C(c2ccccc2)C1(O)SC
Mol_04135	Mol_04135:atom3	enone	C/C=C/C1=CC(=O)[C@H](O)[C@H]1O	3;4;5;6	1;2;3;4;5;6;7;8;9;10	C=C[C:1001]1=[CH:1002][C:1003](=[O:1004])[C@H](O)[C@H]1O	C=CC1=CC(=O)[C@H](O)[C@H]1O	C=CC1(SC)C=C([O-])[C@H](O)[C@H]1O
Mol_04136	Mol_04136:atom24	ester	COC(=O)[C@]1(Cc2ccc3c(c2)C[C@H](O)C(C)(C)O3)OC(=O)C(O)=C1c1ccc(O)cc1	24;22;20;21	2;4;5;19;20;21;22;23;24;25;26;27;28;30;31	CC1(C)O[C:1003](=[O:1004])[C:1002](O)=[C:1001]1c1ccccc1	CC1(C)OC(=O)C(O)=C1c1ccccc1	CSC1(c2ccccc2)C(O)=C([O-])OC1(C)C
Mol_04137	Mol_04137:atom12	ester	O=C1O/C(=C\c2ccc(O)cc2)C(O)=C1c1ccc(O)cc1	12;14;1;0	0;1;2;3;4;12;13;14;15;16;17;18;20;21	C=C1O[C:1003](=[O:1004])[C:1002](c2ccccc2)=[C:1001]1O	C=C1OC(=O)C(c2ccccc2)=C1O	C=C1OC([O-])=C(c2ccccc2)C1(O)SC
Mol_04143	Mol_04143:atom16	enone	CC(C)[C@@H](C)/C=C/[C@H](C)[C@H]1CCC2=C3C=CC4=CC(=O)CC[C@]4(C)[C@H]3CC[C@@]21C	16;17;18;19	14;15;16;17;18;19;20;21;22;23;24	C=C[C:1001]1=[CH:1002][C:1003](=[O:1004])CCC1(C)C	C=CC1=CC(=O)CCC1(C)C	C=CC1(SC)C=C([O-])CCC1(C)C
Mol_04159	Mol_04159:atom16	ester	CO[C@]1(Cc2ccc(O)cc2)OC(=O)C(O)=C1c1ccc(O)cc1	16;14;12;13	1;2;3;11;12;13;14;15;16;17;18;19;20;22;23	C[C@@]1(O)O[C:1003](=[O:1004])[C:1002](O)=[C:1001]1c1ccccc1	C[C@@]1(O)OC(=O)C(O)=C1c1ccccc1	CSC1(c2ccccc2)C(O)=C([O-])O[C@@]1(C)O
Mol_04160	Mol_04160:atom13	ester	O=C1O[C@](O)(Cc2ccc(O)cc2)C(c2ccc(O)cc2)=C1O	13;21;1;0	0;1;2;3;4;5;13;14;15;16;17;19;20;21;22	C[C@@]1(O)O[C:1003](=[O:1004])[C:1002](O)=[C:1001]1c1ccccc1	C[C@@]1(O)OC(=O)C(O)=C1c1ccccc1	CSC1(c2ccccc2)C(O)=C([O-])O[C@@]1(C)O
Mol_04162	Mol_04162:atom18	ester	COC(=O)C1(Cc2ccc(O)cc2)OC(=O)C(O)=C1c1ccc(O)cc1	18;16;14;15	2;4;5;13;14;15;16;17;18;19;20;21;22;24;25	CC1(C)O[C:1003](=[O:1004])[C:1002](O)=[C:1001]1c1ccccc1	CC1(C)OC(=O)C(O)=C1c1ccccc1	CSC1(c2ccccc2)C(O)=C([O-])OC1(C)C
Mol_04163	Mol_04163:atom22	ester	COC(=O)[C@]1(Cc2ccc(O)c(C=C(C)C)c2)OC(=O)C(O)=C1c1ccc(O)cc1	22;20;18;19	2;4;5;17;18;19;20;21;22;23;24;25;26;28;29	CC1(C)O[C:1003](=[O:1004])[C:1002](O)=[C:1001]1c1ccccc1	CC1(C)OC(=O)C(O)=C1c1ccccc1	CSC1(c2ccccc2)C(O)=C([O-])OC1(C)C
Mol_04164	Mol_04164:atom24	ester	COC(=O)C1(Cc2ccc(O)c(CC3OC3(C)C)c2)OC(=O)C(O)=C1c1ccc(O)cc1	24;22;20;21	2;4;5;19;20;21;22;23;24;25;26;27;28;30;31	CC1(C)O[C:1003](=[O:1004])[C:1002](O)=[C:1001]1c1ccccc1	CC1(C)OC(=O)C(O)=C1c1ccccc1	CSC1(c2ccccc2)C(O)=C([O-])OC1(C)C
Mol_04165	Mol_04165:atom24	ester	COC(=O)[C@]1(Cc2ccc(O)c([C@@H](O)C(C)(C)O)c2)OC(=O)C(O)=C1c1ccc(O)cc1	24;22;20;21	2;4;5;19;20;21;22;23;24;25;26;27;28;30;31	CC1(C)O[C:1003](=[O:1004])[C:1002](O)=[C:1001]1c1ccccc1	CC1(C)OC(=O)C(O)=C1c1ccccc1	CSC1(c2ccccc2)C(O)=C([O-])OC1(C)C
Mol_04167	Mol_04167:atom3	enone	CCCC1=CC(=O)[C@H](O)[C@H]1O	3;4;5;6	1;2;3;4;5;6;7;8;9;10	CC[C:1001]1=[CH:1002][C:1003](=[O:1004])[C@H](O)[C@H]1O	CCC1=CC(=O)[C@H](O)[C@H]1O	CCC1(SC)C=C([O-])[C@H](O)[C@H]1O
Mol_04170	Mol_04170:atom10	enone	C=C1C[C@H]2[C@@](C)(C(=O)C(O)=C3C(C)(C)C(=O)CC[C@@]32C)[C@@H]2C(=O)O[C@@](C)(C(=O)OC)C(=O)[C@@]12C	10;8;6;7	3;4;5;6;7;8;9;10;11;12;13;14;17;18;19;20	CC(C)(C)[C:1001]1=[C:1002](O)[C:1003](=[O:1004])C(C)(C)CC1(C)C	CC(C)(C)C1=C(O)C(=O)C(C)(C)CC1(C)C	CSC1(C(C)(C)C)C(O)=C([O-])C(C)(C)CC1(C)C
Mol_04171	Mol_04171:atom14	enone	C=C1C[C@@]2(O)[C@]3(C)CCC(=O)C(C)(C)C3=C(O)C(=O)[C@]2(C)[C@H]2C(=O)O[C@](C)(C(=O)OC)C(=O)[C@]12C	14;15;17;18	3;5;6;7;9;11;12;13;14;15;16;17;18;19;20;21	CC(C)(C)[C:1001]1=[C:1002](O)[C:1003](=[O:1004])C(C)(C)CC1(C)C	CC(C)(C)C1=C(O)C(=O)C(C)(C)CC1(C)C	CSC1(C(C)(C)C)C(O)=C([O-])C(C)(C)CC1(C)C
Mol_04173	Mol_04173:atom12	ester	O=C1O[C@H](Cc2ccc(O)cc2)C(c2ccc(O)cc2)=C1O	12;20;1;0	0;1;2;3;4;12;13;14;15;16;18;19;20;21	C[C@H]1O[C:1003](=[O:1004])[C:1002](O)=[C:1001]1c1ccccc1	C[C@H]1OC(=O)C(O)=C1c1ccccc1	CSC1(c2ccccc2)C(O)=C([O-])O[C@@H]1C
Mol_04175	Mol_04175:atom20	enone	CCCCCCCCCCCCCCCCCCCC/C=C/C(=O)CCCC	20;21;22;23	18;19;20;21;22;23;24;25	CC/[CH:1001]=[CH:1002]/[C:1003](CC)=[O:1004]	CC/C=C/C(=O)CC	CCC([O-])=CC(CC)SC
Mol_04203	Mol_04203:atom1	ester	C/C=C(/C)C(=O)O[C@]1(C)C(=O)O[C@H]2[C@@H]3C(C)=CC(=O)C3=C(C)C[C@H](OC(=O)CC(C)C)[C@H]21	1;2;4;5	0;1;2;3;4;5;6;7	CO[C:1003](/[C:1002](C)=[CH:1001]\C)=[O:1004]	C/C=C(/C)C(=O)OC	COC([O-])=C(C)C(C)SC
Mol_04203	Mol_04203:atom14	enone	C/C=C(/C)C(=O)O[C@]1(C)C(=O)O[C@H]2[C@@H]3C(C)=CC(=O)C3=C(C)C[C@H](OC(=O)CC(C)C)[C@H]21	14;16;17;18	12;13;14;15;16;17;18;19;20	C=C1[C@H](C)[C:1001](C)=[CH:1002][C:1003]1=[O:1004]	C=C1C(=O)C=C(C)[C@H]1C	C=C1C([O-])=CC(C)(SC)[C@H]1C
Mol_04203	Mol_04203:atom20	enone	C/C=C(/C)C(=O)O[C@]1(C)C(=O)O[C@H]2[C@@H]3C(C)=CC(=O)C3=C(C)C[C@H](OC(=O)CC(C)C)[C@H]21	20;19;17;18	12;13;14;16;17;18;19;20;21;22;23	CC[C:1001](C)=[C:1002]1[C@H](C)C=C[C:1003]1=[O:1004]	CCC(C)=C1C(=O)C=C[C@H]1C	CCC(C)(SC)C1=C([O-])C=C[C@H]1C
Mol_04204	Mol_04204:atom1	ester	C/C=C(/C)C(=O)O[C@]1(C)C(=O)O[C@H]2[C@@H]3C(C)=CC(=O)C3=C(C)C[C@H](OC(=O)C=C(C)C)[C@H]21	1;2;4;5	0;1;2;3;4;5;6;7	CO[C:1003](/[C:1002](C)=[CH:1001]\C)=[O:1004]	C/C=C(/C)C(=O)OC	COC([O-])=C(C)C(C)SC
Mol_04204	Mol_04204:atom14	enone	C/C=C(/C)C(=O)O[C@]1(C)C(=O)O[C@H]2[C@@H]3C(C)=CC(=O)C3=C(C)C[C@H](OC(=O)C=C(C)C)[C@H]21	14;16;17;18	12;13;14;15;16;17;18;19;20	C=C1[C@H](C)[C:1001](C)=[CH:1002][C:1003]1=[O:1004]	C=C1C(=O)C=C(C)[C@H]1C	C=C1C([O-])=CC(C)(SC)[C@H]1C
Mol_04204	Mol_04204:atom20	enone	C/C=C(/C)C(=O)O[C@]1(C)C(=O)O[C@H]2[C@@H]3C(C)=CC(=O)C3=C(C)C[C@H](OC(=O)C=C(C)C)[C@H]21	20;19;17;18	12;13;14;16;17;18;19;20;21;22;23	CC[C:1001](C)=[C:1002]1[C@H](C)C=C[C:1003]1=[O:1004]	CCC(C)=C1C(=O)C=C[C@H]1C	CCC(C)(SC)C1=C([O-])C=C[C@H]1C
Mol_04204	Mol_04204:atom28	ester	C/C=C(/C)C(=O)O[C@]1(C)C(=O)O[C@H]2[C@@H]3C(C)=CC(=O)C3=C(C)C[C@H](OC(=O)C=C(C)C)[C@H]21	28;27;25;26	23;24;25;26;27;28;29;30	CO[C:1003]([CH:1002]=[C:1001](C)C)=[O:1004]	COC(=O)C=C(C)C	COC([O-])=CC(C)(C)SC
Mol_04205	Mol_04205:atom1	ester	C/C=C(/C)C(=O)O[C@]1(C)C(=O)O[C@H]2[C@@H]3C(C)=CC(=O)C3=C(C)C[C@H](OC(=O)CC)[C@H]21	1;2;4;5	0;1;2;3;4;5;6;7	CO[C:1003](/[C:1002](C)=[CH:1001]\C)=[O:1004]	C/C=C(/C)C(=O)OC	COC([O-])=C(C)C(C)SC
Mol_04205	Mol_04205:atom14	enone	C/C=C(/C)C(=O)O[C@]1(C)C(=O)O[C@H]2[C@@H]3C(C)=CC(=O)C3=C(C)C[C@H](OC(=O)CC)[C@H]21	14;16;17;18	12;13;14;15;16;17;18;19;20	C=C1[C@H](C)[C:1001](C)=[CH:1002][C:1003]1=[O:1004]	C=C1C(=O)C=C(C)[C@H]1C	C=C1C([O-])=CC(C)(SC)[C@H]1C
Mol_04205	Mol_04205:atom20	enone	C/C=C(/C)C(=O)O[C@]1(C)C(=O)O[C@H]2[C@@H]3C(C)=CC(=O)C3=C(C)C[C@H](OC(=O)CC)[C@H]21	20;19;17;18	12;13;14;16;17;18;19;20;21;22;23	CC[C:1001](C)=[C:1002]1[C@H](C)C=C[C:1003]1=[O:1004]	CCC(C)=C1C(=O)C=C[C@H]1C	CCC(C)(SC)C1=C([O-])C=C[C@H]1C
Mol_04206	Mol_04206:atom1	ester	C/C=C(/C)C(=O)O[C@]1(C)C(=O)O[C@H]2[C@@H]3C(C)=CC(=O)C3=C(C)C[C@H](OC(=O)C(C)CC)[C@H]21	1;2;4;5	0;1;2;3;4;5;6;7	CO[C:1003](/[C:1002](C)=[CH:1001]\C)=[O:1004]	C/C=C(/C)C(=O)OC	COC([O-])=C(C)C(C)SC
Mol_04206	Mol_04206:atom14	enone	C/C=C(/C)C(=O)O[C@]1(C)C(=O)O[C@H]2[C@@H]3C(C)=CC(=O)C3=C(C)C[C@H](OC(=O)C(C)CC)[C@H]21	14;16;17;18	12;13;14;15;16;17;18;19;20	C=C1[C@H](C)[C:1001](C)=[CH:1002][C:1003]1=[O:1004]	C=C1C(=O)C=C(C)[C@H]1C	C=C1C([O-])=CC(C)(SC)[C@H]1C
Mol_04206	Mol_04206:atom20	enone	C/C=C(/C)C(=O)O[C@]1(C)C(=O)O[C@H]2[C@@H]3C(C)=CC(=O)C3=C(C)C[C@H](OC(=O)C(C)CC)[C@H]21	20;19;17;18	12;13;14;16;17;18;19;20;21;22;23	CC[C:1001](C)=[C:1002]1[C@H](C)C=C[C:1003]1=[O:1004]	CCC(C)=C1C(=O)C=C[C@H]1C	CCC(C)(SC)C1=C([O-])C=C[C@H]1C
Mol_04207	Mol_04207:atom1	ester	C/C=C(/C)C(=O)O[C@H]1CC(C)=C2C(=O)C=C(C)[C@H]2[C@@H]2OC(=O)[C@@](C)(OC(=O)C(C)CC)[C@@H]21	1;2;4;5	0;1;2;3;4;5;6;7	CO[C:1003](/[C:1002](C)=[CH:1001]\C)=[O:1004]	C/C=C(/C)C(=O)OC	COC([O-])=C(C)C(C)SC
Mol_04207	Mol_04207:atom9	enone	C/C=C(/C)C(=O)O[C@H]1CC(C)=C2C(=O)C=C(C)[C@H]2[C@@H]2OC(=O)[C@@](C)(OC(=O)C(C)CC)[C@@H]21	9;11;12;13	7;8;9;10;11;12;13;14;15;17;18	CC[C:1001](C)=[C:1002]1[C@H](C)C=C[C:1003]1=[O:1004]	CCC(C)=C1C(=O)C=C[C@H]1C	CCC(C)(SC)C1=C([O-])C=C[C@H]1C
Mol_04207	Mol_04207:atom15	enone	C/C=C(/C)C(=O)O[C@H]1CC(C)=C2C(=O)C=C(C)[C@H]2[C@@H]2OC(=O)[C@@](C)(OC(=O)C(C)CC)[C@@H]21	15;14;12;13	9;11;12;13;14;15;16;17;18	C=C1[C@H](C)[C:1001](C)=[CH:1002][C:1003]1=[O:1004]	C=C1C(=O)C=C(C)[C@H]1C	C=C1C([O-])=CC(C)(SC)[C@H]1C
Mol_04208	Mol_04208:atom1	ester	C/C=C(/C)C(=O)O[C@H]1CC(C)=C2C(=O)C=C(C)[C@H]2[C@@H]2OC(=O)[C@@](C)(OC(=O)C(C)C)[C@@H]21	1;2;4;5	0;1;2;3;4;5;6;7	CO[C:1003](/[C:1002](C)=[CH:1001]\C)=[O:1004]	C/C=C(/C)C(=O)OC	COC([O-])=C(C)C(C)SC
Mol_04208	Mol_04208:atom9	enone	C/C=C(/C)C(=O)O[C@H]1CC(C)=C2C(=O)C=C(C)[C@H]2[C@@H]2OC(=O)[C@@](C)(OC(=O)C(C)C)[C@@H]21	9;11;12;13	7;8;9;10;11;12;13;14;15;17;18	CC[C:1001](C)=[C:1002]1[C@H](C)C=C[C:1003]1=[O:1004]	CCC(C)=C1C(=O)C=C[C@H]1C	CCC(C)(SC)C1=C([O-])C=C[C@H]1C
Mol_04208	Mol_04208:atom15	enone	C/C=C(/C)C(=O)O[C@H]1CC(C)=C2C(=O)C=C(C)[C@H]2[C@@H]2OC(=O)[C@@](C)(OC(=O)C(C)C)[C@@H]21	15;14;12;13	9;11;12;13;14;15;16;17;18	C=C1[C@H](C)[C:1001](C)=[CH:1002][C:1003]1=[O:1004]	C=C1C(=O)C=C(C)[C@H]1C	C=C1C([O-])=CC(C)(SC)[C@H]1C
Mol_04210	Mol_04210:atom1	ester	C/C=C(/C)C(=O)O[C@]1(C)C(=O)O[C@H]2[C@@H]3C(C)=CC(=O)C3=C(C)C[C@H](OC(=O)c3ccc(OC)c(OC)c3)[C@H]21	1;2;4;5	0;1;2;3;4;5;6;7	CO[C:1003](/[C:1002](C)=[CH:1001]\C)=[O:1004]	C/C=C(/C)C(=O)OC	COC([O-])=C(C)C(C)SC
Mol_04210	Mol_04210:atom14	enone	C/C=C(/C)C(=O)O[C@]1(C)C(=O)O[C@H]2[C@@H]3C(C)=CC(=O)C3=C(C)C[C@H](OC(=O)c3ccc(OC)c(OC)c3)[C@H]21	14;16;17;18	12;13;14;15;16;17;18;19;20	C=C1[C@H](C)[C:1001](C)=[CH:1002][C:1003]1=[O:1004]	C=C1C(=O)C=C(C)[C@H]1C	C=C1C([O-])=CC(C)(SC)[C@H]1C
Mol_04210	Mol_04210:atom20	enone	C/C=C(/C)C(=O)O[C@]1(C)C(=O)O[C@H]2[C@@H]3C(C)=CC(=O)C3=C(C)C[C@H](OC(=O)c3ccc(OC)c(OC)c3)[C@H]21	20;19;17;18	12;13;14;16;17;18;19;20;21;22;23	CC[C:1001](C)=[C:1002]1[C@H](C)C=C[C:1003]1=[O:1004]	CCC(C)=C1C(=O)C=C[C@H]1C	CCC(C)(SC)C1=C([O-])C=C[C@H]1C
Mol_04211	Mol_04211:atom1	ester	C/C=C(\C)C(=O)OC1(C)C(=O)OC2C3C(C)=CC(=O)C3=C(C)CC(OC(=O)C(C)C)C21	1;2;4;5	0;1;2;3;4;5;6;7	CO[C:1003](/[C:1002](C)=[CH:1001]/C)=[O:1004]	C/C=C(\C)C(=O)OC	COC([O-])=C(C)C(C)SC
Mol_04211	Mol_04211:atom14	enone	C/C=C(\C)C(=O)OC1(C)C(=O)OC2C3C(C)=CC(=O)C3=C(C)CC(OC(=O)C(C)C)C21	14;16;17;18	12;13;14;15;16;17;18;19;20	C=C1C(C)[C:1001](C)=[CH:1002][C:1003]1=[O:1004]	C=C1C(=O)C=C(C)C1C	C=C1C([O-])=CC(C)(SC)C1C
Mol_04211	Mol_04211:atom20	enone	C/C=C(\C)C(=O)OC1(C)C(=O)OC2C3C(C)=CC(=O)C3=C(C)CC(OC(=O)C(C)C)C21	20;19;17;18	12;13;14;16;17;18;19;20;21;22;23	CC[C:1001](C)=[C:1002]1C(C)C=C[C:1003]1=[O:1004]	CCC(C)=C1C(=O)C=CC1C	CCC(C)(SC)C1=C([O-])C=CC1C
Mol_04212	Mol_04212:atom1	ester	C/C=C(/C)C(=O)O[C@H]1CC(C)=C2C(=O)C=C(C)[C@H]2[C@@H]2OC(=O)[C@H](C)[C@@H]21	1;2;4;5	0;1;2;3;4;5;6;7	CO[C:1003](/[C:1002](C)=[CH:1001]\C)=[O:1004]	C/C=C(/C)C(=O)OC	COC([O-])=C(C)C(C)SC
Mol_04212	Mol_04212:atom9	enone	C/C=C(/C)C(=O)O[C@H]1CC(C)=C2C(=O)C=C(C)[C@H]2[C@@H]2OC(=O)[C@H](C)[C@@H]21	9;11;12;13	7;8;9;10;11;12;13;14;15;17;18	CC[C:1001](C)=[C:1002]1[C@H](C)C=C[C:1003]1=[O:1004]	CCC(C)=C1C(=O)C=C[C@H]1C	CCC(C)(SC)C1=C([O-])C=C[C@H]1C
Mol_04212	Mol_04212:atom15	enone	C/C=C(/C)C(=O)O[C@H]1CC(C)=C2C(=O)C=C(C)[C@H]2[C@@H]2OC(=O)[C@H](C)[C@@H]21	15;14;12;13	9;11;12;13;14;15;16;17;18	C=C1[C@H](C)[C:1001](C)=[CH:1002][C:1003]1=[O:1004]	C=C1C(=O)C=C(C)[C@H]1C	C=C1C([O-])=CC(C)(SC)[C@H]1C
Mol_04228	Mol_04228:atom9	ester	CCCCC1OC(=O)C2=CCCCC21	9;8;6;7	4;5;6;7;8;9;10;11;12;13	C1CC2CO[C:1003](=[O:1004])[C:1002]2=[CH:1001]C1	O=C1OCC2CCCC=C12	CSC1CCCC2COC([O-])=C21
Mol_04232	Mol_04232:atom9	ester	CCCCC1OC(=O)C2=C1CCC=C2	9;8;6;7	3;4;5;6;7;8;9;10;11;12;13	CC1O[C:1003](=[O:1004])[C:1002]2=[C:1001]1CCC=C2	CC1OC(=O)C2=C1CCC=C2	CSC12CCC=CC1=C([O-])OC2C
Mol_04234	Mol_04234:atom9	ester	CCC/C=C1\OC(=O)C2=CCCCC21	9;8;6;7	4;5;6;7;8;9;10;11;12;13	C1CC2CO[C:1003](=[O:1004])[C:1002]2=[CH:1001]C1	O=C1OCC2CCCC=C12	CSC1CCCC2COC([O-])=C21
Mol_04248	Mol_04248:atom3	enal	O=CC1=CCCCC1	3;2;1;0	0;1;2;3;4;5;6;7	C1CC[C:1002]([CH:1003]=[O:1004])=[CH:1001]C1	O=CC1=CCCCC1	CSC1CCCCC1=C[O-]
Mol_04256	Mol_04256:atom7	ester	C=C(C)C1CCC/C1=C\C(=O)OC	7;8;9;10	1;3;4;5;6;7;8;9;10;11;12	CO[C:1003](/[CH:1002]=[C:1001]1\CCCC1C)=[O:1004]	COC(=O)/C=C1\CCCC1C	COC([O-])=CC1(SC)CCCC1C
Mol_04266	Mol_04266:atom1	ester	C/C=C(/C)C(=O)O[C@@H]1C=C(CO)CC[C@]2(O)C(C(C)C)CC(=O)[C@]12C	1;2;4;5	0;1;2;3;4;5;6;7	CO[C:1003](/[C:1002](C)=[CH:1001]\C)=[O:1004]	C/C=C(/C)C(=O)OC	COC([O-])=C(C)C(C)SC
Mol_04269	Mol_04269:atom1	ester	C/C=C(/C)C(=O)O[C@@H]1CC[C@@]2(C)C(COc3ccc4ccc(=O)oc4c3)[C@@](C)(O)CC[C@@H]2C1(C)C	1;2;4;5	0;1;2;3;4;5;6;7	CO[C:1003](/[C:1002](C)=[CH:1001]\C)=[O:1004]	C/C=C(/C)C(=O)OC	COC([O-])=C(C)C(C)SC
Mol_04280	Mol_04280:atom1	enone	CC1=CC(=O)[C@@]2(C)CC[C@@](O)(C(C)C)[C@@H]2[C@@H](O)C1	1;2;3;4	0;1;2;3;4;5;6;7;14;15;17	CC1(C)CCC[C:1001](C)=[CH:1002][C:1003]1=[O:1004]	CC1=CC(=O)C(C)(C)CCC1	CSC1(C)C=C([O-])C(C)(C)CCC1
Mol_04281	Mol_04281:atom1	enone	CC1=CC(=O)[C@]2(C)[C@@H]([C@@H](O)C1)[C@](O)(C(C)C)C[C@H]2OC(=O)c1ccc(O)cc1	1;2;3;4	0;1;2;3;4;5;6;7;8;10;17	CC1(C)CCC[C:1001](C)=[CH:1002][C:1003]1=[O:1004]	CC1=CC(=O)C(C)(C)CCC1	CSC1(C)C=C([O-])C(C)(C)CCC1
Mol_04282	Mol_04282:atom1	ester	C/C=C(/C)C(=O)O[C@H]1CC(C)=CC(=O)[C@]2(C)[C@@H]1[C@](O)(C(C)C)C[C@H]2OC(=O)/C(C)=C\C	1;2;4;5	0;1;2;3;4;5;6;7	CO[C:1003](/[C:1002](C)=[CH:1001]\C)=[O:1004]	C/C=C(/C)C(=O)OC	COC([O-])=C(C)C(C)SC
Mol_04282	Mol_04282:atom9	enone	C/C=C(/C)C(=O)O[C@H]1CC(C)=CC(=O)[C@]2(C)[C@@H]1[C@](O)(C(C)C)C[C@H]2OC(=O)/C(C)=C\C	9;11;12;13	7;8;9;10;11;12;13;14;15;16;23	CC1(C)CCC[C:1001](C)=[CH:1002][C:1003]1=[O:1004]	CC1=CC(=O)C(C)(C)CCC1	CSC1(C)C=C([O-])C(C)(C)CCC1
Mol_04282	Mol_04282:atom29	ester	C/C=C(/C)C(=O)O[C@H]1CC(C)=CC(=O)[C@]2(C)[C@@H]1[C@](O)(C(C)C)C[C@H]2OC(=O)/C(C)=C\C	29;27;25;26	23;24;25;26;27;28;29;30	CO[C:1003](/[C:1002](C)=[CH:1001]\C)=[O:1004]	C/C=C(/C)C(=O)OC	COC([O-])=C(C)C(C)SC
Mol_04283	Mol_04283:atom2	enone	CC1=C[C@H](OC(=O)c2ccc(O)cc2)[C@@H]2[C@](C)(CC[C@@]2(O)C(C)C)CC1=O	2;1;25;26	0;1;2;3;4;14;15;24;25;26	C[C:1002]1=[CH:1001][C@H](O)CCC[C:1003]1=[O:1004]	CC1=C[C@H](O)CCCC1=O	CSC1C(C)=C([O-])CCC[C@H]1O
Mol_04284	Mol_04284:atom2	enone	CC1=C[C@H](OC(=O)c2ccc(O)cc2)[C@@H]2[C@@](C)(CC1=O)[C@H](O)C[C@@]2(O)C(C)C	2;1;18;19	0;1;2;3;4;14;15;17;18;19	C[C:1002]1=[CH:1001][C@H](O)CCC[C:1003]1=[O:1004]	CC1=C[C@H](O)CCCC1=O	CSC1C(C)=C([O-])CCC[C@H]1O
Mol_04291	Mol_04291:atom1	ester	C/C=C(\C)C(=O)O[C@H]1CC(C)=C[C@@H](O)[C@@]2(C)CC[C@@](O)(C(C)C)[C@H]12	1;2;4;5	0;1;2;3;4;5;6;7	CO[C:1003](/[C:1002](C)=[CH:1001]/C)=[O:1004]	C/C=C(\C)C(=O)OC	COC([O-])=C(C)C(C)SC
Mol_04292	Mol_04292:atom1	ester	C/C=C(/C)C(=O)O[C@@H]1C=C(C)C[C@H](OC(=O)c2ccc(O)cc2)[C@@H]2[C@]1(C)CC[C@@]2(O)C(C)C	1;2;4;5	0;1;2;3;4;5;6;7	CO[C:1003](/[C:1002](C)=[CH:1001]\C)=[O:1004]	C/C=C(/C)C(=O)OC	COC([O-])=C(C)C(C)SC
Mol_04293	Mol_04293:atom1	ester	C/C=C(/C)C(=O)O[C@@H]1C=C(C)C[C@H](OC(=O)c2ccc(OC)cc2)[C@@H]2[C@]1(C)CC[C@@]2(O)C(C)C	1;2;4;5	0;1;2;3;4;5;6;7	CO[C:1003](/[C:1002](C)=[CH:1001]\C)=[O:1004]	C/C=C(/C)C(=O)OC	COC([O-])=C(C)C(C)SC
Mol_04294	Mol_04294:atom1	ester	C/C=C(\C)C(=O)O[C@H]1CC(C)=C[C@@H](OC(=O)c2ccc(OC)cc2)[C@@]2(C)CC[C@@](O)(C(C)C)[C@H]12	1;2;4;5	0;1;2;3;4;5;6;7	CO[C:1003](/[C:1002](C)=[CH:1001]/C)=[O:1004]	C/C=C(\C)C(=O)OC	COC([O-])=C(C)C(C)SC
Mol_04301	Mol_04301:atom1	enone	CC(C)=CC(=O)C/C(C)=C\COc1ccc2ccc(=O)oc2c1	1;3;4;5	0;1;2;3;4;5;6;7	CC[C:1003]([CH:1002]=[C:1001](C)C)=[O:1004]	CCC(=O)C=C(C)C	CCC([O-])=CC(C)(C)SC
Mol_04302	Mol_04302:atom1	enone	CC(C)=CC(=O)/C=C(\C)CCOc1ccc2ccc(=O)oc2c1	1;3;4;5	0;1;2;3;4;5;6;7	C=C[C:1003]([CH:1002]=[C:1001](C)C)=[O:1004]	C=CC(=O)C=C(C)C	C=CC([O-])=CC(C)(C)SC
Mol_04302	Mol_04302:atom7	enone	CC(C)=CC(=O)/C=C(\C)CCOc1ccc2ccc(=O)oc2c1	7;6;4;5	1;3;4;5;6;7;8;9;10	C=C[C:1003](/[CH:1002]=[C:1001](\C)CC)=[O:1004]	C=CC(=O)/C=C(\C)CC	C=CC([O-])=CC(C)(CC)SC
Mol_04303	Mol_04303:atom11	enone	COc1ccc(C(=O)O[C@H]2CC(C)=C3C(=O)C=C(C)[C@H]3[C@@H]3OC(=O)[C@@](C)(OC(=O)C=C(C)C)[C@@H]32)cc1OC	11;13;14;15	9;10;11;12;13;14;15;16;17;19;20	CC[C:1001](C)=[C:1002]1[C@H](C)C=C[C:1003]1=[O:1004]	CCC(C)=C1C(=O)C=C[C@H]1C	CCC(C)(SC)C1=C([O-])C=C[C@H]1C
Mol_04303	Mol_04303:atom17	enone	COc1ccc(C(=O)O[C@H]2CC(C)=C3C(=O)C=C(C)[C@H]3[C@@H]3OC(=O)[C@@](C)(OC(=O)C=C(C)C)[C@@H]32)cc1OC	17;16;14;15	11;13;14;15;16;17;18;19;20	C=C1[C@H](C)[C:1001](C)=[CH:1002][C:1003]1=[O:1004]	C=C1C(=O)C=C(C)[C@H]1C	C=C1C([O-])=CC(C)(SC)[C@H]1C
Mol_04303	Mol_04303:atom30	ester	COc1ccc(C(=O)O[C@H]2CC(C)=C3C(=O)C=C(C)[C@H]3[C@@H]3OC(=O)[C@@](C)(OC(=O)C=C(C)C)[C@@H]32)cc1OC	30;29;27;28	24;26;27;28;29;30;31;32	CO[C:1003]([CH:1002]=[C:1001](C)C)=[O:1004]	COC(=O)C=C(C)C	COC([O-])=CC(C)(C)SC
Mol_04304	Mol_04304:atom11	enone	COc1ccc(C(=O)O[C@H]2CC(C)=C3C(=O)C=C(C)[C@H]3[C@@H]3OC(=O)[C@@](C)(OC(C)=O)[C@@H]32)cc1OC	11;13;14;15	9;10;11;12;13;14;15;16;17;19;20	CC[C:1001](C)=[C:1002]1[C@H](C)C=C[C:1003]1=[O:1004]	CCC(C)=C1C(=O)C=C[C@H]1C	CCC(C)(SC)C1=C([O-])C=C[C@H]1C
Mol_04304	Mol_04304:atom17	enone	COc1ccc(C(=O)O[C@H]2CC(C)=C3C(=O)C=C(C)[C@H]3[C@@H]3OC(=O)[C@@](C)(OC(C)=O)[C@@H]32)cc1OC	17;16;14;15	11;13;14;15;16;17;18;19;20	C=C1[C@H](C)[C:1001](C)=[CH:1002][C:1003]1=[O:1004]	C=C1C(=O)C=C(C)[C@H]1C	C=C1C([O-])=CC(C)(SC)[C@H]1C
Mol_04305	Mol_04305:atom11	enone	CC(=O)O[C@]1(C)C(=O)O[C@H]2[C@@H]3C(C)=CC(=O)C3=C(C)C[C@H](OC(=O)c3ccccc3)[C@H]21	11;13;14;15	9;10;11;12;13;14;15;16;17	C=C1[C@H](C)[C:1001](C)=[CH:1002][C:1003]1=[O:1004]	C=C1C(=O)C=C(C)[C@H]1C	C=C1C([O-])=CC(C)(SC)[C@H]1C
Mol_04305	Mol_04305:atom17	enone	CC(=O)O[C@]1(C)C(=O)O[C@H]2[C@@H]3C(C)=CC(=O)C3=C(C)C[C@H](OC(=O)c3ccccc3)[C@H]21	17;16;14;15	9;10;11;13;14;15;16;17;18;19;20	CC[C:1001](C)=[C:1002]1[C@H](C)C=C[C:1003]1=[O:1004]	CCC(C)=C1C(=O)C=C[C@H]1C	CCC(C)(SC)C1=C([O-])C=C[C@H]1C
Mol_04314	Mol_04314:atom1	ester	C/C=C(/C)C(=O)O[C@@H](C)[C@H](OC(C)=O)c1cc(OC)c2c(c1)OCO2	1;2;4;5	0;1;2;3;4;5;6;7	CO[C:1003](/[C:1002](C)=[CH:1001]\C)=[O:1004]	C/C=C(/C)C(=O)OC	COC([O-])=C(C)C(C)SC
Mol_04315	Mol_04315:atom1	ester	C/C=C(/C)C(=O)O[C@H](c1cc(OC)c2c(c1)OCO2)[C@H](C)OC(=O)C1(C)OC1C	1;2;4;5	0;1;2;3;4;5;6;7	CO[C:1003](/[C:1002](C)=[CH:1001]\C)=[O:1004]	C/C=C(/C)C(=O)OC	COC([O-])=C(C)C(C)SC
Mol_04316	Mol_04316:atom10	ester	COc1cc([C@@H](OC(=O)C=C(C)C)[C@H](C)OC(=O)C2(C)OC2C)cc2c1OCO2	10;9;7;8	5;6;7;8;9;10;11;12	CO[C:1003]([CH:1002]=[C:1001](C)C)=[O:1004]	COC(=O)C=C(C)C	COC([O-])=CC(C)(C)SC
Mol_04317	Mol_04317:atom10	ester	COc1cc([C@@H](OC(=O)C=C(C)C)[C@H](C)OC(=O)C(C)(O)C(C)OC(=O)CC(C)C)cc2c1OCO2	10;9;7;8	5;6;7;8;9;10;11;12	CO[C:1003]([CH:1002]=[C:1001](C)C)=[O:1004]	COC(=O)C=C(C)C	COC([O-])=CC(C)(C)SC
Mol_04318	Mol_04318:atom1	ester	C/C=C(/C)C(=O)O[C@H](c1cc(OC)c2c(c1)OCO2)[C@H](C)OC(=O)C(C)(O)C(C)OC(=O)CC(C)C	1;2;4;5	0;1;2;3;4;5;6;7	CO[C:1003](/[C:1002](C)=[CH:1001]\C)=[O:1004]	C/C=C(/C)C(=O)OC	COC([O-])=C(C)C(C)SC
Mol_04321	Mol_04321:atom5	enal	C=C(C)[C@H]1CC=C(C=O)CC1	5;6;7;8	3;4;5;6;7;8;9;10	C1CC[C:1002]([CH:1003]=[O:1004])=[CH:1001]C1	O=CC1=CCCCC1	CSC1CCCCC1=C[O-]
Mol_04322	Mol_04322:atom9	enal	C=C(C)[C@@H]1CCC(C=O)=C[C@H]1O	9;6;7;8	3;4;5;6;7;8;9;10;11	O[C@H]1CCC[C:1002]([CH:1003]=[O:1004])=[CH:1001]1	O=CC1=C[C@@H](O)CCC1	CSC1C(=C[O-])CCC[C@@H]1O
Mol_04323	Mol_04323:atom5	ester	C=C(C)C1CC=C(C(=O)OC)CC1	5;6;7;8	3;4;5;6;7;8;9;10;11;12	CO[C:1003]([C:1002]1=[CH:1001]CCCC1)=[O:1004]	COC(=O)C1=CCCCC1	COC([O-])=C1CCCCC1SC
Mol_04324	Mol_04324:atom1	ester	C/C=C(/C)C(=O)OC1CC2CCC1(C)C2(C)C	1;2;4;5	0;1;2;3;4;5;6;7	CO[C:1003](/[C:1002](C)=[CH:1001]\C)=[O:1004]	C/C=C(/C)C(=O)OC	COC([O-])=C(C)C(C)SC
Mol_04338	Mol_04338:atom1	enone	CC1=CC(=O)[C@@H](C(C)C)C[C@@H]1O	1;2;3;4	0;1;2;3;4;5;6;9;10;11	C[C@H]1C[C@H](O)[C:1001](C)=[CH:1002][C:1003]1=[O:1004]	CC1=CC(=O)[C@@H](C)C[C@@H]1O	CSC1(C)C=C([O-])[C@@H](C)C[C@@H]1O
Mol_04339	Mol_04339:atom1	enone	CC1=CC(=O)[C@@H](C(C)C)C[C@H]1O	1;2;3;4	0;1;2;3;4;5;6;9;10;11	C[C@H]1C[C@@H](O)[C:1001](C)=[CH:1002][C:1003]1=[O:1004]	CC1=CC(=O)[C@@H](C)C[C@H]1O	CSC1(C)C=C([O-])[C@@H](C)C[C@H]1O
Mol_04340	Mol_04340:atom2	enone	CC1=C[C@H](O)[C@@H](C(C)C)CC1=O	2;1;10;11	0;1;2;3;4;5;9;10;11	C[C:1002]1=[CH:1001][C@H](O)CC[C:1003]1=[O:1004]	CC1=C[C@H](O)CCC1=O	CSC1C(C)=C([O-])CC[C@H]1O
Mol_04341	Mol_04341:atom2	enone	CC1=C[C@@H](O)[C@@H](C(C)C)CC1=O	2;1;10;11	0;1;2;3;4;5;9;10;11	C[C:1002]1=[CH:1001][C@@H](O)CC[C:1003]1=[O:1004]	CC1=C[C@@H](O)CCC1=O	CSC1C(C)=C([O-])CC[C@@H]1O
Mol_04361	Mol_04361:atom1	ester	C/C=C(/C)C(=O)O[C@H]1C[C@@]2(C)O[C@H]2[C@@H](OC(C)=O)[C@@]2(C)CC[C@@](O)(C(C)C)[C@H]12	1;2;4;5	0;1;2;3;4;5;6;7	CO[C:1003](/[C:1002](C)=[CH:1001]\C)=[O:1004]	C/C=C(/C)C(=O)OC	COC([O-])=C(C)C(C)SC
Mol_04364	Mol_04364:atom1	ester	C/C=C(/C)C(=O)O[C@H]1CC(C)=C[C@H](OC(=O)c2ccccc2)[C@@]2(C)[C@@H](OC(C)=O)C[C@@](O)(C(C)C)[C@H]12	1;2;4;5	0;1;2;3;4;5;6;7	CO[C:1003](/[C:1002](C)=[CH:1001]\C)=[O:1004]	C/C=C(/C)C(=O)OC	COC([O-])=C(C)C(C)SC
Mol_04365	Mol_04365:atom1	ester	C/C=C(/C)C(=O)O[C@H]1CC(C)=C[C@H](OC(=O)/C=C/c2ccccc2)[C@@]2(C)[C@@H](OC(C)=O)C[C@@](O)(C(C)C)[C@H]12	1;2;4;5	0;1;2;3;4;5;6;7	CO[C:1003](/[C:1002](C)=[CH:1001]\C)=[O:1004]	C/C=C(/C)C(=O)OC	COC([O-])=C(C)C(C)SC
Mol_04365	Mol_04365:atom17	ester	C/C=C(/C)C(=O)O[C@H]1CC(C)=C[C@H](OC(=O)/C=C/c2ccccc2)[C@@]2(C)[C@@H](OC(C)=O)C[C@@](O)(C(C)C)[C@H]12	17;16;14;15	12;13;14;15;16;17;18;19;20;21;22;23	CO[C:1003](/[CH:1002]=[CH:1001]/c1ccccc1)=[O:1004]	COC(=O)/C=C/c1ccccc1	COC([O-])=CC(SC)c1ccccc1
Mol_04370	Mol_04370:atom3	ester	O=C(/C=C/c1ccc(O)c(O)c1)O[C@@H]1CC(O)(C(=O)O)C[C@@H](O)C1O	3;2;1;0	0;1;2;3;4;5;6;7;9;11;12;13	CO[C:1003](/[CH:1002]=[CH:1001]/c1ccccc1)=[O:1004]	COC(=O)/C=C/c1ccccc1	COC([O-])=CC(SC)c1ccccc1
Mol_04373	Mol_04373:atom5	ester	COc1cc(/C=C/C(=O)O[C@@H]2CC(O)(C(=O)O)C[C@@H](O)C2O)ccc1O	5;6;7;8	2;3;4;5;6;7;8;9;10;22;23;24	CO[C:1003](/[CH:1002]=[CH:1001]/c1ccccc1)=[O:1004]	COC(=O)/C=C/c1ccccc1	COC([O-])=CC(SC)c1ccccc1
Mol_04405	Mol_04405:atom9	enone	COc1cc(C(=O)O[C@H]2C=C(C)C(=O)C[C@@]3(C)CC[C@@](O)(C(C)C)[C@H]23)ccc1O	9;10;12;13	7;8;9;10;11;12;13;14;15;24	C[C:1002]1=[CH:1001][C@H](O)CCC[C:1003]1=[O:1004]	CC1=C[C@H](O)CCCC1=O	CSC1C(C)=C([O-])CCC[C@H]1O
Mol_04417	Mol_04417:atom1	ester	C/C=C(\C)C(=O)OC1C=C(C)CCC2(O)C(C(C)C)CC(=O)C12C	1;2;4;5	0;1;2;3;4;5;6;7	CO[C:1003](/[C:1002](C)=[CH:1001]/C)=[O:1004]	C/C=C(\C)C(=O)OC	COC([O-])=C(C)C(C)SC
Mol_04430	Mol_04430:atom1	ester	CC=C(C)C(=O)OC1C[C@@]2(C)OC2C(OC(C)=O)[C@@]2(C)CC[C@@](O)(C(C)C)C12	1;2;4;5	0;1;2;3;4;5;6;7	CO[C:1003]([C:1002](C)=[CH:1001]C)=[O:1004]	CC=C(C)C(=O)OC	COC([O-])=C(C)C(C)SC
Mol_04431	Mol_04431:atom10	enone	COc1ccc(C(=O)O[C@H]2C=C(C)C(=O)C[C@@]3(C)CC[C@@](O)(C(C)C)[C@H]23)cc1	10;11;13;14	8;9;10;11;12;13;14;15;16;25	C[C:1002]1=[CH:1001][C@H](O)CCC[C:1003]1=[O:1004]	CC1=C[C@H](O)CCCC1=O	CSC1C(C)=C([O-])CCC[C@H]1O
Mol_04433	Mol_04433:atom1	ester	C/C=C(/C)C(=O)O[C@H]1CC(C)=C[C@@H](OC(=O)/C(C)=C\C)[C@@]2(C)CC[C@@](O)(C(C)C)[C@H]12	1;2;4;5	0;1;2;3;4;5;6;7	CO[C:1003](/[C:1002](C)=[CH:1001]\C)=[O:1004]	C/C=C(/C)C(=O)OC	COC([O-])=C(C)C(C)SC
Mol_04433	Mol_04433:atom18	ester	C/C=C(/C)C(=O)O[C@H]1CC(C)=C[C@@H](OC(=O)/C(C)=C\C)[C@@]2(C)CC[C@@](O)(C(C)C)[C@H]12	18;16;14;15	12;13;14;15;16;17;18;19	CO[C:1003](/[C:1002](C)=[CH:1001]\C)=[O:1004]	C/C=C(/C)C(=O)OC	COC([O-])=C(C)C(C)SC
Mol_04462	Mol_04462:atom1	ester	CC(C)=CC(=O)OC(C)(C)[C@@H]1Cc2c(cc3oc(=O)ccc3c2O)O1	1;3;4;5	0;1;2;3;4;5;6;7	CO[C:1003]([CH:1002]=[C:1001](C)C)=[O:1004]	COC(=O)C=C(C)C	COC([O-])=CC(C)(C)SC
Mol_04463	Mol_04463:atom1	ester	C/C=C(/C)C(=O)OC(C)(C)[C@@H]1Cc2c(cc3oc(=O)ccc3c2O)O1	1;2;4;5	0;1;2;3;4;5;6;7	CO[C:1003](/[C:1002](C)=[CH:1001]\C)=[O:1004]	C/C=C(/C)C(=O)OC	COC([O-])=C(C)C(C)SC
Mol_04464	Mol_04464:atom1	ester	CC(C)=CC(=O)OC(C)(C)[C@@H]1Cc2cc3ccc(=O)oc3cc2O1	1;3;4;5	0;1;2;3;4;5;6;7	CO[C:1003]([CH:1002]=[C:1001](C)C)=[O:1004]	COC(=O)C=C(C)C	COC([O-])=CC(C)(C)SC
Mol_04465	Mol_04465:atom1	ester	C/C=C(\C)C(=O)OC(C)(C)[C@@H]1Cc2cc3ccc(=O)oc3cc2O1	1;2;4;5	0;1;2;3;4;5;6;7	CO[C:1003](/[C:1002](C)=[CH:1001]/C)=[O:1004]	C/C=C(\C)C(=O)OC	COC([O-])=C(C)C(C)SC
Mol_04551	Mol_04551:atom16	ester	CC1=CC[C@@H](O)[C@]2(C)C[C@]3(O)OC(=O)C(C)=C3C[C@@H]12	16;14;12;13	8;9;10;11;12;13;14;15;16;17;18	CC[C:1001]1=[C:1002](C)[C:1003](=[O:1004])O[C@]1(C)O	CCC1=C(C)C(=O)O[C@]1(C)O	CCC1(SC)C(C)=C([O-])O[C@]1(C)O
Mol_04552	Mol_04552:atom16	ester	C=C1CC[C@@H](O)[C@]2(C)C[C@]3(O)OC(=O)C(C)=C3C[C@@H]12	16;14;12;13	8;9;10;11;12;13;14;15;16;17;18	CC[C:1001]1=[C:1002](C)[C:1003](=[O:1004])O[C@]1(C)O	CCC1=C(C)C(=O)O[C@]1(C)O	CCC1(SC)C(C)=C([O-])O[C@]1(C)O
Mol_04553	Mol_04553:atom18	ester	C=C1CC[C@@H](OC(C)=O)[C@]2(C)C[C@@H]3OC(=O)C(C)=C3C[C@@H]12	18;16;14;15	11;12;13;14;15;16;17;18;19;20	CC[C:1001]1=[C:1002](C)[C:1003](=[O:1004])O[C@H]1C	CCC1=C(C)C(=O)O[C@H]1C	CCC1(SC)C(C)=C([O-])O[C@H]1C
Mol_04554	Mol_04554:atom19	ester	C=C1CC[C@@H](OC(C)=O)[C@]2(C)C[C@]3(O)OC(=O)C(C)=C3C[C@@H]12	19;17;15;16	11;12;13;14;15;16;17;18;19;20;21	CC[C:1001]1=[C:1002](C)[C:1003](=[O:1004])O[C@]1(C)O	CCC1=C(C)C(=O)O[C@]1(C)O	CCC1(SC)C(C)=C([O-])O[C@]1(C)O
Mol_04555	Mol_04555:atom2	ester	CC1=C2[C@H](C[C@]3(C)OC3CC[C@@]3(C)OC3[C@@H]2O)OC1=O	2;1;18;19	0;1;2;3;4;14;15;16;17;18;19	C[C@H](O)[C:1001]1=[C:1002](C)[C:1003](=[O:1004])O[C@H]1C	CC1=C([C@H](C)O)[C@H](C)OC1=O	CSC1([C@H](C)O)C(C)=C([O-])O[C@H]1C
Mol_04556	Mol_04556:atom2	ester	CC1=C2CC3O[C@]3(C)CCC3O[C@@]3(C)C[C@@H]2OC1=O	2;1;17;18	0;1;2;3;4;14;15;16;17;18	CC[C:1001]1=[C:1002](C)[C:1003](=[O:1004])O[C@H]1C	CCC1=C(C)C(=O)O[C@H]1C	CCC1(SC)C(C)=C([O-])O[C@H]1C
Mol_04557	Mol_04557:atom2	ester	CC1=C2CC3O[C@]3(C)CCC3O[C@@]3(C)C[C@]2(O)OC1=O	2;1;18;19	0;1;2;3;4;14;15;16;17;18;19	CC[C:1001]1=[C:1002](C)[C:1003](=[O:1004])O[C@]1(C)O	CCC1=C(C)C(=O)O[C@]1(C)O	CCC1(SC)C(C)=C([O-])O[C@]1(C)O
Mol_04560	Mol_04560:atom15	ester	C=C1CC[C@@]2(C)C(C)(C)[C@@H](OC(=O)/C(C)=C\C)CC[C@]2(C)[C@H]1COc1ccc2ccc(=O)oc2c1	15;13;11;12	9;10;11;12;13;14;15;16	CO[C:1003](/[C:1002](C)=[CH:1001]\C)=[O:1004]	C/C=C(/C)C(=O)OC	COC([O-])=C(C)C(C)SC
Mol_04575	Mol_04575:atom11	ester	C=CC(C)(CCC=C(C)C)C1=CC(/C=C/OC)(C(O)COC(=O)/C(C)=C\C)OC1=O	11;10;28;29	1;2;3;4;10;11;12;13;17;27;28;29	CC1(C)O[C:1003](=[O:1004])[C:1002](C(C)(C)C)=[CH:1001]1	CC1(C)C=C(C(C)(C)C)C(=O)O1	CSC1C(C(C)(C)C)=C([O-])OC1(C)C
Mol_04575	Mol_04575:atom25	ester	C=CC(C)(CCC=C(C)C)C1=CC(/C=C/OC)(C(O)COC(=O)/C(C)=C\C)OC1=O	25;23;21;22	19;20;21;22;23;24;25;26	CO[C:1003](/[C:1002](C)=[CH:1001]\C)=[O:1004]	C/C=C(/C)C(=O)OC	COC([O-])=C(C)C(C)SC
Mol_04577	Mol_04577:atom1	ester	C/C=C(/C)C(=O)O[C@@H]1C(C)=C2[C@H]3OC(=O)[C@](C)(O)[C@]3(O)[C@H](OC(=O)C(C)CC)C[C@@](C)(OC(C)=O)[C@@H]2[C@H]1OC(=O)CC(C)C	1;2;4;5	0;1;2;3;4;5;6;7	CO[C:1003](/[C:1002](C)=[CH:1001]\C)=[O:1004]	C/C=C(/C)C(=O)OC	COC([O-])=C(C)C(C)SC
Mol_04578	Mol_04578:atom10	enone	COc1ccc(C(=O)O[C@H]2C=C(C)C(=O)[C@H](O)[C@@]3(C)CC[C@@](O)(C(C)C)[C@H]23)cc1	10;11;13;14	8;9;10;11;12;13;14;15;16;17;26	C[C:1002]1=[CH:1001][C@H](O)CC[C@@H](O)[C:1003]1=[O:1004]	CC1=C[C@H](O)CC[C@@H](O)C1=O	CSC1C(C)=C([O-])[C@H](O)CC[C@H]1O
Mol_04579	Mol_04579:atom2	enone	CC1=C[C@H](OC(=O)c2ccccc2)[C@@H]2[C@](C)(CC[C@@]2(O)C(C)C)[C@@H](O)C1=O	2;1;25;26	0;1;2;3;4;13;14;23;24;25;26	C[C:1002]1=[CH:1001][C@H](O)CC[C@@H](O)[C:1003]1=[O:1004]	CC1=C[C@H](O)CC[C@@H](O)C1=O	CSC1C(C)=C([O-])[C@H](O)CC[C@H]1O
Mol_04587	Mol_04587:atom12	enone	COc1ccc(C(=O)O[C@H]2CCC(C)=CC(=O)[C@@]3(C)CC[C@@](O)(C(C)C)[C@H]23)cc1	12;14;15;16	10;11;12;13;14;15;16;17;18;19;26	CC[C:1001](C)=[CH:1002][C:1003](C(C)(C)C)=[O:1004]	CCC(C)=CC(=O)C(C)(C)C	CCC(C)(C=C([O-])C(C)(C)C)SC
Mol_04588	Mol_04588:atom1	enone	CC1=CC(=O)[C@@]2(C)CC[C@@](O)(C(C)C)C2[C@@H](O)CC1	1;2;3;4	0;1;2;3;4;5;6;7;14;17;18	CC[C:1001](C)=[CH:1002][C:1003](C(C)(C)C)=[O:1004]	CCC(C)=CC(=O)C(C)(C)C	CCC(C)(C=C([O-])C(C)(C)C)SC
Mol_04619	Mol_04619:atom1	ester	C/C=C(/C)C(=O)O[C@H](C)[C@](C)(O)C(=O)O[C@H](c1cc(OC)c2c(c1)OCO2)[C@@H](C)OC(=O)[C@]1(C)O[C@@H]1C	1;2;4;5	0;1;2;3;4;5;6;7	CO[C:1003](/[C:1002](C)=[CH:1001]\C)=[O:1004]	C/C=C(/C)C(=O)OC	COC([O-])=C(C)C(C)SC
Mol_04620	Mol_04620:atom18	ester	COc1cc([C@@H](OC(=O)C(C)(O)[C@@H](C)OC(=O)C=C(C)C)[C@@H](C)OC(=O)C2(C)OC2C)cc2c1OCO2	18;17;15;16	12;14;15;16;17;18;19;20	CO[C:1003]([CH:1002]=[C:1001](C)C)=[O:1004]	COC(=O)C=C(C)C	COC([O-])=CC(C)(C)SC
Mol_04621	Mol_04621:atom1	ester	C/C=C(\C)C(=O)O[C@H](C)C(C)(O)C(=O)O[C@H](c1cc(OC)c2c(c1)OCO2)[C@@H](C)OC(=O)C1(C)OC1C	1;2;4;5	0;1;2;3;4;5;6;7	CO[C:1003](/[C:1002](C)=[CH:1001]/C)=[O:1004]	C/C=C(\C)C(=O)OC	COC([O-])=C(C)C(C)SC
Mol_04645	Mol_04645:atom2	ester	C/C(=C\CCC(C)CCO)C(=O)OCC1(O)COC(OC2C(OC3OC=C(C(=O)O)C4CC[C@](C)(O)C34)OC(CO)C(O)C2O)C1O	2;1;10;11	0;1;2;3;4;10;11;12;13	CC/[CH:1001]=[C:1002](\C)[C:1003](OC)=[O:1004]	CC/C=C(\C)C(=O)OC	CCC(SC)C(C)=C([O-])OC
Mol_04646	Mol_04646:atom7	ester	C/C(=C\CO)CC/C=C(\C)C(=O)OC[C@@]1(O)CO[C@@H](O[C@H]2[C@H](O[C@@H]3OC=C(C(=O)O)[C@H]4C[C@H](O)[C@@H](C)[C@H]34)O[C@H](CO)[C@@H](O)[C@@H]2O)[C@@H]1O	7;8;10;11	5;6;7;8;9;10;11;12;13	CC/[CH:1001]=[C:1002](\C)[C:1003](OC)=[O:1004]	CC/C=C(\C)C(=O)OC	CCC(SC)C(C)=C([O-])OC
Mol_04648	Mol_04648:atom36	ester	C=C1C(O)CC2C(C(=O)O)=COC(OC3OC(CO)C(O)C(O)C3OC3OCC(O)(COC(=O)/C(C)=C/CCC(C)CCO)C3O)C12	36;34;32;33	30;31;32;33;34;35;36;37;38	CC/[CH:1001]=[C:1002](\C)[C:1003](OC)=[O:1004]	CC/C=C(\C)C(=O)OC	CCC(SC)C(C)=C([O-])OC
Mol_04690	Mol_04690:atom27	ester	CO[C@H]1C[C@H](O[C@H]2[C@@H](O)C[C@H](O[C@H]3CC[C@@]4(C)[C@H](CC[C@@H]5[C@@H]4CC[C@]4(C)[C@@H](C6=CC(=O)OC6)[C@@H](OC(C)=O)C[C@]54O)C3)O[C@@H]2C)O[C@H](C)[C@H]1O[C@@H]1O[C@H](CO)[C@@H](O)[C@H](O)[C@H]1O	27;28;29;30	24;26;27;28;29;30;31;32;33	CC(C)[C:1001]1=[CH:1002][C:1003](=[O:1004])OC1	CC(C)C1=CC(=O)OC1	CSC1(C(C)C)C=C([O-])OC1
Mol_04692	Mol_04692:atom46	ester	CC(=O)O[C@H]1C[C@]2(O)[C@@H]3CC[C@@H]4C[C@@H](O[C@@H]5O[C@@H](C)[C@H](O[C@@H]6O[C@H](CO)[C@@H](O)[C@H](O)[C@H]6O)[C@@H](O)[C@H]5O)CC[C@]4(C)[C@H]3CC[C@]2(C)[C@H]1C1=CC(=O)OC1	46;47;48;49	4;43;45;46;47;48;49;50;51	CC(C)[C:1001]1=[CH:1002][C:1003](=[O:1004])OC1	CC(C)C1=CC(=O)OC1	CSC1(C(C)C)C=C([O-])OC1
Mol_04726	Mol_04726:atom1	ester	C/C=C(/C)C(=O)O[C@@H]1CC(C)(C)C[C@H]2C3=CC[C@@H]4[C@]56CC[C@](O)(OC5)C(C)(C)[C@@H]6CC[C@@]4(C)[C@]3(C)CC[C@@]12C(=O)O	1;2;4;5	0;1;2;3;4;5;6;7	CO[C:1003](/[C:1002](C)=[CH:1001]\C)=[O:1004]	C/C=C(/C)C(=O)OC	COC([O-])=C(C)C(C)SC
Mol_04734	Mol_04734:atom10	ester	CC1(C2O[C@@H](COC(=O)/C=C/c3ccc(O)cc3)[C@H](O)[C@@H](O)[C@@H]2O)c2cccc(O)c2C(=O)c2c(O)cc(CO)cc21	10;9;7;8	5;6;7;8;9;10;11;12;13;14;16;17	CO[C:1003](/[CH:1002]=[CH:1001]/c1ccccc1)=[O:1004]	COC(=O)/C=C/c1ccccc1	COC([O-])=CC(SC)c1ccccc1
Mol_04753	Mol_04753:atom6	enal	CC(C)(O)/C=C/C=C(\C=O)[C@@H]1/C=C(/C=O)CC[C@H]2O[C@@]2(C)CC1	6;7;8;9	4;5;6;7;8;9;10;11;22	C=C/[CH:1001]=[C:1002](/C(C)C)[CH:1003]=[O:1004]	C=C/C=C(\C=O)C(C)C	C=CC(SC)C(=C[O-])C(C)C
Mol_04753	Mol_04753:atom11	enal	CC(C)(O)/C=C/C=C(\C=O)[C@@H]1/C=C(/C=O)CC[C@H]2O[C@@]2(C)CC1	11;12;13;14	7;10;11;12;13;14;15;16;22	CC/[C:1002](=[CH:1001]\C(C)C)[CH:1003]=[O:1004]	CC/C(C=O)=C\C(C)C	CCC(=C[O-])C(SC)C(C)C
Mol_04754	Mol_04754:atom6	enal	CC(C)(O)/C=C/C=C(\C=O)[C@H]1CC[C@@]2(C)[C@H](O)CC[C@]23C(=O)OC[C@H]13	6;7;8;9	4;5;6;7;8;9;10;11;24	C=C/[CH:1001]=[C:1002](/C(C)C)[CH:1003]=[O:1004]	C=C/C=C(\C=O)C(C)C	C=CC(SC)C(=C[O-])C(C)C
Mol_04755	Mol_04755:atom11	enone	CCCCCC(=O)CC(=O)/C=C/c1ccc(O)c(OC)c1	11;10;8;9	5;7;8;9;10;11;12;13;14;15;17;20	CC[C:1003](/[CH:1002]=[CH:1001]/c1ccccc1)=[O:1004]	CCC(=O)/C=C/c1ccccc1	CCC([O-])=CC(SC)c1ccccc1
Mol_04756	Mol_04756:atom1	enone	CC(C)=CC(=O)CC(C)c1ccc(C)cc1	1;3;4;5	0;1;2;3;4;5;6;7	CC[C:1003]([CH:1002]=[C:1001](C)C)=[O:1004]	CCC(=O)C=C(C)C	CCC([O-])=CC(C)(C)SC
Mol_04758	Mol_04758:atom1	enone	CC(C)=CC(=O)CC(C)C1C=CC(C)=CC1	1;3;4;5	0;1;2;3;4;5;6;7	CC[C:1003]([CH:1002]=[C:1001](C)C)=[O:1004]	CCC(=O)C=C(C)C	CCC([O-])=CC(C)(C)SC
Mol_04774	Mol_04774:atom1	enone	CC1=CC(=O)CC(C)(C)[C@@]1(O)/C=C/C(O)CO[C@@H]1O[C@H](CO)[C@@H](O)[C@H](O)[C@H]1O	1;2;3;4	0;1;2;3;4;5;6;9;10;11	C[C@]1(O)CC[C:1003](=[O:1004])[CH:1002]=[C:1001]1C	CC1=CC(=O)CC[C@]1(C)O	CSC1(C)C=C([O-])CC[C@]1(C)O
Mol_04777	Mol_04777:atom4	enone	CC(=O)/C=C/C1=C(C)C(O[C@@H]2O[C@H](CO)[C@@H](O)[C@H](O)[C@H]2O)C(O)CC1(C)C	4;3;1;2	0;1;2;3;4;5;6;24	C=C(C)/[CH:1001]=[CH:1002]/[C:1003](C)=[O:1004]	C=C(C)/C=C/C(C)=O	C=C(C)C(C=C(C)[O-])SC
Mol_04794	Mol_04794:atom27	enone	C[C@H](CO)CC[C@@H](O)[C@@H](C)C1[C@@H](O[C@@H]2OCC(O)C(O)C2O)CC2C3CCC4=CC(=O)CC[C@]4(C)C3CC[C@@]21C	27;28;29;30	25;26;27;28;29;30;31;32;33;34;35	CC[C:1001]1=[CH:1002][C:1003](=[O:1004])CCC1(C)C	CCC1=CC(=O)CCC1(C)C	CCC1(SC)C=C([O-])CCC1(C)C
Mol_04796	Mol_04796:atom27	ester	COc1cc(-c2oc3cc(O)cc(O)c3c(=O)c2OC2O[C@H](COC(=O)/C=C/c3ccc(O)cc3)[C@@H](O)[C@H](O)[C@H]2O)ccc1O	27;26;24;25	22;23;24;25;26;27;28;29;30;31;33;34	CO[C:1003](/[CH:1002]=[CH:1001]/c1ccccc1)=[O:1004]	COC(=O)/C=C/c1ccccc1	COC([O-])=CC(SC)c1ccccc1
Mol_04797	Mol_04797:atom3	ester	O=C(/C=C/c1ccc(O)cc1)OC[C@H]1OC(Oc2c(-c3ccc(O)cc3)oc3cc(O)cc(O)c3c2=O)[C@H](O)[C@@H](OC(=O)/C=C/c2ccc(O)cc2)[C@@H]1O	3;2;1;0	0;1;2;3;4;5;6;7;9;10;11;12	CO[C:1003](/[CH:1002]=[CH:1001]/c1ccccc1)=[O:1004]	COC(=O)/C=C/c1ccccc1	COC([O-])=CC(SC)c1ccccc1
Mol_04797	Mol_04797:atom44	ester	O=C(/C=C/c1ccc(O)cc1)OC[C@H]1OC(Oc2c(-c3ccc(O)cc3)oc3cc(O)cc(O)c3c2=O)[C@H](O)[C@@H](OC(=O)/C=C/c2ccc(O)cc2)[C@@H]1O	44;43;41;42	39;40;41;42;43;44;45;46;47;48;50;51	CO[C:1003](/[CH:1002]=[CH:1001]/c1ccccc1)=[O:1004]	COC(=O)/C=C/c1ccccc1	COC([O-])=CC(SC)c1ccccc1
Mol_04798	Mol_04798:atom3	ester	O=C(/C=C/c1ccc(O)cc1)O[C@H]1[C@H](O)[C@@H](CO)OC(Oc2c(-c3ccc(O)cc3)oc3cc(O)cc(O)c3c2=O)[C@@H]1O	3;2;1;0	0;1;2;3;4;5;6;7;9;10;11;12	CO[C:1003](/[CH:1002]=[CH:1001]/c1ccccc1)=[O:1004]	COC(=O)/C=C/c1ccccc1	COC([O-])=CC(SC)c1ccccc1
Mol_04799	Mol_04799:atom3	ester	O=C(/C=C\c1ccc(O)cc1)OC[C@H]1O[C@@H](Oc2c(-c3ccc(O)cc3)oc3cc(O)cc(O)c3c2=O)[C@H](O)[C@@H](O)[C@@H]1O	3;2;1;0	0;1;2;3;4;5;6;7;9;10;11;12	CO[C:1003](/[CH:1002]=[CH:1001]\c1ccccc1)=[O:1004]	COC(=O)/C=C\c1ccccc1	COC([O-])=CC(SC)c1ccccc1
Mol_04811	Mol_04811:atom3	ester	O=C(/C=C\c1ccc(O)cc1)O[C@@H]1[C@H](O)C[C@@](O)(C(=O)O)C[C@H]1OC(=O)/C=C\c1ccc(O)cc1	3;2;1;0	0;1;2;3;4;5;6;7;9;10;11;12	CO[C:1003](/[CH:1002]=[CH:1001]\c1ccccc1)=[O:1004]	COC(=O)/C=C\c1ccccc1	COC([O-])=CC(SC)c1ccccc1
Mol_04811	Mol_04811:atom27	ester	O=C(/C=C\c1ccc(O)cc1)O[C@@H]1[C@H](O)C[C@@](O)(C(=O)O)C[C@H]1OC(=O)/C=C\c1ccc(O)cc1	27;26;24;25	22;23;24;25;26;27;28;29;30;31;33;34	CO[C:1003](/[CH:1002]=[CH:1001]\c1ccccc1)=[O:1004]	COC(=O)/C=C\c1ccccc1	COC([O-])=CC(SC)c1ccccc1
Mol_04812	Mol_04812:atom3	ester	O=C(/C=C/c1ccc(O)cc1)O[C@@H]1[C@H](O)C[C@@](O)(C(=O)O)C[C@H]1OC(=O)/C=C/c1ccc(O)cc1	3;2;1;0	0;1;2;3;4;5;6;7;9;10;11;12	CO[C:1003](/[CH:1002]=[CH:1001]/c1ccccc1)=[O:1004]	COC(=O)/C=C/c1ccccc1	COC([O-])=CC(SC)c1ccccc1
Mol_04812	Mol_04812:atom27	ester	O=C(/C=C/c1ccc(O)cc1)O[C@@H]1[C@H](O)C[C@@](O)(C(=O)O)C[C@H]1OC(=O)/C=C/c1ccc(O)cc1	27;26;24;25	22;23;24;25;26;27;28;29;30;31;33;34	CO[C:1003](/[CH:1002]=[CH:1001]/c1ccccc1)=[O:1004]	COC(=O)/C=C/c1ccccc1	COC([O-])=CC(SC)c1ccccc1
Mol_04813	Mol_04813:atom3	ester	O=C(/C=C\c1ccc(O)cc1)O[C@@H]1C[C@](O)(C(=O)O)C[C@@H](O)[C@H]1O	3;2;1;0	0;1;2;3;4;5;6;7;9;10;11;12	CO[C:1003](/[CH:1002]=[CH:1001]\c1ccccc1)=[O:1004]	COC(=O)/C=C\c1ccccc1	COC([O-])=CC(SC)c1ccccc1
Mol_04814	Mol_04814:atom3	ester	O=C(/C=C/c1ccc(O)cc1)O[C@@H]1C[C@](O)(C(=O)O)C[C@@H](O)[C@H]1O	3;2;1;0	0;1;2;3;4;5;6;7;9;10;11;12	CO[C:1003](/[CH:1002]=[CH:1001]/c1ccccc1)=[O:1004]	COC(=O)/C=C/c1ccccc1	COC([O-])=CC(SC)c1ccccc1
Mol_04956	Mol_04956:atom19	enone	CC(C)c1c(O)ccc2c1CC[C@H]1C(C)(C)C(=O)C=CC21C	19;18;16;17	3;4;6;7;8;9;12;13;14;15;16;17;18;19;20;21	CC1(c2ccccc2)CC(C)(C)[C:1003](=[O:1004])[CH:1002]=[CH:1001]1	CC1(C)CC(C)(c2ccccc2)C=CC1=O	CSC1C=C([O-])C(C)(C)CC1(C)c1ccccc1
Mol_04976	Mol_04976:atom4	enone	C=C[C@]1(C)C=C2C(=O)[C@@]3(O)OC(=O)[C@@]4(CCCC(C)(C)[C@H]34)[C@@]2(O)[C@H](O)C1	4;5;6;7	1;2;3;4;5;6;7;8;9;10;13;20;21;22;23;25	CC1(C)CC[C@]2(O)CCC(O)(O)[C:1003](=[O:1004])[C:1002]2=[CH:1001]1	CC1(C)C=C2C(=O)C(O)(O)CC[C@@]2(O)CC1	CSC1C2=C([O-])C(O)(O)CC[C@@]2(O)CCC1(C)C
Mol_04978	Mol_04978:atom2	enone	COC1=CC(=O)[C@@H]2O[C@@H]2[C@@H]1O	2;3;4;5	0;1;2;3;4;5;6;7;8;9;10	CO[C:1001]1=[CH:1002][C:1003](=[O:1004])[C@@H]2O[C@@H]2[C@@H]1O	COC1=CC(=O)[C@@H]2O[C@@H]2[C@@H]1O	COC1(SC)C=C([O-])[C@@H]2O[C@@H]2[C@@H]1O
Mol_04979	Mol_04979:atom2	enone	COC1=CC(=O)[C@@H]2O[C@@H]2[C@H]1O	2;3;4;5	0;1;2;3;4;5;6;7;8;9;10	CO[C:1001]1=[CH:1002][C:1003](=[O:1004])[C@@H]2O[C@@H]2[C@H]1O	COC1=CC(=O)[C@@H]2O[C@@H]2[C@H]1O	COC1(SC)C=C([O-])[C@@H]2O[C@@H]2[C@H]1O
Mol_04980	Mol_04980:atom2	enone	COC1=CC(=O)[C@@H](Cl)C(O)[C@@H]1O	2;3;4;5	0;1;2;3;4;5;6;7;8;10;11	CO[C:1001]1=[CH:1002][C:1003](=[O:1004])[C@@H](Cl)C[C@@H]1O	COC1=CC(=O)[C@@H](Cl)C[C@@H]1O	COC1(SC)C=C([O-])[C@@H](Cl)C[C@@H]1O
Mol_04981	Mol_04981:atom2	enone	COC1=CC(=O)[C@H](Cl)[C@H](O)[C@@H]1O	2;3;4;5	0;1;2;3;4;5;6;7;8;10;11	CO[C:1001]1=[CH:1002][C:1003](=[O:1004])[C@H](Cl)C[C@@H]1O	COC1=CC(=O)[C@H](Cl)C[C@@H]1O	COC1(SC)C=C([O-])[C@H](Cl)C[C@@H]1O
Mol_04982	Mol_04982:atom16	enone	COC(=O)[C@@]1(C)CCC[C@@]2(C)C1CC[C@]1(O)C=C(C(C)(C)O)C(=O)C[C@@H]12	16;17;22;23	13;14;15;16;17;18;19;20;21;22;23;24;25	CC(C)(O)[C:1002]1=[CH:1001][C@](C)(O)CC[C:1003]1=[O:1004]	CC(C)(O)C1=C[C@](C)(O)CCC1=O	CSC1C(C(C)(C)O)=C([O-])CC[C@@]1(C)O
Mol_04983	Mol_04983:atom16	enone	COC(=O)[C@@]1(C)CCC[C@@]2(C)C1CC[C@]1(O)C=C(C(C)C)C(=O)C[C@@H]12	16;17;21;22	13;14;15;16;17;18;19;20;21;22;23;24	CC(C)[C:1002]1=[CH:1001][C@](C)(O)CC[C:1003]1=[O:1004]	CC(C)C1=C[C@](C)(O)CCC1=O	CSC1C(C(C)C)=C([O-])CC[C@@]1(C)O
Mol_05045	Mol_05045:atom1	enone	CC1=CC(=O)C2(C(C)C)CC12	1;2;3;4	0;1;2;3;4;5;6;9;10	CC12CC1[C:1001](C)=[CH:1002][C:1003]2=[O:1004]	CC1=CC(=O)C2(C)CC12	CSC1(C)C=C([O-])C2(C)CC12
Mol_05050	Mol_05050:atom1	enone	CC1=CC(=O)C2CC1C2(C)C	1;2;3;4	0;1;2;3;4;5;6;7;8	C[C:1001]1=[CH:1002][C:1003](=[O:1004])C2CC1C2	CC1=CC(=O)C2CC1C2	CSC1(C)C=C([O-])C2CC1C2
Mol_05096	Mol_05096:atom14	enone	CC(C)[C@H]1CC[C@@H](C)[C@@H]2CCC(=O)C=C21	14;13;11;12	1;3;4;6;8;9;10;11;12;13;14	CC(C)[C:1001]1=[CH:1002][C:1003](=[O:1004])CC[C@H]1C	CC(C)C1=CC(=O)CC[C@H]1C	CSC1(C(C)C)C=C([O-])CC[C@H]1C
Mol_05107	Mol_05107:atom0	ester	C=C(C(=O)O[C@H]1CC(C)=CCC/C(CO)=C/[C@H]2OC(=O)[C@H](C)[C@H]12)C(O)CO	0;1;2;3	0;1;2;3;4;5;23;24;25	CO[C:1003]([C:1002](C(C)O)=[CH2:1001])=[O:1004]	C=C(C(=O)OC)C(C)O	COC([O-])=C(CSC)C(C)O
Mol_05108	Mol_05108:atom0	ester	C=C(CCO)C(=O)O[C@H]1C/C(C)=C/CC/C(CO)=C/C2OC(=O)[C@@H](C)[C@@H]21	0;1;5;6	0;1;2;3;5;6;7;8	CC[C:1002](=[CH2:1001])[C:1003](OC)=[O:1004]	C=C(CC)C(=O)OC	CCC(CSC)=C([O-])OC
Mol_05142	Mol_05142:atom0	ester	C=C(C(=O)OC[C@H]1OC(O)[C@H](O)[C@@H](O)[C@@H]1O)[C@@H]1CC[C@@]2(C)CCC(=O)C(C)=C2C1	0;1;2;3	0;1;2;3;4;5;16;17;28	CO[C:1003]([C:1002](C(C)C)=[CH2:1001])=[O:1004]	C=C(C(=O)OC)C(C)C	COC([O-])=C(CSC)C(C)C
Mol_05142	Mol_05142:atom27	enone	C=C(C(=O)OC[C@H]1OC(O)[C@H](O)[C@@H](O)[C@@H]1O)[C@@H]1CC[C@@]2(C)CCC(=O)C(C)=C2C1	27;25;23;24	16;18;19;20;21;22;23;24;25;26;27;28	CC[C:1001]1=[C:1002](C)[C:1003](=[O:1004])CCC1(C)C	CCC1=C(C)C(=O)CCC1(C)C	CCC1(SC)C(C)=C([O-])CCC1(C)C
Mol_05151	Mol_05151:atom0	ester	C=C(C(=O)OC)[C@@H]1CC[C@@]2(C)CCC(=O)C(C)=C2C1	0;1;2;3	0;1;2;3;4;5;6;7;18	CO[C:1003]([C:1002](C(C)C)=[CH2:1001])=[O:1004]	C=C(C(=O)OC)C(C)C	COC([O-])=C(CSC)C(C)C
Mol_05151	Mol_05151:atom17	enone	C=C(C(=O)OC)[C@@H]1CC[C@@]2(C)CCC(=O)C(C)=C2C1	17;15;13;14	6;8;9;10;11;12;13;14;15;16;17;18	CC[C:1001]1=[C:1002](C)[C:1003](=[O:1004])CCC1(C)C	CCC1=C(C)C(=O)CCC1(C)C	CCC1(SC)C(C)=C([O-])CCC1(C)C
Mol_05173	Mol_05173:atom8	ester	C=C1[C@@H]2[C@H]3OC(=O)C(=C)[C@@H]3CCC(=C)[C@@H]2C[C@@H]1O	8;7;5;6	3;4;5;6;7;8;9;10	C[C@@H]1CO[C:1003](=[O:1004])[C:1002]1=[CH2:1001]	C=C1C(=O)OC[C@H]1C	CSCC1=C([O-])OC[C@H]1C
Mol_05174	Mol_05174:atom1	enone	CC1=CC(=O)CC(C)(C)[C@@]1(O)/C=C/[C@@H](C)O	1;2;3;4	0;1;2;3;4;5;6;9;10;11	C[C@]1(O)CC[C:1003](=[O:1004])[CH:1002]=[C:1001]1C	CC1=CC(=O)CC[C@]1(C)O	CSC1(C)C=C([O-])CC[C@]1(C)O
Mol_05177	Mol_05177:atom5	ester	COc1cc(/C=C/C(=O)OC[C@@H]2O[C@H](Oc3cc4oc(-c5ccc(O)cc5)cc(=O)c4c(O)c3OC)[C@@H](O)[C@H](O)[C@H]2O)cc(OC)c1O	5;6;7;8	2;3;4;5;6;7;8;9;10;42;43;46	CO[C:1003](/[CH:1002]=[CH:1001]/c1ccccc1)=[O:1004]	COC(=O)/C=C/c1ccccc1	COC([O-])=CC(SC)c1ccccc1
Mol_05189	Mol_05189:atom10	ester	C=C[C@]1(C)C[C@H](OC(=O)C(=C)[C@H](O)CO)[C@H]2C(=C)C(=O)O[C@@H]2C1C(=C)CO	10;9;7;8	5;6;7;8;9;10;11;12;13	CO[C:1003]([C:1002]([C@@H](C)O)=[CH2:1001])=[O:1004]	C=C(C(=O)OC)[C@@H](C)O	COC([O-])=C(CSC)[C@@H](C)O
Mol_05189	Mol_05189:atom17	ester	C=C[C@]1(C)C[C@H](OC(=O)C(=C)[C@H](O)CO)[C@H]2C(=C)C(=O)O[C@@H]2C1C(=C)CO	17;16;18;19	5;15;16;17;18;19;20;21	C[C@@H]1CO[C:1003](=[O:1004])[C:1002]1=[CH2:1001]	C=C1C(=O)OC[C@H]1C	CSCC1=C([O-])OC[C@H]1C
Mol_05190	Mol_05190:atom0	ester	C=C1C(=O)O[C@@H]2/C=C(\CO)CC/C=C(\C)C[C@H](OC(=O)C(=C)[C@@H](O)CO)[C@@H]12	0;1;2;3	0;1;2;3;4;5;16;26	C[C@@H]1CO[C:1003](=[O:1004])[C:1002]1=[CH2:1001]	C=C1C(=O)OC[C@H]1C	CSCC1=C([O-])OC[C@H]1C
Mol_05190	Mol_05190:atom21	ester	C=C1C(=O)O[C@@H]2/C=C(\CO)CC/C=C(\C)C[C@H](OC(=O)C(=C)[C@@H](O)CO)[C@@H]12	21;20;18;19	16;17;18;19;20;21;22;23;24	CO[C:1003]([C:1002]([C@H](C)O)=[CH2:1001])=[O:1004]	C=C(C(=O)OC)[C@H](C)O	COC([O-])=C(CSC)[C@H](C)O
Mol_05191	Mol_05191:atom0	ester	C=C1C(=O)O[C@@H]2/C=C(/COC(C)=O)CC/C=C(\C)C[C@H](OC(=O)C(=C)[C@H](O)CO)[C@@H]12	0;1;2;3	0;1;2;3;4;5;19;29	C[C@@H]1CO[C:1003](=[O:1004])[C:1002]1=[CH2:1001]	C=C1C(=O)OC[C@H]1C	CSCC1=C([O-])OC[C@H]1C
Mol_05191	Mol_05191:atom24	ester	C=C1C(=O)O[C@@H]2/C=C(/COC(C)=O)CC/C=C(\C)C[C@H](OC(=O)C(=C)[C@H](O)CO)[C@@H]12	24;23;21;22	19;20;21;22;23;24;25;26;27	CO[C:1003]([C:1002]([C@@H](C)O)=[CH2:1001])=[O:1004]	C=C(C(=O)OC)[C@@H](C)O	COC([O-])=C(CSC)[C@@H](C)O
Mol_05192	Mol_05192:atom0	ester	C=C1C(=O)O[C@@H]2/C=C(/C=O)CC/C=C(\C)C[C@H](OC(=O)C(=C)[C@H](O)CO)[C@@H]12	0;1;2;3	0;1;2;3;4;5;16;26	C[C@@H]1CO[C:1003](=[O:1004])[C:1002]1=[CH2:1001]	C=C1C(=O)OC[C@H]1C	CSCC1=C([O-])OC[C@H]1C
Mol_05192	Mol_05192:atom6	enal	C=C1C(=O)O[C@@H]2/C=C(/C=O)CC/C=C(\C)C[C@H](OC(=O)C(=C)[C@H](O)CO)[C@@H]12	6;7;8;9	4;5;6;7;8;9;10;11;26	CC/[C:1002](=[CH:1001]\[C@H](C)O)[CH:1003]=[O:1004]	CC/C(C=O)=C\[C@H](C)O	CCC(=C[O-])C(SC)[C@H](C)O
Mol_05192	Mol_05192:atom21	ester	C=C1C(=O)O[C@@H]2/C=C(/C=O)CC/C=C(\C)C[C@H](OC(=O)C(=C)[C@H](O)CO)[C@@H]12	21;20;18;19	16;17;18;19;20;21;22;23;24	CO[C:1003]([C:1002]([C@@H](C)O)=[CH2:1001])=[O:1004]	C=C(C(=O)OC)[C@@H](C)O	COC([O-])=C(CSC)[C@@H](C)O
Mol_05209	Mol_05209:atom4	enone	CC(=O)/C=C/[C@H]1[C@H]2CCC(=O)[C@H]3OC(=O)[C@]1(C)[C@@H]23	4;3;1;2	0;1;2;3;4;5;6;15	CC(C)/[CH:1001]=[CH:1002]/[C:1003](C)=[O:1004]	CC(=O)/C=C/C(C)C	CSC(C=C(C)[O-])C(C)C
Mol_05211	Mol_05211:atom10	ester	C=C[C@]1(C)C[C@H](OC(=O)/C(=C\C)CO)[C@H]2C(=C)C(=O)O[C@@H]2[C@H]1C(=C)CO	10;9;7;8	5;6;7;8;9;10;11;12;13	CO[C:1003](/[C:1002](CO)=[CH:1001]\C)=[O:1004]	C/C=C(/CO)C(=O)OC	COC([O-])=C(CO)C(C)SC
Mol_05211	Mol_05211:atom16	ester	C=C[C@]1(C)C[C@H](OC(=O)/C(=C\C)CO)[C@H]2C(=C)C(=O)O[C@@H]2[C@H]1C(=C)CO	16;15;17;18	5;14;15;16;17;18;19;20	C[C@@H]1CO[C:1003](=[O:1004])[C:1002]1=[CH2:1001]	C=C1C(=O)OC[C@H]1C	CSCC1=C([O-])OC[C@H]1C
Mol_05212	Mol_05212:atom9	ester	C=C[C@]1(C)C[C@H](O)[C@H]2C(=C)C(=O)O[C@@H]2[C@H]1C(=C)CO	9;8;10;11	5;7;8;9;10;11;12;13	C[C@@H]1CO[C:1003](=[O:1004])[C:1002]1=[CH2:1001]	C=C1C(=O)OC[C@H]1C	CSCC1=C([O-])OC[C@H]1C
Mol_05213	Mol_05213:atom0	ester	C=C1C(=O)O[C@H]2[C@H]1[C@@H](OC(=O)/C(=C\C)CO)C[C@]1(C)[C@@H]2[C@H](C=O)CC[C@H]1O	0;1;2;3	0;1;2;3;4;5;6;7	C[C@@H]1CO[C:1003](=[O:1004])[C:1002]1=[CH2:1001]	C=C1C(=O)OC[C@H]1C	CSCC1=C([O-])OC[C@H]1C
Mol_05213	Mol_05213:atom12	ester	C=C1C(=O)O[C@H]2[C@H]1[C@@H](OC(=O)/C(=C\C)CO)C[C@]1(C)[C@@H]2[C@H](C=O)CC[C@H]1O	12;11;9;10	7;8;9;10;11;12;13;14;15	CO[C:1003](/[C:1002](CO)=[CH:1001]\C)=[O:1004]	C/C=C(/CO)C(=O)OC	COC([O-])=C(CO)C(C)SC
Mol_05214	Mol_05214:atom10	ester	C=C[C@]1(C)C[C@H](OC(=O)C(=C)C(O)CO)[C@H]2C(=C)C(=O)O[C@@H]2[C@H]1C(=C)CO	10;9;7;8	5;6;7;8;9;10;11;12;13	CO[C:1003]([C:1002](C(C)O)=[CH2:1001])=[O:1004]	C=C(C(=O)OC)C(C)O	COC([O-])=C(CSC)C(C)O
Mol_05214	Mol_05214:atom17	ester	C=C[C@]1(C)C[C@H](OC(=O)C(=C)C(O)CO)[C@H]2C(=C)C(=O)O[C@@H]2[C@H]1C(=C)CO	17;16;18;19	5;15;16;17;18;19;20;21	C[C@@H]1CO[C:1003](=[O:1004])[C:1002]1=[CH2:1001]	C=C1C(=O)OC[C@H]1C	CSCC1=C([O-])OC[C@H]1C
Mol_05219	Mol_05219:atom5	enal	CCCCCC=CC=O	5;6;7;8	3;4;5;6;7;8	CC[CH:1001]=[CH:1002][CH:1003]=[O:1004]	CCC=CC=O	CCC(C=C[O-])SC
Mol_05231	Mol_05231:atom3	enal	O=C/C=C/c1ccccc1	3;2;1;0	0;1;2;3;4;5;6;7;8;9	c1ccc(/[CH:1001]=[CH:1002]/[CH:1003]=[O:1004])cc1	O=C/C=C/c1ccccc1	CSC(C=C[O-])c1ccccc1
Mol_05260	Mol_05260:atom7	ester	C/C=C/C#CC#C/C=C/C(=O)OC	7;8;9;10	5;6;7;8;9;10;11;12	C#C/[CH:1001]=[CH:1002]/[C:1003](OC)=[O:1004]	C#C/C=C/C(=O)OC	C#CC(C=C([O-])OC)SC
Mol_05265	Mol_05265:atom10	ester	C=C[C@]1(C)C[C@H](OC(=O)C(=C)CCO)[C@@H]2[C@H](OC(=O)[C@H]2C)[C@H]1C(=C)CO	10;9;7;8	5;6;7;8;9;10;11;12	CC[C:1002](=[CH2:1001])[C:1003](OC)=[O:1004]	C=C(CC)C(=O)OC	CCC(CSC)=C([O-])OC
Mol_05277	Mol_05277:atom3	ester	O=C(/C=C/c1ccc(O)c(O)c1)OC1(C(=O)O)CC(O)C(O)C(O)C1	3;2;1;0	0;1;2;3;4;5;6;7;9;11;12;13	CO[C:1003](/[CH:1002]=[CH:1001]/c1ccccc1)=[O:1004]	COC(=O)/C=C/c1ccccc1	COC([O-])=CC(SC)c1ccccc1
Mol_05279	Mol_05279:atom3	ester	O=C(/C=C/c1ccc(O)c(O)c1)O[C@@H]1C[C@@](O)(C(=O)O)C[C@@H](O)[C@@H]1O	3;2;1;0	0;1;2;3;4;5;6;7;9;11;12;13	CO[C:1003](/[CH:1002]=[CH:1001]/c1ccccc1)=[O:1004]	COC(=O)/C=C/c1ccccc1	COC([O-])=CC(SC)c1ccccc1
Mol_05281	Mol_05281:atom3	ester	O=C(/C=C/c1ccc(O)c(O)c1)OC1[C@H](O)CC(O)(C(=O)O)C[C@H]1O	3;2;1;0	0;1;2;3;4;5;6;7;9;11;12;13	CO[C:1003](/[CH:1002]=[CH:1001]/c1ccccc1)=[O:1004]	COC(=O)/C=C/c1ccccc1	COC([O-])=CC(SC)c1ccccc1
Mol_05283	Mol_05283:atom3	ester	O=C(/C=C/c1ccc(O)c(O)c1)O[C@@H]1C[C@@](OC(=O)/C=C/c2ccc(O)c(O)c2)(C(=O)O)C[C@@H](O)[C@@H]1O	3;2;1;0	0;1;2;3;4;5;6;7;9;11;12;13	CO[C:1003](/[CH:1002]=[CH:1001]/c1ccccc1)=[O:1004]	COC(=O)/C=C/c1ccccc1	COC([O-])=CC(SC)c1ccccc1
Mol_05283	Mol_05283:atom20	ester	O=C(/C=C/c1ccc(O)c(O)c1)O[C@@H]1C[C@@](OC(=O)/C=C/c2ccc(O)c(O)c2)(C(=O)O)C[C@@H](O)[C@@H]1O	20;19;17;18	15;16;17;18;19;20;21;22;23;24;26;28	CO[C:1003](/[CH:1002]=[CH:1001]/c1ccccc1)=[O:1004]	COC(=O)/C=C/c1ccccc1	COC([O-])=CC(SC)c1ccccc1
Mol_05284	Mol_05284:atom5	ester	COc1cc(/C=C/C(=O)O[C@@H]2C[C@](O)(C(=O)O)C[C@@H](O)[C@H]2O)ccc1O	5;6;7;8	2;3;4;5;6;7;8;9;10;22;23;24	CO[C:1003](/[CH:1002]=[CH:1001]/c1ccccc1)=[O:1004]	COC(=O)/C=C/c1ccccc1	COC([O-])=CC(SC)c1ccccc1
Mol_05285	Mol_05285:atom3	ester	O=C(/C=C\C1=CC(=O)C(=O)C=C1)O[C@@H]1C[C@@](O)(C(=O)O)C[C@@H](O)[C@@H]1O	3;2;1;0	0;1;2;3;4;5;11;12;13	C=C(C)/[CH:1001]=[CH:1002]\[C:1003](OC)=[O:1004]	C=C(C)/C=C\C(=O)OC	C=C(C)C(C=C([O-])OC)SC
Mol_05292	Mol_05292:atom3	ester	O=C(/C=C/c1ccc(O)c(O)c1)OC1CC(O)(C(=O)O)CC(OC(=O)/C=C/c2ccc(O)c(O)c2)C1O	3;2;1;0	0;1;2;3;4;5;6;7;9;11;12;13	CO[C:1003](/[CH:1002]=[CH:1001]/c1ccccc1)=[O:1004]	COC(=O)/C=C/c1ccccc1	COC([O-])=CC(SC)c1ccccc1
Mol_05292	Mol_05292:atom26	ester	O=C(/C=C/c1ccc(O)c(O)c1)OC1CC(O)(C(=O)O)CC(OC(=O)/C=C/c2ccc(O)c(O)c2)C1O	26;25;23;24	21;22;23;24;25;26;27;28;29;30;32;34	CO[C:1003](/[CH:1002]=[CH:1001]/c1ccccc1)=[O:1004]	COC(=O)/C=C/c1ccccc1	COC([O-])=CC(SC)c1ccccc1
Mol_05293	Mol_05293:atom3	ester	O=C(/C=C/c1ccc(O)c(O)c1)O[C@@H]1C[C@](OC(=O)/C=C/c2ccc(O)c(O)c2)(C(=O)O)C[C@@H](O)[C@H]1O	3;2;1;0	0;1;2;3;4;5;6;7;9;11;12;13	CO[C:1003](/[CH:1002]=[CH:1001]/c1ccccc1)=[O:1004]	COC(=O)/C=C/c1ccccc1	COC([O-])=CC(SC)c1ccccc1
Mol_05293	Mol_05293:atom20	ester	O=C(/C=C/c1ccc(O)c(O)c1)O[C@@H]1C[C@](OC(=O)/C=C/c2ccc(O)c(O)c2)(C(=O)O)C[C@@H](O)[C@H]1O	20;19;17;18	15;16;17;18;19;20;21;22;23;24;26;28	CO[C:1003](/[CH:1002]=[CH:1001]/c1ccccc1)=[O:1004]	COC(=O)/C=C/c1ccccc1	COC([O-])=CC(SC)c1ccccc1
Mol_05297	Mol_05297:atom3	ester	O=C(/C=C/c1ccccc1)OC[C@H]1O[C@@H](Oc2cc(O)c3c(=O)cc(-c4ccc(O)cc4)oc3c2)[C@H](O)[C@@H](O)[C@@H]1O	3;2;1;0	0;1;2;3;4;5;6;7;8;9;10;11	CO[C:1003](/[CH:1002]=[CH:1001]/c1ccccc1)=[O:1004]	COC(=O)/C=C/c1ccccc1	COC([O-])=CC(SC)c1ccccc1
Mol_05330	Mol_05330:atom15	ester	CCCCCCCCCCCCC/C=C/C(O)=C(\O)C(=O)OO	15;17;19;20	13;14;15;16;17;18;19;20;21;22	C=C/[C:1001](O)=[C:1002](\O)[C:1003](OO)=[O:1004]	C=C/C(O)=C(\O)C(=O)OO	C=CC(O)(SC)C(O)=C([O-])OO
Mol_05332	Mol_05332:atom15	ester	CCCCCCCCCCCCCCC/C(O)=C(\O)C(=O)OO	15;17;19;20	13;14;15;16;17;18;19;20;21;22	CC/[C:1001](O)=[C:1002](\O)[C:1003](OO)=[O:1004]	CC/C(O)=C(\O)C(=O)OO	CCC(O)(SC)C(O)=C([O-])OO
Mol_05336	Mol_05336:atom11	ester	C=C1CCC[C@]2(C)CC[C@H]3C(=C)C(=O)O[C@@H]3[C@@H]12	11;10;12;13	8;9;10;11;12;13;14;15	C[C@@H]1CO[C:1003](=[O:1004])[C:1002]1=[CH2:1001]	C=C1C(=O)OC[C@H]1C	CSCC1=C([O-])OC[C@H]1C
Mol_05338	Mol_05338:atom8	ester	C=C1[C@@H]2[C@H]3OC(=O)C(=C)[C@@H]3CCC(=C)[C@@H]2C[C@@H]1OC(C)=O	8;7;5;6	3;4;5;6;7;8;9;10	C[C@@H]1CO[C:1003](=[O:1004])[C:1002]1=[CH2:1001]	C=C1C(=O)OC[C@H]1C	CSCC1=C([O-])OC[C@H]1C
Mol_05339	Mol_05339:atom8	ester	C=C1[C@@H]2[C@H]3OC(=O)C(=C)[C@@H]3CC[C@@](O)(CCl)[C@@H]2C[C@@H]1OC(C)=O	8;7;5;6	3;4;5;6;7;8;9;10	C[C@@H]1CO[C:1003](=[O:1004])[C:1002]1=[CH2:1001]	C=C1C(=O)OC[C@H]1C	CSCC1=C([O-])OC[C@H]1C
Mol_05340	Mol_05340:atom0	ester	C=C1C(=O)O[C@@H]2[C@H]3C(C)=CC[C@@H](O)[C@]3(C)CC[C@@H]12	0;1;2;3	0;1;2;3;4;5;16;17	C[C@@H]1CO[C:1003](=[O:1004])[C:1002]1=[CH2:1001]	C=C1C(=O)OC[C@H]1C	CSCC1=C([O-])OC[C@H]1C
Mol_05341	Mol_05341:atom0	ester	C=C1C(=O)O[C@@H]2[C@H]3C(=C)[C@@H](OC(C)=O)C[C@H]3C(=C)C[C@H](O)[C@@H]12	0;1;2;3	0;1;2;3;4;5;19;21	C[C@@H]1CO[C:1003](=[O:1004])[C:1002]1=[CH2:1001]	C=C1C(=O)OC[C@H]1C	CSCC1=C([O-])OC[C@H]1C
Mol_05360	Mol_05360:atom0	ester	C=C(C)C(=O)O[C@H]1CC(=C)[C@@H]2C[C@H](O)[C@@]3(CO3)[C@@H]2[C@H]2OC(=O)C(=C)[C@@H]21	0;1;3;4	0;1;2;3;4;5;6	CO[C:1003]([C:1002](C)=[CH2:1001])=[O:1004]	C=C(C)C(=O)OC	COC([O-])=C(C)CSC
Mol_05360	Mol_05360:atom23	ester	C=C(C)C(=O)O[C@H]1CC(=C)[C@@H]2C[C@H](O)[C@@]3(CO3)[C@@H]2[C@H]2OC(=O)C(=C)[C@@H]21	23;22;20;21	6;18;19;20;21;22;23;24	C[C@@H]1CO[C:1003](=[O:1004])[C:1002]1=[CH2:1001]	C=C1C(=O)OC[C@H]1C	CSCC1=C([O-])OC[C@H]1C
Mol_05361	Mol_05361:atom0	ester	C=C1C(=O)O[C@H]2[C@H]1[C@@H](OC(=O)C1(C)CO1)CC(=C)[C@@H]1C[C@H](O)[C@@]3(CO3)[C@H]21	0;1;2;3	0;1;2;3;4;5;6;7	C[C@@H]1CO[C:1003](=[O:1004])[C:1002]1=[CH2:1001]	C=C1C(=O)OC[C@H]1C	CSCC1=C([O-])OC[C@H]1C
Mol_05362	Mol_05362:atom0	ester	C=C1C(=O)O[C@H]2[C@H]1[C@@H](OC(=O)C(C)(O)CCl)CC(=C)[C@@H]1C[C@H](O)[C@@]3(CO3)[C@H]21	0;1;2;3	0;1;2;3;4;5;6;7	C[C@@H]1CO[C:1003](=[O:1004])[C:1002]1=[CH2:1001]	C=C1C(=O)OC[C@H]1C	CSCC1=C([O-])OC[C@H]1C
Mol_05363	Mol_05363:atom0	ester	C=C1C(=O)O[C@H]2[C@H]1[C@@H](OC(=O)[C@](C)(O)CCl)CC(=C)[C@@H]1C[C@H](O)[C@@]3(CO3)[C@H]21	0;1;2;3	0;1;2;3;4;5;6;7	C[C@@H]1CO[C:1003](=[O:1004])[C:1002]1=[CH2:1001]	C=C1C(=O)OC[C@H]1C	CSCC1=C([O-])OC[C@H]1C
Mol_05364	Mol_05364:atom0	ester	C=C(CO)C(=O)O[C@H]1CC(=C)[C@@H]2C[C@H](O)[C@]3(CO3)[C@@H]2[C@H]2OC(=O)C(=C)[C@@H]21	0;1;4;5	0;1;2;3;4;5;6;7	CO[C:1003]([C:1002](CO)=[CH2:1001])=[O:1004]	C=C(CO)C(=O)OC	COC([O-])=C(CO)CSC
Mol_05364	Mol_05364:atom24	ester	C=C(CO)C(=O)O[C@H]1CC(=C)[C@@H]2C[C@H](O)[C@]3(CO3)[C@@H]2[C@H]2OC(=O)C(=C)[C@@H]21	24;23;21;22	7;19;20;21;22;23;24;25	C[C@@H]1CO[C:1003](=[O:1004])[C:1002]1=[CH2:1001]	C=C1C(=O)OC[C@H]1C	CSCC1=C([O-])OC[C@H]1C
Mol_05365	Mol_05365:atom0	ester	C=C(C)C(=O)O[C@H]1CC(=C)[C@@H]2C[C@H](O)[C@](O)(CO)[C@@H]2[C@H]2OC(=O)C(=C)[C@@H]21	0;1;3;4	0;1;2;3;4;5;6	CO[C:1003]([C:1002](C)=[CH2:1001])=[O:1004]	C=C(C)C(=O)OC	COC([O-])=C(C)CSC
Mol_05365	Mol_05365:atom24	ester	C=C(C)C(=O)O[C@H]1CC(=C)[C@@H]2C[C@H](O)[C@](O)(CO)[C@@H]2[C@H]2OC(=O)C(=C)[C@@H]21	24;23;21;22	6;19;20;21;22;23;24;25	C[C@@H]1CO[C:1003](=[O:1004])[C:1002]1=[CH2:1001]	C=C1C(=O)OC[C@H]1C	CSCC1=C([O-])OC[C@H]1C
Mol_05369	Mol_05369:atom0	enone	C=C(CO)C(=O)CCC(C)=O	0;1;4;5	0;1;2;3;4;5;6;7	CC[C:1003]([C:1002](CO)=[CH2:1001])=[O:1004]	C=C(CO)C(=O)CC	CCC([O-])=C(CO)CSC
Mol_05377	Mol_05377:atom14	ester	C=C1CC(OC(=O)C(C)(O)CCl)C2C(=C)C(=O)OC2C2C1CC(O)C2(O)CCl	14;13;15;16	3;12;13;14;15;16;17;18	CC1CO[C:1003](=[O:1004])[C:1002]1=[CH2:1001]	C=C1C(=O)OCC1C	CSCC1=C([O-])OCC1C
Mol_05379	Mol_05379:atom0	ester	C=C1C(=O)O[C@@H]2[C@@H]1C[C@H](O)[C@](C)(O)CC/C=C(\C)CC/C=C(\C)[C@@H]2OC(C)=O	0;1;2;3	0;1;2;3;4;5;6;7	C[C@H]1CO[C:1003](=[O:1004])[C:1002]1=[CH2:1001]	C=C1C(=O)OC[C@@H]1C	CSCC1=C([O-])OC[C@@H]1C
Mol_05380	Mol_05380:atom0	ester	C=C1C(=O)O[C@@H]2/C=C(\CO)CC/C=C(\C)C[C@H](OC(=O)/C(C)=C\CO)C12	0;1;2;3	0;1;2;3;4;5;16;25	CC1CO[C:1003](=[O:1004])[C:1002]1=[CH2:1001]	C=C1C(=O)OCC1C	CSCC1=C([O-])OCC1C
Mol_05380	Mol_05380:atom22	ester	C=C1C(=O)O[C@@H]2/C=C(\CO)CC/C=C(\C)C[C@H](OC(=O)/C(C)=C\CO)C12	22;20;18;19	16;17;18;19;20;21;22;23;24	CO[C:1003](/[C:1002](C)=[CH:1001]\CO)=[O:1004]	COC(=O)/C(C)=C\CO	COC([O-])=C(C)C(CO)SC
Mol_05381	Mol_05381:atom0	ester	C=C1C(=O)O[C@@H]2/C=C(\CO)CC/C=C(\C)C[C@H](OC(=O)/C(=C/C)CO)C12	0;1;2;3	0;1;2;3;4;5;16;25	CC1CO[C:1003](=[O:1004])[C:1002]1=[CH2:1001]	C=C1C(=O)OCC1C	CSCC1=C([O-])OCC1C
Mol_05381	Mol_05381:atom21	ester	C=C1C(=O)O[C@@H]2/C=C(\CO)CC/C=C(\C)C[C@H](OC(=O)/C(=C/C)CO)C12	21;20;18;19	16;17;18;19;20;21;22;23;24	CO[C:1003](/[C:1002](CO)=[CH:1001]/C)=[O:1004]	C/C=C(\CO)C(=O)OC	COC([O-])=C(CO)C(C)SC
Mol_05382	Mol_05382:atom22	ester	C/C1=C\CC/C(CO)=C/[C@H]2OC(=O)[C@@H](C)C2[C@@H](OC(=O)/C(C)=C/CO)C1	22;20;18;19	16;17;18;19;20;21;22;23;24	CO[C:1003](/[C:1002](C)=[CH:1001]/CO)=[O:1004]	COC(=O)/C(C)=C/CO	COC([O-])=C(C)C(CO)SC
Mol_05383	Mol_05383:atom0	ester	C=C(CO)C(=O)O[C@H]1C/C(C)=C/CC/C(CO)=C/[C@H]2OC(=O)[C@@H](C)C12	0;1;4;5	0;1;2;3;4;5;6;7	CO[C:1003]([C:1002](CO)=[CH2:1001])=[O:1004]	C=C(CO)C(=O)OC	COC([O-])=C(CO)CSC
Mol_05388	Mol_05388:atom0	ester	C=C1C(=O)O[C@@H]2/C=C(\CO)CC/C=C(\C)C[C@H](O)[C@@H]12	0;1;2;3	0;1;2;3;4;5;16;18	C[C@@H]1CO[C:1003](=[O:1004])[C:1002]1=[CH2:1001]	C=C1C(=O)OC[C@H]1C	CSCC1=C([O-])OC[C@H]1C
Mol_05389	Mol_05389:atom0	ester	C=C1C(=O)O[C@@H]2/C=C(\CO)CC/C=C(\C)C[C@H](OC(=O)/C(C)=C\C)[C@@H]12	0;1;2;3	0;1;2;3;4;5;16;24	C[C@@H]1CO[C:1003](=[O:1004])[C:1002]1=[CH2:1001]	C=C1C(=O)OC[C@H]1C	CSCC1=C([O-])OC[C@H]1C
Mol_05389	Mol_05389:atom22	ester	C=C1C(=O)O[C@@H]2/C=C(\CO)CC/C=C(\C)C[C@H](OC(=O)/C(C)=C\C)[C@@H]12	22;20;18;19	16;17;18;19;20;21;22;23	CO[C:1003](/[C:1002](C)=[CH:1001]\C)=[O:1004]	C/C=C(/C)C(=O)OC	COC([O-])=C(C)C(C)SC
Mol_05392	Mol_05392:atom0	ester	C=C1C(=O)O[C@@H]2/C=C(\CO)CC/C=C(\C)C[C@@H](OC(=O)C(=C)[C@@H](O)COC(C)=O)[C@@H]12	0;1;2;3	0;1;2;3;4;5;16;29	C[C@@H]1CO[C:1003](=[O:1004])[C:1002]1=[CH2:1001]	C=C1C(=O)OC[C@H]1C	CSCC1=C([O-])OC[C@H]1C
Mol_05392	Mol_05392:atom21	ester	C=C1C(=O)O[C@@H]2/C=C(\CO)CC/C=C(\C)C[C@@H](OC(=O)C(=C)[C@@H](O)COC(C)=O)[C@@H]12	21;20;18;19	16;17;18;19;20;21;22;23;24	CO[C:1003]([C:1002]([C@H](C)O)=[CH2:1001])=[O:1004]	C=C(C(=O)OC)[C@H](C)O	COC([O-])=C(CSC)[C@H](C)O
Mol_05393	Mol_05393:atom0	ester	C=C(CO)C(=O)O[C@H]1C/C(C)=C\CC/C(CO)=C\[C@H]2OC(=O)C(=C)[C@H]12	0;1;4;5	0;1;2;3;4;5;6;7	CO[C:1003]([C:1002](CO)=[CH2:1001])=[O:1004]	C=C(CO)C(=O)OC	COC([O-])=C(CO)CSC
Mol_05393	Mol_05393:atom23	ester	C=C(CO)C(=O)O[C@H]1C/C(C)=C\CC/C(CO)=C\[C@H]2OC(=O)C(=C)[C@H]12	23;22;20;21	7;18;19;20;21;22;23;24	C[C@@H]1CO[C:1003](=[O:1004])[C:1002]1=[CH2:1001]	C=C1C(=O)OC[C@H]1C	CSCC1=C([O-])OC[C@H]1C
Mol_05404	Mol_05404:atom0	ester	C=C1C(=O)O[C@@H]2C3=C(C)CC[C@]3(C)[C@@](C)(O)CC[C@@H]12	0;1;2;3	0;1;2;3;4;5;17;18	C[C@@H]1CO[C:1003](=[O:1004])[C:1002]1=[CH2:1001]	C=C1C(=O)OC[C@H]1C	CSCC1=C([O-])OC[C@H]1C
Mol_05424	Mol_05424:atom4	enone	CC(=O)/C=C/[C@H]1C(C)=CCCC1(C)C	4;3;1;2	0;1;2;3;4;5;6;11	CC(C)/[CH:1001]=[CH:1002]/[C:1003](C)=[O:1004]	CC(=O)/C=C/C(C)C	CSC(C=C(C)[O-])C(C)C
Mol_05452	Mol_05452:atom3	ester	O=C(/C=C/c1ccc(O)c(O)c1)O[C@@H]1[C@H](O)C[C@@](O)(C(=O)O)C[C@H]1OC(=O)/C=C/c1ccc(O)c(O)c1	3;2;1;0	0;1;2;3;4;5;6;7;9;11;12;13	CO[C:1003](/[CH:1002]=[CH:1001]/c1ccccc1)=[O:1004]	COC(=O)/C=C/c1ccccc1	COC([O-])=CC(SC)c1ccccc1
Mol_05452	Mol_05452:atom28	ester	O=C(/C=C/c1ccc(O)c(O)c1)O[C@@H]1[C@H](O)C[C@@](O)(C(=O)O)C[C@H]1OC(=O)/C=C/c1ccc(O)c(O)c1	28;27;25;26	23;24;25;26;27;28;29;30;31;32;34;36	CO[C:1003](/[CH:1002]=[CH:1001]/c1ccccc1)=[O:1004]	COC(=O)/C=C/c1ccccc1	COC([O-])=CC(SC)c1ccccc1
Mol_05456	Mol_05456:atom3	ester	O=C(/C=C/c1ccc(O)c(O)c1)O[C@H]1[C@H](O)C[C@](O)(C(=O)O)C[C@H]1OC(=O)/C=C/c1ccc(O)c(O)c1	3;2;1;0	0;1;2;3;4;5;6;7;9;11;12;13	CO[C:1003](/[CH:1002]=[CH:1001]/c1ccccc1)=[O:1004]	COC(=O)/C=C/c1ccccc1	COC([O-])=CC(SC)c1ccccc1
Mol_05456	Mol_05456:atom28	ester	O=C(/C=C/c1ccc(O)c(O)c1)O[C@H]1[C@H](O)C[C@](O)(C(=O)O)C[C@H]1OC(=O)/C=C/c1ccc(O)c(O)c1	28;27;25;26	23;24;25;26;27;28;29;30;31;32;34;36	CO[C:1003](/[CH:1002]=[CH:1001]/c1ccccc1)=[O:1004]	COC(=O)/C=C/c1ccccc1	COC([O-])=CC(SC)c1ccccc1
Mol_05470	Mol_05470:atom3	ester	O=C(/C=C/c1ccc(O)c(O)c1)O[C@@H]1CC(O)(C(=O)O)C[C@@H](OC(=O)/C=C/c2ccc(O)c(O)c2)C1O	3;2;1;0	0;1;2;3;4;5;6;7;9;11;12;13	CO[C:1003](/[CH:1002]=[CH:1001]/c1ccccc1)=[O:1004]	COC(=O)/C=C/c1ccccc1	COC([O-])=CC(SC)c1ccccc1
Mol_05470	Mol_05470:atom26	ester	O=C(/C=C/c1ccc(O)c(O)c1)O[C@@H]1CC(O)(C(=O)O)C[C@@H](OC(=O)/C=C/c2ccc(O)c(O)c2)C1O	26;25;23;24	21;22;23;24;25;26;27;28;29;30;32;34	CO[C:1003](/[CH:1002]=[CH:1001]/c1ccccc1)=[O:1004]	COC(=O)/C=C/c1ccccc1	COC([O-])=CC(SC)c1ccccc1
Mol_05483	Mol_05483:atom5	ester	CC(=O)OC/C=C(/CO)C(=O)O[C@H]1C/C(C)=C/CC/C(CO)=C/[C@H]2OC(=O)[C@@H](C)[C@H]12	5;6;9;10	3;4;5;6;7;8;9;10;11;12	CO[C:1003](/[C:1002](CO)=[CH:1001]\CO)=[O:1004]	COC(=O)/C(=C\CO)CO	COC([O-])=C(CO)C(CO)SC
Mol_05484	Mol_05484:atom0	ester	C=C(CCO)C(=O)O[C@H]1C[C@]2(C)C([C@H](C=O)CC[C@H]2O)[C@H]2OC(=O)[C@@H](C)[C@H]12	0;1;5;6	0;1;2;3;5;6;7;8	CC[C:1002](=[CH2:1001])[C:1003](OC)=[O:1004]	C=C(CC)C(=O)OC	CCC(CSC)=C([O-])OC
Mol_05485	Mol_05485:atom0	ester	C=C(CCO)C(=O)O[C@H]1C[C@]2(C)C([C@H]3OC(=O)[C@@H](C)[C@H]13)[C@@H](C=O)CC[C@H]2O	0;1;5;6	0;1;2;3;5;6;7;8	CC[C:1002](=[CH2:1001])[C:1003](OC)=[O:1004]	C=C(CC)C(=O)OC	CCC(CSC)=C([O-])OC
Mol_05486	Mol_05486:atom26	ester	C=C1[C@H](O)CC[C@]2(C)CC[C@](O)(C(C)(C)OC3O[C@H](C)[C@H](OC(=O)/C(C)=C\C)[C@H](OC(C)=O)[C@H]3OC(=O)/C(C)=C\C)[C@H]3O[C@]132	26;24;22;23	20;21;22;23;24;25;26;27	CO[C:1003](/[C:1002](C)=[CH:1001]\C)=[O:1004]	C/C=C(/C)C(=O)OC	COC([O-])=C(C)C(C)SC
Mol_05486	Mol_05486:atom39	ester	C=C1[C@H](O)CC[C@]2(C)CC[C@](O)(C(C)(C)OC3O[C@H](C)[C@H](OC(=O)/C(C)=C\C)[C@H](OC(C)=O)[C@H]3OC(=O)/C(C)=C\C)[C@H]3O[C@]132	39;37;35;36	33;34;35;36;37;38;39;40	CO[C:1003](/[C:1002](C)=[CH:1001]\C)=[O:1004]	C/C=C(/C)C(=O)OC	COC([O-])=C(C)C(C)SC
Mol_05487	Mol_05487:atom26	ester	C=C1[C@H](O)CC[C@]2(C)CC[C@](O)(C(C)(C)OC3O[C@H](C)[C@H](OC(=O)/C(C)=C\C)[C@H](OC(=O)C(C)C)[C@H]3OC(=O)/C(C)=C\C)[C@H]3O[C@]132	26;24;22;23	20;21;22;23;24;25;26;27	CO[C:1003](/[C:1002](C)=[CH:1001]\C)=[O:1004]	C/C=C(/C)C(=O)OC	COC([O-])=C(C)C(C)SC
Mol_05487	Mol_05487:atom41	ester	C=C1[C@H](O)CC[C@]2(C)CC[C@](O)(C(C)(C)OC3O[C@H](C)[C@H](OC(=O)/C(C)=C\C)[C@H](OC(=O)C(C)C)[C@H]3OC(=O)/C(C)=C\C)[C@H]3O[C@]132	41;39;37;38	35;36;37;38;39;40;41;42	CO[C:1003](/[C:1002](C)=[CH:1001]\C)=[O:1004]	C/C=C(/C)C(=O)OC	COC([O-])=C(C)C(C)SC
Mol_05488	Mol_05488:atom26	ester	C=C1[C@H](O)CC[C@]2(C)CC[C@](O)(C(C)(C)OC3O[C@H](C)[C@H](OC(=O)/C(C)=C\C)[C@H](OC(=O)C(C)CC)[C@H]3OC(=O)/C(C)=C\C)[C@H]3O[C@]132	26;24;22;23	20;21;22;23;24;25;26;27	CO[C:1003](/[C:1002](C)=[CH:1001]\C)=[O:1004]	C/C=C(/C)C(=O)OC	COC([O-])=C(C)C(C)SC
Mol_05488	Mol_05488:atom42	ester	C=C1[C@H](O)CC[C@]2(C)CC[C@](O)(C(C)(C)OC3O[C@H](C)[C@H](OC(=O)/C(C)=C\C)[C@H](OC(=O)C(C)CC)[C@H]3OC(=O)/C(C)=C\C)[C@H]3O[C@]132	42;40;38;39	36;37;38;39;40;41;42;43	CO[C:1003](/[C:1002](C)=[CH:1001]\C)=[O:1004]	C/C=C(/C)C(=O)OC	COC([O-])=C(C)C(C)SC
Mol_05489	Mol_05489:atom1	ester	C/C=C(/C)C(=O)O[C@@H]1[C@H](OC(C)=O)[C@@H](OC(=O)/C(C)=C\C)C(OC(C)(C)[C@@]2(O)CC[C@@]3(C)CC[C@@H](O)C(COC(C)=O)=C3[C@@H]2O)O[C@@H]1C	1;2;4;5	0;1;2;3;4;5;6;7	CO[C:1003](/[C:1002](C)=[CH:1001]\C)=[O:1004]	C/C=C(/C)C(=O)OC	COC([O-])=C(C)C(C)SC
Mol_05489	Mol_05489:atom19	ester	C/C=C(/C)C(=O)O[C@@H]1[C@H](OC(C)=O)[C@@H](OC(=O)/C(C)=C\C)C(OC(C)(C)[C@@]2(O)CC[C@@]3(C)CC[C@@H](O)C(COC(C)=O)=C3[C@@H]2O)O[C@@H]1C	19;17;15;16	13;14;15;16;17;18;19;20	CO[C:1003](/[C:1002](C)=[CH:1001]\C)=[O:1004]	C/C=C(/C)C(=O)OC	COC([O-])=C(C)C(C)SC
Mol_05490	Mol_05490:atom29	ester	C=C1[C@H](OC(C)=O)CC[C@]2(C)CC[C@](O)(C(C)(C)OC3O[C@H](C)[C@H](OC(=O)/C(C)=C\C)[C@H](OC(C)=O)[C@H]3OC(=O)/C(C)=C\C)[C@H]3O[C@]132	29;27;25;26	23;24;25;26;27;28;29;30	CO[C:1003](/[C:1002](C)=[CH:1001]\C)=[O:1004]	C/C=C(/C)C(=O)OC	COC([O-])=C(C)C(C)SC
Mol_05490	Mol_05490:atom42	ester	C=C1[C@H](OC(C)=O)CC[C@]2(C)CC[C@](O)(C(C)(C)OC3O[C@H](C)[C@H](OC(=O)/C(C)=C\C)[C@H](OC(C)=O)[C@H]3OC(=O)/C(C)=C\C)[C@H]3O[C@]132	42;40;38;39	36;37;38;39;40;41;42;43	CO[C:1003](/[C:1002](C)=[CH:1001]\C)=[O:1004]	C/C=C(/C)C(=O)OC	COC([O-])=C(C)C(C)SC
Mol_05491	Mol_05491:atom1	enone	CC1=CC(=O)[C@H]([C@@H](C)CC[C@@H](O[C@@H]2O[C@H](C)[C@H](O)[C@H](O)[C@H]2O)C(C)C)CC1	1;2;3;4	0;1;2;3;4;5;6;25;26	C[C@@H]1CC[C:1001](C)=[CH:1002][C:1003]1=[O:1004]	CC1=CC(=O)[C@H](C)CC1	CSC1(C)C=C([O-])[C@H](C)CC1
Mol_05495	Mol_05495:atom6	ester	CC(=O)OCC1=C2[C@@H](OC(C)=O)/C=C(/C)[C@@H](O)CC/C(C)=C/[C@H]2OC1=O	6;5;24;25	3;4;5;6;7;8;12;21;22;23;24;25	C[C@H](O)[C:1001]1=[C:1002](CO)[C:1003](=[O:1004])O[C@@H]1C	C[C@H](O)C1=C(CO)C(=O)O[C@@H]1C	CSC1([C@H](C)O)C(CO)=C([O-])O[C@@H]1C
Mol_05496	Mol_05496:atom0	ester	C=C1C(=O)O[C@H]2CC(C)=C3CCC(=O)[C@@H]3[C@H](OC(C)=O)[C@H]12	0;1;2;3	0;1;2;3;4;5;15;20	C[C@H]1CO[C:1003](=[O:1004])[C:1002]1=[CH2:1001]	C=C1C(=O)OC[C@@H]1C	CSCC1=C([O-])OC[C@@H]1C
Mol_05503	Mol_05503:atom0	ester	C=C1C(=O)O[C@H]2C/C(C)=C/CC/C(C)=C/[C@H](OC(=O)/C(C)=C\C)[C@H]12	0;1;2;3	0;1;2;3;4;5;15;23	C[C@H]1CO[C:1003](=[O:1004])[C:1002]1=[CH2:1001]	C=C1C(=O)OC[C@@H]1C	CSCC1=C([O-])OC[C@@H]1C
Mol_05503	Mol_05503:atom21	ester	C=C1C(=O)O[C@H]2C/C(C)=C/CC/C(C)=C/[C@H](OC(=O)/C(C)=C\C)[C@H]12	21;19;17;18	15;16;17;18;19;20;21;22	CO[C:1003](/[C:1002](C)=[CH:1001]\C)=[O:1004]	C/C=C(/C)C(=O)OC	COC([O-])=C(C)C(C)SC
Mol_05504	Mol_05504:atom0	ester	C=C1C(=O)O[C@@H]2C[C@H](OC(=O)/C(C)=C\C)/C=C(\C)CC[C@@H](O)/C(C)=C/12	0;1;2;3	0;1;2;3;4;5;22;24	C=C1CO[C:1003](=[O:1004])[C:1002]1=[CH2:1001]	C=C1COC(=O)C1=C	C=C1COC([O-])=C1CSC
Mol_05504	Mol_05504:atom13	ester	C=C1C(=O)O[C@@H]2C[C@H](OC(=O)/C(C)=C\C)/C=C(\C)CC[C@@H](O)/C(C)=C/12	13;11;9;10	7;8;9;10;11;12;13;14	CO[C:1003](/[C:1002](C)=[CH:1001]\C)=[O:1004]	C/C=C(/C)C(=O)OC	COC([O-])=C(C)C(C)SC
Mol_05517	Mol_05517:atom0	ester	C=C1C(=O)O[C@@H]2[C@H]3C(C)=CC[C@H]3[C@](C)(O)C[C@H](OC(C)=O)[C@@H]12	0;1;2;3	0;1;2;3;4;5;16;21	C[C@@H]1CO[C:1003](=[O:1004])[C:1002]1=[CH2:1001]	C=C1C(=O)OC[C@H]1C	CSCC1=C([O-])OC[C@H]1C
Mol_05518	Mol_05518:atom0	ester	C=C(C)C(=O)O[C@H]1CC(=C)[C@@H]2C[C@H](O)C(=C)[C@@H]2[C@H]2OC(=O)C(=C)[C@@H]21	0;1;3;4	0;1;2;3;4;5;6	CO[C:1003]([C:1002](C)=[CH2:1001])=[O:1004]	C=C(C)C(=O)OC	COC([O-])=C(C)CSC
Mol_05518	Mol_05518:atom22	ester	C=C(C)C(=O)O[C@H]1CC(=C)[C@@H]2C[C@H](O)C(=C)[C@@H]2[C@H]2OC(=O)C(=C)[C@@H]21	22;21;19;20	6;17;18;19;20;21;22;23	C[C@@H]1CO[C:1003](=[O:1004])[C:1002]1=[CH2:1001]	C=C1C(=O)OC[C@H]1C	CSCC1=C([O-])OC[C@H]1C
Mol_05520	Mol_05520:atom0	ester	C=C(C)C(=O)O[C@H]1CC(=C)[C@@H]2C[C@H](O)[C@](O)(CCl)[C@@H]2[C@H]2OC(=O)C(=C)[C@@H]21	0;1;3;4	0;1;2;3;4;5;6	CO[C:1003]([C:1002](C)=[CH2:1001])=[O:1004]	C=C(C)C(=O)OC	COC([O-])=C(C)CSC
Mol_05520	Mol_05520:atom24	ester	C=C(C)C(=O)O[C@H]1CC(=C)[C@@H]2C[C@H](O)[C@](O)(CCl)[C@@H]2[C@H]2OC(=O)C(=C)[C@@H]21	24;23;21;22	6;19;20;21;22;23;24;25	C[C@@H]1CO[C:1003](=[O:1004])[C:1002]1=[CH2:1001]	C=C1C(=O)OC[C@H]1C	CSCC1=C([O-])OC[C@H]1C
Mol_05522	Mol_05522:atom0	ester	C=C1C(=O)O[C@@H]2[C@H]1[C@@H](OC(=O)[C@](C)(O)CCl)CC(=C)[C@@H]1C[C@@H](O)[C@](O)(CCl)[C@H]21	0;1;2;3	0;1;2;3;4;5;6;7	C[C@@H]1CO[C:1003](=[O:1004])[C:1002]1=[CH2:1001]	C=C1C(=O)OC[C@H]1C	CSCC1=C([O-])OC[C@H]1C
Mol_05523	Mol_05523:atom0	ester	C=C(CO)C(=O)O[C@H]1CC(=C)[C@@H]2C[C@H](O)[C@](O)(CCl)[C@@H]2[C@H]2OC(=O)C(=C)[C@@H]21	0;1;4;5	0;1;2;3;4;5;6;7	CO[C:1003]([C:1002](CO)=[CH2:1001])=[O:1004]	C=C(CO)C(=O)OC	COC([O-])=C(CO)CSC
Mol_05523	Mol_05523:atom25	ester	C=C(CO)C(=O)O[C@H]1CC(=C)[C@@H]2C[C@H](O)[C@](O)(CCl)[C@@H]2[C@H]2OC(=O)C(=C)[C@@H]21	25;24;22;23	7;20;21;22;23;24;25;26	C[C@@H]1CO[C:1003](=[O:1004])[C:1002]1=[CH2:1001]	C=C1C(=O)OC[C@H]1C	CSCC1=C([O-])OC[C@H]1C
Mol_05524	Mol_05524:atom0	ester	C=C1C(=O)O[C@H]2[C@H]1[C@@H](CC(=O)[C@@](C)(CCl)OC(C)=O)CC(=C)[C@@H]1C[C@H](OC(C)=O)C(=C)[C@H]21	0;1;2;3	0;1;2;3;4;5;6;7	C[C@@H]1CO[C:1003](=[O:1004])[C:1002]1=[CH2:1001]	C=C1C(=O)OC[C@H]1C	CSCC1=C([O-])OC[C@H]1C
Mol_05525	Mol_05525:atom0	ester	C=C1C(=O)O[C@H]2[C@H]1[C@@H](OC(=O)C1(C)CO1)CC(=C)[C@@H]1C[C@H](OC(C)=O)[C@@]3(CO3)[C@H]21	0;1;2;3	0;1;2;3;4;5;6;7	C[C@@H]1CO[C:1003](=[O:1004])[C:1002]1=[CH2:1001]	C=C1C(=O)OC[C@H]1C	CSCC1=C([O-])OC[C@H]1C
Mol_05526	Mol_05526:atom0	ester	C=C(COC(C)=O)C(=O)O[C@H]1CC(=C)[C@@H]2C[C@H](OC(C)=O)C(=C)[C@@H]2[C@H]2OC(=O)C(=C)[C@@H]21	0;1;7;8	0;1;2;3;7;8;9;10	CO[C:1003]([C:1002](CO)=[CH2:1001])=[O:1004]	C=C(CO)C(=O)OC	COC([O-])=C(CO)CSC
Mol_05526	Mol_05526:atom29	ester	C=C(COC(C)=O)C(=O)O[C@H]1CC(=C)[C@@H]2C[C@H](OC(C)=O)C(=C)[C@@H]2[C@H]2OC(=O)C(=C)[C@@H]21	29;28;26;27	10;24;25;26;27;28;29;30	C[C@@H]1CO[C:1003](=[O:1004])[C:1002]1=[CH2:1001]	C=C1C(=O)OC[C@H]1C	CSCC1=C([O-])OC[C@H]1C
Mol_05527	Mol_05527:atom0	enone	C=C(COC(C)=O)C(=O)C[C@H]1CC(=C)[C@@H]2C[C@H](OC(C)=O)[C@]3(CO3)[C@@H]2[C@H]2OC(=O)C(=C)[C@H]12	0;1;7;8	0;1;2;3;7;8;9;10	CC[C:1003]([C:1002](CO)=[CH2:1001])=[O:1004]	C=C(CO)C(=O)CC	CCC([O-])=C(CO)CSC
Mol_05527	Mol_05527:atom30	ester	C=C(COC(C)=O)C(=O)C[C@H]1CC(=C)[C@@H]2C[C@H](OC(C)=O)[C@]3(CO3)[C@@H]2[C@H]2OC(=O)C(=C)[C@H]12	30;29;27;28	10;25;26;27;28;29;30;31	C[C@@H]1CO[C:1003](=[O:1004])[C:1002]1=[CH2:1001]	C=C1C(=O)OC[C@H]1C	CSCC1=C([O-])OC[C@H]1C
Mol_05529	Mol_05529:atom0	ester	C=C(C)C(=O)O[C@H]1C/C(C)=C/CC/C(CO)=C/[C@H]2OC(=O)C(=C)[C@H]12	0;1;3;4	0;1;2;3;4;5;6	CO[C:1003]([C:1002](C)=[CH2:1001])=[O:1004]	C=C(C)C(=O)OC	COC([O-])=C(C)CSC
Mol_05529	Mol_05529:atom22	ester	C=C(C)C(=O)O[C@H]1C/C(C)=C/CC/C(CO)=C/[C@H]2OC(=O)C(=C)[C@H]12	22;21;19;20	6;17;18;19;20;21;22;23	C[C@@H]1CO[C:1003](=[O:1004])[C:1002]1=[CH2:1001]	C=C1C(=O)OC[C@H]1C	CSCC1=C([O-])OC[C@H]1C
Mol_05530	Mol_05530:atom0	ester	C=C1C(=O)O[C@@H]2/C=C(\CO)CC/C=C(\C)C[C@H](OC(=O)C(C)C)[C@@H]12	0;1;2;3	0;1;2;3;4;5;16;23	C[C@@H]1CO[C:1003](=[O:1004])[C:1002]1=[CH2:1001]	C=C1C(=O)OC[C@H]1C	CSCC1=C([O-])OC[C@H]1C
Mol_05532	Mol_05532:atom0	ester	C=C1C(=O)O[C@@H]2/C=C(\CO)CC/C=C(\C)C[C@H](OC(=O)/C(=C/C)CO)[C@@H]12	0;1;2;3	0;1;2;3;4;5;16;25	C[C@@H]1CO[C:1003](=[O:1004])[C:1002]1=[CH2:1001]	C=C1C(=O)OC[C@H]1C	CSCC1=C([O-])OC[C@H]1C
Mol_05532	Mol_05532:atom21	ester	C=C1C(=O)O[C@@H]2/C=C(\CO)CC/C=C(\C)C[C@H](OC(=O)/C(=C/C)CO)[C@@H]12	21;20;18;19	16;17;18;19;20;21;22;23;24	CO[C:1003](/[C:1002](CO)=[CH:1001]/C)=[O:1004]	C/C=C(\CO)C(=O)OC	COC([O-])=C(CO)C(C)SC
Mol_05533	Mol_05533:atom10	ester	C=C[C@@]1(C)CC(OC(=O)C(=C)CO)[C@H]2C(=C)C(=O)O[C@@H]2[C@@H]1C(=C)CO	10;9;7;8	5;6;7;8;9;10;11;12	CO[C:1003]([C:1002](CO)=[CH2:1001])=[O:1004]	C=C(CO)C(=O)OC	COC([O-])=C(CO)CSC
Mol_05533	Mol_05533:atom15	ester	C=C[C@@]1(C)CC(OC(=O)C(=C)CO)[C@H]2C(=C)C(=O)O[C@@H]2[C@@H]1C(=C)CO	15;14;16;17	5;13;14;15;16;17;18;19	C[C@@H]1CO[C:1003](=[O:1004])[C:1002]1=[CH2:1001]	C=C1C(=O)OC[C@H]1C	CSCC1=C([O-])OC[C@H]1C
Mol_05534	Mol_05534:atom10	ester	C=C[C@]1(C)C[C@H](OC(=O)C(=C)CO)[C@@H](C(=C)C(=O)OC)[C@H](O)[C@H]1C(=C)CO	10;9;7;8	5;6;7;8;9;10;11;12	CO[C:1003]([C:1002](CO)=[CH2:1001])=[O:1004]	C=C(CO)C(=O)OC	COC([O-])=C(CO)CSC
Mol_05534	Mol_05534:atom15	ester	C=C[C@]1(C)C[C@H](OC(=O)C(=C)CO)[C@@H](C(=C)C(=O)OC)[C@H](O)[C@H]1C(=C)CO	15;14;16;17	5;13;14;15;16;17;18;19;20	CO[C:1003]([C:1002](C(C)C)=[CH2:1001])=[O:1004]	C=C(C(=O)OC)C(C)C	COC([O-])=C(CSC)C(C)C
Mol_05537	Mol_05537:atom0	enone	C=C1C(=O)C=C[C@]2(C)CC[C@@H](C(=C)C(=O)O)CC12	0;1;2;3	0;1;2;3;4;5;6;16;17	CC1CC=C[C:1003](=[O:1004])[C:1002]1=[CH2:1001]	C=C1C(=O)C=CCC1C	CSCC1=C([O-])C=CCC1C
Mol_05537	Mol_05537:atom5	enone	C=C1C(=O)C=C[C@]2(C)CC[C@@H](C(=C)C(=O)O)CC12	5;4;2;3	0;1;2;3;4;5;6;7;8;17	C=C1CC(C)(C)[CH:1001]=[CH:1002][C:1003]1=[O:1004]	C=C1CC(C)(C)C=CC1=O	C=C1CC(C)(C)C(SC)C=C1[O-]
Mol_05539	Mol_05539:atom0	ester	C=C1C(=O)O[C@@H]2[C@H]3[C@H](C=O)CC[C@@H](O)[C@]3(C)CC[C@@H]12	0;1;2;3	0;1;2;3;4;5;17;18	C[C@@H]1CO[C:1003](=[O:1004])[C:1002]1=[CH2:1001]	C=C1C(=O)OC[C@H]1C	CSCC1=C([O-])OC[C@H]1C
Mol_05541	Mol_05541:atom12	ester	C=C1CC[C@H]2C(=C)C[C@H](O)[C@H]3C(=C)C(=O)O[C@@H]3[C@@H]12	12;11;13;14	8;10;11;12;13;14;15;16	C[C@@H]1CO[C:1003](=[O:1004])[C:1002]1=[CH2:1001]	C=C1C(=O)OC[C@H]1C	CSCC1=C([O-])OC[C@H]1C
Mol_05542	Mol_05542:atom0	ester	C=C1C(=O)O[C@@H]2[C@H]3C(=C)[C@@H](O)C[C@H]3C(=C)C[C@H](OC(=O)C(C)C)[C@@H]12	0;1;2;3	0;1;2;3;4;5;16;23	C[C@@H]1CO[C:1003](=[O:1004])[C:1002]1=[CH2:1001]	C=C1C(=O)OC[C@H]1C	CSCC1=C([O-])OC[C@H]1C
Mol_05544	Mol_05544:atom8	ester	C=C1[C@@H]2C3OC(=O)C(=C)[C@@H]3[C@@H](O)CC(=C)[C@@H]2C[C@@H]1O	8;7;5;6	3;4;5;6;7;8;9;10	C[C@@H]1CO[C:1003](=[O:1004])[C:1002]1=[CH2:1001]	C=C1C(=O)OC[C@H]1C	CSCC1=C([O-])OC[C@H]1C
Mol_05546	Mol_05546:atom0	ester	C=C1C(=O)O[C@@H]2[C@H]3C(=C)[C@@H](O)C[C@H]3C(=C)C[C@H](OC(=O)C(C)CO)[C@@H]12	0;1;2;3	0;1;2;3;4;5;16;24	C[C@@H]1CO[C:1003](=[O:1004])[C:1002]1=[CH2:1001]	C=C1C(=O)OC[C@H]1C	CSCC1=C([O-])OC[C@H]1C
Mol_05548	Mol_05548:atom0	ester	C=C(C)C(=O)O[C@H]1CC(=C)[C@@H]2C[C@H](O)C(=C)[C@@H]2[C@H]2OC(=O)[C@@H](C)[C@@H]21	0;1;3;4	0;1;2;3;4;5;6	CO[C:1003]([C:1002](C)=[CH2:1001])=[O:1004]	C=C(C)C(=O)OC	COC([O-])=C(C)CSC
Mol_05549	Mol_05549:atom0	ester	C=C(CO)C(=O)O[C@H]1CC(=C)[C@@H]2C[C@H](O)C(=C)[C@@H]2[C@H]2OC(=O)[C@H](C)[C@@H]21	0;1;4;5	0;1;2;3;4;5;6;7	CO[C:1003]([C:1002](CO)=[CH2:1001])=[O:1004]	C=C(CO)C(=O)OC	COC([O-])=C(CO)CSC
Mol_05572	Mol_05572:atom0	ester	C=C1C(=O)O[C@@H]2C3[C@H](C=O)CCC[C@]3(C)C[C@H](OC(=O)/C(=C\C)CO)[C@@H]12	0;1;2;3	0;1;2;3;4;5;16;25	C[C@@H]1CO[C:1003](=[O:1004])[C:1002]1=[CH2:1001]	C=C1C(=O)OC[C@H]1C	CSCC1=C([O-])OC[C@H]1C
Mol_05572	Mol_05572:atom21	ester	C=C1C(=O)O[C@@H]2C3[C@H](C=O)CCC[C@]3(C)C[C@H](OC(=O)/C(=C\C)CO)[C@@H]12	21;20;18;19	16;17;18;19;20;21;22;23;24	CO[C:1003](/[C:1002](CO)=[CH:1001]\C)=[O:1004]	C/C=C(/CO)C(=O)OC	COC([O-])=C(CO)C(C)SC
Mol_05578	Mol_05578:atom5	ester	COc1cc(/C=C2/C(=O)OC[C@@H]2Cc2ccc(OC)c(OC)c2)ccc1O	5;6;7;8	2;3;4;5;6;7;8;9;10;11;12;23;24;25	C[C@H]1CO[C:1003](=[O:1004])/[C:1002]1=[CH:1001]/c1ccccc1	C[C@H]1COC(=O)/C1=C/c1ccccc1	CSC(C1=C([O-])OC[C@@H]1C)c1ccccc1
Mol_05586	Mol_05586:atom0	ester	C=C1C(=O)O[C@H]2[C@H]1[C@@H](OC(=O)/C(C)=C/C=O)CC(=C)[C@@H]1C[C@H](O)[C@](O)(CCl)[C@H]21	0;1;2;3	0;1;2;3;4;5;6;7	C[C@@H]1CO[C:1003](=[O:1004])[C:1002]1=[CH2:1001]	C=C1C(=O)OC[C@H]1C	CSCC1=C([O-])OC[C@H]1C
Mol_05586	Mol_05586:atom11	enal	C=C1C(=O)O[C@H]2[C@H]1[C@@H](OC(=O)/C(C)=C/C=O)CC(=C)[C@@H]1C[C@H](O)[C@](O)(CCl)[C@H]21	11;13;14;15	8;9;10;11;12;13;14;15	C/[C:1001](C(=O)O)=[CH:1002]\[CH:1003]=[O:1004]	C/C(=C\C=O)C(=O)O	CSC(C)(C=C[O-])C(=O)O
Mol_05586	Mol_05586:atom13	ester	C=C1C(=O)O[C@H]2[C@H]1[C@@H](OC(=O)/C(C)=C/C=O)CC(=C)[C@@H]1C[C@H](O)[C@](O)(CCl)[C@H]21	13;11;9;10	7;8;9;10;11;12;13;14;15	CO[C:1003](/[C:1002](C)=[CH:1001]/C=O)=[O:1004]	COC(=O)/C(C)=C/C=O	COC([O-])=C(C)C(C=O)SC
Mol_05587	Mol_05587:atom0	ester	C=C1C(=O)O[C@H]2[C@H]1[C@@H](OC(=O)/C(=C/C)CO)CC(=C)[C@@H]1C[C@H](O)[C@](O)(CCl)[C@H]21	0;1;2;3	0;1;2;3;4;5;6;7	C[C@@H]1CO[C:1003](=[O:1004])[C:1002]1=[CH2:1001]	C=C1C(=O)OC[C@H]1C	CSCC1=C([O-])OC[C@H]1C
Mol_05587	Mol_05587:atom12	ester	C=C1C(=O)O[C@H]2[C@H]1[C@@H](OC(=O)/C(=C/C)CO)CC(=C)[C@@H]1C[C@H](O)[C@](O)(CCl)[C@H]21	12;11;9;10	7;8;9;10;11;12;13;14;15	CO[C:1003](/[C:1002](CO)=[CH:1001]/C)=[O:1004]	C/C=C(\CO)C(=O)OC	COC([O-])=C(CO)C(C)SC
Mol_05588	Mol_05588:atom0	ester	C=C1C(=O)O[C@@H]2[C@H]3C(=C)[C@@H](OC(=O)c4ccccc4)C[C@H]3C(=C)C[C@H](O)[C@@H]12	0;1;2;3	0;1;2;3;4;5;24;26	C[C@@H]1CO[C:1003](=[O:1004])[C:1002]1=[CH2:1001]	C=C1C(=O)OC[C@H]1C	CSCC1=C([O-])OC[C@H]1C
Mol_05596	Mol_05596:atom0	ester	C=C1C(=O)O[C@@H]2[C@H]3C(=C)[C@@H](OC(=O)/C=C/CO)C[C@H]3C(=C)C[C@H](OC(=O)/C(C)=C/CO)[C@@H]12	0;1;2;3	0;1;2;3;4;5;22;31	C[C@@H]1CO[C:1003](=[O:1004])[C:1002]1=[CH2:1001]	C=C1C(=O)OC[C@H]1C	CSCC1=C([O-])OC[C@H]1C
Mol_05596	Mol_05596:atom14	ester	C=C1C(=O)O[C@@H]2[C@H]3C(=C)[C@@H](OC(=O)/C=C/CO)C[C@H]3C(=C)C[C@H](OC(=O)/C(C)=C/CO)[C@@H]12	14;13;11;12	9;10;11;12;13;14;15;16	CO[C:1003](/[CH:1002]=[CH:1001]/CO)=[O:1004]	COC(=O)/C=C/CO	COC([O-])=CC(CO)SC
Mol_05596	Mol_05596:atom28	ester	C=C1C(=O)O[C@@H]2[C@H]3C(=C)[C@@H](OC(=O)/C=C/CO)C[C@H]3C(=C)C[C@H](OC(=O)/C(C)=C/CO)[C@@H]12	28;26;24;25	22;23;24;25;26;27;28;29;30	CO[C:1003](/[C:1002](C)=[CH:1001]/CO)=[O:1004]	COC(=O)/C(C)=C/CO	COC([O-])=C(C)C(CO)SC
Mol_05597	Mol_05597:atom0	ester	C=C1C(=O)O[C@@H]2[C@H]3C(=C)[C@@H](O)C[C@H]3C(=C)C[C@H](OC(=O)/C(C)=C/CO)[C@@H]12	0;1;2;3	0;1;2;3;4;5;16;25	C[C@@H]1CO[C:1003](=[O:1004])[C:1002]1=[CH2:1001]	C=C1C(=O)OC[C@H]1C	CSCC1=C([O-])OC[C@H]1C
Mol_05597	Mol_05597:atom22	ester	C=C1C(=O)O[C@@H]2[C@H]3C(=C)[C@@H](O)C[C@H]3C(=C)C[C@H](OC(=O)/C(C)=C/CO)[C@@H]12	22;20;18;19	16;17;18;19;20;21;22;23;24	CO[C:1003](/[C:1002](C)=[CH:1001]/CO)=[O:1004]	COC(=O)/C(C)=C/CO	COC([O-])=C(C)C(CO)SC
Mol_05598	Mol_05598:atom0	ester	C=C1C(=O)O[C@H]2[C@H]1[C@@H](OC(=O)/C(C)=C/CO)CC(=C)[C@@H]1C[C@H](O)[C@]3(CO3)[C@H]21	0;1;2;3	0;1;2;3;4;5;6;7	C[C@@H]1CO[C:1003](=[O:1004])[C:1002]1=[CH2:1001]	C=C1C(=O)OC[C@H]1C	CSCC1=C([O-])OC[C@H]1C
Mol_05598	Mol_05598:atom13	ester	C=C1C(=O)O[C@H]2[C@H]1[C@@H](OC(=O)/C(C)=C/CO)CC(=C)[C@@H]1C[C@H](O)[C@]3(CO3)[C@H]21	13;11;9;10	7;8;9;10;11;12;13;14;15	CO[C:1003](/[C:1002](C)=[CH:1001]/CO)=[O:1004]	COC(=O)/C(C)=C/CO	COC([O-])=C(C)C(CO)SC
Mol_05599	Mol_05599:atom0	ester	C=C1C(=O)O[C@H]2[C@H]1[C@@H](O)CC(=C)[C@@H]1C[C@H](O)[C@]3(CO3)[C@H]21	0;1;2;3	0;1;2;3;4;5;6;7	C[C@@H]1CO[C:1003](=[O:1004])[C:1002]1=[CH2:1001]	C=C1C(=O)OC[C@H]1C	CSCC1=C([O-])OC[C@H]1C
Mol_05600	Mol_05600:atom0	ester	C=C1C(=O)O[C@@H]2[C@H]3C(=C)[C@@H](O)C[C@H]3C(=C)C[C@H](OC(=O)/C(C)=C/C)[C@@H]12	0;1;2;3	0;1;2;3;4;5;16;24	C[C@@H]1CO[C:1003](=[O:1004])[C:1002]1=[CH2:1001]	C=C1C(=O)OC[C@H]1C	CSCC1=C([O-])OC[C@H]1C
Mol_05600	Mol_05600:atom22	ester	C=C1C(=O)O[C@@H]2[C@H]3C(=C)[C@@H](O)C[C@H]3C(=C)C[C@H](OC(=O)/C(C)=C/C)[C@@H]12	22;20;18;19	16;17;18;19;20;21;22;23	CO[C:1003](/[C:1002](C)=[CH:1001]/C)=[O:1004]	C/C=C(\C)C(=O)OC	COC([O-])=C(C)C(C)SC
Mol_05601	Mol_05601:atom0	ester	C=C1C(=O)O[C@H]2[C@H]1[C@@H](OC(=O)/C(C)=C/CO)CC(=C)[C@@H]1C[C@H](O)[C@](O)(CCl)[C@H]21	0;1;2;3	0;1;2;3;4;5;6;7	C[C@@H]1CO[C:1003](=[O:1004])[C:1002]1=[CH2:1001]	C=C1C(=O)OC[C@H]1C	CSCC1=C([O-])OC[C@H]1C
Mol_05601	Mol_05601:atom13	ester	C=C1C(=O)O[C@H]2[C@H]1[C@@H](OC(=O)/C(C)=C/CO)CC(=C)[C@@H]1C[C@H](O)[C@](O)(CCl)[C@H]21	13;11;9;10	7;8;9;10;11;12;13;14;15	CO[C:1003](/[C:1002](C)=[CH:1001]/CO)=[O:1004]	COC(=O)/C(C)=C/CO	COC([O-])=C(C)C(CO)SC
Mol_05602	Mol_05602:atom0	ester	C=C1C(=O)O[C@H]2[C@H]1[C@@H](OC(=O)[C@](C)(O)CCl)CC(=C)[C@@H]1C[C@@H](O)[C@](O)(CCl)[C@H]21	0;1;2;3	0;1;2;3;4;5;6;7	C[C@@H]1CO[C:1003](=[O:1004])[C:1002]1=[CH2:1001]	C=C1C(=O)OC[C@H]1C	CSCC1=C([O-])OC[C@H]1C
Mol_05605	Mol_05605:atom0	ester	C=C1C(=O)O[C@H]2[C@H]1[C@@H](O)CC(=C)[C@@H]1C[C@H](O)[C@](O)(CCl)[C@H]21	0;1;2;3	0;1;2;3;4;5;6;7	C[C@@H]1CO[C:1003](=[O:1004])[C:1002]1=[CH2:1001]	C=C1C(=O)OC[C@H]1C	CSCC1=C([O-])OC[C@H]1C
Mol_05615	Mol_05615:atom0	ester	C=C(C(=O)OC)[C@@H]1CC[C@@]2(C)CC[C@@H](O)[C@@H](O)[C@@H]2C1	0;1;2;3	0;1;2;3;4;5;6;7;18	CO[C:1003]([C:1002](C(C)C)=[CH2:1001])=[O:1004]	C=C(C(=O)OC)C(C)C	COC([O-])=C(CSC)C(C)C
Mol_05622	Mol_05622:atom0	ester	C=C1C(=O)O[C@@H]2C[C@H](C)C([C@@H](O)C(C)=O)=CC[C@H]12	0;1;2;3	0;1;2;3;4;5;16;17	C[C@H]1CO[C:1003](=[O:1004])[C:1002]1=[CH2:1001]	C=C1C(=O)OC[C@@H]1C	CSCC1=C([O-])OC[C@@H]1C
Mol_05623	Mol_05623:atom0	ester	C=C1C(=O)O[C@H]2C=C(C)[C@@H]3CC[C@](C)(O)[C@@H]3C[C@H]12	0;1;2;3	0;1;2;3;4;5;16;17	C[C@H]1CO[C:1003](=[O:1004])[C:1002]1=[CH2:1001]	C=C1C(=O)OC[C@@H]1C	CSCC1=C([O-])OC[C@@H]1C
Mol_05624	Mol_05624:atom0	ester	C=C1C(=O)O[C@H]2C[C@@H](C)[C@@H]3C=CC(=O)[C@@]3(C)[C@@H](O)[C@H]12	0;1;2;3	0;1;2;3;4;5;16;18	C[C@H]1CO[C:1003](=[O:1004])[C:1002]1=[CH2:1001]	C=C1C(=O)OC[C@@H]1C	CSCC1=C([O-])OC[C@@H]1C
Mol_05624	Mol_05624:atom10	enone	C=C1C(=O)O[C@H]2C[C@@H](C)[C@@H]3C=CC(=O)[C@@]3(C)[C@@H](O)[C@H]12	10;11;12;13	7;9;10;11;12;13;14;15;16	C[C@H]1C(C)(C)[C:1003](=[O:1004])[CH:1002]=[CH:1001]1	C[C@@H]1C=CC(=O)C1(C)C	CSC1C=C([O-])C(C)(C)[C@@H]1C
Mol_05625	Mol_05625:atom0	ester	C=C1C(=O)O[C@H]2C[C@@H](C)[C@@H]3C=CC(=O)[C@@]3(C)[C@@H](OC(C)=O)[C@H]12	0;1;2;3	0;1;2;3;4;5;16;21	C[C@H]1CO[C:1003](=[O:1004])[C:1002]1=[CH2:1001]	C=C1C(=O)OC[C@@H]1C	CSCC1=C([O-])OC[C@@H]1C
Mol_05625	Mol_05625:atom10	enone	C=C1C(=O)O[C@H]2C[C@@H](C)[C@@H]3C=CC(=O)[C@@]3(C)[C@@H](OC(C)=O)[C@H]12	10;11;12;13	7;9;10;11;12;13;14;15;16	C[C@H]1C(C)(C)[C:1003](=[O:1004])[CH:1002]=[CH:1001]1	C[C@@H]1C=CC(=O)C1(C)C	CSC1C=C([O-])C(C)(C)[C@@H]1C
Mol_05628	Mol_05628:atom0	ester	C=C(C(=O)OC)[C@@H]1CC[C@@]2(C)CC[C@@H](OC(C)=O)[C@@](C)(O)[C@@H]2C1	0;1;2;3	0;1;2;3;4;5;6;7;22	CO[C:1003]([C:1002](C(C)C)=[CH2:1001])=[O:1004]	C=C(C(=O)OC)C(C)C	COC([O-])=C(CSC)C(C)C
Mol_05632	Mol_05632:atom6	enone	CC(=O)CCC1=C(C)C[C@H]2OC(=O)[C@H](C)[C@H]2CC1=O	6;5;17;18	3;4;5;6;7;8;9;15;16;17;18	CC[C:1002]1=[C:1001](C)CCCC[C:1003]1=[O:1004]	CCC1=C(C)CCCCC1=O	CCC1=C([O-])CCCCC1(C)SC
Mol_05633	Mol_05633:atom0	ester	C=C1C(=O)O[C@@H]2C[C@H](C)[C@]3(/C=C/C(C)=O)O[C@@H]3C[C@H]12	0;1;2;3	0;1;2;3;4;5;17;18	C[C@H]1CO[C:1003](=[O:1004])[C:1002]1=[CH2:1001]	C=C1C(=O)OC[C@@H]1C	CSCC1=C([O-])OC[C@@H]1C
Mol_05633	Mol_05633:atom10	enone	C=C1C(=O)O[C@@H]2C[C@H](C)[C@]3(/C=C/C(C)=O)O[C@@H]3C[C@H]12	10;11;12;14	7;9;10;11;12;13;14;15;16	C[C@@]1(/[CH:1001]=[CH:1002]/[C:1003](C)=[O:1004])CO1	CC(=O)/C=C/[C@]1(C)CO1	CSC(C=C(C)[O-])[C@]1(C)CO1
Mol_05634	Mol_05634:atom0	ester	C=C1C(=O)O[C@@H]2C[C@H](C)C(CCC(C)=O)=CC[C@H]12	0;1;2;3	0;1;2;3;4;5;16;17	C[C@H]1CO[C:1003](=[O:1004])[C:1002]1=[CH2:1001]	C=C1C(=O)OC[C@@H]1C	CSCC1=C([O-])OC[C@@H]1C
Mol_05635	Mol_05635:atom0	ester	C=C1C(=O)O[C@@H]2C[C@H](C)C(/C=C/C(C)O)CC[C@H]12	0;1;2;3	0;1;2;3;4;5;16;17	C[C@H]1CO[C:1003](=[O:1004])[C:1002]1=[CH2:1001]	C=C1C(=O)OC[C@@H]1C	CSCC1=C([O-])OC[C@@H]1C
Mol_05636	Mol_05636:atom0	ester	C=C1C(=O)O[C@H]2C[C@@H](C)[C@@H]3CCC(=O)[C@@]3(C)C[C@H]12	0;1;2;3	0;1;2;3;4;5;16;17	C[C@H]1CO[C:1003](=[O:1004])[C:1002]1=[CH2:1001]	C=C1C(=O)OC[C@@H]1C	CSCC1=C([O-])OC[C@@H]1C
Mol_05638	Mol_05638:atom4	ester	C[C@H]1CCC2=C(CO)C(=O)O[C@H]2[C@]2(C)C(=O)CC[C@@]12O	4;5;8;9	2;3;4;5;6;7;8;9;10;11;12	CC[C:1001]1=[C:1002](CO)[C:1003](=[O:1004])O[C@H]1C	CCC1=C(CO)C(=O)O[C@H]1C	CCC1(SC)C(CO)=C([O-])O[C@H]1C
Mol_05639	Mol_05639:atom18	enone	C[C@H]1CC[C@@H]2[C@@H](OC(=O)[C@]2(O)CO)[C@]2(C)C(=O)C=C[C@@]12O	18;17;15;16	1;5;13;14;15;16;17;18;19;20	CC1(C)[C@@](C)(O)[CH:1001]=[CH:1002][C:1003]1=[O:1004]	CC1(C)C(=O)C=C[C@]1(C)O	CSC1C=C([O-])C(C)(C)[C@@]1(C)O
Mol_05640	Mol_05640:atom18	enone	C[C@H]1CC[C@@H]2[C@@H](OC(=O)[C@@]2(O)CO)[C@]2(C)C(=O)C=C[C@@]12O	18;17;15;16	1;5;13;14;15;16;17;18;19;20	CC1(C)[C@@](C)(O)[CH:1001]=[CH:1002][C:1003]1=[O:1004]	CC1(C)C(=O)C=C[C@]1(C)O	CSC1C=C([O-])C(C)(C)[C@@]1(C)O
Mol_05641	Mol_05641:atom4	ester	C[C@H]1CCC2=C(CC[C@@]3(O)C(=O)O[C@@H]4[C@H]3CC[C@H](C)[C@]3(O)C=CC(=O)[C@@]43C)C(=O)O[C@H]2[C@]2(C)C(=O)C=C[C@@]12O	4;5;27;28	2;3;4;5;6;7;27;28;29;30;31	CC[C:1001]1=[C:1002](CC)[C:1003](=[O:1004])O[C@H]1C	CCC1=C(CC)[C@H](C)OC1=O	CCC1=C([O-])O[C@@H](C)C1(CC)SC
Mol_05641	Mol_05641:atom21	enone	C[C@H]1CCC2=C(CC[C@@]3(O)C(=O)O[C@@H]4[C@H]3CC[C@H](C)[C@]3(O)C=CC(=O)[C@@]43C)C(=O)O[C@H]2[C@]2(C)C(=O)C=C[C@@]12O	21;22;23;24	13;17;19;20;21;22;23;24;25;26	CC1(C)[C@@](C)(O)[CH:1001]=[CH:1002][C:1003]1=[O:1004]	CC1(C)C(=O)C=C[C@]1(C)O	CSC1C=C([O-])C(C)(C)[C@@]1(C)O
Mol_05641	Mol_05641:atom36	enone	C[C@H]1CCC2=C(CC[C@@]3(O)C(=O)O[C@@H]4[C@H]3CC[C@H](C)[C@]3(O)C=CC(=O)[C@@]43C)C(=O)O[C@H]2[C@]2(C)C(=O)C=C[C@@]12O	36;35;33;34	1;30;31;32;33;34;35;36;37;38	CC1(C)[C@@](C)(O)[CH:1001]=[CH:1002][C:1003]1=[O:1004]	CC1(C)C(=O)C=C[C@]1(C)O	CSC1C=C([O-])C(C)(C)[C@@]1(C)O
Mol_05642	Mol_05642:atom4	ester	C[C@H]1CCC2=C(CC[C@]3(O)C(=O)O[C@@H]4[C@H]3CC[C@H](C)[C@]3(O)C=CC(=O)[C@@]43C)C(=O)O[C@H]2[C@]2(C)C(=O)C=C[C@@]12O	4;5;27;28	2;3;4;5;6;7;27;28;29;30;31	CC[C:1001]1=[C:1002](CC)[C:1003](=[O:1004])O[C@H]1C	CCC1=C(CC)[C@H](C)OC1=O	CCC1=C([O-])O[C@@H](C)C1(CC)SC
Mol_05642	Mol_05642:atom21	enone	C[C@H]1CCC2=C(CC[C@]3(O)C(=O)O[C@@H]4[C@H]3CC[C@H](C)[C@]3(O)C=CC(=O)[C@@]43C)C(=O)O[C@H]2[C@]2(C)C(=O)C=C[C@@]12O	21;22;23;24	13;17;19;20;21;22;23;24;25;26	CC1(C)[C@@](C)(O)[CH:1001]=[CH:1002][C:1003]1=[O:1004]	CC1(C)C(=O)C=C[C@]1(C)O	CSC1C=C([O-])C(C)(C)[C@@]1(C)O
Mol_05642	Mol_05642:atom36	enone	C[C@H]1CCC2=C(CC[C@]3(O)C(=O)O[C@@H]4[C@H]3CC[C@H](C)[C@]3(O)C=CC(=O)[C@@]43C)C(=O)O[C@H]2[C@]2(C)C(=O)C=C[C@@]12O	36;35;33;34	1;30;31;32;33;34;35;36;37;38	CC1(C)[C@@](C)(O)[CH:1001]=[CH:1002][C:1003]1=[O:1004]	CC1(C)C(=O)C=C[C@]1(C)O	CSC1C=C([O-])C(C)(C)[C@@]1(C)O
Mol_05644	Mol_05644:atom4	ester	C[C@H]1CCC2=C(CO)C(=O)O[C@H]2[C@]2(C)C(=O)C=C[C@@]12O	4;5;8;9	2;3;4;5;6;7;8;9;10;11;12	CC[C:1001]1=[C:1002](CO)[C:1003](=[O:1004])O[C@H]1C	CCC1=C(CO)C(=O)O[C@H]1C	CCC1(SC)C(CO)=C([O-])O[C@H]1C
Mol_05644	Mol_05644:atom17	enone	C[C@H]1CCC2=C(CO)C(=O)O[C@H]2[C@]2(C)C(=O)C=C[C@@]12O	17;16;14;15	1;11;12;13;14;15;16;17;18;19	CC1(C)[C@@](C)(O)[CH:1001]=[CH:1002][C:1003]1=[O:1004]	CC1(C)C(=O)C=C[C@]1(C)O	CSC1C=C([O-])C(C)(C)[C@@]1(C)O
Mol_05655	Mol_05655:atom3	ester	O=C(/C=C\c1ccc(O)c(O)c1)O[C@H]1C[C@](OC(=O)/C=C/c2ccc(O)c(O)c2)(C(=O)O)C[C@H](O)[C@H]1O	3;2;1;0	0;1;2;3;4;5;6;7;9;11;12;13	CO[C:1003](/[CH:1002]=[CH:1001]\c1ccccc1)=[O:1004]	COC(=O)/C=C\c1ccccc1	COC([O-])=CC(SC)c1ccccc1
Mol_05655	Mol_05655:atom20	ester	O=C(/C=C\c1ccc(O)c(O)c1)O[C@H]1C[C@](OC(=O)/C=C/c2ccc(O)c(O)c2)(C(=O)O)C[C@H](O)[C@H]1O	20;19;17;18	15;16;17;18;19;20;21;22;23;24;26;28	CO[C:1003](/[CH:1002]=[CH:1001]/c1ccccc1)=[O:1004]	COC(=O)/C=C/c1ccccc1	COC([O-])=CC(SC)c1ccccc1
Mol_05656	Mol_05656:atom3	ester	O=C(/C=C/c1ccc(O)c(O)c1)O[C@@H]1C[C@](O)(C(=O)O)C[C@@H](OC(=O)/C=C/c2ccc(O)c(O)c2)[C@H]1O	3;2;1;0	0;1;2;3;4;5;6;7;9;11;12;13	CO[C:1003](/[CH:1002]=[CH:1001]/c1ccccc1)=[O:1004]	COC(=O)/C=C/c1ccccc1	COC([O-])=CC(SC)c1ccccc1
Mol_05656	Mol_05656:atom26	ester	O=C(/C=C/c1ccc(O)c(O)c1)O[C@@H]1C[C@](O)(C(=O)O)C[C@@H](OC(=O)/C=C/c2ccc(O)c(O)c2)[C@H]1O	26;25;23;24	21;22;23;24;25;26;27;28;29;30;32;34	CO[C:1003](/[CH:1002]=[CH:1001]/c1ccccc1)=[O:1004]	COC(=O)/C=C/c1ccccc1	COC([O-])=CC(SC)c1ccccc1
Mol_05658	Mol_05658:atom19	ester	O=C(O)CC(=O)OC(=O)[C@]1(O)C[C@@H](O)[C@@H](OC(=O)/C=C/c2ccc(O)c(O)c2)[C@@H](OC(=O)/C=C/c2ccc(O)c(O)c2)C1	19;18;16;17	14;15;16;17;18;19;20;21;22;23;25;27	CO[C:1003](/[CH:1002]=[CH:1001]/c1ccccc1)=[O:1004]	COC(=O)/C=C/c1ccccc1	COC([O-])=CC(SC)c1ccccc1
Mol_05658	Mol_05658:atom33	ester	O=C(O)CC(=O)OC(=O)[C@]1(O)C[C@@H](O)[C@@H](OC(=O)/C=C/c2ccc(O)c(O)c2)[C@@H](OC(=O)/C=C/c2ccc(O)c(O)c2)C1	33;32;30;31	28;29;30;31;32;33;34;35;36;37;39;41	CO[C:1003](/[CH:1002]=[CH:1001]/c1ccccc1)=[O:1004]	COC(=O)/C=C/c1ccccc1	COC([O-])=CC(SC)c1ccccc1
Mol_05684	Mol_05684:atom0	ester	C=C1C(=O)O[C@@H]2C[C@H](C)C3=CC[C@@](C)(O)[C@@H]3C[C@H]12	0;1;2;3	0;1;2;3;4;5;16;17	C[C@H]1CO[C:1003](=[O:1004])[C:1002]1=[CH2:1001]	C=C1C(=O)OC[C@@H]1C	CSCC1=C([O-])OC[C@@H]1C
Mol_05685	Mol_05685:atom0	ester	C=C1C(=O)O[C@H]2CC(=C)[C@@H]3CC[C@@](C)(O)[C@@H]3CC12	0;1;2;3	0;1;2;3;4;5;16;17	CC1CO[C:1003](=[O:1004])[C:1002]1=[CH2:1001]	C=C1C(=O)OCC1C	CSCC1=C([O-])OCC1C
Mol_05686	Mol_05686:atom0	ester	C=C1C(=O)O[C@H]2CC(=C)[C@H]3CC[C@@](C)(O)[C@@H]3CC12	0;1;2;3	0;1;2;3;4;5;16;17	CC1CO[C:1003](=[O:1004])[C:1002]1=[CH2:1001]	C=C1C(=O)OCC1C	CSCC1=C([O-])OCC1C
Mol_05687	Mol_05687:atom0	ester	C=C1C(=O)O[C@H]2C[C@H](C)C(/C=C/C(C)=O)=CC[C@H]12	0;1;2;3	0;1;2;3;4;5;16;17	C[C@H]1CO[C:1003](=[O:1004])[C:1002]1=[CH2:1001]	C=C1C(=O)OC[C@@H]1C	CSCC1=C([O-])OC[C@@H]1C
Mol_05687	Mol_05687:atom10	enone	C=C1C(=O)O[C@H]2C[C@H](C)C(/C=C/C(C)=O)=CC[C@H]12	10;11;12;14	7;9;10;11;12;13;14;15	C=C(C)/[CH:1001]=[CH:1002]/[C:1003](C)=[O:1004]	C=C(C)/C=C/C(C)=O	C=C(C)C(C=C(C)[O-])SC
Mol_05688	Mol_05688:atom0	ester	C=C1C(=O)O[C@H]2C[C@H](C)C(/C=C/C(C)=O)=CCC12	0;1;2;3	0;1;2;3;4;5;16;17	CC1CO[C:1003](=[O:1004])[C:1002]1=[CH2:1001]	C=C1C(=O)OCC1C	CSCC1=C([O-])OCC1C
Mol_05688	Mol_05688:atom10	enone	C=C1C(=O)O[C@H]2C[C@H](C)C(/C=C/C(C)=O)=CCC12	10;11;12;14	7;9;10;11;12;13;14;15	C=C(C)/[CH:1001]=[CH:1002]/[C:1003](C)=[O:1004]	C=C(C)/C=C/C(C)=O	C=C(C)C(C=C(C)[O-])SC
Mol_05690	Mol_05690:atom0	ester	C=C1C(=O)O[C@@H]2C[C@H](C)C(C(CC(C)OC(C)=O)OC(C)=O)=CC[C@H]12	0;1;2;3	0;1;2;3;4;5;23;24	C[C@H]1CO[C:1003](=[O:1004])[C:1002]1=[CH2:1001]	C=C1C(=O)OC[C@@H]1C	CSCC1=C([O-])OC[C@@H]1C
Mol_05691	Mol_05691:atom0	ester	C=C1C(=O)O[C@H]2CC(C)C(CCC(C)=O)=CC[C@H]12	0;1;2;3	0;1;2;3;4;5;16;17	C[C@H]1CO[C:1003](=[O:1004])[C:1002]1=[CH2:1001]	C=C1C(=O)OC[C@@H]1C	CSCC1=C([O-])OC[C@@H]1C
Mol_05692	Mol_05692:atom0	ester	C=C1C(=O)O[C@H]2C[C@H](C)C(C(O)CC(C)=O)=CC[C@H]12	0;1;2;3	0;1;2;3;4;5;17;18	C[C@H]1CO[C:1003](=[O:1004])[C:1002]1=[CH2:1001]	C=C1C(=O)OC[C@@H]1C	CSCC1=C([O-])OC[C@@H]1C
Mol_05693	Mol_05693:atom0	ester	C=C1C(=O)O[C@H]2C[C@H](C)C(CCC(C)O)=CC[C@H]12	0;1;2;3	0;1;2;3;4;5;16;17	C[C@H]1CO[C:1003](=[O:1004])[C:1002]1=[CH2:1001]	C=C1C(=O)OC[C@@H]1C	CSCC1=C([O-])OC[C@@H]1C
Mol_05694	Mol_05694:atom0	ester	C=C1C(=O)O[C@@H]2C[C@H](C)C(C(O)CC(C)OC(C)=O)=CC[C@H]12	0;1;2;3	0;1;2;3;4;5;20;21	C[C@H]1CO[C:1003](=[O:1004])[C:1002]1=[CH2:1001]	C=C1C(=O)OC[C@@H]1C	CSCC1=C([O-])OC[C@@H]1C
Mol_05695	Mol_05695:atom0	ester	C=C1C(=O)O[C@@H]2C[C@H](C)C(C(CC(C)O)OC(C)=O)=CC[C@H]12	0;1;2;3	0;1;2;3;4;5;20;21	C[C@H]1CO[C:1003](=[O:1004])[C:1002]1=[CH2:1001]	C=C1C(=O)OC[C@@H]1C	CSCC1=C([O-])OC[C@@H]1C
Mol_05696	Mol_05696:atom0	ester	C=C1C(=O)O[C@H]2C[C@]3(CO3)[C@@H]3CCC(=O)[C@@]3(C)C[C@H]12	0;1;2;3	0;1;2;3;4;5;17;18	C[C@H]1CO[C:1003](=[O:1004])[C:1002]1=[CH2:1001]	C=C1C(=O)OC[C@@H]1C	CSCC1=C([O-])OC[C@@H]1C
Mol_05697	Mol_05697:atom0	ester	C=C1C(=O)O[C@H]2C[C@H](C)[C@@H]3CCC(=O)[C@@]3(C)C[C@H]12	0;1;2;3	0;1;2;3;4;5;16;17	C[C@H]1CO[C:1003](=[O:1004])[C:1002]1=[CH2:1001]	C=C1C(=O)OC[C@@H]1C	CSCC1=C([O-])OC[C@@H]1C
Mol_05698	Mol_05698:atom0	ester	C=C1C(=O)O[C@H]2C[C@@](C)(O)[C@@H]3CCC(=O)[C@@]3(C)C[C@H]12	0;1;2;3	0;1;2;3;4;5;17;18	C[C@H]1CO[C:1003](=[O:1004])[C:1002]1=[CH2:1001]	C=C1C(=O)OC[C@@H]1C	CSCC1=C([O-])OC[C@@H]1C
Mol_05710	Mol_05710:atom0	ester	C=C1C(=O)O[C@@H]2CC(C)C3C(O)CC(O)[C@@]3(C)C[C@H]12	0;1;2;3	0;1;2;3;4;5;17;18	C[C@H]1CO[C:1003](=[O:1004])[C:1002]1=[CH2:1001]	C=C1C(=O)OC[C@@H]1C	CSCC1=C([O-])OC[C@@H]1C
Mol_05711	Mol_05711:atom0	ester	C=C1C(=O)O[C@@H]2C[C@@H](C)C3[C@@H](O)C[C@@H](O)[C@@]3(C)[C@@H](O)[C@H]12	0;1;2;3	0;1;2;3;4;5;17;19	C[C@H]1CO[C:1003](=[O:1004])[C:1002]1=[CH2:1001]	C=C1C(=O)OC[C@@H]1C	CSCC1=C([O-])OC[C@@H]1C
Mol_05723	Mol_05723:atom14	ester	CO[C@]12C[C@@]3(O)CCC[C@H](C)[C@@]3(C)CC1=C(C)C(=O)O2	14;15;17;18	1;2;3;11;13;14;15;16;17;18;19	CC[C:1001]1=[C:1002](C)[C:1003](=[O:1004])O[C@]1(C)O	CCC1=C(C)C(=O)O[C@]1(C)O	CCC1(SC)C(C)=C([O-])O[C@]1(C)O
Mol_05724	Mol_05724:atom3	ester	CO[C@H]1C2=C(C)C(=O)O[C@@]2(OC)C[C@@]2(O)CCC[C@H](C)[C@@]12C	3;4;6;7	1;2;3;4;5;6;7;8;9;10;12;20	C[C@@H](O)[C:1001]1=[C:1002](C)[C:1003](=[O:1004])O[C@]1(C)O	CC1=C([C@@H](C)O)[C@@](C)(O)OC1=O	CSC1([C@@H](C)O)C(C)=C([O-])O[C@]1(C)O
Mol_05725	Mol_05725:atom1	ester	C/C=C(/C)C(=O)O[C@H]1CC[C@]2(O)C[C@@H]3OC(=O)C(C)=C3C[C@]2(C)[C@H]1C	1;2;4;5	0;1;2;3;4;5;6;7	CO[C:1003](/[C:1002](C)=[CH:1001]\C)=[O:1004]	C/C=C(/C)C(=O)OC	COC([O-])=C(C)C(C)SC
Mol_05725	Mol_05725:atom19	ester	C/C=C(/C)C(=O)O[C@H]1CC[C@]2(O)C[C@@H]3OC(=O)C(C)=C3C[C@]2(C)[C@H]1C	19;17;15;16	12;13;14;15;16;17;18;19;20;21	CC[C:1001]1=[C:1002](C)[C:1003](=[O:1004])O[C@H]1C	CCC1=C(C)C(=O)O[C@H]1C	CCC1(SC)C(C)=C([O-])O[C@H]1C
Mol_05726	Mol_05726:atom2	ester	CC1=C2C[C@]3(C)[C@@H](C)CCC[C@]3(O)C[C@@H]2OC1=O	2;1;16;17	0;1;2;3;4;13;14;15;16;17	CC[C:1001]1=[C:1002](C)[C:1003](=[O:1004])O[C@H]1C	CCC1=C(C)C(=O)O[C@H]1C	CCC1(SC)C(C)=C([O-])O[C@H]1C
Mol_05727	Mol_05727:atom2	ester	CC1=C2C[C@]3(C)[C@@H](C)CCC[C@]3(O)C[C@]2(O)OC1=O	2;1;17;18	0;1;2;3;4;13;14;15;16;17;18	CC[C:1001]1=[C:1002](C)[C:1003](=[O:1004])O[C@]1(C)O	CCC1=C(C)C(=O)O[C@]1(C)O	CCC1(SC)C(C)=C([O-])O[C@]1(C)O
Mol_05733	Mol_05733:atom0	ester	C=C1C(=O)O[C@]23C[C@H]1CCC(CO)=C2C(=O)C=C3C	0;1;2;3	0;1;2;3;4;5;6;7;8	C[C@@H]1CCO[C:1003](=[O:1004])[C:1002]1=[CH2:1001]	C=C1C(=O)OCC[C@H]1C	CSCC1=C([O-])OCC[C@H]1C
Mol_05733	Mol_05733:atom10	enone	C=C1C(=O)O[C@]23C[C@H]1CCC(CO)=C2C(=O)C=C3C	10;13;14;15	4;5;6;8;9;10;11;12;13;14;15;16;17	CC[C:1001](CO)=[C:1002]1[C@@](C)(O)C=C[C:1003]1=[O:1004]	CCC(CO)=C1C(=O)C=C[C@]1(C)O	CCC(CO)(SC)C1=C([O-])C=C[C@]1(C)O
Mol_05733	Mol_05733:atom17	enone	C=C1C(=O)O[C@]23C[C@H]1CCC(CO)=C2C(=O)C=C3C	17;16;14;15	4;5;6;10;13;14;15;16;17;18	C=C1[C@@](C)(O)[C:1001](C)=[CH:1002][C:1003]1=[O:1004]	C=C1C(=O)C=C(C)[C@]1(C)O	C=C1C([O-])=CC(C)(SC)[C@]1(C)O
Mol_05734	Mol_05734:atom1	enone	CC1=CC(=O)C2=C(CO)CC[C@@H]3C[C@]12OC(=O)[C@@H]3C	1;2;3;4	0;1;2;3;4;5;6;12;13;14	C=C1[C@@](C)(O)[C:1001](C)=[CH:1002][C:1003]1=[O:1004]	C=C1C(=O)C=C(C)[C@]1(C)O	C=C1C([O-])=CC(C)(SC)[C@]1(C)O
Mol_05734	Mol_05734:atom6	enone	CC1=CC(=O)C2=C(CO)CC[C@@H]3C[C@]12OC(=O)[C@@H]3C	6;5;3;4	1;2;3;4;5;6;7;8;9;10;12;13;14	CC[C:1001](CO)=[C:1002]1[C@@](C)(O)C=C[C:1003]1=[O:1004]	CCC(CO)=C1C(=O)C=C[C@]1(C)O	CCC(CO)(SC)C1=C([O-])C=C[C@]1(C)O
Mol_05735	Mol_05735:atom0	ester	C=C1C(=O)O[C@]23C[C@H]1CCC(CO[C@@H]1O[C@H](CO)[C@@H](O)[C@H](O)[C@H]1O)=C2C(=O)C=C3C	0;1;2;3	0;1;2;3;4;5;6;7;8	C[C@@H]1CCO[C:1003](=[O:1004])[C:1002]1=[CH2:1001]	C=C1C(=O)OCC[C@H]1C	CSCC1=C([O-])OCC[C@H]1C
Mol_05735	Mol_05735:atom10	enone	C=C1C(=O)O[C@]23C[C@H]1CCC(CO[C@@H]1O[C@H](CO)[C@@H](O)[C@H](O)[C@H]1O)=C2C(=O)C=C3C	10;24;25;26	4;5;6;8;9;10;11;12;24;25;26;27;28	CC[C:1001](CO)=[C:1002]1[C@@](C)(O)C=C[C:1003]1=[O:1004]	CCC(CO)=C1C(=O)C=C[C@]1(C)O	CCC(CO)(SC)C1=C([O-])C=C[C@]1(C)O
Mol_05735	Mol_05735:atom28	enone	C=C1C(=O)O[C@]23C[C@H]1CCC(CO[C@@H]1O[C@H](CO)[C@@H](O)[C@H](O)[C@H]1O)=C2C(=O)C=C3C	28;27;25;26	4;5;6;10;24;25;26;27;28;29	C=C1[C@@](C)(O)[C:1001](C)=[CH:1002][C:1003]1=[O:1004]	C=C1C(=O)C=C(C)[C@]1(C)O	C=C1C([O-])=CC(C)(SC)[C@]1(C)O
Mol_05736	Mol_05736:atom1	enone	CC1=CC(=O)C2=C(CO[C@@H]3O[C@H](CO)[C@@H](O)[C@H](O)[C@H]3O)CC[C@@H]3C[C@]12OC(=O)[C@@H]3C	1;2;3;4	0;1;2;3;4;5;6;23;24;25	C=C1[C@@](C)(O)[C:1001](C)=[CH:1002][C:1003]1=[O:1004]	C=C1C(=O)C=C(C)[C@]1(C)O	C=C1C([O-])=CC(C)(SC)[C@]1(C)O
Mol_05736	Mol_05736:atom6	enone	CC1=CC(=O)C2=C(CO[C@@H]3O[C@H](CO)[C@@H](O)[C@H](O)[C@H]3O)CC[C@@H]3C[C@]12OC(=O)[C@@H]3C	6;5;3;4	1;2;3;4;5;6;7;8;20;21;23;24;25	CC[C:1001](CO)=[C:1002]1[C@@](C)(O)C=C[C:1003]1=[O:1004]	CCC(CO)=C1C(=O)C=C[C@]1(C)O	CCC(CO)(SC)C1=C([O-])C=C[C@]1(C)O
Mol_05740	Mol_05740:atom15	ester	CO[C@]12C[C@@]3(O)CCC[C@H](C)[C@@]3(C)[C@H](O)C1=C(C)C(=O)O2	15;16;18;19	1;2;3;11;13;14;15;16;17;18;19;20	C[C@H](O)[C:1001]1=[C:1002](C)[C:1003](=[O:1004])O[C@]1(C)O	CC1=C([C@H](C)O)[C@@](C)(O)OC1=O	CSC1([C@H](C)O)C(C)=C([O-])O[C@]1(C)O
Mol_05741	Mol_05741:atom1	ester	C/C=C(/C)C(=O)O[C@H]1CC[C@]2(O)C[C@@]3(OC)OC(=O)C(C)=C3[C@@H](O)[C@]2(C)[C@H]1C	1;2;4;5	0;1;2;3;4;5;6;7	CO[C:1003](/[C:1002](C)=[CH:1001]\C)=[O:1004]	C/C=C(/C)C(=O)OC	COC([O-])=C(C)C(C)SC
Mol_05741	Mol_05741:atom21	ester	C/C=C(/C)C(=O)O[C@H]1CC[C@]2(O)C[C@@]3(OC)OC(=O)C(C)=C3[C@@H](O)[C@]2(C)[C@H]1C	21;19;17;18	12;13;14;16;17;18;19;20;21;22;23;24	C[C@H](O)[C:1001]1=[C:1002](C)[C:1003](=[O:1004])O[C@@]1(C)O	CC1=C([C@H](C)O)[C@](C)(O)OC1=O	CSC1([C@H](C)O)C(C)=C([O-])O[C@@]1(C)O
Mol_05742	Mol_05742:atom1	ester	C/C=C(/C)C(=O)O[C@H]1CC[C@]2(O)C[C@@]3(OC)OC(=O)C(C)=C3C[C@]2(C)[C@H]1C	1;2;4;5	0;1;2;3;4;5;6;7	CO[C:1003](/[C:1002](C)=[CH:1001]\C)=[O:1004]	C/C=C(/C)C(=O)OC	COC([O-])=C(C)C(C)SC
Mol_05742	Mol_05742:atom21	ester	C/C=C(/C)C(=O)O[C@H]1CC[C@]2(O)C[C@@]3(OC)OC(=O)C(C)=C3C[C@]2(C)[C@H]1C	21;19;17;18	12;13;14;16;17;18;19;20;21;22;23	CC[C:1001]1=[C:1002](C)[C:1003](=[O:1004])O[C@@]1(C)O	CCC1=C(C)C(=O)O[C@@]1(C)O	CCC1(SC)C(C)=C([O-])O[C@@]1(C)O
Mol_05764	Mol_05764:atom26	enone	CC(=O)O[C@@H]1[C@@H](OC(C)=O)[C@H](OC(C)(C)[C@@H]2CC[C@@]3(C)CCC(=O)C(C)=C3C2)OC[C@H]1OC(C)=O	26;24;22;23	15;17;18;19;20;21;22;23;24;25;26;27	CC[C:1001]1=[C:1002](C)[C:1003](=[O:1004])CCC1(C)C	CCC1=C(C)C(=O)CCC1(C)C	CCC1(SC)C(C)=C([O-])CCC1(C)C
Mol_05769	Mol_05769:atom1	ester	C/C=C(/C)C(=O)O[C@@H]1C=C(C)CC[C@@]2(O)C(C(C)C)CC(=O)[C@]12C	1;2;4;5	0;1;2;3;4;5;6;7	CO[C:1003](/[C:1002](C)=[CH:1001]\C)=[O:1004]	C/C=C(/C)C(=O)OC	COC([O-])=C(C)C(C)SC
Mol_05770	Mol_05770:atom1	ester	C/C=C(/C)C(=O)O[C@H]1CC=C(C)C2C3OC(=O)[C@H](C)C3C[C@@H](OC(C)=O)[C@]21C	1;2;4;5	0;1;2;3;4;5;6;7	CO[C:1003](/[C:1002](C)=[CH:1001]\C)=[O:1004]	C/C=C(/C)C(=O)OC	COC([O-])=C(C)C(C)SC
Mol_05780	Mol_05780:atom1	ester	C/C=C(/C)C(=O)O[C@H]1CC=C(C)[C@H]2[C@@H]3OC(=O)[C@H](C)[C@@H]3C[C@H](OC(C)=O)[C@@]12C	1;2;4;5	0;1;2;3;4;5;6;7	CO[C:1003](/[C:1002](C)=[CH:1001]\C)=[O:1004]	C/C=C(/C)C(=O)OC	COC([O-])=C(C)C(C)SC
Mol_05798	Mol_05798:atom0	ester	C=C1C(=O)O[C@@H]2C[C@H](C)[C@@H]3CCC(=O)[C@@]3(C)C[C@H]12	0;1;2;3	0;1;2;3;4;5;16;17	C[C@H]1CO[C:1003](=[O:1004])[C:1002]1=[CH2:1001]	C=C1C(=O)OC[C@@H]1C	CSCC1=C([O-])OC[C@@H]1C
Mol_05807	Mol_05807:atom0	ester	C=C1C(=O)O[C@@H]2CC(C)=C3CC[C@@](C)(O)[C@@H]3C[C@H]12	0;1;2;3	0;1;2;3;4;5;16;17	C[C@H]1CO[C:1003](=[O:1004])[C:1002]1=[CH2:1001]	C=C1C(=O)OC[C@@H]1C	CSCC1=C([O-])OC[C@@H]1C
Mol_05808	Mol_05808:atom8	ester	C=C1C[C@H]2OC(=O)C(=C)[C@H]2C[C@@H]2[C@@H]1CC[C@@]2(C)O	8;7;5;6	3;4;5;6;7;8;9;10	C[C@H]1CO[C:1003](=[O:1004])[C:1002]1=[CH2:1001]	C=C1C(=O)OC[C@@H]1C	CSCC1=C([O-])OC[C@@H]1C
Mol_05809	Mol_05809:atom0	ester	C=C1C(=O)O[C@@H]2CC(=C)[C@@]3(O)CC[C@@](C)(O)[C@@H]3C[C@H]12	0;1;2;3	0;1;2;3;4;5;17;18	C[C@H]1CO[C:1003](=[O:1004])[C:1002]1=[CH2:1001]	C=C1C(=O)OC[C@@H]1C	CSCC1=C([O-])OC[C@@H]1C
Mol_05810	Mol_05810:atom0	ester	C=C1C(=O)O[C@H]2C[C@H](C)[C@H]3CC[C@](C)(O)[C@]3(O)C[C@H]12	0;1;2;3	0;1;2;3;4;5;17;18	C[C@H]1CO[C:1003](=[O:1004])[C:1002]1=[CH2:1001]	C=C1C(=O)OC[C@@H]1C	CSCC1=C([O-])OC[C@@H]1C
Mol_05812	Mol_05812:atom16	enone	C=C(C(=O)O)[C@@H]1CC[C@@]2(C)CCC(C(C)=O)=C2C1	16;12;13;15	5;7;8;9;10;11;12;13;14;15;16;17	CC[C:1001]1=[C:1002]([C:1003](C)=[O:1004])CCC1(C)C	CCC1=C(C(C)=O)CCC1(C)C	CCC1(SC)C(=C(C)[O-])CCC1(C)C
Mol_05820	Mol_05820:atom0	ester	C=C1C(=O)O[C@]23CC1CC[C@@]2(C)CCCC3=C	0;1;2;3	0;1;2;3;4;5;6;7;8	CC1CCO[C:1003](=[O:1004])[C:1002]1=[CH2:1001]	C=C1C(=O)OCCC1C	CSCC1=C([O-])OCCC1C
Mol_05821	Mol_05821:atom15	enone	COC(=O)[C@@H]1CC[C@@]2(C)CCC(=O)C(C)=C2[C@@H]1O	15;13;11;12	4;6;7;8;9;10;11;12;13;14;15;16;17	C[C@@H](O)[C:1001]1=[C:1002](C)[C:1003](=[O:1004])CCC1(C)C	CC1=C([C@@H](C)O)C(C)(C)CCC1=O	CSC1([C@@H](C)O)C(C)=C([O-])CCC1(C)C
Mol_05877	Mol_05877:atom4	ester	CCCC/C=C/C(=O)OCC	4;5;6;7	2;3;4;5;6;7;8;9	CC/[CH:1001]=[CH:1002]/[C:1003](OC)=[O:1004]	CC/C=C/C(=O)OC	CCC(C=C([O-])OC)SC
Mol_05881	Mol_05881:atom0	ester	C=C1C(=O)O[C@@H]2[C@H]3C(CO)=CC(=O)C3=C(C)C[C@H](O)[C@@H]12	0;1;2;3	0;1;2;3;4;5;17;19	C[C@@H]1CO[C:1003](=[O:1004])[C:1002]1=[CH2:1001]	C=C1C(=O)OC[C@H]1C	CSCC1=C([O-])OC[C@H]1C
Mol_05881	Mol_05881:atom7	enone	C=C1C(=O)O[C@@H]2[C@H]3C(CO)=CC(=O)C3=C(C)C[C@H](O)[C@@H]12	7;10;11;12	5;6;7;8;9;10;11;12;13;14	C=C1[C@@H](C)[C:1001](CO)=[CH:1002][C:1003]1=[O:1004]	C=C1C(=O)C=C(CO)[C@@H]1C	C=C1C([O-])=CC(CO)(SC)[C@@H]1C
Mol_05881	Mol_05881:atom14	enone	C=C1C(=O)O[C@@H]2[C@H]3C(CO)=CC(=O)C3=C(C)C[C@H](O)[C@@H]12	14;13;11;12	5;6;7;10;11;12;13;14;15;16;17	CC[C:1001](C)=[C:1002]1[C@@H](C)C=C[C:1003]1=[O:1004]	CCC(C)=C1C(=O)C=C[C@@H]1C	CCC(C)(SC)C1=C([O-])C=C[C@@H]1C
Mol_05882	Mol_05882:atom0	ester	C=C1C(=O)O[C@@H]2[C@H]3C(CO)=CC(=O)C3=C(C)C[C@@H](OC(C)=O)[C@@H]12	0;1;2;3	0;1;2;3;4;5;17;22	C[C@@H]1CO[C:1003](=[O:1004])[C:1002]1=[CH2:1001]	C=C1C(=O)OC[C@H]1C	CSCC1=C([O-])OC[C@H]1C
Mol_05882	Mol_05882:atom7	enone	C=C1C(=O)O[C@@H]2[C@H]3C(CO)=CC(=O)C3=C(C)C[C@@H](OC(C)=O)[C@@H]12	7;10;11;12	5;6;7;8;9;10;11;12;13;14	C=C1[C@@H](C)[C:1001](CO)=[CH:1002][C:1003]1=[O:1004]	C=C1C(=O)C=C(CO)[C@@H]1C	C=C1C([O-])=CC(CO)(SC)[C@@H]1C
Mol_05882	Mol_05882:atom14	enone	C=C1C(=O)O[C@@H]2[C@H]3C(CO)=CC(=O)C3=C(C)C[C@@H](OC(C)=O)[C@@H]12	14;13;11;12	5;6;7;10;11;12;13;14;15;16;17	CC[C:1001](C)=[C:1002]1[C@@H](C)C=C[C:1003]1=[O:1004]	CCC(C)=C1C(=O)C=C[C@@H]1C	CCC(C)(SC)C1=C([O-])C=C[C@@H]1C
Mol_05883	Mol_05883:atom1	enone	CC1=C2C(=O)C=C(CO)[C@@H]2[C@H]2OC(=O)[C@@H](C)[C@@H]2[C@@H](O)C1	1;2;3;4	0;1;2;3;4;5;6;9;10;17;19	CC[C:1001](C)=[C:1002]1[C@@H](C)C=C[C:1003]1=[O:1004]	CCC(C)=C1C(=O)C=C[C@@H]1C	CCC(C)(SC)C1=C([O-])C=C[C@@H]1C
Mol_05883	Mol_05883:atom6	enone	CC1=C2C(=O)C=C(CO)[C@@H]2[C@H]2OC(=O)[C@@H](C)[C@@H]2[C@@H](O)C1	6;5;3;4	1;2;3;4;5;6;7;8;9;10	C=C1[C@@H](C)[C:1001](CO)=[CH:1002][C:1003]1=[O:1004]	C=C1C(=O)C=C(CO)[C@@H]1C	C=C1C([O-])=CC(CO)(SC)[C@@H]1C
Mol_05884	Mol_05884:atom0	ester	C=C1C(=O)O[C@@H]2[C@H]3C(COC(C)=O)=CC(=O)C3=C(C)C[C@H](O)[C@@H]12	0;1;2;3	0;1;2;3;4;5;20;22	C[C@@H]1CO[C:1003](=[O:1004])[C:1002]1=[CH2:1001]	C=C1C(=O)OC[C@H]1C	CSCC1=C([O-])OC[C@H]1C
Mol_05884	Mol_05884:atom7	enone	C=C1C(=O)O[C@@H]2[C@H]3C(COC(C)=O)=CC(=O)C3=C(C)C[C@H](O)[C@@H]12	7;13;14;15	5;6;7;8;9;13;14;15;16;17	C=C1[C@@H](C)[C:1001](CO)=[CH:1002][C:1003]1=[O:1004]	C=C1C(=O)C=C(CO)[C@@H]1C	C=C1C([O-])=CC(CO)(SC)[C@@H]1C
Mol_05884	Mol_05884:atom17	enone	C=C1C(=O)O[C@@H]2[C@H]3C(COC(C)=O)=CC(=O)C3=C(C)C[C@H](O)[C@@H]12	17;16;14;15	5;6;7;13;14;15;16;17;18;19;20	CC[C:1001](C)=[C:1002]1[C@@H](C)C=C[C:1003]1=[O:1004]	CCC(C)=C1C(=O)C=C[C@@H]1C	CCC(C)(SC)C1=C([O-])C=C[C@@H]1C
Mol_05931	Mol_05931:atom0	ester	C=C1C(=O)O[C@@H]2/C=C(\C)[C@@H](O[C@@H]3O[C@H](CO)[C@@H](O)[C@H](O)[C@H]3O)C/C=C(\CO)CCC12	0;1;2;3	0;1;2;3;4;5;28;29	CC1CO[C:1003](=[O:1004])[C:1002]1=[CH2:1001]	C=C1C(=O)OCC1C	CSCC1=C([O-])OCC1C
Mol_05932	Mol_05932:atom0	ester	C=C1C(=O)O[C@@H]2/C=C(\C)[C@@H](O[C@@H]3O[C@H](CO)[C@@H](O)[C@H](O)[C@H]3O)C/C=C(\COC(=O)Cc3ccc(O)cc3)CCC12	0;1;2;3	0;1;2;3;4;5;38;39	CC1CO[C:1003](=[O:1004])[C:1002]1=[CH2:1001]	C=C1C(=O)OCC1C	CSCC1=C([O-])OCC1C
Mol_05933	Mol_05933:atom0	ester	C=C1C(=O)O[C@@H]2C3C(COC(=O)[C@@H](C)COS(=O)(=O)O)=CC(=O)C3=C(C)CC[C@@H]12	0;1;2;3	0;1;2;3;4;5;27;28	C[C@@H]1CO[C:1003](=[O:1004])[C:1002]1=[CH2:1001]	C=C1C(=O)OC[C@H]1C	CSCC1=C([O-])OC[C@H]1C
Mol_05933	Mol_05933:atom7	enone	C=C1C(=O)O[C@@H]2C3C(COC(=O)[C@@H](C)COS(=O)(=O)O)=CC(=O)C3=C(C)CC[C@@H]12	7;20;21;22	5;6;7;8;9;20;21;22;23;24	C=C1C(C)[C:1001](CO)=[CH:1002][C:1003]1=[O:1004]	C=C1C(=O)C=C(CO)C1C	C=C1C([O-])=CC(CO)(SC)C1C
Mol_05933	Mol_05933:atom24	enone	C=C1C(=O)O[C@@H]2C3C(COC(=O)[C@@H](C)COS(=O)(=O)O)=CC(=O)C3=C(C)CC[C@@H]12	24;23;21;22	5;6;7;20;21;22;23;24;25;26;27	CC[C:1001](C)=[C:1002]1C(C)C=C[C:1003]1=[O:1004]	CCC(C)=C1C(=O)C=CC1C	CCC(C)(SC)C1=C([O-])C=CC1C
Mol_05935	Mol_05935:atom10	enone	C[C@@H]1CC[C@]2(C)CC[C@]3(C)C(=CC(=O)C4[C@@]5(C)CC[C@H](O)C(C)(C)C5CC[C@]43C)C2[C@H]1C	10;11;12;13	4;7;8;9;10;11;12;13;14;15;27;29;30	CC(C)[C:1001]1=[CH:1002][C:1003](=[O:1004])C(C)CC1(C)C	CC(C)C1=CC(=O)C(C)CC1(C)C	CSC1(C(C)C)C=C([O-])C(C)CC1(C)C
Mol_05936	Mol_05936:atom11	enone	CC1(C)CC[C@]2(C)CC[C@]3(C)C(=CC(=O)C4[C@@]5(C)CC[C@H](O)C(C)(C)C5CC[C@]43C)C2C1	11;12;13;14	5;8;9;10;11;12;13;14;15;16;28;30;31	CC(C)[C:1001]1=[CH:1002][C:1003](=[O:1004])C(C)CC1(C)C	CC(C)C1=CC(=O)C(C)CC1(C)C	CSC1(C(C)C)C=C([O-])C(C)CC1(C)C
Mol_05946	Mol_05946:atom0	ester	C=C1C(=O)O[C@@H]2C3=C(C)CC[C@@H](O)[C@]3(C)CC[C@@H]12	0;1;2;3	0;1;2;3;4;5;16;17	C[C@@H]1CO[C:1003](=[O:1004])[C:1002]1=[CH2:1001]	C=C1C(=O)OC[C@H]1C	CSCC1=C([O-])OC[C@H]1C
Mol_05949	Mol_05949:atom0	ester	C=C1C(=O)O[C@H]2/C=C(\C)[C@@H](O[C@@H]3O[C@H](CO)[C@@H](O)[C@H](O)[C@H]3O)C/C=C(\C)CC[C@@H]12	0;1;2;3	0;1;2;3;4;5;27;28	C[C@@H]1CO[C:1003](=[O:1004])[C:1002]1=[CH2:1001]	C=C1C(=O)OC[C@H]1C	CSCC1=C([O-])OC[C@H]1C
Mol_05951	Mol_05951:atom0	ester	C=C1C(=O)O[C@@H]2/C=C(\CO[C@@H]3O[C@H](CO)[C@@H](O)[C@H](O)[C@H]3O)CC/C=C(\C)CC[C@@H]12	0;1;2;3	0;1;2;3;4;5;27;28	C[C@@H]1CO[C:1003](=[O:1004])[C:1002]1=[CH2:1001]	C=C1C(=O)OC[C@H]1C	CSCC1=C([O-])OC[C@H]1C
Mol_05952	Mol_05952:atom23	ester	C=C1CC[C@H]2C(=C)[C@H](O[C@@H]3O[C@H](CO)[C@@H](O)[C@H](O)[C@H]3O)C[C@H]3C(=C)C(=O)O[C@@H]3[C@@H]12	23;22;24;25	20;21;22;23;24;25;26;27	C[C@@H]1CO[C:1003](=[O:1004])[C:1002]1=[CH2:1001]	C=C1C(=O)OC[C@H]1C	CSCC1=C([O-])OC[C@H]1C
Mol_05953	Mol_05953:atom0	ester	C=C1C(=O)O[C@@H]2[C@H]3C(CO[C@@H]4O[C@H](CO)[C@@H](O)[C@H](O)[C@H]4O)=CC(=O)C3=C(C)CC[C@@H]12	0;1;2;3	0;1;2;3;4;5;28;29	C[C@@H]1CO[C:1003](=[O:1004])[C:1002]1=[CH2:1001]	C=C1C(=O)OC[C@H]1C	CSCC1=C([O-])OC[C@H]1C
Mol_05953	Mol_05953:atom7	enone	C=C1C(=O)O[C@@H]2[C@H]3C(CO[C@@H]4O[C@H](CO)[C@@H](O)[C@H](O)[C@H]4O)=CC(=O)C3=C(C)CC[C@@H]12	7;21;22;23	5;6;7;8;9;21;22;23;24;25	C=C1[C@@H](C)[C:1001](CO)=[CH:1002][C:1003]1=[O:1004]	C=C1C(=O)C=C(CO)[C@@H]1C	C=C1C([O-])=CC(CO)(SC)[C@@H]1C
Mol_05953	Mol_05953:atom25	enone	C=C1C(=O)O[C@@H]2[C@H]3C(CO[C@@H]4O[C@H](CO)[C@@H](O)[C@H](O)[C@H]4O)=CC(=O)C3=C(C)CC[C@@H]12	25;24;22;23	5;6;7;21;22;23;24;25;26;27;28	CC[C:1001](C)=[C:1002]1[C@@H](C)C=C[C:1003]1=[O:1004]	CCC(C)=C1C(=O)C=C[C@@H]1C	CCC(C)(SC)C1=C([O-])C=C[C@@H]1C
Mol_05954	Mol_05954:atom8	ester	C=C1[C@@H]2[C@H]3OC(=O)C(=C)[C@@H]3C[C@@H](O)C(=C)[C@@H]2C[C@@H]1O[C@@H]1O[C@H](CO)[C@@H](O)[C@H](O)[C@H]1O	8;7;5;6	3;4;5;6;7;8;9;10	C[C@@H]1CO[C:1003](=[O:1004])[C:1002]1=[CH2:1001]	C=C1C(=O)OC[C@H]1C	CSCC1=C([O-])OC[C@H]1C
Mol_05955	Mol_05955:atom15	enal	C/C1=C\[C@H]2OC(=O)[C@@H](C)[C@@H]2CC/C(C=O)=C/C[C@@H]1O	15;12;13;14	10;11;12;13;14;15;16;17	CC/[CH:1001]=[C:1002](/CC)[CH:1003]=[O:1004]	CC/C=C(\C=O)CC	CCC(=C[O-])C(CC)SC
Mol_05959	Mol_05959:atom0	ester	C=C1C(=O)O[C@@H]2[C@H]3C(CO)=CC(=O)C3=C(C)C[C@H](OC(=O)Cc3ccc(O)cc3)[C@@H]12	0;1;2;3	0;1;2;3;4;5;17;29	C[C@@H]1CO[C:1003](=[O:1004])[C:1002]1=[CH2:1001]	C=C1C(=O)OC[C@H]1C	CSCC1=C([O-])OC[C@H]1C
Mol_05959	Mol_05959:atom7	enone	C=C1C(=O)O[C@@H]2[C@H]3C(CO)=CC(=O)C3=C(C)C[C@H](OC(=O)Cc3ccc(O)cc3)[C@@H]12	7;10;11;12	5;6;7;8;9;10;11;12;13;14	C=C1[C@@H](C)[C:1001](CO)=[CH:1002][C:1003]1=[O:1004]	C=C1C(=O)C=C(CO)[C@@H]1C	C=C1C([O-])=CC(CO)(SC)[C@@H]1C
Mol_05959	Mol_05959:atom14	enone	C=C1C(=O)O[C@@H]2[C@H]3C(CO)=CC(=O)C3=C(C)C[C@H](OC(=O)Cc3ccc(O)cc3)[C@@H]12	14;13;11;12	5;6;7;10;11;12;13;14;15;16;17	CC[C:1001](C)=[C:1002]1[C@@H](C)C=C[C:1003]1=[O:1004]	CCC(C)=C1C(=O)C=C[C@@H]1C	CCC(C)(SC)C1=C([O-])C=C[C@@H]1C
Mol_06033	Mol_06033:atom9	enone	C[C@]1(O)CC[C@H]2[C@@H]3CCC4=CC(=O)CCC4=C3C=C[C@@]21C	9;10;11;12	7;8;9;10;11;12;13;14;15;16	C=C1CC[C:1003](=[O:1004])[CH:1002]=[C:1001]1CC	C=C1CCC(=O)C=C1CC	C=C1CCC([O-])=CC1(CC)SC
Mol_06037	Mol_06037:atom6	ester	CCOC(=O)/C=C/c1ccc(O)c(O)c1	6;5;3;4	1;2;3;4;5;6;7;8;9;10;12;14	CO[C:1003](/[CH:1002]=[CH:1001]/c1ccccc1)=[O:1004]	COC(=O)/C=C/c1ccccc1	COC([O-])=CC(SC)c1ccccc1
Mol_06047	Mol_06047:atom2	enone	CC1=CCC[C@@H]2C(=O)O[C@H]3[C@@H]2[C@H](C1=O)[C@@H]1C[C@@]13C	2;1;12;13	0;1;2;3;4;10;11;12;13;14	CC[CH:1001]=[C:1002](C)[C:1003](C(C)C)=[O:1004]	CCC=C(C)C(=O)C(C)C	CCC(SC)C(C)=C([O-])C(C)C
Mol_06053	Mol_06053:atom0	ester	C=C(C(=O)OC)[C@H]1[C@H](O)[C@H]2C(=O)CC[C@@H](O)[C@@H]2C[C@@H]1OC(=O)C(C)CO	0;1;2;3	0;1;2;3;4;5;6;7;18	CO[C:1003]([C:1002](C(C)C)=[CH2:1001])=[O:1004]	C=C(C(=O)OC)C(C)C	COC([O-])=C(CSC)C(C)C
Mol_06054	Mol_06054:atom14	ester	C=C[C@@H]1C[C@H](OC(=O)C(C)CO)C2C(=C)C(=O)O[C@@H]2[C@H]1C(=C)CO	14;13;15;16	4;12;13;14;15;16;17;18	CC1CO[C:1003](=[O:1004])[C:1002]1=[CH2:1001]	C=C1C(=O)OCC1C	CSCC1=C([O-])OCC1C
Mol_06055	Mol_06055:atom1	ester	C/C=C(/C)C(=O)O[C@H]1CC(C)=C2C(=O)C=C(C)[C@]2(O)[C@H]2OC(=O)[C@@H](C)[C@H]12	1;2;4;5	0;1;2;3;4;5;6;7	CO[C:1003](/[C:1002](C)=[CH:1001]\C)=[O:1004]	C/C=C(/C)C(=O)OC	COC([O-])=C(C)C(C)SC
Mol_06055	Mol_06055:atom9	enone	C/C=C(/C)C(=O)O[C@H]1CC(C)=C2C(=O)C=C(C)[C@]2(O)[C@H]2OC(=O)[C@@H](C)[C@H]12	9;11;12;13	7;8;9;10;11;12;13;14;15;17;18;19	CC[C:1001](C)=[C:1002]1[C@](C)(O)C=C[C:1003]1=[O:1004]	CCC(C)=C1C(=O)C=C[C@@]1(C)O	CCC(C)(SC)C1=C([O-])C=C[C@@]1(C)O
Mol_06055	Mol_06055:atom15	enone	C/C=C(/C)C(=O)O[C@H]1CC(C)=C2C(=O)C=C(C)[C@]2(O)[C@H]2OC(=O)[C@@H](C)[C@H]12	15;14;12;13	9;11;12;13;14;15;16;17;18;19	C=C1[C@](C)(O)[C:1001](C)=[CH:1002][C:1003]1=[O:1004]	C=C1C(=O)C=C(C)[C@@]1(C)O	C=C1C([O-])=CC(C)(SC)[C@@]1(C)O
Mol_06056	Mol_06056:atom1	enone	CC1=CC(=O)C2=C(C)C[C@H](OC(C)(C)C)[C@H]3[C@H](C)C(=O)O[C@@H]3[C@@]12O	1;2;3;4	0;1;2;3;4;5;6;21;22;23	C=C1[C@](C)(O)[C:1001](C)=[CH:1002][C:1003]1=[O:1004]	C=C1C(=O)C=C(C)[C@@]1(C)O	C=C1C([O-])=CC(C)(SC)[C@@]1(C)O
Mol_06056	Mol_06056:atom6	enone	CC1=CC(=O)C2=C(C)C[C@H](OC(C)(C)C)[C@H]3[C@H](C)C(=O)O[C@@H]3[C@@]12O	6;5;3;4	1;2;3;4;5;6;7;8;9;21;22;23	CC[C:1001](C)=[C:1002]1[C@](C)(O)C=C[C:1003]1=[O:1004]	CCC(C)=C1C(=O)C=C[C@@]1(C)O	CCC(C)(SC)C1=C([O-])C=C[C@@]1(C)O
Mol_06057	Mol_06057:atom1	enone	CC1=CC(=O)C2=C(C)C[C@H](OC(=O)CC(C)C)[C@H]3[C@H](C)C(=O)O[C@@H]3[C@@]12O	1;2;3;4	0;1;2;3;4;5;6;23;24;25	C=C1[C@](C)(O)[C:1001](C)=[CH:1002][C:1003]1=[O:1004]	C=C1C(=O)C=C(C)[C@@]1(C)O	C=C1C([O-])=CC(C)(SC)[C@@]1(C)O
Mol_06057	Mol_06057:atom6	enone	CC1=CC(=O)C2=C(C)C[C@H](OC(=O)CC(C)C)[C@H]3[C@H](C)C(=O)O[C@@H]3[C@@]12O	6;5;3;4	1;2;3;4;5;6;7;8;9;23;24;25	CC[C:1001](C)=[C:1002]1[C@](C)(O)C=C[C:1003]1=[O:1004]	CCC(C)=C1C(=O)C=C[C@@]1(C)O	CCC(C)(SC)C1=C([O-])C=C[C@@]1(C)O
Mol_06058	Mol_06058:atom9	enone	CCC(C)C(=O)O[C@H]1CC(C)=C2C(=O)C=C(C)[C@]2(O)[C@H]2OC(=O)[C@@H](C)[C@H]12	9;11;12;13	7;8;9;10;11;12;13;14;15;17;18;19	CC[C:1001](C)=[C:1002]1[C@](C)(O)C=C[C:1003]1=[O:1004]	CCC(C)=C1C(=O)C=C[C@@]1(C)O	CCC(C)(SC)C1=C([O-])C=C[C@@]1(C)O
Mol_06058	Mol_06058:atom15	enone	CCC(C)C(=O)O[C@H]1CC(C)=C2C(=O)C=C(C)[C@]2(O)[C@H]2OC(=O)[C@@H](C)[C@H]12	15;14;12;13	9;11;12;13;14;15;16;17;18;19	C=C1[C@](C)(O)[C:1001](C)=[CH:1002][C:1003]1=[O:1004]	C=C1C(=O)C=C(C)[C@@]1(C)O	C=C1C([O-])=CC(C)(SC)[C@@]1(C)O
Mol_06059	Mol_06059:atom1	ester	C/C=C(/C)C(=O)O[C@H]1C[C@@](C)(O)[C@@]23O[C@@H]2[C@@H]2O[C@]2(C)[C@@H]3[C@H]2OC(=O)[C@@H](C)[C@@H]21	1;2;4;5	0;1;2;3;4;5;6;7	CO[C:1003](/[C:1002](C)=[CH:1001]\C)=[O:1004]	C/C=C(/C)C(=O)OC	COC([O-])=C(C)C(C)SC
Mol_06063	Mol_06063:atom1	ester	C/C=C(/C)C(=O)O[C@H]1C[C@@](C)(O)[C@]23O[C@H]2[C@H]2O[C@@]2(C)[C@@H]3[C@H]2OC(=O)[C@@H](C)[C@@H]21	1;2;4;5	0;1;2;3;4;5;6;7	CO[C:1003](/[C:1002](C)=[CH:1001]\C)=[O:1004]	C/C=C(/C)C(=O)OC	COC([O-])=C(C)C(C)SC
Mol_06067	Mol_06067:atom1	ester	C/C=C(/C)C(=O)O[C@H]1C[C@@](C)(O)[C@]2(O)C=C[C@@](C)(O)[C@@H]2[C@H]2OC(=O)[C@@H](C)[C@@H]21	1;2;4;5	0;1;2;3;4;5;6;7	CO[C:1003](/[C:1002](C)=[CH:1001]\C)=[O:1004]	C/C=C(/C)C(=O)OC	COC([O-])=C(C)C(C)SC
Mol_06071	Mol_06071:atom1	ester	C/C=C(/C)C(=O)O[C@H]1C[C@@](C)(O)[C@]23O[C@H]2C[C@](C)(O)[C@]3(Cl)[C@H]2OC(=O)[C@@H](C)[C@H]12	1;2;4;5	0;1;2;3;4;5;6;7	CO[C:1003](/[C:1002](C)=[CH:1001]\C)=[O:1004]	C/C=C(/C)C(=O)OC	COC([O-])=C(C)C(C)SC
Mol_06075	Mol_06075:atom1	ester	C/C=C(/C)C(=O)O[C@H]1C[C@@](C)(O)[C@]23O[C@H]2C[C@](C)(O)[C@]3(O)[C@H]2OC(=O)[C@@H](C)[C@H]12	1;2;4;5	0;1;2;3;4;5;6;7	CO[C:1003](/[C:1002](C)=[CH:1001]\C)=[O:1004]	C/C=C(/C)C(=O)OC	COC([O-])=C(C)C(C)SC
Mol_06079	Mol_06079:atom1	ester	C/C=C(/C)C(=O)O[C@H]1C[C@@](C)(O)[C@@]23O[C@@H]2[C@H](O)[C@@](C)(O)[C@@H]3[C@H]2OC(=O)[C@@H](C)[C@@H]21	1;2;4;5	0;1;2;3;4;5;6;7	CO[C:1003](/[C:1002](C)=[CH:1001]\C)=[O:1004]	C/C=C(/C)C(=O)OC	COC([O-])=C(C)C(C)SC
Mol_06084	Mol_06084:atom1	ester	C/C=C(/C)C(=O)O[C@H]1C[C@@](C)(O)[C@@]23O[C@@H]2[C@H](OC(C)=O)[C@@](C)(O)[C@@H]3[C@H]2OC(=O)[C@@H](C)[C@@H]21	1;2;4;5	0;1;2;3;4;5;6;7	CO[C:1003](/[C:1002](C)=[CH:1001]\C)=[O:1004]	C/C=C(/C)C(=O)OC	COC([O-])=C(C)C(C)SC
Mol_06085	Mol_06085:atom1	ester	C/C=C(/C)C(=O)O[C@H]1C[C@@](C)(OC(C)=O)[C@@]23O[C@@H]2[C@H](O)[C@@](C)(O)[C@@H]3[C@H]2OC(=O)[C@@H](C)[C@@H]21	1;2;4;5	0;1;2;3;4;5;6;7	CO[C:1003](/[C:1002](C)=[CH:1001]\C)=[O:1004]	C/C=C(/C)C(=O)OC	COC([O-])=C(C)C(C)SC
Mol_06086	Mol_06086:atom1	ester	C/C=C(/C)C(=O)O[C@H]1C[C@@](C)(OC(C)=O)[C@@]23O[C@@H]2[C@H](OC(C)=O)[C@@](C)(O)[C@@H]3[C@H]2OC(=O)[C@@H](C)[C@@H]21	1;2;4;5	0;1;2;3;4;5;6;7	CO[C:1003](/[C:1002](C)=[CH:1001]\C)=[O:1004]	C/C=C(/C)C(=O)OC	COC([O-])=C(C)C(C)SC
Mol_06087	Mol_06087:atom1	ester	C/C=C(/C)C(=O)O[C@H]1C[C@@](C)(O)[C@]2(O)[C@@H]3O[C@@H]3[C@@](C)(O)[C@@H]2[C@H]2OC(=O)[C@@H](C)[C@@H]21	1;2;4;5	0;1;2;3;4;5;6;7	CO[C:1003](/[C:1002](C)=[CH:1001]\C)=[O:1004]	C/C=C(/C)C(=O)OC	COC([O-])=C(C)C(C)SC
Mol_06091	Mol_06091:atom1	ester	C/C=C(/C)C(=O)O[C@H]1C[C@@](C)(O)[C@@]23C=C[C@@](C)(OO2)[C@@H]3[C@H]2OC(=O)[C@@H](C)[C@@H]21	1;2;4;5	0;1;2;3;4;5;6;7	CO[C:1003](/[C:1002](C)=[CH:1001]\C)=[O:1004]	C/C=C(/C)C(=O)OC	COC([O-])=C(C)C(C)SC
Mol_06095	Mol_06095:atom4	enone	CC(=O)/C=C/[C@H]1[C@H](C)C(=O)O[C@@H]1C1=C(C)C(O)CC1=O	4;3;1;2	0;1;2;3;4;5;6;11	CC(C)/[CH:1001]=[CH:1002]/[C:1003](C)=[O:1004]	CC(=O)/C=C/C(C)C	CSC(C=C(C)[O-])C(C)C
Mol_06095	Mol_06095:atom13	enone	CC(=O)/C=C/[C@H]1[C@H](C)C(=O)O[C@@H]1C1=C(C)C(O)CC1=O	13;12;18;19	5;10;11;12;13;14;15;16;17;18;19	C[C@H](O)[C:1002]1=[C:1001](C)C(O)C[C:1003]1=[O:1004]	CC1=C([C@H](C)O)C(=O)CC1O	CSC1(C)C([C@H](C)O)=C([O-])CC1O
Mol_06105	Mol_06105:atom0	ester	C=C1C(=O)O[C@@H]2[C@@H]3[C@@]4(C=C[C@]3(C)OO4)[C@](C)(O)CC[C@@H]12	0;1;2;3	0;1;2;3;4;5;18;19	C[C@@H]1CO[C:1003](=[O:1004])[C:1002]1=[CH2:1001]	C=C1C(=O)OC[C@H]1C	CSCC1=C([O-])OC[C@H]1C
Mol_06106	Mol_06106:atom16	enone	C=CC(C)(O)CCC(OO)C(=C)CC(=O)C=C(C)C	16;15;13;14	10;12;13;14;15;16;17;18	CC[C:1003]([CH:1002]=[C:1001](C)C)=[O:1004]	CCC(=O)C=C(C)C	CCC([O-])=CC(C)(C)SC
Mol_06107	Mol_06107:atom15	enone	C=CC(C)(O)CC/C=C(\C)C(O)C(=O)C=C(C)C	15;14;12;13	8;10;11;12;13;14;15;16;17	CC(O)[C:1003]([CH:1002]=[C:1001](C)C)=[O:1004]	CC(C)=CC(=O)C(C)O	CSC(C)(C)C=C([O-])C(C)O
Mol_06108	Mol_06108:atom7	enone	C=CC(C)(O)CC/C=C(\C)C(=O)/C=C/C(C)(C)OO	7;8;10;11	5;6;7;8;9;10;11;12;13	C=C[C:1003](/[C:1002](C)=[CH:1001]/CC)=[O:1004]	C=CC(=O)/C(C)=C/CC	C=CC([O-])=C(C)C(CC)SC
Mol_06108	Mol_06108:atom13	enone	C=CC(C)(O)CC/C=C(\C)C(=O)/C=C/C(C)(C)OO	13;12;10;11	7;8;9;10;11;12;13;14;15;16;17	C=C(C)[C:1003](/[CH:1002]=[CH:1001]/C(C)(C)O)=[O:1004]	C=C(C)C(=O)/C=C/C(C)(C)O	C=C(C)C([O-])=CC(SC)C(C)(C)O
Mol_06109	Mol_06109:atom0	ester	C=C1C(=O)O[C@@H]2C[C@@]3(C)C[C@@H](O)CC(=C)[C@]3(OO)C[C@H]12	0;1;2;3	0;1;2;3;4;5;18;19	C[C@H]1CO[C:1003](=[O:1004])[C:1002]1=[CH2:1001]	C=C1C(=O)OC[C@@H]1C	CSCC1=C([O-])OC[C@@H]1C
Mol_06110	Mol_06110:atom0	ester	C=C1C(=O)O[C@@H]2C[C@@]3(C)C[C@@H](O)CC(=C)[C@@H]3C[C@H]12	0;1;2;3	0;1;2;3;4;5;16;17	C[C@H]1CO[C:1003](=[O:1004])[C:1002]1=[CH2:1001]	C=C1C(=O)OC[C@@H]1C	CSCC1=C([O-])OC[C@@H]1C
Mol_06111	Mol_06111:atom0	ester	C=C1C(=O)OC2CC3(C)CC(O)CC(C)C3=CC12	0;1;2;3	0;1;2;3;4;5;16;17	CC1CO[C:1003](=[O:1004])[C:1002]1=[CH2:1001]	C=C1C(=O)OCC1C	CSCC1=C([O-])OCC1C
Mol_06112	Mol_06112:atom0	ester	C=C1C(=O)O[C@@H]2C[C@H](C)C([C@H](C[C@H](C)O)OC(C)=O)=CC[C@H]12	0;1;2;3	0;1;2;3;4;5;20;21	C[C@H]1CO[C:1003](=[O:1004])[C:1002]1=[CH2:1001]	C=C1C(=O)OC[C@@H]1C	CSCC1=C([O-])OC[C@@H]1C
Mol_06113	Mol_06113:atom0	ester	C=C1C(=O)O[C@@H]2C[C@H](C)C([C@@H](O)C[C@H](C)OC(C)=O)=CC[C@H]12	0;1;2;3	0;1;2;3;4;5;20;21	C[C@H]1CO[C:1003](=[O:1004])[C:1002]1=[CH2:1001]	C=C1C(=O)OC[C@@H]1C	CSCC1=C([O-])OC[C@@H]1C
Mol_06114	Mol_06114:atom0	ester	C=C1C(=O)O[C@H]2C[C@H](C)C([C@H](C[C@H](C)O)OC(C)=O)=CC[C@H]12	0;1;2;3	0;1;2;3;4;5;20;21	C[C@H]1CO[C:1003](=[O:1004])[C:1002]1=[CH2:1001]	C=C1C(=O)OC[C@@H]1C	CSCC1=C([O-])OC[C@@H]1C
Mol_06115	Mol_06115:atom0	ester	C=C1C(=O)O[C@H]2C[C@H](C)C([C@@H](O)C[C@H](C)OC(C)=O)=CC[C@H]12	0;1;2;3	0;1;2;3;4;5;20;21	C[C@H]1CO[C:1003](=[O:1004])[C:1002]1=[CH2:1001]	C=C1C(=O)OC[C@@H]1C	CSCC1=C([O-])OC[C@@H]1C
Mol_06116	Mol_06116:atom0	ester	C=C1C(=O)O[C@@H]2C[C@H](C)C(CCC(C)=O)=CCC12	0;1;2;3	0;1;2;3;4;5;16;17	CC1CO[C:1003](=[O:1004])[C:1002]1=[CH2:1001]	C=C1C(=O)OCC1C	CSCC1=C([O-])OCC1C
Mol_06117	Mol_06117:atom0	ester	C=C1C(=O)O[C@H]2C[C@H](C)C(CCC(C)=O)=CCC12	0;1;2;3	0;1;2;3;4;5;16;17	CC1CO[C:1003](=[O:1004])[C:1002]1=[CH2:1001]	C=C1C(=O)OCC1C	CSCC1=C([O-])OCC1C
Mol_06118	Mol_06118:atom0	ester	C=C1C(=O)O[C@@H]2CC(C)=C3CC[C@@](C)(O)C3CC12	0;1;2;3	0;1;2;3;4;5;16;17	CC1CO[C:1003](=[O:1004])[C:1002]1=[CH2:1001]	C=C1C(=O)OCC1C	CSCC1=C([O-])OCC1C
Mol_06119	Mol_06119:atom0	ester	C=C1C(=O)O[C@@H]2CC(C)C3=CC[C@@](C)(O)C3CC12	0;1;2;3	0;1;2;3;4;5;16;17	CC1CO[C:1003](=[O:1004])[C:1002]1=[CH2:1001]	C=C1C(=O)OCC1C	CSCC1=C([O-])OCC1C
Mol_06120	Mol_06120:atom0	ester	C=C1C(=O)O[C@@H]2CC(=C)[C@@]3(O)CC[C@@](C)(O)C3CC12	0;1;2;3	0;1;2;3;4;5;17;18	CC1CO[C:1003](=[O:1004])[C:1002]1=[CH2:1001]	C=C1C(=O)OCC1C	CSCC1=C([O-])OCC1C
Mol_06121	Mol_06121:atom0	ester	C=C1C(=O)O[C@@H]2C[C@](C)(O)C3=CC[C@](C)(O)C3CC12	0;1;2;3	0;1;2;3;4;5;17;18	CC1CO[C:1003](=[O:1004])[C:1002]1=[CH2:1001]	C=C1C(=O)OCC1C	CSCC1=C([O-])OCC1C
Mol_06130	Mol_06130:atom0	ester	C=C1C(=O)O[C@H]2[C@H]1C[C@@H](O)[C@@]1(C)[C@@H](OC(=O)/C(C)=C\C)C[C@@H]3O[C@]3(C)[C@H]21	0;1;2;3	0;1;2;3;4;5;6;7	C[C@@H]1CO[C:1003](=[O:1004])[C:1002]1=[CH2:1001]	C=C1C(=O)OC[C@H]1C	CSCC1=C([O-])OC[C@H]1C
Mol_06130	Mol_06130:atom18	ester	C=C1C(=O)O[C@H]2[C@H]1C[C@@H](O)[C@@]1(C)[C@@H](OC(=O)/C(C)=C\C)C[C@@H]3O[C@]3(C)[C@H]21	18;16;14;15	12;13;14;15;16;17;18;19	CO[C:1003](/[C:1002](C)=[CH:1001]\C)=[O:1004]	C/C=C(/C)C(=O)OC	COC([O-])=C(C)C(C)SC
Mol_06131	Mol_06131:atom0	ester	C=C1C(=O)O[C@@H]2[C@@H]3[C@@H]([C@H](O)C[C@@H]12)[C@H](OC(=O)/C(C)=C\C)C[C@@H]1O[C@]31C	0;1;2;3	0;1;2;3;4;5;10;11	C[C@@H]1CO[C:1003](=[O:1004])[C:1002]1=[CH2:1001]	C=C1C(=O)OC[C@H]1C	CSCC1=C([O-])OC[C@H]1C
Mol_06131	Mol_06131:atom18	ester	C=C1C(=O)O[C@@H]2[C@@H]3[C@@H]([C@H](O)C[C@@H]12)[C@H](OC(=O)/C(C)=C\C)C[C@@H]1O[C@]31C	18;16;14;15	12;13;14;15;16;17;18;19	CO[C:1003](/[C:1002](C)=[CH:1001]\C)=[O:1004]	C/C=C(/C)C(=O)OC	COC([O-])=C(C)C(C)SC
Mol_06143	Mol_06143:atom0	ester	C=C1C(=O)O[C@H]2C1C[C@@H](O)[C@]1(C)[C@@H]2C(C)=CC[C@H]1OC(=O)/C(C)=C\C	0;1;2;3	0;1;2;3;4;5;6;7	CC1CO[C:1003](=[O:1004])[C:1002]1=[CH2:1001]	C=C1C(=O)OCC1C	CSCC1=C([O-])OCC1C
Mol_06143	Mol_06143:atom23	ester	C=C1C(=O)O[C@H]2C1C[C@@H](O)[C@]1(C)[C@@H]2C(C)=CC[C@H]1OC(=O)/C(C)=C\C	23;21;19;20	17;18;19;20;21;22;23;24	CO[C:1003](/[C:1002](C)=[CH:1001]\C)=[O:1004]	C/C=C(/C)C(=O)OC	COC([O-])=C(C)C(C)SC
Mol_06144	Mol_06144:atom0	ester	C=C1C(=O)O[C@H]2C1C[C@@H](O)[C@@]1(C)[C@H](O)CC=C(C)[C@H]21	0;1;2;3	0;1;2;3;4;5;6;7	CC1CO[C:1003](=[O:1004])[C:1002]1=[CH2:1001]	C=C1C(=O)OCC1C	CSCC1=C([O-])OCC1C
Mol_06146	Mol_06146:atom1	ester	C/C=C(/C)C(=O)O[C@H]1C[C@H]2O[C@@]2(C)[C@@H]2[C@H]3OC(=O)[C@@H](C)C3C[C@@H](O)[C@@]12C	1;2;4;5	0;1;2;3;4;5;6;7	CO[C:1003](/[C:1002](C)=[CH:1001]\C)=[O:1004]	C/C=C(/C)C(=O)OC	COC([O-])=C(C)C(C)SC
Mol_06147	Mol_06147:atom1	ester	C/C=C(/C)C(=O)O[C@@H]1CC2[C@H](C)C(=O)O[C@@H]2[C@H]2[C@]3(C)O[C@@H]3C[C@H](O)[C@]12C	1;2;4;5	0;1;2;3;4;5;6;7	CO[C:1003](/[C:1002](C)=[CH:1001]\C)=[O:1004]	C/C=C(/C)C(=O)OC	COC([O-])=C(C)C(C)SC
Mol_06153	Mol_06153:atom0	ester	C=C1C(=O)O[C@@H]2/C=C(\C)CC/C=C(\C)C(O)C[C@@H]12	0;1;2;3	0;1;2;3;4;5;16;17	C[C@@H]1CO[C:1003](=[O:1004])[C:1002]1=[CH2:1001]	C=C1C(=O)OC[C@H]1C	CSCC1=C([O-])OC[C@H]1C
Mol_06154	Mol_06154:atom0	ester	C=C1C(=O)O[C@H]2C[C@](C)(OO)C3=CC[C@](C)(O)[C@@H]3C[C@H]12	0;1;2;3	0;1;2;3;4;5;18;19	C[C@H]1CO[C:1003](=[O:1004])[C:1002]1=[CH2:1001]	C=C1C(=O)OC[C@@H]1C	CSCC1=C([O-])OC[C@@H]1C
Mol_06155	Mol_06155:atom0	ester	C=C1C(=O)O[C@H]2CC(=C)[C@@]3(OO)CC[C@@](C)(O)[C@@H]3C[C@H]12	0;1;2;3	0;1;2;3;4;5;18;19	C[C@H]1CO[C:1003](=[O:1004])[C:1002]1=[CH2:1001]	C=C1C(=O)OC[C@@H]1C	CSCC1=C([O-])OC[C@@H]1C
Mol_06156	Mol_06156:atom0	ester	C=C1C(=O)O[C@H]2C[C@@H](C)[C@]34C=C[C@](C)(OO3)[C@@H]4C[C@H]12	0;1;2;3	0;1;2;3;4;5;17;18	C[C@H]1CO[C:1003](=[O:1004])[C:1002]1=[CH2:1001]	C=C1C(=O)OC[C@@H]1C	CSCC1=C([O-])OC[C@@H]1C
Mol_06159	Mol_06159:atom0	ester	C=C1C(=O)O[C@H]2C[C@@](C)(OO)C3=CC[C@@](C)(O)[C@@H]3C[C@H]12	0;1;2;3	0;1;2;3;4;5;18;19	C[C@H]1CO[C:1003](=[O:1004])[C:1002]1=[CH2:1001]	C=C1C(=O)OC[C@@H]1C	CSCC1=C([O-])OC[C@@H]1C
Mol_06161	Mol_06161:atom0	ester	C=C1C(=O)O[C@H]2C[C@H](C)C(CCC(C)=O)=CC[C@H]12	0;1;2;3	0;1;2;3;4;5;16;17	C[C@H]1CO[C:1003](=[O:1004])[C:1002]1=[CH2:1001]	C=C1C(=O)OC[C@@H]1C	CSCC1=C([O-])OC[C@@H]1C
Mol_06162	Mol_06162:atom0	ester	C=C1C(=O)OC2CC(C)C(C(O)CC(C)O)=CCC12	0;1;2;3	0;1;2;3;4;5;17;18	CC1CO[C:1003](=[O:1004])[C:1002]1=[CH2:1001]	C=C1C(=O)OCC1C	CSCC1=C([O-])OCC1C
Mol_06164	Mol_06164:atom0	ester	C=C1C(=O)O[C@H]2CC(=C)[C@@]3(O)CC[C@](C)(O)[C@@H]3C[C@H]12	0;1;2;3	0;1;2;3;4;5;17;18	C[C@H]1CO[C:1003](=[O:1004])[C:1002]1=[CH2:1001]	C=C1C(=O)OC[C@@H]1C	CSCC1=C([O-])OC[C@@H]1C
Mol_06165	Mol_06165:atom0	ester	C=C1C(=O)O[C@H]2CC[C@@H]3CC[C@@](C)(O)[C@@H]3CC12	0;1;2;3	0;1;2;3;4;5;15;16	CC1CO[C:1003](=[O:1004])[C:1002]1=[CH2:1001]	C=C1C(=O)OCC1C	CSCC1=C([O-])OCC1C
Mol_06195	Mol_06195:atom12	ester	COC(=O)[C@]1(O)C[C@@H](OC(=O)/C=C/c2ccc(O)c(O)c2)[C@@H](O)[C@H](OC(=O)/C=C/c2ccc(O)c(O)c2)C1	12;11;9;10	7;8;9;10;11;12;13;14;15;16;18;20	CO[C:1003](/[CH:1002]=[CH:1001]/c1ccccc1)=[O:1004]	COC(=O)/C=C/c1ccccc1	COC([O-])=CC(SC)c1ccccc1
Mol_06195	Mol_06195:atom28	ester	COC(=O)[C@]1(O)C[C@@H](OC(=O)/C=C/c2ccc(O)c(O)c2)[C@@H](O)[C@H](OC(=O)/C=C/c2ccc(O)c(O)c2)C1	28;27;25;26	23;24;25;26;27;28;29;30;31;32;34;36	CO[C:1003](/[CH:1002]=[CH:1001]/c1ccccc1)=[O:1004]	COC(=O)/C=C/c1ccccc1	COC([O-])=CC(SC)c1ccccc1
Mol_06196	Mol_06196:atom12	ester	COC(=O)[C@@]1(O)C[C@H](OC(=O)/C=C/c2ccc(O)c(O)c2)[C@H](OC(=O)/C=C/c2ccc(O)c(O)c2)[C@@H](O)C1	12;11;9;10	7;8;9;10;11;12;13;14;15;16;18;20	CO[C:1003](/[CH:1002]=[CH:1001]/c1ccccc1)=[O:1004]	COC(=O)/C=C/c1ccccc1	COC([O-])=CC(SC)c1ccccc1
Mol_06196	Mol_06196:atom26	ester	COC(=O)[C@@]1(O)C[C@H](OC(=O)/C=C/c2ccc(O)c(O)c2)[C@H](OC(=O)/C=C/c2ccc(O)c(O)c2)[C@@H](O)C1	26;25;23;24	21;22;23;24;25;26;27;28;29;30;32;34	CO[C:1003](/[CH:1002]=[CH:1001]/c1ccccc1)=[O:1004]	COC(=O)/C=C/c1ccccc1	COC([O-])=CC(SC)c1ccccc1
Mol_06205	Mol_06205:atom5	enone	CC(=O)/C(C)=C\C[C@H]1[C@H](C)C(=O)O[C@@H]1/C=C(/C)C=O	5;3;1;2	0;1;2;3;4;5;6;7	CC/[CH:1001]=[C:1002](/C)[C:1003](C)=[O:1004]	CC/C=C(/C)C(C)=O	CCC(SC)C(C)=C(C)[O-]
Mol_06205	Mol_06205:atom14	enal	CC(=O)/C(C)=C\C[C@H]1[C@H](C)C(=O)O[C@@H]1/C=C(/C)C=O	14;15;17;18	7;12;13;14;15;16;17;18	C[C@H](O)/[CH:1001]=[C:1002](/C)[CH:1003]=[O:1004]	C/C(C=O)=C/[C@H](C)O	CSC(C(C)=C[O-])[C@H](C)O
Mol_06206	Mol_06206:atom0	enone	C=C(CC[C@H]1[C@H](C)C(=O)O[C@@H]1/C=C(\C)C=O)C(C)=O	0;1;16;18	0;1;2;3;16;17;18	CC[C:1002](=[CH2:1001])[C:1003](C)=[O:1004]	C=C(CC)C(C)=O	CCC(CSC)=C(C)[O-]
Mol_06206	Mol_06206:atom11	enal	C=C(CC[C@H]1[C@H](C)C(=O)O[C@@H]1/C=C(\C)C=O)C(C)=O	11;12;14;15	4;9;10;11;12;13;14;15	C[C@H](O)/[CH:1001]=[C:1002](\C)[CH:1003]=[O:1004]	C/C(C=O)=C\[C@H](C)O	CSC(C(C)=C[O-])[C@H](C)O
Mol_06214	Mol_06214:atom11	enone	C=C1CC[C@H]2[C@H](C)C(=O)O[C@@H]2/C=C(/C)C(=O)C[C@H]1O	11;12;14;15	4;9;10;11;12;13;14;15;16;17	CC[C:1003](/[C:1002](C)=[CH:1001]\[C@H](C)O)=[O:1004]	CCC(=O)/C(C)=C\[C@H](C)O	CCC([O-])=C(C)C(SC)[C@H](C)O
Mol_06222	Mol_06222:atom0	ester	C=C1C(=O)O[C@]23C[C@H]1[C@@H](O)C[C@H](C)[C@@H]2CC[C@@]3(C)O	0;1;2;3	0;1;2;3;4;5;6;7;8	C[C@@H]1CCO[C:1003](=[O:1004])[C:1002]1=[CH2:1001]	C=C1C(=O)OCC[C@H]1C	CSCC1=C([O-])OCC[C@H]1C
Mol_06224	Mol_06224:atom0	enone	C=C1C(=O)CC2[C@H](C[C@]2(C)CO)C(=C)CC[C@H]1O	0;1;2;3	0;1;2;3;4;5;15;16;17	CC[C:1003]([C:1002]([C@@H](C)O)=[CH2:1001])=[O:1004]	C=C(C(=O)CC)[C@@H](C)O	CCC([O-])=C(CSC)[C@@H](C)O
Mol_06225	Mol_06225:atom8	enone	C=C1CC[C@@H](OC)C(=C)C(=O)CC2[C@@H]1C[C@]2(C)CO	8;7;9;10	3;4;5;7;8;9;10;11;12	CC[C:1003]([C:1002]([C@@H](C)O)=[CH2:1001])=[O:1004]	C=C(C(=O)CC)[C@@H](C)O	CCC([O-])=C(CSC)[C@@H](C)O
Mol_06226	Mol_06226:atom8	enone	C=C1CC[C@@H](OC)C(=C)C(=O)CC2[C@@H]1C[C@]2(C)COC(C)=O	8;7;9;10	3;4;5;7;8;9;10;11;12	CC[C:1003]([C:1002]([C@@H](C)O)=[CH2:1001])=[O:1004]	C=C(C(=O)CC)[C@@H](C)O	CCC([O-])=C(CSC)[C@@H](C)O
Mol_06227	Mol_06227:atom0	enone	C=C1C(=O)CC2[C@H](C[C@]2(C)COC(C)=O)C(=C)CC[C@@H]1OC	0;1;2;3	0;1;2;3;4;5;18;19;20	CC[C:1003]([C:1002]([C@H](C)O)=[CH2:1001])=[O:1004]	C=C(C(=O)CC)[C@H](C)O	CCC([O-])=C(CSC)[C@H](C)O
Mol_06228	Mol_06228:atom7	enone	C=C1CC[C@H](O)C(=C)C(=O)CC2[C@@H]1C[C@]2(C)CO	7;6;8;9	3;4;5;6;7;8;9;10;11	CC[C:1003]([C:1002]([C@H](C)O)=[CH2:1001])=[O:1004]	C=C(C(=O)CC)[C@H](C)O	CCC([O-])=C(CSC)[C@H](C)O
Mol_06229	Mol_06229:atom4	enone	C=C1CC/C=C(/CO)C(=O)CC2[C@@H]1C[C@]2(C)CC	4;5;8;9	2;3;4;5;6;7;8;9;10;11	CC/[CH:1001]=[C:1002](/CO)[C:1003](CC)=[O:1004]	CC/C=C(/CO)C(=O)CC	CCC([O-])=C(CO)C(CC)SC
Mol_06230	Mol_06230:atom4	enone	C=C1CC/C=C(/COC(C)=O)C(=O)CC2[C@@H]1C[C@]2(C)CC	4;5;11;12	2;3;4;5;6;7;11;12;13;14	CC/[CH:1001]=[C:1002](/CO)[C:1003](CC)=[O:1004]	CC/C=C(/CO)C(=O)CC	CCC([O-])=C(CO)C(CC)SC
Mol_06231	Mol_06231:atom4	enone	C=C1CC/C=C(/COC(C)=O)C(=O)CC2[C@@H]1C[C@]2(C)COC(C)=O	4;5;11;12	2;3;4;5;6;7;11;12;13;14	CC/[CH:1001]=[C:1002](/CO)[C:1003](CC)=[O:1004]	CC/C=C(/CO)C(=O)CC	CCC([O-])=C(CO)C(CC)SC
Mol_06232	Mol_06232:atom4	enone	C=C1CC/C=C(/CO)C(=O)CC2[C@@H]1C[C@]2(C)COC(C)=O	4;5;8;9	2;3;4;5;6;7;8;9;10;11	CC/[CH:1001]=[C:1002](/CO)[C:1003](CC)=[O:1004]	CC/C=C(/CO)C(=O)CC	CCC([O-])=C(CO)C(CC)SC
Mol_06235	Mol_06235:atom4	enone	C=C1CC/C=C(/COC)C(=O)CC2[C@@H]1C[C@]2(C)COC(C)=O	4;5;9;10	2;3;4;5;6;7;9;10;11;12	CC/[CH:1001]=[C:1002](/CO)[C:1003](CC)=[O:1004]	CC/C=C(/CO)C(=O)CC	CCC([O-])=C(CO)C(CC)SC
Mol_06236	Mol_06236:atom4	enone	C=C1CC/C=C(/COC/C2=C/CCC(=C)[C@H]3CC(C)(C)C3CC2=O)C(=O)CC2[C@@H]1CC2(C)C	4;5;24;25	2;3;4;5;6;7;24;25;26;27	CC/[CH:1001]=[C:1002](/CO)[C:1003](CC)=[O:1004]	CC/C=C(/CO)C(=O)CC	CCC([O-])=C(CO)C(CC)SC
Mol_06236	Mol_06236:atom10	enone	C=C1CC/C=C(/COC/C2=C/CCC(=C)[C@H]3CC(C)(C)C3CC2=O)C(=O)CC2[C@@H]1CC2(C)C	10;9;22;23	7;8;9;10;11;12;20;21;22;23	CC/[CH:1001]=[C:1002](/CO)[C:1003](CC)=[O:1004]	CC/C=C(/CO)C(=O)CC	CCC([O-])=C(CO)C(CC)SC
Mol_06254	Mol_06254:atom0	ester	C=C1C(=O)O[C@@H]2CC(=C)[C@@]3(OO)CC[C@@H](O)[C@@H]3CC12	0;1;2;3	0;1;2;3;4;5;17;18	CC1CO[C:1003](=[O:1004])[C:1002]1=[CH2:1001]	C=C1C(=O)OCC1C	CSCC1=C([O-])OCC1C
Mol_06255	Mol_06255:atom16	enal	C=C(C(=O)O)[C@@H]1CC[C@@]2(C)CCCC(C=O)=C2C1	16;13;14;15	5;7;8;9;10;11;12;13;14;15;16;17	CC[C:1001]1=[C:1002]([CH:1003]=[O:1004])CCCC1(C)C	CCC1=C(C=O)CCCC1(C)C	CCC1(SC)C(=C[O-])CCCC1(C)C
Mol_06258	Mol_06258:atom0	ester	C=C1C(=O)O[C@@H]2[C@H]3C(C)=CC[C@@H](O)[C@]3(C)[C@H](O)C[C@@H]12	0;1;2;3	0;1;2;3;4;5;17;18	C[C@@H]1CO[C:1003](=[O:1004])[C:1002]1=[CH2:1001]	C=C1C(=O)OC[C@H]1C	CSCC1=C([O-])OC[C@H]1C
Mol_06259	Mol_06259:atom0	ester	C=C1C(=O)O[C@@H]2[C@H]3C(C)=CC[C@@H](OC(=O)/C(C)=C\C)[C@]3(C)[C@H](O)C[C@@H]12	0;1;2;3	0;1;2;3;4;5;23;24	C[C@@H]1CO[C:1003](=[O:1004])[C:1002]1=[CH2:1001]	C=C1C(=O)OC[C@H]1C	CSCC1=C([O-])OC[C@H]1C
Mol_06259	Mol_06259:atom17	ester	C=C1C(=O)O[C@@H]2[C@H]3C(C)=CC[C@@H](OC(=O)/C(C)=C\C)[C@]3(C)[C@H](O)C[C@@H]12	17;15;13;14	11;12;13;14;15;16;17;18	CO[C:1003](/[C:1002](C)=[CH:1001]\C)=[O:1004]	C/C=C(/C)C(=O)OC	COC([O-])=C(C)C(C)SC
Mol_06260	Mol_06260:atom13	ester	C=C1CC[C@@H](O)[C@]2(C)[C@H](O)C[C@H]3C(=C)C(=O)O[C@@H]3[C@@H]12	13;12;14;15	10;11;12;13;14;15;16;17	C[C@@H]1CO[C:1003](=[O:1004])[C:1002]1=[CH2:1001]	C=C1C(=O)OC[C@H]1C	CSCC1=C([O-])OC[C@H]1C
Mol_06266	Mol_06266:atom0	ester	C=C(C(=O)OC)C1CCC2(C)CCCC(C=O)=C2C1	0;1;2;3	0;1;2;3;4;5;6;7;18	CO[C:1003]([C:1002](C(C)C)=[CH2:1001])=[O:1004]	C=C(C(=O)OC)C(C)C	COC([O-])=C(CSC)C(C)C
Mol_06266	Mol_06266:atom17	enal	C=C(C(=O)OC)C1CCC2(C)CCCC(C=O)=C2C1	17;14;15;16	6;8;9;10;11;12;13;14;15;16;17;18	CC[C:1001]1=[C:1002]([CH:1003]=[O:1004])CCCC1(C)C	CCC1=C(C=O)CCCC1(C)C	CCC1(SC)C(=C[O-])CCCC1(C)C
Mol_06267	Mol_06267:atom0	ester	C=C(C(=O)OC)C1CCC2(C)CCCC(CO)=C2C1	0;1;2;3	0;1;2;3;4;5;6;7;18	CO[C:1003]([C:1002](C(C)C)=[CH2:1001])=[O:1004]	C=C(C(=O)OC)C(C)C	COC([O-])=C(CSC)C(C)C
Mol_06268	Mol_06268:atom0	ester	C=C(C(=O)OC)C1CCC2(C)CCCC(COC)=C2C1	0;1;2;3	0;1;2;3;4;5;6;7;19	CO[C:1003]([C:1002](C(C)C)=[CH2:1001])=[O:1004]	C=C(C(=O)OC)C(C)C	COC([O-])=C(CSC)C(C)C
Mol_06269	Mol_06269:atom16	enal	C=C(C(=O)O)C1CCC2(C)CCCC(C=O)=C2C1	16;13;14;15	5;7;8;9;10;11;12;13;14;15;16;17	CC[C:1001]1=[C:1002]([CH:1003]=[O:1004])CCCC1(C)C	CCC1=C(C=O)CCCC1(C)C	CCC1(SC)C(=C[O-])CCCC1(C)C
Mol_06270	Mol_06270:atom0	ester	C=C1C(=O)OC2C1C[C@@H](O)[C@@]1(C)[C@@H]2C(C)=CC[C@@H]1O	0;1;2;3	0;1;2;3;4;5;6;7	CC1CO[C:1003](=[O:1004])[C:1002]1=[CH2:1001]	C=C1C(=O)OCC1C	CSCC1=C([O-])OCC1C
Mol_06271	Mol_06271:atom0	ester	C=C1C(=O)OC2C1C[C@@H](O)[C@]1(C)[C@H](O)CC=C(C)[C@H]21	0;1;2;3	0;1;2;3;4;5;6;7	CC1CO[C:1003](=[O:1004])[C:1002]1=[CH2:1001]	C=C1C(=O)OCC1C	CSCC1=C([O-])OCC1C
Mol_06274	Mol_06274:atom0	ester	C=C1C(=O)O[C@H]2C1C[C@@H](O)C1(C)C(OC(=O)/C(C)=C\C)CC=C(C)[C@H]21	0;1;2;3	0;1;2;3;4;5;6;7	CC1CO[C:1003](=[O:1004])[C:1002]1=[CH2:1001]	C=C1C(=O)OCC1C	CSCC1=C([O-])OCC1C
Mol_06274	Mol_06274:atom18	ester	C=C1C(=O)O[C@H]2C1C[C@@H](O)C1(C)C(OC(=O)/C(C)=C\C)CC=C(C)[C@H]21	18;16;14;15	12;13;14;15;16;17;18;19	CO[C:1003](/[C:1002](C)=[CH:1001]\C)=[O:1004]	C/C=C(/C)C(=O)OC	COC([O-])=C(C)C(C)SC
Mol_06275	Mol_06275:atom0	ester	C=C1C(=O)O[C@H]2C1C[C@@H](OC(=O)CC(C)C)C1(C)[C@@H]2[C@]2(C)O[C@@H]2C[C@@H]1O	0;1;2;3	0;1;2;3;4;5;6;7	CC1CO[C:1003](=[O:1004])[C:1002]1=[CH2:1001]	C=C1C(=O)OCC1C	CSCC1=C([O-])OCC1C
Mol_06276	Mol_06276:atom0	ester	C=C1C(=O)O[C@H]2C1C[C@@H](OC(=O)/C(C)=C\C)C1(C)[C@@H]2[C@]2(C)O[C@@H]2C[C@@H]1O	0;1;2;3	0;1;2;3;4;5;6;7	CC1CO[C:1003](=[O:1004])[C:1002]1=[CH2:1001]	C=C1C(=O)OCC1C	CSCC1=C([O-])OCC1C
Mol_06276	Mol_06276:atom14	ester	C=C1C(=O)O[C@H]2C1C[C@@H](OC(=O)/C(C)=C\C)C1(C)[C@@H]2[C@]2(C)O[C@@H]2C[C@@H]1O	14;12;10;11	8;9;10;11;12;13;14;15	CO[C:1003](/[C:1002](C)=[CH:1001]\C)=[O:1004]	C/C=C(/C)C(=O)OC	COC([O-])=C(C)C(C)SC
Mol_06294	Mol_06294:atom0	ester	C=C1C(=O)O[C@@H]2[C@H]3C(C)=CC(=O)C3=C(C)C[C@H](O[C@@H]3O[C@H](CO)[C@@H](O)[C@H](O)[C@H]3O)[C@@H]12	0;1;2;3	0;1;2;3;4;5;16;29	C[C@@H]1CO[C:1003](=[O:1004])[C:1002]1=[CH2:1001]	C=C1C(=O)OC[C@H]1C	CSCC1=C([O-])OC[C@H]1C
Mol_06294	Mol_06294:atom7	enone	C=C1C(=O)O[C@@H]2[C@H]3C(C)=CC(=O)C3=C(C)C[C@H](O[C@@H]3O[C@H](CO)[C@@H](O)[C@H](O)[C@H]3O)[C@@H]12	7;9;10;11	5;6;7;8;9;10;11;12;13	C=C1[C@@H](C)[C:1001](C)=[CH:1002][C:1003]1=[O:1004]	C=C1C(=O)C=C(C)[C@@H]1C	C=C1C([O-])=CC(C)(SC)[C@@H]1C
Mol_06294	Mol_06294:atom13	enone	C=C1C(=O)O[C@@H]2[C@H]3C(C)=CC(=O)C3=C(C)C[C@H](O[C@@H]3O[C@H](CO)[C@@H](O)[C@H](O)[C@H]3O)[C@@H]12	13;12;10;11	5;6;7;9;10;11;12;13;14;15;16	CC[C:1001](C)=[C:1002]1[C@@H](C)C=C[C:1003]1=[O:1004]	CCC(C)=C1C(=O)C=C[C@@H]1C	CCC(C)(SC)C1=C([O-])C=C[C@@H]1C
Mol_06305	Mol_06305:atom12	enal	C[C@@H]1C(=O)O[C@@H]2/C=C(/CO)CC/C=C(/C=O)C[C@H](O)[C@@H]12	12;13;14;15	10;11;12;13;14;15;16;17	CC/[CH:1001]=[C:1002](\CC)[CH:1003]=[O:1004]	CC/C=C(/C=O)CC	CCC(=C[O-])C(CC)SC
Mol_06306	Mol_06306:atom23	enal	C[C@@H]1C(=O)O[C@@H]2/C=C(\COC3OC(CO)C(O)C(O)C3O)CC/C=C(/C=O)C[C@H](O)[C@@H]12	23;24;25;26	21;22;23;24;25;26;27;28	CC/[CH:1001]=[C:1002](\CC)[CH:1003]=[O:1004]	CC/C=C(/C=O)CC	CCC(=C[O-])C(CC)SC
Mol_06307	Mol_06307:atom0	ester	C=C1C(=O)O[C@@H]2/C=C(\COC3OC(CO)C(O)C(O)C3O)CC/C=C(/C=O)C[C@H](O)[C@@H]12	0;1;2;3	0;1;2;3;4;5;28;30	C[C@@H]1CO[C:1003](=[O:1004])[C:1002]1=[CH2:1001]	C=C1C(=O)OC[C@H]1C	CSCC1=C([O-])OC[C@H]1C
Mol_06307	Mol_06307:atom23	enal	C=C1C(=O)O[C@@H]2/C=C(\COC3OC(CO)C(O)C(O)C3O)CC/C=C(/C=O)C[C@H](O)[C@@H]12	23;24;25;26	21;22;23;24;25;26;27;28	CC/[CH:1001]=[C:1002](\CC)[CH:1003]=[O:1004]	CC/C=C(/C=O)CC	CCC(=C[O-])C(CC)SC
Mol_06308	Mol_06308:atom0	ester	C=C1C(=O)O[C@@H]2/C=C(\COC3OC(COC(=O)Cc4ccc(O)cc4)C(O)C(O)C3O)CC/C=C(/C=O)C[C@H](O)[C@@H]12	0;1;2;3	0;1;2;3;4;5;38;40	C[C@@H]1CO[C:1003](=[O:1004])[C:1002]1=[CH2:1001]	C=C1C(=O)OC[C@H]1C	CSCC1=C([O-])OC[C@H]1C
Mol_06308	Mol_06308:atom33	enal	C=C1C(=O)O[C@@H]2/C=C(\COC3OC(COC(=O)Cc4ccc(O)cc4)C(O)C(O)C3O)CC/C=C(/C=O)C[C@H](O)[C@@H]12	33;34;35;36	31;32;33;34;35;36;37;38	CC/[CH:1001]=[C:1002](\CC)[CH:1003]=[O:1004]	CC/C=C(/C=O)CC	CCC(=C[O-])C(CC)SC
Mol_06309	Mol_06309:atom0	ester	C=C1C(=O)O[C@@H]2/C=C(\COC3OC(COC(=O)Cc4ccc(O)cc4)C(O)C(O)C3O)CC/C=C3\C[C@H](OC3OC)[C@@H]12	0;1;2;3	0;1;2;3;4;5;36;41	C[C@@H]1CO[C:1003](=[O:1004])[C:1002]1=[CH2:1001]	C=C1C(=O)OC[C@H]1C	CSCC1=C([O-])OC[C@H]1C
Mol_06310	Mol_06310:atom1	enone	CC(C)=C1C[C@@]2(C)C(=CC1=O)CCC[C@@H]2C	1;3;9;10	0;1;2;3;4;5;7;8;9;10	C[C:1001](C)=[C:1002]1CCC=C[C:1003]1=[O:1004]	CC(C)=C1CCC=CC1=O	CSC(C)(C)C1=C([O-])C=CCC1
Mol_06310	Mol_06310:atom7	enone	CC(C)=C1C[C@@]2(C)C(=CC1=O)CCC[C@@H]2C	7;8;9;10	1;3;4;5;6;7;8;9;10;11;12;14	C=C1CC(C)(C)[C:1001](CC)=[CH:1002][C:1003]1=[O:1004]	C=C1CC(C)(C)C(CC)=CC1=O	C=C1CC(C)(C)C(CC)(SC)C=C1[O-]
Mol_06311	Mol_06311:atom1	enone	CC(C)=C1C[C@@]2(C)C(=CC1=O)[C@H](O)CC[C@@H]2C	1;3;9;10	0;1;2;3;4;5;7;8;9;10	C[C:1001](C)=[C:1002]1CCC=C[C:1003]1=[O:1004]	CC(C)=C1CCC=CC1=O	CSC(C)(C)C1=C([O-])C=CCC1
Mol_06311	Mol_06311:atom7	enone	CC(C)=C1C[C@@]2(C)C(=CC1=O)[C@H](O)CC[C@@H]2C	7;8;9;10	1;3;4;5;6;7;8;9;10;11;12;13;15	C=C1CC(C)(C)[C:1001]([C@@H](C)O)=[CH:1002][C:1003]1=[O:1004]	C=C1CC(C)(C)C([C@@H](C)O)=CC1=O	C=C1CC(C)(C)C(SC)([C@@H](C)O)C=C1[O-]
Mol_06312	Mol_06312:atom1	enone	CC(C)=C1C[C@@]2(C)C(=CC1=O)[C@@H](O)CC[C@@H]2C	1;3;9;10	0;1;2;3;4;5;7;8;9;10	C[C:1001](C)=[C:1002]1CCC=C[C:1003]1=[O:1004]	CC(C)=C1CCC=CC1=O	CSC(C)(C)C1=C([O-])C=CCC1
Mol_06312	Mol_06312:atom7	enone	CC(C)=C1C[C@@]2(C)C(=CC1=O)[C@@H](O)CC[C@@H]2C	7;8;9;10	1;3;4;5;6;7;8;9;10;11;12;13;15	C=C1CC(C)(C)[C:1001]([C@H](C)O)=[CH:1002][C:1003]1=[O:1004]	C=C1CC(C)(C)C([C@H](C)O)=CC1=O	C=C1CC(C)(C)C(SC)([C@H](C)O)C=C1[O-]
Mol_06313	Mol_06313:atom5	enone	C[C@H]1CCCC2=CC(=O)C(C(C)(C)O)=C[C@@]21C	5;6;7;8	1;3;4;5;6;7;8;9;10;14;15;16	CC[C:1001]1=[CH:1002][C:1003](=[O:1004])C(C)=CC1(C)C	CCC1=CC(=O)C(C)=CC1(C)C	CCC1(SC)C=C([O-])C(C)=CC1(C)C
Mol_06313	Mol_06313:atom14	enone	C[C@H]1CCCC2=CC(=O)C(C(C)(C)O)=C[C@@]21C	14;9;7;8	1;5;6;7;8;9;10;11;12;13;14;15;16	CC1(C)C=C[C:1003](=[O:1004])[C:1002](C(C)(C)O)=[CH:1001]1	CC1(C)C=CC(=O)C(C(C)(C)O)=C1	CSC1C(C(C)(C)O)=C([O-])C=CC1(C)C
Mol_06322	Mol_06322:atom5	enone	CC(=O)O[C@H]1C=C(CO)C(=O)[C@H](O)[C@H]1C(C)C	5;6;9;10	3;4;5;6;7;8;9;10;11;12;13	OC[C:1002]1=[CH:1001][C@H](O)C[C@@H](O)[C:1003]1=[O:1004]	O=C1C(CO)=C[C@H](O)C[C@H]1O	CSC1C(CO)=C([O-])[C@H](O)C[C@H]1O
Mol_06323	Mol_06323:atom1	ester	C/C=C(\C)C(=O)O[C@H]1C(=O)C(CO)=C[C@H](O)[C@@H]1C(C)C	1;2;4;5	0;1;2;3;4;5;6;7	CO[C:1003](/[C:1002](C)=[CH:1001]/C)=[O:1004]	C/C=C(\C)C(=O)OC	COC([O-])=C(C)C(C)SC
Mol_06323	Mol_06323:atom13	enone	C/C=C(\C)C(=O)O[C@H]1C(=O)C(CO)=C[C@H](O)[C@@H]1C(C)C	13;10;8;9	6;7;8;9;10;11;12;13;14;15;16	OC[C:1002]1=[CH:1001][C@H](O)C[C@@H](O)[C:1003]1=[O:1004]	O=C1C(CO)=C[C@H](O)C[C@H]1O	CSC1C(CO)=C([O-])[C@H](O)C[C@H]1O
Mol_06324	Mol_06324:atom1	ester	C/C=C(\C)C(=O)O[C@H]1C=C(CO)C(=O)[C@H](OC(C)=O)[C@H]1C(C)C	1;2;4;5	0;1;2;3;4;5;6;7	CO[C:1003](/[C:1002](C)=[CH:1001]/C)=[O:1004]	C/C=C(\C)C(=O)OC	COC([O-])=C(C)C(C)SC
Mol_06324	Mol_06324:atom8	enone	C/C=C(\C)C(=O)O[C@H]1C=C(CO)C(=O)[C@H](OC(C)=O)[C@H]1C(C)C	8;9;12;13	6;7;8;9;10;11;12;13;14;15;19	OC[C:1002]1=[CH:1001][C@H](O)C[C@@H](O)[C:1003]1=[O:1004]	O=C1C(CO)=C[C@H](O)C[C@H]1O	CSC1C(CO)=C([O-])[C@H](O)C[C@H]1O
Mol_06325	Mol_06325:atom0	ester	C=C(CCO)C(=O)O[C@H]1C=C(CO)C(=O)[C@H](OC(C)=O)[C@H]1C(C)C	0;1;5;6	0;1;2;3;5;6;7;8	CC[C:1002](=[CH2:1001])[C:1003](OC)=[O:1004]	C=C(CC)C(=O)OC	CCC(CSC)=C([O-])OC
Mol_06325	Mol_06325:atom9	enone	C=C(CCO)C(=O)O[C@H]1C=C(CO)C(=O)[C@H](OC(C)=O)[C@H]1C(C)C	9;10;13;14	7;8;9;10;11;12;13;14;15;16;20	OC[C:1002]1=[CH:1001][C@H](O)C[C@@H](O)[C:1003]1=[O:1004]	O=C1C(CO)=C[C@H](O)C[C@H]1O	CSC1C(CO)=C([O-])[C@H](O)C[C@H]1O
Mol_06326	Mol_06326:atom1	ester	C/C=C(\C)C(=O)O[C@H]1C=C(CO)[C@H](OC(=O)/C(C)=C/C)[C@H](OC(C)=O)[C@H]1C(C)C	1;2;4;5	0;1;2;3;4;5;6;7	CO[C:1003](/[C:1002](C)=[CH:1001]/C)=[O:1004]	C/C=C(\C)C(=O)OC	COC([O-])=C(C)C(C)SC
Mol_06326	Mol_06326:atom18	ester	C/C=C(\C)C(=O)O[C@H]1C=C(CO)[C@H](OC(=O)/C(C)=C/C)[C@H](OC(C)=O)[C@H]1C(C)C	18;16;14;15	12;13;14;15;16;17;18;19	CO[C:1003](/[C:1002](C)=[CH:1001]/C)=[O:1004]	C/C=C(\C)C(=O)OC	COC([O-])=C(C)C(C)SC
Mol_06333	Mol_06333:atom0	ester	C=C1C(=O)O[C@H]2C1CC[C@]1(C)[C@@H]2[C@H](C=O)CC[C@H]1O	0;1;2;3	0;1;2;3;4;5;6;7	CC1CO[C:1003](=[O:1004])[C:1002]1=[CH2:1001]	C=C1C(=O)OCC1C	CSCC1=C([O-])OCC1C
Mol_06335	Mol_06335:atom0	ester	C=C1C(=O)O[C@H]2C1CC[C@]1(C)[C@@H]2[C@H](CO)CC[C@H]1O	0;1;2;3	0;1;2;3;4;5;6;7	CC1CO[C:1003](=[O:1004])[C:1002]1=[CH2:1001]	C=C1C(=O)OCC1C	CSCC1=C([O-])OCC1C
Mol_06338	Mol_06338:atom0	ester	C=C1C(=O)O[C@@H]2C3=C(C)CC[C@@H]3[C@@](C)(O)CC12	0;1;2;3	0;1;2;3;4;5;15;16	CC1CO[C:1003](=[O:1004])[C:1002]1=[CH2:1001]	C=C1C(=O)OCC1C	CSCC1=C([O-])OCC1C
Mol_06352	Mol_06352:atom11	ester	C=C1CC[C@H]2C(=C)CC[C@H]3C(=C)C(=O)O[C@@H]3[C@@H]12	11;10;12;13	8;9;10;11;12;13;14;15	C[C@@H]1CO[C:1003](=[O:1004])[C:1002]1=[CH2:1001]	C=C1C(=O)OC[C@H]1C	CSCC1=C([O-])OC[C@H]1C
Mol_06353	Mol_06353:atom0	ester	C=C1C(=O)O[C@@H]2/C=C(/C)C3=CC(=O)[C@@](C)(C[C@H](OC(=O)/C(C)=C\C)[C@@H]12)O3	0;1;2;3	0;1;2;3;4;5;16;24	C[C@@H]1CO[C:1003](=[O:1004])[C:1002]1=[CH2:1001]	C=C1C(=O)OC[C@H]1C	CSCC1=C([O-])OC[C@H]1C
Mol_06353	Mol_06353:atom9	enone	C=C1C(=O)O[C@@H]2/C=C(/C)C3=CC(=O)[C@@](C)(C[C@H](OC(=O)/C(C)=C\C)[C@@H]12)O3	9;10;11;12	6;7;8;9;10;11;12;13;14;15;25	C=C(C)[C:1001]1=[CH:1002][C:1003](=[O:1004])C(C)(C)O1	C=C(C)C1=CC(=O)C(C)(C)O1	C=C(C)C1(SC)C=C([O-])C(C)(C)O1
Mol_06353	Mol_06353:atom22	ester	C=C1C(=O)O[C@@H]2/C=C(/C)C3=CC(=O)[C@@](C)(C[C@H](OC(=O)/C(C)=C\C)[C@@H]12)O3	22;20;18;19	16;17;18;19;20;21;22;23	CO[C:1003](/[C:1002](C)=[CH:1001]\C)=[O:1004]	C/C=C(/C)C(=O)OC	COC([O-])=C(C)C(C)SC
Mol_06354	Mol_06354:atom11	enone	C=C(C)[C@@]1(O)O[C@H]2C[C@@]3(C)OC(=CC3=O)/C(C)=C\[C@H]3OC(=O)[C@@]1(C)[C@H]23	11;12;13;14	7;8;9;10;11;12;13;14;15;16;17	C=C(C)[C:1001]1=[CH:1002][C:1003](=[O:1004])C(C)(C)O1	C=C(C)C1=CC(=O)C(C)(C)O1	C=C(C)C1(SC)C=C([O-])C(C)(C)O1
Mol_06355	Mol_06355:atom0	ester	C=C1C(=O)O[C@@H]2CCN3CC=C(COC(=O)[C@](C)(O)[C@H](C)[C@H]1C)[C@H]23	0;1;2;3	0;1;2;3;4;5;19;21;22	CO[C:1003]([C:1002](C(C)C)=[CH2:1001])=[O:1004]	C=C(C(=O)OC)C(C)C	COC([O-])=C(CSC)C(C)C
Mol_06356	Mol_06356:atom1	ester	C/C=C1/C[C@@H](C)[C@@](C)(O)C(=O)OCC2=CCN3CC[C@@H](OC1=O)[C@@H]23	1;2;21;22	0;1;2;3;4;19;20;21;22	CC/[C:1002](=[CH:1001]/C)[C:1003](OC)=[O:1004]	C/C=C(/CC)C(=O)OC	CCC(=C([O-])OC)C(C)SC
Mol_06357	Mol_06357:atom4	ester	C=C1C/C(=C/C)C(=O)O[C@@H]2CCN3CC=C(COC(=O)[C@]1(C)O)[C@H]23	4;3;6;7	1;2;3;4;5;6;7;8;9	CC/[C:1002](=[CH:1001]/C)[C:1003](OC)=[O:1004]	C/C=C(/CC)C(=O)OC	CCC(=C([O-])OC)C(C)SC
Mol_06359	Mol_06359:atom16	enone	C[C@@H]1CC2(O[C@@H]2C)C(=O)O[C@@H]2CCN(C)CC=C(COC(=O)C1(C)O)C2=O	16;17;25;26	9;10;11;13;15;16;17;18;19;25;26	C[C@@H](O)[C:1003]([C:1002](CO)=[CH:1001]CN)=[O:1004]	C[C@@H](O)C(=O)C(=CCN)CO	CSC(CN)C(CO)=C([O-])[C@@H](C)O
Mol_06360	Mol_06360:atom16	enone	CC(Cl)C1(O)C[C@H](C)[C@](C)(O)C(=O)OCC2=CCN(C)CC[C@H](OC1=O)C2=O	16;15;26;27	13;14;15;16;17;18;21;22;23;26;27	C[C@H](O)[C:1003]([C:1002](CO)=[CH:1001]CN)=[O:1004]	C[C@H](O)C(=O)C(=CCN)CO	CSC(CN)C(CO)=C([O-])[C@H](C)O
Mol_06361	Mol_06361:atom11	enone	CC(=O)O[C@@]1(C)C(=O)OCC2=CCN(C)CC[C@@H](OC(=O)C3(C[C@H]1C)O[C@H]3C)C2=O	11;10;28;29	8;9;10;11;12;13;16;17;18;28;29	C[C@@H](O)[C:1003]([C:1002](CO)=[CH:1001]CN)=[O:1004]	C[C@@H](O)C(=O)C(=CCN)CO	CSC(CN)C(CO)=C([O-])[C@@H](C)O
Mol_06362	Mol_06362:atom11	enone	CC(=O)O[C@@]1(C)C(=O)OCC2=CCN(C)CC[C@@H](OC(=O)C(O)(C(C)O)C[C@H]1C)C2=O	11;10;29;30	8;9;10;11;12;13;16;17;18;29;30	C[C@@H](O)[C:1003]([C:1002](CO)=[CH:1001]CN)=[O:1004]	C[C@@H](O)C(=O)C(=CCN)CO	CSC(CN)C(CO)=C([O-])[C@@H](C)O
Mol_06363	Mol_06363:atom11	enone	CC(=O)O[C@@]1(C)C(=O)OCC2=CCN(C)CC[C@@H](OC(=O)[C@@](O)([C@@H](C)Cl)C[C@H]1C)C2=O	11;10;29;30	8;9;10;11;12;13;16;17;18;29;30	C[C@@H](O)[C:1003]([C:1002](CO)=[CH:1001]CN)=[O:1004]	C[C@@H](O)C(=O)C(=CCN)CO	CSC(CN)C(CO)=C([O-])[C@@H](C)O
Mol_06373	Mol_06373:atom1	ester	C/C=C1/C[C@@]2(CO)O[C@@]2(C)C(=O)OCC2=CCN3CC[C@@H](OC1=O)[C@@H]23	1;2;22;23	0;1;2;3;4;20;21;22;23	CC/[C:1002](=[CH:1001]/C)[C:1003](OC)=[O:1004]	C/C=C(/CC)C(=O)OC	CCC(=C([O-])OC)C(C)SC
Mol_06376	Mol_06376:atom1	ester	C/C=C1/C[C@@H](C)[C@@](C)(O)C(=O)OCC2=CCN(C)CC[C@@H](OC1=O)C2=O	1;2;22;23	0;1;2;3;4;20;21;22;23	CC/[C:1002](=[CH:1001]/C)[C:1003](OC)=[O:1004]	C/C=C(/CC)C(=O)OC	CCC(=C([O-])OC)C(C)SC
Mol_06376	Mol_06376:atom14	enone	C/C=C1/C[C@@H](C)[C@@](C)(O)C(=O)OCC2=CCN(C)CC[C@@H](OC1=O)C2=O	14;13;24;25	11;12;13;14;15;16;19;20;21;24;25	C[C@@H](O)[C:1003]([C:1002](CO)=[CH:1001]CN)=[O:1004]	C[C@@H](O)C(=O)C(=CCN)CO	CSC(CN)C(CO)=C([O-])[C@@H](C)O
Mol_06377	Mol_06377:atom4	ester	C=C1C/C(=C/C)C(=O)O[C@@H]2CCN(C)CC=C(COC(=O)[C@]1(C)O)C2=O	4;3;6;7	1;2;3;4;5;6;7;8;9	CC/[C:1002](=[CH:1001]/C)[C:1003](OC)=[O:1004]	C/C=C(/CC)C(=O)OC	CCC(=C([O-])OC)C(C)SC
Mol_06377	Mol_06377:atom15	enone	C=C1C/C(=C/C)C(=O)O[C@@H]2CCN(C)CC=C(COC(=O)[C@]1(C)O)C2=O	15;16;24;25	8;9;10;12;14;15;16;17;18;24;25	C[C@@H](O)[C:1003]([C:1002](CO)=[CH:1001]CN)=[O:1004]	C[C@@H](O)C(=O)C(=CCN)CO	CSC(CN)C(CO)=C([O-])[C@@H](C)O
Mol_06380	Mol_06380:atom4	ester	C=C1C/C(=C\C)C(=O)O[C@H]2CCN3CC=C(COC(=O)[C@]1(C)O)C23	4;3;6;7	1;2;3;4;5;6;7;8;9	CC/[C:1002](=[CH:1001]\C)[C:1003](OC)=[O:1004]	C/C=C(\CC)C(=O)OC	CCC(=C([O-])OC)C(C)SC
Mol_06381	Mol_06381:atom1	ester	C/C=C1\C[C@@H](C)[C@@](C)(O)C(=O)OCC2=CCN3CC[C@@H](OC1=O)[C@@H]23	1;2;21;22	0;1;2;3;4;19;20;21;22	CC/[C:1002](=[CH:1001]\C)[C:1003](OC)=[O:1004]	C/C=C(\CC)C(=O)OC	CCC(=C([O-])OC)C(C)SC
Mol_06418	Mol_06418:atom1	ester	C/C=C1/C[C@@H](C)[C@@](C)(O)C(=O)OCC2=CCN(C)CC[C@H](OC1=O)C2=O	1;2;22;23	0;1;2;3;4;20;21;22;23	CC/[C:1002](=[CH:1001]/C)[C:1003](OC)=[O:1004]	C/C=C(/CC)C(=O)OC	CCC(=C([O-])OC)C(C)SC
Mol_06418	Mol_06418:atom14	enone	C/C=C1/C[C@@H](C)[C@@](C)(O)C(=O)OCC2=CCN(C)CC[C@H](OC1=O)C2=O	14;13;24;25	11;12;13;14;15;16;19;20;21;24;25	C[C@H](O)[C:1003]([C:1002](CO)=[CH:1001]CN)=[O:1004]	C[C@H](O)C(=O)C(=CCN)CO	CSC(CN)C(CO)=C([O-])[C@H](C)O
Mol_06424	Mol_06424:atom1	ester	C/C=C1\C[C@@H](C)[C@](O)(CO)C(=O)OCC2=CCN3CC[C@@H](OC1=O)[C@@H]23	1;2;22;23	0;1;2;3;4;20;21;22;23	CC/[C:1002](=[CH:1001]\C)[C:1003](OC)=[O:1004]	C/C=C(\CC)C(=O)OC	CCC(=C([O-])OC)C(C)SC
Mol_06455	Mol_06455:atom1	ester	C/C=C1/C[C@]2(COC(C)=O)O[C@@]2(C)C(=O)OCC2=CCN3CC[C@@H](OC1=O)[C@@H]23	1;2;25;26	0;1;2;3;4;23;24;25;26	CC/[C:1002](=[CH:1001]/C)[C:1003](OC)=[O:1004]	C/C=C(/CC)C(=O)OC	CCC(=C([O-])OC)C(C)SC
Mol_06515	Mol_06515:atom2	ester	CC1=C2C[C@@]3(C)C(=C[C@H]2OC1=O)[C@H](O)CC[C@@H]3C	2;1;10;11	0;1;2;3;4;7;8;9;10;11	CC[C:1001]1=[C:1002](C)[C:1003](=[O:1004])O[C@@H]1C	CCC1=C(C)C(=O)O[C@@H]1C	CCC1(SC)C(C)=C([O-])O[C@@H]1C
Mol_06516	Mol_06516:atom2	ester	CC1=C2C[C@@]3(C)C(=C[C@@]2(O)OC1=O)[C@H](O)CC[C@@H]3C	2;1;11;12	0;1;2;3;4;7;8;9;10;11;12	CC[C:1001]1=[C:1002](C)[C:1003](=[O:1004])O[C@@]1(C)O	CCC1=C(C)C(=O)O[C@@]1(C)O	CCC1(SC)C(C)=C([O-])O[C@@]1(C)O
Mol_06517	Mol_06517:atom14	ester	CO[C@@]12C=C3[C@H](O)CC[C@H](C)[C@@]3(C)CC1=C(C)C(=O)O2	14;15;17;18	1;2;3;11;13;14;15;16;17;18;19	CC[C:1001]1=[C:1002](C)[C:1003](=[O:1004])O[C@@]1(C)O	CCC1=C(C)C(=O)O[C@@]1(C)O	CCC1(SC)C(C)=C([O-])O[C@@]1(C)O
Mol_06519	Mol_06519:atom2	ester	CC1=C2C[C@]3(C)[C@@H](C)CC[C@H]4O[C@]43C[C@@]2(O)OC1=O	2;1;17;18	0;1;2;3;4;13;14;15;16;17;18	CC[C:1001]1=[C:1002](C)[C:1003](=[O:1004])O[C@@]1(C)O	CCC1=C(C)C(=O)O[C@@]1(C)O	CCC1(SC)C(C)=C([O-])O[C@@]1(C)O
Mol_06520	Mol_06520:atom14	ester	CO[C@@]12C[C@@]34O[C@@H]3CC[C@H](C)[C@@]4(C)CC1=C(C)C(=O)O2	14;15;17;18	1;2;3;11;13;14;15;16;17;18;19	CC[C:1001]1=[C:1002](C)[C:1003](=[O:1004])O[C@@]1(C)O	CCC1=C(C)C(=O)O[C@@]1(C)O	CCC1(SC)C(C)=C([O-])O[C@@]1(C)O
Mol_06521	Mol_06521:atom2	ester	CC1=C2C[C@@]3(C)[C@H](C)CCC(=O)[C@@H]3C[C@@H]2OC1=O	2;1;16;17	0;1;2;3;4;13;14;15;16;17	CC[C:1001]1=[C:1002](C)[C:1003](=[O:1004])O[C@H]1C	CCC1=C(C)C(=O)O[C@H]1C	CCC1(SC)C(C)=C([O-])O[C@H]1C
Mol_06522	Mol_06522:atom2	ester	CC1=C2C[C@]3(C)[C@@H](C)CCC(=O)[C@@]3(O)C[C@H]2OC1=O	2;1;17;18	0;1;2;3;4;14;15;16;17;18	CC[C:1001]1=[C:1002](C)[C:1003](=[O:1004])O[C@@H]1C	CCC1=C(C)C(=O)O[C@@H]1C	CCC1(SC)C(C)=C([O-])O[C@@H]1C
Mol_06523	Mol_06523:atom2	ester	CC1=C2C[C@@]3(C)[C@H](C)CCC(=O)[C@@H]3C[C@]2(O)OC1=O	2;1;17;18	0;1;2;3;4;13;14;15;16;17;18	CC[C:1001]1=[C:1002](C)[C:1003](=[O:1004])O[C@]1(C)O	CCC1=C(C)C(=O)O[C@]1(C)O	CCC1(SC)C(C)=C([O-])O[C@]1(C)O
Mol_06712	Mol_06712:atom0	ester	C=C1C(=O)O[C@H](C2=C(C)[C@@H](OC)CC2=O)[C@H]1CCC(C)=O	0;1;2;3	0;1;2;3;4;5;15;16	C[C@@H]1CO[C:1003](=[O:1004])[C:1002]1=[CH2:1001]	C=C1C(=O)OC[C@H]1C	CSCC1=C([O-])OC[C@H]1C
Mol_06712	Mol_06712:atom7	enone	C=C1C(=O)O[C@H](C2=C(C)[C@@H](OC)CC2=O)[C@H]1CCC(C)=O	7;6;13;14	4;5;6;7;8;9;10;12;13;14;15	C[C@H](O)[C:1002]1=[C:1001](C)[C@@H](O)C[C:1003]1=[O:1004]	CC1=C([C@H](C)O)C(=O)C[C@@H]1O	CSC1(C)C([C@H](C)O)=C([O-])C[C@@H]1O
Mol_06719	Mol_06719:atom0	ester	C=C(C(=O)OC)[C@H]1CC[C@@]2(C)CC[C@@H](O)[C@@]2(C(C)=O)C1	0;1;2;3	0;1;2;3;4;5;6;7;19	CO[C:1003]([C:1002](C(C)C)=[CH2:1001])=[O:1004]	C=C(C(=O)OC)C(C)C	COC([O-])=C(CSC)C(C)C
Mol_06720	Mol_06720:atom0	ester	C=C(C(=O)OC)[C@@H]1CC[C@@]2(C)CCC[C@@](C)(O)[C@@H]2C1	0;1;2;3	0;1;2;3;4;5;6;7;18	CO[C:1003]([C:1002](C(C)C)=[CH2:1001])=[O:1004]	C=C(C(=O)OC)C(C)C	COC([O-])=C(CSC)C(C)C
Mol_06722	Mol_06722:atom10	enone	C=C(C(=O)O)[C@@H]1CC[C@@]2(C)C=CC(=O)[C@@H](C)[C@@H]2C1	10;11;12;13	7;8;9;10;11;12;13;14;15;16	C[C@H]1CC(C)(C)[CH:1001]=[CH:1002][C:1003]1=[O:1004]	C[C@H]1CC(C)(C)C=CC1=O	CSC1C=C([O-])[C@@H](C)CC1(C)C
Mol_06758	Mol_06758:atom0	ester	C=C1C(=O)O[C@@H]2/C=C(\CO)CC/C=C(/C=O)C[C@H](O)[C@@H]12	0;1;2;3	0;1;2;3;4;5;17;19	C[C@@H]1CO[C:1003](=[O:1004])[C:1002]1=[CH2:1001]	C=C1C(=O)OC[C@H]1C	CSCC1=C([O-])OC[C@H]1C
Mol_06758	Mol_06758:atom12	enal	C=C1C(=O)O[C@@H]2/C=C(\CO)CC/C=C(/C=O)C[C@H](O)[C@@H]12	12;13;14;15	10;11;12;13;14;15;16;17	CC/[CH:1001]=[C:1002](\CC)[CH:1003]=[O:1004]	CC/C=C(/C=O)CC	CCC(=C[O-])C(CC)SC
Mol_06759	Mol_06759:atom0	ester	C=C1C(=O)O[C@@H]2/C=C(\COC3OC(CO)C(OC(=O)Cc4ccc(O)cc4)C(O)C3O)CC/C=C(/C=O)C[C@H](O)[C@@H]12	0;1;2;3	0;1;2;3;4;5;38;40	C[C@@H]1CO[C:1003](=[O:1004])[C:1002]1=[CH2:1001]	C=C1C(=O)OC[C@H]1C	CSCC1=C([O-])OC[C@H]1C
Mol_06759	Mol_06759:atom33	enal	C=C1C(=O)O[C@@H]2/C=C(\COC3OC(CO)C(OC(=O)Cc4ccc(O)cc4)C(O)C3O)CC/C=C(/C=O)C[C@H](O)[C@@H]12	33;34;35;36	31;32;33;34;35;36;37;38	CC/[CH:1001]=[C:1002](\CC)[CH:1003]=[O:1004]	CC/C=C(/C=O)CC	CCC(=C[O-])C(CC)SC
Mol_06760	Mol_06760:atom0	ester	C=C1C(=O)O[C@@H]2/C=C(\CO[C@@H]3O[C@H](CO)[C@@H](O)[C@H](O)[C@H]3O)CC/C=C(/C=O)C[C@H](O)[C@@H]12	0;1;2;3	0;1;2;3;4;5;28;30	C[C@@H]1CO[C:1003](=[O:1004])[C:1002]1=[CH2:1001]	C=C1C(=O)OC[C@H]1C	CSCC1=C([O-])OC[C@H]1C
Mol_06760	Mol_06760:atom23	enal	C=C1C(=O)O[C@@H]2/C=C(\CO[C@@H]3O[C@H](CO)[C@@H](O)[C@H](O)[C@H]3O)CC/C=C(/C=O)C[C@H](O)[C@@H]12	23;24;25;26	21;22;23;24;25;26;27;28	CC/[CH:1001]=[C:1002](\CC)[CH:1003]=[O:1004]	CC/C=C(/C=O)CC	CCC(=C[O-])C(CC)SC
Mol_06763	Mol_06763:atom12	enal	C[C@@H]1C(=O)O[C@@H]2/C=C(\CO)CC/C=C(/C=O)C[C@H](O)[C@@H]12	12;13;14;15	10;11;12;13;14;15;16;17	CC/[CH:1001]=[C:1002](\CC)[CH:1003]=[O:1004]	CC/C=C(/C=O)CC	CCC(=C[O-])C(CC)SC
Mol_06766	Mol_06766:atom12	enal	C[C@H]1C(=O)O[C@@H]2/C=C(\CO)CC/C=C(/C=O)C[C@H](O)[C@H]21	12;13;14;15	10;11;12;13;14;15;16;17	CC/[CH:1001]=[C:1002](\CC)[CH:1003]=[O:1004]	CC/C=C(/C=O)CC	CCC(=C[O-])C(CC)SC
Mol_06767	Mol_06767:atom12	ester	C[C@@H]1C(=O)O[C@@H]2/C=C(\CO)CC/C=C3\C[C@H](OC3=O)[C@@H]12	12;13;17;18	10;11;12;13;14;15;16;17;18	CC/[CH:1001]=[C:1002]1\CCO[C:1003]1=[O:1004]	CC/C=C1\CCOC1=O	CCC(SC)C1=C([O-])OCC1
Mol_06768	Mol_06768:atom0	ester	C=C1C(=O)O[C@@H]2/C=C(\COC3OC(CO)C(O)C(O)C3O)CC/C=C3\C[C@H](OC3=O)[C@@H]12	0;1;2;3	0;1;2;3;4;5;26;30	C[C@@H]1CO[C:1003](=[O:1004])[C:1002]1=[CH2:1001]	C=C1C(=O)OC[C@H]1C	CSCC1=C([O-])OC[C@H]1C
Mol_06768	Mol_06768:atom23	ester	C=C1C(=O)O[C@@H]2/C=C(\COC3OC(CO)C(O)C(O)C3O)CC/C=C3\C[C@H](OC3=O)[C@@H]12	23;24;28;29	21;22;23;24;25;26;27;28;29	CC/[CH:1001]=[C:1002]1\CCO[C:1003]1=[O:1004]	CC/C=C1\CCOC1=O	CCC(SC)C1=C([O-])OCC1
Mol_06769	Mol_06769:atom0	ester	C=C1C(=O)O[C@@H]2/C=C(\COC3OC(COC(=O)Cc4ccc(O)cc4)C(O)C(O)C3O)CC/C=C3\C[C@H](OC3=O)[C@@H]12	0;1;2;3	0;1;2;3;4;5;36;40	C[C@@H]1CO[C:1003](=[O:1004])[C:1002]1=[CH2:1001]	C=C1C(=O)OC[C@H]1C	CSCC1=C([O-])OC[C@H]1C
Mol_06769	Mol_06769:atom33	ester	C=C1C(=O)O[C@@H]2/C=C(\COC3OC(COC(=O)Cc4ccc(O)cc4)C(O)C(O)C3O)CC/C=C3\C[C@H](OC3=O)[C@@H]12	33;34;38;39	31;32;33;34;35;36;37;38;39	CC/[CH:1001]=[C:1002]1\CCO[C:1003]1=[O:1004]	CC/C=C1\CCOC1=O	CCC(SC)C1=C([O-])OCC1
Mol_06770	Mol_06770:atom0	ester	C=C1C(=O)O[C@@H]2/C=C(\COC3OC(CO)C(O)C(O)C3OC(=O)Cc3ccc(O)cc3)CC/C=C(/C=O)C[C@H](O)[C@@H]12	0;1;2;3	0;1;2;3;4;5;38;40	C[C@@H]1CO[C:1003](=[O:1004])[C:1002]1=[CH2:1001]	C=C1C(=O)OC[C@H]1C	CSCC1=C([O-])OC[C@H]1C
Mol_06770	Mol_06770:atom33	enal	C=C1C(=O)O[C@@H]2/C=C(\COC3OC(CO)C(O)C(O)C3OC(=O)Cc3ccc(O)cc3)CC/C=C(/C=O)C[C@H](O)[C@@H]12	33;34;35;36	31;32;33;34;35;36;37;38	CC/[CH:1001]=[C:1002](\CC)[CH:1003]=[O:1004]	CC/C=C(/C=O)CC	CCC(=C[O-])C(CC)SC
Mol_06771	Mol_06771:atom0	ester	C=C1C(=O)O[C@H]2C[C@](O)(CCl)[C@@H]3C[C@H](OC(=O)CC)C(=C)[C@@]3(O)C[C@H]12	0;1;2;3	0;1;2;3;4;5;23;24	C[C@H]1CO[C:1003](=[O:1004])[C:1002]1=[CH2:1001]	C=C1C(=O)OC[C@@H]1C	CSCC1=C([O-])OC[C@@H]1C
Mol_06772	Mol_06772:atom0	ester	C=C1C(=O)O[C@H]2CC(=C)[C@@H]3C[C@@H](OC(C)=O)C(=C)[C@]3(O)C[C@H]12	0;1;2;3	0;1;2;3;4;5;20;21	C[C@H]1CO[C:1003](=[O:1004])[C:1002]1=[CH2:1001]	C=C1C(=O)OC[C@@H]1C	CSCC1=C([O-])OC[C@@H]1C
Mol_06773	Mol_06773:atom0	ester	C=C1C(=O)O[C@H]2CC3(CO3)[C@@H]3C[C@H](C(C)=O)C(=C)[C@]3(O)C[C@H]12	0;1;2;3	0;1;2;3;4;5;20;21	C[C@H]1CO[C:1003](=[O:1004])[C:1002]1=[CH2:1001]	C=C1C(=O)OC[C@@H]1C	CSCC1=C([O-])OC[C@@H]1C
Mol_06774	Mol_06774:atom0	ester	C=C1C(=O)O[C@H]2C[C@](O)(CCl)[C@@H]3C[C@H](O)C(=C)[C@@]3(O)C[C@H]12	0;1;2;3	0;1;2;3;4;5;19;20	C[C@H]1CO[C:1003](=[O:1004])[C:1002]1=[CH2:1001]	C=C1C(=O)OC[C@@H]1C	CSCC1=C([O-])OC[C@@H]1C
Mol_06784	Mol_06784:atom0	ester	C=C(C(=O)O[C@H]1C=C2[C@@H]([C@@H]3OC(=O)C(=C)[C@@H]3CC[C@]2(C)O)[C@@]1(C)O)[C@@H]1CC[C@@]2(C)C=CC(=O)C(=C)[C@@H]2C1	0;1;2;3	0;1;2;3;4;5;24;25;36	CO[C:1003]([C:1002](C(C)C)=[CH2:1001])=[O:1004]	C=C(C(=O)OC)C(C)C	COC([O-])=C(CSC)C(C)C
Mol_06784	Mol_06784:atom14	ester	C=C(C(=O)O[C@H]1C=C2[C@@H]([C@@H]3OC(=O)C(=C)[C@@H]3CC[C@]2(C)O)[C@@]1(C)O)[C@@H]1CC[C@@]2(C)C=CC(=O)C(=C)[C@@H]2C1	14;13;11;12	9;10;11;12;13;14;15;16	C[C@@H]1CO[C:1003](=[O:1004])[C:1002]1=[CH2:1001]	C=C1C(=O)OC[C@H]1C	CSCC1=C([O-])OC[C@H]1C
Mol_06784	Mol_06784:atom29	enone	C=C(C(=O)O[C@H]1C=C2[C@@H]([C@@H]3OC(=O)C(=C)[C@@H]3CC[C@]2(C)O)[C@@]1(C)O)[C@@H]1CC[C@@]2(C)C=CC(=O)C(=C)[C@@H]2C1	29;30;31;32	26;27;28;29;30;31;32;33;34;35	C=C1CC(C)(C)[CH:1001]=[CH:1002][C:1003]1=[O:1004]	C=C1CC(C)(C)C=CC1=O	C=C1CC(C)(C)C(SC)C=C1[O-]
Mol_06784	Mol_06784:atom34	enone	C=C(C(=O)O[C@H]1C=C2[C@@H]([C@@H]3OC(=O)C(=C)[C@@H]3CC[C@]2(C)O)[C@@]1(C)O)[C@@H]1CC[C@@]2(C)C=CC(=O)C(=C)[C@@H]2C1	34;33;31;32	27;29;30;31;32;33;34;35;36	C[C@@H]1CC=C[C:1003](=[O:1004])[C:1002]1=[CH2:1001]	C=C1C(=O)C=CC[C@H]1C	CSCC1=C([O-])C=CC[C@H]1C
Mol_06785	Mol_06785:atom0	ester	C=C(C(=O)O[C@H]1C=C2[C@@H]([C@H]3OC(=O)C(=C)[C@@H]3CC[C@]2(C)O)[C@@]1(C)O)[C@@H]1CC[C@@]2(C)C=CC(=O)C(=C)[C@@H]2C1	0;1;2;3	0;1;2;3;4;5;24;25;36	CO[C:1003]([C:1002](C(C)C)=[CH2:1001])=[O:1004]	C=C(C(=O)OC)C(C)C	COC([O-])=C(CSC)C(C)C
Mol_06785	Mol_06785:atom14	ester	C=C(C(=O)O[C@H]1C=C2[C@@H]([C@H]3OC(=O)C(=C)[C@@H]3CC[C@]2(C)O)[C@@]1(C)O)[C@@H]1CC[C@@]2(C)C=CC(=O)C(=C)[C@@H]2C1	14;13;11;12	9;10;11;12;13;14;15;16	C[C@@H]1CO[C:1003](=[O:1004])[C:1002]1=[CH2:1001]	C=C1C(=O)OC[C@H]1C	CSCC1=C([O-])OC[C@H]1C
Mol_06785	Mol_06785:atom29	enone	C=C(C(=O)O[C@H]1C=C2[C@@H]([C@H]3OC(=O)C(=C)[C@@H]3CC[C@]2(C)O)[C@@]1(C)O)[C@@H]1CC[C@@]2(C)C=CC(=O)C(=C)[C@@H]2C1	29;30;31;32	26;27;28;29;30;31;32;33;34;35	C=C1CC(C)(C)[CH:1001]=[CH:1002][C:1003]1=[O:1004]	C=C1CC(C)(C)C=CC1=O	C=C1CC(C)(C)C(SC)C=C1[O-]
Mol_06785	Mol_06785:atom34	enone	C=C(C(=O)O[C@H]1C=C2[C@@H]([C@H]3OC(=O)C(=C)[C@@H]3CC[C@]2(C)O)[C@@]1(C)O)[C@@H]1CC[C@@]2(C)C=CC(=O)C(=C)[C@@H]2C1	34;33;31;32	27;29;30;31;32;33;34;35;36	C[C@@H]1CC=C[C:1003](=[O:1004])[C:1002]1=[CH2:1001]	C=C1C(=O)C=CC[C@H]1C	CSCC1=C([O-])C=CC[C@H]1C
Mol_06786	Mol_06786:atom0	ester	C=C1C(=O)O[C@@H]2[C@H]1CCC(C)=C1[C@H]3O[C@](C)([C@H]3O)[C@@H]12	0;1;2;3	0;1;2;3;4;5;6;7	C[C@@H]1CO[C:1003](=[O:1004])[C:1002]1=[CH2:1001]	C=C1C(=O)OC[C@H]1C	CSCC1=C([O-])OC[C@H]1C
Mol_06787	Mol_06787:atom0	ester	C=C1C(=O)O[C@@H]2[C@H]1CCC(C)=C1[C@H]3O[C@](C)([C@H]3OC(=O)C(C)CC)[C@@H]12	0;1;2;3	0;1;2;3;4;5;6;7	C[C@@H]1CO[C:1003](=[O:1004])[C:1002]1=[CH2:1001]	C=C1C(=O)OC[C@H]1C	CSCC1=C([O-])OC[C@H]1C
Mol_06788	Mol_06788:atom0	ester	C=C1C(=O)O[C@@H]2[C@H]1[C@@H](OC(=O)C(C)C)[C@@H]1[C@](C)([C@H](O)CC[C@@]1(C)O)[C@@H]2OC(=O)/C(C)=C/C	0;1;2;3	0;1;2;3;4;5;6;7	C[C@@H]1CO[C:1003](=[O:1004])[C:1002]1=[CH2:1001]	C=C1C(=O)OC[C@H]1C	CSCC1=C([O-])OC[C@H]1C
Mol_06788	Mol_06788:atom30	ester	C=C1C(=O)O[C@@H]2[C@H]1[C@@H](OC(=O)C(C)C)[C@@H]1[C@](C)([C@H](O)CC[C@@]1(C)O)[C@@H]2OC(=O)/C(C)=C/C	30;28;26;27	24;25;26;27;28;29;30;31	CO[C:1003](/[C:1002](C)=[CH:1001]/C)=[O:1004]	C/C=C(\C)C(=O)OC	COC([O-])=C(C)C(C)SC
Mol_06789	Mol_06789:atom0	ester	C=C1C(=O)O[C@@H]2[C@H]1[C@@H](OC(=O)C(C)C)[C@@H]1[C@](C)([C@H](O)CC[C@@]1(C)O)[C@@H]2OC(=O)/C(C)=C\C	0;1;2;3	0;1;2;3;4;5;6;7	C[C@@H]1CO[C:1003](=[O:1004])[C:1002]1=[CH2:1001]	C=C1C(=O)OC[C@H]1C	CSCC1=C([O-])OC[C@H]1C
Mol_06789	Mol_06789:atom30	ester	C=C1C(=O)O[C@@H]2[C@H]1[C@@H](OC(=O)C(C)C)[C@@H]1[C@](C)([C@H](O)CC[C@@]1(C)O)[C@@H]2OC(=O)/C(C)=C\C	30;28;26;27	24;25;26;27;28;29;30;31	CO[C:1003](/[C:1002](C)=[CH:1001]\C)=[O:1004]	C/C=C(/C)C(=O)OC	COC([O-])=C(C)C(C)SC
Mol_06790	Mol_06790:atom0	ester	C=C1C(=O)O[C@@H]2[C@H]1[C@@H](OC(=O)C(C)C)[C@@H]1[C@](C)([C@H](O)CC[C@@]1(C)OC(C)=O)[C@@H]2OC(C)=O	0;1;2;3	0;1;2;3;4;5;6;7	C[C@@H]1CO[C:1003](=[O:1004])[C:1002]1=[CH2:1001]	C=C1C(=O)OC[C@H]1C	CSCC1=C([O-])OC[C@H]1C
Mol_06791	Mol_06791:atom0	ester	C=C1C(=O)O[C@@H]2[C@H]1[C@@H](OC(=O)C(C)C)[C@@H]1[C@](C)([C@@H]3CC[C@@]1(C)O3)[C@@H]2OC(C)=O	0;1;2;3	0;1;2;3;4;5;6;7	C[C@@H]1CO[C:1003](=[O:1004])[C:1002]1=[CH2:1001]	C=C1C(=O)OC[C@H]1C	CSCC1=C([O-])OC[C@H]1C
Mol_06792	Mol_06792:atom0	ester	C=C1C(=O)O[C@@H]2[C@H]1[C@@H](OC(=O)C(C)C)[C@@H]1[C@](C)([C@@H]3CC[C@@]1(C)O3)[C@@H]2O	0;1;2;3	0;1;2;3;4;5;6;7	C[C@@H]1CO[C:1003](=[O:1004])[C:1002]1=[CH2:1001]	C=C1C(=O)OC[C@H]1C	CSCC1=C([O-])OC[C@H]1C
Mol_06795	Mol_06795:atom0	ester	C=C1C(=O)O[C@@H]2[C@H]1CCC(C)=C1[C@@H]3O[C@@](C)([C@H]3OC(=O)C(C)CC)[C@@H]12	0;1;2;3	0;1;2;3;4;5;6;7	C[C@@H]1CO[C:1003](=[O:1004])[C:1002]1=[CH2:1001]	C=C1C(=O)OC[C@H]1C	CSCC1=C([O-])OC[C@H]1C
Mol_06796	Mol_06796:atom0	ester	C=C1C(=O)O[C@@H]2[C@H]1CCC(C)=C1[C@@H]3O[C@@](C)([C@H]3O)[C@@H]12	0;1;2;3	0;1;2;3;4;5;6;7	C[C@@H]1CO[C:1003](=[O:1004])[C:1002]1=[CH2:1001]	C=C1C(=O)OC[C@H]1C	CSCC1=C([O-])OC[C@H]1C
Mol_06797	Mol_06797:atom0	ester	C=C1C(=O)O[C@H]2[C@@H]3[C@@](O)(C(C)=CC[C@@H]12)[C@@H]1C[C@@]3(C)O1	0;1;2;3	0;1;2;3;4;5;12;13	C[C@@H]1CO[C:1003](=[O:1004])[C:1002]1=[CH2:1001]	C=C1C(=O)OC[C@H]1C	CSCC1=C([O-])OC[C@H]1C
Mol_06798	Mol_06798:atom0	ester	C=C1C(=O)O[C@H]2[C@@H]3[C@@](O)(C(=C)CC[C@@H]12)[C@@H]1C[C@@]3(C)O1	0;1;2;3	0;1;2;3;4;5;12;13	C[C@@H]1CO[C:1003](=[O:1004])[C:1002]1=[CH2:1001]	C=C1C(=O)OC[C@H]1C	CSCC1=C([O-])OC[C@H]1C
Mol_06803	Mol_06803:atom0	ester	C=C1C(=O)O[C@H]2C[C@H](C)C(C(=O)CC(C)OC(C)=O)=CC[C@H]12	0;1;2;3	0;1;2;3;4;5;20;21	C[C@H]1CO[C:1003](=[O:1004])[C:1002]1=[CH2:1001]	C=C1C(=O)OC[C@@H]1C	CSCC1=C([O-])OC[C@@H]1C
Mol_06803	Mol_06803:atom19	enone	C=C1C(=O)O[C@H]2C[C@H](C)C(C(=O)CC(C)OC(C)=O)=CC[C@H]12	19;9;10;11	6;7;8;9;10;11;12;13;19;20;21	CC[CH:1001]=[C:1002](C(C)C)[C:1003](CC)=[O:1004]	CCC=C(C(=O)CC)C(C)C	CCC([O-])=C(C(C)C)C(CC)SC
Mol_06804	Mol_06804:atom0	ester	C=C1C(=O)O[C@H]2C[C@H](C)[C@]3(/C=C/C(C)=O)O[C@@H]3C[C@H]12	0;1;2;3	0;1;2;3;4;5;17;18	C[C@H]1CO[C:1003](=[O:1004])[C:1002]1=[CH2:1001]	C=C1C(=O)OC[C@@H]1C	CSCC1=C([O-])OC[C@@H]1C
Mol_06804	Mol_06804:atom10	enone	C=C1C(=O)O[C@H]2C[C@H](C)[C@]3(/C=C/C(C)=O)O[C@@H]3C[C@H]12	10;11;12;14	7;9;10;11;12;13;14;15;16	C[C@@]1(/[CH:1001]=[CH:1002]/[C:1003](C)=[O:1004])CO1	CC(=O)/C=C/[C@]1(C)CO1	CSC(C=C(C)[O-])[C@]1(C)CO1
Mol_06806	Mol_06806:atom0	ester	C=C1C(=O)O[C@H]2C[C@H](C)C(C(CC(C)=O)OC(C)=O)=CC[C@H]12	0;1;2;3	0;1;2;3;4;5;20;21	C[C@H]1CO[C:1003](=[O:1004])[C:1002]1=[CH2:1001]	C=C1C(=O)OC[C@@H]1C	CSCC1=C([O-])OC[C@@H]1C
Mol_06807	Mol_06807:atom0	ester	C=C1C(=O)O[C@H]2C[C@H](C)C(C(O)CC(C)OC(C)=O)=CC[C@H]12	0;1;2;3	0;1;2;3;4;5;20;21	C[C@H]1CO[C:1003](=[O:1004])[C:1002]1=[CH2:1001]	C=C1C(=O)OC[C@@H]1C	CSCC1=C([O-])OC[C@@H]1C
Mol_06808	Mol_06808:atom0	ester	C=C1C(=O)O[C@H]2C[C@H](C)C(C(CC(C)O)OC(C)=O)=CC[C@H]12	0;1;2;3	0;1;2;3;4;5;20;21	C[C@H]1CO[C:1003](=[O:1004])[C:1002]1=[CH2:1001]	C=C1C(=O)OC[C@@H]1C	CSCC1=C([O-])OC[C@@H]1C
Mol_06812	Mol_06812:atom7	ester	Cc1cc2c(s1)=C1C(=C(O)C(=O)OC1/C=C\C=C\CCO)C=2	7;8;10;11	1;2;3;4;5;6;7;8;9;10;11;12;13;21	O[C:1002]1=[C:1001]2C=c3ccsc3=C2CO[C:1003]1=[O:1004]	O=C1OCC2=c3sccc3=CC2=C1O	CSC12C=c3ccsc3=C1COC([O-])=C2O
Mol_06816	Mol_06816:atom0	ester	C=C1C(=O)O[C@H]2C[C@H](C)C(C(O)CC(C)O)=CC[C@H]12	0;1;2;3	0;1;2;3;4;5;17;18	C[C@H]1CO[C:1003](=[O:1004])[C:1002]1=[CH2:1001]	C=C1C(=O)OC[C@@H]1C	CSCC1=C([O-])OC[C@@H]1C
Mol_06817	Mol_06817:atom0	ester	C=C1C(=O)O[C@@H]2C[C@H](C)C(/C=C/C(C)=O)=CC[C@H]12	0;1;2;3	0;1;2;3;4;5;16;17	C[C@H]1CO[C:1003](=[O:1004])[C:1002]1=[CH2:1001]	C=C1C(=O)OC[C@@H]1C	CSCC1=C([O-])OC[C@@H]1C
Mol_06817	Mol_06817:atom10	enone	C=C1C(=O)O[C@@H]2C[C@H](C)C(/C=C/C(C)=O)=CC[C@H]12	10;11;12;14	7;9;10;11;12;13;14;15	C=C(C)/[CH:1001]=[CH:1002]/[C:1003](C)=[O:1004]	C=C(C)/C=C/C(C)=O	C=C(C)C(C=C(C)[O-])SC
Mol_06819	Mol_06819:atom0	ester	C=C1C(=O)OC2CC(C)C3(O)C=C(C(C)=O)C4(OC3CC12)C(=O)OC1CC(C)C(/C=C/C(C)=O)=CCC14	0;1;2;3	0;1;2;3;4;5;19;20	CC1CO[C:1003](=[O:1004])[C:1002]1=[CH2:1001]	C=C1C(=O)OCC1C	CSCC1=C([O-])OCC1C
Mol_06819	Mol_06819:atom11	enone	C=C1C(=O)OC2CC(C)C3(O)C=C(C(C)=O)C4(OC3CC12)C(=O)OC1CC(C)C(/C=C/C(C)=O)=CCC14	11;12;13;15	7;9;10;11;12;13;14;15;16;17;18;21;36	CC1(O)COC(C)(C)[C:1002]([C:1003](C)=[O:1004])=[CH:1001]1	CC(=O)C1=CC(C)(O)COC1(C)C	CSC1C(=C(C)[O-])C(C)(C)OCC1(C)O
Mol_06819	Mol_06819:atom29	enone	C=C1C(=O)OC2CC(C)C3(O)C=C(C(C)=O)C4(OC3CC12)C(=O)OC1CC(C)C(/C=C/C(C)=O)=CCC14	29;30;31;33	26;28;29;30;31;32;33;34	C=C(C)/[CH:1001]=[CH:1002]/[C:1003](C)=[O:1004]	C=C(C)/C=C/C(C)=O	C=C(C)C(C=C(C)[O-])SC
Mol_06820	Mol_06820:atom0	ester	C=C1C(=O)OC2CC(C)C3(O)C=C(C(C)=O)C4(OC3CC12)C(=O)OC1CC(C)C2(/C=C/C(C)=O)OC2CC14	0;1;2;3	0;1;2;3;4;5;19;20	CC1CO[C:1003](=[O:1004])[C:1002]1=[CH2:1001]	C=C1C(=O)OCC1C	CSCC1=C([O-])OCC1C
Mol_06820	Mol_06820:atom11	enone	C=C1C(=O)OC2CC(C)C3(O)C=C(C(C)=O)C4(OC3CC12)C(=O)OC1CC(C)C2(/C=C/C(C)=O)OC2CC14	11;12;13;15	7;9;10;11;12;13;14;15;16;17;18;21;37	CC1(O)COC(C)(C)[C:1002]([C:1003](C)=[O:1004])=[CH:1001]1	CC(=O)C1=CC(C)(O)COC1(C)C	CSC1C(=C(C)[O-])C(C)(C)OCC1(C)O
Mol_06820	Mol_06820:atom29	enone	C=C1C(=O)OC2CC(C)C3(O)C=C(C(C)=O)C4(OC3CC12)C(=O)OC1CC(C)C2(/C=C/C(C)=O)OC2CC14	29;30;31;33	26;28;29;30;31;32;33;34;35	CC1(/[CH:1001]=[CH:1002]/[C:1003](C)=[O:1004])CO1	CC(=O)/C=C/C1(C)CO1	CSC(C=C(C)[O-])C1(C)CO1
Mol_06822	Mol_06822:atom0	ester	C=C1C(=O)O[C@@H]2C[C@H](C)C(C(O)CC(C)=O)=CC[C@H]12	0;1;2;3	0;1;2;3;4;5;17;18	C[C@H]1CO[C:1003](=[O:1004])[C:1002]1=[CH2:1001]	C=C1C(=O)OC[C@@H]1C	CSCC1=C([O-])OC[C@@H]1C
Mol_06823	Mol_06823:atom0	ester	C=C1C(=O)O[C@@H]2C[C@H](C)C(C(CC(C)=O)OC(C)=O)=CC[C@H]12	0;1;2;3	0;1;2;3;4;5;20;21	C[C@H]1CO[C:1003](=[O:1004])[C:1002]1=[CH2:1001]	C=C1C(=O)OC[C@@H]1C	CSCC1=C([O-])OC[C@@H]1C
Mol_06825	Mol_06825:atom0	ester	C=C1C(=O)O[C@@H]2CC(C)C34OOC(C)(CC3OC(C)=O)OC4C[C@H]12	0;1;2;3	0;1;2;3;4;5;22;23	C[C@H]1CO[C:1003](=[O:1004])[C:1002]1=[CH2:1001]	C=C1C(=O)OC[C@@H]1C	CSCC1=C([O-])OC[C@@H]1C
Mol_06826	Mol_06826:atom4	enone	CC(=O)/C=C/[C@@]12O[C@@H]1C[C@@H]1[C@H](C)C(=O)O[C@@H]1C[C@@H]2C	4;3;1;2	0;1;2;3;4;5;6;7;17	C[C@@]1(/[CH:1001]=[CH:1002]/[C:1003](C)=[O:1004])CO1	CC(=O)/C=C/[C@]1(C)CO1	CSC(C=C(C)[O-])[C@]1(C)CO1
Mol_06831	Mol_06831:atom14	enone	C[C@@H]1C(=O)OC2[C@H]1CC[C@@]1(C)C(=O)C=C[C@@](C)(O)[C@H]21	14;13;11;12	8;9;10;11;12;13;14;15;16;17;18	CC1(C)C[C@](C)(O)[CH:1001]=[CH:1002][C:1003]1=[O:1004]	CC1(C)C[C@](C)(O)C=CC1=O	CSC1C=C([O-])C(C)(C)C[C@]1(C)O
Mol_06860	Mol_06860:atom3	enone	O=C(/C=C/c1ccc(Oc2cc(C(=O)/C=C/c3ccc(O)cc3)c(O)cc2O)cc1)c1ccc(O)cc1O	3;2;1;0	0;1;2;3;4;5;6;7;28;29;30;31;32;33;35;36	c1ccc(/[CH:1001]=[CH:1002]/[C:1003](c2ccccc2)=[O:1004])cc1	O=C(/C=C/c1ccccc1)c1ccccc1	CSC(C=C([O-])c1ccccc1)c1ccccc1
Mol_06860	Mol_06860:atom15	enone	O=C(/C=C/c1ccc(Oc2cc(C(=O)/C=C/c3ccc(O)cc3)c(O)cc2O)cc1)c1ccc(O)cc1O	15;14;12;13	9;10;11;12;13;14;15;16;17;18;19;21;22;23;25;26	c1ccc(/[CH:1001]=[CH:1002]/[C:1003](c2ccccc2)=[O:1004])cc1	O=C(/C=C/c1ccccc1)c1ccccc1	CSC(C=C([O-])c1ccccc1)c1ccccc1
Mol_06879	Mol_06879:atom2	enone	COC1=C(c2c(C)cc(OC)c3c(OC)cccc23)C(=O)C=C2C[C@H](C)NC(C)=C21	2;3;19;20	0;1;2;3;4;5;7;8;11;12;15;16;17;18;19;20;21;22;27;29	C=C1C=C[C:1003](=[O:1004])[C:1002](c2cccc3ccccc23)=[C:1001]1OC	C=C1C=CC(=O)C(c2cccc3ccccc23)=C1OC	C=C1C=CC([O-])=C(c2cccc3ccccc23)C1(OC)SC
Mol_06879	Mol_06879:atom22	enone	COC1=C(c2c(C)cc(OC)c3c(OC)cccc23)C(=O)C=C2C[C@H](C)NC(C)=C21	22;21;19;20	2;3;4;5;7;8;11;12;15;16;17;18;19;20;21;22;23;24;27;29	C=C1C=C(c2cccc3ccccc23)[C:1003](=[O:1004])[CH:1002]=[C:1001]1CC	C=C1C=C(c2cccc3ccccc23)C(=O)C=C1CC	C=C1C=C(c2cccc3ccccc23)C([O-])=CC1(CC)SC
Mol_06894	Mol_06894:atom5	ester	COC(=O)/C=C(\C)CC/C=C(\C)CC[C@H]1OC1(C)C	5;4;2;3	0;1;2;3;4;5;6;7;8	CC/[C:1001](C)=[CH:1002]/[C:1003](OC)=[O:1004]	CC/C(C)=C/C(=O)OC	CCC(C)(C=C([O-])OC)SC
Mol_06895	Mol_06895:atom5	ester	COC(=O)/C=C(\C)CC/C=C(\C)CC[C@@H](O)C(C)(C)O	5;4;2;3	0;1;2;3;4;5;6;7;8	CC/[C:1001](C)=[CH:1002]/[C:1003](OC)=[O:1004]	CC/C(C)=C/C(=O)OC	CCC(C)(C=C([O-])OC)SC
Mol_06897	Mol_06897:atom5	ester	COC(=O)/C=C/CC/C=C(\C)CC(C)[C@H](O)C(C)(C)O	5;4;2;3	0;1;2;3;4;5;6;7	CC/[CH:1001]=[CH:1002]/[C:1003](OC)=[O:1004]	CC/C=C/C(=O)OC	CCC(C=C([O-])OC)SC
Mol_06898	Mol_06898:atom5	ester	COC(=O)/C=C/CC/C=C(\C)CC(C)[C@@H](O)C(C)(C)O	5;4;2;3	0;1;2;3;4;5;6;7	CC/[CH:1001]=[CH:1002]/[C:1003](OC)=[O:1004]	CC/C=C/C(=O)OC	CCC(C=C([O-])OC)SC
Mol_06907	Mol_06907:atom3	enone	COC1=C(C(C)C)C2(OC)Oc3c(cc(OC)c(C(C)C)c3OC)CC2C2(CCc3cc(OC)c(C(C)C)c(OC)c3O2)C1=O	3;2;43;44	0;1;2;3;4;5;6;7;8;10;25;26;27;42;43;44	CO[C:1002]1=[C:1001](C(C)C)C(O)(O)CC(C)(O)[C:1003]1=[O:1004]	COC1=C(C(C)C)C(O)(O)CC(C)(O)C1=O	COC1=C([O-])C(C)(O)CC(O)(O)C1(SC)C(C)C
Mol_06909	Mol_06909:atom0	enone	C=C1C=C(OC)C(C(C)C)=C(OC)C1=O	0;1;13;14	0;1;2;3;6;10;11;13;14	OC1=CC=C[C:1002](=[CH2:1001])[C:1003]1=[O:1004]	C=C1C=CC=C(O)C1=O	CSCc1cccc(O)c1[O-]
Mol_06909	Mol_06909:atom6	enone	C=C1C=C(OC)C(C(C)C)=C(OC)C1=O	6;10;13;14	0;1;2;3;4;6;7;8;9;10;11;12;13;14	C=C1C=C(O)[C:1001](C(C)C)=[C:1002](OC)[C:1003]1=[O:1004]	C=C1C=C(O)C(C(C)C)=C(OC)C1=O	C=C1C=C(O)C(SC)(C(C)C)C(OC)=C1[O-]
Mol_06910	Mol_06910:atom2	ester	COC1=CC(=O)OC2(/C=C/c3ccccc3)[C@H]1[C@H](c1ccccc1)[C@H]2c1cc(OC)cc(=O)o1	2;3;4;5	0;1;2;3;4;5;6;7;16;17	CO[C:1001]1=[CH:1002][C:1003](=[O:1004])OC[C@H]1C	COC1=CC(=O)OC[C@H]1C	COC1(SC)C=C([O-])OC[C@H]1C
Mol_06917	Mol_06917:atom1	enone	CC(C)=CC(=O)c1ccc2[nH]cc(CC(O)C(C)(C)O)c2c1	1;3;4;5	0;1;2;3;4;5;6;7;8;9;10;11;12;20;21	C[C:1001](C)=[CH:1002][C:1003](c1ccc2[nH]ccc2c1)=[O:1004]	CC(C)=CC(=O)c1ccc2[nH]ccc2c1	CSC(C)(C)C=C([O-])c1ccc2[nH]ccc2c1
Mol_06919	Mol_06919:atom1	enone	CC(C)=CC(=O)c1ccc2[nH]cc(C[C@H]3OC3(C)C)c2c1	1;3;4;5	0;1;2;3;4;5;6;7;8;9;10;11;12;19;20	C[C:1001](C)=[CH:1002][C:1003](c1ccc2[nH]ccc2c1)=[O:1004]	CC(C)=CC(=O)c1ccc2[nH]ccc2c1	CSC(C)(C)C=C([O-])c1ccc2[nH]ccc2c1
Mol_06926	Mol_06926:atom3	enal	O=C/C=C/Cc1ccc2cc[nH]c2c1	3;2;1;0	0;1;2;3;4;5;6;7;8;9;10;11;12;13	c1cc2ccc(C/[CH:1001]=[CH:1002]/[CH:1003]=[O:1004])cc2[nH]1	O=C/C=C/Cc1ccc2cc[nH]c2c1	CSC(C=C[O-])Cc1ccc2cc[nH]c2c1
Mol_06930	Mol_06930:atom13	enone	C/C=C/C(C)(C)c1c[nH]c2ccc(/C=C/C(C)=O)cc12	13;14;15;17	6;7;8;9;10;11;12;13;14;15;16;17;18;19	C[C:1003](/[CH:1002]=[CH:1001]/c1ccc2[nH]ccc2c1)=[O:1004]	CC(=O)/C=C/c1ccc2[nH]ccc2c1	CSC(C=C(C)[O-])c1ccc2[nH]ccc2c1
Mol_06940	Mol_06940:atom8	enone	COC(=O)C[C@]12C(=O)C(C/C=C(\C)CCC=C(C)C)=CC(=O)[C@H]1CC=C(C)C2CC=C(C)C	8;19;20;21	5;6;7;8;9;10;19;20;21;22;23	CC[C:1001]1=[CH:1002][C:1003](=[O:1004])[C@@H](C)CC1=O	CCC1=CC(=O)[C@@H](C)CC1=O	CCC1(SC)C=C([O-])[C@@H](C)CC1=O
Mol_06940	Mol_06940:atom19	enone	COC(=O)C[C@]12C(=O)C(C/C=C(\C)CCC=C(C)C)=CC(=O)[C@H]1CC=C(C)C2CC=C(C)C	19;8;6;7	4;5;6;7;8;9;10;19;20;21;22;27	CC[C:1002]1=[CH:1001]C(=O)CC(C)(C)[C:1003]1=[O:1004]	CCC1=CC(=O)CC(C)(C)C1=O	CCC1=C([O-])C(C)(C)CC(=O)C1SC
Mol_06944	Mol_06944:atom14	enone	O=Cc1c(O)c(C=O)c(O)c(C(=O)/C=C/c2ccccc2)c1O	14;13;11;12	2;3;5;8;10;11;12;13;14;15;16;17;18;19;20;21	c1ccc(/[CH:1001]=[CH:1002]/[C:1003](c2ccccc2)=[O:1004])cc1	O=C(/C=C/c1ccccc1)c1ccccc1	CSC(C=C([O-])c1ccccc1)c1ccccc1
Mol_06946	Mol_06946:atom12	enone	Cc1c(O)c(C)c(O)c(C(=O)/C=C/c2ccccc2)c1O	12;11;9;10	1;2;4;6;8;9;10;11;12;13;14;15;16;17;18;19	c1ccc(/[CH:1001]=[CH:1002]/[C:1003](c2ccccc2)=[O:1004])cc1	O=C(/C=C/c1ccccc1)c1ccccc1	CSC(C=C([O-])c1ccccc1)c1ccccc1
Mol_06978	Mol_06978:atom3	enone	O=C1C=C[C@]2(O)CC(=O)N(C(=O)/C=C/c3ccccc3)[C@H]2C1	3;2;1;0	0;1;2;3;4;5;6;20;21	C[C@]1(O)CC[C:1003](=[O:1004])[CH:1002]=[CH:1001]1	C[C@@]1(O)C=CC(=O)CC1	CSC1C=C([O-])CC[C@]1(C)O
Mol_06982	Mol_06982:atom3	enone	O=C1C=C[C@]2(O)CCN(C(=O)/C=C/c3ccccc3)[C@@H]2C1	3;2;1;0	0;1;2;3;4;5;6;19;20	C[C@]1(O)CC[C:1003](=[O:1004])[CH:1002]=[CH:1001]1	C[C@@]1(O)C=CC(=O)CC1	CSC1C=C([O-])CC[C@]1(C)O
Mol_06984	Mol_06984:atom3	enone	O=C1C=C[C@]2(O)C[C@H](NC(=O)/C=C/c3ccccc3)O[C@H]2C1	3;2;1;0	0;1;2;3;4;5;6;20;21	C[C@]1(O)CC[C:1003](=[O:1004])[CH:1002]=[CH:1001]1	C[C@@]1(O)C=CC(=O)CC1	CSC1C=C([O-])CC[C@]1(C)O
Mol_06986	Mol_06986:atom7	enone	COC(=O)C[C@@]1(O)C=CC(=O)C[C@@H]1NC(=O)/C=C/c1ccccc1	7;8;9;10	4;5;6;7;8;9;10;11;12	C[C@]1(O)CC[C:1003](=[O:1004])[CH:1002]=[CH:1001]1	C[C@@]1(O)C=CC(=O)CC1	CSC1C=C([O-])CC[C@]1(C)O
Mol_07004	Mol_07004:atom36	ester	CCCCCC[C@H](O)CCC[C@H](O)[C@H]1CC[C@H]([C@H]2CC[C@H]([C@H](O)CCCCCCCCCCCCC3=C[C@H](C)OC3=O)O2)O1	36;35;40;41	33;34;35;36;37;38;39;40;41	CC[C:1002]1=[CH:1001][C@H](C)O[C:1003]1=[O:1004]	CCC1=C[C@H](C)OC1=O	CCC1=C([O-])O[C@@H](C)C1SC
Mol_07005	Mol_07005:atom35	ester	CCCCCCCCCC[C@H](O)[C@H]1CC[C@H]([C@H]2CC[C@H]([C@H](O)CCCCCCCCCCCCC3=C[C@H](C)OC3=O)O2)O1	35;34;39;40	32;33;34;35;36;37;38;39;40	CC[C:1002]1=[CH:1001][C@H](C)O[C:1003]1=[O:1004]	CCC1=C[C@H](C)OC1=O	CCC1=C([O-])O[C@@H](C)C1SC
Mol_07006	Mol_07006:atom36	ester	CCCCCCCCCC[C@H](O)C1CC[C@@H]([C@@H]2CC[C@H]([C@H](O)CCCCCCCCCCC(O)CC3=CC(C)OC3=O)O2)O1	36;35;40;41	32;34;35;36;37;38;39;40;41	CC[C:1002]1=[CH:1001]C(C)O[C:1003]1=[O:1004]	CCC1=CC(C)OC1=O	CCC1=C([O-])OC(C)C1SC
Mol_07007	Mol_07007:atom35	ester	CCCCCCCCCC/C=C/CCC1OC1CCC1OC1CCCCCCCCCCCCC1=CC(C)OC1=O	35;34;39;40	32;33;34;35;36;37;38;39;40	CC[C:1002]1=[CH:1001]C(C)O[C:1003]1=[O:1004]	CCC1=CC(C)OC1=O	CCC1=C([O-])OC(C)C1SC
Mol_07008	Mol_07008:atom34	ester	CCCCCCCCCCCCC1OC1CCC1OC1CCCCCCCCCCCCCC1=CC(C)OC1=O	34;33;38;39	31;32;33;34;35;36;37;38;39	CC[C:1002]1=[CH:1001]C(C)O[C:1003]1=[O:1004]	CCC1=CC(C)OC1=O	CCC1=C([O-])OC(C)C1SC
Mol_07009	Mol_07009:atom35	ester	CCCCCCCCCCC1OC1CCC1OC1CCCCCCCCCCCCCCCCC1=CC(C)OC1=O	35;34;39;40	32;33;34;35;36;37;38;39;40	CC[C:1002]1=[CH:1001]C(C)O[C:1003]1=[O:1004]	CCC1=CC(C)OC1=O	CCC1=C([O-])OC(C)C1SC
Mol_07010	Mol_07010:atom34	ester	CCCCCCCCCCCCCCC1OC1CCC1OC1CCCCCCCCCCCC1=CC(C)OC1=O	34;33;38;39	31;32;33;34;35;36;37;38;39	CC[C:1002]1=[CH:1001]C(C)O[C:1003]1=[O:1004]	CCC1=CC(C)OC1=O	CCC1=C([O-])OC(C)C1SC
Mol_07013	Mol_07013:atom5	enone	COC1=C(C)C(O)=C(C(=O)/C=C/c2ccccc2)C(=O)C1(C)C	5;7;8;9	2;3;4;5;6;7;8;9;10;11;18;19;20	C=C[C:1003]([C:1002]1=[C:1001](O)C(C)=CCC1=O)=[O:1004]	C=CC(=O)C1=C(O)C(C)=CCC1=O	C=CC([O-])=C1C(=O)CC=C(C)C1(O)SC
Mol_07013	Mol_07013:atom11	enone	COC1=C(C)C(O)=C(C(=O)/C=C/c2ccccc2)C(=O)C1(C)C	11;10;8;9	5;7;8;9;10;11;12;13;14;15;16;17;18	C=C(C)[C:1003](/[CH:1002]=[CH:1001]/c1ccccc1)=[O:1004]	C=C(C)C(=O)/C=C/c1ccccc1	C=C(C)C([O-])=CC(SC)c1ccccc1
Mol_07018	Mol_07018:atom3	enone	O=C(/C=C/c1ccc(O)cc1)CCc1ccc(O)cc1	3;2;1;0	0;1;2;3;4;5;6;7;9;10;11;12	CC[C:1003](/[CH:1002]=[CH:1001]/c1ccccc1)=[O:1004]	CCC(=O)/C=C/c1ccccc1	CCC([O-])=CC(SC)c1ccccc1
Mol_07028	Mol_07028:atom23	ester	C=C1OC(=O)C(CCCCCC/C=C\C/C=C\C/C=C\CCO)=C1OC	23;5;3;4	0;1;2;3;4;5;6;7;23;24;25	C=C1O[C:1003](=[O:1004])[C:1002](CC)=[C:1001]1OC	C=C1OC(=O)C(CC)=C1OC	C=C1OC([O-])=C(CC)C1(OC)SC
Mol_07059	Mol_07059:atom3	ester	O=C1C=C/C(=C/[C@H](O)COC(=O)c2ccccc2)O1	3;2;1;0	0;1;2;3;4;5;18	C=C1O[C:1003](=[O:1004])[CH:1002]=[CH:1001]1	C=C1C=CC(=O)O1	C=C1OC([O-])=CC1SC
Mol_07060	Mol_07060:atom7	ester	CC(=O)O[C@@H](/C=C1/C=CC(=O)O1)COC(=O)c1ccccc1	7;8;9;10	5;6;7;8;9;10;11	C=C1O[C:1003](=[O:1004])[CH:1002]=[CH:1001]1	C=C1C=CC(=O)O1	C=C1OC([O-])=CC1SC
Mol_07062	Mol_07062:atom7	enone	COC(=O)C[C@]1(O)C=CC(=O)CC1NC(=O)/C=C\c1ccccc1	7;8;9;10	4;5;6;7;8;9;10;11;12	C[C@@]1(O)CC[C:1003](=[O:1004])[CH:1002]=[CH:1001]1	C[C@]1(O)C=CC(=O)CC1	CSC1C=C([O-])CC[C@@]1(C)O
Mol_07139	Mol_07139:atom3	ester	O=C(/C=C/c1ccc(O)cc1)OC[C@H]1O[C@@H]([C@H]2c3cccc(O)c3C(=O)c3c(O)cc(CO)cc32)[C@H](O)[C@@H](O)[C@@H]1O	3;2;1;0	0;1;2;3;4;5;6;7;9;10;11;12	CO[C:1003](/[CH:1002]=[CH:1001]/c1ccccc1)=[O:1004]	COC(=O)/C=C/c1ccccc1	COC([O-])=CC(SC)c1ccccc1
Mol_07264	Mol_07264:atom29	ester	COc1c(O)ccc2c1C(=O)c1c(O)cc(CO)cc1C2C1OC(COC(=O)/C=C/c2ccccc2)C(O)C(O)C1O	29;28;26;27	24;25;26;27;28;29;30;31;32;33;34;35	CO[C:1003](/[CH:1002]=[CH:1001]/c1ccccc1)=[O:1004]	COC(=O)/C=C/c1ccccc1	COC([O-])=CC(SC)c1ccccc1
Mol_07265	Mol_07265:atom3	ester	O=C(/C=C/c1ccc(O)cc1)OCC1OC(C2c3cc(CO)cc(O)c3C(=O)c3c2ccc(O)c3O)C(O)C(O)C1O	3;2;1;0	0;1;2;3;4;5;6;7;9;10;11;12	CO[C:1003](/[CH:1002]=[CH:1001]/c1ccccc1)=[O:1004]	COC(=O)/C=C/c1ccccc1	COC([O-])=CC(SC)c1ccccc1
Mol_07278	Mol_07278:atom3	ester	O=C(/C=C/c1ccc(O)c(O)c1)OC[C@H]1O[C@@H]([C@@H]2c3cc(CO)cc(O)c3C(=O)c3c(O)ccc(O)c32)[C@H](O)[C@@H](O)[C@@H]1O	3;2;1;0	0;1;2;3;4;5;6;7;9;11;12;13	CO[C:1003](/[CH:1002]=[CH:1001]/c1ccccc1)=[O:1004]	COC(=O)/C=C/c1ccccc1	COC([O-])=CC(SC)c1ccccc1
Mol_07281	Mol_07281:atom5	ester	COC(=O)/C=C/c1ccc(O)cc1	5;4;2;3	0;1;2;3;4;5;6;7;8;9;11;12	CO[C:1003](/[CH:1002]=[CH:1001]/c1ccccc1)=[O:1004]	COC(=O)/C=C/c1ccccc1	COC([O-])=CC(SC)c1ccccc1
Mol_07286	Mol_07286:atom13	ester	CC1CC(OC2O[C@H](COC(=O)/C=C/c3ccc(O)cc3)[C@@H](OC(=O)/C=C/c3ccc(O)cc3)[C@H](O)[C@H]2O)Cc2cc(O)cc(O)c21	13;12;10;11	8;9;10;11;12;13;14;15;16;17;19;20	CO[C:1003](/[CH:1002]=[CH:1001]/c1ccccc1)=[O:1004]	COC(=O)/C=C/c1ccccc1	COC([O-])=CC(SC)c1ccccc1
Mol_07286	Mol_07286:atom26	ester	CC1CC(OC2O[C@H](COC(=O)/C=C/c3ccc(O)cc3)[C@@H](OC(=O)/C=C/c3ccc(O)cc3)[C@H](O)[C@H]2O)Cc2cc(O)cc(O)c21	26;25;23;24	21;22;23;24;25;26;27;28;29;30;32;33	CO[C:1003](/[CH:1002]=[CH:1001]/c1ccccc1)=[O:1004]	COC(=O)/C=C/c1ccccc1	COC([O-])=CC(SC)c1ccccc1
Mol_07291	Mol_07291:atom1	enone	CC1=C2C(=O)C3C(O)=CC=CC3CC2CO1	1;2;3;4	0;1;2;3;4;5;6;11;12;13;14;15	CC1CCC2CO[C:1001](C)=[C:1002]2[C:1003]1=[O:1004]	CC1=C2C(=O)C(C)CCC2CO1	CSC1(C)OCC2CCC(C)C([O-])=C21
Mol_07293	Mol_07293:atom29	ester	CC(=O)Cc1cc(=O)c2c(C)cc(O)c([C@@H]3O[C@H](CO)[C@@H](O)[C@H](O)[C@H]3OC(=O)/C=C/c3ccc(O)cc3)c2o1	29;28;26;27	24;25;26;27;28;29;30;31;32;33;35;36	CO[C:1003](/[CH:1002]=[CH:1001]/c1ccccc1)=[O:1004]	COC(=O)/C=C/c1ccccc1	COC([O-])=CC(SC)c1ccccc1
Mol_07295	Mol_07295:atom40	ester	CC(=O)Cc1cc(=O)c2c(C)cc(OC3O[C@H](CO)[C@@H](O)[C@H](O)[C@H]3O)c([C@H]3O[C@@H](CO)[C@H](O)[C@@H](O)[C@@H]3OC(=O)/C=C/c3ccc(O)cc3)c2o1	40;39;37;38	35;36;37;38;39;40;41;42;43;44;46;47	CO[C:1003](/[CH:1002]=[CH:1001]/c1ccccc1)=[O:1004]	COC(=O)/C=C/c1ccccc1	COC([O-])=CC(SC)c1ccccc1
Mol_07296	Mol_07296:atom32	ester	COc1cc(C)c2c(=O)cc(C[C@@H](C)O)oc2c1[C@@H]1O[C@H](CO)[C@@H](O)[C@H](O)[C@H]1OC(=O)/C=C/c1ccc(O)cc1	32;31;29;30	27;28;29;30;31;32;33;34;35;36;38;39	CO[C:1003](/[CH:1002]=[CH:1001]/c1ccccc1)=[O:1004]	COC(=O)/C=C/c1ccccc1	COC([O-])=CC(SC)c1ccccc1
Mol_07297	Mol_07297:atom40	ester	CC(=O)Cc1cc(=O)c2c(C)cc(OC3O[C@H](CO)[C@@H](O)[C@H](O)[C@H]3O)c([C@H]3O[C@@H](CO)[C@H](O)[C@@H](O)[C@@H]3OC(=O)/C=C/c3ccccc3)c2o1	40;39;37;38	35;36;37;38;39;40;41;42;43;44;45;46	CO[C:1003](/[CH:1002]=[CH:1001]/c1ccccc1)=[O:1004]	COC(=O)/C=C/c1ccccc1	COC([O-])=CC(SC)c1ccccc1
Mol_07298	Mol_07298:atom29	ester	CC(=O)Cc1cc(=O)c2c(C)cc(O)c([C@H]3O[C@@H](CO)[C@H](O)[C@@H](O)[C@@H]3OC(=O)/C=C/c3ccccc3)c2o1	29;28;26;27	24;25;26;27;28;29;30;31;32;33;34;35	CO[C:1003](/[CH:1002]=[CH:1001]/c1ccccc1)=[O:1004]	COC(=O)/C=C/c1ccccc1	COC([O-])=CC(SC)c1ccccc1
Mol_07307	Mol_07307:atom29	ester	CC(=O)Cc1cc(=O)c2c(O)cc(O)c(C3O[C@@H](CO)[C@H](O)[C@@H](O)[C@@H]3OC(=O)/C=C\c3ccc(O)cc3)c2o1	29;28;26;27	24;25;26;27;28;29;30;31;32;33;35;36	CO[C:1003](/[CH:1002]=[CH:1001]\c1ccccc1)=[O:1004]	COC(=O)/C=C\c1ccccc1	COC([O-])=CC(SC)c1ccccc1
Mol_07309	Mol_07309:atom29	ester	CC(=O)Cc1cc(=O)c2c(O)cc(O)c(C3O[C@@H](CO)[C@H](O)[C@@H](O)[C@@H]3OC(=O)/C=C\c3ccc(C)cc3)c2o1	29;28;26;27	24;25;26;27;28;29;30;31;32;33;35;36	CO[C:1003](/[CH:1002]=[CH:1001]\c1ccccc1)=[O:1004]	COC(=O)/C=C\c1ccccc1	COC([O-])=CC(SC)c1ccccc1
Mol_07310	Mol_07310:atom32	ester	COc1cc(C)c2c(=O)cc(C[C@H](C)O)oc2c1[C@H]1O[C@@H](CO)[C@H](O)[C@@H](O)[C@@H]1OC(=O)/C=C/c1ccc(O)c(O)c1	32;31;29;30	27;28;29;30;31;32;33;34;35;36;38;40	CO[C:1003](/[CH:1002]=[CH:1001]/c1ccccc1)=[O:1004]	COC(=O)/C=C/c1ccccc1	COC([O-])=CC(SC)c1ccccc1
Mol_07311	Mol_07311:atom1	ester	C/C=C(\C)C(=O)O[C@@H]1C(c2c(O)cc(O)c3c(=O)cc(CC(C)=O)oc23)O[C@@H](CO)[C@H](O)[C@H]1O	1;2;4;5	0;1;2;3;4;5;6;7	CO[C:1003](/[C:1002](C)=[CH:1001]/C)=[O:1004]	C/C=C(\C)C(=O)OC	COC([O-])=C(C)C(C)SC
Mol_07318	Mol_07318:atom39	ester	COc1cc(-c2c(C)cc(O[C@@H]3O[C@H](CO)[C@@H](O)[C@H](O)[C@H]3O)cc2O[C@@H]2O[C@H](CO)[C@@H](O)[C@H](O)[C@H]2OC(=O)/C=C/c2ccc(O)cc2)oc(=O)c1	39;38;36;37	34;35;36;37;38;39;40;41;42;43;45;46	CO[C:1003](/[CH:1002]=[CH:1001]/c1ccccc1)=[O:1004]	COC(=O)/C=C/c1ccccc1	COC([O-])=CC(SC)c1ccccc1
Mol_07319	Mol_07319:atom28	ester	COc1cc(-c2c(C)cc(O)cc2O[C@@H]2O[C@H](CO)[C@@H](O)[C@H](O)[C@H]2OC(=O)/C=C/c2ccc(O)cc2)oc(=O)c1	28;27;25;26	23;24;25;26;27;28;29;30;31;32;34;35	CO[C:1003](/[CH:1002]=[CH:1001]/c1ccccc1)=[O:1004]	COC(=O)/C=C/c1ccccc1	COC([O-])=CC(SC)c1ccccc1
Mol_07327	Mol_07327:atom4	enal	CCCC/C=C/C=O	4;5;6;7	2;3;4;5;6;7	CC/[CH:1001]=[CH:1002]/[CH:1003]=[O:1004]	CC/C=C/C=O	CCC(C=C[O-])SC
Mol_07331	Mol_07331:atom8	enal	CCCCCCCC/C=C/C=O	8;9;10;11	6;7;8;9;10;11	CC/[CH:1001]=[CH:1002]/[CH:1003]=[O:1004]	CC/C=C/C=O	CCC(C=C[O-])SC
Mol_07357	Mol_07357:atom6	enal	CCCCCC/C=C/C=O	6;7;8;9	4;5;6;7;8;9	CC/[CH:1001]=[CH:1002]/[CH:1003]=[O:1004]	CC/C=C/C=O	CCC(C=C[O-])SC
Mol_07389	Mol_07389:atom1	enone	C/C=C/C(=O)CCCCC	1;2;3;4	0;1;2;3;4;5;6	CC[C:1003](/[CH:1002]=[CH:1001]/C)=[O:1004]	C/C=C/C(=O)CC	CCC([O-])=CC(C)SC
Mol_07421	Mol_07421:atom6	enal	CCCC/C=C/C=C/C=O	6;7;8;9	4;5;6;7;8;9	C=C/[CH:1001]=[CH:1002]/[CH:1003]=[O:1004]	C=C/C=C/C=O	C=CC(C=C[O-])SC
Mol_07428	Mol_07428:atom1	enone	C/C=C/C(=O)CCCC	1;2;3;4	0;1;2;3;4;5;6	CC[C:1003](/[CH:1002]=[CH:1001]/C)=[O:1004]	C/C=C/C(=O)CC	CCC([O-])=CC(C)SC
Mol_07449	Mol_07449:atom6	enal	CCCCCC/C=C\C=O	6;7;8;9	4;5;6;7;8;9	CC/[CH:1001]=[CH:1002]\[CH:1003]=[O:1004]	CC/C=C\C=O	CCC(C=C[O-])SC
Mol_07523	Mol_07523:atom1	enone	C/C1=C\C(=O)c2c(C)coc2C/C(C)=C/CC1	1;2;3;4	0;1;2;3;4;5;6;8;9;10;15;16	CC/[C:1001](C)=[CH:1002]/[C:1003](c1ccoc1)=[O:1004]	CC/C(C)=C/C(=O)c1ccoc1	CCC(C)(C=C([O-])c1ccoc1)SC
Mol_07537	Mol_07537:atom18	enone	CC(=O)O[C@@H]1CC[C@@]2(C)C(CC[C@]3(C)[C@@H]2C(=O)C=C2[C@@H]4[C@@H](C)[C@H](C)CC[C@]4(C)CC[C@]23C)[C@@]1(C)C(=O)O	18;17;15;16	7;12;14;15;16;17;18;19;20;26;29;30;31	CC(C)[C:1001]1=[CH:1002][C:1003](=[O:1004])[C@H](C)CC1(C)C	CC(C)C1=CC(=O)[C@H](C)CC1(C)C	CSC1(C(C)C)C=C([O-])[C@H](C)CC1(C)C
Mol_07538	Mol_07538:atom18	enone	CC(=O)O[C@@H]1CC[C@@]2(C)[C@@H](CC[C@]3(C)[C@@H]2C(=O)C=C2[C@@H]4[C@@H](C)[C@H](C)CC[C@]4(C)CC[C@]23C)[C@@]1(C)C(=O)O	18;17;15;16	7;12;14;15;16;17;18;19;20;26;29;30;31	CC(C)[C:1001]1=[CH:1002][C:1003](=[O:1004])[C@H](C)CC1(C)C	CC(C)C1=CC(=O)[C@H](C)CC1(C)C	CSC1(C(C)C)C=C([O-])[C@H](C)CC1(C)C
Mol_07562	Mol_07562:atom10	enal	CC1=C(/C=C/C(C)=C\C=C\C(C)=C\C=O)C(C)(C)CCC1	10;12;13;14	8;9;10;11;12;13;14	C=C/[C:1001](C)=[CH:1002]/[CH:1003]=[O:1004]	C=C/C(C)=C/C=O	C=CC(C)(C=C[O-])SC
Mol_07578	Mol_07578:atom16	ester	CC(=O)O[C@H]1CC(C)(C)[C@]2(O)CC[C@H]3[C@H](C)C4=CC(=O)OC4=C[C@@H]3[C@@]2(C)[C@H]1OC(C)=O	16;17;18;19	13;14;15;16;17;18;19;20;21;22	C=C1O[C:1003](=[O:1004])[CH:1002]=[C:1001]1C(C)C	C=C1OC(=O)C=C1C(C)C	C=C1OC([O-])=CC1(SC)C(C)C
Mol_07579	Mol_07579:atom10	ester	C=C1[C@@H](C)CC[C@@]2(C)[C@H]1CC=C1C(=O)OC[C@@H]12	10;11;12;13	6;8;9;10;11;12;13;14;15;16	C1C[C@H]2CO[C:1003](=[O:1004])[C:1002]2=[CH:1001]C1	O=C1OC[C@@H]2CCCC=C12	CSC1CCC[C@H]2COC([O-])=C12
Mol_07580	Mol_07580:atom10	ester	C=C1[C@@H](C)CC[C@@]2(C)[C@H]1CC=C1C(=O)OC[C@@]12O	10;11;12;13	6;8;9;10;11;12;13;14;15;16;17	O[C@@]12CCC[CH:1001]=[C:1002]1[C:1003](=[O:1004])OC2	O=C1OC[C@]2(O)CCCC=C12	CSC1CCC[C@@]2(O)COC([O-])=C12
Mol_07581	Mol_07581:atom10	ester	C=C1[C@@H](C)CC[C@@]2(C)[C@H]1CC=C1C(=O)O[C@@H](O)[C@@]12O	10;11;12;13	6;8;9;10;11;12;13;14;15;17;18	O[C@@]12CCC[CH:1001]=[C:1002]1[C:1003](=[O:1004])OC2	O=C1OC[C@]2(O)CCCC=C12	CSC1CCC[C@@]2(O)COC([O-])=C12
Mol_07582	Mol_07582:atom10	enal	C=C1[C@@H](C)CC[C@@]2(C)[C@H]1CC=C(C=O)[C@]2(O)C=O	10;11;12;13	6;8;9;10;11;12;13;14;15;16	C[C@]1(O)CCC[CH:1001]=[C:1002]1[CH:1003]=[O:1004]	C[C@]1(O)CCCC=C1C=O	CSC1CCC[C@](C)(O)C1=C[O-]
Mol_07583	Mol_07583:atom5	enal	C=C1[C@@H]2[C@@H](O)C=C(C=O)[C@](O)(C=O)[C@@]2(C)CC[C@@H]1C	5;6;7;8	2;3;4;5;6;7;8;9;10;11;13	C[C@]1(O)CC[C@@H](O)[CH:1001]=[C:1002]1[CH:1003]=[O:1004]	C[C@]1(O)CC[C@@H](O)C=C1C=O	CSC1C(=C[O-])[C@@](C)(O)CC[C@H]1O
Mol_07584	Mol_07584:atom14	ester	CC1(C)CCC[C@]2(C)[C@H]3COC(=O)C3=CC[C@@H]12	14;13;11;12	6;8;9;10;11;12;13;14;15;16	C1C[C@H]2CO[C:1003](=[O:1004])[C:1002]2=[CH:1001]C1	O=C1OC[C@@H]2CCCC=C12	CSC1CCC[C@H]2COC([O-])=C12
Mol_07585	Mol_07585:atom15	ester	CC(=O)O[C@H]1CC[C@]2(C)[C@H]3COC(=O)C3=CC[C@H]2C1(C)C	15;14;12;13	7;9;10;11;12;13;14;15;16;17	C1C[C@H]2CO[C:1003](=[O:1004])[C:1002]2=[CH:1001]C1	O=C1OC[C@@H]2CCCC=C12	CSC1CCC[C@H]2COC([O-])=C12
Mol_07586	Mol_07586:atom11	enal	CC1(C)CCC[C@@]2(C)[C@H]1[C@@H](O)C=C(C=O)[C@]2(O)C=O	11;12;13;14	6;8;9;10;11;12;13;14;15;16;17	C[C@]1(O)CC[C@@H](O)[CH:1001]=[C:1002]1[CH:1003]=[O:1004]	C[C@]1(O)CC[C@@H](O)C=C1C=O	CSC1C(=C[O-])[C@@](C)(O)CC[C@H]1O
Mol_07587	Mol_07587:atom5	enal	COC(=O)C1C=C(C=O)[C@](O)(C=O)C2(C)CCCC(C)(C)C12	5;6;7;8	2;4;5;6;7;8;9;10;11;13;21	CC1CC[C@](C)(O)[C:1002]([CH:1003]=[O:1004])=[CH:1001]1	CC1C=C(C=O)[C@@](C)(O)CC1	CSC1C(=C[O-])[C@@](C)(O)CCC1C
Mol_07588	Mol_07588:atom9	ester	CC1(C)CCC[C@]2(C)C3=C(COC3=O)[C@H](O)C[C@@H]12	9;8;12;13	5;6;7;8;9;10;11;12;13;14;15;16;17	CC1(C)CC[C@@H](O)[C:1001]2=[C:1002]1[C:1003](=[O:1004])OC2	CC1(C)CC[C@@H](O)C2=C1C(=O)OC2	CSC12COC([O-])=C1C(C)(C)CC[C@H]2O
Mol_07589	Mol_07589:atom9	ester	C=C1[C@@H](C)CC[C@]2(C)C3=C(COC3=O)[C@@](C)(O)C[C@@H]12	9;8;12;13	5;6;7;8;9;10;11;12;13;14;15;16;17;18	CC1(C)CC[C@](C)(O)[C:1001]2=[C:1002]1[C:1003](=[O:1004])OC2	CC1(C)CC[C@](C)(O)C2=C1C(=O)OC2	CSC12COC([O-])=C1C(C)(C)CC[C@]2(C)O
Mol_07590	Mol_07590:atom7	ester	CC(=O)O[C@@H]1[C@@H](O)C2=C(C(=O)OC2)[C@@]2(C)CCCC(C)(C)[C@H]12	7;8;9;10	4;5;6;7;8;9;10;11;12;13;14;15;21	CC1(C)CC[C@@H](O)[C:1001]2=[C:1002]1[C:1003](=[O:1004])OC2	CC1(C)CC[C@@H](O)C2=C1C(=O)OC2	CSC12COC([O-])=C1C(C)(C)CC[C@H]2O
Mol_07592	Mol_07592:atom10	enal	CC1(C)CCC[C@@]2(C)[C@H]1CC=C(C=O)[C@]2(O)C=O	10;11;12;13	6;8;9;10;11;12;13;14;15;16	C[C@]1(O)CCC[CH:1001]=[C:1002]1[CH:1003]=[O:1004]	C[C@]1(O)CCCC=C1C=O	CSC1CCC[C@](C)(O)C1=C[O-]
Mol_07593	Mol_07593:atom14	enal	CC1(C)CCC[C@]2(C)[C@@H](C=O)C(C=O)=CC[C@@H]12	14;11;12;13	6;8;9;11;12;13;14;15;16	C[C@@H]1CCC[CH:1001]=[C:1002]1[CH:1003]=[O:1004]	C[C@@H]1CCCC=C1C=O	CSC1CCC[C@@H](C)C1=C[O-]
Mol_07596	Mol_07596:atom1	ester	C/C=C(\C)C(=O)O[C@H]1C[C@@H](OC(C)=O)[C@@]2(C(=O)OC)CO[C@@H]3C2C12CO[C@](O)(C(=O)OC)[C@H]2[C@](C)(C12O[C@@]1(C)[C@H]1C[C@@H]2OC2OC=C[C@@]21O)[C@@H]3O	1;2;4;5	0;1;2;3;4;5;6;7	CO[C:1003](/[C:1002](C)=[CH:1001]/C)=[O:1004]	C/C=C(\C)C(=O)OC	COC([O-])=C(C)C(C)SC
Mol_07597	Mol_07597:atom10	ester	CC(=O)O[C@@H]1[C@@H](OC(C)=O)C2=C(C(=O)OC2)[C@@]2(C)CCCC(C)(C)[C@H]12	10;11;12;13	4;5;6;10;11;12;13;14;15;16;17;18;24	CC1(C)CC[C@@H](O)[C:1001]2=[C:1002]1[C:1003](=[O:1004])OC2	CC1(C)CC[C@@H](O)C2=C1C(=O)OC2	CSC12COC([O-])=C1C(C)(C)CC[C@H]2O
Mol_07598	Mol_07598:atom8	ester	CC1(C)CCC[C@]2(C)C3=C(C=C[C@@H]12)C(=O)OC3	8;9;13;14	5;6;7;8;9;10;11;12;13;14;15;16	CC1(C)CC=C[C:1002]2=[C:1001]1CO[C:1003]2=[O:1004]	CC1(C)CC=CC2=C1COC2=O	CSC12COC([O-])=C1C=CCC2(C)C
Mol_07605	Mol_07605:atom10	enal	C=C1[C@@H](O)CC[C@@]2(C)[C@H]1CC=C(C=O)[C@]2(O)C=O	10;11;12;13	6;8;9;10;11;12;13;14;15;16	C[C@]1(O)CCC[CH:1001]=[C:1002]1[CH:1003]=[O:1004]	C[C@]1(O)CCCC=C1C=O	CSC1CCC[C@](C)(O)C1=C[O-]
Mol_07606	Mol_07606:atom14	enal	C=C1[C@@H](C)CC[C@]2(C)[C@@H](C=O)C(C=O)=CC[C@@H]12	14;11;12;13	6;8;9;11;12;13;14;15;16	C[C@@H]1CCC[CH:1001]=[C:1002]1[CH:1003]=[O:1004]	C[C@@H]1CCCC=C1C=O	CSC1CCC[C@@H](C)C1=C[O-]
Mol_07608	Mol_07608:atom9	ester	CC1(C)CCC[C@]2(C)C3=C(COC3=O)[C@H](O)[C@@H](O)[C@@H]12	9;8;12;13	5;6;7;8;9;10;11;12;13;14;15;16;18	CC1(C)CC[C@@H](O)[C:1001]2=[C:1002]1[C:1003](=[O:1004])OC2	CC1(C)CC[C@@H](O)C2=C1C(=O)OC2	CSC12COC([O-])=C1C(C)(C)CC[C@H]2O
Mol_07613	Mol_07613:atom9	ester	C=C1[C@@H](C)CC[C@]2(C)C3=C(COC3=O)[C@@H](O)C[C@@H]12	9;8;12;13	5;6;7;8;9;10;11;12;13;14;15;16;17	CC1(C)CC[C@H](O)[C:1001]2=[C:1002]1[C:1003](=[O:1004])OC2	CC1(C)CC[C@H](O)C2=C1C(=O)OC2	CSC12COC([O-])=C1C(C)(C)CC[C@@H]2O
Mol_07661	Mol_07661:atom1	enal	CC1=C(C=O)C(C)(C)CCC1	1;2;3;4	0;1;2;3;4;5;6;7;8;9;10	CC1(C)CCC[C:1001](C)=[C:1002]1[CH:1003]=[O:1004]	CC1=C(C=O)C(C)(C)CCC1	CSC1(C)CCCC(C)(C)C1=C[O-]
Mol_07665	Mol_07665:atom4	enone	CC(=O)/C=C/C1C(C)=CCCC1(C)C	4;3;1;2	0;1;2;3;4;5;6;11	CC(C)/[CH:1001]=[CH:1002]/[C:1003](C)=[O:1004]	CC(=O)/C=C/C(C)C	CSC(C=C(C)[O-])C(C)C
Mol_07680	Mol_07680:atom14	enone	C=C1CC[C@]2(C)CC[C@]3(C)C4=CC=C5C(=CC(=O)C(O)=C5C)[C@]4(C)CC[C@@]3(C)[C@@H]2C1	14;15;16;17	10;12;13;14;15;16;17;18;19;20;22;23;24	C=C1C=C(O)[C:1003](=[O:1004])[CH:1002]=[C:1001]1C(C)(C)C	C=C1C=C(O)C(=O)C=C1C(C)(C)C	C=C1C=C(O)C([O-])=CC1(SC)C(C)(C)C
Mol_07680	Mol_07680:atom20	enone	C=C1CC[C@]2(C)CC[C@]3(C)C4=CC=C5C(=CC(=O)C(O)=C5C)[C@]4(C)CC[C@@]3(C)[C@@H]2C1	20;18;16;17	12;13;14;15;16;17;18;19;20;21	C=C1C=C[C:1003](=[O:1004])[C:1002](O)=[C:1001]1C	C=C1C=CC(=O)C(O)=C1C	C=C1C=CC([O-])=C(O)C1(C)SC
Mol_07681	Mol_07681:atom1	enone	CC1=C(O)C(=O)C=C2C1=CC=C1[C@@]2(C)CC[C@@]2(C)[C@@H]3C[C@@H](CO)CC[C@]3(C)CC[C@]12C	1;2;4;5	0;1;2;3;4;5;6;7;8;9	C=C1C=C[C:1003](=[O:1004])[C:1002](O)=[C:1001]1C	C=C1C=CC(=O)C(O)=C1C	C=C1C=CC([O-])=C(O)C1(C)SC
Mol_07681	Mol_07681:atom7	enone	CC1=C(O)C(=O)C=C2C1=CC=C1[C@@]2(C)CC[C@@]2(C)[C@@H]3C[C@@H](CO)CC[C@]3(C)CC[C@]12C	7;6;4;5	1;2;3;4;5;6;7;8;9;11;12;13;14	C=C1C=C(O)[C:1003](=[O:1004])[CH:1002]=[C:1001]1C(C)(C)C	C=C1C=C(O)C(=O)C=C1C(C)(C)C	C=C1C=C(O)C([O-])=CC1(SC)C(C)(C)C
Mol_07683	Mol_07683:atom1	enone	CC1=C(O)C(=O)C=C2C1=CC=C1[C@@]2(C)CC[C@@]2(C)[C@@H]3C[C@H](CO)CC[C@]3(C)CC[C@]12C	1;2;4;5	0;1;2;3;4;5;6;7;8;9	C=C1C=C[C:1003](=[O:1004])[C:1002](O)=[C:1001]1C	C=C1C=CC(=O)C(O)=C1C	C=C1C=CC([O-])=C(O)C1(C)SC
Mol_07683	Mol_07683:atom7	enone	CC1=C(O)C(=O)C=C2C1=CC=C1[C@@]2(C)CC[C@@]2(C)[C@@H]3C[C@H](CO)CC[C@]3(C)CC[C@]12C	7;6;4;5	1;2;3;4;5;6;7;8;9;11;12;13;14	C=C1C=C(O)[C:1003](=[O:1004])[CH:1002]=[C:1001]1C(C)(C)C	C=C1C=C(O)C(=O)C=C1C(C)(C)C	C=C1C=C(O)C([O-])=CC1(SC)C(C)(C)C
Mol_07684	Mol_07684:atom10	enone	C=C1CC[C@]2(C)CC[C@]3(C)C4=CC(=O)c5c(cc(O)c(O)c5C)[C@]4(C)CC[C@@]3(C)[C@@H]2C1	10;11;12;13	7;8;9;10;11;12;13;14;15;16;17;19;21;23;24;25;27	CC(C)(C)[C:1001]1=[CH:1002][C:1003](=[O:1004])c2ccccc2C1(C)C	CC(C)(C)C1=CC(=O)c2ccccc2C1(C)C	CSC1(C(C)(C)C)C=C([O-])c2ccccc2C1(C)C
Mol_07685	Mol_07685:atom1	enone	CC1=C(O)C(=O)C=C2C1=CC=C1[C@@]2(C)CC[C@@]2(C)[C@@H]3C[C@@H](C)C(=O)[C@@H](O)[C@]3(C)CC[C@]12C	1;2;4;5	0;1;2;3;4;5;6;7;8;9	C=C1C=C[C:1003](=[O:1004])[C:1002](O)=[C:1001]1C	C=C1C=CC(=O)C(O)=C1C	C=C1C=CC([O-])=C(O)C1(C)SC
Mol_07685	Mol_07685:atom7	enone	CC1=C(O)C(=O)C=C2C1=CC=C1[C@@]2(C)CC[C@@]2(C)[C@@H]3C[C@@H](C)C(=O)[C@@H](O)[C@]3(C)CC[C@]12C	7;6;4;5	1;2;3;4;5;6;7;8;9;11;12;13;14	C=C1C=C(O)[C:1003](=[O:1004])[CH:1002]=[C:1001]1C(C)(C)C	C=C1C=C(O)C(=O)C=C1C(C)(C)C	C=C1C=C(O)C([O-])=CC1(SC)C(C)(C)C
Mol_07688	Mol_07688:atom20	enone	COC(=O)[C@]1(C)CC[C@]2(C)CC[C@]3(C)C4CC[C@]5(C=O)C(C)=C(O)C(=O)CC5[C@]4(C)CC[C@@]3(C)C2C1	20;22;24;25	16;17;18;20;21;22;23;24;25;26;27	CC1(C)CC[C:1003](=[O:1004])[C:1002](O)=[C:1001]1C	CC1=C(O)C(=O)CCC1(C)C	CSC1(C)C(O)=C([O-])CCC1(C)C
Mol_07698	Mol_07698:atom47	enone	C=C(C)CCC/C(C)=C/C[C@@]12C(=O)[C@@](CC=C(C)C)(C[C@H](C/C=C(\C)CCC=C(C)C)C1(C)C)C(=O)C(C(=O)c1ccc(O)c(O)c1)=C2O	47;36;34;35	9;10;11;13;14;19;31;34;35;36;37;38;39;40;41;42;44;46;47;48	CC1(C)CC(C)(C)[C:1003](=[O:1004])[C:1002](C(=O)c2ccccc2)=[C:1001]1O	CC1(C)CC(C)(C)C(O)=C(C(=O)c2ccccc2)C1=O	CSC1(O)C(C(=O)c2ccccc2)=C([O-])C(C)(C)CC1(C)C
Mol_07700	Mol_07700:atom43	enone	C=C(C)CCC(C[C@@]1(C/C=C(\C)CCC=C(C)C)C(=O)C(CC=C(C)C)(CC=C(C)C)C(=O)C(C(=O)c2cccc(O)c2)=C1O)C(=C)C	43;33;31;32	6;7;8;18;20;21;26;31;32;33;34;35;36;37;38;39;40;42;43;44	CC1(C)CC(C)(C)[C:1003](=[O:1004])[C:1002](C(=O)c2ccccc2)=[C:1001]1O	CC1(C)CC(C)(C)C(O)=C(C(=O)c2ccccc2)C1=O	CSC1(O)C(C(=O)c2ccccc2)=C([O-])C(C)(C)CC1(C)C
Mol_07702	Mol_07702:atom44	enone	C=C(C)CCC(C[C@@]1(C/C=C(\C)CCC=C(C)C)C(=O)C(CC=C(C)C)(CC=C(C)C)C(=O)C(C(=O)c2ccc(O)c(O)c2)=C1O)C(=C)C	44;33;31;32	6;7;8;18;20;21;26;31;32;33;34;35;36;37;38;39;41;43;44;45	CC1(C)CC(C)(C)[C:1003](=[O:1004])[C:1002](C(=O)c2ccccc2)=[C:1001]1O	CC1(C)CC(C)(C)C(O)=C(C(=O)c2ccccc2)C1=O	CSC1(O)C(C(=O)c2ccccc2)=C([O-])C(C)(C)CC1(C)C
Mol_07721	Mol_07721:atom8	ester	CC(=O)C[C@]1(O)C(=O)C=C2C(=O)O[C@H]3[C@H](OC(=O)c4cc(O)c(O)c(O)c4)O[C@@H]4COC(=O)c5cc(O)c(O)c(O)c5-c5c(cc(O)c(O)c5O)C(=O)O[C@H]3[C@@H]4OC(=O)c3cc(O)c(O)c4c3[C@H]2[C@@]1(O)O4	8;9;10;11	4;6;7;8;9;10;11;12;13;59;60;61;63;65;66;67;68	CO[C:1003]([C:1002]1=[CH:1001]C(=O)CC[C@@H]1c1ccccc1)=[O:1004]	COC(=O)C1=CC(=O)CC[C@@H]1c1ccccc1	COC([O-])=C1C(SC)C(=O)CC[C@@H]1c1ccccc1
Mol_07721	Mol_07721:atom9	enone	CC(=O)C[C@]1(O)C(=O)C=C2C(=O)O[C@H]3[C@H](OC(=O)c4cc(O)c(O)c(O)c4)O[C@@H]4COC(=O)c5cc(O)c(O)c(O)c5-c5c(cc(O)c(O)c5O)C(=O)O[C@H]3[C@@H]4OC(=O)c3cc(O)c(O)c4c3[C@H]2[C@@]1(O)O4	9;8;6;7	3;4;5;6;7;8;9;10;11;12;59;60;61;63;65;66;67;68	C[C@@]1(O)C[C@H](c2ccccc2)[C:1001](C(=O)O)=[CH:1002][C:1003]1=[O:1004]	C[C@@]1(O)C[C@H](c2ccccc2)C(C(=O)O)=CC1=O	CSC1(C(=O)O)C=C([O-])[C@](C)(O)C[C@@H]1c1ccccc1
Mol_07760	Mol_07760:atom1	ester	C/C=C(\C)C(=O)O[C@@H]1C(=O)C(CO)=C[C@@H](OC(C)=O)C1C(C)C	1;2;4;5	0;1;2;3;4;5;6;7	CO[C:1003](/[C:1002](C)=[CH:1001]/C)=[O:1004]	C/C=C(\C)C(=O)OC	COC([O-])=C(C)C(C)SC
Mol_07760	Mol_07760:atom13	enone	C/C=C(\C)C(=O)O[C@@H]1C(=O)C(CO)=C[C@@H](OC(C)=O)C1C(C)C	13;10;8;9	6;7;8;9;10;11;12;13;14;15;19	OC[C:1002]1=[CH:1001][C@@H](O)C[C@H](O)[C:1003]1=[O:1004]	O=C1C(CO)=C[C@@H](O)C[C@@H]1O	CSC1C(CO)=C([O-])[C@@H](O)C[C@@H]1O
Mol_07761	Mol_07761:atom1	ester	C/C=C(\C)C(=O)O[C@@H]1C(=O)C(CO)=C[C@@H](O)C1C(C)C	1;2;4;5	0;1;2;3;4;5;6;7	CO[C:1003](/[C:1002](C)=[CH:1001]/C)=[O:1004]	C/C=C(\C)C(=O)OC	COC([O-])=C(C)C(C)SC
Mol_07761	Mol_07761:atom13	enone	C/C=C(\C)C(=O)O[C@@H]1C(=O)C(CO)=C[C@@H](O)C1C(C)C	13;10;8;9	6;7;8;9;10;11;12;13;14;15;16	OC[C:1002]1=[CH:1001][C@@H](O)C[C@H](O)[C:1003]1=[O:1004]	O=C1C(CO)=C[C@@H](O)C[C@@H]1O	CSC1C(CO)=C([O-])[C@@H](O)C[C@@H]1O
Mol_07762	Mol_07762:atom5	enone	CC(=O)O[C@@H]1C=C(CO)C(=O)[C@@H](O)C1C(C)C	5;6;9;10	3;4;5;6;7;8;9;10;11;12;13	OC[C:1002]1=[CH:1001][C@@H](O)C[C@H](O)[C:1003]1=[O:1004]	O=C1C(CO)=C[C@@H](O)C[C@@H]1O	CSC1C(CO)=C([O-])[C@@H](O)C[C@@H]1O
Mol_07763	Mol_07763:atom6	enone	CC(C)C1[C@H](O)C=C(CO)C(=O)[C@H]1O	6;7;10;11	3;4;5;6;7;8;9;10;11;12;13	OC[C:1002]1=[CH:1001][C@@H](O)C[C@H](O)[C:1003]1=[O:1004]	O=C1C(CO)=C[C@@H](O)C[C@@H]1O	CSC1C(CO)=C([O-])[C@@H](O)C[C@@H]1O
Mol_07767	Mol_07767:atom5	enone	CC(C)C1CC=C(CO)C(=O)[C@H]1OC1O[C@H](CO)[C@@H](O)[C@H](O)[C@H]1O	5;6;9;10	3;4;5;6;7;8;9;10;11;12	OC[C:1002]1=[CH:1001]CC[C@H](O)[C:1003]1=[O:1004]	O=C1C(CO)=CCC[C@@H]1O	CSC1CC[C@H](O)C([O-])=C1CO
Mol_07805	Mol_07805:atom26	ester	CCCCCCCCCCCCCCCCCCCCCCOC(=O)/C=C\c1ccc(O)cc1	26;25;23;24	21;22;23;24;25;26;27;28;29;30;32;33	CO[C:1003](/[CH:1002]=[CH:1001]\c1ccccc1)=[O:1004]	COC(=O)/C=C\c1ccccc1	COC([O-])=CC(SC)c1ccccc1
Mol_07806	Mol_07806:atom26	ester	CCCCCCCCCCCCCCCCCCCCCCOC(=O)/C=C/c1ccc(O)cc1	26;25;23;24	21;22;23;24;25;26;27;28;29;30;32;33	CO[C:1003](/[CH:1002]=[CH:1001]/c1ccccc1)=[O:1004]	COC(=O)/C=C/c1ccccc1	COC([O-])=CC(SC)c1ccccc1
Mol_07807	Mol_07807:atom1	ester	C/C=C(\C)C(=O)O[C@@H]1CCN2CC[C@H](CO)C12	1;2;4;5	0;1;2;3;4;5;6;7	CO[C:1003](/[C:1002](C)=[CH:1001]/C)=[O:1004]	C/C=C(\C)C(=O)OC	COC([O-])=C(C)C(C)SC
Mol_07808	Mol_07808:atom1	ester	CC(C)=CC(=O)O[C@@H]1CCN2CC[C@H](CO)[C@H]12	1;3;4;5	0;1;2;3;4;5;6;7	CO[C:1003]([CH:1002]=[C:1001](C)C)=[O:1004]	COC(=O)C=C(C)C	COC([O-])=CC(C)(C)SC
Mol_07812	Mol_07812:atom1	ester	C/C1=C/C(=O)O[C@H]2CCN3CC[C@@H](COC(=O)[C@](C)(O)[C@@H](C)C1)C23	1;2;3;4	0;1;2;3;4;5;6;20;22	CC/[C:1001](C)=[CH:1002]\[C:1003](OC)=[O:1004]	CC/C(C)=C\C(=O)OC	CCC(C)(C=C([O-])OC)SC
Mol_07814	Mol_07814:atom1	ester	C/C=C1\C[C@@H](C)[C@@](C)(O)C(=O)OC[C@H]2CCN3CC[C@@H](OC1=O)[C@@H]23	1;2;21;22	0;1;2;3;4;19;20;21;22	CC/[C:1002](=[CH:1001]\C)[C:1003](OC)=[O:1004]	C/C=C(\CC)C(=O)OC	CCC(=C([O-])OC)C(C)SC
Mol_07816	Mol_07816:atom1	ester	C/C=C1/CC2(CO)OC2(C)C(=O)OCC2=CCN3CC[C@@H](OC1=O)[C@@H]23	1;2;22;23	0;1;2;3;4;20;21;22;23	CC/[C:1002](=[CH:1001]/C)[C:1003](OC)=[O:1004]	C/C=C(/CC)C(=O)OC	CCC(=C([O-])OC)C(C)SC
Mol_07817	Mol_07817:atom1	ester	C/C=C1/CC(C)C(O)(CO)C(=O)OCC2=CCN3CCC(OC1=O)C23	1;2;22;23	0;1;2;3;4;20;21;22;23	CC/[C:1002](=[CH:1001]/C)[C:1003](OC)=[O:1004]	C/C=C(/CC)C(=O)OC	CCC(=C([O-])OC)C(C)SC
Mol_07819	Mol_07819:atom4	ester	C[C@H]1C/C(=C\CO)C(=O)OC2CCN3CC=C(COC(=O)[C@@]1(C)O)[C@@H]23	4;3;7;8	1;2;3;4;5;6;7;8;9;10	CC/[C:1002](=[CH:1001]\CO)[C:1003](OC)=[O:1004]	CC/C(=C\CO)C(=O)OC	CCC(=C([O-])OC)C(CO)SC
Mol_07854	Mol_07854:atom6	enal	CC(C)=C/C=C/C(C)=C/C=O	6;8;9;10	4;5;6;7;8;9;10	C=C/[C:1001](C)=[CH:1002]/[CH:1003]=[O:1004]	C=C/C(C)=C/C=O	C=CC(C)(C=C[O-])SC
Mol_07855	Mol_07855:atom6	enal	CC(C)=C/C=C/C(C)=C\C=O	6;8;9;10	4;5;6;7;8;9;10	C=C/[C:1001](C)=[CH:1002]\[CH:1003]=[O:1004]	C=C/C(C)=C\C=O	C=CC(C)(C=C[O-])SC
Mol_07857	Mol_07857:atom24	enone	CC(=O)OC(C)C(C)(OC(C)=O)C(=O)OC1CCC2(C)CC(=O)C(=C(C)C)CC2C1(C)O	24;23;21;22	18;20;21;22;23;24;25;26;27;28	C[C:1001](C)=[C:1002]1CCCC[C:1003]1=[O:1004]	CC(C)=C1CCCCC1=O	CSC(C)(C)C1=C([O-])CCCC1
Mol_07861	Mol_07861:atom0	ester	C=C1C(=O)OCC1C/C=C(\C)CC1CC(C)C(=O)O1	0;1;2;3	0;1;2;3;4;5;6;7	CC1CO[C:1003](=[O:1004])[C:1002]1=[CH2:1001]	C=C1C(=O)OCC1C	CSCC1=C([O-])OCC1C
Mol_07862	Mol_07862:atom0	ester	C=C1C(=O)OCC1/C=C/C(C)(O)CC1CC(C)C(=O)O1	0;1;2;3	0;1;2;3;4;5;6;7	CC1CO[C:1003](=[O:1004])[C:1002]1=[CH2:1001]	C=C1C(=O)OCC1C	CSCC1=C([O-])OCC1C
Mol_07864	Mol_07864:atom0	ester	C=C1C(=O)OCC1C/C=C(\C)CC/C=C(\C)C=O	0;1;2;3	0;1;2;3;4;5;6;7	CC1CO[C:1003](=[O:1004])[C:1002]1=[CH2:1001]	C=C1C(=O)OCC1C	CSCC1=C([O-])OCC1C
Mol_07864	Mol_07864:atom13	enal	C=C1C(=O)OCC1C/C=C(\C)CC/C=C(\C)C=O	13;14;16;17	11;12;13;14;15;16;17	CC/[CH:1001]=[C:1002](\C)[CH:1003]=[O:1004]	CC/C=C(\C)C=O	CCC(SC)C(C)=C[O-]
Mol_07874	Mol_07874:atom21	enone	CC(=O)OC(C)C(C)(O)C(=O)O[C@@H]1CC[C@]2(C)CC(=O)C(=C(C)C)C[C@@]2(C)[C@]1(C)O	21;20;18;19	15;17;18;19;20;21;22;23;24;25	C[C:1001](C)=[C:1002]1CCCC[C:1003]1=[O:1004]	CC(C)=C1CCCCC1=O	CSC(C)(C)C1=C([O-])CCCC1
Mol_07875	Mol_07875:atom1	ester	C/C=C(/C)C(=O)O[C@@H]1CC[C@]2(C)CC(=O)C(=C(C)C)C[C@@]2(C)[C@]1(C)OC(C)=O	1;2;4;5	0;1;2;3;4;5;6;7	CO[C:1003](/[C:1002](C)=[CH:1001]\C)=[O:1004]	C/C=C(/C)C(=O)OC	COC([O-])=C(C)C(C)SC
Mol_07875	Mol_07875:atom16	enone	C/C=C(/C)C(=O)O[C@@H]1CC[C@]2(C)CC(=O)C(=C(C)C)C[C@@]2(C)[C@]1(C)OC(C)=O	16;15;13;14	10;12;13;14;15;16;17;18;19;20	C[C:1001](C)=[C:1002]1CCCC[C:1003]1=[O:1004]	CC(C)=C1CCCCC1=O	CSC(C)(C)C1=C([O-])CCCC1
Mol_07876	Mol_07876:atom21	enone	CC(=O)OC(C)C(C)(O)C(=O)O[C@@H]1CC[C@]2(C)CC(=O)C(=C(C)C)C[C@@]2(C)[C@]1(C)OC(C)=O	21;20;18;19	15;17;18;19;20;21;22;23;24;25	C[C:1001](C)=[C:1002]1CCCC[C:1003]1=[O:1004]	CC(C)=C1CCCCC1=O	CSC(C)(C)C1=C([O-])CCCC1
Mol_07882	Mol_07882:atom0	ester	C=C(C)C(=O)O[C@H]1C[C@@]23O[C@@H]2CC/C(=C/[C@H]2OC(=O)C(=C)[C@H]12)CO[C@H]3O	0;1;3;4	0;1;2;3;4;5;6	CO[C:1003]([C:1002](C)=[CH2:1001])=[O:1004]	C=C(C)C(=O)OC	COC([O-])=C(C)CSC
Mol_07882	Mol_07882:atom20	ester	C=C(C)C(=O)O[C@H]1C[C@@]23O[C@@H]2CC/C(=C/[C@H]2OC(=O)C(=C)[C@H]12)CO[C@H]3O	20;19;17;18	6;15;16;17;18;19;20;21	C[C@@H]1CO[C:1003](=[O:1004])[C:1002]1=[CH2:1001]	C=C1C(=O)OC[C@H]1C	CSCC1=C([O-])OC[C@H]1C
Mol_07883	Mol_07883:atom8	ester	C=C[C@@]12COC(=O)C(=C)[C@@H]1[C@@H](O)[C@H](C(=C)C(=O)OC)[C@@H](OC(=O)C(=C)CO)C2	8;7;5;6	2;3;4;5;6;7;8;9;10	C[C@@H]1CCO[C:1003](=[O:1004])[C:1002]1=[CH2:1001]	C=C1C(=O)OCC[C@H]1C	CSCC1=C([O-])OCC[C@H]1C
Mol_07883	Mol_07883:atom14	ester	C=C[C@@]12COC(=O)C(=C)[C@@H]1[C@@H](O)[C@H](C(=C)C(=O)OC)[C@@H](OC(=O)C(=C)CO)C2	14;13;15;16	10;12;13;14;15;16;17;18;19	CO[C:1003]([C:1002](C(C)C)=[CH2:1001])=[O:1004]	C=C(C(=O)OC)C(C)C	COC([O-])=C(CSC)C(C)C
Mol_07883	Mol_07883:atom24	ester	C=C[C@@]12COC(=O)C(=C)[C@@H]1[C@@H](O)[C@H](C(=C)C(=O)OC)[C@@H](OC(=O)C(=C)CO)C2	24;23;21;22	19;20;21;22;23;24;25;26	CO[C:1003]([C:1002](CO)=[CH2:1001])=[O:1004]	C=C(CO)C(=O)OC	COC([O-])=C(CO)CSC
Mol_07884	Mol_07884:atom1	ester	C/C=C(/C)C(=O)OC1CCC2(C)CC(=O)C(=C(C)C)CC2C1(C)OC(C)=O	1;2;4;5	0;1;2;3;4;5;6;7	CO[C:1003](/[C:1002](C)=[CH:1001]\C)=[O:1004]	C/C=C(/C)C(=O)OC	COC([O-])=C(C)C(C)SC
Mol_07884	Mol_07884:atom16	enone	C/C=C(/C)C(=O)OC1CCC2(C)CC(=O)C(=C(C)C)CC2C1(C)OC(C)=O	16;15;13;14	10;12;13;14;15;16;17;18;19;20	C[C:1001](C)=[C:1002]1CCCC[C:1003]1=[O:1004]	CC(C)=C1CCCCC1=O	CSC(C)(C)C1=C([O-])CCCC1
Mol_07885	Mol_07885:atom21	enone	CC(=O)OC(C)C(C)(O)C(=O)OC1CCC2(C)CC(=O)C(=C(C)C)CC2C1(C)OC(C)=O	21;20;18;19	15;17;18;19;20;21;22;23;24;25	C[C:1001](C)=[C:1002]1CCCC[C:1003]1=[O:1004]	CC(C)=C1CCCCC1=O	CSC(C)(C)C1=C([O-])CCCC1
Mol_07886	Mol_07886:atom21	enone	CC(=O)OC(C)C(C)(O)C(=O)OC1CCC2(C)CC(=O)C(=C(C)C)CC2C1(C)O	21;20;18;19	15;17;18;19;20;21;22;23;24;25	C[C:1001](C)=[C:1002]1CCCC[C:1003]1=[O:1004]	CC(C)=C1CCCCC1=O	CSC(C)(C)C1=C([O-])CCCC1
Mol_07898	Mol_07898:atom18	ester	C=C1CCC2C(C)(C(=O)O)CCCC2(C)C1CCC1=CC(=O)OC1	18;19;20;21	16;17;18;19;20;21;22;23	CC[C:1001]1=[CH:1002][C:1003](=[O:1004])OC1	CCC1=CC(=O)OC1	CCC1(SC)C=C([O-])OC1
Mol_07899	Mol_07899:atom18	ester	C=C1CCC2C(C)(C(=O)O)CCCC2(C)C1CCC1=CC(=O)OC1OC	18;19;20;21	16;17;18;19;20;21;22;23;24	CC[C:1001]1=[CH:1002][C:1003](=[O:1004])OC1O	CCC1=CC(=O)OC1O	CCC1(SC)C=C([O-])OC1O
Mol_07903	Mol_07903:atom18	ester	C=C1CCC2C(C)(C(=O)O)CCCC2(C)C1CCC1=CC(=O)OC1O	18;19;20;21	16;17;18;19;20;21;22;23;24	CC[C:1001]1=[CH:1002][C:1003](=[O:1004])OC1O	CCC1=CC(=O)OC1O	CCC1(SC)C=C([O-])OC1O
Mol_07906	Mol_07906:atom0	ester	C=C(C)C(=O)O[C@H]1C[C@@]2(C)O[C@@H]2[C@H]2O[C@H]2C(=C)[C@H](O)[C@H]2OC(=O)C(=C)[C@@H]21	0;1;3;4	0;1;2;3;4;5;6	CO[C:1003]([C:1002](C)=[CH2:1001])=[O:1004]	C=C(C)C(=O)OC	COC([O-])=C(C)CSC
Mol_07906	Mol_07906:atom24	ester	C=C(C)C(=O)O[C@H]1C[C@@]2(C)O[C@@H]2[C@H]2O[C@H]2C(=C)[C@H](O)[C@H]2OC(=O)C(=C)[C@@H]21	24;23;21;22	6;19;20;21;22;23;24;25	C[C@@H]1CO[C:1003](=[O:1004])[C:1002]1=[CH2:1001]	C=C1C(=O)OC[C@H]1C	CSCC1=C([O-])OC[C@H]1C
Mol_07907	Mol_07907:atom0	ester	C=C1C(=O)O[C@H]2[C@H]1[C@@H](OC(=O)/C(C)=C\C)C[C@@]1(C)O[C@@H]1[C@H]1O[C@H]1C(=C)[C@@H]2O	0;1;2;3	0;1;2;3;4;5;6;7	C[C@@H]1CO[C:1003](=[O:1004])[C:1002]1=[CH2:1001]	C=C1C(=O)OC[C@H]1C	CSCC1=C([O-])OC[C@H]1C
Mol_07907	Mol_07907:atom13	ester	C=C1C(=O)O[C@H]2[C@H]1[C@@H](OC(=O)/C(C)=C\C)C[C@@]1(C)O[C@@H]1[C@H]1O[C@H]1C(=C)[C@@H]2O	13;11;9;10	7;8;9;10;11;12;13;14	CO[C:1003](/[C:1002](C)=[CH:1001]\C)=[O:1004]	C/C=C(/C)C(=O)OC	COC([O-])=C(C)C(C)SC
Mol_07908	Mol_07908:atom0	ester	C=C1C(=O)O[C@@H]2/C=C(\CO)C[C@H](O)[C@H]3O[C@]3(C)C[C@H](OC(=O)/C(C)=C\C)[C@@H]12	0;1;2;3	0;1;2;3;4;5;18;26	C[C@@H]1CO[C:1003](=[O:1004])[C:1002]1=[CH2:1001]	C=C1C(=O)OC[C@H]1C	CSCC1=C([O-])OC[C@H]1C
Mol_07908	Mol_07908:atom24	ester	C=C1C(=O)O[C@@H]2/C=C(\CO)C[C@H](O)[C@H]3O[C@]3(C)C[C@H](OC(=O)/C(C)=C\C)[C@@H]12	24;22;20;21	18;19;20;21;22;23;24;25	CO[C:1003](/[C:1002](C)=[CH:1001]\C)=[O:1004]	C/C=C(/C)C(=O)OC	COC([O-])=C(C)C(C)SC
Mol_07909	Mol_07909:atom1	ester	C/C=C(/C)C(=O)O[C@H]1C[C@@]2(C)O[C@@H]2[C@@H](O)C/C(CO)=C/[C@H]2OC(=O)C(C)[C@H]12	1;2;4;5	0;1;2;3;4;5;6;7	CO[C:1003](/[C:1002](C)=[CH:1001]\C)=[O:1004]	C/C=C(/C)C(=O)OC	COC([O-])=C(C)C(C)SC
Mol_07910	Mol_07910:atom0	ester	C=C1C(=O)O[C@@H]2CC(C=O)C[C@H](O)[C@H]3O[C@]3(C)C[C@H](OC(=O)/C(C)=C\C)[C@@H]12	0;1;2;3	0;1;2;3;4;5;18;26	C[C@@H]1CO[C:1003](=[O:1004])[C:1002]1=[CH2:1001]	C=C1C(=O)OC[C@H]1C	CSCC1=C([O-])OC[C@H]1C
Mol_07910	Mol_07910:atom24	ester	C=C1C(=O)O[C@@H]2CC(C=O)C[C@H](O)[C@H]3O[C@]3(C)C[C@H](OC(=O)/C(C)=C\C)[C@@H]12	24;22;20;21	18;19;20;21;22;23;24;25	CO[C:1003](/[C:1002](C)=[CH:1001]\C)=[O:1004]	C/C=C(/C)C(=O)OC	COC([O-])=C(C)C(C)SC
Mol_07922	Mol_07922:atom27	enone	CC(=O)OC1(C)C(OC(=O)C2(C)OC2C)CCC2(C)CC(=O)C(C(C)(C)C)=CC21	27;22;20;21	4;17;19;20;21;22;23;24;25;26;27;28	CC1CC[C:1003](=[O:1004])[C:1002](C(C)(C)C)=[CH:1001]1	CC1C=C(C(C)(C)C)C(=O)CC1	CSC1C(C(C)(C)C)=C([O-])CCC1C
Mol_07964	Mol_07964:atom0	enone	C=C(C(=O)[C@H](O)[C@@H](C)[C@H]1[C@@H](OC(C)=O)C[C@@]2(C)C3CCC4[C@H](C)OC(=O)C=C[C@@]45C[C@@]35CC[C@]12C)C(C)C	0;1;2;3	0;1;2;3;4;5;6;35;36;37	CC(C)[C:1002](=[CH2:1001])[C:1003]([C@@H](C)O)=[O:1004]	C=C(C(=O)[C@@H](C)O)C(C)C	CSCC(=C([O-])[C@@H](C)O)C(C)C
Mol_07964	Mol_07964:atom27	ester	C=C(C(=O)[C@H](O)[C@@H](C)[C@H]1[C@@H](OC(C)=O)C[C@@]2(C)C3CCC4[C@H](C)OC(=O)C=C[C@@]45C[C@@]35CC[C@]12C)C(C)C	27;26;24;25	20;21;23;24;25;26;27;28;29;30	C1CC2(CC2)[CH:1001]=[CH:1002][C:1003](=[O:1004])O1	O=C1C=CC2(CCO1)CC2	CSC1C=C([O-])OCCC12CC2
Mol_07965	Mol_07965:atom0	enone	C=C(C(=O)[C@H](OC(C)=O)[C@@H](C)[C@H]1[C@@H](OC(C)=O)C[C@@]2(C)C3CCC4[C@H](C)OC(=O)C=C[C@@]45C[C@@]35CC[C@]12C)C(C)C	0;1;2;3	0;1;2;3;4;5;9;38;39;40	CC(C)[C:1002](=[CH2:1001])[C:1003]([C@@H](C)O)=[O:1004]	C=C(C(=O)[C@@H](C)O)C(C)C	CSCC(=C([O-])[C@@H](C)O)C(C)C
Mol_07965	Mol_07965:atom30	ester	C=C(C(=O)[C@H](OC(C)=O)[C@@H](C)[C@H]1[C@@H](OC(C)=O)C[C@@]2(C)C3CCC4[C@H](C)OC(=O)C=C[C@@]45C[C@@]35CC[C@]12C)C(C)C	30;29;27;28	23;24;26;27;28;29;30;31;32;33	C1CC2(CC2)[CH:1001]=[CH:1002][C:1003](=[O:1004])O1	O=C1C=CC2(CCO1)CC2	CSC1C=C([O-])OCCC12CC2
Mol_07966	Mol_07966:atom0	enone	C=C(C(=O)[C@H](O)[C@@H](C)[C@H]1[C@@H](OC(C)=O)C[C@@]2(C)C3C[C@@H](O)C4[C@H](C)OC(=O)C=C[C@@]45C[C@@]35CC[C@]12C)C(C)C	0;1;2;3	0;1;2;3;4;5;6;36;37;38	CC(C)[C:1002](=[CH2:1001])[C:1003]([C@@H](C)O)=[O:1004]	C=C(C(=O)[C@@H](C)O)C(C)C	CSCC(=C([O-])[C@@H](C)O)C(C)C
Mol_07966	Mol_07966:atom28	ester	C=C(C(=O)[C@H](O)[C@@H](C)[C@H]1[C@@H](OC(C)=O)C[C@@]2(C)C3C[C@@H](O)C4[C@H](C)OC(=O)C=C[C@@]45C[C@@]35CC[C@]12C)C(C)C	28;27;25;26	21;22;24;25;26;27;28;29;30;31	C1CC2(CC2)[CH:1001]=[CH:1002][C:1003](=[O:1004])O1	O=C1C=CC2(CCO1)CC2	CSC1C=C([O-])OCCC12CC2
Mol_07967	Mol_07967:atom0	enone	C=C(C(=O)[C@H](OC(C)=O)[C@@H](C)[C@H]1[C@@H](OC(C)=O)C[C@@]2(C)C3C[C@@H](O)C4[C@H](C)OC(=O)C=C[C@@]45C[C@@]35CC[C@]12C)C(C)C	0;1;2;3	0;1;2;3;4;5;9;39;40;41	CC(C)[C:1002](=[CH2:1001])[C:1003]([C@@H](C)O)=[O:1004]	C=C(C(=O)[C@@H](C)O)C(C)C	CSCC(=C([O-])[C@@H](C)O)C(C)C
Mol_07967	Mol_07967:atom31	ester	C=C(C(=O)[C@H](OC(C)=O)[C@@H](C)[C@H]1[C@@H](OC(C)=O)C[C@@]2(C)C3C[C@@H](O)C4[C@H](C)OC(=O)C=C[C@@]45C[C@@]35CC[C@]12C)C(C)C	31;30;28;29	24;25;27;28;29;30;31;32;33;34	C1CC2(CC2)[CH:1001]=[CH:1002][C:1003](=[O:1004])O1	O=C1C=CC2(CCO1)CC2	CSC1C=C([O-])OCCC12CC2
Mol_07968	Mol_07968:atom0	enone	C=C(C(=O)[C@H](O)[C@@H](C)[C@H]1[C@@H](OC(C)=O)C[C@@]2(C)C3[C@H]4O[C@H]4C4[C@H](C)OC(=O)C=C[C@@]45C[C@@]35CC[C@]12C)C(C)C	0;1;2;3	0;1;2;3;4;5;6;36;37;38	CC(C)[C:1002](=[CH2:1001])[C:1003]([C@@H](C)O)=[O:1004]	C=C(C(=O)[C@@H](C)O)C(C)C	CSCC(=C([O-])[C@@H](C)O)C(C)C
Mol_07968	Mol_07968:atom28	ester	C=C(C(=O)[C@H](O)[C@@H](C)[C@H]1[C@@H](OC(C)=O)C[C@@]2(C)C3[C@H]4O[C@H]4C4[C@H](C)OC(=O)C=C[C@@]45C[C@@]35CC[C@]12C)C(C)C	28;27;25;26	21;22;24;25;26;27;28;29;30;31	C1CC2(CC2)[CH:1001]=[CH:1002][C:1003](=[O:1004])O1	O=C1C=CC2(CCO1)CC2	CSC1C=C([O-])OCCC12CC2
Mol_07969	Mol_07969:atom0	enone	C=C(C(=O)[C@H](OC(C)=O)[C@@H](C)[C@H]1[C@@H](OC(C)=O)C[C@@]2(C)C3[C@H]4O[C@H]4C4[C@H](C)OC(=O)C=C[C@@]45C[C@@]35CC[C@]12C)C(C)C	0;1;2;3	0;1;2;3;4;5;9;39;40;41	CC(C)[C:1002](=[CH2:1001])[C:1003]([C@@H](C)O)=[O:1004]	C=C(C(=O)[C@@H](C)O)C(C)C	CSCC(=C([O-])[C@@H](C)O)C(C)C
Mol_07969	Mol_07969:atom31	ester	C=C(C(=O)[C@H](OC(C)=O)[C@@H](C)[C@H]1[C@@H](OC(C)=O)C[C@@]2(C)C3[C@H]4O[C@H]4C4[C@H](C)OC(=O)C=C[C@@]45C[C@@]35CC[C@]12C)C(C)C	31;30;28;29	24;25;27;28;29;30;31;32;33;34	C1CC2(CC2)[CH:1001]=[CH:1002][C:1003](=[O:1004])O1	O=C1C=CC2(CCO1)CC2	CSC1C=C([O-])OCCC12CC2
Mol_07970	Mol_07970:atom0	enone	C=C(C(=O)[C@H](O)[C@@H](C)[C@H]1[C@@H](OC(C)=O)C[C@@]2(C)C3CCC4C(=C)OC(=O)C=C[C@@]45C[C@@]35CC[C@]12C)C(C)C	0;1;2;3	0;1;2;3;4;5;6;35;36;37	CC(C)[C:1002](=[CH2:1001])[C:1003]([C@@H](C)O)=[O:1004]	C=C(C(=O)[C@@H](C)O)C(C)C	CSCC(=C([O-])[C@@H](C)O)C(C)C
Mol_07970	Mol_07970:atom27	ester	C=C(C(=O)[C@H](O)[C@@H](C)[C@H]1[C@@H](OC(C)=O)C[C@@]2(C)C3CCC4C(=C)OC(=O)C=C[C@@]45C[C@@]35CC[C@]12C)C(C)C	27;26;24;25	20;21;23;24;25;26;27;28;29;30	C1CC2(CC2)[CH:1001]=[CH:1002][C:1003](=[O:1004])O1	O=C1C=CC2(CCO1)CC2	CSC1C=C([O-])OCCC12CC2
Mol_07974	Mol_07974:atom0	enone	C=C(C(=O)[C@H](O)[C@@H](C)[C@H]1[C@@H](OC(C)=O)C[C@@]2(C)[C@@H]3C[C@@H](O)[C@H]4[C@H](C)C(=O)C=C[C@@]45C[C@@]35CC[C@]12C)C(C)C	0;1;2;3	0;1;2;3;4;5;6;35;36;37	CC(C)[C:1002](=[CH2:1001])[C:1003]([C@@H](C)O)=[O:1004]	C=C(C(=O)[C@@H](C)O)C(C)C	CSCC(=C([O-])[C@@H](C)O)C(C)C
Mol_07974	Mol_07974:atom27	enone	C=C(C(=O)[C@H](O)[C@@H](C)[C@H]1[C@@H](OC(C)=O)C[C@@]2(C)[C@@H]3C[C@@H](O)[C@H]4[C@H](C)C(=O)C=C[C@@]45C[C@@]35CC[C@]12C)C(C)C	27;26;24;25	21;22;23;24;25;26;27;28;29;30	C[C@H]1CC2(CC2)[CH:1001]=[CH:1002][C:1003]1=[O:1004]	C[C@H]1CC2(C=CC1=O)CC2	CSC1C=C([O-])[C@@H](C)CC12CC2
Mol_07975	Mol_07975:atom33	enone	C=C(C)[C@]12C[C@@H](C)C34OC(CCCCCCC)(O[C@@H]1[C@@H]3[C@@H]1O[C@]1(CO)[C@@H](O)[C@]1(O)C(=O)C(C)=C[C@@H]41)O2	33;31;29;30	7;25;27;28;29;30;31;32;33;34	C[C@H]1[C@@](C)(O)[C:1003](=[O:1004])[C:1002](C)=[CH:1001]1	CC1=C[C@@H](C)[C@@](C)(O)C1=O	CSC1C(C)=C([O-])[C@](C)(O)[C@@H]1C
Mol_07976	Mol_07976:atom15	enone	CC[C@H](CC[C@@H](C)[C@H]1CC[C@H]2[C@@H]3CC(O)C4=CC(=O)CC[C@]4(C)[C@H]3CC[C@]12C)C(C)C	15;16;17;18	12;13;14;15;16;17;18;19;20;21;22;23	CC(O)[C:1001]1=[CH:1002][C:1003](=[O:1004])CCC1(C)C	CC(O)C1=CC(=O)CCC1(C)C	CSC1(C(C)O)C=C([O-])CCC1(C)C
Mol_07992	Mol_07992:atom5	ester	COC(=O)C1=CCC[C@@H]2[C@@](CCc3ccoc3)(C(=O)O)[C@H](C)CC[C@@]12C	5;4;2;3	0;1;2;3;4;5;6;7;8;23;24;25	CO[C:1003]([C:1002]1=[CH:1001]CCCC1(C)C)=[O:1004]	COC(=O)C1=CCCCC1(C)C	COC([O-])=C1C(SC)CCCC1(C)C
Mol_07993	Mol_07993:atom5	ester	COC(=O)C1=CCC[C@H]2[C@@]13CC[C@@H](C)[C@@]2(CCc1ccoc1)C(=O)OC3	5;4;2;3	0;1;2;3;4;5;6;7;8;9;10;25	CO[C:1003]([C:1002]1=[CH:1001]CCCC1(C)C)=[O:1004]	COC(=O)C1=CCCCC1(C)C	COC([O-])=C1C(SC)CCCC1(C)C
Mol_07994	Mol_07994:atom5	ester	COC(=O)C1=CC=C[C@H]2[C@@]13CC[C@@H](C)[C@@]2(CCc1ccoc1)C(=O)OC3	5;4;2;3	0;1;2;3;4;5;6;7;8;9;10;25	CO[C:1003]([C:1002]1=[CH:1001]C=CCC1(C)C)=[O:1004]	COC(=O)C1=CC=CCC1(C)C	COC([O-])=C1C(SC)C=CCC1(C)C
Mol_07995	Mol_07995:atom5	ester	COC(=O)C1=CCC[C@H]2[C@@]1(C(=O)OC)CC[C@@H](C)[C@]21C[C@H](c2ccoc2)OC1=O	5;4;2;3	0;1;2;3;4;5;6;7;8;9;10;14	CO[C:1003]([C:1002]1=[CH:1001]CCCC1(C)C)=[O:1004]	COC(=O)C1=CCCCC1(C)C	COC([O-])=C1C(SC)CCCC1(C)C
Mol_07996	Mol_07996:atom5	ester	COC(=O)C1=CCC[C@H]2[C@@]1(C(=O)OC)CC[C@@H](C)[C@]21C[C@@H](c2ccoc2)OC1=O	5;4;2;3	0;1;2;3;4;5;6;7;8;9;10;14	CO[C:1003]([C:1002]1=[CH:1001]CCCC1(C)C)=[O:1004]	COC(=O)C1=CCCCC1(C)C	COC([O-])=C1C(SC)CCCC1(C)C
Mol_07997	Mol_07997:atom5	ester	COC(=O)C1=CCC[C@H]2[C@@]1(C(=O)OC)CC[C@](C)(O)[C@]21C[C@@H](c2ccoc2)OC1=O	5;4;2;3	0;1;2;3;4;5;6;7;8;9;10;14	CO[C:1003]([C:1002]1=[CH:1001]CCCC1(C)C)=[O:1004]	COC(=O)C1=CCCCC1(C)C	COC([O-])=C1C(SC)CCCC1(C)C
Mol_07998	Mol_07998:atom4	enone	COC(=O)C1=CC(=O)C[C@H]2[C@@]1(C(=O)OC)CC[C@@H](C)[C@]21C[C@@H](c2ccoc2)OC1=O	4;5;6;7	1;2;3;4;5;6;7;8;9;10;11;15	CC1(C)CC[C:1003](=[O:1004])[CH:1002]=[C:1001]1C(=O)O	CC1(C)CCC(=O)C=C1C(=O)O	CSC1(C(=O)O)C=C([O-])CCC1(C)C
Mol_07998	Mol_07998:atom5	ester	COC(=O)C1=CC(=O)C[C@H]2[C@@]1(C(=O)OC)CC[C@@H](C)[C@]21C[C@@H](c2ccoc2)OC1=O	5;4;2;3	0;1;2;3;4;5;6;7;8;9;10;11;15	CO[C:1003]([C:1002]1=[CH:1001]C(=O)CCC1(C)C)=[O:1004]	COC(=O)C1=CC(=O)CCC1(C)C	COC([O-])=C1C(SC)C(=O)CCC1(C)C
Mol_07999	Mol_07999:atom4	enone	COC(=O)C1=CC(=O)C=C2[C@@]1(C(=O)OC)CC[C@@H](C)[C@]21C[C@@H](c2ccoc2)OC1=O	4;5;6;7	1;2;3;4;5;6;7;8;9;10;11;15	CC1(C)C=C[C:1003](=[O:1004])[CH:1002]=[C:1001]1C(=O)O	CC1(C)C=CC(=O)C=C1C(=O)O	CSC1(C(=O)O)C=C([O-])C=CC1(C)C
Mol_07999	Mol_07999:atom5	ester	COC(=O)C1=CC(=O)C=C2[C@@]1(C(=O)OC)CC[C@@H](C)[C@]21C[C@@H](c2ccoc2)OC1=O	5;4;2;3	0;1;2;3;4;5;6;7;8;9;10;11;15	CO[C:1003]([C:1002]1=[CH:1001]C(=O)C=CC1(C)C)=[O:1004]	COC(=O)C1=CC(=O)C=CC1(C)C	COC([O-])=C1C(SC)C(=O)C=CC1(C)C
Mol_07999	Mol_07999:atom9	enone	COC(=O)C1=CC(=O)C=C2[C@@]1(C(=O)OC)CC[C@@H](C)[C@]21C[C@@H](c2ccoc2)OC1=O	9;8;6;7	4;5;6;7;8;9;10;11;15;17;19;20;28	CC(C)(C)[C:1001]1=[CH:1002][C:1003](=[O:1004])C=CC1(C)C	CC(C)(C)C1=CC(=O)C=CC1(C)C	CSC1(C(C)(C)C)C=C([O-])C=CC1(C)C
Mol_08000	Mol_08000:atom5	ester	COC(=O)C1=CCC[C@@H]2[C@@]3(C[C@@H](c4ccoc4)OC3=O)C(C)=CC[C@@]12C(=O)OC	5;4;2;3	0;1;2;3;4;5;6;7;8;23;24;25	CO[C:1003]([C:1002]1=[CH:1001]CCCC1(C)C)=[O:1004]	COC(=O)C1=CCCCC1(C)C	COC([O-])=C1C(SC)CCCC1(C)C
Mol_08014	Mol_08014:atom43	enone	CCCCCCCCCC(=O)OCC1=C[C@H]2[C@@H]3C(C)(C)[C@]3(OC(C)=O)[C@H](OC(=O)CCCCCCCCC)[C@@H](C)[C@]2(O)[C@@H]2C=C(C)C(=O)[C@@H]2C1	43;44;46;47	40;42;43;44;45;46;47;48;49	C[C@@H]1[C@H](C)[CH:1001]=[C:1002](C)[C:1003]1=[O:1004]	CC1=C[C@@H](C)[C@@H](C)C1=O	CSC1C(C)=C([O-])[C@H](C)[C@@H]1C
Mol_08018	Mol_08018:atom14	enone	CCC(/C=C/[C@@H](C)[C@H]1CC[C@H]2[C@@H]3CCC4=CC(=O)CC[C@]4(C)[C@H]3CC[C@]12C)C(C)C	14;15;16;17	12;13;14;15;16;17;18;19;20;21;22	CC[C:1001]1=[CH:1002][C:1003](=[O:1004])CCC1(C)C	CCC1=CC(=O)CCC1(C)C	CCC1(SC)C=C([O-])CCC1(C)C
Mol_08033	Mol_08033:atom8	enone	Cc1cc2c(cc1O)C1=CC(=O)C(C)(C)C1=CC2=O	8;9;10;11	1;2;3;4;5;6;8;9;10;11;12;13;14;15;16	C=C1C(C)(C)[C:1003](=[O:1004])[CH:1002]=[C:1001]1c1ccccc1	C=C1C(c2ccccc2)=CC(=O)C1(C)C	C=C1C(C)(C)C([O-])=CC1(SC)c1ccccc1
Mol_08033	Mol_08033:atom15	enone	Cc1cc2c(cc1O)C1=CC(=O)C(C)(C)C1=CC2=O	15;16;17;18	1;2;3;4;5;6;8;9;10;12;13;14;15;16;17;18	CC1(C)CC=C2c3ccccc3[C:1003](=[O:1004])[CH:1002]=[C:1001]21	CC1(C)CC=C2C1=CC(=O)c1ccccc12	CSC12C=C([O-])c3ccccc3C1=CCC2(C)C
Mol_08036	Mol_08036:atom35	enone	C=C(C)[C@]12C[C@@H](C)[C@@]34O[C@](CCCCCCCCC)(O[C@@H]1[C@@H]3[C@@H]1O[C@]1(CO)[C@@H](O)[C@]1(O)C(=O)C(C)=C[C@H]14)O2	35;33;31;32	7;27;29;30;31;32;33;34;35;36	C[C@H]1[C@@](C)(O)[C:1003](=[O:1004])[C:1002](C)=[CH:1001]1	CC1=C[C@@H](C)[C@@](C)(O)C1=O	CSC1C(C)=C([O-])[C@](C)(O)[C@@H]1C
Mol_08037	Mol_08037:atom37	enone	C=C(C)[C@]12C[C@@H](C)[C@@]34OC(CCCCCCCCCCC)(O[C@@H]1[C@@H]3[C@@H]1O[C@]1(CO)[C@@H](O)[C@]1(O)C(=O)C(C)=C[C@H]14)O2	37;35;33;34	7;29;31;32;33;34;35;36;37;38	C[C@H]1[C@@](C)(O)[C:1003](=[O:1004])[C:1002](C)=[CH:1001]1	CC1=C[C@@H](C)[C@@](C)(O)C1=O	CSC1C(C)=C([O-])[C@](C)(O)[C@@H]1C
Mol_08043	Mol_08043:atom5	ester	COC(=O)C1=CC=C[C@H]2[C@@H]1CC(O)=C1C(=O)O[C@@H](c3ccoc3)C[C@@]12C	5;4;2;3	0;1;2;3;4;5;6;7;8;9;10	CO[C:1003]([C:1002]1=[CH:1001]C=CC[C@@H]1C)=[O:1004]	COC(=O)C1=CC=CC[C@@H]1C	COC([O-])=C1C(SC)C=CC[C@@H]1C
Mol_08043	Mol_08043:atom11	ester	COC(=O)C1=CC=C[C@H]2[C@@H]1CC(O)=C1C(=O)O[C@@H](c3ccoc3)C[C@@]12C	11;13;14;15	8;9;10;11;12;13;14;15;16;17;23;24;25	C[C@@]12CCC[C:1001](O)=[C:1002]1[C:1003](=[O:1004])OCC2	C[C@@]12CCCC(O)=C1C(=O)OCC2	CSC1(O)CCC[C@@]2(C)CCOC([O-])=C12
Mol_08059	Mol_08059:atom7	enal	CC(C)C1=C2[C@H]3CC=C(C=O)[C@@H]4[C@H](O[C@@H]5OC[C@@H](O)C(=O)[C@@]54O)[C@]3(C)CC[C@@]2(C)CC1	7;8;9;10	5;6;7;8;9;10;11;12;21	CC[CH:1001]=[C:1002](C(C)C)[CH:1003]=[O:1004]	CCC=C(C=O)C(C)C	CCC(SC)C(=C[O-])C(C)C
Mol_08061	Mol_08061:atom14	enal	CC(=O)O[C@@H]1CO[C@H]2O[C@H]3[C@@H](C(C=O)=C[C@H](O)[C@@H]4C5=C(C(C)C)CC[C@]5(C)CC[C@@]34C)[C@@]2(O)C1=O	14;11;12;13	9;10;11;12;13;14;15;16;17;31	CC(C)[C:1002](=[CH:1001][C@@H](C)O)[CH:1003]=[O:1004]	CC(C)C(C=O)=C[C@@H](C)O	CSC(C(=C[O-])C(C)C)[C@@H](C)O
Mol_08062	Mol_08062:atom18	ester	CC(=O)OC[C@@]12[C@@H](OC(C)=O)C[C@@H](C)[C@](C)(CCC3=CC(=O)OC3)[C@H]1CCC[C@]21CO1	18;19;20;21	16;17;18;19;20;21;22;23	CC[C:1001]1=[CH:1002][C:1003](=[O:1004])OC1	CCC1=CC(=O)OC1	CCC1(SC)C=C([O-])OC1
Mol_08139	Mol_08139:atom4	enone	C=C[C@]1(C)C=C2C(=O)C[C@H]3C(C)(C)C(OC4OC(CO)C(O)C(O)C4OC4OC(C)C(O)C(O)C4O)CC[C@]3(C)[C@H]2CC1	4;5;6;7	1;2;3;4;5;6;7;8;9;38;40;41;42	CC1(C)CC[C@@H]2CCC[C:1003](=[O:1004])[C:1002]2=[CH:1001]1	CC1(C)C=C2C(=O)CCC[C@H]2CC1	CSC1C2=C([O-])CCC[C@H]2CCC1(C)C
Mol_08140	Mol_08140:atom4	enone	C=C[C@]1(C)C=C2C(=O)C[C@H]3C(C)(C)C(OC4OC(COC(C)=O)C(OC(C)=O)C(O)C4OC4OC(C)C(OC(C)=O)C(OC(C)=O)C4OC(C)=O)CC[C@]3(C)[C@H]2CC1	4;5;6;7	1;2;3;4;5;6;7;8;9;53;55;56;57	CC1(C)CC[C@@H]2CCC[C:1003](=[O:1004])[C:1002]2=[CH:1001]1	CC1(C)C=C2C(=O)CCC[C@H]2CC1	CSC1C2=C([O-])CCC[C@H]2CCC1(C)C
Mol_08141	Mol_08141:atom4	enone	C=C[C@]1(C)C=C2C(=O)C[C@H]3C(C)(C)C(OC4OC(COC)C(OC)C(O)C4OC4OC(C)C(OC)C(OC)C4OC)CC[C@]3(C)[C@H]2CC1	4;5;6;7	1;2;3;4;5;6;7;8;9;43;45;46;47	CC1(C)CC[C@@H]2CCC[C:1003](=[O:1004])[C:1002]2=[CH:1001]1	CC1(C)C=C2C(=O)CCC[C@H]2CC1	CSC1C2=C([O-])CCC[C@H]2CCC1(C)C
Mol_08142	Mol_08142:atom4	enone	C=C[C@]1(C)C=C2C(=O)C[C@H]3C(C)(C)[C@@H](O)CC[C@]3(C)[C@H]2CC1	4;5;6;7	1;2;3;4;5;6;7;8;9;17;19;20;21	CC1(C)CC[C@@H]2CCC[C:1003](=[O:1004])[C:1002]2=[CH:1001]1	CC1(C)C=C2C(=O)CCC[C@H]2CC1	CSC1C2=C([O-])CCC[C@H]2CCC1(C)C
Mol_08143	Mol_08143:atom4	enone	C=C[C@]1(C)C=C2C(=O)C[C@H]3C(C)(C)[C@@H](OC(C)=O)CC[C@]3(C)[C@H]2CC1	4;5;6;7	1;2;3;4;5;6;7;8;9;20;22;23;24	CC1(C)CC[C@@H]2CCC[C:1003](=[O:1004])[C:1002]2=[CH:1001]1	CC1(C)C=C2C(=O)CCC[C@H]2CC1	CSC1C2=C([O-])CCC[C@H]2CCC1(C)C
Mol_08144	Mol_08144:atom4	enone	C=C[C@]1(C)C=C2C(=O)C[C@H]3C(C)(C)C(=O)CC[C@]3(C)[C@H]2CC1	4;5;6;7	1;2;3;4;5;6;7;8;9;17;19;20;21	CC1(C)CC[C@@H]2CCC[C:1003](=[O:1004])[C:1002]2=[CH:1001]1	CC1(C)C=C2C(=O)CCC[C@H]2CC1	CSC1C2=C([O-])CCC[C@H]2CCC1(C)C
Mol_08179	Mol_08179:atom7	ester	CCCOC(=O)/C=C/c1ccc(O)c(OC)c1	7;6;4;5	2;3;4;5;6;7;8;9;10;11;13;16	CO[C:1003](/[CH:1002]=[CH:1001]/c1ccccc1)=[O:1004]	COC(=O)/C=C/c1ccccc1	COC([O-])=CC(SC)c1ccccc1
Mol_08180	Mol_08180:atom7	ester	CCCOC(=O)/C=C/c1ccc(O)c(O)c1	7;6;4;5	2;3;4;5;6;7;8;9;10;11;13;15	CO[C:1003](/[CH:1002]=[CH:1001]/c1ccccc1)=[O:1004]	COC(=O)/C=C/c1ccccc1	COC([O-])=CC(SC)c1ccccc1
Mol_08181	Mol_08181:atom5	ester	COc1cc(/C=C/C(=O)OCCCO)ccc1O	5;6;7;8	2;3;4;5;6;7;8;9;10;14;15;16	CO[C:1003](/[CH:1002]=[CH:1001]/c1ccccc1)=[O:1004]	COC(=O)/C=C/c1ccccc1	COC([O-])=CC(SC)c1ccccc1
Mol_08188	Mol_08188:atom18	enone	CC(C)=CCC/C(C)=C/COc1ccc(C(=O)/C=C/c2ccc(O)cc2)c(O)c1	18;17;15;16	11;12;13;14;15;16;17;18;19;20;21;22;24;25;26;28	c1ccc(/[CH:1001]=[CH:1002]/[C:1003](c2ccccc2)=[O:1004])cc1	O=C(/C=C/c1ccccc1)c1ccccc1	CSC(C=C([O-])c1ccccc1)c1ccccc1
Mol_08205	Mol_08205:atom14	enone	CC(C)=CCc1c(O)ccc(C(=O)/C=C/c2ccc(O)cc2)c1O	14;13;11;12	5;6;8;9;10;11;12;13;14;15;16;17;18;20;21;22	c1ccc(/[CH:1001]=[CH:1002]/[C:1003](c2ccccc2)=[O:1004])cc1	O=C(/C=C/c1ccccc1)c1ccccc1	CSC(C=C([O-])c1ccccc1)c1ccccc1
Mol_08206	Mol_08206:atom32	ester	CCCCCCCCCCCCCCCCCCCCCCCCCCCCOC(=O)/C=C/c1ccc(O)c(OC)c1	32;31;29;30	27;28;29;30;31;32;33;34;35;36;38;41	CO[C:1003](/[CH:1002]=[CH:1001]/c1ccccc1)=[O:1004]	COC(=O)/C=C/c1ccccc1	COC([O-])=CC(SC)c1ccccc1
Mol_08310	Mol_08310:atom8	enone	CC(C)=CCc1cc(/C=C/C(=O)c2ccc(O)cc2O)cc(O)c1O	8;9;10;11	5;6;7;8;9;10;11;12;13;14;15;17;18;20;21;23	c1ccc(/[CH:1001]=[CH:1002]/[C:1003](c2ccccc2)=[O:1004])cc1	O=C(/C=C/c1ccccc1)c1ccccc1	CSC(C=C([O-])c1ccccc1)c1ccccc1
Mol_08312	Mol_08312:atom5	enone	COc1cc(/C=C/C(=O)c2ccc(O)cc2O)ccc1O	5;6;7;8	2;3;4;5;6;7;8;9;10;11;12;14;15;17;18;19	c1ccc(/[CH:1001]=[CH:1002]/[C:1003](c2ccccc2)=[O:1004])cc1	O=C(/C=C/c1ccccc1)c1ccccc1	CSC(C=C([O-])c1ccccc1)c1ccccc1
Mol_08313	Mol_08313:atom8	enone	CC(C)=CCc1cc(/C=C/C(=O)c2ccc(O)cc2O)ccc1O	8;9;10;11	5;6;7;8;9;10;11;12;13;14;15;17;18;20;21;22	c1ccc(/[CH:1001]=[CH:1002]/[C:1003](c2ccccc2)=[O:1004])cc1	O=C(/C=C/c1ccccc1)c1ccccc1	CSC(C=C([O-])c1ccccc1)c1ccccc1
Mol_08338	Mol_08338:atom8	enone	CC(C)=CCc1cc(/C=C/C(=O)c2ccc(O)cc2O)cc(CC=C(C)C)c1O	8;9;10;11	5;6;7;8;9;10;11;12;13;14;15;17;18;20;21;27	c1ccc(/[CH:1001]=[CH:1002]/[C:1003](c2ccccc2)=[O:1004])cc1	O=C(/C=C/c1ccccc1)c1ccccc1	CSC(C=C([O-])c1ccccc1)c1ccccc1
Mol_08422	Mol_08422:atom6	enone	COc1ccc(/C=C/C(=O)c2c(O)cc(OC)c(OC)c2OC)cc1	6;7;8;9	2;3;4;5;6;7;8;9;10;11;13;14;17;20;23;24	c1ccc(/[CH:1001]=[CH:1002]/[C:1003](c2ccccc2)=[O:1004])cc1	O=C(/C=C/c1ccccc1)c1ccccc1	CSC(C=C([O-])c1ccccc1)c1ccccc1
Mol_08448	Mol_08448:atom5	ester	COc1cc(/C=C/C(=O)O[C@H]2[C@H](O)[C@H](O)C(OC[C@H]3OC(Oc4c(-c5ccc(O)cc5)oc5cc(OC6O[C@H](C)[C@@H](O)[C@H](O)[C@@H]6O)c(OC)c(O)c5c4=O)[C@H](OC4O[C@H](C)[C@@H](O)[C@H](O)[C@@H]4O)[C@@H](O)[C@H]3O)O[C@@H]2C)ccc1O	5;6;7;8	2;3;4;5;6;7;8;9;10;73;74;75	CO[C:1003](/[CH:1002]=[CH:1001]/c1ccccc1)=[O:1004]	COC(=O)/C=C/c1ccccc1	COC([O-])=CC(SC)c1ccccc1
Mol_08474	Mol_08474:atom12	enone	COc1cc2c(c(O)c1C(=O)/C=C/c1ccccc1)C=CC(C)(C)O2	12;11;9;10	2;3;4;5;6;8;9;10;11;12;13;14;15;16;17;18	c1ccc(/[CH:1001]=[CH:1002]/[C:1003](c2ccccc2)=[O:1004])cc1	O=C(/C=C/c1ccccc1)c1ccccc1	CSC(C=C([O-])c1ccccc1)c1ccccc1
Mol_08589	Mol_08589:atom1	ester	C/C=C1\C[C@@H](C)[C@@](C)(O)C(=O)OCC2=CCN3C[C@@H](OC1=O)[C@@H](O)C23	1;2;20;21	0;1;2;3;4;18;19;20;21	CC/[C:1002](=[CH:1001]\C)[C:1003](OC)=[O:1004]	C/C=C(\CC)C(=O)OC	CCC(=C([O-])OC)C(C)SC
Mol_08590	Mol_08590:atom1	ester	C/C=C1/C[C@@H](C)[C@@](C)(O)C(=O)OCC2=CCN3C[C@@H](O)[C@@H](OC1=O)[C@@H]23	1;2;22;23	0;1;2;3;4;20;21;22;23	CC/[C:1002](=[CH:1001]/C)[C:1003](OC)=[O:1004]	C/C=C(/CC)C(=O)OC	CCC(=C([O-])OC)C(C)SC
Mol_08593	Mol_08593:atom1	ester	C/C=C(/C)C(=O)O[C@]1(C)C(=O)OCC2=CCN3CC[C@H](OC(=O)/C(=C\C)C[C@@H]1C)C23	1;2;4;5	0;1;2;3;4;5;6;7	CO[C:1003](/[C:1002](C)=[CH:1001]\C)=[O:1004]	C/C=C(/C)C(=O)OC	COC([O-])=C(C)C(C)SC
Mol_08593	Mol_08593:atom24	ester	C/C=C(/C)C(=O)O[C@]1(C)C(=O)OCC2=CCN3CC[C@H](OC(=O)/C(=C\C)C[C@@H]1C)C23	24;23;21;22	19;20;21;22;23;24;25;26;27	CC/[C:1002](=[CH:1001]/C)[C:1003](OC)=[O:1004]	C/C=C(/CC)C(=O)OC	CCC(=C([O-])OC)C(C)SC
Mol_08613	Mol_08613:atom1	ester	C/C=C(\C)C(=O)OC1CCN2CC=C(C(O)O)C12	1;2;4;5	0;1;2;3;4;5;6;7	CO[C:1003](/[C:1002](C)=[CH:1001]/C)=[O:1004]	C/C=C(\C)C(=O)OC	COC([O-])=C(C)C(C)SC
Mol_08615	Mol_08615:atom0	ester	C=C1C(=O)O[C@H]2CCN3CC=C(COC(=O)[C@@](C)(OC(C)=O)[C@H](C)[C@@H]1C)C23	0;1;2;3	0;1;2;3;4;5;22;24;25	CO[C:1003]([C:1002](C(C)C)=[CH2:1001])=[O:1004]	C=C(C(=O)OC)C(C)C	COC([O-])=C(CSC)C(C)C
Mol_08623	Mol_08623:atom1	ester	C/C=C1/C[C@@H](C)[C@](O)(CO)C(=O)OCC2=CC[N+]3(C)CC[C@@H](OC1=O)[C@@]23O	1;2;23;24	0;1;2;3;4;21;22;23;24	CC/[C:1002](=[CH:1001]/C)[C:1003](OC)=[O:1004]	C/C=C(/CC)C(=O)OC	CCC(=C([O-])OC)C(C)SC
Mol_08631	Mol_08631:atom1	ester	C/C=C(/C)C(=O)OCC1=CC[N+]2([O-])CC[C@@H](O)[C@@H]12	1;2;4;5	0;1;2;3;4;5;6;7	CO[C:1003](/[C:1002](C)=[CH:1001]\C)=[O:1004]	C/C=C(/C)C(=O)OC	COC([O-])=C(C)C(C)SC
Mol_08706	Mol_08706:atom19	enone	COc1cc2c(cc1C)C(=O)CC1C(C)(C)C(=O)C=C[C@]21C	19;18;16;17	2;3;4;5;6;7;12;13;14;15;16;17;18;19;20;21	CC1(C)C[C@@](C)(c2ccccc2)[CH:1001]=[CH:1002][C:1003]1=[O:1004]	CC1(C)C[C@@](C)(c2ccccc2)C=CC1=O	CSC1C=C([O-])C(C)(C)C[C@@]1(C)c1ccccc1
Mol_08707	Mol_08707:atom29	enone	CC1(C)C(=O)CC[C@@]2(C)C3=C(CC[C@H]12)[C@@H]1[C@H]2[C@]4(CC[C@@H]5C(C)(C)[C@@H](O)CC[C@@]5(C)C4=CC(=O)[C@@]2(C)O)[C@@H]3C(=O)C1(C)O	29;30;31;32	15;16;17;19;26;27;28;29;30;31;32;33;34;35;36	CC(C)(C)[C:1001]1=[CH:1002][C:1003](=[O:1004])[C@@](C)(O)CC1(C)C	CC(C)(C)C1=CC(=O)[C@@](C)(O)CC1(C)C	CSC1(C(C)(C)C)C=C([O-])[C@@](C)(O)CC1(C)C
Mol_08708	Mol_08708:atom8	enone	C=C[C@]1(C)CC[C@@]2(C)C3=CC(=O)[C@H](O)C(C)(C)[C@@H]3CC[C@@H]2C1	8;9;10;11	5;6;7;8;9;10;11;12;13;14;17;18;20	C[C@H]1C[C@@H](O)[C:1003](=[O:1004])[CH:1002]=[C:1001]1C(C)(C)C	C[C@H]1C[C@@H](O)C(=O)C=C1C(C)(C)C	CSC1(C(C)(C)C)C=C([O-])[C@H](O)C[C@@H]1C
Mol_08710	Mol_08710:atom8	enone	C=C[C@]1(C)CC[C@@]2(C)C3=CC(=O)[C@H](O)C(C)(CO)[C@@H]3CC[C@@H]2C1	8;9;10;11	5;6;7;8;9;10;11;12;13;14;18;19;21	C[C@H]1C[C@@H](O)[C:1003](=[O:1004])[CH:1002]=[C:1001]1C(C)(C)C	C[C@H]1C[C@@H](O)C(=O)C=C1C(C)(C)C	CSC1(C(C)(C)C)C=C([O-])[C@H](O)C[C@@H]1C
Mol_08711	Mol_08711:atom8	enone	C=C[C@@]1(C)CC[C@]2(C)C3=CC(=O)[C@@H](O)[C@@H](CO)[C@H]3CC[C@H]2C1	8;9;10;11	5;6;7;8;9;10;11;12;13;14;17;18;20	C[C@@H]1C[C@H](O)[C:1003](=[O:1004])[CH:1002]=[C:1001]1C(C)(C)C	C[C@@H]1C[C@H](O)C(=O)C=C1C(C)(C)C	CSC1(C(C)(C)C)C=C([O-])[C@@H](O)C[C@H]1C
Mol_08714	Mol_08714:atom29	enone	CC1(C)C(=O)CC[C@]2(C)C3=C(CC[C@@H]12)[C@H]1[C@@H]2[C@]4(CC[C@H]5C(C)(C)[C@H](O)CC[C@]5(C)C4=CC(=O)[C@]2(C)O)[C@@H]3C(=O)[C@]1(C)O	29;30;31;32	15;16;17;19;26;27;28;29;30;31;32;33;34;35;36	CC(C)(C)[C:1001]1=[CH:1002][C:1003](=[O:1004])[C@](C)(O)CC1(C)C	CC(C)(C)C1=CC(=O)[C@](C)(O)CC1(C)C	CSC1(C(C)(C)C)C=C([O-])[C@](C)(O)CC1(C)C
Mol_08717	Mol_08717:atom9	enone	CC1(C)[C@H](O)CC[C@]2(C)C3=CC(=O)[C@](C)(O)[C@@H]4[C@@H]5C6=C([C@@H](C(=O)[C@]5(C)O)[C@]34CC[C@@H]12)[C@@]1(C)CC[C@H](O)C(C)(C)[C@@H]1CC6	9;10;11;12	6;7;8;9;10;11;12;13;14;15;16;20;26;27;29	CC(C)(C)[C:1001]1=[CH:1002][C:1003](=[O:1004])[C@](C)(O)CC1(C)C	CC(C)(C)C1=CC(=O)[C@](C)(O)CC1(C)C	CSC1(C(C)(C)C)C=C([O-])[C@](C)(O)CC1(C)C
Mol_08727	Mol_08727:atom17	ester	C=C[C@@H]1[C@@H](O[C@@H]2O[C@H](CO)[C@@H](O)[C@H](O)[C@H]2O)OC=C(C(=O)OC2C[C@@H]3C(C(=O)OC)=COC(O[C@@H]4O[C@H](CO)[C@@H](O)[C@H](O)[C@H]4O)[C@@H]3[C@H]2C)[C@@H]1CC(OC)OC	17;18;19;20	2;3;16;17;18;19;20;21;22;48;49	CO[C:1003]([C:1002]1=[CH:1001]OCC[C@H]1C)=[O:1004]	COC(=O)C1=COCC[C@H]1C	COC([O-])=C1C(SC)OCC[C@H]1C
Mol_08727	Mol_08727:atom30	ester	C=C[C@@H]1[C@@H](O[C@@H]2O[C@H](CO)[C@@H](O)[C@H](O)[C@H]2O)OC=C(C(=O)OC2C[C@@H]3C(C(=O)OC)=COC(O[C@@H]4O[C@H](CO)[C@@H](O)[C@H](O)[C@H]4O)[C@@H]3[C@H]2C)[C@@H]1CC(OC)OC	30;25;26;27	23;24;25;26;27;28;29;30;31;32;45	CO[C:1003]([C:1002]1=[CH:1001]OCC[C@@H]1C)=[O:1004]	COC(=O)C1=COCC[C@@H]1C	COC([O-])=C1C(SC)OCC[C@@H]1C
Mol_08731	Mol_08731:atom5	ester	COC(=O)C1=CO[C@@H](O[C@@H]2O[C@H](CO)[C@@H](O)[C@H](O)[C@H]2O)[C@@H]2[C@H](C)OC(O)C[C@H]12	5;4;2;3	0;1;2;3;4;5;6;7;20;26;27	CO[C:1003]([C:1002]1=[CH:1001]OCC[C@@H]1C)=[O:1004]	COC(=O)C1=COCC[C@@H]1C	COC([O-])=C1C(SC)OCC[C@@H]1C
Mol_08732	Mol_08732:atom5	ester	COC(=O)C1=COC2OC3CC1C2C(C)O3	5;4;2;3	0;1;2;3;4;5;6;7;10;11;12	CO[C:1003]([C:1002]1=[CH:1001]OCCC1C)=[O:1004]	COC(=O)C1=COCCC1C	COC([O-])=C1C(C)CCOC1SC
Mol_08744	Mol_08744:atom26	ester	CCCCCCCCCCCCCCCCCCCCCCOC(=O)/C=C/c1ccc(O)c(O)c1	26;25;23;24	21;22;23;24;25;26;27;28;29;30;32;34	CO[C:1003](/[CH:1002]=[CH:1001]/c1ccccc1)=[O:1004]	COC(=O)/C=C/c1ccccc1	COC([O-])=CC(SC)c1ccccc1
Mol_08751	Mol_08751:atom1	ester	C/C=C(\C)C(=O)O[C@H]1C[C@@H](OC(C)=O)[C@@](C)(OC(C)=O)C2C[C@@H](OC(C)=O)[C@]3(C)C([C@@H](OC(C)=O)[C@H](OC(=O)C(C)C)[C@@]4(C)[C@H](c5ccoc5)C[C@H]5O[C@]543)[C@]21C	1;2;4;5	0;1;2;3;4;5;6;7	CO[C:1003](/[C:1002](C)=[CH:1001]/C)=[O:1004]	C/C=C(\C)C(=O)OC	COC([O-])=C(C)C(C)SC
Mol_08760	Mol_08760:atom1	ester	C/C=C(/C)C(=O)O[C@@H]1C2CC3=C4CC(=O)O[C@@H](c5ccoc5)[C@]4(C)CCC3C(C2=O)[C@@H](CC(=O)OC)C1(C)C	1;2;4;5	0;1;2;3;4;5;6;7	CO[C:1003](/[C:1002](C)=[CH:1001]\C)=[O:1004]	C/C=C(/C)C(=O)OC	COC([O-])=C(C)C(C)SC
Mol_08773	Mol_08773:atom13	enone	CC1(C)CC[C@]2(C(=O)O)CC[C@]3(C)C(=CC(=O)[C@@H]4[C@@]5(C)CCC(=O)C(C)(C)C5CC[C@]43C)[C@H]2C1	13;14;15;16	5;10;11;12;13;14;15;16;17;18;30;32;33	CC(C)[C:1001]1=[CH:1002][C:1003](=[O:1004])[C@H](C)CC1(C)C	CC(C)C1=CC(=O)[C@H](C)CC1(C)C	CSC1(C(C)C)C=C([O-])[C@H](C)CC1(C)C
Mol_08776	Mol_08776:atom1	enone	C/C=C1\C(=O)C[C@H]2[C@@H]3CC=C4[C@@H](O)[C@@H](O)CC[C@]4(C)[C@H]3CC[C@]12C	1;2;3;4	0;1;2;3;4;5;6;21;22;23	CC1(C)CC[C:1003](=[O:1004])/[C:1002]1=[CH:1001]\C	C/C=C1\C(=O)CCC1(C)C	CSC(C)C1=C([O-])CCC1(C)C
Mol_08778	Mol_08778:atom13	enone	CC(=O)O[C@H]1C[C@@H]2C(C)(C)C(=O)C=C[C@@]2(C)[C@@H]2CC[C@]3(C)[C@@H](c4ccoc4)CC(=O)[C@@H]3[C@@]12C	13;12;10;11	6;7;8;9;10;11;12;13;14;15;16	CC1(C)CC(C)(C)[C:1003](=[O:1004])[CH:1002]=[CH:1001]1	CC1(C)C=CC(=O)C(C)(C)C1	CSC1C=C([O-])C(C)(C)CC1(C)C
Mol_08790	Mol_08790:atom9	enone	CC(=O)O[C@H]1C[C@@H]2[C@@]3(C)C=CC(=O)C(C)(C)[C@@H]3C[C@@H](OC(C)=O)[C@@]2(C)C2=CC[C@@H](C3=CC(O)OC3=O)[C@@]21C	9;10;11;12	6;7;8;9;10;11;12;13;14;15;16	CC1(C)CC(C)(C)[C:1003](=[O:1004])[CH:1002]=[CH:1001]1	CC1(C)C=CC(=O)C(C)(C)C1	CSC1C=C([O-])C(C)(C)CC1(C)C
Mol_08790	Mol_08790:atom30	ester	CC(=O)O[C@H]1C[C@@H]2[C@@]3(C)C=CC(=O)C(C)(C)[C@@H]3C[C@@H](OC(C)=O)[C@@]2(C)C2=CC[C@@H](C3=CC(O)OC3=O)[C@@]21C	30;29;34;35	27;28;29;30;31;32;33;34;35;36	CC(C)[C:1002]1=[CH:1001]C(O)O[C:1003]1=[O:1004]	CC(C)C1=CC(O)OC1=O	CSC1C(C(C)C)=C([O-])OC1O
Mol_08791	Mol_08791:atom9	enone	CC(=O)O[C@H]1C[C@@H]2[C@@]3(C)C=CC(=O)C(C)(C)[C@@H]3C[C@@H](O)[C@@]2(C)C2=CC[C@@H](C3=CC(O)OC3=O)[C@@]21C	9;10;11;12	6;7;8;9;10;11;12;13;14;15;16	CC1(C)CC(C)(C)[C:1003](=[O:1004])[CH:1002]=[CH:1001]1	CC1(C)C=CC(=O)C(C)(C)C1	CSC1C=C([O-])C(C)(C)CC1(C)C
Mol_08791	Mol_08791:atom27	ester	CC(=O)O[C@H]1C[C@@H]2[C@@]3(C)C=CC(=O)C(C)(C)[C@@H]3C[C@@H](O)[C@@]2(C)C2=CC[C@@H](C3=CC(O)OC3=O)[C@@]21C	27;26;31;32	24;25;26;27;28;29;30;31;32;33	CC(C)[C:1002]1=[CH:1001]C(O)O[C:1003]1=[O:1004]	CC(C)C1=CC(O)OC1=O	CSC1C(C(C)C)=C([O-])OC1O
Mol_08793	Mol_08793:atom9	enone	CC(=O)O[C@H]1C[C@@H]2[C@@]3(C)C=CC(=O)C(C)(C)[C@@H]3C[C@@H](O)[C@@]2(C)C2=CC[C@@H](C3=CC(=O)OC3O)[C@@]21C	9;10;11;12	6;7;8;9;10;11;12;13;14;15;16	CC1(C)CC(C)(C)[C:1003](=[O:1004])[CH:1002]=[CH:1001]1	CC1(C)C=CC(=O)C(C)(C)C1	CSC1C=C([O-])C(C)(C)CC1(C)C
Mol_08793	Mol_08793:atom26	ester	CC(=O)O[C@H]1C[C@@H]2[C@@]3(C)C=CC(=O)C(C)(C)[C@@H]3C[C@@H](O)[C@@]2(C)C2=CC[C@@H](C3=CC(=O)OC3O)[C@@]21C	26;27;28;29	24;25;26;27;28;29;30;31;32;33	CC(C)[C:1001]1=[CH:1002][C:1003](=[O:1004])OC1O	CC(C)C1=CC(=O)OC1O	CSC1(C(C)C)C=C([O-])OC1O
Mol_08795	Mol_08795:atom9	enone	CC(=O)O[C@H]1C[C@@H]2[C@@]3(C)C=CC(=O)C(C)(C)[C@@H]3C[C@@H](OC(C)=O)[C@@]2(C)C2=CC[C@@H](C3=CC(=O)OC3O)[C@@]21C	9;10;11;12	6;7;8;9;10;11;12;13;14;15;16	CC1(C)CC(C)(C)[C:1003](=[O:1004])[CH:1002]=[CH:1001]1	CC1(C)C=CC(=O)C(C)(C)C1	CSC1C=C([O-])C(C)(C)CC1(C)C
Mol_08795	Mol_08795:atom29	ester	CC(=O)O[C@H]1C[C@@H]2[C@@]3(C)C=CC(=O)C(C)(C)[C@@H]3C[C@@H](OC(C)=O)[C@@]2(C)C2=CC[C@@H](C3=CC(=O)OC3O)[C@@]21C	29;30;31;32	27;28;29;30;31;32;33;34;35;36	CC(C)[C:1001]1=[CH:1002][C:1003](=[O:1004])OC1O	CC(C)C1=CC(=O)OC1O	CSC1(C(C)C)C=C([O-])OC1O
Mol_08797	Mol_08797:atom12	enone	COC(=O)C[C@H]1C(C)(C)C(=O)C=C[C@]1(C)[C@H]1[C@@H](OC(C)=O)[C@H](OC(C)=O)[C@@]2(C)[C@H](C3=CC(=O)OC3O)C[C@H]3O[C@]32C1(C)C	12;11;9;10	5;6;7;8;9;10;11;12;13;14;15	CC1(C)CC(C)(C)[C:1003](=[O:1004])[CH:1002]=[CH:1001]1	CC1(C)C=CC(=O)C(C)(C)C1	CSC1C=C([O-])C(C)(C)CC1(C)C
Mol_08797	Mol_08797:atom29	ester	COC(=O)C[C@H]1C(C)(C)C(=O)C=C[C@]1(C)[C@H]1[C@@H](OC(C)=O)[C@H](OC(C)=O)[C@@]2(C)[C@H](C3=CC(=O)OC3O)C[C@H]3O[C@]32C1(C)C	29;30;31;32	26;28;29;30;31;32;33;34;35;36	CC(C)[C:1001]1=[CH:1002][C:1003](=[O:1004])OC1O	CC(C)C1=CC(=O)OC1O	CSC1(C(C)C)C=C([O-])OC1O
Mol_08798	Mol_08798:atom12	enone	COC(=O)C[C@H]1C(C)(C)C(=O)C=C[C@]1(C)[C@H]1[C@@H](OC(C)=O)[C@H](OC(C)=O)[C@@]2(C)[C@H](C3=CC(O)OC3=O)C[C@H]3O[C@]32C1(C)C	12;11;9;10	5;6;7;8;9;10;11;12;13;14;15	CC1(C)CC(C)(C)[C:1003](=[O:1004])[CH:1002]=[CH:1001]1	CC1(C)C=CC(=O)C(C)(C)C1	CSC1C=C([O-])C(C)(C)CC1(C)C
Mol_08798	Mol_08798:atom30	ester	COC(=O)C[C@H]1C(C)(C)C(=O)C=C[C@]1(C)[C@H]1[C@@H](OC(C)=O)[C@H](OC(C)=O)[C@@]2(C)[C@H](C3=CC(O)OC3=O)C[C@H]3O[C@]32C1(C)C	30;29;34;35	26;28;29;30;31;32;33;34;35;36	CC(C)[C:1002]1=[CH:1001]C(O)O[C:1003]1=[O:1004]	CC(C)C1=CC(O)OC1=O	CSC1C(C(C)C)=C([O-])OC1O
Mol_08799	Mol_08799:atom9	enone	CC(=O)O[C@H]1C[C@@H]2[C@@]3(C)C=CC(=O)C(C)(C)[C@@H]3C[C@@H](O)[C@@]2(C)C2=CC[C@@H](C3=CCNC3=O)[C@@]21C	9;10;11;12	6;7;8;9;10;11;12;13;14;15;16	CC1(C)CC(C)(C)[C:1003](=[O:1004])[CH:1002]=[CH:1001]1	CC1(C)C=CC(=O)C(C)(C)C1	CSC1C=C([O-])C(C)(C)CC1(C)C
Mol_08816	Mol_08816:atom13	enone	CC(=O)O[C@@H]1C[C@H]2C(C)(C)C(=O)C=C[C@]2(C)[C@H]2CC[C@]3(C)C(=CC[C@H]3c3ccoc3)[C@@]21C	13;12;10;11	6;7;8;9;10;11;12;13;14;15;16	CC1(C)CC(C)(C)[C:1003](=[O:1004])[CH:1002]=[CH:1001]1	CC1(C)C=CC(=O)C(C)(C)C1	CSC1C=C([O-])C(C)(C)CC1(C)C
Mol_08817	Mol_08817:atom10	enone	CC(=O)O[C@]12CC[C@H]3[C@]4(C)C=CC(=O)C(C)(C)[C@H]4C[C@H](O)[C@]3(C)C1=CC[C@@H]2c1ccoc1	10;11;12;13	7;8;9;10;11;12;13;14;15;16;17	CC1(C)CC(C)(C)[C:1003](=[O:1004])[CH:1002]=[CH:1001]1	CC1(C)C=CC(=O)C(C)(C)C1	CSC1C=C([O-])C(C)(C)CC1(C)C
Mol_08819	Mol_08819:atom5	enone	C=C1[C@@H]([C@@]2(C)C=CC(=O)C(C)(C)[C@@H]2CC(=O)OC)[C@@H](OC(C)=O)[C@H](OC(C)=O)[C@@]2(C)[C@H](c3ccoc3)C[C@H]3O[C@]132	5;6;7;8	2;3;4;5;6;7;8;9;10;11;12	CC1(C)CC(C)(C)[C:1003](=[O:1004])[CH:1002]=[CH:1001]1	CC1(C)C=CC(=O)C(C)(C)C1	CSC1C=C([O-])C(C)(C)CC1(C)C
Mol_08820	Mol_08820:atom13	enone	CC(=O)O[C@@H]1C[C@H]2C(C)(C)C(=O)C=C[C@]2(C)[C@H]2CC[C@]3(C)C(=CC[C@H]3C3=CC(O)OC3=O)[C@@]21C	13;12;10;11	6;7;8;9;10;11;12;13;14;15;16	CC1(C)CC(C)(C)[C:1003](=[O:1004])[CH:1002]=[CH:1001]1	CC1(C)C=CC(=O)C(C)(C)C1	CSC1C=C([O-])C(C)(C)CC1(C)C
Mol_08820	Mol_08820:atom26	ester	CC(=O)O[C@@H]1C[C@H]2C(C)(C)C(=O)C=C[C@]2(C)[C@H]2CC[C@]3(C)C(=CC[C@H]3C3=CC(O)OC3=O)[C@@]21C	26;25;30;31	19;23;24;25;26;27;28;29;30;31	CC(C)[C:1002]1=[CH:1001]C(O)O[C:1003]1=[O:1004]	CC(C)C1=CC(O)OC1=O	CSC1C(C(C)C)=C([O-])OC1O
Mol_08825	Mol_08825:atom1	ester	C/C=C(\C)C(=O)O[C@H]1[C@H]2OC[C@@]3(C)C(OC(C)=O)C[C@@H](OC(C)=O)[C@@](C)([C@@H]4CC[C@@]5(C)C(=CC[C@@H]5c5ccoc5)[C@]41C)[C@H]23	1;2;4;5	0;1;2;3;4;5;6;7	CO[C:1003](/[C:1002](C)=[CH:1001]/C)=[O:1004]	C/C=C(\C)C(=O)OC	COC([O-])=C(C)C(C)SC
Mol_09001	Mol_09001:atom13	enone	COC1=CC(O)=CC(O)C1C(=O)/C=C/c1ccccc1	13;12;10;11	2;7;9;10;11;12;13;14;15;16;17;18;19	CC(C)[C:1003](/[CH:1002]=[CH:1001]/c1ccccc1)=[O:1004]	CC(C)C(=O)/C=C/c1ccccc1	CSC(C=C([O-])C(C)C)c1ccccc1
Mol_09004	Mol_09004:atom12	enone	COc1c(O)c(OC)c(C(=O)/C=C/c2ccccc2)c(O)c1OC	12;11;9;10	2;3;5;8;9;10;11;12;13;14;15;16;17;18;19;21	c1ccc(/[CH:1001]=[CH:1002]/[C:1003](c2ccccc2)=[O:1004])cc1	O=C(/C=C/c1ccccc1)c1ccccc1	CSC(C=C([O-])c1ccccc1)c1ccccc1
Mol_09006	Mol_09006:atom15	enone	COc1cc(O)c(OC)c(O)c1C(=O)/C=C/c1ccccc1	15;14;12;13	2;3;4;6;9;11;12;13;14;15;16;17;18;19;20;21	c1ccc(/[CH:1001]=[CH:1002]/[C:1003](c2ccccc2)=[O:1004])cc1	O=C(/C=C/c1ccccc1)c1ccccc1	CSC(C=C([O-])c1ccccc1)c1ccccc1
Mol_09007	Mol_09007:atom10	enone	COc1cc(O)c(C(=O)/C=C/c2ccccc2)c(O)c1OC	10;9;7;8	2;3;4;6;7;8;9;10;11;12;13;14;15;16;17;19	c1ccc(/[CH:1001]=[CH:1002]/[C:1003](c2ccccc2)=[O:1004])cc1	O=C(/C=C/c1ccccc1)c1ccccc1	CSC(C=C([O-])c1ccccc1)c1ccccc1
Mol_09008	Mol_09008:atom11	enone	COc1cc(O)c(C(=O)/C(O)=C/c2ccccc2)c(OC)c1	11;9;7;8	2;3;4;6;7;8;9;10;11;12;13;14;15;16;17;18;21	O/[C:1002](=[CH:1001]\c1ccccc1)[C:1003](c1ccccc1)=[O:1004]	O=C(/C(O)=C/c1ccccc1)c1ccccc1	CSC(C(O)=C([O-])c1ccccc1)c1ccccc1
Mol_09009	Mol_09009:atom13	enone	COc1cc(O)cc(O)c1C(=O)/C=C/c1ccccc1	13;12;10;11	2;3;4;6;7;9;10;11;12;13;14;15;16;17;18;19	c1ccc(/[CH:1001]=[CH:1002]/[C:1003](c2ccccc2)=[O:1004])cc1	O=C(/C=C/c1ccccc1)c1ccccc1	CSC(C=C([O-])c1ccccc1)c1ccccc1
Mol_09011	Mol_09011:atom10	enone	COC1=CC(O)C(C(=O)/C=C/c2ccccc2)C(O)=C1	10;9;7;8	4;6;7;8;9;10;11;12;13;14;15;16;17	CC(C)[C:1003](/[CH:1002]=[CH:1001]/c1ccccc1)=[O:1004]	CC(C)C(=O)/C=C/c1ccccc1	CSC(C=C([O-])C(C)C)c1ccccc1
Mol_09064	Mol_09064:atom11	enone	C=C[C@]1(C)C=C2CC[C@]3(C)C(=C)C(=O)CC[C@@H]3C2CC1	11;10;12;13	7;8;9;10;11;12;13;14;15;16	CC1(C)CCC[C:1003](=[O:1004])[C:1002]1=[CH2:1001]	C=C1C(=O)CCCC1(C)C	CSCC1=C([O-])CCCC1(C)C
Mol_09067	Mol_09067:atom19	enone	COc1c(C)c(O)c(CC2(C)C(=O)C(C(=O)C(C)C)=C(O)C(C)=C2O)c(O)c1C(=O)C(C)C	19;13;11;12	8;9;10;11;12;13;14;15;16;19;20;21;22;23	CC(=O)[C:1002]1=[C:1001](O)C(C)=CC(C)(C)[C:1003]1=[O:1004]	CC(=O)C1=C(O)C(C)=CC(C)(C)C1=O	CSC1(O)C(C)=CC(C)(C)C([O-])=C1C(C)=O
Mol_09086	Mol_09086:atom2	enone	CC1=C(O)C(C)(C)C(O)CC1=O	2;1;10;11	0;1;2;3;4;5;6;7;9;10;11	CC1(C)CC[C:1003](=[O:1004])[C:1002](C)=[C:1001]1O	CC1=C(O)C(C)(C)CCC1=O	CSC1(O)C(C)=C([O-])CCC1(C)C
Mol_09140	Mol_09140:atom4	enone	COC1=C/C(=C2/C=C(OC)c3c(ccc4c3C=CC(C)(C)O4)C2=O)C(=O)c2ccc3c(c21)C=CC(C)(C)O3	4;5;22;23	2;3;4;5;6;7;10;11;12;13;14;15;22;23;24;25;26;27;28;29;30;31	O=C1c2ccccc2C=C/[C:1001]1=[C:1002]1/C=Cc2ccccc2[C:1003]1=[O:1004]	O=C1/C(=C2\C=Cc3ccccc3C2=O)C=Cc2ccccc21	CSC1(c2ccc3ccccc3c2[O-])C=Cc2ccccc2C1=O
Mol_09140	Mol_09140:atom5	enone	COC1=C/C(=C2/C=C(OC)c3c(ccc4c3C=CC(C)(C)O4)C2=O)C(=O)c2ccc3c(c21)C=CC(C)(C)O3	5;4;24;25	2;3;4;5;6;7;10;11;12;13;14;15;22;23;24;25;26;27;28;29;30;31	O=C1c2ccccc2C=C/[C:1001]1=[C:1002]1/C=Cc2ccccc2[C:1003]1=[O:1004]	O=C1/C(=C2\C=Cc3ccccc3C2=O)C=Cc2ccccc21	CSC1(c2ccc3ccccc3c2[O-])C=Cc2ccccc2C1=O
Mol_09144	Mol_09144:atom18	enal	COc1cc(C(=O)O)c(O)c2ccc3c(c12)C=C1/C(=C(\C)C=O)CCC1(C)O3	18;19;21;22	16;17;18;19;20;21;22;23;24;25	C=C1CCC/[C:1001]1=[C:1002](/C)[CH:1003]=[O:1004]	C=C1CCC/C1=C(/C)C=O	C=C1CCCC1(SC)C(C)=C[O-]
Mol_09155	Mol_09155:atom5	enone	CCC(=O)C1=C2C(OC(C)(C)C(O)C2O)c2ccccc2C1=O	5;4;2;3	0;1;2;3;4;5;6;7;11;13;14;15;16;17;18;19;20;21;22	CC[C:1003]([C:1002]1=[C:1001](C(C)O)C(O)c2ccccc2C1=O)=[O:1004]	CCC(=O)C1=C(C(C)O)C(O)c2ccccc2C1=O	CCC([O-])=C1C(=O)c2ccccc2C(O)C1(SC)C(C)O
Mol_09163	Mol_09163:atom5	ester	COC(=O)C1=C(CC=C(C)C)C(=O)c2ccccc2C1=O	5;4;2;3	0;1;2;3;4;5;6;7;11;12;13;14;15;16;17;18;19;20	CC[C:1001]1=[C:1002]([C:1003](OC)=[O:1004])C(=O)c2ccccc2C1=O	CCC1=C(C(=O)OC)C(=O)c2ccccc2C1=O	CCC1(SC)C(=O)c2ccccc2C(=O)C1=C([O-])OC
Mol_09215	Mol_09215:atom14	ester	CC(=O)OC1C[C@H]2C(C)(C)OC(=O)C=C[C@]2(C)[C@H]2CC[C@]3(C)C(=CC[C@H]3[C@@H]3COC(=O)C3)[C@]12C	14;13;11;12	6;7;10;11;12;13;14;15;16;17	CC1(C)CCO[C:1003](=[O:1004])[CH:1002]=[CH:1001]1	CC1(C)C=CC(=O)OCC1	CSC1C=C([O-])OCCC1(C)C
Mol_09223	Mol_09223:atom5	enal	COc1cc(/C=C/C=O)cc(CC2OC2(C)C)c1O	5;6;7;8	2;3;4;5;6;7;8;9;10;17	c1ccc(/[CH:1001]=[CH:1002]/[CH:1003]=[O:1004])cc1	O=C/C=C/c1ccccc1	CSC(C=C[O-])c1ccccc1
Mol_09241	Mol_09241:atom11	enone	CC1(C)O[C@H]2CC(=O)OC[C@@]23C1=C(O)C(=O)[C@]1(C)[C@@H]3CC[C@@]2(C)[C@@H](c3ccoc3)OC(=O)[C@H]3O[C@]321	11;12;14;15	0;1;2;3;4;9;10;11;12;13;14;15;16;17;18;34	CC1(C)OC[C@]2(C)CC(C)(C)[C:1003](=[O:1004])[C:1002](O)=[C:1001]12	CC1(C)C[C@@]2(C)COC(C)(C)C2=C(O)C1=O	CSC12C(O)=C([O-])C(C)(C)C[C@@]1(C)COC2(C)C
Mol_09290	Mol_09290:atom3	ester	COC1C=C(CC[C@@]2(C)[C@H](C)CC[C@@]34COC(=O)C3=CCC[C@@H]42)C(=O)O1	3;4;23;24	1;2;3;4;5;6;23;24;25	CC[C:1002]1=[CH:1001]C(O)O[C:1003]1=[O:1004]	CCC1=CC(O)OC1=O	CCC1=C([O-])OC(O)C1SC
Mol_09290	Mol_09290:atom19	ester	COC1C=C(CC[C@@]2(C)[C@H](C)CC[C@@]34COC(=O)C3=CCC[C@@H]42)C(=O)O1	19;18;16;17	12;13;14;15;16;17;18;19;20;21;22	C[C@]12CCC[CH:1001]=[C:1002]1[C:1003](=[O:1004])OC2	C[C@]12CCCC=C1C(=O)OC2	CSC1CCC[C@]2(C)COC([O-])=C12
Mol_09292	Mol_09292:atom10	ester	C[C@@H]1CC[C@@]23COC(=O)C2=CCC[C@@H]3[C@@]1(C)CCC1=CCOC1=O	10;9;7;8	3;4;5;6;7;8;9;10;11;12;13	C[C@]12CCC[CH:1001]=[C:1002]1[C:1003](=[O:1004])OC2	C[C@]12CCCC=C1C(=O)OC2	CSC1CCC[C@]2(C)COC([O-])=C12
Mol_09292	Mol_09292:atom19	ester	C[C@@H]1CC[C@@]23COC(=O)C2=CCC[C@@H]3[C@@]1(C)CCC1=CCOC1=O	19;18;22;23	16;17;18;19;20;21;22;23	CC[C:1002]1=[CH:1001]CO[C:1003]1=[O:1004]	CCC1=CCOC1=O	CCC1=C([O-])OCC1SC
Mol_09343	Mol_09343:atom41	enone	C=C(C)[C@]12C[C@@H](C)[C@@]34OC(/C=C/CCCCCCCCCCCCC)(O[C@@H]1C3[C@@H]1O[C@]1(CO)[C@@H](O)[C@]1(O)C(=O)C(C)=C[C@H]14)O2	41;39;37;38	7;33;35;36;37;38;39;40;41;42	C[C@H]1[C@@](C)(O)[C:1003](=[O:1004])[C:1002](C)=[CH:1001]1	CC1=C[C@@H](C)[C@@](C)(O)C1=O	CSC1C(C)=C([O-])[C@](C)(O)[C@@H]1C
Mol_09345	Mol_09345:atom31	enone	C=C(C)[C@@]12O[C@@]3(/C=C/C=C/C=C\CCC)O[C@@H]1[C@@H]1[C@@H]4O[C@]4(CO)[C@@H](O)[C@]4(O)C(=O)C(C)=C[C@H]4[C@@]1(O3)[C@H](C)[C@H]2OC(C)=O	31;29;27;28	23;25;26;27;28;29;30;31;32;33	C[C@H]1[C@@](C)(O)[C:1003](=[O:1004])[C:1002](C)=[CH:1001]1	CC1=C[C@@H](C)[C@@](C)(O)C1=O	CSC1C(C)=C([O-])[C@](C)(O)[C@@H]1C
Mol_09346	Mol_09346:atom31	enone	C=C(C)[C@@]12O[C@@]3(/C=C/C=C/CCCCC)O[C@@H]1[C@@H]1[C@@H]4O[C@]4(CO)[C@@H](O)[C@]4(O)C(=O)C(C)=C[C@H]4[C@@]1(O3)[C@H](C)[C@H]2OC(C)=O	31;29;27;28	23;25;26;27;28;29;30;31;32;33	C[C@H]1[C@@](C)(O)[C:1003](=[O:1004])[C:1002](C)=[CH:1001]1	CC1=C[C@@H](C)[C@@](C)(O)C1=O	CSC1C(C)=C([O-])[C@](C)(O)[C@@H]1C
Mol_09349	Mol_09349:atom37	enone	C=C(C)[C@@]12O[C@@]3(/C=C/CCCCCCCCCCCCC)O[C@@H]1[C@@H]1[C@@H]4O[C@]4(CO)[C@@H](O)[C@]4(O)C(=O)C(C)=C[C@H]4[C@@]1(O3)[C@H](C)[C@H]2OC(C)=O	37;35;33;34	29;31;32;33;34;35;36;37;38;39	C[C@H]1[C@@](C)(O)[C:1003](=[O:1004])[C:1002](C)=[CH:1001]1	CC1=C[C@@H](C)[C@@](C)(O)C1=O	CSC1C(C)=C([O-])[C@](C)(O)[C@@H]1C
Mol_09350	Mol_09350:atom35	enone	C=C(C)[C@@]12OC3(/C=C/C=C/CCCCCCCCC)O[C@@H]1C1C4O[C@]4(CO)[C@@H](O)[C@]4(O)C(=O)C(C)=CC4[C@@]1(O3)[C@H](C)[C@H]2OC(C)=O	35;33;31;32	27;29;30;31;32;33;34;35;36;37	CC1[C@@](C)(O)[C:1003](=[O:1004])[C:1002](C)=[CH:1001]1	CC1=CC(C)[C@@](C)(O)C1=O	CSC1C(C)=C([O-])[C@](C)(O)C1C
Mol_09351	Mol_09351:atom35	enone	C=C(C)[C@]12C[C@@H](C)C34OC(/C=C/C=C/CCCCC)(O[C@@H]1[C@@H]3[C@@H]1O[C@]1(CO)[C@@H](O)[C@]1(O)C(=O)C(C)=C[C@@H]41)O2	35;33;31;32	7;27;29;30;31;32;33;34;35;36	C[C@H]1[C@@](C)(O)[C:1003](=[O:1004])[C:1002](C)=[CH:1001]1	CC1=C[C@@H](C)[C@@](C)(O)C1=O	CSC1C(C)=C([O-])[C@](C)(O)[C@@H]1C
Mol_09365	Mol_09365:atom4	enone	CC(C)C1=CC2=CC(=O)[C@H]3C(C)(C)CCC[C@]3(C)C2=C(O)C1=O	4;3;21;22	0;1;2;3;4;5;6;18;19;20;21;22	C=C1C=C(O)[C:1003](=[O:1004])[C:1002](C(C)C)=[CH:1001]1	C=C1C=C(O)C(=O)C(C(C)C)=C1	C=C1C=C(O)C([O-])=C(C(C)C)C1SC
Mol_09365	Mol_09365:atom5	enone	CC(C)C1=CC2=CC(=O)[C@H]3C(C)(C)CCC[C@]3(C)C2=C(O)C1=O	5;6;7;8	3;4;5;6;7;8;9;10;16;18;19	C=C[C:1001]1=[CH:1002][C:1003](=[O:1004])[C@@H](C)CC1=C	C=CC1=CC(=O)[C@@H](C)CC1=C	C=CC1(SC)C=C([O-])[C@@H](C)CC1=C
Mol_09365	Mol_09365:atom18	enone	CC(C)C1=CC2=CC(=O)[C@H]3C(C)(C)CCC[C@]3(C)C2=C(O)C1=O	18;19;21;22	1;3;4;5;6;9;15;16;17;18;19;20;21;22	C=C1C=C(C)[C:1003](=[O:1004])[C:1002](O)=[C:1001]1C(C)(C)C	C=C1C=C(C)C(=O)C(O)=C1C(C)(C)C	C=C1C=C(C)C([O-])=C(O)C1(SC)C(C)(C)C
Mol_09366	Mol_09366:atom4	enone	CC(C)C1=CC2=CC[C@H]3C(C)(C)CCC[C@]3(C)C2=C(O)C1=O	4;3;20;21	0;1;2;3;4;5;6;17;18;19;20;21	C=C1C=C(O)[C:1003](=[O:1004])[C:1002](C(C)C)=[CH:1001]1	C=C1C=C(O)C(=O)C(C(C)C)=C1	C=C1C=C(O)C([O-])=C(C(C)C)C1SC
Mol_09366	Mol_09366:atom17	enone	CC(C)C1=CC2=CC[C@H]3C(C)(C)CCC[C@]3(C)C2=C(O)C1=O	17;18;20;21	1;3;4;5;6;8;14;15;16;17;18;19;20;21	C=C1C=C(C)[C:1003](=[O:1004])[C:1002](O)=[C:1001]1C(C)(C)C	C=C1C=C(C)C(=O)C(O)=C1C(C)(C)C	C=C1C=C(C)C([O-])=C(O)C1(SC)C(C)(C)C
Mol_09370	Mol_09370:atom20	enone	CC(CO)c1cc2c(c(O)c1O)[C@]1(C)CCCC(C)(C)C1=C(O)C2=O	20;21;23;24	4;5;6;7;8;10;12;13;14;16;17;18;19;20;21;22;23;24	CC(C)(C)[C:1001]1=[C:1002](O)[C:1003](=[O:1004])c2ccccc2C1(C)C	CC(C)(C)C1=C(O)C(=O)c2ccccc2C1(C)C	CSC1(C(C)(C)C)C(O)=C([O-])c2ccccc2C1(C)C
Mol_09371	Mol_09371:atom4	enone	CC1=C(C)C2=CC(=O)c3c(O)c4c(c(O)c3[C@@]2(C)CC1)O[C@@H](C)C4	4;5;6;7	1;2;3;4;5;6;7;8;9;11;12;13;15;16;17;18	C=C(C)[C:1001]1=[CH:1002][C:1003](=[O:1004])c2ccccc2C1(C)C	C=C(C)C1=CC(=O)c2ccccc2C1(C)C	C=C(C)C1(SC)C=C([O-])c2ccccc2C1(C)C
Mol_09374	Mol_09374:atom5	ester	COC(=O)C1=CO[C@@H](O[C@@H]2O[C@H](CO)[C@@H](O)[C@H](O)[C@H]2O)[C@H]2[C@@H]1C(=O)C[C@@H]2C	5;4;2;3	0;1;2;3;4;5;6;7;20;21;22	CO[C:1003]([C:1002]1=[CH:1001]OCC[C@@H]1C)=[O:1004]	COC(=O)C1=COCC[C@@H]1C	COC([O-])=C1C(SC)OCC[C@@H]1C
Mol_09449	Mol_09449:atom35	enone	CC1(O)C(=O)[C@@H]2C3=C(CC[C@@H]4C(C)(C)[C@@H](O)CC[C@@]34C)[C@@H]1[C@H]1[C@]23CC[C@@H]2C(C)(C)[C@@H](O)CC[C@@]2(C)C3=CC(=O)[C@@]1(C)O	35;36;37;38	5;21;22;23;25;32;33;34;35;36;37;38;39;40;41	CC(C)(C)[C:1001]1=[CH:1002][C:1003](=[O:1004])[C@@](C)(O)CC1(C)C	CC(C)(C)C1=CC(=O)[C@@](C)(O)CC1(C)C	CSC1(C(C)(C)C)C=C([O-])[C@@](C)(O)CC1(C)C
Mol_09456	Mol_09456:atom56	ester	CC(=O)O[C@H]1[C@H](O)C(C)(C)CC2[C@]13C(=O)O[C@@]21CCC2[C@@]4(C)CC[C@H](OC5O[C@H](COC6O[C@H](CO)[C@@H](O)[C@H](O)[C@H]6O)[C@@H](O)[C@H](O)[C@H]5OC5O[C@H](COC(=O)/C=C/c6ccc(O)cc6)[C@@H](O)[C@H](O)[C@H]5O)C(C)(C)C4CC[C@@]2(C)[C@]1(C)CC3O	56;55;53;54	51;52;53;54;55;56;57;58;59;60;62;63	CO[C:1003](/[CH:1002]=[CH:1001]/c1ccccc1)=[O:1004]	COC(=O)/C=C/c1ccccc1	COC([O-])=CC(SC)c1ccccc1
Mol_09457	Mol_09457:atom74	ester	C=C(C)OC1C[C@]2(C)[C@@]3(CCC4[C@@]5(C)CC[C@H](OC6O[C@H](CO)[C@@H](OC7O[C@H](CO)[C@@H](O)[C@H](O)[C@H]7O)[C@H](O)[C@H]6OC6O[C@H](CO)[C@@H](O)[C@H](O)[C@H]6O)C(C)(C)C5CC[C@]42C)OC(=O)[C@]12C3CC(C)(C)[C@@H](OC(=O)/C(C)=C/C)[C@@H]2OC(C)=O	74;72;70;71	68;69;70;71;72;73;74;75	CO[C:1003](/[C:1002](C)=[CH:1001]/C)=[O:1004]	C/C=C(\C)C(=O)OC	COC([O-])=C(C)C(C)SC
Mol_09458	Mol_09458:atom1	ester	C/C=C(\C)C(=O)O[C@H]1[C@H](O)[C@]2(CO)C(O)C[C@]3(C)C(=CCC4[C@@]5(C)CC[C@H](OC6OC[C@@H](O)[C@H](O)[C@H]6OC6O[C@H](COC7O[C@H](C)[C@@H](O)[C@H](O)[C@@H]7O)[C@@H](O)[C@H](O)[C@H]6O)C(C)(C)C5CC[C@]43C)C2CC1(C)C	1;2;4;5	0;1;2;3;4;5;6;7	CO[C:1003](/[C:1002](C)=[CH:1001]/C)=[O:1004]	C/C=C(\C)C(=O)OC	COC([O-])=C(C)C(C)SC
Mol_09459	Mol_09459:atom1	ester	C/C=C(\C)C(=O)O[C@H]1[C@H](OC(C)=O)[C@]2(CO)C(O)C[C@]3(C)C(=CCC4[C@@]5(C)CC[C@H](OC6OC[C@@H](OC7O[C@H](C)[C@@H](O)[C@H](O)[C@@H]7O)[C@@H](O)[C@@H]6OC6O[C@@H](CO)[C@@H](O)[C@@H](O)[C@@H]6O)C(C)(C)C5CC[C@]43C)C2CC1(C)C	1;2;4;5	0;1;2;3;4;5;6;7	CO[C:1003](/[C:1002](C)=[CH:1001]/C)=[O:1004]	C/C=C(\C)C(=O)OC	COC([O-])=C(C)C(C)SC
Mol_09530	Mol_09530:atom11	enone	COc1cc(OC)c(C(=O)/C=C/c2ccccc2)c(O)c1OC	11;10;8;9	2;3;4;7;8;9;10;11;12;13;14;15;16;17;18;20	c1ccc(/[CH:1001]=[CH:1002]/[C:1003](c2ccccc2)=[O:1004])cc1	O=C(/C=C/c1ccccc1)c1ccccc1	CSC(C=C([O-])c1ccccc1)c1ccccc1
Mol_09541	Mol_09541:atom25	ester	CC(C)[C@@]12C[C@@H](OC(=O)CO)[C@@](C)(O1)[C@@H]1CC[C@@H](C)[C@H]1[C@@H]2OC(=O)/C=C/c1ccccc1	25;24;22;23	20;21;22;23;24;25;26;27;28;29;30;31	CO[C:1003](/[CH:1002]=[CH:1001]/c1ccccc1)=[O:1004]	COC(=O)/C=C/c1ccccc1	COC([O-])=CC(SC)c1ccccc1
Mol_09542	Mol_09542:atom21	ester	CC(C)[C@]12C[C@H](O)[C@](C)(O1)[C@H]1CC[C@H](C)[C@@H]1[C@H]2OC(=O)/C=C/c1ccccc1	21;20;18;19	16;17;18;19;20;21;22;23;24;25;26;27	CO[C:1003](/[CH:1002]=[CH:1001]/c1ccccc1)=[O:1004]	COC(=O)/C=C/c1ccccc1	COC([O-])=CC(SC)c1ccccc1
Mol_09571	Mol_09571:atom13	enone	COc1cc(OC)c(OC)c(O)c1/C=C/C(=O)c1ccccc1	13;14;15;16	2;3;4;7;10;12;13;14;15;16;17;18;19;20;21;22	c1ccc(/[CH:1001]=[CH:1002]/[C:1003](c2ccccc2)=[O:1004])cc1	O=C(/C=C/c1ccccc1)c1ccccc1	CSC(C=C([O-])c1ccccc1)c1ccccc1
Mol_09626	Mol_09626:atom4	enone	CC(C)C1=CC2=CC=C3C(C)(C)[C@@H](OC(=O)c4ccccc4)CC[C@]3(C)C2=C(O)C1=O	4;3;29;30	0;1;2;3;4;5;6;26;27;28;29;30	C=C1C=C(O)[C:1003](=[O:1004])[C:1002](C(C)C)=[CH:1001]1	C=C1C=C(O)C(=O)C(C(C)C)=C1	C=C1C=C(O)C([O-])=C(C(C)C)C1SC
Mol_09626	Mol_09626:atom26	enone	CC(C)C1=CC2=CC=C3C(C)(C)[C@@H](OC(=O)c4ccccc4)CC[C@]3(C)C2=C(O)C1=O	26;27;29;30	1;3;4;5;6;8;23;24;25;26;27;28;29;30	C=C1C=C(C)[C:1003](=[O:1004])[C:1002](O)=[C:1001]1C(C)(C)C	C=C1C=C(C)C(=O)C(O)=C1C(C)(C)C	C=C1C=C(C)C([O-])=C(O)C1(SC)C(C)(C)C
Mol_09627	Mol_09627:atom4	enone	CC(C)C1=CC2=CC=C3C(C)(C)[C@@H](OC(=O)/C=C/c4ccccc4)CC[C@]3(C)C2=C(O)C1=O	4;3;31;32	0;1;2;3;4;5;6;28;29;30;31;32	C=C1C=C(O)[C:1003](=[O:1004])[C:1002](C(C)C)=[CH:1001]1	C=C1C=C(O)C(=O)C(C(C)C)=C1	C=C1C=C(O)C([O-])=C(C(C)C)C1SC
Mol_09627	Mol_09627:atom17	ester	CC(C)C1=CC2=CC=C3C(C)(C)[C@@H](OC(=O)/C=C/c4ccccc4)CC[C@]3(C)C2=C(O)C1=O	17;16;14;15	12;13;14;15;16;17;18;19;20;21;22;23	CO[C:1003](/[CH:1002]=[CH:1001]/c1ccccc1)=[O:1004]	COC(=O)/C=C/c1ccccc1	COC([O-])=CC(SC)c1ccccc1
Mol_09627	Mol_09627:atom28	enone	CC(C)C1=CC2=CC=C3C(C)(C)[C@@H](OC(=O)/C=C/c4ccccc4)CC[C@]3(C)C2=C(O)C1=O	28;29;31;32	1;3;4;5;6;8;25;26;27;28;29;30;31;32	C=C1C=C(C)[C:1003](=[O:1004])[C:1002](O)=[C:1001]1C(C)(C)C	C=C1C=C(C)C(=O)C(O)=C1C(C)(C)C	C=C1C=C(C)C([O-])=C(O)C1(SC)C(C)(C)C
Mol_09631	Mol_09631:atom13	enone	CC(=O)O[C@H]1CC[C@@]2(C)C(=CC=C3C=C(C(C)(C)O)C(=O)C(O)=C32)C1(C)C	13;14;19;20	11;12;13;14;15;16;17;18;19;20;21;22;23	C=C1C=C(O)[C:1003](=[O:1004])[C:1002](C(C)(C)O)=[CH:1001]1	C=C1C=C(O)C(=O)C(C(C)(C)O)=C1	C=C1C=C(O)C([O-])=C(C(C)(C)O)C1SC
Mol_09631	Mol_09631:atom23	enone	CC(=O)O[C@H]1CC[C@@]2(C)C(=CC=C3C=C(C(C)(C)O)C(=O)C(O)=C32)C1(C)C	23;21;19;20	6;7;8;9;11;12;13;14;15;19;20;21;22;23	C=C1C=C(C)[C:1003](=[O:1004])[C:1002](O)=[C:1001]1C(C)(C)C	C=C1C=C(C)C(=O)C(O)=C1C(C)(C)C	C=C1C=C(C)C([O-])=C(O)C1(SC)C(C)(C)C
Mol_09667	Mol_09667:atom2	enone	C=C/C(C)=C\C(=O)CC(C)C	2;4;5;6	0;1;2;3;4;5;6;7;8	C=C/[C:1001](C)=[CH:1002]\[C:1003](CC)=[O:1004]	C=C/C(C)=C\C(=O)CC	C=CC(C)(C=C([O-])CC)SC
Mol_09668	Mol_09668:atom2	enone	C=C/C(C)=C/C(=O)CC(C)C	2;4;5;6	0;1;2;3;4;5;6;7;8	C=C/[C:1001](C)=[CH:1002]/[C:1003](CC)=[O:1004]	C=C/C(C)=C/C(=O)CC	C=CC(C)(C=C([O-])CC)SC
Mol_09670	Mol_09670:atom2	enone	C=C/C(C)=C/C(=O)C=C(C)C	2;4;5;6	0;1;2;3;4;5;6;7;8	C=C/[C:1001](C)=[CH:1002]/[C:1003](C=C)=[O:1004]	C=CC(=O)/C=C(\C)C=C	C=CC([O-])=CC(C)(C=C)SC
Mol_09670	Mol_09670:atom8	enone	C=C/C(C)=C/C(=O)C=C(C)C	8;7;5;6	2;4;5;6;7;8;9;10	C=C[C:1003]([CH:1002]=[C:1001](C)C)=[O:1004]	C=CC(=O)C=C(C)C	C=CC([O-])=CC(C)(C)SC
Mol_09740	Mol_09740:atom6	enal	COc1ccc(/C=C/C=O)cc1OC	6;7;8;9	2;3;4;5;6;7;8;9;10;11	c1ccc(/[CH:1001]=[CH:1002]/[CH:1003]=[O:1004])cc1	O=C/C=C/c1ccccc1	CSC(C=C[O-])c1ccccc1
Mol_09755	Mol_09755:atom37	ester	COC(=O)C[C@H]1[C@]2(C)C3=C(C)[C@H](c4ccoc4)C[C@H]3O[C@@H]2[C@@H]2OC[C@]3(C)[C@H](OC(C)=O)C[C@H](OC(=O)/C=C/c4ccccc4)[C@@]1(C)[C@@H]23	37;36;34;35	32;33;34;35;36;37;38;39;40;41;42;43	CO[C:1003](/[CH:1002]=[CH:1001]/c1ccccc1)=[O:1004]	COC(=O)/C=C/c1ccccc1	COC([O-])=CC(SC)c1ccccc1
Mol_09756	Mol_09756:atom38	ester	CC(=O)O[C@H]1C[C@H]2[C@](C)(C3=CC[C@@H](c4ccoc4)[C@@]31C)[C@H](O)[C@@H]1OC[C@]3(C)[C@H](OC(C)=O)C[C@H](OC(=O)/C=C/c4ccccc4)[C@@]2(C)[C@@H]13	38;37;35;36	33;34;35;36;37;38;39;40;41;42;43;44	CO[C:1003](/[CH:1002]=[CH:1001]/c1ccccc1)=[O:1004]	COC(=O)/C=C/c1ccccc1	COC([O-])=CC(SC)c1ccccc1
Mol_09757	Mol_09757:atom1	ester	C/C=C(\C)C(=O)O[C@@H]1C[C@H](OC(C)=O)[C@]2(C)CO[C@H]3[C@H]2[C@]1(C)[C@@H]1C[C@@H](OC(C)=O)[C@@]2(C)C(=CC[C@H]2c2ccoc2)[C@@]1(C)[C@H]3O	1;2;4;5	0;1;2;3;4;5;6;7	CO[C:1003](/[C:1002](C)=[CH:1001]/C)=[O:1004]	C/C=C(\C)C(=O)OC	COC([O-])=C(C)C(C)SC
Mol_09779	Mol_09779:atom0	ester	C=C(CO)C(=O)O[C@H]1C[C@@]2(C)OC(=O)[C@H](CC)[C@]2(O)CC[C@@]2(C)O[C@@H]2[C@H]2OC(=O)C(COC(C)=O)=C12	0;1;4;5	0;1;2;3;4;5;6;7	CO[C:1003]([C:1002](CO)=[CH2:1001])=[O:1004]	C=C(CO)C(=O)OC	COC([O-])=C(CO)CSC
Mol_09779	Mol_09779:atom35	ester	C=C(CO)C(=O)O[C@H]1C[C@@]2(C)OC(=O)[C@H](CC)[C@]2(O)CC[C@@]2(C)O[C@@H]2[C@H]2OC(=O)C(COC(C)=O)=C12	35;29;27;28	6;7;8;24;25;26;27;28;29;30;31;35	C[C@H](O)[C:1001]1=[C:1002](CO)[C:1003](=[O:1004])O[C@@H]1C	C[C@H](O)C1=C(CO)C(=O)O[C@@H]1C	CSC1([C@H](C)O)C(CO)=C([O-])O[C@@H]1C
Mol_09801	Mol_09801:atom14	enone	C=C(C)[C@@H]1CC[C@@]2(C)CCC(=O)C(C)=C2C1	14;12;10;11	3;5;6;7;8;9;10;11;12;13;14;15	CC[C:1001]1=[C:1002](C)[C:1003](=[O:1004])CCC1(C)C	CCC1=C(C)C(=O)CCC1(C)C	CCC1(SC)C(C)=C([O-])CCC1(C)C
Mol_09811	Mol_09811:atom3	ester	O=C1C=C2C=C[C@@H]3C[C@@]2(O1)[C@H]1CCCCN31	3;2;1;0	0;1;2;3;4;5;7;8;9;10	C=C[C:1001]1=[CH:1002][C:1003](=[O:1004])OC1(C)C	C=CC1=CC(=O)OC1(C)C	C=CC1(SC)C=C([O-])OC1(C)C
Mol_09832	Mol_09832:atom24	enone	COC1=CC(O)=CC(OC2O[C@H](CO)[C@@H](O)[C@H](O)[C@H]2O)C1C(=O)/C=C/c1ccccc1	24;23;21;22	2;7;20;21;22;23;24;25;26;27;28;29;30	CC(C)[C:1003](/[CH:1002]=[CH:1001]/c1ccccc1)=[O:1004]	CC(C)C(=O)/C=C/c1ccccc1	CSC(C=C([O-])C(C)C)c1ccccc1
Mol_09834	Mol_09834:atom11	enone	CCCCCCCCCCCC1=C(O)C(=O)C(=C2C(=O)C(O)=C(CCCCCCCCCCC)C(O)=C2O)C(=O)C1=O	11;12;14;15	9;10;11;12;13;14;15;16;17;38;40;41	C=C1CC(=O)[C:1001](CC)=[C:1002](O)[C:1003]1=[O:1004]	C=C1CC(=O)C(CC)=C(O)C1=O	C=C1CC(=O)C(CC)(SC)C(O)=C1[O-]
Mol_09834	Mol_09834:atom12	enone	CCCCCCCCCCCC1=C(O)C(=O)C(=C2C(=O)C(O)=C(CCCCCCCCCCC)C(O)=C2O)C(=O)C1=O	12;11;40;41	9;10;11;12;13;14;15;16;38;39;40;41	CC[C:1002]1=[C:1001](O)C(=O)CC(=O)[C:1003]1=[O:1004]	CCC1=C(O)C(=O)CC(=O)C1=O	CCC1=C([O-])C(=O)CC(=O)C1(O)SC
Mol_09834	Mol_09834:atom16	enone	CCCCCCCCCCCC1=C(O)C(=O)C(=C2C(=O)C(O)=C(CCCCCCCCCCC)C(O)=C2O)C(=O)C1=O	16;17;18;19	12;14;15;16;17;18;19;20;21;22;34;36;37;38;39;40	CC(=O)[C:1001](C(C)=O)=[C:1002]1C(O)=CC=C(O)[C:1003]1=[O:1004]	CC(=O)C(C(C)=O)=C1C(=O)C(O)=CC=C1O	CSC(C(C)=O)(C(C)=O)c1c(O)ccc(O)c1[O-]
Mol_09834	Mol_09834:atom17	enone	CCCCCCCCCCCC1=C(O)C(=O)C(=C2C(=O)C(O)=C(CCCCCCCCCCC)C(O)=C2O)C(=O)C1=O	17;16;14;15	11;12;13;14;15;16;17;18;19;20;34;36;37;38;39;40	C=C(O)[C:1001](C(C)=O)=[C:1002]1C(=O)CC=C(O)[C:1003]1=[O:1004]	C=C(O)C(C(C)=O)=C1C(=O)CC=C(O)C1=O	C=C(O)C(SC)(C(C)=O)C1=C([O-])C(O)=CCC1=O
Mol_09834	Mol_09834:atom22	enone	CCCCCCCCCCCC1=C(O)C(=O)C(=C2C(=O)C(O)=C(CCCCCCCCCCC)C(O)=C2O)C(=O)C1=O	22;20;18;19	16;17;18;19;20;21;22;23;24;34;35;36	C=C1C=C(O)[C:1001](CC)=[C:1002](O)[C:1003]1=[O:1004]	C=C1C=C(O)C(CC)=C(O)C1=O	C=C1C=C(O)C(CC)(SC)C(O)=C1[O-]
Mol_09861	Mol_09861:atom12	enone	CC[C@H](C)[C@@H]1NC(=O)C(C(C)=O)=C1O	12;8;9;11	2;4;5;6;7;8;9;10;11;12;13	C[C@@H]1NC(=O)[C:1002]([C:1003](C)=[O:1004])=[C:1001]1O	CC(=O)C1=C(O)[C@H](C)NC1=O	CSC1(O)C(=C(C)[O-])C(=O)N[C@H]1C
Mol_09884	Mol_09884:atom14	enal	CC1(C)CCC[C@]2(C)[C@H](C=O)C(C=O)=CC[C@@H]12	14;11;12;13	6;8;9;11;12;13;14;15;16	C[C@H]1CCC[CH:1001]=[C:1002]1[CH:1003]=[O:1004]	C[C@H]1CCCC=C1C=O	CSC1CCC[C@H](C)C1=C[O-]
Mol_09907	Mol_09907:atom12	ester	C=C([C@H]1CC=C(C)CC1)[C@H](O)[C@H]1C=C(C)C(=O)O1	12;13;15;16	9;11;12;13;14;15;16;17	C[C@@H]1O[C:1003](=[O:1004])[C:1002](C)=[CH:1001]1	CC1=C[C@H](C)OC1=O	CSC1C(C)=C([O-])O[C@H]1C
Mol_09913	Mol_09913:atom10	ester	CC1=CC[C@H]([C@@]2(C)O[C@@H]2[C@H]2C=C(C)C(=O)O2)CC1	10;11;13;14	8;9;10;11;12;13;14;15	C[C@@H]1O[C:1003](=[O:1004])[C:1002](C)=[CH:1001]1	CC1=C[C@H](C)OC1=O	CSC1C(C)=C([O-])O[C@H]1C
Mol_09927	Mol_09927:atom3	enone	O=C1C=C(/C=C/c2ccc(O)c(O)c2)OC12C(c1cc(O)cc(=O)o1)=Cc1cc(O)c(O)cc12	3;2;1;0	0;1;2;3;4;5;14;15;16;26;27;28;30;32;33	C=C[C:1001]1=[CH:1002][C:1003](=[O:1004])C(C)(c2ccccc2)O1	C=CC1=CC(=O)C(C)(c2ccccc2)O1	C=CC1(SC)C=C([O-])C(C)(c2ccccc2)O1
Mol_09960	Mol_09960:atom3	enone	O=C(/C=C/c1ccc(O)c(O)c1)c1ccc(O)cc1O	3;2;1;0	0;1;2;3;4;5;6;7;9;11;12;13;14;15;17;18	c1ccc(/[CH:1001]=[CH:1002]/[C:1003](c2ccccc2)=[O:1004])cc1	O=C(/C=C/c1ccccc1)c1ccccc1	CSC(C=C([O-])c1ccccc1)c1ccccc1
Mol_09991	Mol_09991:atom3	ester	O=C(/C=C/c1ccc(O)cc1)OC[C@H]1O[C@@H](Oc2c(-c3ccc(O)c(O)c3)oc3cc(O)cc(O)c3c2=O)C(O)C(O)[C@@H]1O	3;2;1;0	0;1;2;3;4;5;6;7;9;10;11;12	CO[C:1003](/[CH:1002]=[CH:1001]/c1ccccc1)=[O:1004]	COC(=O)/C=C/c1ccccc1	COC([O-])=CC(SC)c1ccccc1
Mol_10026	Mol_10026:atom2	ester	CC1=C(CCCC(=O)O)COC1=O	2;1;11;12	0;1;2;3;4;9;10;11;12	CC[C:1001]1=[C:1002](C)[C:1003](=[O:1004])OC1	CCC1=C(C)C(=O)OC1	CCC1(SC)COC([O-])=C1C
Mol_10033	Mol_10033:atom23	enone	C=C(CC[C@@H](C)C1CCC2C3C(CC[C@@]21C)[C@@]1(C)CCC(=O)C=C1C[C@H]3O)C(C)C	23;22;20;21	11;16;17;18;19;20;21;22;23;24;25	CC[C:1001]1=[CH:1002][C:1003](=[O:1004])CCC1(C)C	CCC1=CC(=O)CCC1(C)C	CCC1(SC)C=C([O-])CCC1(C)C
Mol_10035	Mol_10035:atom14	enone	C=C(CC[C@](C)(O)C1CCC2C3C=CC4=CC(=O)CC[C@]4(C)C3CC[C@@]21C)C(C)C	14;15;16;17	12;13;14;15;16;17;18;19;20;21;22	C=C[C:1001]1=[CH:1002][C:1003](=[O:1004])CCC1(C)C	C=CC1=CC(=O)CCC1(C)C	C=CC1(SC)C=C([O-])CCC1(C)C
Mol_10036	Mol_10036:atom24	enone	C=C(CC[C@](C)(O)C1CCC2C3C(CC[C@@]21C)[C@@]1(C)CCC(=O)C=C1C[C@H]3O)C(C)C	24;23;21;22	12;17;18;19;20;21;22;23;24;25;26	CC[C:1001]1=[CH:1002][C:1003](=[O:1004])CCC1(C)C	CCC1=CC(=O)CCC1(C)C	CCC1(SC)C=C([O-])CCC1(C)C
Mol_10037	Mol_10037:atom24	enone	C=C(CC[C@](C)(O)C1CC[C@H]2[C@H]3C(CC[C@]12C)[C@@]1(C)CCC(=O)C=C1C[C@H]3O)C(C)C	24;23;21;22	12;17;18;19;20;21;22;23;24;25;26	CC[C:1001]1=[CH:1002][C:1003](=[O:1004])CCC1(C)C	CCC1=CC(=O)CCC1(C)C	CCC1(SC)C=C([O-])CCC1(C)C
Mol_10051	Mol_10051:atom14	enone	C=C(CC[C@@H](C)[C@H]1CC[C@H]2[C@@H]3C(=O)C=C4C[C@@H](O)CC[C@]4(C)[C@H]3CC[C@]12C)C(C)C	14;13;11;12	9;10;11;12;13;14;15;16;19;20;21;22	CC[C:1001]1=[CH:1002][C:1003](=[O:1004])[C@@H](C)CC1(C)C	CCC1=CC(=O)[C@@H](C)CC1(C)C	CCC1(SC)C=C([O-])[C@@H](C)CC1(C)C
Mol_10056	Mol_10056:atom13	enone	C=C(CC[C@@H](C)[C@H]1CC[C@H]2[C@@H]3C=CC4=CC(=O)CC[C@]4(C)[C@H]3CC[C@]12C)C(C)C	13;14;15;16	11;12;13;14;15;16;17;18;19;20;21	C=C[C:1001]1=[CH:1002][C:1003](=[O:1004])CCC1(C)C	C=CC1=CC(=O)CCC1(C)C	C=CC1(SC)C=C([O-])CCC1(C)C
Mol_10267	Mol_10267:atom15	enone	C/C=C/[C@@H]1C=C[C@@H]2C[C@@H](C)CC[C@@H]2[C@]1(C)/C(O)=C1\C(=O)C(C(C)O)N(C)C1=O	15;17;18;19	3;12;13;14;15;16;17;18;19;20;21;24;26;27	CC1NC(=O)/[C:1002](=[C:1001](\O)C(C)(C)C)[C:1003]1=[O:1004]	CC1NC(=O)/C(=C(\O)C(C)(C)C)C1=O	CSC(O)(C1=C([O-])C(C)NC1=O)C(C)(C)C
Mol_10304	Mol_10304:atom34	ester	CCCCCCCCCCCCCCCCCCCCCCCCCCCCCCOC(=O)/C=C/c1ccc(O)cc1	34;33;31;32	29;30;31;32;33;34;35;36;37;38;40;41	CO[C:1003](/[CH:1002]=[CH:1001]/c1ccccc1)=[O:1004]	COC(=O)/C=C/c1ccccc1	COC([O-])=CC(SC)c1ccccc1
Mol_10347	Mol_10347:atom9	ester	COC(=O)[C@@H]1[C@H]2C=C[C@@]3(C=C([C@H](C)O)C(=O)O3)[C@H]2CO[C@H]1O	9;10;14;15	7;8;9;10;11;12;13;14;15;16;17	C[C@H](O)[C:1002]1=[CH:1001]C(C)(C)O[C:1003]1=[O:1004]	C[C@H](O)C1=CC(C)(C)OC1=O	CSC1C([C@H](C)O)=C([O-])OC1(C)C
Mol_10348	Mol_10348:atom10	ester	CCC(C(=O)O)[C@@H]1O[C@H]2OC=C(C(=O)OC)[C@H]3C=C[C@]1(O)[C@@H]23	10;11;12;13	8;9;10;11;12;13;14;15;16;17;21	CO[C:1003]([C:1002]1=[CH:1001]OCC[C@@H]1C)=[O:1004]	COC(=O)C1=COCC[C@@H]1C	COC([O-])=C1C(SC)OCC[C@@H]1C
Mol_10349	Mol_10349:atom9	ester	COC(=O)[C@@H]1[C@H]2C=C[C@@]3(C=C([C@H](C)O)C(=O)O3)[C@H]2CO[C@@H]1O	9;10;14;15	7;8;9;10;11;12;13;14;15;16;17	C[C@H](O)[C:1002]1=[CH:1001]C(C)(C)O[C:1003]1=[O:1004]	C[C@H](O)C1=CC(C)(C)OC1=O	CSC1C([C@H](C)O)=C([O-])OC1(C)C
Mol_10350	Mol_10350:atom1	ester	C/C=C1\C(=O)O[C@]23C=C[C@@H]4C(C(=O)OC)=CO[C@H](O[C@@H]12)[C@@H]43	1;2;3;4	0;1;2;3;4;5;6;18;19	C/[CH:1001]=[C:1002]1/[C@H](O)CO[C:1003]1=[O:1004]	C/C=C1\C(=O)OC[C@H]1O	CSC(C)C1=C([O-])OC[C@H]1O
Mol_10350	Mol_10350:atom15	ester	C/C=C1\C(=O)O[C@]23C=C[C@@H]4C(C(=O)OC)=CO[C@H](O[C@@H]12)[C@@H]43	15;10;11;12	8;9;10;11;12;13;14;15;16;17;20	CO[C:1003]([C:1002]1=[CH:1001]OCC[C@@H]1C)=[O:1004]	COC(=O)C1=COCC[C@@H]1C	COC([O-])=C1C(SC)OCC[C@@H]1C
Mol_10351	Mol_10351:atom1	ester	C/C=C1/C(=O)O[C@]23C=C[C@@H]4C(C(=O)OC)=CO[C@H](O[C@@H]12)[C@@H]43	1;2;3;4	0;1;2;3;4;5;6;18;19	C/[CH:1001]=[C:1002]1\[C@H](O)CO[C:1003]1=[O:1004]	C/C=C1/C(=O)OC[C@H]1O	CSC(C)C1=C([O-])OC[C@H]1O
Mol_10351	Mol_10351:atom15	ester	C/C=C1/C(=O)O[C@]23C=C[C@@H]4C(C(=O)OC)=CO[C@H](O[C@@H]12)[C@@H]43	15;10;11;12	8;9;10;11;12;13;14;15;16;17;20	CO[C:1003]([C:1002]1=[CH:1001]OCC[C@@H]1C)=[O:1004]	COC(=O)C1=COCC[C@@H]1C	COC([O-])=C1C(SC)OCC[C@@H]1C
Mol_10352	Mol_10352:atom15	ester	CC[C@@H]1C(=O)O[C@]23C=C[C@@H]4C(C(=O)OC)=CO[C@H](OC12)[C@@H]43	15;10;11;12	8;9;10;11;12;13;14;15;16;17;20	CO[C:1003]([C:1002]1=[CH:1001]OCC[C@@H]1C)=[O:1004]	COC(=O)C1=COCC[C@@H]1C	COC([O-])=C1C(SC)OCC[C@@H]1C
Mol_10353	Mol_10353:atom1	ester	C/C=C1\C(=O)OC23C=CC4CC(O)OC(OC12)C43	1;2;3;4	0;1;2;3;4;5;6;15;16	C/[CH:1001]=[C:1002]1/C(O)CO[C:1003]1=[O:1004]	C/C=C1\C(=O)OCC1O	CSC(C)C1=C([O-])OCC1O
Mol_10354	Mol_10354:atom1	ester	C/C=C1/C(=O)O[C@]23C=C[C@@H]4[C@H](C(=O)OC)[C@@H](O)O[C@H](O[C@@H]12)[C@@H]43	1;2;3;4	0;1;2;3;4;5;6;19;20	C/[CH:1001]=[C:1002]1\[C@H](O)CO[C:1003]1=[O:1004]	C/C=C1/C(=O)OC[C@H]1O	CSC(C)C1=C([O-])OC[C@H]1O
Mol_10363	Mol_10363:atom5	ester	COC(=O)C1=CO[C@@H](C)[C@H]2CN3CCc4c([nH]c5ccc(OC)cc45)[C@H]3C[C@@H]12	5;4;2;3	0;1;2;3;4;5;6;7;9;26;27	CO[C:1003]([C:1002]1=[CH:1001]OCC[C@H]1C)=[O:1004]	COC(=O)C1=COCC[C@H]1C	COC([O-])=C1C(SC)OCC[C@H]1C
Mol_10364	Mol_10364:atom5	ester	COC(=O)C1=CO[C@@H](C)[C@H]2C[N+]3(C)CCc4c([n-]c5ccc(OC)cc45)[C@@H]3C[C@H]12	5;4;2;3	0;1;2;3;4;5;6;7;9;27;28	CO[C:1003]([C:1002]1=[CH:1001]OCC[C@@H]1C)=[O:1004]	COC(=O)C1=COCC[C@@H]1C	COC([O-])=C1C(SC)OCC[C@@H]1C
Mol_10373	Mol_10373:atom5	ester	COC(=O)C1=CO[C@@H](C)[C@@H]2CN3CCc4c([nH]c5ccc(OC)cc45)[C@@H]3C[C@H]12	5;4;2;3	0;1;2;3;4;5;6;7;9;26;27	CO[C:1003]([C:1002]1=[CH:1001]OCC[C@@H]1C)=[O:1004]	COC(=O)C1=COCC[C@@H]1C	COC([O-])=C1C(SC)OCC[C@@H]1C
Mol_10374	Mol_10374:atom5	ester	COC(=O)C1=CO[C@@H](C)[C@@H]2CN3CCc4c([nH]c5cc(OC)c(OC)cc45)[C@@H]3C[C@H]12	5;4;2;3	0;1;2;3;4;5;6;7;9;28;29	CO[C:1003]([C:1002]1=[CH:1001]OCC[C@@H]1C)=[O:1004]	COC(=O)C1=COCC[C@@H]1C	COC([O-])=C1C(SC)OCC[C@@H]1C
Mol_10375	Mol_10375:atom5	ester	COC(=O)C1=CO[C@@H](C)[C@@H]2CN3CCc4c([nH]c5cc(OC)c(OC)cc45)[C@H]3C[C@H]12	5;4;2;3	0;1;2;3;4;5;6;7;9;28;29	CO[C:1003]([C:1002]1=[CH:1001]OCC[C@@H]1C)=[O:1004]	COC(=O)C1=COCC[C@@H]1C	COC([O-])=C1C(SC)OCC[C@@H]1C
Mol_10376	Mol_10376:atom5	ester	COC(=O)C1=CO[C@@H](C)[C@H]2C[N+]3(C)CCc4c([nH]c5ccccc45)[C@@H]3C[C@H]12	5;4;2;3	0;1;2;3;4;5;6;7;9;25;26	CO[C:1003]([C:1002]1=[CH:1001]OCC[C@@H]1C)=[O:1004]	COC(=O)C1=COCC[C@@H]1C	COC([O-])=C1C(SC)OCC[C@@H]1C
Mol_10377	Mol_10377:atom3	ester	C=C1OC=C(C(=O)OC)[C@H]2C[C@@H]3c4[nH]c5cc(OC)c(OC)cc5c4CCN3C[C@@H]12	3;4;5;6	1;2;3;4;5;6;7;8;9;10;29	CO[C:1003]([C:1002]1=[CH:1001]OCC[C@@H]1C)=[O:1004]	COC(=O)C1=COCC[C@@H]1C	COC([O-])=C1C(SC)OCC[C@@H]1C
Mol_10378	Mol_10378:atom5	ester	COC(=O)C1=CO[C@H](C)[C@H]2CN3CCc4c([nH]c5ccccc45)[C@@H]3C[C@H]12	5;4;2;3	0;1;2;3;4;5;6;7;9;24;25	CO[C:1003]([C:1002]1=[CH:1001]OCC[C@@H]1C)=[O:1004]	COC(=O)C1=COCC[C@@H]1C	COC([O-])=C1C(SC)OCC[C@@H]1C
Mol_10379	Mol_10379:atom5	ester	COC(=O)C1=CO[C@H](C)[C@@H]2CN3CCc4c([nH]c5cc(OC)c(OC)cc45)[C@H]3C[C@H]12	5;4;2;3	0;1;2;3;4;5;6;7;9;28;29	CO[C:1003]([C:1002]1=[CH:1001]OCC[C@@H]1C)=[O:1004]	COC(=O)C1=COCC[C@@H]1C	COC([O-])=C1C(SC)OCC[C@@H]1C
Mol_10386	Mol_10386:atom5	ester	COC(=O)C1=COC(C)C2CN3CCc4c([nH]c5cc(OC)ccc45)C3CC12	5;4;2;3	0;1;2;3;4;5;6;7;9;26;27	CO[C:1003]([C:1002]1=[CH:1001]OCCC1C)=[O:1004]	COC(=O)C1=COCCC1C	COC([O-])=C1C(C)CCOC1SC
Mol_10388	Mol_10388:atom5	ester	COC(=O)/C=C/c1cc(OC)c(OC)c(OC)c1	5;4;2;3	0;1;2;3;4;5;6;7;8;11;14;17	CO[C:1003](/[CH:1002]=[CH:1001]/c1ccccc1)=[O:1004]	COC(=O)/C=C/c1ccccc1	COC([O-])=CC(SC)c1ccccc1
Mol_10481	Mol_10481:atom19	enone	C[C@@H]1CC[C@@]2(OC1)O[C@H]1C[C@H]3[C@@H]4CC[C@H]5CC(=O)C=C[C@]5(C)[C@H]4CC[C@]3(C)[C@H]1[C@@H]2C	19;18;16;17	14;15;16;17;18;19;20;21;22	CC1(C)CC[C:1003](=[O:1004])[CH:1002]=[CH:1001]1	CC1(C)C=CC(=O)CC1	CSC1C=C([O-])CCC1(C)C
Mol_10508	Mol_10508:atom1	ester	C/C=C(/C)C(=O)O[C@@H]1C[C@@H](C)[C@]2(C[C@@H](C3=CC(O)OC3=O)OC2=O)[C@H]2CC[C@@H]3O[C@]3(C)[C@]21C	1;2;4;5	0;1;2;3;4;5;6;7	CO[C:1003](/[C:1002](C)=[CH:1001]\C)=[O:1004]	C/C=C(/C)C(=O)OC	COC([O-])=C(C)C(C)SC
Mol_10508	Mol_10508:atom15	ester	C/C=C(/C)C(=O)O[C@@H]1C[C@@H](C)[C@]2(C[C@@H](C3=CC(O)OC3=O)OC2=O)[C@H]2CC[C@@H]3O[C@]3(C)[C@]21C	15;14;19;20	12;13;14;15;16;17;18;19;20;21	C[C@H](O)[C:1002]1=[CH:1001]C(O)O[C:1003]1=[O:1004]	C[C@H](O)C1=CC(O)OC1=O	CSC1C([C@H](C)O)=C([O-])OC1O
Mol_10509	Mol_10509:atom15	ester	CCC(C)C(=O)O[C@@H]1C[C@@H](C)[C@]2(C[C@@H](C3=CC(O)OC3=O)OC2=O)[C@H]2CC[C@@H]3O[C@]3(C)[C@]21C	15;14;19;20	12;13;14;15;16;17;18;19;20;21	C[C@H](O)[C:1002]1=[CH:1001]C(O)O[C:1003]1=[O:1004]	C[C@H](O)C1=CC(O)OC1=O	CSC1C([C@H](C)O)=C([O-])OC1O
Mol_10520	Mol_10520:atom20	ester	C[C@@H]1CC[C@@]2(CO)C(CO)=C[C@@H](O)C[C@@H]2[C@@]1(C)CCC1=CCOC1=O	20;19;23;24	17;18;19;20;21;22;23;24	CC[C:1002]1=[CH:1001]CO[C:1003]1=[O:1004]	CCC1=CCOC1=O	CCC1=C([O-])OCC1SC
Mol_10531	Mol_10531:atom3	ester	O=C(/C=C/c1ccc(O)c(O)c1)O[C@H]1[C@@H](OC(=O)/C=C/c2ccc(O)c(O)c2)C[C@](O)(C(=O)O)C[C@@H]1O	3;2;1;0	0;1;2;3;4;5;6;7;9;11;12;13	CO[C:1003](/[CH:1002]=[CH:1001]/c1ccccc1)=[O:1004]	COC(=O)/C=C/c1ccccc1	COC([O-])=CC(SC)c1ccccc1
Mol_10531	Mol_10531:atom19	ester	O=C(/C=C/c1ccc(O)c(O)c1)O[C@H]1[C@@H](OC(=O)/C=C/c2ccc(O)c(O)c2)C[C@](O)(C(=O)O)C[C@@H]1O	19;18;16;17	14;15;16;17;18;19;20;21;22;23;25;27	CO[C:1003](/[CH:1002]=[CH:1001]/c1ccccc1)=[O:1004]	COC(=O)/C=C/c1ccccc1	COC([O-])=CC(SC)c1ccccc1
Mol_10532	Mol_10532:atom3	ester	O=C(C=Cc1ccc(O)c(O)c1)OCC1OC(Oc2coccc2=O)C(O)C(O)C1O	3;2;1;0	0;1;2;3;4;5;6;7;9;11;12;13	CO[C:1003]([CH:1002]=[CH:1001]c1ccccc1)=[O:1004]	COC(=O)C=Cc1ccccc1	COC([O-])=CC(SC)c1ccccc1
Mol_10534	Mol_10534:atom3	ester	O=C(/C=C/c1ccc(O)c(O)c1)O[C@@H]1[C@@H](OC(=O)/C=C/c2ccc(O)c(O)c2)C[C@@](O)(C(=O)O)C[C@@H]1O	3;2;1;0	0;1;2;3;4;5;6;7;9;11;12;13	CO[C:1003](/[CH:1002]=[CH:1001]/c1ccccc1)=[O:1004]	COC(=O)/C=C/c1ccccc1	COC([O-])=CC(SC)c1ccccc1
Mol_10534	Mol_10534:atom19	ester	O=C(/C=C/c1ccc(O)c(O)c1)O[C@@H]1[C@@H](OC(=O)/C=C/c2ccc(O)c(O)c2)C[C@@](O)(C(=O)O)C[C@@H]1O	19;18;16;17	14;15;16;17;18;19;20;21;22;23;25;27	CO[C:1003](/[CH:1002]=[CH:1001]/c1ccccc1)=[O:1004]	COC(=O)/C=C/c1ccccc1	COC([O-])=CC(SC)c1ccccc1
Mol_10554	Mol_10554:atom0	ester	C=C1C(=O)O[C@@H]2/C=C(/C)C(=O)/C=C/[C@](C)(O)C[C@@H](OC(=O)C(C)C)[C@@H]12	0;1;2;3	0;1;2;3;4;5;17;24	C[C@@H]1CO[C:1003](=[O:1004])[C:1002]1=[CH2:1001]	C=C1C(=O)OC[C@H]1C	CSCC1=C([O-])OC[C@H]1C
Mol_10554	Mol_10554:atom6	enone	C=C1C(=O)O[C@@H]2/C=C(/C)C(=O)/C=C/[C@](C)(O)C[C@@H](OC(=O)C(C)C)[C@@H]12	6;7;9;10	4;5;6;7;8;9;10;11;12;24	C=C[C:1003](/[C:1002](C)=[CH:1001]\[C@H](C)O)=[O:1004]	C=CC(=O)/C(C)=C\[C@H](C)O	C=CC([O-])=C(C)C(SC)[C@H](C)O
Mol_10554	Mol_10554:atom12	enone	C=C1C(=O)O[C@@H]2/C=C(/C)C(=O)/C=C/[C@](C)(O)C[C@@H](OC(=O)C(C)C)[C@@H]12	12;11;9;10	6;7;8;9;10;11;12;13;14;15;16	C=C(C)[C:1003](/[CH:1002]=[CH:1001]/C(C)(C)O)=[O:1004]	C=C(C)C(=O)/C=C/C(C)(C)O	C=C(C)C([O-])=CC(SC)C(C)(C)O
Mol_10561	Mol_10561:atom21	ester	C[C@H]1C[C@@H]2O[C@](O)(CC1=O)[C@@](C)(O)C=C1OC(=O)C(CO)=C12	21;18;16;17	2;3;4;13;14;15;16;17;18;19;20;21	C=C1O[C:1003](=[O:1004])[C:1002](CO)=[C:1001]1[C@H](C)O	C=C1OC(=O)C(CO)=C1[C@H](C)O	C=C1OC([O-])=C(CO)C1(SC)[C@H](C)O
Mol_10563	Mol_10563:atom23	ester	CC(=O)OCC1=C[C@H](O)C[C@H]2[C@]1(CO)CC[C@@H](C)[C@]2(C)CCC1=CCOC1=O	23;22;26;27	20;21;22;23;24;25;26;27	CC[C:1002]1=[CH:1001]CO[C:1003]1=[O:1004]	CCC1=CCOC1=O	CCC1=C([O-])OCC1SC
Mol_10569	Mol_10569:atom20	ester	C[C@@H]1CC[C@@]2(CO)C(CO)=C[C@H](O)C[C@@H]2[C@@]1(C)CCC1=CCOC1=O	20;19;23;24	17;18;19;20;21;22;23;24	CC[C:1002]1=[CH:1001]CO[C:1003]1=[O:1004]	CCC1=CCOC1=O	CCC1=C([O-])OCC1SC
Mol_10644	Mol_10644:atom1	enone	C/C(=C\C(=O)[C@H]1OC1(C)C)[C@H]1CC[C@]2(C)[C@@H]1C[C@@H](O)[C@@H]1[C@]34CC[C@](O)(OC3)C(C)(C)[C@@H]4CC[C@]12C	1;2;3;4	0;1;2;3;4;5;6;7;10;11;15	CC(C)/[C:1001](C)=[CH:1002]/[C:1003]([C@@H]1CO1)=[O:1004]	C/C(=C\C(=O)[C@@H]1CO1)C(C)C	CSC(C)(C=C([O-])[C@@H]1CO1)C(C)C
Mol_10660	Mol_10660:atom5	ester	COC(=O)C1=COC(OC2OC=C(C(=O)OC)C3C(O)CC(C)(OC)C23)C2C1C(O)CC2(C)O	5;4;2;3	0;1;2;3;4;5;6;7;26;27;28	CO[C:1003]([C:1002]1=[CH:1001]OCCC1C)=[O:1004]	COC(=O)C1=COCCC1C	COC([O-])=C1C(C)CCOC1SC
Mol_10660	Mol_10660:atom11	ester	COC(=O)C1=COC(OC2OC=C(C(=O)OC)C3C(O)CC(C)(OC)C23)C2C1C(O)CC2(C)O	11;12;13;14	9;10;11;12;13;14;15;16;17;18;25	CO[C:1003]([C:1002]1=[CH:1001]OCCC1C)=[O:1004]	COC(=O)C1=COCCC1C	COC([O-])=C1C(C)CCOC1SC
Mol_10699	Mol_10699:atom3	ester	O=C1C=CC2(CCC23C=CC(=O)O3)O1	3;2;1;0	0;1;2;3;4;5;7;13	CC1(C)O[C:1003](=[O:1004])[CH:1002]=[CH:1001]1	CC1(C)C=CC(=O)O1	CSC1C=C([O-])OC1(C)C
Mol_10699	Mol_10699:atom8	ester	O=C1C=CC2(CCC23C=CC(=O)O3)O1	8;9;10;11	4;6;7;8;9;10;11;12	CC1(C)O[C:1003](=[O:1004])[CH:1002]=[CH:1001]1	CC1(C)C=CC(=O)O1	CSC1C=C([O-])OC1(C)C
Mol_10707	Mol_10707:atom5	ester	COc1cc(/C=C/C(=O)O[C@H]2[C@H](O)C[C@@]3(C)C(CC[C@]4(C)[C@@H]3CC=C3C5[C@](C(=O)O)(CC[C@@H](C)[C@@]5(C)O)CC[C@]34C)C2(C)C)ccc1O	5;6;7;8	2;3;4;5;6;7;8;9;10;44;45;46	CO[C:1003](/[CH:1002]=[CH:1001]/c1ccccc1)=[O:1004]	COC(=O)/C=C/c1ccccc1	COC([O-])=CC(SC)c1ccccc1
Mol_10708	Mol_10708:atom5	ester	COc1cc(/C=C/C(=O)O[C@H]2[C@H](O)C[C@@]3(C)C(CC[C@]4(C)[C@@H]3CC=C3C5[C@](C(=O)O)(CC[C@@H](C)[C@@]5(C)OC)CC[C@]34C)C2(C)C)ccc1O	5;6;7;8	2;3;4;5;6;7;8;9;10;45;46;47	CO[C:1003](/[CH:1002]=[CH:1001]/c1ccccc1)=[O:1004]	COC(=O)/C=C/c1ccccc1	COC([O-])=CC(SC)c1ccccc1
Mol_10709	Mol_10709:atom5	ester	COc1cc(/C=C/C(=O)O[C@H]2[C@H](OC(C)=O)C[C@@]3(C)C(CC[C@]4(C)[C@@H]3CC=C3C5[C@](C(=O)O)(CC[C@@H](C)[C@@]5(C)O)CC[C@]34C)C2(C)C)ccc1O	5;6;7;8	2;3;4;5;6;7;8;9;10;47;48;49	CO[C:1003](/[CH:1002]=[CH:1001]/c1ccccc1)=[O:1004]	COC(=O)/C=C/c1ccccc1	COC([O-])=CC(SC)c1ccccc1
Mol_10710	Mol_10710:atom5	ester	COc1cc(/C=C/C(=O)O[C@H]2[C@H](OC(C)=O)C[C@@]3(C)C(CC[C@]4(C)[C@@H]3CC=C3C5[C@](C(=O)O)(CC[C@@H](C)[C@@]5(C)OC)CC[C@]34C)C2(C)C)ccc1C=O	5;6;7;8	2;3;4;5;6;7;8;9;10;48;49;50	CO[C:1003](/[CH:1002]=[CH:1001]/c1ccccc1)=[O:1004]	COC(=O)/C=C/c1ccccc1	COC([O-])=CC(SC)c1ccccc1
Mol_10711	Mol_10711:atom6	ester	COc1ccc(/C=C/C(=O)OCC(Cc2ccc(OC)c(OC)c2)C(COC(=O)/C=C/c2ccc(OC)cc2)Cc2ccc(OC)c(OC)c2)cc1	6;7;8;9	2;3;4;5;6;7;8;9;10;11;50;51	CO[C:1003](/[CH:1002]=[CH:1001]/c1ccccc1)=[O:1004]	COC(=O)/C=C/c1ccccc1	COC([O-])=CC(SC)c1ccccc1
Mol_10711	Mol_10711:atom30	ester	COc1ccc(/C=C/C(=O)OCC(Cc2ccc(OC)c(OC)c2)C(COC(=O)/C=C/c2ccc(OC)cc2)Cc2ccc(OC)c(OC)c2)cc1	30;29;27;28	25;26;27;28;29;30;31;32;33;34;37;38	CO[C:1003](/[CH:1002]=[CH:1001]/c1ccccc1)=[O:1004]	COC(=O)/C=C/c1ccccc1	COC([O-])=CC(SC)c1ccccc1
Mol_10712	Mol_10712:atom3	ester	O=C(/C=C/c1ccc(O)cc1)OCC(Cc1ccc(O)c(O)c1)C(COC(=O)/C=C/c1ccc(O)cc1)Cc1ccc(O)c(O)c1	3;2;1;0	0;1;2;3;4;5;6;7;9;10;11;12	CO[C:1003](/[CH:1002]=[CH:1001]/c1ccccc1)=[O:1004]	COC(=O)/C=C/c1ccccc1	COC([O-])=CC(SC)c1ccccc1
Mol_10712	Mol_10712:atom29	ester	O=C(/C=C/c1ccc(O)cc1)OCC(Cc1ccc(O)c(O)c1)C(COC(=O)/C=C/c1ccc(O)cc1)Cc1ccc(O)c(O)c1	29;28;26;27	24;25;26;27;28;29;30;31;32;33;35;36	CO[C:1003](/[CH:1002]=[CH:1001]/c1ccccc1)=[O:1004]	COC(=O)/C=C/c1ccccc1	COC([O-])=CC(SC)c1ccccc1
Mol_10721	Mol_10721:atom11	ester	CC(=O)O[C@H]1[C@@H]2[C@@H](OC(=O)/C=C/c3ccccc3)[C@@]3(OC2(C)C)[C@](C)([C@H]1OC(=O)c1ccccc1)[C@@H](OC(C)=O)[C@H](OC(C)=O)C[C@]3(C)O	11;10;8;9	6;7;8;9;10;11;12;13;14;15;16;17	CO[C:1003](/[CH:1002]=[CH:1001]/c1ccccc1)=[O:1004]	COC(=O)/C=C/c1ccccc1	COC([O-])=CC(SC)c1ccccc1
Mol_10726	Mol_10726:atom20	ester	CC1C[C@H]2OCO[C@]23O[C@@H]2C[C@]4(C)C5CC(=O)[C@]6(C)[C@@H](C7=CC(=O)OC7)CC[C@]6(O)[C@]5(O)C[C@H]5O[C@]54[C@@H](O)[C@H]2O[C@@H]3O1	20;21;22;23	17;19;20;21;22;23;24;25;26	CC(C)[C:1001]1=[CH:1002][C:1003](=[O:1004])OC1	CC(C)C1=CC(=O)OC1	CSC1(C(C)C)C=C([O-])OC1
Mol_10727	Mol_10727:atom3	ester	C[C@@]12[C@@H](C3=CC(=O)OC3)CC[C@]1(O)[C@]13C[C@H]4O[C@]45[C@@H](O)[C@H]4O[C@@H]6OC=C[C@H]7OCO[C@@]67O[C@@H]4C[C@]5(C)C1[C@@]2(O)C(=O)O3	3;4;5;6	1;2;3;4;5;6;7;8;9	CC(C)[C:1001]1=[CH:1002][C:1003](=[O:1004])OC1	CC(C)C1=CC(=O)OC1	CSC1(C(C)C)C=C([O-])OC1
Mol_10728	Mol_10728:atom31	ester	C[C@]12C[C@H]3O[C@@]45OCO[C@@H]4C=CO[C@H]5O[C@@H]3C=C1[C@H](O)C[C@]1(O)C2[C@H](O)C(=O)[C@]2(C)[C@@H](C3=CC(=O)OC3)CC[C@]12O	31;32;33;34	28;30;31;32;33;34;35;36;37	CC(C)[C:1001]1=[CH:1002][C:1003](=[O:1004])OC1	CC(C)C1=CC(=O)OC1	CSC1(C(C)C)C=C([O-])OC1
Mol_10729	Mol_10729:atom23	ester	C[C@]12[C@H](O)C[C@H]3[C@@H](CCC4=C[C@@H](O)[C@H](O)C[C@@]43C)[C@@]1(O)CC[C@@H]2C1=CC(=O)OC1	23;24;25;26	1;21;22;23;24;25;26;27;28	CC(C)[C:1001]1=[CH:1002][C:1003](=[O:1004])OC1	CC(C)C1=CC(=O)OC1	CSC1(C(C)C)C=C([O-])OC1
Mol_10730	Mol_10730:atom21	ester	COC1CCOC(O[C@@H]2C=C3CC[C@@H]4[C@H](C[C@@H](O)[C@]5(C)[C@@H](C6=CC(=O)OC6)CC[C@]45O)[C@@]3(C)C[C@H]2O)C1O	21;22;23;24	18;20;21;22;23;24;25;26;27	CC(C)[C:1001]1=[CH:1002][C:1003](=[O:1004])OC1	CC(C)C1=CC(=O)OC1	CSC1(C(C)C)C=C([O-])OC1
Mol_10732	Mol_10732:atom20	ester	CO[C@H]1CCO[C@H]2O[C@@H]3C=C4CC[C@@H]5[C@H](CC[C@]6(C)[C@@H](C7=CC(=O)OC7)CC[C@]56O)[C@@]4(C)C[C@H]3O[C@]21O	20;21;22;23	17;19;20;21;22;23;24;25;26	CC(C)[C:1001]1=[CH:1002][C:1003](=[O:1004])OC1	CC(C)C1=CC(=O)OC1	CSC1(C(C)C)C=C([O-])OC1
Mol_10733	Mol_10733:atom21	ester	CO[C@H]1CC(C)O[C@H]2O[C@@H]3C=C4CCC5C(CC[C@]6(C)[C@@H](C7=CC(=O)OC7)CC[C@]56O)[C@@]4(C)C[C@H]3O[C@]21O	21;22;23;24	18;20;21;22;23;24;25;26;27	CC(C)[C:1001]1=[CH:1002][C:1003](=[O:1004])OC1	CC(C)C1=CC(=O)OC1	CSC1(C(C)C)C=C([O-])OC1
Mol_10734	Mol_10734:atom21	ester	CC1C[C@H]2OCO[C@]23O[C@@H]2C[C@]4(C)C5[C@H](O)C(=O)[C@]6(C)[C@@H](C7=CC(=O)OC7)CC[C@]6(O)[C@]5(O)C[C@H]5O[C@]54[C@@H](O)[C@H]2O[C@@H]3O1	21;22;23;24	18;20;21;22;23;24;25;26;27	CC(C)[C:1001]1=[CH:1002][C:1003](=[O:1004])OC1	CC(C)C1=CC(=O)OC1	CSC1(C(C)C)C=C([O-])OC1
Mol_10740	Mol_10740:atom31	ester	C[C@]12C[C@H]3O[C@@]45OCO[C@@H]4C=CO[C@H]5O[C@@H]3[C@H](O)[C@]13O[C@@H]3C[C@]1(O)C2CC(=O)[C@]2(C)[C@@H](C3=CC(=O)OC3)CC[C@]12O	31;32;33;34	28;30;31;32;33;34;35;36;37	CC(C)[C:1001]1=[CH:1002][C:1003](=[O:1004])OC1	CC(C)C1=CC(=O)OC1	CSC1(C(C)C)C=C([O-])OC1
Mol_10741	Mol_10741:atom32	ester	C[C@]12C[C@H]3O[C@@]45OCO[C@@H]4C=CO[C@H]5O[C@@H]3[C@H](O)[C@]13O[C@@H]3C[C@]1(O)C2[C@H](O)C(=O)[C@]2(C)[C@@H](C3=CC(=O)OC3)CC[C@]12O	32;33;34;35	29;31;32;33;34;35;36;37;38	CC(C)[C:1001]1=[CH:1002][C:1003](=[O:1004])OC1	CC(C)C1=CC(=O)OC1	CSC1(C(C)C)C=C([O-])OC1
Mol_10742	Mol_10742:atom31	ester	C[C@]12C[C@H]3O[C@@]45OCO[C@@H]4CCO[C@H]5O[C@@H]3[C@H](O)[C@]13O[C@@H]3C[C@]1(O)C2CC(=O)[C@]2(C)[C@@H](C3=CC(=O)OC3)CC[C@]12O	31;32;33;34	28;30;31;32;33;34;35;36;37	CC(C)[C:1001]1=[CH:1002][C:1003](=[O:1004])OC1	CC(C)C1=CC(=O)OC1	CSC1(C(C)C)C=C([O-])OC1
Mol_10743	Mol_10743:atom30	ester	C[C@]12C[C@H]3O[C@@]45OCO[C@@H]4CCO[C@H]5O[C@@H]3[C@H](O)[C@]13O[C@@H]3C[C@]1(O)C2CC[C@]2(C)[C@@H](C3=CC(=O)OC3)CC[C@]12O	30;31;32;33	27;29;30;31;32;33;34;35;36	CC(C)[C:1001]1=[CH:1002][C:1003](=[O:1004])OC1	CC(C)C1=CC(=O)OC1	CSC1(C(C)C)C=C([O-])OC1
Mol_10744	Mol_10744:atom28	ester	C[C@]12C[C@H]3O[C@@]45OCO[C@@H]4CCO[C@H]5O[C@@H]3C=C1[C@@H](O)C[C@@H]1[C@@H]2CC[C@]2(C)[C@@H](C3=CC(=O)OC3)CC[C@]12O	28;29;30;31	25;27;28;29;30;31;32;33;34	CC(C)[C:1001]1=[CH:1002][C:1003](=[O:1004])OC1	CC(C)C1=CC(=O)OC1	CSC1(C(C)C)C=C([O-])OC1
Mol_10745	Mol_10745:atom26	ester	C[C@]12C[C@H]3O[C@]4(O)[C@@H](OCC[C@H]4O)O[C@@H]3C=C1CC[C@@H]1[C@@H]2CC[C@]2(C)[C@@H](C3=CC(=O)OC3)CC[C@]12O	26;27;28;29	23;25;26;27;28;29;30;31;32	CC(C)[C:1001]1=[CH:1002][C:1003](=[O:1004])OC1	CC(C)C1=CC(=O)OC1	CSC1(C(C)C)C=C([O-])OC1
Mol_10746	Mol_10746:atom8	enone	C[C@]12C[C@@H](O)C(=O)C=C1CC[C@@H]1[C@@H]2CC[C@]2(C)[C@@H](C3=CC(=O)OC3)CC[C@]12O	8;7;5;6	0;1;2;3;4;5;6;7;8;9;10;12	CC[C:1001]1=[CH:1002][C:1003](=[O:1004])[C@H](O)CC1(C)C	CCC1=CC(=O)[C@H](O)CC1(C)C	CCC1(SC)C=C([O-])[C@H](O)CC1(C)C
Mol_10746	Mol_10746:atom18	ester	C[C@]12C[C@@H](O)C(=O)C=C1CC[C@@H]1[C@@H]2CC[C@]2(C)[C@@H](C3=CC(=O)OC3)CC[C@]12O	18;19;20;21	15;17;18;19;20;21;22;23;24	CC(C)[C:1001]1=[CH:1002][C:1003](=[O:1004])OC1	CC(C)C1=CC(=O)OC1	CSC1(C(C)C)C=C([O-])OC1
Mol_10750	Mol_10750:atom20	ester	CO[C@H]1CCO[C@@H](O[C@@H]2C=C3CC[C@@H]4[C@H](CC[C@]5(C)[C@@H](C6=CC(=O)OC6)CC[C@]45O)[C@@]3(C)C[C@H]2O)[C@H]1O	20;21;22;23	17;19;20;21;22;23;24;25;26	CC(C)[C:1001]1=[CH:1002][C:1003](=[O:1004])OC1	CC(C)C1=CC(=O)OC1	CSC1(C(C)C)C=C([O-])OC1
Mol_10751	Mol_10751:atom18	ester	C[C@]12C[C@@H](O)[C@H](O)C=C1CC[C@@H]1[C@@H]2CC[C@]2(C)[C@@H](C3=CC(=O)OC3)CC[C@]12O	18;19;20;21	15;17;18;19;20;21;22;23;24	CC(C)[C:1001]1=[CH:1002][C:1003](=[O:1004])OC1	CC(C)C1=CC(=O)OC1	CSC1(C(C)C)C=C([O-])OC1
Mol_10752	Mol_10752:atom5	ester	COC(=O)C1=CC=C[C@@H](C[C@@H](O)C(=O)OC)C1	5;4;2;3	0;1;2;3;4;5;6;7;8;16	CO[C:1003]([C:1002]1=[CH:1001]C=CCC1)=[O:1004]	COC(=O)C1=CC=CCC1	COC([O-])=C1CCC=CC1SC
Mol_10753	Mol_10753:atom5	ester	COC(=O)C1=C[C@H]2O[C@](C)(C(=O)OC)O[C@@H]2CC1	5;4;2;3	0;1;2;3;4;5;6;7;15;16;17	CO[C:1003]([C:1002]1=[CH:1001][C@@H](O)CCC1)=[O:1004]	COC(=O)C1=C[C@@H](O)CCC1	COC([O-])=C1CCC[C@H](O)C1SC
Mol_10754	Mol_10754:atom14	ester	COC(=O)CCC1(OC)OC(=O)C(O)=C1c1ccccc1	14;12;10;11	5;6;7;9;10;11;12;13;14;15;16;17;18;19;20	CC1(O)O[C:1003](=[O:1004])[C:1002](O)=[C:1001]1c1ccccc1	CC1(O)OC(=O)C(O)=C1c1ccccc1	CSC1(c2ccccc2)C(O)=C([O-])OC1(C)O
Mol_10755	Mol_10755:atom13	ester	COC(=O)CCC1(O)OC(=O)C(O)=C1c1ccccc1	13;11;9;10	5;6;7;8;9;10;11;12;13;14;15;16;17;18;19	CC1(O)O[C:1003](=[O:1004])[C:1002](O)=[C:1001]1c1ccccc1	CC1(O)OC(=O)C(O)=C1c1ccccc1	CSC1(c2ccccc2)C(O)=C([O-])OC1(C)O
Mol_10756	Mol_10756:atom13	ester	COC1(CCC(=O)O)OC(=O)C(O)=C1c1ccccc1	13;11;9;10	1;2;3;8;9;10;11;12;13;14;15;16;17;18;19	CC1(O)O[C:1003](=[O:1004])[C:1002](O)=[C:1001]1c1ccccc1	CC1(O)OC(=O)C(O)=C1c1ccccc1	CSC1(c2ccccc2)C(O)=C([O-])OC1(C)O
Mol_10757	Mol_10757:atom11	ester	O=C(O)CCC1OC(=O)C(O)=C1c1ccccc1	11;9;7;8	4;5;6;7;8;9;10;11;12;13;14;15;16;17	CC1O[C:1003](=[O:1004])[C:1002](O)=[C:1001]1c1ccccc1	CC1OC(=O)C(O)=C1c1ccccc1	CSC1(c2ccccc2)C(O)=C([O-])OC1C
Mol_10758	Mol_10758:atom12	ester	COC(=O)CCC1OC(=O)C(O)=C1c1ccccc1	12;10;8;9	5;6;7;8;9;10;11;12;13;14;15;16;17;18	CC1O[C:1003](=[O:1004])[C:1002](O)=[C:1001]1c1ccccc1	CC1OC(=O)C(O)=C1c1ccccc1	CSC1(c2ccccc2)C(O)=C([O-])OC1C
Mol_10777	Mol_10777:atom7	enone	CC(C)=CC[C@@H]1CC2=C(OC1(C)C)C(=O)[C@]1(CC=C(C)C)C[C@H](CC=C(C)C)C(C)(C)[C@@]2(C(=O)c2ccc(O)c(O)c2)C1=O	7;8;13;14	5;6;7;8;9;10;13;14;15;16;21;28;31;32;42	CC1(C)CC(C)(C)[C:1003](=[O:1004])[C:1002]2=[C:1001]1CCCO2	CC1(C)CC(C)(C)C2=C(OCCC2)C1=O	CSC12CCCOC1=C([O-])C(C)(C)CC2(C)C
Mol_10780	Mol_10780:atom37	enone	CC(C)=CC[C@H]1C[C@@]23C[C@@H](CC=C(C)C)C(C)(C)[C@@](CC=C(C)C)(C(=O)C(C(=O)c4ccc(O)c(O)c4)=C2OC1(C)C)C3=O	37;26;24;25	6;7;8;15;18;19;24;25;26;27;28;29;30;31;32;34;36;37;38;39;42	CO[C:1001]1=[C:1002](C(=O)c2ccccc2)[C:1003](=[O:1004])C(C)(C)CC1(C)C	COC1=C(C(=O)c2ccccc2)C(=O)C(C)(C)CC1(C)C	COC1(SC)C(C(=O)c2ccccc2)=C([O-])C(C)(C)CC1(C)C
Mol_10781	Mol_10781:atom30	enone	C=C(C)[C@H](CC=C(C)C)C[C@@]12C[C@@H](CC=C(C)C)C(C)(C)[C@@](CC=C(C)C)(C(=O)/C(=C(/O)c3ccc(O)c(O)c3)C1=O)C2=O	30;29;27;28	10;18;21;22;27;28;29;30;31;32;33;34;35;37;39;40;41;42	CC1(C)CCC(=O)/[C:1002](=[C:1001](\O)c2ccccc2)[C:1003]1=[O:1004]	CC1(C)CCC(=O)/C(=C(\O)c2ccccc2)C1=O	CSC(O)(C1=C([O-])C(C)(C)CCC1=O)c1ccccc1
Mol_10783	Mol_10783:atom30	enone	C=C(C)[C@@H](CC=C(C)C)C[C@@]12C[C@@H](CC=C(C)C)C(C)(C)[C@@](CC=C(C)C)(C(=O)/C(=C(\O)c3ccc(O)c(O)c3)C1=O)C2=O	30;29;27;28	10;18;21;22;27;28;29;30;31;32;33;34;35;37;39;40;41;42	CC1(C)CCC(=O)/[C:1002](=[C:1001](/O)c2ccccc2)[C:1003]1=[O:1004]	CC1(C)CCC(=O)/C(=C(/O)c2ccccc2)C1=O	CSC(O)(C1=C([O-])C(C)(C)CCC1=O)c1ccccc1
Mol_10798	Mol_10798:atom28	enone	C=C(C)C(O)C[C@H](C[C@@]12C[C@@H](CC=C(C)C)C(C)(C)[C@@](CC=C(C)C)(C(=O)/C(=C(/O)c3ccc(O)c(O)c3)C1=O)C2=O)C(=C)C	28;27;25;26	8;16;19;20;25;26;27;28;29;30;31;32;33;35;37;38;39;40	CC1(C)CCC(=O)/[C:1002](=[C:1001](\O)c2ccccc2)[C:1003]1=[O:1004]	CC1(C)CCC(=O)/C(=C(\O)c2ccccc2)C1=O	CSC(O)(C1=C([O-])C(C)(C)CCC1=O)c1ccccc1
Mol_10799	Mol_10799:atom35	enone	C=C(C)[C@@H]1C[C@]23C[C@H](CC=C(C)C)C(C)(C)[C@](CC=C(C)C)(C(=O)C(C(=O)c4ccc(O)c(O)c4)=C2O[C@H]1C=C(C)C)C3=O	35;24;22;23	4;5;6;13;16;17;22;23;24;25;26;27;28;29;30;32;34;35;36;37;42	CO[C:1001]1=[C:1002](C(=O)c2ccccc2)[C:1003](=[O:1004])C(C)(C)CC1(C)C	COC1=C(C(=O)c2ccccc2)C(=O)C(C)(C)CC1(C)C	COC1(SC)C(C(=O)c2ccccc2)=C([O-])C(C)(C)CC1(C)C
Mol_10807	Mol_10807:atom32	enone	CC(C)=CC[C@@H]1C[C@@]2(CC=C(C)C)C(=O)[C@](CC=C(C)C)(C(=O)C(C(=O)c3ccccc3)=C2O)C1(C)C	32;23;21;22	6;7;8;13;15;16;21;22;23;24;25;26;27;28;29;30;31;32;33;34	CC1(C)CC(C)(C)[C:1003](=[O:1004])[C:1002](C(=O)c2ccccc2)=[C:1001]1O	CC1(C)CC(C)(C)C(O)=C(C(=O)c2ccccc2)C1=O	CSC1(O)C(C(=O)c2ccccc2)=C([O-])C(C)(C)CC1(C)C
Mol_10809	Mol_10809:atom37	enone	CC(C)=CC[C@@H]1C[C@]23C[C@H](CC=C(C)C)C(C)(C)[C@](CC=C(C)C)(C(=O)C(C(=O)c4ccc(O)c(O)c4)=C2OC1(C)C)C3=O	37;26;24;25	6;7;8;15;18;19;24;25;26;27;28;29;30;31;32;34;36;37;38;39;42	CO[C:1001]1=[C:1002](C(=O)c2ccccc2)[C:1003](=[O:1004])C(C)(C)CC1(C)C	COC1=C(C(=O)c2ccccc2)C(=O)C(C)(C)CC1(C)C	COC1(SC)C(C(=O)c2ccccc2)=C([O-])C(C)(C)CC1(C)C
Mol_10810	Mol_10810:atom30	enone	C=C(C)[C@H](CC=C(C)C)C[C@]12C[C@H](CC=C(C)C)C(C)(C)[C@](CC=C(C)C)(C(=O)/C(=C(/O)c3ccc(O)c(O)c3)C1=O)C2=O	30;29;27;28	10;18;21;22;27;28;29;30;31;32;33;34;35;37;39;40;41;42	CC1(C)CCC(=O)/[C:1002](=[C:1001](\O)c2ccccc2)[C:1003]1=[O:1004]	CC1(C)CCC(=O)/C(=C(\O)c2ccccc2)C1=O	CSC(O)(C1=C([O-])C(C)(C)CCC1=O)c1ccccc1
Mol_10827	Mol_10827:atom24	enone	CC(C)=CCC[C@]1(C)[C@@H](CC=C(C)C)C[C@@]2(CC=C(C)C)C(=O)/C(=C(\O)c3ccc(O)c(O)c3)C(=O)[C@]1(CC=C(C)C)C2=O	24;23;21;22	14;15;16;21;22;23;24;25;26;27;28;29;31;33;34;35;36;42	CC1(C)CCC(=O)/[C:1002](=[C:1001](/O)c2ccccc2)[C:1003]1=[O:1004]	CC1(C)CCC(=O)/C(=C(/O)c2ccccc2)C1=O	CSC(O)(C1=C([O-])C(C)(C)CCC1=O)c1ccccc1
Mol_10834	Mol_10834:atom16	enone	C=C(C)CC[C@H]1CC2(CC=C(C)C)C(=O)/C(=C(/O)c3ccc(O)c(O)c3)C(=O)C(CC=C(C)C)(C2=O)[C@]1(C)CCC=C(C)C	16;15;13;14	6;7;8;13;14;15;16;17;18;19;20;21;23;25;26;27;28;34	CC1(C)CCC(=O)/[C:1002](=[C:1001](\O)c2ccccc2)[C:1003]1=[O:1004]	CC1(C)CCC(=O)/C(=C(\O)c2ccccc2)C1=O	CSC(O)(C1=C([O-])C(C)(C)CCC1=O)c1ccccc1
Mol_10835	Mol_10835:atom27	enone	CC(C)=CCC[C@]1(C)[C@@H](CC=C(C)C)CC23CC(CC=C(C)C)C(C)(C)OC2=C(C(=O)c2ccc(O)c(O)c2)C(=O)C1(CC=C(C)C)C3=O	27;28;29;30	14;15;16;23;26;27;28;29;30;31;32;33;34;36;38;39;40;41;47	CO[C:1001]1=[C:1002]([C:1003](c2ccccc2)=[O:1004])C(=O)CCC1(C)C	COC1=C(C(=O)c2ccccc2)C(=O)CCC1(C)C	COC1(SC)C(=C([O-])c2ccccc2)C(=O)CCC1(C)C
Mol_10836	Mol_10836:atom27	enone	C=C(C)CCC[C@]1(C)[C@@H](CC=C(C)C)CC23CC(CC=C(C)C)C(C)(C)OC2=C(C(=O)c2ccc(O)c(O)c2)C(=O)C1(CC=C(C)C)C3=O	27;28;29;30	14;15;16;23;26;27;28;29;30;31;32;33;34;36;38;39;40;41;47	CO[C:1001]1=[C:1002]([C:1003](c2ccccc2)=[O:1004])C(=O)CCC1(C)C	COC1=C(C(=O)c2ccccc2)C(=O)CCC1(C)C	COC1(SC)C(=C([O-])c2ccccc2)C(=O)CCC1(C)C
Mol_10837	Mol_10837:atom21	enone	CC(C)=CCC/C(C)=C/CC/C(C)=C/CC[C@@]1(C)CCC2=C(O1)[C@@](C)(O)[C@@H](O)C2=O	21;20;28;29	16;18;19;20;21;22;23;24;25;26;27;28;29	C[C@]1(O)[C@@H](O)[C:1003](=[O:1004])[C:1002]2=[C:1001]1OCCC2	C[C@@]1(O)C2=C(CCCO2)C(=O)[C@@H]1O	CSC12OCCCC1=C([O-])[C@H](O)[C@]2(C)O
Mol_10838	Mol_10838:atom42	enone	CC(C)=CCC[C@]1(C)[C@@H](CC=C(C)C)CC2(CC=C(C)C)C(=O)C1(CC=C(C)C)C(=O)C(C(=O)c1ccc(O)c(O)c1)=C2O	42;31;29;30	6;14;15;16;21;23;24;29;30;31;32;33;34;35;36;37;39;41;42;43	CC1(C)CC(C)(C)[C:1003](=[O:1004])[C:1002](C(=O)c2ccccc2)=[C:1001]1O	CC1(C)CC(C)(C)C(O)=C(C(=O)c2ccccc2)C1=O	CSC1(O)C(C(=O)c2ccccc2)=C([O-])C(C)(C)CC1(C)C
Mol_10856	Mol_10856:atom24	enone	CC1(C)CC[C@]2(C(=O)O[C@@H]3O[C@H](CO)[C@@H](O)[C@H](O)[C@H]3O)CC[C@]3(C)C(=CC(=O)[C@@H]4[C@@]5(C)C[C@@H](O)[C@H](O)[C@](C)(CO)[C@@H]5CC[C@]43C)[C@@H]2[C@H]1O	24;25;26;27	5;21;22;23;24;25;26;27;28;29;43;45;46	CC(C)[C:1001]1=[CH:1002][C:1003](=[O:1004])[C@H](C)CC1(C)C	CC(C)C1=CC(=O)[C@H](C)CC1(C)C	CSC1(C(C)C)C=C([O-])[C@H](C)CC1(C)C
Mol_10862	Mol_10862:atom13	enone	COc1cc(O)cc(O)c1C(=O)C=Cc1ccc(O)cc1	13;12;10;11	2;3;4;6;7;9;10;11;12;13;14;15;16;17;19;20	c1ccc([CH:1001]=[CH:1002][C:1003](c2ccccc2)=[O:1004])cc1	O=C(C=Cc1ccccc1)c1ccccc1	CSC(C=C([O-])c1ccccc1)c1ccccc1
Mol_10863	Mol_10863:atom24	enone	COc1cc(O[C@@H]2O[C@H](CO)[C@@H](O)[C@H](O)[C@H]2O)cc(O)c1C(=O)/C=C/c1ccc(O)cc1	24;23;21;22	2;3;4;17;18;20;21;22;23;24;25;26;27;28;30;31	c1ccc(/[CH:1001]=[CH:1002]/[C:1003](c2ccccc2)=[O:1004])cc1	O=C(/C=C/c1ccccc1)c1ccccc1	CSC(C=C([O-])c1ccccc1)c1ccccc1
Mol_10877	Mol_10877:atom0	ester	C=C(CO)C(=O)O[C@]1(C)CC[C@@H](O)[C@H]2C[C@H]3OC(=O)[C@@H](C)[C@H]3C(=C)[C@H]21	0;1;4;5	0;1;2;3;4;5;6;7	CO[C:1003]([C:1002](CO)=[CH2:1001])=[O:1004]	C=C(CO)C(=O)OC	COC([O-])=C(CO)CSC
Mol_10887	Mol_10887:atom1	enone	CC1=C(O)C(=O)[C@H]2[C@]3(O)C(=O)C(O)=C(C)[C@]24COC(=O)[C@@]42COC[C@]123	1;2;4;5	0;1;2;3;4;5;6;7;15;20;23;24	C[C@]12CC[C@H](C1)[C:1003](=[O:1004])[C:1002](O)=[C:1001]2C	CC1=C(O)C(=O)[C@@H]2CC[C@@]1(C)C2	CSC1(C)C(O)=C([O-])[C@@H]2CC[C@@]1(C)C2
Mol_10887	Mol_10887:atom13	enone	CC1=C(O)C(=O)[C@H]2[C@]3(O)C(=O)C(O)=C(C)[C@]24COC(=O)[C@@]42COC[C@]123	13;11;9;10	6;7;8;9;10;11;12;13;14;15;16;20;24	C[C@]12CC[C@](O)(C1)[C:1003](=[O:1004])[C:1002](O)=[C:1001]2C	CC1=C(O)C(=O)[C@]2(O)CC[C@@]1(C)C2	CSC1(C)C(O)=C([O-])[C@]2(O)CC[C@@]1(C)C2
Mol_10891	Mol_10891:atom14	enone	C/C=C/C=C\C=C\c1cc(O)c2c3c1C1=C(CO[C@H](CO)C1)C(=O)[C@@]3(C)OC2=O	14;15;22;23	7;8;9;11;12;13;14;15;16;17;18;21;22;23;24;25;26	C[C@]1(O)c2ccccc2[C:1001]2=[C:1002](COCC2)[C:1003]1=[O:1004]	C[C@@]1(O)C(=O)C2=C(CCOC2)c2ccccc21	CSC12CCOCC1=C([O-])[C@@](C)(O)c1ccccc12
Mol_10892	Mol_10892:atom28	enone	CC(CCCCCCCCCCCCCCO[C@@H]1O[C@H](CO)[C@@H](O)[C@H](O)[C@@H]1O)/C(O)=C1/C(=O)C(C)N(C)C1=O	28;30;31;32	0;1;2;28;29;30;31;32;33;34;35;37;38	CC(C)/[C:1001](O)=[C:1002]1\C(=O)NC(C)[C:1003]1=[O:1004]	CC1NC(=O)/C(=C(/O)C(C)C)C1=O	CSC(O)(C1=C([O-])C(C)NC1=O)C(C)C
Mol_10927	Mol_10927:atom25	ester	CCCCCCCCCCCCCCCCCCCCCOC(=O)/C=C/c1ccc(O)c(OC)c1	25;24;22;23	20;21;22;23;24;25;26;27;28;29;31;34	CO[C:1003](/[CH:1002]=[CH:1001]/c1ccccc1)=[O:1004]	COC(=O)/C=C/c1ccccc1	COC([O-])=CC(SC)c1ccccc1
Mol_10957	Mol_10957:atom5	ester	COC(=O)/C=C(\CC(=O)O)C(=O)O	5;4;2;3	0;1;2;3;4;5;6;7;10;11;12	CC/[C:1001](C(=O)O)=[CH:1002]\[C:1003](OC)=[O:1004]	CC/C(=C\C(=O)OC)C(=O)O	CCC(C=C([O-])OC)(SC)C(=O)O
Mol_10977	Mol_10977:atom4	enone	CC(=O)C1=CC[C@H]2[C@@H]3CC=C4C[C@@H](O)C[C@@H](O[C@@H]5OC(CO)[C@@H](O)C(O[C@@H]6OC[C@@H](O)C(O)[C@@H]6O)[C@@H]5O[C@@H]5OC(C)[C@H](O)[C@H](O)C5O)[C@]4(C)[C@H]3CC[C@]12C	4;3;1;2	0;1;2;3;4;5;6;51;52;53	CC1(C)CC[CH:1001]=[C:1002]1[C:1003](C)=[O:1004]	CC(=O)C1=CCCC1(C)C	CSC1CCC(C)(C)C1=C(C)[O-]
Mol_10978	Mol_10978:atom4	enone	CC(=O)C1=CC[C@H]2[C@@H]3CC=C4C[C@@H](O)C[C@@H](O[C@@H]5OC[C@H](O)C(O[C@@H]6OC[C@@H](O)C(O)[C@@H]6O)[C@@H]5O[C@@H]5OC(C)[C@H](O)[C@H](O)C5O)[C@]4(C)[C@H]3CC[C@]12C	4;3;1;2	0;1;2;3;4;5;6;49;50;51	CC1(C)CC[CH:1001]=[C:1002]1[C:1003](C)=[O:1004]	CC(=O)C1=CCCC1(C)C	CSC1CCC(C)(C)C1=C(C)[O-]
Mol_11034	Mol_11034:atom5	ester	COc1cc(/C=C/C(=O)OCC2(O)CO[C@H](OC[C@@H]3OC(O)[C@@H](O)[C@H](O)[C@H]3O)[C@H]2O)ccc1O	5;6;7;8	2;3;4;5;6;7;8;9;10;30;31;32	CO[C:1003](/[CH:1002]=[CH:1001]/c1ccccc1)=[O:1004]	COC(=O)/C=C/c1ccccc1	COC([O-])=CC(SC)c1ccccc1
Mol_11038	Mol_11038:atom6	ester	COc1ccc(/C=C\C(=O)OCC2(O)CO[C@H](OC[C@@H]3OC(O)[C@@H](O)[C@H](O)[C@H]3O)[C@H]2O)cc1OC	6;7;8;9	2;3;4;5;6;7;8;9;10;11;31;32	CO[C:1003](/[CH:1002]=[CH:1001]\c1ccccc1)=[O:1004]	COC(=O)/C=C\c1ccccc1	COC([O-])=CC(SC)c1ccccc1
Mol_11039	Mol_11039:atom6	ester	COc1ccc(/C=C/C(=O)OCC2(O)CO[C@H](OC[C@@H]3OC(O)[C@@H](O)[C@H](O)[C@H]3O)[C@H]2O)cc1OC	6;7;8;9	2;3;4;5;6;7;8;9;10;11;31;32	CO[C:1003](/[CH:1002]=[CH:1001]/c1ccccc1)=[O:1004]	COC(=O)/C=C/c1ccccc1	COC([O-])=CC(SC)c1ccccc1
Mol_11042	Mol_11042:atom5	ester	COc1cc(/C=C/C(=O)OCC2(O)CO[C@H](OC[C@@H]3OC(Oc4cc(=O)oc5cccc(C)c45)[C@@H](O)[C@H](O)[C@H]3O)[C@H]2O)ccc1O	5;6;7;8	2;3;4;5;6;7;8;9;10;42;43;44	CO[C:1003](/[CH:1002]=[CH:1001]/c1ccccc1)=[O:1004]	COC(=O)/C=C/c1ccccc1	COC([O-])=CC(SC)c1ccccc1
Mol_11043	Mol_11043:atom6	ester	COc1ccc(/C=C/C(=O)OCC2(O)CO[C@H](OC[C@@H]3OC(Oc4cc(=O)oc5cccc(C)c45)[C@@H](O)[C@H](O)[C@H]3O)[C@H]2O)cc1OC	6;7;8;9	2;3;4;5;6;7;8;9;10;11;43;44	CO[C:1003](/[CH:1002]=[CH:1001]/c1ccccc1)=[O:1004]	COC(=O)/C=C/c1ccccc1	COC([O-])=CC(SC)c1ccccc1
Mol_11057	Mol_11057:atom24	enone	C=C(CC[C@](C)(O)[C@H]1CC[C@H]2[C@H]3C(CC[C@@]21C)[C@@]1(C)CCC(=O)C=C1C[C@H]3O)C(C)C	24;23;21;22	12;17;18;19;20;21;22;23;24;25;26	CC[C:1001]1=[CH:1002][C:1003](=[O:1004])CCC1(C)C	CCC1=CC(=O)CCC1(C)C	CCC1(SC)C=C([O-])CCC1(C)C
Mol_11090	Mol_11090:atom4	enone	COC(=O)C1=CC(=O)C=C2[C@@]1(C(=O)OC)CC[C@@H](C)[C@]21CC(c2ccoc2)OC1=O	4;5;6;7	1;2;3;4;5;6;7;8;9;10;11;15	CC1(C)C=C[C:1003](=[O:1004])[CH:1002]=[C:1001]1C(=O)O	CC1(C)C=CC(=O)C=C1C(=O)O	CSC1(C(=O)O)C=C([O-])C=CC1(C)C
Mol_11090	Mol_11090:atom5	ester	COC(=O)C1=CC(=O)C=C2[C@@]1(C(=O)OC)CC[C@@H](C)[C@]21CC(c2ccoc2)OC1=O	5;4;2;3	0;1;2;3;4;5;6;7;8;9;10;11;15	CO[C:1003]([C:1002]1=[CH:1001]C(=O)C=CC1(C)C)=[O:1004]	COC(=O)C1=CC(=O)C=CC1(C)C	COC([O-])=C1C(SC)C(=O)C=CC1(C)C
Mol_11090	Mol_11090:atom9	enone	COC(=O)C1=CC(=O)C=C2[C@@]1(C(=O)OC)CC[C@@H](C)[C@]21CC(c2ccoc2)OC1=O	9;8;6;7	4;5;6;7;8;9;10;11;15;17;19;20;28	CC(C)(C)[C:1001]1=[CH:1002][C:1003](=[O:1004])C=CC1(C)C	CC(C)(C)C1=CC(=O)C=CC1(C)C	CSC1(C(C)(C)C)C=C([O-])C=CC1(C)C
Mol_11091	Mol_11091:atom4	enone	COC(=O)C1=CC(=O)C=C2[C@@]1(C(=O)OC)CC[C@@H](C)[C@]21C[C@@H](C2=CCOC2=O)OC1=O	4;5;6;7	1;2;3;4;5;6;7;8;9;10;11;15	CC1(C)C=C[C:1003](=[O:1004])[CH:1002]=[C:1001]1C(=O)O	CC1(C)C=CC(=O)C=C1C(=O)O	CSC1(C(=O)O)C=C([O-])C=CC1(C)C
Mol_11091	Mol_11091:atom5	ester	COC(=O)C1=CC(=O)C=C2[C@@]1(C(=O)OC)CC[C@@H](C)[C@]21C[C@@H](C2=CCOC2=O)OC1=O	5;4;2;3	0;1;2;3;4;5;6;7;8;9;10;11;15	CO[C:1003]([C:1002]1=[CH:1001]C(=O)C=CC1(C)C)=[O:1004]	COC(=O)C1=CC(=O)C=CC1(C)C	COC([O-])=C1C(SC)C(=O)C=CC1(C)C
Mol_11091	Mol_11091:atom9	enone	COC(=O)C1=CC(=O)C=C2[C@@]1(C(=O)OC)CC[C@@H](C)[C@]21C[C@@H](C2=CCOC2=O)OC1=O	9;8;6;7	4;5;6;7;8;9;10;11;15;17;19;20;29	CC(C)(C)[C:1001]1=[CH:1002][C:1003](=[O:1004])C=CC1(C)C	CC(C)(C)C1=CC(=O)C=CC1(C)C	CSC1(C(C)(C)C)C=C([O-])C=CC1(C)C
Mol_11091	Mol_11091:atom23	ester	COC(=O)C1=CC(=O)C=C2[C@@]1(C(=O)OC)CC[C@@H](C)[C@]21C[C@@H](C2=CCOC2=O)OC1=O	23;22;26;27	20;21;22;23;24;25;26;27;28	C[C@H](O)[C:1002]1=[CH:1001]CO[C:1003]1=[O:1004]	C[C@H](O)C1=CCOC1=O	CSC1COC([O-])=C1[C@H](C)O
Mol_11095	Mol_11095:atom31	ester	CCCCCCCCCCCCCCCCCCCCCCCCCC(C)OC(=O)/C=C/c1ccc(O)c(OC)c1	31;30;28;29	25;27;28;29;30;31;32;33;34;35;37;40	CO[C:1003](/[CH:1002]=[CH:1001]/c1ccccc1)=[O:1004]	COC(=O)/C=C/c1ccccc1	COC([O-])=CC(SC)c1ccccc1
Mol_11097	Mol_11097:atom5	ester	COC(=O)C1=CCC[C@H]2[C@@]1(C(=O)O)CC[C@@H](C)[C@]21C[C@@H](c2ccoc2)OC1=O	5;4;2;3	0;1;2;3;4;5;6;7;8;9;10;13	CO[C:1003]([C:1002]1=[CH:1001]CCCC1(C)C)=[O:1004]	COC(=O)C1=CCCCC1(C)C	COC([O-])=C1C(SC)CCCC1(C)C
Mol_11104	Mol_11104:atom5	ester	COC(=O)C1=CC=C[C@H]2[C@@]1(C(=O)OC)CC[C@@H](C)[C@]21C[C@H](c2ccoc2)OC1=O	5;4;2;3	0;1;2;3;4;5;6;7;8;9;10;14	CO[C:1003]([C:1002]1=[CH:1001]C=CCC1(C)C)=[O:1004]	COC(=O)C1=CC=CCC1(C)C	COC([O-])=C1C(SC)C=CCC1(C)C
Mol_11105	Mol_11105:atom5	ester	COC(=O)C1=CC=C[C@H]2[C@@]1(C(=O)OC)CC[C@@H](C)[C@@]2(CCc1ccoc1)C(=O)OC	5;4;2;3	0;1;2;3;4;5;6;7;8;9;10;14	CO[C:1003]([C:1002]1=[CH:1001]C=CCC1(C)C)=[O:1004]	COC(=O)C1=CC=CCC1(C)C	COC([O-])=C1C(SC)C=CCC1(C)C
Mol_11106	Mol_11106:atom5	ester	COC(=O)C1=CC[C@@H]2OC(=O)[C@]13CC[C@@H](C)[C@]1(C[C@H](c4ccoc4)OC1=O)[C@@H]23	5;4;2;3	0;1;2;3;4;5;6;7;9;11;12;27	CO[C:1003]([C:1002]1=[CH:1001]CCCC1(C)C)=[O:1004]	COC(=O)C1=CCCCC1(C)C	COC([O-])=C1C(SC)CCCC1(C)C
Mol_11125	Mol_11125:atom15	enone	CC[C@H](/C=C/[C@@H](C)C1CCC2C3C(=O)C=C4C[C@@H](O)CC[C@]4(C)C3CC[C@@]21C)C(C)C	15;14;12;13	10;11;12;13;14;15;16;17;20;21;22;23	CC[C:1001]1=[CH:1002][C:1003](=[O:1004])C(C)CC1(C)C	CCC1=CC(=O)C(C)CC1(C)C	CCC1(SC)C=C([O-])C(C)CC1(C)C
Mol_11139	Mol_11139:atom11	enone	CC1(C)CC[C@]2(C)CC[C@]3(C)C(=CC(=O)C4[C@@]5(C)CC[C@H](OC(=O)/C=C/c6cc(O)cc(O)c6)C(C)(C)C5CC[C@]43C)C2C1	11;12;13;14	5;8;9;10;11;12;13;14;15;16;40;42;43	CC(C)[C:1001]1=[CH:1002][C:1003](=[O:1004])C(C)CC1(C)C	CC(C)C1=CC(=O)C(C)CC1(C)C	CSC1(C(C)C)C=C([O-])C(C)CC1(C)C
Mol_11139	Mol_11139:atom25	ester	CC1(C)CC[C@]2(C)CC[C@]3(C)C(=CC(=O)C4[C@@]5(C)CC[C@H](OC(=O)/C=C/c6cc(O)cc(O)c6)C(C)(C)C5CC[C@]43C)C2C1	25;24;22;23	20;21;22;23;24;25;26;27;28;30;31;33	CO[C:1003](/[CH:1002]=[CH:1001]/c1ccccc1)=[O:1004]	COC(=O)/C=C/c1ccccc1	COC([O-])=CC(SC)c1ccccc1
Mol_11157	Mol_11157:atom11	enone	Cc1cc2c(cc1O)C(=O)C=C1C2=C(C2=C3C(=CC(=O)c4cc(C)c(O)cc43)C(C)(C)C2=O)C(=O)C1(C)C	11;10;8;9	1;2;3;4;5;6;8;9;10;11;12;13;33;35;36;37	CC1(C)CC=C2c3ccccc3[C:1003](=[O:1004])[CH:1002]=[C:1001]21	CC1(C)CC=C2C1=CC(=O)c1ccccc12	CSC12C=C([O-])c3ccccc3C1=CCC2(C)C
Mol_11157	Mol_11157:atom12	enone	Cc1cc2c(cc1O)C(=O)C=C1C2=C(C2=C3C(=CC(=O)c4cc(C)c(O)cc43)C(C)(C)C2=O)C(=O)C1(C)C	12;13;33;34	1;2;3;4;5;6;10;11;12;13;14;15;31;33;34;35;36;37	C=C1C(C)(C)[C:1003](=[O:1004])[C:1002](C(=C)C)=[C:1001]1c1ccccc1	C=C(C)C1=C(c2ccccc2)C(=C)C(C)(C)C1=O	C=C(C)C1=C([O-])C(C)(C)C(=C)C1(SC)c1ccccc1
Mol_11157	Mol_11157:atom15	enone	Cc1cc2c(cc1O)C(=O)C=C1C2=C(C2=C3C(=CC(=O)c4cc(C)c(O)cc43)C(C)(C)C2=O)C(=O)C1(C)C	15;14;31;32	12;13;14;15;16;17;20;21;22;24;26;27;28;29;30;31;32;33	C=C1C(C)(C)[C:1003](=[O:1004])[C:1002](C(=C)C)=[C:1001]1c1ccccc1	C=C(C)C1=C(c2ccccc2)C(=C)C(C)(C)C1=O	C=C(C)C1=C([O-])C(C)(C)C(=C)C1(SC)c1ccccc1
Mol_11157	Mol_11157:atom16	enone	Cc1cc2c(cc1O)C(=O)C=C1C2=C(C2=C3C(=CC(=O)c4cc(C)c(O)cc43)C(C)(C)C2=O)C(=O)C1(C)C	16;17;18;19	14;15;16;17;18;19;20;21;22;24;26;27;28;29;30;31	CC1(C)CC=C2c3ccccc3[C:1003](=[O:1004])[CH:1002]=[C:1001]21	CC1(C)CC=C2C1=CC(=O)c1ccccc12	CSC12C=C([O-])c3ccccc3C1=CCC2(C)C
Mol_11177	Mol_11177:atom14	enone	CC[C@H](/C=C/[C@@H](C)[C@H]1CC[C@H]2[C@@H]3CCC4=CC(=O)CC[C@]4(C)[C@H]3CC[C@]12C)C(C)C	14;15;16;17	12;13;14;15;16;17;18;19;20;21;22	CC[C:1001]1=[CH:1002][C:1003](=[O:1004])CCC1(C)C	CCC1=CC(=O)CCC1(C)C	CCC1(SC)C=C([O-])CCC1(C)C
Mol_11183	Mol_11183:atom3	ester	O=C(/C=C/c1ccc(O)c(O)c1)O[C@@H](C(=O)O)[C@@H](OC(=O)/C=C/c1ccc(O)c(O)c1)C(=O)O	3;2;1;0	0;1;2;3;4;5;6;7;9;11;12;13	CO[C:1003](/[CH:1002]=[CH:1001]/c1ccccc1)=[O:1004]	COC(=O)/C=C/c1ccccc1	COC([O-])=CC(SC)c1ccccc1
Mol_11183	Mol_11183:atom22	ester	O=C(/C=C/c1ccc(O)c(O)c1)O[C@@H](C(=O)O)[C@@H](OC(=O)/C=C/c1ccc(O)c(O)c1)C(=O)O	22;21;19;20	17;18;19;20;21;22;23;24;25;26;28;30	CO[C:1003](/[CH:1002]=[CH:1001]/c1ccccc1)=[O:1004]	COC(=O)/C=C/c1ccccc1	COC([O-])=CC(SC)c1ccccc1
Mol_11206	Mol_11206:atom8	ester	C=CCC[C@](C)(CC/C=C(\CO)C(=O)O[C@H]1C[C@]2(C(=O)OC3OC(CO)[C@H](O)C(O)[C@H]3O[C@H]3OC(C)[C@H](O[C@@H]4O[C@H](COC(C)=O)[C@@H](O)[C@@H]4O)[C@@H](OC4OC[C@@H](O)C(O)[C@@H]4O)C3O)[C@H](C)C[C@]3(C)C(=CCC4[C@@]5(C)CC[C@H](O[C@@H]6OC(CO[C@@H]7OC(C)[C@H](O)C(O)[C@@H]7O[C@@H]7OC(CO)[C@@H](O)C(O)[C@@H]7O)[C@@H](O)C(O)[C@@H]6O)C(C)(C)[C@@H]5CC[C@]43C)[C@H]2CC1(C)C)O[C@@H]1OC(C)[C@@H](OC(=O)/C(C)=C/CC[C@@](C)(CC=C)O[C@@H]2OC(C)[C@@H](O)C(O)[C@@H]2O)C(O)[C@@H]1O	8;9;12;13	6;7;8;9;10;11;12;13;14;15	CC/[CH:1001]=[C:1002](\CO)[C:1003](OC)=[O:1004]	CC/C=C(\CO)C(=O)OC	CCC(SC)C(CO)=C([O-])OC
Mol_11206	Mol_11206:atom134	ester	C=CCC[C@](C)(CC/C=C(\CO)C(=O)O[C@H]1C[C@]2(C(=O)OC3OC(CO)[C@H](O)C(O)[C@H]3O[C@H]3OC(C)[C@H](O[C@@H]4O[C@H](COC(C)=O)[C@@H](O)[C@@H]4O)[C@@H](OC4OC[C@@H](O)C(O)[C@@H]4O)C3O)[C@H](C)C[C@]3(C)C(=CCC4[C@@]5(C)CC[C@H](O[C@@H]6OC(CO[C@@H]7OC(C)[C@H](O)C(O)[C@@H]7O[C@@H]7OC(CO)[C@@H](O)C(O)[C@@H]7O)[C@@H](O)C(O)[C@@H]6O)C(C)(C)[C@@H]5CC[C@]43C)[C@H]2CC1(C)C)O[C@@H]1OC(C)[C@@H](OC(=O)/C(C)=C/CC[C@@](C)(CC=C)O[C@@H]2OC(C)[C@@H](O)C(O)[C@@H]2O)C(O)[C@@H]1O	134;132;130;131	128;129;130;131;132;133;134;135;136	CC/[CH:1001]=[C:1002](\C)[C:1003](OC)=[O:1004]	CC/C=C(\C)C(=O)OC	CCC(SC)C(C)=C([O-])OC
Mol_11207	Mol_11207:atom8	ester	C=CCC[C@](C)(CC/C=C(\CO)C(=O)O[C@H]1C[C@]2(C(=O)OC3OC(CO)[C@H](O)C(O)[C@H]3O[C@H]3OC(C)[C@H](O[C@@H]4O[C@H](CO)[C@@H](O)[C@@H]4O)[C@@H](OC4OC[C@@H](O)C(O)[C@@H]4O)C3O)[C@H](C)C[C@]3(C)C(=CCC4[C@@]5(C)CC[C@H](O[C@@H]6OC(CO[C@@H]7OC(C)[C@H](O)C(O)[C@@H]7O[C@@H]7OC(CO)[C@@H](O)C(O)[C@@H]7O)[C@@H](O)C(O)[C@@H]6O)C(C)(C)[C@@H]5CC[C@]43C)[C@H]2CC1(C)C)O[C@@H]1OC(C)[C@@H](OC(=O)/C(C)=C/CC[C@@](C)(CC=C)O[C@@H]2OC(C)[C@@H](O)C(O)[C@@H]2O)C(O)[C@@H]1O	8;9;12;13	6;7;8;9;10;11;12;13;14;15	CC/[CH:1001]=[C:1002](\CO)[C:1003](OC)=[O:1004]	CC/C=C(\CO)C(=O)OC	CCC(SC)C(CO)=C([O-])OC
Mol_11207	Mol_11207:atom131	ester	C=CCC[C@](C)(CC/C=C(\CO)C(=O)O[C@H]1C[C@]2(C(=O)OC3OC(CO)[C@H](O)C(O)[C@H]3O[C@H]3OC(C)[C@H](O[C@@H]4O[C@H](CO)[C@@H](O)[C@@H]4O)[C@@H](OC4OC[C@@H](O)C(O)[C@@H]4O)C3O)[C@H](C)C[C@]3(C)C(=CCC4[C@@]5(C)CC[C@H](O[C@@H]6OC(CO[C@@H]7OC(C)[C@H](O)C(O)[C@@H]7O[C@@H]7OC(CO)[C@@H](O)C(O)[C@@H]7O)[C@@H](O)C(O)[C@@H]6O)C(C)(C)[C@@H]5CC[C@]43C)[C@H]2CC1(C)C)O[C@@H]1OC(C)[C@@H](OC(=O)/C(C)=C/CC[C@@](C)(CC=C)O[C@@H]2OC(C)[C@@H](O)C(O)[C@@H]2O)C(O)[C@@H]1O	131;129;127;128	125;126;127;128;129;130;131;132;133	CC/[CH:1001]=[C:1002](\C)[C:1003](OC)=[O:1004]	CC/C=C(\C)C(=O)OC	CCC(SC)C(C)=C([O-])OC
Mol_11208	Mol_11208:atom8	ester	C=CCC[C@](C)(CC/C=C(\CO)C(=O)O[C@H]1C[C@]2(C(=O)OC3OC(CO)[C@H](O)C(O)[C@H]3O[C@H]3OC(C)[C@H](O[C@@H]4O[C@H](CO)[C@@H](O)[C@@H]4O)[C@@H](OC4OC[C@@H](O)C(O)[C@@H]4O)C3O)[C@H](C)C[C@]3(C)C(=CCC4[C@@]5(C)CC[C@H](O[C@@H]6OC(CO[C@@H]7OC(C)[C@H](O)C(O)[C@@H]7O[C@@H]7OC(CO)[C@@H](O)C(O)[C@@H]7O)[C@@H](O)C(O)[C@@H]6O)C(C)(C)[C@@H]5CC[C@]43C)[C@H]2CC1(C)C)O[C@@H]1OC(C)[C@@H](OC(=O)/C(C)=C/CCC(C)(CC=C)OC2OC(C)[C@H](OC(=C)/C(C)=C\CC[C@@](C)(C=C)O[C@@H]3OC(C)C(O)C(O)C3O)C(O)[C@H]2O)C(O)[C@@H]1O	8;9;12;13	6;7;8;9;10;11;12;13;14;15	CC/[CH:1001]=[C:1002](\CO)[C:1003](OC)=[O:1004]	CC/C=C(\CO)C(=O)OC	CCC(SC)C(CO)=C([O-])OC
Mol_11208	Mol_11208:atom131	ester	C=CCC[C@](C)(CC/C=C(\CO)C(=O)O[C@H]1C[C@]2(C(=O)OC3OC(CO)[C@H](O)C(O)[C@H]3O[C@H]3OC(C)[C@H](O[C@@H]4O[C@H](CO)[C@@H](O)[C@@H]4O)[C@@H](OC4OC[C@@H](O)C(O)[C@@H]4O)C3O)[C@H](C)C[C@]3(C)C(=CCC4[C@@]5(C)CC[C@H](O[C@@H]6OC(CO[C@@H]7OC(C)[C@H](O)C(O)[C@@H]7O[C@@H]7OC(CO)[C@@H](O)C(O)[C@@H]7O)[C@@H](O)C(O)[C@@H]6O)C(C)(C)[C@@H]5CC[C@]43C)[C@H]2CC1(C)C)O[C@@H]1OC(C)[C@@H](OC(=O)/C(C)=C/CCC(C)(CC=C)OC2OC(C)[C@H](OC(=C)/C(C)=C\CC[C@@](C)(C=C)O[C@@H]3OC(C)C(O)C(O)C3O)C(O)[C@H]2O)C(O)[C@@H]1O	131;129;127;128	125;126;127;128;129;130;131;132;133	CC/[CH:1001]=[C:1002](\C)[C:1003](OC)=[O:1004]	CC/C=C(\C)C(=O)OC	CCC(SC)C(C)=C([O-])OC
Mol_11219	Mol_11219:atom6	enone	COc1ccc(/C=C2/COc3cc(O)ccc3C2=O)cc1	6;7;17;18	2;3;4;5;6;7;8;9;10;11;12;14;15;16;17;18;19;20	c1ccc(/[CH:1001]=[C:1002]2/COc3ccccc3[C:1003]2=[O:1004])cc1	O=C1/C(=C\c2ccccc2)COc2ccccc21	CSC(C1=C([O-])c2ccccc2OC1)c1ccccc1
Mol_11220	Mol_11220:atom6	enone	COc1ccc(/C=C2\COc3cc(O)ccc3C2=O)cc1	6;7;17;18	2;3;4;5;6;7;8;9;10;11;12;14;15;16;17;18;19;20	c1ccc(/[CH:1001]=[C:1002]2\COc3ccccc3[C:1003]2=[O:1004])cc1	O=C1/C(=C/c2ccccc2)COc2ccccc21	CSC(C1=C([O-])c2ccccc2OC1)c1ccccc1
Mol_11221	Mol_11221:atom6	enone	COc1ccc(/C=C2\COc3c(ccc(O)c3O)C2=O)cc1	6;7;18;19	2;3;4;5;6;7;8;9;10;11;12;13;14;16;18;19;20;21	c1ccc(/[CH:1001]=[C:1002]2\COc3ccccc3[C:1003]2=[O:1004])cc1	O=C1/C(=C/c2ccccc2)COc2ccccc21	CSC(C1=C([O-])c2ccccc2OC1)c1ccccc1
Mol_11224	Mol_11224:atom14	ester	CC(=O)O[C@@H]1[C@@H]2[C@H](C[C@@]3(O)OC(=O)C=C3[C@@]2(C)O)[C@@]2(C)[C@@H](OC(C)=O)CCC(C)(C)[C@]2(O)[C@H]1OC(C)=O	14;13;11;12	5;7;8;9;10;11;12;13;14;15;16;17	CC(C)(O)[C:1001]1=[CH:1002][C:1003](=[O:1004])O[C@@]1(C)O	CC(C)(O)C1=CC(=O)O[C@@]1(C)O	CSC1(C(C)(C)O)C=C([O-])O[C@@]1(C)O
Mol_11225	Mol_11225:atom22	ester	CC(=O)O[C@H]1CC(C)(C)[C@]2(O)CC[C@@H]3[C@H](C[C@@]4(O)OC(=O)C=C4[C@@]3(C)O)[C@@]2(C)[C@H]1OC(C)=O	22;21;19;20	13;15;16;17;18;19;20;21;22;23;24;25	CC(C)(O)[C:1001]1=[CH:1002][C:1003](=[O:1004])O[C@@]1(C)O	CC(C)(O)C1=CC(=O)O[C@@]1(C)O	CSC1(C(C)(C)O)C=C([O-])O[C@@]1(C)O
Mol_11232	Mol_11232:atom44	ester	CCCCCCCCCCCCCCCCCCCCCCCCCCCCCCCCCCCCCCCCOC(=O)/C=C/c1ccc(O)c(O)c1	44;43;41;42	39;40;41;42;43;44;45;46;47;48;50;52	CO[C:1003](/[CH:1002]=[CH:1001]/c1ccccc1)=[O:1004]	COC(=O)/C=C/c1ccccc1	COC([O-])=CC(SC)c1ccccc1
Mol_11269	Mol_11269:atom11	enone	O=C1C(c2ccc(O)c(O)c2)=COC2CC(O)CC(O)C12	11;2;1;0	0;1;2;3;4;5;6;8;10;11;12;13;18;20	CC1CO[CH:1001]=[C:1002](c2ccccc2)[C:1003]1=[O:1004]	CC1COC=C(c2ccccc2)C1=O	CSC1OCC(C)C([O-])=C1c1ccccc1
Mol_11276	Mol_11276:atom32	ester	CCCCCCCCCCCCCCCCCCCCCCCCCCCCOC(=O)/C=C/c1ccc(OC)c(O)c1	32;31;29;30	27;28;29;30;31;32;33;34;35;36;39;41	CO[C:1003](/[CH:1002]=[CH:1001]/c1ccccc1)=[O:1004]	COC(=O)/C=C/c1ccccc1	COC([O-])=CC(SC)c1ccccc1
Mol_11277	Mol_11277:atom32	ester	CCCCCCCCCCCCCCCCCCCCCCCCCCCCOC(=O)C=Cc1ccc(O)c(OC)c1	32;31;29;30	27;28;29;30;31;32;33;34;35;36;38;41	CO[C:1003]([CH:1002]=[CH:1001]c1ccccc1)=[O:1004]	COC(=O)C=Cc1ccccc1	COC([O-])=CC(SC)c1ccccc1
Mol_11296	Mol_11296:atom30	ester	CCCCCCCCCCCCCCCCCCCCCCCCCCOC(=O)/C=C/c1ccc(O)c(O)c1	30;29;27;28	25;26;27;28;29;30;31;32;33;34;36;38	CO[C:1003](/[CH:1002]=[CH:1001]/c1ccccc1)=[O:1004]	COC(=O)/C=C/c1ccccc1	COC([O-])=CC(SC)c1ccccc1
Mol_11301	Mol_11301:atom11	enone	Cc1nc(N)nc2c1C(=O)C1=C2CC(O)CC1(C)C	11;10;8;9	1;2;3;5;6;7;8;9;10;11;12;13;15;16;17;18	CC1(C)CCC[C:1001]2=[C:1002]1[C:1003](=[O:1004])c1cncnc12	CC1(C)CCCC2=C1C(=O)c1cncnc12	CSC12CCCC(C)(C)C1=C([O-])c1cncnc12
Mol_11310	Mol_11310:atom2	ester	CC1=C(O)/C(=C/C(C)CCC/C(C)=C/CC/C(C)=C/CCc2ccoc2)OC1=O	2;1;27;28	0;1;2;3;4;5;26;27;28	C=C1O[C:1003](=[O:1004])[C:1002](C)=[C:1001]1O	C=C1OC(=O)C(C)=C1O	C=C1OC([O-])=C(C)C1(O)SC
Mol_11311	Mol_11311:atom16	enone	COc1ccc2c(c1)C(=O)C1OC(C(C)=O)=CC1C2=O	16;12;13;15	10;11;12;13;14;15;16;17;18	CC1CO[C:1002]([C:1003](C)=[O:1004])=[CH:1001]1	CC(=O)C1=CC(C)CO1	CSC1C(=C(C)[O-])OCC1C
Mol_11331	Mol_11331:atom45	ester	CC1O[C@@H](OCC2O[C@@H](Oc3c(-c4ccc(O)cc4)oc4cc(O[C@@H]5OC(C)[C@H](O)[C@H](O)C5O)cc(O)c4c3=O)C(OC(=O)/C=C/c3ccc(O)cc3)[C@@H](O)[C@@H]2O)C(O)[C@@H](O)[C@H]1O	45;44;42;43	40;41;42;43;44;45;46;47;48;49;51;52	CO[C:1003](/[CH:1002]=[CH:1001]/c1ccccc1)=[O:1004]	COC(=O)/C=C/c1ccccc1	COC([O-])=CC(SC)c1ccccc1
Mol_11343	Mol_11343:atom11	enone	COc1cc(O)c2c(c1)O/C(=C/c1ccc(O)c(OC)c1CC=C(C)C)C2=O	11;10;26;27	2;3;4;6;7;8;9;10;11;12;13;14;15;17;20;26;27	c1ccc(/[CH:1001]=[C:1002]2/Oc3ccccc3[C:1003]2=[O:1004])cc1	O=C1/C(=C\c2ccccc2)Oc2ccccc21	CSC(c1ccccc1)c1oc2ccccc2c1[O-]
Mol_11346	Mol_11346:atom2	enone	C/C(=C\CO)C(=O)C[C@@H]1C(C)(C)C(=O)C=C[C@]1(C)O	2;1;5;6	0;1;2;3;4;5;6;7;8	CC[C:1003](/[C:1002](C)=[CH:1001]/CO)=[O:1004]	CCC(=O)/C(C)=C/CO	CCC([O-])=C(C)C(CO)SC
Mol_11346	Mol_11346:atom15	enone	C/C(=C\CO)C(=O)C[C@@H]1C(C)(C)C(=O)C=C[C@]1(C)O	15;14;12;13	8;9;10;11;12;13;14;15;16;17;18	CC1(C)C[C@@](C)(O)[CH:1001]=[CH:1002][C:1003]1=[O:1004]	CC1(C)C[C@@](C)(O)C=CC1=O	CSC1C=C([O-])C(C)(C)C[C@@]1(C)O
Mol_11347	Mol_11347:atom6	enone	CC1(C)C(=O)C=C[C@](C)(O)[C@@H]1CC(=O)O	6;5;3;4	0;1;2;3;4;5;6;7;8;9;10	CC1(C)C[C@@](C)(O)[CH:1001]=[CH:1002][C:1003]1=[O:1004]	CC1(C)C[C@@](C)(O)C=CC1=O	CSC1C=C([O-])C(C)(C)C[C@@]1(C)O
Mol_11369	Mol_11369:atom17	enone	CC(C)=CCc1c(O)cc2c(c1O)C(=O)C1C(C=C(O)C(=O)C1(CC=C(C)C)CC=C(C)C)O2	17;18;20;21	15;16;17;18;19;20;21;22;23;28;33	CC1(C)CC(O)[CH:1001]=[C:1002](O)[C:1003]1=[O:1004]	CC1(C)CC(O)C=C(O)C1=O	CSC1C(O)=C([O-])C(C)(C)CC1O
Mol_11375	Mol_11375:atom37	enone	CC(C)=CC[C@H]1C[C@@]23C[C@H](CCC(C)C)C(C)(C)C(CC=C(C)C)(C(=O)C(C(=O)c4ccc(O)c(O)c4)=C2OC1(C)C)C3=O	37;26;24;25	6;7;8;15;18;19;24;25;26;27;28;29;30;31;32;34;36;37;38;39;42	CO[C:1001]1=[C:1002](C(=O)c2ccccc2)[C:1003](=[O:1004])C(C)(C)CC1(C)C	COC1=C(C(=O)c2ccccc2)C(=O)C(C)(C)CC1(C)C	COC1(SC)C(C(=O)c2ccccc2)=C([O-])C(C)(C)CC1(C)C
Mol_11376	Mol_11376:atom37	enone	CC(C)=CC[C@H]1C[C@@]23C[C@H](CC=C(C)C)C(C)(C)C(CC=C(C)C)(C(=O)C(C(=O)c4ccc(O)c(O)c4)=C2OC1(C)C)C3=O	37;26;24;25	6;7;8;15;18;19;24;25;26;27;28;29;30;31;32;34;36;37;38;39;42	CO[C:1001]1=[C:1002](C(=O)c2ccccc2)[C:1003](=[O:1004])C(C)(C)CC1(C)C	COC1=C(C(=O)c2ccccc2)C(=O)C(C)(C)CC1(C)C	COC1(SC)C(C(=O)c2ccccc2)=C([O-])C(C)(C)CC1(C)C
Mol_11386	Mol_11386:atom27	enone	C=C(C)CC[C@H](C[C@]12C[C@H](CC=C(C)C)C(C)(C)[C@](CC=C(C)C)(C(=O)/C(=C(/O)c3ccc(O)c(O)c3)C1=O)C2=O)C(=C)C	27;26;24;25	7;15;18;19;24;25;26;27;28;29;30;31;32;34;36;37;38;39	CC1(C)CCC(=O)/[C:1002](=[C:1001](\O)c2ccccc2)[C:1003]1=[O:1004]	CC1(C)CCC(=O)/C(=C(\O)c2ccccc2)C1=O	CSC(O)(C1=C([O-])C(C)(C)CCC1=O)c1ccccc1
Mol_11412	Mol_11412:atom26	enone	CC(C)C(C)/C=C/C(C)C1CCC2C3=C(CCC21C)C1(C)CCC(=O)C=C1C=C3	26;25;23;24	14;19;20;21;22;23;24;25;26;27;28	C=C[C:1001]1=[CH:1002][C:1003](=[O:1004])CCC1(C)C	C=CC1=CC(=O)CCC1(C)C	C=CC1(SC)C=C([O-])CCC1(C)C
Mol_11430	Mol_11430:atom19	enone	CC(C)=CCC1C[C@]23C[C@@H](CC=C(C)C)C(C)(C)OC2=C(C(=O)c2ccc(O)c(O)c2)C(=O)[C@@](CC=C(C)C)(C3=O)C1(C)C	19;20;21;22	6;7;8;15;18;19;20;21;22;23;24;25;26;28;30;31;32;33;39	CO[C:1001]1=[C:1002]([C:1003](c2ccccc2)=[O:1004])C(=O)CCC1(C)C	COC1=C(C(=O)c2ccccc2)C(=O)CCC1(C)C	COC1(SC)C(=C([O-])c2ccccc2)C(=O)CCC1(C)C
Mol_11432	Mol_11432:atom14	enone	CCC(CC[C@@H](C)C1CCC2C3CCC4=CC(=O)CC[C@]4(C)C3CC[C@@]21C)C(C)C	14;15;16;17	12;13;14;15;16;17;18;19;20;21;22	CC[C:1001]1=[CH:1002][C:1003](=[O:1004])CCC1(C)C	CCC1=CC(=O)CCC1(C)C	CCC1(SC)C=C([O-])CCC1(C)C
Mol_11434	Mol_11434:atom15	enone	CCC(CC[C@@H](C)C1CCC2C3CC(=O)C4=CC(=O)CC[C@]4(C)C3CC[C@@]21C)C(C)C	15;16;17;18	12;13;14;15;16;17;18;19;20;21;22;23	CC(=O)[C:1001]1=[CH:1002][C:1003](=[O:1004])CCC1(C)C	CC(=O)C1=CC(=O)CCC1(C)C	CSC1(C(C)=O)C=C([O-])CCC1(C)C
Mol_11434	Mol_11434:atom16	enone	CCC(CC[C@@H](C)C1CCC2C3CC(=O)C4=CC(=O)CC[C@]4(C)C3CC[C@@]21C)C(C)C	16;15;13;14	11;12;13;14;15;16;17;18;19;20;21;22;23	C[C@@]12CCC[C:1003](=[O:1004])[C:1002]1=[CH:1001]C(=O)CC2	C[C@@]12CCCC(=O)C1=CC(=O)CC2	CSC1C(=O)CC[C@]2(C)CCCC([O-])=C12
Mol_11435	Mol_11435:atom16	enone	CC(C)[C@@H](C)/C=C/[C@@H](C)[C@H]1CCC2=C3C=CC4=CC(=O)CC[C@]4(C)[C@H]3CC[C@@]21C	16;17;18;19	14;15;16;17;18;19;20;21;22;23;24	C=C[C:1001]1=[CH:1002][C:1003](=[O:1004])CCC1(C)C	C=CC1=CC(=O)CCC1(C)C	C=CC1(SC)C=C([O-])CCC1(C)C
Mol_11437	Mol_11437:atom1	enone	CC1=CC(=O)CC(C)(C)[C@@]1(O)CC[C@@H](C)O	1;2;3;4	0;1;2;3;4;5;6;9;10;11	C[C@]1(O)CC[C:1003](=[O:1004])[CH:1002]=[C:1001]1C	CC1=CC(=O)CC[C@]1(C)O	CSC1(C)C=C([O-])CC[C@]1(C)O
Mol_11440	Mol_11440:atom26	enone	CC(C)=CCC/C(C)=C/CC1C[C@@]2(C/C=C(\C)CCC=C(C)C)C(=O)/C(=C(\O)c3ccc(O)c(O)c3)C(=O)[C@](CC=C(C)C)(C2=O)C1(C)C	26;25;23;24	11;12;13;23;24;25;26;27;28;29;30;31;33;35;36;37;38;44	CC1(C)CCC(=O)/[C:1002](=[C:1001](/O)c2ccccc2)[C:1003]1=[O:1004]	CC1(C)CCC(=O)/C(=C(/O)c2ccccc2)C1=O	CSC(O)(C1=C([O-])C(C)(C)CCC1=O)c1ccccc1
Mol_11441	Mol_11441:atom32	enone	C=C(C)CCC(C[C@]12C[C@H](CC=C(C)C)[C@@](C)(CCC=C(C)C)[C@](CC=C(C)C)(C(=O)/C(=C(/O)c3ccc(O)c(O)c3)C1=O)C2=O)C(=C)C	32;31;29;30	7;15;23;24;29;30;31;32;33;34;35;36;37;39;41;42;43;44	CC1(C)CCC(=O)/[C:1002](=[C:1001](\O)c2ccccc2)[C:1003]1=[O:1004]	CC1(C)CCC(=O)/C(=C(\O)c2ccccc2)C1=O	CSC(O)(C1=C([O-])C(C)(C)CCC1=O)c1ccccc1
Mol_11442	Mol_11442:atom35	enone	C=C(C)C(CC=C(C)C)C[C@]12C[C@H](CC=C(C)C)[C@@](C)(CCC=C(C)C)[C@](CC=C(C)C)(C(=O)/C(=C(/O)c3ccc(O)c(O)c3)C1=O)C2=O	35;34;32;33	10;18;26;27;32;33;34;35;36;37;38;39;40;42;44;45;46;47	CC1(C)CCC(=O)/[C:1002](=[C:1001](\O)c2ccccc2)[C:1003]1=[O:1004]	CC1(C)CCC(=O)/C(=C(\O)c2ccccc2)C1=O	CSC(O)(C1=C([O-])C(C)(C)CCC1=O)c1ccccc1
Mol_11484	Mol_11484:atom32	enone	CC(C)=CCc1c(C)cc(O)c2c(O)c3c(cc12)C(CC=C(C)C)(CC=C(C)C)C(=O)C=C3O	32;31;29;30	5;6;8;9;11;12;14;15;16;17;18;19;24;29;30;31;32;33	CC1(C)c2cc3ccccc3cc2[C:1001](O)=[CH:1002][C:1003]1=[O:1004]	CC1(C)C(=O)C=C(O)c2cc3ccccc3cc21	CSC1(O)C=C([O-])C(C)(C)c2cc3ccccc3cc21
Mol_11487	Mol_11487:atom11	enone	CC(C)=CCC1(CC=C(C)C)C2=C(C(=O)c3c1cc1cc(C)cc(O)c1c3O)C(C)C(C)(C)O2	11;12;13;14	4;5;6;11;12;13;14;15;16;17;18;19;20;22;23;25;26;28;29;30;33	CC1CO[C:1001]2=[C:1002]1[C:1003](=[O:1004])c1cc3ccccc3cc1C2(C)C	CC1COC2=C1C(=O)c1cc3ccccc3cc1C2(C)C	CSC12OCC(C)C1=C([O-])c1cc3ccccc3cc1C2(C)C
Mol_11489	Mol_11489:atom16	enone	CC(C)=CCc1c(C)c2c3c(c1O)C(=O)C1=C(C4C=CC(C)(C)OC4C=C1O)[C@]31O[C@H](C2)C(C)(C)O1	16;15;13;14	5;6;8;9;10;11;13;14;15;16;17;18;24;25;26;27;28;29;35	CC1CC=C(O)[C:1002]2=[C:1001]1C(O)(O)c1ccccc1[C:1003]2=[O:1004]	CC1CC=C(O)C2=C1C(O)(O)c1ccccc1C2=O	CSC12C(=C([O-])c3ccccc3C1(O)O)C(O)=CCC2C
Mol_11491	Mol_11491:atom18	enone	CC(C)=CCc1c(C)cc2cc3c(c(O)c2c1O)C(O)=CC(=O)C3(CC=C(C)C)CC=C(C)C	18;20;21;22	5;6;8;9;10;11;12;13;15;16;18;19;20;21;22;23;24;29	CC1(C)c2cc3ccccc3cc2[C:1001](O)=[CH:1002][C:1003]1=[O:1004]	CC1(C)C(=O)C=C(O)c2cc3ccccc3cc21	CSC1(O)C=C([O-])C(C)(C)c2cc3ccccc3cc21
Mol_11501	Mol_11501:atom10	enone	CC[C@H](C)C(=O)[C@@]12C(=O)C3=C(OC(C)(C)C=C3)[C@@](CC=C(C)C)(C[C@H](CC=C(C)C)C1(C)C)C2=O	10;9;7;8	4;6;7;8;9;10;11;12;15;16;17;18;23;30;33	CC1(C)CC(C)(C)[C:1003](=[O:1004])[C:1002]2=[C:1001]1OCC=C2	CC1(C)CC(C)(C)C2=C(C=CCO2)C1=O	CSC12OCC=CC1=C([O-])C(C)(C)CC2(C)C
Mol_11502	Mol_11502:atom24	enone	CC(C)=CC[C@H]1C[C@@]2(CC=C(C)C)C(=O)[C@](C(=O)C(C)C)(C(=O)C3=C2OC(C)(C)C=C3)C1(C)C	24;23;21;22	6;7;8;13;15;16;21;22;23;24;25;26;29;30;31	CC1(C)CC(C)(C)[C:1003](=[O:1004])[C:1002]2=[C:1001]1OCC=C2	CC1(C)CC(C)(C)C2=C(C=CCO2)C1=O	CSC12OCC=CC1=C([O-])C(C)(C)CC2(C)C
Mol_11509	Mol_11509:atom9	enone	C=CC(C)(C)C(C(=O)/C=C(/O)c1ccccc1)C(=O)OC	9;8;6;7	2;5;6;7;8;9;10;11;12;13;14;15;16;17	CC(C)[C:1003](/[CH:1002]=[C:1001](/O)c1ccccc1)=[O:1004]	CC(C)C(=O)/C=C(/O)c1ccccc1	CSC(O)(C=C([O-])C(C)C)c1ccccc1
Mol_11510	Mol_11510:atom10	enone	C=CC(C)(C)C(=O)C(=O)/C=C(\O)c1ccccc1	10;9;7;8	2;5;6;7;8;9;10;11;12;13;14;15;16;17	CC(=O)[C:1003](/[CH:1002]=[C:1001](\O)c1ccccc1)=[O:1004]	CC(=O)C(=O)/C=C(\O)c1ccccc1	CSC(O)(C=C([O-])C(C)=O)c1ccccc1
Mol_11514	Mol_11514:atom30	enone	CC(C)=CC[C@]1(C)C(=O)[C@]2(C[C@@H]3[C@H](CC[C@]3(C)O)[C@@](C)(O)C2)C(=O)C(C(=O)C(C)C)=C1O	30;24;22;23	4;5;6;7;9;10;21;22;23;24;25;26;27;30;31	CC(=O)[C:1002]1=[C:1001](O)C(C)(C)CC(C)(C)[C:1003]1=[O:1004]	CC(=O)C1=C(O)C(C)(C)CC(C)(C)C1=O	CSC1(O)C(C(C)=O)=C([O-])C(C)(C)CC1(C)C
Mol_11515	Mol_11515:atom32	enone	C=C(C)C1CC[C@H](O)[C@@H]1CC1=C(O)C(CC=C(C)C)(CC=C(C)C)C(=O)C(C(=O)C(C)C)=C1O	32;26;24;25	9;10;11;13;14;19;24;25;26;27;28;29;32;33	CC(=O)[C:1002]1=[C:1001](O)C(C)=CC(C)(C)[C:1003]1=[O:1004]	CC(=O)C1=C(O)C(C)=CC(C)(C)C1=O	CSC1(O)C(C)=CC(C)(C)C([O-])=C1C(C)=O
Mol_11516	Mol_11516:atom3	ester	COC1=CC(CC=C(C)C)(c2ccccc2)OC1=O	3;2;17;18	0;1;2;3;4;5;10;11;12;13;14;15;16;17;18	CO[C:1002]1=[CH:1001]C(C)(c2ccccc2)O[C:1003]1=[O:1004]	COC1=CC(C)(c2ccccc2)OC1=O	COC1=C([O-])OC(C)(c2ccccc2)C1SC
Mol_11540	Mol_11540:atom5	ester	COc1cc(/C=C/C(=O)OCC(Cc2ccc(O)c(OC)c2)C(COC(=O)/C=C/c2ccc(O)c(OC)c2)Cc2ccc(O)c(OC)c2)ccc1O	5;6;7;8	2;3;4;5;6;7;8;9;10;48;49;50	CO[C:1003](/[CH:1002]=[CH:1001]/c1ccccc1)=[O:1004]	COC(=O)/C=C/c1ccccc1	COC([O-])=CC(SC)c1ccccc1
Mol_11540	Mol_11540:atom28	ester	COc1cc(/C=C/C(=O)OCC(Cc2ccc(O)c(OC)c2)C(COC(=O)/C=C/c2ccc(O)c(OC)c2)Cc2ccc(O)c(OC)c2)ccc1O	28;27;25;26	23;24;25;26;27;28;29;30;31;32;34;37	CO[C:1003](/[CH:1002]=[CH:1001]/c1ccccc1)=[O:1004]	COC(=O)/C=C/c1ccccc1	COC([O-])=CC(SC)c1ccccc1
Mol_11570	Mol_11570:atom6	enone	CC(C)=CCC1=C(O)c2c(cc3cc(C)cc(O)c3c2O)C(CC=C(C)C)(CC=C(C)C)C1=O	6;5;32;33	3;4;5;6;7;8;9;10;11;12;13;15;16;18;19;21;22;27;32;33	CC[C:1002]1=[C:1001](O)c2cc3ccccc3cc2C(C)(C)[C:1003]1=[O:1004]	CCC1=C(O)c2cc3ccccc3cc2C(C)(C)C1=O	CCC1=C([O-])C(C)(C)c2cc3ccccc3cc2C1(O)SC
Mol_11571	Mol_11571:atom14	enone	CC(C)=CCC1(CC=C(C)C)C(=O)C=C(O)c2c1cc1cc(C)cc(O)c1c2O	14;13;11;12	4;5;6;11;12;13;14;15;16;17;18;19;20;21;23;24;26;27	CC1(C)c2cc3ccccc3cc2[C:1001](O)=[CH:1002][C:1003]1=[O:1004]	CC1(C)C(=O)C=C(O)c2cc3ccccc3cc21	CSC1(O)C=C([O-])C(C)(C)c2cc3ccccc3cc21
Mol_11578	Mol_11578:atom6	enone	CC(C)=CCC/C(C)=C/C(=O)c1c(O)cc2c(c1O)C(=O)c1c(O)cc(C)cc1C2=O	6;8;9;10	4;5;6;7;8;9;10;11;12;14;15;16;17	CC/[C:1001](C)=[CH:1002]/[C:1003](c1ccccc1)=[O:1004]	CC/C(C)=C/C(=O)c1ccccc1	CCC(C)(C=C([O-])c1ccccc1)SC
Mol_11712	Mol_11712:atom11	enone	CC1(C)CC[C@]2(C)CC[C@]3(C)C(=CC(=O)[C@@H]4[C@@]5(C)CCC(=O)C(C)(C)[C@@H]5CC[C@]43C)[C@@H]2C1	11;12;13;14	5;8;9;10;11;12;13;14;15;16;28;30;31	CC(C)[C:1001]1=[CH:1002][C:1003](=[O:1004])[C@H](C)CC1(C)C	CC(C)C1=CC(=O)[C@H](C)CC1(C)C	CSC1(C(C)C)C=C([O-])[C@H](C)CC1(C)C
Mol_11723	Mol_11723:atom5	ester	COC(=O)/C=C(/C)CC[C@]1(C)[C@H]2CCC=C(C(=O)O)[C@]2(C)CC[C@@H]1C	5;4;2;3	0;1;2;3;4;5;6;7;8	CC/[C:1001](C)=[CH:1002]\[C:1003](OC)=[O:1004]	CC/C(C)=C\C(=O)OC	CCC(C)(C=C([O-])OC)SC
Mol_11724	Mol_11724:atom5	ester	COC(=O)/C=C(\C)CC[C@]1(C)[C@H]2CCC=C(C(=O)O)[C@]2(C)CC[C@@H]1C	5;4;2;3	0;1;2;3;4;5;6;7;8	CC/[C:1001](C)=[CH:1002]/[C:1003](OC)=[O:1004]	CC/C(C)=C/C(=O)OC	CCC(C)(C=C([O-])OC)SC
Mol_11725	Mol_11725:atom5	ester	COC(=O)C1=CCC[C@@H]2[C@@](C)(CC/C(C)=C/C(=O)O)[C@@H](C)CC[C@@]12C	5;4;2;3	0;1;2;3;4;5;6;7;8;22;23;24	CO[C:1003]([C:1002]1=[CH:1001]CCCC1(C)C)=[O:1004]	COC(=O)C1=CCCCC1(C)C	COC([O-])=C1C(SC)CCCC1(C)C
Mol_11736	Mol_11736:atom9	enal	COc1ccc(/C(C=O)=C\c2ccc(O)cc2OC)c(O)c1	9;6;7;8	2;3;4;5;6;7;8;9;10;11;12;13;15;16;19;21	c1ccc(/[CH:1001]=[C:1002](\c2ccccc2)[CH:1003]=[O:1004])cc1	O=C/C(=C/c1ccccc1)c1ccccc1	CSC(C(=C[O-])c1ccccc1)c1ccccc1
Mol_11747	Mol_11747:atom17	enone	COc1cc2c(cc1O)[C@]13C[C@@H](OC)C(=O)C=C1CCN3CC2	17;16;14;15	2;3;4;5;6;7;9;10;11;12;14;15;16;17;18;19;20	O[C@@H]1C[C@]2(c3ccccc3)NCC[C:1001]2=[CH:1002][C:1003]1=[O:1004]	O=C1C=C2CCN[C@@]2(c2ccccc2)C[C@H]1O	CSC12C=C([O-])[C@H](O)C[C@]1(c1ccccc1)NCC2
Mol_11801	Mol_11801:atom27	ester	C=C(CO)[C@@H]1CC[C@]2(CO)CC[C@]3(C)[C@H](CC[C@@H]4[C@@]5(C)CC[C@H](OC(=O)/C=C/c6cc(O)cc(O)c6)C(C)(C)[C@@H]5CC[C@]43C)[C@@H]12	27;26;24;25	22;23;24;25;26;27;28;29;30;32;33;35	CO[C:1003](/[CH:1002]=[CH:1001]/c1ccccc1)=[O:1004]	COC(=O)/C=C/c1ccccc1	COC([O-])=CC(SC)c1ccccc1
Mol_11802	Mol_11802:atom1	enone	C/C1=C/C(=O)[C@@H](O)/C(C)=C/[C@H](O)C(=O)/C(C)=C/[C@@H]2[C@H](CC1)C2(C)C	1;2;3;4	0;1;2;3;4;5;6;7;19;20	CC/[C:1001](C)=[CH:1002]\[C:1003]([C@H](C)O)=[O:1004]	CC/C(C)=C\C(=O)[C@H](C)O	CCC(C)(C=C([O-])[C@H](C)O)SC
Mol_11802	Mol_11802:atom16	enone	C/C1=C/C(=O)[C@@H](O)/C(C)=C/[C@H](O)C(=O)/C(C)=C/[C@@H]2[C@H](CC1)C2(C)C	16;14;12;13	9;10;11;12;13;14;15;16;17;18;21	C[C@H](O)[C:1003](/[C:1002](C)=[CH:1001]/C1CC1)=[O:1004]	C/C(=C\C1CC1)C(=O)[C@H](C)O	CSC(C(C)=C([O-])[C@H](C)O)C1CC1
Mol_11811	Mol_11811:atom0	enone	C=C1C(=O)[C@@]23CC[C@H]4[C@@](C)(CCC[C@@]4(C)C(=O)O)[C@@H]2CC[C@@H]1C3	0;1;2;3	0;1;2;3;4;5;18;20;21;22	C[C@@H]1CC(C)(C)[C:1003](=[O:1004])[C:1002]1=[CH2:1001]	C=C1C(=O)C(C)(C)C[C@H]1C	CSCC1=C([O-])C(C)(C)C[C@H]1C
Mol_11814	Mol_11814:atom5	ester	COC(=O)/C(=C/C[C@H]1[C@@]2(CCC3C(C)(C)[C@@H](O)CC[C@@]31C)CO2)C1CO1	5;4;2;3	0;1;2;3;4;5;6;7;23;24;25	CC/[CH:1001]=[C:1002](\C1CO1)[C:1003](OC)=[O:1004]	CC/C=C(/C(=O)OC)C1CO1	CCC(SC)C(=C([O-])OC)C1CO1
Mol_11815	Mol_11815:atom5	ester	COC(=O)/C(=C/C[C@H]1[C@]2(CO2)C[C@@H](O)[C@H]2C(C)(C)[C@@H](O)CC[C@@]21C)C1CO1	5;4;2;3	0;1;2;3;4;5;6;7;24;25;26	CC/[CH:1001]=[C:1002](\C1CO1)[C:1003](OC)=[O:1004]	CC/C=C(/C(=O)OC)C1CO1	CCC(SC)C(=C([O-])OC)C1CO1
Mol_11891	Mol_11891:atom17	enone	CC(C)[C@]1(CO)CC[C@@](C)([C@H]2CC[C@H]3[C@@H]4C=CC5=CC(=O)CC[C@]5(C)[C@H]4CC[C@@]32C)O1	17;18;19;20	15;16;17;18;19;20;21;22;23;24;25	C=C[C:1001]1=[CH:1002][C:1003](=[O:1004])CCC1(C)C	C=CC1=CC(=O)CCC1(C)C	C=CC1(SC)C=C([O-])CCC1(C)C
Mol_11892	Mol_11892:atom14	enone	C=C(CC[C@](C)(O)[C@H]1CC[C@H]2[C@@H]3CCC4=CC(=O)CC[C@]4(C)[C@H]3CC[C@@]21C)C(C)C	14;15;16;17	12;13;14;15;16;17;18;19;20;21;22	CC[C:1001]1=[CH:1002][C:1003](=[O:1004])CCC1(C)C	CCC1=CC(=O)CCC1(C)C	CCC1(SC)C=C([O-])CCC1(C)C
Mol_11893	Mol_11893:atom14	enone	C=C(CC[C@](C)(O)[C@H]1CC[C@H]2[C@@H]3C=CC4=CC(=O)CC[C@]4(C)[C@H]3CC[C@@]21C)C(C)C	14;15;16;17	12;13;14;15;16;17;18;19;20;21;22	C=C[C:1001]1=[CH:1002][C:1003](=[O:1004])CCC1(C)C	C=CC1=CC(=O)CCC1(C)C	C=CC1(SC)C=C([O-])CCC1(C)C
Mol_11897	Mol_11897:atom13	enone	CC(=O)O[C@@H]1C[C@H]2C(C)(C)C(=O)C=C[C@]2(C)[C@H]2CC[C@]3(C)C(=CC[C@H]3[C@@H]3C[C@H]([C@H](O)C(C)(C)O)OC3=O)[C@@]21C	13;12;10;11	6;7;8;9;10;11;12;13;14;15;16	CC1(C)CC(C)(C)[C:1003](=[O:1004])[CH:1002]=[CH:1001]1	CC1(C)C=CC(=O)C(C)(C)C1	CSC1C=C([O-])C(C)(C)CC1(C)C
Mol_11898	Mol_11898:atom25	enone	CC(C)(O)[C@H](O)[C@H]1C[C@@H]([C@@H]2CC=C3[C@]4(C)[C@H](O)C[C@H]5C(C)(C)C(=O)C=C[C@]5(C)[C@H]4CC[C@]32C)C(=O)O1	25;24;22;23	18;19;20;21;22;23;24;25;26;27;28	CC1(C)CC(C)(C)[C:1003](=[O:1004])[CH:1002]=[CH:1001]1	CC1(C)C=CC(=O)C(C)(C)C1	CSC1C=C([O-])C(C)(C)CC1(C)C
Mol_11899	Mol_11899:atom13	enone	CC(=O)O[C@@H]1C[C@H]2C(C)(C)C(=O)C=C[C@]2(C)[C@H]2CC[C@]3(C)C(=CC[C@H]3[C@@H]3C[C@H]([C@@H]4OC4(C)C)OC3=O)[C@@]21C	13;12;10;11	6;7;8;9;10;11;12;13;14;15;16	CC1(C)CC(C)(C)[C:1003](=[O:1004])[CH:1002]=[CH:1001]1	CC1(C)C=CC(=O)C(C)(C)C1	CSC1C=C([O-])C(C)(C)CC1(C)C
Mol_11902	Mol_11902:atom1	ester	CC(C)=CC(=O)O[C@H]1CC[C@]2(C)[C@H]3CC[C@]45C[C@]4(CC[C@H]5[C@@H]4C[C@H]([C@H](O)C(C)(C)O)O[C@H]4O)[C@]3(C)[C@H](O)C[C@H]2C1(C)C	1;3;4;5	0;1;2;3;4;5;6;7	CO[C:1003]([CH:1002]=[C:1001](C)C)=[O:1004]	COC(=O)C=C(C)C	COC([O-])=CC(C)(C)SC
Mol_11903	Mol_11903:atom1	ester	CC(C)=CC(=O)O[C@H]1CC[C@]2(C)[C@H]3CC[C@]45C[C@]4(CC[C@H]5[C@@H]4C[C@H]([C@@H]5O[C@@]5(C)CO)O[C@H]4O)[C@]3(C)[C@H](O)C[C@H]2C1(C)C	1;3;4;5	0;1;2;3;4;5;6;7	CO[C:1003]([CH:1002]=[C:1001](C)C)=[O:1004]	COC(=O)C=C(C)C	COC([O-])=CC(C)(C)SC
Mol_11907	Mol_11907:atom1	enone	CC(C)=CC(=O)C[C@H](C(=O)O)[C@@H]1CC[C@]2(C)C3=CC[C@H]4C(C)(C)[C@H](O)CC[C@]4(C)[C@H]3CC[C@@]12C	1;3;4;5	0;1;2;3;4;5;6;7	CC[C:1003]([CH:1002]=[C:1001](C)C)=[O:1004]	CCC(=O)C=C(C)C	CCC([O-])=CC(C)(C)SC
Mol_11912	Mol_11912:atom14	enone	C=C(C)[C@@H]1CC=C2[C@H](CC[C@@]3(C)[C@H](C4C=C(C(C)C)C(=O)C4)CC[C@]23C)[C@@]1(C)CCC(=O)O	14;15;19;20	12;13;14;15;16;17;18;19;20;21	CC1C[C:1003](=[O:1004])[C:1002](C(C)C)=[CH:1001]1	CC1C=C(C(C)C)C(=O)C1	CSC1C(C(C)C)=C([O-])CC1C
Mol_11913	Mol_11913:atom14	enone	C=C(C)[C@@H]1CC=C2[C@H](CC[C@@]3(C)[C@H](C4C=C(C(C)C)C(=O)C4)CC[C@]23C)[C@@]1(C)CCC(=O)OC	14;15;19;20	12;13;14;15;16;17;18;19;20;21	CC1C[C:1003](=[O:1004])[C:1002](C(C)C)=[CH:1001]1	CC1C=C(C(C)C)C(=O)C1	CSC1C(C(C)C)=C([O-])CC1C
Mol_11914	Mol_11914:atom20	enone	C=C(C)[C@@H]1CC=C2[C@H](CC[C@@]3(C)[C@H]([C@@H](C=O)CC(=O)C=C(C)C)CC[C@]23C)[C@@]1(C)CCC(=O)O	20;19;17;18	13;16;17;18;19;20;21;22	CC[C:1003]([CH:1002]=[C:1001](C)C)=[O:1004]	CCC(=O)C=C(C)C	CCC([O-])=CC(C)(C)SC
Mol_11915	Mol_11915:atom9	ester	C=C1[C@@H]2CC[C@@]3(C)[C@H](C4=CC(O)OC4=O)OC(=O)C[C@]13O[C@H]1CC(=O)C(C)(C)[C@H](CC(=O)OC)C12	9;8;13;14	5;7;8;9;10;11;12;13;14;15	C[C@@H](O)[C:1002]1=[CH:1001]C(O)O[C:1003]1=[O:1004]	C[C@@H](O)C1=CC(O)OC1=O	CSC1C([C@@H](C)O)=C([O-])OC1O
Mol_11916	Mol_11916:atom8	ester	C=C1[C@@H]2CC[C@@]3(C)[C@H](C4=CC(=O)OC4O)OC(=O)C[C@]13O[C@H]1CC(=O)C(C)(C)[C@H](CC(=O)OC)C12	8;9;10;11	5;7;8;9;10;11;12;13;14;15	C[C@@H](O)[C:1001]1=[CH:1002][C:1003](=[O:1004])OC1O	C[C@@H](O)C1=CC(=O)OC1O	CSC1([C@@H](C)O)C=C([O-])OC1O
Mol_11917	Mol_11917:atom15	enone	C=C(CC[C@@](C)(O)[C@H]1CC[C@H]2[C@@H]3[C@H](O)CC4=CC(=O)CC[C@]4(C)[C@H]3CC[C@@]21C)C(C)C	15;16;17;18	12;14;15;16;17;18;19;20;21;22;23	CC[C:1001]1=[CH:1002][C:1003](=[O:1004])CCC1(C)C	CCC1=CC(=O)CCC1(C)C	CCC1(SC)C=C([O-])CCC1(C)C
Mol_11923	Mol_11923:atom1	enone	CC(C)=CC(=O)C[C@H](C=O)[C@@H]1CC[C@]2(C)C3=CC[C@H]4C(C)(C)C(=O)CC[C@]4(C)[C@H]3CC[C@@]12C	1;3;4;5	0;1;2;3;4;5;6;7	CC[C:1003]([CH:1002]=[C:1001](C)C)=[O:1004]	CCC(=O)C=C(C)C	CCC([O-])=CC(C)(C)SC
Mol_11945	Mol_11945:atom27	ester	COC(=O)C[C@H]1C2(C)C[C@]3(O)[C@](OC(C)=O)([C@H]4OC5(C)O[C@@]6(C[C@H](O)[C@]7(C)C(=CC(=O)O[C@H]7c7ccoc7)[C@@]46O5)[C@]13C)[C@H]2OC(C)=O	27;28;29;30	16;21;23;25;26;27;28;29;30;31;32;38;39	CC(C)(O)[C:1001]1=[CH:1002][C:1003](=[O:1004])OCC1(C)C	CC(C)(O)C1=CC(=O)OCC1(C)C	CSC1(C(C)(C)O)C=C([O-])OCC1(C)C
Mol_11952	Mol_11952:atom6	enone	CC1(C)C(=O)C=CC2(C)C1CC(=O)C1(C)C2CCC2(C)C(c3ccoc3)OC(=O)C3OC321	6;5;3;4	0;1;2;3;4;5;6;7;8;9;15	CC1(C)CC(C)(C)[C:1003](=[O:1004])[CH:1002]=[CH:1001]1	CC1(C)C=CC(=O)C(C)(C)C1	CSC1C=C([O-])C(C)(C)CC1(C)C
Mol_11957	Mol_11957:atom5	enone	C=C1[C@@H]([C@@]2(C)C=CC(=O)C(C)(C)[C@@H]2CC(=O)OC)CC[C@@]2(C)C(c3ccoc3)OC(=O)[C@H]3O[C@]132	5;6;7;8	2;3;4;5;6;7;8;9;10;11;12	CC1(C)CC(C)(C)[C:1003](=[O:1004])[CH:1002]=[CH:1001]1	CC1(C)C=CC(=O)C(C)(C)C1	CSC1C=C([O-])C(C)(C)CC1(C)C
Mol_11961	Mol_11961:atom6	enone	CC1(C)C(=O)C=C[C@]2(C)[C@H]3C(=O)C[C@@]4(C)[C@H](c5ccoc5)OC(=O)[C@H]5O[C@]54[C@]3(C)CC[C@@H]12	6;5;3;4	0;1;2;3;4;5;6;7;8;9;31	CC1(C)CC(C)(C)[C:1003](=[O:1004])[CH:1002]=[CH:1001]1	CC1(C)C=CC(=O)C(C)(C)C1	CSC1C=C([O-])C(C)(C)CC1(C)C
Mol_11962	Mol_11962:atom6	enone	CC1(C)C(=O)C=C[C@]2(C)[C@H]3C(=O)C[C@@]4(C)[C@H](c5ccoc5)OC(=O)[C@H]5O[C@]54[C@]3(C)C(O)(O)C[C@@H]12	6;5;3;4	0;1;2;3;4;5;6;7;8;9;33	CC1(C)CC(C)(C)[C:1003](=[O:1004])[CH:1002]=[CH:1001]1	CC1(C)C=CC(=O)C(C)(C)C1	CSC1C=C([O-])C(C)(C)CC1(C)C
Mol_11972	Mol_11972:atom5	enone	C=C1[C@H]([C@@]2(C)C=CC(=O)C(C)(C)[C@@H]2CC(=O)OC)CC[C@@]2(C)[C@H](c3ccoc3)OC(=O)[C@H]3O[C@]132	5;6;7;8	2;3;4;5;6;7;8;9;10;11;12	CC1(C)CC(C)(C)[C:1003](=[O:1004])[CH:1002]=[CH:1001]1	CC1(C)C=CC(=O)C(C)(C)C1	CSC1C=C([O-])C(C)(C)CC1(C)C
Mol_11973	Mol_11973:atom6	enone	CC1(C)C(=O)C=C[C@]2(C)[C@H]3CC[C@@]4(C)[C@H](c5ccoc5)OC(=O)[C@H]5O[C@]54[C@]3(C)[C@H](O)C[C@@H]12	6;5;3;4	0;1;2;3;4;5;6;7;8;9;31	CC1(C)CC(C)(C)[C:1003](=[O:1004])[CH:1002]=[CH:1001]1	CC1(C)C=CC(=O)C(C)(C)C1	CSC1C=C([O-])C(C)(C)CC1(C)C
Mol_11980	Mol_11980:atom3	ester	COC1C=C([C@@H]2C[C@H]3O[C@@]34[C@@]2(C)C(O)CC2[C@@]3(C)C=CC(=O)C(C)(C)[C@@H]3CC(=O)[C@]24C)C(=O)O1	3;4;31;32	1;2;3;4;5;6;10;31;32;33	CC(C)[C:1002]1=[CH:1001]C(O)O[C:1003]1=[O:1004]	CC(C)C1=CC(O)OC1=O	CSC1C(C(C)C)=C([O-])OC1O
Mol_11980	Mol_11980:atom18	enone	COC1C=C([C@@H]2C[C@H]3O[C@@]34[C@@]2(C)C(O)CC2[C@@]3(C)C=CC(=O)C(C)(C)[C@@H]3CC(=O)[C@]24C)C(=O)O1	18;19;20;21	15;16;17;18;19;20;21;22;23;24;25	CC1(C)CC(C)(C)[C:1003](=[O:1004])[CH:1002]=[CH:1001]1	CC1(C)C=CC(=O)C(C)(C)C1	CSC1C=C([O-])C(C)(C)CC1(C)C
Mol_11986	Mol_11986:atom25	enone	C[C@]12[C@@H]3O[C@]14[C@H](O)C[C@@H](c1ccoc1)[C@]4(C)C[C@@H]1O[C@@]12[C@@]1(C)C(=O)C=C[C@@]2(C)CO[C@@H]3[C@@H]21	25;24;22;23	19;20;21;22;23;24;25;26;27;28;31	CC1(C)CC(C)(C)[C:1003](=[O:1004])[CH:1002]=[CH:1001]1	CC1(C)C=CC(=O)C(C)(C)C1	CSC1C=C([O-])C(C)(C)CC1(C)C
Mol_11987	Mol_11987:atom9	enone	C[C@@]12[C@H](O)[C@@H]3OC[C@]4(C)C=CC(=O)[C@@](C)([C@@H]34)[C@@]13O[C@H]3C[C@@]1(C)[C@H](C3=CC(O)OC3=O)CC3O[C@@]321	9;10;11;12	6;7;8;9;10;11;12;13;14;15;16	CC1(C)CC(C)(C)[C:1003](=[O:1004])[CH:1002]=[CH:1001]1	CC1(C)C=CC(=O)C(C)(C)C1	CSC1C=C([O-])C(C)(C)CC1(C)C
Mol_11987	Mol_11987:atom24	ester	C[C@@]12[C@H](O)[C@@H]3OC[C@]4(C)C=CC(=O)[C@@](C)([C@@H]34)[C@@]13O[C@H]3C[C@@]1(C)[C@H](C3=CC(O)OC3=O)CC3O[C@@]321	24;23;28;29	20;22;23;24;25;26;27;28;29;30	CC(C)[C:1002]1=[CH:1001]C(O)O[C:1003]1=[O:1004]	CC(C)C1=CC(O)OC1=O	CSC1C(C(C)C)=C([O-])OC1O
Mol_11988	Mol_11988:atom5	enone	C[C@]12C(=O)C=C[C@@]3(C)COC(=C13)C1C34[C@H](O)C[C@@H](c5ccoc5)[C@]3(C)C[C@@H]3O[C@]32[C@@]14C	5;4;2;3	0;1;2;3;4;5;6;7;8;11;28	CC1(C)CC(C)(C)[C:1003](=[O:1004])[CH:1002]=[CH:1001]1	CC1(C)C=CC(=O)C(C)(C)C1	CSC1C=C([O-])C(C)(C)CC1(C)C
Mol_11989	Mol_11989:atom8	enone	C[C@@]12C=C3OC[C@]4(C)C=CC(=O)[C@@](C)([C@@H]34)[C@@]13O[C@H]3C[C@@]1(C)[C@H](C3=CC(O)OC3=O)C[C@H]3O[C@@]321	8;9;10;11	5;6;7;8;9;10;11;12;13;14;15	CC1(C)CC(C)(C)[C:1003](=[O:1004])[CH:1002]=[CH:1001]1	CC1(C)C=CC(=O)C(C)(C)C1	CSC1C=C([O-])C(C)(C)CC1(C)C
Mol_11989	Mol_11989:atom23	ester	C[C@@]12C=C3OC[C@]4(C)C=CC(=O)[C@@](C)([C@@H]34)[C@@]13O[C@H]3C[C@@]1(C)[C@H](C3=CC(O)OC3=O)C[C@H]3O[C@@]321	23;22;27;28	19;21;22;23;24;25;26;27;28;29	CC(C)[C:1002]1=[CH:1001]C(O)O[C:1003]1=[O:1004]	CC(C)C1=CC(O)OC1=O	CSC1C(C(C)C)=C([O-])OC1O
Mol_11990	Mol_11990:atom5	enone	C[C@@]12C(=O)C3=C4[C@](C)(C(=O)C=C[C@]4(C)CO3)[C@H]1CC[C@]1(C)C2=CC[C@H]1c1ccoc1	5;4;2;3	0;1;2;3;4;5;6;7;8;11;12;13;14;15;16;21	CC1(C)CO[C:1002]2=[C:1001]1C(C)(C)CC(C)(C)[C:1003]2=[O:1004]	CC1(C)CC(C)(C)C2=C(OCC2(C)C)C1=O	CSC12C(=C([O-])C(C)(C)CC1(C)C)OCC2(C)C
Mol_11990	Mol_11990:atom11	enone	C[C@@]12C(=O)C3=C4[C@](C)(C(=O)C=C[C@]4(C)CO3)[C@H]1CC[C@]1(C)C2=CC[C@H]1c1ccoc1	11;10;8;9	5;6;7;8;9;10;11;12;13;14;16	CC1(C)CC(C)(C)[C:1003](=[O:1004])[CH:1002]=[CH:1001]1	CC1(C)C=CC(=O)C(C)(C)C1	CSC1C=C([O-])C(C)(C)CC1(C)C
Mol_11991	Mol_11991:atom21	enone	C[C@@]12C(=CC[C@]3(C)C1=CC[C@H]3c1ccoc1)[C@@]1(C)C(=O)C=C[C@]3(C)CO[C@@H]([C@H]2O)[C@H]13	21;20;18;19	2;16;17;18;19;20;21;22;23;24;29	CC1(C)CC(C)(C)[C:1003](=[O:1004])[CH:1002]=[CH:1001]1	CC1(C)C=CC(=O)C(C)(C)C1	CSC1C=C([O-])C(C)(C)CC1(C)C
Mol_11992	Mol_11992:atom26	enone	CC(=O)O[C@H]1C[C@]2(C)C(=CC[C@H]2c2ccoc2)[C@]2(C)C(=O)[C@@H]3OC[C@@]4(C)C=CC(=O)[C@@](C)([C@@H]34)[C@@H]12	26;27;28;29	23;24;25;26;27;28;29;30;31;32;33	CC1(C)CC(C)(C)[C:1003](=[O:1004])[CH:1002]=[CH:1001]1	CC1(C)C=CC(=O)C(C)(C)C1	CSC1C=C([O-])C(C)(C)CC1(C)C
Mol_11993	Mol_11993:atom9	enone	C[C@@]12C(=O)[C@@H]3OC[C@]4(C)C=CC(=O)[C@](C)(C1CC[C@]1(C)C2=CC[C@H]1c1ccoc1)[C@@H]34	9;10;11;12	6;7;8;9;10;11;12;13;14;15;29	CC1(C)CC(C)(C)[C:1003](=[O:1004])[CH:1002]=[CH:1001]1	CC1(C)C=CC(=O)C(C)(C)C1	CSC1C=C([O-])C(C)(C)CC1(C)C
Mol_11994	Mol_11994:atom22	enone	CC(=O)O[C@H]1C[C@]2(C)C(=CC[C@H]2c2ccoc2)[C@]2(C)C(=O)C3=C4[C@](C)(C(=O)C=C[C@@]4(C)CO3)C12	22;21;19;20	8;17;18;19;20;21;22;23;24;25;28;29;30;31;32;33	CC1(C)CO[C:1002]2=[C:1001]1C(C)(C)CC(C)(C)[C:1003]2=[O:1004]	CC1(C)CC(C)(C)C2=C(OCC2(C)C)C1=O	CSC12C(=C([O-])C(C)(C)CC1(C)C)OCC2(C)C
Mol_11994	Mol_11994:atom28	enone	CC(=O)O[C@H]1C[C@]2(C)C(=CC[C@H]2c2ccoc2)[C@]2(C)C(=O)C3=C4[C@](C)(C(=O)C=C[C@@]4(C)CO3)C12	28;27;25;26	22;23;24;25;26;27;28;29;30;31;33	CC1(C)CC(C)(C)[C:1003](=[O:1004])[CH:1002]=[CH:1001]1	CC1(C)C=CC(=O)C(C)(C)C1	CSC1C=C([O-])C(C)(C)CC1(C)C
Mol_11995	Mol_11995:atom2	enone	C[C@@]12C=CC(=O)[C@@]3(C)[C@H]1[C@@H](OC2)[C@@H](O)[C@@]1(C)C2=CC[C@@H](c4ccoc4)[C@]2(C)C[C@@H]2O[C@]231	2;3;4;5	0;1;2;3;4;5;6;7;8;11;30	CC1(C)CC(C)(C)[C:1003](=[O:1004])[CH:1002]=[CH:1001]1	CC1(C)C=CC(=O)C(C)(C)C1	CSC1C=C([O-])C(C)(C)CC1(C)C
Mol_12000	Mol_12000:atom21	enone	C[C@@]12C(=CC[C@]3(C)C1=CC[C@H]3c1ccoc1)[C@@]1(C)C(=O)C=C[C@@]3(C)CO[C@@H]([C@H]2O)[C@H]13	21;20;18;19	2;16;17;18;19;20;21;22;23;24;29	CC1(C)CC(C)(C)[C:1003](=[O:1004])[CH:1002]=[CH:1001]1	CC1(C)C=CC(=O)C(C)(C)C1	CSC1C=C([O-])C(C)(C)CC1(C)C
Mol_12002	Mol_12002:atom26	enone	CC(=O)O[C@H]1C[C@]2(C)C(=CC[C@H]2c2ccoc2)[C@]2(C)C(=O)[C@@H]3OC[C@]4(C)C=CC(=O)[C@@](C)([C@@H]34)[C@@H]12	26;27;28;29	23;24;25;26;27;28;29;30;31;32;33	CC1(C)CC(C)(C)[C:1003](=[O:1004])[CH:1002]=[CH:1001]1	CC1(C)C=CC(=O)C(C)(C)C1	CSC1C=C([O-])C(C)(C)CC1(C)C
Mol_12009	Mol_12009:atom12	enone	CC(C)[C@@]1(O)C(=O)C[C@H]2C3CCC4=CC(=O)CC[C@]4(C)[C@H]3CC[C@@]21C	12;13;14;15	10;11;12;13;14;15;16;17;18;19;20	CC[C:1001]1=[CH:1002][C:1003](=[O:1004])CCC1(C)C	CCC1=CC(=O)CCC1(C)C	CCC1(SC)C=C([O-])CCC1(C)C
Mol_12010	Mol_12010:atom12	enone	CC(C)[C@@]1(O)C(=O)C[C@H]2C3CCC4=CC(=O)C=C[C@]4(C)[C@H]3CC[C@@]21C	12;13;14;15	10;11;12;13;14;15;16;17;18;19;20	CC[C:1001]1=[CH:1002][C:1003](=[O:1004])C=CC1(C)C	CCC1=CC(=O)C=CC1(C)C	CCC1(SC)C=C([O-])C=CC1(C)C
Mol_12010	Mol_12010:atom17	enone	CC(C)[C@@]1(O)C(=O)C[C@H]2C3CCC4=CC(=O)C=C[C@]4(C)[C@H]3CC[C@@]21C	17;16;14;15	12;13;14;15;16;17;18;19;20	CC1(C)C=C[C:1003](=[O:1004])[CH:1002]=[CH:1001]1	CC1(C)C=CC(=O)C=C1	CSC1C=C([O-])C=CC1(C)C
Mol_12017	Mol_12017:atom15	enal	C=C1CC[C@@H]2C(C)(C)CCC[C@@]2(C)[C@@H]1C/C=C(\C=O)CCO	15;16;17;18	13;14;15;16;17;18;19;20	CC/[CH:1001]=[C:1002](/CC)[CH:1003]=[O:1004]	CC/C=C(\C=O)CC	CCC(=C[O-])C(CC)SC
Mol_12018	Mol_12018:atom17	ester	C=C1CC[C@@H]2[C@](C)(CO)CCC[C@@]2(C)[C@@H]1CCC1=CC(=O)OC1	17;18;19;20	15;16;17;18;19;20;21;22	CC[C:1001]1=[CH:1002][C:1003](=[O:1004])OC1	CCC1=CC(=O)OC1	CCC1(SC)C=C([O-])OC1
Mol_12019	Mol_12019:atom20	ester	C=C1CC[C@@H]2[C@](C)(COC(C)=O)CCC[C@@]2(C)[C@@H]1CCC1=CC(=O)OC1	20;21;22;23	18;19;20;21;22;23;24;25	CC[C:1001]1=[CH:1002][C:1003](=[O:1004])OC1	CCC1=CC(=O)OC1	CCC1(SC)C=C([O-])OC1
Mol_12020	Mol_12020:atom19	ester	C=C1CC[C@H]2[C@@](C)(CCC[C@@]2(C)C(=O)OC)[C@@H]1CCC1=CC(=O)OC1	19;20;21;22	17;18;19;20;21;22;23;24	CC[C:1001]1=[CH:1002][C:1003](=[O:1004])OC1	CCC1=CC(=O)OC1	CCC1(SC)C=C([O-])OC1
Mol_12026	Mol_12026:atom1	ester	C/C=C(\C)C(=O)O[C@@H]1[C@@H]2OC[C@@]3(C)C2[C@@](C)(C2C[C@H](O)OC4C[C@H](c5ccoc5)C(C)=C4[C@@]21C)[C@@H](OC(C)=O)C[C@H]3OC(C)=O	1;2;4;5	0;1;2;3;4;5;6;7	CO[C:1003](/[C:1002](C)=[CH:1001]/C)=[O:1004]	C/C=C(\C)C(=O)OC	COC([O-])=C(C)C(C)SC
Mol_12028	Mol_12028:atom13	enone	CC(=O)O[C@@H]1CC2C(C)(C)C(=O)C=C[C@]2(C)C2CC[C@]3(C)C(=CCC3C3COC(O)(C(C)(C)O)[C@H](O)C3)[C@@]21C	13;12;10;11	6;7;8;9;10;11;12;13;14;15;16	CC1(C)CC(C)(C)[C:1003](=[O:1004])[CH:1002]=[CH:1001]1	CC1(C)C=CC(=O)C(C)(C)C1	CSC1C=C([O-])C(C)(C)CC1(C)C
Mol_12030	Mol_12030:atom15	enal	C=C1CC[C@H]2C(C)(C)CCC[C@]2(C)[C@H]1C/C=C(C=O)\C=C/OC(C)=O	15;16;17;18	13;14;15;16;17;18;19;20	C=C/[C:1002](=[CH:1001]\CC)[CH:1003]=[O:1004]	C=C/C(C=O)=C\CC	C=CC(=C[O-])C(CC)SC
Mol_12054	Mol_12054:atom6	ester	C=C[C@](C)(CC/C=C(\C)C(=O)O[C@@H]1C(C)O[C@@H](O[C@](C)(C=C)CC/C=C(\C)C(=O)O[C@@H]2C(C)O[C@@H](O[C@](C)(C=C)CC/C=C(\CO)C(=O)O[C@H]3C[C@@]4(C(=O)O[C@@H]5OC(CO)[C@@H](O)[C@H](O)C5O[C@@H]5OC(C)[C@H](O[C@@H]6O[C@@H](CO)[C@@H](O)C6O)[C@H](O[C@@H]6OC(CO)[C@@H](O)[C@H](O)C6O)C5O)C(CC3(C)C)C3=CCC5[C@@]6(C)CC[C@H](O[C@@H]7OC(CO[C@@H]8OC(C)[C@H](O)[C@H](O)C8O[C@@H]8OC[C@@H](O)[C@H](O)C8O)[C@@H](O)[C@H](O)C7O[C@@H]7OC(CO)[C@@H](O)C(O)[C@@H]7O)C(C)(C)C6CC[C@@]5(C)[C@]3(C)C[C@H]4O)C(O)[C@H]2O)C(O)[C@H]1O)O[C@@H]1OC(C)[C@@H](O)[C@H](O)C1O	6;7;9;10	4;5;6;7;8;9;10;11;12	CC/[CH:1001]=[C:1002](\C)[C:1003](OC)=[O:1004]	CC/C=C(\C)C(=O)OC	CCC(SC)C(C)=C([O-])OC
Mol_12054	Mol_12054:atom24	ester	C=C[C@](C)(CC/C=C(\C)C(=O)O[C@@H]1C(C)O[C@@H](O[C@](C)(C=C)CC/C=C(\C)C(=O)O[C@@H]2C(C)O[C@@H](O[C@](C)(C=C)CC/C=C(\CO)C(=O)O[C@H]3C[C@@]4(C(=O)O[C@@H]5OC(CO)[C@@H](O)[C@H](O)C5O[C@@H]5OC(C)[C@H](O[C@@H]6O[C@@H](CO)[C@@H](O)C6O)[C@H](O[C@@H]6OC(CO)[C@@H](O)[C@H](O)C6O)C5O)C(CC3(C)C)C3=CCC5[C@@]6(C)CC[C@H](O[C@@H]7OC(CO[C@@H]8OC(C)[C@H](O)[C@H](O)C8O[C@@H]8OC[C@@H](O)[C@H](O)C8O)[C@@H](O)[C@H](O)C7O[C@@H]7OC(CO)[C@@H](O)C(O)[C@@H]7O)C(C)(C)C6CC[C@@]5(C)[C@]3(C)C[C@H]4O)C(O)[C@H]2O)C(O)[C@H]1O)O[C@@H]1OC(C)[C@@H](O)[C@H](O)C1O	24;25;27;28	22;23;24;25;26;27;28;29;30	CC/[CH:1001]=[C:1002](\C)[C:1003](OC)=[O:1004]	CC/C=C(\C)C(=O)OC	CCC(SC)C(C)=C([O-])OC
Mol_12054	Mol_12054:atom42	ester	C=C[C@](C)(CC/C=C(\C)C(=O)O[C@@H]1C(C)O[C@@H](O[C@](C)(C=C)CC/C=C(\C)C(=O)O[C@@H]2C(C)O[C@@H](O[C@](C)(C=C)CC/C=C(\CO)C(=O)O[C@H]3C[C@@]4(C(=O)O[C@@H]5OC(CO)[C@@H](O)[C@H](O)C5O[C@@H]5OC(C)[C@H](O[C@@H]6O[C@@H](CO)[C@@H](O)C6O)[C@H](O[C@@H]6OC(CO)[C@@H](O)[C@H](O)C6O)C5O)C(CC3(C)C)C3=CCC5[C@@]6(C)CC[C@H](O[C@@H]7OC(CO[C@@H]8OC(C)[C@H](O)[C@H](O)C8O[C@@H]8OC[C@@H](O)[C@H](O)C8O)[C@@H](O)[C@H](O)C7O[C@@H]7OC(CO)[C@@H](O)C(O)[C@@H]7O)C(C)(C)C6CC[C@@]5(C)[C@]3(C)C[C@H]4O)C(O)[C@H]2O)C(O)[C@H]1O)O[C@@H]1OC(C)[C@@H](O)[C@H](O)C1O	42;43;46;47	40;41;42;43;44;45;46;47;48;49	CC/[CH:1001]=[C:1002](\CO)[C:1003](OC)=[O:1004]	CC/C=C(\CO)C(=O)OC	CCC(SC)C(CO)=C([O-])OC
Mol_12055	Mol_12055:atom6	ester	C=C[C@](C)(CC/C=C(\C)C(=O)O[C@@H]1C(C)O[C@@H](O[C@](C)(C=C)CC/C=C(\C)C(=O)O[C@@H]2C(C)O[C@@H](O[C@](C)(C=C)CC/C=C(\CO)C(=O)O[C@H]3C[C@@]4(C(=O)O[C@@H]5OC(CO)[C@@H](O)[C@H](O)C5O[C@@H]5OC(C)[C@H](O[C@@H]6O[C@@H](CO)[C@@H](O)C6O)[C@H](O[C@@H]6OC(CO)[C@@H](O)[C@H](O)C6O)C5O)C(CC3(C)C)C3=CCC5[C@@]6(C)CC[C@H](O[C@@H]7OC(CO[C@@H]8OC(C)[C@H](O)[C@H](O)C8O[C@@H]8OC[C@@H](O)[C@H](O)C8O)[C@@H](O)[C@H](O)C7O)C(C)(C)C6CC[C@@]5(C)[C@]3(C)C[C@H]4O)C(O)[C@H]2O)C(O)[C@H]1O)O[C@@H]1OC(C)[C@@H](O)[C@H](O)C1O	6;7;9;10	4;5;6;7;8;9;10;11;12	CC/[CH:1001]=[C:1002](\C)[C:1003](OC)=[O:1004]	CC/C=C(\C)C(=O)OC	CCC(SC)C(C)=C([O-])OC
Mol_12055	Mol_12055:atom24	ester	C=C[C@](C)(CC/C=C(\C)C(=O)O[C@@H]1C(C)O[C@@H](O[C@](C)(C=C)CC/C=C(\C)C(=O)O[C@@H]2C(C)O[C@@H](O[C@](C)(C=C)CC/C=C(\CO)C(=O)O[C@H]3C[C@@]4(C(=O)O[C@@H]5OC(CO)[C@@H](O)[C@H](O)C5O[C@@H]5OC(C)[C@H](O[C@@H]6O[C@@H](CO)[C@@H](O)C6O)[C@H](O[C@@H]6OC(CO)[C@@H](O)[C@H](O)C6O)C5O)C(CC3(C)C)C3=CCC5[C@@]6(C)CC[C@H](O[C@@H]7OC(CO[C@@H]8OC(C)[C@H](O)[C@H](O)C8O[C@@H]8OC[C@@H](O)[C@H](O)C8O)[C@@H](O)[C@H](O)C7O)C(C)(C)C6CC[C@@]5(C)[C@]3(C)C[C@H]4O)C(O)[C@H]2O)C(O)[C@H]1O)O[C@@H]1OC(C)[C@@H](O)[C@H](O)C1O	24;25;27;28	22;23;24;25;26;27;28;29;30	CC/[CH:1001]=[C:1002](\C)[C:1003](OC)=[O:1004]	CC/C=C(\C)C(=O)OC	CCC(SC)C(C)=C([O-])OC
Mol_12055	Mol_12055:atom42	ester	C=C[C@](C)(CC/C=C(\C)C(=O)O[C@@H]1C(C)O[C@@H](O[C@](C)(C=C)CC/C=C(\C)C(=O)O[C@@H]2C(C)O[C@@H](O[C@](C)(C=C)CC/C=C(\CO)C(=O)O[C@H]3C[C@@]4(C(=O)O[C@@H]5OC(CO)[C@@H](O)[C@H](O)C5O[C@@H]5OC(C)[C@H](O[C@@H]6O[C@@H](CO)[C@@H](O)C6O)[C@H](O[C@@H]6OC(CO)[C@@H](O)[C@H](O)C6O)C5O)C(CC3(C)C)C3=CCC5[C@@]6(C)CC[C@H](O[C@@H]7OC(CO[C@@H]8OC(C)[C@H](O)[C@H](O)C8O[C@@H]8OC[C@@H](O)[C@H](O)C8O)[C@@H](O)[C@H](O)C7O)C(C)(C)C6CC[C@@]5(C)[C@]3(C)C[C@H]4O)C(O)[C@H]2O)C(O)[C@H]1O)O[C@@H]1OC(C)[C@@H](O)[C@H](O)C1O	42;43;46;47	40;41;42;43;44;45;46;47;48;49	CC/[CH:1001]=[C:1002](\CO)[C:1003](OC)=[O:1004]	CC/C=C(\CO)C(=O)OC	CCC(SC)C(CO)=C([O-])OC
Mol_12056	Mol_12056:atom6	ester	C=C[C@](C)(CC/C=C(\C)C(=O)O[C@H]1[C@@H](O)[C@@H](O)[C@H](O[C@](C)(C=C)CC/C=C(\CO)C(=O)O[C@H]2C[C@]3(C(=O)O[C@@H]4O[C@H](CO)[C@H](O)[C@H](O)[C@H]4O[C@@H]4O[C@@H](C)[C@H](O[C@@H]5O[C@@H](CO)[C@H](O)[C@H]5O)[C@@H](O[C@@H]5O[C@H](CO)[C@H](O)[C@H](O)[C@H]5O)[C@H]4O)[C@H](O)C[C@]4(C)C(=CC[C@@H]5[C@@]6(C)CC[C@H](O[C@@H]7O[C@H](CO[C@@H]8O[C@H](C)[C@H](O)[C@H](O)[C@H]8O[C@@H]8OC[C@@H](O)[C@H](O)[C@H]8O)[C@H](O)[C@H](O)[C@H]7O)C(C)(C)[C@@H]6CC[C@]54C)[C@@H]3CC2(C)C)O[C@@H]1C)O[C@@H]1O[C@H](C)[C@@H](O)[C@H](O)[C@H]1O	6;7;9;10	4;5;6;7;8;9;10;11;12	CC/[CH:1001]=[C:1002](\C)[C:1003](OC)=[O:1004]	CC/C=C(\C)C(=O)OC	CCC(SC)C(C)=C([O-])OC
Mol_12056	Mol_12056:atom25	ester	C=C[C@](C)(CC/C=C(\C)C(=O)O[C@H]1[C@@H](O)[C@@H](O)[C@H](O[C@](C)(C=C)CC/C=C(\CO)C(=O)O[C@H]2C[C@]3(C(=O)O[C@@H]4O[C@H](CO)[C@H](O)[C@H](O)[C@H]4O[C@@H]4O[C@@H](C)[C@H](O[C@@H]5O[C@@H](CO)[C@H](O)[C@H]5O)[C@@H](O[C@@H]5O[C@H](CO)[C@H](O)[C@H](O)[C@H]5O)[C@H]4O)[C@H](O)C[C@]4(C)C(=CC[C@@H]5[C@@]6(C)CC[C@H](O[C@@H]7O[C@H](CO[C@@H]8O[C@H](C)[C@H](O)[C@H](O)[C@H]8O[C@@H]8OC[C@@H](O)[C@H](O)[C@H]8O)[C@H](O)[C@H](O)[C@H]7O)C(C)(C)[C@@H]6CC[C@]54C)[C@@H]3CC2(C)C)O[C@@H]1C)O[C@@H]1O[C@H](C)[C@@H](O)[C@H](O)[C@H]1O	25;26;29;30	23;24;25;26;27;28;29;30;31;32	CC/[CH:1001]=[C:1002](\CO)[C:1003](OC)=[O:1004]	CC/C=C(\CO)C(=O)OC	CCC(SC)C(CO)=C([O-])OC
Mol_12065	Mol_12065:atom7	ester	C=C[C@@](C)(O)CC/C=C(\C)C(=O)O[C@H]1C[C@]2(C(=O)O)CC[C@]3(C)C(=CCC4[C@@]5(C)CC[C@H](OC6OC(CO)C(OC7OCC(O)C(O)C7O)C(O)C6OC6OCC(OC7OCC(O)C(O)C7O)C(OC7OC(CO)C(O)C(O)C7O)C6O)C(C)(C)C5CC[C@]43C)C2CC1(C)C	7;8;10;11	5;6;7;8;9;10;11;12;13	CC/[CH:1001]=[C:1002](\C)[C:1003](OC)=[O:1004]	CC/C=C(\C)C(=O)OC	CCC(SC)C(C)=C([O-])OC
Mol_12066	Mol_12066:atom7	ester	C=C[C@@](C)(O)CC/C=C(\C)C(=O)O[C@H]1C[C@]2(C(=O)O)CC[C@]3(C)C(=CCC4[C@@]5(C)CC[C@H](OC6OC(CO)C(O)C(O)C6OC6OCC(OC7OCC(O)C(O)C7O)C(OC7OC(CO)C(O)C(O)C7O)C6O)C(C)(C)C5CC[C@]43C)C2CC1(C)C	7;8;10;11	5;6;7;8;9;10;11;12;13	CC/[CH:1001]=[C:1002](\C)[C:1003](OC)=[O:1004]	CC/C=C(\C)C(=O)OC	CCC(SC)C(C)=C([O-])OC
Mol_12077	Mol_12077:atom6	ester	C=C[C@](C)(CC/C=C(\C)C(=O)O[C@H]1[C@H](O)[C@@H](O)[C@H](O[C@](C)(C=C)CC/C=C(\C)C(=O)O[C@H]2[C@H](O)[C@@H](O)[C@H](O[C@](C)(C=C)CC/C=C(/C)C(=O)O[C@H]3C[C@]4(C(=O)O[C@@H]5O[C@H](CO)[C@@H](O)[C@H](O)[C@H]5O[C@@H]5O[C@@H](C)[C@H](O[C@@H]6O[C@@H](CO)[C@H](O)[C@H]6O)[C@@H](O[C@@H]6O[C@H](CO)[C@@H](O)[C@H](O)[C@H]6O)[C@H]5O)[C@H](O)C[C@]5(C)C(=CC[C@@H]6[C@@]7(C)CC[C@H](O[C@@H]8O[C@H](CO[C@@H]9O[C@H](C)[C@H](O)[C@H](O)[C@H]9O)[C@@H](O)[C@H](O)[C@H]8O[C@@H]8O[C@H](CO)[C@@H](O)[C@H](O)[C@H]8O)C(C)(C)C7CC[C@]65C)[C@@H]4CC3(C)C)O[C@@H]2C)O[C@@H]1C)O[C@@H]1O[C@H](C)[C@@H](O)[C@@H](O)[C@H]1O	6;7;9;10	4;5;6;7;8;9;10;11;12	CC/[CH:1001]=[C:1002](\C)[C:1003](OC)=[O:1004]	CC/C=C(\C)C(=O)OC	CCC(SC)C(C)=C([O-])OC
Mol_12077	Mol_12077:atom25	ester	C=C[C@](C)(CC/C=C(\C)C(=O)O[C@H]1[C@H](O)[C@@H](O)[C@H](O[C@](C)(C=C)CC/C=C(\C)C(=O)O[C@H]2[C@H](O)[C@@H](O)[C@H](O[C@](C)(C=C)CC/C=C(/C)C(=O)O[C@H]3C[C@]4(C(=O)O[C@@H]5O[C@H](CO)[C@@H](O)[C@H](O)[C@H]5O[C@@H]5O[C@@H](C)[C@H](O[C@@H]6O[C@@H](CO)[C@H](O)[C@H]6O)[C@@H](O[C@@H]6O[C@H](CO)[C@@H](O)[C@H](O)[C@H]6O)[C@H]5O)[C@H](O)C[C@]5(C)C(=CC[C@@H]6[C@@]7(C)CC[C@H](O[C@@H]8O[C@H](CO[C@@H]9O[C@H](C)[C@H](O)[C@H](O)[C@H]9O)[C@@H](O)[C@H](O)[C@H]8O[C@@H]8O[C@H](CO)[C@@H](O)[C@H](O)[C@H]8O)C(C)(C)C7CC[C@]65C)[C@@H]4CC3(C)C)O[C@@H]2C)O[C@@H]1C)O[C@@H]1O[C@H](C)[C@@H](O)[C@@H](O)[C@H]1O	25;26;28;29	23;24;25;26;27;28;29;30;31	CC/[CH:1001]=[C:1002](\C)[C:1003](OC)=[O:1004]	CC/C=C(\C)C(=O)OC	CCC(SC)C(C)=C([O-])OC
Mol_12077	Mol_12077:atom44	ester	C=C[C@](C)(CC/C=C(\C)C(=O)O[C@H]1[C@H](O)[C@@H](O)[C@H](O[C@](C)(C=C)CC/C=C(\C)C(=O)O[C@H]2[C@H](O)[C@@H](O)[C@H](O[C@](C)(C=C)CC/C=C(/C)C(=O)O[C@H]3C[C@]4(C(=O)O[C@@H]5O[C@H](CO)[C@@H](O)[C@H](O)[C@H]5O[C@@H]5O[C@@H](C)[C@H](O[C@@H]6O[C@@H](CO)[C@H](O)[C@H]6O)[C@@H](O[C@@H]6O[C@H](CO)[C@@H](O)[C@H](O)[C@H]6O)[C@H]5O)[C@H](O)C[C@]5(C)C(=CC[C@@H]6[C@@]7(C)CC[C@H](O[C@@H]8O[C@H](CO[C@@H]9O[C@H](C)[C@H](O)[C@H](O)[C@H]9O)[C@@H](O)[C@H](O)[C@H]8O[C@@H]8O[C@H](CO)[C@@H](O)[C@H](O)[C@H]8O)C(C)(C)C7CC[C@]65C)[C@@H]4CC3(C)C)O[C@@H]2C)O[C@@H]1C)O[C@@H]1O[C@H](C)[C@@H](O)[C@@H](O)[C@H]1O	44;45;47;48	42;43;44;45;46;47;48;49;50	CC/[CH:1001]=[C:1002](/C)[C:1003](OC)=[O:1004]	CC/C=C(/C)C(=O)OC	CCC(SC)C(C)=C([O-])OC
Mol_12078	Mol_12078:atom7	ester	C=C[C@@](C)(O)CC/C=C(\C)C(=O)O[C@H]1[C@H](O)[C@@H](O)[C@H](O[C@](C)(C=C)CC/C=C(\C)C(=O)O[C@H]2[C@H](O)[C@@H](O)[C@H](O[C@](C)(C=C)CC/C=C(\C)C(=O)O[C@H]3C[C@]4(C(=O)O[C@@H]5O[C@H](CO)[C@@H](O)[C@H](O)[C@H]5O[C@@H]5O[C@@H](C)[C@H](O[C@@H]6OC[C@@H](O)[C@H](O)[C@H]6O)[C@@H](O)[C@H]5O)[C@H](O)C[C@]5(C)C(=CC[C@@H]6[C@@]7(C)CC[C@H](O[C@@H]8O[C@H](CO[C@@H]9O[C@H](C)[C@H](O)[C@H](O)[C@H]9O)[C@@H](O)[C@H](O)[C@H]8O[C@@H]8O[C@H](CO)[C@@H](O)[C@H](O)[C@H]8O)C(C)(C)[C@@H]7CC[C@]65C)[C@@H]4CC3(C)C)O[C@@H]2C)O[C@@H]1C	7;8;10;11	5;6;7;8;9;10;11;12;13	CC/[CH:1001]=[C:1002](\C)[C:1003](OC)=[O:1004]	CC/C=C(\C)C(=O)OC	CCC(SC)C(C)=C([O-])OC
Mol_12078	Mol_12078:atom26	ester	C=C[C@@](C)(O)CC/C=C(\C)C(=O)O[C@H]1[C@H](O)[C@@H](O)[C@H](O[C@](C)(C=C)CC/C=C(\C)C(=O)O[C@H]2[C@H](O)[C@@H](O)[C@H](O[C@](C)(C=C)CC/C=C(\C)C(=O)O[C@H]3C[C@]4(C(=O)O[C@@H]5O[C@H](CO)[C@@H](O)[C@H](O)[C@H]5O[C@@H]5O[C@@H](C)[C@H](O[C@@H]6OC[C@@H](O)[C@H](O)[C@H]6O)[C@@H](O)[C@H]5O)[C@H](O)C[C@]5(C)C(=CC[C@@H]6[C@@]7(C)CC[C@H](O[C@@H]8O[C@H](CO[C@@H]9O[C@H](C)[C@H](O)[C@H](O)[C@H]9O)[C@@H](O)[C@H](O)[C@H]8O[C@@H]8O[C@H](CO)[C@@H](O)[C@H](O)[C@H]8O)C(C)(C)[C@@H]7CC[C@]65C)[C@@H]4CC3(C)C)O[C@@H]2C)O[C@@H]1C	26;27;29;30	24;25;26;27;28;29;30;31;32	CC/[CH:1001]=[C:1002](\C)[C:1003](OC)=[O:1004]	CC/C=C(\C)C(=O)OC	CCC(SC)C(C)=C([O-])OC
Mol_12078	Mol_12078:atom45	ester	C=C[C@@](C)(O)CC/C=C(\C)C(=O)O[C@H]1[C@H](O)[C@@H](O)[C@H](O[C@](C)(C=C)CC/C=C(\C)C(=O)O[C@H]2[C@H](O)[C@@H](O)[C@H](O[C@](C)(C=C)CC/C=C(\C)C(=O)O[C@H]3C[C@]4(C(=O)O[C@@H]5O[C@H](CO)[C@@H](O)[C@H](O)[C@H]5O[C@@H]5O[C@@H](C)[C@H](O[C@@H]6OC[C@@H](O)[C@H](O)[C@H]6O)[C@@H](O)[C@H]5O)[C@H](O)C[C@]5(C)C(=CC[C@@H]6[C@@]7(C)CC[C@H](O[C@@H]8O[C@H](CO[C@@H]9O[C@H](C)[C@H](O)[C@H](O)[C@H]9O)[C@@H](O)[C@H](O)[C@H]8O[C@@H]8O[C@H](CO)[C@@H](O)[C@H](O)[C@H]8O)C(C)(C)[C@@H]7CC[C@]65C)[C@@H]4CC3(C)C)O[C@@H]2C)O[C@@H]1C	45;46;48;49	43;44;45;46;47;48;49;50;51	CC/[CH:1001]=[C:1002](\C)[C:1003](OC)=[O:1004]	CC/C=C(\C)C(=O)OC	CCC(SC)C(C)=C([O-])OC
Mol_12079	Mol_12079:atom6	ester	C=C[C@](C)(CC/C=C(\C)C(=O)O[C@H]1[C@H](O)[C@@H](O)[C@H](O[C@](C)(C=C)CC/C=C(\C)C(=O)O[C@H]2[C@H](O)[C@@H](O)[C@H](O[C@](C)(C=C)CC/C=C(/C)C(=O)O[C@H]3C[C@]4(C(=O)O[C@@H]5O[C@H](CO)[C@@H](O)[C@H](O)[C@H]5O[C@@H]5O[C@@H](C)[C@H](O[C@@H]6OC[C@@H](O)[C@H](O)[C@H]6O)[C@@H](O)[C@H]5O)[C@H](O)C[C@]5(C)C(=CC[C@@H]6[C@@]7(C)CC[C@H](O[C@@H]8O[C@H](CO[C@@H]9O[C@H](C)[C@H](O)[C@H](O)[C@H]9O)[C@@H](O)[C@H](O)[C@H]8O[C@@H]8O[C@H](CO)[C@@H](O)[C@H](O)[C@H]8O)C(C)(C)C7CC[C@]65C)[C@@H]4CC3(C)C)O[C@@H]2C)O[C@@H]1C)O[C@@H]1O[C@H](C)[C@@H](O)[C@H](O)[C@H]1O	6;7;9;10	4;5;6;7;8;9;10;11;12	CC/[CH:1001]=[C:1002](\C)[C:1003](OC)=[O:1004]	CC/C=C(\C)C(=O)OC	CCC(SC)C(C)=C([O-])OC
Mol_12079	Mol_12079:atom25	ester	C=C[C@](C)(CC/C=C(\C)C(=O)O[C@H]1[C@H](O)[C@@H](O)[C@H](O[C@](C)(C=C)CC/C=C(\C)C(=O)O[C@H]2[C@H](O)[C@@H](O)[C@H](O[C@](C)(C=C)CC/C=C(/C)C(=O)O[C@H]3C[C@]4(C(=O)O[C@@H]5O[C@H](CO)[C@@H](O)[C@H](O)[C@H]5O[C@@H]5O[C@@H](C)[C@H](O[C@@H]6OC[C@@H](O)[C@H](O)[C@H]6O)[C@@H](O)[C@H]5O)[C@H](O)C[C@]5(C)C(=CC[C@@H]6[C@@]7(C)CC[C@H](O[C@@H]8O[C@H](CO[C@@H]9O[C@H](C)[C@H](O)[C@H](O)[C@H]9O)[C@@H](O)[C@H](O)[C@H]8O[C@@H]8O[C@H](CO)[C@@H](O)[C@H](O)[C@H]8O)C(C)(C)C7CC[C@]65C)[C@@H]4CC3(C)C)O[C@@H]2C)O[C@@H]1C)O[C@@H]1O[C@H](C)[C@@H](O)[C@H](O)[C@H]1O	25;26;28;29	23;24;25;26;27;28;29;30;31	CC/[CH:1001]=[C:1002](\C)[C:1003](OC)=[O:1004]	CC/C=C(\C)C(=O)OC	CCC(SC)C(C)=C([O-])OC
Mol_12079	Mol_12079:atom44	ester	C=C[C@](C)(CC/C=C(\C)C(=O)O[C@H]1[C@H](O)[C@@H](O)[C@H](O[C@](C)(C=C)CC/C=C(\C)C(=O)O[C@H]2[C@H](O)[C@@H](O)[C@H](O[C@](C)(C=C)CC/C=C(/C)C(=O)O[C@H]3C[C@]4(C(=O)O[C@@H]5O[C@H](CO)[C@@H](O)[C@H](O)[C@H]5O[C@@H]5O[C@@H](C)[C@H](O[C@@H]6OC[C@@H](O)[C@H](O)[C@H]6O)[C@@H](O)[C@H]5O)[C@H](O)C[C@]5(C)C(=CC[C@@H]6[C@@]7(C)CC[C@H](O[C@@H]8O[C@H](CO[C@@H]9O[C@H](C)[C@H](O)[C@H](O)[C@H]9O)[C@@H](O)[C@H](O)[C@H]8O[C@@H]8O[C@H](CO)[C@@H](O)[C@H](O)[C@H]8O)C(C)(C)C7CC[C@]65C)[C@@H]4CC3(C)C)O[C@@H]2C)O[C@@H]1C)O[C@@H]1O[C@H](C)[C@@H](O)[C@H](O)[C@H]1O	44;45;47;48	42;43;44;45;46;47;48;49;50	CC/[CH:1001]=[C:1002](/C)[C:1003](OC)=[O:1004]	CC/C=C(/C)C(=O)OC	CCC(SC)C(C)=C([O-])OC
Mol_12091	Mol_12091:atom6	ester	C=C[C@@](C)(CC/C=C(\C)C(=O)O[C@H]1[C@H](O)[C@@H](O)[C@H](O[C@](C)(C=C)CC/C=C(\CO)C(=O)O[C@H]2C[C@]3(C(=O)O[C@@H]4O[C@H](CO)[C@@H](O)[C@H](O)[C@H]4O[C@@H]4O[C@@H](C)[C@H](O[C@@H]5O[C@@H](CO)[C@H](O)[C@H]5O)[C@@H](O[C@@H]5O[C@H](CO)[C@@H](O)[C@H](O)[C@H]5O)[C@H]4O)[C@H](O)C[C@]4(C)C(=CC[C@@H]5[C@@]6(C)CC[C@H](O[C@@H]7O[C@H](CO[C@@H]8OC[C@H](O)[C@H](O)[C@H]8O[C@@H]8OC[C@@H](O)[C@H](O)[C@H]8O)[C@@H](O)[C@H](O)[C@H]7O)C(C)(C)[C@@H]6CC[C@]54C)[C@@H]3CC2(C)C)O[C@@H]1C)O[C@@H]1O[C@H](C)[C@@H](O)[C@H](O)[C@H]1O	6;7;9;10	4;5;6;7;8;9;10;11;12	CC/[CH:1001]=[C:1002](\C)[C:1003](OC)=[O:1004]	CC/C=C(\C)C(=O)OC	CCC(SC)C(C)=C([O-])OC
Mol_12091	Mol_12091:atom25	ester	C=C[C@@](C)(CC/C=C(\C)C(=O)O[C@H]1[C@H](O)[C@@H](O)[C@H](O[C@](C)(C=C)CC/C=C(\CO)C(=O)O[C@H]2C[C@]3(C(=O)O[C@@H]4O[C@H](CO)[C@@H](O)[C@H](O)[C@H]4O[C@@H]4O[C@@H](C)[C@H](O[C@@H]5O[C@@H](CO)[C@H](O)[C@H]5O)[C@@H](O[C@@H]5O[C@H](CO)[C@@H](O)[C@H](O)[C@H]5O)[C@H]4O)[C@H](O)C[C@]4(C)C(=CC[C@@H]5[C@@]6(C)CC[C@H](O[C@@H]7O[C@H](CO[C@@H]8OC[C@H](O)[C@H](O)[C@H]8O[C@@H]8OC[C@@H](O)[C@H](O)[C@H]8O)[C@@H](O)[C@H](O)[C@H]7O)C(C)(C)[C@@H]6CC[C@]54C)[C@@H]3CC2(C)C)O[C@@H]1C)O[C@@H]1O[C@H](C)[C@@H](O)[C@H](O)[C@H]1O	25;26;29;30	23;24;25;26;27;28;29;30;31;32	CC/[CH:1001]=[C:1002](\CO)[C:1003](OC)=[O:1004]	CC/C=C(\CO)C(=O)OC	CCC(SC)C(CO)=C([O-])OC
Mol_12092	Mol_12092:atom6	ester	C=C[C@](C)(CC/C=C(\C)C(=O)OC1C(C)OC(O[C@](C)(C=C)CC/C=C(\C)C(=O)OC2C(C)OC(O[C@](C)(C=C)CC/C=C(\CO)C(=O)O[C@H]3C[C@@]4(C(=O)OC5OC(CO)C(O)C(O)C5OC5OC(C)C(OC6OC(CO)C(O)C6O)C(OC6OC(CO)C(O)C(O)C6O)C5O)C(CC3(C)C)C3=CCC5[C@@]6(C)CC[C@H](OC7OC(COC8OC(C)C(O)C(O)C8OC8OCC(O)C(O)C8O)C(O)C(O)C7O)C(C)(C)C6CC[C@@]5(C)[C@]3(C)C[C@H]4O)C(O)C2O)C(O)C1O)OC1OC(C)C(O)C(O)C1O	6;7;9;10	4;5;6;7;8;9;10;11;12	CC/[CH:1001]=[C:1002](\C)[C:1003](OC)=[O:1004]	CC/C=C(\C)C(=O)OC	CCC(SC)C(C)=C([O-])OC
Mol_12092	Mol_12092:atom24	ester	C=C[C@](C)(CC/C=C(\C)C(=O)OC1C(C)OC(O[C@](C)(C=C)CC/C=C(\C)C(=O)OC2C(C)OC(O[C@](C)(C=C)CC/C=C(\CO)C(=O)O[C@H]3C[C@@]4(C(=O)OC5OC(CO)C(O)C(O)C5OC5OC(C)C(OC6OC(CO)C(O)C6O)C(OC6OC(CO)C(O)C(O)C6O)C5O)C(CC3(C)C)C3=CCC5[C@@]6(C)CC[C@H](OC7OC(COC8OC(C)C(O)C(O)C8OC8OCC(O)C(O)C8O)C(O)C(O)C7O)C(C)(C)C6CC[C@@]5(C)[C@]3(C)C[C@H]4O)C(O)C2O)C(O)C1O)OC1OC(C)C(O)C(O)C1O	24;25;27;28	22;23;24;25;26;27;28;29;30	CC/[CH:1001]=[C:1002](\C)[C:1003](OC)=[O:1004]	CC/C=C(\C)C(=O)OC	CCC(SC)C(C)=C([O-])OC
Mol_12092	Mol_12092:atom42	ester	C=C[C@](C)(CC/C=C(\C)C(=O)OC1C(C)OC(O[C@](C)(C=C)CC/C=C(\C)C(=O)OC2C(C)OC(O[C@](C)(C=C)CC/C=C(\CO)C(=O)O[C@H]3C[C@@]4(C(=O)OC5OC(CO)C(O)C(O)C5OC5OC(C)C(OC6OC(CO)C(O)C6O)C(OC6OC(CO)C(O)C(O)C6O)C5O)C(CC3(C)C)C3=CCC5[C@@]6(C)CC[C@H](OC7OC(COC8OC(C)C(O)C(O)C8OC8OCC(O)C(O)C8O)C(O)C(O)C7O)C(C)(C)C6CC[C@@]5(C)[C@]3(C)C[C@H]4O)C(O)C2O)C(O)C1O)OC1OC(C)C(O)C(O)C1O	42;43;46;47	40;41;42;43;44;45;46;47;48;49	CC/[CH:1001]=[C:1002](\CO)[C:1003](OC)=[O:1004]	CC/C=C(\CO)C(=O)OC	CCC(SC)C(CO)=C([O-])OC
Mol_12093	Mol_12093:atom6	ester	C=C[C@](C)(CC/C=C(\C)C(=O)OC1C(C)OC(O[C@](C)(C=C)CC/C=C(\C)C(=O)O[C@H]2C[C@@]3(C(=O)OC4OC(CO)C(O)C(O)C4OC4OC(C)C(OC5OCC(O)C(O)C5O)C(OC5OC(CO)C(O)C(O)C5O)C4O)C(CC2(C)C)C2=CCC4[C@@]5(C)CC[C@H](OC6OC(COC7OC(C)C(O)C(O)C7OC7OCC(O)C(O)C7O)C(O)C(O)C6O)C(C)(C)C5CC[C@@]4(C)[C@]2(C)C[C@H]3O)C(O)C1O)OC1OC(C)C(O)C(O)C1O	6;7;9;10	4;5;6;7;8;9;10;11;12	CC/[CH:1001]=[C:1002](\C)[C:1003](OC)=[O:1004]	CC/C=C(\C)C(=O)OC	CCC(SC)C(C)=C([O-])OC
Mol_12093	Mol_12093:atom24	ester	C=C[C@](C)(CC/C=C(\C)C(=O)OC1C(C)OC(O[C@](C)(C=C)CC/C=C(\C)C(=O)O[C@H]2C[C@@]3(C(=O)OC4OC(CO)C(O)C(O)C4OC4OC(C)C(OC5OCC(O)C(O)C5O)C(OC5OC(CO)C(O)C(O)C5O)C4O)C(CC2(C)C)C2=CCC4[C@@]5(C)CC[C@H](OC6OC(COC7OC(C)C(O)C(O)C7OC7OCC(O)C(O)C7O)C(O)C(O)C6O)C(C)(C)C5CC[C@@]4(C)[C@]2(C)C[C@H]3O)C(O)C1O)OC1OC(C)C(O)C(O)C1O	24;25;27;28	22;23;24;25;26;27;28;29;30	CC/[CH:1001]=[C:1002](\C)[C:1003](OC)=[O:1004]	CC/C=C(\C)C(=O)OC	CCC(SC)C(C)=C([O-])OC
Mol_12094	Mol_12094:atom6	ester	C=C[C@](C)(CC/C=C(\C)C(=O)OC1C(C)OC(O[C@](C)(C=C)CC/C=C(\C)C(=O)OC2C(C)OC(O[C@](C)(C=C)CC/C=C(\C)C(=O)O[C@H]3C[C@@]4(C(=O)OC5OC(CO)C(O)C(O)C5OC5OC(C)C(OC6OC(CO)C(O)C6O)C(OC6OC(C)C(O)C(O)C6O)C5O)C(CC3(C)C)C3=CCC5[C@@]6(C)CC[C@H](OC7OC(COC8OC(C)C(O)C(O)C8OC8OCC(O)C(O)C8O)C(O)C(O)C7OC7OC(CO)C(O)C(O)C7O)C(C)(C)C6CC[C@@]5(C)[C@]3(C)C[C@H]4O)C(O)C2O)C(O)C1O)OC1OC(C)C(O)C(O)C1O	6;7;9;10	4;5;6;7;8;9;10;11;12	CC/[CH:1001]=[C:1002](\C)[C:1003](OC)=[O:1004]	CC/C=C(\C)C(=O)OC	CCC(SC)C(C)=C([O-])OC
Mol_12094	Mol_12094:atom24	ester	C=C[C@](C)(CC/C=C(\C)C(=O)OC1C(C)OC(O[C@](C)(C=C)CC/C=C(\C)C(=O)OC2C(C)OC(O[C@](C)(C=C)CC/C=C(\C)C(=O)O[C@H]3C[C@@]4(C(=O)OC5OC(CO)C(O)C(O)C5OC5OC(C)C(OC6OC(CO)C(O)C6O)C(OC6OC(C)C(O)C(O)C6O)C5O)C(CC3(C)C)C3=CCC5[C@@]6(C)CC[C@H](OC7OC(COC8OC(C)C(O)C(O)C8OC8OCC(O)C(O)C8O)C(O)C(O)C7OC7OC(CO)C(O)C(O)C7O)C(C)(C)C6CC[C@@]5(C)[C@]3(C)C[C@H]4O)C(O)C2O)C(O)C1O)OC1OC(C)C(O)C(O)C1O	24;25;27;28	22;23;24;25;26;27;28;29;30	CC/[CH:1001]=[C:1002](\C)[C:1003](OC)=[O:1004]	CC/C=C(\C)C(=O)OC	CCC(SC)C(C)=C([O-])OC
Mol_12094	Mol_12094:atom42	ester	C=C[C@](C)(CC/C=C(\C)C(=O)OC1C(C)OC(O[C@](C)(C=C)CC/C=C(\C)C(=O)OC2C(C)OC(O[C@](C)(C=C)CC/C=C(\C)C(=O)O[C@H]3C[C@@]4(C(=O)OC5OC(CO)C(O)C(O)C5OC5OC(C)C(OC6OC(CO)C(O)C6O)C(OC6OC(C)C(O)C(O)C6O)C5O)C(CC3(C)C)C3=CCC5[C@@]6(C)CC[C@H](OC7OC(COC8OC(C)C(O)C(O)C8OC8OCC(O)C(O)C8O)C(O)C(O)C7OC7OC(CO)C(O)C(O)C7O)C(C)(C)C6CC[C@@]5(C)[C@]3(C)C[C@H]4O)C(O)C2O)C(O)C1O)OC1OC(C)C(O)C(O)C1O	42;43;45;46	40;41;42;43;44;45;46;47;48	CC/[CH:1001]=[C:1002](\C)[C:1003](OC)=[O:1004]	CC/C=C(\C)C(=O)OC	CCC(SC)C(C)=C([O-])OC
Mol_12103	Mol_12103:atom6	ester	C=C[C@](C)(CC/C=C(\C)C(=O)O[C@H]1C[C@@]2(C(=O)OC3OC(CO)C(O)C(O)C3OC3OC(C)C(OC4OC(CO)C(O)C4O)C(OC4OC(CO)C(O)C(O)C4O)C3O)C(CC1(C)C)C1=CCC3[C@@]4(C)CC[C@H](OC5OC(COC6OCC(O)C(O)C6O)C(O)C(O)C5OC5OC(CO)C(O)C(O)C5O)C(C)(C)C4CC[C@@]3(C)[C@]1(C)C[C@H]2O)OC1OC(C)C(O)C(O)C1O	6;7;9;10	4;5;6;7;8;9;10;11;12	CC/[CH:1001]=[C:1002](\C)[C:1003](OC)=[O:1004]	CC/C=C(\C)C(=O)OC	CCC(SC)C(C)=C([O-])OC
Mol_12104	Mol_12104:atom6	ester	C=C[C@](C)(CC/C=C(\C)C(=O)O[C@H]1C[C@@]2(C(=O)OC3OC(CO)C(O)C(O)C3OC3OC(C)C(OC4OC(CO)C(O)C4O)C(OC4OC(CO)C(O)C(O)C4O)C3O)C(CC1(C)C)C1=CCC3[C@@]4(C)CC[C@H](OC5OC(COC6OC(C)C(O)C(O)C6O)C(O)C(O)C5OC5OC(CO)C(O)C(O)C5O)C(C)(C)C4CC[C@@]3(C)[C@]1(C)C[C@H]2O)OC1OC(C)C(O)C(O)C1O	6;7;9;10	4;5;6;7;8;9;10;11;12	CC/[CH:1001]=[C:1002](\C)[C:1003](OC)=[O:1004]	CC/C=C(\C)C(=O)OC	CCC(SC)C(C)=C([O-])OC
Mol_12115	Mol_12115:atom22	ester	CCCCCCCCCCCCCCCCCCOC(=O)/C=C/c1ccc(O)cc1	22;21;19;20	17;18;19;20;21;22;23;24;25;26;28;29	CO[C:1003](/[CH:1002]=[CH:1001]/c1ccccc1)=[O:1004]	COC(=O)/C=C/c1ccccc1	COC([O-])=CC(SC)c1ccccc1
Mol_12116	Mol_12116:atom22	ester	CCCCCCCCCCCCCCCCCCOC(=O)/C=C/c1ccc(O)c(OC)c1	22;21;19;20	17;18;19;20;21;22;23;24;25;26;28;31	CO[C:1003](/[CH:1002]=[CH:1001]/c1ccccc1)=[O:1004]	COC(=O)/C=C/c1ccccc1	COC([O-])=CC(SC)c1ccccc1
Mol_12133	Mol_12133:atom24	enone	CC(C)=CCc1c(O)ccc(C(=O)[C@@H]2[C@@H](c3c(O)ccc(C(=O)/C=C/c4ccc(O)cc4)c3O)C=C(C)C[C@H]2c2ccc(O)cc2)c1O	24;23;21;22	15;16;18;19;20;21;22;23;24;25;26;27;28;30;31;32	c1ccc(/[CH:1001]=[CH:1002]/[C:1003](c2ccccc2)=[O:1004])cc1	O=C(/C=C/c1ccccc1)c1ccccc1	CSC(C=C([O-])c1ccccc1)c1ccccc1
Mol_12135	Mol_12135:atom11	enone	CC(C)=CCc1cc(C(=O)/C=C/c2ccc(O)cc2)c(O)c(CC=C(C)C)c1O	11;10;8;9	5;6;7;8;9;10;11;12;13;14;15;17;18;19;21;27	c1ccc(/[CH:1001]=[CH:1002]/[C:1003](c2ccccc2)=[O:1004])cc1	O=C(/C=C/c1ccccc1)c1ccccc1	CSC(C=C([O-])c1ccccc1)c1ccccc1
Mol_12139	Mol_12139:atom8	enone	CC(C)=CCc1cc(/C=C/C(=O)c2cc(CC=C(C)C)c(O)cc2O)ccc1O	8;9;10;11	5;6;7;8;9;10;11;12;13;14;20;22;23;25;26;27	c1ccc(/[CH:1001]=[CH:1002]/[C:1003](c2ccccc2)=[O:1004])cc1	O=C(/C=C/c1ccccc1)c1ccccc1	CSC(C=C([O-])c1ccccc1)c1ccccc1
Mol_12150	Mol_12150:atom13	enone	CC1(C)C=Cc2c(ccc(C(=O)/C=C/c3ccc(O)cc3)c2O)O1	13;12;10;11	5;6;7;8;9;10;11;12;13;14;15;16;17;19;20;21	c1ccc(/[CH:1001]=[CH:1002]/[C:1003](c2ccccc2)=[O:1004])cc1	O=C(/C=C/c1ccccc1)c1ccccc1	CSC(C=C([O-])c1ccccc1)c1ccccc1
Mol_12154	Mol_12154:atom8	enone	CC1(C)CCc2cc(/C=C/C(=O)c3cc4c(cc3O)OC(C)(C)CC4)ccc2O1	8;9;10;11	5;6;7;8;9;10;11;12;13;14;15;16;17;25;26;27	c1ccc(/[CH:1001]=[CH:1002]/[C:1003](c2ccccc2)=[O:1004])cc1	O=C(/C=C/c1ccccc1)c1ccccc1	CSC(C=C([O-])c1ccccc1)c1ccccc1
Mol_12163	Mol_12163:atom6	enone	COc1ccc(/C=C/C(=O)c2ccc3c(c2O)C=CC(C)(C)O3)cc1	6;7;8;9	2;3;4;5;6;7;8;9;10;11;12;13;14;15;23;24	c1ccc(/[CH:1001]=[CH:1002]/[C:1003](c2ccccc2)=[O:1004])cc1	O=C(/C=C/c1ccccc1)c1ccccc1	CSC(C=C([O-])c1ccccc1)c1ccccc1
Mol_12167	Mol_12167:atom13	enone	CC1(C)CCc2c(ccc(C(=O)/C=C/c3ccc(O)cc3)c2O)O1	13;12;10;11	5;6;7;8;9;10;11;12;13;14;15;16;17;19;20;21	c1ccc(/[CH:1001]=[CH:1002]/[C:1003](c2ccccc2)=[O:1004])cc1	O=C(/C=C/c1ccccc1)c1ccccc1	CSC(C=C([O-])c1ccccc1)c1ccccc1
Mol_12188	Mol_12188:atom12	enone	CC(C)=CCCC1(C)C=Cc2c(/C=C/C(=O)c3ccc(O)c(CC=C(C)C)c3O)ccc(O)c2O1	12;13;14;15	10;11;12;13;14;15;16;17;18;19;21;27;29;30;31;33	c1ccc(/[CH:1001]=[CH:1002]/[C:1003](c2ccccc2)=[O:1004])cc1	O=C(/C=C/c1ccccc1)c1ccccc1	CSC(C=C([O-])c1ccccc1)c1ccccc1
Mol_12221	Mol_12221:atom26	ester	C[C@@H]1CC[C@]2(C(=O)O)CC[C@]3(C)C(=CC[C@@H]4[C@@]5(C)C[C@@H](O)[C@H](OC(=O)/C=C/c6ccc(O)cc6)C(C)(C)[C@@H]5CC[C@]43C)[C@@H]2[C@]1(C)O	26;25;23;24	21;22;23;24;25;26;27;28;29;30;32;33	CO[C:1003](/[CH:1002]=[CH:1001]/c1ccccc1)=[O:1004]	COC(=O)/C=C/c1ccccc1	COC([O-])=CC(SC)c1ccccc1
Mol_12261	Mol_12261:atom34	ester	CCCCCCCCCCCCCCCCCCCCCCCCCCCCCCOC(=O)/C=C/c1ccc(O)c(OC)c1	34;33;31;32	29;30;31;32;33;34;35;36;37;38;40;43	CO[C:1003](/[CH:1002]=[CH:1001]/c1ccccc1)=[O:1004]	COC(=O)/C=C/c1ccccc1	COC([O-])=CC(SC)c1ccccc1
Mol_12270	Mol_12270:atom13	enone	CC(=O)O[C@H]1CC[C@]2(C)[C@H]3C(=O)C=C4[C@@H]5[C@@H](C)[C@H](C)CC[C@]5(C)CC[C@@]4(C)[C@]3(C)CC[C@H]2C1(C)C	13;12;10;11	7;9;10;11;12;13;14;15;21;24;25;26;27	CC(C)[C:1001]1=[CH:1002][C:1003](=[O:1004])[C@H](C)CC1(C)C	CC(C)C1=CC(=O)[C@H](C)CC1(C)C	CSC1(C(C)C)C=C([O-])[C@H](C)CC1(C)C
Mol_12275	Mol_12275:atom14	enone	CC(C)=CCc1c(O)ccc(C(=O)/C=C/c2ccc(O)cc2O)c1O	14;13;11;12	5;6;8;9;10;11;12;13;14;15;16;17;18;20;21;23	c1ccc(/[CH:1001]=[CH:1002]/[C:1003](c2ccccc2)=[O:1004])cc1	O=C(/C=C/c1ccccc1)c1ccccc1	CSC(C=C([O-])c1ccccc1)c1ccccc1
Mol_12338	Mol_12338:atom3	ester	O=C(/C=C/c1ccc(O)c(O)c1)Oc1ccc(C(=O)O)cc1O	3;2;1;0	0;1;2;3;4;5;6;7;9;11;12;13;14;15;16;20;21	c1ccc(O[C:1003](/[CH:1002]=[CH:1001]/c2ccccc2)=[O:1004])cc1	O=C(/C=C/c1ccccc1)Oc1ccccc1	CSC(C=C([O-])Oc1ccccc1)c1ccccc1
Mol_12381	Mol_12381:atom3	enone	COC1=C(C)C(OC)C(O)=C(CCCCCCCCCCCC2=C(O)C(=O)C(C)=C(O)C2=O)C1=O	3;2;33;34	0;1;2;3;4;5;6;8;10;11;33;34	CO[C:1002]1=[C:1001](C)C(O)C=C(C)[C:1003]1=[O:1004]	COC1=C(C)C(O)C=C(C)C1=O	COC1=C([O-])C(C)=CC(O)C1(C)SC
Mol_12381	Mol_12381:atom8	enone	COC1=C(C)C(OC)C(O)=C(CCCCCCCCCCCC2=C(O)C(=O)C(C)=C(O)C2=O)C1=O	8;10;33;34	1;2;3;5;6;8;9;10;11;12;33;34	CC[C:1002]1=[C:1001](O)C(O)C=C(O)[C:1003]1=[O:1004]	CCC1=C(O)C(O)C=C(O)C1=O	CCC1=C([O-])C(O)=CC(O)C1(O)SC
Mol_12398	Mol_12398:atom7	enone	CC(=O)OC[C@@H](C)C1=C(O)C(=O)[C@@]2(C)C/C=C(\C)CC/C=C(\C)CC[C@H](O)/C(C)=C/C[C@H]12	7;8;10;11	4;5;6;7;8;9;10;11;12;13;14;30;31	CC(C)[C:1001]1=[C:1002](O)[C:1003](=[O:1004])C(C)(C)[C@@H]1C	CC(C)C1=C(O)C(=O)C(C)(C)[C@@H]1C	CSC1(C(C)C)C(O)=C([O-])C(C)(C)[C@@H]1C
Mol_12464	Mol_12464:atom5	ester	COC(=O)C1=CO[C@@H](O[C@@H]2O[C@H](CO)[C@@H](O)[C@H](O)[C@H]2O)[C@H]2[C@@H]1[C@H](O)C[C@]2(C)O	5;4;2;3	0;1;2;3;4;5;6;7;20;21;22	CO[C:1003]([C:1002]1=[CH:1001]OCC[C@@H]1C)=[O:1004]	COC(=O)C1=COCC[C@@H]1C	COC([O-])=C1C(SC)OCC[C@@H]1C
Mol_12471	Mol_12471:atom6	ester	COc1ccc(/C=C/C(=O)O[C@@H]2[C@H](O)[C@@H](O[C@@H]3O[C@@H](C)[C@H](O[C@@H]4OC[C@@H](O)[C@H](O[C@@H]5OC[C@H](O)[C@H](O)[C@H]5O)[C@H]4O)[C@@H](O)[C@H]3O)[C@H](OC(=O)[C@]34CCC(C)(C)C[C@@H]3C3=CC[C@@H]5[C@@]6(C)CC[C@H](O[C@@H]7O[C@H](CO)[C@@H](O)[C@H](O)[C@H]7O)[C@@](C)(C(=O)O)[C@@H]6CC[C@@]5(C)[C@]3(CO)CC4)O[C@@H]2C)cc1OC	6;7;8;9	2;3;4;5;6;7;8;9;10;11;95;96	CO[C:1003](/[CH:1002]=[CH:1001]/c1ccccc1)=[O:1004]	COC(=O)/C=C/c1ccccc1	COC([O-])=CC(SC)c1ccccc1
Mol_12472	Mol_12472:atom6	ester	COc1ccc(/C=C/C(=O)OC2C(C)OC(OC(=O)[C@]34CCC(C)(C)CC3C3=CCC5[C@@]6(C)C[C@H](O)[C@H](OC7OC(CO)C(O)C(O)C7O)C(C)(C)C6CC[C@@]5(C)[C@]3(CO)C[C@H]4O)C(OC3OC(C)C(OC4OCC(OC5OC(CO)C(O)C(O)C5O)C(OC5OC(CO)C(O)C(O)C5O)C4O)C(O)C3O)C2O)cc1OC	6;7;8;9	2;3;4;5;6;7;8;9;10;11;108;109	CO[C:1003](/[CH:1002]=[CH:1001]/c1ccccc1)=[O:1004]	COC(=O)/C=C/c1ccccc1	COC([O-])=CC(SC)c1ccccc1
Mol_12474	Mol_12474:atom14	enone	COc1cc(O)cc(OC)c1C(=O)C=Cc1ccccc1	14;13;11;12	2;3;4;6;7;10;11;12;13;14;15;16;17;18;19;20	c1ccc([CH:1001]=[CH:1002][C:1003](c2ccccc2)=[O:1004])cc1	O=C(C=Cc1ccccc1)c1ccccc1	CSC(C=C([O-])c1ccccc1)c1ccccc1
Mol_12504	Mol_12504:atom3	ester	O=C(/C=C/c1ccc(O)cc1)OC[C@H]1O[C@@H](Oc2c(-c3ccc(O)cc3)oc3cc(O)cc(O)c3c2=O)[C@H](OC(=O)/C=C/c2ccc(O)cc2)[C@@H](O)[C@@H]1O	3;2;1;0	0;1;2;3;4;5;6;7;9;10;11;12	CO[C:1003](/[CH:1002]=[CH:1001]/c1ccccc1)=[O:1004]	COC(=O)/C=C/c1ccccc1	COC([O-])=CC(SC)c1ccccc1
Mol_12504	Mol_12504:atom42	ester	O=C(/C=C/c1ccc(O)cc1)OC[C@H]1O[C@@H](Oc2c(-c3ccc(O)cc3)oc3cc(O)cc(O)c3c2=O)[C@H](OC(=O)/C=C/c2ccc(O)cc2)[C@@H](O)[C@@H]1O	42;41;39;40	37;38;39;40;41;42;43;44;45;46;48;49	CO[C:1003](/[CH:1002]=[CH:1001]/c1ccccc1)=[O:1004]	COC(=O)/C=C/c1ccccc1	COC([O-])=CC(SC)c1ccccc1
Mol_12521	Mol_12521:atom1	enal	C/C=C(\C=O)c1cc2n(c(=O)c1O)CCc1c-2[nH]c2ccccc12	1;2;3;4	0;1;2;3;4;5;6;7;8;9;11	C/[CH:1001]=[C:1002](/c1ccncc1)[CH:1003]=[O:1004]	C/C=C(\C=O)c1ccncc1	CSC(C)C(=C[O-])c1ccncc1
Mol_12536	Mol_12536:atom5	ester	COC(=O)C1=COC(O)[C@@H]2C(CO)=CC(=O)[C@H]12	5;4;2;3	0;1;2;3;4;5;6;7;9;14;16	CO[C:1003]([C:1002]1=[CH:1001]OCC[C@@H]1C)=[O:1004]	COC(=O)C1=COCC[C@@H]1C	COC([O-])=C1C(SC)OCC[C@@H]1C
Mol_12536	Mol_12536:atom10	enone	COC(=O)C1=COC(O)[C@@H]2C(CO)=CC(=O)[C@H]12	10;13;14;15	4;7;9;10;11;12;13;14;15;16	C[C@@H]1[C@H](C)[C:1001](CO)=[CH:1002][C:1003]1=[O:1004]	C[C@@H]1C(CO)=CC(=O)[C@@H]1C	CSC1(CO)C=C([O-])[C@H](C)[C@@H]1C
Mol_12538	Mol_12538:atom5	ester	COC(=O)C1=CO[C@@H]2OC[C@]3(O)C=C[C@H]1[C@H]23	5;4;2;3	0;1;2;3;4;5;6;7;13;14;15	CO[C:1003]([C:1002]1=[CH:1001]OCC[C@@H]1C)=[O:1004]	COC(=O)C1=COCC[C@@H]1C	COC([O-])=C1C(SC)OCC[C@@H]1C
Mol_12539	Mol_12539:atom5	ester	COC(=O)C1=CNC2OCC3(O)C=CC1C23	5;4;2;3	0;1;2;3;4;5;6;7;13;14;15	CO[C:1003]([C:1002]1=[CH:1001]NCCC1C)=[O:1004]	COC(=O)C1=CNCCC1C	COC([O-])=C1C(C)CCNC1SC
Mol_12540	Mol_12540:atom5	ester	COC(=O)C1=CNC(=O)[C@@H]2C(CO)=CC[C@H]12	5;4;2;3	0;1;2;3;4;5;6;7;9;14;15	CO[C:1003]([C:1002]1=[CH:1001]NCC[C@@H]1C)=[O:1004]	COC(=O)C1=CNCC[C@@H]1C	COC([O-])=C1C(SC)NCC[C@@H]1C
Mol_12541	Mol_12541:atom5	ester	COC(=O)C1=CO[C@@H](O[C@@H]2O[C@H](CO)[C@@H](O)[C@H](O)[C@H]2O)[C@H]2[C@@H]1C=C[C@]2(O)CO	5;4;2;3	0;1;2;3;4;5;6;7;20;21;22	CO[C:1003]([C:1002]1=[CH:1001]OCC[C@@H]1C)=[O:1004]	COC(=O)C1=COCC[C@@H]1C	COC([O-])=C1C(SC)OCC[C@@H]1C
Mol_12542	Mol_12542:atom5	ester	COC(=O)C1=COC(OC2OC(CO)C(O)C(O)C2O)[C@@H]2C(CO)=C[C@H](O)[C@H]12	5;4;2;3	0;1;2;3;4;5;6;7;20;25;27	CO[C:1003]([C:1002]1=[CH:1001]OCC[C@@H]1C)=[O:1004]	COC(=O)C1=COCC[C@@H]1C	COC([O-])=C1C(SC)OCC[C@@H]1C
Mol_12543	Mol_12543:atom5	ester	COC(=O)C1=COC(OC2OC(CO)C(O)C(O)C2O)[C@H]2C(CO)=CC(O)[C@@H]12	5;4;2;3	0;1;2;3;4;5;6;7;20;25;27	CO[C:1003]([C:1002]1=[CH:1001]OCC[C@H]1C)=[O:1004]	COC(=O)C1=COCC[C@H]1C	COC([O-])=C1C(SC)OCC[C@H]1C
Mol_12555	Mol_12555:atom5	ester	COC(=O)C1=CO[C@@H](O[C@@H]2O[C@H](CO)[C@@H](O)[C@H](O)[C@H]2O)[C@@H]2C(CO)=C[C@H](O)[C@H]12	5;4;2;3	0;1;2;3;4;5;6;7;20;25;27	CO[C:1003]([C:1002]1=[CH:1001]OCC[C@@H]1C)=[O:1004]	COC(=O)C1=COCC[C@@H]1C	COC([O-])=C1C(SC)OCC[C@@H]1C
Mol_12560	Mol_12560:atom5	ester	COC(=O)C1=CO[C@@H](O)[C@@H]2C(COC(=O)C3=CO[C@@H](O)[C@@H]4C(COC(C)=O)=CC[C@H]34)=CC[C@H]12	5;4;2;3	0;1;2;3;4;5;6;7;9;31;32	CO[C:1003]([C:1002]1=[CH:1001]OCC[C@@H]1C)=[O:1004]	COC(=O)C1=COCC[C@@H]1C	COC([O-])=C1C(SC)OCC[C@@H]1C
Mol_12560	Mol_12560:atom16	ester	COC(=O)C1=CO[C@@H](O)[C@@H]2C(COC(=O)C3=CO[C@@H](O)[C@@H]4C(COC(C)=O)=CC[C@H]34)=CC[C@H]12	16;15;13;14	11;12;13;14;15;16;17;18;20;28;29	CO[C:1003]([C:1002]1=[CH:1001]OCC[C@@H]1C)=[O:1004]	COC(=O)C1=COCC[C@@H]1C	COC([O-])=C1C(SC)OCC[C@@H]1C
Mol_12561	Mol_12561:atom5	ester	COC(=O)C1=CO[C@@H](O)[C@@H]2C(COC(=O)C3=CO[C@@H](OC4OC(CO)C(O)C(O)C4O)[C@@H]4C(COC(C)=O)=CC[C@H]34)=CC[C@H]12	5;4;2;3	0;1;2;3;4;5;6;7;9;42;43	CO[C:1003]([C:1002]1=[CH:1001]OCC[C@@H]1C)=[O:1004]	COC(=O)C1=COCC[C@@H]1C	COC([O-])=C1C(SC)OCC[C@@H]1C
Mol_12561	Mol_12561:atom16	ester	COC(=O)C1=CO[C@@H](O)[C@@H]2C(COC(=O)C3=CO[C@@H](OC4OC(CO)C(O)C(O)C4O)[C@@H]4C(COC(C)=O)=CC[C@H]34)=CC[C@H]12	16;15;13;14	11;12;13;14;15;16;17;18;31;39;40	CO[C:1003]([C:1002]1=[CH:1001]OCC[C@@H]1C)=[O:1004]	COC(=O)C1=COCC[C@@H]1C	COC([O-])=C1C(SC)OCC[C@@H]1C
Mol_12562	Mol_12562:atom5	ester	COC(=O)C1=CO[C@@H](OC2OC(CO)C(O)C(O)C2O)[C@@H]2C(COC(=O)C3=CO[C@@H](OC4OC(CO)C(O)C(O)C4O)[C@@H]4C(COC(C)=O)=CC[C@H]34)=CC[C@H]12	5;4;2;3	0;1;2;3;4;5;6;7;20;53;54	CO[C:1003]([C:1002]1=[CH:1001]OCC[C@@H]1C)=[O:1004]	COC(=O)C1=COCC[C@@H]1C	COC([O-])=C1C(SC)OCC[C@@H]1C
Mol_12562	Mol_12562:atom27	ester	COC(=O)C1=CO[C@@H](OC2OC(CO)C(O)C(O)C2O)[C@@H]2C(COC(=O)C3=CO[C@@H](OC4OC(CO)C(O)C(O)C4O)[C@@H]4C(COC(C)=O)=CC[C@H]34)=CC[C@H]12	27;26;24;25	22;23;24;25;26;27;28;29;42;50;51	CO[C:1003]([C:1002]1=[CH:1001]OCC[C@@H]1C)=[O:1004]	COC(=O)C1=COCC[C@@H]1C	COC([O-])=C1C(SC)OCC[C@@H]1C
Mol_12563	Mol_12563:atom5	ester	COC(=O)C1=CO[C@@H](OC2OC(CO)C(O)C(O)C2O)[C@@H]2C(COC(=O)C3=CO[C@@H](OC4OC(CO)C(O)C(O)C4O)[C@@H]4C(CO)=CC[C@H]34)=CC[C@H]12	5;4;2;3	0;1;2;3;4;5;6;7;20;50;51	CO[C:1003]([C:1002]1=[CH:1001]OCC[C@@H]1C)=[O:1004]	COC(=O)C1=COCC[C@@H]1C	COC([O-])=C1C(SC)OCC[C@@H]1C
Mol_12563	Mol_12563:atom27	ester	COC(=O)C1=CO[C@@H](OC2OC(CO)C(O)C(O)C2O)[C@@H]2C(COC(=O)C3=CO[C@@H](OC4OC(CO)C(O)C(O)C4O)[C@@H]4C(CO)=CC[C@H]34)=CC[C@H]12	27;26;24;25	22;23;24;25;26;27;28;29;42;47;48	CO[C:1003]([C:1002]1=[CH:1001]OCC[C@@H]1C)=[O:1004]	COC(=O)C1=COCC[C@@H]1C	COC([O-])=C1C(SC)OCC[C@@H]1C
Mol_12564	Mol_12564:atom5	ester	COC(=O)C1=CO[C@@H](OC2OC(COC(C)=O)C(OC(C)=O)C(OC(C)=O)C2OC(C)=O)[C@@H]2C(COC(=O)C3=CO[C@@H](OC(C)=O)[C@@H]4[C@H](C)CC[C@H]34)=CC[C@H]12	5;4;2;3	0;1;2;3;4;5;6;7;32;53;54	CO[C:1003]([C:1002]1=[CH:1001]OCC[C@@H]1C)=[O:1004]	COC(=O)C1=COCC[C@@H]1C	COC([O-])=C1C(SC)OCC[C@@H]1C
Mol_12564	Mol_12564:atom39	ester	COC(=O)C1=CO[C@@H](OC2OC(COC(C)=O)C(OC(C)=O)C(OC(C)=O)C2OC(C)=O)[C@@H]2C(COC(=O)C3=CO[C@@H](OC(C)=O)[C@@H]4[C@H](C)CC[C@H]34)=CC[C@H]12	39;38;36;37	34;35;36;37;38;39;40;41;46;50;51	CO[C:1003]([C:1002]1=[CH:1001]OCC[C@@H]1C)=[O:1004]	COC(=O)C1=COCC[C@@H]1C	COC([O-])=C1C(SC)OCC[C@@H]1C
Mol_12565	Mol_12565:atom5	ester	COC(=O)C1=COC(OC2OC(CO)C(O)C(O)C2O)[C@H]2[C@@H]1[C@H](O)C[C@]2(C)O	5;4;2;3	0;1;2;3;4;5;6;7;20;21;22	CO[C:1003]([C:1002]1=[CH:1001]OCC[C@@H]1C)=[O:1004]	COC(=O)C1=COCC[C@@H]1C	COC([O-])=C1C(SC)OCC[C@@H]1C
Mol_12566	Mol_12566:atom5	ester	COC(=O)C1=COC(O)[C@H]2[C@@H]1[C@H](O)C[C@]2(C)O	5;4;2;3	0;1;2;3;4;5;6;7;9;10;11	CO[C:1003]([C:1002]1=[CH:1001]OCC[C@@H]1C)=[O:1004]	COC(=O)C1=COCC[C@@H]1C	COC([O-])=C1C(SC)OCC[C@@H]1C
Mol_12567	Mol_12567:atom5	ester	COC(=O)C1=CO[C@@H](O)[C@H]2[C@@H]1CC[C@]2(C)O	5;4;2;3	0;1;2;3;4;5;6;7;9;10;11	CO[C:1003]([C:1002]1=[CH:1001]OCC[C@@H]1C)=[O:1004]	COC(=O)C1=COCC[C@@H]1C	COC([O-])=C1C(SC)OCC[C@@H]1C
Mol_12568	Mol_12568:atom5	ester	COC(=O)C1=CO[C@H](O)[C@H]2[C@@H]1CC[C@]2(C)O	5;4;2;3	0;1;2;3;4;5;6;7;9;10;11	CO[C:1003]([C:1002]1=[CH:1001]OCC[C@@H]1C)=[O:1004]	COC(=O)C1=COCC[C@@H]1C	COC([O-])=C1C(SC)OCC[C@@H]1C
Mol_12569	Mol_12569:atom5	ester	COC(=O)C1=CO[C@@H](O[C@@H]2O[C@H](CO)[C@@H](O)[C@H](O)[C@H]2O)[C@H]2[C@@H]1CC[C@]2(C)O	5;4;2;3	0;1;2;3;4;5;6;7;20;21;22	CO[C:1003]([C:1002]1=[CH:1001]OCC[C@@H]1C)=[O:1004]	COC(=O)C1=COCC[C@@H]1C	COC([O-])=C1C(SC)OCC[C@@H]1C
Mol_12575	Mol_12575:atom5	ester	COC(=O)/C=C\c1cc(OC)c2c(c1)[C@H](CO)[C@@H](c1ccc(O)c(OC)c1)O2	5;4;2;3	0;1;2;3;4;5;6;7;8;11;12;13	CO[C:1003](/[CH:1002]=[CH:1001]\c1ccccc1)=[O:1004]	COC(=O)/C=C\c1ccccc1	COC([O-])=CC(SC)c1ccccc1
Mol_12576	Mol_12576:atom5	ester	COC(=O)/C=C\c1cc(OC)c2c(c1)[C@@H](CO)[C@H](c1ccc(OC)c(O)c1)O2	5;4;2;3	0;1;2;3;4;5;6;7;8;11;12;13	CO[C:1003](/[CH:1002]=[CH:1001]\c1ccccc1)=[O:1004]	COC(=O)/C=C\c1ccccc1	COC([O-])=CC(SC)c1ccccc1
Mol_12577	Mol_12577:atom5	ester	COC(=O)/C=C/c1cc(OC)c2c(c1)[C@H](CO)[C@@H](c1ccc(O)c(OC)c1)O2	5;4;2;3	0;1;2;3;4;5;6;7;8;11;12;13	CO[C:1003](/[CH:1002]=[CH:1001]/c1ccccc1)=[O:1004]	COC(=O)/C=C/c1ccccc1	COC([O-])=CC(SC)c1ccccc1
Mol_12578	Mol_12578:atom5	ester	COC(=O)/C=C/c1cc(OC)c2c(c1)[C@@H](CO)[C@H](c1ccc(OC)c(O)c1)O2	5;4;2;3	0;1;2;3;4;5;6;7;8;11;12;13	CO[C:1003](/[CH:1002]=[CH:1001]/c1ccccc1)=[O:1004]	COC(=O)/C=C/c1ccccc1	COC([O-])=CC(SC)c1ccccc1
Mol_12579	Mol_12579:atom6	ester	COC(=O)/C(C)=C(/C)c1cc(OC)c2c(c1)[C@@H](CO)[C@@H](c1ccc(O)c(OC)c1)O2	6;4;2;3	0;1;2;3;4;5;6;7;8;9;10;13;14;15	CO[C:1003](/[C:1002](C)=[C:1001](/C)c1ccccc1)=[O:1004]	COC(=O)/C(C)=C(/C)c1ccccc1	COC([O-])=C(C)C(C)(SC)c1ccccc1
Mol_12580	Mol_12580:atom5	ester	COC(=O)/C=C\c1cc(OC)c2c(c1)[C@H](CO)[C@H](c1ccc(OC)c(O)c1)O2	5;4;2;3	0;1;2;3;4;5;6;7;8;11;12;13	CO[C:1003](/[CH:1002]=[CH:1001]\c1ccccc1)=[O:1004]	COC(=O)/C=C\c1ccccc1	COC([O-])=CC(SC)c1ccccc1
Mol_12581	Mol_12581:atom5	ester	COC(=O)/C=C/c1cc(OC)c2c(c1)[C@@H](CO)[C@@H](c1ccc(O)c(OC)c1)O2	5;4;2;3	0;1;2;3;4;5;6;7;8;11;12;13	CO[C:1003](/[CH:1002]=[CH:1001]/c1ccccc1)=[O:1004]	COC(=O)/C=C/c1ccccc1	COC([O-])=CC(SC)c1ccccc1
Mol_12582	Mol_12582:atom5	ester	COC(=O)/C=C/c1cc(OC)c2c(c1)[C@H](CO)[C@H](c1ccc(OC)c(O)c1)O2	5;4;2;3	0;1;2;3;4;5;6;7;8;11;12;13	CO[C:1003](/[CH:1002]=[CH:1001]/c1ccccc1)=[O:1004]	COC(=O)/C=C/c1ccccc1	COC([O-])=CC(SC)c1ccccc1
Mol_12608	Mol_12608:atom1	enal	C/C=C(/C=O)c1cc2n(c(=O)c1O)CCc1c-2[nH]c2ccccc12	1;2;3;4	0;1;2;3;4;5;6;7;8;9;11	C/[CH:1001]=[C:1002](\c1ccncc1)[CH:1003]=[O:1004]	C/C=C(/C=O)c1ccncc1	CSC(C)C(=C[O-])c1ccncc1
Mol_12623	Mol_12623:atom13	enone	CC(=O)OC1CC[C@]2(C)[C@H]3C(=O)C=C4[C@@H]5[C@@H](C)[C@H](C)CC[C@]5(C)CC[C@@]4(C)[C@]3(C)CC[C@H]2C1(C)C	13;12;10;11	7;9;10;11;12;13;14;15;21;24;25;26;27	CC(C)[C:1001]1=[CH:1002][C:1003](=[O:1004])[C@H](C)CC1(C)C	CC(C)C1=CC(=O)[C@H](C)CC1(C)C	CSC1(C(C)C)C=C([O-])[C@H](C)CC1(C)C
Mol_12650	Mol_12650:atom5	ester	COC(=O)C1=CO[C@H](OC2OC(CO)C(O)C(O)C2O)[C@@H]2C(CO)=C[C@H](O)[C@H]12	5;4;2;3	0;1;2;3;4;5;6;7;20;25;27	CO[C:1003]([C:1002]1=[CH:1001]OCC[C@@H]1C)=[O:1004]	COC(=O)C1=COCC[C@@H]1C	COC([O-])=C1C(SC)OCC[C@@H]1C
Mol_12723	Mol_12723:atom18	ester	CC1(C)O[C@H]2CC(=O)OC[C@]23[C@H]2CC[C@@]4(C)[C@H](C5=CC(O)OC5=O)OC(=O)[C@H]5O[C@]54[C@]2(C)C(=O)C[C@@H]13	18;17;22;23	14;16;17;18;19;20;21;22;23;24	C[C@@H](O)[C:1002]1=[CH:1001]C(O)O[C:1003]1=[O:1004]	C[C@@H](O)C1=CC(O)OC1=O	CSC1C([C@@H](C)O)=C([O-])OC1O
Mol_12727	Mol_12727:atom6	enone	C[C@@H]1CC(=O)C2=C(O1)[C@H]1[C@H](CCN3CCC[C@@H]13)O[C@@H]2C	6;5;3;4	1;2;3;4;5;6;7;8;9;16;17;18;19	C[C@@H]1CO[C@H](C)[C:1002]2=[C:1001]1OCC[C:1003]2=[O:1004]	C[C@@H]1CO[C@H](C)C2=C1OCCC2=O	CSC12OCCC([O-])=C1[C@@H](C)OC[C@H]2C
Mol_12788	Mol_12788:atom2	ester	CC1=C[C@H](C/C(C)=C/COc2ccc3ccc(=O)oc3c2)OC1=O	2;1;22;23	0;1;2;3;4;21;22;23	C[C@@H]1O[C:1003](=[O:1004])[C:1002](C)=[CH:1001]1	CC1=C[C@H](C)OC1=O	CSC1C(C)=C([O-])O[C@H]1C
Mol_12808	Mol_12808:atom16	ester	O=C1OC[C@H](Cc2ccc3c(c2)OCO3)/C1=C\c1ccc2c(c1)OCO2	16;15;1;0	0;1;2;3;4;5;15;16;17;18;19;20;21;22	C[C@H]1CO[C:1003](=[O:1004])/[C:1002]1=[CH:1001]/c1ccccc1	C[C@H]1COC(=O)/C1=C/c1ccccc1	CSC(C1=C([O-])OC[C@@H]1C)c1ccccc1
Mol_12899	Mol_12899:atom15	enone	CC[C@H](/C=C/[C@@H](C)[C@H]1CC[C@H]2[C@@H]3C(=O)C=C4C[C@@H](O[C@@H]5O[C@H](CO)[C@@H](O)[C@H](O)[C@H]5O)CC[C@]4(C)[C@H]3CC[C@]12C)C(C)C	15;14;12;13	10;11;12;13;14;15;16;17;31;32;33;34	CC[C:1001]1=[CH:1002][C:1003](=[O:1004])[C@@H](C)CC1(C)C	CCC1=CC(=O)[C@@H](C)CC1(C)C	CCC1(SC)C=C([O-])[C@@H](C)CC1(C)C
Mol_12916	Mol_12916:atom1	ester	CC1=C(O[C@@H]2OC(CO)[C@@H](O)[C@H](O)C2O)C(=O)OC1	1;2;15;16	0;1;2;3;4;15;16;17;18	CO[C:1002]1=[C:1001](C)CO[C:1003]1=[O:1004]	COC1=C(C)COC1=O	COC1=C([O-])OCC1(C)SC
Mol_12950	Mol_12950:atom32	enone	CCCCCCCCCCCCCCCC(=O)O[C@@H]1CC[C@@]2(C)C(CC[C@]3(C)[C@@H]2C(=O)C=C2C4CC(C)(C)CC[C@]4(CO)CC[C@]23C)C1(C)C	32;31;29;30	21;26;28;29;30;31;32;33;34;40;44;45;46	CC(C)[C:1001]1=[CH:1002][C:1003](=[O:1004])[C@H](C)CC1(C)C	CC(C)C1=CC(=O)[C@H](C)CC1(C)C	CSC1(C(C)C)C=C([O-])[C@H](C)CC1(C)C
Mol_12963	Mol_12963:atom7	ester	CC(=O)O[C@H]1O[C@@]2(C=C(C)C(=O)O2)C[C@@H]1[C@H]1CC[C@@]2(C)C3=C(CC[C@]12C)[C@@]1(C)CCC(=O)C(C)(C)[C@@H]1CC3	7;8;10;11	5;6;7;8;9;10;11;12;13	C[C@]1(O)O[C:1003](=[O:1004])[C:1002](C)=[CH:1001]1	CC1=C[C@@](C)(O)OC1=O	CSC1C(C)=C([O-])O[C@]1(C)O
Mol_12978	Mol_12978:atom25	ester	C=C(C)[C@@H]1CC[C@]2(C)CC[C@]3(C)[C@H](CC[C@@H]4[C@@]5(C)CC[C@H](OC(=O)/C=C\c6ccccc6)C(C)(C)[C@@H]5CC[C@]43C)[C@@H]12	25;24;22;23	20;21;22;23;24;25;26;27;28;29;30;31	CO[C:1003](/[CH:1002]=[CH:1001]\c1ccccc1)=[O:1004]	COC(=O)/C=C\c1ccccc1	COC([O-])=CC(SC)c1ccccc1
Mol_12979	Mol_12979:atom24	ester	CC1(C)CC[C@]2(C)CC[C@]3(C)[C@H](CC[C@@H]4[C@@]5(C)CCC(OC(=O)/C=C/c6ccccc6)C(C)(C)[C@@H]5CC[C@]43C)[C@@H]2C1	24;23;21;22	19;20;21;22;23;24;25;26;27;28;29;30	CO[C:1003](/[CH:1002]=[CH:1001]/c1ccccc1)=[O:1004]	COC(=O)/C=C/c1ccccc1	COC([O-])=CC(SC)c1ccccc1
Mol_12981	Mol_12981:atom25	ester	C=C(C)[C@@H]1CC[C@]2(C)CC[C@]3(C)[C@H](CC[C@@H]4[C@@]5(C)CC[C@H](OC(=O)/C=C/c6ccccc6)C(C)(C)[C@@H]5CC[C@]43C)[C@@H]12	25;24;22;23	20;21;22;23;24;25;26;27;28;29;30;31	CO[C:1003](/[CH:1002]=[CH:1001]/c1ccccc1)=[O:1004]	COC(=O)/C=C/c1ccccc1	COC([O-])=CC(SC)c1ccccc1
Mol_12987	Mol_12987:atom27	ester	C=C(C)[C@@H]1CC[C@]2(C(=O)O)CC[C@]3(C)[C@H](CC[C@@H]4[C@@]5(C)CC[C@H](OC(=O)/C=C/c6ccccc6)C(C)(C)[C@@H]5CC[C@]43C)[C@@H]12	27;26;24;25	22;23;24;25;26;27;28;29;30;31;32;33	CO[C:1003](/[CH:1002]=[CH:1001]/c1ccccc1)=[O:1004]	COC(=O)/C=C/c1ccccc1	COC([O-])=CC(SC)c1ccccc1
Mol_12990	Mol_12990:atom0	enal	C=C(C=O)[C@@H]1CC[C@]2(C(=O)O)CC[C@]3(C)[C@H](CC[C@@H]4[C@@]5(C)CC[C@H](O)C(C)(C)[C@@H]5CC[C@]43C)[C@@H]12	0;1;2;3	0;1;2;3;4;5;33	CC(C)[C:1002](=[CH2:1001])[CH:1003]=[O:1004]	C=C(C=O)C(C)C	CSCC(=C[O-])C(C)C
Mol_12991	Mol_12991:atom9	enal	C=C(C)[C@@H]1CC[C@]2(CO/C=C\C=O)CC[C@]3(C)[C@H](CC[C@@H]4[C@@]5(C)CC[C@H](O)C(C)(C)[C@@H]5CC[C@]43C)C12	9;10;11;12	7;8;9;10;11;12	CO/[CH:1001]=[CH:1002]\[CH:1003]=[O:1004]	CO/C=C\C=O	COC(C=C[O-])SC
Mol_12992	Mol_12992:atom10	enal	C=C(C)[C@@H]1CC[C@]2(C(=O)O/C=C/C=O)CC[C@]3(C)[C@H](CC[C@@H]4[C@@]5(C)CC[C@H](OC(=O)/C=C/c6ccccc6)C(C)(C)[C@@H]5CC[C@]43C)[C@@H]12	10;11;12;13	7;9;10;11;12;13	CO/[CH:1001]=[CH:1002]/[CH:1003]=[O:1004]	CO/C=C/C=O	COC(C=C[O-])SC
Mol_12992	Mol_12992:atom31	ester	C=C(C)[C@@H]1CC[C@]2(C(=O)O/C=C/C=O)CC[C@]3(C)[C@H](CC[C@@H]4[C@@]5(C)CC[C@H](OC(=O)/C=C/c6ccccc6)C(C)(C)[C@@H]5CC[C@]43C)[C@@H]12	31;30;28;29	26;27;28;29;30;31;32;33;34;35;36;37	CO[C:1003](/[CH:1002]=[CH:1001]/c1ccccc1)=[O:1004]	COC(=O)/C=C/c1ccccc1	COC([O-])=CC(SC)c1ccccc1
Mol_12994	Mol_12994:atom8	enal	C=C(C)[C@@H]1CC[C@]2(C/C=C/C=O)CC[C@]3(C)[C@H](CC[C@@H]4[C@@]5(C)CC[C@H](OC(=O)/C=C/c6ccccc6)C(C)(C)[C@@H]5CC[C@]43C)C12	8;9;10;11	6;7;8;9;10;11	CC/[CH:1001]=[CH:1002]/[CH:1003]=[O:1004]	CC/C=C/C=O	CCC(C=C[O-])SC
Mol_12994	Mol_12994:atom29	ester	C=C(C)[C@@H]1CC[C@]2(C/C=C/C=O)CC[C@]3(C)[C@H](CC[C@@H]4[C@@]5(C)CC[C@H](OC(=O)/C=C/c6ccccc6)C(C)(C)[C@@H]5CC[C@]43C)C12	29;28;26;27	24;25;26;27;28;29;30;31;32;33;34;35	CO[C:1003](/[CH:1002]=[CH:1001]/c1ccccc1)=[O:1004]	COC(=O)/C=C/c1ccccc1	COC([O-])=CC(SC)c1ccccc1
Mol_13006	Mol_13006:atom1	enone	CC(C)=CC(=O)c1c[nH]c2ccccc12	1;3;4;5	0;1;2;3;4;5;6;7;8;9;10;11;12;13;14	C[C:1001](C)=[CH:1002][C:1003](c1c[nH]c2ccccc12)=[O:1004]	CC(C)=CC(=O)c1c[nH]c2ccccc12	CSC(C)(C)C=C([O-])c1c[nH]c2ccccc12
Mol_13016	Mol_13016:atom4	enone	CC(=O)C1=CCc2cccc(O)c2CO1	4;3;1;2	0;1;2;3;4;5;6;7;8;9;10;12;13;14	C[C:1003]([C:1002]1=[CH:1001]Cc2ccccc2CO1)=[O:1004]	CC(=O)C1=CCc2ccccc2CO1	CSC1Cc2ccccc2COC1=C(C)[O-]
Mol_13029	Mol_13029:atom31	enone	C=C(C)[C@@]12O[C@@]3(CCCCCCCCC)O[C@@H]1[C@@H]1[C@@H]4O[C@]4(CO)[C@@H](O)[C@]4(O)C(=O)C(C)=CC4[C@@]1(O3)[C@H](C)[C@H]2OC(=O)c1ccccc1	31;29;27;28	23;25;26;27;28;29;30;31;32;33	CC1[C@@](C)(O)[C:1003](=[O:1004])[C:1002](C)=[CH:1001]1	CC1=CC(C)[C@@](C)(O)C1=O	CSC1C(C)=C([O-])[C@](C)(O)C1C
Mol_13030	Mol_13030:atom31	enone	C=C(C)[C@@]12OC3(/C=C/C=C/CCCCC)O[C@@H]1[C@@H]1[C@@H]4O[C@]4(CO)[C@@H](O)[C@]4(O)C(=O)C(C)=C[C@H]4[C@@]1(O3)[C@H](C)[C@H]2OC(=O)c1ccccc1	31;29;27;28	23;25;26;27;28;29;30;31;32;33	C[C@H]1[C@@](C)(O)[C:1003](=[O:1004])[C:1002](C)=[CH:1001]1	CC1=C[C@@H](C)[C@@](C)(O)C1=O	CSC1C(C)=C([O-])[C@](C)(O)[C@@H]1C
Mol_13031	Mol_13031:atom35	enone	C=C(C)C12CC(C)C34OC(/C=C/C=C/CCCCC)(OC1C3C1OC1(CO)C(O)C1(O)C(=O)C(C)=CC14)O2	35;33;31;32	7;27;29;30;31;32;33;34;35;36	CC1C(C)(O)[C:1003](=[O:1004])[C:1002](C)=[CH:1001]1	CC1=CC(C)C(C)(O)C1=O	CSC1C(C)=C([O-])C(C)(O)C1C
Mol_13049	Mol_13049:atom4	ester	CCC(C)/C=C(\C)C(=O)Oc1c(C)cc(C)c(O)c1C	4;5;7;8	1;2;3;4;5;6;7;8;9;10;11;13;14;16;18	CC(C)/[CH:1001]=[C:1002](\C)[C:1003](Oc1ccccc1)=[O:1004]	C/C(=C\C(C)C)C(=O)Oc1ccccc1	CSC(C(C)=C([O-])Oc1ccccc1)C(C)C
Mol_13050	Mol_13050:atom2	enone	CCC1=C(CC)C(=O)[C@](C)(/C=C(\C)[C@@H](C)[C@@H](C)CC)O1	2;3;6;7	0;1;2;3;4;5;6;7;8;9;10;19	CC[C:1001]1=[C:1002](CC)[C:1003](=[O:1004])C(C)(C)O1	CCC1=C(CC)C(=O)C(C)(C)O1	CCC1=C([O-])C(C)(C)OC1(CC)SC
Mol_13051	Mol_13051:atom23	enal	C=C(C)[C@H]1CC[C@@]2(C)CC[C@]3(C)C[C@@H]4[C@@H](C(=O)C[C@@H]4C)C(C=O)=CC[C@H]3[C@H]12	23;20;21;22	13;14;15;20;21;22;23;24;25	CC[CH:1001]=[C:1002](C(C)C)[CH:1003]=[O:1004]	CCC=C(C=O)C(C)C	CCC(SC)C(=C[O-])C(C)C
Mol_13063	Mol_13063:atom15	ester	CC1CCC/C=C/[C@@H]2C[C@@H](O)C[C@H]2[C@H](O)/C=C/C(=O)O1	15;16;17;18	1;12;13;14;15;16;17;18;19	CO[C:1003](/[CH:1002]=[CH:1001]/[C@H](C)O)=[O:1004]	COC(=O)/C=C/[C@H](C)O	COC([O-])=CC(SC)[C@H](C)O
Mol_13069	Mol_13069:atom15	ester	C[C@H]1CCC/C=C/[C@@H]2C[C@H](O)C[C@H]2[C@H](O)/C=C/C(=O)O1	15;16;17;18	1;12;13;14;15;16;17;18;19	CO[C:1003](/[CH:1002]=[CH:1001]/[C@H](C)O)=[O:1004]	COC(=O)/C=C/[C@H](C)O	COC([O-])=CC(SC)[C@H](C)O
Mol_13073	Mol_13073:atom29	ester	CC1O[C@@H](O[C@@H]2[C@@H](O)[C@H](OCCc3ccc(O)c(O)c3)OC(CO)[C@H]2OC(=O)/C=C/c2ccc(O)c(O)c2)[C@@H](O)[C@@H](O)[C@H]1O	29;28;26;27	24;25;26;27;28;29;30;31;32;33;35;37	CO[C:1003](/[CH:1002]=[CH:1001]/c1ccccc1)=[O:1004]	COC(=O)/C=C/c1ccccc1	COC([O-])=CC(SC)c1ccccc1
Mol_13135	Mol_13135:atom3	ester	O=C1C=CC[C@H](C[C@@H](O)CCc2ccc(O)cc2)O1	3;2;1;0	0;1;2;3;4;5;18	C1C[CH:1001]=[CH:1002][C:1003](=[O:1004])O1	O=C1C=CCCO1	CSC1C=C([O-])OCC1
Mol_13143	Mol_13143:atom28	ester	O=C1O[C@H](c2ccc3c(c2)OCO3)[C@H](COC2OC(CO)C(O)C(O)C2O)/C1=C/c1ccc2c(c1)OCO2	28;27;1;0	0;1;2;3;13;14;27;28;29;30;31;32;33;34	C[C@H]1CO[C:1003](=[O:1004])/[C:1002]1=[CH:1001]\c1ccccc1	C[C@H]1COC(=O)/C1=C\c1ccccc1	CSC(C1=C([O-])OC[C@@H]1C)c1ccccc1
Mol_13144	Mol_13144:atom16	ester	O=C1OC[C@H](Cc2ccc3c(c2)OCO3)/C1=C/c1cc2c(cc1OC1OC(CO)C(O)C(O)C1O)OCO2	16;15;1;0	0;1;2;3;4;5;15;16;17;18;19;20;21;22	C[C@H]1CO[C:1003](=[O:1004])/[C:1002]1=[CH:1001]\c1ccccc1	C[C@H]1COC(=O)/C1=C\c1ccccc1	CSC(C1=C([O-])OC[C@@H]1C)c1ccccc1
Mol_13145	Mol_13145:atom16	ester	O=C1OC[C@H](Cc2ccc3c(c2)OCO3)/C1=C\c1cc2c(cc1O[C@@H]1O[C@H](CO)[C@@H](O)[C@H](O)[C@@H]1O)OCO2	16;15;1;0	0;1;2;3;4;5;15;16;17;18;19;20;21;22	C[C@H]1CO[C:1003](=[O:1004])/[C:1002]1=[CH:1001]/c1ccccc1	C[C@H]1COC(=O)/C1=C/c1ccccc1	CSC(C1=C([O-])OC[C@@H]1C)c1ccccc1
Mol_13161	Mol_13161:atom7	ester	CC(=O)O[C@H](/C=C1\C=CC(=O)O1)COC(=O)c1ccccc1	7;8;9;10	5;6;7;8;9;10;11	C=C1O[C:1003](=[O:1004])[CH:1002]=[CH:1001]1	C=C1C=CC(=O)O1	C=C1OC([O-])=CC1SC
Mol_13162	Mol_13162:atom20	ester	CC(=O)O[C@@H](COC(=O)c1ccccc1)C1OC(=O)C=C[C@H]1OC(C)=O	20;19;17;18	15;16;17;18;19;20;21;22	O[C@H]1CO[C:1003](=[O:1004])[CH:1002]=[CH:1001]1	O=C1C=C[C@@H](O)CO1	CSC1C=C([O-])OC[C@@H]1O
Mol_13169	Mol_13169:atom1	enone	C/C1=C/C(=O)C2OC(=O)/C(=C\C(C)=C\C1=O)CC2C	1;2;3;4	0;1;2;3;4;5;6;13;14;15;17	CC(=O)/[C:1001](C)=[CH:1002]\[C:1003](C(C)O)=[O:1004]	CC(=O)/C(C)=C\C(=O)C(C)O	CSC(C)(C=C([O-])C(C)O)C(C)=O
Mol_13169	Mol_13169:atom2	enone	C/C1=C/C(=O)C2OC(=O)/C(=C\C(C)=C\C1=O)CC2C	2;1;14;15	0;1;2;3;4;5;11;13;14;15	C=C[C:1003](/[C:1002](C)=[CH:1001]\C(C)=O)=[O:1004]	C=CC(=O)/C(C)=C\C(C)=O	C=CC([O-])=C(C)C(SC)C(C)=O
Mol_13169	Mol_13169:atom10	ester	C/C1=C/C(=O)C2OC(=O)/C(=C\C(C)=C\C1=O)CC2C	10;9;7;8	5;6;7;8;9;10;11;12;13;16;17	C=C(C)/[CH:1001]=[C:1002]1/CCCO[C:1003]1=[O:1004]	C=C(C)/C=C1/CCCOC1=O	C=C(C)C(SC)C1=C([O-])OCCC1
Mol_13169	Mol_13169:atom11	enone	C/C1=C/C(=O)C2OC(=O)/C(=C\C(C)=C\C1=O)CC2C	11;13;14;15	0;1;2;9;10;11;12;13;14;15	C=C/[C:1001](C)=[CH:1002]/[C:1003](C(=C)C)=[O:1004]	C=C/C(C)=C/C(=O)C(=C)C	C=CC(C)(C=C([O-])C(=C)C)SC
Mol_13173	Mol_13173:atom4	enone	CC(=O)/C=C/c1ccc2[nH]ccc2c1	4;3;1;2	0;1;2;3;4;5;6;7;8;9;10;11;12;13	C[C:1003](/[CH:1002]=[CH:1001]/c1ccc2[nH]ccc2c1)=[O:1004]	CC(=O)/C=C/c1ccc2[nH]ccc2c1	CSC(C=C(C)[O-])c1ccc2[nH]ccc2c1
Mol_13182	Mol_13182:atom8	ester	C[C@](O)(COC(=O)/C=C/c1ccccc1)[C@@H](O)COC(=O)c1ccccc1	8;7;5;6	3;4;5;6;7;8;9;10;11;12;13;14	CO[C:1003](/[CH:1002]=[CH:1001]/c1ccccc1)=[O:1004]	COC(=O)/C=C/c1ccccc1	COC([O-])=CC(SC)c1ccccc1
Mol_13183	Mol_13183:atom9	ester	CC(=O)OC[C@@H](O)/C=C1/C=CC(=O)O1	9;10;11;12	7;8;9;10;11;12;13	C=C1O[C:1003](=[O:1004])[CH:1002]=[CH:1001]1	C=C1C=CC(=O)O1	C=C1OC([O-])=CC1SC
Mol_13184	Mol_13184:atom7	ester	CC(=O)O[C@@H](/C=C1/C=CC(=O)O1)COC(=O)c1ccccc1O	7;8;9;10	5;6;7;8;9;10;11	C=C1O[C:1003](=[O:1004])[CH:1002]=[CH:1001]1	C=C1C=CC(=O)O1	C=C1OC([O-])=CC1SC
Mol_13188	Mol_13188:atom3	ester	O=C1C=C/C(=C/[C@H](O)CO)O1	3;2;1;0	0;1;2;3;4;5;10	C=C1O[C:1003](=[O:1004])[CH:1002]=[CH:1001]1	C=C1C=CC(=O)O1	C=C1OC([O-])=CC1SC
Mol_13191	Mol_13191:atom4	enone	COC(=O)/C=C/C(=O)C[C@H](O)COC(=O)c1ccccc1	4;5;6;7	1;2;3;4;5;6;7;8;9	CC[C:1003](/[CH:1002]=[CH:1001]/C(=O)O)=[O:1004]	CCC(=O)/C=C/C(=O)O	CCC([O-])=CC(SC)C(=O)O
Mol_13191	Mol_13191:atom5	ester	COC(=O)/C=C/C(=O)C[C@H](O)COC(=O)c1ccccc1	5;4;2;3	0;1;2;3;4;5;6;7;8	CO[C:1003](/[CH:1002]=[CH:1001]/C(C)=O)=[O:1004]	COC(=O)/C=C/C(C)=O	COC([O-])=CC(SC)C(C)=O
Mol_13208	Mol_13208:atom1	ester	CC=C(C)C(=O)OCC1CCN2CCC(O)C12	1;2;4;5	0;1;2;3;4;5;6;7	CO[C:1003]([C:1002](C)=[CH:1001]C)=[O:1004]	CC=C(C)C(=O)OC	COC([O-])=C(C)C(C)SC
Mol_13210	Mol_13210:atom1	ester	CC=C(C)C(=O)OCC1=CCN2CCC(O)C12	1;2;4;5	0;1;2;3;4;5;6;7	CO[C:1003]([C:1002](C)=[CH:1001]C)=[O:1004]	CC=C(C)C(=O)OC	COC([O-])=C(C)C(C)SC
Mol_13226	Mol_13226:atom5	ester	COc1cc(/C=C/C(=O)O[C@@H]2O[C@H](CO)[C@@H](O)[C@H](O)[C@H]2O)cc(OC)c1O	5;6;7;8	2;3;4;5;6;7;8;9;10;21;22;25	CO[C:1003](/[CH:1002]=[CH:1001]/c1ccccc1)=[O:1004]	COC(=O)/C=C/c1ccccc1	COC([O-])=CC(SC)c1ccccc1
Mol_13238	Mol_13238:atom18	enone	CC1(C)C(=O)C(OC2O[C@H](CO)[C@@H](O)[C@H](O)[C@H]2O)=C[C@@H]2C1=CC[C@@H]1[C@@]2(C)C(=O)C[C@]2(C)C(C(C)(C)O)[C@H](O)C[C@@]12C	18;5;3;4	0;1;2;3;4;5;6;7;18;19;20;24	CO[C:1002]1=[CH:1001][C@@H](C)CC(C)(C)[C:1003]1=[O:1004]	COC1=C[C@@H](C)CC(C)(C)C1=O	COC1=C([O-])C(C)(C)C[C@H](C)C1SC
Mol_13282	Mol_13282:atom15	enone	C=C(C)CCC/C(C)=C/COc1ccc(/C=C/C(=O)c2ccc(O)cc2O)cc1	15;16;17;18	11;12;13;14;15;16;17;18;19;20;21;22;24;25;27;28	c1ccc(/[CH:1001]=[CH:1002]/[C:1003](c2ccccc2)=[O:1004])cc1	O=C(/C=C/c1ccccc1)c1ccccc1	CSC(C=C([O-])c1ccccc1)c1ccccc1
Mol_13285	Mol_13285:atom9	enone	COc1ccc(C(=O)/C=C/c2ccc(O)cc2)c(O)c1CC=C(C)C	9;8;6;7	2;3;4;5;6;7;8;9;10;11;12;13;15;16;17;19	c1ccc(/[CH:1001]=[CH:1002]/[C:1003](c2ccccc2)=[O:1004])cc1	O=C(/C=C/c1ccccc1)c1ccccc1	CSC(C=C([O-])c1ccccc1)c1ccccc1
Mol_13347	Mol_13347:atom1	enal	C/C=C(/C=O)[C@@H]1C[C@H]2c3c(c4ccccc4n3[C@@H](O)C1)CCN2C	1;2;3;4	0;1;2;3;4;5;6;19	CC(C)/[C:1002](=[CH:1001]\C)[CH:1003]=[O:1004]	C/C=C(/C=O)C(C)C	CSC(C)C(=C[O-])C(C)C
Mol_13350	Mol_13350:atom14	ester	O=C(O)CC(O)(C(=O)O)C(OC(=O)/C=C/c1ccc(O)c(O)c1)C(=O)O	14;13;11;12	9;10;11;12;13;14;15;16;17;18;20;22	CO[C:1003](/[CH:1002]=[CH:1001]/c1ccccc1)=[O:1004]	COC(=O)/C=C/c1ccccc1	COC([O-])=CC(SC)c1ccccc1
Mol_13366	Mol_13366:atom3	enone	O=C(/C=C/c1ccc(O)c(-c2cc(/C=C/C(=O)c3ccc(O)cc3O)ccc2O)c1)c1ccc(O)cc1O	3;2;1;0	0;1;2;3;4;5;6;7;9;29;30;31;32;33;35;36	c1ccc(/[CH:1001]=[CH:1002]/[C:1003](c2ccccc2)=[O:1004])cc1	O=C(/C=C/c1ccccc1)c1ccccc1	CSC(C=C([O-])c1ccccc1)c1ccccc1
Mol_13366	Mol_13366:atom13	enone	O=C(/C=C/c1ccc(O)c(-c2cc(/C=C/C(=O)c3ccc(O)cc3O)ccc2O)c1)c1ccc(O)cc1O	13;14;15;16	10;11;12;13;14;15;16;17;18;19;20;22;23;25;26;27	c1ccc(/[CH:1001]=[CH:1002]/[C:1003](c2ccccc2)=[O:1004])cc1	O=C(/C=C/c1ccccc1)c1ccccc1	CSC(C=C([O-])c1ccccc1)c1ccccc1
Mol_13367	Mol_13367:atom3	enone	O=C(/C=C/c1ccc(O)c(Oc2ccc(CCC(=O)c3ccc(O)cc3O)cc2)c1)c1ccc(O)cc1O	3;2;1;0	0;1;2;3;4;5;6;7;9;29;30;31;32;33;35;36	c1ccc(/[CH:1001]=[CH:1002]/[C:1003](c2ccccc2)=[O:1004])cc1	O=C(/C=C/c1ccccc1)c1ccccc1	CSC(C=C([O-])c1ccccc1)c1ccccc1
Mol_13377	Mol_13377:atom3	enone	O=C(/C=C/c1ccc(O)cc1)c1c(O)cc(O)c2c1O[C@H](c1ccc(O)cc1)[C@H]2C(=O)c1ccc(O)cc1O	3;2;1;0	0;1;2;3;4;5;6;7;9;10;11;12;14;15;17;18	c1ccc(/[CH:1001]=[CH:1002]/[C:1003](c2ccccc2)=[O:1004])cc1	O=C(/C=C/c1ccccc1)c1ccccc1	CSC(C=C([O-])c1ccccc1)c1ccccc1
Mol_13378	Mol_13378:atom3	enone	O=C(/C=C/c1ccc(O)cc1)c1c(O)cc(O)c2c(C(=O)c3ccc(O)cc3O)c(-c3ccc(O)cc3)oc12	3;2;1;0	0;1;2;3;4;5;6;7;9;10;11;12;14;15;17;18;29;37;38	c1ccc(/[CH:1001]=[CH:1002]/[C:1003](c2cccc3ccoc23)=[O:1004])cc1	O=C(/C=C/c1ccccc1)c1cccc2ccoc12	CSC(C=C([O-])c1cccc2ccoc12)c1ccccc1
Mol_13383	Mol_13383:atom3	enone	O=C(/C=C/c1ccc(O)cc1)c1c(O)cc(O)c2c1OC(c1ccc(O)cc1)[C@@]21OC(c2ccc(O)cc2)CC1=O	3;2;1;0	0;1;2;3;4;5;6;7;9;10;11;12;14;15;17;18	c1ccc(/[CH:1001]=[CH:1002]/[C:1003](c2ccccc2)=[O:1004])cc1	O=C(/C=C/c1ccccc1)c1ccccc1	CSC(C=C([O-])c1ccccc1)c1ccccc1
Mol_13391	Mol_13391:atom13	enone	C=C[C@]1(C)CC[C@@H](C(C)C)C(=O)C1=C(C)C	13;12;10;11	1;2;3;4;5;6;7;10;11;12;13;14;15	C[C@@H]1CCC(C)(C)[C:1002](=[C:1001](C)C)[C:1003]1=[O:1004]	CC(C)=C1C(=O)[C@H](C)CCC1(C)C	CSC(C)(C)C1=C([O-])[C@H](C)CCC1(C)C
Mol_13409	Mol_13409:atom5	ester	COc1cc(C=CC(=O)OCC2OC(OC3C(c4c(OC)cc5oc(-c6ccc(O)cc6)cc(=O)c5c4O)OC(CO)C(O)C3O)C(O)C(O)C2O)cc(OC)c1O	5;6;7;8	2;3;4;5;6;7;8;9;10;52;53;56	CO[C:1003]([CH:1002]=[CH:1001]c1ccccc1)=[O:1004]	COC(=O)C=Cc1ccccc1	COC([O-])=CC(SC)c1ccccc1
Mol_13410	Mol_13410:atom5	ester	COc1cc(C=CC(=O)OCC2OC(OC3C(c4c(OC)cc5oc(-c6ccc(O)cc6)cc(=O)c5c4O)OC(CO)C(O)C3O)C(O)C(O)C2O)ccc1O	5;6;7;8	2;3;4;5;6;7;8;9;10;52;53;54	CO[C:1003]([CH:1002]=[CH:1001]c1ccccc1)=[O:1004]	COC(=O)C=Cc1ccccc1	COC([O-])=CC(SC)c1ccccc1
Mol_13415	Mol_13415:atom5	ester	COC(=O)C1=CO[C@@H](O[C@@H]2O[C@H](CO)[C@@H](O)[C@H](O)[C@H]2O)[C@H]2[C@@H]1[C@H](O)C[C@]2(C)OC(C)=O	5;4;2;3	0;1;2;3;4;5;6;7;20;21;22	CO[C:1003]([C:1002]1=[CH:1001]OCC[C@@H]1C)=[O:1004]	COC(=O)C1=COCC[C@@H]1C	COC([O-])=C1C(SC)OCC[C@@H]1C
Mol_13416	Mol_13416:atom5	ester	COC(=O)C1=CO[C@H](O)[C@H]2[C@@H]1[C@H](O)C[C@]2(C)OC(C)=O	5;4;2;3	0;1;2;3;4;5;6;7;9;10;11	CO[C:1003]([C:1002]1=[CH:1001]OCC[C@@H]1C)=[O:1004]	COC(=O)C1=COCC[C@@H]1C	COC([O-])=C1C(SC)OCC[C@@H]1C
Mol_13417	Mol_13417:atom5	ester	COC(=O)C1=CO[C@@H](O)[C@H]2[C@@H]1[C@H](O)C[C@]2(C)OC(C)=O	5;4;2;3	0;1;2;3;4;5;6;7;9;10;11	CO[C:1003]([C:1002]1=[CH:1001]OCC[C@@H]1C)=[O:1004]	COC(=O)C1=COCC[C@@H]1C	COC([O-])=C1C(SC)OCC[C@@H]1C
Mol_13444	Mol_13444:atom6	ester	COc1ccc(/C=C/C(=O)OC2C(CO)OC(OCCc3ccc(O)c(O)c3)C(O)C2OC2OC(C)C(O)C(O)C2O)cc1OC	6;7;8;9	2;3;4;5;6;7;8;9;10;11;42;43	CO[C:1003](/[CH:1002]=[CH:1001]/c1ccccc1)=[O:1004]	COC(=O)/C=C/c1ccccc1	COC([O-])=CC(SC)c1ccccc1
Mol_13458	Mol_13458:atom13	ester	CC1(C)C[C@H](O)C[C@]2(C)OC(=O)C=C12	13;12;10;11	0;1;2;3;6;7;8;9;10;11;12;13	CC(C)(C)[C:1001]1=[CH:1002][C:1003](=[O:1004])OC1(C)C	CC(C)(C)C1=CC(=O)OC1(C)C	CSC1(C(C)(C)C)C=C([O-])OC1(C)C
Mol_13460	Mol_13460:atom5	enone	O=C1C(CO)=Cc2ccccc21	5;2;1;0	0;1;2;3;4;5;6;7;8;9;10;11	OC[C:1002]1=[CH:1001]c2ccccc2[C:1003]1=[O:1004]	O=C1C(CO)=Cc2ccccc21	CSC1C(CO)=C([O-])c2ccccc21
Mol_13473	Mol_13473:atom10	enone	C[C@@H]1CC(=O)C(C(C)(C)O)=C[C@@]2(O)[C@@H](C)CC[C@@H]12	10;5;3;4	1;2;3;4;5;6;7;8;9;10;11;12;13;17	CC(C)(O)[C:1002]1=[CH:1001][C@](C)(O)CCC[C:1003]1=[O:1004]	CC(C)(O)C1=C[C@](C)(O)CCCC1=O	CSC1C(C(C)(C)O)=C([O-])CCC[C@@]1(C)O
Mol_13474	Mol_13474:atom10	enone	C[C@@H]1CC(=O)C(C(C)(C)O)=C[C@@]2(OO)[C@@H](C)CC[C@@H]12	10;5;3;4	1;2;3;4;5;6;7;8;9;10;11;12;14;18	CC(C)(O)[C:1002]1=[CH:1001][C@](C)(O)CCC[C:1003]1=[O:1004]	CC(C)(O)C1=C[C@](C)(O)CCCC1=O	CSC1C(C(C)(C)O)=C([O-])CCC[C@@]1(C)O
Mol_13478	Mol_13478:atom12	enone	CC(C)CC[C@@H](C)[C@H]1CC[C@@H](C2=C[C@H](O)[C@]3(C)C[C@@H](O)CC[C@]3(C)C2=O)[C@]1(C)CCO	12;11;24;25	9;10;11;12;13;14;15;21;22;23;24;25;26	CC(C)[C:1002]1=[CH:1001][C@H](O)CC(C)(C)[C:1003]1=[O:1004]	CC(C)C1=C[C@H](O)CC(C)(C)C1=O	CSC1C(C(C)C)=C([O-])C(C)(C)C[C@H]1O
Mol_13480	Mol_13480:atom24	ester	CC(=O)O[C@H]1CC(C)(C)C(=C=C/C(C)=C/C=C/C=C/C=C(C)/C=C2C=C(/C=C/[C@@]34O[C@]3(C)C[C@@H](O)CC4(C)C)C(=O)O/2)[C@](C)(O)C1	24;25;39;40	22;23;24;25;26;27;39;40;41	C=C[C:1002]1=[CH:1001]C(=C)O[C:1003]1=[O:1004]	C=CC1=CC(=C)OC1=O	C=CC1=C([O-])OC(=C)C1SC
Mol_13483	Mol_13483:atom2	ester	CC1=C2CC[C@@](C)(OO)/C=C/C[C@](C)(O)[C@@H](O)CC/C(C)=C/[C@@H]2OC1=O	2;1;24;25	0;1;2;3;4;21;22;23;24;25	CC[C:1001]1=[C:1002](C)[C:1003](=[O:1004])O[C@H]1C	CCC1=C(C)C(=O)O[C@H]1C	CCC1(SC)C(C)=C([O-])O[C@H]1C
Mol_13484	Mol_13484:atom2	ester	CC1=C2CC[C@](C)(O)[C@H](O)CC[C@](C)(O)C(=O)CC/C(C)=C/[C@H]2OC1=O	2;1;24;25	0;1;2;3;4;21;22;23;24;25	CC[C:1001]1=[C:1002](C)[C:1003](=[O:1004])O[C@@H]1C	CCC1=C(C)C(=O)O[C@@H]1C	CCC1(SC)C(C)=C([O-])O[C@@H]1C
Mol_13485	Mol_13485:atom2	ester	CC1=C2CC[C@@](C)(O)/C=C/C[C@@](C)(O)[C@@H](O)CC/C(C)=C/[C@@H]2OC1=O	2;1;23;24	0;1;2;3;4;20;21;22;23;24	CC[C:1001]1=[C:1002](C)[C:1003](=[O:1004])O[C@H]1C	CCC1=C(C)C(=O)O[C@H]1C	CCC1(SC)C(C)=C([O-])O[C@H]1C
Mol_13486	Mol_13486:atom2	ester	CC1=C2CC[C@@](C)(O)[C@@H]3CC[C@@](C)(O)[C@@H](CC/C(C)=C/[C@H]2OC1=O)O3	2;1;22;23	0;1;2;3;4;19;20;21;22;23	CC[C:1001]1=[C:1002](C)[C:1003](=[O:1004])O[C@@H]1C	CCC1=C(C)C(=O)O[C@@H]1C	CCC1(SC)C(C)=C([O-])O[C@@H]1C
Mol_13488	Mol_13488:atom2	ester	CC1=C2CC/C(C)=C/CC[C@@H](C)C(=O)CC/C(C)=C/[C@@H]2OC1=O	2;1;21;22	0;1;2;3;4;18;19;20;21;22	CC[C:1001]1=[C:1002](C)[C:1003](=[O:1004])O[C@H]1C	CCC1=C(C)C(=O)O[C@H]1C	CCC1(SC)C(C)=C([O-])O[C@H]1C
Mol_13489	Mol_13489:atom2	ester	CC1=C2CC/C(C)=C/CC[C@]3(C)O[C@](C)(/C=C\2OC1=O)CC[C@H]3O	2;1;18;19	0;1;2;3;4;15;16;17;18;19	C=C1O[C:1003](=[O:1004])[C:1002](C)=[C:1001]1CC	C=C1OC(=O)C(C)=C1CC	C=C1OC([O-])=C(C)C1(CC)SC
Mol_13496	Mol_13496:atom9	ester	C#C[C@@H](O)/C=C/CCC1=C[C@H](C)OC1=O	9;8;13;14	6;7;8;9;10;11;12;13;14	CC[C:1002]1=[CH:1001][C@H](C)O[C:1003]1=[O:1004]	CCC1=C[C@H](C)OC1=O	CCC1=C([O-])O[C@@H](C)C1SC
Mol_13545	Mol_13545:atom16	ester	CC1=CCCC2[C@@]1(C)CC[C@@H](C)[C@]2(C)CCC1=CC(=O)OC1O	16;17;18;19	14;15;16;17;18;19;20;21;22	CC[C:1001]1=[CH:1002][C:1003](=[O:1004])OC1O	CCC1=CC(=O)OC1O	CCC1(SC)C=C([O-])OC1O
Mol_13546	Mol_13546:atom4	enone	CC(=O)C1=C(C)[C@]2(C)CC[C@@H](C)[C@](C)(CCC3=CC(=O)OC3O)C2C1	4;3;1;2	0;1;2;3;4;5;6;7;8;23;24	CC1(C)CC[C:1002]([C:1003](C)=[O:1004])=[C:1001]1C	CC(=O)C1=C(C)C(C)(C)CC1	CSC1(C)C(=C(C)[O-])CCC1(C)C
Mol_13546	Mol_13546:atom16	ester	CC(=O)C1=C(C)[C@]2(C)CC[C@@H](C)[C@](C)(CCC3=CC(=O)OC3O)C2C1	16;17;18;19	14;15;16;17;18;19;20;21;22	CC[C:1001]1=[CH:1002][C:1003](=[O:1004])OC1O	CCC1=CC(=O)OC1O	CCC1(SC)C=C([O-])OC1O
Mol_13548	Mol_13548:atom1	enone	CC1=CC(=O)C[C@H]2[C@](C)(CCC3=CC(=O)OC3O)[C@@H](C)CC[C@]12C	1;2;3;4	0;1;2;3;4;5;6;21;22;23	CC1(C)CC[C:1003](=[O:1004])[CH:1002]=[C:1001]1C	CC1=CC(=O)CCC1(C)C	CSC1(C)C=C([O-])CCC1(C)C
Mol_13548	Mol_13548:atom11	ester	CC1=CC(=O)C[C@H]2[C@](C)(CCC3=CC(=O)OC3O)[C@@H](C)CC[C@]12C	11;12;13;14	9;10;11;12;13;14;15;16;17	CC[C:1001]1=[CH:1002][C:1003](=[O:1004])OC1O	CCC1=CC(=O)OC1O	CCC1(SC)C=C([O-])OC1O
Mol_13558	Mol_13558:atom3	enone	O=C1C=C(c2ccc(OC3O[C@@H](CO)[C@H](O)[C@@H](O)[C@@H]3O)c(O)c2)Cc2cc(OC3O[C@H](CO)[C@@H](O)[C@H](O)[C@H]3O)cc(O)c21	3;2;1;0	0;1;2;3;4;5;6;7;20;22;23;24;25;26;39;40;42	c1ccc([C:1001]2=[CH:1002][C:1003](=[O:1004])c3ccccc3C2)cc1	O=C1C=C(c2ccccc2)Cc2ccccc21	CSC1(c2ccccc2)C=C([O-])c2ccccc2C1
Mol_13559	Mol_13559:atom3	ester	O=C(/C=C/c1ccc(O)c(O)c1)OCC1O[C@@H](Oc2cc(O)c3c(=O)cc(-c4ccc(O)cc4)oc3c2)C(O)[C@@H](O)[C@@H]1O	3;2;1;0	0;1;2;3;4;5;6;7;9;11;12;13	CO[C:1003](/[CH:1002]=[CH:1001]/c1ccccc1)=[O:1004]	COC(=O)/C=C/c1ccccc1	COC([O-])=CC(SC)c1ccccc1
Mol_13561	Mol_13561:atom9	enone	CC(C)=CCC(=O)C1(O)C(O)=C(C(=O)C(C)C)C(=O)C1CC=C(C)C	9;11;12;13	5;7;8;9;10;11;12;13;14;15;16;17;18;19	CC(C)[C:1003]([C:1002]1=[C:1001](O)C(C)(O)CC1=O)=[O:1004]	CC(C)C(=O)C1=C(O)C(C)(O)CC1=O	CSC1(O)C(=C([O-])C(C)C)C(=O)CC1(C)O
Mol_13566	Mol_13566:atom9	ester	CCCC[C@@H]1OC(=O)C2=C1CCC=C2	9;8;6;7	3;4;5;6;7;8;9;10;11;12;13	C[C@@H]1O[C:1003](=[O:1004])[C:1002]2=[C:1001]1CCC=C2	C[C@@H]1OC(=O)C2=C1CCC=C2	CSC12CCC=CC1=C([O-])O[C@H]2C
Mol_13576	Mol_13576:atom1	ester	C/C=C(/C)C(=O)O[C@H]1/C=C(\C)CC/C=C(\C)C[C@H](OC(=O)/C(C)=C/C)[C@H]1C(C)(C)O	1;2;4;5	0;1;2;3;4;5;6;7	CO[C:1003](/[C:1002](C)=[CH:1001]\C)=[O:1004]	C/C=C(/C)C(=O)OC	COC([O-])=C(C)C(C)SC
Mol_13576	Mol_13576:atom23	ester	C/C=C(/C)C(=O)O[C@H]1/C=C(\C)CC/C=C(\C)C[C@H](OC(=O)/C(C)=C/C)[C@H]1C(C)(C)O	23;21;19;20	17;18;19;20;21;22;23;24	CO[C:1003](/[C:1002](C)=[CH:1001]/C)=[O:1004]	C/C=C(\C)C(=O)OC	COC([O-])=C(C)C(C)SC
Mol_13577	Mol_13577:atom1	ester	C/C=C(/C)C(=O)O[C@H]1/C=C(\C)CC/C=C(\C)C[C@H](OC(=O)C=C(C)C)[C@H]1C(C)(C)O	1;2;4;5	0;1;2;3;4;5;6;7	CO[C:1003](/[C:1002](C)=[CH:1001]\C)=[O:1004]	C/C=C(/C)C(=O)OC	COC([O-])=C(C)C(C)SC
Mol_13577	Mol_13577:atom22	ester	C/C=C(/C)C(=O)O[C@H]1/C=C(\C)CC/C=C(\C)C[C@H](OC(=O)C=C(C)C)[C@H]1C(C)(C)O	22;21;19;20	17;18;19;20;21;22;23;24	CO[C:1003]([CH:1002]=[C:1001](C)C)=[O:1004]	COC(=O)C=C(C)C	COC([O-])=CC(C)(C)SC
Mol_13578	Mol_13578:atom22	ester	C=C1C[C@H](OC(=O)C(C)CC)[C@@H](C(C)(C)O)[C@@H](OC(=O)/C(C)=C/C)/C=C(\C)CC[C@@H]1O	22;20;18;19	16;17;18;19;20;21;22;23	CO[C:1003](/[C:1002](C)=[CH:1001]/C)=[O:1004]	C/C=C(\C)C(=O)OC	COC([O-])=C(C)C(C)SC
Mol_13579	Mol_13579:atom22	ester	C=C1C[C@H](OC(=O)CC(C)C)[C@@H](C(C)(C)O)[C@@H](OC(=O)/C(C)=C/C)/C=C(\C)CC[C@@H]1O	22;20;18;19	16;17;18;19;20;21;22;23	CO[C:1003](/[C:1002](C)=[CH:1001]/C)=[O:1004]	C/C=C(\C)C(=O)OC	COC([O-])=C(C)C(C)SC
Mol_13580	Mol_13580:atom9	ester	C=C1C[C@H](OC(=O)/C(C)=C/C)[C@@H](C(C)(C)O)[C@@H](OC(=O)C(C)C)/C=C(\C)CC[C@@H]1O	9;7;5;6	3;4;5;6;7;8;9;10	CO[C:1003](/[C:1002](C)=[CH:1001]/C)=[O:1004]	C/C=C(\C)C(=O)OC	COC([O-])=C(C)C(C)SC
Mol_13581	Mol_13581:atom8	ester	C=C1C[C@H](OC(=O)C=C(C)C)[C@@H](C(C)(C)O)[C@@H](OC(=O)/C(C)=C/C)/C=C(\C)CC[C@@H]1O	8;7;5;6	3;4;5;6;7;8;9;10	CO[C:1003]([CH:1002]=[C:1001](C)C)=[O:1004]	COC(=O)C=C(C)C	COC([O-])=CC(C)(C)SC
Mol_13581	Mol_13581:atom22	ester	C=C1C[C@H](OC(=O)C=C(C)C)[C@@H](C(C)(C)O)[C@@H](OC(=O)/C(C)=C/C)/C=C(\C)CC[C@@H]1O	22;20;18;19	16;17;18;19;20;21;22;23	CO[C:1003](/[C:1002](C)=[CH:1001]/C)=[O:1004]	C/C=C(\C)C(=O)OC	COC([O-])=C(C)C(C)SC
Mol_13582	Mol_13582:atom1	ester	C/C=C(/C)C(=O)O[C@]1(C)C(=O)O[C@H]2C/C(C)=C/CC/C(C)=C/[C@H](OC(=O)[C@@]3(C)O[C@H]3C)[C@@H]21	1;2;4;5	0;1;2;3;4;5;6;7	CO[C:1003](/[C:1002](C)=[CH:1001]\C)=[O:1004]	C/C=C(/C)C(=O)OC	COC([O-])=C(C)C(C)SC
Mol_13601	Mol_13601:atom12	ester	C[C@]12[C@H](CC[C@@H]3[C@@H]1CC[C@]1(C)[C@@H](C4=CC(=O)OC4)CC[C@]31O)C[C@@H](O)C[C@H]2O	12;13;14;15	9;11;12;13;14;15;16;17;18	CC(C)[C:1001]1=[CH:1002][C:1003](=[O:1004])OC1	CC(C)C1=CC(=O)OC1	CSC1(C(C)C)C=C([O-])OC1
Mol_13602	Mol_13602:atom17	ester	COC1C(O)C(OC2C[C@H]3CC[C@H]4C5=CC[C@H](C6=CC(=O)OC6)[C@@]5(C)CC[C@@H]4[C@@]3(C)[C@H](O)C2)OC(C)C1OC1OC(CO)C(O)C(O)C1O	17;18;19;20	15;16;17;18;19;20;21;22;23	CC(C)[C:1001]1=[CH:1002][C:1003](=[O:1004])OC1	CC(C)C1=CC(=O)OC1	CSC1(C(C)C)C=C([O-])OC1
Mol_13604	Mol_13604:atom26	ester	C[C@]12CCC(OC3OC(CO)C(O)C(O)C3O)C[C@H]1CC[C@H]1C3=CC[C@H](C4=CC(=O)OC4)[C@@]3(C)CC[C@@H]12	26;27;28;29	24;25;26;27;28;29;30;31;32	CC(C)[C:1001]1=[CH:1002][C:1003](=[O:1004])OC1	CC(C)C1=CC(=O)OC1	CSC1(C(C)C)C=C([O-])OC1
Mol_13605	Mol_13605:atom33	ester	CO[C@@H]1C(O[C@@H]2O[C@H](CO)[C@@H](O)[C@H](O)[C@H]2O)[C@H](C)OC(O[C@@H]2C[C@H]3CC[C@@H]4[C@H](CC[C@]5(C)[C@@H](C6=CC(=O)OC6)CC[C@]45O)[C@@]3(C)[C@H](OC(C)=O)C2)[C@H]1O	33;34;35;36	30;32;33;34;35;36;37;38;39	CC(C)[C:1001]1=[CH:1002][C:1003](=[O:1004])OC1	CC(C)C1=CC(=O)OC1	CSC1(C(C)C)C=C([O-])OC1
Mol_13607	Mol_13607:atom19	ester	CO[C@H]1[C@@H](O)[C@H](O[C@@H]2C[C@H]3CC[C@@H]4[C@H](CC[C@]5(C)[C@@H](C6=CC(=O)OC6)CC[C@]45O)[C@@]3(C)[C@H](O)C2)O[C@@H](C)[C@H]1O	19;20;21;22	16;18;19;20;21;22;23;24;25	CC(C)[C:1001]1=[CH:1002][C:1003](=[O:1004])OC1	CC(C)C1=CC(=O)OC1	CSC1(C(C)C)C=C([O-])OC1
Mol_13608	Mol_13608:atom23	ester	CC1CC(O)C2(O)OC3CC4(C=O)C(CCC5C4CCC4(C)C(C6=CC(=O)OC6)CC(O)C54O)CC3OC2O1	23;24;25;26	20;22;23;24;25;26;27;28;29	CC(C)[C:1001]1=[CH:1002][C:1003](=[O:1004])OC1	CC(C)C1=CC(=O)OC1	CSC1(C(C)C)C=C([O-])OC1
Mol_13609	Mol_13609:atom22	ester	C[C@@H]1C[C@@H](O)[C@]2(O)O[C@@H]3C[C@@]4(C)[C@@H](CC[C@@H]5[C@@H]4CC[C@]4(C)[C@@H](C6=CC(=O)OC6)C[C@@H](O)[C@]54O)C[C@H]3O[C@@H]2O1	22;23;24;25	19;21;22;23;24;25;26;27;28	CC(C)[C:1001]1=[CH:1002][C:1003](=[O:1004])OC1	CC(C)C1=CC(=O)OC1	CSC1(C(C)C)C=C([O-])OC1
Mol_13610	Mol_13610:atom26	ester	C[C@@H]1C[C@@]2(N=CCS2)[C@]2(O)O[C@@H]3C[C@@]4(C=O)[C@@H](CC[C@@H]5[C@@H]4CC[C@]4(C)[C@@H](C6=CC(=O)OC6)CC[C@]54O)C[C@H]3O[C@@H]2O1	26;27;28;29	23;25;26;27;28;29;30;31;32	CC(C)[C:1001]1=[CH:1002][C:1003](=[O:1004])OC1	CC(C)C1=CC(=O)OC1	CSC1(C(C)C)C=C([O-])OC1
Mol_13611	Mol_13611:atom22	ester	C[C@@H]1C[C@@]2(N=CCS2)[C@]2(O)OC3C[C@]4(C=O)C5CC[C@]6(C)[C@@H](C7=CC(=O)OC7)C[C@@H](O)[C@]6(O)[C@@H]5CC[C@H]4CC3O[C@@H]2O1	22;23;24;25	19;21;22;23;24;25;26;27;28	CC(C)[C:1001]1=[CH:1002][C:1003](=[O:1004])OC1	CC(C)C1=CC(=O)OC1	CSC1(C(C)C)C=C([O-])OC1
Mol_13612	Mol_13612:atom17	ester	CC1OC2OC3CC4CCC5C(CCC6(C)C(C7=CC(=O)OC7)CCC56O)C4(C=O)CC3OC2(O)C(O)C1O	17;18;19;20	14;16;17;18;19;20;21;22;23	CC(C)[C:1001]1=[CH:1002][C:1003](=[O:1004])OC1	CC(C)C1=CC(=O)OC1	CSC1(C(C)C)C=C([O-])OC1
Mol_13613	Mol_13613:atom23	ester	C[C@]12[C@H](O)C[C@H]3[C@@H](CC[C@H]4C[C@@H](O)CC[C@@]43CO)[C@@]1(O)CC[C@@H]2C1=CC(=O)OC1	23;24;25;26	1;21;22;23;24;25;26;27;28	CC(C)[C:1001]1=[CH:1002][C:1003](=[O:1004])OC1	CC(C)C1=CC(=O)OC1	CSC1(C(C)C)C=C([O-])OC1
Mol_13614	Mol_13614:atom18	ester	C[C@@H]1C[C@@H](O)[C@]2(O)OC3C[C@]4(C)C5CC[C@]6(C)[C@@H](C7=CC(=O)OC7)C[C@@H](O)[C@]6(O)[C@@H]5CC[C@H]4CC3O[C@@H]2O1	18;19;20;21	15;17;18;19;20;21;22;23;24	CC(C)[C:1001]1=[CH:1002][C:1003](=[O:1004])OC1	CC(C)C1=CC(=O)OC1	CSC1(C(C)C)C=C([O-])OC1
Mol_13615	Mol_13615:atom21	ester	CO[C@@H]1C[C@@H](C)O[C@H]2OC3C[C@@H]4CC[C@@H]5C(CC[C@]6(C)[C@@H](C7=CC(=O)OC7)C[C@@H](O)[C@]56O)[C@@]4(C=O)CC3O[C@]21O	21;22;23;24	18;20;21;22;23;24;25;26;27	CC(C)[C:1001]1=[CH:1002][C:1003](=[O:1004])OC1	CC(C)C1=CC(=O)OC1	CSC1(C(C)C)C=C([O-])OC1
Mol_13616	Mol_13616:atom23	ester	C[C@]12[C@H](O)CC3[C@@H](CC[C@H]4C[C@H](O)CC[C@]34CO)[C@@]1(O)CC[C@@H]2C1=CC(=O)OC1	23;24;25;26	1;21;22;23;24;25;26;27;28	CC(C)[C:1001]1=[CH:1002][C:1003](=[O:1004])OC1	CC(C)C1=CC(=O)OC1	CSC1(C(C)C)C=C([O-])OC1
Mol_13617	Mol_13617:atom23	ester	C[C@]12[C@H](O)CC3[C@@H](CC[C@H]4C[C@H](O)CC[C@]34C=O)[C@@]1(O)CC[C@@H]2C1=CC(=O)OC1	23;24;25;26	1;21;22;23;24;25;26;27;28	CC(C)[C:1001]1=[CH:1002][C:1003](=[O:1004])OC1	CC(C)C1=CC(=O)OC1	CSC1(C(C)C)C=C([O-])OC1
Mol_13624	Mol_13624:atom5	ester	COC(=O)C1=COC(C)C2CN3CCc4c([nH]c5ccccc45)C3CC12	5;4;2;3	0;1;2;3;4;5;6;7;9;24;25	CO[C:1003]([C:1002]1=[CH:1001]OCCC1C)=[O:1004]	COC(=O)C1=COCCC1C	COC([O-])=C1C(C)CCOC1SC
Mol_13625	Mol_13625:atom5	ester	COC(=O)C1=CO[C@@H](C)[C@H]2C[n+]3ccc4c([nH]c5ccccc54)c3C[C@H]12	5;4;2;3	0;1;2;3;4;5;6;7;9;24;25	CO[C:1003]([C:1002]1=[CH:1001]OCC[C@@H]1C)=[O:1004]	COC(=O)C1=COCC[C@@H]1C	COC([O-])=C1C(SC)OCC[C@@H]1C
Mol_13629	Mol_13629:atom22	ester	C[C@@H]1C[C@@H](O)[C@]2(O)O[C@@H]3C[C@@]4(C)[C@@H](CC[C@@H]5[C@@H]4CC[C@]4(C)[C@@H](C6=CC(=O)OC6)CC[C@]54O)C[C@H]3O[C@@H]2O1	22;23;24;25	19;21;22;23;24;25;26;27;28	CC(C)[C:1001]1=[CH:1002][C:1003](=[O:1004])OC1	CC(C)C1=CC(=O)OC1	CSC1(C(C)C)C=C([O-])OC1
Mol_13638	Mol_13638:atom5	ester	COC(=O)C1=CO[C@@H](C)[C@@H]2Cn3ccc4c5cc(OC)c(OC)cc5nc-4c3C[C@H]12	5;4;2;3	0;1;2;3;4;5;6;7;9;28;29	CO[C:1003]([C:1002]1=[CH:1001]OCC[C@@H]1C)=[O:1004]	COC(=O)C1=COCC[C@@H]1C	COC([O-])=C1C(SC)OCC[C@@H]1C
Mol_13643	Mol_13643:atom13	enone	CC(=O)[C@@H]1C[C@@]2(C)CC[C@H]3[C@@H](CCC4=CC(=O)CC[C@@]43C)[C@@]2(O)[C@@H]1OC1OC(CO)C(O)C(O)C1O	13;14;15;16	9;11;12;13;14;15;16;17;18;19;20	CC[C:1001]1=[CH:1002][C:1003](=[O:1004])CCC1(C)C	CCC1=CC(=O)CCC1(C)C	CCC1(SC)C=C([O-])CCC1(C)C
Mol_13644	Mol_13644:atom5	ester	COc1cc(/C=C/C(=O)OC/C=C/c2cc(OC)c(OC3OC(CO)C(O)C(O)C3OC3OC(C)C(O)C(O)C3O)c(OC)c2)ccc1OC1OC(CO)C(O)C(O)C1OC1OC(C)C(O)C(O)C1O	5;6;7;8	2;3;4;5;6;7;8;9;10;45;46;47	CO[C:1003](/[CH:1002]=[CH:1001]/c1ccccc1)=[O:1004]	COC(=O)/C=C/c1ccccc1	COC([O-])=CC(SC)c1ccccc1
Mol_13651	Mol_13651:atom20	ester	C=CC(=C)CC[C@H]1C(=C)[C@@H](O)C[C@H]2[C@@](C)(COC(=O)/C=C/c3ccc(O)cc3)CCC[C@]12C	20;19;17;18	15;16;17;18;19;20;21;22;23;24;26;27	CO[C:1003](/[CH:1002]=[CH:1001]/c1ccccc1)=[O:1004]	COC(=O)/C=C/c1ccccc1	COC([O-])=CC(SC)c1ccccc1
Mol_13652	Mol_13652:atom20	ester	C=CC(=C)CC[C@H]1C(=C)[C@@H](O)CC2[C@@](C)(COC(=O)/C=C\c3ccc(O)cc3)CCC[C@@]21C	20;19;17;18	15;16;17;18;19;20;21;22;23;24;26;27	CO[C:1003](/[CH:1002]=[CH:1001]\c1ccccc1)=[O:1004]	COC(=O)/C=C\c1ccccc1	COC([O-])=CC(SC)c1ccccc1
Mol_13653	Mol_13653:atom20	ester	C=CC(=C)CC[C@H]1C(=C)[C@@H](O)C[C@H]2[C@@](C)(COC(=O)/C=C/c3ccc(OC)cc3)CCC[C@]12C	20;19;17;18	15;16;17;18;19;20;21;22;23;24;27;28	CO[C:1003](/[CH:1002]=[CH:1001]/c1ccccc1)=[O:1004]	COC(=O)/C=C/c1ccccc1	COC([O-])=CC(SC)c1ccccc1
Mol_13654	Mol_13654:atom20	ester	C=CC(=C)CC[C@H]1C(=C)[C@@H](O)CC2[C@@](C)(COC(=O)/C=C\c3ccc(OC)cc3)CCC[C@@]21C	20;19;17;18	15;16;17;18;19;20;21;22;23;24;27;28	CO[C:1003](/[CH:1002]=[CH:1001]\c1ccccc1)=[O:1004]	COC(=O)/C=C\c1ccccc1	COC([O-])=CC(SC)c1ccccc1
Mol_13656	Mol_13656:atom13	enone	CC(=O)O[C@@H]1CC[C@]2(C)C3C(=O)C=C4[C@@H]5[C@@H](C)[C@H](C)CC[C@]5(C)CC[C@@]4(C)[C@]3(C)CC[C@H]2[C@@]1(C)C(=O)O	13;12;10;11	7;9;10;11;12;13;14;15;21;24;25;26;27	CC(C)[C:1001]1=[CH:1002][C:1003](=[O:1004])C(C)CC1(C)C	CC(C)C1=CC(=O)C(C)CC1(C)C	CSC1(C(C)C)C=C([O-])C(C)CC1(C)C
Mol_13664	Mol_13664:atom8	enal	C[C@@H]1CC[C@@H]2C(C=O)=CNC[C@H]12	8;5;6;7	3;4;5;6;7;8;9;10;11	C[C@H]1CCN[CH:1001]=[C:1002]1[CH:1003]=[O:1004]	C[C@H]1CCNC=C1C=O	CSC1NCC[C@H](C)C1=C[O-]
Mol_13672	Mol_13672:atom1	enone	CC1=CC(=O)CC(C)(C)C1(O)/C=C/C(C)=C\C(=O)O	1;2;3;4	0;1;2;3;4;5;6;9;10;11	CC1(O)CC[C:1003](=[O:1004])[CH:1002]=[C:1001]1C	CC1=CC(=O)CCC1(C)O	CSC1(C)C=C([O-])CCC1(C)O
Mol_13691	Mol_13691:atom3	enone	O=C1C=C(/C=C/c2cc(O)cc(O)c2)C2C(c3cc(O)cc(O)c3)=C(c3cc(O)c(O)c(O)c3)C(=O)[C@]12O	3;2;1;0	0;1;2;3;4;5;14;15;34;36;37	C=C[C:1001]1=[CH:1002][C:1003](=[O:1004])[C@](C)(O)C1C	C=CC1=CC(=O)[C@](C)(O)C1C	C=CC1(SC)C=C([O-])[C@](C)(O)C1C
Mol_13691	Mol_13691:atom15	enone	O=C1C=C(/C=C/c2cc(O)cc(O)c2)C2C(c3cc(O)cc(O)c3)=C(c3cc(O)c(O)c(O)c3)C(=O)[C@]12O	15;24;34;35	1;3;14;15;16;17;18;20;21;23;24;25;26;27;29;31;33;34;35;36;37	CC1[C@](C)(O)[C:1003](=[O:1004])[C:1002](c2ccccc2)=[C:1001]1c1ccccc1	CC1C(c2ccccc2)=C(c2ccccc2)C(=O)[C@@]1(C)O	CSC1(c2ccccc2)C(c2ccccc2)=C([O-])[C@@](C)(O)C1C
Mol_13703	Mol_13703:atom7	enone	CCCCC/C=C\C=C\C(=O)CCCCCCCC(=O)O	7;8;9;10	5;6;7;8;9;10;11;12	C=C/[CH:1001]=[CH:1002]/[C:1003](CC)=[O:1004]	C=C/C=C/C(=O)CC	C=CC(C=C([O-])CC)SC
Mol_13717	Mol_13717:atom4	ester	C[C@H]1CCC2=C(CC[C@]3(O)C(=O)O[C@@H]4[C@H]3CC[C@H](C)[C@@H]3CCC(=O)[C@@]43C)C(=O)O[C@H]2[C@]2(C)C(=O)CC[C@@H]12	4;5;26;27	2;3;4;5;6;7;26;27;28;29;30	CC[C:1001]1=[C:1002](CC)[C:1003](=[O:1004])O[C@H]1C	CCC1=C(CC)[C@H](C)OC1=O	CCC1=C([O-])O[C@@H](C)C1(CC)SC
Mol_13730	Mol_13730:atom0	ester	C=C1C(=O)O[C@H]2[C@H]1C[C@H](O)/C(C)=C/CC[C@@]1(C)O[C@@H]21	0;1;2;3	0;1;2;3;4;5;6;7	C[C@@H]1CO[C:1003](=[O:1004])[C:1002]1=[CH2:1001]	C=C1C(=O)OC[C@H]1C	CSCC1=C([O-])OC[C@H]1C
Mol_13741	Mol_13741:atom14	enone	C[C@@](O)(C(=O)O)[C@H](O)COCC(=O)/C=C/c1ccc(O)c(O)c1	14;13;11;12	9;10;11;12;13;14;15;16;17;18;20;22	OC[C:1003](/[CH:1002]=[CH:1001]/c1ccccc1)=[O:1004]	O=C(/C=C/c1ccccc1)CO	CSC(C=C([O-])CO)c1ccccc1
Mol_13742	Mol_13742:atom16	ester	COC(=O)[C@]1(O)C[C@@H](O)[C@@H](O)[C@H](OC(=O)/C=C/c2ccc(O)c(O)c2)C1	16;15;13;14	11;12;13;14;15;16;17;18;19;20;22;24	CO[C:1003](/[CH:1002]=[CH:1001]/c1ccccc1)=[O:1004]	COC(=O)/C=C/c1ccccc1	COC([O-])=CC(SC)c1ccccc1
Mol_13743	Mol_13743:atom3	ester	O=C(/C=C/c1ccc(O)c(O)c1)O[C@@H]1CC(C(=O)O)=C[C@@H](O)[C@H]1O	3;2;1;0	0;1;2;3;4;5;6;7;9;11;12;13	CO[C:1003](/[CH:1002]=[CH:1001]/c1ccccc1)=[O:1004]	COC(=O)/C=C/c1ccccc1	COC([O-])=CC(SC)c1ccccc1
Mol_13744	Mol_13744:atom2	ester	CC/C(C)=C/C(=O)O[C@H]1[C@H](O[C@@]2(C)CCC3[C@H](C4C2CC[C@H]4C)C3(C)C)O[C@H](C)[C@@H](O)[C@@H]1O	2;4;5;6	0;1;2;3;4;5;6;7;8	CC/[C:1001](C)=[CH:1002]/[C:1003](OC)=[O:1004]	CC/C(C)=C/C(=O)OC	CCC(C)(C=C([O-])OC)SC
Mol_13745	Mol_13745:atom2	ester	CC/C(C)=C/C(=O)O[C@H]1[C@H](O[C@@]2(C)CCC3[C@H](C4C2CC[C@H]4C)C3(C)C)O[C@H](C)[C@H](O)[C@@H]1O	2;4;5;6	0;1;2;3;4;5;6;7;8	CC/[C:1001](C)=[CH:1002]/[C:1003](OC)=[O:1004]	CC/C(C)=C/C(=O)OC	CCC(C)(C=C([O-])OC)SC
Mol_13747	Mol_13747:atom12	ester	C=C[C@]1(C)C[C@H](OC(C)=O)[C@H]2C(=C)C(=O)O[C@@H]2C1C(=C)CO	12;11;13;14	5;10;11;12;13;14;15;16	C[C@@H]1CO[C:1003](=[O:1004])[C:1002]1=[CH2:1001]	C=C1C(=O)OC[C@H]1C	CSCC1=C([O-])OC[C@H]1C
Mol_13748	Mol_13748:atom10	ester	C=C[C@]1(C)C[C@H](OC(=O)C(=C)C(O)CO)[C@H]2C(=C)C(=O)O[C@@H]2C1C(=C)CO	10;9;7;8	5;6;7;8;9;10;11;12;13	CO[C:1003]([C:1002](C(C)O)=[CH2:1001])=[O:1004]	C=C(C(=O)OC)C(C)O	COC([O-])=C(CSC)C(C)O
Mol_13748	Mol_13748:atom17	ester	C=C[C@]1(C)C[C@H](OC(=O)C(=C)C(O)CO)[C@H]2C(=C)C(=O)O[C@@H]2C1C(=C)CO	17;16;18;19	5;15;16;17;18;19;20;21	C[C@@H]1CO[C:1003](=[O:1004])[C:1002]1=[CH2:1001]	C=C1C(=O)OC[C@H]1C	CSCC1=C([O-])OC[C@H]1C
Mol_13749	Mol_13749:atom10	ester	C=C[C@]1(C)C[C@H](OC(=O)C(=C)C(O)CO)[C@H]2C(=C)C(=O)O[C@@H]2C1C(=C)C=O	10;9;7;8	5;6;7;8;9;10;11;12;13	CO[C:1003]([C:1002](C(C)O)=[CH2:1001])=[O:1004]	C=C(C(=O)OC)C(C)O	COC([O-])=C(CSC)C(C)O
Mol_13749	Mol_13749:atom17	ester	C=C[C@]1(C)C[C@H](OC(=O)C(=C)C(O)CO)[C@H]2C(=C)C(=O)O[C@@H]2C1C(=C)C=O	17;16;18;19	5;15;16;17;18;19;20;21	C[C@@H]1CO[C:1003](=[O:1004])[C:1002]1=[CH2:1001]	C=C1C(=O)OC[C@H]1C	CSCC1=C([O-])OC[C@H]1C
Mol_13749	Mol_13749:atom24	enal	C=C[C@]1(C)C[C@H](OC(=O)C(=C)C(O)CO)[C@H]2C(=C)C(=O)O[C@@H]2C1C(=C)C=O	24;23;25;26	2;21;22;23;24;25;26	CC(C)[C:1002](=[CH2:1001])[CH:1003]=[O:1004]	C=C(C=O)C(C)C	CSCC(=C[O-])C(C)C
Mol_13750	Mol_13750:atom9	ester	C=C[C@]1(C)C[C@H](O)C(C(=C)C(=O)OC)[C@H](O)C1C(=C)CO	9;8;10;11	5;7;8;9;10;11;12;13;14	CO[C:1003]([C:1002](C(C)C)=[CH2:1001])=[O:1004]	C=C(C(=O)OC)C(C)C	COC([O-])=C(CSC)C(C)C
Mol_13751	Mol_13751:atom10	ester	C=C[C@]1(C)C[C@H](OC(=O)C(=C)C(O)CO)C(C(=C)C(=O)OC)C(O)C1C(=C)CO	10;9;7;8	5;6;7;8;9;10;11;12;13	CO[C:1003]([C:1002](C(C)O)=[CH2:1001])=[O:1004]	C=C(C(=O)OC)C(C)O	COC([O-])=C(CSC)C(C)O
Mol_13751	Mol_13751:atom17	ester	C=C[C@]1(C)C[C@H](OC(=O)C(=C)C(O)CO)C(C(=C)C(=O)OC)C(O)C1C(=C)CO	17;16;18;19	5;15;16;17;18;19;20;21;22	CO[C:1003]([C:1002](C(C)C)=[CH2:1001])=[O:1004]	C=C(C(=O)OC)C(C)C	COC([O-])=C(CSC)C(C)C
Mol_13752	Mol_13752:atom0	ester	C=C1C(=O)O[C@H]2[C@H]1[C@@H](OC(=O)C(=C)[C@@H](O)CO)C[C@]1(C)[C@@H]2[C@@H](C=O)CC[C@H]1O	0;1;2;3	0;1;2;3;4;5;6;7	C[C@@H]1CO[C:1003](=[O:1004])[C:1002]1=[CH2:1001]	C=C1C(=O)OC[C@H]1C	CSCC1=C([O-])OC[C@H]1C
Mol_13752	Mol_13752:atom12	ester	C=C1C(=O)O[C@H]2[C@H]1[C@@H](OC(=O)C(=C)[C@@H](O)CO)C[C@]1(C)[C@@H]2[C@@H](C=O)CC[C@H]1O	12;11;9;10	7;8;9;10;11;12;13;14;15	CO[C:1003]([C:1002]([C@H](C)O)=[CH2:1001])=[O:1004]	C=C(C(=O)OC)[C@H](C)O	COC([O-])=C(CSC)[C@H](C)O
Mol_13753	Mol_13753:atom0	ester	C=C1C(=O)O[C@H]2[C@H]1[C@@H](OC(=O)C(=C)[C@@H](O)CO)C[C@]1(C)[C@@H]2[C@H](C=O)CC[C@H]1O	0;1;2;3	0;1;2;3;4;5;6;7	C[C@@H]1CO[C:1003](=[O:1004])[C:1002]1=[CH2:1001]	C=C1C(=O)OC[C@H]1C	CSCC1=C([O-])OC[C@H]1C
Mol_13753	Mol_13753:atom12	ester	C=C1C(=O)O[C@H]2[C@H]1[C@@H](OC(=O)C(=C)[C@@H](O)CO)C[C@]1(C)[C@@H]2[C@H](C=O)CC[C@H]1O	12;11;9;10	7;8;9;10;11;12;13;14;15	CO[C:1003]([C:1002]([C@H](C)O)=[CH2:1001])=[O:1004]	C=C(C(=O)OC)[C@H](C)O	COC([O-])=C(CSC)[C@H](C)O
Mol_13754	Mol_13754:atom0	ester	C=C(C(=O)O[C@H]1C[C@]2(C)C([C@H]3OC(=O)C(=C)C31)[C@H](C=O)CC[C@H]2O)C(O)COC(C)=O	0;1;2;3	0;1;2;3;4;5;24;25;26	CO[C:1003]([C:1002](C(C)O)=[CH2:1001])=[O:1004]	C=C(C(=O)OC)C(C)O	COC([O-])=C(CSC)C(C)O
Mol_13754	Mol_13754:atom15	ester	C=C(C(=O)O[C@H]1C[C@]2(C)C([C@H]3OC(=O)C(=C)C31)[C@H](C=O)CC[C@H]2O)C(O)COC(C)=O	15;14;12;13	5;10;11;12;13;14;15;16	CC1CO[C:1003](=[O:1004])[C:1002]1=[CH2:1001]	C=C1C(=O)OCC1C	CSCC1=C([O-])OCC1C
Mol_13755	Mol_13755:atom0	ester	C=C(C(=O)O[C@H]1C[C@]2(C)C([C@H]3OC(=O)C(=C)C31)[C@@H](C=O)CC[C@H]2O)C(O)COC(C)=O	0;1;2;3	0;1;2;3;4;5;24;25;26	CO[C:1003]([C:1002](C(C)O)=[CH2:1001])=[O:1004]	C=C(C(=O)OC)C(C)O	COC([O-])=C(CSC)C(C)O
Mol_13755	Mol_13755:atom15	ester	C=C(C(=O)O[C@H]1C[C@]2(C)C([C@H]3OC(=O)C(=C)C31)[C@@H](C=O)CC[C@H]2O)C(O)COC(C)=O	15;14;12;13	5;10;11;12;13;14;15;16	CC1CO[C:1003](=[O:1004])[C:1002]1=[CH2:1001]	C=C1C(=O)OCC1C	CSCC1=C([O-])OCC1C
Mol_13756	Mol_13756:atom0	ester	C=C1C(=O)O[C@H]2[C@H]1[C@@H](OC(=O)/C(C)=C/COC(C)=O)CC(=C)[C@@H]1C[C@H](O)[C@](O)(CCl)[C@H]21	0;1;2;3	0;1;2;3;4;5;6;7	C[C@@H]1CO[C:1003](=[O:1004])[C:1002]1=[CH2:1001]	C=C1C(=O)OC[C@H]1C	CSCC1=C([O-])OC[C@H]1C
Mol_13756	Mol_13756:atom13	ester	C=C1C(=O)O[C@H]2[C@H]1[C@@H](OC(=O)/C(C)=C/COC(C)=O)CC(=C)[C@@H]1C[C@H](O)[C@](O)(CCl)[C@H]21	13;11;9;10	7;8;9;10;11;12;13;14;15	CO[C:1003](/[C:1002](C)=[CH:1001]/CO)=[O:1004]	COC(=O)/C(C)=C/CO	COC([O-])=C(C)C(CO)SC
Mol_13757	Mol_13757:atom0	ester	C=C1C(=O)O[C@@H]2[C@@H]3[C@@H](C[C@H](O)[C@]3(O)CCl)C(=C)[C@H](OC(=O)/C(C)=C/CO)C[C@@H]12	0;1;2;3	0;1;2;3;4;5;26;27	C[C@@H]1CO[C:1003](=[O:1004])[C:1002]1=[CH2:1001]	C=C1C(=O)OC[C@H]1C	CSCC1=C([O-])OC[C@H]1C
Mol_13757	Mol_13757:atom23	ester	C=C1C(=O)O[C@@H]2[C@@H]3[C@@H](C[C@H](O)[C@]3(O)CCl)C(=C)[C@H](OC(=O)/C(C)=C/CO)C[C@@H]12	23;21;19;20	17;18;19;20;21;22;23;24;25	CO[C:1003](/[C:1002](C)=[CH:1001]/CO)=[O:1004]	COC(=O)/C(C)=C/CO	COC([O-])=C(C)C(CO)SC
Mol_13758	Mol_13758:atom0	ester	C=C1C(=O)O[C@@H]2[C@@H]3[C@@H](C[C@H](O)[C@]3(O)CCl)C(=C)[C@H](O)C[C@@H]12	0;1;2;3	0;1;2;3;4;5;19;20	C[C@@H]1CO[C:1003](=[O:1004])[C:1002]1=[CH2:1001]	C=C1C(=O)OC[C@H]1C	CSCC1=C([O-])OC[C@H]1C
Mol_13759	Mol_13759:atom0	ester	C=C(CO)C(=O)O[C@H]1CC(=C)[C@@H]2C[C@H](O)[C@](O)(CCl)[C@@H]2[C@H]2OC(=O)[C@@H](CC(C)C)[C@@H]21	0;1;4;5	0;1;2;3;4;5;6;7	CO[C:1003]([C:1002](CO)=[CH2:1001])=[O:1004]	C=C(CO)C(=O)OC	COC([O-])=C(CO)CSC
Mol_13760	Mol_13760:atom2	enone	CC1=C2[C@@H](O)[C@H](C(=O)O)CC[C@@]2(C)CCC1=O	2;1;15;16	0;1;2;3;4;5;10;11;12;13;14;15;16	C[C@H](O)[C:1001]1=[C:1002](C)[C:1003](=[O:1004])CCC1(C)C	CC1=C([C@H](C)O)C(C)(C)CCC1=O	CSC1([C@H](C)O)C(C)=C([O-])CCC1(C)C
Mol_13761	Mol_13761:atom16	enone	C=C(C(=O)O)[C@@H]1CC[C@@]2(C)CCC(=O)C(C)=C2[C@H]1O	16;14;12;13	5;7;8;9;10;11;12;13;14;15;16;17;18	C[C@H](O)[C:1001]1=[C:1002](C)[C:1003](=[O:1004])CCC1(C)C	CC1=C([C@H](C)O)C(C)(C)CCC1=O	CSC1([C@H](C)O)C(C)=C([O-])CCC1(C)C
Mol_13766	Mol_13766:atom10	ester	C=C[C@@]1(C)C[C@H]2OC(=O)C(=C)[C@H]2C[C@@H]1C(=C)C	10;9;7;8	5;6;7;8;9;10;11;12	C[C@H]1CO[C:1003](=[O:1004])[C:1002]1=[CH2:1001]	C=C1C(=O)OC[C@@H]1C	CSCC1=C([O-])OC[C@@H]1C
Mol_13769	Mol_13769:atom0	ester	C=C1C(=O)O[C@H]([C@H]2C(=O)C=C[C@@]2(C)O)[C@H]1CCC(C)=O	0;1;2;3	0;1;2;3;4;5;14;15	C[C@@H]1CO[C:1003](=[O:1004])[C:1002]1=[CH2:1001]	C=C1C(=O)OC[C@H]1C	CSCC1=C([O-])OC[C@H]1C
Mol_13769	Mol_13769:atom10	enone	C=C1C(=O)O[C@H]([C@H]2C(=O)C=C[C@@]2(C)O)[C@H]1CCC(C)=O	10;9;7;8	5;6;7;8;9;10;11;12;13	C[C@@H]1[C@](C)(O)[CH:1001]=[CH:1002][C:1003]1=[O:1004]	C[C@H]1C(=O)C=C[C@@]1(C)O	CSC1C=C([O-])[C@H](C)[C@]1(C)O
Mol_13770	Mol_13770:atom0	ester	C=C1C(=O)O[C@H]([C@H]2C(=O)C=C[C@H]2O)[C@@H]1CC(C)=O	0;1;2;3	0;1;2;3;4;5;13;14	C[C@H]1CO[C:1003](=[O:1004])[C:1002]1=[CH2:1001]	C=C1C(=O)OC[C@@H]1C	CSCC1=C([O-])OC[C@@H]1C
Mol_13770	Mol_13770:atom10	enone	C=C1C(=O)O[C@H]([C@H]2C(=O)C=C[C@H]2O)[C@@H]1CC(C)=O	10;9;7;8	5;6;7;8;9;10;11;12	C[C@@H]1[C@H](O)[CH:1001]=[CH:1002][C:1003]1=[O:1004]	C[C@H]1C(=O)C=C[C@H]1O	CSC1C=C([O-])[C@H](C)[C@@H]1O
Mol_13771	Mol_13771:atom0	ester	C=C1C(=O)O[C@H]([C@H]2C(=O)C=C[C@@H]2O)[C@@H]1CC(C)=O	0;1;2;3	0;1;2;3;4;5;13;14	C[C@H]1CO[C:1003](=[O:1004])[C:1002]1=[CH2:1001]	C=C1C(=O)OC[C@@H]1C	CSCC1=C([O-])OC[C@@H]1C
Mol_13771	Mol_13771:atom10	enone	C=C1C(=O)O[C@H]([C@H]2C(=O)C=C[C@@H]2O)[C@@H]1CC(C)=O	10;9;7;8	5;6;7;8;9;10;11;12	C[C@@H]1[C@@H](O)[CH:1001]=[CH:1002][C:1003]1=[O:1004]	C[C@H]1C(=O)C=C[C@@H]1O	CSC1C=C([O-])[C@H](C)[C@H]1O
Mol_13772	Mol_13772:atom0	ester	C=C1C(=O)O[C@H](C2=C(C)[C@@H](O)CC2=O)C1CCC(C)=O	0;1;2;3	0;1;2;3;4;5;14;15	CC1CO[C:1003](=[O:1004])[C:1002]1=[CH2:1001]	C=C1C(=O)OCC1C	CSCC1=C([O-])OCC1C
Mol_13772	Mol_13772:atom7	enone	C=C1C(=O)O[C@H](C2=C(C)[C@@H](O)CC2=O)C1CCC(C)=O	7;6;12;13	4;5;6;7;8;9;10;11;12;13;14	C[C@H](O)[C:1002]1=[C:1001](C)[C@@H](O)C[C:1003]1=[O:1004]	CC1=C([C@H](C)O)C(=O)C[C@@H]1O	CSC1(C)C([C@H](C)O)=C([O-])C[C@@H]1O
Mol_13773	Mol_13773:atom0	ester	C=C1C(=O)O[C@H]2[C@H]1CC[C@@](C)(O)[C@@]13O[C@@H]1[C@@H]1O[C@]1(C)[C@H]23	0;1;2;3	0;1;2;3;4;5;6;7	C[C@@H]1CO[C:1003](=[O:1004])[C:1002]1=[CH2:1001]	C=C1C(=O)OC[C@H]1C	CSCC1=C([O-])OC[C@H]1C
Mol_13778	Mol_13778:atom3	ester	O=C(C=Cc1ccc(O)c(O)c1)OC(=O)C=Cc1ccc(O)c(O)c1	3;2;1;0	0;1;2;3;4;5;6;7;9;11;12;13	CO[C:1003]([CH:1002]=[CH:1001]c1ccccc1)=[O:1004]	COC(=O)C=Cc1ccccc1	COC([O-])=CC(SC)c1ccccc1
Mol_13778	Mol_13778:atom16	ester	O=C(C=Cc1ccc(O)c(O)c1)OC(=O)C=Cc1ccc(O)c(O)c1	16;15;13;14	1;12;13;14;15;16;17;18;19;20;22;24	CO[C:1003]([CH:1002]=[CH:1001]c1ccccc1)=[O:1004]	COC(=O)C=Cc1ccccc1	COC([O-])=CC(SC)c1ccccc1
Mol_13781	Mol_13781:atom7	enone	C=C1CC[C@H](O)C(=C)C(=O)C[C@@H]2[C@@H]1CC2(C)C	7;6;8;9	3;4;5;6;7;8;9;10;11	CC[C:1003]([C:1002]([C@H](C)O)=[CH2:1001])=[O:1004]	C=C(C(=O)CC)[C@H](C)O	CCC([O-])=C(CSC)[C@H](C)O
Mol_13783	Mol_13783:atom4	enone	C=C1CC/C=C(\CO)C(=O)C[C@@H]2[C@@H]1CC2(C)C	4;5;8;9	2;3;4;5;6;7;8;9;10;11	CC/[CH:1001]=[C:1002](\CO)[C:1003](CC)=[O:1004]	CC/C=C(\CO)C(=O)CC	CCC([O-])=C(CO)C(CC)SC
Mol_13784	Mol_13784:atom4	enone	C=C1CC/C=C(\CO)C(=O)C[C@@H]2[C@@H]1C[C@]2(C)OC(C)=O	4;5;8;9	2;3;4;5;6;7;8;9;10;11	CC/[CH:1001]=[C:1002](\CO)[C:1003](CC)=[O:1004]	CC/C=C(\CO)C(=O)CC	CCC([O-])=C(CO)C(CC)SC
Mol_13785	Mol_13785:atom4	enone	C=C1CC/C=C(\CO)C(=O)C[C@@H]2[C@@H]1C[C@]2(C)CO	4;5;8;9	2;3;4;5;6;7;8;9;10;11	CC/[CH:1001]=[C:1002](\CO)[C:1003](CC)=[O:1004]	CC/C=C(\CO)C(=O)CC	CCC([O-])=C(CO)C(CC)SC
Mol_13802	Mol_13802:atom0	ester	C=C(CO)C(=O)O[C@H]1CC(=C)[C@@H]2CC(=O)C(C)[C@@H]2[C@H]2OC(=O)C(=C)C12	0;1;4;5	0;1;2;3;4;5;6;7	CO[C:1003]([C:1002](CO)=[CH2:1001])=[O:1004]	C=C(CO)C(=O)OC	COC([O-])=C(CO)CSC
Mol_13802	Mol_13802:atom23	ester	C=C(CO)C(=O)O[C@H]1CC(=C)[C@@H]2CC(=O)C(C)[C@@H]2[C@H]2OC(=O)C(=C)C12	23;22;20;21	7;18;19;20;21;22;23;24	CC1CO[C:1003](=[O:1004])[C:1002]1=[CH2:1001]	C=C1C(=O)OCC1C	CSCC1=C([O-])OCC1C
Mol_13804	Mol_13804:atom0	ester	C=C(CO)C(=O)O[C@H]1CC(=C)[C@@H]2C[C@H](OC(C)=O)C(=C)[C@@H]2[C@H]2OC(=O)C(=C)[C@@H]21	0;1;4;5	0;1;2;3;4;5;6;7	CO[C:1003]([C:1002](CO)=[CH2:1001])=[O:1004]	C=C(CO)C(=O)OC	COC([O-])=C(CO)CSC
Mol_13804	Mol_13804:atom26	ester	C=C(CO)C(=O)O[C@H]1CC(=C)[C@@H]2C[C@H](OC(C)=O)C(=C)[C@@H]2[C@H]2OC(=O)C(=C)[C@@H]21	26;25;23;24	7;21;22;23;24;25;26;27	C[C@@H]1CO[C:1003](=[O:1004])[C:1002]1=[CH2:1001]	C=C1C(=O)OC[C@H]1C	CSCC1=C([O-])OC[C@H]1C
Mol_13809	Mol_13809:atom12	ester	C=C1[C@@H](O)C[C@]2(O)C(C(=O)OC)=CO[C@@H](OC3OC(COC(=O)/C=C/c4ccc(O)c(O)c4)C(O)C(O)C3O)[C@H]12	12;7;8;9	4;5;6;7;8;9;10;11;12;13;14;39	CO[C:1003]([C:1002]1=[CH:1001]OCC[C@@]1(C)O)=[O:1004]	COC(=O)C1=COCC[C@@]1(C)O	COC([O-])=C1C(SC)OCC[C@@]1(C)O
Mol_13809	Mol_13809:atom24	ester	C=C1[C@@H](O)C[C@]2(O)C(C(=O)OC)=CO[C@@H](OC3OC(COC(=O)/C=C/c4ccc(O)c(O)c4)C(O)C(O)C3O)[C@H]12	24;23;21;22	19;20;21;22;23;24;25;26;27;28;30;32	CO[C:1003](/[CH:1002]=[CH:1001]/c1ccccc1)=[O:1004]	COC(=O)/C=C/c1ccccc1	COC([O-])=CC(SC)c1ccccc1
Mol_13812	Mol_13812:atom5	ester	COC(=O)C1=CO[C@@H](O[C@@H]2O[C@H](CO)[C@@H](O)[C@H](O)[C@H]2O)[C@@H]2C(CO)=CC[C@]12O	5;4;2;3	0;1;2;3;4;5;6;7;20;25;26;27	CO[C:1003]([C:1002]1=[CH:1001]OCC[C@@]1(C)O)=[O:1004]	COC(=O)C1=COCC[C@@]1(C)O	COC([O-])=C1C(SC)OCC[C@@]1(C)O
Mol_13814	Mol_13814:atom11	ester	CC1O[C@@H](OC2[C@H](OC(=O)/C=C/c3ccc(O)c(O)c3)C(CO)O[C@@H](OCCc3ccc(O)cc3)[C@H]2O)[C@@H](O)C(O[C@@H]2OCC(O)(CO)[C@@H]2O)[C@H]1O	11;10;8;9	6;7;8;9;10;11;12;13;14;15;17;19	CO[C:1003](/[CH:1002]=[CH:1001]/c1ccccc1)=[O:1004]	COC(=O)/C=C/c1ccccc1	COC([O-])=CC(SC)c1ccccc1
Mol_13815	Mol_13815:atom47	ester	CC(=O)OCC1O[C@@H](OCCc2ccc(O)c(O)c2)[C@@H](O)C(O[C@@H]2OC(C)[C@H](O)C(O[C@@H]3OCC(O)(CO)[C@@H]3O)[C@@H]2O)[C@@H]1OC(=O)/C=C/c1ccc(O)c(O)c1	47;46;44;45	42;43;44;45;46;47;48;49;50;51;53;55	CO[C:1003](/[CH:1002]=[CH:1001]/c1ccccc1)=[O:1004]	COC(=O)/C=C/c1ccccc1	COC([O-])=CC(SC)c1ccccc1
Mol_13817	Mol_13817:atom29	ester	C[C@@H]1O[C@@H](O[C@@H]2[C@@H](O)[C@H](OCCc3ccc(O)c(O)c3)O[C@H](CO)[C@H]2OC(=O)/C=C/c2ccc(O)c(O)c2)[C@H](O)[C@H](O[C@@H]2OC[C@](O)(CO)[C@H]2O)[C@H]1O	29;28;26;27	24;25;26;27;28;29;30;31;32;33;35;37	CO[C:1003](/[CH:1002]=[CH:1001]/c1ccccc1)=[O:1004]	COC(=O)/C=C/c1ccccc1	COC([O-])=CC(SC)c1ccccc1
Mol_13818	Mol_13818:atom38	ester	CC(=O)OCC1O[C@@H](OCCc2ccc(O)c(O)c2)C(O)[C@@H](O[C@@H]2OC(C)[C@@H](O)[C@H](O)C2O)[C@@H]1OC(=O)/C=C/c1ccc(O)c(O)c1	38;37;35;36	33;34;35;36;37;38;39;40;41;42;44;46	CO[C:1003](/[CH:1002]=[CH:1001]/c1ccccc1)=[O:1004]	COC(=O)/C=C/c1ccccc1	COC([O-])=CC(SC)c1ccccc1
Mol_13819	Mol_13819:atom38	ester	CC1O[C@@H](O[C@@H]2C(O[C@H]3OC[C@](O)(CO)C3O)[C@H](OCCc3ccc(O)c(O)c3)OC(CO)[C@H]2OC(=O)/C=C/c2ccc(O)c(O)c2)C(O)[C@@H](O)[C@H]1O	38;37;35;36	33;34;35;36;37;38;39;40;41;42;44;46	CO[C:1003](/[CH:1002]=[CH:1001]/c1ccccc1)=[O:1004]	COC(=O)/C=C/c1ccccc1	COC([O-])=CC(SC)c1ccccc1
Mol_13830	Mol_13830:atom17	ester	COc1cc([C@@H]2c3c(cc(OC)c(O)c3OC)C=C3C(=O)OC[C@H]4O[C@@](CO)(O[C@H]5O[C@H](COC(=O)/C=C/c6ccc(O[C@@H]7O[C@H](C)[C@@H](O)[C@H](O)[C@@H]7O)cc6)[C@@H](O)[C@H](O)[C@H]5O)[C@@H](OC(=O)[C@@H]32)[C@@H]4O)ccc1O	17;18;19;20	5;6;7;8;9;12;14;17;18;19;20;21;22;63;65	CO[C:1003]([C:1002]1=[CH:1001]c2ccccc2C[C@H]1C)=[O:1004]	COC(=O)C1=Cc2ccccc2C[C@H]1C	COC([O-])=C1C(SC)c2ccccc2C[C@H]1C
Mol_13830	Mol_13830:atom37	ester	COc1cc([C@@H]2c3c(cc(OC)c(O)c3OC)C=C3C(=O)OC[C@H]4O[C@@](CO)(O[C@H]5O[C@H](COC(=O)/C=C/c6ccc(O[C@@H]7O[C@H](C)[C@@H](O)[C@H](O)[C@@H]7O)cc6)[C@@H](O)[C@H](O)[C@H]5O)[C@@H](OC(=O)[C@@H]32)[C@@H]4O)ccc1O	37;36;34;35	32;33;34;35;36;37;38;39;40;41;53;54	CO[C:1003](/[CH:1002]=[CH:1001]/c1ccccc1)=[O:1004]	COC(=O)/C=C/c1ccccc1	COC([O-])=CC(SC)c1ccccc1
Mol_13831	Mol_13831:atom32	ester	COc1cc2c(c(OC)c1O)[C@@H](c1ccc(O)cc1)[C@H]1C(=O)O[C@H]3[C@H](O)[C@@H](COC(=O)C1=C2)O[C@@]3(CO)O[C@H]1O[C@H](COC(=O)/C=C/c2ccc(O[C@@H]3O[C@H](C)[C@@H](O)[C@H](O)[C@@H]3O)cc2)[C@@H](O)[C@H](O)[C@H]1O	32;31;29;30	2;3;4;5;6;9;11;19;20;27;28;29;30;31;32	CO[C:1003]([C:1002]1=[CH:1001]c2ccccc2C[C@H]1C)=[O:1004]	COC(=O)C1=Cc2ccccc2C[C@H]1C	COC([O-])=C1C(SC)c2ccccc2C[C@H]1C
Mol_13831	Mol_13831:atom46	ester	COc1cc2c(c(OC)c1O)[C@@H](c1ccc(O)cc1)[C@H]1C(=O)O[C@H]3[C@H](O)[C@@H](COC(=O)C1=C2)O[C@@]3(CO)O[C@H]1O[C@H](COC(=O)/C=C/c2ccc(O[C@@H]3O[C@H](C)[C@@H](O)[C@H](O)[C@@H]3O)cc2)[C@@H](O)[C@H](O)[C@H]1O	46;45;43;44	41;42;43;44;45;46;47;48;49;50;62;63	CO[C:1003](/[CH:1002]=[CH:1001]/c1ccccc1)=[O:1004]	COC(=O)/C=C/c1ccccc1	COC([O-])=CC(SC)c1ccccc1
Mol_13832	Mol_13832:atom31	ester	COC(=O)[C@H]1C(C(=O)OC[C@H]2O[C@@](CO)(O[C@H]3O[C@H](CO)[C@@H](O)[C@H](O)[C@H]3O)[C@@H](O)[C@@H]2O)=Cc2cc(OC)c(O)c(OC)c2[C@H]1c1ccc(O)cc1	31;5;6;7	2;4;5;6;7;8;9;31;32;33;34;37;39;42;43	CO[C:1003]([C:1002]1=[CH:1001]c2ccccc2C[C@H]1C)=[O:1004]	COC(=O)C1=Cc2ccccc2C[C@H]1C	COC([O-])=C1C(SC)c2ccccc2C[C@H]1C
Mol_13833	Mol_13833:atom31	ester	COC(=O)[C@H]1C(C(=O)OC[C@H]2O[C@@](CO)(O[C@H]3O[C@H](CO)[C@@H](O)[C@H](O)[C@H]3O)[C@@H](O)[C@@H]2O)=Cc2cc(OC)c(O)c(OC)c2[C@H]1c1ccc(O)c(OC)c1	31;5;6;7	2;4;5;6;7;8;9;31;32;33;34;37;39;42;43	CO[C:1003]([C:1002]1=[CH:1001]c2ccccc2C[C@H]1C)=[O:1004]	COC(=O)C1=Cc2ccccc2C[C@H]1C	COC([O-])=C1C(SC)c2ccccc2C[C@H]1C
Mol_13834	Mol_13834:atom17	ester	COc1cc([C@@H]2c3c(cc(OC)c(O)c3OC)C=C3C(=O)O[C@H]4[C@H](O)[C@@H](COC(=O)[C@@H]32)O[C@@]4(CO)O[C@H]2O[C@H](COC(C)=O)[C@@H](O)[C@H](O)[C@H]2O)ccc1O	17;18;19;20	5;6;7;8;9;12;14;17;18;19;20;21;22;28;30	CO[C:1003]([C:1002]1=[CH:1001]c2ccccc2C[C@H]1C)=[O:1004]	COC(=O)C1=Cc2ccccc2C[C@H]1C	COC([O-])=C1C(SC)c2ccccc2C[C@H]1C
Mol_13835	Mol_13835:atom1	ester	C/C=C(/C)C(=O)O[C@@H]1CC[N+]2([O-])CC=C(COC(=O)[C@](O)(C(C)C)[C@H](C)O)[C@H]12	1;2;4;5	0;1;2;3;4;5;6;7	CO[C:1003](/[C:1002](C)=[CH:1001]\C)=[O:1004]	C/C=C(/C)C(=O)OC	COC([O-])=C(C)C(C)SC
Mol_13836	Mol_13836:atom1	ester	C/C=C(/C)C(=O)O[C@@H]1CC[N+]2([O-])CC=C(COC(=O)[C@@](O)([C@H](C)O)C(C)(C)O)[C@H]12	1;2;4;5	0;1;2;3;4;5;6;7	CO[C:1003](/[C:1002](C)=[CH:1001]\C)=[O:1004]	C/C=C(/C)C(=O)OC	COC([O-])=C(C)C(C)SC
Mol_13837	Mol_13837:atom4	enone	CC(=O)/C=C/C1C(C)=CC(O)CC1(C)C	4;3;1;2	0;1;2;3;4;5;6;12	CC(C)/[CH:1001]=[CH:1002]/[C:1003](C)=[O:1004]	CC(=O)/C=C/C(C)C	CSC(C=C(C)[O-])C(C)C
Mol_13838	Mol_13838:atom4	enone	CC(=O)/C=C/C1=C(C)C[C@@H](O)CC1(C)C	4;3;1;2	0;1;2;3;4;5;6;12	C=C(C)/[CH:1001]=[CH:1002]/[C:1003](C)=[O:1004]	C=C(C)/C=C/C(C)=O	C=C(C)C(C=C(C)[O-])SC
Mol_13839	Mol_13839:atom4	enone	CC(=O)/C=C/[C@@]1(O)C(C)=CC(=O)CC1(C)C	4;3;1;2	0;1;2;3;4;5;6;7;13	CC(C)(O)/[CH:1001]=[CH:1002]/[C:1003](C)=[O:1004]	CC(=O)/C=C/C(C)(C)O	CSC(C=C(C)[O-])C(C)(C)O
Mol_13839	Mol_13839:atom7	enone	CC(=O)/C=C/[C@@]1(O)C(C)=CC(=O)CC1(C)C	7;9;10;11	4;5;6;7;8;9;10;11;12;13	C[C@]1(O)CC[C:1003](=[O:1004])[CH:1002]=[C:1001]1C	CC1=CC(=O)CC[C@]1(C)O	CSC1(C)C=C([O-])CC[C@]1(C)O
Mol_13840	Mol_13840:atom4	enone	CC(=O)/C=C/[C@]1(O)C(C)(C)C[C@H](O)C[C@@]1(C)O	4;3;1;2	0;1;2;3;4;5;6;7;14	CC(C)(O)/[CH:1001]=[CH:1002]/[C:1003](C)=[O:1004]	CC(=O)/C=C/C(C)(C)O	CSC(C=C(C)[O-])C(C)(C)O
Mol_13842	Mol_13842:atom1	enone	CC1=CC(=O)CC(C)(C)C1/C=C/C(C)O	1;2;3;4	0;1;2;3;4;5;6;9;10	CC1CC[C:1003](=[O:1004])[CH:1002]=[C:1001]1C	CC1=CC(=O)CCC1C	CSC1(C)C=C([O-])CCC1C
Mol_13849	Mol_13849:atom18	ester	COC(=O)[C@@H](Cc1ccc(O)c(O)c1)OC(=O)C=Cc1ccc(O)c(O)c1	18;17;15;16	4;14;15;16;17;18;19;20;21;22;24;26	CO[C:1003]([CH:1002]=[CH:1001]c1ccccc1)=[O:1004]	COC(=O)C=Cc1ccccc1	COC([O-])=CC(SC)c1ccccc1
Mol_13850	Mol_13850:atom1	ester	C/C=C(/C)C(=O)O[C@H]1CC[N+]2([O-])CC=C(COC(=O)[C@](O)(C(C)C)[C@H](C)O)[C@H]12	1;2;4;5	0;1;2;3;4;5;6;7	CO[C:1003](/[C:1002](C)=[CH:1001]\C)=[O:1004]	C/C=C(/C)C(=O)OC	COC([O-])=C(C)C(C)SC
Mol_13851	Mol_13851:atom1	ester	C/C=C(/C)C(=O)O[C@H]1CC[N+]2([O-])CC=C(COC(=O)[C@](O)([C@H](C)OC(C)=O)C(C)(C)O)[C@H]12	1;2;4;5	0;1;2;3;4;5;6;7	CO[C:1003](/[C:1002](C)=[CH:1001]\C)=[O:1004]	C/C=C(/C)C(=O)OC	COC([O-])=C(C)C(C)SC
Mol_13852	Mol_13852:atom1	ester	C/C=C(/C)C(=O)O[C@H]1CC[N+]2([O-])CC=C(COC(=O)[C@](O)([C@H](C)O)C(C)(C)O)[C@H]12	1;2;4;5	0;1;2;3;4;5;6;7	CO[C:1003](/[C:1002](C)=[CH:1001]\C)=[O:1004]	C/C=C(/C)C(=O)OC	COC([O-])=C(C)C(C)SC
Mol_13853	Mol_13853:atom5	enone	C[C@@H]1CCC/C=C/C(=O)CC(=O)O1	5;6;7;8	3;4;5;6;7;8;9;10	CC/[CH:1001]=[CH:1002]/[C:1003](CC)=[O:1004]	CC/C=C/C(=O)CC	CCC([O-])=CC(CC)SC
Mol_13857	Mol_13857:atom12	enone	CCC(C)C(=O)C1OC12C(=O)C=C(C)NC2=O	12;11;9;10	6;7;8;9;10;11;12;13;14;15	C[C:1001]1=[CH:1002][C:1003](=[O:1004])C2(CN1)CO2	CC1=CC(=O)C2(CN1)CO2	CSC1(C)C=C([O-])C2(CN1)CO2
Mol_13863	Mol_13863:atom6	ester	C[C@@H]1OC(=O)/C(=C/[C@H]2O[C@@H]2C)[C@H]1O	6;5;3;4	1;2;3;4;5;6;7;8;9;11;12	O[C@H]1CO[C:1003](=[O:1004])/[C:1002]1=[CH:1001]/[C@@H]1CO1	O=C1OC[C@H](O)/C1=C\[C@@H]1CO1	CSC(C1=C([O-])OC[C@@H]1O)[C@@H]1CO1
Mol_13864	Mol_13864:atom6	ester	C[C@@H]1OC(=O)/C(=C/[C@@H]2O[C@@H]2C)[C@H]1O	6;5;3;4	1;2;3;4;5;6;7;8;9;11;12	O[C@H]1CO[C:1003](=[O:1004])/[C:1002]1=[CH:1001]/[C@H]1CO1	O=C1OC[C@H](O)/C1=C\[C@H]1CO1	CSC(C1=C([O-])OC[C@@H]1O)[C@H]1CO1
Mol_13873	Mol_13873:atom4	enone	CC/C=C/C=C/C(C)=O	4;5;6;8	2;3;4;5;6;7;8	C=C/[CH:1001]=[CH:1002]/[C:1003](C)=[O:1004]	C=C/C=C/C(C)=O	C=CC(C=C(C)[O-])SC
Mol_13919	Mol_13919:atom5	ester	COc1cc(/C=C/C(=O)O[C@H]2[C@H](Oc3cc(O)c4c(=O)c(O[C@@H]5O[C@H](CO)[C@@H](O)[C@H](O)[C@H]5O[C@@H]5O[C@H](CO)[C@@H](O)[C@H](O)[C@H]5O)c(-c5ccc(O)cc5)oc4c3)O[C@H](CO)[C@@H](O)[C@@H]2O)ccc1O	5;6;7;8	2;3;4;5;6;7;8;9;10;63;64;65	CO[C:1003](/[CH:1002]=[CH:1001]/c1ccccc1)=[O:1004]	COC(=O)/C=C/c1ccccc1	COC([O-])=CC(SC)c1ccccc1
Mol_13950	Mol_13950:atom19	ester	COc1cc(O)c2c(=O)c(OC3O[C@H](COC(=O)/C=C/c4ccc(O)cc4)[C@@H](O)[C@H](O)[C@H]3O)c(-c3ccc(O)cc3)oc2c1	19;18;16;17	14;15;16;17;18;19;20;21;22;23;25;26	CO[C:1003](/[CH:1002]=[CH:1001]/c1ccccc1)=[O:1004]	COC(=O)/C=C/c1ccccc1	COC([O-])=CC(SC)c1ccccc1
Mol_13954	Mol_13954:atom10	ester	C=C(C)C1C/C=C(\C)CC/C=C(\C(=O)OC)CC/C=C(/C=O)CC1	10;11;12;13	8;9;10;11;12;13;14;15;16;17	CC/[CH:1001]=[C:1002](/CC)[C:1003](OC)=[O:1004]	CC/C=C(/CC)C(=O)OC	CCC(=C([O-])OC)C(CC)SC
Mol_13954	Mol_13954:atom18	enal	C=C(C)C1C/C=C(\C)CC/C=C(\C(=O)OC)CC/C=C(/C=O)CC1	18;19;20;21	16;17;18;19;20;21;22;23	CC/[CH:1001]=[C:1002](\CC)[CH:1003]=[O:1004]	CC/C=C(/C=O)CC	CCC(=C[O-])C(CC)SC
Mol_13962	Mol_13962:atom7	ester	CC(=O)OC1(C2(C)C=CC(=O)O2)CCC2(C)C1CCC1C3(C)C=CC(=O)C(C)(C)C3CCC12C	7;8;9;10	4;5;6;7;8;9;10;11	CC1(C)O[C:1003](=[O:1004])[CH:1002]=[CH:1001]1	CC1(C)C=CC(=O)O1	CSC1C=C([O-])OC1(C)C
Mol_13962	Mol_13962:atom22	enone	CC(=O)OC1(C2(C)C=CC(=O)O2)CCC2(C)C1CCC1C3(C)C=CC(=O)C(C)(C)C3CCC12C	22;23;24;25	19;20;21;22;23;24;25;26;27;28;29	CC1(C)CC(C)(C)[C:1003](=[O:1004])[CH:1002]=[CH:1001]1	CC1(C)C=CC(=O)C(C)(C)C1	CSC1C=C([O-])C(C)(C)CC1(C)C
Mol_13965	Mol_13965:atom10	ester	CC(=O)O[C@@H]1CC2C([C@]3(C)C=CC(=O)O3)CC[C@@]2(C)[C@]2(C)CCC3C(C)(C)OC(=O)C[C@@H](OC(C)=O)[C@]3(C)C12	10;11;12;13	7;8;9;10;11;12;13;14	CC1(C)O[C:1003](=[O:1004])[CH:1002]=[CH:1001]1	CC1(C)C=CC(=O)O1	CSC1C=C([O-])OC1(C)C
Mol_13966	Mol_13966:atom23	ester	CC1(C)OC(=O)C[C@@H](O)[C@@]2(C)C1CC[C@]1(C)C2CCC2C([C@]3(C)C=CC(=O)O3)CC[C@]21C	23;24;25;26	20;21;22;23;24;25;26;27	CC1(C)O[C:1003](=[O:1004])[CH:1002]=[CH:1001]1	CC1(C)C=CC(=O)O1	CSC1C=C([O-])OC1(C)C
Mol_14009	Mol_14009:atom36	ester	CC(=O)OCC1O[C@@H](Oc2c(-c3ccc(O)cc3)oc3cc(O)cc(O)c3c2=O)[C@@H](C)C(OC(=O)/C=C/c2ccc(O)cc2)[C@@H]1O	36;35;33;34	31;32;33;34;35;36;37;38;39;40;42;43	CO[C:1003](/[CH:1002]=[CH:1001]/c1ccccc1)=[O:1004]	COC(=O)/C=C/c1ccccc1	COC([O-])=CC(SC)c1ccccc1
Mol_14010	Mol_14010:atom10	ester	C=C[C@@H]1C(CCOC(=O)/C=C/c2ccc(O)c(O)c2)C(C(=O)O[C@H]2CC3C(C(=O)OC)=CO[C@@H](O[C@@H]4OC(CO)[C@@H](O)[C@H](O)C4O)C3[C@H]2C)=CO[C@H]1O[C@@H]1OC(CO)[C@@H](O)[C@H](O)C1O	10;9;7;8	5;6;7;8;9;10;11;12;13;14;16;18	CO[C:1003](/[CH:1002]=[CH:1001]/c1ccccc1)=[O:1004]	COC(=O)/C=C/c1ccccc1	COC([O-])=CC(SC)c1ccccc1
Mol_14010	Mol_14010:atom31	ester	C=C[C@@H]1C(CCOC(=O)/C=C/c2ccc(O)c(O)c2)C(C(=O)O[C@H]2CC3C(C(=O)OC)=CO[C@@H](O[C@@H]4OC(CO)[C@@H](O)[C@H](O)C4O)C3[C@H]2C)=CO[C@H]1O[C@@H]1OC(CO)[C@@H](O)[C@H](O)C1O	31;26;27;28	24;25;26;27;28;29;30;31;32;33;46	CO[C:1003]([C:1002]1=[CH:1001]OCCC1C)=[O:1004]	COC(=O)C1=COCCC1C	COC([O-])=C1C(C)CCOC1SC
Mol_14010	Mol_14010:atom49	ester	C=C[C@@H]1C(CCOC(=O)/C=C/c2ccc(O)c(O)c2)C(C(=O)O[C@H]2CC3C(C(=O)OC)=CO[C@@H](O[C@@H]4OC(CO)[C@@H](O)[C@H](O)C4O)C3[C@H]2C)=CO[C@H]1O[C@@H]1OC(CO)[C@@H](O)[C@H](O)C1O	49;19;20;21	2;3;4;19;20;21;22;23;49;50;51	CO[C:1003]([C:1002]1=[CH:1001]OCCC1C)=[O:1004]	COC(=O)C1=COCCC1C	COC([O-])=C1C(C)CCOC1SC
Mol_14011	Mol_14011:atom17	ester	C=C[C@H]1[C@H](O[C@@H]2OC(CO)[C@@H](O)[C@H](O)C2O)OC=C(C(=O)O[C@H]2CC3C(C(=O)OC)=CO[C@@H](O[C@@H]4OC(CO)[C@@H](O)[C@H](O)C4O)C3[C@H]2C)[C@H]1CCOC(=O)/C=C/c1ccc(O)cc1	17;18;19;20	2;3;16;17;18;19;20;21;22;48;49	CO[C:1003]([C:1002]1=[CH:1001]OCC[C@@H]1C)=[O:1004]	COC(=O)C1=COCC[C@@H]1C	COC([O-])=C1C(SC)OCC[C@@H]1C
Mol_14011	Mol_14011:atom30	ester	C=C[C@H]1[C@H](O[C@@H]2OC(CO)[C@@H](O)[C@H](O)C2O)OC=C(C(=O)O[C@H]2CC3C(C(=O)OC)=CO[C@@H](O[C@@H]4OC(CO)[C@@H](O)[C@H](O)C4O)C3[C@H]2C)[C@H]1CCOC(=O)/C=C/c1ccc(O)cc1	30;25;26;27	23;24;25;26;27;28;29;30;31;32;45	CO[C:1003]([C:1002]1=[CH:1001]OCCC1C)=[O:1004]	COC(=O)C1=COCCC1C	COC([O-])=C1C(C)CCOC1SC
Mol_14011	Mol_14011:atom55	ester	C=C[C@H]1[C@H](O[C@@H]2OC(CO)[C@@H](O)[C@H](O)C2O)OC=C(C(=O)O[C@H]2CC3C(C(=O)OC)=CO[C@@H](O[C@@H]4OC(CO)[C@@H](O)[C@H](O)C4O)C3[C@H]2C)[C@H]1CCOC(=O)/C=C/c1ccc(O)cc1	55;54;52;53	50;51;52;53;54;55;56;57;58;59;61;62	CO[C:1003](/[CH:1002]=[CH:1001]/c1ccccc1)=[O:1004]	COC(=O)/C=C/c1ccccc1	COC([O-])=CC(SC)c1ccccc1
Mol_14012	Mol_14012:atom17	ester	C=C[C@H]1[C@H](O[C@@H]2O[C@H](CO)[C@@H](O)[C@H](O)[C@H]2O)OC=C(C(=O)O[C@H]2C[C@@H]3C(C(=O)OC)=CO[C@@H](O[C@@H]4O[C@H](CO)[C@@H](O)[C@H](O)[C@H]4O)[C@@H]3[C@H]2C)[C@H]1CCO	17;18;19;20	2;3;16;17;18;19;20;21;22;48;49	CO[C:1003]([C:1002]1=[CH:1001]OCC[C@@H]1C)=[O:1004]	COC(=O)C1=COCC[C@@H]1C	COC([O-])=C1C(SC)OCC[C@@H]1C
Mol_14012	Mol_14012:atom30	ester	C=C[C@H]1[C@H](O[C@@H]2O[C@H](CO)[C@@H](O)[C@H](O)[C@H]2O)OC=C(C(=O)O[C@H]2C[C@@H]3C(C(=O)OC)=CO[C@@H](O[C@@H]4O[C@H](CO)[C@@H](O)[C@H](O)[C@H]4O)[C@@H]3[C@H]2C)[C@H]1CCO	30;25;26;27	23;24;25;26;27;28;29;30;31;32;45	CO[C:1003]([C:1002]1=[CH:1001]OCC[C@@H]1C)=[O:1004]	COC(=O)C1=COCC[C@@H]1C	COC([O-])=C1C(SC)OCC[C@@H]1C
Mol_14013	Mol_14013:atom29	ester	C[C@@H]1C2C(C[C@@H]1O)C(C(=O)OC[C@@H](O)C1[C@@H](O[C@@H]3OC(CO)[C@@H](O)[C@H](O)C3O)OC=C3C(=O)OCC[C@@]31O)=CO[C@H]2O[C@@H]1OC(CO)[C@@H](O)[C@H](O)C1O	29;30;31;32	14;15;28;29;30;31;32;33;34;35;36;37	O[C@@]12CCO[CH:1001]=[C:1002]1[C:1003](=[O:1004])OCC2	O=C1OCC[C@]2(O)CCOC=C12	CSC1OCC[C@@]2(O)CCOC([O-])=C12
Mol_14013	Mol_14013:atom38	ester	C[C@@H]1C2C(C[C@@H]1O)C(C(=O)OC[C@@H](O)C1[C@@H](O[C@@H]3OC(CO)[C@@H](O)[C@H](O)C3O)OC=C3C(=O)OCC[C@@]31O)=CO[C@H]2O[C@@H]1OC(CO)[C@@H](O)[C@H](O)C1O	38;7;8;9	2;3;4;7;8;9;10;11;38;39;40	CO[C:1003]([C:1002]1=[CH:1001]OCCC1C)=[O:1004]	COC(=O)C1=COCCC1C	COC([O-])=C1C(C)CCOC1SC
Mol_14014	Mol_14014:atom8	ester	O=C1OCC[C@]2(O)C1=CO[C@@H](O[C@@H]1OC(CO)[C@@H](O)C(O)[C@@H]1O)[C@@H]2C(O)CO	8;7;1;0	0;1;2;3;4;5;6;7;8;9;10;23	O[C@]12CCO[CH:1001]=[C:1002]1[C:1003](=[O:1004])OCC2	O=C1OCC[C@@]2(O)CCOC=C12	CSC1OCC[C@]2(O)CCOC([O-])=C12
Mol_14015	Mol_14015:atom8	ester	O=C1OCC[C@]2(O)C1=CO[C@@H](O[C@@H]1O[C@H](CO)[C@@H](O)[C@H](O)[C@H]1O)[C@@H]2[C@H]1CO1	8;7;1;0	0;1;2;3;4;5;6;7;8;9;10;23	O[C@]12CCO[CH:1001]=[C:1002]1[C:1003](=[O:1004])OCC2	O=C1OCC[C@@]2(O)CCOC=C12	CSC1OCC[C@]2(O)CCOC([O-])=C12
Mol_14050	Mol_14050:atom1	enone	CC1=CC(=O)CC(C)(C)[C@@]1(O)/C=C/C(C)=C\C(=O)O[C@@H]1O[C@H](CO)[C@@H](O)[C@H](O)[C@H]1O	1;2;3;4	0;1;2;3;4;5;6;9;10;11	C[C@]1(O)CC[C:1003](=[O:1004])[CH:1002]=[C:1001]1C	CC1=CC(=O)CC[C@]1(C)O	CSC1(C)C=C([O-])CC[C@]1(C)O
Mol_14050	Mol_14050:atom13	ester	CC1=CC(=O)CC(C)(C)[C@@]1(O)/C=C/C(C)=C\C(=O)O[C@@H]1O[C@H](CO)[C@@H](O)[C@H](O)[C@H]1O	13;15;16;17	11;12;13;14;15;16;17;18;19	C=C/[C:1001](C)=[CH:1002]\[C:1003](OC)=[O:1004]	C=C/C(C)=C\C(=O)OC	C=CC(C)(C=C([O-])OC)SC
Mol_14052	Mol_14052:atom23	enone	CC1=C(C)[C@H]2[C@H](Cc3c[nH]c4ccccc34)NC(=O)[C@]23C(=O)/C=C/[C@H](O)[C@H](O)/C(C)=C/[C@@H](C)C/C=C/[C@H]3[C@@H]1O	23;22;20;21	4;17;19;20;21;22;23;24;25;26;36	C[C@@H](O)/[CH:1001]=[CH:1002]/[C:1003](C(C)(C)C)=[O:1004]	C[C@@H](O)/C=C/C(=O)C(C)(C)C	CSC(C=C([O-])C(C)(C)C)[C@@H](C)O
Mol_14053	Mol_14053:atom16	enone	CC1=C[C@@H]2/C=C/C[C@H](C)/C=C(\C)[C@@H](O)[C@@H](O)/C=C/C(=O)[C@]23C(=O)N[C@@H](Cc2c[nH]c4ccccc24)[C@@H]3[C@@H]1C	16;17;18;19	3;12;14;15;16;17;18;19;20;21;35	C[C@@H](O)/[CH:1001]=[CH:1002]/[C:1003](C(C)(C)C)=[O:1004]	C[C@@H](O)/C=C/C(=O)C(C)(C)C	CSC(C=C([O-])C(C)(C)C)[C@@H](C)O
Mol_14054	Mol_14054:atom1	enone	C/C=C(\C)C(=O)C1=C2C3=COC(/C=C/[C@@H](C)CC)=CC3=C(Cl)C(=O)[C@@]2(C)OC1=O	1;2;4;5	0;1;2;3;4;5;6;7;27	C=C(C)[C:1003](/[C:1002](C)=[CH:1001]/C)=[O:1004]	C=C(C)C(=O)/C(C)=C/C	C=C(C)C([O-])=C(C)C(C)SC
Mol_14054	Mol_14054:atom7	enone	C/C=C(\C)C(=O)C1=C2C3=COC(/C=C/[C@@H](C)CC)=CC3=C(Cl)C(=O)[C@@]2(C)OC1=O	7;6;4;5	1;2;3;4;5;6;7;8;9;19;22;24;25;26;27;28	C=C(C)[C:1001]1=[C:1002]([C:1003](C(=C)C)=[O:1004])C(=O)OC1(C)C	C=C(C)C(=O)C1=C(C(=C)C)C(C)(C)OC1=O	C=C(C)C([O-])=C1C(=O)OC(C)(C)C1(SC)C(=C)C
Mol_14054	Mol_14054:atom19	enone	C/C=C(\C)C(=O)C1=C2C3=COC(/C=C/[C@@H](C)CC)=CC3=C(Cl)C(=O)[C@@]2(C)OC1=O	19;20;22;23	7;8;9;11;18;19;20;21;22;23;24;25;26	C=C[C:1001]1=[C:1002](Cl)[C:1003](=[O:1004])[C@@](C)(O)CC1=C	C=CC1=C(Cl)C(=O)[C@@](C)(O)CC1=C	C=CC1(SC)C(=C)C[C@](C)(O)C([O-])=C1Cl
Mol_14056	Mol_14056:atom3	enone	O=C1C(=Cc2cccc(Cl)c2Cl)COc2ccccc21	3;2;1;0	0;1;2;3;4;5;6;7;8;10;12;13;14;15;16;17;18;19	c1ccc([CH:1001]=[C:1002]2COc3ccccc3[C:1003]2=[O:1004])cc1	O=C1C(=Cc2ccccc2)COc2ccccc21	CSC(C1=C([O-])c2ccccc2OC1)c1ccccc1
Mol_14058	Mol_14058:atom3	enone	C/C=C/C1=C(/C=C/C)C(=O)[C@@]2(C1)C[C@@H](O)C(=O)O2	3;4;8;9	1;2;3;4;5;6;8;9;10;11;12;17	C=C[C:1001]1=[C:1002](C=C)[C:1003](=[O:1004])[C@@](C)(O)C1	C=CC1=C(C=C)C(=O)[C@@](C)(O)C1	C=CC1=C([O-])[C@@](C)(O)CC1(C=C)SC
Mol_14065	Mol_14065:atom2	enone	CC1=C[C@@H](C)CC=C[C@H]2C=C(C)[C@@H](C)[C@H]3[C@H](Cc4c[nH]c5ccccc45)NC(=O)[C@@]23C(=O)CC[C@H](O)C1=O	2;1;36;37	0;1;2;3;4;5;33;34;35;36;37	CC(C)[CH:1001]=[C:1002](C)[C:1003]([C@H](C)O)=[O:1004]	CC(=CC(C)C)C(=O)[C@H](C)O	CSC(C(C)=C([O-])[C@H](C)O)C(C)C
Mol_14067	Mol_14067:atom2	enone	CC1=C[C@@H](C)CC=C[C@H]2[C@H](O)[C@@]3(C)O[C@@]4(Cc5c[nH]c6ccccc56)NC(=O)[C@]2(C(=O)CCC(=O)C1=O)[C@H]4[C@@H]3C	2;1;35;36	0;1;2;3;4;5;32;33;34;35;36	CC(=O)[C:1003]([C:1002](C)=[CH:1001]C(C)C)=[O:1004]	CC(=O)C(=O)C(C)=CC(C)C	CSC(C(C)=C([O-])C(C)=O)C(C)C
Mol_14068	Mol_14068:atom5	enone	C/C=C/C1=CC2=CC(=O)[C@](C)(O)[C@H](OC(=O)c3c(C)cc(O)cc3O)[C@H]2CO1	5;6;7;8	3;4;5;6;7;8;9;10;11;12;25;26	C=C[C:1001]1=[CH:1002][C:1003](=[O:1004])[C@](C)(O)C[C@H]1C	C=CC1=CC(=O)[C@](C)(O)C[C@H]1C	C=CC1(SC)C=C([O-])[C@](C)(O)C[C@H]1C
Mol_14090	Mol_14090:atom5	ester	COc1cc(/C=C/C(=O)OC2C(OC3C(Oc4c(-c5ccc(O)cc5)oc5cc(O)cc(O)c5c4=O)OC(COC4OC(CO)C(O)C(O)C4O)C(O)C3O)OC(C)C(O)C2OC2OC(CO)C(O)C(O)C2O)ccc1O	5;6;7;8	2;3;4;5;6;7;8;9;10;73;74;75	CO[C:1003](/[CH:1002]=[CH:1001]/c1ccccc1)=[O:1004]	COC(=O)/C=C/c1ccccc1	COC([O-])=CC(SC)c1ccccc1
Mol_14106	Mol_14106:atom5	ester	COC(=O)/C=C/CCCCCCCCC(=O)OC	5;4;2;3	0;1;2;3;4;5;6;7	CC/[CH:1001]=[CH:1002]/[C:1003](OC)=[O:1004]	CC/C=C/C(=O)OC	CCC(C=C([O-])OC)SC
Mol_14137	Mol_14137:atom12	ester	CC1(C)CCCC2(C)OC(=O)C=C12	12;11;9;10	0;1;2;3;5;6;7;8;9;10;11;12	CC(C)(C)[C:1001]1=[CH:1002][C:1003](=[O:1004])OC1(C)C	CC(C)(C)C1=CC(=O)OC1(C)C	CSC1(C(C)(C)C)C=C([O-])OC1(C)C
Mol_14141	Mol_14141:atom5	ester	COC(=O)/C=C/c1ccc(O)c(OC)c1	5;4;2;3	0;1;2;3;4;5;6;7;8;9;11;14	CO[C:1003](/[CH:1002]=[CH:1001]/c1ccccc1)=[O:1004]	COC(=O)/C=C/c1ccccc1	COC([O-])=CC(SC)c1ccccc1
Mol_14145	Mol_14145:atom14	enone	CCC(CCC(C)C1CCC2C3CCC4=CC(=O)CCC4(C)C3CCC12C)C(C)C	14;15;16;17	12;13;14;15;16;17;18;19;20;21;22	CC[C:1001]1=[CH:1002][C:1003](=[O:1004])CCC1(C)C	CCC1=CC(=O)CCC1(C)C	CCC1(SC)C=C([O-])CCC1(C)C
Mol_14195	Mol_14195:atom12	ester	CCCCC(CC)COC(=O)/C=C/c1ccc(OC)cc1	12;11;9;10	7;8;9;10;11;12;13;14;15;16;19;20	CO[C:1003](/[CH:1002]=[CH:1001]/c1ccccc1)=[O:1004]	COC(=O)/C=C/c1ccccc1	COC([O-])=CC(SC)c1ccccc1
Mol_14196	Mol_14196:atom14	ester	CCCCC(CC)COC(=O)C(C#N)=C(c1ccccc1)c1ccccc1	14;11;9;10	7;8;9;10;11;12;13;14;15;16;17;18;19;20;21;22;23;24;25;26	CO[C:1003]([C:1002](C#N)=[C:1001](c1ccccc1)c1ccccc1)=[O:1004]	COC(=O)C(C#N)=C(c1ccccc1)c1ccccc1	COC([O-])=C(C#N)C(SC)(c1ccccc1)c1ccccc1
Mol_14200	Mol_14200:atom5	ester	COc1cc(/C=C/C(=O)OC2C(OC3C(Oc4cc(O)c5c(=O)c(OC6OC(COC7CC(C)C(O)C(O)C7O)C(O)C(O)C6O)c(-c6ccc(O)cc6)oc5c4)OC(CO)C(O)C3O)OC(CO)C(O)C2O)ccc1O	5;6;7;8	2;3;4;5;6;7;8;9;10;73;74;75	CO[C:1003](/[CH:1002]=[CH:1001]/c1ccccc1)=[O:1004]	COC(=O)/C=C/c1ccccc1	COC([O-])=CC(SC)c1ccccc1
Mol_14202	Mol_14202:atom5	ester	COC(=O)/C=C\c1ccc(O)c(OC)c1	5;4;2;3	0;1;2;3;4;5;6;7;8;9;11;14	CO[C:1003](/[CH:1002]=[CH:1001]\c1ccccc1)=[O:1004]	COC(=O)/C=C\c1ccccc1	COC([O-])=CC(SC)c1ccccc1
Mol_14209	Mol_14209:atom14	ester	CC1(C)[C@@H]2CC[C@@]1(C)CC2OC(=O)/C=C/c1ccc(O)c(O)c1	14;13;11;12	9;10;11;12;13;14;15;16;17;18;20;22	CO[C:1003](/[CH:1002]=[CH:1001]/c1ccccc1)=[O:1004]	COC(=O)/C=C/c1ccccc1	COC([O-])=CC(SC)c1ccccc1
Mol_14233	Mol_14233:atom3	ester	O=C(/C=C/c1ccc(O)cc1)OCC1O[C@@H](Oc2cc(-c3oc4cc(O)cc(O)c4c(=O)c3O)cc(O)c2O)C(O)[C@@H](O)[C@@H]1O	3;2;1;0	0;1;2;3;4;5;6;7;9;10;11;12	CO[C:1003](/[CH:1002]=[CH:1001]/c1ccccc1)=[O:1004]	COC(=O)/C=C/c1ccccc1	COC([O-])=CC(SC)c1ccccc1
Mol_14235	Mol_14235:atom3	ester	O=C(/C=C/c1ccccc1)OCC1O[C@H](OOc2cc(-c3oc4cc(O)cc(O)c4c(=O)c3O)ccc2O)[C@H](O)[C@@H](O)[C@@H]1O	3;2;1;0	0;1;2;3;4;5;6;7;8;9;10;11	CO[C:1003](/[CH:1002]=[CH:1001]/c1ccccc1)=[O:1004]	COC(=O)/C=C/c1ccccc1	COC([O-])=CC(SC)c1ccccc1
Mol_14237	Mol_14237:atom3	ester	O=C(/C=C/c1ccc(O)cc1)OO[C@H]1O[C@@H](Oc2c(-c3ccc(O)cc3)oc3cc(O)cc(O)c3c2=O)[C@H](OC(=O)/C=C/c2ccc(O)cc2)[C@@H](O)[C@@H]1O	3;2;1;0	0;1;2;3;4;5;6;7;9;10;11;12	OO[C:1003](/[CH:1002]=[CH:1001]/c1ccccc1)=[O:1004]	O=C(/C=C/c1ccccc1)OO	CSC(C=C([O-])OO)c1ccccc1
Mol_14237	Mol_14237:atom42	ester	O=C(/C=C/c1ccc(O)cc1)OO[C@H]1O[C@@H](Oc2c(-c3ccc(O)cc3)oc3cc(O)cc(O)c3c2=O)[C@H](OC(=O)/C=C/c2ccc(O)cc2)[C@@H](O)[C@@H]1O	42;41;39;40	37;38;39;40;41;42;43;44;45;46;48;49	CO[C:1003](/[CH:1002]=[CH:1001]/c1ccccc1)=[O:1004]	COC(=O)/C=C/c1ccccc1	COC([O-])=CC(SC)c1ccccc1
Mol_14256	Mol_14256:atom5	ester	COc1cc(/C=C/C(=O)OCC2O[C@@H](Oc3cc4c(c(O)c3C3O[C@H](CO)[C@@H](O)[C@H](O)[C@H]3O)C(=O)CC(c3ccc(O)c(O)c3)O4)C(O)[C@@H](O)[C@@H]2O)ccc1O	5;6;7;8	2;3;4;5;6;7;8;9;10;52;53;54	CO[C:1003](/[CH:1002]=[CH:1001]/c1ccccc1)=[O:1004]	COC(=O)/C=C/c1ccccc1	COC([O-])=CC(SC)c1ccccc1
Mol_14262	Mol_14262:atom12	enone	C[C@]12C[C@H](O)[C@H](O)CC1C(=O)C=C1C2[C@H](O)C[C@]2(C)[C@@H](O)CC[C@@]12O	12;11;9;10	1;7;8;9;10;11;12;13;14;17;22;23;24	CC1CC(C)[C:1003](=[O:1004])[CH:1002]=[C:1001]1C(C)(C)O	CC1CC(C)C(C(C)(C)O)=CC1=O	CSC1(C(C)(C)O)C=C([O-])C(C)CC1C
Mol_14288	Mol_14288:atom0	ester	C=C(CCO)C(=O)O[C@@H]1C=C(CO)[C@@](O)(CC(C)=O)[C@@H](OC(C)=O)C1C(=C)C	0;1;5;6	0;1;2;3;5;6;7;8	CC[C:1002](=[CH2:1001])[C:1003](OC)=[O:1004]	C=C(CC)C(=O)OC	CCC(CSC)=C([O-])OC
Mol_14290	Mol_14290:atom3	ester	O=C(/C=C/c1ccc(O)c(O)c1)OC1OC(CO)C(O)C(O)C1O	3;2;1;0	0;1;2;3;4;5;6;7;9;11;12;13	CO[C:1003](/[CH:1002]=[CH:1001]/c1ccccc1)=[O:1004]	COC(=O)/C=C/c1ccccc1	COC([O-])=CC(SC)c1ccccc1
Mol_14291	Mol_14291:atom3	ester	O=C(/C=C/c1ccc(O)c(O)c1)OC1[C@H](O)CC(OC(=O)/C=C/c2ccc(O)c(O)c2)(C(=O)O)C[C@H]1O	3;2;1;0	0;1;2;3;4;5;6;7;9;11;12;13	CO[C:1003](/[CH:1002]=[CH:1001]/c1ccccc1)=[O:1004]	COC(=O)/C=C/c1ccccc1	COC([O-])=CC(SC)c1ccccc1
Mol_14291	Mol_14291:atom22	ester	O=C(/C=C/c1ccc(O)c(O)c1)OC1[C@H](O)CC(OC(=O)/C=C/c2ccc(O)c(O)c2)(C(=O)O)C[C@H]1O	22;21;19;20	17;18;19;20;21;22;23;24;25;26;28;30	CO[C:1003](/[CH:1002]=[CH:1001]/c1ccccc1)=[O:1004]	COC(=O)/C=C/c1ccccc1	COC([O-])=CC(SC)c1ccccc1
Mol_14297	Mol_14297:atom24	enal	C=Cc1c(C)c2cc3nc(c4c5[nH]c(cc6nc(cc1[nH]2)C(C=O)=C6CC)c(C)c5C(=O)[C@@H]4C(=O)OC)[C@@H](CCC(=O)O)[C@@H]3C	24;21;22;23	2;3;5;6;7;8;9;10;11;12;13;14;15;16;17;18;19;20;21;22;23;24;25;26;27;29	CC[C:1001]1=[C:1002]([CH:1003]=[O:1004])c2cc3ccc(ccnccc4ccc(cc1n2)[nH]4)[nH]3	CCC1=C(C=O)c2cc3ccc(ccnccc4ccc(cc1n2)[nH]4)[nH]3	CCC1(SC)C(=C[O-])c2cc3ccc(ccnccc4ccc(cc1n2)[nH]4)[nH]3
Mol_14298	Mol_14298:atom29	ester	C=Cc1c(C)c2cc3nc(c4c5[nH]c(cc6nc(cc1[nH]2)C(C)=C6CC)c(C)c5C(O)=C4C(=O)OC)C(/C=C/C(=O)O)=C3C	29;31;32;33	2;3;5;6;7;8;9;10;11;12;13;14;15;16;17;18;19;20;26;28;29;30;31;32;33;34;35	CO[C:1003]([C:1002]1=[C:1001](O)c2cc3ccnccc4ccc(ccncc1c2[nH]3)[nH]4)=[O:1004]	COC(=O)C1=C(O)c2cc3ccnccc4ccc(ccncc1c2[nH]3)[nH]4	COC([O-])=C1c2cnccc3ccc(ccnccc4cc(c2[nH]4)C1(O)SC)[nH]3
Mol_14299	Mol_14299:atom2	enone	CC1=C(/C=C/C(C)=C/C=C/C(C)=C/C=C/C=C(C)/C=C/C=C(C)/C=C/C2=C(C)C(=O)[C@@H](C(=O)O)C2(C)C)C(C)(C)[C@H](C(=O)O)C1=O	2;1;44;45	0;1;2;3;4;37;38;39;40;41;44;45	C=C[C:1001]1=[C:1002](C)[C:1003](=[O:1004])[C@@H](C)C1(C)C	C=CC1=C(C)C(=O)[C@@H](C)C1(C)C	C=CC1(SC)C(C)=C([O-])[C@@H](C)C1(C)C
Mol_14299	Mol_14299:atom25	enone	CC1=C(/C=C/C(C)=C/C=C/C(C)=C/C=C/C=C(C)/C=C/C=C(C)/C=C/C2=C(C)C(=O)[C@@H](C(=O)O)C2(C)C)C(C)(C)[C@H](C(=O)O)C1=O	25;26;28;29	23;24;25;26;27;28;29;30;31;34;35;36	C=C[C:1001]1=[C:1002](C)[C:1003](=[O:1004])[C@@H](C)C1(C)C	C=CC1=C(C)C(=O)[C@@H](C)C1(C)C	C=CC1(SC)C(C)=C([O-])[C@@H](C)C1(C)C
Mol_14300	Mol_14300:atom23	enone	C=CC1=C(C)C2=NC/1=C\C1=NC(=C(CC)C/1=C/O)/C=C1N=C3C(=C\1C)C(=O)[C@H](C(=O)OC)/C3=C1/N/C(=C\2)[C@@H](C)[C@@H]1CCC(=O)O	23;22;25;26	18;19;20;21;22;23;24;25;26;27;28;32	C=C1N=C2C[C@@H](C)[C:1003](=[O:1004])[C:1002]2=[C:1001]1C	C=C1N=C2C[C@@H](C)C(=O)C2=C1C	C=C1N=C2C[C@@H](C)C([O-])=C2C1(C)SC
Mol_14302	Mol_14302:atom25	enone	CC1=C(/C=C/C(C)=C/C=C/C(C)=C/C=C/C=C(C)/C=C/C=C(C)/C=C/C2=C(C)C(=O)CCC2(C)C)C(C)(C)CCC1	25;26;28;29	23;24;25;26;27;28;29;30;31;32;33;34	C=C[C:1001]1=[C:1002](C)[C:1003](=[O:1004])CCC1(C)C	C=CC1=C(C)C(=O)CCC1(C)C	C=CC1(SC)C(C)=C([O-])CCC1(C)C
Mol_14305	Mol_14305:atom24	enal	C=Cc1c(C)c2cc3nc(c4c5[nH]c(cc6nc(cc1[nH]2)C(C=O)=C6CC)c(C)c5C(=O)[C@@H]4C(=O)OC)[C@@H](CCC(=O)OC/C=C(\C)CCC[C@H](C)CCC[C@H](C)CCCC(C)C)[C@@H]3C	24;21;22;23	2;3;5;6;7;8;9;10;11;12;13;14;15;16;17;18;19;20;21;22;23;24;25;26;27;29	CC[C:1001]1=[C:1002]([CH:1003]=[O:1004])c2cc3ccc(ccnccc4ccc(cc1n2)[nH]4)[nH]3	CCC1=C(C=O)c2cc3ccc(ccnccc4ccc(cc1n2)[nH]4)[nH]3	CCC1(SC)C(=C[O-])c2cc3ccc(ccnccc4ccc(cc1n2)[nH]4)[nH]3
Mol_14306	Mol_14306:atom23	enone	C=CC1=C(C)C2=NC/1=C\C1=NC(=C(CC)C/1=C\O)/C=C1N=C3C(=C\1C)C(=O)[C@H](C(=O)OC)/C3=C1/N/C(=C\2)[C@@H](C)[C@@H]1CCC(=O)OC/C=C(\C)CCC[C@H](C)CCC[C@H](C)CCCC(C)C	23;22;25;26	18;19;20;21;22;23;24;25;26;27;28;32	C=C1N=C2C[C@@H](C)[C:1003](=[O:1004])[C:1002]2=[C:1001]1C	C=C1N=C2C[C@@H](C)C(=O)C2=C1C	C=C1N=C2C[C@@H](C)C([O-])=C2C1(C)SC
Mol_14312	Mol_14312:atom11	ester	CCCCO[C@@H]1[C@H](OC(=O)/C=C/c2ccc(O)c(O)c2)C[C@@]1(O)[C@H](O)CC(=O)O	11;10;8;9	6;7;8;9;10;11;12;13;14;15;17;19	CO[C:1003](/[CH:1002]=[CH:1001]/c1ccccc1)=[O:1004]	COC(=O)/C=C/c1ccccc1	COC([O-])=CC(SC)c1ccccc1
Mol_14331	Mol_14331:atom8	ester	O=C1O[C@H]([C@@H](O)CO)C(O)=C1O	8;10;1;0	0;1;2;3;4;8;9;10;11	C[C@H]1O[C:1003](=[O:1004])[C:1002](O)=[C:1001]1O	C[C@H]1OC(=O)C(O)=C1O	CSC1(O)C(O)=C([O-])O[C@@H]1C
Mol_14336	Mol_14336:atom7	enone	CC(=O)OC(C)(C)/C=C/C(=O)[C@](C)(O)[C@H]1[C@H](O)C[C@@]2(C)[C@@H]3CC=C4[C@@H](C[C@H](O)C(=O)C4(C)C)[C@]3(C)C(=O)C[C@]12C	7;8;9;10	3;4;5;6;7;8;9;10;11;12;13;14	CC(C)(O)/[CH:1001]=[CH:1002]/[C:1003](C(C)(C)O)=[O:1004]	CC(C)(O)/C=C/C(=O)C(C)(C)O	CSC(C=C([O-])C(C)(C)O)C(C)(C)O
Mol_14337	Mol_14337:atom4	enone	CC(C)(O)/C=C/C(=O)[C@](C)(O)[C@H]1[C@H](O)C[C@@]2(C)[C@@H]3CC=C4[C@@H](C[C@H](O)C(=O)C4(C)C)[C@]3(C)C(=O)C[C@]12C	4;5;6;7	0;1;2;3;4;5;6;7;8;9;10;11	CC(C)(O)/[CH:1001]=[CH:1002]/[C:1003](C(C)(C)O)=[O:1004]	CC(C)(O)/C=C/C(=O)C(C)(C)O	CSC(C=C([O-])C(C)(C)O)C(C)(C)O
Mol_14340	Mol_14340:atom7	enone	CC1(C)C(=O)C(O)=C[C@@H]2C1=CC[C@@H]1[C@@]2(C)C(=O)C[C@]2(C)[C@@H]([C@@](C)(O)C(=O)CC(O)C(C)(C)O)[C@H](O)C[C@@]12C	7;5;3;4	0;1;2;3;4;5;6;7;8;9;13	C[C@H]1CC(C)(C)[C:1003](=[O:1004])[C:1002](O)=[CH:1001]1	C[C@@H]1C=C(O)C(=O)C(C)(C)C1	CSC1C(O)=C([O-])C(C)(C)C[C@@H]1C
Mol_14343	Mol_14343:atom25	enone	CC(=O)OC(C)(C)CCC(=O)[C@](C)(O)[C@H]1[C@H](O)C[C@@]2(C)[C@@H]3CC=C4[C@@H](C=C(O)C(=O)C4(C)C)[C@]3(C)C(=O)C[C@]12C	25;26;28;29	23;24;25;26;27;28;29;30;31;32;33	C[C@H]1CC(C)(C)[C:1003](=[O:1004])[C:1002](O)=[CH:1001]1	C[C@@H]1C=C(O)C(=O)C(C)(C)C1	CSC1C(O)=C([O-])C(C)(C)C[C@@H]1C
Mol_14344	Mol_14344:atom7	enone	CC(=O)OC(C)(C)/C=C/C(=O)[C@](C)(O)[C@H]1[C@H](O)C[C@@]2(C)[C@@H]3CC=C4[C@@H](CC(O)C(=O)C4(C)C)[C@]3(C)C(=O)C[C@]12C	7;8;9;10	3;4;5;6;7;8;9;10;11;12;13;14	CC(C)(O)/[CH:1001]=[CH:1002]/[C:1003](C(C)(C)O)=[O:1004]	CC(C)(O)/C=C/C(=O)C(C)(C)O	CSC(C=C([O-])C(C)(C)O)C(C)(C)O
Mol_14345	Mol_14345:atom4	enone	CC(C)(O)/C=C\C(=O)[C@](C)(O)C1[C@H](O)C[C@@]2(C)[C@@H]3CC=C4[C@@H](CC(=O)[C@H](O)C4(C)C)[C@]3(C)C(=O)C[C@]12C	4;5;6;7	0;1;2;3;4;5;6;7;8;9;10;11	CC(C)(O)/[CH:1001]=[CH:1002]\[C:1003](C(C)(C)O)=[O:1004]	CC(C)(O)/C=C\C(=O)C(C)(C)O	CSC(C=C([O-])C(C)(C)O)C(C)(C)O
Mol_14347	Mol_14347:atom7	enone	CC(=O)OC(C)(C)/C=C/C(=O)[C@](C)(O)[C@H]1[C@H](O)C[C@@]2(C)C3CC=C4[C@@H](CC(O)C(=O)C4(C)C)[C@]3(C)C(=O)CC12C	7;8;9;10	3;4;5;6;7;8;9;10;11;12;13;14	CC(C)(O)/[CH:1001]=[CH:1002]/[C:1003](C(C)(C)O)=[O:1004]	CC(C)(O)/C=C/C(=O)C(C)(C)O	CSC(C=C([O-])C(C)(C)O)C(C)(C)O
Mol_14348	Mol_14348:atom4	enone	CC(C)(O)/C=C/C(=O)[C@](C)(O)[C@H]1[C@H](O)C[C@@]2(C)C3CC=C4[C@@H](CC(O)C(=O)C4(C)C)[C@]3(C)C(=O)CC12C	4;5;6;7	0;1;2;3;4;5;6;7;8;9;10;11	CC(C)(O)/[CH:1001]=[CH:1002]/[C:1003](C(C)(C)O)=[O:1004]	CC(C)(O)/C=C/C(=O)C(C)(C)O	CSC(C=C([O-])C(C)(C)O)C(C)(C)O
Mol_14349	Mol_14349:atom7	enone	CC(=O)OC(C)(C)/C=C/C(=O)[C@](C)(O)[C@H]1[C@H](O)C[C@@]2(C)C3CC=C4[C@@H](C=C(O)C(=O)C4(C)C)[C@]3(C)C(=O)CC12C	7;8;9;10	3;4;5;6;7;8;9;10;11;12;13;14	CC(C)(O)/[CH:1001]=[CH:1002]/[C:1003](C(C)(C)O)=[O:1004]	CC(C)(O)/C=C/C(=O)C(C)(C)O	CSC(C=C([O-])C(C)(C)O)C(C)(C)O
Mol_14349	Mol_14349:atom25	enone	CC(=O)OC(C)(C)/C=C/C(=O)[C@](C)(O)[C@H]1[C@H](O)C[C@@]2(C)C3CC=C4[C@@H](C=C(O)C(=O)C4(C)C)[C@]3(C)C(=O)CC12C	25;26;28;29	23;24;25;26;27;28;29;30;31;32;33	C[C@H]1CC(C)(C)[C:1003](=[O:1004])[C:1002](O)=[CH:1001]1	C[C@@H]1C=C(O)C(=O)C(C)(C)C1	CSC1C(O)=C([O-])C(C)(C)C[C@@H]1C
Mol_14350	Mol_14350:atom7	enone	CC1(C)C(=O)C(O)=C[C@@H]2C1=CCC1[C@]3(C)C[C@@H](O)[C@H]([C@@](C)(O)C(=O)CC(O)C(C)(C)O)C3(C)CC(=O)[C@]12C	7;5;3;4	0;1;2;3;4;5;6;7;8;9;36	C[C@H]1CC(C)(C)[C:1003](=[O:1004])[C:1002](O)=[CH:1001]1	C[C@@H]1C=C(O)C(=O)C(C)(C)C1	CSC1C(O)=C([O-])C(C)(C)C[C@@H]1C
Mol_14351	Mol_14351:atom7	enone	CC(=O)OC(C)(C)/C=C/C(=O)[C@](C)(O)[C@H]1[C@H](O)C[C@@]2(C)[C@@H]3[C@@H](O)C=C4[C@@H](C=C(O[C@@H]5O[C@H](CO)[C@@H](O)[C@H](O)[C@H]5O)C(=O)C4(C)C)[C@]3(C)C(=O)C[C@]12C	7;8;9;10	3;4;5;6;7;8;9;10;11;12;13;14	CC(C)(O)/[CH:1001]=[CH:1002]/[C:1003](C(C)(C)O)=[O:1004]	CC(C)(O)/C=C/C(=O)C(C)(C)O	CSC(C=C([O-])C(C)(C)O)C(C)(C)O
Mol_14351	Mol_14351:atom26	enone	CC(=O)OC(C)(C)/C=C/C(=O)[C@](C)(O)[C@H]1[C@H](O)C[C@@]2(C)[C@@H]3[C@@H](O)C=C4[C@@H](C=C(O[C@@H]5O[C@H](CO)[C@@H](O)[C@H](O)[C@H]5O)C(=O)C4(C)C)[C@]3(C)C(=O)C[C@]12C	26;27;40;41	24;25;26;27;28;29;40;41;42;43;44;45	CO[C:1002]1=[CH:1001][C@@H](C)CC(C)(C)[C:1003]1=[O:1004]	COC1=C[C@@H](C)CC(C)(C)C1=O	COC1=C([O-])C(C)(C)C[C@H](C)C1SC
Mol_14352	Mol_14352:atom18	enone	C/C(=C\[C@@H]1C[C@](C)(O)[C@H]2[C@@H](C[C@@]3(C)[C@@H]4CC=C5[C@@H](C=C(O[C@@H]6O[C@H](CO)[C@@H](O)[C@H](O)[C@H]6O[C@@H]6O[C@@H](C)[C@H](O)[C@@H](O)[C@H]6O)C(=O)C5(C)C)[C@]4(C)C(=O)C[C@]23C)O1)CO	18;19;42;43	16;17;18;19;20;21;42;43;44;45;46;47	CO[C:1002]1=[CH:1001][C@@H](C)CC(C)(C)[C:1003]1=[O:1004]	COC1=C[C@@H](C)CC(C)(C)C1=O	COC1=C([O-])C(C)(C)C[C@H](C)C1SC
Mol_14353	Mol_14353:atom7	enone	CC(=O)OC(C)(C)/C=C/C(=O)C(C)(O)C1C(O)CC2(C)C3CC=C4C(C=C(OC5OC(CO)C(O)C(O)C5O)C(=O)C4(C)C)C3(C)C(=O)CC12C	7;8;9;10	3;4;5;6;7;8;9;10;11;12;13;14	CC(C)(O)/[CH:1001]=[CH:1002]/[C:1003](C(C)(C)O)=[O:1004]	CC(C)(O)/C=C/C(=O)C(C)(C)O	CSC(C=C([O-])C(C)(C)O)C(C)(C)O
Mol_14353	Mol_14353:atom25	enone	CC(=O)OC(C)(C)/C=C/C(=O)C(C)(O)C1C(O)CC2(C)C3CC=C4C(C=C(OC5OC(CO)C(O)C(O)C5O)C(=O)C4(C)C)C3(C)C(=O)CC12C	25;26;39;40	23;24;25;26;27;28;39;40;41;42;43;44	CO[C:1002]1=[CH:1001]C(C)CC(C)(C)[C:1003]1=[O:1004]	COC1=CC(C)CC(C)(C)C1=O	COC1=C([O-])C(C)(C)CC(C)C1SC
Mol_14354	Mol_14354:atom4	enone	CC(C)(O)/C=C/C(=O)[C@](C)(O)[C@H]1[C@H](O)C[C@@]2(C)[C@@H]3CC=C4[C@@H](C=C(O[C@@H]5O[C@H](CO)[C@@H](O)[C@H](O)[C@H]5O)C(=O)C4(C)C)[C@]3(C)C(=O)C[C@]12C	4;5;6;7	0;1;2;3;4;5;6;7;8;9;10;11	CC(C)(O)/[CH:1001]=[CH:1002]/[C:1003](C(C)(C)O)=[O:1004]	CC(C)(O)/C=C/C(=O)C(C)(C)O	CSC(C=C([O-])C(C)(C)O)C(C)(C)O
Mol_14354	Mol_14354:atom22	enone	CC(C)(O)/C=C/C(=O)[C@](C)(O)[C@H]1[C@H](O)C[C@@]2(C)[C@@H]3CC=C4[C@@H](C=C(O[C@@H]5O[C@H](CO)[C@@H](O)[C@H](O)[C@H]5O)C(=O)C4(C)C)[C@]3(C)C(=O)C[C@]12C	22;23;36;37	20;21;22;23;24;25;36;37;38;39;40;41	CO[C:1002]1=[CH:1001][C@@H](C)CC(C)(C)[C:1003]1=[O:1004]	COC1=C[C@@H](C)CC(C)(C)C1=O	COC1=C([O-])C(C)(C)C[C@H](C)C1SC
Mol_14355	Mol_14355:atom18	enone	CC1(C)C(=O)C(O[C@@H]2O[C@H](CO)[C@@H](O)[C@H](O)[C@H]2O)=C[C@@H]2C1=CC[C@@H]1[C@@]2(C)C(=O)C[C@]2(C)[C@@H]([C@@](C)(O)C(=O)C[C@@H](O)C(C)(C)O)[C@H](O)C[C@@]12C	18;5;3;4	0;1;2;3;4;5;6;7;18;19;20;24	CO[C:1002]1=[CH:1001][C@@H](C)CC(C)(C)[C:1003]1=[O:1004]	COC1=C[C@@H](C)CC(C)(C)C1=O	COC1=C([O-])C(C)(C)C[C@H](C)C1SC
Mol_14356	Mol_14356:atom18	enone	CC1(C)C(=O)C(O[C@@H]2O[C@H](CO)[C@@H](O)[C@H](O)[C@H]2O)=C[C@@H]2C1=CC[C@@H]1[C@@]2(C)C(=O)C[C@]2(C)[C@@H]([C@@](C)(O)C(=O)C[C@H](O)C(C)(C)O)[C@H](O)C[C@@]12C	18;5;3;4	0;1;2;3;4;5;6;7;18;19;20;24	CO[C:1002]1=[CH:1001][C@@H](C)CC(C)(C)[C:1003]1=[O:1004]	COC1=C[C@@H](C)CC(C)(C)C1=O	COC1=C([O-])C(C)(C)C[C@H](C)C1SC
Mol_14357	Mol_14357:atom22	enone	CC(C)(O)CCC(=O)C(C)(O)C1[C@H](O)C[C@@]2(C)[C@@H]3CC=C4[C@@H](C=C(OC5OC(CO)C(O)C(O)C5O)C(=O)C4(C)C)[C@]3(C)C(=O)C[C@]12C	22;23;36;37	20;21;22;23;24;25;36;37;38;39;40;41	CO[C:1002]1=[CH:1001][C@@H](C)CC(C)(C)[C:1003]1=[O:1004]	COC1=C[C@@H](C)CC(C)(C)C1=O	COC1=C([O-])C(C)(C)C[C@H](C)C1SC
Mol_14358	Mol_14358:atom22	enone	CC(C)(O)/C=C/[C@H](O)[C@](C)(O)[C@H]1[C@H](O)C[C@@]2(C)[C@@H]3CC=C4[C@@H](C=C(O[C@@H]5O[C@H](CO)[C@@H](O)[C@H](O)[C@H]5O)C(=O)C4(C)C)[C@]3(C)C(=O)C[C@]12C	22;23;36;37	20;21;22;23;24;25;36;37;38;39;40;41	CO[C:1002]1=[CH:1001][C@@H](C)CC(C)(C)[C:1003]1=[O:1004]	COC1=C[C@@H](C)CC(C)(C)C1=O	COC1=C([O-])C(C)(C)C[C@H](C)C1SC
Mol_14359	Mol_14359:atom14	enone	CC(=O)[C@H]1[C@H](O)C[C@@]2(C)C3CC=C4[C@@H](C=C(OC5OC(CO)C(O)C(O)C5O)C(=O)C4(C)C)[C@]3(C)C(=O)C[C@]12C	14;15;28;29	12;13;14;15;16;17;28;29;30;31;32;33	CO[C:1002]1=[CH:1001][C@@H](C)CC(C)(C)[C:1003]1=[O:1004]	COC1=C[C@@H](C)CC(C)(C)C1=O	COC1=C([O-])C(C)(C)C[C@H](C)C1SC
Mol_14367	Mol_14367:atom7	enone	CC(=O)OC(C)(C)/C=C/C(=O)[C@](C)(O)[C@H]1[C@H](O)C[C@@]2(C)C3CC=C4[C@@H](C[C@H](O)[C@@H](O)C4(C)C)C3(C)C(=O)CC12C	7;8;9;10	3;4;5;6;7;8;9;10;11;12;13;14	CC(C)(O)/[CH:1001]=[CH:1002]/[C:1003](C(C)(C)O)=[O:1004]	CC(C)(O)/C=C/C(=O)C(C)(C)O	CSC(C=C([O-])C(C)(C)O)C(C)(C)O
Mol_14424	Mol_14424:atom6	ester	C=CC1C(O)OC=C(C(=O)OC)C1Cc1nc(C(=O)O)cc2c1[nH]c1ccc(O)cc12	6;7;8;9	2;3;5;6;7;8;9;10;11;12;13	CO[C:1003]([C:1002]1=[CH:1001]OCCC1C)=[O:1004]	COC(=O)C1=COCCC1C	COC([O-])=C1C(C)CCOC1SC
Mol_14425	Mol_14425:atom5	ester	COc1cc(C=CC(=O)OS(=O)(=O)O)ccc1O	5;6;7;8	2;3;4;5;6;7;8;9;10;14;15;16	SO[C:1003]([CH:1002]=[CH:1001]c1ccccc1)=[O:1004]	O=C(C=Cc1ccccc1)OS	CSC(C=C([O-])OS)c1ccccc1
Mol_14451	Mol_14451:atom16	enone	CC(C)CCCC(C)[C@H]1CCC2C3C[C@H](O)C4=CC(=O)CC[C@]4(C)C3CC[C@@]21C	16;17;18;19	13;14;15;16;17;18;19;20;21;22;23;24	C[C@H](O)[C:1001]1=[CH:1002][C:1003](=[O:1004])CCC1(C)C	C[C@H](O)C1=CC(=O)CCC1(C)C	CSC1([C@H](C)O)C=C([O-])CCC1(C)C
Mol_14452	Mol_14452:atom16	enone	CC(C)C/C=C/C(C)[C@H]1CCC2C3C[C@H](O)C4=CC(=O)CC[C@]4(C)C3CC[C@@]21C	16;17;18;19	13;14;15;16;17;18;19;20;21;22;23;24	C[C@H](O)[C:1001]1=[CH:1002][C:1003](=[O:1004])CCC1(C)C	C[C@H](O)C1=CC(=O)CCC1(C)C	CSC1([C@H](C)O)C=C([O-])CCC1(C)C
Mol_14465	Mol_14465:atom17	enone	COc1cc(O)c(Cc2c(O)ccc(C(=O)/C=C/c3ccccc3)c2O)cc1CCC(=O)c1ccccc1	17;16;14;15	8;9;11;12;13;14;15;16;17;18;19;20;21;22;23;24	c1ccc(/[CH:1001]=[CH:1002]/[C:1003](c2ccccc2)=[O:1004])cc1	O=C(/C=C/c1ccccc1)c1ccccc1	CSC(C=C([O-])c1ccccc1)c1ccccc1
Mol_14469	Mol_14469:atom9	enone	COC1C=C(O)C=CC1C=CC(=O)c1ccc(O)cc1	9;10;11;12	2;7;8;9;10;11;12;13;14;15;16;18;19	CC(C)[CH:1001]=[CH:1002][C:1003](c1ccccc1)=[O:1004]	CC(C)C=CC(=O)c1ccccc1	CSC(C=C([O-])c1ccccc1)C(C)C
Mol_14470	Mol_14470:atom3	enone	O=C(/C=C/c1ccccc1)c1ccc(O)cc1O	3;2;1;0	0;1;2;3;4;5;6;7;8;9;10;11;12;13;15;16	c1ccc(/[CH:1001]=[CH:1002]/[C:1003](c2ccccc2)=[O:1004])cc1	O=C(/C=C/c1ccccc1)c1ccccc1	CSC(C=C([O-])c1ccccc1)c1ccccc1
Mol_14471	Mol_14471:atom12	enone	COc1cc(O)ccc1C(=O)/C=C/c1ccc(O)cc1	12;11;9;10	2;3;4;6;7;8;9;10;11;12;13;14;15;16;18;19	c1ccc(/[CH:1001]=[CH:1002]/[C:1003](c2ccccc2)=[O:1004])cc1	O=C(/C=C/c1ccccc1)c1ccccc1	CSC(C=C([O-])c1ccccc1)c1ccccc1
Mol_14472	Mol_14472:atom5	enal	COc1cc(/C=C/C=O)cc(OC)c1O	5;6;7;8	2;3;4;5;6;7;8;9;10;13	c1ccc(/[CH:1001]=[CH:1002]/[CH:1003]=[O:1004])cc1	O=C/C=C/c1ccccc1	CSC(C=C[O-])c1ccccc1
Mol_14490	Mol_14490:atom10	enone	CC(=O)O[C@@H]1[C@@H](C)[C@]2(O)C3C=C(C)C(=O)C3CC(C)=CC2C2C(C)(C)[C@@]21OC(=O)C(C)C	10;11;13;14	7;9;10;11;12;13;14;15;16	CC1C(C)[C:1003](=[O:1004])[C:1002](C)=[CH:1001]1	CC1=CC(C)C(C)C1=O	CSC1C(C)=C([O-])C(C)C1C
Mol_14521	Mol_14521:atom3	ester	O=C(/C=C\c1ccc(O)cc1)O[C@@H]1O[C@H](CO)[C@@H](O)[C@H](O)[C@H]1O	3;2;1;0	0;1;2;3;4;5;6;7;9;10;11;12	CO[C:1003](/[CH:1002]=[CH:1001]\c1ccccc1)=[O:1004]	COC(=O)/C=C\c1ccccc1	COC([O-])=CC(SC)c1ccccc1
Mol_14523	Mol_14523:atom14	ester	COC(=O)C1(O)C[C@@H](O)C(OC(=O)/C=C/c2ccc(O)c(O)c2)[C@H](O)C1	14;13;11;12	9;10;11;12;13;14;15;16;17;18;20;22	CO[C:1003](/[CH:1002]=[CH:1001]/c1ccccc1)=[O:1004]	COC(=O)/C=C/c1ccccc1	COC([O-])=CC(SC)c1ccccc1
Mol_14524	Mol_14524:atom5	ester	COc1cc(/C=C/C(=O)O[C@H]2[C@H](O)C[C@](O)(C(=O)OC)C[C@H]2O)ccc1O	5;6;7;8	2;3;4;5;6;7;8;9;10;23;24;25	CO[C:1003](/[CH:1002]=[CH:1001]/c1ccccc1)=[O:1004]	COC(=O)/C=C/c1ccccc1	COC([O-])=CC(SC)c1ccccc1
Mol_14525	Mol_14525:atom16	ester	COC(=O)[C@]1(O)C[C@@H](O)[C@@H](O)[C@H](OC(=O)/C=C/c2ccc(O)c(OC)c2)C1	16;15;13;14	11;12;13;14;15;16;17;18;19;20;22;25	CO[C:1003](/[CH:1002]=[CH:1001]/c1ccccc1)=[O:1004]	COC(=O)/C=C/c1ccccc1	COC([O-])=CC(SC)c1ccccc1
Mol_14534	Mol_14534:atom14	enone	CC(C)C(=O)CCC(C)[C@@H]1CC[C@]2(C)C3=C(C(=O)C[C@@]12C)[C@@]1(C)CCC(=O)C(C)(C)C1CC3	14;15;16;17	11;12;13;14;15;16;17;18;19;21;22;23;30;31;32	CC1(C)CC[C:1003](=[O:1004])[C:1002]2=[C:1001]1CCCC2(C)C	CC1(C)CCC(=O)C2=C1CCCC2(C)C	CSC12CCCC(C)(C)C1=C([O-])CCC2(C)C
Mol_14535	Mol_14535:atom7	ester	CCCCC/C=C/C=C/C(=O)O[C@H]1CC[C@]23C[C@]24CC[C@]2(C)[C@@H]([C@H](C)CCC=C(C)C)CC[C@@]2(C)C4CCC3[C@@]1(C)CC	7;8;9;10	5;6;7;8;9;10;11;12	C=C/[CH:1001]=[CH:1002]/[C:1003](OC)=[O:1004]	C=C/C=C/C(=O)OC	C=CC(C=C([O-])OC)SC
Mol_14536	Mol_14536:atom7	ester	CCCCC/C=C\C=C\C(=O)O[C@H]1CC[C@]23C[C@]24CC[C@]2(C)[C@@H]([C@H](C)CCC=C(C)C)CC[C@@]2(C)C4CCC3[C@@]1(C)CC	7;8;9;10	5;6;7;8;9;10;11;12	C=C/[CH:1001]=[CH:1002]/[C:1003](OC)=[O:1004]	C=C/C=C/C(=O)OC	C=CC(C=C([O-])OC)SC
Mol_14537	Mol_14537:atom23	ester	C=C(CC[C@@H](C)[C@H]1CC[C@@]2(C)C3CCC4C(C)(C)[C@@H](OC(=O)/C=C/C=C\CCCCCCCCC)CC[C@@]45C[C@@]35CC[C@]12C)C(C)C	23;22;20;21	18;19;20;21;22;23;24;25	C=C/[CH:1001]=[CH:1002]/[C:1003](OC)=[O:1004]	C=C/C=C/C(=O)OC	C=CC(C=C([O-])OC)SC
Mol_14538	Mol_14538:atom13	ester	CCCCCCCCCCC/C=C\C=C\C(=O)O[C@H]1CC[C@]23C[C@]24CC[C@]2(C)[C@@H]([C@H](C)CCC(=O)C(C)C)CC[C@@]2(C)C4CCC3[C@@H]1C	13;14;15;16	11;12;13;14;15;16;17;18	C=C/[CH:1001]=[CH:1002]/[C:1003](OC)=[O:1004]	C=C/C=C/C(=O)OC	C=CC(C=C([O-])OC)SC
Mol_14582	Mol_14582:atom30	enone	CC1=C[C@H]2[C@@H]3C(C)(C)[C@]3(OC(=O)C(C)C)[C@H](OC(=O)c3ccccc3)[C@@H](C)[C@]2(O)[C@@H]2C=C(C)C(=O)[C@H]2C1	30;31;33;34	27;29;30;31;32;33;34;35;36	C[C@H]1[C@H](C)[C:1003](=[O:1004])[C:1002](C)=[CH:1001]1	CC1=C[C@@H](C)[C@H](C)C1=O	CSC1C(C)=C([O-])[C@@H](C)[C@@H]1C
Mol_14583	Mol_14583:atom30	enone	CC1=C[C@H]2[C@@H]3C(C)(C)[C@]3(OC(=O)C(C)C)[C@H](OC(=O)c3ccccc3)[C@@H](C)[C@]2(O)[C@@H]2C=C(C)C(=O)[C@@H]2C1	30;31;33;34	27;29;30;31;32;33;34;35;36	C[C@@H]1[C@H](C)[CH:1001]=[C:1002](C)[C:1003]1=[O:1004]	CC1=C[C@@H](C)[C@@H](C)C1=O	CSC1C(C)=C([O-])[C@H](C)[C@@H]1C
Mol_14598	Mol_14598:atom4	enone	CC(=O)/C=C/[C@@]12O[C@]1(C)C[C@@H](O[C@@H]1O[C@H](CO)[C@@H](O)[C@H](O)[C@H]1O)CC2(C)C	4;3;1;2	0;1;2;3;4;5;6;7;24	C[C@@]1(/[CH:1001]=[CH:1002]/[C:1003](C)=[O:1004])CO1	CC(=O)/C=C/[C@]1(C)CO1	CSC(C=C(C)[O-])[C@]1(C)CO1
Mol_14602	Mol_14602:atom3	enone	O=C(/C=C\c1ccc(O)cc1)[C@@]1(O)O[C@H](CO)[C@@H](O)[C@H](O)[C@H]1O	3;2;1;0	0;1;2;3;4;5;6;7;9;10;11;12;13;21	CC(O)(O)[C:1003](/[CH:1002]=[CH:1001]\c1ccccc1)=[O:1004]	CC(O)(O)C(=O)/C=C\c1ccccc1	CSC(C=C([O-])C(C)(O)O)c1ccccc1
Mol_14637	Mol_14637:atom58	ester	CC1OC(OC2C(Oc3c(-c4ccc(O)cc4)oc4cc(O)cc(O)c4c3=O)OC(COC3OC(C)C(O)C(OC4OCC(O)C(O)C4O)C3O)C(O)C2OC(=O)/C=C/c2ccc(O)cc2)C(O)C(O)C1O	58;57;55;56	53;54;55;56;57;58;59;60;61;62;64;65	CO[C:1003](/[CH:1002]=[CH:1001]/c1ccccc1)=[O:1004]	COC(=O)/C=C/c1ccccc1	COC([O-])=CC(SC)c1ccccc1
Mol_14638	Mol_14638:atom5	ester	COc1cc(/C=C/C(=O)OC2C(O)C(COC3OC(C)C(O)C(OC4OCC(O)C(O)C4O)C3O)OC(Oc3c(-c4ccc(O)cc4)oc4cc(O)cc(O)c4c3=O)C2OC2OC(C)C(O)C(O)C2O)ccc1O	5;6;7;8	2;3;4;5;6;7;8;9;10;70;71;72	CO[C:1003](/[CH:1002]=[CH:1001]/c1ccccc1)=[O:1004]	COC(=O)/C=C/c1ccccc1	COC([O-])=CC(SC)c1ccccc1
Mol_14639	Mol_14639:atom56	ester	CC1OC(OC2C(Oc3c(-c4ccc(O)cc4)oc4cc(O)cc(O)c4c3=O)OC(COC3OC(C)C(O)C(OC4OCC(O)C(O)C4O)C3O)C(OC(=O)/C=C/c3ccc(O)cc3)C2O)C(O)C(O)C1O	56;55;53;54	51;52;53;54;55;56;57;58;59;60;62;63	CO[C:1003](/[CH:1002]=[CH:1001]/c1ccccc1)=[O:1004]	COC(=O)/C=C/c1ccccc1	COC([O-])=CC(SC)c1ccccc1
Mol_14640	Mol_14640:atom5	ester	COc1cc(/C=C/C(=O)OC2C(COC3OC(C)C(O)C(OC4OCC(O)C(O)C4O)C3O)OC(Oc3c(-c4ccc(O)cc4)oc4cc(O)cc(O)c4c3=O)C(OC3OC(C)C(O)C(O)C3O)C2O)ccc1O	5;6;7;8	2;3;4;5;6;7;8;9;10;70;71;72	CO[C:1003](/[CH:1002]=[CH:1001]/c1ccccc1)=[O:1004]	COC(=O)/C=C/c1ccccc1	COC([O-])=CC(SC)c1ccccc1
Mol_14665	Mol_14665:atom13	enone	CC1(C)[C@@H](O)CC[C@]2(C)[C@H]3C(=O)C=C4[C@@H]5C[C@@](C)(C(=O)O)CC[C@]5(C)CC[C@@]4(C)[C@]3(C)CC[C@@H]12	13;12;10;11	7;9;10;11;12;13;14;15;23;26;27;28;29	CC(C)[C:1001]1=[CH:1002][C:1003](=[O:1004])[C@H](C)CC1(C)C	CC(C)C1=CC(=O)[C@H](C)CC1(C)C	CSC1(C(C)C)C=C([O-])[C@H](C)CC1(C)C
Mol_14667	Mol_14667:atom14	enone	COC(=O)[C@@]1(C)CC[C@]2(C)CC[C@]3(C)C(=CC(=O)[C@@H]4[C@@]5(C)CC[C@H](O)C(C)(C)C5CC[C@]43C)[C@@H]2C1	14;15;16;17	8;11;12;13;14;15;16;17;18;19;31;33;34	CC(C)[C:1001]1=[CH:1002][C:1003](=[O:1004])[C@H](C)CC1(C)C	CC(C)C1=CC(=O)[C@H](C)CC1(C)C	CSC1(C(C)C)C=C([O-])[C@H](C)CC1(C)C
Mol_14668	Mol_14668:atom19	enone	CC(C)(C)O[C@H]1CC[C@@]2(C)C(CC[C@]3(C)[C@@H]2C(=O)C=C2[C@@H]4C[C@@](C)(C(=O)O)CC[C@]4(C)CC[C@]23C)C1(C)C	19;18;16;17	8;13;15;16;17;18;19;20;21;29;32;33;34	CC(C)[C:1001]1=[CH:1002][C:1003](=[O:1004])[C@H](C)CC1(C)C	CC(C)C1=CC(=O)[C@H](C)CC1(C)C	CSC1(C(C)C)C=C([O-])[C@H](C)CC1(C)C
Mol_14669	Mol_14669:atom14	enone	COC(=O)[C@@]1(C)CC[C@]2(C)CC[C@]3(C)C(=CC(=O)[C@@H]4[C@@]5(C)CC[C@H](OC)C(C)(C)C5CC[C@]43C)[C@@H]2C1	14;15;16;17	8;11;12;13;14;15;16;17;18;19;32;34;35	CC(C)[C:1001]1=[CH:1002][C:1003](=[O:1004])[C@H](C)CC1(C)C	CC(C)C1=CC(=O)[C@H](C)CC1(C)C	CSC1(C(C)C)C=C([O-])[C@H](C)CC1(C)C
Mol_14670	Mol_14670:atom18	enone	CC(=O)O[C@H]1CC[C@@]2(C)C(CC[C@]3(C)[C@@H]2C(=O)C=C2[C@@H]4C[C@@](C)(C(=O)O)CC[C@]4(C)CC[C@]23C)C1(C)C	18;17;15;16	7;12;14;15;16;17;18;19;20;28;31;32;33	CC(C)[C:1001]1=[CH:1002][C:1003](=[O:1004])[C@H](C)CC1(C)C	CC(C)C1=CC(=O)[C@H](C)CC1(C)C	CSC1(C(C)C)C=C([O-])[C@H](C)CC1(C)C
Mol_14671	Mol_14671:atom14	enone	COC(=O)[C@@]1(C)CC[C@]2(C)CC[C@]3(C)C(=CC(=O)[C@@H]4[C@@]5(C)CCC(C(C)C)=C5CC[C@]43C)[C@@H]2C1	14;15;16;17	8;11;12;13;14;15;16;17;18;19;30;32;33	CC(C)[C:1001]1=[CH:1002][C:1003](=[O:1004])[C@H](C)CC1(C)C	CC(C)C1=CC(=O)[C@H](C)CC1(C)C	CSC1(C(C)C)C=C([O-])[C@H](C)CC1(C)C
Mol_14672	Mol_14672:atom13	enone	CC(=O)O[C@H]1CC[C@]2(C)[C@H]3C(=O)C=C4[C@@H]5C[C@@](C)(C(=O)O)CC[C@]5(C)CC[C@@]4(C)[C@]3(C)CC[C@H]2C1(C)C	13;12;10;11	7;9;10;11;12;13;14;15;23;26;27;28;29	CC(C)[C:1001]1=[CH:1002][C:1003](=[O:1004])[C@H](C)CC1(C)C	CC(C)C1=CC(=O)[C@H](C)CC1(C)C	CSC1(C(C)C)C=C([O-])[C@H](C)CC1(C)C
Mol_14673	Mol_14673:atom14	enone	COC(=O)[C@@]1(C)CC[C@]2(C)CC[C@]3(C)C(=CC(=O)[C@@H]4[C@@]5(C)CC[C@H](OOC(C)=O)C(C)(C)C5CC[C@]43C)[C@@H]2C1	14;15;16;17	8;11;12;13;14;15;16;17;18;19;35;37;38	CC(C)[C:1001]1=[CH:1002][C:1003](=[O:1004])[C@H](C)CC1(C)C	CC(C)C1=CC(=O)[C@H](C)CC1(C)C	CSC1(C(C)C)C=C([O-])[C@H](C)CC1(C)C
Mol_14674	Mol_14674:atom16	enone	C=CCOC(=O)[C@@]1(C)CC[C@]2(C)CC[C@]3(C)C(=CC(=O)[C@@H]4[C@@]5(C)CC[C@H](O)C(C)(C)C5CC[C@]43C)[C@@H]2C1	16;17;18;19	10;13;14;15;16;17;18;19;20;21;33;35;36	CC(C)[C:1001]1=[CH:1002][C:1003](=[O:1004])[C@H](C)CC1(C)C	CC(C)C1=CC(=O)[C@H](C)CC1(C)C	CSC1(C(C)C)C=C([O-])[C@H](C)CC1(C)C
Mol_14675	Mol_14675:atom12	enone	CC1(C)C2CC[C@]3(C)[C@H](C(=O)C=C4[C@@H]5C[C@@](C)(C(=O)O)CC[C@]5(C)CC[C@]43C)[C@@]2(C)CC[C@@H]1OC(=O)Nc1ccccc1	12;11;9;10	6;8;9;10;11;12;13;14;22;25;26;27;28	CC(C)[C:1001]1=[CH:1002][C:1003](=[O:1004])[C@H](C)CC1(C)C	CC(C)C1=CC(=O)[C@H](C)CC1(C)C	CSC1(C(C)C)C=C([O-])[C@H](C)CC1(C)C
Mol_14676	Mol_14676:atom18	enone	CC(=O)O[C@H]1CC[C@@]2(C)C(CC[C@]3(C)[C@@H]2C(=O)C=C2[C@@H]4C[C@@](C)(C(=O)ONc5ccccc5)CC[C@]4(C)CC[C@]23C)C1(C)C	18;17;15;16	7;12;14;15;16;17;18;19;20;35;38;39;40	CC(C)[C:1001]1=[CH:1002][C:1003](=[O:1004])[C@H](C)CC1(C)C	CC(C)C1=CC(=O)[C@H](C)CC1(C)C	CSC1(C(C)C)C=C([O-])[C@H](C)CC1(C)C
Mol_14677	Mol_14677:atom18	enone	CC(=O)O[C@H]1CC[C@@]2(C)C(CC[C@]3(C)[C@@H]2C(=O)C=C2[C@@H]4C[C@@](C)(C(=O)ONCCO)CC[C@]4(C)CC[C@]23C)C1(C)C	18;17;15;16	7;12;14;15;16;17;18;19;20;32;35;36;37	CC(C)[C:1001]1=[CH:1002][C:1003](=[O:1004])[C@H](C)CC1(C)C	CC(C)C1=CC(=O)[C@H](C)CC1(C)C	CSC1(C(C)C)C=C([O-])[C@H](C)CC1(C)C
Mol_14678	Mol_14678:atom18	enone	CCCCNOC(=O)[C@@]1(C)CC[C@]2(C)CC[C@]3(C)C(=CC(=O)[C@@H]4[C@@]5(C)CC[C@H](OC(C)=O)C(C)(C)C5CC[C@]43C)[C@@H]2C1	18;19;20;21	12;15;16;17;18;19;20;21;22;23;38;40;41	CC(C)[C:1001]1=[CH:1002][C:1003](=[O:1004])[C@H](C)CC1(C)C	CC(C)C1=CC(=O)[C@H](C)CC1(C)C	CSC1(C(C)C)C=C([O-])[C@H](C)CC1(C)C
Mol_14679	Mol_14679:atom18	enone	CC(C)=CCOC(=O)[C@@]1(C)CC[C@]2(C)CC[C@]3(C)C(=CC(=O)[C@@H]4[C@@]5(C)CC[C@H](O)C(C)(C)C5CC[C@]43C)[C@@H]2C1	18;19;20;21	12;15;16;17;18;19;20;21;22;23;35;37;38	CC(C)[C:1001]1=[CH:1002][C:1003](=[O:1004])[C@H](C)CC1(C)C	CC(C)C1=CC(=O)[C@H](C)CC1(C)C	CSC1(C(C)C)C=C([O-])[C@H](C)CC1(C)C
Mol_14682	Mol_14682:atom15	enone	C=CCCN1C[C@H]2C[C@H](C1)C1CC(=O)C=CN1C2	15;14;12;13	10;11;12;13;14;15;16;17	CN1CC[C:1003](=[O:1004])[CH:1002]=[CH:1001]1	CN1C=CC(=O)CC1	CSC1C=C([O-])CCN1C
Mol_14683	Mol_14683:atom3	enone	O=C1C=CN2C[C@@H]3C[C@@H](CN4CCCC[C@@H]34)[C@H]2C1	3;2;1;0	0;1;2;3;4;5;16;17	CN1CC[C:1003](=[O:1004])[CH:1002]=[CH:1001]1	CN1C=CC(=O)CC1	CSC1C=C([O-])CCN1C
Mol_14684	Mol_14684:atom3	enone	O=C1C=CN2C[C@@H]3C[C@@H](CN4CC[C@H](O)C[C@@H]34)[C@H]2C1	3;2;1;0	0;1;2;3;4;5;17;18	CN1CC[C:1003](=[O:1004])[CH:1002]=[CH:1001]1	CN1C=CC(=O)CC1	CSC1C=C([O-])CCN1C
Mol_14715	Mol_14715:atom3	ester	O=C1C=C(c2ccc(O)cc2OO[C@H]2C(O)O[C@H](CO)[C@@H](O)[C@@H]2O)C(Cc2ccc(O)cc2)O1	3;2;1;0	0;1;2;3;4;5;6;7;9;10;24;25;33	CC1O[C:1003](=[O:1004])[CH:1002]=[C:1001]1c1ccccc1	CC1OC(=O)C=C1c1ccccc1	CSC1(c2ccccc2)C=C([O-])OC1C
Mol_14716	Mol_14716:atom6	ester	COc1ccc(C2=CC(=O)OC2Cc2ccc(O)cc2)c(OO[C@H]2C(O)O[C@H](CO)[C@@H](O)[C@@H]2O)c1	6;7;8;9	2;3;4;5;6;7;8;9;10;11;12;20;34	CC1O[C:1003](=[O:1004])[CH:1002]=[C:1001]1c1ccccc1	CC1OC(=O)C=C1c1ccccc1	CSC1(c2ccccc2)C=C([O-])OC1C
Mol_14717	Mol_14717:atom3	ester	O=C1C=C(c2ccc(O)cc2O)C(Cc2ccc(O)cc2)O1	3;2;1;0	0;1;2;3;4;5;6;7;9;10;12;13;21	CC1O[C:1003](=[O:1004])[CH:1002]=[C:1001]1c1ccccc1	CC1OC(=O)C=C1c1ccccc1	CSC1(c2ccccc2)C=C([O-])OC1C
Mol_14730	Mol_14730:atom7	ester	C=CCOC(=O)C=C(c1ccc(OC(C)=O)c(OC)c1)c1ccc(OC(C)=O)c(OC)c1	7;6;4;5	2;3;4;5;6;7;8;9;10;11;16;19;20;21;22;23;28;31	CO[C:1003]([CH:1002]=[C:1001](c1ccccc1)c1ccccc1)=[O:1004]	COC(=O)C=C(c1ccccc1)c1ccccc1	COC([O-])=CC(SC)(c1ccccc1)c1ccccc1
Mol_14753	Mol_14753:atom3	ester	O=C(/C=C/c1ccc(O)cc1)OC[C@H]1O[C@@H](Oc2c(-c3ccc(O)cc3)oc3cc(OC4O[C@H](COC5O[C@H](CO)[C@@H](O)[C@H](O)[C@H]5O)[C@@H](O)[C@H](O)[C@H]4O)cc(O)c3c2=O)[C@H](O)[C@@H](O)[C@@H]1O	3;2;1;0	0;1;2;3;4;5;6;7;9;10;11;12	CO[C:1003](/[CH:1002]=[CH:1001]/c1ccccc1)=[O:1004]	COC(=O)/C=C/c1ccccc1	COC([O-])=CC(SC)c1ccccc1
Mol_14754	Mol_14754:atom3	ester	O=C(/C=C/c1ccc(O)cc1)OC[C@H]1O[C@@H](Oc2c(-c3ccc(O)c(O)c3)oc3cc(OC4O[C@H](COC5O[C@H](CO)[C@@H](O)[C@H](O)[C@H]5O)[C@@H](O)[C@H](O)[C@H]4O)cc(O)c3c2=O)[C@H](O)[C@@H](O)[C@@H]1O	3;2;1;0	0;1;2;3;4;5;6;7;9;10;11;12	CO[C:1003](/[CH:1002]=[CH:1001]/c1ccccc1)=[O:1004]	COC(=O)/C=C/c1ccccc1	COC([O-])=CC(SC)c1ccccc1
Mol_14835	Mol_14835:atom13	ester	CC(=O)O[C@H]1[C@H](O)[C@@H](COC(=O)/C=C/c2ccc(O)cc2)O[C@@H](Oc2c(-c3ccc(O)cc3)oc3cc(O)cc(O)c3c2=O)[C@@H]1OC(=O)/C=C/c1ccc(O)cc1	13;12;10;11	8;9;10;11;12;13;14;15;16;17;19;20	CO[C:1003](/[CH:1002]=[CH:1001]/c1ccccc1)=[O:1004]	COC(=O)/C=C/c1ccccc1	COC([O-])=CC(SC)c1ccccc1
Mol_14835	Mol_14835:atom49	ester	CC(=O)O[C@H]1[C@H](O)[C@@H](COC(=O)/C=C/c2ccc(O)cc2)O[C@@H](Oc2c(-c3ccc(O)cc3)oc3cc(O)cc(O)c3c2=O)[C@@H]1OC(=O)/C=C/c1ccc(O)cc1	49;48;46;47	44;45;46;47;48;49;50;51;52;53;55;56	CO[C:1003](/[CH:1002]=[CH:1001]/c1ccccc1)=[O:1004]	COC(=O)/C=C/c1ccccc1	COC([O-])=CC(SC)c1ccccc1
Mol_14836	Mol_14836:atom10	ester	CC(=O)O[C@@H]1[C@@H](OC(=O)/C=C/c2ccc(O)cc2)[C@H](Oc2c(-c3ccc(O)cc3)oc3cc(O)cc(O)c3c2=O)O[C@H](COC(=O)/C=C/c2ccc(O)cc2)[C@H]1OC(C)=O	10;9;7;8	5;6;7;8;9;10;11;12;13;14;16;17	CO[C:1003](/[CH:1002]=[CH:1001]/c1ccccc1)=[O:1004]	COC(=O)/C=C/c1ccccc1	COC([O-])=CC(SC)c1ccccc1
Mol_14836	Mol_14836:atom47	ester	CC(=O)O[C@@H]1[C@@H](OC(=O)/C=C/c2ccc(O)cc2)[C@H](Oc2c(-c3ccc(O)cc3)oc3cc(O)cc(O)c3c2=O)O[C@H](COC(=O)/C=C/c2ccc(O)cc2)[C@H]1OC(C)=O	47;46;44;45	42;43;44;45;46;47;48;49;50;51;53;54	CO[C:1003](/[CH:1002]=[CH:1001]/c1ccccc1)=[O:1004]	COC(=O)/C=C/c1ccccc1	COC([O-])=CC(SC)c1ccccc1
Mol_14854	Mol_14854:atom17	enone	C=C(C(O)C/C=C(\C)C(=O)O)[C@H]1C[C@@H](O)[C@@]2(C)C3=C(C(=O)C[C@]12C)[C@@]1(C)CCC(=O)[C@](C)(CO)[C@@H]1CC3=O	17;18;19;20	13;15;16;17;18;19;20;21;22;24;25;26;34;35;36;37	CC1(C)CC[C:1003](=[O:1004])[C:1002]2=[C:1001]1C(=O)CCC2(C)C	CC1(C)CCC(=O)C2=C1C(=O)CCC2(C)C	CSC12C(=O)CCC(C)(C)C1=C([O-])CCC2(C)C
Mol_14854	Mol_14854:atom18	enone	C=C(C(O)C/C=C(\C)C(=O)O)[C@H]1C[C@@H](O)[C@@]2(C)C3=C(C(=O)C[C@]12C)[C@@]1(C)CCC(=O)[C@](C)(CO)[C@@H]1CC3=O	18;17;36;37	13;15;16;17;18;19;20;21;22;24;25;26;34;35;36;37	CC1(C)CC[C:1003](=[O:1004])[C:1002]2=[C:1001]1C(=O)CCC2(C)C	CC1(C)CCC(=O)C2=C1C(=O)CCC2(C)C	CSC12C(=O)CCC(C)(C)C1=C([O-])CCC2(C)C
Mol_14855	Mol_14855:atom14	enone	C/C(=C\CCC(C)(O)[C@H]1C[C@@H](O)[C@@]2(C)C3=C(C(=O)C[C@]12C)[C@@]1(C)CCC(=O)[C@](C)(CO)[C@@H]1CC3=O)C(=O)O	14;15;16;17	10;12;13;14;15;16;17;18;19;21;22;23;31;32;33;34	CC1(C)CC[C:1003](=[O:1004])[C:1002]2=[C:1001]1C(=O)CCC2(C)C	CC1(C)CCC(=O)C2=C1C(=O)CCC2(C)C	CSC12C(=O)CCC(C)(C)C1=C([O-])CCC2(C)C
Mol_14855	Mol_14855:atom15	enone	C/C(=C\CCC(C)(O)[C@H]1C[C@@H](O)[C@@]2(C)C3=C(C(=O)C[C@]12C)[C@@]1(C)CCC(=O)[C@](C)(CO)[C@@H]1CC3=O)C(=O)O	15;14;33;34	10;12;13;14;15;16;17;18;19;21;22;23;31;32;33;34	CC1(C)CC[C:1003](=[O:1004])[C:1002]2=[C:1001]1C(=O)CCC2(C)C	CC1(C)CCC(=O)C2=C1C(=O)CCC2(C)C	CSC12C(=O)CCC(C)(C)C1=C([O-])CCC2(C)C
Mol_14859	Mol_14859:atom39	ester	CC1OC(OCC2O[C@@H](Oc3c(-c4ccc(O)cc4)oc4cc(O)cc(O)c4c3=O)[C@@H](O)[C@@H](O)[C@H]2OC(=O)/C=C/c2ccc(O)cc2)C(O)C(O)C1OC1OC(O)C(O[C@@H]2OC(CO)[C@@H](O)[C@H](O)[C@@H]2O)C(O)C1O	39;38;36;37	34;35;36;37;38;39;40;41;42;43;45;46	CO[C:1003](/[CH:1002]=[CH:1001]/c1ccccc1)=[O:1004]	COC(=O)/C=C/c1ccccc1	COC([O-])=CC(SC)c1ccccc1
Mol_14860	Mol_14860:atom40	ester	CC1OC(OCC2O[C@@H](Oc3c(-c4ccc(O)c(O)c4)oc4cc(O)cc(O)c4c3=O)[C@@H](O)[C@@H](O)[C@H]2OC(=O)/C=C/c2ccc(O)cc2)C(O)C(O)C1OC1OC(O)C(O[C@@H]2OC(CO)[C@@H](O)[C@H](O)[C@@H]2O)C(O)C1O	40;39;37;38	35;36;37;38;39;40;41;42;43;44;46;47	CO[C:1003](/[CH:1002]=[CH:1001]/c1ccccc1)=[O:1004]	COC(=O)/C=C/c1ccccc1	COC([O-])=CC(SC)c1ccccc1
Mol_14861	Mol_14861:atom2	enone	CC1=C(/C=C/C(C)=C/C=C/C(C)=C/C=C/C=C(C)/C=C/C=C(C)/C=C/C2=C(C)C(=O)[C@@H](O)CC2(C)C)C(C)(C)C[C@H](O)C1=O	2;1;42;43	0;1;2;3;4;36;37;38;39;40;41;42;43	C=C[C:1001]1=[C:1002](C)[C:1003](=[O:1004])[C@@H](O)CC1(C)C	C=CC1=C(C)C(=O)[C@@H](O)CC1(C)C	C=CC1(SC)C(C)=C([O-])[C@@H](O)CC1(C)C
Mol_14861	Mol_14861:atom25	enone	CC1=C(/C=C/C(C)=C/C=C/C(C)=C/C=C/C=C(C)/C=C/C=C(C)/C=C/C2=C(C)C(=O)[C@@H](O)CC2(C)C)C(C)(C)C[C@H](O)C1=O	25;26;28;29	23;24;25;26;27;28;29;30;31;32;33;34;35	C=C[C:1001]1=[C:1002](C)[C:1003](=[O:1004])[C@@H](O)CC1(C)C	C=CC1=C(C)C(=O)[C@@H](O)CC1(C)C	C=CC1(SC)C(C)=C([O-])[C@@H](O)CC1(C)C
Mol_14864	Mol_14864:atom2	enone	CC1=C(/C=C/C(C)=C/C=C/C(C)=C/C=C/C=C(C)/C=C/C=C(C)/C=C/C2=C(C)C(=O)CCC2(C)C)C(C)(C)CCC1=O	2;1;40;41	0;1;2;3;4;35;36;37;38;39;40;41	C=C[C:1001]1=[C:1002](C)[C:1003](=[O:1004])CCC1(C)C	C=CC1=C(C)C(=O)CCC1(C)C	C=CC1(SC)C(C)=C([O-])CCC1(C)C
Mol_14864	Mol_14864:atom25	enone	CC1=C(/C=C/C(C)=C/C=C/C(C)=C/C=C/C=C(C)/C=C/C=C(C)/C=C/C2=C(C)C(=O)CCC2(C)C)C(C)(C)CCC1=O	25;26;28;29	23;24;25;26;27;28;29;30;31;32;33;34	C=C[C:1001]1=[C:1002](C)[C:1003](=[O:1004])CCC1(C)C	C=CC1=C(C)C(=O)CCC1(C)C	C=CC1(SC)C(C)=C([O-])CCC1(C)C
Mol_14892	Mol_14892:atom10	enal	C=C1[C@@H](O)C[C@]2(O)C(C=O)=CO[C@@H](O[C@@H]3OC(CO)[C@@H](O)[C@H](O)C3O)[C@H]12	10;7;8;9	4;5;6;7;8;9;10;11;12;25	C[C@@]1(O)CCO[CH:1001]=[C:1002]1[CH:1003]=[O:1004]	C[C@@]1(O)CCOC=C1C=O	CSC1OCC[C@@](C)(O)C1=C[O-]
Mol_14893	Mol_14893:atom8	ester	C=C1[C@@H](OC(=O)/C(C)=C/CC/C(C)=C/CO)C[C@]2(O)C(C=O)=CO[C@@H](O[C@@H]3OC(CO)[C@@H](O)[C@H](O)C3O)[C@H]12	8;6;4;5	2;3;4;5;6;7;8;9;10	CC/[CH:1001]=[C:1002](\C)[C:1003](OC)=[O:1004]	CC/C=C(\C)C(=O)OC	CCC(SC)C(C)=C([O-])OC
Mol_14893	Mol_14893:atom22	enal	C=C1[C@@H](OC(=O)/C(C)=C/CC/C(C)=C/CO)C[C@]2(O)C(C=O)=CO[C@@H](O[C@@H]3OC(CO)[C@@H](O)[C@H](O)C3O)[C@H]12	22;19;20;21	16;17;18;19;20;21;22;23;24;37	C[C@@]1(O)CCO[CH:1001]=[C:1002]1[CH:1003]=[O:1004]	C[C@@]1(O)CCOC=C1C=O	CSC1OCC[C@@](C)(O)C1=C[O-]
Mol_14894	Mol_14894:atom10	enal	C[C@]1(O)CC[C@]2(O)C(C=O)=CO[C@@H](O[C@@H]3O[C@H](CO)[C@@H](O)[C@H](O)[C@H]3O)[C@H]12	10;7;8;9	4;5;6;7;8;9;10;11;12;25	C[C@@]1(O)CCO[CH:1001]=[C:1002]1[CH:1003]=[O:1004]	C[C@@]1(O)CCOC=C1C=O	CSC1OCC[C@@](C)(O)C1=C[O-]
Mol_14895	Mol_14895:atom7	ester	C=C1[C@@H](OC(=O)/C=C/c2ccccc2)C[C@]2(O)C(C=O)=CO[C@@H](O[C@@H]3OC(CO)[C@@H](O)[C@H](O)C3O)[C@H]12	7;6;4;5	2;3;4;5;6;7;8;9;10;11;12;13	CO[C:1003](/[CH:1002]=[CH:1001]/c1ccccc1)=[O:1004]	COC(=O)/C=C/c1ccccc1	COC([O-])=CC(SC)c1ccccc1
Mol_14895	Mol_14895:atom20	enal	C=C1[C@@H](OC(=O)/C=C/c2ccccc2)C[C@]2(O)C(C=O)=CO[C@@H](O[C@@H]3OC(CO)[C@@H](O)[C@H](O)C3O)[C@H]12	20;17;18;19	14;15;16;17;18;19;20;21;22;35	C[C@@]1(O)CCO[CH:1001]=[C:1002]1[CH:1003]=[O:1004]	C[C@@]1(O)CCOC=C1C=O	CSC1OCC[C@@](C)(O)C1=C[O-]
Mol_14900	Mol_14900:atom3	ester	O=C(/C=C/c1ccc(O)cc1)OCC1O[C@@H](Oc2cc(O)c3c(=O)cc(-c4ccc(O)cc4)oc3c2)C(O)[C@@H](O)[C@@H]1O	3;2;1;0	0;1;2;3;4;5;6;7;9;10;11;12	CO[C:1003](/[CH:1002]=[CH:1001]/c1ccccc1)=[O:1004]	COC(=O)/C=C/c1ccccc1	COC([O-])=CC(SC)c1ccccc1
Mol_14933	Mol_14933:atom3	ester	O=C(/C=C/c1ccc(O)c(O)c1)OCC1OC(OC(=O)c2c[nH]c3ccccc23)C(O)C(O)C1O	3;2;1;0	0;1;2;3;4;5;6;7;9;11;12;13	CO[C:1003](/[CH:1002]=[CH:1001]/c1ccccc1)=[O:1004]	COC(=O)/C=C/c1ccccc1	COC([O-])=CC(SC)c1ccccc1
Mol_14952	Mol_14952:atom3	ester	O=C(/C=C/c1ccc(O)cc1)O[C@@H]1C(O)[C@H](Oc2cc(O)c3c(=O)cc(-c4ccc(O)cc4)oc3c2)OC(CO)[C@H]1O	3;2;1;0	0;1;2;3;4;5;6;7;9;10;11;12	CO[C:1003](/[CH:1002]=[CH:1001]/c1ccccc1)=[O:1004]	COC(=O)/C=C/c1ccccc1	COC([O-])=CC(SC)c1ccccc1
Mol_14965	Mol_14965:atom15	enone	C=CC(=C)CC[C@@]1(C)[C@H](C)[C@H](O)C[C@@]2(C)C(C)=CC(=O)C[C@H]12	15;17;18;19	12;13;14;15;16;17;18;19;20;21	CC1(C)CC[C:1003](=[O:1004])[CH:1002]=[C:1001]1C	CC1=CC(=O)CCC1(C)C	CSC1(C)C=C([O-])CCC1(C)C
Mol_14966	Mol_14966:atom15	enone	C=C/C(C)=C/C[C@@]1(C)[C@H](C)[C@H](O)C[C@@]2(C)C(C)=CC(=O)C[C@H]12	15;17;18;19	12;13;14;15;16;17;18;19;20;21	CC1(C)CC[C:1003](=[O:1004])[CH:1002]=[C:1001]1C	CC1=CC(=O)CCC1(C)C	CSC1(C)C=C([O-])CCC1(C)C
Mol_14967	Mol_14967:atom1	enone	CC1=CC(=O)C[C@@H]2[C@@](C)(CCC3=CCOOC3)[C@H](C)[C@H](O)C[C@@]12C	1;2;3;4	0;1;2;3;4;5;6;21;22;23	CC1(C)CC[C:1003](=[O:1004])[CH:1002]=[C:1001]1C	CC1=CC(=O)CCC1(C)C	CSC1(C)C=C([O-])CCC1(C)C
Mol_14968	Mol_14968:atom13	enone	C=CC(=C)CC[C@]1(C)C2CC(=O)C=C(C)[C@]2(C)C[C@@H](O)[C@H]1C	13;12;10;11	8;9;10;11;12;13;14;15;16;17	CC1(C)CC[C:1003](=[O:1004])[CH:1002]=[C:1001]1C	CC1=CC(=O)CCC1(C)C	CSC1(C)C=C([O-])CCC1(C)C
Mol_14969	Mol_14969:atom13	enone	C=C/C(C)=C/C[C@]1(C)C2CC(=O)C=C(C)[C@]2(C)C[C@@H](O)[C@H]1C	13;12;10;11	8;9;10;11;12;13;14;15;16;17	CC1(C)CC[C:1003](=[O:1004])[CH:1002]=[C:1001]1C	CC1=CC(=O)CCC1(C)C	CSC1(C)C=C([O-])CCC1(C)C
Mol_14970	Mol_14970:atom1	enone	CC1=CC(=O)CC2[C@@]1(C)C[C@@H](O)[C@@H](C)[C@]2(C)CCC1=CCOOC1	1;2;3;4	0;1;2;3;4;5;6;7;8;9	CC1(C)CC[C:1003](=[O:1004])[CH:1002]=[C:1001]1C	CC1=CC(=O)CCC1(C)C	CSC1(C)C=C([O-])CCC1(C)C
Mol_14974	Mol_14974:atom3	ester	O=C(/C=C/c1ccc(O)cc1)OCC1OC(Oc2cc(O)c3c(=O)cc(-c4ccc(O)cc4)oc3c2)C(O)C(O)C1O	3;2;1;0	0;1;2;3;4;5;6;7;9;10;11;12	CO[C:1003](/[CH:1002]=[CH:1001]/c1ccccc1)=[O:1004]	COC(=O)/C=C/c1ccccc1	COC([O-])=CC(SC)c1ccccc1
Mol_14978	Mol_14978:atom5	ester	COC(=O)/C=C/c1ccc(O)c(O)c1	5;4;2;3	0;1;2;3;4;5;6;7;8;9;11;13	CO[C:1003](/[CH:1002]=[CH:1001]/c1ccccc1)=[O:1004]	COC(=O)/C=C/c1ccccc1	COC([O-])=CC(SC)c1ccccc1
Mol_14979	Mol_14979:atom3	ester	O=C(/C=C/c1ccc(O)c(O)c1)O/C=C\c1ccc(O)c(O)c1	3;2;1;0	0;1;2;3;4;5;6;7;9;11;12;13	CO[C:1003](/[CH:1002]=[CH:1001]/c1ccccc1)=[O:1004]	COC(=O)/C=C/c1ccccc1	COC([O-])=CC(SC)c1ccccc1
Mol_14988	Mol_14988:atom2	enone	CC1=C(C)C2=CC(=O)c3c(O)c(C(C)C)c(O)c(O)c3[C@@]2(C)CC1=O	2;1;23;24	0;1;2;3;4;5;20;22;23;24	C=C1CC[C:1003](=[O:1004])[C:1002](C)=[C:1001]1C	C=C1CCC(=O)C(C)=C1C	C=C1CCC([O-])=C(C)C1(C)SC
Mol_14988	Mol_14988:atom4	enone	CC1=C(C)C2=CC(=O)c3c(O)c(C(C)C)c(O)c(O)c3[C@@]2(C)CC1=O	4;5;6;7	1;2;3;4;5;6;7;8;9;11;15;17;19;20;21;22	C=C(C)[C:1001]1=[CH:1002][C:1003](=[O:1004])c2ccccc2C1(C)C	C=C(C)C1=CC(=O)c2ccccc2C1(C)C	C=C(C)C1(SC)C=C([O-])c2ccccc2C1(C)C
Mol_14989	Mol_14989:atom0	enone	C=C(C(C)=O)[C@@H]1CC(=O)c2c(O)c(C(C)C)c(O)c(O)c2[C@@]1(C)CC(=O)O	0;1;2;4	0;1;2;3;4;5;6;21	CC(C)[C:1002](=[CH2:1001])[C:1003](C)=[O:1004]	C=C(C(C)=O)C(C)C	CSCC(=C(C)[O-])C(C)C
Mol_14990	Mol_14990:atom2	enone	CC1=C(C)[C@@H]2CC(=O)c3c(O)c(C(C)C)c(O)c(O)c3[C@@]2(C)CC1=O	2;1;23;24	0;1;2;3;4;5;20;22;23;24	C[C@@H]1CC[C:1003](=[O:1004])[C:1002](C)=[C:1001]1C	CC1=C(C)[C@H](C)CCC1=O	CSC1(C)C(C)=C([O-])CC[C@H]1C
Mol_14995	Mol_14995:atom12	enone	CC(C)c1cc2c(c(O)c1O)C1=C(CC2)C(C)(C)CCC1=O	12;11;20;21	3;4;5;6;7;9;11;12;13;14;15;16;17;18;19;20;21	CC1(C)CC[C:1003](=[O:1004])[C:1002]2=[C:1001]1CCc1ccccc12	CC1(C)CCC(=O)C2=C1CCc1ccccc12	CSC12CCc3ccccc3C1=C([O-])CCC2(C)C
Mol_15012	Mol_15012:atom71	ester	CC(=O)OCC1OC(OCCc2ccc(OC(C)=O)c(OC(C)=O)c2)C(OC(C)=O)C(OC2OC(C)C(OC(C)=O)C(OC(C)=O)C2OC2OCC(OC(C)=O)C(OC(C)=O)C2OC(C)=O)C1OC(=O)/C=C/c1ccc(OC(C)=O)c(OC(C)=O)c1	71;70;68;69	66;67;68;69;70;71;72;73;74;75;80;85	CO[C:1003](/[CH:1002]=[CH:1001]/c1ccccc1)=[O:1004]	COC(=O)/C=C/c1ccccc1	COC([O-])=CC(SC)c1ccccc1
Mol_15013	Mol_15013:atom29	ester	CC1OC(OC2C(O)C(OCCc3ccc(O)c(O)c3)OC(CO)C2OC(=O)/C=C/c2ccc(O)c(O)c2)C(OC2OCC(O)C(O)C2O)C(O)C1O	29;28;26;27	24;25;26;27;28;29;30;31;32;33;35;37	CO[C:1003](/[CH:1002]=[CH:1001]/c1ccccc1)=[O:1004]	COC(=O)/C=C/c1ccccc1	COC([O-])=CC(SC)c1ccccc1
Mol_15033	Mol_15033:atom5	ester	COc1cc(/C=C/C(=O)OC2C(O)[C@H](O[C@H]3C4C=CO[C@@H](O[C@@H]5OC(CO)[C@@H](O)C(O)[C@H]5O)C4[C@@]4(CO)O[C@@H]34)O[C@@H](C)[C@@H]2O)ccc1O	5;6;7;8	2;3;4;5;6;7;8;9;10;44;45;46	CO[C:1003](/[CH:1002]=[CH:1001]/c1ccccc1)=[O:1004]	COC(=O)/C=C/c1ccccc1	COC([O-])=CC(SC)c1ccccc1
Mol_15034	Mol_15034:atom10	ester	CC(=O)OC1C(OC(=O)/C=C/c2ccccc2)[C@@H](OC(=O)/C=C/c2ccccc2)[C@H](C)O[C@H]1O[C@H]1C2C=CO[C@@H](O[C@@H]3OC(CO)[C@@H](O)C(O)[C@H]3O)C2[C@@]2(CO)O[C@@H]12	10;9;7;8	5;6;7;8;9;10;11;12;13;14;15;16	CO[C:1003](/[CH:1002]=[CH:1001]/c1ccccc1)=[O:1004]	COC(=O)/C=C/c1ccccc1	COC([O-])=CC(SC)c1ccccc1
Mol_15034	Mol_15034:atom22	ester	CC(=O)OC1C(OC(=O)/C=C/c2ccccc2)[C@@H](OC(=O)/C=C/c2ccccc2)[C@H](C)O[C@H]1O[C@H]1C2C=CO[C@@H](O[C@@H]3OC(CO)[C@@H](O)C(O)[C@H]3O)C2[C@@]2(CO)O[C@@H]12	22;21;19;20	17;18;19;20;21;22;23;24;25;26;27;28	CO[C:1003](/[CH:1002]=[CH:1001]/c1ccccc1)=[O:1004]	COC(=O)/C=C/c1ccccc1	COC([O-])=CC(SC)c1ccccc1
Mol_15041	Mol_15041:atom38	ester	C[C@@H]1O[C@@H](O[C@@H]2[C@@H](O)[C@H](OCCc3ccc(O)c(O)c3)O[C@H](CO[C@@H]3OC[C@](O)(CO)[C@H]3O)[C@H]2OC(=O)/C=C/c2ccc(O)c(O)c2)[C@H](O)[C@H](O)[C@H]1O	38;37;35;36	33;34;35;36;37;38;39;40;41;42;44;46	CO[C:1003](/[CH:1002]=[CH:1001]/c1ccccc1)=[O:1004]	COC(=O)/C=C/c1ccccc1	COC([O-])=CC(SC)c1ccccc1
Mol_15044	Mol_15044:atom46	ester	CC1OC(Oc2c(-c3ccc(O)cc3)oc3cc(OC4OC(CO)C(O)C(O)C4O)cc(O)c3c2=O)C(OC2OC(COC(=O)/C=C/c3ccc(O)cc3)C(O)C(O)C2O)C(O)C1O	46;45;43;44	41;42;43;44;45;46;47;48;49;50;52;53	CO[C:1003](/[CH:1002]=[CH:1001]/c1ccccc1)=[O:1004]	COC(=O)/C=C/c1ccccc1	COC([O-])=CC(SC)c1ccccc1
Mol_15045	Mol_15045:atom48	ester	CC1OC(Oc2c(-c3ccc(O)cc3)oc3cc(OC4OC(CO)C(O)C(O)C4O)cc(O)c3c2=O)C(OC2OC(CO)C(OC(=O)/C=C/c3ccc(O)cc3)C(O)C2O)C(O)C1O	48;47;45;46	43;44;45;46;47;48;49;50;51;52;54;55	CO[C:1003](/[CH:1002]=[CH:1001]/c1ccccc1)=[O:1004]	COC(=O)/C=C/c1ccccc1	COC([O-])=CC(SC)c1ccccc1
Mol_15046	Mol_15046:atom1	enone	CC(C)=C1CCC2(C)OC2C1=O	1;3;10;11	0;1;2;3;4;5;6;8;9;10;11	C[C:1001](C)=[C:1002]1CCC2OC2[C:1003]1=[O:1004]	CC(C)=C1CCC2OC2C1=O	CSC(C)(C)C1=C([O-])C2OC2CC1
Mol_15055	Mol_15055:atom27	ester	COc1cc(-c2cc(=O)c3c(O)cc(OC4OC(CO)C(O)C(OC(=O)/C=C/c5ccc(O)cc5)C4O)cc3o2)ccc1O	27;26;24;25	22;23;24;25;26;27;28;29;30;31;33;34	CO[C:1003](/[CH:1002]=[CH:1001]/c1ccccc1)=[O:1004]	COC(=O)/C=C/c1ccccc1	COC([O-])=CC(SC)c1ccccc1
Mol_15056	Mol_15056:atom6	ester	COc1ccc(/C=C/C(=O)O[C@@H]2[C@@H](O[C@H]3C4C=CO[C@@H](O[C@@H]5O[C@H](CO)[C@@H](O)[C@H](O)[C@H]5O)C4[C@@]4(CO)O[C@@H]34)O[C@H](C)[C@@H](O)[C@@H]2OC(=O)/C=C/c2ccc(OC)cc2)cc1	6;7;8;9	2;3;4;5;6;7;8;9;10;11;57;58	CO[C:1003](/[CH:1002]=[CH:1001]/c1ccccc1)=[O:1004]	COC(=O)/C=C/c1ccccc1	COC([O-])=CC(SC)c1ccccc1
Mol_15056	Mol_15056:atom48	ester	COc1ccc(/C=C/C(=O)O[C@@H]2[C@@H](O[C@H]3C4C=CO[C@@H](O[C@@H]5O[C@H](CO)[C@@H](O)[C@H](O)[C@H]5O)C4[C@@]4(CO)O[C@@H]34)O[C@H](C)[C@@H](O)[C@@H]2OC(=O)/C=C/c2ccc(OC)cc2)cc1	48;47;45;46	43;44;45;46;47;48;49;50;51;52;55;56	CO[C:1003](/[CH:1002]=[CH:1001]/c1ccccc1)=[O:1004]	COC(=O)/C=C/c1ccccc1	COC([O-])=CC(SC)c1ccccc1
Mol_15057	Mol_15057:atom34	ester	C[C@H]1O[C@H](O[C@H]2C3C=CO[C@@H](O[C@@H]4O[C@H](CO)[C@@H](O)[C@H](O)[C@H]4O)C3[C@@]3(CO)O[C@@H]23)[C@@H](OC(=O)/C=C/c2ccc(O)cc2)[C@@H](OC(=O)/C=C/c2ccc(O)cc2)[C@@H]1O	34;33;31;32	29;30;31;32;33;34;35;36;37;38;40;41	CO[C:1003](/[CH:1002]=[CH:1001]/c1ccccc1)=[O:1004]	COC(=O)/C=C/c1ccccc1	COC([O-])=CC(SC)c1ccccc1
Mol_15057	Mol_15057:atom47	ester	C[C@H]1O[C@H](O[C@H]2C3C=CO[C@@H](O[C@@H]4O[C@H](CO)[C@@H](O)[C@H](O)[C@H]4O)C3[C@@]3(CO)O[C@@H]23)[C@@H](OC(=O)/C=C/c2ccc(O)cc2)[C@@H](OC(=O)/C=C/c2ccc(O)cc2)[C@@H]1O	47;46;44;45	42;43;44;45;46;47;48;49;50;51;53;54	CO[C:1003](/[CH:1002]=[CH:1001]/c1ccccc1)=[O:1004]	COC(=O)/C=C/c1ccccc1	COC([O-])=CC(SC)c1ccccc1
Mol_15058	Mol_15058:atom36	ester	C[C@H]1O[C@H](O[C@H]2[C@@H]3C=CO[C@@H](O[C@@H]4O[C@H](CO)[C@@H](O)[C@H](O)[C@H]4O)[C@@H]3[C@@]3(CO)O[C@@H]23)[C@@H](O)[C@@H](OC(=O)/C=C/c2ccc(O)cc2)[C@@H]1OC(=O)/C=C/c1ccc(O)c(O)c1	36;35;33;34	31;32;33;34;35;36;37;38;39;40;42;43	CO[C:1003](/[CH:1002]=[CH:1001]/c1ccccc1)=[O:1004]	COC(=O)/C=C/c1ccccc1	COC([O-])=CC(SC)c1ccccc1
Mol_15058	Mol_15058:atom49	ester	C[C@H]1O[C@H](O[C@H]2[C@@H]3C=CO[C@@H](O[C@@H]4O[C@H](CO)[C@@H](O)[C@H](O)[C@H]4O)[C@@H]3[C@@]3(CO)O[C@@H]23)[C@@H](O)[C@@H](OC(=O)/C=C/c2ccc(O)cc2)[C@@H]1OC(=O)/C=C/c1ccc(O)c(O)c1	49;48;46;47	44;45;46;47;48;49;50;51;52;53;55;57	CO[C:1003](/[CH:1002]=[CH:1001]/c1ccccc1)=[O:1004]	COC(=O)/C=C/c1ccccc1	COC([O-])=CC(SC)c1ccccc1
Mol_15059	Mol_15059:atom6	ester	COc1ccc(/C=C/C(=O)O[C@@H]2[C@H](O)[C@@H](O[C@H]3C4C=CO[C@@H](O[C@@H]5O[C@H](CO)[C@@H](O)[C@H](O)[C@H]5O)C4[C@@]4(CO)O[C@@H]34)O[C@H](C)[C@H]2OC(=O)/C=C/c2ccc(OC)cc2)cc1	6;7;8;9	2;3;4;5;6;7;8;9;10;11;57;58	CO[C:1003](/[CH:1002]=[CH:1001]/c1ccccc1)=[O:1004]	COC(=O)/C=C/c1ccccc1	COC([O-])=CC(SC)c1ccccc1
Mol_15059	Mol_15059:atom48	ester	COc1ccc(/C=C/C(=O)O[C@@H]2[C@H](O)[C@@H](O[C@H]3C4C=CO[C@@H](O[C@@H]5O[C@H](CO)[C@@H](O)[C@H](O)[C@H]5O)C4[C@@]4(CO)O[C@@H]34)O[C@H](C)[C@H]2OC(=O)/C=C/c2ccc(OC)cc2)cc1	48;47;45;46	43;44;45;46;47;48;49;50;51;52;55;56	CO[C:1003](/[CH:1002]=[CH:1001]/c1ccccc1)=[O:1004]	COC(=O)/C=C/c1ccccc1	COC([O-])=CC(SC)c1ccccc1
Mol_15060	Mol_15060:atom36	ester	C[C@H]1O[C@H](O[C@H]2C3C=CO[C@@H](O[C@@H]4O[C@H](CO)[C@@H](O)[C@H](O)[C@H]4O)C3[C@@]3(CO)O[C@@H]23)[C@@H](O)[C@@H](OC(=O)/C=C/c2ccc(O)cc2)[C@@H]1OC(=O)/C=C/c1ccc(O)cc1	36;35;33;34	31;32;33;34;35;36;37;38;39;40;42;43	CO[C:1003](/[CH:1002]=[CH:1001]/c1ccccc1)=[O:1004]	COC(=O)/C=C/c1ccccc1	COC([O-])=CC(SC)c1ccccc1
Mol_15060	Mol_15060:atom49	ester	C[C@H]1O[C@H](O[C@H]2C3C=CO[C@@H](O[C@@H]4O[C@H](CO)[C@@H](O)[C@H](O)[C@H]4O)C3[C@@]3(CO)O[C@@H]23)[C@@H](O)[C@@H](OC(=O)/C=C/c2ccc(O)cc2)[C@@H]1OC(=O)/C=C/c1ccc(O)cc1	49;48;46;47	44;45;46;47;48;49;50;51;52;53;55;56	CO[C:1003](/[CH:1002]=[CH:1001]/c1ccccc1)=[O:1004]	COC(=O)/C=C/c1ccccc1	COC([O-])=CC(SC)c1ccccc1
Mol_15061	Mol_15061:atom34	ester	C[C@H]1O[C@H](O[C@H]2C3C=CO[C@@H](O[C@@H]4O[C@H](CO)[C@@H](O)[C@H](O)[C@H]4O)C3[C@@]3(CO)O[C@@H]23)[C@@H](OC(=O)/C=C/c2ccc(O)cc2)[C@@H](OC(=O)/C=C/c2ccc(O)c(O)c2)[C@@H]1O	34;33;31;32	29;30;31;32;33;34;35;36;37;38;40;41	CO[C:1003](/[CH:1002]=[CH:1001]/c1ccccc1)=[O:1004]	COC(=O)/C=C/c1ccccc1	COC([O-])=CC(SC)c1ccccc1
Mol_15061	Mol_15061:atom47	ester	C[C@H]1O[C@H](O[C@H]2C3C=CO[C@@H](O[C@@H]4O[C@H](CO)[C@@H](O)[C@H](O)[C@H]4O)C3[C@@]3(CO)O[C@@H]23)[C@@H](OC(=O)/C=C/c2ccc(O)cc2)[C@@H](OC(=O)/C=C/c2ccc(O)c(O)c2)[C@@H]1O	47;46;44;45	42;43;44;45;46;47;48;49;50;51;53;55	CO[C:1003](/[CH:1002]=[CH:1001]/c1ccccc1)=[O:1004]	COC(=O)/C=C/c1ccccc1	COC([O-])=CC(SC)c1ccccc1
Mol_15062	Mol_15062:atom5	ester	COc1cc(/C=C/C(=O)O[C@@H]2[C@@H](O[C@H]3C4C=CO[C@@H](O[C@@H]5O[C@H](CO)[C@@H](O)[C@H](O)[C@H]5O)C4[C@@]4(CO)O[C@@H]34)O[C@H](C)[C@@H](O)[C@@H]2OC(=O)/C=C/c2ccc(O)cc2)ccc1O	5;6;7;8	2;3;4;5;6;7;8;9;10;55;56;57	CO[C:1003](/[CH:1002]=[CH:1001]/c1ccccc1)=[O:1004]	COC(=O)/C=C/c1ccccc1	COC([O-])=CC(SC)c1ccccc1
Mol_15062	Mol_15062:atom47	ester	COc1cc(/C=C/C(=O)O[C@@H]2[C@@H](O[C@H]3C4C=CO[C@@H](O[C@@H]5O[C@H](CO)[C@@H](O)[C@H](O)[C@H]5O)C4[C@@]4(CO)O[C@@H]34)O[C@H](C)[C@@H](O)[C@@H]2OC(=O)/C=C/c2ccc(O)cc2)ccc1O	47;46;44;45	42;43;44;45;46;47;48;49;50;51;53;54	CO[C:1003](/[CH:1002]=[CH:1001]/c1ccccc1)=[O:1004]	COC(=O)/C=C/c1ccccc1	COC([O-])=CC(SC)c1ccccc1
Mol_15063	Mol_15063:atom6	ester	COc1ccc(/C=C/C(=O)O[C@H]2[C@H](O)[C@H](O)[C@@H](O[C@H]3C4C=CO[C@@H](O[C@@H]5O[C@H](CO)[C@@H](O)[C@H](O)[C@H]5O)C4[C@@]4(CO)O[C@@H]34)O[C@@H]2C)cc1	6;7;8;9	2;3;4;5;6;7;8;9;10;11;45;46	CO[C:1003](/[CH:1002]=[CH:1001]/c1ccccc1)=[O:1004]	COC(=O)/C=C/c1ccccc1	COC([O-])=CC(SC)c1ccccc1
Mol_15064	Mol_15064:atom8	ester	C[C@@H]1O[C@@H](OC(=O)/C=C/c2ccc(O)cc2)[C@H](OC(=O)/C=C/c2ccc(O)c(O)c2)[C@H](O)[C@H]1O	8;7;5;6	3;4;5;6;7;8;9;10;11;12;14;15	CO[C:1003](/[CH:1002]=[CH:1001]/c1ccccc1)=[O:1004]	COC(=O)/C=C/c1ccccc1	COC([O-])=CC(SC)c1ccccc1
Mol_15064	Mol_15064:atom21	ester	C[C@@H]1O[C@@H](OC(=O)/C=C/c2ccc(O)cc2)[C@H](OC(=O)/C=C/c2ccc(O)c(O)c2)[C@H](O)[C@H]1O	21;20;18;19	16;17;18;19;20;21;22;23;24;25;27;29	CO[C:1003](/[CH:1002]=[CH:1001]/c1ccccc1)=[O:1004]	COC(=O)/C=C/c1ccccc1	COC([O-])=CC(SC)c1ccccc1
Mol_15069	Mol_15069:atom34	ester	C[C@H]1O[C@H](O[C@H]2C3C=CO[C@@H](O[C@@H]4O[C@H](CO)[C@@H](O)[C@H](O)[C@H]4O)C3[C@@]3(CO)O[C@@H]23)[C@@H](OC(=O)/C=C/c2ccc(O)c(O)c2)[C@@H](OC(=O)/C=C/c2ccc(O)c(O)c2)[C@@H]1O	34;33;31;32	29;30;31;32;33;34;35;36;37;38;40;42	CO[C:1003](/[CH:1002]=[CH:1001]/c1ccccc1)=[O:1004]	COC(=O)/C=C/c1ccccc1	COC([O-])=CC(SC)c1ccccc1
Mol_15069	Mol_15069:atom48	ester	C[C@H]1O[C@H](O[C@H]2C3C=CO[C@@H](O[C@@H]4O[C@H](CO)[C@@H](O)[C@H](O)[C@H]4O)C3[C@@]3(CO)O[C@@H]23)[C@@H](OC(=O)/C=C/c2ccc(O)c(O)c2)[C@@H](OC(=O)/C=C/c2ccc(O)c(O)c2)[C@@H]1O	48;47;45;46	43;44;45;46;47;48;49;50;51;52;54;56	CO[C:1003](/[CH:1002]=[CH:1001]/c1ccccc1)=[O:1004]	COC(=O)/C=C/c1ccccc1	COC([O-])=CC(SC)c1ccccc1
Mol_15071	Mol_15071:atom34	ester	C[C@H]1O[C@H](O[C@H]2C3C=CO[C@@H](O[C@@H]4O[C@H](CO)[C@@H](O)[C@H](O)[C@H]4O)C3[C@@]3(CO)O[C@@H]23)[C@@H](OC(=O)/C=C/c2ccc(O)c(O)c2)[C@@H](O)[C@@H]1O	34;33;31;32	29;30;31;32;33;34;35;36;37;38;40;42	CO[C:1003](/[CH:1002]=[CH:1001]/c1ccccc1)=[O:1004]	COC(=O)/C=C/c1ccccc1	COC([O-])=CC(SC)c1ccccc1
Mol_15072	Mol_15072:atom36	ester	C[C@H]1O[C@H](O[C@H]2C3C=CO[C@@H](O[C@@H]4O[C@H](CO)[C@@H](O)[C@H](O)[C@H]4O)C3[C@@]3(CO)O[C@@H]23)[C@@H](O)[C@@H](OC(=O)/C=C/c2ccc(O)c(O)c2)[C@@H]1O	36;35;33;34	31;32;33;34;35;36;37;38;39;40;42;44	CO[C:1003](/[CH:1002]=[CH:1001]/c1ccccc1)=[O:1004]	COC(=O)/C=C/c1ccccc1	COC([O-])=CC(SC)c1ccccc1
Mol_15075	Mol_15075:atom34	ester	C[C@H]1O[C@H](O[C@H]2C3C=CO[C@@H](O[C@@H]4O[C@H](CO)[C@@H](O)[C@H](O)[C@H]4O)C3[C@@]3(CO)O[C@@H]23)[C@@H](OC(=O)/C=C/c2ccc(O)c(O)c2)[C@@H](OC(=O)/C=C/c2ccc(O)cc2)[C@@H]1O	34;33;31;32	29;30;31;32;33;34;35;36;37;38;40;42	CO[C:1003](/[CH:1002]=[CH:1001]/c1ccccc1)=[O:1004]	COC(=O)/C=C/c1ccccc1	COC([O-])=CC(SC)c1ccccc1
Mol_15075	Mol_15075:atom48	ester	C[C@H]1O[C@H](O[C@H]2C3C=CO[C@@H](O[C@@H]4O[C@H](CO)[C@@H](O)[C@H](O)[C@H]4O)C3[C@@]3(CO)O[C@@H]23)[C@@H](OC(=O)/C=C/c2ccc(O)c(O)c2)[C@@H](OC(=O)/C=C/c2ccc(O)cc2)[C@@H]1O	48;47;45;46	43;44;45;46;47;48;49;50;51;52;54;55	CO[C:1003](/[CH:1002]=[CH:1001]/c1ccccc1)=[O:1004]	COC(=O)/C=C/c1ccccc1	COC([O-])=CC(SC)c1ccccc1
Mol_15082	Mol_15082:atom12	ester	CC(CCCC(C)COC(=O)C1=CO[C@@H](O[C@@H]2O[C@H](CO)[C@@H](O)[C@H](O)[C@H]2O)[C@H]2[C@@H]1CC[C@]2(C)O)CCOC(=O)C1=CO[C@@H](O[C@@H]2O[C@H](CO)[C@@H](O)[C@H](O)[C@H]2O)[C@H]2[C@@H]1CC[C@]2(C)O	12;11;9;10	7;8;9;10;11;12;13;14;27;28;29	CO[C:1003]([C:1002]1=[CH:1001]OCC[C@@H]1C)=[O:1004]	COC(=O)C1=COCC[C@@H]1C	COC([O-])=C1C(SC)OCC[C@@H]1C
Mol_15082	Mol_15082:atom40	ester	CC(CCCC(C)COC(=O)C1=CO[C@@H](O[C@@H]2O[C@H](CO)[C@@H](O)[C@H](O)[C@H]2O)[C@H]2[C@@H]1CC[C@]2(C)O)CCOC(=O)C1=CO[C@@H](O[C@@H]2O[C@H](CO)[C@@H](O)[C@H](O)[C@H]2O)[C@H]2[C@@H]1CC[C@]2(C)O	40;39;37;38	35;36;37;38;39;40;41;42;55;56;57	CO[C:1003]([C:1002]1=[CH:1001]OCC[C@@H]1C)=[O:1004]	COC(=O)C1=COCC[C@@H]1C	COC([O-])=C1C(SC)OCC[C@@H]1C
Mol_15083	Mol_15083:atom12	ester	CC(CCCC(C)COC(=O)C1=CO[C@@H](O[C@@H]2O[C@H](CO)[C@@H](O)[C@H](O)[C@H]2O)[C@@H]2[C@H](C)[C@@H](O)C[C@H]12)CCOC(=O)C1=CO[C@@H](O[C@@H]2O[C@H](CO)[C@@H](O)[C@H](O)[C@H]2O)[C@H]2[C@@H]1CC[C@]2(C)O	12;11;9;10	7;8;9;10;11;12;13;14;27;32;33	CO[C:1003]([C:1002]1=[CH:1001]OCC[C@@H]1C)=[O:1004]	COC(=O)C1=COCC[C@@H]1C	COC([O-])=C1C(SC)OCC[C@@H]1C
Mol_15083	Mol_15083:atom40	ester	CC(CCCC(C)COC(=O)C1=CO[C@@H](O[C@@H]2O[C@H](CO)[C@@H](O)[C@H](O)[C@H]2O)[C@@H]2[C@H](C)[C@@H](O)C[C@H]12)CCOC(=O)C1=CO[C@@H](O[C@@H]2O[C@H](CO)[C@@H](O)[C@H](O)[C@H]2O)[C@H]2[C@@H]1CC[C@]2(C)O	40;39;37;38	35;36;37;38;39;40;41;42;55;56;57	CO[C:1003]([C:1002]1=[CH:1001]OCC[C@@H]1C)=[O:1004]	COC(=O)C1=COCC[C@@H]1C	COC([O-])=C1C(SC)OCC[C@@H]1C
Mol_15084	Mol_15084:atom17	ester	C=C1[C@H]2[C@H](O[C@@H]3O[C@H](CO)[C@@H](O)[C@H](O)[C@H]3O)OC=C(C(=O)OCC(C)CCCC(C)CCOC(=O)C3=CO[C@@H](O[C@@H]4O[C@H](CO)[C@@H](O)[C@H](O)[C@H]4O)[C@H]4[C@@H]3CC[C@]4(C)O)[C@H]2C[C@@H]1O	17;18;19;20	2;3;16;17;18;19;20;21;22;58;59	CO[C:1003]([C:1002]1=[CH:1001]OCC[C@@H]1C)=[O:1004]	COC(=O)C1=COCC[C@@H]1C	COC([O-])=C1C(SC)OCC[C@@H]1C
Mol_15084	Mol_15084:atom36	ester	C=C1[C@H]2[C@H](O[C@@H]3O[C@H](CO)[C@@H](O)[C@H](O)[C@H]3O)OC=C(C(=O)OCC(C)CCCC(C)CCOC(=O)C3=CO[C@@H](O[C@@H]4O[C@H](CO)[C@@H](O)[C@H](O)[C@H]4O)[C@H]4[C@@H]3CC[C@]4(C)O)[C@H]2C[C@@H]1O	36;35;33;34	31;32;33;34;35;36;37;38;51;52;53	CO[C:1003]([C:1002]1=[CH:1001]OCC[C@@H]1C)=[O:1004]	COC(=O)C1=COCC[C@@H]1C	COC([O-])=C1C(SC)OCC[C@@H]1C
Mol_15085	Mol_15085:atom5	ester	COc1cc(/C=C/C(=O)O[C@@H]2[C@@H](O[C@H]3C4C=CO[C@@H](O[C@@H]5O[C@H](CO)[C@@H](O)[C@H](O)[C@H]5O)C4[C@@]4(CO)O[C@@H]34)O[C@H](C)[C@@H](O)[C@@H]2OC(=O)/C=C/c2ccc(O)c(O)c2)ccc1O	5;6;7;8	2;3;4;5;6;7;8;9;10;56;57;58	CO[C:1003](/[CH:1002]=[CH:1001]/c1ccccc1)=[O:1004]	COC(=O)/C=C/c1ccccc1	COC([O-])=CC(SC)c1ccccc1
Mol_15085	Mol_15085:atom47	ester	COc1cc(/C=C/C(=O)O[C@@H]2[C@@H](O[C@H]3C4C=CO[C@@H](O[C@@H]5O[C@H](CO)[C@@H](O)[C@H](O)[C@H]5O)C4[C@@]4(CO)O[C@@H]34)O[C@H](C)[C@@H](O)[C@@H]2OC(=O)/C=C/c2ccc(O)c(O)c2)ccc1O	47;46;44;45	42;43;44;45;46;47;48;49;50;51;53;55	CO[C:1003](/[CH:1002]=[CH:1001]/c1ccccc1)=[O:1004]	COC(=O)/C=C/c1ccccc1	COC([O-])=CC(SC)c1ccccc1
Mol_15089	Mol_15089:atom5	enal	COc1cc(/C=C/C=O)ccc1Oc1c(OC)cc(C=O)cc1OC	5;6;7;8	2;3;4;5;6;7;8;9;10;11	c1ccc(/[CH:1001]=[CH:1002]/[CH:1003]=[O:1004])cc1	O=C/C=C/c1ccccc1	CSC(C=C[O-])c1ccccc1
Mol_15101	Mol_15101:atom3	ester	O=C(/C=C/c1ccc(O)cc1)OC1[C@H](O)CC(O)(C(=O)O)C[C@H]1O	3;2;1;0	0;1;2;3;4;5;6;7;9;10;11;12	CO[C:1003](/[CH:1002]=[CH:1001]/c1ccccc1)=[O:1004]	COC(=O)/C=C/c1ccccc1	COC([O-])=CC(SC)c1ccccc1
Mol_15107	Mol_15107:atom3	ester	O=C(/C=C/c1ccc(O)c(O)c1)O[C@H](Cc1ccc(O)c(O)c1)C(=O)O[C@@H]1O[C@H](CO)[C@@H](O)[C@H](O)[C@H]1O	3;2;1;0	0;1;2;3;4;5;6;7;9;11;12;13	CO[C:1003](/[CH:1002]=[CH:1001]/c1ccccc1)=[O:1004]	COC(=O)/C=C/c1ccccc1	COC([O-])=CC(SC)c1ccccc1
Mol_15110	Mol_15110:atom3	ester	O=C(/C=C/c1ccc(O)c2c1[C@H](C(=O)O[C@H](Cc1ccc(O)c(O)c1)C(=O)O)[C@@H](c1ccc(O)c(O)c1)O2)O[C@H](Cc1ccc(O)c(O)c1)C(=O)O	3;2;1;0	0;1;2;3;4;5;6;7;9;10;38;39	CO[C:1003](/[CH:1002]=[CH:1001]/c1ccccc1)=[O:1004]	COC(=O)/C=C/c1ccccc1	COC([O-])=CC(SC)c1ccccc1
Mol_15120	Mol_15120:atom5	ester	COc1cc(/C=C/C(=O)OC[C@@H]2CC(O)C(O)[C@@H](Oc3cc4oc(-c5ccc(O)c(O)c5)cc(=O)c4c(O)c3OC)O2)ccc1O	5;6;7;8	2;3;4;5;6;7;8;9;10;42;43;44	CO[C:1003](/[CH:1002]=[CH:1001]/c1ccccc1)=[O:1004]	COC(=O)/C=C/c1ccccc1	COC([O-])=CC(SC)c1ccccc1
Mol_15142	Mol_15142:atom13	enone	CC(C)c1ccc2c(c1)C(=O)C(O)=C1C(C)(C)CCCC12C	13;11;9;10	3;4;5;6;7;8;9;10;11;12;13;14;15;16;17;19;20;21	CC(C)(C)[C:1001]1=[C:1002](O)[C:1003](=[O:1004])c2ccccc2C1(C)C	CC(C)(C)C1=C(O)C(=O)c2ccccc2C1(C)C	CSC1(C(C)(C)C)C(O)=C([O-])c2ccccc2C1(C)C
Mol_15148	Mol_15148:atom8	enone	CCCCCCCC/C=C/C(=O)CCc1ccc(O)c(OC)c1	8;9;10;11	6;7;8;9;10;11;12;13	CC/[CH:1001]=[CH:1002]/[C:1003](CC)=[O:1004]	CC/C=C/C(=O)CC	CCC([O-])=CC(CC)SC
Mol_15151	Mol_15151:atom3	ester	O=C(/C=C/c1ccc(O)c(O)c1)OC[C@H]1O[C@@H](OC(=O)c2c[nH]c3ccccc23)C(O)C(O)C1O	3;2;1;0	0;1;2;3;4;5;6;7;9;11;12;13	CO[C:1003](/[CH:1002]=[CH:1001]/c1ccccc1)=[O:1004]	COC(=O)/C=C/c1ccccc1	COC([O-])=CC(SC)c1ccccc1
Mol_15167	Mol_15167:atom16	enone	C=CC(C)(O)CC[C@@]1(C)[C@H](C)[C@H](O)C[C@@]2(C)C(C)=CC(=O)C[C@H]12	16;18;19;20	13;14;15;16;17;18;19;20;21;22	CC1(C)CC[C:1003](=[O:1004])[CH:1002]=[C:1001]1C	CC1=CC(=O)CCC1(C)C	CSC1(C)C=C([O-])CCC1(C)C
Mol_15173	Mol_15173:atom1	enone	CC1=CC(=O)[C@@](CCO)(O[C@@H]2O[C@@H](C)[C@H](O)[C@@H](O)[C@H]2O)/C1=C/O[C@@H]1O[C@H](CO)[C@@H](O)[C@H](O)[C@H]1O	1;2;3;4	0;1;2;3;4;5;6;9;20;21	C=C1[C@](C)(O)[C:1003](=[O:1004])[CH:1002]=[C:1001]1C	C=C1C(C)=CC(=O)[C@@]1(C)O	C=C1C(C)(SC)C=C([O-])[C@@]1(C)O
Mol_15200	Mol_15200:atom0	ester	C=C1C(=O)O[C@@H]2[C@H]3O[C@@]3(C)CC[C@@H]3O[C@]3(C)CC[C@@H]12	0;1;2;3	0;1;2;3;4;5;17;18	C[C@@H]1CO[C:1003](=[O:1004])[C:1002]1=[CH2:1001]	C=C1C(=O)OC[C@H]1C	CSCC1=C([O-])OC[C@H]1C
Mol_15201	Mol_15201:atom0	ester	C=C1C(=O)O[C@@H]2[C@@H]3[C@@H](CC[C@@]3(C)O)[C@](C)(O)CC[C@@H]12	0;1;2;3	0;1;2;3;4;5;17;18	C[C@@H]1CO[C:1003](=[O:1004])[C:1002]1=[CH2:1001]	C=C1C(=O)OC[C@H]1C	CSCC1=C([O-])OC[C@H]1C
Mol_15202	Mol_15202:atom11	enone	C=CCC12C[C@@H](OC)C(=O)C=C1OC(Cc1ccc3c(c1)OCO3)[C@H]2C	11;10;8;9	2;3;4;5;6;8;9;10;11;12;13;24	CC12CCO[C:1001]1=[CH:1002][C:1003](=[O:1004])[C@H](O)C2	CC12CCOC1=CC(=O)[C@H](O)C2	CSC12C=C([O-])[C@H](O)CC1(C)CCO2
Mol_15203	Mol_15203:atom4	enone	C=CCC1=C[C@]2(OC)C(=CC1=O)O[C@H](c1ccc3c(c1)OCO3)[C@H]2C	4;3;10;11	1;2;3;4;5;6;8;9;10;11;23	CC[C:1002]1=[CH:1001][C@](C)(O)C=C[C:1003]1=[O:1004]	CCC1=C[C@](C)(O)C=CC1=O	CCC1=C([O-])C=C[C@@](C)(O)C1SC
Mol_15203	Mol_15203:atom8	enone	C=CCC1=C[C@]2(OC)C(=CC1=O)O[C@H](c1ccc3c(c1)OCO3)[C@H]2C	8;9;10;11	2;3;4;5;6;8;9;10;11;12;13;23	CC1=C[C@@]2(O)CCO[C:1001]2=[CH:1002][C:1003]1=[O:1004]	CC1=C[C@@]2(O)CCOC2=CC1=O	CSC12C=C([O-])C(C)=C[C@@]1(O)CCO2
Mol_15204	Mol_15204:atom4	enone	C=CCC1=C[C@]2(OC)C(=CC1=O)O[C@H](c1ccc(OC)c(OC)c1)[C@H]2C	4;3;10;11	1;2;3;4;5;6;8;9;10;11;24	CC[C:1002]1=[CH:1001][C@](C)(O)C=C[C:1003]1=[O:1004]	CCC1=C[C@](C)(O)C=CC1=O	CCC1=C([O-])C=C[C@@](C)(O)C1SC
Mol_15204	Mol_15204:atom8	enone	C=CCC1=C[C@]2(OC)C(=CC1=O)O[C@H](c1ccc(OC)c(OC)c1)[C@H]2C	8;9;10;11	2;3;4;5;6;8;9;10;11;12;13;24	CC1=C[C@@]2(O)CCO[C:1001]2=[CH:1002][C:1003]1=[O:1004]	CC1=C[C@@]2(O)CCOC2=CC1=O	CSC12C=C([O-])C(C)=C[C@@]1(O)CCO2
Mol_15205	Mol_15205:atom4	enone	CC1(OO)C=C(C(C)(C)C)C(=O)C(C(C)(C)C)=C1	4;5;10;11	0;1;2;4;5;6;7;8;9;10;11;12;13;17	CC1=CC(C)(O)[CH:1001]=[C:1002](C(C)(C)C)[C:1003]1=[O:1004]	CC1=CC(C)(O)C=C(C(C)(C)C)C1=O	CSC1C(C(C)(C)C)=C([O-])C(C)=CC1(C)O
Mol_15205	Mol_15205:atom17	enone	CC1(OO)C=C(C(C)(C)C)C(=O)C(C(C)(C)C)=C1	17;12;10;11	0;1;2;4;5;6;10;11;12;13;14;15;16;17	CC1=CC(C)(O)[CH:1001]=[C:1002](C(C)(C)C)[C:1003]1=[O:1004]	CC1=CC(C)(O)C=C(C(C)(C)C)C1=O	CSC1C(C(C)(C)C)=C([O-])C(C)=CC1(C)O
Mol_15206	Mol_15206:atom1	ester	C/C=C1/C[C@H](C)[C@@](C)(O)C(=O)OCC2=CCN3CC[C@@H](OC1=O)[C@@H]23	1;2;21;22	0;1;2;3;4;19;20;21;22	CC/[C:1002](=[CH:1001]/C)[C:1003](OC)=[O:1004]	C/C=C(/CC)C(=O)OC	CCC(=C([O-])OC)C(C)SC
Mol_15229	Mol_15229:atom1	enone	CC1=CC(=O)CC(C)(C)C1=O	1;2;3;4	0;1;2;3;4;5;6;9;10	C[C:1001]1=[CH:1002][C:1003](=[O:1004])CCC1=O	CC1=CC(=O)CCC1=O	CSC1(C)C=C([O-])CCC1=O
Mol_15229	Mol_15229:atom2	enone	CC1=CC(=O)CC(C)(C)C1=O	2;1;9;10	0;1;2;3;4;5;6;7;8;9;10	CC1(C)CC(=O)[CH:1001]=[C:1002](C)[C:1003]1=[O:1004]	CC1=CC(=O)CC(C)(C)C1=O	CSC1C(=O)CC(C)(C)C([O-])=C1C
Mol_15233	Mol_15233:atom1	enone	CC1=CC(=O)CC(C)(C)[C@@H]1O	1;2;3;4	0;1;2;3;4;5;6;9;10	C[C:1001]1=[CH:1002][C:1003](=[O:1004])CC[C@@H]1O	CC1=CC(=O)CC[C@@H]1O	CSC1(C)C=C([O-])CC[C@@H]1O
Mol_15234	Mol_15234:atom2	enone	CC1=C[C@@H](O)CC(C)(C)C1=O	2;1;9;10	0;1;2;3;4;5;6;7;8;9;10	CC1(C)C[C@H](O)[CH:1001]=[C:1002](C)[C:1003]1=[O:1004]	CC1=C[C@@H](O)CC(C)(C)C1=O	CSC1C(C)=C([O-])C(C)(C)C[C@@H]1O
Mol_15249	Mol_15249:atom8	ester	C[C@H]1O[C@H](OC(=O)/C=C/c2ccccc2)[C@@H](O)[C@@H](O)[C@@H]1O	8;7;5;6	3;4;5;6;7;8;9;10;11;12;13;14	CO[C:1003](/[CH:1002]=[CH:1001]/c1ccccc1)=[O:1004]	COC(=O)/C=C/c1ccccc1	COC([O-])=CC(SC)c1ccccc1
Mol_15259	Mol_15259:atom7	enone	COc1ccc([C@@]23C=CC(=O)C[C@@H]2N(C)CC3)cc1	7;8;9;10	2;3;4;5;6;7;8;9;10;11;12;16;17;18	C[C@@]1(c2ccccc2)CC[C:1003](=[O:1004])[CH:1002]=[CH:1001]1	C[C@]1(c2ccccc2)C=CC(=O)CC1	CSC1C=C([O-])CC[C@@]1(C)c1ccccc1
Mol_15261	Mol_15261:atom12	enone	COc1ccc(C2(CCN(C)C)C=CC(=O)CC2)cc1	12;13;14;15	2;3;4;5;6;7;12;13;14;15;16;17;18;19	CC1(c2ccccc2)CC[C:1003](=[O:1004])[CH:1002]=[CH:1001]1	CC1(c2ccccc2)C=CC(=O)CC1	CSC1C=C([O-])CCC1(C)c1ccccc1
Mol_15264	Mol_15264:atom5	ester	C/C=C/[C@@H]1OC2=C(C(=O)O[C@]2(C)O)[C@H](O)[C@H]1O	5;6;7;8	3;4;5;6;7;8;9;10;11;12;13;14;15	C[C@]1(O)O[C:1003](=[O:1004])[C:1002]2=[C:1001]1OCC[C@H]2O	C[C@]1(O)OC(=O)C2=C1OCC[C@H]2O	CSC12OCC[C@@H](O)C1=C([O-])O[C@]2(C)O
Mol_15265	Mol_15265:atom6	ester	C=C1OC(=O)C2=C1O[C@@H](/C=C/C)[C@H](O)[C@H]2O	6;5;3;4	0;1;2;3;4;5;6;7;8;12;14;15	C=C1O[C:1003](=[O:1004])[C:1002]2=[C:1001]1OCC[C@H]2O	C=C1OC(=O)C2=C1OCC[C@H]2O	C=C1OC([O-])=C2[C@H](O)CCOC12SC
Mol_15266	Mol_15266:atom9	ester	CC/C=C\C=C\[C@]1(C)OC(C)=C(C(=O)OC)C1=O	9;11;12;13	6;8;9;10;11;12;13;14;15;16;17	CO[C:1003]([C:1002]1=[C:1001](C)OCC1=O)=[O:1004]	COC(=O)C1=C(C)OCC1=O	COC([O-])=C1C(=O)COC1(C)SC
Mol_15267	Mol_15267:atom9	ester	CC/C=C\C=C\[C@@]1(C)OC(/C=C/C[C@H](C)O)=C(C(=O)OC)C1=O	9;16;17;18	6;8;9;10;11;16;17;18;19;20;21;22	C=C[C:1001]1=[C:1002]([C:1003](OC)=[O:1004])C(=O)CO1	C=CC1=C(C(=O)OC)C(=O)CO1	C=CC1(SC)OCC(=O)C1=C([O-])OC
Mol_15305	Mol_15305:atom5	enal	CC(C)C1CC=C(C=O)CC1	5;6;7;8	3;4;5;6;7;8;9;10	C1CC[C:1002]([CH:1003]=[O:1004])=[CH:1001]C1	O=CC1=CCCCC1	CSC1CCCCC1=C[O-]
Mol_15313	Mol_15313:atom3	enone	O=C(O)C1=C(C(=O)c2cc(O)c(O)c(O)c2)[C@@H](O)[C@@H](O)[C@H](O)C1	3;4;5;6	0;1;2;3;4;5;6;7;8;9;11;13;15;16;17;18;20;22	O=C(O)[C:1001]1=[C:1002]([C:1003](c2ccccc2)=[O:1004])[C@@H](O)CCC1	O=C(O)C1=C(C(=O)c2ccccc2)[C@@H](O)CCC1	CSC1(C(=O)O)CCC[C@H](O)C1=C([O-])c1ccccc1
Mol_15315	Mol_15315:atom20	ester	CC1(O)CC(=O)c2c(O)cc(O[C@@H]3O[C@H](COC(=O)C4=CC[C@H](C(C)(C)O)CC4)[C@@H](O)[C@H](O)[C@H]3O)cc2O1	20;19;17;18	15;16;17;18;19;20;21;22;27;28	CO[C:1003]([C:1002]1=[CH:1001]CCCC1)=[O:1004]	COC(=O)C1=CCCCC1	COC([O-])=C1CCCCC1SC
Mol_15417	Mol_15417:atom7	enone	COc1c(O)cc(C2=C(O[C@H]3OC[C@H](O)[C@@H](O)[C@@H]3O)C(=O)c3c(O)cc(O)cc3C2)cc1O	7;8;19;20	2;3;5;6;7;8;9;10;19;20;21;22;24;25;27;28;29;30;31	CO[C:1002]1=[C:1001](c2ccccc2)Cc2ccccc2[C:1003]1=[O:1004]	COC1=C(c2ccccc2)Cc2ccccc2C1=O	COC1=C([O-])c2ccccc2CC1(SC)c1ccccc1
Mol_15433	Mol_15433:atom5	ester	COc1cc(/C=C/C(=O)O[C@H]2O[C@@H](CO)[C@H](O)[C@@H](O)[C@@H]2O)ccc1O	5;6;7;8	2;3;4;5;6;7;8;9;10;21;22;23	CO[C:1003](/[CH:1002]=[CH:1001]/c1ccccc1)=[O:1004]	COC(=O)/C=C/c1ccccc1	COC([O-])=CC(SC)c1ccccc1
Mol_15461	Mol_15461:atom2	ester	CC1=C/C(=C2/CCCN3CCC[C@H]23)OC1=O	2;1;14;15	0;1;2;3;4;13;14;15	C=C1O[C:1003](=[O:1004])[C:1002](C)=[CH:1001]1	C=C1C=C(C)C(=O)O1	C=C1OC([O-])=C(C)C1SC
Mol_15462	Mol_15462:atom2	ester	CC1=C/C(=C2\CCCN3CCC[C@H]23)OC1=O	2;1;14;15	0;1;2;3;4;13;14;15	C=C1O[C:1003](=[O:1004])[C:1002](C)=[CH:1001]1	C=C1C=C(C)C(=O)O1	C=C1OC([O-])=C(C)C1SC
Mol_15486	Mol_15486:atom5	enone	CC(C)C1(O)C=C2C(=O)C[C@H]3[C@](C)(C(=O)O)CCC[C@]3(C)C2CC1	5;6;7;8	1;3;4;5;6;7;8;9;10;19;21;22;23	CC1(O)CCC2CCC[C:1003](=[O:1004])[C:1002]2=[CH:1001]1	CC1(O)C=C2C(=O)CCCC2CC1	CSC1C2=C([O-])CCCC2CCC1(C)O
Mol_15497	Mol_15497:atom3	ester	O=C(/C=C/c1ccccc1)OC[C@H]1O[C@H](Oc2c(-c3ccc(O)cc3)oc3cc(O)cc(O)c3c2=O)[C@H](O)[C@@H](OC(=O)/C=C/c2ccccc2)[C@@H]1O	3;2;1;0	0;1;2;3;4;5;6;7;8;9;10;11	CO[C:1003](/[CH:1002]=[CH:1001]/c1ccccc1)=[O:1004]	COC(=O)/C=C/c1ccccc1	COC([O-])=CC(SC)c1ccccc1
Mol_15497	Mol_15497:atom43	ester	O=C(/C=C/c1ccccc1)OC[C@H]1O[C@H](Oc2c(-c3ccc(O)cc3)oc3cc(O)cc(O)c3c2=O)[C@H](O)[C@@H](OC(=O)/C=C/c2ccccc2)[C@@H]1O	43;42;40;41	38;39;40;41;42;43;44;45;46;47;48;49	CO[C:1003](/[CH:1002]=[CH:1001]/c1ccccc1)=[O:1004]	COC(=O)/C=C/c1ccccc1	COC([O-])=CC(SC)c1ccccc1
Mol_15512	Mol_15512:atom17	ester	CCC(C)(OC(C)=O)C(=O)OC1C(OC(=O)C=C(C)C)[C@@]2(CO)C(CC1(C)C)C1=CCC3[C@@]4(C)CC[C@H](O[C@@H]5OC(C(=O)O)[C@@H](O[C@H]6C[C@H](O)[C@H](CO)O6)[C@H](O[C@@H]6OC[C@H](O)[C@H](O)C6O)C5O[C@@H]5OC(CO)[C@@H](O)[C@H](O)C5O)C(C)(C)C4CC[C@@]3(C)[C@]1(C)[C@@H](O)[C@H]2O	17;16;14;15	12;13;14;15;16;17;18;19	CO[C:1003]([CH:1002]=[C:1001](C)C)=[O:1004]	COC(=O)C=C(C)C	COC([O-])=CC(C)(C)SC
Mol_15513	Mol_15513:atom1	ester	C/C=C(/C)C(=O)OC1C(OC(=O)C(C)(CC)OC(C)=O)C(C)(C)CC2C3=CCC4[C@@]5(C)CC[C@H](O[C@@H]6OC(C(=O)O)[C@@H](O[C@H]7C[C@H](O)[C@H](CO)O7)[C@H](O[C@@H]7OC[C@H](O)[C@H](O)C7O)C6O[C@@H]6OC(CO)[C@@H](O)[C@H](O)C6O)C(C)(C)C5CC[C@@]4(C)[C@]3(C)[C@@H](O)[C@@H](O)[C@]21COC(C)=O	1;2;4;5	0;1;2;3;4;5;6;7	CO[C:1003](/[C:1002](C)=[CH:1001]\C)=[O:1004]	C/C=C(/C)C(=O)OC	COC([O-])=C(C)C(C)SC
Mol_15516	Mol_15516:atom7	ester	C/C(=C/CO)CC/C=C(\C)C(=O)O[C@@H]1C2O[C@]2(C)C2C(O[C@@H]3OC(CO)[C@@H](O)C(O)[C@@H]3O)OC=C[C@]21OC(=O)/C(C)=C/CC/C(C)=C\CO	7;8;10;11	5;6;7;8;9;10;11;12;13	CC/[CH:1001]=[C:1002](\C)[C:1003](OC)=[O:1004]	CC/C=C(\C)C(=O)OC	CCC(SC)C(C)=C([O-])OC
Mol_15516	Mol_15516:atom41	ester	C/C(=C/CO)CC/C=C(\C)C(=O)O[C@@H]1C2O[C@]2(C)C2C(O[C@@H]3OC(CO)[C@@H](O)C(O)[C@@H]3O)OC=C[C@]21OC(=O)/C(C)=C/CC/C(C)=C\CO	41;39;37;38	35;36;37;38;39;40;41;42;43	CC/[CH:1001]=[C:1002](\C)[C:1003](OC)=[O:1004]	CC/C=C(\C)C(=O)OC	CCC(SC)C(C)=C([O-])OC
Mol_15517	Mol_15517:atom7	ester	C/C(=C/CO)CC/C=C(\C)C(=O)O[C@@H]1C2O[C@]2(CO)C2C(O[C@@H]3OC(CO)[C@@H](O)C(O)[C@@H]3O)OC=C[C@]21OC(=O)/C(C)=C/CC/C(C)=C\CO	7;8;10;11	5;6;7;8;9;10;11;12;13	CC/[CH:1001]=[C:1002](\C)[C:1003](OC)=[O:1004]	CC/C=C(\C)C(=O)OC	CCC(SC)C(C)=C([O-])OC
Mol_15517	Mol_15517:atom42	ester	C/C(=C/CO)CC/C=C(\C)C(=O)O[C@@H]1C2O[C@]2(CO)C2C(O[C@@H]3OC(CO)[C@@H](O)C(O)[C@@H]3O)OC=C[C@]21OC(=O)/C(C)=C/CC/C(C)=C\CO	42;40;38;39	36;37;38;39;40;41;42;43;44	CC/[CH:1001]=[C:1002](\C)[C:1003](OC)=[O:1004]	CC/C=C(\C)C(=O)OC	CCC(SC)C(C)=C([O-])OC
Mol_15518	Mol_15518:atom7	ester	C=C[C@@](C)(O)CC/C=C(\C)C(=O)O[C@@]12C=COC(O[C@@H]3OC(CO)[C@@H](O)C(O)[C@@H]3O)C1[C@@]1(C)OC1[C@H]2OC(=O)/C(C)=C/CC/C(C)=C\CO	7;8;10;11	5;6;7;8;9;10;11;12;13	CC/[CH:1001]=[C:1002](\C)[C:1003](OC)=[O:1004]	CC/C=C(\C)C(=O)OC	CCC(SC)C(C)=C([O-])OC
Mol_15518	Mol_15518:atom41	ester	C=C[C@@](C)(O)CC/C=C(\C)C(=O)O[C@@]12C=COC(O[C@@H]3OC(CO)[C@@H](O)C(O)[C@@H]3O)C1[C@@]1(C)OC1[C@H]2OC(=O)/C(C)=C/CC/C(C)=C\CO	41;39;37;38	35;36;37;38;39;40;41;42;43	CC/[CH:1001]=[C:1002](\C)[C:1003](OC)=[O:1004]	CC/C=C(\C)C(=O)OC	CCC(SC)C(C)=C([O-])OC
Mol_15519	Mol_15519:atom7	ester	C=C[C@@](C)(O)CC/C=C(\C)C(=O)O[C@@]12C=COC(O[C@@H]3OC(CO)[C@@H](O)C(O)[C@@H]3O)C1[C@@]1(CO)OC1[C@H]2OC(=O)/C(C)=C/CC/C(C)=C\CO	7;8;10;11	5;6;7;8;9;10;11;12;13	CC/[CH:1001]=[C:1002](\C)[C:1003](OC)=[O:1004]	CC/C=C(\C)C(=O)OC	CCC(SC)C(C)=C([O-])OC
Mol_15519	Mol_15519:atom42	ester	C=C[C@@](C)(O)CC/C=C(\C)C(=O)O[C@@]12C=COC(O[C@@H]3OC(CO)[C@@H](O)C(O)[C@@H]3O)C1[C@@]1(CO)OC1[C@H]2OC(=O)/C(C)=C/CC/C(C)=C\CO	42;40;38;39	36;37;38;39;40;41;42;43;44	CC/[CH:1001]=[C:1002](\C)[C:1003](OC)=[O:1004]	CC/C=C(\C)C(=O)OC	CCC(SC)C(C)=C([O-])OC
Mol_15520	Mol_15520:atom7	ester	C/C(=C/CO)CC/C=C(\C)C(=O)O[C@@H]1C2O[C@]2(CO)C2C(O[C@@H]3OC(CO)[C@@H](O)C(O)[C@@H]3O)OC=C[C@]21O	7;8;10;11	5;6;7;8;9;10;11;12;13	CC/[CH:1001]=[C:1002](\C)[C:1003](OC)=[O:1004]	CC/C=C(\C)C(=O)OC	CCC(SC)C(C)=C([O-])OC
Mol_15521	Mol_15521:atom9	ester	C[C@]12OC1[C@@H](OC(=O)/C=C/c1ccccc1)[C@]1(O)C=COC(O[C@@H]3OC(CO)[C@@H](O)C(O)[C@@H]3O)C21	9;8;6;7	4;5;6;7;8;9;10;11;12;13;14;15	CO[C:1003](/[CH:1002]=[CH:1001]/c1ccccc1)=[O:1004]	COC(=O)/C=C/c1ccccc1	COC([O-])=CC(SC)c1ccccc1
Mol_15522	Mol_15522:atom3	ester	O=C(/C=C/c1ccccc1)OCC1O[C@@H](OC2OC=C[C@]3(O)C2[C@@]2(CO)OC2[C@H]3O)[C@@H](O)C(O)[C@@H]1O	3;2;1;0	0;1;2;3;4;5;6;7;8;9;10;11	CO[C:1003](/[CH:1002]=[CH:1001]/c1ccccc1)=[O:1004]	COC(=O)/C=C/c1ccccc1	COC([O-])=CC(SC)c1ccccc1
Mol_15523	Mol_15523:atom7	ester	C/C(=C/CO)CC/C=C(\C)C(=O)OCC1O[C@@H](OC2OC=C(C(=O)OC3COC(O)(CO)C(O)C3O)C3CC[C@](C)(O)C23)[C@@H](O)C(O)[C@@H]1O	7;8;10;11	5;6;7;8;9;10;11;12;13	CC/[CH:1001]=[C:1002](\C)[C:1003](OC)=[O:1004]	CC/C=C(\C)C(=O)OC	CCC(SC)C(C)=C([O-])OC
Mol_15523	Mol_15523:atom20	ester	C/C(=C/CO)CC/C=C(\C)C(=O)OCC1O[C@@H](OC2OC=C(C(=O)OC3COC(O)(CO)C(O)C3O)C3CC[C@](C)(O)C23)[C@@H](O)C(O)[C@@H]1O	20;21;22;23	18;19;20;21;22;23;24;25;36;37;42	CO[C:1003]([C:1002]1=[CH:1001]OCCC1C)=[O:1004]	COC(=O)C1=COCCC1C	COC([O-])=C1C(C)CCOC1SC
Mol_15524	Mol_15524:atom7	ester	C=C[C@](C)(O)CC/C=C(\C)C(=O)OCC1O[C@@H](OC2OC=C(C(=O)OC3COC(O)(CO)C(O)C3O)C3CC[C@](C)(O)C23)[C@@H](O)C(O)[C@@H]1O	7;8;10;11	5;6;7;8;9;10;11;12;13	CC/[CH:1001]=[C:1002](\C)[C:1003](OC)=[O:1004]	CC/C=C(\C)C(=O)OC	CCC(SC)C(C)=C([O-])OC
Mol_15524	Mol_15524:atom20	ester	C=C[C@](C)(O)CC/C=C(\C)C(=O)OCC1O[C@@H](OC2OC=C(C(=O)OC3COC(O)(CO)C(O)C3O)C3CC[C@](C)(O)C23)[C@@H](O)C(O)[C@@H]1O	20;21;22;23	18;19;20;21;22;23;24;25;36;37;42	CO[C:1003]([C:1002]1=[CH:1001]OCCC1C)=[O:1004]	COC(=O)C1=COCCC1C	COC([O-])=C1C(C)CCOC1SC
Mol_15525	Mol_15525:atom21	ester	C[C@]1(O)CCC2C(C(=O)OC3COC(O)(CO)C(O)C3O)=COC(O[C@@H]3OC(COC(=O)/C=C\c4ccc(O)cc4)[C@@H](O)C(O)[C@@H]3O)C21	21;6;7;8	4;5;6;7;8;9;10;21;22;23;47	CO[C:1003]([C:1002]1=[CH:1001]OCCC1C)=[O:1004]	COC(=O)C1=COCCC1C	COC([O-])=C1C(C)CCOC1SC
Mol_15525	Mol_15525:atom33	ester	C[C@]1(O)CCC2C(C(=O)OC3COC(O)(CO)C(O)C3O)=COC(O[C@@H]3OC(COC(=O)/C=C\c4ccc(O)cc4)[C@@H](O)C(O)[C@@H]3O)C21	33;32;30;31	28;29;30;31;32;33;34;35;36;37;39;40	CO[C:1003](/[CH:1002]=[CH:1001]\c1ccccc1)=[O:1004]	COC(=O)/C=C\c1ccccc1	COC([O-])=CC(SC)c1ccccc1
Mol_15526	Mol_15526:atom18	ester	C/C(=C\CO[C@H]1O[C@@H](CO)[C@H](O)[C@@H](O)[C@@H]1O)CC/C=C(\C)C(=O)O[C@@H]1OC(CO)[C@@H](O)C(O)[C@@H]1O	18;19;21;22	16;17;18;19;20;21;22;23;24	CC/[CH:1001]=[C:1002](\C)[C:1003](OC)=[O:1004]	CC/C=C(\C)C(=O)OC	CCC(SC)C(C)=C([O-])OC
Mol_15527	Mol_15527:atom7	ester	C/C(=C\CO)CC/C=C(\C)C(=O)OCC1OC(O)[C@@H](O)C(O)[C@@H]1O	7;8;10;11	5;6;7;8;9;10;11;12;13	CC/[CH:1001]=[C:1002](\C)[C:1003](OC)=[O:1004]	CC/C=C(\C)C(=O)OC	CCC(SC)C(C)=C([O-])OC
Mol_15528	Mol_15528:atom2	ester	C/C(=C/CC/C(C)=C/CO)C(=O)OCC1OC(O)C(O)C(O)C1O	2;1;10;11	0;1;2;3;4;10;11;12;13	CC/[CH:1001]=[C:1002](/C)[C:1003](OC)=[O:1004]	CC/C=C(/C)C(=O)OC	CCC(SC)C(C)=C([O-])OC
Mol_15529	Mol_15529:atom7	ester	C/C(=C\CO)CC/C=C(\C)C(=O)O[C@H]1[C@@H]2O[C@]2(C)[C@@H]2C(OC3OC(CO)C(O)C(O)C3O)OC=C[C@]21O	7;8;10;11	5;6;7;8;9;10;11;12;13	CC/[CH:1001]=[C:1002](\C)[C:1003](OC)=[O:1004]	CC/C=C(\C)C(=O)OC	CCC(SC)C(C)=C([O-])OC
Mol_15531	Mol_15531:atom16	ester	C[C@]12O[C@H]1[C@@H](O)[C@]1(O)C=CO[C@@H](OC(=O)/C=C/c3ccc(O)cc3)[C@@H]12	16;15;13;14	11;12;13;14;15;16;17;18;19;20;22;23	CO[C:1003](/[CH:1002]=[CH:1001]/c1ccccc1)=[O:1004]	COC(=O)/C=C/c1ccccc1	COC([O-])=CC(SC)c1ccccc1
Mol_15532	Mol_15532:atom16	ester	C[C@]12O[C@H]1[C@@H](O)[C@]1(O)C=CO[C@@H](OC(=O)/C=C\c3ccc(O)cc3)[C@@H]12	16;15;13;14	11;12;13;14;15;16;17;18;19;20;22;23	CO[C:1003](/[CH:1002]=[CH:1001]\c1ccccc1)=[O:1004]	COC(=O)/C=C\c1ccccc1	COC([O-])=CC(SC)c1ccccc1
Mol_15533	Mol_15533:atom7	ester	C=C[C@@](C)(O)CC/C=C(\C)C(=O)O[C@@H]1OC(CO)[C@@H](O)C(O)[C@@H]1O	7;8;10;11	5;6;7;8;9;10;11;12;13	CC/[CH:1001]=[C:1002](\C)[C:1003](OC)=[O:1004]	CC/C=C(\C)C(=O)OC	CCC(SC)C(C)=C([O-])OC
Mol_15534	Mol_15534:atom7	ester	C/C(=C\CO)CC/C=C(\C)C(=O)O[C@@H]1OC(CO)[C@@H](O)C(O)[C@@H]1O	7;8;10;11	5;6;7;8;9;10;11;12;13	CC/[CH:1001]=[C:1002](\C)[C:1003](OC)=[O:1004]	CC/C=C(\C)C(=O)OC	CCC(SC)C(C)=C([O-])OC
Mol_15535	Mol_15535:atom7	ester	C=C[C@@](C)(O)CC/C=C(\C)C(=O)OC1O[C@@H](CO)[C@H](O)[C@@H](O)[C@@H]1O	7;8;10;11	5;6;7;8;9;10;11;12;13	CC/[CH:1001]=[C:1002](\C)[C:1003](OC)=[O:1004]	CC/C=C(\C)C(=O)OC	CCC(SC)C(C)=C([O-])OC
Mol_15536	Mol_15536:atom7	ester	C/C(=C\CO)CC/C=C(\C)C(=O)OC1O[C@H](CO)[C@@H](O)[C@H](O)[C@H]1O	7;8;10;11	5;6;7;8;9;10;11;12;13	CC/[CH:1001]=[C:1002](\C)[C:1003](OC)=[O:1004]	CC/C=C(\C)C(=O)OC	CCC(SC)C(C)=C([O-])OC
Mol_15539	Mol_15539:atom7	ester	C/C(=C\CO)CC/C=C(\C)C(=O)O[C@@H]1[C@@H]2O[C@]2(C)C2[C@H](O[C@@H]3OC(COC(=O)/C=C/c4ccccc4)[C@@H](O)C(O)[C@@H]3O)OC=C[C@]21O	7;8;10;11	5;6;7;8;9;10;11;12;13	CC/[CH:1001]=[C:1002](\C)[C:1003](OC)=[O:1004]	CC/C=C(\C)C(=O)OC	CCC(SC)C(C)=C([O-])OC
Mol_15539	Mol_15539:atom29	ester	C/C(=C\CO)CC/C=C(\C)C(=O)O[C@@H]1[C@@H]2O[C@]2(C)C2[C@H](O[C@@H]3OC(COC(=O)/C=C/c4ccccc4)[C@@H](O)C(O)[C@@H]3O)OC=C[C@]21O	29;28;26;27	24;25;26;27;28;29;30;31;32;33;34;35	CO[C:1003](/[CH:1002]=[CH:1001]/c1ccccc1)=[O:1004]	COC(=O)/C=C/c1ccccc1	COC([O-])=CC(SC)c1ccccc1
Mol_15540	Mol_15540:atom13	ester	C=C1[C@H]2[C@H](O[C@@H]3OC(COC(=O)C4=CO[C@@H](O[C@@H]5OC(COC(=O)/C=C/c6ccccc6)[C@@H](O)C(O)[C@@H]5O)[C@@H]5[C@H]4CC[C@]5(C)O)[C@@H](O)C(O)[C@@H]3O)OC=C[C@H]2C[C@@H]1O	13;12;10;11	8;9;10;11;12;13;14;15;38;39;40	CO[C:1003]([C:1002]1=[CH:1001]OCC[C@H]1C)=[O:1004]	COC(=O)C1=COCC[C@H]1C	COC([O-])=C1C(SC)OCC[C@H]1C
Mol_15540	Mol_15540:atom25	ester	C=C1[C@H]2[C@H](O[C@@H]3OC(COC(=O)C4=CO[C@@H](O[C@@H]5OC(COC(=O)/C=C/c6ccccc6)[C@@H](O)C(O)[C@@H]5O)[C@@H]5[C@H]4CC[C@]5(C)O)[C@@H](O)C(O)[C@@H]3O)OC=C[C@H]2C[C@@H]1O	25;24;22;23	20;21;22;23;24;25;26;27;28;29;30;31	CO[C:1003](/[CH:1002]=[CH:1001]/c1ccccc1)=[O:1004]	COC(=O)/C=C/c1ccccc1	COC([O-])=CC(SC)c1ccccc1
Mol_15542	Mol_15542:atom13	ester	C=C1[C@H]2[C@H](OC3OC(COC(=O)C4=CO[C@H](O[C@H]5O[C@@H](COC(=O)/C=C/c6ccc(O)cc6)[C@H](O)[C@@H](O)[C@@H]5O)[C@@H]5[C@H]4CC[C@]5(C)O)C(O)C(O)C3O)OC=C[C@H]2C[C@@H]1O	13;12;10;11	8;9;10;11;12;13;14;15;39;40;41	CO[C:1003]([C:1002]1=[CH:1001]OCC[C@H]1C)=[O:1004]	COC(=O)C1=COCC[C@H]1C	COC([O-])=C1C(SC)OCC[C@H]1C
Mol_15542	Mol_15542:atom25	ester	C=C1[C@H]2[C@H](OC3OC(COC(=O)C4=CO[C@H](O[C@H]5O[C@@H](COC(=O)/C=C/c6ccc(O)cc6)[C@H](O)[C@@H](O)[C@@H]5O)[C@@H]5[C@H]4CC[C@]5(C)O)C(O)C(O)C3O)OC=C[C@H]2C[C@@H]1O	25;24;22;23	20;21;22;23;24;25;26;27;28;29;31;32	CO[C:1003](/[CH:1002]=[CH:1001]/c1ccccc1)=[O:1004]	COC(=O)/C=C/c1ccccc1	COC([O-])=CC(SC)c1ccccc1
Mol_15549	Mol_15549:atom1	ester	CC(C)=CC(=O)O[C@@H]1[C@@H]2O[C@]2(C)[C@H]2[C@H](O[C@@H]3OC(CO)[C@@H](O)C(O)[C@@H]3O)OC=C[C@@]12O	1;3;4;5	0;1;2;3;4;5;6;7	CO[C:1003]([CH:1002]=[C:1001](C)C)=[O:1004]	COC(=O)C=C(C)C	COC([O-])=CC(C)(C)SC
Mol_15551	Mol_15551:atom1	ester	C/C=C(/C)C(=O)O[C@@H]1[C@@H]2O[C@]2(C)[C@H]2[C@H](O[C@@H]3OC(CO)[C@@H](O)C(O)[C@@H]3O)OC=C[C@@]12O	1;2;4;5	0;1;2;3;4;5;6;7	CO[C:1003](/[C:1002](C)=[CH:1001]\C)=[O:1004]	C/C=C(/C)C(=O)OC	COC([O-])=C(C)C(C)SC
Mol_15555	Mol_15555:atom17	ester	COc1ccc(CCO[C@@H]2O[C@H](COC(=O)/C=C/c3ccc(O)c(OC)c3)[C@@H](O)[C@H](O[C@@H]3O[C@@H](C)[C@H](O)[C@@H](O)[C@H]3O)[C@H]2O)cc1O	17;16;14;15	12;13;14;15;16;17;18;19;20;21;23;26	CO[C:1003](/[CH:1002]=[CH:1001]/c1ccccc1)=[O:1004]	COC(=O)/C=C/c1ccccc1	COC([O-])=CC(SC)c1ccccc1
Mol_15556	Mol_15556:atom19	ester	COc1ccc(CCO[C@@H]2O[C@H](CO)[C@@H](OC(=O)/C=C\c3ccc(O)c(OC)c3)[C@H](O[C@@H]3O[C@@H](C)[C@H](O)[C@@H](O)[C@H]3O)[C@H]2O)cc1O	19;18;16;17	14;15;16;17;18;19;20;21;22;23;25;28	CO[C:1003](/[CH:1002]=[CH:1001]\c1ccccc1)=[O:1004]	COC(=O)/C=C\c1ccccc1	COC([O-])=CC(SC)c1ccccc1
Mol_15602	Mol_15602:atom3	enal	CC1=C(C=CC=O)C(C)(C)CCC1	3;4;5;6	1;2;3;4;5;6;7	C=C(C)[CH:1001]=[CH:1002][CH:1003]=[O:1004]	C=C(C)C=CC=O	C=C(C)C(C=C[O-])SC
Mol_15608	Mol_15608:atom0	enone	C=C1C(=O)C[C@@]2(O)C[C@@H]3CC(C)(C)[C@@H](O)[C@@H]3[C@]1(C)C2	0;1;2;3	0;1;2;3;4;5;15;16;17;18	CC1(C)CCC[C:1003](=[O:1004])[C:1002]1=[CH2:1001]	C=C1C(=O)CCCC1(C)C	CSCC1=C([O-])CCCC1(C)C
Mol_15609	Mol_15609:atom1	enone	CC1=C(O)C(=O)[C@]2(O)C[C@H]3CC(C)(C)[C@H](O)[C@H]3[C@]12C	1;2;4;5	0;1;2;3;4;5;6;7;8;16;17;18	CC1(C)[C@](C)(O)[C:1003](=[O:1004])[C:1002](O)=[C:1001]1C	CC1=C(O)C(=O)[C@@](C)(O)C1(C)C	CSC1(C)C(O)=C([O-])[C@@](C)(O)C1(C)C
Mol_15610	Mol_15610:atom6	enone	CC1(C)C[C@@H]2CC3=CC(=O)[C@@](O)(CO)[C@@]3(C)[C@@H]2[C@H]1O	6;7;8;9	4;5;6;7;8;9;10;11;12;14;15;16	C[C@]12CCC[C:1001]1=[CH:1002][C:1003](=[O:1004])[C@]2(C)O	C[C@]1(O)C(=O)C=C2CCC[C@@]21C	CSC12C=C([O-])[C@](C)(O)[C@@]1(C)CCC2
Mol_15619	Mol_15619:atom12	enone	COc1cc(C(=O)O)c(C(=O)/C=C/c2ccc(O)cc2)c(OC)c1O	12;11;9;10	2;3;4;8;9;10;11;12;13;14;15;16;18;19;20;23	c1ccc(/[CH:1001]=[CH:1002]/[C:1003](c2ccccc2)=[O:1004])cc1	O=C(/C=C/c1ccccc1)c1ccccc1	CSC(C=C([O-])c1ccccc1)c1ccccc1
Mol_15623	Mol_15623:atom3	ester	O=C(/C=C/c1ccc(O)c(-c2cc(O)c3c(=O)cc(-c4ccc(O)cc4)oc3c2)c1)OC1OC(CO)C(O)C1O	3;2;1;0	0;1;2;3;4;5;6;7;9;29;30;31	CO[C:1003](/[CH:1002]=[CH:1001]/c1ccccc1)=[O:1004]	COC(=O)/C=C/c1ccccc1	COC([O-])=CC(SC)c1ccccc1
Mol_15632	Mol_15632:atom16	enone	NC(=O)NCCCOc1c(Br)cc(CCNC=C2C(=O)C=CC2=O)cc1Br	16;17;18;19	14;15;16;17;18;19;20;21;22;23	CN[CH:1001]=[C:1002]1C(=O)C=C[C:1003]1=[O:1004]	CNC=C1C(=O)C=CC1=O	CNC(SC)C1=C([O-])C=CC1=O
Mol_15632	Mol_15632:atom20	enone	NC(=O)NCCCOc1c(Br)cc(CCNC=C2C(=O)C=CC2=O)cc1Br	20;21;22;23	16;17;18;19;20;21;22;23	C=C1C(=O)[CH:1001]=[CH:1002][C:1003]1=[O:1004]	C=C1C(=O)C=CC1=O	C=C1C(=O)C(SC)C=C1[O-]
Mol_15632	Mol_15632:atom21	enone	NC(=O)NCCCOc1c(Br)cc(CCNC=C2C(=O)C=CC2=O)cc1Br	21;20;18;19	16;17;18;19;20;21;22;23	C=C1C(=O)[CH:1001]=[CH:1002][C:1003]1=[O:1004]	C=C1C(=O)C=CC1=O	C=C1C(=O)C(SC)C=C1[O-]
Mol_15636	Mol_15636:atom31	enone	COC1=C(Br)C[C@]2(OC=C1Br)ON=C(C(=O)NCCCOc1c(Br)cc(CC/N=C/C3=C(O)C=CC3=O)cc1Br)[C@@H]2O	31;30;35;36	28;29;30;31;32;33;34;35;36	N=C[C:1002]1=[C:1001](O)C=C[C:1003]1=[O:1004]	N=CC1=C(O)C=CC1=O	CSC1(O)C=CC([O-])=C1C=N
Mol_15636	Mol_15636:atom33	enone	COC1=C(Br)C[C@]2(OC=C1Br)ON=C(C(=O)NCCCOc1c(Br)cc(CC/N=C/C3=C(O)C=CC3=O)cc1Br)[C@@H]2O	33;34;35;36	29;30;31;32;33;34;35;36	CC1=C(O)[CH:1001]=[CH:1002][C:1003]1=[O:1004]	CC1=C(O)C=CC1=O	CSC1C=C([O-])C(C)=C1O
Mol_15640	Mol_15640:atom3	ester	O=C(/C=C/c1ccc(O)cc1)OC1C(CO)OC(Oc2cc(O)c3c(=O)cc(-c4ccc(O)cc4)oc3c2)C(O)C1O	3;2;1;0	0;1;2;3;4;5;6;7;9;10;11;12	CO[C:1003](/[CH:1002]=[CH:1001]/c1ccccc1)=[O:1004]	COC(=O)/C=C/c1ccccc1	COC([O-])=CC(SC)c1ccccc1
Mol_15644	Mol_15644:atom27	ester	C[C@H]1O[C@H](Oc2cc(O)c3c(=O)c(O[C@H]4O[C@@H](CO[C@H]5O[C@@H](COC(=O)/C=C/c6ccc(O)cc6)[C@H](O)[C@@H](O)[C@@H]5O)[C@H](O)[C@@H](O)[C@@H]4O)c(-c4ccc(O)c(O)c4)oc3c2)[C@@H](O)[C@@H](O)[C@@H]1O	27;26;24;25	22;23;24;25;26;27;28;29;30;31;33;34	CO[C:1003](/[CH:1002]=[CH:1001]/c1ccccc1)=[O:1004]	COC(=O)/C=C/c1ccccc1	COC([O-])=CC(SC)c1ccccc1
Mol_15651	Mol_15651:atom27	ester	CC1O[C@H](Oc2c(-c3ccc(O)cc3)oc3cc(O[C@@H]4OC(COC(=O)/C=C/c5ccc(O)cc5)[C@@H](O)C(O)[C@@H]4O)cc(O)c3c2=O)C(O[C@@H]2OC(CO)[C@@H](O)C(O)[C@@H]2O)[C@H](O)[C@@H]1O	27;26;24;25	22;23;24;25;26;27;28;29;30;31;33;34	CO[C:1003](/[CH:1002]=[CH:1001]/c1ccccc1)=[O:1004]	COC(=O)/C=C/c1ccccc1	COC([O-])=CC(SC)c1ccccc1
Mol_15723	Mol_15723:atom3	ester	O=C(/C=C/c1ccc(O)c(O)c1)O[C@H]1C[C@@](O)(C(=O)O)C[C@H](O)[C@@H]1O	3;2;1;0	0;1;2;3;4;5;6;7;9;11;12;13	CO[C:1003](/[CH:1002]=[CH:1001]/c1ccccc1)=[O:1004]	COC(=O)/C=C/c1ccccc1	COC([O-])=CC(SC)c1ccccc1
Mol_15743	Mol_15743:atom3	ester	O=C(/C=C/c1ccc(O)c(O)c1)O[C@@H](C(=O)O)[C@@H](O)C(=O)O	3;2;1;0	0;1;2;3;4;5;6;7;9;11;12;13	CO[C:1003](/[CH:1002]=[CH:1001]/c1ccccc1)=[O:1004]	COC(=O)/C=C/c1ccccc1	COC([O-])=CC(SC)c1ccccc1
Mol_15752	Mol_15752:atom3	ester	O=C(/C=C/c1ccc(O)c(O)c1)OOC[C@H]1O[C@@H](O)[C@H](OCCc2ccc3c(c2)OCO3)[C@@H](O)[C@@H]1O	3;2;1;0	0;1;2;3;4;5;6;7;9;11;12;13	OO[C:1003](/[CH:1002]=[CH:1001]/c1ccccc1)=[O:1004]	O=C(/C=C/c1ccccc1)OO	CSC(C=C([O-])OO)c1ccccc1
Mol_15753	Mol_15753:atom23	ester	CC(=O)OC[C@H]1O[C@H](O[C@]2(CO)O[C@H](CO)[C@@H](O)[C@@H]2OC(=O)/C=C/c2ccc(O)c(O)c2)[C@H](OC(C)=O)[C@@H](OC(C)=O)[C@@H]1OC(C)=O	23;22;20;21	18;19;20;21;22;23;24;25;26;27;29;31	CO[C:1003](/[CH:1002]=[CH:1001]/c1ccccc1)=[O:1004]	COC(=O)/C=C/c1ccccc1	COC([O-])=CC(SC)c1ccccc1
Mol_15754	Mol_15754:atom3	ester	O=C(/C=C/c1ccc(O)c(O)c1)OC[C@H]1OC(O)[C@H](O)[C@@H](O)[C@@H]1O	3;2;1;0	0;1;2;3;4;5;6;7;9;11;12;13	CO[C:1003](/[CH:1002]=[CH:1001]/c1ccccc1)=[O:1004]	COC(=O)/C=C/c1ccccc1	COC([O-])=CC(SC)c1ccccc1
Mol_15755	Mol_15755:atom3	ester	O=C(/C=C/c1ccc(O)c(O)c1)OOC[C@H]1O[C@H](O)[C@H](OCCc2ccc(O)c(O)c2)[C@@H](O)[C@@H]1O	3;2;1;0	0;1;2;3;4;5;6;7;9;11;12;13	OO[C:1003](/[CH:1002]=[CH:1001]/c1ccccc1)=[O:1004]	O=C(/C=C/c1ccccc1)OO	CSC(C=C([O-])OO)c1ccccc1
Mol_15756	Mol_15756:atom3	ester	O=C(/C=C/c1ccc(O)c(O)c1)OC1[C@H](O)C(O)OC(COC(=O)CCc2ccc(O)c(O)c2)[C@H]1O	3;2;1;0	0;1;2;3;4;5;6;7;9;11;12;13	CO[C:1003](/[CH:1002]=[CH:1001]/c1ccccc1)=[O:1004]	COC(=O)/C=C/c1ccccc1	COC([O-])=CC(SC)c1ccccc1
Mol_15757	Mol_15757:atom3	ester	O=C(/C=C/c1ccc(O)c(O)c1)O[C@@H]1OC[C@@H](O)C(O)[C@@H]1O	3;2;1;0	0;1;2;3;4;5;6;7;9;11;12;13	CO[C:1003](/[CH:1002]=[CH:1001]/c1ccccc1)=[O:1004]	COC(=O)/C=C/c1ccccc1	COC([O-])=CC(SC)c1ccccc1
Mol_15773	Mol_15773:atom3	ester	O=C(/C=C/c1ccc(O)cc1)O[C@H]1[C@H](Oc2c(-c3ccc(O)cc3)oc3cc(O)cc(O)c3c2=O)O[C@H](CO)[C@@H](O)[C@@H]1O	3;2;1;0	0;1;2;3;4;5;6;7;9;10;11;12	CO[C:1003](/[CH:1002]=[CH:1001]/c1ccccc1)=[O:1004]	COC(=O)/C=C/c1ccccc1	COC([O-])=CC(SC)c1ccccc1
Mol_15786	Mol_15786:atom7	enone	CC(=O)OC(C)(C)/C=C/C(=O)[C@](C)(O)C1[C@H](O)C[C@@]2(C)[C@@H]3CC=C4[C@@H](C[C@H](O[C@@H]5O[C@H](CO)[C@@H](O)[C@H](O)[C@H]5O)C(=O)C4(C)C)[C@]3(C)C(=O)C[C@]12C	7;8;9;10	3;4;5;6;7;8;9;10;11;12;13;14	CC(C)(O)/[CH:1001]=[CH:1002]/[C:1003](C(C)(C)O)=[O:1004]	CC(C)(O)/C=C/C(=O)C(C)(C)O	CSC(C=C([O-])C(C)(C)O)C(C)(C)O
Mol_15789	Mol_15789:atom5	ester	COC(=O)C1=CO[C@@H](O[C@@H]2O[C@H](CO)[C@@H](O)[C@H](O)[C@H]2O)[C@@H]2C(COC(C)=O)=C[C@H](O)[C@H]12	5;4;2;3	0;1;2;3;4;5;6;7;20;28;30	CO[C:1003]([C:1002]1=[CH:1001]OCC[C@@H]1C)=[O:1004]	COC(=O)C1=COCC[C@@H]1C	COC([O-])=C1C(SC)OCC[C@@H]1C
Mol_15790	Mol_15790:atom5	ester	COC(=O)C1=CO[C@@H](O[C@@H]2O[C@H](CO)[C@@H](O)[C@H](O)[C@H]2O)[C@@H]2C(COC(=O)/C=C/c3ccc(O)cc3)=C[C@@H](O)[C@H]12	5;4;2;3	0;1;2;3;4;5;6;7;20;36;38	CO[C:1003]([C:1002]1=[CH:1001]OCC[C@@H]1C)=[O:1004]	COC(=O)C1=COCC[C@@H]1C	COC([O-])=C1C(SC)OCC[C@@H]1C
Mol_15790	Mol_15790:atom27	ester	COC(=O)C1=CO[C@@H](O[C@@H]2O[C@H](CO)[C@@H](O)[C@H](O)[C@H]2O)[C@@H]2C(COC(=O)/C=C/c3ccc(O)cc3)=C[C@@H](O)[C@H]12	27;26;24;25	22;23;24;25;26;27;28;29;30;31;33;34	CO[C:1003](/[CH:1002]=[CH:1001]/c1ccccc1)=[O:1004]	COC(=O)/C=C/c1ccccc1	COC([O-])=CC(SC)c1ccccc1
Mol_15791	Mol_15791:atom12	ester	CC(=O)OCC1=C[C@@H]2OC(=O)C3=CO[C@@H](O[C@@H]4O[C@H](CO)[C@@H](O)[C@H](O)[C@H]4O)[C@H]1[C@@H]32	12;11;9;10	7;8;9;10;11;12;13;14;27;28	C1C[C@@H]2CO[C:1003](=[O:1004])[C:1002]2=[CH:1001]O1	O=C1OC[C@H]2CCOC=C12	CSC1OCC[C@@H]2COC([O-])=C12
Mol_15800	Mol_15800:atom5	ester	COC(=O)C1=CO[C@H](O[C@H]2O[C@@H](CO)[C@H](O)[C@@H](O)[C@@H]2O)[C@H]2C(CO)=C[C@@H](O)[C@@H]12	5;4;2;3	0;1;2;3;4;5;6;7;20;25;27	CO[C:1003]([C:1002]1=[CH:1001]OCC[C@H]1C)=[O:1004]	COC(=O)C1=COCC[C@H]1C	COC([O-])=C1C(SC)OCC[C@H]1C
Mol_15835	Mol_15835:atom17	ester	C=C[C@@H]1[C@@H](O[C@@H]2OC(CO)[C@@H](O)C(O)[C@@H]2O)OC=C(C(=O)OC)[C@@H]1C[C@@H]1NCCc2c1[nH]c1ccc(OC)cc21	17;18;19;20	2;3;16;17;18;19;20;21;22;23;24	CO[C:1003]([C:1002]1=[CH:1001]OCC[C@H]1C)=[O:1004]	COC(=O)C1=COCC[C@H]1C	COC([O-])=C1C(SC)OCC[C@H]1C
Mol_15836	Mol_15836:atom5	ester	COC(=O)C1=CO[C@H](O[C@H]2O[C@H](CO)[C@@H](O)[C@H](O)[C@H]2O)[C@@]2(C)[C@@H](C)OC(O)C[C@@]12C	5;4;2;3	0;1;2;3;4;5;6;7;20;27;28;29	CO[C:1003]([C:1002]1=[CH:1001]OCCC1(C)C)=[O:1004]	COC(=O)C1=COCCC1(C)C	COC([O-])=C1C(SC)OCCC1(C)C
Mol_15837	Mol_15837:atom5	ester	COC(=O)C1=CO[C@@H](O[C@@H]2O[C@H](CO)[C@@H](O)[C@H](O)[C@H]2O)[C@@H]2[C@@H](C)[C@H](O)C[C@H]12	5;4;2;3	0;1;2;3;4;5;6;7;20;25;26	CO[C:1003]([C:1002]1=[CH:1001]OCC[C@@H]1C)=[O:1004]	COC(=O)C1=COCC[C@@H]1C	COC([O-])=C1C(SC)OCC[C@@H]1C
Mol_15838	Mol_15838:atom5	ester	COC(=O)C1=CO[C@H](O[C@@H]2O[C@H](CO)[C@@H](O)[C@H](O)[C@H]2O)[C@@]2(C)[C@@H](C)OC(OC)C[C@@]12C	5;4;2;3	0;1;2;3;4;5;6;7;20;28;29;30	CO[C:1003]([C:1002]1=[CH:1001]OCCC1(C)C)=[O:1004]	COC(=O)C1=COCCC1(C)C	COC([O-])=C1C(SC)OCCC1(C)C
Mol_15839	Mol_15839:atom17	ester	C=C[C@H]1[C@H](O[C@@H]2O[C@H](CO)[C@@H](O)[C@H](O)[C@H]2O)OC=C(C(=O)OC)[C@H]1C[C@@H]1N[C@H](C(=O)O)Cc2c1[nH]c1ccccc21	17;18;19;20	2;3;16;17;18;19;20;21;22;23;24	CO[C:1003]([C:1002]1=[CH:1001]OCC[C@@H]1C)=[O:1004]	COC(=O)C1=COCC[C@@H]1C	COC([O-])=C1C(SC)OCC[C@@H]1C
Mol_15846	Mol_15846:atom13	ester	CC(=O)OCC1=C[C@]2(C)OC(=O)C3=CO[C@@H](O[C@@H]4O[C@H](CO)[C@@H](O)[C@H](O)[C@H]4O)[C@@]1(C)[C@@]32C	13;12;10;11	7;9;10;11;12;13;14;15;28;30;31	C[C@]12CCO[CH:1001]=[C:1002]1[C:1003](=[O:1004])OC2	C[C@]12CCOC=C1C(=O)OC2	CSC1OCC[C@]2(C)COC([O-])=C12
Mol_15849	Mol_15849:atom1	enone	CC1=C(C(=O)C[C@@H](C)COC2O[C@@H](CO)[C@H](O)[C@@H](O)[C@@H]2O)O[C@H]2C[C@H]3[C@@H]4CC=C5C[C@@H](O)C[C@@H](O[C@@H]6O[C@H](C)[C@H](O)[C@H](O)[C@H]6OC6O[C@H](C)[C@@H](O)[C@H](O)[C@@H]6O)[C@]5(C)[C@H]4CC[C@]3(C)[C@@H]12	1;2;3;4	0;1;2;3;4;5;6;21;22;60;62	CC[C:1003]([C:1002]1=[C:1001](C)[C@H](C)CO1)=[O:1004]	CCC(=O)C1=C(C)[C@H](C)CO1	CCC([O-])=C1OC[C@@H](C)C1(C)SC
Mol_15864	Mol_15864:atom3	ester	O=C(/C=C/c1ccc(O)c(O)c1)O[C@]1(C(=O)O)C[C@H](O)[C@H](O)[C@@H](O)C1	3;2;1;0	0;1;2;3;4;5;6;7;9;11;12;13	CO[C:1003](/[CH:1002]=[CH:1001]/c1ccccc1)=[O:1004]	COC(=O)/C=C/c1ccccc1	COC([O-])=CC(SC)c1ccccc1
Mol_15886	Mol_15886:atom3	ester	O=C(/C=C/c1ccc(O)c(O)c1)OC[C@H]1O[C@@H](Oc2ccccc2O)[C@H](O)[C@@H](O)[C@@H]1O	3;2;1;0	0;1;2;3;4;5;6;7;9;11;12;13	CO[C:1003](/[CH:1002]=[CH:1001]/c1ccccc1)=[O:1004]	COC(=O)/C=C/c1ccccc1	COC([O-])=CC(SC)c1ccccc1
Mol_15892	Mol_15892:atom1	ester	C/C=C(\C)C(=O)O[C@H]1CC(C)(C)C[C@@]2(C)C3=CCC4[C@@]5(C)CC[C@H](OC6OC(C(=O)O)C(O)C(OC7OC(CO)C(O)C7O)C6OC6OC(CO)C(O)C(O)C6O)[C@](C)(CO)C5CC[C@@]4(C)[C@]3(C)C[C@@H](O)[C@@]12CO	1;2;4;5	0;1;2;3;4;5;6;7	CO[C:1003](/[C:1002](C)=[CH:1001]/C)=[O:1004]	C/C=C(\C)C(=O)OC	COC([O-])=C(C)C(C)SC
Mol_15902	Mol_15902:atom1	ester	C/C=C(\C)C(=O)O[C@H]1CC(C)(C)CC2C3=CCC4[C@@]5(C)CC[C@H](OC6OC(CO)C(O)C(O)C6OC6OC(C)C(O)C(OC7OC(CO)C(O)C(O)C7O)C6O)C(C)(C)C5CC[C@@]4(C)[C@]3(C)CC(O)C21CO	1;2;4;5	0;1;2;3;4;5;6;7	CO[C:1003](/[C:1002](C)=[CH:1001]/C)=[O:1004]	C/C=C(\C)C(=O)OC	COC([O-])=C(C)C(C)SC
Mol_15903	Mol_15903:atom1	ester	C/C=C(\C)C(=O)O[C@H]1CC(C)(C)CC2C3=CCC4[C@@]5(C)CC[C@H](OC6OC(CO)C(O)C(O)C6OC6OC(C)C(O)C(O)C6O)C(C)(C)C5CC[C@@]4(C)[C@]3(C)CC(O)C21CO	1;2;4;5	0;1;2;3;4;5;6;7	CO[C:1003](/[C:1002](C)=[CH:1001]/C)=[O:1004]	C/C=C(\C)C(=O)OC	COC([O-])=C(C)C(C)SC
Mol_15967	Mol_15967:atom5	ester	COc1cc(/C=C/C(=O)OC[C@H]2O[C@@H](Oc3ccc([C@@H]4OC[C@@H]5[C@H]4CO[C@H]5c4ccc(O)c(OC)c4)cc3OC)[C@H](O)[C@@H](O)[C@@H]2O)ccc1O	5;6;7;8	2;3;4;5;6;7;8;9;10;46;47;48	CO[C:1003](/[CH:1002]=[CH:1001]/c1ccccc1)=[O:1004]	COC(=O)/C=C/c1ccccc1	COC([O-])=CC(SC)c1ccccc1
Mol_15969	Mol_15969:atom5	ester	COc1cc(/C=C/C(=O)O[C@@H]2C(CO)O[C@@H](OCCc3ccc(O)c(O)c3)[C@@H](O)C2O[C@@H]2OC(C)[C@H](O)[C@H](O)C2O)ccc1O	5;6;7;8	2;3;4;5;6;7;8;9;10;41;42;43	CO[C:1003](/[CH:1002]=[CH:1001]/c1ccccc1)=[O:1004]	COC(=O)/C=C/c1ccccc1	COC([O-])=CC(SC)c1ccccc1
Mol_15970	Mol_15970:atom30	ester	C[C@@H]1O[C@@H](O[C@@H]2[C@@H](O)[C@H](OCC(O)c3ccc(O)c(O)c3)O[C@H](CO)[C@H]2OC(=O)/C=C/c2ccc(O)c(O)c2)[C@H](O)[C@H](O)[C@H]1O	30;29;27;28	25;26;27;28;29;30;31;32;33;34;36;38	CO[C:1003](/[CH:1002]=[CH:1001]/c1ccccc1)=[O:1004]	COC(=O)/C=C/c1ccccc1	COC([O-])=CC(SC)c1ccccc1
Mol_15982	Mol_15982:atom6	ester	COc1ccc(/C=C/C(=O)O[C@H]2[C@@H]3C=CO[C@@H](O[C@@H]4O[C@H](CO)[C@@H](O)[C@H](O)[C@H]4O)[C@@H]3[C@@]3(CO)O[C@@H]23)cc1O	6;7;8;9	2;3;4;5;6;7;8;9;10;11;35;36	CO[C:1003](/[CH:1002]=[CH:1001]/c1ccccc1)=[O:1004]	COC(=O)/C=C/c1ccccc1	COC([O-])=CC(SC)c1ccccc1
Mol_16010	Mol_16010:atom49	ester	CC1O[C@@H](O[C@H]2C(C)O[C@@H](Oc3c(-c4ccc(O)cc4)oc4cc(O)cc(O)c4c3=O)C(O)[C@H]2O)C(O)[C@@H](O)[C@H]1O[C@@H]1OC(COC(=O)/C=C/c2ccc(O)cc2)[C@@H](O)[C@H](O)C1O	49;48;46;47	44;45;46;47;48;49;50;51;52;53;55;56	CO[C:1003](/[CH:1002]=[CH:1001]/c1ccccc1)=[O:1004]	COC(=O)/C=C/c1ccccc1	COC([O-])=CC(SC)c1ccccc1
Mol_16022	Mol_16022:atom12	enone	C/C=C/[C@H]1OC[C@]2(C)CC(=O)C=C(C)[C@H]12	12;11;9;10	3;6;8;9;10;11;12;13;14	C[C@@H]1CC[C:1003](=[O:1004])[CH:1002]=[C:1001]1C	CC1=CC(=O)CC[C@H]1C	CSC1(C)C=C([O-])CC[C@H]1C
Mol_16025	Mol_16025:atom1	enone	CC1=CC(=O)C[C@@H](C)[C@@]12CCC([C@](C)(O)CO)C2	1;2;3;4	0;1;2;3;4;5;6;8;9;17	CC1(C)CC[C:1003](=[O:1004])[CH:1002]=[C:1001]1C	CC1=CC(=O)CCC1(C)C	CSC1(C)C=C([O-])CCC1(C)C
Mol_16026	Mol_16026:atom1	enone	CC1=CC(=O)C=C(C)C12CCC([C@@](C)(O)CO)C2	1;2;3;4	0;1;2;3;4;5;6;8;9;17	CC1(C)C=C[C:1003](=[O:1004])[CH:1002]=[C:1001]1C	CC1=CC(=O)C=CC1(C)C	CSC1(C)C=C([O-])C=CC1(C)C
Mol_16026	Mol_16026:atom6	enone	CC1=CC(=O)C=C(C)C12CCC([C@@](C)(O)CO)C2	6;5;3;4	1;2;3;4;5;6;7;8;9;17	CC1(C)C=C[C:1003](=[O:1004])[CH:1002]=[C:1001]1C	CC1=CC(=O)C=CC1(C)C	CSC1(C)C=C([O-])C=CC1(C)C
Mol_16028	Mol_16028:atom26	ester	CCCCCCCCCCCCCCCCCCCCCCOC(=O)/C=C/c1ccc(O)c(OC)c1	26;25;23;24	21;22;23;24;25;26;27;28;29;30;32;35	CO[C:1003](/[CH:1002]=[CH:1001]/c1ccccc1)=[O:1004]	COC(=O)/C=C/c1ccccc1	COC([O-])=CC(SC)c1ccccc1
Mol_16029	Mol_16029:atom26	ester	CCCCCCCCCCCCCCCCCCCCCCOC(=O)/C=C\c1ccc(O)c(OC)c1	26;25;23;24	21;22;23;24;25;26;27;28;29;30;32;35	CO[C:1003](/[CH:1002]=[CH:1001]\c1ccccc1)=[O:1004]	COC(=O)/C=C\c1ccccc1	COC([O-])=CC(SC)c1ccccc1
Mol_16054	Mol_16054:atom9	ester	C=C(C)C1(O)OC(=O)C=C1OC	9;8;6;7	1;3;4;5;6;7;8;9;10;11	CO[C:1001]1=[CH:1002][C:1003](=[O:1004])OC1(C)O	COC1=CC(=O)OC1(C)O	COC1(SC)C=C([O-])OC1(C)O
Mol_16075	Mol_16075:atom1	ester	CC1=C(C)C(=O)OC([C@](C)(O)[C@]2(O)CC[C@@]3(O)C4C[C@H](O)[C@]5(O)CC=CC(=O)[C@]5(C)C4CC[C@]23C)C1	1;2;4;5	0;1;2;3;4;5;6;7;35	C[C:1001]1=[C:1002](C)[C:1003](=[O:1004])OCC1	CC1=C(C)C(=O)OCC1	CSC1(C)CCOC([O-])=C1C
Mol_16075	Mol_16075:atom24	enone	CC1=C(C)C(=O)OC([C@](C)(O)[C@]2(O)CC[C@@]3(O)C4C[C@H](O)[C@]5(O)CC=CC(=O)[C@]5(C)C4CC[C@]23C)C1	24;25;26;27	21;23;24;25;26;27;28;29;30	CC1(C)CC[CH:1001]=[CH:1002][C:1003]1=[O:1004]	CC1(C)CCC=CC1=O	CSC1C=C([O-])C(C)(C)CC1
Mol_16076	Mol_16076:atom2	ester	CC1=C(C)[C@H](O)[C@H]([C@@H](C)[C@@]2(O)CC[C@@]3(O)C4C5O[C@@H]5[C@@]5(O)CC=CC(=O)[C@]5(C)C4CC[C@@]32C)OC1=O	2;1;34;35	0;1;2;3;4;5;6;33;34;35	C[C:1001]1=[C:1002](C)[C:1003](=[O:1004])OC[C@H]1O	CC1=C(C)[C@H](O)COC1=O	CSC1(C)C(C)=C([O-])OC[C@H]1O
Mol_16076	Mol_16076:atom22	enone	CC1=C(C)[C@H](O)[C@H]([C@@H](C)[C@@]2(O)CC[C@@]3(O)C4C5O[C@@H]5[C@@]5(O)CC=CC(=O)[C@]5(C)C4CC[C@@]32C)OC1=O	22;23;24;25	19;21;22;23;24;25;26;27;28	CC1(C)CC[CH:1001]=[CH:1002][C:1003]1=[O:1004]	CC1(C)CCC=CC1=O	CSC1C=C([O-])C(C)(C)CC1
Mol_16077	Mol_16077:atom0	ester	C=C(CNC(=O)CCCCCC/C=C\CCCCCC(C)C)C(=O)OC	0;1;22;23	0;1;2;3;22;23;24;25	CO[C:1003]([C:1002](CN)=[CH2:1001])=[O:1004]	C=C(CN)C(=O)OC	COC([O-])=C(CN)CSC
Mol_16078	Mol_16078:atom0	ester	C=C(CNC(=O)CCCCCCC1CC1CCCCCCC)C(=O)OC	0;1;22;23	0;1;2;3;22;23;24;25	CO[C:1003]([C:1002](CN)=[CH2:1001])=[O:1004]	C=C(CN)C(=O)OC	COC([O-])=C(CN)CSC
Mol_16079	Mol_16079:atom0	ester	C=C(CNC(=O)CCCCCCC1CC1CCCCCCCCC)C(=O)OC	0;1;24;25	0;1;2;3;24;25;26;27	CO[C:1003]([C:1002](CN)=[CH2:1001])=[O:1004]	C=C(CN)C(=O)OC	COC([O-])=C(CN)CSC
Mol_16084	Mol_16084:atom5	ester	COC(=O)/C=C/C(C)=C/C(C)=C/[C@H]1C(C[C@H](C)O)=C(C)C=C2C[C@@H](C)C(=O)[C@@H](C)[C@@H]21	5;4;2;3	0;1;2;3;4;5;6;7;8	C=C(C)/[CH:1001]=[CH:1002]/[C:1003](OC)=[O:1004]	C=C(C)/C=C/C(=O)OC	C=C(C)C(C=C([O-])OC)SC
Mol_16085	Mol_16085:atom5	ester	COC(=O)/C=C/C(C)=C/C(C)=C/[C@H]1C(CC(C)=O)=C(C)C=C2C[C@@H](C)C(=O)[C@@H](C)[C@@H]21	5;4;2;3	0;1;2;3;4;5;6;7;8	C=C(C)/[CH:1001]=[CH:1002]/[C:1003](OC)=[O:1004]	C=C(C)/C=C/C(=O)OC	C=C(C)C(C=C([O-])OC)SC
Mol_16087	Mol_16087:atom14	ester	CC1=C[C@@H]2/C=C(\C)C[C@H](CO)C[C@H](O)/C=C\C(=O)O[C@]23C(=O)N[C@@H](CC(C)C)[C@@H]3[C@@H]1C	14;15;16;17	11;12;13;14;15;16;17;18;19	CO[C:1003](/[CH:1002]=[CH:1001]\[C@H](C)O)=[O:1004]	COC(=O)/C=C\[C@H](C)O	COC([O-])=CC(SC)[C@H](C)O
Mol_16094	Mol_16094:atom9	ester	CC(C)=CCOC(=O)/C=C/c1ccc(O)c(O)c1	9;8;6;7	4;5;6;7;8;9;10;11;12;13;15;17	CO[C:1003](/[CH:1002]=[CH:1001]/c1ccccc1)=[O:1004]	COC(=O)/C=C/c1ccccc1	COC([O-])=CC(SC)c1ccccc1
Mol_16095	Mol_16095:atom3	ester	O=C(/C=C/c1ccc(O)c(O)c1)Oc1ccc(O)cc1	3;2;1;0	0;1;2;3;4;5;6;7;9;11;12;13;14;15;16;18;19	c1ccc(O[C:1003](/[CH:1002]=[CH:1001]/c2ccccc2)=[O:1004])cc1	O=C(/C=C/c1ccccc1)Oc1ccccc1	CSC(C=C([O-])Oc1ccccc1)c1ccccc1
Mol_16134	Mol_16134:atom7	enone	O=C(OC1(C(=O)/C=C/c2ccc(O)cc2)O[C@H](CO)[C@@H](O)[C@H](O)[C@H]1O)c1cc(O)c(O)c(O)c1	7;6;4;5	2;3;4;5;6;7;8;9;10;11;13;14;15;23	CC(O)(O)[C:1003](/[CH:1002]=[CH:1001]/c1ccccc1)=[O:1004]	CC(O)(O)C(=O)/C=C/c1ccccc1	CSC(C=C([O-])C(C)(O)O)c1ccccc1
Mol_16137	Mol_16137:atom9	enone	O=C(OCC1OC(OC2=C(c3ccc(O)cc3)Cc3cc(O)cc(O)c3C2=O)C(O)C(O)C1O)c1cc(O)c(O)c(O)c1	9;8;26;27	6;7;8;9;10;11;12;13;15;16;17;18;19;20;22;23;25;26;27	CO[C:1002]1=[C:1001](c2ccccc2)Cc2ccccc2[C:1003]1=[O:1004]	COC1=C(c2ccccc2)Cc2ccccc2C1=O	COC1=C([O-])c2ccccc2CC1(SC)c1ccccc1
Mol_16162	Mol_16162:atom35	ester	CCCCCCCCCCCCCCCCCCCCCCCCC(=O)OCC(O)COC(=O)/C=C/c1ccc(O)c(OC)c1	35;34;32;33	30;31;32;33;34;35;36;37;38;39;41;44	CO[C:1003](/[CH:1002]=[CH:1001]/c1ccccc1)=[O:1004]	COC(=O)/C=C/c1ccccc1	COC([O-])=CC(SC)c1ccccc1
Mol_16163	Mol_16163:atom6	enal	COc1ccc(/C=C/C=O)cc1O	6;7;8;9	2;3;4;5;6;7;8;9;10;11	c1ccc(/[CH:1001]=[CH:1002]/[CH:1003]=[O:1004])cc1	O=C/C=C/c1ccccc1	CSC(C=C[O-])c1ccccc1
Mol_16170	Mol_16170:atom30	enone	CC[C@@]1(C)CCC[C@@]2(C)C1CC[C@]1(C)C2C[C@H](OC(C)=O)[C@]23C[C@@H](O)[C@H]2C(C(C)=O)=CC[C@H]31	30;26;27;29	21;23;25;26;27;28;29;30;31;32	C[C@@H]1CCC[CH:1001]=[C:1002]1[C:1003](C)=[O:1004]	CC(=O)C1=CCCC[C@H]1C	CSC1CCC[C@@H](C)C1=C(C)[O-]
Mol_16185	Mol_16185:atom19	ester	CCCCOC(=O)[C@]1(O)C[C@@H](O)[C@@H](O)[C@H](OC(=O)C=Cc2ccc(O)c(O)c2)C1	19;18;16;17	14;15;16;17;18;19;20;21;22;23;25;27	CO[C:1003]([CH:1002]=[CH:1001]c1ccccc1)=[O:1004]	COC(=O)C=Cc1ccccc1	COC([O-])=CC(SC)c1ccccc1
Mol_16186	Mol_16186:atom3	ester	O=C(/C=C/c1ccc(O)cc1)OC1OC(Oc2c(-c3ccc(O)cc3)oc3cc(O)cc(O)c3c2=O)C(O)C(OC(=O)/C=C/c2ccc(O)cc2)C1O	3;2;1;0	0;1;2;3;4;5;6;7;9;10;11;12	CO[C:1003](/[CH:1002]=[CH:1001]/c1ccccc1)=[O:1004]	COC(=O)/C=C/c1ccccc1	COC([O-])=CC(SC)c1ccccc1
Mol_16186	Mol_16186:atom43	ester	O=C(/C=C/c1ccc(O)cc1)OC1OC(Oc2c(-c3ccc(O)cc3)oc3cc(O)cc(O)c3c2=O)C(O)C(OC(=O)/C=C/c2ccc(O)cc2)C1O	43;42;40;41	38;39;40;41;42;43;44;45;46;47;49;50	CO[C:1003](/[CH:1002]=[CH:1001]/c1ccccc1)=[O:1004]	COC(=O)/C=C/c1ccccc1	COC([O-])=CC(SC)c1ccccc1
Mol_16187	Mol_16187:atom3	ester	O=C(/C=C\c1ccc(O)cc1)OCC1O[C@@H](Oc2c(-c3ccc(O)cc3)oc3cc(O)cc(O)c3c2=O)C(O)[C@@H](OC(=O)/C=C\c2ccc(O)cc2)[C@@H]1O	3;2;1;0	0;1;2;3;4;5;6;7;9;10;11;12	CO[C:1003](/[CH:1002]=[CH:1001]\c1ccccc1)=[O:1004]	COC(=O)/C=C\c1ccccc1	COC([O-])=CC(SC)c1ccccc1
Mol_16187	Mol_16187:atom44	ester	O=C(/C=C\c1ccc(O)cc1)OCC1O[C@@H](Oc2c(-c3ccc(O)cc3)oc3cc(O)cc(O)c3c2=O)C(O)[C@@H](OC(=O)/C=C\c2ccc(O)cc2)[C@@H]1O	44;43;41;42	39;40;41;42;43;44;45;46;47;48;50;51	CO[C:1003](/[CH:1002]=[CH:1001]\c1ccccc1)=[O:1004]	COC(=O)/C=C\c1ccccc1	COC([O-])=CC(SC)c1ccccc1
Mol_16188	Mol_16188:atom1	enone	CC1=CC(=O)CC(C)(C)/C1=C\CC(C)O[C@@H]1O[C@H](CO)[C@@H](O)[C@H](O)[C@H]1O	1;2;3;4	0;1;2;3;4;5;6;9;10	C=C1CC[C:1003](=[O:1004])[CH:1002]=[C:1001]1C	C=C1CCC(=O)C=C1C	C=C1CCC([O-])=CC1(C)SC
Mol_16189	Mol_16189:atom1	enone	CC1=CC(=O)CC(C)(C)C1/C=C/C(C)O[C@@H]1O[C@H](CO)[C@@H](O)[C@H](O)[C@H]1O	1;2;3;4	0;1;2;3;4;5;6;9;10	CC1CC[C:1003](=[O:1004])[CH:1002]=[C:1001]1C	CC1=CC(=O)CCC1C	CSC1(C)C=C([O-])CCC1C
Mol_16190	Mol_16190:atom1	enone	CC1=CC(=O)CC(C)(C)[C@@H]1CC[C@@H](C)O[C@H]1O[C@@H](CO)[C@H](O)[C@@H](O)[C@@H]1O	1;2;3;4	0;1;2;3;4;5;6;9;10	C[C@H]1CC[C:1003](=[O:1004])[CH:1002]=[C:1001]1C	CC1=CC(=O)CC[C@@H]1C	CSC1(C)C=C([O-])CC[C@@H]1C
Mol_16191	Mol_16191:atom1	enone	CC1=CC(=O)CC(C)(C)C1(O)/C=C/C(C)O[C@@H]1O[C@H](CO)[C@@H](O)[C@H](O)[C@H]1O	1;2;3;4	0;1;2;3;4;5;6;9;10;11	CC1(O)CC[C:1003](=[O:1004])[CH:1002]=[C:1001]1C	CC1=CC(=O)CCC1(C)O	CSC1(C)C=C([O-])CCC1(C)O
Mol_16202	Mol_16202:atom22	enal	C=C(C)[C@@H]1CC[C@]2(C)CC[C@@]3(C)C[C@@H]4[C@H](C)CC[C@@H]4C(C=O)=CC[C@@H]3[C@@H]12	22;19;20;21	13;17;18;19;20;21;22;23;24	CC[CH:1001]=[C:1002](C(C)C)[CH:1003]=[O:1004]	CCC=C(C=O)C(C)C	CCC(SC)C(=C[O-])C(C)C
Mol_16213	Mol_16213:atom1	enone	CC1=CC(=O)CC(C)(C)[C@@]1(O)/C=C/C(C)O	1;2;3;4	0;1;2;3;4;5;6;9;10;11	C[C@]1(O)CC[C:1003](=[O:1004])[CH:1002]=[C:1001]1C	CC1=CC(=O)CC[C@]1(C)O	CSC1(C)C=C([O-])CC[C@]1(C)O
Mol_16230	Mol_16230:atom1	enone	CC1=C(O)C(=O)[C@@H]2O[C@@H]2C1=O	1;2;4;5	0;1;2;3;4;5;6;7;8;9;10	C[C:1001]1=[C:1002](O)[C:1003](=[O:1004])[C@@H]2O[C@@H]2C1=O	CC1=C(O)C(=O)[C@@H]2O[C@@H]2C1=O	CSC1(C)C(=O)[C@H]2O[C@H]2C([O-])=C1O
Mol_16230	Mol_16230:atom2	enone	CC1=C(O)C(=O)[C@@H]2O[C@@H]2C1=O	2;1;9;10	0;1;2;3;4;5;6;7;8;9;10	C[C:1002]1=[C:1001](O)C(=O)[C@@H]2O[C@@H]2[C:1003]1=[O:1004]	CC1=C(O)C(=O)[C@@H]2O[C@@H]2C1=O	CSC1(O)C(=O)[C@@H]2O[C@@H]2C([O-])=C1C
Mol_16231	Mol_16231:atom2	enone	CC1=C(O)[C@@H](O)[C@@H]2O[C@@H]2C1=O	2;1;9;10	0;1;2;3;4;5;6;7;8;9;10	C[C:1002]1=[C:1001](O)[C@@H](O)[C@@H]2O[C@@H]2[C:1003]1=[O:1004]	CC1=C(O)[C@@H](O)[C@@H]2O[C@@H]2C1=O	CSC1(O)C(C)=C([O-])[C@H]2O[C@H]2[C@@H]1O
Mol_16232	Mol_16232:atom2	enone	CC1=C(O)C(O)CC(O)C1=O	2;1;9;10	0;1;2;3;4;5;6;7;8;9;10	C[C:1002]1=[C:1001](O)C(O)CC(O)[C:1003]1=[O:1004]	CC1=C(O)C(O)CC(O)C1=O	CSC1(O)C(C)=C([O-])C(O)CC1O
Mol_16234	Mol_16234:atom5	ester	C[C@@H]1O[C@H]1C1=C[C@H](O)[C@@H](C)OC1=O	5;4;11;12	1;2;3;4;5;6;7;8;10;11;12	O[C@@H]1CO[C:1003](=[O:1004])[C:1002]([C@H]2CO2)=[CH:1001]1	O=C1OC[C@@H](O)C=C1[C@H]1CO1	CSC1C([C@H]2CO2)=C([O-])OC[C@H]1O
Mol_16254	Mol_16254:atom4	ester	CCOC1=C(c2ccc(O)cc2)[C@](Cc2ccc(O)c(CC=C(C)C)c2)(C(=O)OC)OC1=O	4;3;31;32	1;2;3;4;5;6;7;8;10;11;12;13;26;30;31;32	CO[C:1002]1=[C:1001](c2ccccc2)C(C)(C)O[C:1003]1=[O:1004]	COC1=C(c2ccccc2)C(C)(C)OC1=O	COC1=C([O-])OC(C)(C)C1(SC)c1ccccc1
Mol_16255	Mol_16255:atom4	ester	CCOC1=C(c2ccc(O)cc2)[C@](Cc2ccc(O)c(C[C@H](O)C(C)(C)O)c2)(C(=O)OC)OC1=O	4;3;33;34	1;2;3;4;5;6;7;8;10;11;12;13;28;32;33;34	CO[C:1002]1=[C:1001](c2ccccc2)C(C)(C)O[C:1003]1=[O:1004]	COC1=C(c2ccccc2)C(C)(C)OC1=O	COC1=C([O-])OC(C)(C)C1(SC)c1ccccc1
Mol_16257	Mol_16257:atom14	enone	CC[C@H](C=C[C@@H](C)[C@H]1CCC2=C3C=CC4=CC(=O)CC[C@]4(C)[C@H]3CC[C@@]21C)C(C)C	14;15;16;17	12;13;14;15;16;17;18;19;20;21;22	C=C[C:1001]1=[CH:1002][C:1003](=[O:1004])CCC1(C)C	C=CC1=CC(=O)CCC1(C)C	C=CC1(SC)C=C([O-])CCC1(C)C
Mol_16263	Mol_16263:atom27	ester	CC(C)=CCc1cc(/C=C2/OC(=O)C(c3cc(CC=C(C)C)c(O)cc3O)=C2O)ccc1O	27;13;11;12	8;9;10;11;12;13;14;15;16;22;24;25;27;28	C=C1O[C:1003](=[O:1004])[C:1002](c2ccccc2)=[C:1001]1O	C=C1OC(=O)C(c2ccccc2)=C1O	C=C1OC([O-])=C(c2ccccc2)C1(O)SC
Mol_16297	Mol_16297:atom3	ester	C/C=C/C=C\C(=O)OCc1c(OC)c(CO)c(/C=C/CO)oc1=O	3;4;5;6	1;2;3;4;5;6;7;8	C=C/[CH:1001]=[CH:1002]\[C:1003](OC)=[O:1004]	C=C/C=C\C(=O)OC	C=CC(C=C([O-])OC)SC
Mol_16305	Mol_16305:atom24	ester	COC(=O)[C@]1(Cc2ccc3c(c2)C[C@H](C(C)(C)O)O3)OC(=O)C(O)=C1c1ccc(O)cc1	24;22;20;21	2;4;5;19;20;21;22;23;24;25;26;27;28;30;31	CC1(C)O[C:1003](=[O:1004])[C:1002](O)=[C:1001]1c1ccccc1	CC1(C)OC(=O)C(O)=C1c1ccccc1	CSC1(c2ccccc2)C(O)=C([O-])OC1(C)C
Mol_16332	Mol_16332:atom17	enone	COC(=O)[C@@]12Oc3ccc(-c4ccc5c(c4O)C(O)=C4C(=O)C[C@H](C)[C@@H](O)[C@]4(C(=O)OC)O5)c(O)c3C(O)=C1C(=O)C[C@H](C)[C@H]2O	17;19;20;21	10;11;12;13;14;15;17;18;19;20;21;22;23;25;27;28;32	C[C@]12CCC[C:1003](=[O:1004])[C:1002]1=[C:1001](O)c1ccccc1O2	C[C@]12CCCC(=O)C1=C(O)c1ccccc1O2	CSC1(O)C2=C([O-])CCC[C@]2(C)Oc2ccccc21
Mol_16332	Mol_16332:atom36	enone	COC(=O)[C@@]12Oc3ccc(-c4ccc5c(c4O)C(O)=C4C(=O)C[C@H](C)[C@@H](O)[C@]4(C(=O)OC)O5)c(O)c3C(O)=C1C(=O)C[C@H](C)[C@H]2O	36;38;39;40	2;4;5;6;7;8;9;33;35;36;37;38;39;40;41;42;44	C[C@]12CCC[C:1003](=[O:1004])[C:1002]1=[C:1001](O)c1ccccc1O2	C[C@]12CCCC(=O)C1=C(O)c1ccccc1O2	CSC1(O)C2=C([O-])CCC[C@]2(C)Oc2ccccc21
Mol_16334	Mol_16334:atom23	enone	C=C1CC23C4OOC(=O)C2C1(C)[C@@H](OC(C)=O)C(O)[C@]3(C)[C@]1(C)C=CC(=O)C(C)(C)C1[C@H]4OC(C)=O	23;24;25;26	19;21;22;23;24;25;26;27;28;29;30	CC1(C)CC(C)(C)[C:1003](=[O:1004])[CH:1002]=[CH:1001]1	CC1(C)C=CC(=O)C(C)(C)C1	CSC1C=C([O-])C(C)(C)CC1(C)C
Mol_16337	Mol_16337:atom21	ester	CC[C@H](CC[C@@H](C)[C@H]1CC[C@H]2[C@@H]3CC=C4C[C@@H](OC(=O)/C=C/c5ccc(O)c(OC)c5)CC[C@]4(C)[C@H]3CC[C@]12C)C(C)C	21;20;18;19	16;17;18;19;20;21;22;23;24;25;27;30	CO[C:1003](/[CH:1002]=[CH:1001]/c1ccccc1)=[O:1004]	COC(=O)/C=C/c1ccccc1	COC([O-])=CC(SC)c1ccccc1
Mol_16340	Mol_16340:atom1	enal	C/C=C(/C=O)[C@@H](CC=O)CC(=O)OCCc1ccc(O)cc1	1;2;3;4	0;1;2;3;4;5;6;9	CC(C)/[C:1002](=[CH:1001]\C)[CH:1003]=[O:1004]	C/C=C(/C=O)C(C)C	CSC(C)C(=C[O-])C(C)C
Mol_16357	Mol_16357:atom1	enone	CC1=CC(=O)CC(C)(C)[C@@]1(O)/C=C/C(C)=C\C(=O)O	1;2;3;4	0;1;2;3;4;5;6;9;10;11	C[C@]1(O)CC[C:1003](=[O:1004])[CH:1002]=[C:1001]1C	CC1=CC(=O)CC[C@]1(C)O	CSC1(C)C=C([O-])CC[C@]1(C)O
Mol_16371	Mol_16371:atom1	ester	C/C=C(/C)C(=O)O[C@]1(C)C(=O)O[C@H]2C[C@]3(C)O[C@H]3CC[C@]3(C)O[C@H]3[C@H](OC(=O)[C@@]3(C)O[C@H]3C)[C@@H]21	1;2;4;5	0;1;2;3;4;5;6;7	CO[C:1003](/[C:1002](C)=[CH:1001]\C)=[O:1004]	C/C=C(/C)C(=O)OC	COC([O-])=C(C)C(C)SC
Mol_16372	Mol_16372:atom14	ester	C=C1C[C@@H]2OC(=O)[C@@](C)(OC(=O)/C(C)=C\C)[C@H]2[C@@H](OC(=O)[C@@]2(C)O[C@H]2C)[C@@H]2O[C@@]2(C)CC[C@@H]1OO	14;12;10;11	7;9;10;11;12;13;14;15	CO[C:1003](/[C:1002](C)=[CH:1001]\C)=[O:1004]	C/C=C(/C)C(=O)OC	COC([O-])=C(C)C(C)SC
Mol_16373	Mol_16373:atom17	ester	C=C1C[C@@H]2OC(=O)[C@@](C)(O)[C@H]2[C@@H](OC(=O)/C(C)=C\C)/C=C(\C)CC[C@@H]1OO	17;15;13;14	11;12;13;14;15;16;17;18	CO[C:1003](/[C:1002](C)=[CH:1001]\C)=[O:1004]	C/C=C(/C)C(=O)OC	COC([O-])=C(C)C(C)SC
Mol_16374	Mol_16374:atom9	ester	C=C1C[C@H](OC(=O)/C(C)=C\C)[C@H]2[C@@H](OC(=O)[C@@]2(C)O)[C@H]2O[C@]2(C)CC[C@@H]1OO	9;7;5;6	3;4;5;6;7;8;9;10	CO[C:1003](/[C:1002](C)=[CH:1001]\C)=[O:1004]	C/C=C(/C)C(=O)OC	COC([O-])=C(C)C(C)SC
Mol_16376	Mol_16376:atom1	ester	C/C=C(/C)C(=O)OCC1=C[C@@H](OC(=O)/C(C)=C\C)[C@@]2(C)C(=O)C[C@H](C(C)C)[C@@]2(O)CC1	1;2;4;5	0;1;2;3;4;5;6;7	CO[C:1003](/[C:1002](C)=[CH:1001]\C)=[O:1004]	C/C=C(/C)C(=O)OC	COC([O-])=C(C)C(C)SC
Mol_16376	Mol_16376:atom16	ester	C/C=C(/C)C(=O)OCC1=C[C@@H](OC(=O)/C(C)=C\C)[C@@]2(C)C(=O)C[C@H](C(C)C)[C@@]2(O)CC1	16;14;12;13	10;11;12;13;14;15;16;17	CO[C:1003](/[C:1002](C)=[CH:1001]\C)=[O:1004]	C/C=C(/C)C(=O)OC	COC([O-])=C(C)C(C)SC
Mol_16378	Mol_16378:atom11	ester	C=C[C@]1(C)C[C@H](OC(=O)/C(C)=C\C)[C@@H]2[C@H](OC(=O)[C@]2(C)O)[C@H]1C(=C)C	11;9;7;8	5;6;7;8;9;10;11;12	CO[C:1003](/[C:1002](C)=[CH:1001]\C)=[O:1004]	C/C=C(/C)C(=O)OC	COC([O-])=C(C)C(C)SC
Mol_16380	Mol_16380:atom1	ester	C/C=C(/C)C(=O)O[C@H](c1cc(OC)c2c(c1)OCO2)[C@@H](C)OC(=O)C1(C)OC1C	1;2;4;5	0;1;2;3;4;5;6;7	CO[C:1003](/[C:1002](C)=[CH:1001]\C)=[O:1004]	C/C=C(/C)C(=O)OC	COC([O-])=C(C)C(C)SC
Mol_16382	Mol_16382:atom1	ester	C/C=C(/C)C(=O)OCC1=C[C@H](OC(=O)/C(C)=C\C)[C@@]2(C)C(=O)C[C@H](C(C)C)[C@@]2(O)CC1	1;2;4;5	0;1;2;3;4;5;6;7	CO[C:1003](/[C:1002](C)=[CH:1001]\C)=[O:1004]	C/C=C(/C)C(=O)OC	COC([O-])=C(C)C(C)SC
Mol_16382	Mol_16382:atom16	ester	C/C=C(/C)C(=O)OCC1=C[C@H](OC(=O)/C(C)=C\C)[C@@]2(C)C(=O)C[C@H](C(C)C)[C@@]2(O)CC1	16;14;12;13	10;11;12;13;14;15;16;17	CO[C:1003](/[C:1002](C)=[CH:1001]\C)=[O:1004]	C/C=C(/C)C(=O)OC	COC([O-])=C(C)C(C)SC
Mol_16383	Mol_16383:atom1	ester	C/C=C(/C)C(=O)O[C@H]1/C=C(\C)CC[C@@H]2O[C@@]2(C)C[C@@H]2OC(=O)[C@@](C)(O)[C@@H]12	1;2;4;5	0;1;2;3;4;5;6;7	CO[C:1003](/[C:1002](C)=[CH:1001]\C)=[O:1004]	C/C=C(/C)C(=O)OC	COC([O-])=C(C)C(C)SC
Mol_16384	Mol_16384:atom1	ester	C/C=C(/C)C(=O)O[C@@H]1[C@H]2[C@H](C/C(C)=C/CC[C@]3(C)O[C@@H]13)OC(=O)[C@@]2(C)O	1;2;4;5	0;1;2;3;4;5;6;7	CO[C:1003](/[C:1002](C)=[CH:1001]\C)=[O:1004]	C/C=C(/C)C(=O)OC	COC([O-])=C(C)C(C)SC
Mol_16385	Mol_16385:atom17	ester	C=C1C[C@@H]2OC(=O)[C@@](C)(O)[C@H]2[C@@H](OC(=O)/C(C)=C\C)[C@@H]2O[C@@]2(C)CC[C@H]1OO	17;15;13;14	11;12;13;14;15;16;17;18	CO[C:1003](/[C:1002](C)=[CH:1001]\C)=[O:1004]	C/C=C(/C)C(=O)OC	COC([O-])=C(C)C(C)SC
Mol_16386	Mol_16386:atom9	ester	C=C1C[C@H](OC(=O)/C(C)=C\C)[C@H]2[C@H](/C=C(\C)CC[C@@H]1O)OC(=O)[C@@]2(C)O	9;7;5;6	3;4;5;6;7;8;9;10	CO[C:1003](/[C:1002](C)=[CH:1001]\C)=[O:1004]	C/C=C(/C)C(=O)OC	COC([O-])=C(C)C(C)SC
Mol_16387	Mol_16387:atom1	ester	C/C=C(/C)C(=O)O[C@]1(C)C(=O)O[C@H]2C[C@]3(C)O[C@H]3CC/C(C)=C/[C@H](OC(=O)[C@@]3(C)O[C@H]3C)[C@@H]21	1;2;4;5	0;1;2;3;4;5;6;7	CO[C:1003](/[C:1002](C)=[CH:1001]\C)=[O:1004]	C/C=C(/C)C(=O)OC	COC([O-])=C(C)C(C)SC
Mol_16388	Mol_16388:atom1	ester	C/C=C(/C)C(=O)O[C@]1(C)C(=O)O[C@H]2C/C(C)=C/CC[C@]3(C)O[C@H]3[C@H](OC(=O)[C@@]3(C)O[C@H]3C)[C@@H]21	1;2;4;5	0;1;2;3;4;5;6;7	CO[C:1003](/[C:1002](C)=[CH:1001]\C)=[O:1004]	C/C=C(/C)C(=O)OC	COC([O-])=C(C)C(C)SC
Mol_16390	Mol_16390:atom0	enone	C=C1C[C@@H]2OC(=O)[C@@](C)(OC(=O)/C(C)=C\C)[C@H]2[C@@H](OC(=O)[C@@]2(C)O[C@H]2C)/C=C(\C)CCC1=O	0;1;31;32	0;1;2;3;29;30;31;32	CC[C:1002](=[CH2:1001])[C:1003](CC)=[O:1004]	C=C(CC)C(=O)CC	CCC([O-])=C(CC)CSC
Mol_16390	Mol_16390:atom14	ester	C=C1C[C@@H]2OC(=O)[C@@](C)(OC(=O)/C(C)=C\C)[C@H]2[C@@H](OC(=O)[C@@]2(C)O[C@H]2C)/C=C(\C)CCC1=O	14;12;10;11	7;9;10;11;12;13;14;15	CO[C:1003](/[C:1002](C)=[CH:1001]\C)=[O:1004]	C/C=C(/C)C(=O)OC	COC([O-])=C(C)C(C)SC
Mol_16395	Mol_16395:atom1	ester	C/C=C(/C)C(=O)OC1=C(C)C=CC(C=O)C1(C)C	1;2;4;5	0;1;2;3;4;5;6;7	CO[C:1003](/[C:1002](C)=[CH:1001]\C)=[O:1004]	C/C=C(/C)C(=O)OC	COC([O-])=C(C)C(C)SC
Mol_16397	Mol_16397:atom3	enal	CO[C@H]1C=C(C=O)C(C)(C)C=C1C	3;4;5;6	1;2;3;4;5;6;7;8;9;10;11	CC1(C)C=C[C@@H](O)[CH:1001]=[C:1002]1[CH:1003]=[O:1004]	CC1(C)C=C[C@@H](O)C=C1C=O	CSC1C(=C[O-])C(C)(C)C=C[C@H]1O
Mol_16398	Mol_16398:atom1	ester	C/C=C(/COC(C)=O)C(=O)OC1=C(C)C=CC(C=O)C1(C)C	1;2;8;9	0;1;2;3;4;8;9;10;11	CO[C:1003](/[C:1002](CO)=[CH:1001]\C)=[O:1004]	C/C=C(/CO)C(=O)OC	COC([O-])=C(CO)C(C)SC
Mol_16399	Mol_16399:atom9	enal	CC1=CC(C)(C)C(C=O)=CC1O	9;6;7;8	1;2;3;4;5;6;7;8;9;10;11	CC1(C)C=CC(O)[CH:1001]=[C:1002]1[CH:1003]=[O:1004]	CC1(C)C=CC(O)C=C1C=O	CSC1C(=C[O-])C(C)(C)C=CC1O
Mol_16401	Mol_16401:atom8	enone	C=CC(O)C#CC#C/C=C/C(=O)CCCCCCC	8;9;10;11	6;7;8;9;10;11;12;13	C#C/[CH:1001]=[CH:1002]/[C:1003](CC)=[O:1004]	C#C/C=C/C(=O)CC	C#CC(C=C([O-])CC)SC
Mol_16413	Mol_16413:atom5	ester	COc1cc(/C=C/C(=O)OC[C@@H](Cc2ccc(O)c(OC)c2)[C@@H](COC(=O)/C=C/c2ccc(O)c(OC)c2)Cc2ccc(O)c(OC)c2)ccc1O	5;6;7;8	2;3;4;5;6;7;8;9;10;48;49;50	CO[C:1003](/[CH:1002]=[CH:1001]/c1ccccc1)=[O:1004]	COC(=O)/C=C/c1ccccc1	COC([O-])=CC(SC)c1ccccc1
Mol_16413	Mol_16413:atom28	ester	COc1cc(/C=C/C(=O)OC[C@@H](Cc2ccc(O)c(OC)c2)[C@@H](COC(=O)/C=C/c2ccc(O)c(OC)c2)Cc2ccc(O)c(OC)c2)ccc1O	28;27;25;26	23;24;25;26;27;28;29;30;31;32;34;37	CO[C:1003](/[CH:1002]=[CH:1001]/c1ccccc1)=[O:1004]	COC(=O)/C=C/c1ccccc1	COC([O-])=CC(SC)c1ccccc1
Mol_16416	Mol_16416:atom3	ester	O=C(/C=C/c1ccc(O)cc1)OC[C@H]1OC(Oc2c(-c3ccc(O)cc3)oc3cc(O)cc(O)c3c2=O)[C@H](OC(=O)/C=C/c2ccc(O)cc2)[C@@H](O)[C@@H]1O	3;2;1;0	0;1;2;3;4;5;6;7;9;10;11;12	CO[C:1003](/[CH:1002]=[CH:1001]/c1ccccc1)=[O:1004]	COC(=O)/C=C/c1ccccc1	COC([O-])=CC(SC)c1ccccc1
Mol_16416	Mol_16416:atom42	ester	O=C(/C=C/c1ccc(O)cc1)OC[C@H]1OC(Oc2c(-c3ccc(O)cc3)oc3cc(O)cc(O)c3c2=O)[C@H](OC(=O)/C=C/c2ccc(O)cc2)[C@@H](O)[C@@H]1O	42;41;39;40	37;38;39;40;41;42;43;44;45;46;48;49	CO[C:1003](/[CH:1002]=[CH:1001]/c1ccccc1)=[O:1004]	COC(=O)/C=C/c1ccccc1	COC([O-])=CC(SC)c1ccccc1
Mol_16417	Mol_16417:atom3	ester	O=C(/C=C\c1ccc(O)cc1)OC[C@H]1OC(Oc2c(-c3ccc(O)cc3)oc3cc(O)cc(O)c3c2=O)[C@H](OC(=O)/C=C\c2ccc(O)cc2)[C@@H](O)[C@@H]1O	3;2;1;0	0;1;2;3;4;5;6;7;9;10;11;12	CO[C:1003](/[CH:1002]=[CH:1001]\c1ccccc1)=[O:1004]	COC(=O)/C=C\c1ccccc1	COC([O-])=CC(SC)c1ccccc1
Mol_16417	Mol_16417:atom42	ester	O=C(/C=C\c1ccc(O)cc1)OC[C@H]1OC(Oc2c(-c3ccc(O)cc3)oc3cc(O)cc(O)c3c2=O)[C@H](OC(=O)/C=C\c2ccc(O)cc2)[C@@H](O)[C@@H]1O	42;41;39;40	37;38;39;40;41;42;43;44;45;46;48;49	CO[C:1003](/[CH:1002]=[CH:1001]\c1ccccc1)=[O:1004]	COC(=O)/C=C\c1ccccc1	COC([O-])=CC(SC)c1ccccc1
Mol_16418	Mol_16418:atom34	ester	C[C@@H]1O[C@@H](Oc2c(-c3ccc(O)c(O)c3)oc3cc(O[C@@H]4O[C@H](CO)[C@@H](O)[C@H](O)[C@H]4OC(=O)/C=C/c4ccc(O)c(O)c4)cc(O)c3c2=O)[C@H](O)[C@H](O)[C@H]1O	34;33;31;32	29;30;31;32;33;34;35;36;37;38;40;42	CO[C:1003](/[CH:1002]=[CH:1001]/c1ccccc1)=[O:1004]	COC(=O)/C=C/c1ccccc1	COC([O-])=CC(SC)c1ccccc1
Mol_16432	Mol_16432:atom7	enone	COc1cc(CC/C=C/C(=O)CCc2ccccc2)ccc1O	7;8;9;10	5;6;7;8;9;10;11;12	CC/[CH:1001]=[CH:1002]/[C:1003](CC)=[O:1004]	CC/C=C/C(=O)CC	CCC([O-])=CC(CC)SC
Mol_16461	Mol_16461:atom1	enone	CC1=CC(=O)C[C@@H]2[C@@]3(C)CC[C@](C)([C@H](O)CO)C[C@@H]3C(=O)C[C@]12C	1;2;3;4	0;1;2;3;4;5;6;21;22;23	CC1(C)CC[C:1003](=[O:1004])[CH:1002]=[C:1001]1C	CC1=CC(=O)CCC1(C)C	CSC1(C)C=C([O-])CCC1(C)C
Mol_16462	Mol_16462:atom20	enone	CC(=O)OC[C@@H](O)[C@@]1(C)CC[C@@]2(C)[C@H](C1)C(=O)C[C@]1(C)C(C)=CC(=O)C[C@H]21	20;22;23;24	17;18;19;20;21;22;23;24;25;26	CC1(C)CC[C:1003](=[O:1004])[CH:1002]=[C:1001]1C	CC1=CC(=O)CCC1(C)C	CSC1(C)C=C([O-])CCC1(C)C
Mol_16463	Mol_16463:atom23	enone	CC(=O)OC[C@@H](OC(C)=O)[C@@]1(C)CC[C@@]2(C)[C@H](C1)C(=O)C[C@]1(C)C(C)=CC(=O)C[C@H]21	23;25;26;27	20;21;22;23;24;25;26;27;28;29	CC1(C)CC[C:1003](=[O:1004])[CH:1002]=[C:1001]1C	CC1=CC(=O)CCC1(C)C	CSC1(C)C=C([O-])CCC1(C)C
Mol_16464	Mol_16464:atom8	enone	CC(=O)O[C@H]1C[C@@]2(C)C(C)=CC(=O)C[C@@H]2[C@@]2(C)CC[C@](C)([C@H](O)CO)C[C@H]12	8;10;11;12	5;6;7;8;9;10;11;12;13;14	CC1(C)CC[C:1003](=[O:1004])[CH:1002]=[C:1001]1C	CC1=CC(=O)CCC1(C)C	CSC1(C)C=C([O-])CCC1(C)C
Mol_16465	Mol_16465:atom1	enone	CC1=CC(=O)C[C@@H]2[C@@]3(C)CC[C@](C)([C@H](O)CO)C[C@@H]3[C@@H](O)C[C@@]12C	1;2;3;4	0;1;2;3;4;5;6;21;22;23	CC1(C)CC[C:1003](=[O:1004])[CH:1002]=[C:1001]1C	CC1=CC(=O)CCC1(C)C	CSC1(C)C=C([O-])CCC1(C)C
Mol_16517	Mol_16517:atom9	enone	COc1ccc(C(=O)/C=C/c2ccc(Oc3cc(C(=O)/C=C/c4ccc(O)cc4)c(O)cc3OC)cc2)c(O)c1	9;8;6;7	2;3;4;5;6;7;8;9;10;11;12;13;35;36;37;39	c1ccc(/[CH:1001]=[CH:1002]/[C:1003](c2ccccc2)=[O:1004])cc1	O=C(/C=C/c1ccccc1)c1ccccc1	CSC(C=C([O-])c1ccccc1)c1ccccc1
Mol_16517	Mol_16517:atom21	enone	COc1ccc(C(=O)/C=C/c2ccc(Oc3cc(C(=O)/C=C/c4ccc(O)cc4)c(O)cc3OC)cc2)c(O)c1	21;20;18;19	15;16;17;18;19;20;21;22;23;24;25;27;28;29;31;32	c1ccc(/[CH:1001]=[CH:1002]/[C:1003](c2ccccc2)=[O:1004])cc1	O=C(/C=C/c1ccccc1)c1ccccc1	CSC(C=C([O-])c1ccccc1)c1ccccc1
Mol_16519	Mol_16519:atom10	enone	COc1cc(O)c(C(=O)/C=C/c2ccc(O)cc2)cc1Oc1ccc(/C=C/C(=O)c2ccc(O)cc2O)cc1	10;9;7;8	2;3;4;6;7;8;9;10;11;12;13;14;16;17;18;19	c1ccc(/[CH:1001]=[CH:1002]/[C:1003](c2ccccc2)=[O:1004])cc1	O=C(/C=C/c1ccccc1)c1ccccc1	CSC(C=C([O-])c1ccccc1)c1ccccc1
Mol_16519	Mol_16519:atom25	enone	COc1cc(O)c(C(=O)/C=C/c2ccc(O)cc2)cc1Oc1ccc(/C=C/C(=O)c2ccc(O)cc2O)cc1	25;26;27;28	21;22;23;24;25;26;27;28;29;30;31;32;34;35;37;38	c1ccc(/[CH:1001]=[CH:1002]/[C:1003](c2ccccc2)=[O:1004])cc1	O=C(/C=C/c1ccccc1)c1ccccc1	CSC(C=C([O-])c1ccccc1)c1ccccc1
Mol_16520	Mol_16520:atom10	enone	COc1cc(O)c(C(=O)/C=C/c2ccc(O)cc2)cc1Oc1ccc(C(=O)/C=C/c2ccc(O)cc2)c(O)c1	10;9;7;8	2;3;4;6;7;8;9;10;11;12;13;14;16;17;18;19	c1ccc(/[CH:1001]=[CH:1002]/[C:1003](c2ccccc2)=[O:1004])cc1	O=C(/C=C/c1ccccc1)c1ccccc1	CSC(C=C([O-])c1ccccc1)c1ccccc1
Mol_16520	Mol_16520:atom28	enone	COc1cc(O)c(C(=O)/C=C/c2ccc(O)cc2)cc1Oc1ccc(C(=O)/C=C/c2ccc(O)cc2)c(O)c1	28;27;25;26	21;22;23;24;25;26;27;28;29;30;31;32;34;35;36;38	c1ccc(/[CH:1001]=[CH:1002]/[C:1003](c2ccccc2)=[O:1004])cc1	O=C(/C=C/c1ccccc1)c1ccccc1	CSC(C=C([O-])c1ccccc1)c1ccccc1
Mol_16521	Mol_16521:atom3	enone	O=C(/C=C/c1ccc(O)cc1)c1cc(-c2cc(CCC(=O)c3ccc(O)cc3O)ccc2O)c(O)cc1O	3;2;1;0	0;1;2;3;4;5;6;7;9;10;11;12;13;33;35;36	c1ccc(/[CH:1001]=[CH:1002]/[C:1003](c2ccccc2)=[O:1004])cc1	O=C(/C=C/c1ccccc1)c1ccccc1	CSC(C=C([O-])c1ccccc1)c1ccccc1
Mol_16522	Mol_16522:atom3	enone	O=C(/C=C/c1ccc(O)c(-c2cc(C(=O)/C=C/c3ccc(O)cc3)c(O)cc2O)c1)c1ccc(O)cc1O	3;2;1;0	0;1;2;3;4;5;6;7;9;29;30;31;32;33;35;36	c1ccc(/[CH:1001]=[CH:1002]/[C:1003](c2ccccc2)=[O:1004])cc1	O=C(/C=C/c1ccccc1)c1ccccc1	CSC(C=C([O-])c1ccccc1)c1ccccc1
Mol_16522	Mol_16522:atom16	enone	O=C(/C=C/c1ccc(O)c(-c2cc(C(=O)/C=C/c3ccc(O)cc3)c(O)cc2O)c1)c1ccc(O)cc1O	16;15;13;14	10;11;12;13;14;15;16;17;18;19;20;22;23;24;26;27	c1ccc(/[CH:1001]=[CH:1002]/[C:1003](c2ccccc2)=[O:1004])cc1	O=C(/C=C/c1ccccc1)c1ccccc1	CSC(C=C([O-])c1ccccc1)c1ccccc1
Mol_16541	Mol_16541:atom3	ester	O=C(/C=C/c1ccc(O)cc1)OCCc1ccc(O)cc1	3;2;1;0	0;1;2;3;4;5;6;7;9;10;11;12	CO[C:1003](/[CH:1002]=[CH:1001]/c1ccccc1)=[O:1004]	COC(=O)/C=C/c1ccccc1	COC([O-])=CC(SC)c1ccccc1
Mol_16547	Mol_16547:atom5	ester	COc1cc(/C=C/C(=O)OCCO)ccc1O	5;6;7;8	2;3;4;5;6;7;8;9;10;13;14;15	CO[C:1003](/[CH:1002]=[CH:1001]/c1ccccc1)=[O:1004]	COC(=O)/C=C/c1ccccc1	COC([O-])=CC(SC)c1ccccc1
Mol_16550	Mol_16550:atom1	enone	C/C=C(\C)C(=O)Cc1occ2c1C(=O)c1c(O)ccc(O)c1C2=O	1;2;4;5	0;1;2;3;4;5;6;7;8;9;10;11	C/[CH:1001]=[C:1002](\C)[C:1003](Cc1ccco1)=[O:1004]	C/C=C(\C)C(=O)Cc1ccco1	CSC(C)C(C)=C([O-])Cc1ccco1
Mol_16560	Mol_16560:atom0	enone	C=C1C(=O)C=C[C@]2(C)CC[C@H]3C(=C)C(=O)O[C@@H]3[C@@H]12	0;1;2;3	0;1;2;3;4;5;6;16;17	C[C@@H]1CC=C[C:1003](=[O:1004])[C:1002]1=[CH2:1001]	C=C1C(=O)C=CC[C@H]1C	CSCC1=C([O-])C=CC[C@H]1C
Mol_16560	Mol_16560:atom5	enone	C=C1C(=O)C=C[C@]2(C)CC[C@H]3C(=C)C(=O)O[C@@H]3[C@@H]12	5;4;2;3	0;1;2;3;4;5;6;7;8;17	C=C1CC(C)(C)[CH:1001]=[CH:1002][C:1003]1=[O:1004]	C=C1CC(C)(C)C=CC1=O	C=C1CC(C)(C)C(SC)C=C1[O-]
Mol_16560	Mol_16560:atom12	ester	C=C1C(=O)C=C[C@]2(C)CC[C@H]3C(=C)C(=O)O[C@@H]3[C@@H]12	12;11;13;14	9;10;11;12;13;14;15;16	C[C@@H]1CO[C:1003](=[O:1004])[C:1002]1=[CH2:1001]	C=C1C(=O)OC[C@H]1C	CSCC1=C([O-])OC[C@H]1C
Mol_16594	Mol_16594:atom1	ester	CC(C)=CC(=O)OC1CC(OC(=O)C=C(C)C)C2(C)C3C(=O)C=C(C)C2C3C1(C)C	1;3;4;5	0;1;2;3;4;5;6;7	CO[C:1003]([CH:1002]=[C:1001](C)C)=[O:1004]	COC(=O)C=C(C)C	COC([O-])=CC(C)(C)SC
Mol_16594	Mol_16594:atom14	ester	CC(C)=CC(=O)OC1CC(OC(=O)C=C(C)C)C2(C)C3C(=O)C=C(C)C2C3C1(C)C	14;13;11;12	9;10;11;12;13;14;15;16	CO[C:1003]([CH:1002]=[C:1001](C)C)=[O:1004]	COC(=O)C=C(C)C	COC([O-])=CC(C)(C)SC
Mol_16594	Mol_16594:atom23	enone	CC(C)=CC(=O)OC1CC(OC(=O)C=C(C)C)C2(C)C3C(=O)C=C(C)C2C3C1(C)C	23;22;20;21	17;19;20;21;22;23;24;25;26	C[C:1001]1=[CH:1002][C:1003](=[O:1004])C2CC1C2	CC1=CC(=O)C2CC1C2	CSC1(C)C=C([O-])C2CC1C2
Mol_16614	Mol_16614:atom5	ester	COC(=O)C1=CC=C[C@@H]2[C@@]3(C)C[C@@H](c4ccoc4)OC(=O)[C@@H]3CC[C@@]12C	5;4;2;3	0;1;2;3;4;5;6;7;8;23;24;25	CO[C:1003]([C:1002]1=[CH:1001]C=CCC1(C)C)=[O:1004]	COC(=O)C1=CC=CCC1(C)C	COC([O-])=C1C(SC)C=CCC1(C)C
Mol_16619	Mol_16619:atom5	ester	COC(=O)C1=CCC[C@@H]2[C@@](C)(CC(=O)c3ccoc3)[C@H](C)CC[C@@]12C	5;4;2;3	0;1;2;3;4;5;6;7;8;22;23;24	CO[C:1003]([C:1002]1=[CH:1001]CCCC1(C)C)=[O:1004]	COC(=O)C1=CCCCC1(C)C	COC([O-])=C1C(SC)CCCC1(C)C
Mol_16625	Mol_16625:atom9	ester	CC1=C\C/C=C(\C)C[C@@H]2C=C(CC[C@H](C(C)C)\C=C\1)C(=O)O2	9;10;19;20	7;8;9;10;11;12;19;20;21	CC[C:1002]1=[CH:1001][C@@H](C)O[C:1003]1=[O:1004]	CCC1=C[C@@H](C)OC1=O	CCC1=C([O-])O[C@H](C)C1SC
Mol_16626	Mol_16626:atom17	ester	C/C1=C\CC[C@](C)(O)/C=C/[C@@H](C(C)C)CCC2=C[C@@H](C1)OC2=O	17;16;21;22	14;15;16;17;18;19;20;21;22	CC[C:1002]1=[CH:1001][C@@H](C)O[C:1003]1=[O:1004]	CCC1=C[C@@H](C)OC1=O	CCC1=C([O-])O[C@H](C)C1SC
Mol_16627	Mol_16627:atom17	ester	C/C1=C\CC[C@@](C)(O)/C=C/[C@@H](C(C)C)CCC2=C[C@@H](C1)OC2=O	17;16;21;22	14;15;16;17;18;19;20;21;22	CC[C:1002]1=[CH:1001][C@@H](C)O[C:1003]1=[O:1004]	CCC1=C[C@@H](C)OC1=O	CCC1=C([O-])O[C@H](C)C1SC
Mol_16638	Mol_16638:atom22	enone	COc1c(O)cc(-c2coc3cc(O)cc(O)c3c2=O)cc1/C=C/C(C)=O	22;23;24;26	2;3;5;6;20;21;22;23;24;25;26	C[C:1003](/[CH:1002]=[CH:1001]/c1ccccc1)=[O:1004]	CC(=O)/C=C/c1ccccc1	CSC(C=C(C)[O-])c1ccccc1
Mol_16639	Mol_16639:atom5	ester	COc1cc(/C=C/C(=O)OCCCCCCCCCCCCCCCCCCCCCCCCCCO)ccc1O	5;6;7;8	2;3;4;5;6;7;8;9;10;37;38;39	CO[C:1003](/[CH:1002]=[CH:1001]/c1ccccc1)=[O:1004]	COC(=O)/C=C/c1ccccc1	COC([O-])=CC(SC)c1ccccc1
Mol_16653	Mol_16653:atom7	enone	COc1ccc(C2=COC3CC(O)CC(O)C3C2=O)cc1OC	7;6;17;18	2;3;4;5;6;7;8;9;14;16;17;18;19;20	CC1CO[CH:1001]=[C:1002](c2ccccc2)[C:1003]1=[O:1004]	CC1COC=C(c2ccccc2)C1=O	CSC1OCC(C)C([O-])=C1c1ccccc1
Mol_16727	Mol_16727:atom23	enone	CC(C)=CCC1(CC=C(C)C)C(=O)[C@](O)(CC=C(C)C)C(=O)C2=C1O[C@H](c1ccccc1)C[C@H]2O	23;22;20;21	4;5;6;11;13;14;15;20;21;22;23;24;25;32;33;34	CC1(C)C[C@@](C)(O)[C:1003](=[O:1004])[C:1002]2=[C:1001]1OCC[C@H]2O	CC1(C)C[C@@](C)(O)C(=O)C2=C1OCC[C@H]2O	CSC12OCC[C@@H](O)C1=C([O-])[C@](C)(O)CC2(C)C
Mol_16728	Mol_16728:atom23	enone	CC(C)=CCC1(CC=C(C)C)C(=O)[C@@](O)(CC=C(C)C)C(=O)C2=C1O[C@H](c1ccccc1)C[C@H]2O	23;22;20;21	4;5;6;11;13;14;15;20;21;22;23;24;25;32;33;34	CC1(C)C[C@](C)(O)[C:1003](=[O:1004])[C:1002]2=[C:1001]1OCC[C@H]2O	CC1(C)C[C@](C)(O)C(=O)C2=C1OCC[C@H]2O	CSC12OCC[C@@H](O)C1=C([O-])[C@@](C)(O)CC2(C)C
Mol_16729	Mol_16729:atom16	enone	CC(C)=CCC1(CC=C(C)C)C(=O)C(=O)C2=C1O[C@H](c1ccccc1)C[C@H]2O	16;15;13;14	4;5;6;11;12;13;14;15;16;17;18;25;26;27	CC1(C)C(=O)[C:1003](=[O:1004])[C:1002]2=[C:1001]1OCC[C@H]2O	CC1(C)C(=O)C(=O)C2=C1OCC[C@H]2O	CSC12OCC[C@@H](O)C1=C([O-])C(=O)C2(C)C
Mol_16743	Mol_16743:atom3	enone	O=C(/C=C/c1ccc(O)cc1O)c1ccccc1O	3;2;1;0	0;1;2;3;4;5;6;7;9;10;12;13;14;15;16;17	c1ccc(/[CH:1001]=[CH:1002]/[C:1003](c2ccccc2)=[O:1004])cc1	O=C(/C=C/c1ccccc1)c1ccccc1	CSC(C=C([O-])c1ccccc1)c1ccccc1
Mol_16748	Mol_16748:atom7	ester	O=C1O[C@H]2[C@H](O/C1=C\c1ccc(O)cc1)O[C@H](CO)[C@@H](O)[C@@H]2O	7;6;1;0	0;1;2;3;4;5;6;7;8;9;10;11;13;14	c1ccc(/[CH:1001]=[C:1002]2\OCCO[C:1003]2=[O:1004])cc1	O=C1OCCO/C1=C\c1ccccc1	CSC(C1=C([O-])OCCO1)c1ccccc1
Mol_16749	Mol_16749:atom5	ester	COC(=O)/C(=C/c1ccc(O)cc1)O[C@@H]1O[C@H](CO)[C@@H](O)[C@H](O)[C@H]1O	5;4;2;3	0;1;2;3;4;5;6;7;8;9;11;12;13;14	CO/[C:1002](=[CH:1001]\c1ccccc1)[C:1003](OC)=[O:1004]	COC(=O)/C(=C/c1ccccc1)OC	COC([O-])=C(OC)C(SC)c1ccccc1
Mol_16776	Mol_16776:atom6	enone	COc1ccc(/C=C2\COc3c(OC)c(O)cc(O)c3C2=O)cc1	6;7;20;21	2;3;4;5;6;7;8;9;10;11;14;16;17;19;20;21;22;23	c1ccc(/[CH:1001]=[C:1002]2\COc3ccccc3[C:1003]2=[O:1004])cc1	O=C1/C(=C/c2ccccc2)COc2ccccc21	CSC(C1=C([O-])c2ccccc2OC1)c1ccccc1
Mol_16779	Mol_16779:atom6	enone	COc1ccc(/C=C2\COc3cc(O)cc(O)c3C2=O)cc1	6;7;18;19	2;3;4;5;6;7;8;9;10;11;12;14;15;17;18;19;20;21	c1ccc(/[CH:1001]=[C:1002]2\COc3ccccc3[C:1003]2=[O:1004])cc1	O=C1/C(=C/c2ccccc2)COc2ccccc21	CSC(C1=C([O-])c2ccccc2OC1)c1ccccc1
Mol_16800	Mol_16800:atom3	enone	O=C1/C(=C/c2ccc(O)c(O)c2)COc2cc(O)cc(O)c21	3;2;1;0	0;1;2;3;4;5;6;7;9;11;12;13;14;15;16;18;19;21	c1ccc(/[CH:1001]=[C:1002]2\COc3ccccc3[C:1003]2=[O:1004])cc1	O=C1/C(=C/c2ccccc2)COc2ccccc21	CSC(C1=C([O-])c2ccccc2OC1)c1ccccc1
Mol_16801	Mol_16801:atom14	enone	CC(=O)Oc1cc(O)cc2c1C(=O)/C(=C/c1ccc(O)c(O)c1)CO2	14;13;11;12	4;5;6;8;9;10;11;12;13;14;15;16;17;18;20;22;23;24	c1ccc(/[CH:1001]=[C:1002]2\COc3ccccc3[C:1003]2=[O:1004])cc1	O=C1/C(=C/c2ccccc2)COc2ccccc21	CSC(C1=C([O-])c2ccccc2OC1)c1ccccc1
Mol_16814	Mol_16814:atom14	enone	COc1cc(O)cc(OC)c1C(=O)/C=C/c1ccc(O)cc1	14;13;11;12	2;3;4;6;7;10;11;12;13;14;15;16;17;18;20;21	c1ccc(/[CH:1001]=[CH:1002]/[C:1003](c2ccccc2)=[O:1004])cc1	O=C(/C=C/c1ccccc1)c1ccccc1	CSC(C=C([O-])c1ccccc1)c1ccccc1
Mol_16827	Mol_16827:atom13	enone	CC(=O)O[C@@H]1C[C@H]2C(C)(C)C(=O)C=C[C@]2(C)[C@H]2CC[C@]3(C)C(=CC(=O)[C@H]3c3ccoc3)[C@@]21C	13;12;10;11	6;7;8;9;10;11;12;13;14;15;16	CC1(C)CC(C)(C)[C:1003](=[O:1004])[CH:1002]=[CH:1001]1	CC1(C)C=CC(=O)C(C)(C)C1	CSC1C=C([O-])C(C)(C)CC1(C)C
Mol_16827	Mol_16827:atom21	enone	CC(=O)O[C@@H]1C[C@H]2C(C)(C)C(=O)C=C[C@]2(C)[C@H]2CC[C@]3(C)C(=CC(=O)[C@H]3c3ccoc3)[C@@]21C	21;22;23;24	4;16;18;19;20;21;22;23;24;25;26;27;28;29;30;31;32	CC(C)(C)[C:1001]1=[CH:1002][C:1003](=[O:1004])[C@@H](c2ccoc2)C1(C)C	CC(C)(C)C1=CC(=O)[C@@H](c2ccoc2)C1(C)C	CSC1(C(C)(C)C)C=C([O-])[C@@H](c2ccoc2)C1(C)C
Mol_16828	Mol_16828:atom14	enone	CC(=O)O[C@@H]1[C@H](O)C2C(C)(C)C(=O)C=C[C@]2(C)[C@H]2CC[C@]3(C)C(=CC(=O)[C@H]3c3ccoc3)[C@]12C	14;13;11;12	7;8;9;10;11;12;13;14;15;16;17	CC1(C)CC(C)(C)[C:1003](=[O:1004])[CH:1002]=[CH:1001]1	CC1(C)C=CC(=O)C(C)(C)C1	CSC1C=C([O-])C(C)(C)CC1(C)C
Mol_16828	Mol_16828:atom22	enone	CC(=O)O[C@@H]1[C@H](O)C2C(C)(C)C(=O)C=C[C@]2(C)[C@H]2CC[C@]3(C)C(=CC(=O)[C@H]3c3ccoc3)[C@]12C	22;23;24;25	4;17;19;20;21;22;23;24;25;26;27;28;29;30;31;32;33	CC(C)(C)[C:1001]1=[CH:1002][C:1003](=[O:1004])[C@@H](c2ccoc2)C1(C)C	CC(C)(C)C1=CC(=O)[C@@H](c2ccoc2)C1(C)C	CSC1(C(C)(C)C)C=C([O-])[C@@H](c2ccoc2)C1(C)C
Mol_16829	Mol_16829:atom1	ester	C/C=C(/C)C(=O)O[C@@H]1[C@H](O)[C@H]2C(C)(C)C(=O)C=C[C@]2(C)[C@H]2CC[C@]3(C)C(=CC(=O)[C@H]3c3ccoc3)[C@]12C	1;2;4;5	0;1;2;3;4;5;6;7	CO[C:1003](/[C:1002](C)=[CH:1001]\C)=[O:1004]	C/C=C(/C)C(=O)OC	COC([O-])=C(C)C(C)SC
Mol_16829	Mol_16829:atom17	enone	C/C=C(/C)C(=O)O[C@@H]1[C@H](O)[C@H]2C(C)(C)C(=O)C=C[C@]2(C)[C@H]2CC[C@]3(C)C(=CC(=O)[C@H]3c3ccoc3)[C@]12C	17;16;14;15	10;11;12;13;14;15;16;17;18;19;20	CC1(C)CC(C)(C)[C:1003](=[O:1004])[CH:1002]=[CH:1001]1	CC1(C)C=CC(=O)C(C)(C)C1	CSC1C=C([O-])C(C)(C)CC1(C)C
Mol_16829	Mol_16829:atom25	enone	C/C=C(/C)C(=O)O[C@@H]1[C@H](O)[C@H]2C(C)(C)C(=O)C=C[C@]2(C)[C@H]2CC[C@]3(C)C(=CC(=O)[C@H]3c3ccoc3)[C@]12C	25;26;27;28	7;20;22;23;24;25;26;27;28;29;30;31;32;33;34;35;36	CC(C)(C)[C:1001]1=[CH:1002][C:1003](=[O:1004])[C@@H](c2ccoc2)C1(C)C	CC(C)(C)C1=CC(=O)[C@@H](c2ccoc2)C1(C)C	CSC1(C(C)(C)C)C=C([O-])[C@@H](c2ccoc2)C1(C)C
Mol_16830	Mol_16830:atom1	ester	C/C=C(/C)C(=O)O[C@@H]1[C@H](O)[C@H]2C(C)(C)OC(=O)C[C@H](OC(C)=O)[C@]2(C)[C@H]2CC[C@]3(C)C(=CC(=O)[C@H]3c3ccoc3)[C@]12C	1;2;4;5	0;1;2;3;4;5;6;7	CO[C:1003](/[C:1002](C)=[CH:1001]\C)=[O:1004]	C/C=C(/C)C(=O)OC	COC([O-])=C(C)C(C)SC
Mol_16830	Mol_16830:atom30	enone	C/C=C(/C)C(=O)O[C@@H]1[C@H](O)[C@H]2C(C)(C)OC(=O)C[C@H](OC(C)=O)[C@]2(C)[C@H]2CC[C@]3(C)C(=CC(=O)[C@H]3c3ccoc3)[C@]12C	30;31;32;33	7;25;27;28;29;30;31;32;33;34;35;36;37;38;39;40;41	CC(C)(C)[C:1001]1=[CH:1002][C:1003](=[O:1004])[C@@H](c2ccoc2)C1(C)C	CC(C)(C)C1=CC(=O)[C@@H](c2ccoc2)C1(C)C	CSC1(C(C)(C)C)C=C([O-])[C@@H](c2ccoc2)C1(C)C
Mol_16836	Mol_16836:atom1	ester	C/C=C(\C)C(=O)O[C@H]1C(C)(C)[C@H](CC(=O)OC)[C@]2(C)C(=O)[C@@]1(O)[C@H]1O[C@]13[C@@H]1CC(=O)O[C@@H](c4ccoc4)[C@]1(C)CC[C@H]23	1;2;4;5	0;1;2;3;4;5;6;7	CO[C:1003](/[C:1002](C)=[CH:1001]/C)=[O:1004]	C/C=C(\C)C(=O)OC	COC([O-])=C(C)C(C)SC
Mol_16837	Mol_16837:atom1	ester	C/C=C(\C)C(=O)O[C@H]1C(C)(C)[C@H](CC(=O)OC)[C@]2(C)C(=O)[C@@]1(O)[C@H]1O[C@]13[C@@H]1CC(=O)O[C@@H](c4ccoc4)[C@]1(C)C[C@H]1O[C@]132	1;2;4;5	0;1;2;3;4;5;6;7	CO[C:1003](/[C:1002](C)=[CH:1001]/C)=[O:1004]	C/C=C(\C)C(=O)OC	COC([O-])=C(C)C(C)SC
Mol_16838	Mol_16838:atom1	ester	C/C=C(\C)C(=O)O[C@H]1C(C)(C)[C@H](CC(=O)OC)[C@]2(C)C(=O)[C@@]1(O)[C@H]1O[C@@]13C2=CC[C@]1(C)[C@H]3CC(=O)O[C@H]1c1ccoc1	1;2;4;5	0;1;2;3;4;5;6;7	CO[C:1003](/[C:1002](C)=[CH:1001]/C)=[O:1004]	C/C=C(\C)C(=O)OC	COC([O-])=C(C)C(C)SC
Mol_16839	Mol_16839:atom1	ester	C/C=C(\C)C(=O)O[C@H]1C(C)(C)[C@H](CC(=O)OC)[C@]2(C)C(=O)[C@@]1(O)C=C1[C@@H]2CC[C@@](C)(C(=O)c2ccoc2)[C@@]1(O)CC(=O)OC	1;2;4;5	0;1;2;3;4;5;6;7	CO[C:1003](/[C:1002](C)=[CH:1001]/C)=[O:1004]	C/C=C(\C)C(=O)OC	COC([O-])=C(C)C(C)SC
Mol_16840	Mol_16840:atom26	enone	C=C1C2=CC[C@H](c3ccoc3)[C@]2(C)[C@@H](OC(C)=O)[C@H](OC(C)=O)[C@@H]1[C@@]1(C)C=CC(=O)C(C)(C)[C@@H]1CC(=O)OC	26;27;28;29	23;24;25;26;27;28;29;30;31;32;33	CC1(C)CC(C)(C)[C:1003](=[O:1004])[CH:1002]=[CH:1001]1	CC1(C)C=CC(=O)C(C)(C)C1	CSC1C=C([O-])C(C)(C)CC1(C)C
Mol_16842	Mol_16842:atom7	ester	C=C1C2=CC[C@@H](C3=CC(O)OC3=O)[C@]2(C)[C@@H](OC(C)=O)[C@H](OC(C)=O)[C@@H]1[C@@]1(C)C=CC(=O)C(C)(C)[C@@H]1CC(=O)OC	7;6;11;12	4;5;6;7;8;9;10;11;12;13	CC(C)[C:1002]1=[CH:1001]C(O)O[C:1003]1=[O:1004]	CC(C)C1=CC(O)OC1=O	CSC1C(C(C)C)=C([O-])OC1O
Mol_16842	Mol_16842:atom28	enone	C=C1C2=CC[C@@H](C3=CC(O)OC3=O)[C@]2(C)[C@@H](OC(C)=O)[C@H](OC(C)=O)[C@@H]1[C@@]1(C)C=CC(=O)C(C)(C)[C@@H]1CC(=O)OC	28;29;30;31	25;26;27;28;29;30;31;32;33;34;35	CC1(C)CC(C)(C)[C:1003](=[O:1004])[CH:1002]=[CH:1001]1	CC1(C)C=CC(=O)C(C)(C)C1	CSC1C=C([O-])C(C)(C)CC1(C)C
Mol_16843	Mol_16843:atom6	ester	C=C1C2=CC[C@@H](C3=CC(=O)OC3O)[C@]2(C)[C@@H](OC(C)=O)[C@H](OC(C)=O)[C@@H]1[C@@]1(C)C=CC(=O)C(C)(C)[C@@H]1CC(=O)OC	6;7;8;9	4;5;6;7;8;9;10;11;12;13	CC(C)[C:1001]1=[CH:1002][C:1003](=[O:1004])OC1O	CC(C)C1=CC(=O)OC1O	CSC1(C(C)C)C=C([O-])OC1O
Mol_16843	Mol_16843:atom28	enone	C=C1C2=CC[C@@H](C3=CC(=O)OC3O)[C@]2(C)[C@@H](OC(C)=O)[C@H](OC(C)=O)[C@@H]1[C@@]1(C)C=CC(=O)C(C)(C)[C@@H]1CC(=O)OC	28;29;30;31	25;26;27;28;29;30;31;32;33;34;35	CC1(C)CC(C)(C)[C:1003](=[O:1004])[CH:1002]=[CH:1001]1	CC1(C)C=CC(=O)C(C)(C)C1	CSC1C=C([O-])C(C)(C)CC1(C)C
Mol_16844	Mol_16844:atom7	ester	C=C1C2=CC[C@@H](C3=CCOC3=O)[C@]2(C)[C@@H](O)[C@H](OC(C)=O)[C@@H]1[C@@]1(C)C=CC(=O)C(C)(C)[C@@H]1CC(=O)OC	7;6;10;11	4;5;6;7;8;9;10;11;12	CC(C)[C:1002]1=[CH:1001]CO[C:1003]1=[O:1004]	CC(C)C1=CCOC1=O	CSC1COC([O-])=C1C(C)C
Mol_16844	Mol_16844:atom24	enone	C=C1C2=CC[C@@H](C3=CCOC3=O)[C@]2(C)[C@@H](O)[C@H](OC(C)=O)[C@@H]1[C@@]1(C)C=CC(=O)C(C)(C)[C@@H]1CC(=O)OC	24;25;26;27	21;22;23;24;25;26;27;28;29;30;31	CC1(C)CC(C)(C)[C:1003](=[O:1004])[CH:1002]=[CH:1001]1	CC1(C)C=CC(=O)C(C)(C)C1	CSC1C=C([O-])C(C)(C)CC1(C)C
Mol_16853	Mol_16853:atom7	ester	CC1(C)OC(=O)C=C[C@]2(C)[C@H]3CC[C@@]4(C)C(=O)[C@]3(CC(=O)C[C@@H]12)O[C@@H]4c1ccoc1	7;6;4;5	1;3;4;5;6;7;8;9;10;22	CC1(C)CCO[C:1003](=[O:1004])[CH:1002]=[CH:1001]1	CC1(C)C=CC(=O)OCC1	CSC1C=C([O-])OCCC1(C)C
Mol_16854	Mol_16854:atom7	ester	CC1(C)OC(=O)C=C[C@]2(C)[C@H]3CC[C@@]4(C)C(=O)[C@]3(CC(=O)C[C@@H]12)O[C@@H]4C1=CC(=O)O[C@@H]1O	7;6;4;5	1;3;4;5;6;7;8;9;10;22	CC1(C)CCO[C:1003](=[O:1004])[CH:1002]=[CH:1001]1	CC1(C)C=CC(=O)OCC1	CSC1C=C([O-])OCCC1(C)C
Mol_16854	Mol_16854:atom25	ester	CC1(C)OC(=O)C=C[C@]2(C)[C@H]3CC[C@@]4(C)C(=O)[C@]3(CC(=O)C[C@@H]12)O[C@@H]4C1=CC(=O)O[C@@H]1O	25;26;27;28	13;23;24;25;26;27;28;29;30;31	C[C@H](O)[C:1001]1=[CH:1002][C:1003](=[O:1004])O[C@@H]1O	C[C@H](O)C1=CC(=O)O[C@@H]1O	CSC1([C@H](C)O)C=C([O-])O[C@@H]1O
Mol_16855	Mol_16855:atom13	ester	CO[C@H]1C[C@@H](C)[C@@H]2C[C@H]3OC(=O)C=C4[C@](C)(CC5=CC(=O)OC5)C[C@@H](OC(C)=O)[C@@H]([C@]43C)[C@@]2(C)[C@@H]1O	13;12;10;11	8;9;10;11;12;13;14;15;16;23;29;30;31	CC(C)(C)[C:1001]1=[CH:1002][C:1003](=[O:1004])OCC1(C)C	CC(C)(C)C1=CC(=O)OCC1(C)C	CSC1(C(C)(C)C)C=C([O-])OCC1(C)C
Mol_16855	Mol_16855:atom17	ester	CO[C@H]1C[C@@H](C)[C@@H]2C[C@H]3OC(=O)C=C4[C@](C)(CC5=CC(=O)OC5)C[C@@H](OC(C)=O)[C@@H]([C@]43C)[C@@]2(C)[C@@H]1O	17;18;19;20	14;16;17;18;19;20;21;22	CC[C:1001]1=[CH:1002][C:1003](=[O:1004])OC1	CCC1=CC(=O)OC1	CCC1(SC)C=C([O-])OC1
Mol_16867	Mol_16867:atom10	enone	COc1cc(O)c(C(=O)/C=C/c2ccccc2)c(OC)c1	10;9;7;8	2;3;4;6;7;8;9;10;11;12;13;14;15;16;17;20	c1ccc(/[CH:1001]=[CH:1002]/[C:1003](c2ccccc2)=[O:1004])cc1	O=C(/C=C/c1ccccc1)c1ccccc1	CSC(C=C([O-])c1ccccc1)c1ccccc1
Mol_16868	Mol_16868:atom12	enone	COc1cc2c(c(O)c1C(=O)/C=C/c1ccccc1)CC(O)C(C)(C)O2	12;11;9;10	2;3;4;5;6;8;9;10;11;12;13;14;15;16;17;18	c1ccc(/[CH:1001]=[CH:1002]/[C:1003](c2ccccc2)=[O:1004])cc1	O=C(/C=C/c1ccccc1)c1ccccc1	CSC(C=C([O-])c1ccccc1)c1ccccc1
Mol_16869	Mol_16869:atom12	enone	COc1cc(O)c2c(c1C(=O)/C=C/c1ccccc1)OC(C)(C)C=C2	12;11;9;10	2;3;4;6;7;8;9;10;11;12;13;14;15;16;17;18	c1ccc(/[CH:1001]=[CH:1002]/[C:1003](c2ccccc2)=[O:1004])cc1	O=C(/C=C/c1ccccc1)c1ccccc1	CSC(C=C([O-])c1ccccc1)c1ccccc1
Mol_16870	Mol_16870:atom14	enone	CC(C)=CCc1c(O)c2c(c(C(=O)/C=C/c3ccccc3)c1O)OC(C(C)(C)O)C2	14;13;11;12	5;6;8;9;10;11;12;13;14;15;16;17;18;19;20;21	c1ccc(/[CH:1001]=[CH:1002]/[C:1003](c2ccccc2)=[O:1004])cc1	O=C(/C=C/c1ccccc1)c1ccccc1	CSC(C=C([O-])c1ccccc1)c1ccccc1
Mol_16874	Mol_16874:atom27	ester	CC1(C)O[C@@]2(C[C@@H]3[C@@H](CC[C@]45C[C@]34C(=O)O[C@H]5c3ccoc3)O2)C[C@@H]1[C@]1(C)C=CC(=O)O1	27;28;29;30	24;25;26;27;28;29;30;31	CC1(C)O[C:1003](=[O:1004])[CH:1002]=[CH:1001]1	CC1(C)C=CC(=O)O1	CSC1C=C([O-])OC1(C)C
Mol_16875	Mol_16875:atom27	ester	CC1(C)O[C@]2(C[C@@H]3[C@@H](CC[C@]45C[C@]34C(=O)O[C@H]5c3ccoc3)O2)C[C@@H]1[C@]1(C)C=CC(=O)O1	27;28;29;30	24;25;26;27;28;29;30;31	CC1(C)O[C:1003](=[O:1004])[CH:1002]=[CH:1001]1	CC1(C)C=CC(=O)O1	CSC1C=C([O-])OC1(C)C
Mol_16876	Mol_16876:atom15	enone	CO[C@]1(CC=C(C)C)C(=O)[C@@](O)(C(=O)/C=C/c2ccccc2)C(=O)C(CC=C(C)C)=C1O	15;14;12;13	8;10;11;12;13;14;15;16;17;18;19;20;21;22	CC(C)(O)[C:1003](/[CH:1002]=[CH:1001]/c1ccccc1)=[O:1004]	CC(C)(O)C(=O)/C=C/c1ccccc1	CSC(C=C([O-])C(C)(C)O)c1ccccc1
Mol_16876	Mol_16876:atom30	enone	CO[C@]1(CC=C(C)C)C(=O)[C@@](O)(C(=O)/C=C/c2ccccc2)C(=O)C(CC=C(C)C)=C1O	30;24;22;23	1;2;3;8;10;11;12;22;23;24;25;26;30;31	CC[C:1002]1=[C:1001](O)[C@](C)(O)C[C@](C)(O)[C:1003]1=[O:1004]	CCC1=C(O)[C@](C)(O)C[C@](C)(O)C1=O	CCC1=C([O-])[C@@](C)(O)C[C@@](C)(O)C1(O)SC
Mol_16898	Mol_16898:atom1	enone	CC1=CC(=O)[C@@]2(C)[C@@H]1CC(=O)[C@@]13CO[C@]4(C)[C@@H](OC(=O)[C@@H]41)[C@H](O)[C@H]23	1;2;3;4	0;1;2;3;4;5;6;7;8;23	C[C@H]1C(C)(C)[C:1003](=[O:1004])[CH:1002]=[C:1001]1C	CC1=CC(=O)C(C)(C)[C@@H]1C	CSC1(C)C=C([O-])C(C)(C)[C@@H]1C
Mol_16899	Mol_16899:atom1	enone	CC1=C(Cl)C(=O)[C@@]2(C)C1=CC(=O)[C@@]13CO[C@]4(C)[C@@H](OC(=O)[C@@H]41)[C@H](O)[C@H]23	1;2;4;5	0;1;2;3;4;5;6;7;8;9;24	C=C1C(C)(C)[C:1003](=[O:1004])[C:1002](Cl)=[C:1001]1C	C=C1C(C)=C(Cl)C(=O)C1(C)C	C=C1C(C)(C)C([O-])=C(Cl)C1(C)SC
Mol_16899	Mol_16899:atom8	enone	CC1=C(Cl)C(=O)[C@@]2(C)C1=CC(=O)[C@@]13CO[C@]4(C)[C@@H](OC(=O)[C@@H]41)[C@H](O)[C@H]23	8;9;10;11	0;1;2;4;6;7;8;9;10;11;12;13;21;24	CC1=CC[C@]2(C)CC(C)(C)[C:1003](=[O:1004])[CH:1002]=[C:1001]12	CC1=CC[C@]2(C)CC(C)(C)C(=O)C=C12	CSC12C=C([O-])C(C)(C)C[C@@]1(C)CC=C2C
Mol_16900	Mol_16900:atom9	enone	COC(=O)[C@@]1(O)C=C(C)C2=CC(=O)[C@@]34CO[C@]5(C)[C@@H](OC(=O)[C@@H]53)[C@H](O)[C@@H]4[C@]21C	9;10;11;12	4;6;7;8;9;10;11;12;13;14;22;25;26;27	CC1=CC[C@]2(C)CC(C)(C)[C:1003](=[O:1004])[CH:1002]=[C:1001]12	CC1=CC[C@]2(C)CC(C)(C)C(=O)C=C12	CSC12C=C([O-])C(C)(C)C[C@@]1(C)CC=C2C
Mol_16902	Mol_16902:atom1	enone	CC1=CC(=O)[C@@]2(C)C1=CC(=O)[C@@]13CO[C@]4(C)[C@@H](OC(=O)[C@@H]41)[C@H](O)[C@H]23	1;2;3;4	0;1;2;3;4;5;6;7;8;23	C=C1C(C)(C)[C:1003](=[O:1004])[CH:1002]=[C:1001]1C	C=C1C(C)=CC(=O)C1(C)C	C=C1C(C)(SC)C=C([O-])C1(C)C
Mol_16902	Mol_16902:atom7	enone	CC1=CC(=O)[C@@]2(C)C1=CC(=O)[C@@]13CO[C@]4(C)[C@@H](OC(=O)[C@@H]41)[C@H](O)[C@H]23	7;8;9;10	0;1;2;3;5;6;7;8;9;10;11;12;20;23	CC1=CC[C@]2(C)CC(C)(C)[C:1003](=[O:1004])[CH:1002]=[C:1001]12	CC1=CC[C@]2(C)CC(C)(C)C(=O)C=C12	CSC12C=C([O-])C(C)(C)C[C@@]1(C)CC=C2C
Mol_16903	Mol_16903:atom1	enone	CC1=CC(=O)[C@@H](O)[C@@]2(C)[C@H]1CC(=O)[C@@]13CO[C@]4(C)[C@@H](OC(=O)[C@@H]41)[C@H](O)[C@@H]32	1;2;3;4	0;1;2;3;4;5;6;7;9;10	C[C@@H]1C[C@H](O)[C:1003](=[O:1004])[CH:1002]=[C:1001]1C	CC1=CC(=O)[C@@H](O)C[C@H]1C	CSC1(C)C=C([O-])[C@@H](O)C[C@H]1C
Mol_16904	Mol_16904:atom1	enone	CC1=CC(=O)C(O)C2(C)C1CC(O)C13COC4(C)C(OC(=O)C41)C(O)C23	1;2;3;4	0;1;2;3;4;5;6;7;9;10	CC1CC(O)[C:1003](=[O:1004])[CH:1002]=[C:1001]1C	CC1=CC(=O)C(O)CC1C	CSC1(C)C=C([O-])C(O)CC1C
Mol_16909	Mol_16909:atom10	ester	CCCCCCOC(=O)/C=C/c1ccc(O)c(OC)c1	10;9;7;8	5;6;7;8;9;10;11;12;13;14;16;19	CO[C:1003](/[CH:1002]=[CH:1001]/c1ccccc1)=[O:1004]	COC(=O)/C=C/c1ccccc1	COC([O-])=CC(SC)c1ccccc1
Mol_16925	Mol_16925:atom0	enone	C=C1C(=O)C[C@H]2C[C@@H]3O[C@@]3(C)CC[C@@H]3O[C@@]3(C)C[C@@H](OC(C)=O)[C@H]1C2(C)C	0;1;2;3	0;1;2;3;4;5;18;23;24	C[C@H]1CCC[C:1003](=[O:1004])[C:1002]1=[CH2:1001]	C=C1C(=O)CCC[C@@H]1C	CSCC1=C([O-])CCC[C@@H]1C
Mol_16926	Mol_16926:atom0	ester	C=C1C(=O)OC2/C=C(/C)C(O)C/C=C(/C)C(O)C(OC(=O)/C(C)=C/C)[C@@H]12	0;1;2;3	0;1;2;3;4;5;17;25	C[C@@H]1CO[C:1003](=[O:1004])[C:1002]1=[CH2:1001]	C=C1C(=O)OC[C@H]1C	CSCC1=C([O-])OC[C@H]1C
Mol_16926	Mol_16926:atom23	ester	C=C1C(=O)OC2/C=C(/C)C(O)C/C=C(/C)C(O)C(OC(=O)/C(C)=C/C)[C@@H]12	23;21;19;20	17;18;19;20;21;22;23;24	CO[C:1003](/[C:1002](C)=[CH:1001]/C)=[O:1004]	C/C=C(\C)C(=O)OC	COC([O-])=C(C)C(C)SC
Mol_16968	Mol_16968:atom9	enone	C[C@H]1[C@H]2CC[C@H]3[C@@H]4CCC5=CC(=O)C=C[C@]5(C)[C@H]4CC[C@]23CN1C	9;10;11;12	7;8;9;10;11;12;13;14;15;16;17	CC[C:1001]1=[CH:1002][C:1003](=[O:1004])C=CC1(C)C	CCC1=CC(=O)C=CC1(C)C	CCC1(SC)C=C([O-])C=CC1(C)C
Mol_16968	Mol_16968:atom14	enone	C[C@H]1[C@H]2CC[C@H]3[C@@H]4CCC5=CC(=O)C=C[C@]5(C)[C@H]4CC[C@]23CN1C	14;13;11;12	9;10;11;12;13;14;15;16;17	CC1(C)C=C[C:1003](=[O:1004])[CH:1002]=[CH:1001]1	CC1(C)C=CC(=O)C=C1	CSC1C=C([O-])C=CC1(C)C
Mol_16969	Mol_16969:atom12	enone	C[C@@H]1N=C[C@]23C[C@@H](O)[C@H]4[C@@H](CCC5=CC(=O)C=C[C@@]54C)[C@@H]2CC[C@H]13	12;13;14;15	8;10;11;12;13;14;15;16;17;18;19	CC[C:1001]1=[CH:1002][C:1003](=[O:1004])C=CC1(C)C	CCC1=CC(=O)C=CC1(C)C	CCC1(SC)C=C([O-])C=CC1(C)C
Mol_16969	Mol_16969:atom17	enone	C[C@@H]1N=C[C@]23C[C@@H](O)[C@H]4[C@@H](CCC5=CC(=O)C=C[C@@]54C)[C@@H]2CC[C@H]13	17;16;14;15	8;12;13;14;15;16;17;18;19	CC1(C)C=C[C:1003](=[O:1004])[CH:1002]=[CH:1001]1	CC1(C)C=CC(=O)C=C1	CSC1C=C([O-])C=CC1(C)C
Mol_16970	Mol_16970:atom9	enone	C[C@H]1[C@H]2CC[C@H]3[C@@H]4C=CC5=CC(=O)CC[C@]5(C)[C@H]4CC[C@]23CN1C	9;10;11;12	7;8;9;10;11;12;13;14;15;16;17	C=C[C:1001]1=[CH:1002][C:1003](=[O:1004])CCC1(C)C	C=CC1=CC(=O)CCC1(C)C	C=CC1(SC)C=C([O-])CCC1(C)C
Mol_16971	Mol_16971:atom10	enone	C[C@H]1[C@H]2CC[C@H]3[C@@H]4C(=O)C=C5C=CCC[C@]5(C)[C@H]4CC[C@]23CN1C	10;9;7;8	5;6;7;8;9;10;11;12;14;15;16;17	C=C[C:1001]1=[CH:1002][C:1003](=[O:1004])[C@@H](C)CC1(C)C	C=CC1=CC(=O)[C@@H](C)CC1(C)C	C=CC1(SC)C=C([O-])[C@@H](C)CC1(C)C
Mol_16979	Mol_16979:atom2	enone	C[C@]12C=CC(=O)C=C1CC[C@@H]1[C@@H]2[C@H](O)C[C@]2(C)C(=O)CC[C@@H]12	2;3;4;5	0;1;2;3;4;5;6;7;11	CC1(C)C=C[C:1003](=[O:1004])[CH:1002]=[CH:1001]1	CC1(C)C=CC(=O)C=C1	CSC1C=C([O-])C=CC1(C)C
Mol_16979	Mol_16979:atom7	enone	C[C@]12C=CC(=O)C=C1CC[C@@H]1[C@@H]2[C@H](O)C[C@]2(C)C(=O)CC[C@@H]12	7;6;4;5	0;1;2;3;4;5;6;7;8;9;11	CC[C:1001]1=[CH:1002][C:1003](=[O:1004])C=CC1(C)C	CCC1=CC(=O)C=CC1(C)C	CCC1(SC)C=C([O-])C=CC1(C)C
Mol_16982	Mol_16982:atom6	enone	C[C@]12CC[C@@H]3[C@H]1C=C1C(=O)c4cc(O)ccc4C(=O)C1(O2)[C@]3(C)C=O	6;7;8;9	1;4;5;6;7;8;9;10;11;12;14;15;16;17;19;20;21	c1ccc2c(c1)CC13CC[C@H](CO1)[CH:1001]=[C:1002]3[C:1003]2=[O:1004]	O=C1C2=C[C@@H]3CCC2(Cc2ccccc21)OC3	CSC1C2=C([O-])c3ccccc3CC23CC[C@@H]1CO3
Mol_16996	Mol_16996:atom16	ester	CC1=C(c2ccc(O[C@@H]3O[C@H](COC(=O)/C=C/c4ccc(O)cc4)[C@@H](O)[C@H](O)[C@H]3O)cc2)CN2CCCC2C1	16;15;13;14	11;12;13;14;15;16;17;18;19;20;22;23	CO[C:1003](/[CH:1002]=[CH:1001]/c1ccccc1)=[O:1004]	COC(=O)/C=C/c1ccccc1	COC([O-])=CC(SC)c1ccccc1
Mol_16997	Mol_16997:atom18	ester	CC1=C(c2ccc(OC3OC(CO)C(OC(=O)/C=C/c4ccc(O)cc4)C(O)C3O)cc2)CCN2CCCC12	18;17;15;16	13;14;15;16;17;18;19;20;21;22;24;25	CO[C:1003](/[CH:1002]=[CH:1001]/c1ccccc1)=[O:1004]	COC(=O)/C=C/c1ccccc1	COC([O-])=CC(SC)c1ccccc1
Mol_17002	Mol_17002:atom27	ester	COc1cc(-c2oc3cc(O)cc(O)c3c(=O)c2O[C@H]2OC(COC(=O)/C=C/c3ccc(O)cc3)[C@H](O)C(O)[C@H]2O)ccc1O	27;26;24;25	22;23;24;25;26;27;28;29;30;31;33;34	CO[C:1003](/[CH:1002]=[CH:1001]/c1ccccc1)=[O:1004]	COC(=O)/C=C/c1ccccc1	COC([O-])=CC(SC)c1ccccc1
Mol_17003	Mol_17003:atom2	enone	COC1=CC(=O)[C@]23[C@H](CC=C4[C@H](C)[C@@H]5CC[C@H]6C(C)(C)CCC[C@]6(C)[C@H]5[C@H](OOC25CC(=O)c2c(O)cc(OC)cc2O5)[C@H]43)C1=O	2;3;4;5	0;1;2;3;4;5;6;7;29;43;44;45	CO[C:1001]1=[CH:1002][C:1003](=[O:1004])C(C)(C)CC1=O	COC1=CC(=O)C(C)(C)CC1=O	COC1(SC)C=C([O-])C(C)(C)CC1=O
Mol_17003	Mol_17003:atom3	enone	COC1=CC(=O)[C@]23[C@H](CC=C4[C@H](C)[C@@H]5CC[C@H]6C(C)(C)CCC[C@]6(C)[C@H]5[C@H](OOC25CC(=O)c2c(O)cc(OC)cc2O5)[C@H]43)C1=O	3;2;44;45	0;1;2;3;4;5;6;7;8;44;45	CO[C:1002]1=[CH:1001]C(=O)C[C@H](C)[C:1003]1=[O:1004]	COC1=CC(=O)C[C@H](C)C1=O	COC1=C([O-])[C@@H](C)CC(=O)C1SC
Mol_17028	Mol_17028:atom18	enone	C=C(C)[C@@H]1CC=C2[C@H](CC[C@@]3(C)[C@H]([C@H](CC(=O)C=C(C)C)C(=O)OC)CC[C@]23C)[C@@]1(C)CCC(=O)O	18;17;15;16	13;14;15;16;17;18;19;20	CC[C:1003]([CH:1002]=[C:1001](C)C)=[O:1004]	CCC(=O)C=C(C)C	CCC([O-])=CC(C)(C)SC
Mol_17029	Mol_17029:atom7	enone	CC1C(C(=O)CO)=CC[C@H]2[C@H]1CC[C@H]1[C@](C)(CO)CCC[C@]21C	7;2;3;4	0;1;2;3;4;5;6;7;8;9;10	CC1CCC[CH:1001]=[C:1002]1[C:1003](CO)=[O:1004]	CC1CCCC=C1C(=O)CO	CSC1CCCC(C)C1=C([O-])CO
Mol_17032	Mol_17032:atom2	enal	C=CC1=C(C=O)[C@@H]2O[C@@H](O)C[C@H]3C(C)(C)CCC[C@]3(C)[C@H]2CC1	2;3;4;5	0;1;2;3;4;5;6;7;20;21;22	C=C[C:1001]1=[C:1002]([CH:1003]=[O:1004])[C@H](O)CCC1	C=CC1=C(C=O)[C@H](O)CCC1	C=CC1(SC)CCC[C@@H](O)C1=C[O-]
Mol_17045	Mol_17045:atom22	ester	C=C[C@H]1CN2CC[C@]3(C(=O)Nc4cccc(O)c43)[C@@H]2C[C@@H]1/C(=C\OC)C(=O)OC	22;21;25;26	2;19;20;21;22;23;24;25;26;27;28	CO/[CH:1001]=[C:1002](\C(C)C)[C:1003](OC)=[O:1004]	CO/C=C(/C(=O)OC)C(C)C	COC([O-])=C(C(C)C)C(OC)SC
Mol_17046	Mol_17046:atom22	ester	CC[C@@H]1CN2CCc3c([nH]c4cccc(OC)c34)[C@@H]2C[C@@H]1/C(=C\OC)C(=O)OC	22;21;25;26	2;19;20;21;22;23;24;25;26;27;28	CO/[CH:1001]=[C:1002](\C(C)C)[C:1003](OC)=[O:1004]	CO/C=C(/C(=O)OC)C(C)C	COC([O-])=C(C(C)C)C(OC)SC
Mol_17047	Mol_17047:atom22	ester	CCC1CN2CCc3c([nH]c4cccc(OC)c34)[C@H]2C[C@@H]1/C(=C\OC)C(=O)OC	22;21;25;26	2;19;20;21;22;23;24;25;26;27;28	CO/[CH:1001]=[C:1002](\C(C)C)[C:1003](OC)=[O:1004]	CO/C=C(/C(=O)OC)C(C)C	COC([O-])=C(C(C)C)C(OC)SC
Mol_17048	Mol_17048:atom22	ester	CC[C@H]1CN2CCc3c([nH]c4cccc(OC)c34)[C@@H]2C[C@@H]1/C(=C\OC)C(=O)OC	22;21;25;26	2;19;20;21;22;23;24;25;26;27;28	CO/[CH:1001]=[C:1002](\C(C)C)[C:1003](OC)=[O:1004]	CO/C=C(/C(=O)OC)C(C)C	COC([O-])=C(C(C)C)C(OC)SC
Mol_17049	Mol_17049:atom22	ester	CC[C@@H]1CN2CCc3c([nH]c4cccc(OC)c34)[C@H]2C[C@@H]1/C(=C\OC)C(=O)OC	22;21;25;26	2;19;20;21;22;23;24;25;26;27;28	CO/[CH:1001]=[C:1002](\C(C)C)[C:1003](OC)=[O:1004]	CO/C=C(/C(=O)OC)C(C)C	COC([O-])=C(C(C)C)C(OC)SC
Mol_17059	Mol_17059:atom3	enone	COC1=C[C@@H](C)[C@@H]2C[C@H]3OC(=O)C[C@H]4C(C)=C(OC)C(=O)[C@H]([C@@]2(C)C1=O)[C@@]34C	3;2;24;25	0;1;2;3;4;5;6;21;22;23;24;25	CO[C:1002]1=[CH:1001][C@@H](C)CC(C)(C)[C:1003]1=[O:1004]	COC1=C[C@@H](C)CC(C)(C)C1=O	COC1=C([O-])C(C)(C)C[C@H](C)C1SC
Mol_17059	Mol_17059:atom14	enone	COC1=C[C@@H](C)[C@@H]2C[C@H]3OC(=O)C[C@H]4C(C)=C(OC)C(=O)[C@H]([C@@]2(C)C1=O)[C@@]34C	14;16;19;20	12;13;14;15;16;17;18;19;20;21;22;26	CO[C:1002]1=[C:1001](C)[C@H](C)C[C@@H](C)[C:1003]1=[O:1004]	COC1=C(C)[C@H](C)C[C@@H](C)C1=O	COC1=C([O-])[C@H](C)C[C@@H](C)C1(C)SC
Mol_17065	Mol_17065:atom6	enone	CC(/C=C/[C@@]1(O)C(CO)=CC(=O)CC1(C)C)=C\C(=O)O	6;9;10;11	3;4;5;6;7;8;9;10;11;12;13	C[C@]1(O)CC[C:1003](=[O:1004])[CH:1002]=[C:1001]1CO	C[C@]1(O)CCC(=O)C=C1CO	CSC1(CO)C=C([O-])CC[C@]1(C)O
Mol_17066	Mol_17066:atom1	enone	CC1=CC(=O)CC(C)(C)[C@]1(O)/C=C/C(C)=C/C(=O)O	1;2;3;4	0;1;2;3;4;5;6;9;10;11	C[C@@]1(O)CC[C:1003](=[O:1004])[CH:1002]=[C:1001]1C	CC1=CC(=O)CC[C@@]1(C)O	CSC1(C)C=C([O-])CC[C@@]1(C)O
Mol_17069	Mol_17069:atom10	enone	Cc1coc2c1C[C@@H]1[C@@H](C)C=CC(=O)[C@@]1(C)C2	10;11;12;13	7;8;9;10;11;12;13;14;15;16	C[C@@H]1CC(C)(C)[C:1003](=[O:1004])[CH:1002]=[CH:1001]1	C[C@H]1C=CC(=O)C(C)(C)C1	CSC1C=C([O-])C(C)(C)C[C@H]1C
Mol_18055	Mol_18055:atom7	enone	CC(=O)OC(C)(C)/C=C/C(=O)[C@](C)(O)[C@H]1[C@H](O)C[C@@]2(C)[C@@H]3CC=C4[C@@H](C=C(O)C(=O)C4(C)C)[C@]3(C)C(=O)C[C@]12C	7;8;9;10	3;4;5;6;7;8;9;10;11;12;13;14	CC(C)(O)/[CH:1001]=[CH:1002]/[C:1003](C(C)(C)O)=[O:1004]	CC(C)(O)/C=C/C(=O)C(C)(C)O	CSC(C=C([O-])C(C)(C)O)C(C)(C)O
Mol_18055	Mol_18055:atom25	enone	CC(=O)OC(C)(C)/C=C/C(=O)[C@](C)(O)[C@H]1[C@H](O)C[C@@]2(C)[C@@H]3CC=C4[C@@H](C=C(O)C(=O)C4(C)C)[C@]3(C)C(=O)C[C@]12C	25;26;28;29	23;24;25;26;27;28;29;30;31;32;33	C[C@H]1CC(C)(C)[C:1003](=[O:1004])[C:1002](O)=[CH:1001]1	C[C@@H]1C=C(O)C(=O)C(C)(C)C1	CSC1C(O)=C([O-])C(C)(C)C[C@@H]1C
Mol_18056	Mol_18056:atom22	enone	CC(C)(O)CCC(=O)[C@](C)(O)[C@H]1[C@H](O)C[C@@]2(C)[C@@H]3CC=C4[C@@H](C=C(O[C@@H]5O[C@H](CO)[C@@H](O)[C@H](O)[C@H]5O)C(=O)C4(C)C)[C@]3(C)C(=O)C[C@]12C	22;23;36;37	20;21;22;23;24;25;36;37;38;39;40;41	CO[C:1002]1=[CH:1001][C@@H](C)CC(C)(C)[C:1003]1=[O:1004]	COC1=C[C@@H](C)CC(C)(C)C1=O	COC1=C([O-])C(C)(C)C[C@H](C)C1SC
Mol_18138	Mol_18138:atom17	ester	C=C1CC[C@@H]2[C@](C)(CO)[C@H](O)CC[C@@]2(C)[C@@H]1C/C=C1/C(=O)OC[C@H]1O	17;18;19;20	15;16;17;18;19;20;21;22;23;24	CC/[CH:1001]=[C:1002]1\[C@H](O)CO[C:1003]1=[O:1004]	CC/C=C1/C(=O)OC[C@H]1O	CCC(SC)C1=C([O-])OC[C@H]1O
Mol_18159	Mol_18159:atom1	enone	CC1=CC(=O)[C@@H]2C[C@H]1C2(C)C	1;2;3;4	0;1;2;3;4;5;6;7;8	C[C:1001]1=[CH:1002][C:1003](=[O:1004])[C@H]2C[C@@H]1C2	CC1=CC(=O)[C@H]2C[C@@H]1C2	CSC1(C)C=C([O-])[C@H]2C[C@@H]1C2
Mol_18189	Mol_18189:atom1	enone	CC1=CC(=O)C2C3C1C2(C)CCCC3(C)C	1;2;3;4	0;1;2;3;4;5;6;7;8	C[C:1001]1=[CH:1002][C:1003](=[O:1004])C2CC1C2	CC1=CC(=O)C2CC1C2	CSC1(C)C=C([O-])C2CC1C2
Mol_18404	Mol_18404:atom15	enone	C=C[C@](C)(O)CC[C@@]1(C)[C@H](C)CC[C@@]2(C)C(C)=CC(=O)C[C@H]12	15;17;18;19	12;13;14;15;16;17;18;19;20;21	CC1(C)CC[C:1003](=[O:1004])[CH:1002]=[C:1001]1C	CC1=CC(=O)CCC1(C)C	CSC1(C)C=C([O-])CCC1(C)C
Mol_18406	Mol_18406:atom9	ester	C[C@@H]1[C@H](O)[C@@H]2OC(=O)C3=C2[C@H](CCC3)[C@@]12C[C@@H](c1ccoc1)OC2=O	9;8;6;7	2;4;5;6;7;8;9;10;11;12;13;14	C[C@@H]1O[C:1003](=[O:1004])[C:1002]2=[C:1001]1[C@@H](C)CCC2	C[C@@H]1OC(=O)C2=C1[C@@H](C)CCC2	CSC12C(=C([O-])O[C@H]1C)CCC[C@@H]2C
Mol_18418	Mol_18418:atom3	ester	O=C(/C=C/c1ccc(O)cc1)O[C@H]1C(Oc2cc(O)c3c(=O)cc(-c4ccc(O)cc4)oc3c2)O[C@H](CO)[C@@H](O)[C@@H]1O	3;2;1;0	0;1;2;3;4;5;6;7;9;10;11;12	CO[C:1003](/[CH:1002]=[CH:1001]/c1ccccc1)=[O:1004]	COC(=O)/C=C/c1ccccc1	COC([O-])=CC(SC)c1ccccc1
Mol_18419	Mol_18419:atom3	ester	O=C(/C=C/c1ccc(O)cc1)OC[C@H]1OC(Oc2cc(O)c3c(=O)cc(-c4ccc(O)cc4)oc3c2)[C@H](O)[C@@H](O)[C@@H]1O	3;2;1;0	0;1;2;3;4;5;6;7;9;10;11;12	CO[C:1003](/[CH:1002]=[CH:1001]/c1ccccc1)=[O:1004]	COC(=O)/C=C/c1ccccc1	COC([O-])=CC(SC)c1ccccc1
Mol_18423	Mol_18423:atom3	ester	O=C(/C=C/c1ccc(O)cc1)OC[C@H]1O[C@@H](Oc2cc(O)c3c(c2)OC(c2ccc(O)cc2)CC3=O)[C@H](O)[C@@H](O)[C@@H]1O	3;2;1;0	0;1;2;3;4;5;6;7;9;10;11;12	CO[C:1003](/[CH:1002]=[CH:1001]/c1ccccc1)=[O:1004]	COC(=O)/C=C/c1ccccc1	COC([O-])=CC(SC)c1ccccc1
Mol_18426	Mol_18426:atom3	ester	O=C(/C=C/c1ccc(O)cc1)OC[C@H]1O[C@@H](Oc2cc(O)c3c(=O)cc(-c4ccc(O)cc4)oc3c2)[C@H](O)[C@@H](O)[C@@H]1O	3;2;1;0	0;1;2;3;4;5;6;7;9;10;11;12	CO[C:1003](/[CH:1002]=[CH:1001]/c1ccccc1)=[O:1004]	COC(=O)/C=C/c1ccccc1	COC([O-])=CC(SC)c1ccccc1
Mol_18430	Mol_18430:atom3	ester	O=C(/C=C/c1ccc(O)cc1)OC[C@H]1O[C@@H](Oc2cc(O)c3c(=O)cc(-c4ccc(O)c(O)c4)oc3c2)[C@H](O)[C@@H](O)[C@@H]1O	3;2;1;0	0;1;2;3;4;5;6;7;9;10;11;12	CO[C:1003](/[CH:1002]=[CH:1001]/c1ccccc1)=[O:1004]	COC(=O)/C=C/c1ccccc1	COC([O-])=CC(SC)c1ccccc1
Mol_18433	Mol_18433:atom24	ester	COc1ccc(-c2cc(=O)c3c(O)cc(O[C@@H]4O[C@H](COC(=O)/C=C/c5ccc(O)cc5)[C@@H](O)[C@H](O)[C@H]4O)cc3o2)cc1O	24;23;21;22	19;20;21;22;23;24;25;26;27;28;30;31	CO[C:1003](/[CH:1002]=[CH:1001]/c1ccccc1)=[O:1004]	COC(=O)/C=C/c1ccccc1	COC([O-])=CC(SC)c1ccccc1
Mol_18449	Mol_18449:atom29	ester	C[C@@H]1O[C@@H](O[C@@H]2[C@@H](O)[C@H](OCCc3ccc(O)c(O)c3)O[C@H](CO)[C@H]2OC(=O)/C=C/c2ccc(O)c(O)c2)[C@H](O[C@@H]2OC[C@H](O)[C@@H](O)[C@H]2O)[C@H](O)[C@H]1O	29;28;26;27	24;25;26;27;28;29;30;31;32;33;35;37	CO[C:1003](/[CH:1002]=[CH:1001]/c1ccccc1)=[O:1004]	COC(=O)/C=C/c1ccccc1	COC([O-])=CC(SC)c1ccccc1
Mol_18464	Mol_18464:atom39	ester	CC1OC(OCC2OC(OCCc3ccc(O)c(O)c3)C(O)C(OC3OC(C)C(O)C(O)C3O)C2OC(=O)/C=C/c2ccc(O)c(O)c2)C(O)C(O)C1O	39;38;36;37	34;35;36;37;38;39;40;41;42;43;45;47	CO[C:1003](/[CH:1002]=[CH:1001]/c1ccccc1)=[O:1004]	COC(=O)/C=C/c1ccccc1	COC([O-])=CC(SC)c1ccccc1
Mol_18538	Mol_18538:atom19	enone	C[C@@H]1C(=O)O[C@H](C)[C@H]1CC(=O)[C@](C)(O)[C@H]1CC[C@@]2(O)C3=CC(=O)[C@@H]4C[C@@H](O)[C@@H](O)C[C@]4(C)[C@H]3CC[C@]12C	19;20;21;22	16;17;18;19;20;21;22;23;24;30;32;33;35	C[C@@H]1C[C@@H](C)[C:1003](=[O:1004])[CH:1002]=[C:1001]1C(C)(C)O	C[C@@H]1C[C@@H](C)C(C(C)(C)O)=CC1=O	CSC1(C(C)(C)O)C=C([O-])[C@H](C)C[C@H]1C
Mol_18539	Mol_18539:atom2	ester	CC1=C([C@@H](C)O)C[C@H]([C@](C)(O)[C@H]2CC[C@@]3(O)C4=CC(=O)[C@@H]5C[C@@H](O)[C@@H](O)C[C@]5(C)[C@H]4CC[C@]23C)OC1=O	2;1;35;36	0;1;2;3;4;5;6;7;34;35;36	C[C@@H](O)[C:1001]1=[C:1002](C)[C:1003](=[O:1004])OCC1	CC1=C([C@@H](C)O)CCOC1=O	CSC1([C@@H](C)O)CCOC([O-])=C1C
Mol_18539	Mol_18539:atom16	enone	CC1=C([C@@H](C)O)C[C@H]([C@](C)(O)[C@H]2CC[C@@]3(O)C4=CC(=O)[C@@H]5C[C@@H](O)[C@@H](O)C[C@]5(C)[C@H]4CC[C@]23C)OC1=O	16;17;18;19	13;14;15;16;17;18;19;20;21;27;29;30;32	C[C@@H]1C[C@@H](C)[C:1003](=[O:1004])[CH:1002]=[C:1001]1C(C)(C)O	C[C@@H]1C[C@@H](C)C(C(C)(C)O)=CC1=O	CSC1(C(C)(C)O)C=C([O-])[C@H](C)C[C@H]1C
Mol_18541	Mol_18541:atom13	enone	C[C@H](C[C@@H](O)[C@](C)(O)[C@H]1CC[C@@]2(O)C3=CC(=O)[C@@H]4C[C@@H](O)[C@@H](O)C[C@]4(C)[C@H]3CC[C@]12C)C(C)(C)O	13;14;15;16	10;11;12;13;14;15;16;17;18;24;26;27;29	C[C@@H]1C[C@@H](C)[C:1003](=[O:1004])[CH:1002]=[C:1001]1C(C)(C)O	C[C@@H]1C[C@@H](C)C(C(C)(C)O)=CC1=O	CSC1(C(C)(C)O)C=C([O-])[C@H](C)C[C@H]1C
Mol_18543	Mol_18543:atom19	enone	C[C@@H]1C(=O)O[C@H](C)[C@H]1C[C@@H](O)[C@](C)(O)[C@H]1CC[C@@]2(O)C3=CC(=O)[C@@H]4C[C@@H](O)[C@@H](O)C[C@]4(C)[C@H]3CC[C@]12C	19;20;21;22	16;17;18;19;20;21;22;23;24;30;32;33;35	C[C@@H]1C[C@@H](C)[C:1003](=[O:1004])[CH:1002]=[C:1001]1C(C)(C)O	C[C@@H]1C[C@@H](C)C(C(C)(C)O)=CC1=O	CSC1(C(C)(C)O)C=C([O-])[C@H](C)C[C@H]1C
Mol_18577	Mol_18577:atom1	enone	CC1=CC(=O)[C@H](CCO)[C@@H]1COC1O[C@H](CO)[C@@H](O)[C@H](O)[C@H]1O	1;2;3;4	0;1;2;3;4;5;6;9;10	C[C@@H]1[C@H](C)[C:1001](C)=[CH:1002][C:1003]1=[O:1004]	CC1=CC(=O)[C@H](C)[C@@H]1C	CSC1(C)C=C([O-])[C@H](C)[C@@H]1C
Mol_18578	Mol_18578:atom1	enone	CC1=CC(=O)[C@H](CCOC2O[C@H](CO)[C@@H](O)[C@H](O)[C@H]2O)[C@@H]1CO	1;2;3;4	0;1;2;3;4;5;6;20;21	C[C@@H]1[C@H](C)[C:1001](C)=[CH:1002][C:1003]1=[O:1004]	CC1=CC(=O)[C@H](C)[C@@H]1C	CSC1(C)C=C([O-])[C@H](C)[C@@H]1C
Mol_18579	Mol_18579:atom1	enone	CC1=CC(=O)[C@H](CCO)[C@@H]1CO	1;2;3;4	0;1;2;3;4;5;6;9;10	C[C@@H]1[C@H](C)[C:1001](C)=[CH:1002][C:1003]1=[O:1004]	CC1=CC(=O)[C@H](C)[C@@H]1C	CSC1(C)C=C([O-])[C@H](C)[C@@H]1C
Mol_18588	Mol_18588:atom1	enone	CC1=CC(=O)[C@]2(O)C=CO[C@@H](O[C@H]3O[C@H](CO)[C@@H](O)[C@H](O)[C@H]3O)[C@H]12	1;2;3;4	0;1;2;3;4;5;6;7;10;23	C[C@H]1[C@](C)(O)[C:1003](=[O:1004])[CH:1002]=[C:1001]1C	CC1=CC(=O)[C@@](C)(O)[C@@H]1C	CSC1(C)C=C([O-])[C@@](C)(O)[C@@H]1C
Mol_18592	Mol_18592:atom0	enone	C=C1CC[C@@H](C(C)C)[C@@H](O)[C@H]2O[C@@]2(C)CCC1=O	0;1;16;17	0;1;2;3;14;15;16;17	CC[C:1002](=[CH2:1001])[C:1003](CC)=[O:1004]	C=C(CC)C(=O)CC	CCC([O-])=C(CC)CSC
Mol_18600	Mol_18600:atom9	enone	CC(C)[C@@H]1CCC(=O)C2=C1[C@H](O)[C@](C)(O)CC2	9;8;6;7	1;3;4;5;6;7;8;9;10;11;12;15;16	C[C@@H]1CC[C:1003](=[O:1004])[C:1002]2=[C:1001]1[C@H](O)CCC2	C[C@@H]1CCC(=O)C2=C1[C@H](O)CCC2	CSC12C(=C([O-])CC[C@H]1C)CCC[C@H]2O
Mol_18603	Mol_18603:atom12	enone	C=C[C@@]1(C)CC[C@@H](C(C)C(=O)/C=C/C(C)(C)OO)O1	12;11;9;10	6;7;8;9;10;11;12;13;14;15;16	CC(C)[C:1003](/[CH:1002]=[CH:1001]/C(C)(C)O)=[O:1004]	CC(C)C(=O)/C=C/C(C)(C)O	CSC(C=C([O-])C(C)C)C(C)(C)O
Mol_18604	Mol_18604:atom1	enone	CC1=CC(=O)C2(OC3OC(C)C(O)C(O)C3O)C=COC(OC3OC(CO)C(O)C(O)C3O)C12	1;2;3;4	0;1;2;3;4;5;6;17;20;33	CC1C(C)(O)[C:1003](=[O:1004])[CH:1002]=[C:1001]1C	CC1=CC(=O)C(C)(O)C1C	CSC1(C)C=C([O-])C(C)(O)C1C
Mol_18620	Mol_18620:atom8	enone	CC1(C)CCC[C@]2(C)C3=C(C[C@@](C)(C(O)CO)CC3)C(=O)CC12	8;9;19;20	5;6;7;8;9;10;11;17;18;19;20;21;22	CC1(C)CC[C:1003](=[O:1004])[C:1002]2=[C:1001]1CCCC2	CC1(C)CCC(=O)C2=C1CCCC2	CSC12CCCCC1=C([O-])CCC2(C)C
Mol_18621	Mol_18621:atom8	enone	CC1(C)CCC[C@]2(C)C3=C(C[C@@](CO)(C(O)CO)CC3)C(=O)CC12	8;9;20;21	5;6;7;8;9;10;11;18;19;20;21;22;23	CC1(C)CC[C:1003](=[O:1004])[C:1002]2=[C:1001]1CCCC2	CC1(C)CCC(=O)C2=C1CCCC2	CSC12CCCCC1=C([O-])CCC2(C)C
Mol_18628	Mol_18628:atom8	enone	CC1(C)CCC[C@]2(C)C3=C(CC(C)([C@@H](O)CO)CC3=O)C(=O)CC12	8;9;20;21	5;6;7;8;9;10;11;17;18;19;20;21;22;23	CC1(C)CC[C:1003](=[O:1004])[C:1002]2=[C:1001]1C(=O)CCC2	CC1(C)CCC(=O)C2=C1C(=O)CCC2	CSC12C(=O)CCCC1=C([O-])CCC2(C)C
Mol_18628	Mol_18628:atom9	enone	CC1(C)CCC[C@]2(C)C3=C(CC(C)([C@@H](O)CO)CC3=O)C(=O)CC12	9;8;18;19	5;6;7;8;9;10;11;17;18;19;20;21;22;23	CC1(C)CCC(=O)[C:1001]2=[C:1002]1[C:1003](=[O:1004])CCC2	CC1(C)CCC(=O)C2=C1C(=O)CCC2	CSC12CCCC([O-])=C1C(C)(C)CCC2=O
Mol_18748	Mol_18748:atom5	ester	COc1cc(/C=C/C(=O)O[C@H]2[C@H](O[C@@H]3O[C@@H](C)[C@H](O)[C@@H](O)[C@H]3O)[C@@H](O)[C@H](OCCc3ccc(O)c(O)c3)O[C@@H]2CO)ccc1O	5;6;7;8	2;3;4;5;6;7;8;9;10;41;42;43	CO[C:1003](/[CH:1002]=[CH:1001]/c1ccccc1)=[O:1004]	COC(=O)/C=C/c1ccccc1	COC([O-])=CC(SC)c1ccccc1
Mol_18749	Mol_18749:atom19	ester	COc1ccc(CCO[C@@H]2O[C@H](CO)[C@@H](OC(=O)/C=C/c3ccc(O)c(OC)c3)[C@H](O[C@@H]3O[C@@H](C)[C@H](O)[C@@H](O)[C@H]3O)[C@H]2O)cc1O	19;18;16;17	14;15;16;17;18;19;20;21;22;23;25;28	CO[C:1003](/[CH:1002]=[CH:1001]/c1ccccc1)=[O:1004]	COC(=O)/C=C/c1ccccc1	COC([O-])=CC(SC)c1ccccc1
Mol_18750	Mol_18750:atom38	ester	C[C@H]1O[C@H](O[C@@H]2[C@@H](O)[C@H](OCCc3ccc(O)c(O)c3)O[C@H](CO[C@H]3OCC(O)(CO)[C@@H]3O)[C@H]2OC(=O)/C=C/c2ccc(O)c(O)c2)[C@@H](O)[C@@H](O)[C@@H]1O	38;37;35;36	33;34;35;36;37;38;39;40;41;42;44;46	CO[C:1003](/[CH:1002]=[CH:1001]/c1ccccc1)=[O:1004]	COC(=O)/C=C/c1ccccc1	COC([O-])=CC(SC)c1ccccc1
Mol_18751	Mol_18751:atom5	ester	COc1cc(/C=C/C(=O)O[C@@H]2[C@@H](CO[C@@H]3OC[C@](O)(CO)[C@H]3O)C[C@@H](OCCc3ccc(OC)c(O)c3)C[C@H]2O[C@@H]2O[C@@H](C)[C@H](O)[C@@H](O)[C@H]2O)ccc1C	5;6;7;8	2;3;4;5;6;7;8;9;10;50;51;52	CO[C:1003](/[CH:1002]=[CH:1001]/c1ccccc1)=[O:1004]	COC(=O)/C=C/c1ccccc1	COC([O-])=CC(SC)c1ccccc1
Mol_18752	Mol_18752:atom5	ester	COc1cc(/C=C/C(=O)OC2C(COC3OCC(O)(CO)C3O)OC(OCCc3ccc(O)c(O)c3)C(O)C2OC2OC(C)C(O)C(O)C2O)ccc1O	5;6;7;8	2;3;4;5;6;7;8;9;10;50;51;52	CO[C:1003](/[CH:1002]=[CH:1001]/c1ccccc1)=[O:1004]	COC(=O)/C=C/c1ccccc1	COC([O-])=CC(SC)c1ccccc1
Mol_18965	Mol_18965:atom21	enone	Cc1ccc2c3c1CCCC(C)(C)[C@@]3(O)C(=O)C(C(C)C)=C2	21;17;15;16	1;2;3;4;5;6;10;13;14;15;16;17;18;19;20;21	CC(C)[C:1002]1=[CH:1001]c2ccccc2[C@](C)(O)[C:1003]1=[O:1004]	CC(C)C1=Cc2ccccc2[C@](C)(O)C1=O	CSC1C(C(C)C)=C([O-])[C@@](C)(O)c2ccccc21
Mol_18999	Mol_18999:atom3	enone	CC(C)C1=CC(=O)C(C)CC1	3;4;5;6	0;1;2;3;4;5;6;7;8;9;10	CC(C)[C:1001]1=[CH:1002][C:1003](=[O:1004])C(C)CC1	CC(C)C1=CC(=O)C(C)CC1	CSC1(C(C)C)C=C([O-])C(C)CC1
Mol_19061	Mol_19061:atom38	ester	C[C@@H]1OC(O[C@@H]2[C@@H](O)[C@H](OCCc3ccc(O)c(O)c3)O[C@H](CO[C@@H]3OC[C@](O)(CO)[C@H]3O)[C@H]2OC(=O)/C=C/c2ccc(O)c(O)c2)[C@H](O[C@@H]2OC[C@H](O)[C@H](O)[C@H]2O)[C@H](O)[C@H]1O	38;37;35;36	33;34;35;36;37;38;39;40;41;42;44;46	CO[C:1003](/[CH:1002]=[CH:1001]/c1ccccc1)=[O:1004]	COC(=O)/C=C/c1ccccc1	COC([O-])=CC(SC)c1ccccc1
Mol_19074	Mol_19074:atom5	ester	COC(=O)C1=C2C[C@H](O)[C@@H](C)[C@H]2[C@H](O[C@@H]2O[C@H](CO)[C@@H](O)[C@H](O)[C@H]2O)O[C@H]1OC	5;4;2;3	0;1;2;3;4;5;6;7;9;11;12;25;26;27	CO[C:1003]([C:1002]1=[C:1001]2CCC[C@H]2CO[C@H]1O)=[O:1004]	COC(=O)C1=C2CCC[C@H]2CO[C@H]1O	COC([O-])=C1[C@H](O)OC[C@@H]2CCCC12SC
Mol_19075	Mol_19075:atom5	ester	COC(=O)C1=C2C[C@H](O)[C@@H](C)[C@H]2[C@H](O[C@@H]2O[C@H](CO)[C@@H](O)[C@H](O)[C@H]2O)O[C@@H]1OC	5;4;2;3	0;1;2;3;4;5;6;7;9;11;12;25;26;27	CO[C:1003]([C:1002]1=[C:1001]2CCC[C@H]2CO[C@@H]1O)=[O:1004]	COC(=O)C1=C2CCC[C@H]2CO[C@@H]1O	COC([O-])=C1[C@@H](O)OC[C@@H]2CCCC12SC
Mol_19078	Mol_19078:atom5	ester	COC(=O)C1=COC(O[C@@H]2O[C@H](CO)[C@@H](O)[C@H](O)[C@H]2O)C2[C@H](C)[C@@H](O)C[C@]12O	5;4;2;3	0;1;2;3;4;5;6;7;20;25;26;27	CO[C:1003]([C:1002]1=[CH:1001]OCC[C@@]1(C)O)=[O:1004]	COC(=O)C1=COCC[C@@]1(C)O	COC([O-])=C1C(SC)OCC[C@@]1(C)O
Mol_19079	Mol_19079:atom5	ester	COC(=O)C1=CO[C@@H](O[C@@H]2O[C@H](CO)[C@@H](O)[C@H](O)[C@H]2O)[C@@H]2[C@@](C)(O)[C@@H](O)C[C@]12O	5;4;2;3	0;1;2;3;4;5;6;7;20;26;27;28	CO[C:1003]([C:1002]1=[CH:1001]OCC[C@@]1(C)O)=[O:1004]	COC(=O)C1=COCC[C@@]1(C)O	COC([O-])=C1C(SC)OCC[C@@]1(C)O
Mol_19080	Mol_19080:atom5	ester	COC(=O)C1=CO[C@@H](O[C@@H]2O[C@H](CO)[C@@H](O)[C@H](O)[C@H]2O)[C@@H]2[C@H](C)[C@@H](O)C[C@H]12	5;4;2;3	0;1;2;3;4;5;6;7;20;25;26	CO[C:1003]([C:1002]1=[CH:1001]OCC[C@@H]1C)=[O:1004]	COC(=O)C1=COCC[C@@H]1C	COC([O-])=C1C(SC)OCC[C@@H]1C
Mol_19081	Mol_19081:atom5	ester	COC(=O)C1=CO[C@@H](O[C@@H]2O[C@H](CO)[C@@H](O)[C@H](O)[C@H]2O)[C@@H]2[C@@](C)(O)CC[C@]12O	5;4;2;3	0;1;2;3;4;5;6;7;20;25;26;27	CO[C:1003]([C:1002]1=[CH:1001]OCC[C@@]1(C)O)=[O:1004]	COC(=O)C1=COCC[C@@]1(C)O	COC([O-])=C1C(SC)OCC[C@@]1(C)O
Mol_19089	Mol_19089:atom3	ester	O=C(/C=C/c1ccc(O)c(O)c1)OCCc1ccc(O)c(O)c1	3;2;1;0	0;1;2;3;4;5;6;7;9;11;12;13	CO[C:1003](/[CH:1002]=[CH:1001]/c1ccccc1)=[O:1004]	COC(=O)/C=C/c1ccccc1	COC([O-])=CC(SC)c1ccccc1
Mol_19090	Mol_19090:atom27	ester	C[C@@H]1O[C@@H](OC[C@H]2O[C@@H](O[C@@H]3[C@@H](O)[C@@H](O)[C@H](Oc4ccc(CCOC(=O)/C=C/c5ccc(O)c(O)c5)cc4O)O[C@H]3C)[C@H](O)[C@@H](O)[C@H]2O)[C@H](O)[C@H](O)[C@H]1O	27;26;24;25	22;23;24;25;26;27;28;29;30;31;33;35	CO[C:1003](/[CH:1002]=[CH:1001]/c1ccccc1)=[O:1004]	COC(=O)/C=C/c1ccccc1	COC([O-])=CC(SC)c1ccccc1
Mol_19099	Mol_19099:atom7	enone	C[C@@]12CCC(=O)C=C1[C@@](C)(O)CCC2=O	7;6;4;5	0;1;2;3;4;5;6;7;8;9;10;11;13	CC(C)(O)[C:1001]1=[CH:1002][C:1003](=[O:1004])CCC1(C)C	CC(C)(O)C1=CC(=O)CCC1(C)C	CSC1(C(C)(C)O)C=C([O-])CCC1(C)C
Mol_19100	Mol_19100:atom2	enone	C[C@@]12C=CC(=O)C[C@H]1[C@@](C)(O)CC[C@H]2O	2;3;4;5	0;1;2;3;4;5;6;7;13	CC1(C)CC[C:1003](=[O:1004])[CH:1002]=[CH:1001]1	CC1(C)C=CC(=O)CC1	CSC1C=C([O-])CCC1(C)C
Mol_19103	Mol_19103:atom2	enone	CC1=C[C@@H]2[C@@H](C(C)C)CC[C@@](C)(O)[C@H]2CC1=O	2;1;15;16	0;1;2;3;4;13;14;15;16	C[C@@H]1CC[C:1003](=[O:1004])[C:1002](C)=[CH:1001]1	CC1=C[C@H](C)CCC1=O	CSC1C(C)=C([O-])CC[C@H]1C
Mol_19110	Mol_19110:atom3	enal	CCC/C=C/C=O	3;4;5;6	1;2;3;4;5;6	CC/[CH:1001]=[CH:1002]/[CH:1003]=[O:1004]	CC/C=C/C=O	CCC(C=C[O-])SC
Mol_19198	Mol_19198:atom4	enone	CC(C)C1C=CC(=O)CC1	4;5;6;7	1;3;4;5;6;7;8;9	CC1CC[C:1003](=[O:1004])[CH:1002]=[CH:1001]1	CC1C=CC(=O)CC1	CSC1C=C([O-])CCC1C
Mol_19209	Mol_19209:atom6	enal	CC(C)=CCC/C(C)=C/C=O	6;8;9;10	4;5;6;7;8;9;10	CC/[C:1001](C)=[CH:1002]/[CH:1003]=[O:1004]	CC/C(C)=C/C=O	CCC(C)(C=C[O-])SC
Mol_19214	Mol_19214:atom7	enal	CCCCC/C=C/C=C/C=O	7;8;9;10	5;6;7;8;9;10	C=C/[CH:1001]=[CH:1002]/[CH:1003]=[O:1004]	C=C/C=C/C=O	C=CC(C=C[O-])SC
Mol_19281	Mol_19281:atom11	enal	CC(C)=CCC/C(C)=C/CC/C(C)=C/C=O	11;13;14;15	9;10;11;12;13;14;15	CC/[C:1001](C)=[CH:1002]/[CH:1003]=[O:1004]	CC/C(C)=C/C=O	CCC(C)(C=C[O-])SC
Mol_19356	Mol_19356:atom1	ester	C/C=C(/C)C(=O)O[C@@H]1C[C@@H]2CC[C@@]1(C)C2(C)C	1;2;4;5	0;1;2;3;4;5;6;7	CO[C:1003](/[C:1002](C)=[CH:1001]\C)=[O:1004]	C/C=C(/C)C(=O)OC	COC([O-])=C(C)C(C)SC
Mol_19384	Mol_19384:atom27	ester	COc1cc(-c2cc(=O)c3c(O)cc(O[C@@H]4O[C@H](CO)[C@@H](O)[C@H](OC(=O)/C=C/c5ccc(O)cc5)[C@H]4O)cc3o2)ccc1O	27;26;24;25	22;23;24;25;26;27;28;29;30;31;33;34	CO[C:1003](/[CH:1002]=[CH:1001]/c1ccccc1)=[O:1004]	COC(=O)/C=C/c1ccccc1	COC([O-])=CC(SC)c1ccccc1
Mol_19493	Mol_19493:atom7	ester	C=C[C@](C)(O)CC/C=C(\C)C(=O)OC[C@@H]1O[C@H](OC(=O)[C@]23CCC(C)(C)C[C@H]2C2=CCC4[C@@]5(C)CC[C@H](O[C@@H]6O[C@H](CO[C@H]7OC[C@@H](O)[C@@H](O)[C@@H]7O[C@H]7OC[C@H](O)[C@@H](O)[C@@H]7O)[C@@H](O)[C@H](O)[C@H]6O)C(C)(C)C5CC[C@@]4(C)[C@]2(C)C[C@H]3O)[C@@H](O[C@@H]2O[C@@H](C)[C@H](O[C@@H]3OC[C@@H](O)[C@H](O[C@@H]4OC[C@@H](O)[C@H](O)[C@H]4O)[C@H]3O)[C@@H](O)[C@H]2O)[C@H](O)[C@H]1O	7;8;10;11	5;6;7;8;9;10;11;12;13	CC/[CH:1001]=[C:1002](\C)[C:1003](OC)=[O:1004]	CC/C=C(\C)C(=O)OC	CCC(SC)C(C)=C([O-])OC
Mol_19494	Mol_19494:atom21	ester	C=C[C@](C)(O)CC/C=C(\C)CO[C@H]1[C@H](O[C@@](C)(C=C)CC/C=C(\C)C(=O)OC[C@@H]2O[C@H](OC(=O)[C@]34CCC(C)(C)C[C@H]3C3=CCC5[C@@]6(C)CC[C@H](O[C@@H]7O[C@H](CO[C@H]8OC[C@@H](O)[C@@H](O)[C@@H]8O[C@H]8OC[C@H](O)[C@@H](O)[C@@H]8O)[C@@H](O)[C@H](O)[C@H]7O)C(C)(C)C6CC[C@@]5(C)[C@]3(C)CC4)[C@@H](O[C@@H]3O[C@@H](C)[C@H](O[C@@H]4OC[C@@H](O)[C@H](O[C@@H]5OC[C@@H](O)[C@H](O)[C@H]5O)[C@H]4O)[C@@H](O)[C@H]3O)[C@H](O)[C@H]2O)OC[C@H](O)[C@@H]1O	21;22;24;25	19;20;21;22;23;24;25;26;27	CC/[CH:1001]=[C:1002](\C)[C:1003](OC)=[O:1004]	CC/C=C(\C)C(=O)OC	CCC(SC)C(C)=C([O-])OC
Mol_19495	Mol_19495:atom7	ester	C=C[C@](C)(O)CC/C=C\C(=O)O[C@@H]1[C@@H](O)[C@H](C)O[C@@H](OC[C@@H]2O[C@H](OC(=O)[C@]34CCC(C)(C)C[C@H]3C3=CCC5[C@@]6(C)CC[C@H](O[C@@H]7O[C@H](CO[C@H]8OC[C@@H](O)[C@@H](O)[C@@H]8O[C@H]8OC[C@H](O)[C@@H](O)[C@@H]8O)[C@@H](O)[C@H](O)[C@H]7O)C(C)(C)C6CC[C@@]5(C)[C@]3(C)CC4)[C@@H](O[C@@H]3O[C@@H](C)[C@H](O[C@@H]4OC[C@@H](O)[C@H](O[C@@H]5OC[C@@H](O)[C@H](O)[C@H]5O)[C@H]4O)[C@@H](O)[C@H]3O)[C@H](O)[C@H]2O)[C@@H]1OC(=O)/C=C\CC[C@@](C)(O)C=C	7;8;9;10	5;6;7;8;9;10;11;12	CC/[CH:1001]=[CH:1002]\[C:1003](OC)=[O:1004]	CC/C=C\C(=O)OC	CCC(C=C([O-])OC)SC
Mol_19495	Mol_19495:atom125	ester	C=C[C@](C)(O)CC/C=C\C(=O)O[C@@H]1[C@@H](O)[C@H](C)O[C@@H](OC[C@@H]2O[C@H](OC(=O)[C@]34CCC(C)(C)C[C@H]3C3=CCC5[C@@]6(C)CC[C@H](O[C@@H]7O[C@H](CO[C@H]8OC[C@@H](O)[C@@H](O)[C@@H]8O[C@H]8OC[C@H](O)[C@@H](O)[C@@H]8O)[C@@H](O)[C@H](O)[C@H]7O)C(C)(C)C6CC[C@@]5(C)[C@]3(C)CC4)[C@@H](O[C@@H]3O[C@@H](C)[C@H](O[C@@H]4OC[C@@H](O)[C@H](O[C@@H]5OC[C@@H](O)[C@H](O)[C@H]5O)[C@H]4O)[C@@H](O)[C@H]3O)[C@H](O)[C@H]2O)[C@@H]1OC(=O)/C=C\CC[C@@](C)(O)C=C	125;124;122;123	120;121;122;123;124;125;126;127	CC/[CH:1001]=[CH:1002]\[C:1003](OC)=[O:1004]	CC/C=C\C(=O)OC	CCC(C=C([O-])OC)SC
Mol_19496	Mol_19496:atom7	ester	C=C[C@](C)(O)CC/C=C\C(=O)O[C@@H]1[C@@H](O)[C@H](C)O[C@@H](OC[C@@H]2O[C@H](OC(=O)[C@]34CCC(C)(C)C[C@H]3C3=CCC5[C@@]6(C)CC[C@H](O[C@@H]7O[C@H](CO[C@H]8OC[C@@H](O)[C@@H](O)[C@@H]8O[C@H]8OC[C@H](O)[C@@H](O)[C@@H]8O)[C@@H](O)[C@H](O)[C@H]7O)C(C)(C)C6CC[C@@]5(C)[C@]3(C)C[C@H]4O)[C@@H](O[C@@H]3O[C@@H](C)[C@H](O[C@@H]4OC[C@@H](O)[C@H](O[C@@H]5OC[C@@H](O)[C@H](O)[C@H]5O)[C@H]4O)[C@@H](O)[C@H]3O)[C@H](O)[C@H]2O)[C@@H]1OC(=O)[C@@H](CO)[C@H]1CC[C@@](C)(C=C)O1	7;8;9;10	5;6;7;8;9;10;11;12	CC/[CH:1001]=[CH:1002]\[C:1003](OC)=[O:1004]	CC/C=C\C(=O)OC	CCC(C=C([O-])OC)SC
Mol_19497	Mol_19497:atom7	ester	C=C[C@](C)(O)CC/C=C\C(=O)O[C@@H]1[C@@H](O)[C@H](C)O[C@@H](OC[C@@H]2O[C@H](OC(=O)[C@]34CCC(C)(C)C[C@H]3C3=CCC5[C@@]6(C)CC[C@H](O[C@@H]7O[C@H](CO[C@H]8OC[C@@H](O)[C@@H](O)[C@@H]8O[C@H]8OC[C@H](O)[C@@H](O)[C@@H]8O)[C@@H](O)[C@H](O)[C@H]7O)C(C)(C)C6CC[C@@]5(C)[C@]3(C)C[C@H]4O)[C@@H](O[C@@H]3O[C@@H](C)[C@H](O[C@@H]4OC[C@@H](O)[C@H](O[C@@H]5OC[C@@H](O)[C@H](O)[C@H]5O)[C@H]4O)[C@@H](O)[C@H]3O)[C@H](O)[C@H]2O)[C@@H]1OC(=O)[C@@H](CO)[C@@H]1CC[C@@](C)(C=C)O1	7;8;9;10	5;6;7;8;9;10;11;12	CC/[CH:1001]=[CH:1002]\[C:1003](OC)=[O:1004]	CC/C=C\C(=O)OC	CCC(C=C([O-])OC)SC
Mol_19552	Mol_19552:atom30	ester	C[C@@H]1O[C@@H](O[C@H]2[C@@H]3C=CO[C@@H](O[C@@H]4O[C@H](CO)[C@@H](O)[C@H](O)[C@H]4O)[C@@H]3[C@@]3(COC(=O)/C=C/c4ccccc4)O[C@@H]23)[C@H](O)[C@H](O)[C@H]1O	30;29;27;28	25;26;27;28;29;30;31;32;33;34;35;36	CO[C:1003](/[CH:1002]=[CH:1001]/c1ccccc1)=[O:1004]	COC(=O)/C=C/c1ccccc1	COC([O-])=CC(SC)c1ccccc1
Mol_19553	Mol_19553:atom37	ester	CC(=O)O[C@@H]1[C@@H](O)[C@H](C)O[C@@H](O[C@H]2[C@@H]3C=CO[C@@H](O[C@@H]4O[C@H](CO)[C@@H](O)[C@H](O)[C@H]4O)[C@@H]3[C@@]3(COC(=O)/C=C/c4ccccc4)O[C@@H]23)[C@@H]1OC(C)=O	37;36;34;35	32;33;34;35;36;37;38;39;40;41;42;43	CO[C:1003](/[CH:1002]=[CH:1001]/c1ccccc1)=[O:1004]	COC(=O)/C=C/c1ccccc1	COC([O-])=CC(SC)c1ccccc1
Mol_19554	Mol_19554:atom30	ester	C[C@@H]1O[C@@H](O[C@H]2[C@@H]3C=CO[C@@H](O[C@@H]4O[C@H](CO)[C@@H](O)[C@H](O)[C@H]4O)[C@@H]3[C@@]3(COC(=O)/C=C/c4ccc(O)cc4)O[C@@H]23)[C@H](O)[C@H](O)[C@H]1O	30;29;27;28	25;26;27;28;29;30;31;32;33;34;36;37	CO[C:1003](/[CH:1002]=[CH:1001]/c1ccccc1)=[O:1004]	COC(=O)/C=C/c1ccccc1	COC([O-])=CC(SC)c1ccccc1
Mol_19555	Mol_19555:atom30	ester	C[C@@H]1O[C@@H](O[C@H]2[C@@H]3C=CO[C@@H](O[C@@H]4O[C@H](CO)[C@@H](O)[C@H](O)[C@H]4O)[C@@H]3[C@@]3(COC(=O)/C=C/c4ccc(O)c(O)c4)O[C@@H]23)[C@H](O)[C@H](O)[C@H]1O	30;29;27;28	25;26;27;28;29;30;31;32;33;34;36;38	CO[C:1003](/[CH:1002]=[CH:1001]/c1ccccc1)=[O:1004]	COC(=O)/C=C/c1ccccc1	COC([O-])=CC(SC)c1ccccc1
Mol_19556	Mol_19556:atom5	ester	COc1cc(/C=C/C(=O)OC[C@]23O[C@H]2[C@@H](O[C@@H]2O[C@@H](C)[C@H](OC(C)=O)[C@@H](O)[C@H]2OC(C)=O)[C@@H]2C=CO[C@@H](O[C@@H]4O[C@H](CO)[C@@H](O)[C@H](O)[C@H]4O)[C@@H]23)ccc1O	5;6;7;8	2;3;4;5;6;7;8;9;10;50;51;52	CO[C:1003](/[CH:1002]=[CH:1001]/c1ccccc1)=[O:1004]	COC(=O)/C=C/c1ccccc1	COC([O-])=CC(SC)c1ccccc1
Mol_19558	Mol_19558:atom5	ester	COc1cc(/C=C/C(=O)O[C@@H]2[C@@H](O)[C@H](C)O[C@@H](O[C@H]3[C@@H]4C=CO[C@@H](O[C@@H]5O[C@H](CO)[C@@H](O)[C@H](O)[C@H]5O)[C@@H]4[C@@]4(CO)O[C@@H]34)[C@@H]2OC(=O)/C=C/c2ccc(O)c(OC)c2)ccc1O	5;6;7;8	2;3;4;5;6;7;8;9;10;57;58;59	CO[C:1003](/[CH:1002]=[CH:1001]/c1ccccc1)=[O:1004]	COC(=O)/C=C/c1ccccc1	COC([O-])=CC(SC)c1ccccc1
Mol_19558	Mol_19558:atom47	ester	COc1cc(/C=C/C(=O)O[C@@H]2[C@@H](O)[C@H](C)O[C@@H](O[C@H]3[C@@H]4C=CO[C@@H](O[C@@H]5O[C@H](CO)[C@@H](O)[C@H](O)[C@H]5O)[C@@H]4[C@@]4(CO)O[C@@H]34)[C@@H]2OC(=O)/C=C/c2ccc(O)c(OC)c2)ccc1O	47;46;44;45	42;43;44;45;46;47;48;49;50;51;53;56	CO[C:1003](/[CH:1002]=[CH:1001]/c1ccccc1)=[O:1004]	COC(=O)/C=C/c1ccccc1	COC([O-])=CC(SC)c1ccccc1
Mol_19559	Mol_19559:atom5	ester	COc1cc(/C=C/C(=O)O[C@@H]2[C@@H](OC(C)=O)[C@H](C)O[C@@H](O[C@H]3[C@@H]4C=CO[C@@H](O[C@@H]5O[C@H](CO)[C@@H](O)[C@H](O)[C@H]5O)[C@@H]4[C@@]4(CO)O[C@@H]34)[C@@H]2OC(=O)/C=C/c2ccc(O)c(OC)c2)ccc1O	5;6;7;8	2;3;4;5;6;7;8;9;10;60;61;62	CO[C:1003](/[CH:1002]=[CH:1001]/c1ccccc1)=[O:1004]	COC(=O)/C=C/c1ccccc1	COC([O-])=CC(SC)c1ccccc1
Mol_19559	Mol_19559:atom50	ester	COc1cc(/C=C/C(=O)O[C@@H]2[C@@H](OC(C)=O)[C@H](C)O[C@@H](O[C@H]3[C@@H]4C=CO[C@@H](O[C@@H]5O[C@H](CO)[C@@H](O)[C@H](O)[C@H]5O)[C@@H]4[C@@]4(CO)O[C@@H]34)[C@@H]2OC(=O)/C=C/c2ccc(O)c(OC)c2)ccc1O	50;49;47;48	45;46;47;48;49;50;51;52;53;54;56;59	CO[C:1003](/[CH:1002]=[CH:1001]/c1ccccc1)=[O:1004]	COC(=O)/C=C/c1ccccc1	COC([O-])=CC(SC)c1ccccc1
Mol_19560	Mol_19560:atom34	ester	C[C@@H]1O[C@@H](O[C@H]2[C@@H]3C=CO[C@@H](O[C@@H]4O[C@H](CO)[C@@H](O)[C@H](O)[C@H]4O)[C@@H]3[C@@]3(CO)O[C@@H]23)[C@H](OC(=O)/C=C/c2ccc(O)cc2)[C@H](O)[C@H]1OC(=O)/C=C/c1ccc(O)cc1	34;33;31;32	29;30;31;32;33;34;35;36;37;38;40;41	CO[C:1003](/[CH:1002]=[CH:1001]/c1ccccc1)=[O:1004]	COC(=O)/C=C/c1ccccc1	COC([O-])=CC(SC)c1ccccc1
Mol_19560	Mol_19560:atom49	ester	C[C@@H]1O[C@@H](O[C@H]2[C@@H]3C=CO[C@@H](O[C@@H]4O[C@H](CO)[C@@H](O)[C@H](O)[C@H]4O)[C@@H]3[C@@]3(CO)O[C@@H]23)[C@H](OC(=O)/C=C/c2ccc(O)cc2)[C@H](O)[C@H]1OC(=O)/C=C/c1ccc(O)cc1	49;48;46;47	44;45;46;47;48;49;50;51;52;53;55;56	CO[C:1003](/[CH:1002]=[CH:1001]/c1ccccc1)=[O:1004]	COC(=O)/C=C/c1ccccc1	COC([O-])=CC(SC)c1ccccc1
Mol_19563	Mol_19563:atom41	ester	CC(=O)O[C@H]1[C@H](O)[C@H](O[C@H]2C3C=CO[C@@H](O[C@@H]4O[C@H](CO)[C@@H](O)[C@H](O)[C@H]4O)C3[C@@]3(CO)O[C@@H]23)O[C@@H](C)[C@@H]1OC(=O)/C=C/c1ccccc1	41;40;38;39	36;37;38;39;40;41;42;43;44;45;46;47	CO[C:1003](/[CH:1002]=[CH:1001]/c1ccccc1)=[O:1004]	COC(=O)/C=C/c1ccccc1	COC([O-])=CC(SC)c1ccccc1
Mol_19564	Mol_19564:atom5	ester	COc1cc(/C=C/C(=O)O[C@H]2[C@H](O)[C@H](O[C@H]3C4C=CO[C@@H](O[C@@H]5O[C@H](CO)[C@@H](O)[C@H](O)[C@H]5O)C4[C@@]4(CO)O[C@@H]34)O[C@@H](C)[C@@H]2O)ccc1O	5;6;7;8	2;3;4;5;6;7;8;9;10;44;45;46	CO[C:1003](/[CH:1002]=[CH:1001]/c1ccccc1)=[O:1004]	COC(=O)/C=C/c1ccccc1	COC([O-])=CC(SC)c1ccccc1
Mol_19565	Mol_19565:atom39	ester	CC(=O)O[C@@H]1[C@H](O[C@H]2C3C=CO[C@@H](O[C@@H]4O[C@H](CO)[C@@H](O)[C@H](O)[C@H]4O)C3[C@@]3(CO)O[C@@H]23)O[C@@H](C)[C@H](OC(=O)/C=C/c2ccccc2)[C@H]1OC(=O)/C=C/c1ccccc1	39;38;36;37	34;35;36;37;38;39;40;41;42;43;44;45	CO[C:1003](/[CH:1002]=[CH:1001]/c1ccccc1)=[O:1004]	COC(=O)/C=C/c1ccccc1	COC([O-])=CC(SC)c1ccccc1
Mol_19565	Mol_19565:atom51	ester	CC(=O)O[C@@H]1[C@H](O[C@H]2C3C=CO[C@@H](O[C@@H]4O[C@H](CO)[C@@H](O)[C@H](O)[C@H]4O)C3[C@@]3(CO)O[C@@H]23)O[C@@H](C)[C@H](OC(=O)/C=C/c2ccccc2)[C@H]1OC(=O)/C=C/c1ccccc1	51;50;48;49	46;47;48;49;50;51;52;53;54;55;56;57	CO[C:1003](/[CH:1002]=[CH:1001]/c1ccccc1)=[O:1004]	COC(=O)/C=C/c1ccccc1	COC([O-])=CC(SC)c1ccccc1
