site_id	family	dE_kcal	leverage	hstar	within_range	high_leverage
Mol_00013:atom29	ester	-12.016483541116855	0.4044439549088504	0.6666666666666666	True	False
Mol_00014:atom29	ester	-12.016483541116855	0.4044439549088504	0.6666666666666666	True	False
Mol_00017:atom1	enone	-13.074359347362554	0.07638884079779053	0.42857142857142855	True	False
Mol_00020:atom19	ester	-12.016483541116855	0.4044439549088504	0.6666666666666666	True	False
Mol_00029:atom1	enone	-10.180639264235712	0.19034969894451004	0.42857142857142855	True	False
Mol_00041:atom27	ester	-12.016483541116855	0.4044439549088504	0.6666666666666666	True	False
Mol_00049:atom22	enone	-5.614444289821812	0.6765189251077774	0.42857142857142855	False	True
Mol_00050:atom22	enone	-5.614444289821812	0.6765189251077774	0.42857142857142855	False	True
Mol_00051:atom2	enone	-15.026799863611547	0.0845907809179334	0.42857142857142855	True	False
Mol_00052:atom15	enone	-5.614444289821812	0.6765189251077774	0.42857142857142855	False	True
Mol_00053:atom22	ester	-15.674300901376842	0.12216559328339141	0.6666666666666666	True	False
Mol_00054:atom3	ester	-15.674300901376842	0.12216559328339141	0.6666666666666666	True	False
Mol_00058:atom26	ester	-12.016483541116855	0.4044439549088504	0.6666666666666666	True	False
Mol_00059:atom26	ester	-15.58246974736562	0.12458982609122041	0.6666666666666666	True	False
Mol_00080:atom4	ester	-2.529179126849224	2.912235230860808	0.6666666666666666	False	True
Mol_00081:atom11	ester	-2.529179126849224	2.912235230860808	0.6666666666666666	False	True
Mol_00082:atom9	ester	-2.529179126849224	2.912235230860808	0.6666666666666666	False	True
Mol_00083:atom2	ester	-2.529179126849224	2.912235230860808	0.6666666666666666	False	True
Mol_00084:atom2	ester	-2.529179126849224	2.912235230860808	0.6666666666666666	False	True
Mol_00085:atom2	ester	-8.651555799471842	1.0005778548877198	0.6666666666666666	False	True
Mol_00086:atom2	ester	-8.651555799471842	1.0005778548877198	0.6666666666666666	False	True
Mol_00087:atom25	ester	-8.651555799471842	1.0005778548877198	0.6666666666666666	False	True
Mol_00088:atom9	enone	-10.883805746674376	0.14880490511186867	0.42857142857142855	True	False
Mol_00088:atom13	ester	-17.13253421000971	0.11585288003949998	0.6666666666666666	True	False
Mol_00090:atom4	ester	-8.651555799471842	1.0005778548877198	0.6666666666666666	False	True
Mol_00091:atom2	ester	-8.651555799471842	1.0005778548877198	0.6666666666666666	False	True
Mol_00094:atom2	ester	-2.529179126849224	2.912235230860808	0.6666666666666666	False	True
Mol_00095:atom2	ester	-8.651555799471842	1.0005778548877198	0.6666666666666666	False	True
Mol_00096:atom2	ester	-2.529179126849224	2.912235230860808	0.6666666666666666	False	True
Mol_00097:atom16	ester	-2.529179126849224	2.912235230860808	0.6666666666666666	False	True
Mol_00118:atom5	ester	-20.960708373922085	0.3874188258203186	0.6666666666666666	False	False
Mol_00120:atom5	ester	-21.49890217834161	0.45905620846387596	0.6666666666666666	False	False
Mol_00128:atom2	ester	-2.529179126849224	2.912235230860808	0.6666666666666666	False	True
Mol_00136:atom2	ester	-2.529179126849224	2.912235230860808	0.6666666666666666	False	True
Mol_00137:atom2	ester	-6.00922296857008	1.6946982229505758	0.6666666666666666	False	True
Mol_00143:atom11	ester	-12.508465726177503	0.3443009218631532	0.6666666666666666	True	False
Mol_00157:atom15	ester	-12.016483541116855	0.4044439549088504	0.6666666666666666	True	False
Mol_00175:atom3	enone	-15.2957110948641	0.09109255882386463	0.42857142857142855	True	False
Mol_00223:atom11	enone	-15.2957110948641	0.09109255882386463	0.42857142857142855	True	False
Mol_00230:atom3	enone	-14.588004018940149	0.07677427709659132	0.42857142857142855	True	False
Mol_00272:atom5	ester	-7.601015182067438	1.2527373796259138	0.6666666666666666	False	True
Mol_00273:atom4	enone	-7.743527348546781	0.4031678675666326	0.42857142857142855	False	False
Mol_00274:atom4	enone	-7.743527348546781	0.4031678675666326	0.42857142857142855	False	False
Mol_00280:atom3	ester	-12.016483541116855	0.4044439549088504	0.6666666666666666	True	False
Mol_00383:atom6	enone	-33.2605354023158	3.4713481639242625	0.42857142857142855	False	True
Mol_00383:atom13	enone	-33.2605354023158	3.4713481639242625	0.42857142857142855	False	True
Mol_00388:atom5	ester	-1.9613559183421465	3.1436209229783794	0.6666666666666666	False	True
Mol_00390:atom5	ester	-1.7692576844735548	3.2239786414745932	0.6666666666666666	False	True
Mol_00393:atom5	ester	-1.7692576844735548	3.2239786414745932	0.6666666666666666	False	True
Mol_00394:atom5	ester	-1.7692576844735548	3.2239786414745932	0.6666666666666666	False	True
Mol_00395:atom5	ester	-1.9613559183421465	3.1436209229783794	0.6666666666666666	False	True
Mol_00401:atom5	enal	-20.19582261353758	0.09019525899750269	0.46153846153846156	True	False
Mol_00402:atom17	ester	-12.016483541116855	0.4044439549088504	0.6666666666666666	True	False
Mol_00422:atom36	ester	-13.002616351894376	0.2908309474912113	0.6666666666666666	True	False
Mol_00433:atom17	ester	-13.002616351894376	0.2908309474912113	0.6666666666666666	True	False
Mol_00434:atom15	ester	-13.002616351894376	0.2908309474912113	0.6666666666666666	True	False
Mol_00435:atom17	ester	-13.002616351894376	0.2908309474912113	0.6666666666666666	True	False
Mol_00436:atom26	ester	-13.002616351894376	0.2908309474912113	0.6666666666666666	True	False
Mol_00440:atom1	enone	-11.338601075567173	0.12667068004830917	0.42857142857142855	True	False
Mol_00450:atom1	ester	-12.87931274693731	0.3035220583187026	0.6666666666666666	True	False
Mol_00451:atom1	ester	-12.87931274693731	0.3035220583187026	0.6666666666666666	True	False
Mol_00451:atom67	ester	-11.93330027436887	0.4152940108393159	0.6666666666666666	True	False
Mol_00453:atom1	ester	-11.93330027436887	0.4152940108393159	0.6666666666666666	True	False
Mol_00458:atom1	ester	-12.87931274693731	0.3035220583187026	0.6666666666666666	True	False
Mol_00459:atom1	ester	-12.87931274693731	0.3035220583187026	0.6666666666666666	True	False
Mol_00479:atom23	ester	-13.002616351894376	0.2908309474912113	0.6666666666666666	True	False
Mol_00480:atom31	ester	-13.002616351894376	0.2908309474912113	0.6666666666666666	True	False
Mol_00482:atom23	ester	-13.002616351894376	0.2908309474912113	0.6666666666666666	True	False
Mol_00483:atom23	ester	-13.002616351894376	0.2908309474912113	0.6666666666666666	True	False
Mol_00484:atom17	ester	-13.002616351894376	0.2908309474912113	0.6666666666666666	True	False
Mol_00486:atom23	ester	-13.002616351894376	0.2908309474912113	0.6666666666666666	True	False
Mol_00487:atom23	ester	-13.002616351894376	0.2908309474912113	0.6666666666666666	True	False
Mol_00488:atom22	ester	-13.002616351894376	0.2908309474912113	0.6666666666666666	True	False
Mol_00489:atom23	ester	-16.069751231781005	0.11446977377662663	0.6666666666666666	True	False
Mol_00490:atom23	ester	-13.002616351894376	0.2908309474912113	0.6666666666666666	True	False
Mol_00492:atom23	ester	-13.002616351894376	0.2908309474912113	0.6666666666666666	True	False
Mol_00494:atom28	ester	-13.002616351894376	0.2908309474912113	0.6666666666666666	True	False
Mol_00495:atom21	ester	-13.002616351894376	0.2908309474912113	0.6666666666666666	True	False
Mol_00496:atom23	ester	-13.002616351894376	0.2908309474912113	0.6666666666666666	True	False
Mol_00497:atom32	ester	-13.002616351894376	0.2908309474912113	0.6666666666666666	True	False
Mol_00498:atom43	ester	-13.002616351894376	0.2908309474912113	0.6666666666666666	True	False
Mol_00499:atom33	ester	-13.002616351894376	0.2908309474912113	0.6666666666666666	True	False
Mol_00500:atom23	ester	-13.002616351894376	0.2908309474912113	0.6666666666666666	True	False
Mol_00503:atom24	enone	-7.073815297650379	0.48036191436747633	0.42857142857142855	False	True
Mol_00504:atom24	enone	-7.073815297650379	0.48036191436747633	0.42857142857142855	False	True
Mol_00506:atom33	ester	-13.002616351894376	0.2908309474912113	0.6666666666666666	True	False
Mol_00507:atom37	ester	-13.002616351894376	0.2908309474912113	0.6666666666666666	True	False
Mol_00508:atom23	ester	-13.002616351894376	0.2908309474912113	0.6666666666666666	True	False
Mol_00509:atom31	ester	-13.002616351894376	0.2908309474912113	0.6666666666666666	True	False
Mol_00510:atom33	ester	-13.002616351894376	0.2908309474912113	0.6666666666666666	True	False
Mol_00511:atom20	ester	-13.002616351894376	0.2908309474912113	0.6666666666666666	True	False
Mol_00512:atom34	ester	-13.002616351894376	0.2908309474912113	0.6666666666666666	True	False
Mol_00513:atom19	ester	-13.002616351894376	0.2908309474912113	0.6666666666666666	True	False
Mol_00521:atom24	ester	-13.002616351894376	0.2908309474912113	0.6666666666666666	True	False
Mol_00530:atom12	enone	-7.073815297650379	0.48036191436747633	0.42857142857142855	False	True
Mol_00535:atom23	ester	-13.002616351894376	0.2908309474912113	0.6666666666666666	True	False
Mol_00536:atom46	ester	-13.002616351894376	0.2908309474912113	0.6666666666666666	True	False
Mol_00537:atom47	ester	-13.002616351894376	0.2908309474912113	0.6666666666666666	True	False
Mol_00538:atom23	ester	-13.002616351894376	0.2908309474912113	0.6666666666666666	True	False
Mol_00539:atom45	ester	-13.002616351894376	0.2908309474912113	0.6666666666666666	True	False
Mol_00540:atom22	ester	-13.002616351894376	0.2908309474912113	0.6666666666666666	True	False
Mol_00541:atom5	ester	-12.016483541116855	0.4044439549088504	0.6666666666666666	True	False
Mol_00542:atom12	ester	-12.016483541116855	0.4044439549088504	0.6666666666666666	True	False
Mol_00543:atom5	ester	-12.016483541116855	0.4044439549088504	0.6666666666666666	True	False
Mol_00544:atom12	ester	-12.016483541116855	0.4044439549088504	0.6666666666666666	True	False
Mol_00545:atom36	ester	-12.016483541116855	0.4044439549088504	0.6666666666666666	True	False
Mol_00546:atom36	ester	-12.016483541116855	0.4044439549088504	0.6666666666666666	True	False
Mol_00547:atom23	ester	-12.016483541116855	0.4044439549088504	0.6666666666666666	True	False
Mol_00551:atom1	ester	-11.93330027436887	0.4152940108393159	0.6666666666666666	True	False
Mol_00552:atom19	ester	-13.002616351894376	0.2908309474912113	0.6666666666666666	True	False
Mol_00556:atom12	enone	-8.05382431977082	0.37013644030489434	0.42857142857142855	False	False
Mol_00658:atom44	ester	-12.016483541116855	0.4044439549088504	0.6666666666666666	True	False
Mol_00659:atom44	ester	-15.58246974736562	0.12458982609122041	0.6666666666666666	True	False
Mol_00740:atom15	enone	-10.842816223726857	0.15098256716762282	0.42857142857142855	True	False
Mol_00741:atom8	ester	-10.337314616941995	0.6616240834975575	0.6666666666666666	False	False
Mol_00747:atom17	enone	-9.504752625278758	0.23866524380657572	0.42857142857142855	True	False
Mol_00757:atom24	ester	-12.016483541116855	0.4044439549088504	0.6666666666666666	True	False
Mol_00758:atom22	ester	-12.016483541116855	0.4044439549088504	0.6666666666666666	True	False
Mol_00773:atom38	ester	-12.016483541116855	0.4044439549088504	0.6666666666666666	True	False
Mol_00774:atom40	ester	-12.016483541116855	0.4044439549088504	0.6666666666666666	True	False
Mol_00776:atom49	ester	-12.016483541116855	0.4044439549088504	0.6666666666666666	True	False
Mol_00778:atom47	ester	-12.016483541116855	0.4044439549088504	0.6666666666666666	True	False
Mol_00781:atom14	ester	-12.016483541116855	0.4044439549088504	0.6666666666666666	True	False
Mol_00784:atom7	ester	-18.17988998703235	0.14868279145531418	0.6666666666666666	True	False
Mol_00793:atom3	ester	-12.016483541116855	0.4044439549088504	0.6666666666666666	True	False
Mol_00794:atom9	ester	-12.016483541116855	0.4044439549088504	0.6666666666666666	True	False
Mol_00834:atom17	ester	-11.197287430892226	0.5198808909503965	0.6666666666666666	False	False
Mol_00843:atom1	ester	-12.87931274693731	0.3035220583187026	0.6666666666666666	True	False
Mol_00844:atom1	ester	-11.93330027436887	0.4152940108393159	0.6666666666666666	True	False
Mol_00846:atom1	ester	-12.87931274693731	0.3035220583187026	0.6666666666666666	True	False
Mol_00847:atom1	ester	-12.87931274693731	0.3035220583187026	0.6666666666666666	True	False
Mol_00849:atom1	ester	-9.272919870525248	0.8662241581846974	0.6666666666666666	False	True
Mol_00850:atom1	ester	-11.93330027436887	0.4152940108393159	0.6666666666666666	True	False
Mol_00851:atom1	ester	-9.272919870525248	0.8662241581846974	0.6666666666666666	False	True
Mol_00853:atom1	ester	-16.263301848301953	0.1123262558549665	0.6666666666666666	True	False
Mol_00859:atom1	ester	-9.272919870525248	0.8662241581846974	0.6666666666666666	False	True
Mol_00864:atom1	ester	-9.272919870525248	0.8662241581846974	0.6666666666666666	False	True
Mol_00873:atom1	ester	-11.93330027436887	0.4152940108393159	0.6666666666666666	True	False
Mol_00877:atom1	ester	-12.87931274693731	0.3035220583187026	0.6666666666666666	True	False
Mol_00878:atom1	ester	-9.272919870525248	0.8662241581846974	0.6666666666666666	False	True
Mol_00879:atom1	ester	-12.87931274693731	0.3035220583187026	0.6666666666666666	True	False
Mol_00882:atom1	ester	-9.272919870525248	0.8662241581846974	0.6666666666666666	False	True
Mol_00904:atom1	ester	-11.93330027436887	0.4152940108393159	0.6666666666666666	True	False
Mol_00907:atom1	ester	-11.93330027436887	0.4152940108393159	0.6666666666666666	True	False
Mol_00908:atom0	ester	-15.789376993958372	0.11946672933030573	0.6666666666666666	True	False
Mol_00908:atom19	ester	-12.87931274693731	0.3035220583187026	0.6666666666666666	True	False
Mol_00909:atom1	ester	-11.93330027436887	0.4152940108393159	0.6666666666666666	True	False
Mol_00909:atom19	ester	-13.310547354393476	0.2610276000111339	0.6666666666666666	True	False
Mol_00910:atom1	ester	-12.87931274693731	0.3035220583187026	0.6666666666666666	True	False
Mol_00911:atom1	ester	-11.93330027436887	0.4152940108393159	0.6666666666666666	True	False
Mol_00912:atom1	ester	-12.87931274693731	0.3035220583187026	0.6666666666666666	True	False
Mol_00912:atom19	ester	-17.578731669169965	0.1260200415911265	0.6666666666666666	True	False
Mol_00913:atom1	ester	-11.93330027436887	0.4152940108393159	0.6666666666666666	True	False
Mol_00913:atom19	ester	-16.99396118734966	0.11384907449976321	0.6666666666666666	True	False
Mol_00914:atom1	ester	-12.87931274693731	0.3035220583187026	0.6666666666666666	True	False
Mol_00915:atom1	ester	-11.93330027436887	0.4152940108393159	0.6666666666666666	True	False
Mol_00943:atom4	enone	-23.959578313828185	0.9965823245279658	0.42857142857142855	False	True
Mol_00944:atom4	enone	-17.069636650573102	0.16657310664659294	0.42857142857142855	True	False
Mol_00945:atom2	enone	-23.947870495720988	0.9944476983952952	0.42857142857142855	False	True
Mol_00968:atom12	enone	-5.083467930243986	0.7573929021397746	0.42857142857142855	False	True
Mol_00969:atom13	enone	-4.926891115984074	0.7822095751774518	0.42857142857142855	False	True
Mol_00978:atom11	enone	-7.685917891358011	0.40949106478908803	0.42857142857142855	False	False
Mol_01002:atom26	enone	-19.550900255153696	0.3671044088830304	0.42857142857142855	False	False
Mol_01003:atom26	enone	-18.796248943801043	0.2943966478376222	0.42857142857142855	False	False
Mol_01013:atom2	enone	-7.674519385234625	0.41074923551957	0.42857142857142855	False	False
Mol_01037:atom26	enal	-19.75973827820326	0.07954694536057279	0.46153846153846156	True	False
Mol_01039:atom17	enal	-19.75973827820326	0.07954694536057279	0.46153846153846156	True	False
Mol_01091:atom6	enone	-14.326761628981206	0.0737653197853443	0.42857142857142855	True	False
Mol_01091:atom21	ester	-13.49425537961736	0.24453321902095793	0.6666666666666666	True	False
Mol_01092:atom6	enone	-14.326761628981206	0.0737653197853443	0.42857142857142855	True	False
Mol_01093:atom9	enone	-14.326761628981206	0.0737653197853443	0.42857142857142855	True	False
Mol_01093:atom28	ester	-13.49425537961736	0.24453321902095793	0.6666666666666666	True	False
Mol_01094:atom9	enone	-14.326761628981206	0.0737653197853443	0.42857142857142855	True	False
Mol_01188:atom9	ester	-13.49425537961736	0.24453321902095793	0.6666666666666666	True	False
Mol_01201:atom5	ester	-12.016483541116855	0.4044439549088504	0.6666666666666666	True	False
Mol_01204:atom35	enone	-7.099579624118935	0.47724299448915297	0.42857142857142855	False	True
Mol_01241:atom18	enone	-17.704623711276955	0.2073482240477444	0.42857142857142855	True	False
Mol_01241:atom24	enone	-6.356768232280471	0.5719546950319166	0.42857142857142855	False	True
Mol_01253:atom11	enone	-20.71628464607093	0.4995079612364305	0.42857142857142855	False	True
Mol_01253:atom25	enone	-19.90960111042082	0.40525543047072266	0.42857142857142855	False	False
Mol_01254:atom11	enone	-20.71628464607093	0.4995079612364305	0.42857142857142855	False	True
Mol_01254:atom25	enone	-11.368721867284256	0.1253361017775855	0.42857142857142855	True	False
Mol_01255:atom11	enone	-20.71628464607093	0.4995079612364305	0.42857142857142855	False	True
Mol_01255:atom25	enone	-9.191194871846108	0.2638699758591026	0.42857142857142855	True	False
Mol_01256:atom11	enone	-21.59796626412804	0.6159106700060935	0.42857142857142855	False	True
Mol_01258:atom11	enone	-20.71628464607093	0.4995079612364305	0.42857142857142855	False	True
Mol_01258:atom22	enone	-19.90960111042082	0.40525543047072266	0.42857142857142855	False	False
Mol_01263:atom4	enone	-16.529043786343607	0.13757476243601713	0.42857142857142855	True	False
Mol_01302:atom9	ester	-10.896252506167745	0.5671026525289518	0.6666666666666666	False	False
Mol_01303:atom16	enone	-8.33428209667438	0.34177145197800685	0.42857142857142855	True	False
Mol_01305:atom19	enone	-10.52765567925034	0.1687356395794672	0.42857142857142855	True	False
Mol_01309:atom3	ester	-12.016483541116855	0.4044439549088504	0.6666666666666666	True	False
Mol_01310:atom5	ester	-12.016483541116855	0.4044439549088504	0.6666666666666666	True	False
Mol_01364:atom3	ester	-12.016483541116855	0.4044439549088504	0.6666666666666666	True	False
Mol_01421:atom4	enone	-9.310014905108078	0.2541107641246516	0.42857142857142855	True	False
Mol_01432:atom1	enone	-8.018672064636807	0.3737914506617339	0.42857142857142855	False	False
Mol_01449:atom3	ester	-12.016483541116855	0.4044439549088504	0.6666666666666666	True	False
Mol_01450:atom5	ester	-12.016483541116855	0.4044439549088504	0.6666666666666666	True	False
Mol_01453:atom5	ester	-12.016483541116855	0.4044439549088504	0.6666666666666666	True	False
Mol_01454:atom3	ester	-12.016483541116855	0.4044439549088504	0.6666666666666666	True	False
Mol_01475:atom13	enal	-19.52993793886653	0.07722960542695073	0.46153846153846156	True	False
Mol_01478:atom13	enal	-19.52993793886653	0.07722960542695073	0.46153846153846156	True	False
Mol_01485:atom15	enal	-19.52993793886653	0.07722960542695073	0.46153846153846156	True	False
Mol_01499:atom5	enal	-19.52993793886653	0.07722960542695073	0.46153846153846156	True	False
Mol_01515:atom13	ester	-1.9374427530551632	3.15356691401332	0.6666666666666666	False	True
Mol_01516:atom0	ester	-21.84636497789343	0.5096874454295692	0.6666666666666666	False	False
Mol_01516:atom23	ester	-19.072829257923058	0.2013406772133864	0.6666666666666666	True	False
Mol_01517:atom0	ester	-19.072829257923058	0.2013406772133864	0.6666666666666666	True	False
Mol_01522:atom2	enone	-8.49987780503667	0.325687690165651	0.42857142857142855	True	False
Mol_01523:atom0	enone	-16.669796768220532	0.14461886685302805	0.42857142857142855	True	False
Mol_01529:atom5	ester	-12.016483541116855	0.4044439549088504	0.6666666666666666	True	False
Mol_01545:atom5	enal	-19.69275245483925	0.07863668176920265	0.46153846153846156	True	False
Mol_01562:atom14	enone	-17.693659596719733	0.2065826424717224	0.42857142857142855	True	False
Mol_01563:atom14	enone	-11.994854404989548	0.1012890701134907	0.42857142857142855	True	False
Mol_01593:atom0	enone	-16.836541872554342	0.1534248903307357	0.42857142857142855	True	False
Mol_01596:atom5	enal	-14.97706752878968	0.5000450493734767	0.46153846153846156	False	True
Mol_01600:atom5	enone	-12.466465711502142	0.08783243692027787	0.42857142857142855	True	False
Mol_01601:atom2	enone	-9.997044242806831	0.20266109619722156	0.42857142857142855	True	False
Mol_01601:atom8	enone	-10.9601539622029	0.1448292984832213	0.42857142857142855	True	False
Mol_01602:atom1	enone	-7.076349497906304	0.4800546054195013	0.42857142857142855	False	True
Mol_01614:atom1	enone	-12.481936648863266	0.08745876992684945	0.42857142857142855	True	False
Mol_01614:atom6	enone	-3.36735466099138	1.0534577626388872	0.42857142857142855	False	True
Mol_01615:atom0	ester	-15.074742514989657	0.14232743329404796	0.6666666666666666	True	False
Mol_01615:atom13	enal	-18.16127541532869	0.11052157292714732	0.46153846153846156	True	False
Mol_01616:atom0	ester	-15.074742514989657	0.14232743329404796	0.6666666666666666	True	False
Mol_01616:atom12	enal	-18.16127541532869	0.11052157292714732	0.46153846153846156	True	False
Mol_01617:atom0	ester	-18.579681622058725	0.16945195892155235	0.6666666666666666	True	False
Mol_01617:atom15	ester	-19.242274490451145	0.2138961656712715	0.6666666666666666	True	False
Mol_01618:atom0	ester	-18.579681622058725	0.16945195892155235	0.6666666666666666	True	False
Mol_01618:atom16	ester	-19.242274490451145	0.2138961656712715	0.6666666666666666	True	False
Mol_01647:atom6	enone	-9.153417965986485	0.26702596134448964	0.42857142857142855	True	False
Mol_01659:atom1	enal	-11.276916619377598	1.501020487389168	0.46153846153846156	False	True
Mol_01680:atom0	enone	-25.54591424123276	1.308609110977476	0.42857142857142855	False	True
Mol_01681:atom0	enone	-19.82512929809633	0.39606277652972177	0.42857142857142855	False	False
Mol_01687:atom12	enone	-15.342229819876737	0.09234925818906604	0.42857142857142855	True	False
Mol_01688:atom12	enone	-15.342229819876737	0.09234925818906604	0.42857142857142855	True	False
Mol_01699:atom8	ester	-6.0324605941499785	1.6877273329406182	0.6666666666666666	False	True
Mol_01700:atom0	ester	-19.072829257923058	0.2013406772133864	0.6666666666666666	True	False
Mol_01700:atom7	enone	-13.154844338952696	0.0753719773768615	0.42857142857142855	True	False
Mol_01701:atom1	enone	-12.481936648863266	0.08745876992684945	0.42857142857142855	True	False
Mol_01701:atom6	enone	-3.36735466099138	1.0534577626388872	0.42857142857142855	False	True
Mol_01702:atom2	ester	-2.529179126849224	2.912235230860808	0.6666666666666666	False	True
Mol_01703:atom4	ester	-15.262348574009984	0.13491827198957645	0.6666666666666666	True	False
Mol_01704:atom0	ester	-19.242274490451145	0.2138961656712715	0.6666666666666666	True	False
Mol_01706:atom0	ester	-19.072829257923058	0.2013406772133864	0.6666666666666666	True	False
Mol_01706:atom13	enone	-18.305377293673487	0.25260147923185416	0.42857142857142855	False	False
Mol_01707:atom0	ester	-19.072829257923058	0.2013406772133864	0.6666666666666666	True	False
Mol_01709:atom6	enone	-3.36735466099138	1.0534577626388872	0.42857142857142855	False	True
Mol_01709:atom12	enone	-12.481936648863266	0.08745876992684945	0.42857142857142855	True	False
Mol_01710:atom1	enone	-14.62828379287676	0.07734744039110264	0.42857142857142855	True	False
Mol_01710:atom6	enone	-8.53459706041725	0.3223780705739753	0.42857142857142855	True	False
Mol_01711:atom15	ester	-15.593932168471907	0.1242741155432958	0.6666666666666666	True	False
Mol_01712:atom6	enone	-10.411018156660536	0.17575879790931007	0.42857142857142855	True	False
Mol_01715:atom9	enone	-15.2957110948641	0.09109255882386463	0.42857142857142855	True	False
Mol_01716:atom6	enone	-15.2957110948641	0.09109255882386463	0.42857142857142855	True	False
Mol_01725:atom1	enone	-12.481936648863266	0.08745876992684945	0.42857142857142855	True	False
Mol_01725:atom6	enone	-14.736156892165477	0.07902615505698357	0.42857142857142855	True	False
Mol_01726:atom1	enone	-12.481936648863266	0.08745876992684945	0.42857142857142855	True	False
Mol_01726:atom6	enone	-3.36735466099138	1.0534577626388872	0.42857142857142855	False	True
Mol_01727:atom1	enone	-12.481936648863266	0.08745876992684945	0.42857142857142855	True	False
Mol_01727:atom6	enone	-14.736156892165477	0.07902615505698357	0.42857142857142855	True	False
Mol_01728:atom1	enone	-9.682980205924135	0.22512702577833155	0.42857142857142855	True	False
Mol_01729:atom1	enone	-9.682980205924135	0.22512702577833155	0.42857142857142855	True	False
Mol_01730:atom16	ester	-15.593932168471907	0.1242741155432958	0.6666666666666666	True	False
Mol_01731:atom0	ester	-15.074742514989657	0.14232743329404796	0.6666666666666666	True	False
Mol_01731:atom9	enone	-6.283280672545954	0.5818641689102171	0.42857142857142855	False	True
Mol_01731:atom15	enone	-3.1279099719000376	1.0989779960733834	0.42857142857142855	False	True
Mol_01732:atom0	ester	-15.074742514989657	0.14232743329404796	0.6666666666666666	True	False
Mol_01737:atom12	enone	-7.716615471614583	0.40611427769773756	0.42857142857142855	False	False
Mol_01760:atom5	ester	-13.912623884947063	0.21055605111803216	0.6666666666666666	True	False
Mol_01760:atom10	enone	-15.816661063094646	0.10738871700303636	0.42857142857142855	True	False
Mol_01760:atom16	enone	-12.516749108229233	0.08663369302553012	0.42857142857142855	True	False
Mol_01761:atom5	ester	-12.351921266929851	0.36269026319356257	0.6666666666666666	True	False
Mol_01761:atom10	enone	-19.302948239681392	0.3420852899471051	0.42857142857142855	False	False
Mol_01761:atom16	enone	-12.516749108229233	0.08663369302553012	0.42857142857142855	True	False
Mol_01762:atom5	ester	-12.351921266929851	0.36269026319356257	0.6666666666666666	True	False
Mol_01762:atom10	enone	-19.302948239681392	0.3420852899471051	0.42857142857142855	False	False
Mol_01762:atom16	enone	-13.632105837010071	0.07173609638349643	0.42857142857142855	True	False
Mol_01763:atom7	enone	-19.302948239681392	0.3420852899471051	0.42857142857142855	False	False
Mol_01763:atom13	enone	-13.632105837010071	0.07173609638349643	0.42857142857142855	True	False
Mol_01764:atom5	ester	-15.376335702918754	0.13090602660764467	0.6666666666666666	True	False
Mol_01764:atom14	enone	-15.816661063094646	0.10738871700303636	0.42857142857142855	True	False
Mol_01764:atom20	enone	-12.516749108229233	0.08663369302553012	0.42857142857142855	True	False
Mol_01765:atom5	ester	-15.703723642116197	0.12143966380206597	0.6666666666666666	True	False
Mol_01765:atom14	enone	-19.302948239681392	0.3420852899471051	0.42857142857142855	False	False
Mol_01765:atom20	enone	-12.516749108229233	0.08663369302553012	0.42857142857142855	True	False
Mol_01766:atom10	enone	-13.632105837010071	0.07173609638349643	0.42857142857142855	True	False
Mol_01766:atom16	enone	-19.302948239681392	0.3420852899471051	0.42857142857142855	False	False
Mol_01767:atom5	ester	-17.929946361824815	0.1380104334717642	0.6666666666666666	True	False
Mol_01767:atom14	enone	-19.302948239681392	0.3420852899471051	0.42857142857142855	False	False
Mol_01767:atom20	enone	-13.632105837010071	0.07173609638349643	0.42857142857142855	True	False
Mol_01768:atom5	ester	-17.977886864608877	0.13991956540721168	0.6666666666666666	True	False
Mol_01768:atom14	enone	-19.302948239681392	0.3420852899471051	0.42857142857142855	False	False
Mol_01768:atom20	enone	-13.632105837010071	0.07173609638349643	0.42857142857142855	True	False
Mol_01770:atom5	ester	-15.703723642116197	0.12143966380206597	0.6666666666666666	True	False
Mol_01771:atom2	enone	-13.632105837010071	0.07173609638349643	0.42857142857142855	True	False
Mol_01771:atom6	ester	-9.969762554439235	0.7286289547049862	0.6666666666666666	False	True
Mol_01771:atom14	enone	-19.302948239681392	0.3420852899471051	0.42857142857142855	False	False
Mol_01772:atom2	enone	-12.516749108229233	0.08663369302553012	0.42857142857142855	True	False
Mol_01772:atom6	ester	-9.969762554439235	0.7286289547049862	0.6666666666666666	False	True
Mol_01772:atom14	enone	-19.302948239681392	0.3420852899471051	0.42857142857142855	False	False
Mol_01773:atom2	enone	-13.632105837010071	0.07173609638349643	0.42857142857142855	True	False
Mol_01773:atom6	ester	-9.968689102180608	0.7288302794287873	0.6666666666666666	False	True
Mol_01773:atom14	enone	-15.816661063094646	0.10738871700303636	0.42857142857142855	True	False
Mol_01774:atom2	enone	-12.516749108229233	0.08663369302553012	0.42857142857142855	True	False
Mol_01774:atom6	ester	-9.968689102180608	0.7288302794287873	0.6666666666666666	False	True
Mol_01774:atom14	enone	-15.816661063094646	0.10738871700303636	0.42857142857142855	True	False
Mol_01775:atom2	enone	-12.064516633556742	0.09904955739635862	0.42857142857142855	True	False
Mol_01775:atom12	enone	-13.183541433348918	0.0750375904653666	0.42857142857142855	True	False
Mol_01776:atom7	enone	-10.80483779632528	0.15302722951784517	0.42857142857142855	True	False
Mol_01777:atom11	enone	-7.076349497906304	0.4800546054195013	0.42857142857142855	False	True
Mol_01778:atom12	enone	-12.074933943234882	0.09872216235520653	0.42857142857142855	True	False
Mol_01788:atom2	enone	-5.015220003928432	0.7681556566682085	0.42857142857142855	False	True
Mol_01788:atom14	enone	-6.283280672545954	0.5818641689102171	0.42857142857142855	False	True
Mol_01804:atom16	enone	-15.304657475211105	0.09133122154384485	0.42857142857142855	True	False
Mol_01805:atom0	enone	-12.942157612516937	0.07831197356630838	0.42857142857142855	True	False
Mol_01811:atom2	enone	-5.015220003928432	0.7681556566682085	0.42857142857142855	False	True
Mol_01811:atom15	enone	-6.283280672545954	0.5818641689102171	0.42857142857142855	False	True
Mol_01827:atom14	ester	-15.593932168471907	0.1242741155432958	0.6666666666666666	True	False
Mol_01828:atom4	ester	-15.593932168471907	0.1242741155432958	0.6666666666666666	True	False
Mol_01829:atom4	ester	-15.593932168471907	0.1242741155432958	0.6666666666666666	True	False
Mol_01830:atom12	ester	-15.593932168471907	0.1242741155432958	0.6666666666666666	True	False
Mol_01831:atom2	ester	-6.370312632643555	1.5881144640343225	0.6666666666666666	False	True
Mol_01832:atom0	ester	-19.242274490451145	0.2138961656712715	0.6666666666666666	True	False
Mol_01835:atom15	enal	-19.86911214489729	0.08144843489245043	0.46153846153846156	True	False
Mol_01885:atom1	enone	-12.474699678436805	0.08763302737585216	0.42857142857142855	True	False
Mol_01885:atom6	enone	-8.480589140664401	0.3275357544384545	0.42857142857142855	True	False
Mol_01916:atom3	enal	-20.07342776281952	0.08638014891201386	0.46153846153846156	True	False
Mol_01920:atom16	enone	-4.622274719058847	0.8317532534540356	0.42857142857142855	False	True
Mol_01940:atom37	ester	-11.13055916818008	0.5301255926250417	0.6666666666666666	False	False
Mol_01947:atom0	ester	-16.991922386392556	0.11382367459293287	0.6666666666666666	True	False
Mol_01950:atom0	ester	-15.074742514989657	0.14232743329404796	0.6666666666666666	True	False
Mol_01951:atom0	ester	-15.074742514989657	0.14232743329404796	0.6666666666666666	True	False
Mol_01952:atom12	ester	-15.593932168471907	0.1242741155432958	0.6666666666666666	True	False
Mol_01953:atom6	ester	-15.593932168471907	0.1242741155432958	0.6666666666666666	True	False
Mol_01954:atom4	ester	-15.593932168471907	0.1242741155432958	0.6666666666666666	True	False
Mol_01955:atom4	ester	-15.593932168471907	0.1242741155432958	0.6666666666666666	True	False
Mol_01956:atom4	ester	-15.593932168471907	0.1242741155432958	0.6666666666666666	True	False
Mol_01957:atom4	ester	-15.593932168471907	0.1242741155432958	0.6666666666666666	True	False
Mol_01958:atom0	enone	-16.669796768220532	0.14461886685302805	0.42857142857142855	True	False
Mol_01958:atom4	ester	-15.593932168471907	0.1242741155432958	0.6666666666666666	True	False
Mol_01959:atom0	enone	-16.669796768220532	0.14461886685302805	0.42857142857142855	True	False
Mol_01959:atom4	ester	-15.593932168471907	0.1242741155432958	0.6666666666666666	True	False
Mol_01960:atom11	ester	-15.593932168471907	0.1242741155432958	0.6666666666666666	True	False
Mol_01961:atom6	ester	-15.593932168471907	0.1242741155432958	0.6666666666666666	True	False
Mol_01962:atom13	ester	-15.593932168471907	0.1242741155432958	0.6666666666666666	True	False
Mol_01964:atom13	ester	-15.593932168471907	0.1242741155432958	0.6666666666666666	True	False
Mol_01985:atom1	enal	-20.27375370107298	0.09296046738685668	0.46153846153846156	True	False
Mol_01986:atom1	enone	-11.112078650703843	0.1372301618119644	0.42857142857142855	True	False
Mol_01987:atom1	enone	-9.951377857039551	0.20581751917248828	0.42857142857142855	True	False
Mol_01991:atom2	enone	-8.98661987663438	0.2812676034673857	0.42857142857142855	True	False
Mol_01993:atom6	ester	-15.58246974736562	0.12458982609122041	0.6666666666666666	True	False
Mol_01994:atom5	ester	-12.016483541116855	0.4044439549088504	0.6666666666666666	True	False
Mol_01995:atom2	enone	0.7882157610124023	1.989817559776304	0.42857142857142855	False	True
Mol_01996:atom6	ester	-12.016483541116855	0.4044439549088504	0.6666666666666666	True	False
Mol_01999:atom0	ester	-19.072829257923058	0.2013406772133864	0.6666666666666666	True	False
Mol_01999:atom12	enone	-12.26032435719489	0.09322218020275795	0.42857142857142855	True	False
Mol_02000:atom0	ester	-19.072829257923058	0.2013406772133864	0.6666666666666666	True	False
Mol_02000:atom12	enone	-12.86735545803207	0.07953937253385962	0.42857142857142855	True	False
Mol_02004:atom1	ester	-11.93330027436887	0.4152940108393159	0.6666666666666666	True	False
Mol_02005:atom1	ester	-11.93330027436887	0.4152940108393159	0.6666666666666666	True	False
Mol_02006:atom1	ester	-11.93330027436887	0.4152940108393159	0.6666666666666666	True	False
Mol_02007:atom1	ester	-11.93330027436887	0.4152940108393159	0.6666666666666666	True	False
Mol_02014:atom0	ester	-19.072829257923058	0.2013406772133864	0.6666666666666666	True	False
Mol_02014:atom12	enone	-14.106205343561932	0.07218064193590638	0.42857142857142855	True	False
Mol_02015:atom0	ester	-19.072829257923058	0.2013406772133864	0.6666666666666666	True	False
Mol_02016:atom0	ester	-19.072829257923058	0.2013406772133864	0.6666666666666666	True	False
Mol_02016:atom13	enone	-19.469706315263533	0.3587899242493713	0.42857142857142855	False	False
Mol_02018:atom0	ester	-19.072829257923058	0.2013406772133864	0.6666666666666666	True	False
Mol_02020:atom0	ester	-19.242274490451145	0.2138961656712715	0.6666666666666666	True	False
Mol_02028:atom0	enone	-16.669796768220532	0.14461886685302805	0.42857142857142855	True	False
Mol_02030:atom0	enone	-19.82512929809633	0.39606277652972177	0.42857142857142855	False	False
Mol_02031:atom15	enone	-4.622274719058847	0.8317532534540356	0.42857142857142855	False	True
Mol_02033:atom0	enal	-23.13342703138344	0.37526104194925636	0.46153846153846156	False	False
Mol_02033:atom16	enone	-8.88693904314225	0.2900174924794424	0.42857142857142855	True	False
Mol_02038:atom16	enone	-14.462422509318865	0.0751746305049656	0.42857142857142855	True	False
Mol_02044:atom10	enal	-19.3515814332576	0.07699807396078984	0.46153846153846156	True	False
Mol_02048:atom5	ester	-12.016483541116855	0.4044439549088504	0.6666666666666666	True	False
Mol_02048:atom15	enone	-6.376514329740971	0.5693085774080251	0.42857142857142855	False	True
Mol_02049:atom5	ester	-12.016483541116855	0.4044439549088504	0.6666666666666666	True	False
Mol_02050:atom5	ester	-12.016483541116855	0.4044439549088504	0.6666666666666666	True	False
Mol_02058:atom14	enone	-11.994854404989548	0.1012890701134907	0.42857142857142855	True	False
Mol_02059:atom12	enone	-15.342229819876737	0.09234925818906604	0.42857142857142855	True	False
Mol_02067:atom12	enone	-15.342229819876737	0.09234925818906604	0.42857142857142855	True	False
Mol_02068:atom0	enone	-16.669796768220532	0.14461886685302805	0.42857142857142855	True	False
Mol_02087:atom0	ester	-19.072829257923058	0.2013406772133864	0.6666666666666666	True	False
Mol_02088:atom0	ester	-19.072829257923058	0.2013406772133864	0.6666666666666666	True	False
Mol_02089:atom12	ester	-19.072829257923058	0.2013406772133864	0.6666666666666666	True	False
Mol_02090:atom15	ester	-19.072829257923058	0.2013406772133864	0.6666666666666666	True	False
Mol_02091:atom0	ester	-15.074742514989657	0.14232743329404796	0.6666666666666666	True	False
Mol_02092:atom0	ester	-15.074742514989657	0.14232743329404796	0.6666666666666666	True	False
Mol_02093:atom0	ester	-15.074742514989657	0.14232743329404796	0.6666666666666666	True	False
Mol_02094:atom0	ester	-15.074742514989657	0.14232743329404796	0.6666666666666666	True	False
Mol_02094:atom21	ester	-11.93330027436887	0.4152940108393159	0.6666666666666666	True	False
Mol_02095:atom0	ester	-15.074742514989657	0.14232743329404796	0.6666666666666666	True	False
Mol_02095:atom22	ester	-11.93330027436887	0.4152940108393159	0.6666666666666666	True	False
Mol_02096:atom0	ester	-15.074742514989657	0.14232743329404796	0.6666666666666666	True	False
Mol_02096:atom22	ester	-11.93330027436887	0.4152940108393159	0.6666666666666666	True	False
Mol_02097:atom0	ester	-15.074742514989657	0.14232743329404796	0.6666666666666666	True	False
Mol_02098:atom0	ester	-15.074742514989657	0.14232743329404796	0.6666666666666666	True	False
Mol_02098:atom23	ester	-11.93330027436887	0.4152940108393159	0.6666666666666666	True	False
Mol_02099:atom13	ester	-15.074742514989657	0.14232743329404796	0.6666666666666666	True	False
Mol_02100:atom13	ester	-15.074742514989657	0.14232743329404796	0.6666666666666666	True	False
Mol_02101:atom0	ester	-15.074742514989657	0.14232743329404796	0.6666666666666666	True	False
Mol_02102:atom0	ester	-15.074742514989657	0.14232743329404796	0.6666666666666666	True	False
Mol_02103:atom0	ester	-15.074742514989657	0.14232743329404796	0.6666666666666666	True	False
Mol_02104:atom13	ester	-15.074742514989657	0.14232743329404796	0.6666666666666666	True	False
Mol_02105:atom6	ester	-15.593932168471907	0.1242741155432958	0.6666666666666666	True	False
Mol_02106:atom8	ester	-10.822984683317326	0.5789862570189854	0.6666666666666666	False	False
Mol_02107:atom8	ester	-10.822984683317326	0.5789862570189854	0.6666666666666666	False	False
Mol_02108:atom0	enone	-16.669796768220532	0.14461886685302805	0.42857142857142855	True	False
Mol_02108:atom5	ester	-10.822984683317326	0.5789862570189854	0.6666666666666666	False	False
Mol_02109:atom0	enone	-16.669796768220532	0.14461886685302805	0.42857142857142855	True	False
Mol_02109:atom5	ester	-10.822984683317326	0.5789862570189854	0.6666666666666666	False	False
Mol_02110:atom0	enone	-16.669796768220532	0.14461886685302805	0.42857142857142855	True	False
Mol_02110:atom8	ester	-10.822984683317326	0.5789862570189854	0.6666666666666666	False	False
Mol_02111:atom6	ester	-10.822984683317326	0.5789862570189854	0.6666666666666666	False	False
Mol_02112:atom11	ester	-10.822984683317326	0.5789862570189854	0.6666666666666666	False	False
Mol_02113:atom14	ester	-10.822984683317326	0.5789862570189854	0.6666666666666666	False	False
Mol_02114:atom6	ester	-10.822984683317326	0.5789862570189854	0.6666666666666666	False	False
Mol_02119:atom0	ester	-19.072829257923058	0.2013406772133864	0.6666666666666666	True	False
Mol_02120:atom0	ester	-19.072829257923058	0.2013406772133864	0.6666666666666666	True	False
Mol_02160:atom14	enone	3.2605709715342144	2.69427405402255	0.42857142857142855	False	True
Mol_02160:atom26	enone	-5.3679617083229845	0.713430501015883	0.42857142857142855	False	True
Mol_02186:atom19	enal	-19.30525898693931	0.07716197725989689	0.46153846153846156	True	False
Mol_02187:atom15	enal	-19.30525898693931	0.07716197725989689	0.46153846153846156	True	False
Mol_02190:atom7	ester	-12.918920436864562	0.29939820985480803	0.6666666666666666	True	False
Mol_02191:atom50	ester	-12.918920436864562	0.29939820985480803	0.6666666666666666	True	False
Mol_02193:atom6	ester	-11.197287430892226	0.5198808909503965	0.6666666666666666	False	False
Mol_02193:atom19	ester	-11.197287430892226	0.5198808909503965	0.6666666666666666	False	False
Mol_02194:atom5	ester	-11.197287430892226	0.5198808909503965	0.6666666666666666	False	False
Mol_02199:atom12	enone	-1.832560133752619	1.3631132773290289	0.42857142857142855	False	True
Mol_02200:atom12	enone	-9.531834648906225	0.23657127300356057	0.42857142857142855	True	False
Mol_02244:atom2	ester	-6.0324605941499785	1.6877273329406182	0.6666666666666666	False	True
Mol_02245:atom2	ester	-6.0324605941499785	1.6877273329406182	0.6666666666666666	False	True
Mol_02246:atom2	ester	-6.0324605941499785	1.6877273329406182	0.6666666666666666	False	True
Mol_02247:atom5	ester	-11.885639396090042	0.4215994743112469	0.6666666666666666	False	False
Mol_02247:atom14	enone	-17.59723421034209	0.19994275822349805	0.42857142857142855	True	False
Mol_02248:atom6	ester	-18.47603754837159	0.16363063157267513	0.6666666666666666	True	False
Mol_02248:atom15	enone	-15.406569989768755	0.09415154871836579	0.42857142857142855	True	False
Mol_02250:atom19	enone	-11.192852941740268	0.1333589432077899	0.42857142857142855	True	False
Mol_02253:atom10	enone	-11.192852941740268	0.1333589432077899	0.42857142857142855	True	False
Mol_02259:atom125	enone	-25.463600786108547	1.2913049566660746	0.42857142857142855	False	True
Mol_02259:atom126	ester	-15.755792924600804	0.12021540495046512	0.6666666666666666	True	False
Mol_02262:atom125	enone	-24.213332037418983	1.0434537387145624	0.42857142857142855	False	True
Mol_02262:atom126	ester	-18.754484135367004	0.1799630161402586	0.6666666666666666	True	False
Mol_02265:atom1	ester	-12.87931274693731	0.3035220583187026	0.6666666666666666	True	False
Mol_02277:atom33	enone	-14.95775265522891	0.08313120621512826	0.42857142857142855	True	False
Mol_02285:atom32	enone	-22.59331323990824	0.764122021366756	0.42857142857142855	False	True
Mol_02288:atom11	enone	-15.748498437909516	0.10497891786308021	0.42857142857142855	True	False
Mol_02295:atom2	enone	-17.59723421034209	0.19994275822349805	0.42857142857142855	True	False
Mol_02296:atom0	enone	-23.443588631864014	0.9048446810367634	0.42857142857142855	False	True
Mol_02296:atom23	ester	-11.885639396090042	0.4215994743112469	0.6666666666666666	False	False
Mol_02303:atom14	enone	-7.073815297650379	0.48036191436747633	0.42857142857142855	False	True
Mol_02311:atom45	enone	-28.985211156433937	2.1405529615599037	0.42857142857142855	False	True
Mol_02311:atom46	ester	-18.754484135367004	0.1799630161402586	0.6666666666666666	True	False
Mol_02315:atom30	enone	-24.213332037418983	1.0434537387145624	0.42857142857142855	False	True
Mol_02315:atom31	ester	-18.754484135367004	0.1799630161402586	0.6666666666666666	True	False
Mol_02316:atom103	enone	-25.463600786108547	1.2913049566660746	0.42857142857142855	False	True
Mol_02316:atom104	ester	-15.755792924600804	0.12021540495046512	0.6666666666666666	True	False
Mol_02374:atom0	enone	-16.669796768220532	0.14461886685302805	0.42857142857142855	True	False
Mol_02399:atom1	ester	-11.93330027436887	0.4152940108393159	0.6666666666666666	True	False
Mol_02399:atom23	enone	-16.705520264705136	0.14646337705288093	0.42857142857142855	True	False
Mol_02399:atom35	ester	-11.93330027436887	0.4152940108393159	0.6666666666666666	True	False
Mol_02402:atom1	enone	-25.80044205677008	1.362887673100757	0.42857142857142855	False	True
Mol_02402:atom2	ester	-11.15141779417581	0.5269095728569879	0.6666666666666666	False	False
Mol_02403:atom2	ester	-11.15141779417581	0.5269095728569879	0.6666666666666666	False	False
Mol_02403:atom6	enone	-8.232680519354176	0.35188382334005053	0.42857142857142855	False	False
Mol_02404:atom1	enone	-19.95741166665644	0.4105152974198748	0.42857142857142855	False	False
Mol_02404:atom2	ester	-11.15141779417581	0.5269095728569879	0.6666666666666666	False	False
Mol_02404:atom6	enone	-11.242632111993512	0.1310316543174378	0.42857142857142855	True	False
Mol_02405:atom2	ester	-11.15141779417581	0.5269095728569879	0.6666666666666666	False	False
Mol_02405:atom6	enone	-9.46964475075474	0.24139940563901016	0.42857142857142855	True	False
Mol_02406:atom9	enone	-12.97484630802519	0.07780719778305573	0.42857142857142855	True	False
Mol_02415:atom25	ester	-11.885639396090042	0.4215994743112469	0.6666666666666666	False	False
Mol_02416:atom25	ester	-11.885639396090042	0.4215994743112469	0.6666666666666666	False	False
Mol_02425:atom1	ester	-11.93330027436887	0.4152940108393159	0.6666666666666666	True	False
Mol_02429:atom1	ester	-11.93330027436887	0.4152940108393159	0.6666666666666666	True	False
Mol_02441:atom3	ester	-12.016483541116855	0.4044439549088504	0.6666666666666666	True	False
Mol_02442:atom38	ester	-12.016483541116855	0.4044439549088504	0.6666666666666666	True	False
Mol_02443:atom3	ester	-15.58246974736562	0.12458982609122041	0.6666666666666666	True	False
Mol_02457:atom28	enone	-3.001506047702668	1.1234242238974452	0.42857142857142855	False	True
Mol_02458:atom32	enone	-0.3640657477326071	1.6990555595307582	0.42857142857142855	False	True
Mol_02461:atom7	enone	-3.001506047702668	1.1234242238974452	0.42857142857142855	False	True
Mol_02462:atom30	enone	-0.3640657477326071	1.6990555595307582	0.42857142857142855	False	True
Mol_02472:atom25	enone	-13.649692892024738	0.07168038248886528	0.42857142857142855	True	False
Mol_02475:atom2	ester	-6.0324605941499785	1.6877273329406182	0.6666666666666666	False	True
Mol_02476:atom2	ester	-13.566860674795194	0.2382792556117156	0.6666666666666666	True	False
Mol_02497:atom40	enone	-16.705520264705136	0.14646337705288093	0.42857142857142855	True	False
Mol_02498:atom1	ester	-11.93330027436887	0.4152940108393159	0.6666666666666666	True	False
Mol_02498:atom45	enone	-16.705520264705136	0.14646337705288093	0.42857142857142855	True	False
Mol_02499:atom1	ester	-12.87931274693731	0.3035220583187026	0.6666666666666666	True	False
Mol_02499:atom21	enone	-16.502009180472367	0.13626258652775222	0.42857142857142855	True	False
Mol_02500:atom29	enone	-16.502009180472367	0.13626258652775222	0.42857142857142855	True	False
Mol_02501:atom1	ester	-11.93330027436887	0.4152940108393159	0.6666666666666666	True	False
Mol_02501:atom24	enone	-16.502009180472367	0.13626258652775222	0.42857142857142855	True	False
Mol_02502:atom34	enone	-16.705520264705136	0.14646337705288093	0.42857142857142855	True	False
Mol_02503:atom28	enone	-16.502009180472367	0.13626258652775222	0.42857142857142855	True	False
Mol_02504:atom33	enone	-16.705520264705136	0.14646337705288093	0.42857142857142855	True	False
Mol_02505:atom31	enone	-13.649692892024738	0.07168038248886528	0.42857142857142855	True	False
Mol_02510:atom2	ester	-6.0324605941499785	1.6877273329406182	0.6666666666666666	False	True
Mol_02532:atom12	enone	-3.001506047702668	1.1234242238974452	0.42857142857142855	False	True
Mol_02574:atom35	enone	-11.754675697954545	0.1096796309166593	0.42857142857142855	True	False
Mol_02616:atom17	ester	-13.080527430656527	0.2830351013217684	0.6666666666666666	True	False
Mol_02617:atom3	ester	-12.016483541116855	0.4044439549088504	0.6666666666666666	True	False
Mol_02618:atom3	ester	-15.58246974736562	0.12458982609122041	0.6666666666666666	True	False
Mol_02619:atom3	ester	-12.016483541116855	0.4044439549088504	0.6666666666666666	True	False
Mol_02620:atom3	ester	-12.016483541116855	0.4044439549088504	0.6666666666666666	True	False
Mol_02621:atom3	ester	-12.016483541116855	0.4044439549088504	0.6666666666666666	True	False
Mol_02622:atom3	ester	-12.016483541116855	0.4044439549088504	0.6666666666666666	True	False
Mol_02625:atom3	ester	-12.016483541116855	0.4044439549088504	0.6666666666666666	True	False
Mol_02630:atom29	ester	-12.016483541116855	0.4044439549088504	0.6666666666666666	True	False
Mol_02631:atom22	enal	-12.191162479608346	1.1988691683320647	0.46153846153846156	False	True
Mol_02633:atom29	enone	-33.11702785327903	3.421345513301046	0.42857142857142855	False	True
Mol_02642:atom19	enone	-33.2605354023158	3.4713481639242625	0.42857142857142855	False	True
Mol_02642:atom26	enone	-33.2605354023158	3.4713481639242625	0.42857142857142855	False	True
Mol_02643:atom19	enone	-33.59173673179857	3.588163335973125	0.42857142857142855	False	True
Mol_02644:atom14	enone	-10.190016149990416	0.1897371829138754	0.42857142857142855	True	False
Mol_02644:atom37	enone	-10.190016149990416	0.1897371829138754	0.42857142857142855	True	False
Mol_02671:atom19	enone	-13.938209386263807	0.07156064526236916	0.42857142857142855	True	False
Mol_02672:atom19	enone	-13.947368981794098	0.0715813650142904	0.42857142857142855	True	False
Mol_02677:atom3	ester	-12.016483541116855	0.4044439549088504	0.6666666666666666	True	False
Mol_02695:atom16	ester	-12.016483541116855	0.4044439549088504	0.6666666666666666	True	False
Mol_02696:atom3	ester	-12.016483541116855	0.4044439549088504	0.6666666666666666	True	False
Mol_02702:atom2	enone	-18.2898790050576	0.25135245879977575	0.42857142857142855	False	False
Mol_02705:atom2	enone	-15.68610555486982	0.10284635736427797	0.42857142857142855	True	False
Mol_02714:atom2	enone	-7.23141182740098	0.46147079573125516	0.42857142857142855	False	True
Mol_02787:atom16	ester	-12.016483541116855	0.4044439549088504	0.6666666666666666	True	False
Mol_02790:atom8	enone	2.949108375061178	2.599475139497584	0.42857142857142855	False	True
Mol_02791:atom8	enone	2.949108375061178	2.599475139497584	0.42857142857142855	False	True
Mol_02808:atom12	enal	-20.6146122122537	0.10812786191809241	0.46153846153846156	True	False
Mol_02809:atom15	enal	-20.6146122122537	0.10812786191809241	0.46153846153846156	True	False
Mol_02902:atom0	ester	-19.072829257923058	0.2013406772133864	0.6666666666666666	True	False
Mol_02903:atom0	ester	-19.072829257923058	0.2013406772133864	0.6666666666666666	True	False
Mol_02912:atom5	ester	-12.016483541116855	0.4044439549088504	0.6666666666666666	True	False
Mol_02917:atom18	enone	-9.828344443240365	0.2145081498357416	0.42857142857142855	True	False
Mol_02919:atom16	enone	-8.33428209667438	0.34177145197800685	0.42857142857142855	True	False
Mol_02920:atom14	enone	-8.33428209667438	0.34177145197800685	0.42857142857142855	True	False
Mol_02921:atom18	enone	-9.828344443240365	0.2145081498357416	0.42857142857142855	True	False
Mol_02924:atom18	ester	-8.521276162622028	1.0301416505832082	0.6666666666666666	False	True
Mol_02931:atom9	enone	-14.326761628981206	0.0737653197853443	0.42857142857142855	True	False
Mol_02938:atom19	ester	-8.810771091009183	0.965104073346001	0.6666666666666666	False	True
Mol_02945:atom1	ester	-11.93330027436887	0.4152940108393159	0.6666666666666666	True	False
Mol_02945:atom21	ester	-8.810771091009183	0.965104073346001	0.6666666666666666	False	True
Mol_02946:atom1	ester	-11.93330027436887	0.4152940108393159	0.6666666666666666	True	False
Mol_02946:atom22	ester	-8.810771091009183	0.965104073346001	0.6666666666666666	False	True
Mol_02947:atom1	ester	-11.93330027436887	0.4152940108393159	0.6666666666666666	True	False
Mol_02947:atom19	ester	-8.810771091009183	0.965104073346001	0.6666666666666666	False	True
Mol_02948:atom1	ester	-11.93330027436887	0.4152940108393159	0.6666666666666666	True	False
Mol_02948:atom18	ester	-8.810771091009183	0.965104073346001	0.6666666666666666	False	True
Mol_02949:atom1	ester	-11.93330027436887	0.4152940108393159	0.6666666666666666	True	False
Mol_02949:atom19	ester	-8.810771091009183	0.965104073346001	0.6666666666666666	False	True
Mol_02950:atom1	ester	-11.93330027436887	0.4152940108393159	0.6666666666666666	True	False
Mol_02950:atom17	ester	-8.810771091009183	0.965104073346001	0.6666666666666666	False	True
Mol_02951:atom1	ester	-11.93330027436887	0.4152940108393159	0.6666666666666666	True	False
Mol_02953:atom9	enone	-14.326761628981206	0.0737653197853443	0.42857142857142855	True	False
Mol_02954:atom1	ester	-11.93330027436887	0.4152940108393159	0.6666666666666666	True	False
Mol_02954:atom16	ester	-8.810771091009183	0.965104073346001	0.6666666666666666	False	True
Mol_02956:atom1	ester	-11.93330027436887	0.4152940108393159	0.6666666666666666	True	False
Mol_02957:atom6	enone	-14.326761628981206	0.0737653197853443	0.42857142857142855	True	False
Mol_02960:atom1	ester	-11.93330027436887	0.4152940108393159	0.6666666666666666	True	False
Mol_02960:atom32	ester	-8.810771091009183	0.965104073346001	0.6666666666666666	False	True
Mol_02961:atom1	ester	-11.93330027436887	0.4152940108393159	0.6666666666666666	True	False
Mol_02962:atom1	ester	-11.93330027436887	0.4152940108393159	0.6666666666666666	True	False
Mol_02967:atom1	ester	-12.87931274693731	0.3035220583187026	0.6666666666666666	True	False
Mol_02968:atom1	ester	-12.87931274693731	0.3035220583187026	0.6666666666666666	True	False
Mol_02972:atom1	ester	-11.93330027436887	0.4152940108393159	0.6666666666666666	True	False
Mol_02980:atom2	ester	-18.956216924192	0.1931749291769802	0.6666666666666666	True	False
Mol_02980:atom5	ester	-12.241030564818354	0.37613888175265286	0.6666666666666666	True	False
Mol_03026:atom6	ester	-12.016483541116855	0.4044439549088504	0.6666666666666666	True	False
Mol_03026:atom37	ester	-12.016483541116855	0.4044439549088504	0.6666666666666666	True	False
Mol_03027:atom6	ester	-12.016483541116855	0.4044439549088504	0.6666666666666666	True	False
Mol_03043:atom15	enone	-11.392440685344488	0.12429666378531663	0.42857142857142855	True	False
Mol_03058:atom20	enone	-14.849678563392304	0.0810188021026878	0.42857142857142855	True	False
Mol_03066:atom5	ester	-11.197287430892226	0.5198808909503965	0.6666666666666666	False	False
Mol_03066:atom25	ester	-17.94570090084772	0.13863060586421694	0.6666666666666666	True	False
Mol_03067:atom5	ester	-11.197287430892226	0.5198808909503965	0.6666666666666666	False	False
Mol_03067:atom25	ester	-17.94570090084772	0.13863060586421694	0.6666666666666666	True	False
Mol_03067:atom33	ester	-12.016483541116855	0.4044439549088504	0.6666666666666666	True	False
Mol_03068:atom4	ester	-17.94570090084772	0.13863060586421694	0.6666666666666666	True	False
Mol_03077:atom3	ester	-15.386220585847129	0.13057552138070305	0.6666666666666666	True	False
Mol_03091:atom28	ester	-11.197287430892226	0.5198808909503965	0.6666666666666666	False	False
Mol_03092:atom28	ester	-11.197287430892226	0.5198808909503965	0.6666666666666666	False	False
Mol_03095:atom33	ester	-10.708272297748907	0.5978989457377191	0.6666666666666666	False	False
Mol_03096:atom29	ester	-10.708272297748907	0.5978989457377191	0.6666666666666666	False	False
Mol_03096:atom60	ester	-10.708272297748907	0.5978989457377191	0.6666666666666666	False	False
Mol_03097:atom17	ester	-11.197287430892226	0.5198808909503965	0.6666666666666666	False	False
Mol_03097:atom44	ester	-11.197287430892226	0.5198808909503965	0.6666666666666666	False	False
Mol_03098:atom17	ester	-11.197287430892226	0.5198808909503965	0.6666666666666666	False	False
Mol_03099:atom17	ester	-11.197287430892226	0.5198808909503965	0.6666666666666666	False	False
Mol_03100:atom17	ester	-11.197287430892226	0.5198808909503965	0.6666666666666666	False	False
Mol_03101:atom33	ester	-11.474014961889605	0.478748510332716	0.6666666666666666	False	False
Mol_03103:atom5	ester	-10.708272297748907	0.5978989457377191	0.6666666666666666	False	False
Mol_03106:atom17	ester	-11.197287430892226	0.5198808909503965	0.6666666666666666	False	False
Mol_03108:atom17	ester	-11.197287430892226	0.5198808909503965	0.6666666666666666	False	False
Mol_03110:atom49	ester	-10.708272297748907	0.5978989457377191	0.6666666666666666	False	False
Mol_03111:atom45	ester	-10.708272297748907	0.5978989457377191	0.6666666666666666	False	False
Mol_03125:atom17	ester	-10.708272297748907	0.5978989457377191	0.6666666666666666	False	False
Mol_03125:atom35	ester	-10.708272297748907	0.5978989457377191	0.6666666666666666	False	False
Mol_03125:atom82	ester	-10.708272297748907	0.5978989457377191	0.6666666666666666	False	False
Mol_03126:atom5	ester	-11.197287430892226	0.5198808909503965	0.6666666666666666	False	False
Mol_03126:atom17	ester	-12.016483541116855	0.4044439549088504	0.6666666666666666	True	False
Mol_03127:atom5	ester	-11.197287430892226	0.5198808909503965	0.6666666666666666	False	False
Mol_03127:atom17	ester	-12.016483541116855	0.4044439549088504	0.6666666666666666	True	False
Mol_03128:atom5	ester	-11.197287430892226	0.5198808909503965	0.6666666666666666	False	False
Mol_03128:atom17	ester	-12.016483541116855	0.4044439549088504	0.6666666666666666	True	False
Mol_03134:atom5	ester	-11.197287430892226	0.5198808909503965	0.6666666666666666	False	False
Mol_03135:atom5	ester	-11.197287430892226	0.5198808909503965	0.6666666666666666	False	False
Mol_03141:atom3	ester	-12.016483541116855	0.4044439549088504	0.6666666666666666	True	False
Mol_03145:atom43	ester	-10.708272297748907	0.5978989457377191	0.6666666666666666	False	False
Mol_03161:atom17	ester	-8.276502713053496	1.0869941231173417	0.6666666666666666	False	True
Mol_03161:atom33	ester	-8.276502713053496	1.0869941231173417	0.6666666666666666	False	True
Mol_03162:atom17	ester	-10.708272297748907	0.5978989457377191	0.6666666666666666	False	False
Mol_03162:atom35	ester	-10.708272297748907	0.5978989457377191	0.6666666666666666	False	False
Mol_03198:atom0	ester	-15.074742514989657	0.14232743329404796	0.6666666666666666	True	False
Mol_03198:atom15	enone	-12.26032435719489	0.09322218020275795	0.42857142857142855	True	False
Mol_03199:atom2	enone	-12.26032435719489	0.09322218020275795	0.42857142857142855	True	False
Mol_03200:atom0	ester	-15.074742514989657	0.14232743329404796	0.6666666666666666	True	False
Mol_03201:atom0	ester	-15.074742514989657	0.14232743329404796	0.6666666666666666	True	False
Mol_03206:atom2	enone	-12.26032435719489	0.09322218020275795	0.42857142857142855	True	False
Mol_03207:atom0	ester	-15.074742514989657	0.14232743329404796	0.6666666666666666	True	False
Mol_03208:atom0	ester	-15.074742514989657	0.14232743329404796	0.6666666666666666	True	False
Mol_03239:atom16	ester	-12.016483541116855	0.4044439549088504	0.6666666666666666	True	False
Mol_03240:atom3	ester	-12.016483541116855	0.4044439549088504	0.6666666666666666	True	False
Mol_03241:atom3	ester	-12.016483541116855	0.4044439549088504	0.6666666666666666	True	False
Mol_03255:atom5	enone	-18.136198046102127	0.23920100047743179	0.42857142857142855	False	False
Mol_03265:atom17	enone	-18.136198046102127	0.23920100047743179	0.42857142857142855	False	False
Mol_03288:atom12	enone	-19.910879337232256	0.4053955193771721	0.42857142857142855	False	False
Mol_03290:atom13	enone	-19.07039132264845	0.31962454648411553	0.42857142857142855	False	False
Mol_03345:atom7	ester	-1.4097933358968031	3.3771711666252773	0.6666666666666666	False	True
Mol_03350:atom9	ester	-16.56979383033119	0.11111404418630852	0.6666666666666666	True	False
Mol_03351:atom1	enone	-10.180639264235712	0.19034969894451004	0.42857142857142855	True	False
Mol_03354:atom8	ester	-14.496951498800614	0.17144284155572045	0.6666666666666666	True	False
Mol_03355:atom8	ester	-16.56979383033119	0.11111404418630852	0.6666666666666666	True	False
Mol_03356:atom15	enone	-8.33428209667438	0.34177145197800685	0.42857142857142855	True	False
Mol_03365:atom1	ester	-9.248391641135289	0.8713193105164929	0.6666666666666666	False	True
Mol_03366:atom1	ester	-9.248391641135289	0.8713193105164929	0.6666666666666666	False	True
Mol_03367:atom1	ester	-9.248391641135289	0.8713193105164929	0.6666666666666666	False	True
Mol_03368:atom1	ester	-9.248391641135289	0.8713193105164929	0.6666666666666666	False	True
Mol_03369:atom1	ester	-9.248391641135289	0.8713193105164929	0.6666666666666666	False	True
Mol_03370:atom1	ester	-9.248391641135289	0.8713193105164929	0.6666666666666666	False	True
Mol_03371:atom1	ester	-9.248391641135289	0.8713193105164929	0.6666666666666666	False	True
Mol_03374:atom23	ester	-9.248391641135289	0.8713193105164929	0.6666666666666666	False	True
Mol_03375:atom21	ester	-9.248391641135289	0.8713193105164929	0.6666666666666666	False	True
Mol_03376:atom24	ester	-9.248391641135289	0.8713193105164929	0.6666666666666666	False	True
Mol_03377:atom28	ester	-9.248391641135289	0.8713193105164929	0.6666666666666666	False	True
Mol_03378:atom1	ester	-9.248391641135289	0.8713193105164929	0.6666666666666666	False	True
Mol_03382:atom0	enone	-16.669796768220532	0.14461886685302805	0.42857142857142855	True	False
Mol_03395:atom12	enone	-20.393651639407828	0.4604071797804067	0.42857142857142855	False	True
Mol_03399:atom12	enone	-27.381421681685143	1.7261323849469028	0.42857142857142855	False	True
Mol_03401:atom20	ester	1.9014178085404665	4.961360246969525	0.6666666666666666	False	True
Mol_03426:atom9	ester	-12.016483541116855	0.4044439549088504	0.6666666666666666	True	False
Mol_03427:atom9	ester	-12.016483541116855	0.4044439549088504	0.6666666666666666	True	False
Mol_03428:atom3	ester	-12.016483541116855	0.4044439549088504	0.6666666666666666	True	False
Mol_03435:atom3	ester	-12.016483541116855	0.4044439549088504	0.6666666666666666	True	False
Mol_03452:atom6	ester	-12.016483541116855	0.4044439549088504	0.6666666666666666	True	False
Mol_03459:atom10	enone	-15.2957110948641	0.09109255882386463	0.42857142857142855	True	False
Mol_03498:atom27	ester	-15.58246974736562	0.12458982609122041	0.6666666666666666	True	False
Mol_03575:atom3	ester	-12.016483541116855	0.4044439549088504	0.6666666666666666	True	False
Mol_03576:atom1	enone	-13.074359347362554	0.07638884079779053	0.42857142857142855	True	False
Mol_03581:atom40	ester	-12.016483541116855	0.4044439549088504	0.6666666666666666	True	False
Mol_03598:atom7	ester	-14.578499050969604	0.16675741244304937	0.6666666666666666	True	False
Mol_03640:atom20	ester	-10.53787143539519	0.626684753298598	0.6666666666666666	False	False
Mol_03641:atom14	ester	-15.58246974736562	0.12458982609122041	0.6666666666666666	True	False
Mol_03642:atom14	ester	-12.016483541116855	0.4044439549088504	0.6666666666666666	True	False
Mol_03659:atom14	enone	-1.4581370072599973	1.4450846684301069	0.42857142857142855	False	True
Mol_03661:atom14	enone	-1.4581370072599973	1.4450846684301069	0.42857142857142855	False	True
Mol_03662:atom14	enone	-1.4581370072599973	1.4450846684301069	0.42857142857142855	False	True
Mol_03663:atom1	enone	-6.415500595751755	0.5641047327030574	0.42857142857142855	False	True
Mol_03664:atom4	enone	-1.4581370072599973	1.4450846684301069	0.42857142857142855	False	True
Mol_03665:atom4	enone	-7.218408227907369	0.4630126296018757	0.42857142857142855	False	True
Mol_03672:atom14	enone	-1.4581370072599973	1.4450846684301069	0.42857142857142855	False	True
Mol_03673:atom15	enone	-1.4581370072599973	1.4450846684301069	0.42857142857142855	False	True
Mol_03674:atom14	enone	-1.4581370072599973	1.4450846684301069	0.42857142857142855	False	True
Mol_03675:atom14	enone	-1.4581370072599973	1.4450846684301069	0.42857142857142855	False	True
Mol_03676:atom19	enone	-8.893008995869387	0.28947956766894356	0.42857142857142855	True	False
Mol_03676:atom29	enone	-15.342229819876737	0.09234925818906604	0.42857142857142855	True	False
Mol_03677:atom19	enone	-9.109098088222668	0.27076128681316813	0.42857142857142855	True	False
Mol_03677:atom29	enone	-15.342229819876737	0.09234925818906604	0.42857142857142855	True	False
Mol_03678:atom19	enone	-8.893008995869387	0.28947956766894356	0.42857142857142855	True	False
Mol_03679:atom19	enone	-9.109098088222668	0.27076128681316813	0.42857142857142855	True	False
Mol_03680:atom18	enone	-8.893008995869387	0.28947956766894356	0.42857142857142855	True	False
Mol_03681:atom18	enone	-9.109098088222668	0.27076128681316813	0.42857142857142855	True	False
Mol_03682:atom18	enone	-8.893008995869387	0.28947956766894356	0.42857142857142855	True	False
Mol_03682:atom28	enone	-15.342229819876737	0.09234925818906604	0.42857142857142855	True	False
Mol_03683:atom18	enone	-9.109098088222668	0.27076128681316813	0.42857142857142855	True	False
Mol_03683:atom28	enone	-15.342229819876737	0.09234925818906604	0.42857142857142855	True	False
Mol_03684:atom18	enone	-8.893008995869387	0.28947956766894356	0.42857142857142855	True	False
Mol_03685:atom18	enone	-9.109098088222668	0.27076128681316813	0.42857142857142855	True	False
Mol_03686:atom18	enone	-8.893008995869387	0.28947956766894356	0.42857142857142855	True	False
Mol_03686:atom29	enone	-25.010305243829045	1.1981954342626986	0.42857142857142855	False	True
Mol_03687:atom18	enone	-9.109098088222668	0.27076128681316813	0.42857142857142855	True	False
Mol_03687:atom29	enone	-19.95804296442874	0.41058502452016543	0.42857142857142855	False	False
Mol_03688:atom39	ester	-12.016483541116855	0.4044439549088504	0.6666666666666666	True	False
Mol_03688:atom51	ester	-12.016483541116855	0.4044439549088504	0.6666666666666666	True	False
Mol_03689:atom6	ester	-12.016483541116855	0.4044439549088504	0.6666666666666666	True	False
Mol_03689:atom17	ester	-12.016483541116855	0.4044439549088504	0.6666666666666666	True	False
Mol_03691:atom10	ester	-12.016483541116855	0.4044439549088504	0.6666666666666666	True	False
Mol_03693:atom10	ester	-12.016483541116855	0.4044439549088504	0.6666666666666666	True	False
Mol_03694:atom10	ester	-12.016483541116855	0.4044439549088504	0.6666666666666666	True	False
Mol_03698:atom6	ester	-12.016483541116855	0.4044439549088504	0.6666666666666666	True	False
Mol_03699:atom6	ester	-15.58246974736562	0.12458982609122041	0.6666666666666666	True	False
Mol_03704:atom6	ester	-12.016483541116855	0.4044439549088504	0.6666666666666666	True	False
Mol_03730:atom1	ester	-11.93330027436887	0.4152940108393159	0.6666666666666666	True	False
Mol_03732:atom1	ester	-11.93330027436887	0.4152940108393159	0.6666666666666666	True	False
Mol_03734:atom1	ester	-11.93330027436887	0.4152940108393159	0.6666666666666666	True	False
Mol_03739:atom1	ester	-11.93330027436887	0.4152940108393159	0.6666666666666666	True	False
Mol_03740:atom1	ester	-11.93330027436887	0.4152940108393159	0.6666666666666666	True	False
Mol_03741:atom1	ester	-11.93330027436887	0.4152940108393159	0.6666666666666666	True	False
Mol_03742:atom1	ester	-11.93330027436887	0.4152940108393159	0.6666666666666666	True	False
Mol_03743:atom1	ester	-11.93330027436887	0.4152940108393159	0.6666666666666666	True	False
Mol_03745:atom1	ester	-11.93330027436887	0.4152940108393159	0.6666666666666666	True	False
Mol_03748:atom1	ester	-11.93330027436887	0.4152940108393159	0.6666666666666666	True	False
Mol_03749:atom0	ester	-22.83928159181232	0.6733213939394023	0.6666666666666666	False	True
Mol_03751:atom1	ester	-11.93330027436887	0.4152940108393159	0.6666666666666666	True	False
Mol_03752:atom1	ester	-11.93330027436887	0.4152940108393159	0.6666666666666666	True	False
Mol_03753:atom0	ester	-22.83928159181232	0.6733213939394023	0.6666666666666666	False	True
Mol_03754:atom1	ester	-11.93330027436887	0.4152940108393159	0.6666666666666666	True	False
Mol_03757:atom1	ester	-11.93330027436887	0.4152940108393159	0.6666666666666666	True	False
Mol_03758:atom1	ester	-11.93330027436887	0.4152940108393159	0.6666666666666666	True	False
Mol_03762:atom0	ester	-22.83928159181232	0.6733213939394023	0.6666666666666666	False	True
Mol_03763:atom0	ester	-22.83928159181232	0.6733213939394023	0.6666666666666666	False	True
Mol_03764:atom1	ester	-11.93330027436887	0.4152940108393159	0.6666666666666666	True	False
Mol_03768:atom1	ester	-11.93330027436887	0.4152940108393159	0.6666666666666666	True	False
Mol_03768:atom17	ester	-11.93330027436887	0.4152940108393159	0.6666666666666666	True	False
Mol_03769:atom0	ester	-22.83928159181232	0.6733213939394023	0.6666666666666666	False	True
Mol_03770:atom1	ester	-11.93330027436887	0.4152940108393159	0.6666666666666666	True	False
Mol_03771:atom1	ester	-11.93330027436887	0.4152940108393159	0.6666666666666666	True	False
Mol_03777:atom1	ester	-11.93330027436887	0.4152940108393159	0.6666666666666666	True	False
Mol_03777:atom18	ester	-11.93330027436887	0.4152940108393159	0.6666666666666666	True	False
Mol_03784:atom1	ester	-11.93330027436887	0.4152940108393159	0.6666666666666666	True	False
Mol_03785:atom0	ester	-23.63311012409445	0.8243400853316623	0.6666666666666666	False	True
Mol_03786:atom1	ester	-13.219430990806796	0.2695650933767163	0.6666666666666666	True	False
Mol_03786:atom32	enone	-12.465855757833834	0.08784725724213675	0.42857142857142855	True	False
Mol_03791:atom0	ester	-23.63311012409445	0.8243400853316623	0.6666666666666666	False	True
Mol_03793:atom1	ester	-13.219430990806796	0.2695650933767163	0.6666666666666666	True	False
Mol_03793:atom21	enone	-12.465855757833834	0.08784725724213675	0.42857142857142855	True	False
Mol_03795:atom0	ester	-23.63311012409445	0.8243400853316623	0.6666666666666666	False	True
Mol_03796:atom1	ester	-13.219430990806796	0.2695650933767163	0.6666666666666666	True	False
Mol_03796:atom32	enone	-12.465855757833834	0.08784725724213675	0.42857142857142855	True	False
Mol_03797:atom23	enone	-12.465855757833834	0.08784725724213675	0.42857142857142855	True	False
Mol_03798:atom1	ester	-13.219430990806796	0.2695650933767163	0.6666666666666666	True	False
Mol_03798:atom31	enone	-12.465855757833834	0.08784725724213675	0.42857142857142855	True	False
Mol_03799:atom1	ester	-9.06988351417264	0.9089161358701765	0.6666666666666666	False	True
Mol_03799:atom23	enone	-12.465855757833834	0.08784725724213675	0.42857142857142855	True	False
Mol_03800:atom1	ester	-9.06988351417264	0.9089161358701765	0.6666666666666666	False	True
Mol_03800:atom22	enone	-12.465855757833834	0.08784725724213675	0.42857142857142855	True	False
Mol_03801:atom1	ester	-9.06988351417264	0.9089161358701765	0.6666666666666666	False	True
Mol_03801:atom22	enone	-12.465855757833834	0.08784725724213675	0.42857142857142855	True	False
Mol_03802:atom1	ester	-13.219430990806796	0.2695650933767163	0.6666666666666666	True	False
Mol_03802:atom23	enone	-19.002944990145405	0.31329243630158143	0.42857142857142855	False	False
Mol_03803:atom1	ester	-13.219430990806796	0.2695650933767163	0.6666666666666666	True	False
Mol_03803:atom23	enone	-19.002944990145405	0.31329243630158143	0.42857142857142855	False	False
Mol_03804:atom1	ester	-13.219430990806796	0.2695650933767163	0.6666666666666666	True	False
Mol_03805:atom1	ester	-9.06988351417264	0.9089161358701765	0.6666666666666666	False	True
Mol_03805:atom23	enone	-12.465855757833834	0.08784725724213675	0.42857142857142855	True	False
Mol_03842:atom27	enone	-9.135734854324332	0.2685120763828074	0.42857142857142855	True	False
Mol_03844:atom4	enone	-10.089259611467549	0.19640159407114602	0.42857142857142855	True	False
Mol_03847:atom4	enone	-14.848517710979063	0.0809972526129713	0.42857142857142855	True	False
Mol_03849:atom11	enone	-20.706516378875623	0.4982966332152191	0.42857142857142855	False	True
Mol_03866:atom5	ester	-12.016483541116855	0.4044439549088504	0.6666666666666666	True	False
Mol_03871:atom25	ester	-12.016483541116855	0.4044439549088504	0.6666666666666666	True	False
Mol_03946:atom18	ester	-12.210352258522963	0.3799213267533	0.6666666666666666	True	False
Mol_03946:atom66	ester	-12.210352258522963	0.3799213267533	0.6666666666666666	True	False
Mol_03947:atom22	ester	-12.210352258522963	0.3799213267533	0.6666666666666666	True	False
Mol_03947:atom70	ester	-12.210352258522963	0.3799213267533	0.6666666666666666	True	False
Mol_03948:atom18	ester	-12.210352258522963	0.3799213267533	0.6666666666666666	True	False
Mol_03948:atom67	ester	-12.918920436864562	0.29939820985480803	0.6666666666666666	True	False
Mol_03949:atom27	ester	-11.351166037769117	0.4967394447380088	0.6666666666666666	False	False
Mol_03950:atom31	ester	-17.024713405479897	0.11424655107775301	0.6666666666666666	True	False
Mol_03951:atom20	ester	-16.44734893071308	0.11127746623341304	0.6666666666666666	True	False
Mol_03952:atom16	ester	-8.461471885535058	1.0438746320477854	0.6666666666666666	False	True
Mol_03956:atom19	ester	-8.461471885535058	1.0438746320477854	0.6666666666666666	False	True
Mol_03957:atom17	ester	-11.3064720269168	0.5033913933039083	0.6666666666666666	False	False
Mol_03958:atom16	ester	-11.3064720269168	0.5033913933039083	0.6666666666666666	False	False
Mol_03959:atom15	ester	-8.461471885535058	1.0438746320477854	0.6666666666666666	False	True
Mol_03961:atom9	ester	-14.601584897686942	0.16546537527276736	0.6666666666666666	True	False
Mol_03962:atom6	ester	-14.601584897686942	0.16546537527276736	0.6666666666666666	True	False
Mol_03967:atom31	enone	-13.936532326337236	0.0715570150578668	0.42857142857142855	True	False
Mol_03968:atom18	enone	-13.936532326337236	0.0715570150578668	0.42857142857142855	True	False
Mol_03969:atom22	enone	-12.131701332248396	0.09697237732644419	0.42857142857142855	True	False
Mol_03970:atom22	enone	-10.109659002168057	0.19503756055511712	0.42857142857142855	True	False
Mol_03971:atom22	enone	-10.109659002168057	0.19503756055511712	0.42857142857142855	True	False
Mol_03972:atom23	enone	-12.131701332248396	0.09697237732644419	0.42857142857142855	True	False
Mol_03973:atom25	enone	-10.109659002168057	0.19503756055511712	0.42857142857142855	True	False
Mol_03980:atom28	enone	-16.705520264705136	0.14646337705288093	0.42857142857142855	True	False
Mol_03980:atom39	ester	-12.016483541116855	0.4044439549088504	0.6666666666666666	True	False
Mol_03981:atom28	enone	-18.22579518722478	0.24623375388634167	0.42857142857142855	False	False
Mol_03981:atom39	ester	-11.885639396090042	0.4215994743112469	0.6666666666666666	False	False
Mol_03982:atom28	enone	-16.705520264705136	0.14646337705288093	0.42857142857142855	True	False
Mol_03983:atom28	enone	-16.705520264705136	0.14646337705288093	0.42857142857142855	True	False
Mol_03983:atom39	ester	-15.244595529546652	0.13557646297777656	0.6666666666666666	True	False
Mol_03984:atom28	enone	-16.705520264705136	0.14646337705288093	0.42857142857142855	True	False
Mol_03984:atom39	ester	-15.244595529546652	0.13557646297777656	0.6666666666666666	True	False
Mol_03986:atom29	enone	-16.705520264705136	0.14646337705288093	0.42857142857142855	True	False
Mol_03986:atom40	ester	-12.016483541116855	0.4044439549088504	0.6666666666666666	True	False
Mol_03987:atom31	enone	-16.705520264705136	0.14646337705288093	0.42857142857142855	True	False
Mol_03987:atom42	ester	-12.016483541116855	0.4044439549088504	0.6666666666666666	True	False
Mol_03991:atom3	enone	-16.953803987355727	0.15991716005149376	0.42857142857142855	True	False
Mol_04001:atom3	ester	-12.016219487001283	0.4044780852122209	0.6666666666666666	True	False
Mol_04013:atom29	ester	-12.016483541116855	0.4044439549088504	0.6666666666666666	True	False
Mol_04029:atom38	enone	-7.073815297650379	0.48036191436747633	0.42857142857142855	False	True
Mol_04030:atom20	enone	-7.073815297650379	0.48036191436747633	0.42857142857142855	False	True
Mol_04031:atom38	enone	-7.073815297650379	0.48036191436747633	0.42857142857142855	False	True
Mol_04032:atom38	enone	-7.073815297650379	0.48036191436747633	0.42857142857142855	False	True
Mol_04042:atom18	enone	-7.073815297650379	0.48036191436747633	0.42857142857142855	False	True
Mol_04043:atom16	enone	-7.073815297650379	0.48036191436747633	0.42857142857142855	False	True
Mol_04044:atom17	enone	-7.073815297650379	0.48036191436747633	0.42857142857142855	False	True
Mol_04046:atom18	enone	-7.073815297650379	0.48036191436747633	0.42857142857142855	False	True
Mol_04048:atom10	enone	-7.073815297650379	0.48036191436747633	0.42857142857142855	False	True
Mol_04049:atom23	ester	-12.016483541116855	0.4044439549088504	0.6666666666666666	True	False
Mol_04050:atom34	ester	-13.002616351894376	0.2908309474912113	0.6666666666666666	True	False
Mol_04061:atom12	enone	-2.5116960363463847	1.2208667807395142	0.42857142857142855	False	True
Mol_04062:atom8	ester	-7.490279874526419	1.2811479148056162	0.6666666666666666	False	True
Mol_04062:atom10	enone	-4.460593960268939	0.8587274891648048	0.42857142857142855	False	True
Mol_04062:atom16	enone	-8.188561703161513	0.35633277256467244	0.42857142857142855	False	False
Mol_04063:atom8	ester	-19.801099849652434	0.2610983132008934	0.6666666666666666	False	False
Mol_04063:atom10	enone	-4.460593960268939	0.8587274891648048	0.42857142857142855	False	True
Mol_04063:atom16	enone	-8.188561703161513	0.35633277256467244	0.42857142857142855	False	False
Mol_04064:atom14	enone	0.7189249220612774	1.9716581235453752	0.42857142857142855	False	True
Mol_04065:atom5	enone	-13.005969440121596	0.07734445820053373	0.42857142857142855	True	False
Mol_04069:atom12	enone	-10.278094620855224	0.18406092549101066	0.42857142857142855	True	False
Mol_04069:atom22	enone	-10.28198766720196	0.18381325638179777	0.42857142857142855	True	False
Mol_04070:atom12	enone	-6.493850050774084	0.5537294091669792	0.42857142857142855	False	True
Mol_04070:atom27	enone	-6.493850050774084	0.5537294091669792	0.42857142857142855	False	True
Mol_04073:atom23	ester	-4.756800867064181	2.093150939691526	0.6666666666666666	False	True
Mol_04089:atom4	enone	-20.33095049420853	0.4530255417871296	0.42857142857142855	False	True
Mol_04100:atom5	enone	-18.187763577771705	0.24323089968911427	0.42857142857142855	False	False
Mol_04101:atom5	enone	-16.953803987355727	0.15991716005149376	0.42857142857142855	True	False
Mol_04110:atom1	enone	-10.257002496694822	0.18540751060125446	0.42857142857142855	True	False
Mol_04111:atom5	enone	-8.012697572416952	0.37441486753267583	0.42857142857142855	False	False
Mol_04111:atom14	enone	-8.012697572416952	0.37441486753267583	0.42857142857142855	False	False
Mol_04129:atom2	enone	-3.378348599194352	1.0513924937553705	0.42857142857142855	False	True
Mol_04129:atom8	enone	-4.615748637201529	0.83283293526691	0.42857142857142855	False	True
Mol_04132:atom23	ester	-4.756800867064181	2.093150939691526	0.6666666666666666	False	True
Mol_04133:atom26	ester	-18.46710231573094	0.16314309291879725	0.6666666666666666	True	False
Mol_04135:atom3	enone	-17.24269055469259	0.1769666871908179	0.42857142857142855	True	False
Mol_04136:atom24	ester	-4.756800867064181	2.093150939691526	0.6666666666666666	False	True
Mol_04137:atom12	ester	-18.46710231573094	0.16314309291879725	0.6666666666666666	True	False
Mol_04143:atom16	enone	-11.38178618523302	0.12476232782797797	0.42857142857142855	True	False
Mol_04159:atom16	ester	-8.791198880194193	0.9694259232961879	0.6666666666666666	False	True
Mol_04160:atom13	ester	-8.791198880194193	0.9694259232961879	0.6666666666666666	False	True
Mol_04162:atom18	ester	-4.756800867064181	2.093150939691526	0.6666666666666666	False	True
Mol_04163:atom22	ester	-4.756800867064181	2.093150939691526	0.6666666666666666	False	True
Mol_04164:atom24	ester	-4.756800867064181	2.093150939691526	0.6666666666666666	False	True
Mol_04165:atom24	ester	-4.756800867064181	2.093150939691526	0.6666666666666666	False	True
Mol_04167:atom3	enone	-19.1364361434317	0.32590436614058527	0.42857142857142855	False	False
Mol_04170:atom10	enone	-6.487088359181058	0.5546204640351049	0.42857142857142855	False	True
Mol_04171:atom14	enone	-6.487088359181058	0.5546204640351049	0.42857142857142855	False	True
Mol_04173:atom12	ester	-5.483090166572722	1.856644432109992	0.6666666666666666	False	True
Mol_04175:atom20	enone	-14.625344530221332	0.0773046289416626	0.42857142857142855	True	False
Mol_04203:atom1	ester	-12.87931274693731	0.3035220583187026	0.6666666666666666	True	False
Mol_04203:atom14	enone	-12.487808981910534	0.08731806361106119	0.42857142857142855	True	False
Mol_04203:atom20	enone	-2.930426068097133	1.1372971686234932	0.42857142857142855	False	True
Mol_04204:atom1	ester	-12.87931274693731	0.3035220583187026	0.6666666666666666	True	False
Mol_04204:atom14	enone	-12.487808981910534	0.08731806361106119	0.42857142857142855	True	False
Mol_04204:atom20	enone	-2.930426068097133	1.1372971686234932	0.42857142857142855	False	True
Mol_04204:atom28	ester	-9.272919870525248	0.8662241581846974	0.6666666666666666	False	True
Mol_04205:atom1	ester	-12.87931274693731	0.3035220583187026	0.6666666666666666	True	False
Mol_04205:atom14	enone	-12.487808981910534	0.08731806361106119	0.42857142857142855	True	False
Mol_04205:atom20	enone	-2.930426068097133	1.1372971686234932	0.42857142857142855	False	True
Mol_04206:atom1	ester	-12.87931274693731	0.3035220583187026	0.6666666666666666	True	False
Mol_04206:atom14	enone	-12.487808981910534	0.08731806361106119	0.42857142857142855	True	False
Mol_04206:atom20	enone	-2.930426068097133	1.1372971686234932	0.42857142857142855	False	True
Mol_04207:atom1	ester	-12.87931274693731	0.3035220583187026	0.6666666666666666	True	False
Mol_04207:atom9	enone	-2.930426068097133	1.1372971686234932	0.42857142857142855	False	True
Mol_04207:atom15	enone	-12.487808981910534	0.08731806361106119	0.42857142857142855	True	False
Mol_04208:atom1	ester	-12.87931274693731	0.3035220583187026	0.6666666666666666	True	False
Mol_04208:atom9	enone	-2.930426068097133	1.1372971686234932	0.42857142857142855	False	True
Mol_04208:atom15	enone	-12.487808981910534	0.08731806361106119	0.42857142857142855	True	False
Mol_04210:atom1	ester	-12.87931274693731	0.3035220583187026	0.6666666666666666	True	False
Mol_04210:atom14	enone	-12.487808981910534	0.08731806361106119	0.42857142857142855	True	False
Mol_04210:atom20	enone	-2.930426068097133	1.1372971686234932	0.42857142857142855	False	True
Mol_04211:atom1	ester	-11.93330027436887	0.4152940108393159	0.6666666666666666	True	False
Mol_04211:atom14	enone	-12.474699678436805	0.08763302737585216	0.42857142857142855	True	False
Mol_04211:atom20	enone	-8.480589140664401	0.3275357544384545	0.42857142857142855	True	False
Mol_04212:atom1	ester	-12.87931274693731	0.3035220583187026	0.6666666666666666	True	False
Mol_04212:atom9	enone	-2.930426068097133	1.1372971686234932	0.42857142857142855	False	True
Mol_04212:atom15	enone	-12.487808981910534	0.08731806361106119	0.42857142857142855	True	False
Mol_04228:atom9	ester	-16.44734893071308	0.11127746623341304	0.6666666666666666	True	False
Mol_04232:atom9	ester	-17.71591711897948	0.1302854711342851	0.6666666666666666	True	False
Mol_04234:atom9	ester	-16.44734893071308	0.11127746623341304	0.6666666666666666	True	False
Mol_04248:atom3	enal	-19.69275245483925	0.07863668176920265	0.46153846153846156	True	False
Mol_04256:atom7	ester	-6.961625798969904	1.4215934267114816	0.6666666666666666	False	True
Mol_04266:atom1	ester	-12.87931274693731	0.3035220583187026	0.6666666666666666	True	False
Mol_04269:atom1	ester	-12.87931274693731	0.3035220583187026	0.6666666666666666	True	False
Mol_04280:atom1	enone	-8.371581465301547	0.3381056517301273	0.42857142857142855	True	False
Mol_04281:atom1	enone	-8.371581465301547	0.3381056517301273	0.42857142857142855	True	False
Mol_04282:atom1	ester	-12.87931274693731	0.3035220583187026	0.6666666666666666	True	False
Mol_04282:atom9	enone	-8.371581465301547	0.3381056517301273	0.42857142857142855	True	False
Mol_04282:atom29	ester	-12.87931274693731	0.3035220583187026	0.6666666666666666	True	False
Mol_04283:atom2	enone	-15.307103987916497	0.09139673786831445	0.42857142857142855	True	False
Mol_04284:atom2	enone	-15.307103987916497	0.09139673786831445	0.42857142857142855	True	False
Mol_04291:atom1	ester	-11.93330027436887	0.4152940108393159	0.6666666666666666	True	False
Mol_04292:atom1	ester	-12.87931274693731	0.3035220583187026	0.6666666666666666	True	False
Mol_04293:atom1	ester	-12.87931274693731	0.3035220583187026	0.6666666666666666	True	False
Mol_04294:atom1	ester	-11.93330027436887	0.4152940108393159	0.6666666666666666	True	False
Mol_04301:atom1	enone	-9.019817338646698	0.2783932332025462	0.42857142857142855	True	False
Mol_04302:atom1	enone	-10.9601539622029	0.1448292984832213	0.42857142857142855	True	False
Mol_04302:atom7	enone	-11.564043464965206	0.11707789076419939	0.42857142857142855	True	False
Mol_04303:atom11	enone	-2.930426068097133	1.1372971686234932	0.42857142857142855	False	True
Mol_04303:atom17	enone	-12.487808981910534	0.08731806361106119	0.42857142857142855	True	False
Mol_04303:atom30	ester	-9.272919870525248	0.8662241581846974	0.6666666666666666	False	True
Mol_04304:atom11	enone	-2.930426068097133	1.1372971686234932	0.42857142857142855	False	True
Mol_04304:atom17	enone	-12.487808981910534	0.08731806361106119	0.42857142857142855	True	False
Mol_04305:atom11	enone	-12.487808981910534	0.08731806361106119	0.42857142857142855	True	False
Mol_04305:atom17	enone	-2.930426068097133	1.1372971686234932	0.42857142857142855	False	True
Mol_04314:atom1	ester	-12.87931274693731	0.3035220583187026	0.6666666666666666	True	False
Mol_04315:atom1	ester	-12.87931274693731	0.3035220583187026	0.6666666666666666	True	False
Mol_04316:atom10	ester	-9.272919870525248	0.8662241581846974	0.6666666666666666	False	True
Mol_04317:atom10	ester	-9.272919870525248	0.8662241581846974	0.6666666666666666	False	True
Mol_04318:atom1	ester	-12.87931274693731	0.3035220583187026	0.6666666666666666	True	False
Mol_04321:atom5	enal	-19.69275245483925	0.07863668176920265	0.46153846153846156	True	False
Mol_04322:atom9	enal	-20.962205526876843	0.12874615092682884	0.46153846153846156	True	False
Mol_04323:atom5	ester	-12.506053705160246	0.3445789696889854	0.6666666666666666	True	False
Mol_04324:atom1	ester	-12.87931274693731	0.3035220583187026	0.6666666666666666	True	False
Mol_04338:atom1	enone	-14.323710832163831	0.07373743243173643	0.42857142857142855	True	False
Mol_04339:atom1	enone	-14.642538594860683	0.07755727110342343	0.42857142857142855	True	False
Mol_04340:atom2	enone	-15.68610555486982	0.10284635736427797	0.42857142857142855	True	False
Mol_04341:atom2	enone	-16.300519406626698	0.12689699752552108	0.42857142857142855	True	False
Mol_04361:atom1	ester	-12.87931274693731	0.3035220583187026	0.6666666666666666	True	False
Mol_04364:atom1	ester	-12.87931274693731	0.3035220583187026	0.6666666666666666	True	False
Mol_04365:atom1	ester	-12.87931274693731	0.3035220583187026	0.6666666666666666	True	False
Mol_04365:atom17	ester	-12.016483541116855	0.4044439549088504	0.6666666666666666	True	False
Mol_04370:atom3	ester	-12.016483541116855	0.4044439549088504	0.6666666666666666	True	False
Mol_04373:atom5	ester	-12.016483541116855	0.4044439549088504	0.6666666666666666	True	False
Mol_04405:atom9	enone	-15.307103987916497	0.09139673786831445	0.42857142857142855	True	False
Mol_04417:atom1	ester	-11.93330027436887	0.4152940108393159	0.6666666666666666	True	False
Mol_04430:atom1	ester	-11.928275246690797	0.41595576410887447	0.6666666666666666	False	False
Mol_04431:atom10	enone	-15.307103987916497	0.09139673786831445	0.42857142857142855	True	False
Mol_04433:atom1	ester	-12.87931274693731	0.3035220583187026	0.6666666666666666	True	False
Mol_04433:atom18	ester	-12.87931274693731	0.3035220583187026	0.6666666666666666	True	False
Mol_04462:atom1	ester	-9.272919870525248	0.8662241581846974	0.6666666666666666	False	True
Mol_04463:atom1	ester	-12.87931274693731	0.3035220583187026	0.6666666666666666	True	False
Mol_04464:atom1	ester	-9.272919870525248	0.8662241581846974	0.6666666666666666	False	True
Mol_04465:atom1	ester	-11.93330027436887	0.4152940108393159	0.6666666666666666	True	False
Mol_04551:atom16	ester	-11.790401958617888	0.434393014510262	0.6666666666666666	False	False
Mol_04552:atom16	ester	-11.790401958617888	0.434393014510262	0.6666666666666666	False	False
Mol_04553:atom18	ester	-2.529179126849224	2.912235230860808	0.6666666666666666	False	True
Mol_04554:atom19	ester	-11.790401958617888	0.434393014510262	0.6666666666666666	False	False
Mol_04555:atom2	ester	-7.499212248238229	1.2788432548491746	0.6666666666666666	False	True
Mol_04556:atom2	ester	-2.529179126849224	2.912235230860808	0.6666666666666666	False	True
Mol_04557:atom2	ester	-11.790401958617888	0.434393014510262	0.6666666666666666	False	False
Mol_04560:atom15	ester	-12.87931274693731	0.3035220583187026	0.6666666666666666	True	False
Mol_04575:atom11	ester	-11.323526731744664	0.5008463770667431	0.6666666666666666	False	False
Mol_04575:atom25	ester	-12.87931274693731	0.3035220583187026	0.6666666666666666	True	False
Mol_04577:atom1	ester	-12.87931274693731	0.3035220583187026	0.6666666666666666	True	False
Mol_04578:atom10	enone	-19.03311983866643	0.31611524782998346	0.42857142857142855	False	False
Mol_04579:atom2	enone	-19.03311983866643	0.31611524782998346	0.42857142857142855	False	False
Mol_04587:atom12	enone	-8.332134140446879	0.34198331618261135	0.42857142857142855	True	False
Mol_04588:atom1	enone	-8.332134140446879	0.34198331618261135	0.42857142857142855	True	False
Mol_04619:atom1	ester	-12.87931274693731	0.3035220583187026	0.6666666666666666	True	False
Mol_04620:atom18	ester	-9.272919870525248	0.8662241581846974	0.6666666666666666	False	True
Mol_04621:atom1	ester	-11.93330027436887	0.4152940108393159	0.6666666666666666	True	False
Mol_04645:atom2	ester	-12.918920436864562	0.29939820985480803	0.6666666666666666	True	False
Mol_04646:atom7	ester	-12.918920436864562	0.29939820985480803	0.6666666666666666	True	False
Mol_04648:atom36	ester	-12.918920436864562	0.29939820985480803	0.6666666666666666	True	False
Mol_04690:atom27	ester	-13.002616351894376	0.2908309474912113	0.6666666666666666	True	False
Mol_04692:atom46	ester	-13.002616351894376	0.2908309474912113	0.6666666666666666	True	False
Mol_04726:atom1	ester	-12.87931274693731	0.3035220583187026	0.6666666666666666	True	False
Mol_04734:atom10	ester	-12.016483541116855	0.4044439549088504	0.6666666666666666	True	False
Mol_04753:atom6	enal	-13.897320323193677	0.7312361118685313	0.46153846153846156	False	True
Mol_04753:atom11	enal	-18.99022157802847	0.08072724443066578	0.46153846153846156	True	False
Mol_04754:atom6	enal	-13.897320323193677	0.7312361118685313	0.46153846153846156	False	True
Mol_04755:atom11	enone	-12.53702505965145	0.08616318563796341	0.42857142857142855	True	False
Mol_04756:atom1	enone	-9.019817338646698	0.2783932332025462	0.42857142857142855	True	False
Mol_04758:atom1	enone	-9.019817338646698	0.2783932332025462	0.42857142857142855	True	False
Mol_04774:atom1	enone	-13.074359347362554	0.07638884079779053	0.42857142857142855	True	False
Mol_04777:atom4	enone	-9.310014905108078	0.2541107641246516	0.42857142857142855	True	False
Mol_04794:atom27	enone	-7.073815297650379	0.48036191436747633	0.42857142857142855	False	True
Mol_04796:atom27	ester	-12.016483541116855	0.4044439549088504	0.6666666666666666	True	False
Mol_04797:atom3	ester	-12.016483541116855	0.4044439549088504	0.6666666666666666	True	False
Mol_04797:atom44	ester	-12.016483541116855	0.4044439549088504	0.6666666666666666	True	False
Mol_04798:atom3	ester	-12.016483541116855	0.4044439549088504	0.6666666666666666	True	False
Mol_04799:atom3	ester	-15.58246974736562	0.12458982609122041	0.6666666666666666	True	False
Mol_04811:atom3	ester	-15.58246974736562	0.12458982609122041	0.6666666666666666	True	False
Mol_04811:atom27	ester	-15.58246974736562	0.12458982609122041	0.6666666666666666	True	False
Mol_04812:atom3	ester	-12.016483541116855	0.4044439549088504	0.6666666666666666	True	False
Mol_04812:atom27	ester	-12.016483541116855	0.4044439549088504	0.6666666666666666	True	False
Mol_04813:atom3	ester	-15.58246974736562	0.12458982609122041	0.6666666666666666	True	False
Mol_04814:atom3	ester	-12.016483541116855	0.4044439549088504	0.6666666666666666	True	False
Mol_04956:atom19	enone	-12.15997687455368	0.09612244408401968	0.42857142857142855	True	False
Mol_04976:atom4	enone	-23.959578313828185	0.9965823245279658	0.42857142857142855	False	True
Mol_04978:atom2	enone	-18.734326389794536	0.28888538759349425	0.42857142857142855	False	False
Mol_04979:atom2	enone	-19.738954089895262	0.38681700176377076	0.42857142857142855	False	False
Mol_04980:atom2	enone	-19.268332621259223	0.3386804336511572	0.42857142857142855	False	False
Mol_04981:atom2	enone	-18.49783806361869	0.26847200613404565	0.42857142857142855	False	False
Mol_04982:atom16	enone	-18.80901072434997	0.2955410493894267	0.42857142857142855	False	False
Mol_04983:atom16	enone	-11.844536853661731	0.10641888331388669	0.42857142857142855	True	False
Mol_05045:atom1	enone	-12.806878294352192	0.08060529539492264	0.42857142857142855	True	False
Mol_05050:atom1	enone	-11.122281436222352	0.13673470392042508	0.42857142857142855	True	False
Mol_05096:atom14	enone	-7.0501227044666654	0.48324057703583423	0.42857142857142855	False	True
Mol_05107:atom0	ester	-23.013731611071705	0.7049705082296818	0.6666666666666666	False	True
Mol_05108:atom0	ester	-16.712595286224687	0.11146275323441057	0.6666666666666666	True	False
Mol_05142:atom0	ester	-16.991922386392556	0.11382367459293287	0.6666666666666666	True	False
Mol_05142:atom27	enone	-4.622274719058847	0.8317532534540356	0.42857142857142855	False	True
Mol_05151:atom0	ester	-16.991922386392556	0.11382367459293287	0.6666666666666666	True	False
Mol_05151:atom17	enone	-4.622274719058847	0.8317532534540356	0.42857142857142855	False	True
Mol_05173:atom8	ester	-19.072829257923058	0.2013406772133864	0.6666666666666666	True	False
Mol_05174:atom1	enone	-13.074359347362554	0.07638884079779053	0.42857142857142855	True	False
Mol_05177:atom5	ester	-12.016483541116855	0.4044439549088504	0.6666666666666666	True	False
Mol_05189:atom10	ester	-23.31970549741421	0.7625739210591265	0.6666666666666666	False	True
Mol_05189:atom17	ester	-19.072829257923058	0.2013406772133864	0.6666666666666666	True	False
Mol_05190:atom0	ester	-19.072829257923058	0.2013406772133864	0.6666666666666666	True	False
Mol_05190:atom21	ester	-23.018799931888346	0.7059029688969976	0.6666666666666666	False	True
Mol_05191:atom0	ester	-19.072829257923058	0.2013406772133864	0.6666666666666666	True	False
Mol_05191:atom24	ester	-23.31970549741421	0.7625739210591265	0.6666666666666666	False	True
Mol_05192:atom0	ester	-19.072829257923058	0.2013406772133864	0.6666666666666666	True	False
Mol_05192:atom6	enal	-20.38231697484109	0.09724841555539149	0.46153846153846156	True	False
Mol_05192:atom21	ester	-23.31970549741421	0.7625739210591265	0.6666666666666666	False	True
Mol_05209:atom4	enone	-14.80319523556314	0.0801748551568356	0.42857142857142855	True	False
Mol_05211:atom10	ester	-17.578731669169965	0.1260200415911265	0.6666666666666666	True	False
Mol_05211:atom16	ester	-19.072829257923058	0.2013406772133864	0.6666666666666666	True	False
Mol_05212:atom9	ester	-19.072829257923058	0.2013406772133864	0.6666666666666666	True	False
Mol_05213:atom0	ester	-19.072829257923058	0.2013406772133864	0.6666666666666666	True	False
Mol_05213:atom12	ester	-17.578731669169965	0.1260200415911265	0.6666666666666666	True	False
Mol_05214:atom10	ester	-23.013731611071705	0.7049705082296818	0.6666666666666666	False	True
Mol_05214:atom17	ester	-19.072829257923058	0.2013406772133864	0.6666666666666666	True	False
Mol_05219:atom5	enal	-20.27935565659332	0.0931693131913289	0.46153846153846156	True	False
Mol_05231:atom3	enal	-19.52993793886653	0.07722960542695073	0.46153846153846156	True	False
Mol_05260:atom7	ester	-12.74491545675386	0.31784811715051864	0.6666666666666666	True	False
Mol_05265:atom10	ester	-16.712595286224687	0.11146275323441057	0.6666666666666666	True	False
Mol_05277:atom3	ester	-12.016483541116855	0.4044439549088504	0.6666666666666666	True	False
Mol_05279:atom3	ester	-12.016483541116855	0.4044439549088504	0.6666666666666666	True	False
Mol_05281:atom3	ester	-12.016483541116855	0.4044439549088504	0.6666666666666666	True	False
Mol_05283:atom3	ester	-12.016483541116855	0.4044439549088504	0.6666666666666666	True	False
Mol_05283:atom20	ester	-12.016483541116855	0.4044439549088504	0.6666666666666666	True	False
Mol_05284:atom5	ester	-12.016483541116855	0.4044439549088504	0.6666666666666666	True	False
Mol_05285:atom3	ester	-17.032008413008015	0.11434479185702562	0.6666666666666666	True	False
Mol_05292:atom3	ester	-12.016483541116855	0.4044439549088504	0.6666666666666666	True	False
Mol_05292:atom26	ester	-12.016483541116855	0.4044439549088504	0.6666666666666666	True	False
Mol_05293:atom3	ester	-12.016483541116855	0.4044439549088504	0.6666666666666666	True	False
Mol_05293:atom20	ester	-12.016483541116855	0.4044439549088504	0.6666666666666666	True	False
Mol_05297:atom3	ester	-12.016483541116855	0.4044439549088504	0.6666666666666666	True	False
Mol_05330:atom15	ester	-15.110715993690084	0.1408290612900525	0.6666666666666666	True	False
Mol_05332:atom15	ester	-16.987046978317732	0.11376341546145127	0.6666666666666666	True	False
Mol_05336:atom11	ester	-19.072829257923058	0.2013406772133864	0.6666666666666666	True	False
Mol_05338:atom8	ester	-19.072829257923058	0.2013406772133864	0.6666666666666666	True	False
Mol_05339:atom8	ester	-19.072829257923058	0.2013406772133864	0.6666666666666666	True	False
Mol_05340:atom0	ester	-19.072829257923058	0.2013406772133864	0.6666666666666666	True	False
Mol_05341:atom0	ester	-19.072829257923058	0.2013406772133864	0.6666666666666666	True	False
Mol_05360:atom0	ester	-15.736774568104638	0.12065361706671505	0.6666666666666666	True	False
Mol_05360:atom23	ester	-19.072829257923058	0.2013406772133864	0.6666666666666666	True	False
Mol_05361:atom0	ester	-19.072829257923058	0.2013406772133864	0.6666666666666666	True	False
Mol_05362:atom0	ester	-19.072829257923058	0.2013406772133864	0.6666666666666666	True	False
Mol_05363:atom0	ester	-19.072829257923058	0.2013406772133864	0.6666666666666666	True	False
Mol_05364:atom0	ester	-21.84636497789343	0.5096874454295692	0.6666666666666666	False	False
Mol_05364:atom24	ester	-19.072829257923058	0.2013406772133864	0.6666666666666666	True	False
Mol_05365:atom0	ester	-15.736774568104638	0.12065361706671505	0.6666666666666666	True	False
Mol_05365:atom24	ester	-19.072829257923058	0.2013406772133864	0.6666666666666666	True	False
Mol_05369:atom0	enone	-21.377441050467056	0.5854849169360108	0.42857142857142855	False	True
Mol_05377:atom14	ester	-19.242274490451145	0.2138961656712715	0.6666666666666666	True	False
Mol_05379:atom0	ester	-15.074742514989657	0.14232743329404796	0.6666666666666666	True	False
Mol_05380:atom0	ester	-19.242274490451145	0.2138961656712715	0.6666666666666666	True	False
Mol_05380:atom22	ester	-14.333752020807225	0.18138839859435307	0.6666666666666666	True	False
Mol_05381:atom0	ester	-19.242274490451145	0.2138961656712715	0.6666666666666666	True	False
Mol_05381:atom21	ester	-16.99396118734966	0.11384907449976321	0.6666666666666666	True	False
Mol_05382:atom22	ester	-13.91818725427916	0.21013781059318393	0.6666666666666666	True	False
Mol_05383:atom0	ester	-21.84636497789343	0.5096874454295692	0.6666666666666666	False	False
Mol_05388:atom0	ester	-19.072829257923058	0.2013406772133864	0.6666666666666666	True	False
Mol_05389:atom0	ester	-19.072829257923058	0.2013406772133864	0.6666666666666666	True	False
Mol_05389:atom22	ester	-12.87931274693731	0.3035220583187026	0.6666666666666666	True	False
Mol_05392:atom0	ester	-19.072829257923058	0.2013406772133864	0.6666666666666666	True	False
Mol_05392:atom21	ester	-23.018799931888346	0.7059029688969976	0.6666666666666666	False	True
Mol_05393:atom0	ester	-21.84636497789343	0.5096874454295692	0.6666666666666666	False	False
Mol_05393:atom23	ester	-19.072829257923058	0.2013406772133864	0.6666666666666666	True	False
Mol_05404:atom0	ester	-19.072829257923058	0.2013406772133864	0.6666666666666666	True	False
Mol_05424:atom4	enone	-14.80319523556314	0.0801748551568356	0.42857142857142855	True	False
Mol_05452:atom3	ester	-12.016483541116855	0.4044439549088504	0.6666666666666666	True	False
Mol_05452:atom28	ester	-12.016483541116855	0.4044439549088504	0.6666666666666666	True	False
Mol_05456:atom3	ester	-12.016483541116855	0.4044439549088504	0.6666666666666666	True	False
Mol_05456:atom28	ester	-12.016483541116855	0.4044439549088504	0.6666666666666666	True	False
Mol_05470:atom3	ester	-12.016483541116855	0.4044439549088504	0.6666666666666666	True	False
Mol_05470:atom26	ester	-12.016483541116855	0.4044439549088504	0.6666666666666666	True	False
Mol_05483:atom5	ester	-21.15638175531268	0.4125100699076802	0.6666666666666666	False	False
Mol_05484:atom0	ester	-16.712595286224687	0.11146275323441057	0.6666666666666666	True	False
Mol_05485:atom0	ester	-16.712595286224687	0.11146275323441057	0.6666666666666666	True	False
Mol_05486:atom26	ester	-12.87931274693731	0.3035220583187026	0.6666666666666666	True	False
Mol_05486:atom39	ester	-12.87931274693731	0.3035220583187026	0.6666666666666666	True	False
Mol_05487:atom26	ester	-12.87931274693731	0.3035220583187026	0.6666666666666666	True	False
Mol_05487:atom41	ester	-12.87931274693731	0.3035220583187026	0.6666666666666666	True	False
Mol_05488:atom26	ester	-12.87931274693731	0.3035220583187026	0.6666666666666666	True	False
Mol_05488:atom42	ester	-12.87931274693731	0.3035220583187026	0.6666666666666666	True	False
Mol_05489:atom1	ester	-12.87931274693731	0.3035220583187026	0.6666666666666666	True	False
Mol_05489:atom19	ester	-12.87931274693731	0.3035220583187026	0.6666666666666666	True	False
Mol_05490:atom29	ester	-12.87931274693731	0.3035220583187026	0.6666666666666666	True	False
Mol_05490:atom42	ester	-12.87931274693731	0.3035220583187026	0.6666666666666666	True	False
Mol_05491:atom1	enone	-7.080445415566424	0.4795581595578061	0.42857142857142855	False	True
Mol_05495:atom6	ester	-10.822984683317326	0.5789862570189854	0.6666666666666666	False	False
Mol_05496:atom0	ester	-15.074742514989657	0.14232743329404796	0.6666666666666666	True	False
Mol_05503:atom0	ester	-15.074742514989657	0.14232743329404796	0.6666666666666666	True	False
Mol_05503:atom21	ester	-12.87931274693731	0.3035220583187026	0.6666666666666666	True	False
Mol_05504:atom0	ester	-28.11678179918729	2.014225412403402	0.6666666666666666	False	True
Mol_05504:atom13	ester	-12.87931274693731	0.3035220583187026	0.6666666666666666	True	False
Mol_05517:atom0	ester	-19.072829257923058	0.2013406772133864	0.6666666666666666	True	False
Mol_05518:atom0	ester	-15.736774568104638	0.12065361706671505	0.6666666666666666	True	False
Mol_05518:atom22	ester	-19.072829257923058	0.2013406772133864	0.6666666666666666	True	False
Mol_05520:atom0	ester	-15.736774568104638	0.12065361706671505	0.6666666666666666	True	False
Mol_05520:atom24	ester	-19.072829257923058	0.2013406772133864	0.6666666666666666	True	False
Mol_05522:atom0	ester	-19.072829257923058	0.2013406772133864	0.6666666666666666	True	False
Mol_05523:atom0	ester	-21.84636497789343	0.5096874454295692	0.6666666666666666	False	False
Mol_05523:atom25	ester	-19.072829257923058	0.2013406772133864	0.6666666666666666	True	False
Mol_05524:atom0	ester	-19.072829257923058	0.2013406772133864	0.6666666666666666	True	False
Mol_05525:atom0	ester	-19.072829257923058	0.2013406772133864	0.6666666666666666	True	False
Mol_05526:atom0	ester	-21.84636497789343	0.5096874454295692	0.6666666666666666	False	False
Mol_05526:atom29	ester	-19.072829257923058	0.2013406772133864	0.6666666666666666	True	False
Mol_05527:atom0	enone	-21.377441050467056	0.5854849169360108	0.42857142857142855	False	True
Mol_05527:atom30	ester	-19.072829257923058	0.2013406772133864	0.6666666666666666	True	False
Mol_05529:atom0	ester	-15.736774568104638	0.12065361706671505	0.6666666666666666	True	False
Mol_05529:atom22	ester	-19.072829257923058	0.2013406772133864	0.6666666666666666	True	False
Mol_05530:atom0	ester	-19.072829257923058	0.2013406772133864	0.6666666666666666	True	False
Mol_05532:atom0	ester	-19.072829257923058	0.2013406772133864	0.6666666666666666	True	False
Mol_05532:atom21	ester	-16.99396118734966	0.11384907449976321	0.6666666666666666	True	False
Mol_05533:atom10	ester	-21.84636497789343	0.5096874454295692	0.6666666666666666	False	False
Mol_05533:atom15	ester	-19.072829257923058	0.2013406772133864	0.6666666666666666	True	False
Mol_05534:atom10	ester	-21.84636497789343	0.5096874454295692	0.6666666666666666	False	False
Mol_05534:atom15	ester	-16.991922386392556	0.11382367459293287	0.6666666666666666	True	False
Mol_05537:atom0	enone	-16.636149533130588	0.14290255176427583	0.42857142857142855	True	False
Mol_05537:atom5	enone	-16.301973540669977	0.1269619722008012	0.42857142857142855	True	False
Mol_05539:atom0	ester	-19.072829257923058	0.2013406772133864	0.6666666666666666	True	False
Mol_05541:atom12	ester	-19.072829257923058	0.2013406772133864	0.6666666666666666	True	False
Mol_05542:atom0	ester	-19.072829257923058	0.2013406772133864	0.6666666666666666	True	False
Mol_05544:atom8	ester	-19.072829257923058	0.2013406772133864	0.6666666666666666	True	False
Mol_05546:atom0	ester	-19.072829257923058	0.2013406772133864	0.6666666666666666	True	False
Mol_05548:atom0	ester	-15.736774568104638	0.12065361706671505	0.6666666666666666	True	False
Mol_05549:atom0	ester	-21.84636497789343	0.5096874454295692	0.6666666666666666	False	False
Mol_05572:atom0	ester	-19.072829257923058	0.2013406772133864	0.6666666666666666	True	False
Mol_05572:atom21	ester	-17.578731669169965	0.1260200415911265	0.6666666666666666	True	False
Mol_05578:atom5	ester	-10.561791257928164	0.622594092046953	0.6666666666666666	False	False
Mol_05586:atom0	ester	-19.072829257923058	0.2013406772133864	0.6666666666666666	True	False
Mol_05586:atom11	enal	-23.819132120719104	0.4952839657689939	0.46153846153846156	False	True
Mol_05586:atom13	ester	-26.695773135344147	1.5751507194764798	0.6666666666666666	False	True
Mol_05587:atom0	ester	-19.072829257923058	0.2013406772133864	0.6666666666666666	True	False
Mol_05587:atom12	ester	-16.99396118734966	0.11384907449976321	0.6666666666666666	True	False
Mol_05588:atom0	ester	-19.072829257923058	0.2013406772133864	0.6666666666666666	True	False
Mol_05596:atom0	ester	-19.072829257923058	0.2013406772133864	0.6666666666666666	True	False
Mol_05596:atom14	ester	-19.58156282101041	0.24149420413133987	0.6666666666666666	False	False
Mol_05596:atom28	ester	-13.91818725427916	0.21013781059318393	0.6666666666666666	True	False
Mol_05597:atom0	ester	-19.072829257923058	0.2013406772133864	0.6666666666666666	True	False
Mol_05597:atom22	ester	-13.91818725427916	0.21013781059318393	0.6666666666666666	True	False
Mol_05598:atom0	ester	-19.072829257923058	0.2013406772133864	0.6666666666666666	True	False
Mol_05598:atom13	ester	-13.91818725427916	0.21013781059318393	0.6666666666666666	True	False
Mol_05599:atom0	ester	-19.072829257923058	0.2013406772133864	0.6666666666666666	True	False
Mol_05600:atom0	ester	-19.072829257923058	0.2013406772133864	0.6666666666666666	True	False
Mol_05600:atom22	ester	-11.93330027436887	0.4152940108393159	0.6666666666666666	True	False
Mol_05601:atom0	ester	-19.072829257923058	0.2013406772133864	0.6666666666666666	True	False
Mol_05601:atom13	ester	-13.91818725427916	0.21013781059318393	0.6666666666666666	True	False
Mol_05602:atom0	ester	-19.072829257923058	0.2013406772133864	0.6666666666666666	True	False
Mol_05605:atom0	ester	-19.072829257923058	0.2013406772133864	0.6666666666666666	True	False
Mol_05615:atom0	ester	-16.991922386392556	0.11382367459293287	0.6666666666666666	True	False
Mol_05622:atom0	ester	-15.074742514989657	0.14232743329404796	0.6666666666666666	True	False
Mol_05623:atom0	ester	-15.074742514989657	0.14232743329404796	0.6666666666666666	True	False
Mol_05624:atom0	ester	-15.074742514989657	0.14232743329404796	0.6666666666666666	True	False
Mol_05624:atom10	enone	-14.106205343561932	0.07218064193590638	0.42857142857142855	True	False
Mol_05625:atom0	ester	-15.074742514989657	0.14232743329404796	0.6666666666666666	True	False
Mol_05625:atom10	enone	-14.106205343561932	0.07218064193590638	0.42857142857142855	True	False
Mol_05628:atom0	ester	-16.991922386392556	0.11382367459293287	0.6666666666666666	True	False
Mol_05632:atom6	enone	-5.694839017929974	0.6647158875386453	0.42857142857142855	False	True
Mol_05633:atom0	ester	-15.074742514989657	0.14232743329404796	0.6666666666666666	True	False
Mol_05633:atom10	enone	-16.529043786343607	0.13757476243601713	0.42857142857142855	True	False
Mol_05634:atom0	ester	-15.074742514989657	0.14232743329404796	0.6666666666666666	True	False
Mol_05635:atom0	ester	-15.074742514989657	0.14232743329404796	0.6666666666666666	True	False
Mol_05636:atom0	ester	-15.074742514989657	0.14232743329404796	0.6666666666666666	True	False
Mol_05638:atom4	ester	-15.262348574009984	0.13491827198957645	0.6666666666666666	True	False
Mol_05639:atom18	enone	-18.305377293673487	0.25260147923185416	0.42857142857142855	False	False
Mol_05640:atom18	enone	-18.305377293673487	0.25260147923185416	0.42857142857142855	False	False
Mol_05641:atom4	ester	-1.391141855968455	3.3852202594967506	0.6666666666666666	False	True
Mol_05641:atom21	enone	-18.305377293673487	0.25260147923185416	0.42857142857142855	False	False
Mol_05641:atom36	enone	-18.305377293673487	0.25260147923185416	0.42857142857142855	False	False
Mol_05642:atom4	ester	-1.391141855968455	3.3852202594967506	0.6666666666666666	False	True
Mol_05642:atom21	enone	-18.305377293673487	0.25260147923185416	0.42857142857142855	False	False
Mol_05642:atom36	enone	-18.305377293673487	0.25260147923185416	0.42857142857142855	False	False
Mol_05644:atom4	ester	-15.262348574009984	0.13491827198957645	0.6666666666666666	True	False
Mol_05644:atom17	enone	-18.305377293673487	0.25260147923185416	0.42857142857142855	False	False
Mol_05655:atom3	ester	-15.58246974736562	0.12458982609122041	0.6666666666666666	True	False
Mol_05655:atom20	ester	-12.016483541116855	0.4044439549088504	0.6666666666666666	True	False
Mol_05656:atom3	ester	-12.016483541116855	0.4044439549088504	0.6666666666666666	True	False
Mol_05656:atom26	ester	-12.016483541116855	0.4044439549088504	0.6666666666666666	True	False
Mol_05658:atom19	ester	-12.016483541116855	0.4044439549088504	0.6666666666666666	True	False
Mol_05658:atom33	ester	-12.016483541116855	0.4044439549088504	0.6666666666666666	True	False
Mol_05684:atom0	ester	-15.074742514989657	0.14232743329404796	0.6666666666666666	True	False
Mol_05685:atom0	ester	-19.242274490451145	0.2138961656712715	0.6666666666666666	True	False
Mol_05686:atom0	ester	-19.242274490451145	0.2138961656712715	0.6666666666666666	True	False
Mol_05687:atom0	ester	-15.074742514989657	0.14232743329404796	0.6666666666666666	True	False
Mol_05687:atom10	enone	-9.310014905108078	0.2541107641246516	0.42857142857142855	True	False
Mol_05688:atom0	ester	-19.242274490451145	0.2138961656712715	0.6666666666666666	True	False
Mol_05688:atom10	enone	-9.310014905108078	0.2541107641246516	0.42857142857142855	True	False
Mol_05690:atom0	ester	-15.074742514989657	0.14232743329404796	0.6666666666666666	True	False
Mol_05691:atom0	ester	-15.074742514989657	0.14232743329404796	0.6666666666666666	True	False
Mol_05692:atom0	ester	-15.074742514989657	0.14232743329404796	0.6666666666666666	True	False
Mol_05693:atom0	ester	-15.074742514989657	0.14232743329404796	0.6666666666666666	True	False
Mol_05694:atom0	ester	-15.074742514989657	0.14232743329404796	0.6666666666666666	True	False
Mol_05695:atom0	ester	-15.074742514989657	0.14232743329404796	0.6666666666666666	True	False
Mol_05696:atom0	ester	-15.074742514989657	0.14232743329404796	0.6666666666666666	True	False
Mol_05697:atom0	ester	-15.074742514989657	0.14232743329404796	0.6666666666666666	True	False
Mol_05698:atom0	ester	-15.074742514989657	0.14232743329404796	0.6666666666666666	True	False
Mol_05710:atom0	ester	-15.074742514989657	0.14232743329404796	0.6666666666666666	True	False
Mol_05711:atom0	ester	-15.074742514989657	0.14232743329404796	0.6666666666666666	True	False
Mol_05723:atom14	ester	-11.790401958617888	0.434393014510262	0.6666666666666666	False	False
Mol_05724:atom3	ester	-13.8620901301271	0.21439541725015335	0.6666666666666666	True	False
Mol_05725:atom1	ester	-12.87931274693731	0.3035220583187026	0.6666666666666666	True	False
Mol_05725:atom19	ester	-2.529179126849224	2.912235230860808	0.6666666666666666	False	True
Mol_05726:atom2	ester	-2.529179126849224	2.912235230860808	0.6666666666666666	False	True
Mol_05727:atom2	ester	-11.790401958617888	0.434393014510262	0.6666666666666666	False	False
Mol_05733:atom0	ester	-19.15862788637593	0.2075959687429703	0.6666666666666666	True	False
Mol_05733:atom10	enone	-14.946655963601415	0.08290463357276781	0.42857142857142855	True	False
Mol_05733:atom17	enone	-14.63181046842871	0.07739901280369196	0.42857142857142855	True	False
Mol_05734:atom1	enone	-14.63181046842871	0.07739901280369196	0.42857142857142855	True	False
Mol_05734:atom6	enone	-14.946655963601415	0.08290463357276781	0.42857142857142855	True	False
Mol_05735:atom0	ester	-19.15862788637593	0.2075959687429703	0.6666666666666666	True	False
Mol_05735:atom10	enone	-14.946655963601415	0.08290463357276781	0.42857142857142855	True	False
Mol_05735:atom28	enone	-14.63181046842871	0.07739901280369196	0.42857142857142855	True	False
Mol_05736:atom1	enone	-14.63181046842871	0.07739901280369196	0.42857142857142855	True	False
Mol_05736:atom6	enone	-14.946655963601415	0.08290463357276781	0.42857142857142855	True	False
Mol_05740:atom15	ester	-9.301991067886837	0.8602074986553496	0.6666666666666666	False	True
Mol_05741:atom1	ester	-12.87931274693731	0.3035220583187026	0.6666666666666666	True	False
Mol_05741:atom21	ester	-13.060427923615215	0.2850297301015742	0.6666666666666666	True	False
Mol_05742:atom1	ester	-12.87931274693731	0.3035220583187026	0.6666666666666666	True	False
Mol_05742:atom21	ester	-12.008699148347263	0.4054509597716426	0.6666666666666666	True	False
Mol_05764:atom26	enone	-4.622274719058847	0.8317532534540356	0.42857142857142855	False	True
Mol_05769:atom1	ester	-12.87931274693731	0.3035220583187026	0.6666666666666666	True	False
Mol_05770:atom1	ester	-12.87931274693731	0.3035220583187026	0.6666666666666666	True	False
Mol_05780:atom1	ester	-12.87931274693731	0.3035220583187026	0.6666666666666666	True	False
Mol_05798:atom0	ester	-15.074742514989657	0.14232743329404796	0.6666666666666666	True	False
Mol_05807:atom0	ester	-15.074742514989657	0.14232743329404796	0.6666666666666666	True	False
Mol_05808:atom8	ester	-15.074742514989657	0.14232743329404796	0.6666666666666666	True	False
Mol_05809:atom0	ester	-15.074742514989657	0.14232743329404796	0.6666666666666666	True	False
Mol_05810:atom0	ester	-15.074742514989657	0.14232743329404796	0.6666666666666666	True	False
Mol_05812:atom16	enone	-4.804151843499105	0.8019714782769202	0.42857142857142855	False	True
Mol_05820:atom0	ester	-19.70453531743743	0.2523062683965137	0.6666666666666666	False	False
Mol_05821:atom15	enone	-5.838435171935231	0.6439232852767849	0.42857142857142855	False	True
Mol_05877:atom4	ester	-15.244595529546652	0.13557646297777656	0.6666666666666666	True	False
Mol_05881:atom0	ester	-19.072829257923058	0.2013406772133864	0.6666666666666666	True	False
Mol_05881:atom7	enone	-17.030560847109836	0.16430076897454926	0.42857142857142855	True	False
Mol_05881:atom14	enone	-3.36735466099138	1.0534577626388872	0.42857142857142855	False	True
Mol_05882:atom0	ester	-19.072829257923058	0.2013406772133864	0.6666666666666666	True	False
Mol_05882:atom7	enone	-17.030560847109836	0.16430076897454926	0.42857142857142855	True	False
Mol_05882:atom14	enone	-3.36735466099138	1.0534577626388872	0.42857142857142855	False	True
Mol_05883:atom1	enone	-3.36735466099138	1.0534577626388872	0.42857142857142855	False	True
Mol_05883:atom6	enone	-17.030560847109836	0.16430076897454926	0.42857142857142855	True	False
Mol_05884:atom0	ester	-19.072829257923058	0.2013406772133864	0.6666666666666666	True	False
Mol_05884:atom7	enone	-17.030560847109836	0.16430076897454926	0.42857142857142855	True	False
Mol_05884:atom17	enone	-3.36735466099138	1.0534577626388872	0.42857142857142855	False	True
Mol_05931:atom0	ester	-19.242274490451145	0.2138961656712715	0.6666666666666666	True	False
Mol_05932:atom0	ester	-19.242274490451145	0.2138961656712715	0.6666666666666666	True	False
Mol_05933:atom0	ester	-19.072829257923058	0.2013406772133864	0.6666666666666666	True	False
Mol_05933:atom7	enone	-16.37572969329292	0.13030748612112583	0.42857142857142855	True	False
Mol_05933:atom24	enone	-8.480589140664401	0.3275357544384545	0.42857142857142855	True	False
Mol_05935:atom10	enone	-5.083467930243986	0.7573929021397746	0.42857142857142855	False	True
Mol_05936:atom11	enone	-5.083467930243986	0.7573929021397746	0.42857142857142855	False	True
Mol_05946:atom0	ester	-19.072829257923058	0.2013406772133864	0.6666666666666666	True	False
Mol_05949:atom0	ester	-19.072829257923058	0.2013406772133864	0.6666666666666666	True	False
Mol_05951:atom0	ester	-19.072829257923058	0.2013406772133864	0.6666666666666666	True	False
Mol_05952:atom23	ester	-19.072829257923058	0.2013406772133864	0.6666666666666666	True	False
Mol_05953:atom0	ester	-19.072829257923058	0.2013406772133864	0.6666666666666666	True	False
Mol_05953:atom7	enone	-17.030560847109836	0.16430076897454926	0.42857142857142855	True	False
Mol_05953:atom25	enone	-3.36735466099138	1.0534577626388872	0.42857142857142855	False	True
Mol_05954:atom8	ester	-19.072829257923058	0.2013406772133864	0.6666666666666666	True	False
Mol_05955:atom15	enal	-18.893890688307007	0.08267044084535943	0.46153846153846156	True	False
Mol_05959:atom0	ester	-19.072829257923058	0.2013406772133864	0.6666666666666666	True	False
Mol_05959:atom7	enone	-17.030560847109836	0.16430076897454926	0.42857142857142855	True	False
Mol_05959:atom14	enone	-3.36735466099138	1.0534577626388872	0.42857142857142855	False	True
Mol_06033:atom9	enone	-8.644486994689816	0.3120457052266169	0.42857142857142855	True	False
Mol_06037:atom6	ester	-12.016483541116855	0.4044439549088504	0.6666666666666666	True	False
Mol_06047:atom2	enone	-10.80483779632528	0.15302722951784517	0.42857142857142855	True	False
Mol_06053:atom0	ester	-16.991922386392556	0.11382367459293287	0.6666666666666666	True	False
Mol_06054:atom14	ester	-19.242274490451145	0.2138961656712715	0.6666666666666666	True	False
Mol_06055:atom1	ester	-12.87931274693731	0.3035220583187026	0.6666666666666666	True	False
Mol_06055:atom9	enone	-8.53459706041725	0.3223780705739753	0.42857142857142855	True	False
Mol_06055:atom15	enone	-14.62828379287676	0.07734744039110264	0.42857142857142855	True	False
Mol_06056:atom1	enone	-14.62828379287676	0.07734744039110264	0.42857142857142855	True	False
Mol_06056:atom6	enone	-8.53459706041725	0.3223780705739753	0.42857142857142855	True	False
Mol_06057:atom1	enone	-14.62828379287676	0.07734744039110264	0.42857142857142855	True	False
Mol_06057:atom6	enone	-8.53459706041725	0.3223780705739753	0.42857142857142855	True	False
Mol_06058:atom9	enone	-8.53459706041725	0.3223780705739753	0.42857142857142855	True	False
Mol_06058:atom15	enone	-14.62828379287676	0.07734744039110264	0.42857142857142855	True	False
Mol_06059:atom1	ester	-12.87931274693731	0.3035220583187026	0.6666666666666666	True	False
Mol_06063:atom1	ester	-12.87931274693731	0.3035220583187026	0.6666666666666666	True	False
Mol_06067:atom1	ester	-12.87931274693731	0.3035220583187026	0.6666666666666666	True	False
Mol_06071:atom1	ester	-12.87931274693731	0.3035220583187026	0.6666666666666666	True	False
Mol_06075:atom1	ester	-12.87931274693731	0.3035220583187026	0.6666666666666666	True	False
Mol_06079:atom1	ester	-12.87931274693731	0.3035220583187026	0.6666666666666666	True	False
Mol_06084:atom1	ester	-12.87931274693731	0.3035220583187026	0.6666666666666666	True	False
Mol_06085:atom1	ester	-12.87931274693731	0.3035220583187026	0.6666666666666666	True	False
Mol_06086:atom1	ester	-12.87931274693731	0.3035220583187026	0.6666666666666666	True	False
Mol_06087:atom1	ester	-12.87931274693731	0.3035220583187026	0.6666666666666666	True	False
Mol_06091:atom1	ester	-12.87931274693731	0.3035220583187026	0.6666666666666666	True	False
Mol_06095:atom4	enone	-14.80319523556314	0.0801748551568356	0.42857142857142855	True	False
Mol_06095:atom13	enone	-15.155901808206467	0.08754990197967823	0.42857142857142855	True	False
Mol_06105:atom0	ester	-19.072829257923058	0.2013406772133864	0.6666666666666666	True	False
Mol_06106:atom16	enone	-9.019817338646698	0.2783932332025462	0.42857142857142855	True	False
Mol_06107:atom15	enone	-15.15039681231758	0.08741760396812856	0.42857142857142855	True	False
Mol_06108:atom7	enone	-12.516749108229233	0.08663369302553012	0.42857142857142855	True	False
Mol_06108:atom13	enone	-18.87088295961897	0.3011309172190664	0.42857142857142855	False	False
Mol_06109:atom0	ester	-15.074742514989657	0.14232743329404796	0.6666666666666666	True	False
Mol_06110:atom0	ester	-15.074742514989657	0.14232743329404796	0.6666666666666666	True	False
Mol_06111:atom0	ester	-19.242274490451145	0.2138961656712715	0.6666666666666666	True	False
Mol_06112:atom0	ester	-15.074742514989657	0.14232743329404796	0.6666666666666666	True	False
Mol_06113:atom0	ester	-15.074742514989657	0.14232743329404796	0.6666666666666666	True	False
Mol_06114:atom0	ester	-15.074742514989657	0.14232743329404796	0.6666666666666666	True	False
Mol_06115:atom0	ester	-15.074742514989657	0.14232743329404796	0.6666666666666666	True	False
Mol_06116:atom0	ester	-19.242274490451145	0.2138961656712715	0.6666666666666666	True	False
Mol_06117:atom0	ester	-19.242274490451145	0.2138961656712715	0.6666666666666666	True	False
Mol_06118:atom0	ester	-19.242274490451145	0.2138961656712715	0.6666666666666666	True	False
Mol_06119:atom0	ester	-19.242274490451145	0.2138961656712715	0.6666666666666666	True	False
Mol_06120:atom0	ester	-19.242274490451145	0.2138961656712715	0.6666666666666666	True	False
Mol_06121:atom0	ester	-19.242274490451145	0.2138961656712715	0.6666666666666666	True	False
Mol_06130:atom0	ester	-19.072829257923058	0.2013406772133864	0.6666666666666666	True	False
Mol_06130:atom18	ester	-12.87931274693731	0.3035220583187026	0.6666666666666666	True	False
Mol_06131:atom0	ester	-19.072829257923058	0.2013406772133864	0.6666666666666666	True	False
Mol_06131:atom18	ester	-12.87931274693731	0.3035220583187026	0.6666666666666666	True	False
Mol_06143:atom0	ester	-19.242274490451145	0.2138961656712715	0.6666666666666666	True	False
Mol_06143:atom23	ester	-12.87931274693731	0.3035220583187026	0.6666666666666666	True	False
Mol_06144:atom0	ester	-19.242274490451145	0.2138961656712715	0.6666666666666666	True	False
Mol_06146:atom1	ester	-12.87931274693731	0.3035220583187026	0.6666666666666666	True	False
Mol_06147:atom1	ester	-12.87931274693731	0.3035220583187026	0.6666666666666666	True	False
Mol_06153:atom0	ester	-19.072829257923058	0.2013406772133864	0.6666666666666666	True	False
Mol_06154:atom0	ester	-15.074742514989657	0.14232743329404796	0.6666666666666666	True	False
Mol_06155:atom0	ester	-15.074742514989657	0.14232743329404796	0.6666666666666666	True	False
Mol_06156:atom0	ester	-15.074742514989657	0.14232743329404796	0.6666666666666666	True	False
Mol_06159:atom0	ester	-15.074742514989657	0.14232743329404796	0.6666666666666666	True	False
Mol_06161:atom0	ester	-15.074742514989657	0.14232743329404796	0.6666666666666666	True	False
Mol_06162:atom0	ester	-19.242274490451145	0.2138961656712715	0.6666666666666666	True	False
Mol_06164:atom0	ester	-15.074742514989657	0.14232743329404796	0.6666666666666666	True	False
Mol_06165:atom0	ester	-19.242274490451145	0.2138961656712715	0.6666666666666666	True	False
Mol_06195:atom12	ester	-12.016483541116855	0.4044439549088504	0.6666666666666666	True	False
Mol_06195:atom28	ester	-12.016483541116855	0.4044439549088504	0.6666666666666666	True	False
Mol_06196:atom12	ester	-12.016483541116855	0.4044439549088504	0.6666666666666666	True	False
Mol_06196:atom26	ester	-12.016483541116855	0.4044439549088504	0.6666666666666666	True	False
Mol_06205:atom5	enone	-12.874001510923112	0.0794262463922328	0.42857142857142855	True	False
Mol_06205:atom14	enal	-28.35047973055017	1.7973138523554426	0.46153846153846156	False	True
Mol_06206:atom0	enone	-16.51423520032371	0.136854371368244	0.42857142857142855	True	False
Mol_06206:atom11	enal	-26.71599656673047	1.2257409774386996	0.46153846153846156	False	True
Mol_06214:atom11	enone	-13.36187474494746	0.07329163525586699	0.42857142857142855	True	False
Mol_06222:atom0	ester	-19.15862788637593	0.2075959687429703	0.6666666666666666	True	False
Mol_06224:atom0	enone	-20.46598950259046	0.46901117327629005	0.42857142857142855	False	True
Mol_06225:atom8	enone	-20.46598950259046	0.46901117327629005	0.42857142857142855	False	True
Mol_06226:atom8	enone	-20.46598950259046	0.46901117327629005	0.42857142857142855	False	True
Mol_06227:atom0	enone	-25.54591424123276	1.308609110977476	0.42857142857142855	False	True
Mol_06228:atom7	enone	-25.54591424123276	1.308609110977476	0.42857142857142855	False	True
Mol_06229:atom4	enone	-18.510490131670533	0.269538648126878	0.42857142857142855	False	False
Mol_06230:atom4	enone	-18.510490131670533	0.269538648126878	0.42857142857142855	False	False
Mol_06231:atom4	enone	-18.510490131670533	0.269538648126878	0.42857142857142855	False	False
Mol_06232:atom4	enone	-18.510490131670533	0.269538648126878	0.42857142857142855	False	False
Mol_06235:atom4	enone	-18.510490131670533	0.269538648126878	0.42857142857142855	False	False
Mol_06236:atom4	enone	-18.510490131670533	0.269538648126878	0.42857142857142855	False	False
Mol_06236:atom10	enone	-18.510490131670533	0.269538648126878	0.42857142857142855	False	False
Mol_06254:atom0	ester	-19.242274490451145	0.2138961656712715	0.6666666666666666	True	False
Mol_06255:atom16	enal	-11.011547387470287	1.59546138195339	0.46153846153846156	False	True
Mol_06258:atom0	ester	-19.072829257923058	0.2013406772133864	0.6666666666666666	True	False
Mol_06259:atom0	ester	-19.072829257923058	0.2013406772133864	0.6666666666666666	True	False
Mol_06259:atom17	ester	-12.87931274693731	0.3035220583187026	0.6666666666666666	True	False
Mol_06260:atom13	ester	-19.072829257923058	0.2013406772133864	0.6666666666666666	True	False
Mol_06266:atom0	ester	-16.991922386392556	0.11382367459293287	0.6666666666666666	True	False
Mol_06266:atom17	enal	-11.011547387470287	1.59546138195339	0.46153846153846156	False	True
Mol_06267:atom0	ester	-16.991922386392556	0.11382367459293287	0.6666666666666666	True	False
Mol_06268:atom0	ester	-16.991922386392556	0.11382367459293287	0.6666666666666666	True	False
Mol_06269:atom16	enal	-11.011547387470287	1.59546138195339	0.46153846153846156	False	True
Mol_06270:atom0	ester	-19.242274490451145	0.2138961656712715	0.6666666666666666	True	False
Mol_06271:atom0	ester	-19.242274490451145	0.2138961656712715	0.6666666666666666	True	False
Mol_06274:atom0	ester	-19.242274490451145	0.2138961656712715	0.6666666666666666	True	False
Mol_06274:atom18	ester	-12.87931274693731	0.3035220583187026	0.6666666666666666	True	False
Mol_06275:atom0	ester	-19.242274490451145	0.2138961656712715	0.6666666666666666	True	False
Mol_06276:atom0	ester	-19.242274490451145	0.2138961656712715	0.6666666666666666	True	False
Mol_06276:atom14	ester	-12.87931274693731	0.3035220583187026	0.6666666666666666	True	False
Mol_06294:atom0	ester	-19.072829257923058	0.2013406772133864	0.6666666666666666	True	False
Mol_06294:atom7	enone	-12.481936648863266	0.08745876992684945	0.42857142857142855	True	False
Mol_06294:atom13	enone	-3.36735466099138	1.0534577626388872	0.42857142857142855	False	True
Mol_06305:atom12	enal	-17.53296546734709	0.1528139893656454	0.46153846153846156	True	False
Mol_06306:atom23	enal	-17.53296546734709	0.1528139893656454	0.46153846153846156	True	False
Mol_06307:atom0	ester	-19.072829257923058	0.2013406772133864	0.6666666666666666	True	False
Mol_06307:atom23	enal	-17.53296546734709	0.1528139893656454	0.46153846153846156	True	False
Mol_06308:atom0	ester	-19.072829257923058	0.2013406772133864	0.6666666666666666	True	False
Mol_06308:atom33	enal	-17.53296546734709	0.1528139893656454	0.46153846153846156	True	False
Mol_06309:atom0	ester	-19.072829257923058	0.2013406772133864	0.6666666666666666	True	False
Mol_06310:atom1	enone	-5.33400582013259	0.7186011458384735	0.42857142857142855	False	True
Mol_06310:atom7	enone	-7.379420805167531	0.4441357266731413	0.42857142857142855	False	True
Mol_06311:atom1	enone	-5.33400582013259	0.7186011458384735	0.42857142857142855	False	True
Mol_06311:atom7	enone	-12.12329651329974	0.09722778995942477	0.42857142857142855	True	False
Mol_06312:atom1	enone	-5.33400582013259	0.7186011458384735	0.42857142857142855	False	True
Mol_06312:atom7	enone	-13.111322286178677	0.07590737610903368	0.42857142857142855	True	False
Mol_06313:atom5	enone	-5.3679617083229845	0.713430501015883	0.42857142857142855	False	True
Mol_06313:atom14	enone	-7.830634426554925	0.39372038818442634	0.42857142857142855	False	False
Mol_06322:atom5	enone	-26.38086184329302	1.4910216811054278	0.42857142857142855	False	True
Mol_06323:atom1	ester	-11.93330027436887	0.4152940108393159	0.6666666666666666	True	False
Mol_06323:atom13	enone	-26.38086184329302	1.4910216811054278	0.42857142857142855	False	True
Mol_06324:atom1	ester	-11.93330027436887	0.4152940108393159	0.6666666666666666	True	False
Mol_06324:atom8	enone	-26.38086184329302	1.4910216811054278	0.42857142857142855	False	True
Mol_06325:atom0	ester	-16.712595286224687	0.11146275323441057	0.6666666666666666	True	False
Mol_06325:atom9	enone	-26.38086184329302	1.4910216811054278	0.42857142857142855	False	True
Mol_06326:atom1	ester	-11.93330027436887	0.4152940108393159	0.6666666666666666	True	False
Mol_06326:atom18	ester	-11.93330027436887	0.4152940108393159	0.6666666666666666	True	False
Mol_06333:atom0	ester	-19.242274490451145	0.2138961656712715	0.6666666666666666	True	False
Mol_06335:atom0	ester	-19.242274490451145	0.2138961656712715	0.6666666666666666	True	False
Mol_06338:atom0	ester	-19.242274490451145	0.2138961656712715	0.6666666666666666	True	False
Mol_06352:atom11	ester	-19.072829257923058	0.2013406772133864	0.6666666666666666	True	False
Mol_06353:atom0	ester	-19.072829257923058	0.2013406772133864	0.6666666666666666	True	False
Mol_06353:atom22	ester	-12.87931274693731	0.3035220583187026	0.6666666666666666	True	False
Mol_06355:atom0	ester	-16.991922386392556	0.11382367459293287	0.6666666666666666	True	False
Mol_06356:atom1	ester	-13.068347000003367	0.2842424858383639	0.6666666666666666	True	False
Mol_06357:atom4	ester	-13.068347000003367	0.2842424858383639	0.6666666666666666	True	False
Mol_06359:atom16	enone	-24.58323240299153	1.1138535213922625	0.42857142857142855	False	True
Mol_06360:atom16	enone	-28.762843872950214	2.080330473722706	0.42857142857142855	False	True
Mol_06361:atom11	enone	-24.58323240299153	1.1138535213922625	0.42857142857142855	False	True
Mol_06362:atom11	enone	-24.58323240299153	1.1138535213922625	0.42857142857142855	False	True
Mol_06363:atom11	enone	-24.58323240299153	1.1138535213922625	0.42857142857142855	False	True
Mol_06373:atom1	ester	-13.068347000003367	0.2842424858383639	0.6666666666666666	True	False
Mol_06376:atom1	ester	-13.068347000003367	0.2842424858383639	0.6666666666666666	True	False
Mol_06376:atom14	enone	-24.58323240299153	1.1138535213922625	0.42857142857142855	False	True
Mol_06377:atom4	ester	-13.068347000003367	0.2842424858383639	0.6666666666666666	True	False
Mol_06377:atom15	enone	-24.58323240299153	1.1138535213922625	0.42857142857142855	False	True
Mol_06380:atom4	ester	-12.392753554823996	0.3578264062012303	0.6666666666666666	True	False
Mol_06381:atom1	ester	-12.392753554823996	0.3578264062012303	0.6666666666666666	True	False
Mol_06418:atom1	ester	-13.068347000003367	0.2842424858383639	0.6666666666666666	True	False
Mol_06418:atom14	enone	-28.762843872950214	2.080330473722706	0.42857142857142855	False	True
Mol_06424:atom1	ester	-12.392753554823996	0.3578264062012303	0.6666666666666666	True	False
Mol_06455:atom1	ester	-13.068347000003367	0.2842424858383639	0.6666666666666666	True	False
Mol_06515:atom2	ester	-8.651555799471842	1.0005778548877198	0.6666666666666666	False	True
Mol_06516:atom2	ester	-12.008699148347263	0.4054509597716426	0.6666666666666666	True	False
Mol_06517:atom14	ester	-12.008699148347263	0.4054509597716426	0.6666666666666666	True	False
Mol_06519:atom2	ester	-12.008699148347263	0.4054509597716426	0.6666666666666666	True	False
Mol_06520:atom14	ester	-12.008699148347263	0.4054509597716426	0.6666666666666666	True	False
Mol_06521:atom2	ester	-2.529179126849224	2.912235230860808	0.6666666666666666	False	True
Mol_06522:atom2	ester	-8.651555799471842	1.0005778548877198	0.6666666666666666	False	True
Mol_06523:atom2	ester	-11.790401958617888	0.434393014510262	0.6666666666666666	False	False
Mol_06712:atom0	ester	-19.072829257923058	0.2013406772133864	0.6666666666666666	True	False
Mol_06712:atom7	enone	-14.860543091564988	0.08122166080296743	0.42857142857142855	True	False
Mol_06719:atom0	ester	-16.991922386392556	0.11382367459293287	0.6666666666666666	True	False
Mol_06720:atom0	ester	-16.991922386392556	0.11382367459293287	0.6666666666666666	True	False
Mol_06722:atom10	enone	-9.880299950729144	0.21080499141419723	0.42857142857142855	True	False
Mol_06758:atom0	ester	-19.072829257923058	0.2013406772133864	0.6666666666666666	True	False
Mol_06758:atom12	enal	-17.53296546734709	0.1528139893656454	0.46153846153846156	True	False
Mol_06759:atom0	ester	-19.072829257923058	0.2013406772133864	0.6666666666666666	True	False
Mol_06759:atom33	enal	-17.53296546734709	0.1528139893656454	0.46153846153846156	True	False
Mol_06760:atom0	ester	-19.072829257923058	0.2013406772133864	0.6666666666666666	True	False
Mol_06760:atom23	enal	-17.53296546734709	0.1528139893656454	0.46153846153846156	True	False
Mol_06763:atom12	enal	-17.53296546734709	0.1528139893656454	0.46153846153846156	True	False
Mol_06766:atom12	enal	-17.53296546734709	0.1528139893656454	0.46153846153846156	True	False
Mol_06767:atom12	ester	-14.661500314860527	0.16218291723121736	0.6666666666666666	True	False
Mol_06768:atom0	ester	-19.072829257923058	0.2013406772133864	0.6666666666666666	True	False
Mol_06768:atom23	ester	-14.661500314860527	0.16218291723121736	0.6666666666666666	True	False
Mol_06769:atom0	ester	-19.072829257923058	0.2013406772133864	0.6666666666666666	True	False
Mol_06769:atom33	ester	-14.661500314860527	0.16218291723121736	0.6666666666666666	True	False
Mol_06770:atom0	ester	-19.072829257923058	0.2013406772133864	0.6666666666666666	True	False
Mol_06770:atom33	enal	-17.53296546734709	0.1528139893656454	0.46153846153846156	True	False
Mol_06771:atom0	ester	-15.074742514989657	0.14232743329404796	0.6666666666666666	True	False
Mol_06772:atom0	ester	-15.074742514989657	0.14232743329404796	0.6666666666666666	True	False
Mol_06773:atom0	ester	-15.074742514989657	0.14232743329404796	0.6666666666666666	True	False
Mol_06774:atom0	ester	-15.074742514989657	0.14232743329404796	0.6666666666666666	True	False
Mol_06784:atom0	ester	-16.991922386392556	0.11382367459293287	0.6666666666666666	True	False
Mol_06784:atom14	ester	-19.072829257923058	0.2013406772133864	0.6666666666666666	True	False
Mol_06784:atom29	enone	-16.301973540669977	0.1269619722008012	0.42857142857142855	True	False
Mol_06784:atom34	enone	-16.631297179748902	0.14265671767001215	0.42857142857142855	True	False
Mol_06785:atom0	ester	-16.991922386392556	0.11382367459293287	0.6666666666666666	True	False
Mol_06785:atom14	ester	-19.072829257923058	0.2013406772133864	0.6666666666666666	True	False
Mol_06785:atom29	enone	-16.301973540669977	0.1269619722008012	0.42857142857142855	True	False
Mol_06785:atom34	enone	-16.631297179748902	0.14265671767001215	0.42857142857142855	True	False
Mol_06786:atom0	ester	-19.072829257923058	0.2013406772133864	0.6666666666666666	True	False
Mol_06787:atom0	ester	-19.072829257923058	0.2013406772133864	0.6666666666666666	True	False
Mol_06788:atom0	ester	-19.072829257923058	0.2013406772133864	0.6666666666666666	True	False
Mol_06788:atom30	ester	-11.93330027436887	0.4152940108393159	0.6666666666666666	True	False
Mol_06789:atom0	ester	-19.072829257923058	0.2013406772133864	0.6666666666666666	True	False
Mol_06789:atom30	ester	-12.87931274693731	0.3035220583187026	0.6666666666666666	True	False
Mol_06790:atom0	ester	-19.072829257923058	0.2013406772133864	0.6666666666666666	True	False
Mol_06791:atom0	ester	-19.072829257923058	0.2013406772133864	0.6666666666666666	True	False
Mol_06792:atom0	ester	-19.072829257923058	0.2013406772133864	0.6666666666666666	True	False
Mol_06795:atom0	ester	-19.072829257923058	0.2013406772133864	0.6666666666666666	True	False
Mol_06796:atom0	ester	-19.072829257923058	0.2013406772133864	0.6666666666666666	True	False
Mol_06797:atom0	ester	-19.072829257923058	0.2013406772133864	0.6666666666666666	True	False
Mol_06798:atom0	ester	-19.072829257923058	0.2013406772133864	0.6666666666666666	True	False
Mol_06803:atom0	ester	-15.074742514989657	0.14232743329404796	0.6666666666666666	True	False
Mol_06803:atom19	enone	-11.257363636712638	0.1303514688947256	0.42857142857142855	True	False
Mol_06804:atom0	ester	-15.074742514989657	0.14232743329404796	0.6666666666666666	True	False
Mol_06804:atom10	enone	-16.529043786343607	0.13757476243601713	0.42857142857142855	True	False
Mol_06806:atom0	ester	-15.074742514989657	0.14232743329404796	0.6666666666666666	True	False
Mol_06807:atom0	ester	-15.074742514989657	0.14232743329404796	0.6666666666666666	True	False
Mol_06808:atom0	ester	-15.074742514989657	0.14232743329404796	0.6666666666666666	True	False
Mol_06816:atom0	ester	-15.074742514989657	0.14232743329404796	0.6666666666666666	True	False
Mol_06817:atom0	ester	-15.074742514989657	0.14232743329404796	0.6666666666666666	True	False
Mol_06817:atom10	enone	-9.310014905108078	0.2541107641246516	0.42857142857142855	True	False
Mol_06819:atom0	ester	-19.242274490451145	0.2138961656712715	0.6666666666666666	True	False
Mol_06819:atom11	enone	-15.24995598239181	0.08989445811306901	0.42857142857142855	True	False
Mol_06819:atom29	enone	-9.310014905108078	0.2541107641246516	0.42857142857142855	True	False
Mol_06820:atom0	ester	-19.242274490451145	0.2138961656712715	0.6666666666666666	True	False
Mol_06820:atom11	enone	-15.24995598239181	0.08989445811306901	0.42857142857142855	True	False
Mol_06820:atom29	enone	-16.85136449282453	0.15423189574001658	0.42857142857142855	True	False
Mol_06822:atom0	ester	-15.074742514989657	0.14232743329404796	0.6666666666666666	True	False
Mol_06823:atom0	ester	-15.074742514989657	0.14232743329404796	0.6666666666666666	True	False
Mol_06825:atom0	ester	-15.074742514989657	0.14232743329404796	0.6666666666666666	True	False
Mol_06826:atom4	enone	-16.529043786343607	0.13757476243601713	0.42857142857142855	True	False
Mol_06831:atom14	enone	-17.693659596719733	0.2065826424717224	0.42857142857142855	True	False
Mol_06860:atom3	enone	-15.2957110948641	0.09109255882386463	0.42857142857142855	True	False
Mol_06860:atom15	enone	-15.2957110948641	0.09109255882386463	0.42857142857142855	True	False
Mol_06879:atom2	enone	-7.14778085522129	0.47144002148520603	0.42857142857142855	False	True
Mol_06879:atom22	enone	-8.475360209425025	0.3280378959899213	0.42857142857142855	True	False
Mol_06894:atom5	ester	-10.337314616941995	0.6616240834975575	0.6666666666666666	False	False
Mol_06895:atom5	ester	-10.337314616941995	0.6616240834975575	0.6666666666666666	False	False
Mol_06897:atom5	ester	-15.244595529546652	0.13557646297777656	0.6666666666666666	True	False
Mol_06898:atom5	ester	-15.244595529546652	0.13557646297777656	0.6666666666666666	True	False
Mol_06907:atom3	enone	-16.737155060517036	0.14811593901992567	0.42857142857142855	True	False
Mol_06909:atom0	enone	-44.15839937985606	8.350655408596008	0.42857142857142855	False	True
Mol_06909:atom6	enone	-7.6962272405430525	0.40835512819398423	0.42857142857142855	False	False
Mol_06910:atom2	ester	-9.542429169150031	0.8113683557735478	0.6666666666666666	False	True
Mol_06917:atom1	enone	-8.391044260414352	0.33620277403361154	0.42857142857142855	True	False
Mol_06919:atom1	enone	-8.391044260414352	0.33620277403361154	0.42857142857142855	True	False
Mol_06926:atom3	enal	-20.98446059620125	0.13024344202629373	0.46153846153846156	True	False
Mol_06930:atom13	enone	-10.18281903394348	0.19020717114957225	0.42857142857142855	True	False
Mol_06940:atom19	enone	-13.99944779803874	0.07172785320330903	0.42857142857142855	True	False
Mol_06944:atom14	enone	-15.2957110948641	0.09109255882386463	0.42857142857142855	True	False
Mol_06946:atom12	enone	-15.2957110948641	0.09109255882386463	0.42857142857142855	True	False
Mol_06978:atom3	enone	-19.069917466379568	0.31957977370635726	0.42857142857142855	False	False
Mol_06982:atom3	enone	-19.069917466379568	0.31957977370635726	0.42857142857142855	False	False
Mol_06984:atom3	enone	-19.069917466379568	0.31957977370635726	0.42857142857142855	False	False
Mol_06986:atom7	enone	-19.069917466379568	0.31957977370635726	0.42857142857142855	False	False
Mol_07004:atom36	ester	-11.13055916818008	0.5301255926250417	0.6666666666666666	False	False
Mol_07005:atom35	ester	-11.13055916818008	0.5301255926250417	0.6666666666666666	False	False
Mol_07006:atom36	ester	-9.968689102180608	0.7288302794287873	0.6666666666666666	False	True
Mol_07007:atom35	ester	-9.968689102180608	0.7288302794287873	0.6666666666666666	False	True
Mol_07008:atom34	ester	-9.968689102180608	0.7288302794287873	0.6666666666666666	False	True
Mol_07009:atom35	ester	-9.968689102180608	0.7288302794287873	0.6666666666666666	False	True
Mol_07010:atom34	ester	-9.968689102180608	0.7288302794287873	0.6666666666666666	False	True
Mol_07013:atom5	enone	-20.86993666679389	0.5187876216094414	0.42857142857142855	False	True
Mol_07013:atom11	enone	-14.497455689504353	0.07559235165342483	0.42857142857142855	True	False
Mol_07018:atom3	enone	-12.53702505965145	0.08616318563796341	0.42857142857142855	True	False
Mol_07028:atom23	ester	-13.089367051563377	0.28216151993644234	0.6666666666666666	True	False
Mol_07059:atom3	ester	-16.147746729399273	0.11347767207373412	0.6666666666666666	True	False
Mol_07060:atom7	ester	-16.147746729399273	0.11347767207373412	0.6666666666666666	True	False
Mol_07062:atom7	enone	-14.677292650036089	0.07808416876517986	0.42857142857142855	True	False
Mol_07139:atom3	ester	-12.016483541116855	0.4044439549088504	0.6666666666666666	True	False
Mol_07264:atom29	ester	-12.016483541116855	0.4044439549088504	0.6666666666666666	True	False
Mol_07265:atom3	ester	-12.016483541116855	0.4044439549088504	0.6666666666666666	True	False
Mol_07278:atom3	ester	-12.016483541116855	0.4044439549088504	0.6666666666666666	True	False
Mol_07281:atom5	ester	-12.016483541116855	0.4044439549088504	0.6666666666666666	True	False
Mol_07286:atom13	ester	-12.016483541116855	0.4044439549088504	0.6666666666666666	True	False
Mol_07286:atom26	ester	-12.016483541116855	0.4044439549088504	0.6666666666666666	True	False
Mol_07291:atom1	enone	-9.64127891903081	0.22824346568825568	0.42857142857142855	True	False
Mol_07293:atom29	ester	-12.016483541116855	0.4044439549088504	0.6666666666666666	True	False
Mol_07295:atom40	ester	-12.016483541116855	0.4044439549088504	0.6666666666666666	True	False
Mol_07296:atom32	ester	-12.016483541116855	0.4044439549088504	0.6666666666666666	True	False
Mol_07297:atom40	ester	-12.016483541116855	0.4044439549088504	0.6666666666666666	True	False
Mol_07298:atom29	ester	-12.016483541116855	0.4044439549088504	0.6666666666666666	True	False
Mol_07307:atom29	ester	-15.58246974736562	0.12458982609122041	0.6666666666666666	True	False
Mol_07309:atom29	ester	-15.58246974736562	0.12458982609122041	0.6666666666666666	True	False
Mol_07310:atom32	ester	-12.016483541116855	0.4044439549088504	0.6666666666666666	True	False
Mol_07311:atom1	ester	-11.93330027436887	0.4152940108393159	0.6666666666666666	True	False
Mol_07318:atom39	ester	-12.016483541116855	0.4044439549088504	0.6666666666666666	True	False
Mol_07319:atom28	ester	-12.016483541116855	0.4044439549088504	0.6666666666666666	True	False
Mol_07327:atom4	enal	-20.94647695105914	0.12770081380440457	0.46153846153846156	True	False
Mol_07331:atom8	enal	-20.94647695105914	0.12770081380440457	0.46153846153846156	True	False
Mol_07357:atom6	enal	-20.94647695105914	0.12770081380440457	0.46153846153846156	True	False
Mol_07389:atom1	enone	-12.811674665726844	0.08051835652671975	0.42857142857142855	True	False
Mol_07421:atom6	enal	-17.720178042141697	0.13843485109733805	0.46153846153846156	True	False
Mol_07428:atom1	enone	-12.811674665726844	0.08051835652671975	0.42857142857142855	True	False
Mol_07449:atom6	enal	-21.9182081452144	0.21228027723373227	0.46153846153846156	False	False
Mol_07523:atom1	enone	-11.272540209366364	0.1296548167568805	0.42857142857142855	True	False
Mol_07537:atom18	enone	-4.926891115984074	0.7822095751774518	0.42857142857142855	False	True
Mol_07538:atom18	enone	-4.926891115984074	0.7822095751774518	0.42857142857142855	False	True
Mol_07562:atom10	enal	-13.087841880311029	0.9374778547166671	0.46153846153846156	False	True
Mol_07578:atom16	ester	-15.13629061336809	0.13978623548222793	0.6666666666666666	True	False
Mol_07579:atom10	ester	-12.683057241300038	0.3246147336073065	0.6666666666666666	True	False
Mol_07580:atom10	ester	-21.595025447130503	0.47271901923037934	0.6666666666666666	False	False
Mol_07581:atom10	ester	-21.595025447130503	0.47271901923037934	0.6666666666666666	False	False
Mol_07582:atom10	enal	-22.87350660125875	0.3350564999400026	0.46153846153846156	False	False
Mol_07583:atom5	enal	-18.463518971675725	0.0962314233384014	0.46153846153846156	True	False
Mol_07584:atom14	ester	-12.683057241300038	0.3246147336073065	0.6666666666666666	True	False
Mol_07585:atom15	ester	-12.683057241300038	0.3246147336073065	0.6666666666666666	True	False
Mol_07586:atom11	enal	-18.463518971675725	0.0962314233384014	0.46153846153846156	True	False
Mol_07587:atom5	enal	-20.60887664176486	0.10783126696178605	0.46153846153846156	True	False
Mol_07588:atom9	ester	-11.026543055408109	0.5463479174084223	0.6666666666666666	False	False
Mol_07589:atom9	ester	-11.239741860336547	0.5134289158678209	0.6666666666666666	False	False
Mol_07590:atom7	ester	-11.026543055408109	0.5463479174084223	0.6666666666666666	False	False
Mol_07592:atom10	enal	-22.87350660125875	0.3350564999400026	0.46153846153846156	False	False
Mol_07593:atom14	enal	-19.690627568364228	0.0786109680543917	0.46153846153846156	True	False
Mol_07596:atom1	ester	-11.93330027436887	0.4152940108393159	0.6666666666666666	True	False
Mol_07597:atom10	ester	-11.026543055408109	0.5463479174084223	0.6666666666666666	False	False
Mol_07598:atom8	ester	-17.06615916046716	0.11482484737486885	0.6666666666666666	True	False
Mol_07605:atom10	enal	-22.87350660125875	0.3350564999400026	0.46153846153846156	False	False
Mol_07606:atom14	enal	-19.690627568364228	0.0786109680543917	0.46153846153846156	True	False
Mol_07608:atom9	ester	-11.026543055408109	0.5463479174084223	0.6666666666666666	False	False
Mol_07613:atom9	ester	-11.351166037769117	0.4967394447380088	0.6666666666666666	False	False
Mol_07661:atom1	enal	-7.300054401350202	3.2340522111690646	0.46153846153846156	False	True
Mol_07665:atom4	enone	-14.80319523556314	0.0801748551568356	0.42857142857142855	True	False
Mol_07680:atom14	enone	-17.704623711276955	0.2073482240477444	0.42857142857142855	True	False
Mol_07680:atom20	enone	-6.356768232280471	0.5719546950319166	0.42857142857142855	False	True
Mol_07681:atom1	enone	-6.356768232280471	0.5719546950319166	0.42857142857142855	False	True
Mol_07681:atom7	enone	-17.704623711276955	0.2073482240477444	0.42857142857142855	True	False
Mol_07683:atom1	enone	-6.356768232280471	0.5719546950319166	0.42857142857142855	False	True
Mol_07683:atom7	enone	-17.704623711276955	0.2073482240477444	0.42857142857142855	True	False
Mol_07684:atom10	enone	-2.203342352856687	1.2844239095543974	0.42857142857142855	False	True
Mol_07685:atom1	enone	-6.356768232280471	0.5719546950319166	0.42857142857142855	False	True
Mol_07685:atom7	enone	-17.704623711276955	0.2073482240477444	0.42857142857142855	True	False
Mol_07688:atom20	enone	-7.798923929876724	0.39714385436808264	0.42857142857142855	False	False
Mol_07698:atom47	enone	-26.26149068411863	1.4641742391317698	0.42857142857142855	False	True
Mol_07700:atom43	enone	-26.26149068411863	1.4641742391317698	0.42857142857142855	False	True
Mol_07702:atom44	enone	-26.26149068411863	1.4641742391317698	0.42857142857142855	False	True
Mol_07721:atom8	ester	-15.755792924600804	0.12021540495046512	0.6666666666666666	True	False
Mol_07721:atom9	enone	-21.10727120396316	0.5494019701496717	0.42857142857142855	False	True
Mol_07760:atom1	ester	-11.93330027436887	0.4152940108393159	0.6666666666666666	True	False
Mol_07760:atom13	enone	-24.81803588749592	1.1598184680007726	0.42857142857142855	False	True
Mol_07761:atom1	ester	-11.93330027436887	0.4152940108393159	0.6666666666666666	True	False
Mol_07761:atom13	enone	-24.81803588749592	1.1598184680007726	0.42857142857142855	False	True
Mol_07762:atom5	enone	-24.81803588749592	1.1598184680007726	0.42857142857142855	False	True
Mol_07763:atom6	enone	-24.81803588749592	1.1598184680007726	0.42857142857142855	False	True
Mol_07767:atom5	enone	-25.09507193478674	1.2153260605972334	0.42857142857142855	False	True
Mol_07805:atom26	ester	-15.58246974736562	0.12458982609122041	0.6666666666666666	True	False
Mol_07806:atom26	ester	-12.016483541116855	0.4044439549088504	0.6666666666666666	True	False
Mol_07807:atom1	ester	-11.93330027436887	0.4152940108393159	0.6666666666666666	True	False
Mol_07808:atom1	ester	-9.272919870525248	0.8662241581846974	0.6666666666666666	False	True
Mol_07812:atom1	ester	-9.248391641135289	0.8713193105164929	0.6666666666666666	False	True
Mol_07814:atom1	ester	-12.392753554823996	0.3578264062012303	0.6666666666666666	True	False
Mol_07816:atom1	ester	-13.068347000003367	0.2842424858383639	0.6666666666666666	True	False
Mol_07817:atom1	ester	-13.068347000003367	0.2842424858383639	0.6666666666666666	True	False
Mol_07819:atom4	ester	-15.661917581214247	0.12247849042272385	0.6666666666666666	True	False
Mol_07854:atom6	enal	-13.087841880311029	0.9374778547166671	0.46153846153846156	False	True
Mol_07855:atom6	enal	-13.183235752763276	0.9117067313797325	0.46153846153846156	False	True
Mol_07857:atom24	enone	-8.018672064636807	0.3737914506617339	0.42857142857142855	False	False
Mol_07861:atom0	ester	-19.242274490451145	0.2138961656712715	0.6666666666666666	True	False
Mol_07862:atom0	ester	-19.242274490451145	0.2138961656712715	0.6666666666666666	True	False
Mol_07864:atom0	ester	-19.242274490451145	0.2138961656712715	0.6666666666666666	True	False
Mol_07864:atom13	enal	-18.16127541532869	0.11052157292714732	0.46153846153846156	True	False
Mol_07874:atom21	enone	-8.018672064636807	0.3737914506617339	0.42857142857142855	False	False
Mol_07875:atom1	ester	-12.87931274693731	0.3035220583187026	0.6666666666666666	True	False
Mol_07875:atom16	enone	-8.018672064636807	0.3737914506617339	0.42857142857142855	False	False
Mol_07876:atom21	enone	-8.018672064636807	0.3737914506617339	0.42857142857142855	False	False
Mol_07882:atom0	ester	-15.736774568104638	0.12065361706671505	0.6666666666666666	True	False
Mol_07882:atom20	ester	-19.072829257923058	0.2013406772133864	0.6666666666666666	True	False
Mol_07883:atom8	ester	-19.15862788637593	0.2075959687429703	0.6666666666666666	True	False
Mol_07883:atom14	ester	-16.991922386392556	0.11382367459293287	0.6666666666666666	True	False
Mol_07883:atom24	ester	-21.84636497789343	0.5096874454295692	0.6666666666666666	False	False
Mol_07884:atom1	ester	-12.87931274693731	0.3035220583187026	0.6666666666666666	True	False
Mol_07884:atom16	enone	-8.018672064636807	0.3737914506617339	0.42857142857142855	False	False
Mol_07885:atom21	enone	-8.018672064636807	0.3737914506617339	0.42857142857142855	False	False
Mol_07886:atom21	enone	-8.018672064636807	0.3737914506617339	0.42857142857142855	False	False
Mol_07898:atom18	ester	-13.300649734272984	0.2619435495585193	0.6666666666666666	True	False
Mol_07899:atom18	ester	-18.88735409252854	0.18853467991036146	0.6666666666666666	True	False
Mol_07903:atom18	ester	-18.88735409252854	0.18853467991036146	0.6666666666666666	True	False
Mol_07906:atom0	ester	-15.736774568104638	0.12065361706671505	0.6666666666666666	True	False
Mol_07906:atom24	ester	-19.072829257923058	0.2013406772133864	0.6666666666666666	True	False
Mol_07907:atom0	ester	-19.072829257923058	0.2013406772133864	0.6666666666666666	True	False
Mol_07907:atom13	ester	-12.87931274693731	0.3035220583187026	0.6666666666666666	True	False
Mol_07908:atom0	ester	-19.072829257923058	0.2013406772133864	0.6666666666666666	True	False
Mol_07908:atom24	ester	-12.87931274693731	0.3035220583187026	0.6666666666666666	True	False
Mol_07909:atom1	ester	-12.87931274693731	0.3035220583187026	0.6666666666666666	True	False
Mol_07910:atom0	ester	-19.072829257923058	0.2013406772133864	0.6666666666666666	True	False
Mol_07910:atom24	ester	-12.87931274693731	0.3035220583187026	0.6666666666666666	True	False
Mol_07922:atom27	enone	-11.069221597360244	0.13933179562842027	0.42857142857142855	True	False
Mol_07964:atom0	enone	-19.78240218941737	0.3914618715797523	0.42857142857142855	False	False
Mol_07964:atom27	ester	-7.331987192634525	1.3223662190159935	0.6666666666666666	False	True
Mol_07965:atom0	enone	-19.78240218941737	0.3914618715797523	0.42857142857142855	False	False
Mol_07965:atom30	ester	-7.331987192634525	1.3223662190159935	0.6666666666666666	False	True
Mol_07966:atom0	enone	-19.78240218941737	0.3914618715797523	0.42857142857142855	False	False
Mol_07966:atom28	ester	-7.331987192634525	1.3223662190159935	0.6666666666666666	False	True
Mol_07967:atom0	enone	-19.78240218941737	0.3914618715797523	0.42857142857142855	False	False
Mol_07967:atom31	ester	-7.331987192634525	1.3223662190159935	0.6666666666666666	False	True
Mol_07968:atom0	enone	-19.78240218941737	0.3914618715797523	0.42857142857142855	False	False
Mol_07968:atom28	ester	-7.331987192634525	1.3223662190159935	0.6666666666666666	False	True
Mol_07969:atom0	enone	-19.78240218941737	0.3914618715797523	0.42857142857142855	False	False
Mol_07969:atom31	ester	-7.331987192634525	1.3223662190159935	0.6666666666666666	False	True
Mol_07970:atom0	enone	-19.78240218941737	0.3914618715797523	0.42857142857142855	False	False
Mol_07970:atom27	ester	-7.331987192634525	1.3223662190159935	0.6666666666666666	False	True
Mol_07974:atom0	enone	-19.78240218941737	0.3914618715797523	0.42857142857142855	False	False
Mol_07974:atom27	enone	-13.612346322141338	0.07180532900627945	0.42857142857142855	True	False
Mol_07975:atom33	enone	-16.705520264705136	0.14646337705288093	0.42857142857142855	True	False
Mol_07976:atom15	enone	-10.180883237416944	0.19033374211304743	0.42857142857142855	True	False
Mol_07992:atom5	ester	-10.29507685774555	0.6691284042866561	0.6666666666666666	False	True
Mol_07993:atom5	ester	-10.29507685774555	0.6691284042866561	0.6666666666666666	False	True
Mol_07994:atom5	ester	-10.23476348345548	0.6799322579663203	0.6666666666666666	False	True
Mol_07995:atom5	ester	-10.29507685774555	0.6691284042866561	0.6666666666666666	False	True
Mol_07996:atom5	ester	-10.29507685774555	0.6691284042866561	0.6666666666666666	False	True
Mol_07997:atom5	ester	-10.29507685774555	0.6691284042866561	0.6666666666666666	False	True
Mol_07998:atom4	enone	-20.15904924157944	0.43315075340905873	0.42857142857142855	False	True
Mol_07998:atom5	ester	-10.583240903744652	0.6189397252100188	0.6666666666666666	False	False
Mol_07999:atom4	enone	-14.231055361594455	0.07297021817447823	0.42857142857142855	True	False
Mol_07999:atom5	ester	-16.612878327007095	0.11115808286918344	0.6666666666666666	True	False
Mol_07999:atom9	enone	-4.24092550854108	0.8961295553732559	0.42857142857142855	False	True
Mol_08000:atom5	ester	-10.29507685774555	0.6691284042866561	0.6666666666666666	False	True
Mol_08014:atom43	enone	-13.649692892024738	0.07168038248886528	0.42857142857142855	True	False
Mol_08018:atom14	enone	-7.073815297650379	0.48036191436747633	0.42857142857142855	False	True
Mol_08033:atom8	enone	-9.184847278790132	0.2643984768827534	0.42857142857142855	True	False
Mol_08033:atom15	enone	-7.087972881473823	0.4786465796210616	0.42857142857142855	False	True
Mol_08036:atom35	enone	-16.705520264705136	0.14646337705288093	0.42857142857142855	True	False
Mol_08037:atom37	enone	-16.705520264705136	0.14646337705288093	0.42857142857142855	True	False
Mol_08043:atom5	ester	-10.267231166351994	0.6741034932154648	0.6666666666666666	False	True
Mol_08043:atom11	ester	-13.628215495853173	0.2331113916541816	0.6666666666666666	True	False
Mol_08059:atom7	enal	-19.75973827820326	0.07954694536057279	0.46153846153846156	True	False
Mol_08061:atom14	enal	-22.61579626900325	0.2980653659956772	0.46153846153846156	False	False
Mol_08062:atom18	ester	-13.300649734272984	0.2619435495585193	0.6666666666666666	True	False
Mol_08139:atom4	enone	-7.858334920399859	0.39074464243237506	0.42857142857142855	False	False
Mol_08140:atom4	enone	-7.858334920399859	0.39074464243237506	0.42857142857142855	False	False
Mol_08141:atom4	enone	-7.858334920399859	0.39074464243237506	0.42857142857142855	False	False
Mol_08142:atom4	enone	-7.858334920399859	0.39074464243237506	0.42857142857142855	False	False
Mol_08143:atom4	enone	-7.858334920399859	0.39074464243237506	0.42857142857142855	False	False
Mol_08144:atom4	enone	-7.858334920399859	0.39074464243237506	0.42857142857142855	False	False
Mol_08179:atom7	ester	-12.016483541116855	0.4044439549088504	0.6666666666666666	True	False
Mol_08180:atom7	ester	-12.016483541116855	0.4044439549088504	0.6666666666666666	True	False
Mol_08181:atom5	ester	-12.016483541116855	0.4044439549088504	0.6666666666666666	True	False
Mol_08188:atom18	enone	-15.2957110948641	0.09109255882386463	0.42857142857142855	True	False
Mol_08205:atom14	enone	-15.2957110948641	0.09109255882386463	0.42857142857142855	True	False
Mol_08206:atom32	ester	-12.016483541116855	0.4044439549088504	0.6666666666666666	True	False
Mol_08310:atom8	enone	-15.2957110948641	0.09109255882386463	0.42857142857142855	True	False
Mol_08312:atom5	enone	-15.2957110948641	0.09109255882386463	0.42857142857142855	True	False
Mol_08313:atom8	enone	-15.2957110948641	0.09109255882386463	0.42857142857142855	True	False
Mol_08338:atom8	enone	-15.2957110948641	0.09109255882386463	0.42857142857142855	True	False
Mol_08422:atom6	enone	-15.2957110948641	0.09109255882386463	0.42857142857142855	True	False
Mol_08448:atom5	ester	-12.016483541116855	0.4044439549088504	0.6666666666666666	True	False
Mol_08474:atom12	enone	-15.2957110948641	0.09109255882386463	0.42857142857142855	True	False
Mol_08589:atom1	ester	-12.392753554823996	0.3578264062012303	0.6666666666666666	True	False
Mol_08590:atom1	ester	-13.068347000003367	0.2842424858383639	0.6666666666666666	True	False
Mol_08593:atom1	ester	-12.87931274693731	0.3035220583187026	0.6666666666666666	True	False
Mol_08593:atom24	ester	-13.068347000003367	0.2842424858383639	0.6666666666666666	True	False
Mol_08613:atom1	ester	-11.93330027436887	0.4152940108393159	0.6666666666666666	True	False
Mol_08615:atom0	ester	-16.991922386392556	0.11382367459293287	0.6666666666666666	True	False
Mol_08623:atom1	ester	-13.068347000003367	0.2842424858383639	0.6666666666666666	True	False
Mol_08631:atom1	ester	-12.87931274693731	0.3035220583187026	0.6666666666666666	True	False
Mol_08706:atom19	enone	-13.937558968904698	0.07155923134796936	0.42857142857142855	True	False
Mol_08707:atom29	enone	-11.939593065133538	0.10312770547249031	0.42857142857142855	True	False
Mol_08708:atom8	enone	-14.284762529844455	0.07339611693514006	0.42857142857142855	True	False
Mol_08710:atom8	enone	-14.284762529844455	0.07339611693514006	0.42857142857142855	True	False
Mol_08711:atom8	enone	-14.278646435715189	0.07334499850999102	0.42857142857142855	True	False
Mol_08714:atom29	enone	-10.42001396531128	0.17520841997572184	0.42857142857142855	True	False
Mol_08717:atom9	enone	-10.42001396531128	0.17520841997572184	0.42857142857142855	True	False
Mol_08727:atom17	ester	-8.276502713053496	1.0869941231173417	0.6666666666666666	False	True
Mol_08727:atom30	ester	-11.197287430892226	0.5198808909503965	0.6666666666666666	False	False
Mol_08731:atom5	ester	-11.197287430892226	0.5198808909503965	0.6666666666666666	False	False
Mol_08732:atom5	ester	-10.708272297748907	0.5978989457377191	0.6666666666666666	False	False
Mol_08744:atom26	ester	-12.016483541116855	0.4044439549088504	0.6666666666666666	True	False
Mol_08751:atom1	ester	-11.93330027436887	0.4152940108393159	0.6666666666666666	True	False
Mol_08760:atom1	ester	-12.87931274693731	0.3035220583187026	0.6666666666666666	True	False
Mol_08773:atom13	enone	-4.926891115984074	0.7822095751774518	0.42857142857142855	False	True
Mol_08776:atom1	enone	-11.537555751823271	0.1181575748897184	0.42857142857142855	True	False
Mol_08778:atom13	enone	-14.326761628981206	0.0737653197853443	0.42857142857142855	True	False
Mol_08790:atom9	enone	-14.326761628981206	0.0737653197853443	0.42857142857142855	True	False
Mol_08790:atom30	ester	-21.833851597598645	0.5078043568238868	0.6666666666666666	False	False
Mol_08791:atom9	enone	-14.326761628981206	0.0737653197853443	0.42857142857142855	True	False
Mol_08791:atom27	ester	-21.833851597598645	0.5078043568238868	0.6666666666666666	False	False
Mol_08793:atom9	enone	-14.326761628981206	0.0737653197853443	0.42857142857142855	True	False
Mol_08793:atom26	ester	-18.41113941962517	0.16014126537307918	0.6666666666666666	True	False
Mol_08795:atom9	enone	-14.326761628981206	0.0737653197853443	0.42857142857142855	True	False
Mol_08795:atom29	ester	-18.41113941962517	0.16014126537307918	0.6666666666666666	True	False
Mol_08797:atom12	enone	-14.326761628981206	0.0737653197853443	0.42857142857142855	True	False
Mol_08797:atom29	ester	-18.41113941962517	0.16014126537307918	0.6666666666666666	True	False
Mol_08798:atom12	enone	-14.326761628981206	0.0737653197853443	0.42857142857142855	True	False
Mol_08798:atom30	ester	-21.833851597598645	0.5078043568238868	0.6666666666666666	False	False
Mol_08799:atom9	enone	-14.326761628981206	0.0737653197853443	0.42857142857142855	True	False
Mol_08816:atom13	enone	-14.326761628981206	0.0737653197853443	0.42857142857142855	True	False
Mol_08817:atom10	enone	-14.326761628981206	0.0737653197853443	0.42857142857142855	True	False
Mol_08819:atom5	enone	-14.326761628981206	0.0737653197853443	0.42857142857142855	True	False
Mol_08820:atom13	enone	-14.326761628981206	0.0737653197853443	0.42857142857142855	True	False
Mol_08820:atom26	ester	-21.833851597598645	0.5078043568238868	0.6666666666666666	False	False
Mol_08825:atom1	ester	-11.93330027436887	0.4152940108393159	0.6666666666666666	True	False
Mol_09001:atom13	enone	-13.375991196153471	0.07317786166984347	0.42857142857142855	True	False
Mol_09004:atom12	enone	-15.2957110948641	0.09109255882386463	0.42857142857142855	True	False
Mol_09006:atom15	enone	-15.2957110948641	0.09109255882386463	0.42857142857142855	True	False
Mol_09007:atom10	enone	-15.2957110948641	0.09109255882386463	0.42857142857142855	True	False
Mol_09008:atom11	enone	-9.0412934496738	0.2765443045390967	0.42857142857142855	True	False
Mol_09009:atom13	enone	-15.2957110948641	0.09109255882386463	0.42857142857142855	True	False
Mol_09011:atom10	enone	-13.375991196153471	0.07317786166984347	0.42857142857142855	True	False
Mol_09064:atom11	enone	-16.548074693030813	0.1385063477591097	0.42857142857142855	True	False
Mol_09067:atom19	enone	-19.59379209135566	0.3715445166316249	0.42857142857142855	False	False
Mol_09086:atom2	enone	-7.823139577962011	0.3945279000477129	0.42857142857142855	False	False
Mol_09140:atom4	enone	-42.36755191100564	7.402163898099359	0.42857142857142855	False	True
Mol_09140:atom5	enone	-42.36755191100564	7.402163898099359	0.42857142857142855	False	True
Mol_09144:atom18	enal	-12.86472188788491	0.9992846049400741	0.46153846153846156	False	True
Mol_09155:atom5	enone	-32.30633078255504	3.145829509758477	0.42857142857142855	False	True
Mol_09163:atom5	ester	-35.01610850770729	4.963362211284166	0.6666666666666666	False	True
Mol_09215:atom14	ester	-14.578499050969604	0.16675741244304937	0.6666666666666666	True	False
Mol_09223:atom5	enal	-19.52993793886653	0.07722960542695073	0.46153846153846156	True	False
Mol_09241:atom11	enone	-5.45417274919547	0.7003958525051047	0.42857142857142855	False	True
Mol_09290:atom3	ester	-17.489445258199364	0.12353181400498364	0.6666666666666666	True	False
Mol_09290:atom19	ester	-16.62551573015792	0.11118102625549178	0.6666666666666666	True	False
Mol_09292:atom10	ester	-16.62551573015792	0.11118102625549178	0.6666666666666666	True	False
Mol_09292:atom19	ester	-10.53787143539519	0.626684753298598	0.6666666666666666	False	False
Mol_09343:atom41	enone	-16.705520264705136	0.14646337705288093	0.42857142857142855	True	False
Mol_09345:atom31	enone	-16.705520264705136	0.14646337705288093	0.42857142857142855	True	False
Mol_09346:atom31	enone	-16.705520264705136	0.14646337705288093	0.42857142857142855	True	False
Mol_09349:atom37	enone	-16.705520264705136	0.14646337705288093	0.42857142857142855	True	False
Mol_09350:atom35	enone	-16.502009180472367	0.13626258652775222	0.42857142857142855	True	False
Mol_09351:atom35	enone	-16.705520264705136	0.14646337705288093	0.42857142857142855	True	False
Mol_09365:atom4	enone	-12.34392110752614	0.09094434077517333	0.42857142857142855	True	False
Mol_09365:atom5	enone	-7.076917873419268	0.47998569741172226	0.42857142857142855	False	True
Mol_09365:atom18	enone	-10.55096824828878	0.16736124875032132	0.42857142857142855	True	False
Mol_09366:atom4	enone	-12.34392110752614	0.09094434077517333	0.42857142857142855	True	False
Mol_09366:atom17	enone	-10.55096824828878	0.16736124875032132	0.42857142857142855	True	False
Mol_09370:atom20	enone	-7.467934051010796	0.4339571792402992	0.42857142857142855	False	True
Mol_09371:atom4	enone	-5.703895880746512	0.6633935030484415	0.42857142857142855	False	True
Mol_09374:atom5	ester	-11.197287430892226	0.5198808909503965	0.6666666666666666	False	False
Mol_09449:atom35	enone	-11.939593065133538	0.10312770547249031	0.42857142857142855	True	False
Mol_09456:atom56	ester	-12.016483541116855	0.4044439549088504	0.6666666666666666	True	False
Mol_09457:atom74	ester	-11.93330027436887	0.4152940108393159	0.6666666666666666	True	False
Mol_09458:atom1	ester	-11.93330027436887	0.4152940108393159	0.6666666666666666	True	False
Mol_09459:atom1	ester	-11.93330027436887	0.4152940108393159	0.6666666666666666	True	False
Mol_09530:atom11	enone	-15.2957110948641	0.09109255882386463	0.42857142857142855	True	False
Mol_09541:atom25	ester	-12.016483541116855	0.4044439549088504	0.6666666666666666	True	False
Mol_09542:atom21	ester	-12.016483541116855	0.4044439549088504	0.6666666666666666	True	False
Mol_09571:atom13	enone	-15.2957110948641	0.09109255882386463	0.42857142857142855	True	False
Mol_09626:atom4	enone	-12.34392110752614	0.09094434077517333	0.42857142857142855	True	False
Mol_09626:atom26	enone	-10.55096824828878	0.16736124875032132	0.42857142857142855	True	False
Mol_09627:atom4	enone	-12.34392110752614	0.09094434077517333	0.42857142857142855	True	False
Mol_09627:atom17	ester	-12.016483541116855	0.4044439549088504	0.6666666666666666	True	False
Mol_09627:atom28	enone	-10.55096824828878	0.16736124875032132	0.42857142857142855	True	False
Mol_09631:atom13	enone	-16.9530079024473	0.15987225062173355	0.42857142857142855	True	False
Mol_09631:atom23	enone	-10.55096824828878	0.16736124875032132	0.42857142857142855	True	False
Mol_09667:atom2	enone	-7.795110551509562	0.3975567650990095	0.42857142857142855	False	False
Mol_09668:atom2	enone	-7.649448558421865	0.4135247840799374	0.42857142857142855	False	False
Mol_09670:atom2	enone	-9.86157280758841	0.2121341829356741	0.42857142857142855	True	False
Mol_09670:atom8	enone	-10.9601539622029	0.1448292984832213	0.42857142857142855	True	False
Mol_09740:atom6	enal	-19.52993793886653	0.07722960542695073	0.46153846153846156	True	False
Mol_09755:atom37	ester	-12.016483541116855	0.4044439549088504	0.6666666666666666	True	False
Mol_09756:atom38	ester	-12.016483541116855	0.4044439549088504	0.6666666666666666	True	False
Mol_09757:atom1	ester	-11.93330027436887	0.4152940108393159	0.6666666666666666	True	False
Mol_09779:atom0	ester	-21.84636497789343	0.5096874454295692	0.6666666666666666	False	False
Mol_09779:atom35	ester	-10.822984683317326	0.5789862570189854	0.6666666666666666	False	False
Mol_09801:atom14	enone	-4.622274719058847	0.8317532534540356	0.42857142857142855	False	True
Mol_09811:atom3	ester	-8.76539135471741	0.975141302798952	0.6666666666666666	False	True
Mol_09832:atom24	enone	-13.375991196153471	0.07317786166984347	0.42857142857142855	True	False
Mol_09834:atom11	enone	-15.677752679274716	0.10256617427527179	0.42857142857142855	True	False
Mol_09834:atom12	enone	-20.29573261852521	0.44891044895743815	0.42857142857142855	False	True
Mol_09834:atom16	enone	-56.809152792915626	16.69395983241541	0.42857142857142855	False	True
Mol_09834:atom17	enone	-47.498911339934544	10.274057547032395	0.42857142857142855	False	True
Mol_09834:atom22	enone	-6.428054562735676	0.5624348617177237	0.42857142857142855	False	True
Mol_09861:atom12	enone	-20.33095049420853	0.4530255417871296	0.42857142857142855	False	True
Mol_09884:atom14	enal	-17.627960221796314	0.14532920423150225	0.46153846153846156	True	False
Mol_09907:atom12	ester	-10.86119564000749	0.5727695948436995	0.6666666666666666	False	False
Mol_09913:atom10	ester	-10.86119564000749	0.5727695948436995	0.6666666666666666	False	False
Mol_09927:atom3	enone	-12.395793331322968	0.08959412605345629	0.42857142857142855	True	False
Mol_09960:atom3	enone	-15.2957110948641	0.09109255882386463	0.42857142857142855	True	False
Mol_09991:atom3	ester	-12.016483541116855	0.4044439549088504	0.6666666666666666	True	False
Mol_10026:atom2	ester	-10.58854442578209	0.618038186635774	0.6666666666666666	False	False
Mol_10033:atom23	enone	-7.073815297650379	0.48036191436747633	0.42857142857142855	False	True
Mol_10035:atom14	enone	-11.38178618523302	0.12476232782797797	0.42857142857142855	True	False
Mol_10036:atom24	enone	-7.073815297650379	0.48036191436747633	0.42857142857142855	False	True
Mol_10037:atom24	enone	-7.073815297650379	0.48036191436747633	0.42857142857142855	False	True
Mol_10051:atom14	enone	-7.111359541815172	0.47582094516235995	0.42857142857142855	False	True
Mol_10056:atom13	enone	-11.38178618523302	0.12476232782797797	0.42857142857142855	True	False
Mol_10267:atom15	enone	-18.885625716129287	0.3024730145786002	0.42857142857142855	False	False
Mol_10304:atom34	ester	-12.016483541116855	0.4044439549088504	0.6666666666666666	True	False
Mol_10347:atom9	ester	-17.94570090084772	0.13863060586421694	0.6666666666666666	True	False
Mol_10348:atom10	ester	-11.197287430892226	0.5198808909503965	0.6666666666666666	False	False
Mol_10349:atom9	ester	-17.94570090084772	0.13863060586421694	0.6666666666666666	True	False
Mol_10350:atom1	ester	-20.242262091636853	0.30464302522563713	0.6666666666666666	False	False
Mol_10350:atom15	ester	-11.197287430892226	0.5198808909503965	0.6666666666666666	False	False
Mol_10351:atom1	ester	-18.59041847652156	0.1700724962591204	0.6666666666666666	True	False
Mol_10351:atom15	ester	-11.197287430892226	0.5198808909503965	0.6666666666666666	False	False
Mol_10352:atom15	ester	-11.197287430892226	0.5198808909503965	0.6666666666666666	False	False
Mol_10353:atom1	ester	-19.25846899207213	0.2151389439590143	0.6666666666666666	True	False
Mol_10354:atom1	ester	-18.59041847652156	0.1700724962591204	0.6666666666666666	True	False
Mol_10363:atom5	ester	-8.276502713053496	1.0869941231173417	0.6666666666666666	False	True
Mol_10364:atom5	ester	-11.197287430892226	0.5198808909503965	0.6666666666666666	False	False
Mol_10373:atom5	ester	-11.197287430892226	0.5198808909503965	0.6666666666666666	False	False
Mol_10374:atom5	ester	-11.197287430892226	0.5198808909503965	0.6666666666666666	False	False
Mol_10375:atom5	ester	-11.197287430892226	0.5198808909503965	0.6666666666666666	False	False
Mol_10376:atom5	ester	-11.197287430892226	0.5198808909503965	0.6666666666666666	False	False
Mol_10377:atom3	ester	-11.197287430892226	0.5198808909503965	0.6666666666666666	False	False
Mol_10378:atom5	ester	-11.197287430892226	0.5198808909503965	0.6666666666666666	False	False
Mol_10379:atom5	ester	-11.197287430892226	0.5198808909503965	0.6666666666666666	False	False
Mol_10386:atom5	ester	-10.708272297748907	0.5978989457377191	0.6666666666666666	False	False
Mol_10388:atom5	ester	-12.016483541116855	0.4044439549088504	0.6666666666666666	True	False
Mol_10481:atom19	enone	-14.849678563392304	0.0810188021026878	0.42857142857142855	True	False
Mol_10508:atom1	ester	-12.87931274693731	0.3035220583187026	0.6666666666666666	True	False
Mol_10508:atom15	ester	-25.838716686851686	1.3381291911704254	0.6666666666666666	False	True
Mol_10509:atom15	ester	-25.838716686851686	1.3381291911704254	0.6666666666666666	False	True
Mol_10520:atom20	ester	-10.53787143539519	0.626684753298598	0.6666666666666666	False	False
Mol_10531:atom3	ester	-12.016483541116855	0.4044439549088504	0.6666666666666666	True	False
Mol_10531:atom19	ester	-12.016483541116855	0.4044439549088504	0.6666666666666666	True	False
Mol_10532:atom3	ester	-12.016219487001283	0.4044780852122209	0.6666666666666666	True	False
Mol_10534:atom3	ester	-12.016483541116855	0.4044439549088504	0.6666666666666666	True	False
Mol_10534:atom19	ester	-12.016483541116855	0.4044439549088504	0.6666666666666666	True	False
Mol_10554:atom0	ester	-19.072829257923058	0.2013406772133864	0.6666666666666666	True	False
Mol_10554:atom6	enone	-19.602493811398748	0.3724493450728008	0.42857142857142855	False	False
Mol_10554:atom12	enone	-18.87088295961897	0.3011309172190664	0.42857142857142855	False	False
Mol_10561:atom21	ester	-20.73900189496604	0.36030687487100266	0.6666666666666666	False	False
Mol_10563:atom23	ester	-10.53787143539519	0.626684753298598	0.6666666666666666	False	False
Mol_10569:atom20	ester	-10.53787143539519	0.626684753298598	0.6666666666666666	False	False
Mol_10644:atom1	enone	-15.571553380008533	0.09911330512562949	0.42857142857142855	True	False
Mol_10660:atom5	ester	-10.708272297748907	0.5978989457377191	0.6666666666666666	False	False
Mol_10660:atom11	ester	-10.708272297748907	0.5978989457377191	0.6666666666666666	False	False
Mol_10699:atom3	ester	-13.49425537961736	0.24453321902095793	0.6666666666666666	True	False
Mol_10699:atom8	ester	-13.49425537961736	0.24453321902095793	0.6666666666666666	True	False
Mol_10707:atom5	ester	-12.016483541116855	0.4044439549088504	0.6666666666666666	True	False
Mol_10708:atom5	ester	-12.016483541116855	0.4044439549088504	0.6666666666666666	True	False
Mol_10709:atom5	ester	-12.016483541116855	0.4044439549088504	0.6666666666666666	True	False
Mol_10710:atom5	ester	-12.016483541116855	0.4044439549088504	0.6666666666666666	True	False
Mol_10711:atom6	ester	-12.016483541116855	0.4044439549088504	0.6666666666666666	True	False
Mol_10711:atom30	ester	-12.016483541116855	0.4044439549088504	0.6666666666666666	True	False
Mol_10712:atom3	ester	-12.016483541116855	0.4044439549088504	0.6666666666666666	True	False
Mol_10712:atom29	ester	-12.016483541116855	0.4044439549088504	0.6666666666666666	True	False
Mol_10721:atom11	ester	-12.016483541116855	0.4044439549088504	0.6666666666666666	True	False
Mol_10726:atom20	ester	-13.002616351894376	0.2908309474912113	0.6666666666666666	True	False
Mol_10727:atom3	ester	-13.002616351894376	0.2908309474912113	0.6666666666666666	True	False
Mol_10728:atom31	ester	-13.002616351894376	0.2908309474912113	0.6666666666666666	True	False
Mol_10729:atom23	ester	-13.002616351894376	0.2908309474912113	0.6666666666666666	True	False
Mol_10730:atom21	ester	-13.002616351894376	0.2908309474912113	0.6666666666666666	True	False
Mol_10732:atom20	ester	-13.002616351894376	0.2908309474912113	0.6666666666666666	True	False
Mol_10733:atom21	ester	-13.002616351894376	0.2908309474912113	0.6666666666666666	True	False
Mol_10734:atom21	ester	-13.002616351894376	0.2908309474912113	0.6666666666666666	True	False
Mol_10740:atom31	ester	-13.002616351894376	0.2908309474912113	0.6666666666666666	True	False
Mol_10741:atom32	ester	-13.002616351894376	0.2908309474912113	0.6666666666666666	True	False
Mol_10742:atom31	ester	-13.002616351894376	0.2908309474912113	0.6666666666666666	True	False
Mol_10743:atom30	ester	-13.002616351894376	0.2908309474912113	0.6666666666666666	True	False
Mol_10744:atom28	ester	-13.002616351894376	0.2908309474912113	0.6666666666666666	True	False
Mol_10745:atom26	ester	-13.002616351894376	0.2908309474912113	0.6666666666666666	True	False
Mol_10746:atom8	enone	-12.880667489118997	0.07931357913615238	0.42857142857142855	True	False
Mol_10746:atom18	ester	-13.002616351894376	0.2908309474912113	0.6666666666666666	True	False
Mol_10750:atom20	ester	-13.002616351894376	0.2908309474912113	0.6666666666666666	True	False
Mol_10751:atom18	ester	-13.002616351894376	0.2908309474912113	0.6666666666666666	True	False
Mol_10752:atom5	ester	-10.8108406325257	0.5809707180212336	0.6666666666666666	False	False
Mol_10753:atom5	ester	-17.663482926533856	0.1285918928107506	0.6666666666666666	True	False
Mol_10754:atom14	ester	-9.417983939929757	0.8364408505799379	0.6666666666666666	False	True
Mol_10755:atom13	ester	-9.417983939929757	0.8364408505799379	0.6666666666666666	False	True
Mol_10756:atom13	ester	-9.417983939929757	0.8364408505799379	0.6666666666666666	False	True
Mol_10757:atom11	ester	-5.476797343803339	1.8586290970443815	0.6666666666666666	False	True
Mol_10758:atom12	ester	-5.476797343803339	1.8586290970443815	0.6666666666666666	False	True
Mol_10777:atom7	enone	0.2698955395114799	1.8560716020195407	0.42857142857142855	False	True
Mol_10780:atom37	enone	-23.06118329462468	0.8399466152183629	0.42857142857142855	False	True
Mol_10781:atom30	enone	-24.72837908025703	1.1421502881404841	0.42857142857142855	False	True
Mol_10783:atom30	enone	-24.790353473447944	1.1543478161548864	0.42857142857142855	False	True
Mol_10798:atom28	enone	-24.72837908025703	1.1421502881404841	0.42857142857142855	False	True
Mol_10799:atom35	enone	-23.06118329462468	0.8399466152183629	0.42857142857142855	False	True
Mol_10807:atom32	enone	-26.26149068411863	1.4641742391317698	0.42857142857142855	False	True
Mol_10809:atom37	enone	-23.06118329462468	0.8399466152183629	0.42857142857142855	False	True
Mol_10810:atom30	enone	-24.72837908025703	1.1421502881404841	0.42857142857142855	False	True
Mol_10827:atom24	enone	-24.790353473447944	1.1543478161548864	0.42857142857142855	False	True
Mol_10834:atom16	enone	-24.72837908025703	1.1421502881404841	0.42857142857142855	False	True
Mol_10835:atom27	enone	-23.110898541737782	0.8482350499134165	0.42857142857142855	False	True
Mol_10836:atom27	enone	-23.110898541737782	0.8482350499134165	0.42857142857142855	False	True
Mol_10837:atom21	enone	-15.484018186780414	0.09641977776604038	0.42857142857142855	True	False
Mol_10838:atom42	enone	-26.26149068411863	1.4641742391317698	0.42857142857142855	False	True
Mol_10856:atom24	enone	-4.926891115984074	0.7822095751774518	0.42857142857142855	False	True
Mol_10862:atom13	enone	-15.291992961141828	0.09099379359581979	0.42857142857142855	True	False
Mol_10863:atom24	enone	-15.2957110948641	0.09109255882386463	0.42857142857142855	True	False
Mol_10877:atom0	ester	-21.84636497789343	0.5096874454295692	0.6666666666666666	False	False
Mol_10887:atom1	enone	-7.098981593129884	0.477315254228148	0.42857142857142855	False	True
Mol_10887:atom13	enone	-11.77587905257096	0.10889714297298814	0.42857142857142855	True	False
Mol_10891:atom14	enone	-12.945171424560034	0.07826463025037476	0.42857142857142855	True	False
Mol_10892:atom28	enone	-22.037693559428583	0.6791906596329963	0.42857142857142855	False	True
Mol_10927:atom25	ester	-12.016483541116855	0.4044439549088504	0.6666666666666666	True	False
Mol_10977:atom4	enone	-10.727366808166698	0.15727850725603862	0.42857142857142855	True	False
Mol_10978:atom4	enone	-10.727366808166698	0.15727850725603862	0.42857142857142855	True	False
Mol_11034:atom5	ester	-12.016483541116855	0.4044439549088504	0.6666666666666666	True	False
Mol_11038:atom6	ester	-15.58246974736562	0.12458982609122041	0.6666666666666666	True	False
Mol_11039:atom6	ester	-12.016483541116855	0.4044439549088504	0.6666666666666666	True	False
Mol_11042:atom5	ester	-12.016483541116855	0.4044439549088504	0.6666666666666666	True	False
Mol_11043:atom6	ester	-12.016483541116855	0.4044439549088504	0.6666666666666666	True	False
Mol_11057:atom24	enone	-7.073815297650379	0.48036191436747633	0.42857142857142855	False	True
Mol_11090:atom4	enone	-14.231055361594455	0.07297021817447823	0.42857142857142855	True	False
Mol_11090:atom5	ester	-16.612878327007095	0.11115808286918344	0.6666666666666666	True	False
Mol_11090:atom9	enone	-4.24092550854108	0.8961295553732559	0.42857142857142855	False	True
Mol_11091:atom4	enone	-14.231055361594455	0.07297021817447823	0.42857142857142855	True	False
Mol_11091:atom5	ester	-16.612878327007095	0.11115808286918344	0.6666666666666666	True	False
Mol_11091:atom9	enone	-4.24092550854108	0.8961295553732559	0.42857142857142855	False	True
Mol_11091:atom23	ester	-16.44071284644357	0.11129851928173375	0.6666666666666666	True	False
Mol_11095:atom31	ester	-12.016483541116855	0.4044439549088504	0.6666666666666666	True	False
Mol_11097:atom5	ester	-10.29507685774555	0.6691284042866561	0.6666666666666666	False	True
Mol_11104:atom5	ester	-10.23476348345548	0.6799322579663203	0.6666666666666666	False	True
Mol_11105:atom5	ester	-10.23476348345548	0.6799322579663203	0.6666666666666666	False	True
Mol_11106:atom5	ester	-10.29507685774555	0.6691284042866561	0.6666666666666666	False	True
Mol_11125:atom15	enone	-8.05382431977082	0.37013644030489434	0.42857142857142855	False	False
Mol_11139:atom11	enone	-5.083467930243986	0.7573929021397746	0.42857142857142855	False	True
Mol_11139:atom25	ester	-12.016483541116855	0.4044439549088504	0.6666666666666666	True	False
Mol_11157:atom11	enone	-7.087972881473823	0.4786465796210616	0.42857142857142855	False	True
Mol_11157:atom12	enone	-13.76987130074814	0.07144856728710916	0.42857142857142855	True	False
Mol_11157:atom15	enone	-13.76987130074814	0.07144856728710916	0.42857142857142855	True	False
Mol_11157:atom16	enone	-7.087972881473823	0.4786465796210616	0.42857142857142855	False	True
Mol_11177:atom14	enone	-7.073815297650379	0.48036191436747633	0.42857142857142855	False	True
Mol_11183:atom3	ester	-12.016483541116855	0.4044439549088504	0.6666666666666666	True	False
Mol_11183:atom22	ester	-12.016483541116855	0.4044439549088504	0.6666666666666666	True	False
Mol_11206:atom8	ester	-19.64073549032789	0.24664306902274466	0.6666666666666666	False	False
Mol_11206:atom134	ester	-12.918920436864562	0.29939820985480803	0.6666666666666666	True	False
Mol_11207:atom8	ester	-19.64073549032789	0.24664306902274466	0.6666666666666666	False	False
Mol_11207:atom131	ester	-12.918920436864562	0.29939820985480803	0.6666666666666666	True	False
Mol_11208:atom8	ester	-19.64073549032789	0.24664306902274466	0.6666666666666666	False	False
Mol_11208:atom131	ester	-12.918920436864562	0.29939820985480803	0.6666666666666666	True	False
Mol_11219:atom6	enone	-21.712285075736705	0.6320274334964124	0.42857142857142855	False	True
Mol_11220:atom6	enone	-20.366868859374247	0.45724546327464166	0.42857142857142855	False	True
Mol_11221:atom6	enone	-20.366868859374247	0.45724546327464166	0.42857142857142855	False	True
Mol_11224:atom14	ester	-17.666789943017573	0.12869639337105734	0.6666666666666666	True	False
Mol_11225:atom22	ester	-17.666789943017573	0.12869639337105734	0.6666666666666666	True	False
Mol_11232:atom44	ester	-12.016483541116855	0.4044439549088504	0.6666666666666666	True	False
Mol_11269:atom11	enone	-16.708980067827632	0.1466432361522847	0.42857142857142855	True	False
Mol_11276:atom32	ester	-12.016483541116855	0.4044439549088504	0.6666666666666666	True	False
Mol_11277:atom32	ester	-12.016219487001283	0.4044780852122209	0.6666666666666666	True	False
Mol_11296:atom30	ester	-12.016483541116855	0.4044439549088504	0.6666666666666666	True	False
Mol_11301:atom11	enone	-22.384967375078183	0.7316238278555555	0.42857142857142855	False	True
Mol_11310:atom2	ester	-13.23099384543942	0.26846857081296904	0.6666666666666666	True	False
Mol_11311:atom16	enone	-15.22487114391665	0.0892535911025591	0.42857142857142855	True	False
Mol_11331:atom45	ester	-12.016483541116855	0.4044439549088504	0.6666666666666666	True	False
Mol_11343:atom11	enone	-23.17324108157496	0.8586915105852978	0.42857142857142855	False	True
Mol_11346:atom2	enone	-18.358360905818625	0.25690410565233435	0.42857142857142855	False	False
Mol_11346:atom15	enone	-11.994854404989548	0.1012890701134907	0.42857142857142855	True	False
Mol_11347:atom6	enone	-11.994854404989548	0.1012890701134907	0.42857142857142855	True	False
Mol_11369:atom17	enone	-13.982483900113117	0.07167477967558876	0.42857142857142855	True	False
Mol_11375:atom37	enone	-23.06118329462468	0.8399466152183629	0.42857142857142855	False	True
Mol_11376:atom37	enone	-23.06118329462468	0.8399466152183629	0.42857142857142855	False	True
Mol_11386:atom27	enone	-24.72837908025703	1.1421502881404841	0.42857142857142855	False	True
Mol_11412:atom26	enone	-11.38178618523302	0.12476232782797797	0.42857142857142855	True	False
Mol_11430:atom19	enone	-23.110898541737782	0.8482350499134165	0.42857142857142855	False	True
Mol_11432:atom14	enone	-7.073815297650379	0.48036191436747633	0.42857142857142855	False	True
Mol_11434:atom15	enone	-10.207587935817774	0.1885936190634968	0.42857142857142855	True	False
Mol_11434:atom16	enone	-17.739995196893357	0.20983281729453018	0.42857142857142855	True	False
Mol_11435:atom16	enone	-11.38178618523302	0.12476232782797797	0.42857142857142855	True	False
Mol_11437:atom1	enone	-13.074359347362554	0.07638884079779053	0.42857142857142855	True	False
Mol_11440:atom26	enone	-24.790353473447944	1.1543478161548864	0.42857142857142855	False	True
Mol_11441:atom32	enone	-24.72837908025703	1.1421502881404841	0.42857142857142855	False	True
Mol_11442:atom35	enone	-24.72837908025703	1.1421502881404841	0.42857142857142855	False	True
Mol_11487:atom11	enone	-11.138529315686291	0.1359495549977578	0.42857142857142855	True	False
Mol_11489:atom16	enone	-23.678990968761266	0.946102772613772	0.42857142857142855	False	True
Mol_11501:atom10	enone	-15.75134612245296	0.10507792124866962	0.42857142857142855	True	False
Mol_11502:atom24	enone	-15.75134612245296	0.10507792124866962	0.42857142857142855	True	False
Mol_11509:atom9	enone	-16.926696577203167	0.15839436771719806	0.42857142857142855	True	False
Mol_11510:atom10	enone	-25.25435378813882	1.2478651588935425	0.42857142857142855	False	True
Mol_11514:atom30	enone	-23.37827162546468	0.8935734596505707	0.42857142857142855	False	True
Mol_11515:atom32	enone	-19.59379209135566	0.3715445166316249	0.42857142857142855	False	False
Mol_11516:atom3	ester	-14.959528467578208	0.1473743541327858	0.6666666666666666	True	False
Mol_11540:atom5	ester	-12.016483541116855	0.4044439549088504	0.6666666666666666	True	False
Mol_11540:atom28	ester	-12.016483541116855	0.4044439549088504	0.6666666666666666	True	False
Mol_11578:atom6	enone	-11.409141299109146	0.12357085773838719	0.42857142857142855	True	False
Mol_11712:atom11	enone	-4.926891115984074	0.7822095751774518	0.42857142857142855	False	True
Mol_11723:atom5	ester	-9.248391641135289	0.8713193105164929	0.6666666666666666	False	True
Mol_11724:atom5	ester	-10.337314616941995	0.6616240834975575	0.6666666666666666	False	False
Mol_11725:atom5	ester	-10.29507685774555	0.6691284042866561	0.6666666666666666	False	True
Mol_11736:atom9	enal	-23.02891082114713	0.3587448227227374	0.46153846153846156	False	False
Mol_11747:atom17	enone	-15.62744901022928	0.10090535874605705	0.42857142857142855	True	False
Mol_11801:atom27	ester	-12.016483541116855	0.4044439549088504	0.6666666666666666	True	False
Mol_11802:atom1	enone	-15.14966849781208	0.08740014168379423	0.42857142857142855	True	False
Mol_11802:atom16	enone	-15.760161378421827	0.10538531948476153	0.42857142857142855	True	False
Mol_11811:atom0	enone	-16.816202996988977	0.15232398844291212	0.42857142857142855	True	False
Mol_11814:atom5	ester	-20.74493299553407	0.3610139533005707	0.6666666666666666	False	False
Mol_11815:atom5	ester	-20.74493299553407	0.3610139533005707	0.6666666666666666	False	False
Mol_11891:atom17	enone	-11.38178618523302	0.12476232782797797	0.42857142857142855	True	False
Mol_11892:atom14	enone	-7.073815297650379	0.48036191436747633	0.42857142857142855	False	True
Mol_11893:atom14	enone	-11.38178618523302	0.12476232782797797	0.42857142857142855	True	False
Mol_11897:atom13	enone	-14.326761628981206	0.0737653197853443	0.42857142857142855	True	False
Mol_11898:atom25	enone	-14.326761628981206	0.0737653197853443	0.42857142857142855	True	False
Mol_11899:atom13	enone	-14.326761628981206	0.0737653197853443	0.42857142857142855	True	False
Mol_11902:atom1	ester	-9.272919870525248	0.8662241581846974	0.6666666666666666	False	True
Mol_11903:atom1	ester	-9.272919870525248	0.8662241581846974	0.6666666666666666	False	True
Mol_11907:atom1	enone	-9.019817338646698	0.2783932332025462	0.42857142857142855	True	False
Mol_11912:atom14	enone	-11.835729708257446	0.10673204396166558	0.42857142857142855	True	False
Mol_11913:atom14	enone	-11.835729708257446	0.10673204396166558	0.42857142857142855	True	False
Mol_11914:atom20	enone	-9.019817338646698	0.2783932332025462	0.42857142857142855	True	False
Mol_11915:atom9	ester	-24.44674825089718	0.9977491759064876	0.6666666666666666	False	True
Mol_11916:atom8	ester	-22.73773809676732	0.6552981694100393	0.6666666666666666	False	False
Mol_11917:atom15	enone	-7.073815297650379	0.48036191436747633	0.42857142857142855	False	True
Mol_11923:atom1	enone	-9.019817338646698	0.2783932332025462	0.42857142857142855	True	False
Mol_11945:atom27	ester	-8.810771091009183	0.965104073346001	0.6666666666666666	False	True
Mol_11952:atom6	enone	-14.326761628981206	0.0737653197853443	0.42857142857142855	True	False
Mol_11957:atom5	enone	-14.326761628981206	0.0737653197853443	0.42857142857142855	True	False
Mol_11961:atom6	enone	-14.326761628981206	0.0737653197853443	0.42857142857142855	True	False
Mol_11962:atom6	enone	-14.326761628981206	0.0737653197853443	0.42857142857142855	True	False
Mol_11972:atom5	enone	-14.326761628981206	0.0737653197853443	0.42857142857142855	True	False
Mol_11973:atom6	enone	-14.326761628981206	0.0737653197853443	0.42857142857142855	True	False
Mol_11980:atom3	ester	-21.833851597598645	0.5078043568238868	0.6666666666666666	False	False
Mol_11980:atom18	enone	-14.326761628981206	0.0737653197853443	0.42857142857142855	True	False
Mol_11986:atom25	enone	-14.326761628981206	0.0737653197853443	0.42857142857142855	True	False
Mol_11987:atom9	enone	-14.326761628981206	0.0737653197853443	0.42857142857142855	True	False
Mol_11987:atom24	ester	-21.833851597598645	0.5078043568238868	0.6666666666666666	False	False
Mol_11988:atom5	enone	-14.326761628981206	0.0737653197853443	0.42857142857142855	True	False
Mol_11989:atom8	enone	-14.326761628981206	0.0737653197853443	0.42857142857142855	True	False
Mol_11989:atom23	ester	-21.833851597598645	0.5078043568238868	0.6666666666666666	False	False
Mol_11990:atom5	enone	0.6708435503016313	1.9591079235167488	0.42857142857142855	False	True
Mol_11990:atom11	enone	-14.326761628981206	0.0737653197853443	0.42857142857142855	True	False
Mol_11991:atom21	enone	-14.326761628981206	0.0737653197853443	0.42857142857142855	True	False
Mol_11992:atom26	enone	-14.326761628981206	0.0737653197853443	0.42857142857142855	True	False
Mol_11993:atom9	enone	-14.326761628981206	0.0737653197853443	0.42857142857142855	True	False
Mol_11994:atom22	enone	0.6708435503016313	1.9591079235167488	0.42857142857142855	False	True
Mol_11994:atom28	enone	-14.326761628981206	0.0737653197853443	0.42857142857142855	True	False
Mol_11995:atom2	enone	-14.326761628981206	0.0737653197853443	0.42857142857142855	True	False
Mol_12000:atom21	enone	-14.326761628981206	0.0737653197853443	0.42857142857142855	True	False
Mol_12002:atom26	enone	-14.326761628981206	0.0737653197853443	0.42857142857142855	True	False
Mol_12009:atom12	enone	-7.073815297650379	0.48036191436747633	0.42857142857142855	False	True
Mol_12010:atom12	enone	-5.705304534150367	0.663187959398789	0.42857142857142855	False	True
Mol_12010:atom17	enone	-13.413823486002803	0.07289062174063468	0.42857142857142855	True	False
Mol_12017:atom15	enal	-18.893890688307007	0.08267044084535943	0.46153846153846156	True	False
Mol_12018:atom17	ester	-13.300649734272984	0.2619435495585193	0.6666666666666666	True	False
Mol_12019:atom20	ester	-13.300649734272984	0.2619435495585193	0.6666666666666666	True	False
Mol_12020:atom19	ester	-13.300649734272984	0.2619435495585193	0.6666666666666666	True	False
Mol_12026:atom1	ester	-11.93330027436887	0.4152940108393159	0.6666666666666666	True	False
Mol_12028:atom13	enone	-14.326761628981206	0.0737653197853443	0.42857142857142855	True	False
Mol_12030:atom15	enal	-27.534605966867048	1.4976288733571992	0.46153846153846156	False	True
Mol_12054:atom6	ester	-12.918920436864562	0.29939820985480803	0.6666666666666666	True	False
Mol_12054:atom24	ester	-12.918920436864562	0.29939820985480803	0.6666666666666666	True	False
Mol_12054:atom42	ester	-19.64073549032789	0.24664306902274466	0.6666666666666666	False	False
Mol_12055:atom6	ester	-12.918920436864562	0.29939820985480803	0.6666666666666666	True	False
Mol_12055:atom24	ester	-12.918920436864562	0.29939820985480803	0.6666666666666666	True	False
Mol_12055:atom42	ester	-19.64073549032789	0.24664306902274466	0.6666666666666666	False	False
Mol_12056:atom6	ester	-12.918920436864562	0.29939820985480803	0.6666666666666666	True	False
Mol_12056:atom25	ester	-19.64073549032789	0.24664306902274466	0.6666666666666666	False	False
Mol_12065:atom7	ester	-12.918920436864562	0.29939820985480803	0.6666666666666666	True	False
Mol_12066:atom7	ester	-12.918920436864562	0.29939820985480803	0.6666666666666666	True	False
Mol_12077:atom6	ester	-12.918920436864562	0.29939820985480803	0.6666666666666666	True	False
Mol_12077:atom25	ester	-12.918920436864562	0.29939820985480803	0.6666666666666666	True	False
Mol_12077:atom44	ester	-13.416469070447066	0.2514000183870887	0.6666666666666666	True	False
Mol_12078:atom7	ester	-12.918920436864562	0.29939820985480803	0.6666666666666666	True	False
Mol_12078:atom26	ester	-12.918920436864562	0.29939820985480803	0.6666666666666666	True	False
Mol_12078:atom45	ester	-12.918920436864562	0.29939820985480803	0.6666666666666666	True	False
Mol_12079:atom6	ester	-12.918920436864562	0.29939820985480803	0.6666666666666666	True	False
Mol_12079:atom25	ester	-12.918920436864562	0.29939820985480803	0.6666666666666666	True	False
Mol_12079:atom44	ester	-13.416469070447066	0.2514000183870887	0.6666666666666666	True	False
Mol_12091:atom6	ester	-12.918920436864562	0.29939820985480803	0.6666666666666666	True	False
Mol_12091:atom25	ester	-19.64073549032789	0.24664306902274466	0.6666666666666666	False	False
Mol_12092:atom6	ester	-12.918920436864562	0.29939820985480803	0.6666666666666666	True	False
Mol_12092:atom24	ester	-12.918920436864562	0.29939820985480803	0.6666666666666666	True	False
Mol_12092:atom42	ester	-19.64073549032789	0.24664306902274466	0.6666666666666666	False	False
Mol_12093:atom6	ester	-12.918920436864562	0.29939820985480803	0.6666666666666666	True	False
Mol_12093:atom24	ester	-12.918920436864562	0.29939820985480803	0.6666666666666666	True	False
Mol_12094:atom6	ester	-12.918920436864562	0.29939820985480803	0.6666666666666666	True	False
Mol_12094:atom24	ester	-12.918920436864562	0.29939820985480803	0.6666666666666666	True	False
Mol_12094:atom42	ester	-12.918920436864562	0.29939820985480803	0.6666666666666666	True	False
Mol_12103:atom6	ester	-12.918920436864562	0.29939820985480803	0.6666666666666666	True	False
Mol_12104:atom6	ester	-12.918920436864562	0.29939820985480803	0.6666666666666666	True	False
Mol_12115:atom22	ester	-12.016483541116855	0.4044439549088504	0.6666666666666666	True	False
Mol_12116:atom22	ester	-12.016483541116855	0.4044439549088504	0.6666666666666666	True	False
Mol_12133:atom24	enone	-15.2957110948641	0.09109255882386463	0.42857142857142855	True	False
Mol_12135:atom11	enone	-15.2957110948641	0.09109255882386463	0.42857142857142855	True	False
Mol_12139:atom8	enone	-15.2957110948641	0.09109255882386463	0.42857142857142855	True	False
Mol_12150:atom13	enone	-15.2957110948641	0.09109255882386463	0.42857142857142855	True	False
Mol_12154:atom8	enone	-15.2957110948641	0.09109255882386463	0.42857142857142855	True	False
Mol_12163:atom6	enone	-15.2957110948641	0.09109255882386463	0.42857142857142855	True	False
Mol_12167:atom13	enone	-15.2957110948641	0.09109255882386463	0.42857142857142855	True	False
Mol_12188:atom12	enone	-15.2957110948641	0.09109255882386463	0.42857142857142855	True	False
Mol_12221:atom26	ester	-12.016483541116855	0.4044439549088504	0.6666666666666666	True	False
Mol_12261:atom34	ester	-12.016483541116855	0.4044439549088504	0.6666666666666666	True	False
Mol_12270:atom13	enone	-4.926891115984074	0.7822095751774518	0.42857142857142855	False	True
Mol_12275:atom14	enone	-15.2957110948641	0.09109255882386463	0.42857142857142855	True	False
Mol_12338:atom3	ester	-15.386220585847129	0.13057552138070305	0.6666666666666666	True	False
Mol_12381:atom3	enone	-15.418626853764591	0.09449756822016206	0.42857142857142855	True	False
Mol_12381:atom8	enone	-13.967125467047383	0.07163119349051854	0.42857142857142855	True	False
Mol_12398:atom7	enone	-6.014550457709238	0.6189283177100889	0.42857142857142855	False	True
Mol_12464:atom5	ester	-11.197287430892226	0.5198808909503965	0.6666666666666666	False	False
Mol_12471:atom6	ester	-12.016483541116855	0.4044439549088504	0.6666666666666666	True	False
Mol_12472:atom6	ester	-12.016483541116855	0.4044439549088504	0.6666666666666666	True	False
Mol_12474:atom14	enone	-15.291992961141828	0.09099379359581979	0.42857142857142855	True	False
Mol_12504:atom3	ester	-12.016483541116855	0.4044439549088504	0.6666666666666666	True	False
Mol_12504:atom42	ester	-12.016483541116855	0.4044439549088504	0.6666666666666666	True	False
Mol_12521:atom1	enal	-28.435020847533146	1.8300059198547411	0.46153846153846156	False	True
Mol_12536:atom5	ester	-11.197287430892226	0.5198808909503965	0.6666666666666666	False	False
Mol_12536:atom10	enone	-13.364122930768216	0.0732732757162289	0.42857142857142855	True	False
Mol_12538:atom5	ester	-11.197287430892226	0.5198808909503965	0.6666666666666666	False	False
Mol_12539:atom5	ester	2.129634129408858	5.0820470213091875	0.6666666666666666	False	True
Mol_12540:atom5	ester	11.32422795353111	11.177952665366213	0.6666666666666666	False	True
Mol_12541:atom5	ester	-11.197287430892226	0.5198808909503965	0.6666666666666666	False	False
Mol_12542:atom5	ester	-11.197287430892226	0.5198808909503965	0.6666666666666666	False	False
Mol_12543:atom5	ester	-8.276502713053496	1.0869941231173417	0.6666666666666666	False	True
Mol_12555:atom5	ester	-11.197287430892226	0.5198808909503965	0.6666666666666666	False	False
Mol_12560:atom5	ester	-11.197287430892226	0.5198808909503965	0.6666666666666666	False	False
Mol_12560:atom16	ester	-11.197287430892226	0.5198808909503965	0.6666666666666666	False	False
Mol_12561:atom5	ester	-11.197287430892226	0.5198808909503965	0.6666666666666666	False	False
Mol_12561:atom16	ester	-11.197287430892226	0.5198808909503965	0.6666666666666666	False	False
Mol_12562:atom5	ester	-11.197287430892226	0.5198808909503965	0.6666666666666666	False	False
Mol_12562:atom27	ester	-11.197287430892226	0.5198808909503965	0.6666666666666666	False	False
Mol_12563:atom5	ester	-11.197287430892226	0.5198808909503965	0.6666666666666666	False	False
Mol_12563:atom27	ester	-11.197287430892226	0.5198808909503965	0.6666666666666666	False	False
Mol_12564:atom5	ester	-11.197287430892226	0.5198808909503965	0.6666666666666666	False	False
Mol_12564:atom39	ester	-11.197287430892226	0.5198808909503965	0.6666666666666666	False	False
Mol_12565:atom5	ester	-11.197287430892226	0.5198808909503965	0.6666666666666666	False	False
Mol_12566:atom5	ester	-11.197287430892226	0.5198808909503965	0.6666666666666666	False	False
Mol_12567:atom5	ester	-11.197287430892226	0.5198808909503965	0.6666666666666666	False	False
Mol_12568:atom5	ester	-11.197287430892226	0.5198808909503965	0.6666666666666666	False	False
Mol_12569:atom5	ester	-11.197287430892226	0.5198808909503965	0.6666666666666666	False	False
Mol_12575:atom5	ester	-15.58246974736562	0.12458982609122041	0.6666666666666666	True	False
Mol_12576:atom5	ester	-15.58246974736562	0.12458982609122041	0.6666666666666666	True	False
Mol_12577:atom5	ester	-12.016483541116855	0.4044439549088504	0.6666666666666666	True	False
Mol_12578:atom5	ester	-12.016483541116855	0.4044439549088504	0.6666666666666666	True	False
Mol_12579:atom6	ester	-7.350101735275119	1.3176131651736755	0.6666666666666666	False	True
Mol_12580:atom5	ester	-15.58246974736562	0.12458982609122041	0.6666666666666666	True	False
Mol_12581:atom5	ester	-12.016483541116855	0.4044439549088504	0.6666666666666666	True	False
Mol_12582:atom5	ester	-12.016483541116855	0.4044439549088504	0.6666666666666666	True	False
Mol_12608:atom1	enal	-27.27672425360795	1.408864927838597	0.46153846153846156	False	True
Mol_12623:atom13	enone	-4.926891115984074	0.7822095751774518	0.42857142857142855	False	True
Mol_12650:atom5	ester	-11.197287430892226	0.5198808909503965	0.6666666666666666	False	False
Mol_12723:atom18	ester	-24.44674825089718	0.9977491759064876	0.6666666666666666	False	True
Mol_12727:atom6	enone	-12.804573347795024	0.08064722198346932	0.42857142857142855	True	False
Mol_12788:atom2	ester	-10.86119564000749	0.5727695948436995	0.6666666666666666	False	False
Mol_12808:atom16	ester	-10.561791257928164	0.622594092046953	0.6666666666666666	False	False
Mol_12899:atom15	enone	-7.111359541815172	0.47582094516235995	0.42857142857142855	False	True
Mol_12916:atom1	ester	-11.267859355585855	0.5091840364326505	0.6666666666666666	False	False
Mol_12950:atom32	enone	-4.926891115984074	0.7822095751774518	0.42857142857142855	False	True
Mol_12963:atom7	ester	-17.113399061446888	0.1155436399573669	0.6666666666666666	True	False
Mol_12978:atom25	ester	-15.58246974736562	0.12458982609122041	0.6666666666666666	True	False
Mol_12979:atom24	ester	-12.016483541116855	0.4044439549088504	0.6666666666666666	True	False
Mol_12981:atom25	ester	-12.016483541116855	0.4044439549088504	0.6666666666666666	True	False
Mol_12987:atom27	ester	-12.016483541116855	0.4044439549088504	0.6666666666666666	True	False
Mol_12990:atom0	enal	-23.13342703138344	0.37526104194925636	0.46153846153846156	False	False
Mol_12991:atom9	enal	-18.99720176905832	0.08060196242048638	0.46153846153846156	True	False
Mol_12992:atom10	enal	-16.60646774141116	0.246186675684994	0.46153846153846156	True	False
Mol_12992:atom31	ester	-12.016483541116855	0.4044439549088504	0.6666666666666666	True	False
Mol_12994:atom8	enal	-20.94647695105914	0.12770081380440457	0.46153846153846156	True	False
Mol_12994:atom29	ester	-12.016483541116855	0.4044439549088504	0.6666666666666666	True	False
Mol_13006:atom1	enone	-6.127036342307663	0.6032558373221376	0.42857142857142855	False	True
Mol_13016:atom4	enone	-18.47709422165905	0.2667294113292646	0.42857142857142855	False	False
Mol_13029:atom31	enone	-16.502009180472367	0.13626258652775222	0.42857142857142855	True	False
Mol_13030:atom31	enone	-16.705520264705136	0.14646337705288093	0.42857142857142855	True	False
Mol_13031:atom35	enone	-18.22579518722478	0.24623375388634167	0.42857142857142855	False	False
Mol_13049:atom4	ester	-17.510022947565655	0.12408514103266735	0.6666666666666666	True	False
Mol_13050:atom2	enone	-8.752597978429954	0.30209256195112466	0.42857142857142855	True	False
Mol_13051:atom23	enal	-19.75973827820326	0.07954694536057279	0.46153846153846156	True	False
Mol_13063:atom15	ester	-18.19013234957774	0.14915807378788265	0.6666666666666666	True	False
Mol_13069:atom15	ester	-18.19013234957774	0.14915807378788265	0.6666666666666666	True	False
Mol_13073:atom29	ester	-12.016483541116855	0.4044439549088504	0.6666666666666666	True	False
Mol_13135:atom3	ester	-16.947980214128727	0.11330499960539736	0.6666666666666666	True	False
Mol_13143:atom28	ester	-12.673339909679845	0.32568760692173226	0.6666666666666666	True	False
Mol_13144:atom16	ester	-12.673339909679845	0.32568760692173226	0.6666666666666666	True	False
Mol_13145:atom16	ester	-10.561791257928164	0.622594092046953	0.6666666666666666	False	False
Mol_13161:atom7	ester	-16.147746729399273	0.11347767207373412	0.6666666666666666	True	False
Mol_13162:atom20	ester	-23.38664234679607	0.7755310215315463	0.6666666666666666	False	True
Mol_13169:atom1	enone	-21.87380426588859	0.6551992264221044	0.42857142857142855	False	True
Mol_13169:atom2	enone	-31.07859088118544	2.7510884648707985	0.42857142857142855	False	True
Mol_13169:atom10	ester	-16.32272412521334	0.11188219963879134	0.6666666666666666	True	False
Mol_13169:atom11	enone	-7.869702176556477	0.38952750051448615	0.42857142857142855	False	False
Mol_13173:atom4	enone	-10.18281903394348	0.19020717114957225	0.42857142857142855	True	False
Mol_13182:atom8	ester	-12.016483541116855	0.4044439549088504	0.6666666666666666	True	False
Mol_13183:atom9	ester	-16.147746729399273	0.11347767207373412	0.6666666666666666	True	False
Mol_13184:atom7	ester	-16.147746729399273	0.11347767207373412	0.6666666666666666	True	False
Mol_13188:atom3	ester	-16.147746729399273	0.11347767207373412	0.6666666666666666	True	False
Mol_13191:atom4	enone	-22.88380725378451	0.8107370627034897	0.42857142857142855	False	True
Mol_13191:atom5	ester	-23.621857427334533	0.8220739807102544	0.6666666666666666	False	True
Mol_13208:atom1	ester	-11.928275246690797	0.41595576410887447	0.6666666666666666	False	False
Mol_13210:atom1	ester	-11.928275246690797	0.41595576410887447	0.6666666666666666	False	False
Mol_13226:atom5	ester	-12.016483541116855	0.4044439549088504	0.6666666666666666	True	False
Mol_13238:atom18	enone	-12.31010653196543	0.09185057938224749	0.42857142857142855	True	False
Mol_13282:atom15	enone	-15.2957110948641	0.09109255882386463	0.42857142857142855	True	False
Mol_13285:atom9	enone	-15.2957110948641	0.09109255882386463	0.42857142857142855	True	False
Mol_13347:atom1	enal	-19.030059550763458	0.08004040103171872	0.46153846153846156	True	False
Mol_13350:atom14	ester	-12.016483541116855	0.4044439549088504	0.6666666666666666	True	False
Mol_13366:atom3	enone	-15.2957110948641	0.09109255882386463	0.42857142857142855	True	False
Mol_13366:atom13	enone	-15.2957110948641	0.09109255882386463	0.42857142857142855	True	False
Mol_13367:atom3	enone	-15.2957110948641	0.09109255882386463	0.42857142857142855	True	False
Mol_13377:atom3	enone	-15.2957110948641	0.09109255882386463	0.42857142857142855	True	False
Mol_13378:atom3	enone	-17.108291096466147	0.16884796297456883	0.42857142857142855	True	False
Mol_13383:atom3	enone	-15.2957110948641	0.09109255882386463	0.42857142857142855	True	False
Mol_13391:atom13	enone	-2.190153916668641	1.287180416038835	0.42857142857142855	False	True
Mol_13409:atom5	ester	-12.016219487001283	0.4044780852122209	0.6666666666666666	True	False
Mol_13410:atom5	ester	-12.016219487001283	0.4044780852122209	0.6666666666666666	True	False
Mol_13415:atom5	ester	-11.197287430892226	0.5198808909503965	0.6666666666666666	False	False
Mol_13416:atom5	ester	-11.197287430892226	0.5198808909503965	0.6666666666666666	False	False
Mol_13417:atom5	ester	-11.197287430892226	0.5198808909503965	0.6666666666666666	False	False
Mol_13444:atom6	ester	-12.016483541116855	0.4044439549088504	0.6666666666666666	True	False
Mol_13458:atom13	ester	-1.9374427530551632	3.15356691401332	0.6666666666666666	False	True
Mol_13460:atom5	enone	-25.23790433631017	1.2444836315681356	0.42857142857142855	False	True
Mol_13473:atom10	enone	-20.597599807221066	0.4849065312675366	0.42857142857142855	False	True
Mol_13474:atom10	enone	-20.597599807221066	0.4849065312675366	0.42857142857142855	False	True
Mol_13478:atom12	enone	-11.920302683896471	0.10378246162634867	0.42857142857142855	True	False
Mol_13480:atom24	ester	-18.844797511440188	0.1857345608241383	0.6666666666666666	True	False
Mol_13483:atom2	ester	-2.529179126849224	2.912235230860808	0.6666666666666666	False	True
Mol_13484:atom2	ester	-8.651555799471842	1.0005778548877198	0.6666666666666666	False	True
Mol_13485:atom2	ester	-2.529179126849224	2.912235230860808	0.6666666666666666	False	True
Mol_13486:atom2	ester	-8.651555799471842	1.0005778548877198	0.6666666666666666	False	True
Mol_13488:atom2	ester	-2.529179126849224	2.912235230860808	0.6666666666666666	False	True
Mol_13489:atom2	ester	-11.111224413863804	0.533117723919482	0.6666666666666666	False	False
Mol_13496:atom9	ester	-11.13055916818008	0.5301255926250417	0.6666666666666666	False	False
Mol_13545:atom16	ester	-18.88735409252854	0.18853467991036146	0.6666666666666666	True	False
Mol_13546:atom4	enone	-6.873057130858792	0.5050738265778272	0.42857142857142855	False	True
Mol_13546:atom16	ester	-18.88735409252854	0.18853467991036146	0.6666666666666666	True	False
Mol_13548:atom1	enone	-9.184679715557095	0.26441243802677217	0.42857142857142855	True	False
Mol_13548:atom11	ester	-18.88735409252854	0.18853467991036146	0.6666666666666666	True	False
Mol_13558:atom3	enone	-10.411018156660536	0.17575879790931007	0.42857142857142855	True	False
Mol_13559:atom3	ester	-12.016483541116855	0.4044439549088504	0.6666666666666666	True	False
Mol_13561:atom9	enone	-29.10781164955069	2.1741365232633787	0.42857142857142855	False	True
Mol_13566:atom9	ester	-16.952004203510636	0.11335021003772726	0.6666666666666666	True	False
Mol_13576:atom1	ester	-12.87931274693731	0.3035220583187026	0.6666666666666666	True	False
Mol_13576:atom23	ester	-11.93330027436887	0.4152940108393159	0.6666666666666666	True	False
Mol_13577:atom1	ester	-12.87931274693731	0.3035220583187026	0.6666666666666666	True	False
Mol_13577:atom22	ester	-9.272919870525248	0.8662241581846974	0.6666666666666666	False	True
Mol_13578:atom22	ester	-11.93330027436887	0.4152940108393159	0.6666666666666666	True	False
Mol_13579:atom22	ester	-11.93330027436887	0.4152940108393159	0.6666666666666666	True	False
Mol_13580:atom9	ester	-11.93330027436887	0.4152940108393159	0.6666666666666666	True	False
Mol_13581:atom8	ester	-9.272919870525248	0.8662241581846974	0.6666666666666666	False	True
Mol_13581:atom22	ester	-11.93330027436887	0.4152940108393159	0.6666666666666666	True	False
Mol_13582:atom1	ester	-12.87931274693731	0.3035220583187026	0.6666666666666666	True	False
Mol_13601:atom12	ester	-13.002616351894376	0.2908309474912113	0.6666666666666666	True	False
Mol_13602:atom17	ester	-13.002616351894376	0.2908309474912113	0.6666666666666666	True	False
Mol_13604:atom26	ester	-13.002616351894376	0.2908309474912113	0.6666666666666666	True	False
Mol_13605:atom33	ester	-13.002616351894376	0.2908309474912113	0.6666666666666666	True	False
Mol_13607:atom19	ester	-13.002616351894376	0.2908309474912113	0.6666666666666666	True	False
Mol_13608:atom23	ester	-13.002616351894376	0.2908309474912113	0.6666666666666666	True	False
Mol_13609:atom22	ester	-13.002616351894376	0.2908309474912113	0.6666666666666666	True	False
Mol_13610:atom26	ester	-13.002616351894376	0.2908309474912113	0.6666666666666666	True	False
Mol_13611:atom22	ester	-13.002616351894376	0.2908309474912113	0.6666666666666666	True	False
Mol_13612:atom17	ester	-13.002616351894376	0.2908309474912113	0.6666666666666666	True	False
Mol_13613:atom23	ester	-13.002616351894376	0.2908309474912113	0.6666666666666666	True	False
Mol_13614:atom18	ester	-13.002616351894376	0.2908309474912113	0.6666666666666666	True	False
Mol_13615:atom21	ester	-13.002616351894376	0.2908309474912113	0.6666666666666666	True	False
Mol_13616:atom23	ester	-13.002616351894376	0.2908309474912113	0.6666666666666666	True	False
Mol_13617:atom23	ester	-13.002616351894376	0.2908309474912113	0.6666666666666666	True	False
Mol_13624:atom5	ester	-10.708272297748907	0.5978989457377191	0.6666666666666666	False	False
Mol_13625:atom5	ester	-11.197287430892226	0.5198808909503965	0.6666666666666666	False	False
Mol_13629:atom22	ester	-13.002616351894376	0.2908309474912113	0.6666666666666666	True	False
Mol_13638:atom5	ester	-11.197287430892226	0.5198808909503965	0.6666666666666666	False	False
Mol_13643:atom13	enone	-7.073815297650379	0.48036191436747633	0.42857142857142855	False	True
Mol_13644:atom5	ester	-12.016483541116855	0.4044439549088504	0.6666666666666666	True	False
Mol_13651:atom20	ester	-12.016483541116855	0.4044439549088504	0.6666666666666666	True	False
Mol_13652:atom20	ester	-15.58246974736562	0.12458982609122041	0.6666666666666666	True	False
Mol_13653:atom20	ester	-12.016483541116855	0.4044439549088504	0.6666666666666666	True	False
Mol_13654:atom20	ester	-15.58246974736562	0.12458982609122041	0.6666666666666666	True	False
Mol_13656:atom13	enone	-5.083467930243986	0.7573929021397746	0.42857142857142855	False	True
Mol_13664:atom8	enal	-0.8479248129000887	7.494223760745583	0.46153846153846156	False	True
Mol_13672:atom1	enone	-12.329680511101111	0.0913234852811912	0.42857142857142855	True	False
Mol_13691:atom3	enone	-13.56271258600096	0.07201020892191547	0.42857142857142855	True	False
Mol_13691:atom15	enone	-18.502342831954422	0.2688514539044161	0.42857142857142855	False	False
Mol_13703:atom7	enone	-11.607117110745271	0.11534908217398246	0.42857142857142855	True	False
Mol_13717:atom4	ester	-1.391141855968455	3.3852202594967506	0.6666666666666666	False	True
Mol_13730:atom0	ester	-19.072829257923058	0.2013406772133864	0.6666666666666666	True	False
Mol_13741:atom14	enone	-19.69559050962636	0.38221502255700734	0.42857142857142855	False	False
Mol_13742:atom16	ester	-12.016483541116855	0.4044439549088504	0.6666666666666666	True	False
Mol_13743:atom3	ester	-12.016483541116855	0.4044439549088504	0.6666666666666666	True	False
Mol_13744:atom2	ester	-10.337314616941995	0.6616240834975575	0.6666666666666666	False	False
Mol_13745:atom2	ester	-10.337314616941995	0.6616240834975575	0.6666666666666666	False	False
Mol_13747:atom12	ester	-19.072829257923058	0.2013406772133864	0.6666666666666666	True	False
Mol_13748:atom10	ester	-23.013731611071705	0.7049705082296818	0.6666666666666666	False	True
Mol_13748:atom17	ester	-19.072829257923058	0.2013406772133864	0.6666666666666666	True	False
Mol_13749:atom10	ester	-23.013731611071705	0.7049705082296818	0.6666666666666666	False	True
Mol_13749:atom17	ester	-19.072829257923058	0.2013406772133864	0.6666666666666666	True	False
Mol_13749:atom24	enal	-23.13342703138344	0.37526104194925636	0.46153846153846156	False	False
Mol_13750:atom9	ester	-16.991922386392556	0.11382367459293287	0.6666666666666666	True	False
Mol_13751:atom10	ester	-23.013731611071705	0.7049705082296818	0.6666666666666666	False	True
Mol_13751:atom17	ester	-16.991922386392556	0.11382367459293287	0.6666666666666666	True	False
Mol_13752:atom0	ester	-19.072829257923058	0.2013406772133864	0.6666666666666666	True	False
Mol_13752:atom12	ester	-23.018799931888346	0.7059029688969976	0.6666666666666666	False	True
Mol_13753:atom0	ester	-19.072829257923058	0.2013406772133864	0.6666666666666666	True	False
Mol_13753:atom12	ester	-23.018799931888346	0.7059029688969976	0.6666666666666666	False	True
Mol_13754:atom0	ester	-23.013731611071705	0.7049705082296818	0.6666666666666666	False	True
Mol_13754:atom15	ester	-19.242274490451145	0.2138961656712715	0.6666666666666666	True	False
Mol_13755:atom0	ester	-23.013731611071705	0.7049705082296818	0.6666666666666666	False	True
Mol_13755:atom15	ester	-19.242274490451145	0.2138961656712715	0.6666666666666666	True	False
Mol_13756:atom0	ester	-19.072829257923058	0.2013406772133864	0.6666666666666666	True	False
Mol_13756:atom13	ester	-13.91818725427916	0.21013781059318393	0.6666666666666666	True	False
Mol_13757:atom0	ester	-19.072829257923058	0.2013406772133864	0.6666666666666666	True	False
Mol_13757:atom23	ester	-13.91818725427916	0.21013781059318393	0.6666666666666666	True	False
Mol_13758:atom0	ester	-19.072829257923058	0.2013406772133864	0.6666666666666666	True	False
Mol_13759:atom0	ester	-21.84636497789343	0.5096874454295692	0.6666666666666666	False	False
Mol_13760:atom2	enone	-4.535519739147137	0.8461686838320701	0.42857142857142855	False	True
Mol_13761:atom16	enone	-4.535519739147137	0.8461686838320701	0.42857142857142855	False	True
Mol_13766:atom10	ester	-15.074742514989657	0.14232743329404796	0.6666666666666666	True	False
Mol_13769:atom0	ester	-19.072829257923058	0.2013406772133864	0.6666666666666666	True	False
Mol_13769:atom10	enone	-17.299438549894447	0.180492239520671	0.42857142857142855	True	False
Mol_13770:atom0	ester	-15.074742514989657	0.14232743329404796	0.6666666666666666	True	False
Mol_13770:atom10	enone	-21.399284887085354	0.5884596695023028	0.42857142857142855	False	True
Mol_13771:atom0	ester	-15.074742514989657	0.14232743329404796	0.6666666666666666	True	False
Mol_13771:atom10	enone	-20.784118807685186	0.5079671756111774	0.42857142857142855	False	True
Mol_13772:atom0	ester	-19.242274490451145	0.2138961656712715	0.6666666666666666	True	False
Mol_13772:atom7	enone	-14.860543091564988	0.08122166080296743	0.42857142857142855	True	False
Mol_13773:atom0	ester	-19.072829257923058	0.2013406772133864	0.6666666666666666	True	False
Mol_13778:atom3	ester	-12.016219487001283	0.4044780852122209	0.6666666666666666	True	False
Mol_13778:atom16	ester	-12.016219487001283	0.4044780852122209	0.6666666666666666	True	False
Mol_13781:atom7	enone	-25.54591424123276	1.308609110977476	0.42857142857142855	False	True
Mol_13783:atom4	enone	-17.52183401797276	0.1948671902251416	0.42857142857142855	True	False
Mol_13784:atom4	enone	-17.52183401797276	0.1948671902251416	0.42857142857142855	True	False
Mol_13785:atom4	enone	-17.52183401797276	0.1948671902251416	0.42857142857142855	True	False
Mol_13802:atom0	ester	-21.84636497789343	0.5096874454295692	0.6666666666666666	False	False
Mol_13802:atom23	ester	-19.242274490451145	0.2138961656712715	0.6666666666666666	True	False
Mol_13804:atom0	ester	-21.84636497789343	0.5096874454295692	0.6666666666666666	False	False
Mol_13804:atom26	ester	-19.072829257923058	0.2013406772133864	0.6666666666666666	True	False
Mol_13809:atom12	ester	-16.764374946723436	0.11173264735287493	0.6666666666666666	True	False
Mol_13809:atom24	ester	-12.016483541116855	0.4044439549088504	0.6666666666666666	True	False
Mol_13812:atom5	ester	-16.764374946723436	0.11173264735287493	0.6666666666666666	True	False
Mol_13814:atom11	ester	-12.016483541116855	0.4044439549088504	0.6666666666666666	True	False
Mol_13815:atom47	ester	-12.016483541116855	0.4044439549088504	0.6666666666666666	True	False
Mol_13817:atom29	ester	-12.016483541116855	0.4044439549088504	0.6666666666666666	True	False
Mol_13818:atom38	ester	-12.016483541116855	0.4044439549088504	0.6666666666666666	True	False
Mol_13819:atom38	ester	-12.016483541116855	0.4044439549088504	0.6666666666666666	True	False
Mol_13830:atom17	ester	-10.081531154265155	0.7078464559395059	0.6666666666666666	False	True
Mol_13830:atom37	ester	-12.016483541116855	0.4044439549088504	0.6666666666666666	True	False
Mol_13831:atom32	ester	-10.081531154265155	0.7078464559395059	0.6666666666666666	False	True
Mol_13831:atom46	ester	-12.016483541116855	0.4044439549088504	0.6666666666666666	True	False
Mol_13832:atom31	ester	-10.081531154265155	0.7078464559395059	0.6666666666666666	False	True
Mol_13833:atom31	ester	-10.081531154265155	0.7078464559395059	0.6666666666666666	False	True
Mol_13834:atom17	ester	-10.081531154265155	0.7078464559395059	0.6666666666666666	False	True
Mol_13835:atom1	ester	-12.87931274693731	0.3035220583187026	0.6666666666666666	True	False
Mol_13836:atom1	ester	-12.87931274693731	0.3035220583187026	0.6666666666666666	True	False
Mol_13837:atom4	enone	-14.80319523556314	0.0801748551568356	0.42857142857142855	True	False
Mol_13838:atom4	enone	-9.310014905108078	0.2541107641246516	0.42857142857142855	True	False
Mol_13839:atom4	enone	-18.30821578771393	0.25283070400318053	0.42857142857142855	False	False
Mol_13839:atom7	enone	-13.074359347362554	0.07638884079779053	0.42857142857142855	True	False
Mol_13840:atom4	enone	-18.30821578771393	0.25283070400318053	0.42857142857142855	False	False
Mol_13842:atom1	enone	-9.810227455199673	0.21581086551102013	0.42857142857142855	True	False
Mol_13849:atom18	ester	-12.016219487001283	0.4044780852122209	0.6666666666666666	True	False
Mol_13850:atom1	ester	-12.87931274693731	0.3035220583187026	0.6666666666666666	True	False
Mol_13851:atom1	ester	-12.87931274693731	0.3035220583187026	0.6666666666666666	True	False
Mol_13852:atom1	ester	-12.87931274693731	0.3035220583187026	0.6666666666666666	True	False
Mol_13853:atom5	enone	-14.625344530221332	0.0773046289416626	0.42857142857142855	True	False
Mol_13857:atom12	enone	-3.781139873327177	0.9772249484887674	0.42857142857142855	False	True
Mol_13863:atom6	ester	-22.524088226081545	0.61833568694706	0.6666666666666666	False	False
Mol_13864:atom6	ester	-24.641836949052777	1.0421299554767276	0.6666666666666666	False	True
Mol_13873:atom4	enone	-10.089259611467549	0.19640159407114602	0.42857142857142855	True	False
Mol_13919:atom5	ester	-12.016483541116855	0.4044439549088504	0.6666666666666666	True	False
Mol_13950:atom19	ester	-12.016483541116855	0.4044439549088504	0.6666666666666666	True	False
Mol_13954:atom10	ester	-13.912623884947063	0.21055605111803216	0.6666666666666666	True	False
Mol_13954:atom18	enal	-17.53296546734709	0.1528139893656454	0.46153846153846156	True	False
Mol_13962:atom7	ester	-13.49425537961736	0.24453321902095793	0.6666666666666666	True	False
Mol_13962:atom22	enone	-14.326761628981206	0.0737653197853443	0.42857142857142855	True	False
Mol_13965:atom10	ester	-13.49425537961736	0.24453321902095793	0.6666666666666666	True	False
Mol_13966:atom23	ester	-13.49425537961736	0.24453321902095793	0.6666666666666666	True	False
Mol_14009:atom36	ester	-12.016483541116855	0.4044439549088504	0.6666666666666666	True	False
Mol_14010:atom10	ester	-12.016483541116855	0.4044439549088504	0.6666666666666666	True	False
Mol_14010:atom31	ester	-10.708272297748907	0.5978989457377191	0.6666666666666666	False	False
Mol_14010:atom49	ester	-10.708272297748907	0.5978989457377191	0.6666666666666666	False	False
Mol_14011:atom17	ester	-11.197287430892226	0.5198808909503965	0.6666666666666666	False	False
Mol_14011:atom30	ester	-10.708272297748907	0.5978989457377191	0.6666666666666666	False	False
Mol_14011:atom55	ester	-12.016483541116855	0.4044439549088504	0.6666666666666666	True	False
Mol_14012:atom17	ester	-11.197287430892226	0.5198808909503965	0.6666666666666666	False	False
Mol_14012:atom30	ester	-11.197287430892226	0.5198808909503965	0.6666666666666666	False	False
Mol_14013:atom29	ester	-14.522637569184417	0.1699465827754775	0.6666666666666666	True	False
Mol_14013:atom38	ester	-10.708272297748907	0.5978989457377191	0.6666666666666666	False	False
Mol_14014:atom8	ester	-16.374325838449426	0.11157815544896914	0.6666666666666666	True	False
Mol_14015:atom8	ester	-16.374325838449426	0.11157815544896914	0.6666666666666666	True	False
Mol_14050:atom1	enone	-13.074359347362554	0.07638884079779053	0.42857142857142855	True	False
Mol_14050:atom13	ester	-6.8380272061899605	1.4555772241919405	0.6666666666666666	False	True
Mol_14052:atom23	enone	-19.279030459691725	0.33973039173577857	0.42857142857142855	False	False
Mol_14053:atom16	enone	-19.279030459691725	0.33973039173577857	0.42857142857142855	False	False
Mol_14054:atom1	enone	-7.252225998118707	0.45900919447151567	0.42857142857142855	False	True
Mol_14054:atom7	enone	-29.733709596592664	2.349799965544478	0.42857142857142855	False	True
Mol_14054:atom19	enone	-18.32983398634585	0.25458125312196356	0.42857142857142855	False	False
Mol_14056:atom3	enone	-20.36746418077493	0.45731560096801926	0.42857142857142855	False	True
Mol_14058:atom3	enone	-17.55590537920351	0.19714804199927313	0.42857142857142855	True	False
Mol_14065:atom2	enone	-21.372160509707648	0.584767086781261	0.42857142857142855	False	True
Mol_14067:atom2	enone	-26.330720071694145	1.4797132136413977	0.42857142857142855	False	True
Mol_14068:atom5	enone	-10.689035438676978	0.1594218895328821	0.42857142857142855	True	False
Mol_14090:atom5	ester	-12.016483541116855	0.4044439549088504	0.6666666666666666	True	False
Mol_14106:atom5	ester	-15.244595529546652	0.13557646297777656	0.6666666666666666	True	False
Mol_14137:atom12	ester	-1.9374427530551632	3.15356691401332	0.6666666666666666	False	True
Mol_14141:atom5	ester	-12.016483541116855	0.4044439549088504	0.6666666666666666	True	False
Mol_14145:atom14	enone	-7.073815297650379	0.48036191436747633	0.42857142857142855	False	True
Mol_14195:atom12	ester	-12.016483541116855	0.4044439549088504	0.6666666666666666	True	False
Mol_14196:atom14	ester	-26.504129714089693	1.5203355007558328	0.6666666666666666	False	True
Mol_14200:atom5	ester	-12.016483541116855	0.4044439549088504	0.6666666666666666	True	False
Mol_14202:atom5	ester	-15.58246974736562	0.12458982609122041	0.6666666666666666	True	False
Mol_14209:atom14	ester	-12.016483541116855	0.4044439549088504	0.6666666666666666	True	False
Mol_14233:atom3	ester	-12.016483541116855	0.4044439549088504	0.6666666666666666	True	False
Mol_14235:atom3	ester	-12.016483541116855	0.4044439549088504	0.6666666666666666	True	False
Mol_14237:atom3	ester	-23.333466939510377	0.7652273321322054	0.6666666666666666	False	True
Mol_14237:atom42	ester	-12.016483541116855	0.4044439549088504	0.6666666666666666	True	False
Mol_14256:atom5	ester	-12.016483541116855	0.4044439549088504	0.6666666666666666	True	False
Mol_14262:atom12	enone	-10.52765567925034	0.1687356395794672	0.42857142857142855	True	False
Mol_14288:atom0	ester	-16.712595286224687	0.11146275323441057	0.6666666666666666	True	False
Mol_14290:atom3	ester	-12.016483541116855	0.4044439549088504	0.6666666666666666	True	False
Mol_14291:atom3	ester	-12.016483541116855	0.4044439549088504	0.6666666666666666	True	False
Mol_14291:atom22	ester	-12.016483541116855	0.4044439549088504	0.6666666666666666	True	False
Mol_14297:atom24	enal	-21.012639565411828	0.1321698775148808	0.46153846153846156	True	False
Mol_14298:atom29	ester	-20.38304322986236	0.3197052316567923	0.6666666666666666	False	False
Mol_14299:atom2	enone	-5.791359292531093	0.6506989694340909	0.42857142857142855	False	True
Mol_14299:atom25	enone	-5.791359292531093	0.6506989694340909	0.42857142857142855	False	True
Mol_14300:atom23	enone	-27.16958338261168	1.674852186693208	0.42857142857142855	False	True
Mol_14302:atom25	enone	-7.658645471313742	0.4125052965673969	0.42857142857142855	False	False
Mol_14305:atom24	enal	-21.012639565411828	0.1321698775148808	0.46153846153846156	True	False
Mol_14306:atom23	enone	-27.16958338261168	1.674852186693208	0.42857142857142855	False	True
Mol_14312:atom11	ester	-12.016483541116855	0.4044439549088504	0.6666666666666666	True	False
Mol_14331:atom8	ester	-7.348513574619522	1.3180295071089336	0.6666666666666666	False	True
Mol_14336:atom7	enone	-25.010305243829045	1.1981954342626986	0.42857142857142855	False	True
Mol_14337:atom4	enone	-25.010305243829045	1.1981954342626986	0.42857142857142855	False	True
Mol_14340:atom7	enone	-10.12106224347997	0.19427832847865087	0.42857142857142855	True	False
Mol_14343:atom25	enone	-10.12106224347997	0.19427832847865087	0.42857142857142855	True	False
Mol_14344:atom7	enone	-25.010305243829045	1.1981954342626986	0.42857142857142855	False	True
Mol_14345:atom4	enone	-25.73565154339375	1.3489604111796265	0.42857142857142855	False	True
Mol_14347:atom7	enone	-25.010305243829045	1.1981954342626986	0.42857142857142855	False	True
Mol_14348:atom4	enone	-25.010305243829045	1.1981954342626986	0.42857142857142855	False	True
Mol_14349:atom7	enone	-25.010305243829045	1.1981954342626986	0.42857142857142855	False	True
Mol_14349:atom25	enone	-10.12106224347997	0.19427832847865087	0.42857142857142855	True	False
Mol_14350:atom7	enone	-10.12106224347997	0.19427832847865087	0.42857142857142855	True	False
Mol_14351:atom7	enone	-25.010305243829045	1.1981954342626986	0.42857142857142855	False	True
Mol_14351:atom26	enone	-12.31010653196543	0.09185057938224749	0.42857142857142855	True	False
Mol_14352:atom18	enone	-12.31010653196543	0.09185057938224749	0.42857142857142855	True	False
Mol_14353:atom7	enone	-25.010305243829045	1.1981954342626986	0.42857142857142855	False	True
Mol_14353:atom25	enone	-15.372607975830006	0.09319092969274576	0.42857142857142855	True	False
Mol_14354:atom4	enone	-25.010305243829045	1.1981954342626986	0.42857142857142855	False	True
Mol_14354:atom22	enone	-12.31010653196543	0.09185057938224749	0.42857142857142855	True	False
Mol_14355:atom18	enone	-12.31010653196543	0.09185057938224749	0.42857142857142855	True	False
Mol_14356:atom18	enone	-12.31010653196543	0.09185057938224749	0.42857142857142855	True	False
Mol_14357:atom22	enone	-12.31010653196543	0.09185057938224749	0.42857142857142855	True	False
Mol_14358:atom22	enone	-12.31010653196543	0.09185057938224749	0.42857142857142855	True	False
Mol_14359:atom14	enone	-12.31010653196543	0.09185057938224749	0.42857142857142855	True	False
Mol_14367:atom7	enone	-25.010305243829045	1.1981954342626986	0.42857142857142855	False	True
Mol_14424:atom6	ester	-10.708272297748907	0.5978989457377191	0.6666666666666666	False	False
Mol_14425:atom5	ester	-23.64007474661621	0.8257444501046804	0.6666666666666666	False	True
Mol_14451:atom16	enone	-12.001673093898836	0.10106600806170002	0.42857142857142855	True	False
Mol_14452:atom16	enone	-12.001673093898836	0.10106600806170002	0.42857142857142855	True	False
Mol_14465:atom17	enone	-15.2957110948641	0.09109255882386463	0.42857142857142855	True	False
Mol_14469:atom9	enone	-16.082703808482425	0.11759392599699522	0.42857142857142855	True	False
Mol_14470:atom3	enone	-15.2957110948641	0.09109255882386463	0.42857142857142855	True	False
Mol_14471:atom12	enone	-15.2957110948641	0.09109255882386463	0.42857142857142855	True	False
Mol_14472:atom5	enal	-19.52993793886653	0.07722960542695073	0.46153846153846156	True	False
Mol_14490:atom10	enone	-10.126211918391393	0.19393622780320555	0.42857142857142855	True	False
Mol_14521:atom3	ester	-15.58246974736562	0.12458982609122041	0.6666666666666666	True	False
Mol_14523:atom14	ester	-12.016483541116855	0.4044439549088504	0.6666666666666666	True	False
Mol_14524:atom5	ester	-12.016483541116855	0.4044439549088504	0.6666666666666666	True	False
Mol_14525:atom16	ester	-12.016483541116855	0.4044439549088504	0.6666666666666666	True	False
Mol_14534:atom14	enone	3.312163263974248	2.710145493803142	0.42857142857142855	False	True
Mol_14535:atom7	ester	-11.885639396090042	0.4215994743112469	0.6666666666666666	False	False
Mol_14536:atom7	ester	-11.885639396090042	0.4215994743112469	0.6666666666666666	False	False
Mol_14537:atom23	ester	-11.885639396090042	0.4215994743112469	0.6666666666666666	False	False
Mol_14538:atom13	ester	-11.885639396090042	0.4215994743112469	0.6666666666666666	False	False
Mol_14582:atom30	enone	-10.178286891762854	0.19050360853274073	0.42857142857142855	True	False
Mol_14583:atom30	enone	-13.649692892024738	0.07168038248886528	0.42857142857142855	True	False
Mol_14598:atom4	enone	-16.529043786343607	0.13757476243601713	0.42857142857142855	True	False
Mol_14602:atom3	enone	-26.31869953422683	1.4770089433487787	0.42857142857142855	False	True
Mol_14637:atom58	ester	-12.016483541116855	0.4044439549088504	0.6666666666666666	True	False
Mol_14638:atom5	ester	-12.016483541116855	0.4044439549088504	0.6666666666666666	True	False
Mol_14639:atom56	ester	-12.016483541116855	0.4044439549088504	0.6666666666666666	True	False
Mol_14640:atom5	ester	-12.016483541116855	0.4044439549088504	0.6666666666666666	True	False
Mol_14665:atom13	enone	-4.926891115984074	0.7822095751774518	0.42857142857142855	False	True
Mol_14667:atom14	enone	-4.926891115984074	0.7822095751774518	0.42857142857142855	False	True
Mol_14668:atom19	enone	-4.926891115984074	0.7822095751774518	0.42857142857142855	False	True
Mol_14669:atom14	enone	-4.926891115984074	0.7822095751774518	0.42857142857142855	False	True
Mol_14670:atom18	enone	-4.926891115984074	0.7822095751774518	0.42857142857142855	False	True
Mol_14671:atom14	enone	-4.926891115984074	0.7822095751774518	0.42857142857142855	False	True
Mol_14672:atom13	enone	-4.926891115984074	0.7822095751774518	0.42857142857142855	False	True
Mol_14673:atom14	enone	-4.926891115984074	0.7822095751774518	0.42857142857142855	False	True
Mol_14674:atom16	enone	-4.926891115984074	0.7822095751774518	0.42857142857142855	False	True
Mol_14675:atom12	enone	-4.926891115984074	0.7822095751774518	0.42857142857142855	False	True
Mol_14676:atom18	enone	-4.926891115984074	0.7822095751774518	0.42857142857142855	False	True
Mol_14677:atom18	enone	-4.926891115984074	0.7822095751774518	0.42857142857142855	False	True
Mol_14678:atom18	enone	-4.926891115984074	0.7822095751774518	0.42857142857142855	False	True
Mol_14679:atom18	enone	-4.926891115984074	0.7822095751774518	0.42857142857142855	False	True
Mol_14682:atom15	enone	-2.2718431535834336	1.2701569262049892	0.42857142857142855	False	True
Mol_14683:atom3	enone	-2.2718431535834336	1.2701569262049892	0.42857142857142855	False	True
Mol_14684:atom3	enone	-2.2718431535834336	1.2701569262049892	0.42857142857142855	False	True
Mol_14715:atom3	ester	-9.273810063661497	0.8660395640433389	0.6666666666666666	False	True
Mol_14716:atom6	ester	-9.273810063661497	0.8660395640433389	0.6666666666666666	False	True
Mol_14717:atom3	ester	-9.273810063661497	0.8660395640433389	0.6666666666666666	False	True
Mol_14730:atom7	ester	-7.342608097145287	1.3195782790049089	0.6666666666666666	False	True
Mol_14753:atom3	ester	-12.016483541116855	0.4044439549088504	0.6666666666666666	True	False
Mol_14754:atom3	ester	-12.016483541116855	0.4044439549088504	0.6666666666666666	True	False
Mol_14835:atom13	ester	-12.016483541116855	0.4044439549088504	0.6666666666666666	True	False
Mol_14835:atom49	ester	-12.016483541116855	0.4044439549088504	0.6666666666666666	True	False
Mol_14836:atom10	ester	-12.016483541116855	0.4044439549088504	0.6666666666666666	True	False
Mol_14836:atom47	ester	-12.016483541116855	0.4044439549088504	0.6666666666666666	True	False
Mol_14859:atom39	ester	-12.016483541116855	0.4044439549088504	0.6666666666666666	True	False
Mol_14860:atom40	ester	-12.016483541116855	0.4044439549088504	0.6666666666666666	True	False
Mol_14861:atom2	enone	-12.118701706765702	0.09736795794124185	0.42857142857142855	True	False
Mol_14861:atom25	enone	-12.118701706765702	0.09736795794124185	0.42857142857142855	True	False
Mol_14864:atom2	enone	-7.658645471313742	0.4125052965673969	0.42857142857142855	False	False
Mol_14864:atom25	enone	-7.658645471313742	0.4125052965673969	0.42857142857142855	False	False
Mol_14892:atom10	enal	-20.76724852915749	0.11654127069808817	0.46153846153846156	True	False
Mol_14893:atom8	ester	-12.918920436864562	0.29939820985480803	0.6666666666666666	True	False
Mol_14893:atom22	enal	-20.76724852915749	0.11654127069808817	0.46153846153846156	True	False
Mol_14894:atom10	enal	-20.76724852915749	0.11654127069808817	0.46153846153846156	True	False
Mol_14895:atom7	ester	-12.016483541116855	0.4044439549088504	0.6666666666666666	True	False
Mol_14895:atom20	enal	-20.76724852915749	0.11654127069808817	0.46153846153846156	True	False
Mol_14900:atom3	ester	-12.016483541116855	0.4044439549088504	0.6666666666666666	True	False
Mol_14933:atom3	ester	-12.016483541116855	0.4044439549088504	0.6666666666666666	True	False
Mol_14952:atom3	ester	-12.016483541116855	0.4044439549088504	0.6666666666666666	True	False
Mol_14965:atom15	enone	-9.184679715557095	0.26441243802677217	0.42857142857142855	True	False
Mol_14966:atom15	enone	-9.184679715557095	0.26441243802677217	0.42857142857142855	True	False
Mol_14967:atom1	enone	-9.184679715557095	0.26441243802677217	0.42857142857142855	True	False
Mol_14968:atom13	enone	-9.184679715557095	0.26441243802677217	0.42857142857142855	True	False
Mol_14969:atom13	enone	-9.184679715557095	0.26441243802677217	0.42857142857142855	True	False
Mol_14970:atom1	enone	-9.184679715557095	0.26441243802677217	0.42857142857142855	True	False
Mol_14974:atom3	ester	-12.016483541116855	0.4044439549088504	0.6666666666666666	True	False
Mol_14978:atom5	ester	-12.016483541116855	0.4044439549088504	0.6666666666666666	True	False
Mol_14979:atom3	ester	-12.016483541116855	0.4044439549088504	0.6666666666666666	True	False
Mol_14988:atom2	enone	-6.528551040611754	0.5491694566187656	0.42857142857142855	False	True
Mol_14988:atom4	enone	-5.703895880746512	0.6633935030484415	0.42857142857142855	False	True
Mol_14989:atom0	enone	-15.724752025117017	0.10415902293300641	0.42857142857142855	True	False
Mol_14990:atom2	enone	-8.528883034837683	0.32292127062421305	0.42857142857142855	True	False
Mol_14995:atom12	enone	-10.085995866787398	0.1966205234368029	0.42857142857142855	True	False
Mol_15012:atom71	ester	-12.016483541116855	0.4044439549088504	0.6666666666666666	True	False
Mol_15013:atom29	ester	-12.016483541116855	0.4044439549088504	0.6666666666666666	True	False
Mol_15033:atom5	ester	-12.016483541116855	0.4044439549088504	0.6666666666666666	True	False
Mol_15034:atom10	ester	-12.016483541116855	0.4044439549088504	0.6666666666666666	True	False
Mol_15034:atom22	ester	-12.016483541116855	0.4044439549088504	0.6666666666666666	True	False
Mol_15041:atom38	ester	-12.016483541116855	0.4044439549088504	0.6666666666666666	True	False
Mol_15044:atom46	ester	-12.016483541116855	0.4044439549088504	0.6666666666666666	True	False
Mol_15045:atom48	ester	-12.016483541116855	0.4044439549088504	0.6666666666666666	True	False
Mol_15046:atom1	enone	-10.546112422901588	0.16764671758200994	0.42857142857142855	True	False
Mol_15055:atom27	ester	-12.016483541116855	0.4044439549088504	0.6666666666666666	True	False
Mol_15056:atom6	ester	-12.016483541116855	0.4044439549088504	0.6666666666666666	True	False
Mol_15056:atom48	ester	-12.016483541116855	0.4044439549088504	0.6666666666666666	True	False
Mol_15057:atom34	ester	-12.016483541116855	0.4044439549088504	0.6666666666666666	True	False
Mol_15057:atom47	ester	-12.016483541116855	0.4044439549088504	0.6666666666666666	True	False
Mol_15058:atom36	ester	-12.016483541116855	0.4044439549088504	0.6666666666666666	True	False
Mol_15058:atom49	ester	-12.016483541116855	0.4044439549088504	0.6666666666666666	True	False
Mol_15059:atom6	ester	-12.016483541116855	0.4044439549088504	0.6666666666666666	True	False
Mol_15059:atom48	ester	-12.016483541116855	0.4044439549088504	0.6666666666666666	True	False
Mol_15060:atom36	ester	-12.016483541116855	0.4044439549088504	0.6666666666666666	True	False
Mol_15060:atom49	ester	-12.016483541116855	0.4044439549088504	0.6666666666666666	True	False
Mol_15061:atom34	ester	-12.016483541116855	0.4044439549088504	0.6666666666666666	True	False
Mol_15061:atom47	ester	-12.016483541116855	0.4044439549088504	0.6666666666666666	True	False
Mol_15062:atom5	ester	-12.016483541116855	0.4044439549088504	0.6666666666666666	True	False
Mol_15062:atom47	ester	-12.016483541116855	0.4044439549088504	0.6666666666666666	True	False
Mol_15063:atom6	ester	-12.016483541116855	0.4044439549088504	0.6666666666666666	True	False
Mol_15064:atom8	ester	-12.016483541116855	0.4044439549088504	0.6666666666666666	True	False
Mol_15064:atom21	ester	-12.016483541116855	0.4044439549088504	0.6666666666666666	True	False
Mol_15069:atom34	ester	-12.016483541116855	0.4044439549088504	0.6666666666666666	True	False
Mol_15069:atom48	ester	-12.016483541116855	0.4044439549088504	0.6666666666666666	True	False
Mol_15071:atom34	ester	-12.016483541116855	0.4044439549088504	0.6666666666666666	True	False
Mol_15072:atom36	ester	-12.016483541116855	0.4044439549088504	0.6666666666666666	True	False
Mol_15075:atom34	ester	-12.016483541116855	0.4044439549088504	0.6666666666666666	True	False
Mol_15075:atom48	ester	-12.016483541116855	0.4044439549088504	0.6666666666666666	True	False
Mol_15082:atom12	ester	-11.197287430892226	0.5198808909503965	0.6666666666666666	False	False
Mol_15082:atom40	ester	-11.197287430892226	0.5198808909503965	0.6666666666666666	False	False
Mol_15083:atom12	ester	-11.197287430892226	0.5198808909503965	0.6666666666666666	False	False
Mol_15083:atom40	ester	-11.197287430892226	0.5198808909503965	0.6666666666666666	False	False
Mol_15084:atom17	ester	-11.197287430892226	0.5198808909503965	0.6666666666666666	False	False
Mol_15084:atom36	ester	-11.197287430892226	0.5198808909503965	0.6666666666666666	False	False
Mol_15085:atom5	ester	-12.016483541116855	0.4044439549088504	0.6666666666666666	True	False
Mol_15085:atom47	ester	-12.016483541116855	0.4044439549088504	0.6666666666666666	True	False
Mol_15089:atom5	enal	-19.52993793886653	0.07722960542695073	0.46153846153846156	True	False
Mol_15101:atom3	ester	-12.016483541116855	0.4044439549088504	0.6666666666666666	True	False
Mol_15107:atom3	ester	-12.016483541116855	0.4044439549088504	0.6666666666666666	True	False
Mol_15110:atom3	ester	-12.016483541116855	0.4044439549088504	0.6666666666666666	True	False
Mol_15120:atom5	ester	-12.016483541116855	0.4044439549088504	0.6666666666666666	True	False
Mol_15142:atom13	enone	-7.467934051010796	0.4339571792402992	0.42857142857142855	False	True
Mol_15148:atom8	enone	-14.625344530221332	0.0773046289416626	0.42857142857142855	True	False
Mol_15151:atom3	ester	-12.016483541116855	0.4044439549088504	0.6666666666666666	True	False
Mol_15167:atom16	enone	-9.184679715557095	0.26441243802677217	0.42857142857142855	True	False
Mol_15173:atom1	enone	-14.260171752192855	0.07319467249098212	0.42857142857142855	True	False
Mol_15200:atom0	ester	-19.072829257923058	0.2013406772133864	0.6666666666666666	True	False
Mol_15201:atom0	ester	-19.072829257923058	0.2013406772133864	0.6666666666666666	True	False
Mol_15202:atom11	enone	-10.59331751969242	0.16488955846359238	0.42857142857142855	True	False
Mol_15203:atom4	enone	-16.526688767041144	0.13745993440535315	0.42857142857142855	True	False
Mol_15203:atom8	enone	-14.33589146487518	0.07384977579474374	0.42857142857142855	True	False
Mol_15204:atom4	enone	-16.526688767041144	0.13745993440535315	0.42857142857142855	True	False
Mol_15204:atom8	enone	-14.33589146487518	0.07384977579474374	0.42857142857142855	True	False
Mol_15205:atom4	enone	-10.770890609181553	0.15487681880263404	0.42857142857142855	True	False
Mol_15205:atom17	enone	-10.770890609181553	0.15487681880263404	0.42857142857142855	True	False
Mol_15206:atom1	ester	-13.068347000003367	0.2842424858383639	0.6666666666666666	True	False
Mol_15229:atom1	enone	-20.07717289890593	0.4238712838944644	0.42857142857142855	False	False
Mol_15233:atom1	enone	-12.59051890165582	0.08495734029556905	0.42857142857142855	True	False
Mol_15234:atom2	enone	-12.431900089902134	0.0886828489881969	0.42857142857142855	True	False
Mol_15249:atom8	ester	-12.016483541116855	0.4044439549088504	0.6666666666666666	True	False
Mol_15259:atom7	enone	-14.542877859870265	0.07616681246215658	0.42857142857142855	True	False
Mol_15261:atom12	enone	-14.54620138988621	0.0762103026160163	0.42857142857142855	True	False
Mol_15264:atom5	ester	-18.910266945546628	0.19006364794905756	0.6666666666666666	True	False
Mol_15265:atom6	ester	-17.266777921007424	0.11831553339382901	0.6666666666666666	True	False
Mol_15266:atom9	ester	-25.92072782547237	1.3599046176076401	0.6666666666666666	False	True
Mol_15267:atom9	ester	-25.42902543748292	1.232217012384621	0.6666666666666666	False	True
Mol_15305:atom5	enal	-19.69275245483925	0.07863668176920265	0.46153846153846156	True	False
Mol_15315:atom20	ester	-12.506053705160246	0.3445789696889854	0.6666666666666666	True	False
Mol_15417:atom7	enone	-12.11510702863619	0.09747788101409612	0.42857142857142855	True	False
Mol_15433:atom5	ester	-12.016483541116855	0.4044439549088504	0.6666666666666666	True	False
Mol_15461:atom2	ester	-11.949906329978184	0.41311224938812174	0.6666666666666666	True	False
Mol_15462:atom2	ester	-11.949906329978184	0.41311224938812174	0.6666666666666666	True	False
Mol_15486:atom5	enone	-17.56746463318309	0.19792660099740705	0.42857142857142855	True	False
Mol_15497:atom3	ester	-12.016483541116855	0.4044439549088504	0.6666666666666666	True	False
Mol_15497:atom43	ester	-12.016483541116855	0.4044439549088504	0.6666666666666666	True	False
Mol_15512:atom17	ester	-9.272919870525248	0.8662241581846974	0.6666666666666666	False	True
Mol_15513:atom1	ester	-12.87931274693731	0.3035220583187026	0.6666666666666666	True	False
Mol_15516:atom7	ester	-12.918920436864562	0.29939820985480803	0.6666666666666666	True	False
Mol_15516:atom41	ester	-12.918920436864562	0.29939820985480803	0.6666666666666666	True	False
Mol_15517:atom7	ester	-12.918920436864562	0.29939820985480803	0.6666666666666666	True	False
Mol_15517:atom42	ester	-12.918920436864562	0.29939820985480803	0.6666666666666666	True	False
Mol_15518:atom7	ester	-12.918920436864562	0.29939820985480803	0.6666666666666666	True	False
Mol_15518:atom41	ester	-12.918920436864562	0.29939820985480803	0.6666666666666666	True	False
Mol_15519:atom7	ester	-12.918920436864562	0.29939820985480803	0.6666666666666666	True	False
Mol_15519:atom42	ester	-12.918920436864562	0.29939820985480803	0.6666666666666666	True	False
Mol_15520:atom7	ester	-12.918920436864562	0.29939820985480803	0.6666666666666666	True	False
Mol_15521:atom9	ester	-12.016483541116855	0.4044439549088504	0.6666666666666666	True	False
Mol_15522:atom3	ester	-12.016483541116855	0.4044439549088504	0.6666666666666666	True	False
Mol_15523:atom7	ester	-12.918920436864562	0.29939820985480803	0.6666666666666666	True	False
Mol_15523:atom20	ester	-10.708272297748907	0.5978989457377191	0.6666666666666666	False	False
Mol_15524:atom7	ester	-12.918920436864562	0.29939820985480803	0.6666666666666666	True	False
Mol_15524:atom20	ester	-10.708272297748907	0.5978989457377191	0.6666666666666666	False	False
Mol_15525:atom21	ester	-10.708272297748907	0.5978989457377191	0.6666666666666666	False	False
Mol_15525:atom33	ester	-15.58246974736562	0.12458982609122041	0.6666666666666666	True	False
Mol_15526:atom18	ester	-12.918920436864562	0.29939820985480803	0.6666666666666666	True	False
Mol_15527:atom7	ester	-12.918920436864562	0.29939820985480803	0.6666666666666666	True	False
Mol_15528:atom2	ester	-13.416469070447066	0.2514000183870887	0.6666666666666666	True	False
Mol_15529:atom7	ester	-12.918920436864562	0.29939820985480803	0.6666666666666666	True	False
Mol_15531:atom16	ester	-12.016483541116855	0.4044439549088504	0.6666666666666666	True	False
Mol_15532:atom16	ester	-15.58246974736562	0.12458982609122041	0.6666666666666666	True	False
Mol_15533:atom7	ester	-12.918920436864562	0.29939820985480803	0.6666666666666666	True	False
Mol_15534:atom7	ester	-12.918920436864562	0.29939820985480803	0.6666666666666666	True	False
Mol_15535:atom7	ester	-12.918920436864562	0.29939820985480803	0.6666666666666666	True	False
Mol_15536:atom7	ester	-12.918920436864562	0.29939820985480803	0.6666666666666666	True	False
Mol_15539:atom7	ester	-12.918920436864562	0.29939820985480803	0.6666666666666666	True	False
Mol_15539:atom29	ester	-12.016483541116855	0.4044439549088504	0.6666666666666666	True	False
Mol_15540:atom13	ester	-8.276502713053496	1.0869941231173417	0.6666666666666666	False	True
Mol_15540:atom25	ester	-12.016483541116855	0.4044439549088504	0.6666666666666666	True	False
Mol_15542:atom13	ester	-8.276502713053496	1.0869941231173417	0.6666666666666666	False	True
Mol_15542:atom25	ester	-12.016483541116855	0.4044439549088504	0.6666666666666666	True	False
Mol_15549:atom1	ester	-9.272919870525248	0.8662241581846974	0.6666666666666666	False	True
Mol_15551:atom1	ester	-12.87931274693731	0.3035220583187026	0.6666666666666666	True	False
Mol_15555:atom17	ester	-12.016483541116855	0.4044439549088504	0.6666666666666666	True	False
Mol_15556:atom19	ester	-15.58246974736562	0.12458982609122041	0.6666666666666666	True	False
Mol_15602:atom3	enal	-17.98237994808919	0.12083261933243108	0.46153846153846156	True	False
Mol_15608:atom0	enone	-16.548074693030813	0.1385063477591097	0.42857142857142855	True	False
Mol_15609:atom1	enone	-14.256626133383222	0.07316652442441682	0.42857142857142855	True	False
Mol_15610:atom6	enone	-14.93633961831634	0.08269598072897522	0.42857142857142855	True	False
Mol_15619:atom12	enone	-15.2957110948641	0.09109255882386463	0.42857142857142855	True	False
Mol_15623:atom3	ester	-12.016483541116855	0.4044439549088504	0.6666666666666666	True	False
Mol_15632:atom16	enone	-11.261710799136235	0.13015149716747032	0.42857142857142855	True	False
Mol_15632:atom20	enone	-29.87157449234981	2.3894398499655862	0.42857142857142855	False	True
Mol_15632:atom21	enone	-29.87157449234981	2.3894398499655862	0.42857142857142855	False	True
Mol_15636:atom31	enone	-31.75375816709306	2.964811999880819	0.42857142857142855	False	True
Mol_15636:atom33	enone	-20.254746040479635	0.44414939157198263	0.42857142857142855	False	True
Mol_15640:atom3	ester	-12.016483541116855	0.4044439549088504	0.6666666666666666	True	False
Mol_15644:atom27	ester	-12.016483541116855	0.4044439549088504	0.6666666666666666	True	False
Mol_15651:atom27	ester	-12.016483541116855	0.4044439549088504	0.6666666666666666	True	False
Mol_15723:atom3	ester	-12.016483541116855	0.4044439549088504	0.6666666666666666	True	False
Mol_15743:atom3	ester	-12.016483541116855	0.4044439549088504	0.6666666666666666	True	False
Mol_15752:atom3	ester	-23.333466939510377	0.7652273321322054	0.6666666666666666	False	True
Mol_15753:atom23	ester	-12.016483541116855	0.4044439549088504	0.6666666666666666	True	False
Mol_15754:atom3	ester	-12.016483541116855	0.4044439549088504	0.6666666666666666	True	False
Mol_15755:atom3	ester	-23.333466939510377	0.7652273321322054	0.6666666666666666	False	True
Mol_15756:atom3	ester	-12.016483541116855	0.4044439549088504	0.6666666666666666	True	False
Mol_15757:atom3	ester	-12.016483541116855	0.4044439549088504	0.6666666666666666	True	False
Mol_15773:atom3	ester	-12.016483541116855	0.4044439549088504	0.6666666666666666	True	False
Mol_15786:atom7	enone	-25.010305243829045	1.1981954342626986	0.42857142857142855	False	True
Mol_15789:atom5	ester	-11.197287430892226	0.5198808909503965	0.6666666666666666	False	False
Mol_15790:atom5	ester	-11.197287430892226	0.5198808909503965	0.6666666666666666	False	False
Mol_15790:atom27	ester	-12.016483541116855	0.4044439549088504	0.6666666666666666	True	False
Mol_15791:atom12	ester	-11.214357644612816	0.5172804905126883	0.6666666666666666	False	False
Mol_15800:atom5	ester	-8.276502713053496	1.0869941231173417	0.6666666666666666	False	True
Mol_15835:atom17	ester	-8.276502713053496	1.0869941231173417	0.6666666666666666	False	True
Mol_15836:atom5	ester	-10.043007510843813	0.7149694519668033	0.6666666666666666	False	True
Mol_15837:atom5	ester	-11.197287430892226	0.5198808909503965	0.6666666666666666	False	False
Mol_15838:atom5	ester	-10.043007510843813	0.7149694519668033	0.6666666666666666	False	True
Mol_15839:atom17	ester	-11.197287430892226	0.5198808909503965	0.6666666666666666	False	False
Mol_15846:atom13	ester	-11.932816978472506	0.41535762553280664	0.6666666666666666	False	False
Mol_15849:atom1	enone	-8.746951329806667	0.3026072123772743	0.42857142857142855	True	False
Mol_15864:atom3	ester	-12.016483541116855	0.4044439549088504	0.6666666666666666	True	False
Mol_15886:atom3	ester	-12.016483541116855	0.4044439549088504	0.6666666666666666	True	False
Mol_15892:atom1	ester	-11.93330027436887	0.4152940108393159	0.6666666666666666	True	False
Mol_15902:atom1	ester	-11.93330027436887	0.4152940108393159	0.6666666666666666	True	False
Mol_15903:atom1	ester	-11.93330027436887	0.4152940108393159	0.6666666666666666	True	False
Mol_15967:atom5	ester	-12.016483541116855	0.4044439549088504	0.6666666666666666	True	False
Mol_15969:atom5	ester	-12.016483541116855	0.4044439549088504	0.6666666666666666	True	False
Mol_15970:atom30	ester	-12.016483541116855	0.4044439549088504	0.6666666666666666	True	False
Mol_15982:atom6	ester	-12.016483541116855	0.4044439549088504	0.6666666666666666	True	False
Mol_16010:atom49	ester	-12.016483541116855	0.4044439549088504	0.6666666666666666	True	False
Mol_16022:atom12	enone	-10.180639264235712	0.19034969894451004	0.42857142857142855	True	False
Mol_16025:atom1	enone	-9.184679715557095	0.26441243802677217	0.42857142857142855	True	False
Mol_16026:atom1	enone	-7.950854463001299	0.38090569294365517	0.42857142857142855	False	False
Mol_16026:atom6	enone	-7.950854463001299	0.38090569294365517	0.42857142857142855	False	False
Mol_16028:atom26	ester	-12.016483541116855	0.4044439549088504	0.6666666666666666	True	False
Mol_16029:atom26	ester	-15.58246974736562	0.12458982609122041	0.6666666666666666	True	False
Mol_16054:atom9	ester	-15.297090445454575	0.13365619007048254	0.6666666666666666	True	False
Mol_16075:atom1	ester	-9.06988351417264	0.9089161358701765	0.6666666666666666	False	True
Mol_16075:atom24	enone	-12.465855757833834	0.08784725724213675	0.42857142857142855	True	False
Mol_16076:atom2	ester	-11.067086552132578	0.5399881245864598	0.6666666666666666	False	False
Mol_16076:atom22	enone	-12.465855757833834	0.08784725724213675	0.42857142857142855	True	False
Mol_16077:atom0	ester	-21.611853853829043	0.4751380460938022	0.6666666666666666	False	False
Mol_16078:atom0	ester	-21.611853853829043	0.4751380460938022	0.6666666666666666	False	False
Mol_16079:atom0	ester	-21.611853853829043	0.4751380460938022	0.6666666666666666	False	False
Mol_16084:atom5	ester	-12.210352258522963	0.3799213267533	0.6666666666666666	True	False
Mol_16085:atom5	ester	-12.210352258522963	0.3799213267533	0.6666666666666666	True	False
Mol_16087:atom14	ester	-17.99228154975807	0.1405055798177346	0.6666666666666666	True	False
Mol_16094:atom9	ester	-12.016483541116855	0.4044439549088504	0.6666666666666666	True	False
Mol_16095:atom3	ester	-15.386220585847129	0.13057552138070305	0.6666666666666666	True	False
Mol_16134:atom7	enone	-21.99438683277575	0.6728041092418062	0.42857142857142855	False	True
Mol_16137:atom9	enone	-12.11510702863619	0.09747788101409612	0.42857142857142855	True	False
Mol_16162:atom35	ester	-12.016483541116855	0.4044439549088504	0.6666666666666666	True	False
Mol_16163:atom6	enal	-19.52993793886653	0.07722960542695073	0.46153846153846156	True	False
Mol_16170:atom30	enone	-10.109659002168057	0.19503756055511712	0.42857142857142855	True	False
Mol_16185:atom19	ester	-12.016219487001283	0.4044780852122209	0.6666666666666666	True	False
Mol_16186:atom3	ester	-12.016483541116855	0.4044439549088504	0.6666666666666666	True	False
Mol_16186:atom43	ester	-12.016483541116855	0.4044439549088504	0.6666666666666666	True	False
Mol_16187:atom3	ester	-15.58246974736562	0.12458982609122041	0.6666666666666666	True	False
Mol_16187:atom44	ester	-15.58246974736562	0.12458982609122041	0.6666666666666666	True	False
Mol_16188:atom1	enone	-9.39385357352594	0.24737752763275053	0.42857142857142855	True	False
Mol_16189:atom1	enone	-9.810227455199673	0.21581086551102013	0.42857142857142855	True	False
Mol_16190:atom1	enone	-9.820019200660123	0.2151060495540686	0.42857142857142855	True	False
Mol_16191:atom1	enone	-12.329680511101111	0.0913234852811912	0.42857142857142855	True	False
Mol_16202:atom22	enal	-19.75973827820326	0.07954694536057279	0.46153846153846156	True	False
Mol_16213:atom1	enone	-13.074359347362554	0.07638884079779053	0.42857142857142855	True	False
Mol_16230:atom2	enone	-18.38192176719005	0.2588336254053673	0.42857142857142855	False	False
Mol_16231:atom2	enone	-17.152012119948825	0.171453382665325	0.42857142857142855	True	False
Mol_16232:atom2	enone	-14.625112871913103	0.07730126135879721	0.42857142857142855	True	False
Mol_16234:atom5	ester	-26.38449129047	1.4866459057674957	0.6666666666666666	False	True
Mol_16254:atom4	ester	-4.267455947556062	2.260969312305018	0.6666666666666666	False	True
Mol_16255:atom4	ester	-4.267455947556062	2.260969312305018	0.6666666666666666	False	True
Mol_16257:atom14	enone	-11.38178618523302	0.12476232782797797	0.42857142857142855	True	False
Mol_16263:atom27	ester	-18.46710231573094	0.16314309291879725	0.6666666666666666	True	False
Mol_16297:atom3	ester	-13.292309742080446	0.2627175180940581	0.6666666666666666	True	False
Mol_16305:atom24	ester	-4.756800867064181	2.093150939691526	0.6666666666666666	False	True
Mol_16332:atom17	enone	-11.330112304008848	0.12704974419338078	0.42857142857142855	True	False
Mol_16332:atom36	enone	-11.330112304008848	0.12704974419338078	0.42857142857142855	True	False
Mol_16334:atom23	enone	-14.326761628981206	0.0737653197853443	0.42857142857142855	True	False
Mol_16337:atom21	ester	-12.016483541116855	0.4044439549088504	0.6666666666666666	True	False
Mol_16340:atom1	enal	-19.030059550763458	0.08004040103171872	0.46153846153846156	True	False
Mol_16357:atom1	enone	-13.074359347362554	0.07638884079779053	0.42857142857142855	True	False
Mol_16371:atom1	ester	-12.87931274693731	0.3035220583187026	0.6666666666666666	True	False
Mol_16372:atom14	ester	-12.87931274693731	0.3035220583187026	0.6666666666666666	True	False
Mol_16373:atom17	ester	-12.87931274693731	0.3035220583187026	0.6666666666666666	True	False
Mol_16374:atom9	ester	-12.87931274693731	0.3035220583187026	0.6666666666666666	True	False
Mol_16376:atom1	ester	-12.87931274693731	0.3035220583187026	0.6666666666666666	True	False
Mol_16376:atom16	ester	-12.87931274693731	0.3035220583187026	0.6666666666666666	True	False
Mol_16378:atom11	ester	-12.87931274693731	0.3035220583187026	0.6666666666666666	True	False
Mol_16380:atom1	ester	-12.87931274693731	0.3035220583187026	0.6666666666666666	True	False
Mol_16382:atom1	ester	-12.87931274693731	0.3035220583187026	0.6666666666666666	True	False
Mol_16382:atom16	ester	-12.87931274693731	0.3035220583187026	0.6666666666666666	True	False
Mol_16383:atom1	ester	-12.87931274693731	0.3035220583187026	0.6666666666666666	True	False
Mol_16384:atom1	ester	-12.87931274693731	0.3035220583187026	0.6666666666666666	True	False
Mol_16385:atom17	ester	-12.87931274693731	0.3035220583187026	0.6666666666666666	True	False
Mol_16386:atom9	ester	-12.87931274693731	0.3035220583187026	0.6666666666666666	True	False
Mol_16387:atom1	ester	-12.87931274693731	0.3035220583187026	0.6666666666666666	True	False
Mol_16388:atom1	ester	-12.87931274693731	0.3035220583187026	0.6666666666666666	True	False
Mol_16390:atom0	enone	-16.669796768220532	0.14461886685302805	0.42857142857142855	True	False
Mol_16390:atom14	ester	-12.87931274693731	0.3035220583187026	0.6666666666666666	True	False
Mol_16395:atom1	ester	-12.87931274693731	0.3035220583187026	0.6666666666666666	True	False
Mol_16397:atom3	enal	-15.60970004207335	0.3879076859847374	0.46153846153846156	True	False
Mol_16398:atom1	ester	-17.578731669169965	0.1260200415911265	0.6666666666666666	True	False
Mol_16399:atom9	enal	-15.699660597166226	0.37336101381369485	0.46153846153846156	True	False
Mol_16401:atom8	enone	-11.973546354809052	0.10199151740914948	0.42857142857142855	True	False
Mol_16413:atom5	ester	-12.016483541116855	0.4044439549088504	0.6666666666666666	True	False
Mol_16413:atom28	ester	-12.016483541116855	0.4044439549088504	0.6666666666666666	True	False
Mol_16416:atom3	ester	-12.016483541116855	0.4044439549088504	0.6666666666666666	True	False
Mol_16416:atom42	ester	-12.016483541116855	0.4044439549088504	0.6666666666666666	True	False
Mol_16417:atom3	ester	-15.58246974736562	0.12458982609122041	0.6666666666666666	True	False
Mol_16417:atom42	ester	-15.58246974736562	0.12458982609122041	0.6666666666666666	True	False
Mol_16418:atom34	ester	-12.016483541116855	0.4044439549088504	0.6666666666666666	True	False
Mol_16432:atom7	enone	-14.625344530221332	0.0773046289416626	0.42857142857142855	True	False
Mol_16461:atom1	enone	-9.184679715557095	0.26441243802677217	0.42857142857142855	True	False
Mol_16462:atom20	enone	-9.184679715557095	0.26441243802677217	0.42857142857142855	True	False
Mol_16463:atom23	enone	-9.184679715557095	0.26441243802677217	0.42857142857142855	True	False
Mol_16464:atom8	enone	-9.184679715557095	0.26441243802677217	0.42857142857142855	True	False
Mol_16465:atom1	enone	-9.184679715557095	0.26441243802677217	0.42857142857142855	True	False
Mol_16517:atom9	enone	-15.2957110948641	0.09109255882386463	0.42857142857142855	True	False
Mol_16517:atom21	enone	-15.2957110948641	0.09109255882386463	0.42857142857142855	True	False
Mol_16519:atom10	enone	-15.2957110948641	0.09109255882386463	0.42857142857142855	True	False
Mol_16519:atom25	enone	-15.2957110948641	0.09109255882386463	0.42857142857142855	True	False
Mol_16520:atom10	enone	-15.2957110948641	0.09109255882386463	0.42857142857142855	True	False
Mol_16520:atom28	enone	-15.2957110948641	0.09109255882386463	0.42857142857142855	True	False
Mol_16521:atom3	enone	-15.2957110948641	0.09109255882386463	0.42857142857142855	True	False
Mol_16522:atom3	enone	-15.2957110948641	0.09109255882386463	0.42857142857142855	True	False
Mol_16522:atom16	enone	-15.2957110948641	0.09109255882386463	0.42857142857142855	True	False
Mol_16541:atom3	ester	-12.016483541116855	0.4044439549088504	0.6666666666666666	True	False
Mol_16547:atom5	ester	-12.016483541116855	0.4044439549088504	0.6666666666666666	True	False
Mol_16550:atom1	enone	-13.464229808699914	0.07254791431525486	0.42857142857142855	True	False
Mol_16560:atom0	enone	-16.631297179748902	0.14265671767001215	0.42857142857142855	True	False
Mol_16560:atom5	enone	-16.301973540669977	0.1269619722008012	0.42857142857142855	True	False
Mol_16560:atom12	ester	-19.072829257923058	0.2013406772133864	0.6666666666666666	True	False
Mol_16594:atom1	ester	-9.272919870525248	0.8662241581846974	0.6666666666666666	False	True
Mol_16594:atom14	ester	-9.272919870525248	0.8662241581846974	0.6666666666666666	False	True
Mol_16594:atom23	enone	-11.122281436222352	0.13673470392042508	0.42857142857142855	True	False
Mol_16614:atom5	ester	-10.23476348345548	0.6799322579663203	0.6666666666666666	False	True
Mol_16619:atom5	ester	-10.29507685774555	0.6691284042866561	0.6666666666666666	False	True
Mol_16625:atom9	ester	-9.969762554439235	0.7286289547049862	0.6666666666666666	False	True
Mol_16626:atom17	ester	-9.969762554439235	0.7286289547049862	0.6666666666666666	False	True
Mol_16627:atom17	ester	-9.969762554439235	0.7286289547049862	0.6666666666666666	False	True
Mol_16638:atom22	enone	-12.766036816581495	0.08136234943798408	0.42857142857142855	True	False
Mol_16639:atom5	ester	-12.016483541116855	0.4044439549088504	0.6666666666666666	True	False
Mol_16653:atom7	enone	-16.708980067827632	0.1466432361522847	0.42857142857142855	True	False
Mol_16727:atom23	enone	-13.285638780204708	0.07396801687995318	0.42857142857142855	True	False
Mol_16728:atom23	enone	-16.36604098363239	0.1298624323896085	0.42857142857142855	True	False
Mol_16729:atom16	enone	-24.923260028219445	1.1807388359972075	0.42857142857142855	False	True
Mol_16743:atom3	enone	-15.2957110948641	0.09109255882386463	0.42857142857142855	True	False
Mol_16748:atom7	ester	-15.42704235354447	0.1292401000731057	0.6666666666666666	True	False
Mol_16749:atom5	ester	-14.612209637537868	0.16487584389380575	0.6666666666666666	True	False
Mol_16776:atom6	enone	-20.366868859374247	0.45724546327464166	0.42857142857142855	False	True
Mol_16779:atom6	enone	-20.366868859374247	0.45724546327464166	0.42857142857142855	False	True
Mol_16800:atom3	enone	-20.366868859374247	0.45724546327464166	0.42857142857142855	False	True
Mol_16801:atom14	enone	-20.366868859374247	0.45724546327464166	0.42857142857142855	False	True
Mol_16814:atom14	enone	-15.2957110948641	0.09109255882386463	0.42857142857142855	True	False
Mol_16827:atom13	enone	-14.326761628981206	0.0737653197853443	0.42857142857142855	True	False
Mol_16827:atom21	enone	-7.353986821668482	0.44708656182597106	0.42857142857142855	False	True
Mol_16828:atom14	enone	-14.326761628981206	0.0737653197853443	0.42857142857142855	True	False
Mol_16828:atom22	enone	-7.353986821668482	0.44708656182597106	0.42857142857142855	False	True
Mol_16829:atom1	ester	-12.87931274693731	0.3035220583187026	0.6666666666666666	True	False
Mol_16829:atom17	enone	-14.326761628981206	0.0737653197853443	0.42857142857142855	True	False
Mol_16829:atom25	enone	-7.353986821668482	0.44708656182597106	0.42857142857142855	False	True
Mol_16830:atom1	ester	-12.87931274693731	0.3035220583187026	0.6666666666666666	True	False
Mol_16830:atom30	enone	-7.353986821668482	0.44708656182597106	0.42857142857142855	False	True
Mol_16836:atom1	ester	-11.93330027436887	0.4152940108393159	0.6666666666666666	True	False
Mol_16837:atom1	ester	-11.93330027436887	0.4152940108393159	0.6666666666666666	True	False
Mol_16838:atom1	ester	-11.93330027436887	0.4152940108393159	0.6666666666666666	True	False
Mol_16839:atom1	ester	-11.93330027436887	0.4152940108393159	0.6666666666666666	True	False
Mol_16840:atom26	enone	-14.326761628981206	0.0737653197853443	0.42857142857142855	True	False
Mol_16842:atom7	ester	-21.833851597598645	0.5078043568238868	0.6666666666666666	False	False
Mol_16842:atom28	enone	-14.326761628981206	0.0737653197853443	0.42857142857142855	True	False
Mol_16843:atom6	ester	-18.41113941962517	0.16014126537307918	0.6666666666666666	True	False
Mol_16843:atom28	enone	-14.326761628981206	0.0737653197853443	0.42857142857142855	True	False
Mol_16844:atom7	ester	-10.298862126825956	0.668453808693932	0.6666666666666666	False	True
Mol_16844:atom24	enone	-14.326761628981206	0.0737653197853443	0.42857142857142855	True	False
Mol_16853:atom7	ester	-14.578499050969604	0.16675741244304937	0.6666666666666666	True	False
Mol_16854:atom7	ester	-14.578499050969604	0.16675741244304937	0.6666666666666666	True	False
Mol_16854:atom25	ester	-23.246456199269986	0.7485411104452013	0.6666666666666666	False	True
Mol_16855:atom13	ester	-9.98013236604617	0.7266857981303558	0.6666666666666666	False	True
Mol_16855:atom17	ester	-13.300649734272984	0.2619435495585193	0.6666666666666666	True	False
Mol_16867:atom10	enone	-15.2957110948641	0.09109255882386463	0.42857142857142855	True	False
Mol_16868:atom12	enone	-15.2957110948641	0.09109255882386463	0.42857142857142855	True	False
Mol_16869:atom12	enone	-15.2957110948641	0.09109255882386463	0.42857142857142855	True	False
Mol_16870:atom14	enone	-15.2957110948641	0.09109255882386463	0.42857142857142855	True	False
Mol_16874:atom27	ester	-13.49425537961736	0.24453321902095793	0.6666666666666666	True	False
Mol_16875:atom27	ester	-13.49425537961736	0.24453321902095793	0.6666666666666666	True	False
Mol_16876:atom15	enone	-20.822039093818184	0.5127320651749281	0.42857142857142855	False	True
Mol_16876:atom30	enone	-13.253033709124027	0.07428921113979683	0.42857142857142855	True	False
Mol_16898:atom1	enone	-9.51514541565792	0.2378601177091003	0.42857142857142855	True	False
Mol_16899:atom1	enone	-15.844851098441469	0.10840976576174544	0.42857142857142855	True	False
Mol_16899:atom8	enone	-4.25204796508321	0.8942149189469517	0.42857142857142855	False	True
Mol_16900:atom9	enone	-4.25204796508321	0.8942149189469517	0.42857142857142855	False	True
Mol_16902:atom1	enone	-9.526152957010616	0.23700948556118356	0.42857142857142855	True	False
Mol_16902:atom7	enone	-4.25204796508321	0.8942149189469517	0.42857142857142855	False	True
Mol_16903:atom1	enone	-12.36563503650058	0.09037324595720571	0.42857142857142855	True	False
Mol_16904:atom1	enone	-14.57318289715987	0.0765707235611575	0.42857142857142855	True	False
Mol_16909:atom10	ester	-12.016483541116855	0.4044439549088504	0.6666666666666666	True	False
Mol_16925:atom0	enone	-17.16359099552063	0.17214914858894984	0.42857142857142855	True	False
Mol_16926:atom0	ester	-19.072829257923058	0.2013406772133864	0.6666666666666666	True	False
Mol_16926:atom23	ester	-11.93330027436887	0.4152940108393159	0.6666666666666666	True	False
Mol_16968:atom9	enone	-5.705304534150367	0.663187959398789	0.42857142857142855	False	True
Mol_16968:atom14	enone	-13.413823486002803	0.07289062174063468	0.42857142857142855	True	False
Mol_16969:atom12	enone	-5.705304534150367	0.663187959398789	0.42857142857142855	False	True
Mol_16969:atom17	enone	-13.413823486002803	0.07289062174063468	0.42857142857142855	True	False
Mol_16970:atom9	enone	-11.38178618523302	0.12476232782797797	0.42857142857142855	True	False
Mol_16971:atom10	enone	-9.584748075997922	0.23251809598572815	0.42857142857142855	True	False
Mol_16979:atom2	enone	-13.413823486002803	0.07289062174063468	0.42857142857142855	True	False
Mol_16979:atom7	enone	-5.705304534150367	0.663187959398789	0.42857142857142855	False	True
Mol_16982:atom6	enone	-19.498614189472843	0.36173657755352173	0.42857142857142855	False	False
Mol_16996:atom16	ester	-12.016483541116855	0.4044439549088504	0.6666666666666666	True	False
Mol_16997:atom18	ester	-12.016483541116855	0.4044439549088504	0.6666666666666666	True	False
Mol_17002:atom27	ester	-12.016483541116855	0.4044439549088504	0.6666666666666666	True	False
Mol_17003:atom2	enone	-15.85669732443613	0.10884310378506626	0.42857142857142855	True	False
Mol_17003:atom3	enone	-16.0946329818208	0.11808134210706916	0.42857142857142855	True	False
Mol_17028:atom18	enone	-9.019817338646698	0.2783932332025462	0.42857142857142855	True	False
Mol_17029:atom7	enone	-20.36413928341128	0.45692396034861793	0.42857142857142855	False	True
Mol_17032:atom2	enal	-18.230275870492125	0.10691277672173564	0.46153846153846156	True	False
Mol_17045:atom22	ester	-8.942732123876016	0.9362497250770978	0.6666666666666666	False	True
Mol_17046:atom22	ester	-8.942732123876016	0.9362497250770978	0.6666666666666666	False	True
Mol_17047:atom22	ester	-8.942732123876016	0.9362497250770978	0.6666666666666666	False	True
Mol_17048:atom22	ester	-8.942732123876016	0.9362497250770978	0.6666666666666666	False	True
Mol_17049:atom22	ester	-8.942732123876016	0.9362497250770978	0.6666666666666666	False	True
Mol_17059:atom3	enone	-12.31010653196543	0.09185057938224749	0.42857142857142855	True	False
Mol_17059:atom14	enone	-8.061076644731239	0.36938513427334074	0.42857142857142855	False	False
Mol_17065:atom6	enone	-16.98241959838986	0.16153901769537599	0.42857142857142855	True	False
Mol_17066:atom1	enone	-7.868102282730734	0.3896986676196742	0.42857142857142855	False	False
Mol_17069:atom10	enone	-13.503778251062426	0.07231102282172201	0.42857142857142855	True	False
Mol_18055:atom7	enone	-25.010305243829045	1.1981954342626986	0.42857142857142855	False	True
Mol_18055:atom25	enone	-10.12106224347997	0.19427832847865087	0.42857142857142855	True	False
Mol_18056:atom22	enone	-12.31010653196543	0.09185057938224749	0.42857142857142855	True	False
Mol_18138:atom17	ester	-20.040471643471065	0.2840376572992914	0.6666666666666666	False	False
Mol_18159:atom1	enone	-11.112078650703843	0.1372301618119644	0.42857142857142855	True	False
Mol_18189:atom1	enone	-11.122281436222352	0.13673470392042508	0.42857142857142855	True	False
Mol_18404:atom15	enone	-9.184679715557095	0.26441243802677217	0.42857142857142855	True	False
Mol_18406:atom9	ester	-4.208165934587738	2.28176566453674	0.6666666666666666	False	True
Mol_18418:atom3	ester	-12.016483541116855	0.4044439549088504	0.6666666666666666	True	False
Mol_18419:atom3	ester	-12.016483541116855	0.4044439549088504	0.6666666666666666	True	False
Mol_18423:atom3	ester	-12.016483541116855	0.4044439549088504	0.6666666666666666	True	False
Mol_18426:atom3	ester	-12.016483541116855	0.4044439549088504	0.6666666666666666	True	False
Mol_18430:atom3	ester	-12.016483541116855	0.4044439549088504	0.6666666666666666	True	False
Mol_18433:atom24	ester	-12.016483541116855	0.4044439549088504	0.6666666666666666	True	False
Mol_18449:atom29	ester	-12.016483541116855	0.4044439549088504	0.6666666666666666	True	False
Mol_18464:atom39	ester	-12.016483541116855	0.4044439549088504	0.6666666666666666	True	False
Mol_18538:atom19	enone	-8.33428209667438	0.34177145197800685	0.42857142857142855	True	False
Mol_18539:atom2	ester	-7.216212646211794	1.3529648702686623	0.6666666666666666	False	True
Mol_18539:atom16	enone	-8.33428209667438	0.34177145197800685	0.42857142857142855	True	False
Mol_18541:atom13	enone	-8.33428209667438	0.34177145197800685	0.42857142857142855	True	False
Mol_18543:atom19	enone	-8.33428209667438	0.34177145197800685	0.42857142857142855	True	False
Mol_18577:atom1	enone	-10.233348039772938	0.18692720181530093	0.42857142857142855	True	False
Mol_18578:atom1	enone	-10.233348039772938	0.18692720181530093	0.42857142857142855	True	False
Mol_18579:atom1	enone	-10.233348039772938	0.18692720181530093	0.42857142857142855	True	False
Mol_18588:atom1	enone	-14.653767295664254	0.07772513100418431	0.42857142857142855	True	False
Mol_18592:atom0	enone	-16.669796768220532	0.14461886685302805	0.42857142857142855	True	False
Mol_18600:atom9	enone	-6.508561476991499	0.55179358025578	0.42857142857142855	False	True
Mol_18603:atom12	enone	-15.342229819876737	0.09234925818906604	0.42857142857142855	True	False
Mol_18604:atom1	enone	-14.78203086309076	0.07980347269585542	0.42857142857142855	True	False
Mol_18620:atom8	enone	2.949108375061178	2.599475139497584	0.42857142857142855	False	True
Mol_18621:atom8	enone	2.949108375061178	2.599475139497584	0.42857142857142855	False	True
Mol_18748:atom5	ester	-12.016483541116855	0.4044439549088504	0.6666666666666666	True	False
Mol_18749:atom19	ester	-12.016483541116855	0.4044439549088504	0.6666666666666666	True	False
Mol_18750:atom38	ester	-12.016483541116855	0.4044439549088504	0.6666666666666666	True	False
Mol_18751:atom5	ester	-12.016483541116855	0.4044439549088504	0.6666666666666666	True	False
Mol_18752:atom5	ester	-12.016483541116855	0.4044439549088504	0.6666666666666666	True	False
Mol_18965:atom21	enone	-15.127064134107709	0.08686291601488064	0.42857142857142855	True	False
Mol_18999:atom3	enone	-10.038035736133232	0.19985974427394518	0.42857142857142855	True	False
Mol_19061:atom38	ester	-12.016483541116855	0.4044439549088504	0.6666666666666666	True	False
Mol_19074:atom5	ester	-13.792663518199946	0.21978877238169814	0.6666666666666666	True	False
Mol_19075:atom5	ester	-12.951323062711902	0.296057755523253	0.6666666666666666	True	False
Mol_19078:atom5	ester	-16.764374946723436	0.11173264735287493	0.6666666666666666	True	False
Mol_19079:atom5	ester	-16.764374946723436	0.11173264735287493	0.6666666666666666	True	False
Mol_19080:atom5	ester	-11.197287430892226	0.5198808909503965	0.6666666666666666	False	False
Mol_19081:atom5	ester	-16.764374946723436	0.11173264735287493	0.6666666666666666	True	False
Mol_19089:atom3	ester	-12.016483541116855	0.4044439549088504	0.6666666666666666	True	False
Mol_19090:atom27	ester	-12.016483541116855	0.4044439549088504	0.6666666666666666	True	False
Mol_19099:atom7	enone	-8.641518229675311	0.3123219877031104	0.42857142857142855	True	False
Mol_19100:atom2	enone	-14.849678563392304	0.0810188021026878	0.42857142857142855	True	False
Mol_19103:atom2	enone	-12.515402465940175	0.0866652039872951	0.42857142857142855	True	False
Mol_19110:atom3	enal	-20.94647695105914	0.12770081380440457	0.46153846153846156	True	False
Mol_19198:atom4	enone	-15.148896691244316	0.08738164703336812	0.42857142857142855	True	False
Mol_19209:atom6	enal	-11.435151156864205	1.4461500740352207	0.46153846153846156	False	True
Mol_19214:atom7	enal	-17.720178042141697	0.13843485109733805	0.46153846153846156	True	False
Mol_19281:atom11	enal	-11.435151156864205	1.4461500740352207	0.46153846153846156	False	True
Mol_19356:atom1	ester	-12.87931274693731	0.3035220583187026	0.6666666666666666	True	False
Mol_19384:atom27	ester	-12.016483541116855	0.4044439549088504	0.6666666666666666	True	False
Mol_19493:atom7	ester	-12.918920436864562	0.29939820985480803	0.6666666666666666	True	False
Mol_19494:atom21	ester	-12.918920436864562	0.29939820985480803	0.6666666666666666	True	False
Mol_19495:atom7	ester	-16.52988471119746	0.11112041028245197	0.6666666666666666	True	False
Mol_19495:atom125	ester	-16.52988471119746	0.11112041028245197	0.6666666666666666	True	False
Mol_19496:atom7	ester	-16.52988471119746	0.11112041028245197	0.6666666666666666	True	False
Mol_19497:atom7	ester	-16.52988471119746	0.11112041028245197	0.6666666666666666	True	False
Mol_19552:atom30	ester	-12.016483541116855	0.4044439549088504	0.6666666666666666	True	False
Mol_19553:atom37	ester	-12.016483541116855	0.4044439549088504	0.6666666666666666	True	False
Mol_19554:atom30	ester	-12.016483541116855	0.4044439549088504	0.6666666666666666	True	False
Mol_19555:atom30	ester	-12.016483541116855	0.4044439549088504	0.6666666666666666	True	False
Mol_19556:atom5	ester	-12.016483541116855	0.4044439549088504	0.6666666666666666	True	False
Mol_19558:atom5	ester	-12.016483541116855	0.4044439549088504	0.6666666666666666	True	False
Mol_19558:atom47	ester	-12.016483541116855	0.4044439549088504	0.6666666666666666	True	False
Mol_19559:atom5	ester	-12.016483541116855	0.4044439549088504	0.6666666666666666	True	False
Mol_19559:atom50	ester	-12.016483541116855	0.4044439549088504	0.6666666666666666	True	False
Mol_19560:atom34	ester	-12.016483541116855	0.4044439549088504	0.6666666666666666	True	False
Mol_19560:atom49	ester	-12.016483541116855	0.4044439549088504	0.6666666666666666	True	False
Mol_19563:atom41	ester	-12.016483541116855	0.4044439549088504	0.6666666666666666	True	False
Mol_19564:atom5	ester	-12.016483541116855	0.4044439549088504	0.6666666666666666	True	False
Mol_19565:atom39	ester	-12.016483541116855	0.4044439549088504	0.6666666666666666	True	False
Mol_19565:atom51	ester	-12.016483541116855	0.4044439549088504	0.6666666666666666	True	False
