molecule_id	bits	nearest_coconut_id	tanimoto
Mol_00013	2048	CNP0177771.2	0.7435897435897436
Mol_00014	2048	CNP0177771.2	0.9558823529411764
Mol_00017	2048	CNP0347492.2	0.8275862068965517
Mol_00020	2048	CNP0147420.1	0.8253968253968254
Mol_00029	2048	CNP0229831.2	0.7384615384615385
Mol_00032	2048	CNP0270683.2	0.673469387755102
Mol_00041	2048	CNP0142639.5	0.7402597402597403
Mol_00042	2048	CNP0229831.2	0.7540983606557377
Mol_00044	2048	CNP0156237.1	0.58
Mol_00049	2048	CNP0262635.1	0.3246753246753247
Mol_00050	2048	CNP0049588.4	0.3815789473684211
Mol_00051	2048	CNP0425914.1	0.2575757575757575
Mol_00052	2048	CNP0301563.1	0.4444444444444444
Mol_00053	2048	CNP0154743.0	0.6794871794871795
Mol_00054	2048	CNP0141425.0	0.6741573033707865
Mol_00058	2048	CNP0227113.2	0.5943396226415094
Mol_00059	2048	CNP0227113.2	0.5943396226415094
Mol_00080	2048	CNP0165609.2	0.6031746031746031
Mol_00081	2048	CNP0434985.1	0.5666666666666667
Mol_00082	2048	CNP0434985.1	0.660377358490566
Mol_00083	2048	CNP0429040.2	0.5370370370370371
Mol_00084	2048	CNP0429040.2	0.7959183673469388
Mol_00085	2048	CNP0429040.2	0.7959183673469388
Mol_00086	2048	CNP0429040.2	0.5636363636363636
Mol_00087	2048	CNP0434985.1	0.463768115942029
Mol_00088	2048	CNP0441788.1	0.44
Mol_00090	2048	CNP0433414.1	0.6666666666666666
Mol_00091	2048	CNP0433414.1	0.639344262295082
Mol_00094	2048	CNP0429040.2	0.7959183673469388
Mol_00095	2048	CNP0434985.1	0.7169811320754716
Mol_00096	2048	CNP0434985.1	0.7169811320754716
Mol_00097	2048	CNP0129852.1	0.7192982456140351
Mol_00116	2048	CNP0431681.1	0.3571428571428571
Mol_00118	2048	CNP0178470.3	0.4927536231884058
Mol_00120	2048	CNP0178470.3	0.4927536231884058
Mol_00123	2048	CNP0140293.1	0.6607142857142857
Mol_00125	2048	CNP0435520.1	0.4821428571428571
Mol_00126	2048	CNP0129852.1	0.4918032786885246
Mol_00127	2048	CNP0140293.1	0.4761904761904761
Mol_00128	2048	CNP0429040.2	0.5517241379310345
Mol_00129	2048	CNP0467907.1	0.5161290322580645
Mol_00136	2048	CNP0429040.2	0.7959183673469388
Mol_00137	2048	CNP0157004.1	0.5423728813559322
Mol_00143	2048	CNP0384975.4	0.4745762711864407
Mol_00157	2048	CNP0153449.2	0.6593406593406593
Mol_00174	2048	CNP0108752.0	0.392156862745098
Mol_00175	2048	CNP0043545.0	0.6111111111111112
Mol_00188	2048	CNP0319197.1	0.5454545454545454
Mol_00223	2048	CNP0568923.0	0.5652173913043478
Mol_00230	2048	CNP0085518.1	0.5094339622641509
Mol_00232	2048	CNP0327677.3	0.5333333333333333
Mol_00272	2048	CNP0265794.0	0.5348837209302325
Mol_00273	2048	CNP0191465.0	0.5581395348837209
Mol_00274	2048	CNP0191465.0	0.5581395348837209
Mol_00280	2048	CNP0211699.1	0.7735849056603774
Mol_00303	2048	CNP0544943.1	0.6666666666666666
Mol_00366	2048	CNP0256422.0	0.5238095238095238
Mol_00376	2048	CNP0190614.1	0.3703703703703703
Mol_00380	2048	CNP0117973.2	0.453125
Mol_00381	2048	CNP0515168.0	0.4406779661016949
Mol_00383	2048	CNP0128873.2	0.2698412698412698
Mol_00388	2048	CNP0240391.2	0.9042553191489362
Mol_00390	2048	CNP0279304.1	0.6160714285714286
Mol_00392	2048	CNP0108383.1	0.6779661016949152
Mol_00393	2048	CNP0279304.1	0.5789473684210527
Mol_00394	2048	CNP0240391.2	0.9042553191489362
Mol_00395	2048	CNP0240391.2	0.6538461538461539
Mol_00401	2048	CNP0100968.0	0.6111111111111112
Mol_00402	2048	CNP0319234.0	0.7636363636363637
Mol_00422	2048	CNP0157847.7	0.8111111111111111
Mol_00433	2048	CNP0314260.1	0.7719298245614035
Mol_00434	2048	CNP0201941.2	0.609375
Mol_00435	2048	CNP0314260.1	0.6567164179104478
Mol_00436	2048	CNP0162496.1	0.6395348837209303
Mol_00440	2048	CNP0139662.1	0.7314814814814815
Mol_00450	2048	CNP0243087.2	0.8785046728971962
Mol_00451	2048	CNP0243087.2	0.7706422018348624
Mol_00453	2048	CNP0245810.1	0.7333333333333333
Mol_00458	2048	CNP0249868.1	0.5575221238938053
Mol_00459	2048	CNP0245810.1	0.6666666666666666
Mol_00479	2048	CNP0297071.3	0.5
Mol_00480	2048	CNP0242732.2	0.6190476190476191
Mol_00482	2048	CNP0297071.3	0.7936507936507936
Mol_00483	2048	CNP0238375.1	0.5567010309278351
Mol_00484	2048	CNP0297071.3	0.7833333333333333
Mol_00486	2048	CNP0281611.3	0.7160493827160493
Mol_00487	2048	CNP0297071.3	0.6329113924050633
Mol_00488	2048	CNP0281611.3	0.5340909090909091
Mol_00489	2048	CNP0281611.3	0.5376344086021505
Mol_00490	2048	CNP0281611.3	0.6746987951807228
Mol_00492	2048	CNP0281611.3	0.7160493827160493
Mol_00494	2048	CNP0162496.1	0.9178082191780822
Mol_00495	2048	CNP0262959.3	0.8783783783783784
Mol_00496	2048	CNP0281611.3	0.5555555555555556
Mol_00497	2048	CNP0181252.3	0.5681818181818182
Mol_00498	2048	CNP0302731.10	0.4953271028037383
Mol_00499	2048	CNP0199519.1	0.4835164835164835
Mol_00500	2048	CNP0314260.1	0.5285714285714286
Mol_00503	2048	CNP0197212.3	0.4342105263157895
Mol_00504	2048	CNP0197212.3	0.4342105263157895
Mol_00506	2048	CNP0238375.1	0.6063829787234043
Mol_00507	2048	CNP0238375.1	0.8160919540229885
Mol_00508	2048	CNP0238375.1	0.7831325301204819
Mol_00509	2048	CNP0236217.1	0.6060606060606061
Mol_00510	2048	CNP0262959.3	0.532608695652174
Mol_00511	2048	CNP0198956.11	0.5584415584415584
Mol_00512	2048	CNP0198956.11	0.5316455696202531
Mol_00513	2048	CNP0281611.3	0.7160493827160493
Mol_00521	2048	CNP0198956.11	0.5584415584415584
Mol_00530	2048	CNP0189918.2	0.5689655172413793
Mol_00535	2048	CNP0196591.10	0.75
Mol_00536	2048	CNP0258112.2	0.8488372093023255
Mol_00537	2048	CNP0258112.2	0.8295454545454546
Mol_00538	2048	CNP0196591.10	0.7256637168141593
Mol_00539	2048	CNP0196591.10	0.8367346938775511
Mol_00540	2048	CNP0258112.2	0.902439024390244
Mol_00541	2048	CNP0272236.1	0.6224489795918368
Mol_00542	2048	CNP0240206.1	0.6153846153846154
Mol_00543	2048	CNP0272236.1	0.6161616161616161
Mol_00544	2048	CNP0240206.1	0.6075949367088608
Mol_00545	2048	CNP0048354.2	0.9223300970873788
Mol_00546	2048	CNP0048354.2	0.95
Mol_00547	2048	CNP0048354.2	0.9693877551020408
Mol_00551	2048	CNP0364116.3	0.6578947368421053
Mol_00552	2048	CNP0281611.3	0.6746987951807228
Mol_00556	2048	CNP0407951.1	0.4186046511627907
Mol_00658	2048	CNP0094919.3	0.708029197080292
Mol_00659	2048	CNP0094919.3	0.708029197080292
Mol_00740	2048	CNP0134956.1	0.75
Mol_00741	2048	CNP0426185.1	0.6444444444444445
Mol_00747	2048	CNP0333175.1	0.6774193548387096
Mol_00751	2048	CNP0255555.8	0.7413793103448276
Mol_00757	2048	CNP0142639.5	0.7349397590361446
Mol_00758	2048	CNP0142639.5	0.6777777777777778
Mol_00773	2048	CNP0142639.5	0.8289473684210527
Mol_00774	2048	CNP0420687.2	0.8767123287671232
Mol_00776	2048	CNP0142639.5	0.8227848101265823
Mol_00778	2048	CNP0128986.1	0.7578947368421053
Mol_00781	2048	CNP0128986.1	0.723404255319149
Mol_00782	2048	CNP0195240.2	0.8235294117647058
Mol_00784	2048	CNP0122262.3	0.3617021276595745
Mol_00793	2048	CNP0085071.1	0.8767123287671232
Mol_00794	2048	CNP0107478.0	0.8285714285714286
Mol_00834	2048	CNP0138660.2	0.9142857142857144
Mol_00840	2048	CNP0193157.1	0.6190476190476191
Mol_00843	2048	CNP0128879.3	0.6666666666666666
Mol_00844	2048	CNP0128879.3	0.6349206349206349
Mol_00846	2048	CNP0209619.1	0.4915254237288136
Mol_00847	2048	CNP0209619.1	0.6481481481481481
Mol_00849	2048	CNP0160234.1	0.62
Mol_00850	2048	CNP0209619.1	0.4666666666666667
Mol_00851	2048	CNP0321224.1	0.8305084745762712
Mol_00853	2048	CNP0143200.1	0.7301587301587301
Mol_00859	2048	CNP0586428.1	0.7441860465116279
Mol_00864	2048	CNP0135233.3	0.75
Mol_00873	2048	CNP0586428.1	0.7804878048780488
Mol_00877	2048	CNP0143200.1	0.8245614035087719
Mol_00878	2048	CNP0321224.1	0.8135593220338984
Mol_00879	2048	CNP0128879.3	0.6666666666666666
Mol_00882	2048	CNP0586428.1	0.7441860465116279
Mol_00904	2048	CNP0586428.1	0.7804878048780488
Mol_00907	2048	CNP0209619.1	0.6481481481481481
Mol_00908	2048	CNP0259552.3	0.7291666666666666
Mol_00909	2048	CNP0128879.3	0.6909090909090909
Mol_00910	2048	CNP0259552.3	0.7142857142857143
Mol_00911	2048	CNP0259552.3	0.7142857142857143
Mol_00912	2048	CNP0209619.1	0.7272727272727273
Mol_00913	2048	CNP0209619.1	0.7272727272727273
Mol_00914	2048	CNP0128879.3	0.6666666666666666
Mol_00915	2048	CNP0128879.3	0.6666666666666666
Mol_00943	2048	CNP0515481.2	0.625
Mol_00944	2048	CNP0515481.2	0.4918032786885246
Mol_00945	2048	CNP0408100.2	0.5625
Mol_00946	2048	CNP0257533.0	0.6530612244897959
Mol_00947	2048	CNP0108925.0	0.7567567567567568
Mol_00968	2048	CNP0365648.3	0.7931034482758621
Mol_00969	2048	CNP0278761.3	0.71875
Mol_00978	2048	CNP0080728.1	0.509090909090909
Mol_00980	2048	CNP0111406.2	0.475
Mol_01000	2048	CNP0559236.2	0.4655172413793103
Mol_01002	2048	CNP0001369.1	0.9113924050632912
Mol_01003	2048	CNP0001369.1	0.6477272727272727
Mol_01013	2048	CNP0266779.3	0.4861111111111111
Mol_01019	2048	CNP0266779.3	0.4444444444444444
Mol_01037	2048	CNP0266779.3	0.44
Mol_01039	2048	CNP0202378.1	0.4933333333333333
Mol_01091	2048	CNP0279312.1	0.5166666666666667
Mol_01092	2048	CNP0193087.1	0.5172413793103449
Mol_01093	2048	CNP0078388.0	0.4404761904761904
Mol_01094	2048	CNP0300954.4	0.5733333333333334
Mol_01153	2048	CNP0166903.0	0.3636363636363636
Mol_01156	2048	CNP0085995.0	0.4230769230769231
Mol_01157	2048	CNP0547462.1	0.4516129032258064
Mol_01158	2048	CNP0087769.0	0.391304347826087
Mol_01160	2048	CNP0547462.1	0.4411764705882353
Mol_01188	2048	CNP0212722.4	0.4204545454545454
Mol_01196	2048	CNP0105223.1	0.780952380952381
Mol_01197	2048	CNP0174122.4	0.7377049180327869
Mol_01199	2048	CNP0150599.3	0.75
Mol_01200	2048	CNP0002415.0	0.8243243243243243
Mol_01201	2048	CNP0423934.2	0.8636363636363636
Mol_01204	2048	CNP0285205.1	0.4745762711864407
Mol_01209	2048	CNP0002415.0	0.8148148148148148
Mol_01210	2048	CNP0136082.1	0.8695652173913043
Mol_01223	2048	CNP0175962.0	0.7307692307692307
Mol_01225	2048	CNP0057461.0	0.5588235294117647
Mol_01241	2048	CNP0199266.11	0.8305084745762712
Mol_01252	2048	CNP0407533.0	0.4666666666666667
Mol_01253	2048	CNP0521660.1	0.864406779661017
Mol_01254	2048	CNP0441424.1	0.6027397260273972
Mol_01255	2048	CNP0547543.1	0.8208955223880597
Mol_01256	2048	CNP0146418.2	0.6714285714285714
Mol_01258	2048	CNP0521660.1	0.7213114754098361
Mol_01263	2048	CNP0198944.2	0.7636363636363637
Mol_01268	2048	CNP0201454.1	0.8666666666666667
Mol_01269	2048	CNP0227058.0	0.7916666666666666
Mol_01270	2048	CNP0144656.1	0.6666666666666666
Mol_01302	2048	CNP0312282.2	0.4102564102564102
Mol_01303	2048	CNP0272400.4	0.8064516129032258
Mol_01305	2048	CNP0184070.2	0.4693877551020408
Mol_01309	2048	CNP0392145.6	0.925
Mol_01310	2048	CNP0228412.6	0.9186046511627908
Mol_01364	2048	CNP0158753.5	0.9253731343283582
Mol_01380	2048	CNP0148451.1	0.5208333333333334
Mol_01417	2048	CNP0085995.0	0.4090909090909091
Mol_01418	2048	CNP0053316.0	0.6666666666666666
Mol_01421	2048	CNP0171313.0	0.6046511627906976
Mol_01423	2048	CNP0085995.0	0.3928571428571428
Mol_01426	2048	CNP0294224.0	0.5185185185185185
Mol_01429	2048	CNP0233033.0	0.4333333333333333
Mol_01439	2048	CNP0226244.0	0.3333333333333333
Mol_01446	2048	CNP0325458.1	0.4042553191489361
Mol_01449	2048	CNP0077684.1	0.8214285714285714
Mol_01450	2048	CNP0180772.1	0.4571428571428571
Mol_01453	2048	CNP0160428.0	0.7692307692307693
Mol_01454	2048	CNP0077682.1	0.7818181818181819
Mol_01475	2048	CNP0379890.1	0.7017543859649122
Mol_01476	2048	CNP0379890.1	0.7884615384615384
Mol_01478	2048	CNP0324055.1	0.7543859649122807
Mol_01485	2048	CNP0405068.3	0.5901639344262295
Mol_01491	2048	CNP0066778.0	0.4615384615384615
Mol_01492	2048	CNP0237971.1	0.6097560975609756
Mol_01497	2048	CNP0522196.0	0.64
Mol_01498	2048	CNP0217312.0	0.7142857142857143
Mol_01499	2048	CNP0100968.0	0.6111111111111112
Mol_01515	2048	CNP0588556.1	0.3333333333333333
Mol_01516	2048	CNP0147341.1	0.7017543859649122
Mol_01517	2048	CNP0358339.1	0.627906976744186
Mol_01522	2048	CNP0451989.1	0.3488372093023256
Mol_01524	2048	CNP0131538.0	0.9696969696969696
Mol_01525	2048	CNP0255623.0	0.5869565217391305
Mol_01526	2048	CNP0280356.0	0.5405405405405406
Mol_01529	2048	CNP0228412.6	0.8426966292134831
Mol_01545	2048	CNP0198594.1	0.5853658536585366
Mol_01554	2048	CNP0221957.4	0.6428571428571429
Mol_01562	2048	CNP0419738.1	0.5106382978723404
Mol_01563	2048	CNP0204108.1	0.4716981132075472
Mol_01587	2048	CNP0264055.2	0.3863636363636363
Mol_01596	2048	CNP0528512.0	0.5
Mol_01600	2048	CNP0165324.2	0.4615384615384615
Mol_01601	2048	CNP0188955.1	0.3888888888888889
Mol_01602	2048	CNP0310458.1	0.5384615384615384
Mol_01614	2048	CNP0192793.3	0.7111111111111111
Mol_01615	2048	CNP0298745.2	0.5535714285714286
Mol_01616	2048	CNP0298745.2	0.7222222222222222
Mol_01617	2048	CNP0298745.2	0.3384615384615385
Mol_01618	2048	CNP0216725.2	0.3555555555555555
Mol_01642	2048	CNP0187661.6	0.5686274509803921
Mol_01647	2048	CNP0160393.1	0.6086956521739131
Mol_01659	2048	CNP0154955.0	0.4594594594594595
Mol_01676	2048	CNP0323063.2	0.4727272727272727
Mol_01687	2048	CNP0118113.0	0.5416666666666666
Mol_01688	2048	CNP0118113.0	0.4
Mol_01697	2048	CNP0190953.1	0.4814814814814814
Mol_01698	2048	CNP0144305.1	0.3571428571428571
Mol_01699	2048	CNP0461315.1	0.3283582089552239
Mol_01700	2048	CNP0217224.1	0.3283582089552239
Mol_01701	2048	CNP0124629.1	0.6415094339622641
Mol_01702	2048	CNP0131320.1	0.4509803921568627
Mol_01703	2048	CNP0240694.2	0.4150943396226415
Mol_01704	2048	CNP0493456.0	0.4727272727272727
Mol_01706	2048	CNP0569334.1	0.5925925925925926
Mol_01707	2048	CNP0219374.1	0.4528301886792453
Mol_01709	2048	CNP0124629.1	0.7884615384615384
Mol_01710	2048	CNP0192793.3	0.4285714285714285
Mol_01711	2048	CNP0193317.1	0.484375
Mol_01712	2048	CNP0226244.0	0.4423076923076923
Mol_01715	2048	CNP0250208.0	0.6458333333333334
Mol_01716	2048	CNP0043545.0	0.6666666666666666
Mol_01721	2048	CNP0267123.0	0.4347826086956521
Mol_01723	2048	CNP0267123.0	0.4390243902439024
Mol_01725	2048	CNP0192793.3	0.64
Mol_01726	2048	CNP0192793.3	0.7111111111111111
Mol_01727	2048	CNP0192793.3	0.64
Mol_01728	2048	CNP0194277.1	0.4166666666666667
Mol_01729	2048	CNP0194277.1	0.4166666666666667
Mol_01730	2048	CNP0268625.1	0.3773584905660377
Mol_01731	2048	CNP0162687.1	0.54
Mol_01732	2048	CNP0383133.3	0.4375
Mol_01737	2048	CNP0274172.2	0.4629629629629629
Mol_01760	2048	CNP0368032.9	0.4038461538461538
Mol_01761	2048	CNP0368032.9	0.4038461538461538
Mol_01762	2048	CNP0368032.9	0.4038461538461538
Mol_01763	2048	CNP0368032.9	0.4772727272727273
Mol_01764	2048	CNP0349597.1	0.4782608695652174
Mol_01765	2048	CNP0349597.1	0.4782608695652174
Mol_01766	2048	CNP0349597.1	0.6
Mol_01767	2048	CNP0349597.1	0.4782608695652174
Mol_01768	2048	CNP0349597.1	0.4782608695652174
Mol_01770	2048	CNP0193317.1	0.417910447761194
Mol_01771	2048	CNP0384975.4	0.4137931034482758
Mol_01772	2048	CNP0384975.4	0.4137931034482758
Mol_01773	2048	CNP0384975.4	0.4137931034482758
Mol_01774	2048	CNP0384975.4	0.4137931034482758
Mol_01775	2048	CNP0072980.1	0.2727272727272727
Mol_01776	2048	CNP0424576.1	0.3773584905660377
Mol_01777	2048	CNP0288517.1	0.717391304347826
Mol_01778	2048	CNP0418352.1	0.5531914893617021
Mol_01788	2048	CNP0365328.1	0.6346153846153846
Mol_01804	2048	CNP0234504.3	0.5102040816326531
Mol_01805	2048	CNP0316810.2	0.627906976744186
Mol_01811	2048	CNP0341233.1	0.5192307692307693
Mol_01827	2048	CNP0303569.1	0.5423728813559322
Mol_01828	2048	CNP0153210.7	0.4507042253521127
Mol_01829	2048	CNP0153210.7	0.4507042253521127
Mol_01830	2048	CNP0153210.7	0.4225352112676056
Mol_01831	2048	CNP0220912.2	0.5510204081632653
Mol_01832	2048	CNP0338939.2	0.59375
Mol_01835	2048	CNP0273472.1	0.54
Mol_01885	2048	CNP0192793.3	0.7111111111111111
Mol_01916	2048	CNP0283762.1	0.3888888888888889
Mol_01920	2048	CNP0077737.1	0.4705882352941176
Mol_01924	2048	CNP0157330.2	0.4545454545454545
Mol_01940	2048	CNP0188475.2	0.903846153846154
Mol_01947	2048	CNP0259516.1	0.6595744680851063
Mol_01950	2048	CNP0505559.0	0.4677419354838709
Mol_01951	2048	CNP0295832.1	0.5636363636363636
Mol_01952	2048	CNP0153210.7	0.4225352112676056
Mol_01953	2048	CNP0115165.1	0.3947368421052631
Mol_01954	2048	CNP0115165.1	0.4210526315789473
Mol_01955	2048	CNP0115165.1	0.4210526315789473
Mol_01956	2048	CNP0153210.7	0.4507042253521127
Mol_01957	2048	CNP0153210.7	0.4507042253521127
Mol_01958	2048	CNP0115165.1	0.4210526315789473
Mol_01959	2048	CNP0193317.1	0.4202898550724637
Mol_01960	2048	CNP0305519.2	0.3815789473684211
Mol_01961	2048	CNP0122114.1	0.3717948717948718
Mol_01962	2048	CNP0153210.7	0.36
Mol_01964	2048	CNP0186942.1	0.3648648648648648
Mol_01985	2048	CNP0204128.0	0.4615384615384615
Mol_01986	2048	CNP0302412.3	0.3555555555555555
Mol_01987	2048	CNP0359173.0	0.3846153846153846
Mol_01991	2048	CNP0132312.3	0.3714285714285714
Mol_01993	2048	CNP0309858.0	0.6666666666666666
Mol_01994	2048	CNP0138608.1	0.5882352941176471
Mol_01995	2048	CNP0154955.0	0.325
Mol_01996	2048	CNP0309858.0	0.6666666666666666
Mol_01999	2048	CNP0285400.5	0.5789473684210527
Mol_02000	2048	CNP0285400.5	0.5789473684210527
Mol_02001	2048	CNP0132232.1	0.7755102040816326
Mol_02002	2048	CNP0107520.1	0.7090909090909091
Mol_02003	2048	CNP0107520.1	0.6949152542372882
Mol_02004	2048	CNP0336769.0	0.4626865671641791
Mol_02005	2048	CNP0336769.0	0.4225352112676056
Mol_02006	2048	CNP0336769.0	0.4142857142857143
Mol_02007	2048	CNP0166592.2	0.4242424242424242
Mol_02009	2048	CNP0240694.2	0.375
Mol_02013	2048	CNP0204108.1	0.6041666666666666
Mol_02014	2048	CNP0206060.1	0.5925925925925926
Mol_02015	2048	CNP0219374.1	0.5
Mol_02016	2048	CNP0569334.1	0.5925925925925926
Mol_02018	2048	CNP0285400.5	0.7037037037037037
Mol_02020	2048	CNP0269048.5	0.5892857142857143
Mol_02031	2048	CNP0323662.1	0.4313725490196078
Mol_02033	2048	CNP0323662.1	0.5625
Mol_02038	2048	CNP0234504.3	0.5102040816326531
Mol_02044	2048	CNP0115812.0	0.4772727272727273
Mol_02048	2048	CNP0264196.0	0.4666666666666667
Mol_02049	2048	CNP0567317.0	0.4310344827586206
Mol_02050	2048	CNP0567317.0	0.4310344827586206
Mol_02058	2048	CNP0419738.1	0.5106382978723404
Mol_02059	2048	CNP0118113.0	0.4
Mol_02067	2048	CNP0118113.0	0.5416666666666666
Mol_02072	2048	CNP0157330.2	0.4545454545454545
Mol_02087	2048	CNP0186942.1	0.6666666666666666
Mol_02088	2048	CNP0375466.2	0.6666666666666666
Mol_02089	2048	CNP0130793.4	0.6382978723404256
Mol_02090	2048	CNP0560989.1	0.5789473684210527
Mol_02091	2048	CNP0136357.3	0.6875
Mol_02092	2048	CNP0129859.1	0.4464285714285714
Mol_02093	2048	CNP0269048.5	0.5964912280701754
Mol_02094	2048	CNP0136357.3	0.82
Mol_02095	2048	CNP0227792.4	0.7213114754098361
Mol_02096	2048	CNP0336650.3	0.6481481481481481
Mol_02097	2048	CNP0130793.4	0.6595744680851063
Mol_02098	2048	CNP0117664.0	0.8363636363636363
Mol_02099	2048	CNP0560989.1	0.4833333333333333
Mol_02100	2048	CNP0336650.3	0.4901960784313725
Mol_02101	2048	CNP0560989.1	0.5789473684210527
Mol_02102	2048	CNP0560989.1	0.559322033898305
Mol_02103	2048	CNP0560989.1	0.5789473684210527
Mol_02104	2048	CNP0560989.1	0.5245901639344263
Mol_02105	2048	CNP0433414.1	0.5806451612903226
Mol_02106	2048	CNP0115165.1	0.5571428571428572
Mol_02107	2048	CNP0115165.1	0.5571428571428572
Mol_02108	2048	CNP0318166.1	0.4464285714285714
Mol_02109	2048	CNP0115165.1	0.5142857142857142
Mol_02110	2048	CNP0115165.1	0.5735294117647058
Mol_02111	2048	CNP0115165.1	0.5
Mol_02112	2048	CNP0130793.4	0.45
Mol_02113	2048	CNP0232722.1	0.4428571428571428
Mol_02114	2048	CNP0303569.1	0.5084745762711864
Mol_02119	2048	CNP0226490.2	0.7391304347826086
Mol_02120	2048	CNP0215089.3	0.5636363636363636
Mol_02148	2048	CNP0508286.0	0.423728813559322
Mol_02149	2048	CNP0287416.0	0.4705882352941176
Mol_02150	2048	CNP0430807.0	0.5161290322580645
Mol_02151	2048	CNP0430807.0	0.7192982456140351
Mol_02153	2048	CNP0287416.0	0.4807692307692308
Mol_02158	2048	CNP0359815.1	0.5211267605633803
Mol_02160	2048	CNP0208979.2	0.6567164179104478
Mol_02163	2048	CNP0232288.1	0.7741935483870968
Mol_02186	2048	CNP0113811.1	0.5538461538461539
Mol_02187	2048	CNP0113811.1	0.6101694915254238
Mol_02190	2048	CNP0210862.4	0.5961538461538461
Mol_02191	2048	CNP0210862.4	0.5961538461538461
Mol_02193	2048	CNP0189580.2	0.5375
Mol_02194	2048	CNP0119876.2	0.819672131147541
Mol_02199	2048	CNP0248357.1	0.5217391304347826
Mol_02200	2048	CNP0259429.0	0.4929577464788732
Mol_02210	2048	CNP0544943.1	0.6153846153846154
Mol_02244	2048	CNP0257240.1	0.6981132075471698
Mol_02245	2048	CNP0257240.1	0.6981132075471698
Mol_02246	2048	CNP0257240.1	0.625
Mol_02247	2048	CNP0210376.1	0.6285714285714286
Mol_02248	2048	CNP0210376.1	0.6027397260273972
Mol_02250	2048	CNP0220121.7	0.675
Mol_02253	2048	CNP0266886.2	0.6666666666666666
Mol_02254	2048	CNP0025019.1	0.425287356321839
Mol_02255	2048	CNP0025019.1	0.4022988505747126
Mol_02256	2048	CNP0025019.1	0.4090909090909091
Mol_02257	2048	CNP0336462.1	0.4117647058823529
Mol_02258	2048	CNP0241037.3	0.4235294117647059
Mol_02259	2048	CNP0309024.3	0.7171717171717171
Mol_02261	2048	CNP0336462.1	0.6712328767123288
Mol_02262	2048	CNP0309024.3	0.7888888888888889
Mol_02265	2048	CNP0279094.1	0.5
Mol_02266	2048	CNP0336462.1	0.7246376811594203
Mol_02277	2048	CNP0220121.7	0.5057471264367817
Mol_02285	2048	CNP0373216.3	0.6
Mol_02288	2048	CNP0219543.9	0.5443037974683544
Mol_02295	2048	CNP0210376.1	0.4459459459459459
Mol_02296	2048	CNP0210376.1	0.4567901234567901
Mol_02303	2048	CNP0326480.1	0.7540983606557377
Mol_02311	2048	CNP0318332.2	1.0
Mol_02315	2048	CNP0318332.2	0.6551724137931034
Mol_02316	2048	CNP0281980.1	0.6990291262135923
Mol_02322	2048	CNP0274041.2	0.35
Mol_02323	2048	CNP0194436.1	0.3275862068965517
Mol_02356	2048	CNP0148860.0	0.6444444444444445
Mol_02357	2048	CNP0302049.0	0.6153846153846154
Mol_02380	2048	CNP0240544.1	0.3636363636363636
Mol_02381	2048	CNP0240544.1	0.3414634146341463
Mol_02382	2048	CNP0240544.1	0.3253012048192771
Mol_02399	2048	CNP0170146.9	0.704225352112676
Mol_02402	2048	CNP0125799.0	0.3442622950819672
Mol_02403	2048	CNP0125799.0	0.3666666666666666
Mol_02404	2048	CNP0257240.1	0.3846153846153846
Mol_02405	2048	CNP0125799.0	0.3548387096774194
Mol_02406	2048	CNP0419738.1	0.3333333333333333
Mol_02415	2048	CNP0309774.1	0.5454545454545454
Mol_02416	2048	CNP0150763.1	0.5348837209302325
Mol_02423	2048	CNP0241037.3	0.463768115942029
Mol_02424	2048	CNP0241037.3	0.6417910447761194
Mol_02425	2048	CNP0279094.1	0.5121951219512195
Mol_02426	2048	CNP0336462.1	0.6447368421052632
Mol_02428	2048	CNP0336462.1	0.4597701149425287
Mol_02429	2048	CNP0279094.1	0.569620253164557
Mol_02430	2048	CNP0241037.3	0.6533333333333333
Mol_02432	2048	CNP0241037.3	0.4651162790697674
Mol_02433	2048	CNP0310363.4	0.5540540540540541
Mol_02441	2048	CNP0258934.1	0.8513513513513513
Mol_02442	2048	CNP0178119.6	0.7380952380952381
Mol_02443	2048	CNP0258934.1	0.8513513513513513
Mol_02457	2048	CNP0025019.1	0.5301204819277109
Mol_02458	2048	CNP0025019.1	0.4943820224719101
Mol_02461	2048	CNP0025019.1	0.4157303370786517
Mol_02462	2048	CNP0025019.1	0.3894736842105263
Mol_02466	2048	CNP0354544.3	0.7464788732394366
Mol_02472	2048	CNP0174067.1	0.4555555555555555
Mol_02475	2048	CNP0257240.1	0.6296296296296297
Mol_02476	2048	CNP0297504.1	0.3235294117647059
Mol_02496	2048	CNP0065265.1	0.6867469879518072
Mol_02497	2048	CNP0589035.0	0.7125
Mol_02498	2048	CNP0589035.0	0.6705882352941176
Mol_02499	2048	CNP0170146.9	0.8142857142857143
Mol_02500	2048	CNP0457698.1	0.7590361445783133
Mol_02501	2048	CNP0170146.9	0.8857142857142857
Mol_02502	2048	CNP0589035.0	0.8857142857142857
Mol_02503	2048	CNP0589035.0	0.7662337662337663
Mol_02504	2048	CNP0589035.0	0.7837837837837838
Mol_02505	2048	CNP0077241.1	0.3626373626373626
Mol_02507	2048	CNP0287363.1	0.4666666666666667
Mol_02510	2048	CNP0257240.1	0.7254901960784313
Mol_02525	2048	CNP0323191.2	0.4310344827586206
Mol_02528	2048	CNP0336462.1	0.7714285714285715
Mol_02529	2048	CNP0336462.1	0.6710526315789473
Mol_02530	2048	CNP0336462.1	0.7162162162162162
Mol_02532	2048	CNP0025019.1	0.5301204819277109
Mol_02545	2048	CNP0192537.0	0.6964285714285714
Mol_02551	2048	CNP0434626.1	0.3809523809523809
Mol_02571	2048	CNP0565483.0	0.8448275862068966
Mol_02574	2048	CNP0106841.4	0.7551020408163265
Mol_02616	2048	CNP0188241.1	0.8928571428571429
Mol_02617	2048	CNP0409961.1	0.8169014084507042
Mol_02618	2048	CNP0409961.1	0.8169014084507042
Mol_02619	2048	CNP0409961.1	0.5662650602409639
Mol_02620	2048	CNP0409961.1	0.6493506493506493
Mol_02621	2048	CNP0409961.1	0.6493506493506493
Mol_02622	2048	CNP0318875.3	0.6307692307692307
Mol_02625	2048	CNP0135315.1	0.6818181818181818
Mol_02630	2048	CNP0142639.5	0.8194444444444444
Mol_02631	2048	CNP0584897.1	0.3763440860215054
Mol_02632	2048	CNP0321616.1	0.5087719298245614
Mol_02633	2048	CNP0372824.1	0.5058823529411764
Mol_02634	2048	CNP0287180.1	0.3870967741935484
Mol_02635	2048	CNP0166331.1	0.5714285714285714
Mol_02636	2048	CNP0321616.1	0.4655172413793103
Mol_02637	2048	CNP0581262.1	0.3809523809523809
Mol_02638	2048	CNP0372824.1	0.6388888888888888
Mol_02639	2048	CNP0372824.1	0.6811594202898551
Mol_02640	2048	CNP0353826.1	0.746268656716418
Mol_02641	2048	CNP0372824.1	0.3939393939393939
Mol_02642	2048	CNP0372824.1	0.6857142857142857
Mol_02643	2048	CNP0372824.1	0.5949367088607594
Mol_02644	2048	CNP0410011.0	0.6451612903225806
Mol_02671	2048	CNP0351399.1	0.373134328358209
Mol_02672	2048	CNP0104669.1	0.4444444444444444
Mol_02676	2048	CNP0265794.0	0.7058823529411765
Mol_02677	2048	CNP0232078.1	0.76
Mol_02695	2048	CNP0287421.1	0.7843137254901961
Mol_02696	2048	CNP0211699.1	0.7735849056603774
Mol_02702	2048	CNP0341368.1	0.4727272727272727
Mol_02704	2048	CNP0222918.1	0.3863636363636363
Mol_02705	2048	CNP0132312.3	0.5161290322580645
Mol_02707	2048	CNP0129542.0	0.4054054054054054
Mol_02709	2048	CNP0230789.0	0.5666666666666667
Mol_02713	2048	CNP0593366.2	0.2909090909090909
Mol_02714	2048	CNP0210482.1	0.3529411764705882
Mol_02717	2048	CNP0599868.0	0.3389830508474576
Mol_02722	2048	CNP0546152.0	0.3191489361702128
Mol_02726	2048	CNP0226088.4	0.5675675675675675
Mol_02727	2048	CNP0285805.0	0.6274509803921569
Mol_02751	2048	CNP0353541.0	0.6046511627906976
Mol_02781	2048	CNP0342229.2	0.7924528301886793
Mol_02782	2048	CNP0342229.2	0.7068965517241379
Mol_02787	2048	CNP0240206.1	0.6615384615384615
Mol_02788	2048	CNP0368767.11	0.3048780487804878
Mol_02789	2048	CNP0186616.3	0.45
Mol_02790	2048	CNP0570814.1	0.5178571428571429
Mol_02791	2048	CNP0570814.1	0.5
Mol_02794	2048	CNP0250979.1	0.6527777777777778
Mol_02795	2048	CNP0250979.1	0.6527777777777778
Mol_02796	2048	CNP0250979.1	0.6527777777777778
Mol_02797	2048	CNP0250979.1	0.6266666666666667
Mol_02798	2048	CNP0187609.3	0.7142857142857143
Mol_02808	2048	CNP0319683.1	0.4366197183098591
Mol_02809	2048	CNP0409545.3	0.4927536231884058
Mol_02812	2048	CNP0319683.1	0.4782608695652174
Mol_02813	2048	CNP0319683.1	0.5
Mol_02817	2048	CNP0351815.1	0.4583333333333333
Mol_02856	2048	CNP0187609.3	0.7142857142857143
Mol_02860	2048	CNP0333683.1	0.7272727272727273
Mol_02885	2048	CNP0231286.0	0.5652173913043478
Mol_02886	2048	CNP0231286.0	0.5652173913043478
Mol_02887	2048	CNP0231286.0	0.5652173913043478
Mol_02888	2048	CNP0231286.0	0.5652173913043478
Mol_02902	2048	CNP0284698.4	1.0
Mol_02903	2048	CNP0285400.5	0.5789473684210527
Mol_02912	2048	CNP0350607.0	0.66
Mol_02917	2048	CNP0180059.1	0.7794117647058824
Mol_02919	2048	CNP0205909.2	0.6865671641791045
Mol_02920	2048	CNP0283543.1	0.7313432835820896
Mol_02921	2048	CNP0184070.2	0.6419753086419753
Mol_02924	2048	CNP0216270.2	0.5222222222222223
Mol_02925	2048	CNP0194558.6	0.625
Mol_02931	2048	CNP0137270.1	0.5760869565217391
Mol_02934	2048	CNP0271226.4	0.6847826086956522
Mol_02938	2048	CNP0248314.1	0.5222222222222223
Mol_02945	2048	CNP0515503.1	0.5412844036697247
Mol_02946	2048	CNP0515503.1	0.5315315315315315
Mol_02947	2048	CNP0515503.1	0.5904761904761905
Mol_02948	2048	CNP0515503.1	0.6078431372549019
Mol_02949	2048	CNP0424019.1	0.4661016949152542
Mol_02950	2048	CNP0515503.1	0.62
Mol_02951	2048	CNP0433835.1	0.6206896551724138
Mol_02953	2048	CNP0137270.1	0.6455696202531646
Mol_02954	2048	CNP0515503.1	0.6989247311827957
Mol_02956	2048	CNP0140637.5	0.8375
Mol_02957	2048	CNP0337633.7	0.6567164179104478
Mol_02960	2048	CNP0515503.1	0.4956521739130435
Mol_02961	2048	CNP0155182.5	0.7261904761904762
Mol_02962	2048	CNP0255309.1	0.6276595744680851
Mol_02967	2048	CNP0103371.2	0.4786324786324786
Mol_02968	2048	CNP0103371.2	0.4789915966386555
Mol_02969	2048	CNP0103371.2	0.5765765765765766
Mol_02970	2048	CNP0103371.2	0.5887850467289719
Mol_02971	2048	CNP0103371.2	0.5178571428571429
Mol_02972	2048	CNP0180129.4	0.7294117647058823
Mol_02980	2048	CNP0167929.0	0.3970588235294117
Mol_03020	2048	CNP0200961.2	0.7377049180327869
Mol_03026	2048	CNP0148023.1	0.5747126436781609
Mol_03027	2048	CNP0372575.3	0.7027027027027027
Mol_03043	2048	CNP0082999.1	0.5904761904761905
Mol_03046	2048	CNP0266275.5	0.4305555555555556
Mol_03047	2048	CNP0134827.2	0.5652173913043478
Mol_03056	2048	CNP0547170.1	0.3725490196078431
Mol_03058	2048	CNP0432190.1	0.6984126984126984
Mol_03066	2048	CNP0565591.1	0.8805970149253731
Mol_03067	2048	CNP0251648.5	0.8795180722891566
Mol_03068	2048	CNP0565591.1	0.7464788732394366
Mol_03077	2048	CNP0317438.1	0.6527777777777778
Mol_03091	2048	CNP0272396.7	0.6666666666666666
Mol_03092	2048	CNP0197956.1	0.8552631578947368
Mol_03095	2048	CNP0181884.1	0.8333333333333334
Mol_03096	2048	CNP0180446.3	0.810126582278481
Mol_03097	2048	CNP0180446.3	0.9027777777777778
Mol_03098	2048	CNP0197956.1	0.9285714285714286
Mol_03099	2048	CNP0194992.1	0.7213114754098361
Mol_03100	2048	CNP0194992.1	0.7213114754098361
Mol_03101	2048	CNP0180446.3	0.6428571428571429
Mol_03103	2048	CNP0197956.1	0.4810126582278481
Mol_03106	2048	CNP0138660.2	0.8026315789473685
Mol_03108	2048	CNP0180446.3	0.8026315789473685
Mol_03110	2048	CNP0332151.1	0.5773195876288659
Mol_03111	2048	CNP0197956.1	0.5777777777777777
Mol_03118	2048	CNP0194992.1	0.59375
Mol_03125	2048	CNP0181884.1	0.8518518518518519
Mol_03126	2048	CNP0104719.2	0.7127659574468085
Mol_03127	2048	CNP0348307.3	0.6914893617021277
Mol_03128	2048	CNP0348307.3	0.6019417475728155
Mol_03134	2048	CNP0332151.1	0.8
Mol_03135	2048	CNP0415864.5	0.863013698630137
Mol_03141	2048	CNP0077682.1	0.6724137931034483
Mol_03145	2048	CNP0138660.2	0.9166666666666666
Mol_03161	2048	CNP0197956.1	0.6538461538461539
Mol_03162	2048	CNP0181884.1	0.8333333333333334
Mol_03179	2048	CNP0544943.1	0.4807692307692308
Mol_03198	2048	CNP0078616.1	0.5208333333333334
Mol_03199	2048	CNP0305578.3	0.48
Mol_03200	2048	CNP0351870.1	0.5098039215686274
Mol_03201	2048	CNP0066977.4	0.5185185185185185
Mol_03206	2048	CNP0287556.2	0.3225806451612903
Mol_03207	2048	CNP0199574.1	0.4545454545454545
Mol_03208	2048	CNP0131601.1	0.4210526315789473
Mol_03210	2048	CNP0376628.1	0.6590909090909091
Mol_03228	2048	CNP0336240.0	0.7837837837837838
Mol_03229	2048	CNP0336240.0	0.7804878048780488
Mol_03230	2048	CNP0336240.0	0.675
Mol_03231	2048	CNP0336240.0	0.574468085106383
Mol_03232	2048	CNP0342229.2	0.5925925925925926
Mol_03234	2048	CNP0342229.2	0.8043478260869565
Mol_03239	2048	CNP0135315.1	0.6984126984126984
Mol_03240	2048	CNP0275318.3	0.9166666666666666
Mol_03241	2048	CNP0275318.3	0.7818181818181819
Mol_03255	2048	CNP0304879.1	0.6938775510204082
Mol_03256	2048	CNP0152738.4	0.5185185185185185
Mol_03257	2048	CNP0335169.3	0.6470588235294118
Mol_03265	2048	CNP0304879.1	0.576271186440678
Mol_03273	2048	CNP0142378.1	0.3636363636363636
Mol_03288	2048	CNP0588170.1	0.6216216216216216
Mol_03290	2048	CNP0353940.1	0.4107142857142857
Mol_03306	2048	CNP0264196.0	0.6285714285714286
Mol_03307	2048	CNP0123101.0	0.6976744186046512
Mol_03308	2048	CNP0553878.1	0.6031746031746031
Mol_03335	2048	CNP0188742.2	0.4897959183673469
Mol_03345	2048	CNP0380405.3	0.4603174603174603
Mol_03346	2048	CNP0277259.2	0.6078431372549019
Mol_03348	2048	CNP0283478.1	0.7169811320754716
Mol_03349	2048	CNP0380405.3	0.7142857142857143
Mol_03350	2048	CNP0530101.1	0.5416666666666666
Mol_03351	2048	CNP0229831.2	0.7540983606557377
Mol_03354	2048	CNP0208199.1	0.7142857142857143
Mol_03355	2048	CNP0517671.1	0.5
Mol_03356	2048	CNP0276692.2	0.7692307692307693
Mol_03365	2048	CNP0549200.1	0.2941176470588235
Mol_03366	2048	CNP0549200.1	0.3048780487804878
Mol_03367	2048	CNP0293143.1	0.2545454545454545
Mol_03368	2048	CNP0549200.1	0.2475247524752475
Mol_03369	2048	CNP0549200.1	0.2427184466019417
Mol_03370	2048	CNP0300703.2	0.25
Mol_03371	2048	CNP0544760.2	0.2649572649572649
Mol_03373	2048	CNP0505478.0	0.2923076923076923
Mol_03374	2048	CNP0549200.1	0.2873563218390804
Mol_03375	2048	CNP0549200.1	0.2790697674418604
Mol_03376	2048	CNP0072654.2	0.2604166666666667
Mol_03377	2048	CNP0072654.2	0.2551020408163265
Mol_03378	2048	CNP0549200.1	0.2873563218390804
Mol_03382	2048	CNP0219984.4	0.5
Mol_03395	2048	CNP0072534.2	0.5957446808510638
Mol_03399	2048	CNP0588170.1	0.6216216216216216
Mol_03401	2048	CNP0239818.2	0.5285714285714286
Mol_03412	2048	CNP0204732.0	0.6756756756756757
Mol_03413	2048	CNP0204732.0	1.0
Mol_03417	2048	CNP0204732.0	0.7105263157894737
Mol_03418	2048	CNP0204732.0	0.725
Mol_03419	2048	CNP0491782.0	0.6136363636363636
Mol_03420	2048	CNP0204732.0	0.6756756756756757
Mol_03426	2048	CNP0182315.0	0.6829268292682927
Mol_03427	2048	CNP0182315.0	0.6341463414634146
Mol_03428	2048	CNP0182315.0	0.6829268292682927
Mol_03435	2048	CNP0248291.3	0.5945945945945946
Mol_03438	2048	CNP0277846.13	0.7735849056603774
Mol_03439	2048	CNP0230769.2	0.6666666666666666
Mol_03440	2048	CNP0232074.0	0.7115384615384616
Mol_03452	2048	CNP0288920.0	0.6764705882352942
Mol_03458	2048	CNP0118326.0	0.6
Mol_03459	2048	CNP0152954.0	0.7428571428571429
Mol_03468	2048	CNP0566385.0	0.3846153846153846
Mol_03469	2048	CNP0045146.0	0.3043478260869565
Mol_03479	2048	CNP0230769.2	0.6666666666666666
Mol_03485	2048	CNP0131809.0	0.4745762711864407
Mol_03486	2048	CNP0432345.0	0.4047619047619047
Mol_03492	2048	CNP0109563.3	0.5208333333333334
Mol_03498	2048	CNP0200861.2	0.4356435643564356
Mol_03520	2048	CNP0260454.3	0.85
Mol_03521	2048	CNP0260454.3	0.85
Mol_03575	2048	CNP0269512.3	0.8148148148148148
Mol_03576	2048	CNP0347492.2	0.8275862068965517
Mol_03581	2048	CNP0276000.1	0.8275862068965517
Mol_03595	2048	CNP0397039.0	0.4027777777777778
Mol_03598	2048	CNP0217175.9	0.7246376811594203
Mol_03639	2048	CNP0454719.3	0.7419354838709677
Mol_03640	2048	CNP0466868.1	0.6612903225806451
Mol_03641	2048	CNP0138490.6	0.6226415094339622
Mol_03642	2048	CNP0138490.6	0.6226415094339622
Mol_03659	2048	CNP0387028.3	0.4090909090909091
Mol_03661	2048	CNP0188694.1	0.3555555555555555
Mol_03662	2048	CNP0188694.1	0.3555555555555555
Mol_03663	2048	CNP0497311.1	0.2678571428571428
Mol_03664	2048	CNP0122773.2	0.2727272727272727
Mol_03672	2048	CNP0387028.3	0.4090909090909091
Mol_03673	2048	CNP0224531.1	0.375
Mol_03674	2048	CNP0135405.1	0.4210526315789473
Mol_03675	2048	CNP0135405.1	0.4210526315789473
Mol_03676	2048	CNP0285180.1	0.4875
Mol_03677	2048	CNP0285180.1	0.4875
Mol_03678	2048	CNP0432535.2	0.4415584415584415
Mol_03679	2048	CNP0432535.2	0.4415584415584415
Mol_03680	2048	CNP0125764.2	0.7105263157894737
Mol_03681	2048	CNP0125764.2	0.7105263157894737
Mol_03682	2048	CNP0350744.0	0.6197183098591549
Mol_03683	2048	CNP0350744.0	0.6197183098591549
Mol_03684	2048	CNP0350744.0	0.639344262295082
Mol_03685	2048	CNP0350744.0	0.639344262295082
Mol_03686	2048	CNP0350744.0	0.6142857142857143
Mol_03687	2048	CNP0125764.2	0.6447368421052632
Mol_03688	2048	CNP0187266.1	0.8235294117647058
Mol_03689	2048	CNP0183392.3	0.8837209302325582
Mol_03691	2048	CNP0067439.4	0.6666666666666666
Mol_03693	2048	CNP0187266.1	0.8235294117647058
Mol_03694	2048	CNP0187266.1	0.8235294117647058
Mol_03697	2048	CNP0276276.5	0.8823529411764706
Mol_03698	2048	CNP0183392.3	0.9036144578313252
Mol_03699	2048	CNP0183392.3	0.9036144578313252
Mol_03704	2048	CNP0067439.4	0.6282051282051282
Mol_03705	2048	CNP0134235.6	0.74
Mol_03707	2048	CNP0298736.4	0.6714285714285714
Mol_03721	2048	CNP0150261.3	0.3793103448275862
Mol_03730	2048	CNP0166680.1	0.3684210526315789
Mol_03732	2048	CNP0132352.2	0.5
Mol_03734	2048	CNP0132352.2	0.5
Mol_03739	2048	CNP0166680.1	0.3846153846153846
Mol_03740	2048	CNP0249953.2	0.3777777777777777
Mol_03741	2048	CNP0166680.1	0.358974358974359
Mol_03742	2048	CNP0266446.1	0.575
Mol_03743	2048	CNP0113292.2	0.5283018867924528
Mol_03745	2048	CNP0166680.1	0.3777777777777777
Mol_03748	2048	CNP0266446.1	0.4791666666666667
Mol_03749	2048	CNP0132352.2	0.4782608695652174
Mol_03751	2048	CNP0276935.1	0.4444444444444444
Mol_03752	2048	CNP0260472.1	0.4468085106382978
Mol_03753	2048	CNP0132352.2	0.7
Mol_03754	2048	CNP0166680.1	0.4102564102564102
Mol_03755	2048	CNP0426145.1	0.5319148936170213
Mol_03756	2048	CNP0273721.1	0.4897959183673469
Mol_03757	2048	CNP0266446.1	0.4230769230769231
Mol_03758	2048	CNP0204865.3	0.325
Mol_03762	2048	CNP0426145.1	0.2982456140350877
Mol_03763	2048	CNP0132352.2	0.4489795918367347
Mol_03764	2048	CNP0166680.1	0.3863636363636363
Mol_03768	2048	CNP0276935.1	0.4897959183673469
Mol_03769	2048	CNP0132352.2	0.4897959183673469
Mol_03770	2048	CNP0336769.0	0.4642857142857143
Mol_03771	2048	CNP0336769.0	0.4642857142857143
Mol_03772	2048	CNP0068995.1	0.6730769230769231
Mol_03774	2048	CNP0532034.3	0.5961538461538461
Mol_03777	2048	CNP0166680.1	0.4736842105263157
Mol_03784	2048	CNP0532034.3	0.4838709677419355
Mol_03785	2048	CNP0136758.7	0.5858585858585859
Mol_03786	2048	CNP0136758.7	0.4594594594594595
Mol_03791	2048	CNP0185845.3	0.6338028169014085
Mol_03793	2048	CNP0284432.1	0.4942528735632184
Mol_03795	2048	CNP0185845.3	0.5066666666666667
Mol_03796	2048	CNP0136758.7	0.5188679245283019
Mol_03797	2048	CNP0185845.3	0.6527777777777778
Mol_03798	2048	CNP0136758.7	0.6
Mol_03799	2048	CNP0113112.1	0.4880952380952381
Mol_03800	2048	CNP0229909.2	0.5813953488372093
Mol_03801	2048	CNP0229909.2	0.5813953488372093
Mol_03802	2048	CNP0284432.1	0.6075949367088608
Mol_03803	2048	CNP0331000.2	0.7105263157894737
Mol_03804	2048	CNP0208731.3	0.7368421052631579
Mol_03805	2048	CNP0113112.1	0.4880952380952381
Mol_03810	2048	CNP0547435.0	0.6363636363636364
Mol_03812	2048	CNP0144656.1	0.6730769230769231
Mol_03842	2048	CNP0528107.1	0.7341772151898734
Mol_03844	2048	CNP0221911.2	0.639344262295082
Mol_03847	2048	CNP0287160.1	0.576271186440678
Mol_03849	2048	CNP0287160.1	0.55
Mol_03850	2048	CNP0228818.0	0.627906976744186
Mol_03859	2048	CNP0424851.1	0.8307692307692308
Mol_03866	2048	CNP0567317.0	0.6086956521739131
Mol_03871	2048	CNP0150465.5	0.5280898876404494
Mol_03874	2048	CNP0426347.1	0.6810344827586207
Mol_03946	2048	CNP0576104.1	0.9629629629629628
Mol_03947	2048	CNP0576104.1	0.8666666666666667
Mol_03948	2048	CNP0576104.1	0.896551724137931
Mol_03949	2048	CNP0209370.1	0.5909090909090909
Mol_03950	2048	CNP0217925.5	0.671875
Mol_03951	2048	CNP0257148.2	0.7288135593220338
Mol_03952	2048	CNP0209370.1	0.6774193548387096
Mol_03955	2048	CNP0201607.1	0.4487179487179487
Mol_03956	2048	CNP0209370.1	0.6119402985074627
Mol_03957	2048	CNP0548451.1	0.4696969696969697
Mol_03958	2048	CNP0209370.1	0.4084507042253521
Mol_03959	2048	CNP0209370.1	0.7192982456140351
Mol_03961	2048	CNP0174063.1	0.3389830508474576
Mol_03962	2048	CNP0174063.1	0.3389830508474576
Mol_03980	2048	CNP0223869.2	0.8205128205128205
Mol_03981	2048	CNP0591946.0	0.8297872340425532
Mol_03982	2048	CNP0223869.2	0.8767123287671232
Mol_03983	2048	CNP0223869.2	0.7619047619047619
Mol_03984	2048	CNP0223869.2	0.8205128205128205
Mol_03986	2048	CNP0124932.3	0.6804123711340206
Mol_03987	2048	CNP0200040.2	0.6262626262626263
Mol_03991	2048	CNP0194328.0	0.5
Mol_04001	2048	CNP0254195.3	0.7534246575342466
Mol_04013	2048	CNP0423934.2	0.7931034482758621
Mol_04029	2048	CNP0178480.1	0.8152173913043478
Mol_04030	2048	CNP0178480.1	0.7128712871287128
Mol_04031	2048	CNP0178480.1	0.69
Mol_04032	2048	CNP0178480.1	0.5742574257425742
Mol_04042	2048	CNP0178480.1	0.6091954022988506
Mol_04043	2048	CNP0189918.2	0.546875
Mol_04044	2048	CNP0197212.3	0.5967741935483871
Mol_04046	2048	CNP0212663.2	0.5538461538461539
Mol_04048	2048	CNP0201721.9	0.6078431372549019
Mol_04049	2048	CNP0048354.2	0.9693877551020408
Mol_04050	2048	CNP0198956.11	0.5316455696202531
Mol_04059	2048	CNP0199783.1	0.4285714285714285
Mol_04060	2048	CNP0316848.0	0.55
Mol_04061	2048	CNP0353403.1	0.463768115942029
Mol_04062	2048	CNP0086624.0	0.7402597402597403
Mol_04063	2048	CNP0086624.0	0.75
Mol_04064	2048	CNP0086624.0	0.5529411764705883
Mol_04065	2048	CNP0348333.3	0.4698795180722891
Mol_04066	2048	CNP0140829.0	0.5263157894736842
Mol_04067	2048	CNP0316848.0	0.6052631578947368
Mol_04068	2048	CNP0148860.0	0.5434782608695652
Mol_04069	2048	CNP0321543.2	0.6458333333333334
Mol_04070	2048	CNP0321543.2	0.8260869565217391
Mol_04073	2048	CNP0509741.1	0.6323529411764706
Mol_04087	2048	CNP0121139.1	0.2777777777777778
Mol_04088	2048	CNP0326067.0	0.5625
Mol_04089	2048	CNP0502293.3	0.6190476190476191
Mol_04097	2048	CNP0173753.2	0.5
Mol_04100	2048	CNP0227977.3	0.559322033898305
Mol_04101	2048	CNP0227977.3	0.559322033898305
Mol_04104	2048	CNP0249479.0	0.8
Mol_04105	2048	CNP0148860.0	0.7272727272727273
Mol_04106	2048	CNP0249479.0	0.6829268292682927
Mol_04107	2048	CNP0234064.0	0.5581395348837209
Mol_04110	2048	CNP0181408.1	0.2631578947368421
Mol_04113	2048	CNP0175962.0	0.320754716981132
Mol_04114	2048	CNP0215747.1	0.7551020408163265
Mol_04125	2048	CNP0196524.1	0.5192307692307693
Mol_04126	2048	CNP0196524.1	0.5
Mol_04129	2048	CNP0162183.0	0.3902439024390244
Mol_04132	2048	CNP0509741.1	0.7076923076923077
Mol_04133	2048	CNP0549457.0	0.7254901960784313
Mol_04135	2048	CNP0226502.4	0.3255813953488372
Mol_04136	2048	CNP0432865.1	0.8813559322033898
Mol_04137	2048	CNP0213259.0	0.5384615384615384
Mol_04143	2048	CNP0159495.1	0.6724137931034483
Mol_04159	2048	CNP0509741.1	0.4307692307692308
Mol_04160	2048	CNP0509741.1	0.390625
Mol_04162	2048	CNP0509741.1	0.6551724137931034
Mol_04163	2048	CNP0509741.1	0.6515151515151515
Mol_04164	2048	CNP0509741.1	0.6716417910447762
Mol_04165	2048	CNP0509741.1	0.6470588235294118
Mol_04167	2048	CNP0222388.1	0.4516129032258064
Mol_04170	2048	CNP0453148.1	0.5857142857142857
Mol_04171	2048	CNP0127930.1	0.6515151515151515
Mol_04173	2048	CNP0378224.0	0.5882352941176471
Mol_04175	2048	CNP0290503.0	0.6774193548387096
Mol_04196	2048	CNP0452903.1	0.4642857142857143
Mol_04203	2048	CNP0137560.1	0.8225806451612904
Mol_04204	2048	CNP0137560.1	0.864406779661017
Mol_04205	2048	CNP0137560.1	0.864406779661017
Mol_04206	2048	CNP0137560.1	0.8095238095238095
Mol_04207	2048	CNP0137560.1	0.7936507936507936
Mol_04208	2048	CNP0137560.1	0.847457627118644
Mol_04210	2048	CNP0137560.1	0.75
Mol_04211	2048	CNP0137560.1	0.864406779661017
Mol_04212	2048	CNP0124629.1	0.7636363636363637
Mol_04228	2048	CNP0268314.2	0.3555555555555555
Mol_04232	2048	CNP0358053.1	0.42
Mol_04234	2048	CNP0264121.0	0.3076923076923077
Mol_04244	2048	CNP0078246.0	0.5925925925925926
Mol_04248	2048	CNP0156851.1	0.358974358974359
Mol_04256	2048	CNP0547861.0	0.3947368421052631
Mol_04266	2048	CNP0551915.1	0.3823529411764705
Mol_04269	2048	CNP0389229.1	0.8461538461538461
Mol_04280	2048	CNP0239952.6	0.6078431372549019
Mol_04281	2048	CNP0146780.3	0.4647887323943662
Mol_04282	2048	CNP0239952.6	0.6785714285714286
Mol_04283	2048	CNP0086724.3	0.4788732394366197
Mol_04284	2048	CNP0146780.3	0.5217391304347826
Mol_04291	2048	CNP0397959.1	0.6557377049180327
Mol_04292	2048	CNP0397959.1	0.85
Mol_04293	2048	CNP0397959.1	0.8225806451612904
Mol_04294	2048	CNP0397959.1	0.765625
Mol_04301	2048	CNP0086924.0	0.5862068965517241
Mol_04302	2048	CNP0489847.0	0.5
Mol_04303	2048	CNP0371170.1	0.7777777777777778
Mol_04304	2048	CNP0371170.1	0.6486486486486487
Mol_04305	2048	CNP0371170.1	0.8412698412698413
Mol_04314	2048	CNP0263547.2	0.7288135593220338
Mol_04315	2048	CNP0263547.2	0.6567164179104478
Mol_04316	2048	CNP0263547.2	0.5
Mol_04317	2048	CNP0263547.2	0.6956521739130435
Mol_04318	2048	CNP0263547.2	0.8709677419354839
Mol_04321	2048	CNP0198594.1	0.5853658536585366
Mol_04322	2048	CNP0294956.2	0.5405405405405406
Mol_04323	2048	CNP0099785.1	0.5641025641025641
Mol_04324	2048	CNP0521933.1	0.5581395348837209
Mol_04338	2048	CNP0433366.2	0.4047619047619047
Mol_04339	2048	CNP0433366.2	0.4047619047619047
Mol_04340	2048	CNP0155361.2	0.5897435897435898
Mol_04341	2048	CNP0155361.2	0.5897435897435898
Mol_04361	2048	CNP0239952.6	0.453125
Mol_04364	2048	CNP0397959.1	0.6617647058823529
Mol_04365	2048	CNP0397959.1	0.5194805194805194
Mol_04370	2048	CNP0211699.1	0.7735849056603774
Mol_04373	2048	CNP0273083.1	0.7931034482758621
Mol_04405	2048	CNP0336321.2	0.5774647887323944
Mol_04413	2048	CNP0322307.1	0.6428571428571429
Mol_04414	2048	CNP0322307.1	0.631578947368421
Mol_04416	2048	CNP0336321.2	0.5774647887323944
Mol_04417	2048	CNP0397959.1	0.4166666666666667
Mol_04430	2048	CNP0239952.6	0.453125
Mol_04431	2048	CNP0049588.4	0.5142857142857142
Mol_04433	2048	CNP0397959.1	0.8035714285714286
Mol_04449	2048	CNP0359917.0	0.5849056603773585
Mol_04462	2048	CNP0211669.1	0.5692307692307692
Mol_04463	2048	CNP0038681.1	0.4861111111111111
Mol_04464	2048	CNP0424309.1	0.6610169491525424
Mol_04465	2048	CNP0038681.1	0.7213114754098361
Mol_04551	2048	CNP0088176.3	0.6122448979591837
Mol_04552	2048	CNP0144768.1	0.6
Mol_04553	2048	CNP0136597.6	0.6862745098039216
Mol_04554	2048	CNP0144768.1	0.5357142857142857
Mol_04555	2048	CNP0266491.5	0.4666666666666667
Mol_04556	2048	CNP0494801.1	0.4509803921568627
Mol_04557	2048	CNP0144525.2	0.4615384615384615
Mol_04560	2048	CNP0389229.1	0.4756097560975609
Mol_04575	2048	CNP0317926.2	0.2903225806451613
Mol_04577	2048	CNP0243186.1	0.8205128205128205
Mol_04578	2048	CNP0049588.4	0.5735294117647058
Mol_04579	2048	CNP0397959.1	0.5072463768115942
Mol_04581	2048	CNP0197096.4	0.8095238095238095
Mol_04587	2048	CNP0239952.6	0.5230769230769231
Mol_04588	2048	CNP0239952.6	0.5272727272727272
Mol_04619	2048	CNP0263547.2	0.7794117647058824
Mol_04620	2048	CNP0263547.2	0.6133333333333333
Mol_04621	2048	CNP0263547.2	0.7794117647058824
Mol_04645	2048	CNP0298736.4	0.5151515151515151
Mol_04646	2048	CNP0193444.1	0.5
Mol_04647	2048	CNP0298736.4	0.6329113924050633
Mol_04648	2048	CNP0154711.8	0.49
Mol_04649	2048	CNP0298736.4	0.627906976744186
Mol_04690	2048	CNP0196591.10	0.8888888888888888
Mol_04692	2048	CNP0258112.2	0.8488372093023255
Mol_04726	2048	CNP0200850.1	0.7391304347826086
Mol_04728	2048	CNP0302049.0	0.5813953488372093
Mol_04731	2048	CNP0192641.0	0.6585365853658537
Mol_04734	2048	CNP0135315.1	0.4938271604938271
Mol_04741	2048	CNP0487993.0	0.6170212765957447
Mol_04753	2048	CNP0265175.1	0.352112676056338
Mol_04754	2048	CNP0265175.1	0.3243243243243243
Mol_04755	2048	CNP0092169.1	0.6909090909090909
Mol_04756	2048	CNP0106641.1	0.5714285714285714
Mol_04757	2048	CNP0221957.4	0.6428571428571429
Mol_04758	2048	CNP0273254.1	0.5869565217391305
Mol_04774	2048	CNP0144528.2	0.676923076923077
Mol_04777	2048	CNP0396934.1	0.5396825396825397
Mol_04783	2048	CNP0115375.0	0.2592592592592592
Mol_04785	2048	CNP0227058.0	0.7916666666666666
Mol_04794	2048	CNP0178480.1	0.7111111111111111
Mol_04796	2048	CNP0260360.1	0.8271604938271605
Mol_04797	2048	CNP0260360.1	0.868421052631579
Mol_04798	2048	CNP0260360.1	0.75
Mol_04799	2048	CNP0158753.5	0.9253731343283582
Mol_04811	2048	CNP0211699.1	0.6727272727272727
Mol_04812	2048	CNP0211699.1	0.6727272727272727
Mol_04813	2048	CNP0122256.0	0.6458333333333334
Mol_04814	2048	CNP0122256.0	0.6458333333333334
Mol_04942	2048	CNP0292478.5	0.4186046511627907
Mol_04956	2048	CNP0204117.1	0.5555555555555556
Mol_04966	2048	CNP0247484.1	0.6
Mol_04976	2048	CNP0263234.1	0.5
Mol_04978	2048	CNP0353859.1	0.3947368421052631
Mol_04979	2048	CNP0353859.1	0.3947368421052631
Mol_04980	2048	CNP0434229.1	0.4166666666666667
Mol_04981	2048	CNP0434229.1	0.4166666666666667
Mol_04982	2048	CNP0216812.0	0.5166666666666667
Mol_04983	2048	CNP0368567.3	0.5
Mol_04986	2048	CNP0045095.3	0.4923076923076923
Mol_05041	2048	CNP0264055.2	0.3863636363636363
Mol_05045	2048	CNP0356043.1	0.3953488372093023
Mol_05050	2048	CNP0302412.3	0.3555555555555555
Mol_05087	2048	CNP0221957.4	0.6428571428571429
Mol_05089	2048	CNP0544361.1	0.4666666666666667
Mol_05096	2048	CNP0323339.1	0.4705882352941176
Mol_05104	2048	CNP0152738.4	0.5185185185185185
Mol_05107	2048	CNP0278994.1	0.6065573770491803
Mol_05108	2048	CNP0278994.1	0.6166666666666667
Mol_05122	2048	CNP0201454.1	0.6938775510204082
Mol_05142	2048	CNP0337672.1	0.379746835443038
Mol_05143	2048	CNP0183531.1	0.4782608695652174
Mol_05144	2048	CNP0183531.1	0.4782608695652174
Mol_05151	2048	CNP0259516.1	0.4716981132075472
Mol_05152	2048	CNP0183531.1	0.4893617021276595
Mol_05153	2048	CNP0237560.1	0.5
Mol_05154	2048	CNP0237560.1	0.4038461538461538
Mol_05173	2048	CNP0214223.6	0.5869565217391305
Mol_05174	2048	CNP0129097.1	0.5681818181818182
Mol_05177	2048	CNP0277801.3	0.6436781609195402
Mol_05189	2048	CNP0515304.1	0.7931034482758621
Mol_05190	2048	CNP0147562.1	0.75
Mol_05191	2048	CNP0248313.1	0.8923076923076924
Mol_05192	2048	CNP0244914.2	0.684931506849315
Mol_05193	2048	CNP0128700.0	0.5
Mol_05209	2048	CNP0133015.1	0.3725490196078431
Mol_05211	2048	CNP0515304.1	0.8214285714285714
Mol_05212	2048	CNP0123531.0	0.7307692307692307
Mol_05213	2048	CNP0395190.0	0.5797101449275363
Mol_05214	2048	CNP0515304.1	0.7931034482758621
Mol_05219	2048	CNP0235567.0	0.6666666666666666
Mol_05231	2048	CNP0472457.0	0.4827586206896552
Mol_05241	2048	CNP0225386.3	0.3541666666666667
Mol_05260	2048	CNP0358052.0	0.6296296296296297
Mol_05265	2048	CNP0521616.1	0.5733333333333334
Mol_05268	2048	CNP0162410.1	0.4385964912280701
Mol_05269	2048	CNP0162410.1	0.4385964912280701
Mol_05270	2048	CNP0210686.6	0.7659574468085106
Mol_05277	2048	CNP0420881.1	0.7142857142857143
Mol_05279	2048	CNP0211699.1	0.7735849056603774
Mol_05281	2048	CNP0211699.1	0.7843137254901961
Mol_05283	2048	CNP0420881.1	0.8545454545454545
Mol_05284	2048	CNP0273083.1	0.7931034482758621
Mol_05285	2048	CNP0122256.0	0.4727272727272727
Mol_05292	2048	CNP0319234.0	0.84
Mol_05293	2048	CNP0420881.1	0.8545454545454545
Mol_05297	2048	CNP0130012.1	0.9393939393939394
Mol_05310	2048	CNP0342052.0	0.4054054054054054
Mol_05311	2048	CNP0280356.0	0.6875
Mol_05312	2048	CNP0080012.0	0.6
Mol_05313	2048	CNP0181289.0	0.7037037037037037
Mol_05314	2048	CNP0181289.0	0.7307692307692307
Mol_05336	2048	CNP0392480.1	0.6086956521739131
Mol_05338	2048	CNP0176985.3	0.5666666666666667
Mol_05339	2048	CNP0423501.1	0.4393939393939394
Mol_05340	2048	CNP0144967.3	0.64
Mol_05341	2048	CNP0257358.1	0.5283018867924528
Mol_05360	2048	CNP0288843.1	0.7068965517241379
Mol_05361	2048	CNP0288843.1	0.5625
Mol_05362	2048	CNP0153773.1	0.5555555555555556
Mol_05363	2048	CNP0153773.1	0.5555555555555556
Mol_05364	2048	CNP0147341.1	0.6557377049180327
Mol_05365	2048	CNP0294694.1	0.7666666666666667
Mol_05367	2048	CNP0206859.1	0.4626865671641791
Mol_05368	2048	CNP0256349.0	0.5192307692307693
Mol_05369	2048	CNP0300431.0	0.3703703703703703
Mol_05374	2048	CNP0270979.1	0.4473684210526316
Mol_05377	2048	CNP0153773.1	0.7121212121212122
Mol_05379	2048	CNP0211000.5	0.8333333333333334
Mol_05380	2048	CNP0147562.1	0.7931034482758621
Mol_05381	2048	CNP0147562.1	0.7627118644067796
Mol_05382	2048	CNP0278994.1	0.6271186440677966
Mol_05383	2048	CNP0278994.1	0.6379310344827587
Mol_05388	2048	CNP0147562.1	0.7037037037037037
Mol_05389	2048	CNP0147562.1	0.8214285714285714
Mol_05392	2048	CNP0248313.1	0.8787878787878788
Mol_05393	2048	CNP0147562.1	0.7894736842105263
Mol_05404	2048	CNP0426645.1	0.5098039215686274
Mol_05424	2048	CNP0173915.0	0.6
Mol_05430	2048	CNP0235125.1	0.5526315789473685
Mol_05452	2048	CNP0211699.1	0.8627450980392157
Mol_05456	2048	CNP0211699.1	0.8627450980392157
Mol_05470	2048	CNP0319234.0	0.84
Mol_05483	2048	CNP0278994.1	0.5606060606060606
Mol_05484	2048	CNP0395190.0	0.4473684210526316
Mol_05485	2048	CNP0395190.0	0.4473684210526316
Mol_05486	2048	CNP0348998.5	0.4186046511627907
Mol_05487	2048	CNP0348998.5	0.4
Mol_05488	2048	CNP0348998.5	0.3829787234042553
Mol_05489	2048	CNP0348998.5	0.3932584269662921
Mol_05490	2048	CNP0348998.5	0.3977272727272727
Mol_05491	2048	CNP0310458.1	0.4482758620689655
Mol_05495	2048	CNP0115165.1	0.5
Mol_05496	2048	CNP0136357.3	0.4827586206896552
Mol_05503	2048	CNP0136357.3	0.82
Mol_05504	2048	CNP0276177.1	0.4084507042253521
Mol_05517	2048	CNP0215059.2	0.8148148148148148
Mol_05518	2048	CNP0375763.1	0.6428571428571429
Mol_05520	2048	CNP0153773.1	0.7741935483870968
Mol_05522	2048	CNP0153773.1	0.7121212121212122
Mol_05523	2048	CNP0153773.1	0.734375
Mol_05524	2048	CNP0375763.1	0.3918918918918919
Mol_05525	2048	CNP0288843.1	0.5373134328358209
Mol_05526	2048	CNP0147341.1	0.5147058823529411
Mol_05527	2048	CNP0288843.1	0.4155844155844156
Mol_05529	2048	CNP0147562.1	0.8363636363636363
Mol_05530	2048	CNP0147562.1	0.8035714285714286
Mol_05532	2048	CNP0147562.1	0.7627118644067796
Mol_05533	2048	CNP0515304.1	0.8518518518518519
Mol_05534	2048	CNP0381390.5	0.7166666666666667
Mol_05537	2048	CNP0318902.1	0.5737704918032787
Mol_05538	2048	CNP0348411.3	0.3939393939393939
Mol_05539	2048	CNP0292584.1	0.5185185185185185
Mol_05541	2048	CNP0257358.1	0.6
Mol_05542	2048	CNP0375763.1	0.7037037037037037
Mol_05544	2048	CNP0358339.1	0.627906976744186
Mol_05546	2048	CNP0375763.1	0.6842105263157895
Mol_05548	2048	CNP0150926.4	0.59375
Mol_05549	2048	CNP0150926.4	0.6153846153846154
Mol_05552	2048	CNP0376628.1	0.6590909090909091
Mol_05553	2048	CNP0185366.2	0.625
Mol_05554	2048	CNP0178884.4	0.4883720930232558
Mol_05572	2048	CNP0202399.2	0.5
Mol_05578	2048	CNP0283314.1	0.6949152542372882
Mol_05585	2048	CNP0162410.1	0.4385964912280701
Mol_05586	2048	CNP0153773.1	0.7272727272727273
Mol_05587	2048	CNP0153773.1	0.7272727272727273
Mol_05588	2048	CNP0257358.1	0.4827586206896552
Mol_05596	2048	CNP0321006.2	0.5135135135135135
Mol_05597	2048	CNP0375763.1	0.6271186440677966
Mol_05598	2048	CNP0294694.1	0.5735294117647058
Mol_05599	2048	CNP0235347.2	0.58
Mol_05600	2048	CNP0375763.1	0.6428571428571429
Mol_05601	2048	CNP0153773.1	0.7272727272727273
Mol_05602	2048	CNP0153773.1	0.7121212121212122
Mol_05605	2048	CNP0153773.1	0.65
Mol_05615	2048	CNP0259516.1	0.4705882352941176
Mol_05616	2048	CNP0360519.3	0.3962264150943396
Mol_05617	2048	CNP0420469.1	0.4117647058823529
Mol_05618	2048	CNP0185366.2	0.625
Mol_05619	2048	CNP0276880.1	0.3898305084745763
Mol_05620	2048	CNP0160411.1	0.5681818181818182
Mol_05621	2048	CNP0178884.4	0.4883720930232558
Mol_05622	2048	CNP0078616.1	0.5625
Mol_05623	2048	CNP0108622.5	0.5510204081632653
Mol_05624	2048	CNP0210530.8	0.5833333333333334
Mol_05625	2048	CNP0203397.5	0.6428571428571429
Mol_05627	2048	CNP0254967.1	0.6842105263157895
Mol_05628	2048	CNP0254967.1	0.4489795918367347
Mol_05629	2048	CNP0348411.3	0.4285714285714285
Mol_05632	2048	CNP0192705.1	0.4444444444444444
Mol_05633	2048	CNP0192973.1	0.4354838709677419
Mol_05634	2048	CNP0131601.1	0.6792452830188679
Mol_05635	2048	CNP0250223.2	0.4107142857142857
Mol_05636	2048	CNP0129859.1	0.5918367346938775
Mol_05638	2048	CNP0219374.1	0.490566037735849
Mol_05639	2048	CNP0234504.3	0.5686274509803921
Mol_05640	2048	CNP0234504.3	0.5686274509803921
Mol_05641	2048	CNP0131320.1	0.5932203389830508
Mol_05642	2048	CNP0131320.1	0.5932203389830508
Mol_05644	2048	CNP0131320.1	0.7608695652173914
Mol_05655	2048	CNP0420881.1	0.8545454545454545
Mol_05656	2048	CNP0319234.0	0.84
Mol_05658	2048	CNP0139090.3	0.7166666666666667
Mol_05662	2048	CNP0119003.1	0.5666666666666667
Mol_05668	2048	CNP0119003.1	0.5483870967741935
Mol_05673	2048	CNP0421763.0	0.3538461538461538
Mol_05684	2048	CNP0078616.1	0.48
Mol_05685	2048	CNP0108622.5	0.6666666666666666
Mol_05686	2048	CNP0108622.5	0.6666666666666666
Mol_05687	2048	CNP0078616.1	0.6888888888888889
Mol_05688	2048	CNP0078616.1	0.6888888888888889
Mol_05690	2048	CNP0131601.1	0.6724137931034483
Mol_05691	2048	CNP0131601.1	0.6792452830188679
Mol_05692	2048	CNP0559056.1	0.5454545454545454
Mol_05693	2048	CNP0066977.4	0.8260869565217391
Mol_05694	2048	CNP0131601.1	0.6724137931034483
Mol_05695	2048	CNP0131601.1	0.6166666666666667
Mol_05696	2048	CNP0328798.1	0.4444444444444444
Mol_05697	2048	CNP0129859.1	0.5918367346938775
Mol_05698	2048	CNP0108622.5	0.5306122448979592
Mol_05710	2048	CNP0129859.1	0.6458333333333334
Mol_05711	2048	CNP0205525.6	0.6938775510204082
Mol_05720	2048	CNP0201454.1	0.6938775510204082
Mol_05723	2048	CNP0207008.0	0.4736842105263157
Mol_05724	2048	CNP0249008.2	0.4833333333333333
Mol_05725	2048	CNP0307859.1	0.4492753623188406
Mol_05726	2048	CNP0494801.1	0.4807692307692308
Mol_05727	2048	CNP0208296.1	0.4166666666666667
Mol_05733	2048	CNP0161839.0	0.5443037974683544
Mol_05734	2048	CNP0161839.0	0.3595505617977528
Mol_05735	2048	CNP0161839.0	0.6829268292682927
Mol_05736	2048	CNP0161839.0	0.4891304347826087
Mol_05740	2048	CNP0208296.1	0.4677419354838709
Mol_05741	2048	CNP0208296.1	0.6290322580645161
Mol_05742	2048	CNP0385100.1	0.625
Mol_05764	2048	CNP0337672.1	0.7903225806451613
Mol_05769	2048	CNP0397959.1	0.4166666666666667
Mol_05770	2048	CNP0229364.3	0.4782608695652174
Mol_05780	2048	CNP0229364.3	0.4782608695652174
Mol_05798	2048	CNP0129859.1	0.5918367346938775
Mol_05799	2048	CNP0323662.1	0.6744186046511628
Mol_05806	2048	CNP0178884.4	0.4883720930232558
Mol_05807	2048	CNP0251716.1	0.58
Mol_05808	2048	CNP0108622.5	0.6666666666666666
Mol_05809	2048	CNP0108622.5	0.5102040816326531
Mol_05810	2048	CNP0505559.0	0.5454545454545454
Mol_05811	2048	CNP0237560.1	0.75
Mol_05812	2048	CNP0183531.1	0.4347826086956521
Mol_05815	2048	CNP0237560.1	0.4038461538461538
Mol_05820	2048	CNP0125328.0	0.6222222222222222
Mol_05821	2048	CNP0196982.1	0.4807692307692308
Mol_05823	2048	CNP0237560.1	0.4285714285714285
Mol_05835	2048	CNP0132232.1	0.360655737704918
Mol_05867	2048	CNP0456654.1	0.5641025641025641
Mol_05869	2048	CNP0361186.0	0.7647058823529411
Mol_05877	2048	CNP0098654.0	0.5806451612903226
Mol_05879	2048	CNP0153870.0	0.8095238095238095
Mol_05881	2048	CNP0154670.1	0.639344262295082
Mol_05882	2048	CNP0304813.1	0.6081081081081081
Mol_05883	2048	CNP0192793.3	0.6274509803921569
Mol_05884	2048	CNP0154670.1	0.7377049180327869
Mol_05931	2048	CNP0203287.5	0.7384615384615385
Mol_05932	2048	CNP0405043.2	0.6470588235294118
Mol_05933	2048	CNP0154670.1	0.4320987654320987
Mol_05935	2048	CNP0365648.3	0.7931034482758621
Mol_05936	2048	CNP0383959.1	0.7241379310344828
Mol_05946	2048	CNP0426645.1	0.6888888888888889
Mol_05949	2048	CNP0203287.5	0.6231884057971014
Mol_05951	2048	CNP0162470.5	0.6428571428571429
Mol_05952	2048	CNP0176985.3	0.8245614035087719
Mol_05953	2048	CNP0239273.2	0.6470588235294118
Mol_05954	2048	CNP0176985.3	0.7586206896551724
Mol_05955	2048	CNP0210506.1	0.6153846153846154
Mol_05959	2048	CNP0189809.1	0.7727272727272727
Mol_06033	2048	CNP0284252.1	0.7450980392156863
Mol_06036	2048	CNP0187661.6	0.5471698113207547
Mol_06037	2048	CNP0079788.0	0.717948717948718
Mol_06047	2048	CNP0339640.1	0.3225806451612903
Mol_06053	2048	CNP0055236.7	0.3947368421052631
Mol_06054	2048	CNP0254953.1	0.4492753623188406
Mol_06055	2048	CNP0293488.3	0.4852941176470588
Mol_06056	2048	CNP0304953.2	0.3478260869565217
Mol_06057	2048	CNP0304953.2	0.4347826086956521
Mol_06058	2048	CNP0106933.1	0.4210526315789473
Mol_06059	2048	CNP0265652.2	0.5294117647058824
Mol_06060	2048	CNP0265652.2	0.3733333333333333
Mol_06061	2048	CNP0005228.2	0.4266666666666667
Mol_06062	2048	CNP0550412.0	0.4473684210526316
Mol_06063	2048	CNP0265652.2	0.5294117647058824
Mol_06064	2048	CNP0265652.2	0.3733333333333333
Mol_06065	2048	CNP0005228.2	0.4266666666666667
Mol_06066	2048	CNP0550412.0	0.4473684210526316
Mol_06067	2048	CNP0229364.3	0.5625
Mol_06071	2048	CNP0293488.3	0.4571428571428571
Mol_06072	2048	CNP0325976.3	0.380281690140845
Mol_06073	2048	CNP0005228.2	0.3717948717948718
Mol_06074	2048	CNP0550412.0	0.4666666666666667
Mol_06075	2048	CNP0293488.3	0.4705882352941176
Mol_06076	2048	CNP0325976.3	0.3714285714285714
Mol_06077	2048	CNP0005228.2	0.4
Mol_06078	2048	CNP0550412.0	0.4794520547945205
Mol_06079	2048	CNP0229364.3	0.5223880597014925
Mol_06080	2048	CNP0157330.2	0.3857142857142857
Mol_06081	2048	CNP0005228.2	0.4266666666666667
Mol_06082	2048	CNP0304953.2	0.4477611940298507
Mol_06083	2048	CNP0550412.0	0.4473684210526316
Mol_06084	2048	CNP0229364.3	0.5
Mol_06085	2048	CNP0229364.3	0.4929577464788732
Mol_06086	2048	CNP0229364.3	0.4794520547945205
Mol_06087	2048	CNP0229364.3	0.5384615384615384
Mol_06088	2048	CNP0157330.2	0.391304347826087
Mol_06089	2048	CNP0241146.1	0.4189189189189189
Mol_06090	2048	CNP0550412.0	0.4533333333333333
Mol_06091	2048	CNP0229364.3	0.5454545454545454
Mol_06095	2048	CNP0220912.2	0.3448275862068966
Mol_06101	2048	CNP0280356.0	0.4444444444444444
Mol_06105	2048	CNP0601127.1	0.532258064516129
Mol_06106	2048	CNP0370616.1	0.3392857142857143
Mol_06107	2048	CNP0361805.1	0.5
Mol_06108	2048	CNP0251608.1	0.4545454545454545
Mol_06109	2048	CNP0227687.0	0.4444444444444444
Mol_06110	2048	CNP0217657.2	0.673469387755102
Mol_06111	2048	CNP0192986.1	0.4909090909090909
Mol_06112	2048	CNP0131601.1	0.6166666666666667
Mol_06113	2048	CNP0131601.1	0.6724137931034483
Mol_06114	2048	CNP0131601.1	0.6166666666666667
Mol_06115	2048	CNP0131601.1	0.6724137931034483
Mol_06116	2048	CNP0131601.1	0.6792452830188679
Mol_06117	2048	CNP0131601.1	0.6792452830188679
Mol_06118	2048	CNP0251716.1	0.58
Mol_06119	2048	CNP0078616.1	0.48
Mol_06120	2048	CNP0108622.5	0.5102040816326531
Mol_06121	2048	CNP0108622.5	0.5098039215686274
Mol_06130	2048	CNP0256840.1	0.6212121212121212
Mol_06131	2048	CNP0288843.1	0.5151515151515151
Mol_06143	2048	CNP0342378.1	0.5652173913043478
Mol_06144	2048	CNP0144967.3	0.5576923076923077
Mol_06146	2048	CNP0183494.1	0.4626865671641791
Mol_06147	2048	CNP0183494.1	0.4626865671641791
Mol_06148	2048	CNP0256840.1	0.5652173913043478
Mol_06149	2048	CNP0256840.1	0.6818181818181818
Mol_06153	2048	CNP0226490.2	0.7391304347826086
Mol_06154	2048	CNP0108622.5	0.4727272727272727
Mol_06155	2048	CNP0108622.5	0.4716981132075472
Mol_06156	2048	CNP0192973.1	0.45
Mol_06159	2048	CNP0108622.5	0.4727272727272727
Mol_06160	2048	CNP0323662.1	0.4705882352941176
Mol_06161	2048	CNP0131601.1	0.6792452830188679
Mol_06162	2048	CNP0559056.1	0.6290322580645161
Mol_06163	2048	CNP0237560.1	0.3888888888888889
Mol_06164	2048	CNP0108622.5	0.5102040816326531
Mol_06165	2048	CNP0108622.5	0.6818181818181818
Mol_06168	2048	CNP0137942.3	0.3392857142857143
Mol_06175	2048	CNP0276536.1	0.4677419354838709
Mol_06184	2048	CNP0162410.1	0.4385964912280701
Mol_06195	2048	CNP0421605.3	0.8333333333333334
Mol_06196	2048	CNP0287421.1	0.8775510204081632
Mol_06205	2048	CNP0534659.1	0.3492063492063492
Mol_06206	2048	CNP0534659.1	0.4032258064516129
Mol_06209	2048	CNP0276536.1	0.4677419354838709
Mol_06214	2048	CNP0323063.2	0.48
Mol_06215	2048	CNP0261613.2	0.5098039215686274
Mol_06222	2048	CNP0108622.5	0.4181818181818181
Mol_06229	2048	CNP0298381.2	0.6296296296296297
Mol_06230	2048	CNP0298381.2	0.8431372549019608
Mol_06231	2048	CNP0298381.2	0.8431372549019608
Mol_06232	2048	CNP0298381.2	0.7407407407407407
Mol_06235	2048	CNP0298381.2	0.7454545454545455
Mol_06236	2048	CNP0298381.2	0.5925925925925926
Mol_06254	2048	CNP0108622.5	0.4528301886792453
Mol_06255	2048	CNP0323662.1	0.5306122448979592
Mol_06256	2048	CNP0237560.1	0.3888888888888889
Mol_06258	2048	CNP0144967.3	0.5576923076923077
Mol_06259	2048	CNP0342378.1	0.5652173913043478
Mol_06260	2048	CNP0130793.4	0.5714285714285714
Mol_06265	2048	CNP0323662.1	0.4705882352941176
Mol_06266	2048	CNP0323662.1	0.5
Mol_06267	2048	CNP0196982.1	0.4642857142857143
Mol_06268	2048	CNP0196982.1	0.4561403508771929
Mol_06269	2048	CNP0323662.1	0.5306122448979592
Mol_06270	2048	CNP0144967.3	0.5576923076923077
Mol_06271	2048	CNP0144967.3	0.5576923076923077
Mol_06274	2048	CNP0342378.1	0.5652173913043478
Mol_06275	2048	CNP0256840.1	0.847457627118644
Mol_06276	2048	CNP0256840.1	0.671875
Mol_06294	2048	CNP0177262.4	0.6923076923076923
Mol_06305	2048	CNP0161551.3	0.74
Mol_06306	2048	CNP0161551.3	0.5692307692307692
Mol_06307	2048	CNP0323287.1	0.4864864864864865
Mol_06308	2048	CNP0407226.3	0.4367816091954023
Mol_06309	2048	CNP0407226.3	0.4269662921348314
Mol_06310	2048	CNP0295018.3	0.6428571428571429
Mol_06311	2048	CNP0356643.1	0.5813953488372093
Mol_06312	2048	CNP0356643.1	0.5813953488372093
Mol_06313	2048	CNP0293344.2	0.5098039215686274
Mol_06322	2048	CNP0348364.1	0.6666666666666666
Mol_06323	2048	CNP0364452.3	0.6888888888888889
Mol_06324	2048	CNP0348364.1	0.6875
Mol_06325	2048	CNP0348364.1	0.6346153846153846
Mol_06326	2048	CNP0200353.2	0.4754098360655737
Mol_06333	2048	CNP0292584.1	0.5185185185185185
Mol_06334	2048	CNP0187661.6	0.5094339622641509
Mol_06335	2048	CNP0245619.1	0.6271186440677966
Mol_06338	2048	CNP0279943.1	0.52
Mol_06352	2048	CNP0217290.1	0.575
Mol_06353	2048	CNP0387534.4	0.8064516129032258
Mol_06354	2048	CNP0314819.4	0.6557377049180327
Mol_06355	2048	CNP0215420.2	0.59375
Mol_06356	2048	CNP0215420.2	0.7931034482758621
Mol_06357	2048	CNP0215420.2	0.6774193548387096
Mol_06358	2048	CNP0310343.1	0.48
Mol_06359	2048	CNP0317533.2	0.6551724137931034
Mol_06360	2048	CNP0317533.2	0.6229508196721312
Mol_06361	2048	CNP0317533.2	0.5373134328358209
Mol_06362	2048	CNP0317533.2	0.5362318840579711
Mol_06363	2048	CNP0317533.2	0.5285714285714286
Mol_06373	2048	CNP0215420.2	0.6615384615384615
Mol_06376	2048	CNP0317533.2	0.6333333333333333
Mol_06377	2048	CNP0317533.2	0.5714285714285714
Mol_06380	2048	CNP0215420.2	0.6774193548387096
Mol_06381	2048	CNP0215420.2	0.7931034482758621
Mol_06388	2048	CNP0215420.2	0.5454545454545454
Mol_06410	2048	CNP0310343.1	0.5285714285714286
Mol_06412	2048	CNP0310343.1	0.4931506849315068
Mol_06418	2048	CNP0317533.2	0.6333333333333333
Mol_06424	2048	CNP0215420.2	0.7540983606557377
Mol_06455	2048	CNP0215420.2	0.5833333333333334
Mol_06515	2048	CNP0434985.1	0.4166666666666667
Mol_06516	2048	CNP0207008.0	0.4210526315789473
Mol_06517	2048	CNP0178527.1	0.5555555555555556
Mol_06518	2048	CNP0158878.3	0.3333333333333333
Mol_06519	2048	CNP0123153.1	0.6470588235294118
Mol_06520	2048	CNP0123153.1	0.7755102040816326
Mol_06521	2048	CNP0234760.1	0.6
Mol_06522	2048	CNP0494801.1	0.4901960784313725
Mol_06523	2048	CNP0134932.1	0.4150943396226415
Mol_06712	2048	CNP0249944.2	0.3548387096774194
Mol_06719	2048	CNP0237560.1	0.5869565217391305
Mol_06720	2048	CNP0259516.1	0.4901960784313725
Mol_06722	2048	CNP0348411.3	0.5862068965517241
Mol_06724	2048	CNP0348411.3	0.3846153846153846
Mol_06758	2048	CNP0266627.2	0.660377358490566
Mol_06759	2048	CNP0345200.4	0.4505494505494505
Mol_06760	2048	CNP0323287.1	0.4864864864864865
Mol_06763	2048	CNP0161551.3	0.74
Mol_06766	2048	CNP0161551.3	0.74
Mol_06767	2048	CNP0278994.1	0.6346153846153846
Mol_06768	2048	CNP0162470.5	0.45
Mol_06769	2048	CNP0407226.3	0.4470588235294118
Mol_06770	2048	CNP0345200.4	0.4505494505494505
Mol_06771	2048	CNP0320848.1	0.373134328358209
Mol_06772	2048	CNP0295832.1	0.5636363636363636
Mol_06773	2048	CNP0108622.5	0.4285714285714285
Mol_06774	2048	CNP0320848.1	0.4067796610169492
Mol_06784	2048	CNP0318902.1	0.5
Mol_06785	2048	CNP0318902.1	0.5
Mol_06786	2048	CNP0104972.2	0.58
Mol_06787	2048	CNP0107898.2	0.5882352941176471
Mol_06788	2048	CNP0124930.1	0.746031746031746
Mol_06789	2048	CNP0124930.1	0.746031746031746
Mol_06790	2048	CNP0118735.1	0.6923076923076923
Mol_06791	2048	CNP0118735.1	0.6875
Mol_06792	2048	CNP0118735.1	0.5522388059701493
Mol_06795	2048	CNP0107898.2	0.5882352941176471
Mol_06796	2048	CNP0104972.2	0.58
Mol_06797	2048	CNP0173987.1	0.4909090909090909
Mol_06798	2048	CNP0292584.1	0.5094339622641509
Mol_06803	2048	CNP0131601.1	0.6842105263157895
Mol_06804	2048	CNP0192973.1	0.4354838709677419
Mol_06806	2048	CNP0131601.1	0.6101694915254238
Mol_06807	2048	CNP0131601.1	0.6724137931034483
Mol_06808	2048	CNP0131601.1	0.6166666666666667
Mol_06812	2048	CNP0071547.0	0.2957746478873239
Mol_06816	2048	CNP0559056.1	0.6290322580645161
Mol_06817	2048	CNP0078616.1	0.6888888888888889
Mol_06819	2048	CNP0078616.1	0.3972602739726027
Mol_06820	2048	CNP0192973.1	0.3536585365853658
Mol_06822	2048	CNP0559056.1	0.5454545454545454
Mol_06823	2048	CNP0131601.1	0.6101694915254238
Mol_06824	2048	CNP0275466.1	0.5490196078431373
Mol_06825	2048	CNP0505559.0	0.5079365079365079
Mol_06826	2048	CNP0261613.2	0.4074074074074074
Mol_06828	2048	CNP0188742.2	0.392156862745098
Mol_06829	2048	CNP0426125.2	0.7209302325581395
Mol_06830	2048	CNP0259516.1	0.4615384615384615
Mol_06831	2048	CNP0419738.1	0.5106382978723404
Mol_06837	2048	CNP0360274.2	0.7076923076923077
Mol_06839	2048	CNP0250427.2	0.9
Mol_06840	2048	CNP0250427.2	0.8243243243243243
Mol_06841	2048	CNP0250427.2	0.7435897435897436
Mol_06842	2048	CNP0113934.1	0.6962025316455697
Mol_06860	2048	CNP0424103.0	0.5614035087719298
Mol_06868	2048	CNP0218377.0	0.5555555555555556
Mol_06879	2048	CNP0565929.1	0.5846153846153846
Mol_06894	2048	CNP0232257.0	0.6
Mol_06895	2048	CNP0142123.0	0.6666666666666666
Mol_06897	2048	CNP0098654.0	0.3695652173913043
Mol_06898	2048	CNP0098654.0	0.3695652173913043
Mol_06907	2048	CNP0344638.1	0.3108108108108108
Mol_06909	2048	CNP0162183.0	0.3783783783783784
Mol_06910	2048	CNP0228336.2	0.8032786885245902
Mol_06911	2048	CNP0365423.1	0.8333333333333334
Mol_06916	2048	CNP0154519.1	0.360655737704918
Mol_06917	2048	CNP0493851.1	0.3833333333333333
Mol_06918	2048	CNP0561635.0	0.3846153846153846
Mol_06919	2048	CNP0561635.0	0.3442622950819672
Mol_06923	2048	CNP0118306.0	0.4117647058823529
Mol_06926	2048	CNP0157371.0	0.4444444444444444
Mol_06930	2048	CNP0287416.0	0.3888888888888889
Mol_06936	2048	CNP0229752.0	0.5918367346938775
Mol_06938	2048	CNP0229752.0	0.5
Mol_06940	2048	CNP0229752.0	0.3676470588235294
Mol_06944	2048	CNP0152954.0	0.5675675675675675
Mol_06946	2048	CNP0152954.0	0.5833333333333334
Mol_06947	2048	CNP0359292.1	0.9347826086956522
Mol_06949	2048	CNP0228579.1	0.5818181818181818
Mol_06965	2048	CNP0101541.1	0.4857142857142857
Mol_06978	2048	CNP0203853.4	0.4
Mol_06980	2048	CNP0203853.4	0.3620689655172414
Mol_06982	2048	CNP0203853.4	0.4259259259259259
Mol_06984	2048	CNP0002793.0	0.3275862068965517
Mol_06986	2048	CNP0550313.0	0.365079365079365
Mol_07004	2048	CNP0144267.6	0.98
Mol_07005	2048	CNP0144267.6	0.9387755102040816
Mol_07006	2048	CNP0242355.2	1.0
Mol_07007	2048	CNP0171418.1	0.8888888888888888
Mol_07008	2048	CNP0277089.3	1.0
Mol_07009	2048	CNP0277089.3	1.0
Mol_07010	2048	CNP0277089.3	1.0
Mol_07011	2048	CNP0241820.0	0.425531914893617
Mol_07013	2048	CNP0234409.0	0.396551724137931
Mol_07015	2048	CNP0164607.0	0.4
Mol_07018	2048	CNP0191465.0	0.65
Mol_07028	2048	CNP0078165.0	0.4727272727272727
Mol_07035	2048	CNP0000257.0	0.36
Mol_07037	2048	CNP0000257.0	0.36
Mol_07038	2048	CNP0000257.0	0.36
Mol_07050	2048	CNP0166385.1	0.3103448275862069
Mol_07057	2048	CNP0359292.1	0.7346938775510204
Mol_07058	2048	CNP0359292.1	0.5535714285714286
Mol_07059	2048	CNP0210984.2	0.5
Mol_07060	2048	CNP0210984.2	0.4313725490196078
Mol_07062	2048	CNP0550313.0	0.365079365079365
Mol_07064	2048	CNP0208936.1	0.4516129032258064
Mol_07065	2048	CNP0216257.3	0.5178571428571429
Mol_07066	2048	CNP0216257.3	0.5882352941176471
Mol_07070	2048	CNP0208936.1	0.4516129032258064
Mol_07071	2048	CNP0359292.1	0.8163265306122449
Mol_07073	2048	CNP0302868.0	0.4333333333333333
Mol_07091	2048	CNP0293554.0	0.6
Mol_07092	2048	CNP0347793.0	0.5882352941176471
Mol_07093	2048	CNP0436436.0	0.55
Mol_07094	2048	CNP0586431.0	0.55
Mol_07095	2048	CNP0115890.0	0.4516129032258064
Mol_07096	2048	CNP0411416.0	0.4102564102564102
Mol_07098	2048	CNP0109775.0	0.65625
Mol_07099	2048	CNP0127424.0	0.5172413793103449
Mol_07101	2048	CNP0316848.0	0.7428571428571429
Mol_07102	2048	CNP0228818.0	0.5531914893617021
Mol_07103	2048	CNP0228818.0	0.6097560975609756
Mol_07104	2048	CNP0281802.0	0.6739130434782609
Mol_07106	2048	CNP0109775.0	0.6571428571428571
Mol_07110	2048	CNP0144296.0	0.6923076923076923
Mol_07111	2048	CNP0144296.0	0.851063829787234
Mol_07112	2048	CNP0144296.0	0.5555555555555556
Mol_07113	2048	CNP0144296.0	0.4861111111111111
Mol_07124	2048	CNP0316848.0	0.5769230769230769
Mol_07125	2048	CNP0236159.3	0.4626865671641791
Mol_07126	2048	CNP0211370.0	0.4444444444444444
Mol_07127	2048	CNP0231286.0	0.7254901960784313
Mol_07129	2048	CNP0018883.0	0.6491228070175439
Mol_07133	2048	CNP0144296.0	0.6129032258064516
Mol_07139	2048	CNP0135315.1	0.5194805194805194
Mol_07141	2048	CNP0291216.0	0.4883720930232558
Mol_07145	2048	CNP0190096.0	0.6666666666666666
Mol_07154	2048	CNP0487993.0	0.5161290322580645
Mol_07156	2048	CNP0487993.0	0.5483870967741935
Mol_07158	2048	CNP0316848.0	0.5185185185185185
Mol_07162	2048	CNP0316848.0	0.65
Mol_07182	2048	CNP0144296.0	0.4385964912280701
Mol_07183	2048	CNP0018883.0	0.7777777777777778
Mol_07184	2048	CNP0144296.0	0.8163265306122449
Mol_07185	2048	CNP0215582.0	0.6029411764705882
Mol_07187	2048	CNP0127621.0	0.3333333333333333
Mol_07189	2048	CNP0316848.0	0.4090909090909091
Mol_07214	2048	CNP0236159.3	0.5428571428571428
Mol_07215	2048	CNP0236159.3	0.5522388059701493
Mol_07229	2048	CNP0201863.1	0.5806451612903226
Mol_07235	2048	CNP0302049.0	0.631578947368421
Mol_07237	2048	CNP0302049.0	0.6410256410256411
Mol_07240	2048	CNP0316848.0	0.625
Mol_07241	2048	CNP0099898.1	0.6507936507936508
Mol_07242	2048	CNP0211370.0	0.6341463414634146
Mol_07254	2048	CNP0236159.3	0.578125
Mol_07255	2048	CNP0231286.0	0.803921568627451
Mol_07257	2048	CNP0201863.1	0.5342465753424658
Mol_07264	2048	CNP0128322.1	0.4642857142857143
Mol_07265	2048	CNP0135315.1	0.5063291139240507
Mol_07278	2048	CNP0298630.1	0.5121951219512195
Mol_07281	2048	CNP0336212.0	0.6666666666666666
Mol_07286	2048	CNP0216269.6	0.4938271604938271
Mol_07291	2048	CNP0181408.1	0.2558139534883721
Mol_07293	2048	CNP0321462.2	0.8888888888888888
Mol_07295	2048	CNP0321462.2	0.7317073170731707
Mol_07296	2048	CNP0321462.2	0.6588235294117647
Mol_07297	2048	CNP0321462.2	0.7073170731707317
Mol_07298	2048	CNP0321462.2	0.875
Mol_07303	2048	CNP0552082.0	0.5
Mol_07307	2048	CNP0321462.2	0.7866666666666666
Mol_07309	2048	CNP0321462.2	0.8
Mol_07310	2048	CNP0321462.2	0.6436781609195402
Mol_07311	2048	CNP0321462.2	0.6153846153846154
Mol_07318	2048	CNP0529245.2	0.6438356164383562
Mol_07319	2048	CNP0578922.1	0.6707317073170732
Mol_07327	2048	CNP0235567.0	0.5454545454545454
Mol_07328	2048	CNP0361186.0	0.7647058823529411
Mol_07329	2048	CNP0361186.0	0.7647058823529411
Mol_07330	2048	CNP0361186.0	0.7647058823529411
Mol_07331	2048	CNP0235567.0	0.7142857142857143
Mol_07332	2048	CNP0361186.0	0.7647058823529411
Mol_07333	2048	CNP0361186.0	0.7647058823529411
Mol_07334	2048	CNP0361186.0	0.7647058823529411
Mol_07335	2048	CNP0361186.0	0.7647058823529411
Mol_07336	2048	CNP0361186.0	0.7647058823529411
Mol_07353	2048	CNP0361186.0	0.8125
Mol_07357	2048	CNP0235567.0	0.7142857142857143
Mol_07388	2048	CNP0157371.0	0.6086956521739131
Mol_07389	2048	CNP0341381.0	0.6296296296296297
Mol_07421	2048	CNP0235567.0	0.5652173913043478
Mol_07428	2048	CNP0341381.0	0.5357142857142857
Mol_07449	2048	CNP0235567.0	0.7142857142857143
Mol_07523	2048	CNP0185184.2	0.4791666666666667
Mol_07535	2048	CNP0018384.0	0.5636363636363636
Mol_07537	2048	CNP0365648.3	0.765625
Mol_07538	2048	CNP0365648.3	0.765625
Mol_07562	2048	CNP0562059.0	0.875
Mol_07578	2048	CNP0172775.1	0.5735294117647058
Mol_07579	2048	CNP0120043.2	0.4615384615384615
Mol_07580	2048	CNP0245387.1	0.5294117647058824
Mol_07581	2048	CNP0154895.1	0.3793103448275862
Mol_07582	2048	CNP0079367.0	0.4
Mol_07583	2048	CNP0211106.1	0.3166666666666666
Mol_07584	2048	CNP0120043.2	0.5869565217391305
Mol_07585	2048	CNP0257148.2	0.6065573770491803
Mol_07586	2048	CNP0189571.2	0.4893617021276595
Mol_07587	2048	CNP0234478.8	0.4090909090909091
Mol_07588	2048	CNP0237037.3	0.5192307692307693
Mol_07589	2048	CNP0177618.1	0.4150943396226415
Mol_07590	2048	CNP0202796.2	0.484375
Mol_07592	2048	CNP0245387.1	0.4693877551020408
Mol_07593	2048	CNP0139030.2	0.625
Mol_07596	2048	CNP0233957.1	0.8390804597701149
Mol_07597	2048	CNP0289663.2	0.5128205128205128
Mol_07598	2048	CNP0262355.1	0.4285714285714285
Mol_07605	2048	CNP0124190.1	0.4038461538461538
Mol_07606	2048	CNP0079367.0	0.5957446808510638
Mol_07608	2048	CNP0289067.3	0.4705882352941176
Mol_07613	2048	CNP0177618.1	0.3962264150943396
Mol_07644	2048	CNP0085995.0	0.2857142857142857
Mol_07650	2048	CNP0478589.0	0.5
Mol_07658	2048	CNP0087769.0	0.45
Mol_07661	2048	CNP0562059.0	0.4878048780487805
Mol_07665	2048	CNP0173915.0	0.6
Mol_07676	2048	CNP0149260.2	0.6721311475409836
Mol_07680	2048	CNP0199266.11	0.6825396825396826
Mol_07681	2048	CNP0199266.11	0.6615384615384615
Mol_07683	2048	CNP0199266.11	0.6615384615384615
Mol_07684	2048	CNP0333666.1	0.6615384615384615
Mol_07685	2048	CNP0377310.1	0.6060606060606061
Mol_07688	2048	CNP0174689.2	0.7719298245614035
Mol_07698	2048	CNP0160101.1	0.7631578947368421
Mol_07700	2048	CNP0406274.1	0.4418604651162791
Mol_07702	2048	CNP0160101.1	0.5
Mol_07721	2048	CNP0309024.3	0.8170731707317073
Mol_07744	2048	CNP0389262.1	0.7142857142857143
Mol_07760	2048	CNP0348364.1	0.723404255319149
Mol_07761	2048	CNP0364452.3	0.6888888888888889
Mol_07762	2048	CNP0348364.1	0.6666666666666666
Mol_07763	2048	CNP0364452.3	0.5853658536585366
Mol_07767	2048	CNP0129837.3	0.4464285714285714
Mol_07776	2048	CNP0150194.0	0.475
Mol_07796	2048	CNP0119003.1	0.4307692307692308
Mol_07798	2048	CNP0119003.1	0.4307692307692308
Mol_07805	2048	CNP0190696.0	1.0
Mol_07806	2048	CNP0190696.0	1.0
Mol_07807	2048	CNP0259552.3	0.6888888888888889
Mol_07808	2048	CNP0271247.1	0.4897959183673469
Mol_07812	2048	CNP0389950.0	0.5964912280701754
Mol_07814	2048	CNP0166628.4	0.7241379310344828
Mol_07816	2048	CNP0215420.2	0.6615384615384615
Mol_07817	2048	CNP0215420.2	0.7540983606557377
Mol_07819	2048	CNP0215420.2	0.6984126984126984
Mol_07854	2048	CNP0344164.0	0.5652173913043478
Mol_07855	2048	CNP0344164.0	0.5652173913043478
Mol_07861	2048	CNP0532375.1	0.4545454545454545
Mol_07862	2048	CNP0196169.3	0.4242424242424242
Mol_07864	2048	CNP0298745.2	0.5636363636363636
Mol_07875	2048	CNP0180123.6	0.5263157894736842
Mol_07882	2048	CNP0321988.5	0.7777777777777778
Mol_07883	2048	CNP0262202.1	0.4861111111111111
Mol_07884	2048	CNP0180123.6	0.7755102040816326
Mol_07891	2048	CNP0487246.1	0.717391304347826
Mol_07892	2048	CNP0262140.1	0.7441860465116279
Mol_07898	2048	CNP0272062.1	0.711864406779661
Mol_07899	2048	CNP0320525.0	0.71875
Mol_07903	2048	CNP0307335.1	0.639344262295082
Mol_07904	2048	CNP0107097.0	0.7307692307692307
Mol_07906	2048	CNP0235781.3	0.5538461538461539
Mol_07907	2048	CNP0227074.1	0.6612903225806451
Mol_07908	2048	CNP0270898.1	0.6268656716417911
Mol_07909	2048	CNP0265652.2	0.4533333333333333
Mol_07910	2048	CNP0360725.1	0.5362318840579711
Mol_07922	2048	CNP0224019.4	0.6333333333333333
Mol_07961	2048	CNP0224311.0	0.4883720930232558
Mol_07962	2048	CNP0224311.0	0.5609756097560976
Mol_07963	2048	CNP0236660.0	0.4444444444444444
Mol_07964	2048	CNP0080105.1	0.5
Mol_07965	2048	CNP0080105.1	0.6043956043956044
Mol_07966	2048	CNP0080105.1	0.4038461538461538
Mol_07967	2048	CNP0080105.1	0.494949494949495
Mol_07968	2048	CNP0080105.1	0.3904761904761905
Mol_07969	2048	CNP0080105.1	0.48
Mol_07970	2048	CNP0080105.1	0.44
Mol_07974	2048	CNP0080105.1	0.4742268041237113
Mol_07975	2048	CNP0141296.1	0.717948717948718
Mol_07976	2048	CNP0134956.1	0.75
Mol_07992	2048	CNP0297478.1	0.5757575757575758
Mol_07993	2048	CNP0171538.3	0.4675324675324675
Mol_07994	2048	CNP0186524.2	0.5652173913043478
Mol_07995	2048	CNP0171538.3	0.7936507936507936
Mol_07996	2048	CNP0171538.3	0.7936507936507936
Mol_07997	2048	CNP0171538.3	0.6056338028169014
Mol_07998	2048	CNP0171538.3	0.6521739130434783
Mol_07999	2048	CNP0171538.3	0.5342465753424658
Mol_08000	2048	CNP0348608.6	0.5866666666666667
Mol_08011	2048	CNP0245061.3	0.5384615384615384
Mol_08014	2048	CNP0589035.0	0.6296296296296297
Mol_08018	2048	CNP0403271.5	0.6875
Mol_08019	2048	CNP0359292.1	0.6274509803921569
Mol_08020	2048	CNP0359292.1	0.5714285714285714
Mol_08021	2048	CNP0359292.1	0.5714285714285714
Mol_08029	2048	CNP0139737.1	0.7288135593220338
Mol_08033	2048	CNP0148602.0	0.3968253968253968
Mol_08036	2048	CNP0141296.1	0.717948717948718
Mol_08037	2048	CNP0141296.1	0.717948717948718
Mol_08043	2048	CNP0322118.1	0.4210526315789473
Mol_08059	2048	CNP0072758.1	0.4268292682926829
Mol_08061	2048	CNP0072758.1	0.425287356321839
Mol_08062	2048	CNP0166036.1	0.855072463768116
Mol_08106	2048	CNP0419223.0	0.4444444444444444
Mol_08139	2048	CNP0187508.2	0.92
Mol_08140	2048	CNP0187508.2	0.6413043478260869
Mol_08141	2048	CNP0187508.2	0.6704545454545454
Mol_08142	2048	CNP0304879.1	0.6470588235294118
Mol_08143	2048	CNP0258601.3	0.603448275862069
Mol_08144	2048	CNP0258601.3	0.6226415094339622
Mol_08148	2048	CNP0078246.0	0.4871794871794871
Mol_08179	2048	CNP0350607.0	0.813953488372093
Mol_08180	2048	CNP0079788.0	0.8157894736842105
Mol_08181	2048	CNP0350607.0	0.7777777777777778
Mol_08188	2048	CNP0354808.0	0.4754098360655737
Mol_08205	2048	CNP0224000.0	0.6808510638297872
Mol_08206	2048	CNP0350607.0	1.0
Mol_08254	2048	CNP0247816.1	0.660377358490566
Mol_08256	2048	CNP0290737.1	0.6231884057971014
Mol_08258	2048	CNP0211370.0	0.7297297297297297
Mol_08260	2048	CNP0190096.0	0.6666666666666666
Mol_08261	2048	CNP0147124.0	0.6904761904761905
Mol_08262	2048	CNP0164392.0	0.6071428571428571
Mol_08263	2048	CNP0368538.0	0.5409836065573771
Mol_08264	2048	CNP0535864.0	0.5757575757575758
Mol_08265	2048	CNP0535864.0	0.5757575757575758
Mol_08269	2048	CNP0147124.0	0.5192307692307693
Mol_08270	2048	CNP0226088.4	0.5675675675675675
Mol_08274	2048	CNP0206008.0	0.46875
Mol_08275	2048	CNP0164392.0	0.4754098360655737
Mol_08284	2048	CNP0148860.0	0.64
Mol_08285	2048	CNP0288627.1	0.696969696969697
Mol_08290	2048	CNP0602950.0	0.5116279069767442
Mol_08293	2048	CNP0290737.1	0.5571428571428572
Mol_08294	2048	CNP0290737.1	0.6470588235294118
Mol_08310	2048	CNP0197478.0	0.5769230769230769
Mol_08312	2048	CNP0285154.0	0.7142857142857143
Mol_08313	2048	CNP0197478.0	0.6875
Mol_08338	2048	CNP0197478.0	0.5686274509803921
Mol_08381	2048	CNP0164607.0	0.4912280701754385
Mol_08422	2048	CNP0196039.0	0.6363636363636364
Mol_08448	2048	CNP0214036.3	0.7450980392156863
Mol_08474	2048	CNP0118093.0	0.8461538461538461
Mol_08507	2048	CNP0243674.0	0.6226415094339622
Mol_08589	2048	CNP0545613.1	0.7580645161290323
Mol_08590	2048	CNP0545613.1	0.6666666666666666
Mol_08593	2048	CNP0215420.2	0.6142857142857143
Mol_08613	2048	CNP0128879.3	0.5740740740740741
Mol_08615	2048	CNP0215420.2	0.4794520547945205
Mol_08623	2048	CNP0591789.1	0.703125
Mol_08631	2048	CNP0494649.4	0.6226415094339622
Mol_08654	2048	CNP0344638.1	0.4576271186440678
Mol_08655	2048	CNP0146432.2	0.5471698113207547
Mol_08662	2048	CNP0217590.15	0.4651162790697674
Mol_08692	2048	CNP0326868.0	0.7073170731707317
Mol_08694	2048	CNP0228818.0	0.5555555555555556
Mol_08695	2048	CNP0326868.0	0.5909090909090909
Mol_08696	2048	CNP0326868.0	0.5777777777777777
Mol_08706	2048	CNP0274032.1	0.3448275862068966
Mol_08707	2048	CNP0110518.1	0.3333333333333333
Mol_08708	2048	CNP0170431.3	0.5454545454545454
Mol_08710	2048	CNP0170431.3	0.5344827586206896
Mol_08711	2048	CNP0170431.3	0.4666666666666667
Mol_08714	2048	CNP0110518.1	0.3333333333333333
Mol_08717	2048	CNP0164020.1	0.3384615384615385
Mol_08727	2048	CNP0189580.2	0.8181818181818182
Mol_08730	2048	CNP0215694.0	0.8461538461538461
Mol_08731	2048	CNP0210521.1	0.8214285714285714
Mol_08732	2048	CNP0210521.1	0.4426229508196721
Mol_08741	2048	CNP0441756.0	0.6470588235294118
Mol_08742	2048	CNP0421166.0	0.6590909090909091
Mol_08743	2048	CNP0421166.0	0.7073170731707317
Mol_08744	2048	CNP0189631.0	1.0
Mol_08751	2048	CNP0217294.5	0.4942528735632184
Mol_08753	2048	CNP0233371.2	0.5
Mol_08754	2048	CNP0060613.1	0.5
Mol_08756	2048	CNP0233371.2	0.5058823529411764
Mol_08759	2048	CNP0337633.7	0.6666666666666666
Mol_08760	2048	CNP0122371.2	0.6987951807228916
Mol_08773	2048	CNP0149657.14	0.7166666666666667
Mol_08778	2048	CNP0287386.2	0.5714285714285714
Mol_08790	2048	CNP0125988.4	0.6164383561643836
Mol_08791	2048	CNP0125988.4	0.6
Mol_08793	2048	CNP0353644.3	0.7647058823529411
Mol_08795	2048	CNP0353644.3	0.8153846153846154
Mol_08797	2048	CNP0113809.1	0.5333333333333333
Mol_08798	2048	CNP0113809.1	0.7125
Mol_08799	2048	CNP0353644.3	0.5256410256410257
Mol_08816	2048	CNP0414687.5	0.7619047619047619
Mol_08817	2048	CNP0414687.5	0.7619047619047619
Mol_08819	2048	CNP0113809.1	0.7375
Mol_08820	2048	CNP0353644.3	0.7183098591549296
Mol_08825	2048	CNP0258917.3	0.7283950617283951
Mol_08826	2048	CNP0158708.1	0.7272727272727273
Mol_08937	2048	CNP0172640.3	0.7142857142857143
Mol_08952	2048	CNP0598194.0	0.6470588235294118
Mol_08953	2048	CNP0598194.0	0.7096774193548387
Mol_08955	2048	CNP0259219.0	1.0
Mol_08983	2048	CNP0204732.0	0.8
Mol_08984	2048	CNP0598194.0	0.5526315789473685
Mol_09001	2048	CNP0522164.0	0.375
Mol_09004	2048	CNP0196039.0	0.7631578947368421
Mol_09006	2048	CNP0173852.2	0.7058823529411765
Mol_09007	2048	CNP0173852.2	0.6111111111111112
Mol_09008	2048	CNP0060813.0	0.5
Mol_09009	2048	CNP0426195.0	0.7380952380952381
Mol_09011	2048	CNP0522164.0	0.375
Mol_09018	2048	CNP0361215.0	0.625
Mol_09022	2048	CNP0127424.0	0.625
Mol_09030	2048	CNP0251590.2	0.5733333333333334
Mol_09031	2048	CNP0099898.1	0.6615384615384615
Mol_09032	2048	CNP0215582.0	0.7321428571428571
Mol_09035	2048	CNP0215582.0	0.7321428571428571
Mol_09067	2048	CNP0274600.1	0.7547169811320755
Mol_09086	2048	CNP0220912.2	0.3777777777777777
Mol_09098	2048	CNP0425426.1	0.6956521739130435
Mol_09099	2048	CNP0425426.1	0.6857142857142857
Mol_09100	2048	CNP0425426.1	0.78125
Mol_09103	2048	CNP0228818.0	0.4893617021276595
Mol_09105	2048	CNP0419667.0	0.5897435897435898
Mol_09111	2048	CNP0383924.0	0.4489795918367347
Mol_09113	2048	CNP0111764.0	0.5
Mol_09126	2048	CNP0425426.1	0.78125
Mol_09129	2048	CNP0127424.0	0.5
Mol_09130	2048	CNP0111764.0	0.5151515151515151
Mol_09140	2048	CNP0258051.1	0.4461538461538462
Mol_09144	2048	CNP0163066.0	0.2926829268292683
Mol_09154	2048	CNP0339653.0	0.4468085106382978
Mol_09155	2048	CNP0323121.1	0.3448275862068966
Mol_09156	2048	CNP0339653.0	0.3555555555555555
Mol_09159	2048	CNP0314818.1	0.4461538461538462
Mol_09160	2048	CNP0264943.0	0.4615384615384615
Mol_09163	2048	CNP0137830.0	0.4375
Mol_09165	2048	CNP0111764.0	0.5483870967741935
Mol_09199	2048	CNP0278395.1	0.5423728813559322
Mol_09204	2048	CNP0217294.5	0.6712328767123288
Mol_09205	2048	CNP0348677.5	0.6623376623376623
Mol_09208	2048	CNP0193994.1	0.6025641025641025
Mol_09210	2048	CNP0173811.3	0.7564102564102564
Mol_09211	2048	CNP0212722.4	0.5853658536585366
Mol_09215	2048	CNP0143905.1	0.7941176470588235
Mol_09223	2048	CNP0305244.0	0.4423076923076923
Mol_09231	2048	CNP0239764.8	0.6842105263157895
Mol_09238	2048	CNP0232325.0	0.6774193548387096
Mol_09239	2048	CNP0274635.1	0.4262295081967213
Mol_09241	2048	CNP0195999.3	0.569620253164557
Mol_09267	2048	CNP0301816.1	0.5862068965517241
Mol_09290	2048	CNP0134998.1	0.5846153846153846
Mol_09292	2048	CNP0134998.1	0.6440677966101694
Mol_09299	2048	CNP0180615.2	0.7413793103448276
Mol_09313	2048	CNP0317259.1	0.578125
Mol_09314	2048	CNP0213391.1	0.676923076923077
Mol_09321	2048	CNP0317259.1	0.6885245901639344
Mol_09342	2048	CNP0300673.3	0.4838709677419355
Mol_09343	2048	CNP0141296.1	0.9041095890410958
Mol_09344	2048	CNP0223869.2	0.4646464646464646
Mol_09345	2048	CNP0124932.3	0.8433734939759037
Mol_09346	2048	CNP0124932.3	0.7613636363636364
Mol_09347	2048	CNP0300673.3	0.4680851063829787
Mol_09349	2048	CNP0124932.3	0.6813186813186813
Mol_09350	2048	CNP0124932.3	0.7528089887640449
Mol_09351	2048	CNP0141296.1	0.9859154929577464
Mol_09363	2048	CNP0256466.1	0.6666666666666666
Mol_09364	2048	CNP0328665.1	0.6153846153846154
Mol_09365	2048	CNP0169291.1	0.64
Mol_09366	2048	CNP0281562.2	0.5471698113207547
Mol_09370	2048	CNP0216851.1	0.782608695652174
Mol_09371	2048	CNP0555453.1	0.7962962962962963
Mol_09374	2048	CNP0166650.2	0.7288135593220338
Mol_09379	2048	CNP0283306.1	0.6410256410256411
Mol_09449	2048	CNP0164020.1	0.3384615384615385
Mol_09455	2048	CNP0202678.2	0.6728971962616822
Mol_09456	2048	CNP0077543.3	0.5144927536231884
Mol_09457	2048	CNP0606035.1	0.6306306306306306
Mol_09458	2048	CNP0393307.1	0.7477477477477478
Mol_09459	2048	CNP0393307.1	0.8584905660377359
Mol_09503	2048	CNP0598194.0	0.5384615384615384
Mol_09504	2048	CNP0288214.0	0.5490196078431373
Mol_09505	2048	CNP0204732.0	0.4772727272727273
Mol_09506	2048	CNP0598194.0	0.5526315789473685
Mol_09530	2048	CNP0282597.0	0.6530612244897959
Mol_09539	2048	CNP0327645.0	0.4545454545454545
Mol_09541	2048	CNP0175775.1	0.4054054054054054
Mol_09542	2048	CNP0122420.2	0.4210526315789473
Mol_09557	2048	CNP0360100.0	0.5833333333333334
Mol_09571	2048	CNP0226291.0	0.5416666666666666
Mol_09572	2048	CNP0216257.3	0.5882352941176471
Mol_09576	2048	CNP0326868.0	0.7045454545454546
Mol_09626	2048	CNP0275186.1	0.5
Mol_09627	2048	CNP0275186.1	0.4337349397590361
Mol_09629	2048	CNP0097216.0	0.3692307692307692
Mol_09631	2048	CNP0562172.1	0.3544303797468354
Mol_09634	2048	CNP0487993.0	0.5161290322580645
Mol_09635	2048	CNP0487993.0	0.5161290322580645
Mol_09636	2048	CNP0236159.3	0.578125
Mol_09637	2048	CNP0236159.3	0.578125
Mol_09645	2048	CNP0359292.1	0.5892857142857143
Mol_09646	2048	CNP0216257.3	0.5882352941176471
Mol_09648	2048	CNP0144296.0	0.5087719298245614
Mol_09649	2048	CNP0333291.0	0.4754098360655737
Mol_09654	2048	CNP0349262.2	0.2653061224489796
Mol_09658	2048	CNP0064666.2	0.2708333333333333
Mol_09667	2048	CNP0188955.1	0.5882352941176471
Mol_09668	2048	CNP0188955.1	0.5882352941176471
Mol_09670	2048	CNP0188955.1	0.3888888888888889
Mol_09683	2048	CNP0127239.0	0.675
Mol_09736	2048	CNP0165201.2	0.6363636363636364
Mol_09740	2048	CNP0104170.0	0.5384615384615384
Mol_09755	2048	CNP0115691.1	0.71875
Mol_09756	2048	CNP0115691.1	0.6702127659574468
Mol_09757	2048	CNP0258917.3	0.6626506024096386
Mol_09768	2048	CNP0412233.1	0.6438356164383562
Mol_09769	2048	CNP0412233.1	0.5641025641025641
Mol_09772	2048	CNP0287846.6	0.8035714285714286
Mol_09779	2048	CNP0182371.1	0.5679012345679012
Mol_09801	2048	CNP0183531.1	0.6
Mol_09807	2048	CNP0588518.2	0.64
Mol_09811	2048	CNP0246627.4	0.5
Mol_09816	2048	CNP0264954.1	0.5072463768115942
Mol_09817	2048	CNP0264954.1	0.5072463768115942
Mol_09818	2048	CNP0236159.3	0.5441176470588235
Mol_09819	2048	CNP0236159.3	0.5441176470588235
Mol_09832	2048	CNP0429815.1	0.5223880597014925
Mol_09834	2048	CNP0316109.0	0.696969696969697
Mol_09840	2048	CNP0204732.0	0.525
Mol_09843	2048	CNP0232600.0	0.7115384615384616
Mol_09846	2048	CNP0204732.0	0.6756756756756757
Mol_09847	2048	CNP0288214.0	0.5490196078431373
Mol_09861	2048	CNP0588170.1	0.6216216216216216
Mol_09863	2048	CNP0395259.1	0.3977272727272727
Mol_09864	2048	CNP0395259.1	0.4935064935064935
Mol_09865	2048	CNP0307482.2	0.4431818181818182
Mol_09866	2048	CNP0228434.4	0.3958333333333333
Mol_09884	2048	CNP0139030.2	0.625
Mol_09907	2048	CNP0292588.2	0.4222222222222222
Mol_09909	2048	CNP0292588.2	0.5
Mol_09910	2048	CNP0337642.2	0.4561403508771929
Mol_09911	2048	CNP0127960.1	0.3387096774193548
Mol_09912	2048	CNP0208351.3	0.4375
Mol_09913	2048	CNP0187759.4	0.4074074074074074
Mol_09914	2048	CNP0305578.3	0.4181818181818181
Mol_09922	2048	CNP0330444.2	0.2894736842105263
Mol_09927	2048	CNP0125556.0	0.3043478260869565
Mol_09931	2048	CNP0228171.2	0.6511627906976745
Mol_09932	2048	CNP0282213.1	0.7435897435897436
Mol_09933	2048	CNP0282213.1	0.4
Mol_09934	2048	CNP0282213.1	0.5217391304347826
Mol_09960	2048	CNP0043545.0	0.5641025641025641
Mol_09991	2048	CNP0158753.5	0.8472222222222222
Mol_10022	2048	CNP0226495.1	0.4716981132075472
Mol_10023	2048	CNP0226495.1	0.4716981132075472
Mol_10024	2048	CNP0226495.1	0.3898305084745763
Mol_10026	2048	CNP0355789.3	0.55
Mol_10028	2048	CNP0226495.1	0.2769230769230769
Mol_10033	2048	CNP0111476.2	0.7580645161290323
Mol_10035	2048	CNP0263912.5	0.5507246376811594
Mol_10036	2048	CNP0111476.2	0.5714285714285714
Mol_10037	2048	CNP0111476.2	0.5714285714285714
Mol_10039	2048	CNP0134258.1	0.7321428571428571
Mol_10040	2048	CNP0134258.1	0.6065573770491803
Mol_10051	2048	CNP0150846.3	0.8064516129032258
Mol_10056	2048	CNP0263912.5	0.7377049180327869
Mol_10257	2048	CNP0151291.2	0.7887323943661971
Mol_10264	2048	CNP0168331.2	0.453125
Mol_10267	2048	CNP0166353.0	0.7758620689655172
Mol_10304	2048	CNP0190696.0	1.0
Mol_10305	2048	CNP0456449.0	0.4583333333333333
Mol_10306	2048	CNP0456449.0	0.44
Mol_10346	2048	CNP0242513.6	0.3478260869565217
Mol_10347	2048	CNP0174152.1	0.7017543859649122
Mol_10348	2048	CNP0242513.6	0.4696969696969697
Mol_10349	2048	CNP0174152.1	0.7017543859649122
Mol_10350	2048	CNP0242513.6	0.5645161290322581
Mol_10351	2048	CNP0242513.6	0.5645161290322581
Mol_10352	2048	CNP0242513.6	0.7017543859649122
Mol_10353	2048	CNP0054010.2	0.2567567567567567
Mol_10354	2048	CNP0054010.2	0.4626865671641791
Mol_10357	2048	CNP0078217.0	0.5161290322580645
Mol_10363	2048	CNP0218584.4	0.4634146341463415
Mol_10364	2048	CNP0218584.4	0.348314606741573
Mol_10370	2048	CNP0583502.2	0.4868421052631579
Mol_10373	2048	CNP0218584.4	0.4634146341463415
Mol_10374	2048	CNP0218584.4	0.5324675324675324
Mol_10375	2048	CNP0218584.4	0.5324675324675324
Mol_10376	2048	CNP0159273.7	0.419753086419753
Mol_10377	2048	CNP0185723.1	0.3953488372093023
Mol_10378	2048	CNP0566114.1	0.5567010309278351
Mol_10379	2048	CNP0218584.4	0.5324675324675324
Mol_10386	2048	CNP0218584.4	0.4634146341463415
Mol_10388	2048	CNP0264196.0	0.7058823529411765
Mol_10396	2048	CNP0482831.2	0.4444444444444444
Mol_10407	2048	CNP0530962.1	0.4383561643835616
Mol_10408	2048	CNP0530962.1	0.4383561643835616
Mol_10481	2048	CNP0256799.12	0.5970149253731343
Mol_10488	2048	CNP0487993.0	0.6226415094339622
Mol_10508	2048	CNP0271757.1	0.5125
Mol_10509	2048	CNP0279322.1	0.3837209302325581
Mol_10510	2048	CNP0308290.1	0.5454545454545454
Mol_10511	2048	CNP0295765.2	0.6027397260273972
Mol_10520	2048	CNP0180615.2	0.463768115942029
Mol_10531	2048	CNP0211699.1	0.8627450980392157
Mol_10532	2048	CNP0077682.1	0.6818181818181818
Mol_10534	2048	CNP0211699.1	0.8627450980392157
Mol_10539	2048	CNP0478589.0	0.631578947368421
Mol_10554	2048	CNP0180065.5	0.5507246376811594
Mol_10561	2048	CNP0297669.4	0.375
Mol_10563	2048	CNP0377594.0	0.5
Mol_10569	2048	CNP0180615.2	0.463768115942029
Mol_10579	2048	CNP0264195.2	0.4871794871794871
Mol_10580	2048	CNP0248272.4	0.3880597014925373
Mol_10581	2048	CNP0077261.1	0.5274725274725275
Mol_10582	2048	CNP0077261.1	0.5747126436781609
Mol_10589	2048	CNP0245215.1	0.6176470588235294
Mol_10590	2048	CNP0146315.1	0.6829268292682927
Mol_10593	2048	CNP0137830.0	0.6
Mol_10594	2048	CNP0474470.4	0.3709677419354839
Mol_10596	2048	CNP0245215.1	0.5833333333333334
Mol_10597	2048	CNP0248913.1	0.7142857142857143
Mol_10599	2048	CNP0451707.0	0.3541666666666667
Mol_10600	2048	CNP0245136.1	0.4150943396226415
Mol_10601	2048	CNP0213542.1	0.4693877551020408
Mol_10603	2048	CNP0300734.0	0.4318181818181818
Mol_10604	2048	CNP0300734.0	0.8
Mol_10608	2048	CNP0162183.0	0.4074074074074074
Mol_10612	2048	CNP0248913.1	0.6956521739130435
Mol_10618	2048	CNP0339294.0	0.5208333333333334
Mol_10627	2048	CNP0535864.0	0.396551724137931
Mol_10628	2048	CNP0481620.1	0.4693877551020408
Mol_10629	2048	CNP0060129.0	0.4565217391304347
Mol_10633	2048	CNP0104654.1	0.44
Mol_10634	2048	CNP0086599.0	0.375
Mol_10636	2048	CNP0450298.1	0.7058823529411765
Mol_10637	2048	CNP0181540.1	0.8125
Mol_10639	2048	CNP0572506.0	0.4871794871794871
Mol_10644	2048	CNP0273671.3	0.4230769230769231
Mol_10650	2048	CNP0257533.0	0.6111111111111112
Mol_10660	2048	CNP0324362.1	0.6190476190476191
Mol_10679	2048	CNP0345997.8	0.8088235294117647
Mol_10699	2048	CNP0484853.1	0.4
Mol_10707	2048	CNP0236738.1	0.6790123456790124
Mol_10708	2048	CNP0290993.2	0.6304347826086957
Mol_10709	2048	CNP0117877.2	0.6741573033707865
Mol_10710	2048	CNP0117877.2	0.5714285714285714
Mol_10711	2048	CNP0478549.1	0.7115384615384616
Mol_10712	2048	CNP0478549.1	0.7708333333333334
Mol_10721	2048	CNP0225250.1	0.8253968253968254
Mol_10726	2048	CNP0188715.1	0.4134615384615384
Mol_10727	2048	CNP0130111.0	0.3870967741935484
Mol_10728	2048	CNP0188715.1	0.4554455445544554
Mol_10729	2048	CNP0198956.11	0.582089552238806
Mol_10730	2048	CNP0198956.11	0.4756097560975609
Mol_10732	2048	CNP0191297.1	0.8181818181818182
Mol_10733	2048	CNP0255926.1	0.7380952380952381
Mol_10734	2048	CNP0188715.1	0.4134615384615384
Mol_10740	2048	CNP0130111.0	0.4021739130434782
Mol_10741	2048	CNP0188715.1	0.3962264150943396
Mol_10742	2048	CNP0188715.1	0.5104166666666666
Mol_10743	2048	CNP0188715.1	0.5494505494505495
Mol_10744	2048	CNP0188715.1	0.775
Mol_10745	2048	CNP0188715.1	0.7564102564102564
Mol_10746	2048	CNP0361536.3	0.6333333333333333
Mol_10750	2048	CNP0284928.1	0.6071428571428571
Mol_10751	2048	CNP0383012.3	0.6363636363636364
Mol_10752	2048	CNP0387243.1	0.3478260869565217
Mol_10753	2048	CNP0410231.2	0.3793103448275862
Mol_10754	2048	CNP0432865.1	0.3823529411764705
Mol_10755	2048	CNP0432865.1	0.3880597014925373
Mol_10756	2048	CNP0432865.1	0.373134328358209
Mol_10757	2048	CNP0242564.1	0.3695652173913043
Mol_10758	2048	CNP0154581.2	0.4117647058823529
Mol_10777	2048	CNP0155950.1	0.56
Mol_10780	2048	CNP0289190.4	0.8676470588235294
Mol_10799	2048	CNP0289190.4	0.7
Mol_10807	2048	CNP0122502.2	0.8571428571428571
Mol_10809	2048	CNP0289190.4	0.8676470588235294
Mol_10831	2048	CNP0358116.0	0.74
Mol_10832	2048	CNP0255091.0	0.6862745098039216
Mol_10833	2048	CNP0206008.0	0.5081967213114754
Mol_10835	2048	CNP0289190.4	0.7142857142857143
Mol_10836	2048	CNP0289190.4	0.7792207792207793
Mol_10837	2048	CNP0252543.1	0.4838709677419355
Mol_10838	2048	CNP0406274.1	0.8059701492537313
Mol_10856	2048	CNP0107407.1	0.88
Mol_10862	2048	CNP0022934.0	0.6976744186046512
Mol_10863	2048	CNP0251500.3	0.8909090909090909
Mol_10877	2048	CNP0358352.1	0.6885245901639344
Mol_10887	2048	CNP0181328.4	0.293103448275862
Mol_10888	2048	CNP0339294.0	0.2786885245901639
Mol_10890	2048	CNP0339294.0	0.3571428571428571
Mol_10891	2048	CNP0430247.1	0.3209876543209876
Mol_10892	2048	CNP0177205.2	0.5254237288135594
Mol_10894	2048	CNP0332403.1	0.303030303030303
Mol_10927	2048	CNP0350607.0	1.0
Mol_10956	2048	CNP0000161.0	0.5
Mol_10957	2048	CNP0000161.0	0.4827586206896552
Mol_11034	2048	CNP0280679.1	0.6666666666666666
Mol_11038	2048	CNP0280679.1	0.620253164556962
Mol_11039	2048	CNP0280679.1	0.620253164556962
Mol_11042	2048	CNP0139810.0	0.6041666666666666
Mol_11043	2048	CNP0139810.0	0.5833333333333334
Mol_11045	2048	CNP0218377.0	0.4489795918367347
Mol_11046	2048	CNP0099172.1	0.5416666666666666
Mol_11047	2048	CNP0316848.0	0.4259259259259259
Mol_11048	2048	CNP0109775.0	0.4468085106382978
Mol_11057	2048	CNP0111476.2	0.5714285714285714
Mol_11063	2048	CNP0292800.0	0.4666666666666667
Mol_11066	2048	CNP0292800.0	0.3787878787878788
Mol_11090	2048	CNP0171538.3	0.5342465753424658
Mol_11091	2048	CNP0171538.3	0.3493975903614458
Mol_11095	2048	CNP0350607.0	0.6862745098039216
Mol_11097	2048	CNP0171538.3	0.7936507936507936
Mol_11104	2048	CNP0171538.3	0.6142857142857143
Mol_11105	2048	CNP0186524.2	0.4647887323943662
Mol_11106	2048	CNP0171538.3	0.6470588235294118
Mol_11125	2048	CNP0124477.0	0.765625
Mol_11126	2048	CNP0177093.0	0.4054054054054054
Mol_11127	2048	CNP0448126.0	0.34375
Mol_11139	2048	CNP0383959.1	0.7313432835820896
Mol_11157	2048	CNP0148602.0	0.543859649122807
Mol_11177	2048	CNP0403271.5	0.6875
Mol_11179	2048	CNP0266563.2	0.6181818181818182
Mol_11183	2048	CNP0295209.1	0.7948717948717948
Mol_11206	2048	CNP0085202.3	0.7959183673469388
Mol_11207	2048	CNP0085202.3	0.823943661971831
Mol_11208	2048	CNP0085202.3	0.8482758620689655
Mol_11219	2048	CNP0104819.0	0.72
Mol_11220	2048	CNP0104819.0	0.72
Mol_11221	2048	CNP0162153.0	0.4603174603174603
Mol_11224	2048	CNP0262563.4	0.5714285714285714
Mol_11225	2048	CNP0143485.1	0.5072463768115942
Mol_11232	2048	CNP0189631.0	1.0
Mol_11265	2048	CNP0414753.0	0.2903225806451613
Mol_11269	2048	CNP0347155.2	0.3275862068965517
Mol_11275	2048	CNP0283246.4	0.5319148936170213
Mol_11276	2048	CNP0350607.0	0.8222222222222222
Mol_11277	2048	CNP0350607.0	1.0
Mol_11286	2048	CNP0126023.0	0.5189873417721519
Mol_11287	2048	CNP0221890.0	0.7014925373134329
Mol_11296	2048	CNP0189631.0	1.0
Mol_11301	2048	CNP0541513.0	0.3265306122448979
Mol_11310	2048	CNP0152499.3	0.8032786885245902
Mol_11316	2048	CNP0320329.3	0.4776119402985074
Mol_11331	2048	CNP0104537.3	0.8390804597701149
Mol_11343	2048	CNP0409273.0	0.5161290322580645
Mol_11346	2048	CNP0143368.2	0.4035087719298245
Mol_11347	2048	CNP0143368.2	0.4897959183673469
Mol_11353	2048	CNP0178789.0	0.5535714285714286
Mol_11369	2048	CNP0579746.1	0.4571428571428571
Mol_11375	2048	CNP0289190.4	0.7763157894736842
Mol_11376	2048	CNP0289190.4	0.8676470588235294
Mol_11412	2048	CNP0323037.1	0.4366197183098591
Mol_11430	2048	CNP0289190.4	0.8676470588235294
Mol_11432	2048	CNP0326480.1	0.7540983606557377
Mol_11434	2048	CNP0337153.3	0.8070175438596491
Mol_11435	2048	CNP0159495.1	0.6724137931034483
Mol_11437	2048	CNP0201386.1	0.5272727272727272
Mol_11448	2048	CNP0117175.0	0.5606060606060606
Mol_11459	2048	CNP0117175.0	0.6842105263157895
Mol_11470	2048	CNP0136001.0	0.4509803921568627
Mol_11476	2048	CNP0352752.0	0.75
Mol_11477	2048	CNP0137830.0	0.4181818181818181
Mol_11481	2048	CNP0358116.0	0.6078431372549019
Mol_11484	2048	CNP0378396.2	0.3636363636363636
Mol_11487	2048	CNP0503163.0	0.3086419753086419
Mol_11489	2048	CNP0129172.1	0.3176470588235294
Mol_11491	2048	CNP0178789.0	0.3333333333333333
Mol_11501	2048	CNP0234645.2	0.524390243902439
Mol_11502	2048	CNP0231965.1	0.5625
Mol_11503	2048	CNP0326868.0	0.4363636363636363
Mol_11509	2048	CNP0505883.2	0.3720930232558139
Mol_11510	2048	CNP0234409.0	0.320754716981132
Mol_11514	2048	CNP0311892.2	0.3333333333333333
Mol_11515	2048	CNP0162887.1	0.4029850746268656
Mol_11516	2048	CNP0134676.1	0.4098360655737705
Mol_11518	2048	CNP0176462.0	0.4838709677419355
Mol_11540	2048	CNP0478549.1	0.8723404255319149
Mol_11570	2048	CNP0193685.0	0.3442622950819672
Mol_11571	2048	CNP0193685.0	0.3166666666666666
Mol_11573	2048	CNP0157334.0	0.4888888888888889
Mol_11578	2048	CNP0356334.0	0.423728813559322
Mol_11581	2048	CNP0358116.0	0.6181818181818182
Mol_11584	2048	CNP0206008.0	0.4918032786885246
Mol_11608	2048	CNP0109775.0	0.525
Mol_11609	2048	CNP0109775.0	0.5
Mol_11613	2048	CNP0109775.0	0.525
Mol_11614	2048	CNP0109775.0	0.525
Mol_11634	2048	CNP0262355.1	0.46875
Mol_11635	2048	CNP0159952.2	0.3950617283950617
Mol_11636	2048	CNP0159952.2	0.4
Mol_11658	2048	CNP0210584.1	1.0
Mol_11659	2048	CNP0210584.1	0.5666666666666667
Mol_11660	2048	CNP0210584.1	1.0
Mol_11663	2048	CNP0210584.1	0.6666666666666666
Mol_11666	2048	CNP0323364.0	0.4324324324324324
Mol_11679	2048	CNP0397039.0	0.6226415094339622
Mol_11680	2048	CNP0323364.0	0.7543859649122807
Mol_11690	2048	CNP0219972.3	0.5443037974683544
Mol_11696	2048	CNP0249479.0	0.6428571428571429
Mol_11698	2048	CNP0211370.0	1.0
Mol_11699	2048	CNP0206008.0	0.5769230769230769
Mol_11701	2048	CNP0228818.0	0.8205128205128205
Mol_11702	2048	CNP0211370.0	0.75
Mol_11703	2048	CNP0215582.0	0.7068965517241379
Mol_11708	2048	CNP0605105.1	0.7049180327868853
Mol_11709	2048	CNP0605105.1	0.8867924528301887
Mol_11710	2048	CNP0605105.1	0.8
Mol_11712	2048	CNP0149657.14	0.7818181818181819
Mol_11723	2048	CNP0312662.6	0.631578947368421
Mol_11724	2048	CNP0312662.6	0.631578947368421
Mol_11725	2048	CNP0312662.6	0.7222222222222222
Mol_11726	2048	CNP0448572.4	0.6041666666666666
Mol_11736	2048	CNP0102420.0	0.4651162790697674
Mol_11747	2048	CNP0162243.1	0.8367346938775511
Mol_11801	2048	CNP0161517.3	0.7407407407407407
Mol_11802	2048	CNP0269731.2	0.4363636363636363
Mol_11809	2048	CNP0182079.3	0.7647058823529411
Mol_11810	2048	CNP0300142.1	0.7407407407407407
Mol_11814	2048	CNP0173847.1	0.421875
Mol_11815	2048	CNP0262202.1	0.3684210526315789
Mol_11824	2048	CNP0175643.2	0.717391304347826
Mol_11825	2048	CNP0175643.2	0.4951456310679611
Mol_11826	2048	CNP0242745.1	0.4337349397590361
Mol_11834	2048	CNP0104202.1	0.4470588235294118
Mol_11835	2048	CNP0175643.2	0.6210526315789474
Mol_11891	2048	CNP0263912.5	0.5428571428571428
Mol_11892	2048	CNP0194107.1	0.7333333333333333
Mol_11893	2048	CNP0263912.5	0.5507246376811594
Mol_11897	2048	CNP0143905.1	0.620253164556962
Mol_11898	2048	CNP0414687.5	0.527027027027027
Mol_11899	2048	CNP0143905.1	0.6533333333333333
Mol_11902	2048	CNP0310249.1	0.717948717948718
Mol_11903	2048	CNP0310249.1	0.8611111111111112
Mol_11906	2048	CNP0329533.1	0.5584415584415584
Mol_11907	2048	CNP0157272.5	0.6716417910447762
Mol_11909	2048	CNP0330238.1	0.75
Mol_11912	2048	CNP0329533.1	0.56
Mol_11913	2048	CNP0128409.0	0.4719101123595505
Mol_11914	2048	CNP0329533.1	0.5526315789473685
Mol_11915	2048	CNP0127061.1	0.5
Mol_11916	2048	CNP0127061.1	0.5402298850574713
Mol_11917	2048	CNP0111476.2	0.5714285714285714
Mol_11923	2048	CNP0107195.3	0.7
Mol_11938	2048	CNP0367617.3	0.6727272727272727
Mol_11945	2048	CNP0515503.1	0.7666666666666667
Mol_11949	2048	CNP0270083.9	0.8923076923076924
Mol_11950	2048	CNP0270083.9	0.8088235294117647
Mol_11951	2048	CNP0211127.1	0.7619047619047619
Mol_11952	2048	CNP0337633.7	0.6567164179104478
Mol_11957	2048	CNP0161784.1	0.5294117647058824
Mol_11958	2048	CNP0161784.1	0.5232558139534884
Mol_11961	2048	CNP0145998.9	0.5945945945945946
Mol_11962	2048	CNP0205864.1	0.581081081081081
Mol_11972	2048	CNP0161784.1	0.5294117647058824
Mol_11973	2048	CNP0318623.3	0.796875
Mol_11980	2048	CNP0391068.1	0.4567901234567901
Mol_11981	2048	CNP0171418.1	0.5510204081632653
Mol_11986	2048	CNP0247727.2	0.4
Mol_11987	2048	CNP0391068.1	0.4444444444444444
Mol_11988	2048	CNP0233371.2	0.3516483516483517
Mol_11989	2048	CNP0391068.1	0.4390243902439024
Mol_11990	2048	CNP0414687.5	0.5070422535211268
Mol_11991	2048	CNP0298106.1	0.5256410256410257
Mol_11992	2048	CNP0223601.2	0.575
Mol_11993	2048	CNP0298106.1	0.6216216216216216
Mol_11994	2048	CNP0223601.2	0.5555555555555556
Mol_11995	2048	CNP0298106.1	0.4819277108433735
Mol_12000	2048	CNP0298106.1	0.5256410256410257
Mol_12002	2048	CNP0223601.2	0.575
Mol_12003	2048	CNP0368000.1	0.5210084033613446
Mol_12004	2048	CNP0117871.2	0.6126126126126126
Mol_12008	2048	CNP0117871.2	0.5181818181818182
Mol_12009	2048	CNP0378301.2	0.625
Mol_12010	2048	CNP0282764.4	0.6078431372549019
Mol_12016	2048	CNP0202469.2	0.6078431372549019
Mol_12017	2048	CNP0212261.1	0.6842105263157895
Mol_12018	2048	CNP0291207.2	0.6333333333333333
Mol_12019	2048	CNP0291207.2	0.6
Mol_12020	2048	CNP0053161.2	0.6615384615384615
Mol_12026	2048	CNP0214120.3	0.8904109589041096
Mol_12028	2048	CNP0295312.1	0.7368421052631579
Mol_12030	2048	CNP0212261.1	0.5692307692307692
Mol_12054	2048	CNP0085202.3	0.9769230769230768
Mol_12055	2048	CNP0085202.3	0.9844961240310076
Mol_12056	2048	CNP0085202.3	0.9844961240310076
Mol_12065	2048	CNP0490917.0	0.6666666666666666
Mol_12066	2048	CNP0533073.1	0.6853146853146853
Mol_12077	2048	CNP0039424.1	0.9274193548387096
Mol_12078	2048	CNP0039424.1	0.9076923076923076
Mol_12079	2048	CNP0039424.1	0.944
Mol_12091	2048	CNP0085202.3	0.9618320610687024
Mol_12092	2048	CNP0085202.3	0.9844961240310076
Mol_12093	2048	CNP0284272.3	1.0
Mol_12094	2048	CNP0284272.3	0.9918032786885246
Mol_12103	2048	CNP0281960.2	0.9669421487603306
Mol_12104	2048	CNP0281960.2	0.9256198347107438
Mol_12115	2048	CNP0190696.0	1.0
Mol_12116	2048	CNP0350607.0	1.0
Mol_12133	2048	CNP0243394.2	0.5054945054945055
Mol_12135	2048	CNP0224000.0	0.62
Mol_12139	2048	CNP0197478.0	0.8809523809523809
Mol_12150	2048	CNP0296718.1	0.6909090909090909
Mol_12154	2048	CNP0250208.0	0.4126984126984127
Mol_12163	2048	CNP0118093.0	0.5932203389830508
Mol_12167	2048	CNP0296718.1	0.5161290322580645
Mol_12188	2048	CNP0377043.1	0.6323529411764706
Mol_12221	2048	CNP0117877.2	0.8289473684210527
Mol_12261	2048	CNP0350607.0	1.0
Mol_12270	2048	CNP0278761.3	0.71875
Mol_12271	2048	CNP0273266.1	0.7164179104477612
Mol_12275	2048	CNP0223733.1	0.6909090909090909
Mol_12338	2048	CNP0265794.0	0.6511627906976745
Mol_12367	2048	CNP0181540.1	0.5230769230769231
Mol_12368	2048	CNP0113833.2	0.6666666666666666
Mol_12378	2048	CNP0259219.0	0.8
Mol_12379	2048	CNP0259219.0	0.7368421052631579
Mol_12381	2048	CNP0259219.0	0.5652173913043478
Mol_12384	2048	CNP0598194.0	0.7096774193548387
Mol_12398	2048	CNP0567687.1	0.8615384615384616
Mol_12411	2048	CNP0358217.1	0.7936507936507936
Mol_12422	2048	CNP0304546.2	0.5
Mol_12424	2048	CNP0201454.1	0.8666666666666667
Mol_12426	2048	CNP0358217.1	0.7936507936507936
Mol_12446	2048	CNP0346476.0	0.5862068965517241
Mol_12450	2048	CNP0255191.0	0.8245614035087719
Mol_12464	2048	CNP0324362.1	0.912280701754386
Mol_12471	2048	CNP0047481.3	0.8360655737704918
Mol_12472	2048	CNP0047481.3	0.7936507936507936
Mol_12474	2048	CNP0152954.0	0.6486486486486487
Mol_12479	2048	CNP0215582.0	0.7321428571428571
Mol_12480	2048	CNP0288627.1	0.75
Mol_12483	2048	CNP0598194.0	0.5526315789473685
Mol_12484	2048	CNP0598194.0	0.5526315789473685
Mol_12486	2048	CNP0598194.0	0.7096774193548387
Mol_12504	2048	CNP0158753.5	0.7972972972972973
Mol_12510	2048	CNP0573076.0	0.5538461538461539
Mol_12511	2048	CNP0239818.2	0.4788732394366197
Mol_12512	2048	CNP0573076.0	0.5573770491803278
Mol_12519	2048	CNP0360741.2	0.7058823529411765
Mol_12520	2048	CNP0249512.7	0.4017857142857143
Mol_12521	2048	CNP0326073.0	0.5483870967741935
Mol_12525	2048	CNP0192201.1	0.5652173913043478
Mol_12531	2048	CNP0127424.0	0.5
Mol_12532	2048	CNP0176104.0	0.5135135135135135
Mol_12533	2048	CNP0302049.0	0.5135135135135135
Mol_12536	2048	CNP0231068.2	0.5833333333333334
Mol_12538	2048	CNP0153143.4	0.4705882352941176
Mol_12539	2048	CNP0153143.4	0.4150943396226415
Mol_12540	2048	CNP0408437.1	0.5208333333333334
Mol_12541	2048	CNP0339438.0	0.7647058823529411
Mol_12542	2048	CNP0178241.2	0.8148148148148148
Mol_12543	2048	CNP0178241.2	0.8148148148148148
Mol_12544	2048	CNP0337707.1	0.7636363636363637
Mol_12555	2048	CNP0178241.2	0.8148148148148148
Mol_12560	2048	CNP0231068.2	0.7083333333333334
Mol_12561	2048	CNP0295803.7	0.7384615384615385
Mol_12562	2048	CNP0295803.7	0.7868852459016393
Mol_12563	2048	CNP0295803.7	0.8947368421052632
Mol_12564	2048	CNP0295803.7	0.4634146341463415
Mol_12565	2048	CNP0324362.1	0.912280701754386
Mol_12566	2048	CNP0200411.1	0.574468085106383
Mol_12567	2048	CNP0200411.1	0.5102040816326531
Mol_12568	2048	CNP0200411.1	0.5102040816326531
Mol_12569	2048	CNP0142311.4	0.7333333333333333
Mol_12575	2048	CNP0324055.1	0.7166666666666667
Mol_12576	2048	CNP0324055.1	0.609375
Mol_12577	2048	CNP0324055.1	0.7166666666666667
Mol_12578	2048	CNP0324055.1	0.609375
Mol_12579	2048	CNP0221092.1	0.7818181818181819
Mol_12580	2048	CNP0324055.1	0.609375
Mol_12581	2048	CNP0324055.1	0.7166666666666667
Mol_12582	2048	CNP0324055.1	0.609375
Mol_12588	2048	CNP0436436.0	0.6097560975609756
Mol_12589	2048	CNP0111764.0	0.6666666666666666
Mol_12590	2048	CNP0289413.0	0.65
Mol_12592	2048	CNP0164308.1	0.3928571428571428
Mol_12593	2048	CNP0264940.0	0.6923076923076923
Mol_12595	2048	CNP0264940.0	0.6341463414634146
Mol_12596	2048	CNP0436436.0	0.7631578947368421
Mol_12597	2048	CNP0436436.0	0.9117647058823528
Mol_12598	2048	CNP0291216.0	0.7027027027027027
Mol_12599	2048	CNP0307273.0	0.6571428571428571
Mol_12600	2048	CNP0419667.0	0.631578947368421
Mol_12601	2048	CNP0176104.0	0.5
Mol_12602	2048	CNP0583345.0	0.4651162790697674
Mol_12603	2048	CNP0436436.0	0.6052631578947368
Mol_12604	2048	CNP0176104.0	0.6857142857142857
Mol_12607	2048	CNP0151645.1	0.3442622950819672
Mol_12608	2048	CNP0326073.0	0.5483870967741935
Mol_12610	2048	CNP0239818.2	0.419753086419753
Mol_12613	2048	CNP0192201.1	0.5652173913043478
Mol_12623	2048	CNP0278761.3	0.71875
Mol_12631	2048	CNP0228818.0	0.4893617021276595
Mol_12632	2048	CNP0540035.0	0.3703703703703703
Mol_12642	2048	CNP0111764.0	0.6451612903225806
Mol_12643	2048	CNP0309112.0	0.4038461538461538
Mol_12650	2048	CNP0178241.2	0.8148148148148148
Mol_12722	2048	CNP0356490.0	0.6
Mol_12723	2048	CNP0271991.4	0.7123287671232876
Mol_12727	2048	CNP0134500.2	0.58
Mol_12744	2048	CNP0300584.0	0.5384615384615384
Mol_12761	2048	CNP0268718.0	0.5166666666666667
Mol_12769	2048	CNP0307074.2	0.6721311475409836
Mol_12778	2048	CNP0217175.9	0.6666666666666666
Mol_12788	2048	CNP0267080.2	0.7818181818181819
Mol_12800	2048	CNP0290975.0	0.492063492063492
Mol_12808	2048	CNP0364332.1	0.7142857142857143
Mol_12822	2048	CNP0264914.1	0.5352112676056338
Mol_12823	2048	CNP0251156.0	0.5
Mol_12856	2048	CNP0220008.1	0.5833333333333334
Mol_12899	2048	CNP0316899.2	0.6363636363636364
Mol_12915	2048	CNP0255434.1	0.4909090909090909
Mol_12916	2048	CNP0327680.1	0.4888888888888889
Mol_12930	2048	CNP0162753.0	0.5694444444444444
Mol_12932	2048	CNP0360555.3	0.5211267605633803
Mol_12933	2048	CNP0360555.3	0.4459459459459459
Mol_12950	2048	CNP0245220.1	0.8405797101449275
Mol_12963	2048	CNP0293693.1	0.4404761904761904
Mol_12978	2048	CNP0263085.5	0.8082191780821918
Mol_12979	2048	CNP0350629.6	0.620253164556962
Mol_12981	2048	CNP0263085.5	0.8082191780821918
Mol_12987	2048	CNP0350629.6	0.8
Mol_12990	2048	CNP0506348.1	0.7068965517241379
Mol_12991	2048	CNP0232270.2	0.7384615384615385
Mol_12992	2048	CNP0350629.6	0.6941176470588235
Mol_12994	2048	CNP0350629.6	0.810126582278481
Mol_13006	2048	CNP0152857.0	0.6060606060606061
Mol_13029	2048	CNP0200040.2	0.8235294117647058
Mol_13030	2048	CNP0124932.3	0.9058823529411764
Mol_13031	2048	CNP0141296.1	0.9859154929577464
Mol_13032	2048	CNP0300673.3	0.5652173913043478
Mol_13033	2048	CNP0253064.1	0.4639175257731959
Mol_13037	2048	CNP0123101.0	0.7631578947368421
Mol_13040	2048	CNP0273266.1	0.7301587301587301
Mol_13049	2048	CNP0235309.2	0.4146341463414634
Mol_13050	2048	CNP0104850.1	0.2884615384615384
Mol_13051	2048	CNP0140558.1	0.5384615384615384
Mol_13063	2048	CNP0139165.4	0.7333333333333333
Mol_13069	2048	CNP0139165.4	0.7333333333333333
Mol_13073	2048	CNP0177771.2	0.9558823529411764
Mol_13075	2048	CNP0313758.0	0.574468085106383
Mol_13076	2048	CNP0316848.0	0.5384615384615384
Mol_13077	2048	CNP0137830.0	0.6
Mol_13079	2048	CNP0127424.0	0.5357142857142857
Mol_13080	2048	CNP0316848.0	0.423728813559322
Mol_13121	2048	CNP0228818.0	0.65
Mol_13123	2048	CNP0316848.0	0.6
Mol_13135	2048	CNP0417102.1	0.5094339622641509
Mol_13143	2048	CNP0473588.1	0.5142857142857142
Mol_13144	2048	CNP0237942.0	0.6666666666666666
Mol_13145	2048	CNP0237942.0	0.6666666666666666
Mol_13161	2048	CNP0210984.2	0.4313725490196078
Mol_13162	2048	CNP0108414.2	0.45
Mol_13169	2048	CNP0224872.3	0.3018867924528302
Mol_13173	2048	CNP0287416.0	0.3829787234042553
Mol_13182	2048	CNP0385872.2	0.4716981132075472
Mol_13183	2048	CNP0495075.2	0.525
Mol_13184	2048	CNP0098838.1	0.4210526315789473
Mol_13188	2048	CNP0495075.2	0.5428571428571428
Mol_13191	2048	CNP0115847.1	0.4285714285714285
Mol_13194	2048	CNP0359292.1	0.5692307692307692
Mol_13208	2048	CNP0259552.3	0.6041666666666666
Mol_13210	2048	CNP0209619.1	0.6481481481481481
Mol_13226	2048	CNP0084225.1	0.74
Mol_13238	2048	CNP0250037.2	0.8
Mol_13271	2048	CNP0305007.1	0.543859649122807
Mol_13282	2048	CNP0221350.1	0.4142857142857143
Mol_13285	2048	CNP0282597.0	0.5818181818181818
Mol_13336	2048	CNP0226673.1	0.7466666666666667
Mol_13337	2048	CNP0210228.2	0.6428571428571429
Mol_13346	2048	CNP0149959.1	0.34375
Mol_13347	2048	CNP0246751.3	0.7678571428571429
Mol_13348	2048	CNP0124830.0	0.6153846153846154
Mol_13350	2048	CNP0174072.3	0.76
Mol_13358	2048	CNP0291245.0	0.3333333333333333
Mol_13366	2048	CNP0396669.2	0.5849056603773585
Mol_13367	2048	CNP0124480.0	0.490566037735849
Mol_13377	2048	CNP0272156.1	0.4647887323943662
Mol_13378	2048	CNP0152954.0	0.4074074074074074
Mol_13383	2048	CNP0224000.0	0.3623188405797101
Mol_13409	2048	CNP0423863.1	0.6704545454545454
Mol_13410	2048	CNP0418064.2	0.7216494845360825
Mol_13415	2048	CNP0324362.1	0.7121212121212122
Mol_13416	2048	CNP0200411.1	0.5294117647058824
Mol_13417	2048	CNP0200411.1	0.5294117647058824
Mol_13418	2048	CNP0567317.0	0.5555555555555556
Mol_13443	2048	CNP0247633.1	0.5964912280701754
Mol_13444	2048	CNP0372575.3	0.88
Mol_13447	2048	CNP0079014.1	0.7575757575757576
Mol_13450	2048	CNP0177629.2	0.6153846153846154
Mol_13451	2048	CNP0177629.2	0.5084745762711864
Mol_13452	2048	CNP0211370.0	0.7894736842105263
Mol_13454	2048	CNP0336240.0	0.6595744680851063
Mol_13455	2048	CNP0342229.2	0.6521739130434783
Mol_13456	2048	CNP0336240.0	0.675
Mol_13457	2048	CNP0189631.0	0.5
Mol_13458	2048	CNP0588556.1	0.3333333333333333
Mol_13459	2048	CNP0229389.0	0.45
Mol_13460	2048	CNP0134582.0	0.4615384615384615
Mol_13473	2048	CNP0072026.1	0.3333333333333333
Mol_13474	2048	CNP0072026.1	0.3157894736842105
Mol_13478	2048	CNP0467341.1	0.5352112676056338
Mol_13480	2048	CNP0180336.1	0.6046511627906976
Mol_13483	2048	CNP0434985.1	0.5901639344262295
Mol_13484	2048	CNP0434985.1	0.6363636363636364
Mol_13485	2048	CNP0434985.1	0.631578947368421
Mol_13486	2048	CNP0434985.1	0.6
Mol_13488	2048	CNP0429040.2	0.5370370370370371
Mol_13489	2048	CNP0157004.1	0.6607142857142857
Mol_13492	2048	CNP0431946.2	0.6346153846153846
Mol_13496	2048	CNP0196971.1	0.5111111111111111
Mol_13503	2048	CNP0506348.1	0.6779661016949152
Mol_13504	2048	CNP0321213.1	0.6521739130434783
Mol_13508	2048	CNP0260278.1	0.7386363636363636
Mol_13509	2048	CNP0239480.0	0.4615384615384615
Mol_13510	2048	CNP0227058.0	0.8666666666666667
Mol_13511	2048	CNP0144656.1	0.6923076923076923
Mol_13512	2048	CNP0144656.1	0.4736842105263157
Mol_13513	2048	CNP0144656.1	0.6666666666666666
Mol_13520	2048	CNP0227058.0	0.5263157894736842
Mol_13521	2048	CNP0227058.0	0.5263157894736842
Mol_13545	2048	CNP0135907.1	0.7454545454545455
Mol_13546	2048	CNP0428591.1	0.6
Mol_13548	2048	CNP0428591.1	0.631578947368421
Mol_13558	2048	CNP0113009.1	0.5652173913043478
Mol_13559	2048	CNP0492132.1	0.8732394366197183
Mol_13560	2048	CNP0552254.0	0.7692307692307693
Mol_13561	2048	CNP0162887.1	0.3442622950819672
Mol_13562	2048	CNP0280356.0	0.625
Mol_13565	2048	CNP0181289.0	0.7307692307692307
Mol_13566	2048	CNP0358053.1	0.42
Mol_13570	2048	CNP0319139.1	0.7582417582417582
Mol_13576	2048	CNP0148966.2	0.4769230769230769
Mol_13577	2048	CNP0246594.1	0.4366197183098591
Mol_13578	2048	CNP0261031.0	0.3820224719101123
Mol_13579	2048	CNP0246594.1	0.3625
Mol_13580	2048	CNP0246594.1	0.3766233766233766
Mol_13581	2048	CNP0415743.10	0.3421052631578947
Mol_13582	2048	CNP0148966.2	0.6086956521739131
Mol_13587	2048	CNP0359917.0	0.5849056603773585
Mol_13588	2048	CNP0133584.0	0.5185185185185185
Mol_13601	2048	CNP0314260.1	0.6721311475409836
Mol_13602	2048	CNP0348377.9	0.6224489795918368
Mol_13604	2048	CNP0162496.1	0.6395348837209303
Mol_13605	2048	CNP0194358.12	0.7717391304347826
Mol_13607	2048	CNP0348377.9	0.8607594936708861
Mol_13608	2048	CNP0281611.3	0.6746987951807228
Mol_13609	2048	CNP0281611.3	0.5340909090909091
Mol_13610	2048	CNP0235894.14	0.5051546391752577
Mol_13611	2048	CNP0238375.1	0.490566037735849
Mol_13612	2048	CNP0235894.14	0.6235294117647059
Mol_13613	2048	CNP0198956.11	0.7666666666666667
Mol_13614	2048	CNP0281611.3	0.5340909090909091
Mol_13615	2048	CNP0238375.1	0.6
Mol_13616	2048	CNP0198956.11	0.7666666666666667
Mol_13617	2048	CNP0198956.11	0.7666666666666667
Mol_13624	2048	CNP0566114.1	0.5567010309278351
Mol_13625	2048	CNP0179829.0	0.3787878787878788
Mol_13629	2048	CNP0314260.1	0.647887323943662
Mol_13638	2048	CNP0218584.4	0.4096385542168674
Mol_13643	2048	CNP0082507.1	0.4819277108433735
Mol_13644	2048	CNP0132808.0	0.5921052631578947
Mol_13651	2048	CNP0197278.4	0.6944444444444444
Mol_13652	2048	CNP0197278.4	0.6944444444444444
Mol_13653	2048	CNP0197278.4	0.5897435897435898
Mol_13654	2048	CNP0197278.4	0.5897435897435898
Mol_13656	2048	CNP0365648.3	0.765625
Mol_13663	2048	CNP0394142.0	0.6451612903225806
Mol_13664	2048	CNP0283896.2	0.3061224489795918
Mol_13672	2048	CNP0131592.3	0.75
Mol_13691	2048	CNP0230789.0	0.2857142857142857
Mol_13698	2048	CNP0186143.0	0.5151515151515151
Mol_13703	2048	CNP0346729.0	1.0
Mol_13716	2048	CNP0188742.2	0.4897959183673469
Mol_13717	2048	CNP0240694.2	0.3333333333333333
Mol_13730	2048	CNP0285400.5	0.7037037037037037
Mol_13736	2048	CNP0179315.1	0.5416666666666666
Mol_13737	2048	CNP0179315.1	0.5416666666666666
Mol_13741	2048	CNP0271042.3	0.72
Mol_13742	2048	CNP0287421.1	0.7843137254901961
Mol_13743	2048	CNP0277200.1	0.5490196078431373
Mol_13744	2048	CNP0272002.1	0.4545454545454545
Mol_13745	2048	CNP0272002.1	0.4545454545454545
Mol_13747	2048	CNP0515304.1	0.8490566037735849
Mol_13748	2048	CNP0515304.1	0.7931034482758621
Mol_13749	2048	CNP0515304.1	0.640625
Mol_13750	2048	CNP0381390.5	0.6166666666666667
Mol_13751	2048	CNP0348170.3	0.8305084745762712
Mol_13752	2048	CNP0406015.1	0.78125
Mol_13753	2048	CNP0406015.1	0.78125
Mol_13754	2048	CNP0406015.1	0.6527777777777778
Mol_13755	2048	CNP0406015.1	0.6527777777777778
Mol_13756	2048	CNP0153773.1	0.6956521739130435
Mol_13757	2048	CNP0240036.2	0.4743589743589743
Mol_13758	2048	CNP0153773.1	0.4923076923076923
Mol_13759	2048	CNP0153773.1	0.4936708860759494
Mol_13760	2048	CNP0196982.1	0.4230769230769231
Mol_13761	2048	CNP0196982.1	0.5
Mol_13766	2048	CNP0423139.1	0.5833333333333334
Mol_13769	2048	CNP0249243.1	0.4107142857142857
Mol_13770	2048	CNP0262971.1	0.4
Mol_13771	2048	CNP0262971.1	0.4
Mol_13772	2048	CNP0249944.2	0.3728813559322034
Mol_13773	2048	CNP0242640.2	0.7142857142857143
Mol_13778	2048	CNP0182315.0	0.6571428571428571
Mol_13783	2048	CNP0261072.5	0.5869565217391305
Mol_13784	2048	CNP0298381.2	0.6140350877192983
Mol_13785	2048	CNP0298381.2	0.74
Mol_13802	2048	CNP0147341.1	0.7017543859649122
Mol_13804	2048	CNP0147341.1	0.6290322580645161
Mol_13809	2048	CNP0236862.2	0.5212765957446809
Mol_13812	2048	CNP0271932.1	0.6721311475409836
Mol_13814	2048	CNP0296124.1	0.8072289156626506
Mol_13815	2048	CNP0128986.1	0.7659574468085106
Mol_13817	2048	CNP0122146.1	0.8125
Mol_13818	2048	CNP0142639.5	0.8289473684210527
Mol_13819	2048	CNP0122146.1	0.8717948717948718
Mol_13830	2048	CNP0107221.1	0.4629629629629629
Mol_13831	2048	CNP0237985.2	0.4568965517241379
Mol_13832	2048	CNP0161120.2	0.5
Mol_13833	2048	CNP0282895.2	0.5
Mol_13834	2048	CNP0321500.1	0.4571428571428571
Mol_13835	2048	CNP0562891.2	0.8275862068965517
Mol_13836	2048	CNP0562891.2	0.6461538461538462
Mol_13837	2048	CNP0281543.7	0.6585365853658537
Mol_13838	2048	CNP0241873.1	0.6190476190476191
Mol_13839	2048	CNP0129097.1	0.7
Mol_13840	2048	CNP0142780.1	0.5
Mol_13842	2048	CNP0221712.1	0.6744186046511628
Mol_13849	2048	CNP0242322.2	0.6333333333333333
Mol_13850	2048	CNP0562891.2	0.8275862068965517
Mol_13851	2048	CNP0068533.1	0.6714285714285714
Mol_13852	2048	CNP0562891.2	0.6461538461538462
Mol_13853	2048	CNP0330088.1	0.5405405405405406
Mol_13857	2048	CNP0236177.1	0.360655737704918
Mol_13863	2048	CNP0166271.2	0.5263157894736842
Mol_13864	2048	CNP0166271.2	0.5263157894736842
Mol_13873	2048	CNP0331450.0	0.4827586206896552
Mol_13875	2048	CNP0244483.0	0.9473684210526316
Mol_13884	2048	CNP0321187.0	0.4509803921568627
Mol_13919	2048	CNP0285613.1	0.963855421686747
Mol_13950	2048	CNP0158753.5	0.7972972972972973
Mol_13954	2048	CNP0398110.1	0.64
Mol_13962	2048	CNP0279312.1	0.4626865671641791
Mol_13965	2048	CNP0212722.4	0.4302325581395348
Mol_13966	2048	CNP0193087.1	0.4090909090909091
Mol_14009	2048	CNP0260360.1	0.7294117647058823
Mol_14010	2048	CNP0377515.1	0.7171717171717171
Mol_14011	2048	CNP0377515.1	0.7216494845360825
Mol_14012	2048	CNP0189580.2	0.8513513513513513
Mol_14013	2048	CNP0254087.1	0.5360824742268041
Mol_14014	2048	CNP0387111.11	0.6935483870967742
Mol_14015	2048	CNP0387111.11	0.7166666666666667
Mol_14034	2048	CNP0086542.1	0.7739130434782608
Mol_14046	2048	CNP0513524.0	0.6363636363636364
Mol_14048	2048	CNP0154875.2	0.6237623762376238
Mol_14049	2048	CNP0048853.1	0.9166666666666666
Mol_14050	2048	CNP0144528.2	0.734375
Mol_14052	2048	CNP0259994.3	0.8378378378378378
Mol_14053	2048	CNP0490947.1	0.7733333333333333
Mol_14054	2048	CNP0208255.5	0.7692307692307693
Mol_14056	2048	CNP0104819.0	0.3728813559322034
Mol_14058	2048	CNP0122773.2	0.3333333333333333
Mol_14065	2048	CNP0518720.1	0.6341463414634146
Mol_14067	2048	CNP0397060.1	0.5217391304347826
Mol_14068	2048	CNP0203404.1	0.5
Mol_14073	2048	CNP0307273.0	0.4583333333333333
Mol_14074	2048	CNP0307273.0	0.5111111111111111
Mol_14076	2048	CNP0123101.0	0.6222222222222222
Mol_14084	2048	CNP0144656.1	0.6666666666666666
Mol_14090	2048	CNP0120988.1	0.826530612244898
Mol_14098	2048	CNP0294224.0	0.6956521739130435
Mol_14106	2048	CNP0098654.0	0.6774193548387096
Mol_14137	2048	CNP0148902.1	0.3469387755102041
Mol_14141	2048	CNP0264196.0	0.6944444444444444
Mol_14145	2048	CNP0326480.1	0.7540983606557377
Mol_14166	2048	CNP0146943.3	0.7096774193548387
Mol_14195	2048	CNP0190696.0	0.4705882352941176
Mol_14196	2048	CNP0098838.1	0.5
Mol_14200	2048	CNP0285613.1	0.8541666666666666
Mol_14202	2048	CNP0264196.0	0.6944444444444444
Mol_14209	2048	CNP0287421.1	0.5614035087719298
Mol_14233	2048	CNP0158753.5	0.7051282051282052
Mol_14235	2048	CNP0158753.5	0.691358024691358
Mol_14237	2048	CNP0254195.3	0.8028169014084507
Mol_14256	2048	CNP0258934.1	0.6666666666666666
Mol_14260	2048	CNP0582847.0	0.4137931034482758
Mol_14262	2048	CNP0162808.3	0.6415094339622641
Mol_14288	2048	CNP0153706.3	0.2857142857142857
Mol_14290	2048	CNP0077682.1	0.7818181818181819
Mol_14291	2048	CNP0387144.2	0.8
Mol_14297	2048	CNP0080067.1	0.8641975308641975
Mol_14298	2048	CNP0437474.1	0.6162790697674418
Mol_14299	2048	CNP0270562.1	0.6744186046511628
Mol_14300	2048	CNP0559442.1	0.5752212389380531
Mol_14302	2048	CNP0562059.0	0.7391304347826086
Mol_14305	2048	CNP0453033.0	0.883495145631068
Mol_14306	2048	CNP0559442.1	0.8165137614678899
Mol_14308	2048	CNP0210286.4	0.7258064516129032
Mol_14309	2048	CNP0210286.4	0.7258064516129032
Mol_14312	2048	CNP0231125.3	0.5797101449275363
Mol_14317	2048	CNP0201454.1	0.6181818181818182
Mol_14319	2048	CNP0175962.0	0.7307692307692307
Mol_14331	2048	CNP0111843.0	0.5625
Mol_14336	2048	CNP0564743.1	0.7142857142857143
Mol_14337	2048	CNP0242459.2	0.676056338028169
Mol_14340	2048	CNP0547946.0	0.8732394366197183
Mol_14343	2048	CNP0361923.6	0.8382352941176471
Mol_14344	2048	CNP0564743.1	0.7142857142857143
Mol_14345	2048	CNP0564743.1	0.7027027027027027
Mol_14347	2048	CNP0564743.1	0.7142857142857143
Mol_14348	2048	CNP0242459.2	0.676056338028169
Mol_14349	2048	CNP0242459.2	0.8260869565217391
Mol_14350	2048	CNP0547946.0	0.8732394366197183
Mol_14351	2048	CNP0250037.2	0.5959595959595959
Mol_14352	2048	CNP0233864.1	0.9213483146067416
Mol_14353	2048	CNP0250037.2	0.7472527472527473
Mol_14354	2048	CNP0250037.2	0.7701149425287356
Mol_14355	2048	CNP0250037.2	0.8023255813953488
Mol_14356	2048	CNP0250037.2	0.8023255813953488
Mol_14357	2048	CNP0250037.2	0.8765432098765432
Mol_14358	2048	CNP0250037.2	0.7111111111111111
Mol_14359	2048	CNP0250037.2	0.7407407407407407
Mol_14362	2048	CNP0172640.3	0.7142857142857143
Mol_14367	2048	CNP0564743.1	0.7808219178082192
Mol_14422	2048	CNP0195071.2	0.4166666666666667
Mol_14424	2048	CNP0364131.3	0.45
Mol_14447	2048	CNP0107097.0	0.5
Mol_14451	2048	CNP0134956.1	0.7580645161290323
Mol_14452	2048	CNP0428402.1	0.7580645161290323
Mol_14465	2048	CNP0568861.0	0.4714285714285714
Mol_14469	2048	CNP0285154.0	0.3846153846153846
Mol_14470	2048	CNP0043545.0	0.7647058823529411
Mol_14471	2048	CNP0285154.0	0.5813953488372093
Mol_14472	2048	CNP0305244.0	0.5384615384615384
Mol_14483	2048	CNP0236383.0	0.358974358974359
Mol_14490	2048	CNP0174067.1	0.5421686746987951
Mol_14502	2048	CNP0365712.0	0.2926829268292683
Mol_14521	2048	CNP0077684.1	0.7142857142857143
Mol_14523	2048	CNP0287421.1	0.7959183673469388
Mol_14524	2048	CNP0290171.1	0.7758620689655172
Mol_14525	2048	CNP0273083.1	0.6774193548387096
Mol_14534	2048	CNP0316024.2	0.696969696969697
Mol_14535	2048	CNP0221168.1	0.5060240963855421
Mol_14536	2048	CNP0221168.1	0.5060240963855421
Mol_14537	2048	CNP0117287.1	0.5862068965517241
Mol_14538	2048	CNP0137273.1	0.6105263157894737
Mol_14582	2048	CNP0265015.1	0.4555555555555555
Mol_14583	2048	CNP0265015.1	0.4555555555555555
Mol_14598	2048	CNP0198944.2	0.7142857142857143
Mol_14602	2048	CNP0265678.2	0.46875
Mol_14621	2048	CNP0579381.0	0.2972972972972973
Mol_14622	2048	CNP0456284.0	0.3333333333333333
Mol_14623	2048	CNP0236383.0	0.3414634146341463
Mol_14637	2048	CNP0294291.1	0.7904761904761904
Mol_14638	2048	CNP0294291.1	0.8846153846153846
Mol_14639	2048	CNP0294291.1	0.8529411764705882
Mol_14640	2048	CNP0294291.1	0.9504950495049505
Mol_14655	2048	CNP0262701.0	0.5
Mol_14665	2048	CNP0597857.2	0.7384615384615385
Mol_14667	2048	CNP0323069.2	0.7936507936507936
Mol_14668	2048	CNP0085681.1	0.7391304347826086
Mol_14669	2048	CNP0323069.2	0.8688524590163934
Mol_14670	2048	CNP0323069.2	0.8548387096774194
Mol_14671	2048	CNP0323069.2	0.5405405405405406
Mol_14672	2048	CNP0323069.2	0.8548387096774194
Mol_14673	2048	CNP0323069.2	0.859375
Mol_14674	2048	CNP0011937.7	0.8028169014084507
Mol_14675	2048	CNP0085681.1	0.7162162162162162
Mol_14676	2048	CNP0323069.2	0.8
Mol_14677	2048	CNP0323069.2	0.8115942028985508
Mol_14678	2048	CNP0323069.2	0.7887323943661971
Mol_14679	2048	CNP0011937.7	0.7162162162162162
Mol_14682	2048	CNP0385945.2	0.5471698113207547
Mol_14683	2048	CNP0524583.2	0.5952380952380952
Mol_14684	2048	CNP0332083.2	0.6
Mol_14715	2048	CNP0255853.2	0.56
Mol_14716	2048	CNP0255853.2	0.5
Mol_14717	2048	CNP0255853.2	0.5
Mol_14730	2048	CNP0358001.1	0.46
Mol_14734	2048	CNP0481351.0	0.4909090909090909
Mol_14753	2048	CNP0263738.1	0.788235294117647
Mol_14754	2048	CNP0263738.1	0.8571428571428571
Mol_14803	2048	CNP0426112.0	0.6
Mol_14816	2048	CNP0437409.4	0.7
Mol_14825	2048	CNP0372561.1	0.5769230769230769
Mol_14835	2048	CNP0260360.1	0.7710843373493976
Mol_14836	2048	CNP0002474.2	0.8
Mol_14854	2048	CNP0355630.1	0.4482758620689655
Mol_14855	2048	CNP0355630.1	0.4318181818181818
Mol_14856	2048	CNP0159063.0	0.6666666666666666
Mol_14859	2048	CNP0120988.1	0.8297872340425532
Mol_14860	2048	CNP0351158.1	0.79
Mol_14861	2048	CNP0277453.3	0.9487179487179488
Mol_14864	2048	CNP0258225.5	0.7777777777777778
Mol_14892	2048	CNP0216530.1	0.7543859649122807
Mol_14893	2048	CNP0216530.1	0.5454545454545454
Mol_14894	2048	CNP0216530.1	0.65
Mol_14895	2048	CNP0195763.1	0.6923076923076923
Mol_14900	2048	CNP0130012.1	0.9230769230769232
Mol_14933	2048	CNP0077682.1	0.589041095890411
Mol_14952	2048	CNP0239186.0	0.9117647058823528
Mol_14965	2048	CNP0351823.1	0.4852941176470588
Mol_14966	2048	CNP0351823.1	0.463768115942029
Mol_14967	2048	CNP0351823.1	0.4054054054054054
Mol_14968	2048	CNP0351823.1	0.4852941176470588
Mol_14969	2048	CNP0351823.1	0.463768115942029
Mol_14970	2048	CNP0351823.1	0.4054054054054054
Mol_14974	2048	CNP0130012.1	0.9230769230769232
Mol_14978	2048	CNP0182315.0	0.6216216216216216
Mol_14979	2048	CNP0182315.0	0.6052631578947368
Mol_14986	2048	CNP0200961.2	0.734375
Mol_14988	2048	CNP0577892.1	0.4516129032258064
Mol_14989	2048	CNP0132740.2	0.3846153846153846
Mol_14990	2048	CNP0132740.2	0.423728813559322
Mol_14995	2048	CNP0248727.1	0.3728813559322034
Mol_15004	2048	CNP0159717.1	0.5294117647058824
Mol_15006	2048	CNP0197035.1	0.3466666666666667
Mol_15012	2048	CNP0333224.5	0.5408163265306123
Mol_15013	2048	CNP0169108.2	0.9012345679012346
Mol_15033	2048	CNP0104315.2	0.9156626506024096
Mol_15034	2048	CNP0187266.1	0.8235294117647058
Mol_15041	2048	CNP0128986.1	0.8735632183908046
Mol_15044	2048	CNP0116863.1	0.9294117647058824
Mol_15045	2048	CNP0269512.3	0.9506172839506172
Mol_15046	2048	CNP0306098.3	0.5434782608695652
Mol_15055	2048	CNP0239186.0	0.8533333333333334
Mol_15056	2048	CNP0348368.3	0.8860759493670886
Mol_15057	2048	CNP0178635.3	0.922077922077922
Mol_15058	2048	CNP0178635.3	0.8117647058823529
Mol_15059	2048	CNP0348368.3	0.9733333333333334
Mol_15060	2048	CNP0178635.3	0.8846153846153846
Mol_15061	2048	CNP0222869.3	0.875
Mol_15062	2048	CNP0222869.3	0.9204545454545454
Mol_15063	2048	CNP0348368.3	0.9342105263157896
Mol_15064	2048	CNP0240206.1	0.6190476190476191
Mol_15069	2048	CNP0222869.3	0.9166666666666666
Mol_15071	2048	CNP0178635.3	0.8641975308641975
Mol_15072	2048	CNP0222869.3	0.8604651162790697
Mol_15075	2048	CNP0222869.3	0.875
Mol_15082	2048	CNP0253564.1	0.6794871794871795
Mol_15083	2048	CNP0254087.1	0.7272727272727273
Mol_15084	2048	CNP0253564.1	0.8333333333333334
Mol_15085	2048	CNP0222869.3	1.0
Mol_15089	2048	CNP0178132.0	0.4545454545454545
Mol_15091	2048	CNP0302868.0	0.75
Mol_15093	2048	CNP0169396.1	0.4545454545454545
Mol_15096	2048	CNP0346476.0	0.7358490566037735
Mol_15097	2048	CNP0172640.3	0.7111111111111111
Mol_15101	2048	CNP0105517.1	0.6666666666666666
Mol_15107	2048	CNP0160042.3	0.6119402985074627
Mol_15110	2048	CNP0316799.8	0.8888888888888888
Mol_15120	2048	CNP0277801.3	0.6195652173913043
Mol_15131	2048	CNP0404272.1	0.54
Mol_15133	2048	CNP0249511.1	0.4603174603174603
Mol_15140	2048	CNP0500461.1	0.4285714285714285
Mol_15142	2048	CNP0301236.1	0.62
Mol_15146	2048	CNP0268730.0	0.4888888888888889
Mol_15148	2048	CNP0140446.0	1.0
Mol_15151	2048	CNP0077682.1	0.589041095890411
Mol_15167	2048	CNP0351823.1	0.59375
Mol_15171	2048	CNP0134235.6	0.74
Mol_15173	2048	CNP0105686.2	0.3934426229508196
Mol_15177	2048	CNP0305505.1	0.4807692307692308
Mol_15179	2048	CNP0305505.1	0.4807692307692308
Mol_15180	2048	CNP0270979.1	0.4473684210526316
Mol_15188	2048	CNP0157334.0	0.6451612903225806
Mol_15189	2048	CNP0316848.0	0.8285714285714286
Mol_15191	2048	CNP0252780.1	0.746031746031746
Mol_15192	2048	CNP0127239.0	0.675
Mol_15200	2048	CNP0251073.1	0.4807692307692308
Mol_15201	2048	CNP0108622.5	0.5652173913043478
Mol_15202	2048	CNP0418702.5	0.746031746031746
Mol_15203	2048	CNP0418702.5	0.5588235294117647
Mol_15204	2048	CNP0228027.2	0.4776119402985074
Mol_15205	2048	CNP0601899.0	0.4137931034482758
Mol_15206	2048	CNP0215420.2	0.7931034482758621
Mol_15229	2048	CNP0003021.1	0.3421052631578947
Mol_15233	2048	CNP0128749.0	0.5135135135135135
Mol_15234	2048	CNP0132312.3	0.4
Mol_15235	2048	CNP0163395.2	0.4390243902439024
Mol_15236	2048	CNP0035184.2	0.3809523809523809
Mol_15237	2048	CNP0504516.0	0.4666666666666667
Mol_15238	2048	CNP0163395.2	0.4864864864864865
Mol_15239	2048	CNP0504516.0	0.4
Mol_15249	2048	CNP0213000.2	0.6595744680851063
Mol_15259	2048	CNP0243762.2	0.3333333333333333
Mol_15261	2048	CNP0189018.2	0.3225806451612903
Mol_15264	2048	CNP0073151.1	0.4230769230769231
Mol_15265	2048	CNP0193471.1	0.3953488372093023
Mol_15266	2048	CNP0263076.1	0.5686274509803921
Mol_15267	2048	CNP0263076.1	0.4833333333333333
Mol_15283	2048	CNP0283643.1	0.72
Mol_15285	2048	CNP0085995.0	0.3461538461538461
Mol_15286	2048	CNP0085995.0	0.5454545454545454
Mol_15305	2048	CNP0294956.2	0.4594594594594595
Mol_15313	2048	CNP0194436.1	0.3877551020408163
Mol_15315	2048	CNP0253979.10	0.6049382716049383
Mol_15316	2048	CNP0544943.1	0.5254237288135594
Mol_15321	2048	CNP0244243.2	0.5161290322580645
Mol_15394	2048	CNP0544943.1	0.4814814814814814
Mol_15417	2048	CNP0400152.1	0.4634146341463415
Mol_15427	2048	CNP0181609.1	0.5757575757575758
Mol_15433	2048	CNP0178474.2	0.7213114754098361
Mol_15450	2048	CNP0175762.0	0.6491228070175439
Mol_15453	2048	CNP0577567.1	0.6964285714285714
Mol_15454	2048	CNP0577567.1	0.5916666666666667
Mol_15455	2048	CNP0577567.1	0.5932203389830508
Mol_15456	2048	CNP0577567.1	0.5739130434782609
Mol_15457	2048	CNP0577567.1	0.5128205128205128
Mol_15458	2048	CNP0577567.1	0.6754385964912281
Mol_15461	2048	CNP0536915.1	0.4166666666666667
Mol_15462	2048	CNP0536915.1	0.4166666666666667
Mol_15486	2048	CNP0135865.7	0.7222222222222222
Mol_15493	2048	CNP0087422.1	0.6507936507936508
Mol_15495	2048	CNP0332043.1	0.6417910447761194
Mol_15497	2048	CNP0158753.5	0.875
Mol_15512	2048	CNP0417688.1	0.648
Mol_15513	2048	CNP0284018.1	0.7419354838709677
Mol_15516	2048	CNP0155306.1	0.425
Mol_15517	2048	CNP0157006.2	0.4868421052631579
Mol_15518	2048	CNP0287662.9	0.4175824175824176
Mol_15519	2048	CNP0157006.2	0.4204545454545454
Mol_15520	2048	CNP0157006.2	0.5857142857142857
Mol_15521	2048	CNP0067439.4	0.6125
Mol_15522	2048	CNP0157006.2	0.6363636363636364
Mol_15523	2048	CNP0426628.1	0.4752475247524752
Mol_15524	2048	CNP0160464.1	0.5757575757575758
Mol_15525	2048	CNP0257960.1	0.6333333333333333
Mol_15526	2048	CNP0502033.1	0.7391304347826086
Mol_15527	2048	CNP0164730.1	0.578125
Mol_15528	2048	CNP0164730.1	0.578125
Mol_15529	2048	CNP0155306.1	0.5135135135135135
Mol_15531	2048	CNP0067439.4	0.425
Mol_15532	2048	CNP0067439.4	0.425
Mol_15533	2048	CNP0287662.9	0.603448275862069
Mol_15534	2048	CNP0502033.1	0.5714285714285714
Mol_15535	2048	CNP0287662.9	0.603448275862069
Mol_15536	2048	CNP0502033.1	0.5714285714285714
Mol_15537	2048	CNP0251608.1	0.6470588235294118
Mol_15538	2048	CNP0295059.0	0.7272727272727273
Mol_15539	2048	CNP0213000.2	0.4523809523809524
Mol_15540	2048	CNP0270760.1	0.5098039215686274
Mol_15542	2048	CNP0257960.1	0.5670103092783505
Mol_15543	2048	CNP0157006.2	0.7755102040816326
Mol_15549	2048	CNP0155306.1	0.5846153846153846
Mol_15551	2048	CNP0155306.1	0.5846153846153846
Mol_15555	2048	CNP0148023.1	0.7777777777777778
Mol_15556	2048	CNP0372575.3	0.9315068493150684
Mol_15602	2048	CNP0562059.0	0.625
Mol_15604	2048	CNP0286882.1	0.75
Mol_15609	2048	CNP0547057.1	0.2830188679245283
Mol_15610	2048	CNP0160373.6	0.392156862745098
Mol_15617	2048	CNP0265794.0	0.5952380952380952
Mol_15618	2048	CNP0276276.5	0.6271186440677966
Mol_15619	2048	CNP0196039.0	0.5306122448979592
Mol_15623	2048	CNP0239186.0	0.6708860759493671
Mol_15632	2048	CNP0264057.0	0.4333333333333333
Mol_15636	2048	CNP0121840.1	0.6428571428571429
Mol_15640	2048	CNP0239186.0	0.8055555555555556
Mol_15641	2048	CNP0069292.1	0.8035714285714286
Mol_15644	2048	CNP0104537.3	0.8295454545454546
Mol_15651	2048	CNP0116863.1	0.9294117647058824
Mol_15657	2048	CNP0286882.1	0.6190476190476191
Mol_15658	2048	CNP0215582.0	0.6551724137931034
Mol_15659	2048	CNP0211370.0	0.5882352941176471
Mol_15660	2048	CNP0288627.1	0.7910447761194029
Mol_15661	2048	CNP0337229.2	0.6785714285714286
Mol_15723	2048	CNP0211699.1	0.7735849056603774
Mol_15743	2048	CNP0295209.1	0.7619047619047619
Mol_15753	2048	CNP0230871.1	0.7808219178082192
Mol_15754	2048	CNP0077682.1	0.6724137931034483
Mol_15756	2048	CNP0241548.4	0.5797101449275363
Mol_15757	2048	CNP0277200.1	0.6304347826086957
Mol_15773	2048	CNP0254195.3	0.8028169014084507
Mol_15786	2048	CNP0335769.1	0.875
Mol_15789	2048	CNP0178241.2	0.6885245901639344
Mol_15790	2048	CNP0196937.2	0.8382352941176471
Mol_15791	2048	CNP0259117.2	0.7719298245614035
Mol_15792	2048	CNP0337707.1	0.7636363636363637
Mol_15800	2048	CNP0178241.2	0.8148148148148148
Mol_15801	2048	CNP0264940.0	0.6585365853658537
Mol_15804	2048	CNP0228818.0	0.5853658536585366
Mol_15805	2048	CNP0289413.0	0.6744186046511628
Mol_15806	2048	CNP0383924.0	0.5777777777777777
Mol_15807	2048	CNP0264943.0	0.5909090909090909
Mol_15808	2048	CNP0228818.0	0.6511627906976745
Mol_15809	2048	CNP0289413.0	0.5957446808510638
Mol_15810	2048	CNP0289413.0	0.918918918918919
Mol_15811	2048	CNP0289413.0	0.5813953488372093
Mol_15812	2048	CNP0211370.0	0.5510204081632653
Mol_15813	2048	CNP0302049.0	0.7058823529411765
Mol_15814	2048	CNP0164392.0	0.3728813559322034
Mol_15815	2048	CNP0336240.0	0.6578947368421053
Mol_15816	2048	CNP0291216.0	0.6923076923076923
Mol_15817	2048	CNP0289413.0	0.6444444444444445
Mol_15818	2048	CNP0289413.0	0.5957446808510638
Mol_15819	2048	CNP0605105.1	0.6896551724137931
Mol_15820	2048	CNP0425426.1	0.5833333333333334
Mol_15821	2048	CNP0425426.1	0.6176470588235294
Mol_15822	2048	CNP0169391.4	0.8
Mol_15824	2048	CNP0289413.0	0.5957446808510638
Mol_15828	2048	CNP0312496.1	0.86
Mol_15829	2048	CNP0312496.1	0.89
Mol_15830	2048	CNP0312496.1	0.7339449541284404
Mol_15831	2048	CNP0312496.1	0.7247706422018348
Mol_15832	2048	CNP0312496.1	0.7545454545454545
Mol_15834	2048	CNP0387111.11	0.4239130434782608
Mol_15835	2048	CNP0135921.0	0.6956521739130435
Mol_15836	2048	CNP0271932.1	0.5072463768115942
Mol_15837	2048	CNP0119876.2	0.819672131147541
Mol_15838	2048	CNP0210521.1	0.5
Mol_15839	2048	CNP0135921.0	0.8571428571428571
Mol_15841	2048	CNP0201863.1	0.6666666666666666
Mol_15842	2048	CNP0201863.1	0.65
Mol_15844	2048	CNP0176104.0	0.7941176470588235
Mol_15845	2048	CNP0425426.1	0.78125
Mol_15846	2048	CNP0302537.1	0.4210526315789473
Mol_15864	2048	CNP0420881.1	0.7142857142857143
Mol_15886	2048	CNP0077682.1	0.7666666666666667
Mol_15892	2048	CNP0218352.2	0.6542056074766355
Mol_15902	2048	CNP0226761.6	0.875
Mol_15903	2048	CNP0226761.6	0.913978494623656
Mol_15967	2048	CNP0136726.6	0.6575342465753424
Mol_15969	2048	CNP0372575.3	0.9444444444444444
Mol_15970	2048	CNP0255447.2	0.8904109589041096
Mol_15977	2048	CNP0276276.5	0.8333333333333334
Mol_15978	2048	CNP0293409.1	0.8260869565217391
Mol_15979	2048	CNP0212010.2	0.7916666666666666
Mol_15980	2048	CNP0212010.2	0.8333333333333334
Mol_15981	2048	CNP0212010.2	0.7714285714285715
Mol_15982	2048	CNP0244774.1	0.8701298701298701
Mol_15983	2048	CNP0263885.0	0.6901408450704225
Mol_15984	2048	CNP0154711.8	0.575
Mol_15985	2048	CNP0212010.2	0.8142857142857143
Mol_15986	2048	CNP0225818.4	0.8082191780821918
Mol_16010	2048	CNP0127316.0	0.8658536585365854
Mol_16022	2048	CNP0221712.1	0.3272727272727272
Mol_16025	2048	CNP0086740.2	0.4
Mol_16026	2048	CNP0600647.1	0.4590163934426229
Mol_16028	2048	CNP0350607.0	1.0
Mol_16029	2048	CNP0350607.0	1.0
Mol_16030	2048	CNP0123101.0	0.6666666666666666
Mol_16054	2048	CNP0174063.1	0.4545454545454545
Mol_16075	2048	CNP0261056.1	0.7466666666666667
Mol_16076	2048	CNP0325047.5	0.4761904761904761
Mol_16077	2048	CNP0435886.0	0.6190476190476191
Mol_16078	2048	CNP0435886.0	0.7692307692307693
Mol_16079	2048	CNP0435886.0	0.7692307692307693
Mol_16080	2048	CNP0130519.1	0.2816901408450704
Mol_16081	2048	CNP0130519.1	0.2898550724637681
Mol_16082	2048	CNP0130519.1	0.2941176470588235
Mol_16083	2048	CNP0130519.1	0.2941176470588235
Mol_16084	2048	CNP0149893.4	0.2839506172839506
Mol_16085	2048	CNP0131592.3	0.2957746478873239
Mol_16087	2048	CNP0312491.4	0.746268656716418
Mol_16090	2048	CNP0080939.1	0.594059405940594
Mol_16094	2048	CNP0304663.0	0.65
Mol_16095	2048	CNP0336212.0	0.75
Mol_16113	2048	CNP0141425.0	0.6153846153846154
Mol_16121	2048	CNP0544943.1	0.4807692307692308
Mol_16133	2048	CNP0544943.1	0.4642857142857143
Mol_16134	2048	CNP0318233.3	0.5
Mol_16137	2048	CNP0181609.1	0.5833333333333334
Mol_16162	2048	CNP0379972.2	0.6851851851851852
Mol_16163	2048	CNP0347793.0	0.6111111111111112
Mol_16185	2048	CNP0231125.3	0.9107142857142856
Mol_16186	2048	CNP0157765.3	0.782608695652174
Mol_16187	2048	CNP0260360.1	0.868421052631579
Mol_16188	2048	CNP0201386.1	0.5692307692307692
Mol_16189	2048	CNP0285383.3	0.640625
Mol_16190	2048	CNP0229831.2	0.7540983606557377
Mol_16191	2048	CNP0347492.2	0.8275862068965517
Mol_16200	2048	CNP0316095.1	0.3424657534246575
Mol_16201	2048	CNP0264671.3	0.3035714285714285
Mol_16202	2048	CNP0140558.1	0.5645161290322581
Mol_16209	2048	CNP0105752.2	0.6764705882352942
Mol_16210	2048	CNP0499520.1	0.5692307692307692
Mol_16213	2048	CNP0129097.1	0.5681818181818182
Mol_16227	2048	CNP0290261.0	0.375
Mol_16230	2048	CNP0115890.0	0.3666666666666666
Mol_16231	2048	CNP0338401.1	0.3636363636363636
Mol_16232	2048	CNP0204545.1	0.3142857142857143
Mol_16233	2048	CNP0115890.0	0.5
Mol_16234	2048	CNP0207096.1	0.4864864864864865
Mol_16243	2048	CNP0228609.0	0.4333333333333333
Mol_16248	2048	CNP0532210.1	0.5714285714285714
Mol_16254	2048	CNP0212703.1	0.6052631578947368
Mol_16255	2048	CNP0509741.1	0.6164383561643836
Mol_16257	2048	CNP0159495.1	0.6557377049180327
Mol_16263	2048	CNP0601419.1	0.6060606060606061
Mol_16293	2048	CNP0280717.1	0.7608695652173914
Mol_16295	2048	CNP0515609.0	0.6226415094339622
Mol_16297	2048	CNP0225313.0	0.4576271186440678
Mol_16305	2048	CNP0432865.1	0.6285714285714286
Mol_16322	2048	CNP0307273.0	0.8
Mol_16323	2048	CNP0304715.4	0.5
Mol_16329	2048	CNP0434626.1	0.4683544303797468
Mol_16332	2048	CNP0116451.1	0.7358490566037735
Mol_16334	2048	CNP0223681.2	0.3809523809523809
Mol_16337	2048	CNP0268878.1	0.8765432098765432
Mol_16339	2048	CNP0534015.1	0.7183098591549296
Mol_16340	2048	CNP0130377.0	0.4901960784313725
Mol_16341	2048	CNP0214410.2	0.4745762711864407
Mol_16357	2048	CNP0131592.3	0.75
Mol_16360	2048	CNP0228609.0	0.6530612244897959
Mol_16361	2048	CNP0132698.0	0.7083333333333334
Mol_16362	2048	CNP0228609.0	0.4642857142857143
Mol_16363	2048	CNP0228609.0	0.673469387755102
Mol_16364	2048	CNP0228609.0	0.717391304347826
Mol_16371	2048	CNP0228789.1	0.3846153846153846
Mol_16372	2048	CNP0115618.1	0.3932584269662921
Mol_16373	2048	CNP0416090.2	0.4626865671641791
Mol_16374	2048	CNP0227792.4	0.4520547945205479
Mol_16376	2048	CNP0246594.1	0.4246575342465753
Mol_16378	2048	CNP0515304.1	0.4545454545454545
Mol_16380	2048	CNP0263547.2	0.6567164179104478
Mol_16382	2048	CNP0246594.1	0.4246575342465753
Mol_16383	2048	CNP0227074.1	0.4246575342465753
Mol_16384	2048	CNP0227792.4	0.5522388059701493
Mol_16385	2048	CNP0500828.1	0.3974358974358974
Mol_16386	2048	CNP0148966.2	0.5217391304347826
Mol_16387	2048	CNP0148966.2	0.4487179487179487
Mol_16388	2048	CNP0227792.4	0.4868421052631579
Mol_16390	2048	CNP0148966.2	0.4868421052631579
Mol_16395	2048	CNP0278351.1	0.3653846153846153
Mol_16396	2048	CNP0478589.0	0.391304347826087
Mol_16397	2048	CNP0278351.1	0.6153846153846154
Mol_16398	2048	CNP0203072.2	0.3287671232876712
Mol_16399	2048	CNP0278351.1	0.525
Mol_16401	2048	CNP0419536.0	0.6097560975609756
Mol_16405	2048	CNP0130031.1	0.625
Mol_16407	2048	CNP0226015.2	0.76
Mol_16413	2048	CNP0478549.1	0.8723404255319149
Mol_16416	2048	CNP0158753.5	0.7972972972972973
Mol_16417	2048	CNP0158753.5	0.7972972972972973
Mol_16418	2048	CNP0244951.1	0.8452380952380952
Mol_16432	2048	CNP0209914.0	0.8
Mol_16454	2048	CNP0333148.4	0.7628865979381443
Mol_16457	2048	CNP0205193.2	0.4193548387096774
Mol_16458	2048	CNP0252293.1	0.3561643835616438
Mol_16461	2048	CNP0298659.1	0.4090909090909091
Mol_16462	2048	CNP0247557.1	0.4
Mol_16463	2048	CNP0247557.1	0.3947368421052631
Mol_16464	2048	CNP0351823.1	0.4459459459459459
Mol_16465	2048	CNP0205193.2	0.3870967741935484
Mol_16511	2048	CNP0204921.0	0.4864864864864865
Mol_16513	2048	CNP0208925.1	0.4666666666666667
Mol_16515	2048	CNP0345997.8	0.7183098591549296
Mol_16517	2048	CNP0424103.0	0.7222222222222222
Mol_16519	2048	CNP0424103.0	0.7222222222222222
Mol_16520	2048	CNP0424103.0	0.7843137254901961
Mol_16521	2048	CNP0124480.0	0.4901960784313725
Mol_16522	2048	CNP0396669.2	0.5614035087719298
Mol_16530	2048	CNP0296760.5	0.734375
Mol_16531	2048	CNP0343673.1	0.55
Mol_16532	2048	CNP0307482.2	0.6585365853658537
Mol_16533	2048	CNP0328141.1	0.7294117647058823
Mol_16541	2048	CNP0288920.0	0.7142857142857143
Mol_16542	2048	CNP0138077.16	0.717948717948718
Mol_16547	2048	CNP0350607.0	0.7333333333333333
Mol_16548	2048	CNP0296682.2	0.6896551724137931
Mol_16550	2048	CNP0241177.0	0.3191489361702128
Mol_16551	2048	CNP0326868.0	0.4259259259259259
Mol_16552	2048	CNP0326868.0	0.4038461538461538
Mol_16554	2048	CNP0228818.0	0.5
Mol_16556	2048	CNP0157334.0	0.3636363636363636
Mol_16557	2048	CNP0111764.0	0.4615384615384615
Mol_16558	2048	CNP0463441.1	0.5769230769230769
Mol_16560	2048	CNP0249243.1	0.6304347826086957
Mol_16566	2048	CNP0359553.1	0.196078431372549
Mol_16586	2048	CNP0164543.1	0.7272727272727273
Mol_16592	2048	CNP0403199.0	0.3783783783783784
Mol_16594	2048	CNP0277258.2	0.8775510204081632
Mol_16614	2048	CNP0322118.1	0.8103448275862069
Mol_16615	2048	CNP0297478.1	0.6779661016949152
Mol_16616	2048	CNP0297478.1	0.8035714285714286
Mol_16617	2048	CNP0297478.1	0.5538461538461539
Mol_16618	2048	CNP0171538.3	0.6
Mol_16619	2048	CNP0171538.3	0.5671641791044776
Mol_16620	2048	CNP0230831.1	0.6724137931034483
Mol_16621	2048	CNP0322118.1	0.4776119402985074
Mol_16624	2048	CNP0429040.2	0.373134328358209
Mol_16625	2048	CNP0226451.0	0.7551020408163265
Mol_16626	2048	CNP0229814.2	0.6140350877192983
Mol_16627	2048	CNP0229814.2	0.6140350877192983
Mol_16638	2048	CNP0131248.0	0.5892857142857143
Mol_16639	2048	CNP0350607.0	0.8222222222222222
Mol_16640	2048	CNP0131248.0	0.6346153846153846
Mol_16653	2048	CNP0333306.0	0.3442622950819672
Mol_16721	2048	CNP0164607.0	0.6538461538461539
Mol_16727	2048	CNP0134676.1	0.6271186440677966
Mol_16728	2048	CNP0134676.1	0.6271186440677966
Mol_16729	2048	CNP0134676.1	0.6727272727272727
Mol_16743	2048	CNP0043545.0	0.5641025641025641
Mol_16748	2048	CNP0163730.1	0.4590163934426229
Mol_16749	2048	CNP0232529.6	0.4761904761904761
Mol_16750	2048	CNP0232529.6	0.5
Mol_16751	2048	CNP0232529.6	0.5
Mol_16776	2048	CNP0505922.0	0.5
Mol_16779	2048	CNP0505922.0	0.5535714285714286
Mol_16800	2048	CNP0505922.0	0.5370370370370371
Mol_16801	2048	CNP0505922.0	0.5333333333333333
Mol_16814	2048	CNP0022934.0	0.627906976744186
Mol_16815	2048	CNP0321255.1	0.320754716981132
Mol_16820	2048	CNP0189409.1	0.4698795180722891
Mol_16821	2048	CNP0139491.2	0.3508771929824561
Mol_16827	2048	CNP0287386.2	0.7647058823529411
Mol_16828	2048	CNP0207947.3	0.6617647058823529
Mol_16829	2048	CNP0207947.3	0.625
Mol_16830	2048	CNP0217759.1	0.5287356321839081
Mol_16831	2048	CNP0142211.1	0.5972222222222222
Mol_16832	2048	CNP0239202.4	0.6764705882352942
Mol_16836	2048	CNP0120417.5	0.8271604938271605
Mol_16837	2048	CNP0120417.5	0.5360824742268041
Mol_16838	2048	CNP0120417.5	0.5520833333333334
Mol_16839	2048	CNP0426541.1	0.4842105263157895
Mol_16840	2048	CNP0235968.1	0.5185185185185185
Mol_16842	2048	CNP0113809.1	0.691358024691358
Mol_16843	2048	CNP0113809.1	0.5333333333333333
Mol_16844	2048	CNP0113809.1	0.5111111111111111
Mol_16853	2048	CNP0318623.3	0.5068493150684932
Mol_16854	2048	CNP0241821.1	0.4050632911392405
Mol_16855	2048	CNP0165767.2	0.3764705882352941
Mol_16867	2048	CNP0022934.0	0.7857142857142857
Mol_16868	2048	CNP0213017.1	0.5428571428571428
Mol_16869	2048	CNP0118093.0	0.6271186440677966
Mol_16870	2048	CNP0282597.0	0.5076923076923077
Mol_16874	2048	CNP0226721.5	0.5822784810126582
Mol_16875	2048	CNP0226721.5	0.5822784810126582
Mol_16876	2048	CNP0188683.1	0.4
Mol_16883	2048	CNP0380242.0	0.7142857142857143
Mol_16898	2048	CNP0121689.3	0.5
Mol_16899	2048	CNP0121689.3	0.2777777777777778
Mol_16900	2048	CNP0580392.2	0.3043478260869565
Mol_16902	2048	CNP0367468.2	0.3333333333333333
Mol_16903	2048	CNP0207713.6	0.410958904109589
Mol_16904	2048	CNP0207713.6	0.4571428571428571
Mol_16909	2048	CNP0350607.0	1.0
Mol_16911	2048	CNP0200516.1	0.430379746835443
Mol_16921	2048	CNP0343841.0	0.6923076923076923
Mol_16925	2048	CNP0129710.2	0.4264705882352941
Mol_16926	2048	CNP0415743.10	0.7017543859649122
Mol_16950	2048	CNP0127197.1	0.4571428571428571
Mol_16951	2048	CNP0127197.1	0.3943661971830985
Mol_16968	2048	CNP0282764.4	0.5769230769230769
Mol_16969	2048	CNP0155588.1	0.5384615384615384
Mol_16970	2048	CNP0278999.1	0.5932203389830508
Mol_16971	2048	CNP0133228.1	0.5789473684210527
Mol_16979	2048	CNP0282764.4	0.6458333333333334
Mol_16981	2048	CNP0245215.1	0.6944444444444444
Mol_16982	2048	CNP0111729.2	0.6949152542372882
Mol_16991	2048	CNP0277259.2	0.7555555555555555
Mol_16996	2048	CNP0238182.2	0.6575342465753424
Mol_16997	2048	CNP0522132.1	0.5866666666666667
Mol_17002	2048	CNP0260360.1	0.8271604938271605
Mol_17003	2048	CNP0152808.1	0.3361344537815126
Mol_17028	2048	CNP0329533.1	0.5384615384615384
Mol_17032	2048	CNP0198822.1	0.4827586206896552
Mol_17043	2048	CNP0339294.0	0.2531645569620253
Mol_17045	2048	CNP0157685.5	0.6438356164383562
Mol_17046	2048	CNP0185723.1	0.684931506849315
Mol_17047	2048	CNP0185723.1	0.684931506849315
Mol_17048	2048	CNP0185723.1	0.684931506849315
Mol_17049	2048	CNP0185723.1	0.684931506849315
Mol_17059	2048	CNP0566533.1	0.578125
Mol_17064	2048	CNP0177629.2	0.6938775510204082
Mol_17065	2048	CNP0322690.3	0.62
Mol_17066	2048	CNP0131592.3	0.75
Mol_17069	2048	CNP0158705.3	0.4038461538461538
Mol_18014	2048	CNP0557378.0	0.7586206896551724
Mol_18055	2048	CNP0242459.2	0.8260869565217391
Mol_18056	2048	CNP0250037.2	0.8765432098765432
Mol_18138	2048	CNP0234271.5	0.7058823529411765
Mol_18159	2048	CNP0302412.3	0.3555555555555555
Mol_18171	2048	CNP0187307.1	0.2909090909090909
Mol_18187	2048	CNP0248391.6	0.4857142857142857
Mol_18189	2048	CNP0222612.1	0.5128205128205128
Mol_18195	2048	CNP0178056.1	0.2307692307692307
Mol_18404	2048	CNP0275020.1	0.6181818181818182
Mol_18406	2048	CNP0255675.5	0.5373134328358209
Mol_18408	2048	CNP0137485.1	0.7272727272727273
Mol_18418	2048	CNP0239186.0	0.8055555555555556
Mol_18419	2048	CNP0130012.1	0.9230769230769232
Mol_18423	2048	CNP0258934.1	0.8513513513513513
Mol_18426	2048	CNP0130012.1	0.9230769230769232
Mol_18430	2048	CNP0214791.1	0.8985507246376812
Mol_18433	2048	CNP0130012.1	0.7866666666666666
Mol_18449	2048	CNP0169108.2	0.9012345679012346
Mol_18464	2048	CNP0142639.5	0.9285714285714286
Mol_18505	2048	CNP0247576.2	0.8787878787878788
Mol_18506	2048	CNP0136680.4	0.8484848484848485
Mol_18507	2048	CNP0259554.1	0.7605633802816901
Mol_18508	2048	CNP0259554.1	0.7605633802816901
Mol_18509	2048	CNP0259554.1	0.6351351351351351
Mol_18513	2048	CNP0247576.2	0.7714285714285715
Mol_18538	2048	CNP0214786.1	0.7916666666666666
Mol_18539	2048	CNP0078067.1	0.7777777777777778
Mol_18541	2048	CNP0180059.1	0.7761194029850746
Mol_18543	2048	CNP0289065.1	0.7866666666666666
Mol_18555	2048	CNP0213035.2	0.6
Mol_18560	2048	CNP0104653.1	0.7428571428571429
Mol_18561	2048	CNP0157241.2	0.8235294117647058
Mol_18566	2048	CNP0200961.2	0.3780487804878049
Mol_18567	2048	CNP0259722.0	0.4927536231884058
Mol_18575	2048	CNP0134235.6	0.74
Mol_18577	2048	CNP0266349.2	0.490566037735849
Mol_18578	2048	CNP0203020.2	0.4893617021276595
Mol_18579	2048	CNP0125150.6	0.3260869565217391
Mol_18588	2048	CNP0134235.6	0.543859649122807
Mol_18592	2048	CNP0316392.1	0.3934426229508196
Mol_18594	2048	CNP0305505.1	0.4807692307692308
Mol_18595	2048	CNP0305505.1	0.4807692307692308
Mol_18596	2048	CNP0270979.1	0.4
Mol_18600	2048	CNP0352210.1	0.4090909090909091
Mol_18603	2048	CNP0118113.0	0.4
Mol_18604	2048	CNP0201742.1	0.5
Mol_18620	2048	CNP0570814.1	0.5178571428571429
Mol_18621	2048	CNP0570814.1	0.5
Mol_18628	2048	CNP0186616.3	0.45
Mol_18726	2048	CNP0417864.1	0.7058823529411765
Mol_18727	2048	CNP0417864.1	0.3484848484848485
Mol_18739	2048	CNP0136680.4	0.6756756756756757
Mol_18743	2048	CNP0136680.4	0.6756756756756757
Mol_18748	2048	CNP0372575.3	0.9444444444444444
Mol_18749	2048	CNP0372575.3	0.9315068493150684
Mol_18750	2048	CNP0128986.1	0.8735632183908046
Mol_18751	2048	CNP0228458.7	0.7254901960784313
Mol_18752	2048	CNP0128986.1	0.9651162790697676
Mol_18905	2048	CNP0299773.2	0.6142857142857143
Mol_18914	2048	CNP0309183.1	0.5609756097560976
Mol_18947	2048	CNP0557378.0	0.7586206896551724
Mol_18962	2048	CNP0262355.1	0.6226415094339622
Mol_18965	2048	CNP0268730.0	0.3653846153846153
Mol_18999	2048	CNP0184998.1	0.35
Mol_19061	2048	CNP0169108.2	0.8241758241758241
Mol_19074	2048	CNP0177707.6	0.5
Mol_19075	2048	CNP0177707.6	0.5
Mol_19076	2048	CNP0412836.6	0.6379310344827587
Mol_19078	2048	CNP0135934.1	0.640625
Mol_19079	2048	CNP0177893.1	0.7076923076923077
Mol_19080	2048	CNP0119876.2	0.819672131147541
Mol_19081	2048	CNP0177893.1	0.6666666666666666
Mol_19089	2048	CNP0182315.0	0.717948717948718
Mol_19090	2048	CNP0298630.1	0.6962025316455697
Mol_19099	2048	CNP0148804.2	0.5714285714285714
Mol_19100	2048	CNP0128508.3	0.3673469387755102
Mol_19103	2048	CNP0251292.2	0.5652173913043478
Mol_19110	2048	CNP0328747.0	0.5789473684210527
Mol_19152	2048	CNP0544361.1	0.4666666666666667
Mol_19198	2048	CNP0254757.1	0.425
Mol_19209	2048	CNP0241388.0	0.9130434782608696
Mol_19213	2048	CNP0361186.0	0.7647058823529411
Mol_19214	2048	CNP0235567.0	0.6818181818181818
Mol_19281	2048	CNP0241388.0	1.0
Mol_19307	2048	CNP0187609.3	0.7142857142857143
Mol_19331	2048	CNP0582372.2	0.2391304347826087
Mol_19356	2048	CNP0521933.1	0.5581395348837209
Mol_19384	2048	CNP0239186.0	0.8533333333333334
Mol_19493	2048	CNP0088262.4	0.873015873015873
Mol_19494	2048	CNP0254303.3	0.8615384615384616
Mol_19495	2048	CNP0254303.3	0.8174603174603174
Mol_19496	2048	CNP0088262.4	0.7414965986394558
Mol_19497	2048	CNP0088262.4	0.7414965986394558
Mol_19551	2048	CNP0276276.5	0.6271186440677966
Mol_19552	2048	CNP0178635.3	0.7142857142857143
Mol_19553	2048	CNP0187266.1	0.6956521739130435
Mol_19554	2048	CNP0178635.3	0.8125
Mol_19555	2048	CNP0207455.1	0.8421052631578947
Mol_19556	2048	CNP0104315.2	0.7934782608695652
Mol_19557	2048	CNP0025684.1	0.6190476190476191
Mol_19558	2048	CNP0222869.3	0.9642857142857144
Mol_19559	2048	CNP0104315.2	0.8850574712643678
Mol_19560	2048	CNP0187266.1	0.9487179487179488
Mol_19561	2048	CNP0293409.1	0.8026315789473685
Mol_19562	2048	CNP0293409.1	0.9285714285714286
Mol_19563	2048	CNP0187266.1	0.8117647058823529
Mol_19564	2048	CNP0104315.2	0.9156626506024096
Mol_19565	2048	CNP0187266.1	0.8235294117647058
Mol_03527	2048	CNP0156983.5	0.6666666666666666
Mol_15713	2048	CNP0274469.2	0.9036144578313252
Mol_02179	2048	CNP0113811.1	0.463768115942029
Mol_02292	2048	CNP0266886.2	0.7611940298507462
Mol_05757	2048	CNP0337672.1	0.5915492957746479
Mol_13729	2048	CNP0143206.2	0.7619047619047619
Mol_16129	2048	CNP0156022.1	0.6949152542372882
Mol_03380	2048	CNP0219984.4	0.639344262295082
Mol_00505	2048	CNP0168236.15	0.5471698113207547
Mol_01518	2048	CNP0157330.2	0.5081967213114754
Mol_01672	2048	CNP0265617.3	0.3859649122807017
Mol_01004	2048	CNP0347412.2	0.5
Mol_01691	2048	CNP0157330.2	0.4444444444444444
Mol_00290	2048	CNP0257516.2	0.6582278481012658
Mol_11579	2048	CNP0358116.0	0.5964912280701754
Mol_02534	2048	CNP0025019.1	0.5172413793103449
Mol_16841	2048	CNP0129458.1	0.4375
Mol_06411	2048	CNP0310343.1	0.5571428571428572
Mol_03480	2048	CNP0175659.1	0.6333333333333333
Mol_01681	2048	CNP0318166.1	0.4909090909090909
Mol_02030	2048	CNP0265617.3	0.4117647058823529
Mol_05378	2048	CNP0216688.1	0.6129032258064516
Mol_01929	2048	CNP0173316.2	0.5517241379310345
Mol_05267	2048	CNP0255080.2	0.6101694915254238
Mol_02178	2048	CNP0113811.1	0.6060606060606061
Mol_04486	2048	CNP0102264.1	0.6875
Mol_05561	2048	CNP0150926.4	0.6060606060606061
Mol_05358	2048	CNP0269717.1	0.4833333333333333
Mol_05175	2048	CNP0166398.11	0.7307692307692307
Mol_01679	2048	CNP0323063.2	0.4814814814814814
Mol_01678	2048	CNP0323063.2	0.490566037735849
Mol_07016	2048	CNP0107097.0	0.3863636363636363
Mol_10556	2048	CNP0105060.1	0.7073170731707317
Mol_09630	2048	CNP0045665.2	0.3278688524590163
Mol_05176	2048	CNP0166398.11	0.7307692307692307
Mol_00993	2048	CNP0118816.1	0.4821428571428571
Mol_00102	2048	CNP0241156.1	0.4848484848484848
Mol_01931	2048	CNP0232315.1	0.3148148148148148
Mol_02185	2048	CNP0273179.3	0.4057971014492754
Mol_09064	2048	CNP0271417.2	0.4166666666666667
Mol_15975	2048	CNP0156237.1	0.6470588235294118
Mol_05547	2048	CNP0265617.3	0.6444444444444445
Mol_06226	2048	CNP0298381.2	0.5
Mol_04997	2048	CNP0308832.1	0.6923076923076923
Mol_00287	2048	CNP0273219.4	0.6578947368421053
Mol_09045	2048	CNP0296376.0	0.4418604651162791
Mol_09854	2048	CNP0114069.0	0.3777777777777777
Mol_00202	2048	CNP0311688.2	0.5925925925925926
Mol_13052	2048	CNP0240823.0	0.425531914893617
Mol_02857	2048	CNP0130307.1	0.6551724137931034
Mol_00397	2048	CNP0424115.1	0.4210526315789473
Mol_05743	2048	CNP0236901.0	0.3636363636363636
Mol_07771	2048	CNP0150194.0	0.5135135135135135
Mol_14419	2048	CNP0584089.0	0.4545454545454545
Mol_07042	2048	CNP0216257.3	0.6153846153846154
Mol_15405	2048	CNP0525206.1	0.5952380952380952
Mol_01354	2048	CNP0265672.0	0.6666666666666666
Mol_00378	2048	CNP0190614.1	0.3888888888888889
Mol_02180	2048	CNP0337723.0	0.5789473684210527
Mol_02181	2048	CNP0337723.0	0.4313725490196078
Mol_10008	2048	CNP0170207.1	0.4705882352941176
Mol_10315	2048	CNP0356819.0	0.4415584415584415
Mol_10316	2048	CNP0116433.1	0.3495145631067961
Mol_10283	2048	CNP0235656.2	0.4107142857142857
Mol_10324	2048	CNP0116433.1	0.4329896907216495
Mol_10323	2048	CNP0116433.1	0.4615384615384615
Mol_11837	2048	CNP0079210.0	0.6
Mol_15567	2048	CNP0198528.0	0.475
Mol_12401	2048	CNP0315565.1	0.7142857142857143
Mol_04764	2048	CNP0170528.1	0.8222222222222222
Mol_04984	2048	CNP0554066.1	0.4769230769230769
Mol_02477	2048	CNP0227999.0	0.3492063492063492
Mol_04146	2048	CNP0272480.4	0.8
Mol_08060	2048	CNP0072758.1	0.3846153846153846
Mol_13575	2048	CNP0316105.4	0.7232142857142857
Mol_00452	2048	CNP0245810.1	0.8775510204081632
Mol_00461	2048	CNP0245810.1	0.6862745098039216
Mol_14092	2048	CNP0136882.1	0.8351648351648352
Mol_15893	2048	CNP0125318.2	0.6415094339622641
Mol_00460	2048	CNP0245810.1	0.7345132743362832
Mol_13034	2048	CNP0249488.2	0.4931506849315068
Mol_00467	2048	CNP0421134.2	0.3617021276595745
Mol_00425	2048	CNP0116779.3	0.3896103896103896
Mol_09330	2048	CNP0174304.1	0.9240506329113924
Mol_12537	2048	CNP0153143.4	0.4590163934426229
Mol_11164	2048	CNP0174304.1	0.9240506329113924
Mol_15347	2048	CNP0280980.1	0.7402597402597403
Mol_10002	2048	CNP0198476.1	0.935064935064935
Mol_03499	2048	CNP0425601.1	0.6491228070175439
Mol_10468	2048	CNP0198476.1	0.935064935064935
Mol_13961	2048	CNP0508428.1	0.3902439024390244
Mol_13958	2048	CNP0302277.1	0.3647058823529411
Mol_07705	2048	CNP0174418.1	0.7121212121212122
Mol_15307	2048	CNP0280980.1	0.6835443037974683
Mol_09987	2048	CNP0154626.1	0.4305555555555556
Mol_01279	2048	CNP0208279.1	0.8837209302325582
Mol_12573	2048	CNP0226405.8	0.7159090909090909
Mol_00423	2048	CNP0116779.3	0.4266666666666667
Mol_11683	2048	CNP0161417.1	0.5147058823529411
Mol_11684	2048	CNP0141341.2	0.4931506849315068
Mol_14478	2048	CNP0420804.1	0.891566265060241
Mol_10000	2048	CNP0358909.1	0.9125
Mol_15966	2048	CNP0102764.9	0.8481012658227848
Mol_10961	2048	CNP0323077.0	0.7446808510638298
Mol_08058	2048	CNP0355505.1	0.4285714285714285
Mol_16445	2048	CNP0281413.3	0.425
Mol_10009	2048	CNP0085944.1	0.8666666666666667
Mol_08130	2048	CNP0205245.1	0.3875
Mol_03709	2048	CNP0311296.2	0.6666666666666666
Mol_10290	2048	CNP0261715.1	0.8148148148148148
Mol_15847	2048	CNP0163690.0	0.7722772277227723
Mol_10978	2048	CNP0323077.0	0.6
Mol_16481	2048	CNP0170528.1	0.7526881720430108
Mol_15558	2048	CNP0147162.1	0.7912087912087912
Mol_04759	2048	CNP0226405.8	0.6179775280898876
Mol_10434	2048	CNP0286921.1	0.9240506329113924
Mol_01229	2048	CNP0212028.0	0.8051948051948052
Mol_02294	2048	CNP0220121.7	0.725
Mol_15890	2048	CNP0266484.1	0.6451612903225806
Mol_04053	2048	CNP0086888.4	0.6547619047619048
Mol_10439	2048	CNP0269362.8	0.7363636363636363
Mol_00548	2048	CNP0200119.2	0.6610169491525424
Mol_00583	2048	CNP0322799.2	0.7727272727272727
Mol_00604	2048	CNP0245886.3	0.5565217391304348
Mol_08128	2048	CNP0205245.1	0.375
Mol_00441	2048	CNP0217869.3	0.5135135135135135
Mol_09730	2048	CNP0093765.4	0.7152777777777778
Mol_09732	2048	CNP0093765.4	0.7172413793103448
Mol_00149	2048	CNP0507150.2	0.8253968253968254
Mol_00145	2048	CNP0282366.1	0.9473684210526316
Mol_12347	2048	CNP0311846.1	0.475
Mol_07988	2048	CNP0281123.6	0.6779661016949152
Mol_02607	2048	CNP0178953.1	0.8289473684210527
Mol_01227	2048	CNP0434747.1	0.7931034482758621
Mol_02249	2048	CNP0220121.7	0.875
Mol_15826	2048	CNP0368204.1	0.6329113924050633
Mol_01297	2048	CNP0417112.3	0.7037037037037037
Mol_04052	2048	CNP0086888.4	0.6395348837209303
Mol_15798	2048	CNP0200688.1	0.5068493150684932
Mol_04968	2048	CNP0228853.1	0.5303030303030303
Mol_06042	2048	CNP0135295.2	0.3454545454545454
Mol_00215	2048	CNP0539968.1	0.6451612903225806
Mol_13071	2048	CNP0549871.1	0.7368421052631579
Mol_02268	2048	CNP0219543.9	0.9523809523809524
Mol_12546	2048	CNP0265319.1	0.7241379310344828
Mol_02269	2048	CNP0266886.2	0.746268656716418
Mol_02271	2048	CNP0318508.1	0.746268656716418
Mol_08624	2048	CNP0160234.1	0.5961538461538461
Mol_01523	2048	CNP0323063.2	0.627906976744186
Mol_02028	2048	CNP0323063.2	0.627906976744186
Mol_02152	2048	CNP0284948.13	0.2456140350877192
Mol_07886	2048	CNP0180123.6	0.603448275862069
Mol_07857	2048	CNP0180123.6	0.5932203389830508
Mol_08595	2048	CNP0160234.1	0.5961538461538461
Mol_03573	2048	CNP0217590.15	0.4761904761904761
Mol_01680	2048	CNP0318166.1	0.56
Mol_12372	2048	CNP0335737.7	0.7678571428571429
Mol_12373	2048	CNP0335737.7	0.7678571428571429
Mol_07885	2048	CNP0224019.4	0.6129032258064516
Mol_01803	2048	CNP0192793.3	0.396551724137931
Mol_02068	2048	CNP0318166.1	0.6595744680851063
Mol_01692	2048	CNP0323063.2	0.627906976744186
Mol_01674	2048	CNP0323063.2	0.5833333333333334
Mol_01735	2048	CNP0210846.2	0.803921568627451
Mol_03436	2048	CNP0335737.7	0.6842105263157895
Mol_03437	2048	CNP0239538.2	0.7924528301886793
Mol_06227	2048	CNP0298381.2	0.5
Mol_07556	2048	CNP0262714.3	0.360655737704918
Mol_01644	2048	CNP0255080.2	0.5344827586206896
Mol_06234	2048	CNP0298381.2	0.5161290322580645
Mol_02437	2048	CNP0310363.4	0.7096774193548387
Mol_15550	2048	CNP0156237.1	0.6470588235294118
Mol_18981	2048	CNP0172783.2	0.3947368421052631
Mol_10680	2048	CNP0260837.8	0.625
Mol_03434	2048	CNP0174906.2	0.7
Mol_00828	2048	CNP0420306.5	0.6896551724137931
Mol_00599	2048	CNP0226888.2	0.5735294117647058
Mol_07383	2048	CNP0124719.0	0.5
Mol_08606	2048	CNP0259552.3	0.3725490196078431
Mol_15564	2048	CNP0386944.2	0.2666666666666666
Mol_12777	2048	CNP0080067.1	0.8974358974358975
Mol_03610	2048	CNP0230894.2	0.611764705882353
Mol_08829	2048	CNP0224083.0	0.6282051282051282
Mol_13471	2048	CNP0183195.3	0.5633802816901409
Mol_07500	2048	CNP0297274.1	0.5333333333333333
Mol_00688	2048	CNP0221873.2	0.7101449275362319
Mol_08775	2048	CNP0174209.1	0.8
Mol_16086	2048	CNP0128540.2	0.6619718309859155
Mol_00426	2048	CNP0189694.1	0.4342105263157895
Mol_14977	2048	CNP0353818.1	0.8360655737704918
Mol_07425	2048	CNP0327301.0	0.5217391304347826
Mol_04246	2048	CNP0122386.0	0.4545454545454545
Mol_05875	2048	CNP0237923.0	1.0
Mol_01487	2048	CNP0259358.2	0.6666666666666666
Mol_13688	2048	CNP0066404.1	0.6666666666666666
Mol_10879	2048	CNP0155157.4	0.6351351351351351
Mol_00638	2048	CNP0189382.3	0.6944444444444444
Mol_04721	2048	CNP0196071.1	0.4714285714285714
Mol_14911	2048	CNP0174930.4	0.5096153846153846
Mol_14017	2048	CNP0198217.1	0.9014084507042254
Mol_08932	2048	CNP0184194.2	0.6712328767123288
Mol_13507	2048	CNP0236268.2	0.8461538461538461
Mol_10461	2048	CNP0146039.1	0.7647058823529411
Mol_00637	2048	CNP0189382.3	0.8105263157894737
Mol_13062	2048	CNP0284593.0	0.4137931034482758
Mol_01561	2048	CNP0219505.0	0.5384615384615384
Mol_00424	2048	CNP0228985.1	0.5466666666666666
Mol_03484	2048	CNP0430375.0	0.3888888888888889
Mol_14310	2048	CNP0562059.0	0.868421052631579
Mol_14311	2048	CNP0562059.0	0.868421052631579
Mol_00385	2048	CNP0350623.2	0.676923076923077
Mol_00371	2048	CNP0350623.2	0.6984126984126984
Mol_02116	2048	CNP0141741.4	0.8076923076923077
Mol_03253	2048	CNP0196212.1	0.4782608695652174
Mol_08016	2048	CNP0347805.1	0.4117647058823529
Mol_03544	2048	CNP0129819.0	0.44
Mol_12331	2048	CNP0105731.0	0.6341463414634146
Mol_19283	2048	CNP0099785.1	0.4523809523809524
Mol_05778	2048	CNP0360801.1	0.4032258064516129
Mol_08155	2048	CNP0357320.1	1.0
Mol_16351	2048	CNP0529925.1	0.4574468085106383
Mol_02519	2048	CNP0316493.1	0.9215686274509804
Mol_18714	2048	CNP0222644.3	0.734375
Mol_02325	2048	CNP0242534.1	0.8181818181818182
Mol_16610	2048	CNP0503453.1	0.3846153846153846
Mol_00292	2048	CNP0246466.0	0.8333333333333334
Mol_00295	2048	CNP0152715.1	0.7714285714285715
Mol_08663	2048	CNP0278805.0	0.3571428571428571
Mol_15569	2048	CNP0235567.0	0.7619047619047619
Mol_01564	2048	CNP0200741.1	0.5769230769230769
Mol_07048	2048	CNP0216257.3	0.75
Mol_12971	2048	CNP0115375.0	0.5609756097560976
Mol_04582	2048	CNP0049588.4	0.5416666666666666
Mol_00358	2048	CNP0194436.1	0.8717948717948718
Mol_13164	2048	CNP0216257.3	0.4821428571428571
Mol_07044	2048	CNP0216257.3	0.7142857142857143
Mol_08052	2048	CNP0417287.1	0.7288135593220338
Mol_09002	2048	CNP0165514.1	0.5471698113207547
Mol_08321	2048	CNP0318843.1	0.8363636363636363
Mol_11552	2048	CNP0182329.0	0.5714285714285714
Mol_00308	2048	CNP0079833.0	0.4814814814814814
Mol_02192	2048	CNP0213879.0	0.5172413793103449
Mol_00307	2048	CNP0131355.0	0.64
Mol_03037	2048	CNP0117217.0	0.4594594594594595
Mol_16275	2048	CNP0392843.0	0.5454545454545454
Mol_00299	2048	CNP0244688.2	0.6046511627906976
Mol_11493	2048	CNP0212387.1	0.6071428571428571
Mol_05603	2048	CNP0265617.3	0.6444444444444445
Mol_01552	2048	CNP0152715.1	0.7714285714285715
Mol_13237	2048	CNP0154379.0	0.6956521739130435
Mol_04326	2048	CNP0259924.0	0.55
Mol_05562	2048	CNP0192089.0	0.525
Mol_13679	2048	CNP0146328.2	0.5692307692307692
Mol_13390	2048	CNP0275665.0	0.5555555555555556
Mol_02849	2048	CNP0104972.2	0.4680851063829787
Mol_01806	2048	CNP0162410.1	0.3859649122807017
Mol_01511	2048	CNP0265617.3	0.4693877551020408
Mol_01432	2048	CNP0175331.0	0.3513513513513513
Mol_01586	2048	CNP0153267.5	0.3658536585365853
Mol_03634	2048	CNP0299421.0	0.4166666666666667
Mol_04333	2048	CNP0187517.0	0.6578947368421053
Mol_02837	2048	CNP0271130.3	0.6857142857142857
Mol_04209	2048	CNP0187661.6	0.5294117647058824
Mol_06959	2048	CNP0175157.3	0.2857142857142857
Mol_15565	2048	CNP0372329.1	0.2459016393442623
Mol_02130	2048	CNP0210846.2	0.5185185185185185
Mol_16591	2048	CNP0409533.0	0.4666666666666667
Mol_08478	2048	CNP0257431.2	0.5
Mol_05359	2048	CNP0269717.1	0.5370370370370371
Mol_13858	2048	CNP0279920.4	0.7878787878787878
Mol_01796	2048	CNP0118975.0	0.5172413793103449
Mol_01689	2048	CNP0274172.2	0.4464285714285714
Mol_03843	2048	CNP0221911.2	0.5245901639344263
Mol_04487	2048	CNP0102264.1	0.6875
Mol_00121	2048	CNP0433908.0	0.575
Mol_05929	2048	CNP0214223.6	0.7142857142857143
Mol_01521	2048	CNP0323063.2	0.5531914893617021
Mol_06777	2048	CNP0214223.6	0.7142857142857143
Mol_01789	2048	CNP0220912.2	0.5102040816326531
Mol_05376	2048	CNP0265617.3	0.6904761904761905
Mol_16296	2048	CNP0072687.1	0.2903225806451613
Mol_05097	2048	CNP0177179.6	0.6170212765957447
Mol_03665	2048	CNP0120631.0	0.2586206896551724
Mol_04572	2048	CNP0329427.0	0.3866666666666666
Mol_01677	2048	CNP0323063.2	0.5531914893617021
Mol_15722	2048	CNP0402313.3	0.5769230769230769
Mol_12243	2048	CNP0165514.1	0.6226415094339622
Mol_03392	2048	CNP0105731.0	0.475
Mol_07052	2048	CNP0160481.1	0.4727272727272727
Mol_13012	2048	CNP0372887.1	0.4230769230769231
Mol_02139	2048	CNP0356490.0	0.7241379310344828
Mol_01693	2048	CNP0318166.1	0.6808510638297872
Mol_01675	2048	CNP0323063.2	0.6363636363636364
Mol_02029	2048	CNP0318166.1	0.6808510638297872
Mol_01670	2048	CNP0214223.6	0.5531914893617021
Mol_11076	2048	CNP0169957.2	0.4655172413793103
Mol_02070	2048	CNP0282782.1	0.6170212765957447
Mol_19058	2048	CNP0419223.0	0.3333333333333333
Mol_01736	2048	CNP0161554.0	0.32
Mol_01733	2048	CNP0317855.3	0.6363636363636364
Mol_13859	2048	CNP0279920.4	0.7878787878787878
Mol_15566	2048	CNP0435319.1	0.24
Mol_02034	2048	CNP0317855.3	0.6363636363636364
Mol_18176	2048	CNP0234571.1	0.3157894736842105
Mol_06951	2048	CNP0114455.0	0.5833333333333334
Mol_16393	2048	CNP0399686.1	0.5102040816326531
Mol_05148	2048	CNP0291170.1	0.3888888888888889
Mol_16392	2048	CNP0335635.2	0.5217391304347826
Mol_14448	2048	CNP0257330.0	0.5833333333333334
Mol_05149	2048	CNP0291170.1	0.3888888888888889
Mol_00524	2048	CNP0350979.2	0.38
Mol_15224	2048	CNP0225386.3	0.4444444444444444
Mol_04192	2048	CNP0164378.0	0.6153846153846154
Mol_05249	2048	CNP0327378.1	0.5128205128205128
Mol_01690	2048	CNP0161551.3	0.7555555555555555
Mol_01646	2048	CNP0260353.1	0.4901960784313725
Mol_06971	2048	CNP0352210.1	0.4761904761904761
Mol_01997	2048	CNP0274172.2	0.4363636363636363
Mol_01927	2048	CNP0323063.2	0.6511627906976745
Mol_09568	2048	CNP0424592.1	0.6363636363636364
Mol_06035	2048	CNP0177403.1	0.6444444444444445
Mol_05123	2048	CNP0170409.1	0.68
Mol_15552	2048	CNP0156237.1	0.6470588235294118
Mol_06172	2048	CNP0177403.1	0.6444444444444445
Mol_06173	2048	CNP0177403.1	0.6444444444444445
Mol_06174	2048	CNP0276536.1	0.5740740740740741
Mol_11089	2048	CNP0253970.1	0.6326530612244898
Mol_02815	2048	CNP0149396.6	0.4776119402985074
Mol_06975	2048	CNP0157294.3	0.625
Mol_02069	2048	CNP0323063.2	0.6363636363636364
Mol_14421	2048	CNP0053759.0	0.4193548387096774
Mol_06190	2048	CNP0323063.2	0.6511627906976745
Mol_03051	2048	CNP0219984.4	0.582089552238806
Mol_00028	2048	CNP0289982.5	0.7049180327868853
Mol_06225	2048	CNP0298381.2	0.5172413793103449
Mol_04573	2048	CNP0329427.0	0.3866666666666666
Mol_04574	2048	CNP0329427.0	0.3625
Mol_06207	2048	CNP0276536.1	0.5740740740740741
Mol_01121	2048	CNP0292588.2	0.4090909090909091
Mol_04330	2048	CNP0345432.2	0.5166666666666667
Mol_06211	2048	CNP0177403.1	0.6444444444444445
Mol_06213	2048	CNP0177403.1	0.6444444444444445
Mol_06713	2048	CNP0177403.1	0.6444444444444445
Mol_14991	2048	CNP0062654.2	0.3088235294117647
Mol_14060	2048	CNP0472398.0	0.4259259259259259
Mol_08597	2048	CNP0237217.2	0.5818181818181818
Mol_01801	2048	CNP0423501.1	0.6363636363636364
Mol_03702	2048	CNP0273933.1	0.8085106382978723
Mol_01519	2048	CNP0118975.0	0.5172413793103449
Mol_13393	2048	CNP0054973.0	0.3684210526315789
Mol_01593	2048	CNP0156240.2	0.3846153846153846
Mol_00400	2048	CNP0254016.10	0.3636363636363636
Mol_01547	2048	CNP0099785.1	0.5
Mol_11507	2048	CNP0182307.0	0.4722222222222222
Mol_06782	2048	CNP0256422.0	0.5652173913043478
Mol_01598	2048	CNP0426125.2	0.4634146341463415
Mol_05012	2048	CNP0178132.0	0.5882352941176471
Mol_05956	2048	CNP0203287.5	0.6333333333333333
Mol_06718	2048	CNP0323063.2	0.6511627906976745
Mol_03168	2048	CNP0066634.2	0.6170212765957447
Mol_15496	2048	CNP0332043.1	0.6825396825396826
Mol_02417	2048	CNP0315956.1	0.6166666666666667
Mol_14169	2048	CNP0166680.1	0.5
Mol_00372	2048	CNP0350623.2	0.6875
Mol_02538	2048	CNP0268842.1	0.7761194029850746
Mol_02536	2048	CNP0354544.3	0.7878787878787878
Mol_09567	2048	CNP0241083.1	0.7708333333333334
Mol_08489	2048	CNP0350704.2	0.4791666666666667
Mol_06224	2048	CNP0298381.2	0.5178571428571429
Mol_15022	2048	CNP0077827.1	0.2698412698412698
Mol_09908	2048	CNP0292588.2	0.4222222222222222
Mol_05252	2048	CNP0135331.6	0.775
Mol_02434	2048	CNP0338706.1	0.5970149253731343
Mol_13781	2048	CNP0355445.1	0.5714285714285714
Mol_06228	2048	CNP0298381.2	0.5178571428571429
Mol_01512	2048	CNP0265617.3	0.3818181818181818
Mol_06150	2048	CNP0149048.1	0.75
Mol_00382	2048	CNP0316323.0	0.4186046511627907
Mol_16356	2048	CNP0525769.1	0.64
Mol_04390	2048	CNP0210494.0	0.5384615384615384
Mol_01792	2048	CNP0149993.3	0.5238095238095238
Mol_05563	2048	CNP0192089.0	0.4883720930232558
Mol_13553	2048	CNP0285059.3	0.5
Mol_02811	2048	CNP0593661.1	0.5714285714285714
Mol_18372	2048	CNP0135331.6	0.775
Mol_15562	2048	CNP0138236.1	0.3225806451612903
Mol_13243	2048	CNP0110282.1	0.6739130434782609
Mol_03270	2048	CNP0165201.2	0.5084745762711864
Mol_00298	2048	CNP0225386.3	0.5526315789473685
Mol_01520	2048	CNP0220912.2	0.4901960784313725
Mol_03267	2048	CNP0260008.2	0.4912280701754385
Mol_02747	2048	CNP0270683.2	0.8222222222222222
Mol_13482	2048	CNP0434985.1	0.3823529411764705
Mol_02749	2048	CNP0299309.1	0.7115384615384616
Mol_03268	2048	CNP0165201.2	0.5263157894736842
Mol_07911	2048	CNP0310343.1	0.5
Mol_03397	2048	CNP0353940.1	0.4464285714285714
Mol_08488	2048	CNP0365670.1	0.6595744680851063
Mol_06320	2048	CNP0109425.4	0.5084745762711864
Mol_13449	2048	CNP0293015.1	0.45
Mol_13448	2048	CNP0293015.1	0.4745762711864407
Mol_00015	2048	CNP0578113.1	0.64
Mol_03271	2048	CNP0152738.4	0.6530612244897959
Mol_02748	2048	CNP0516163.1	0.6956521739130435
Mol_10528	2048	CNP0286465.7	0.8372093023255814
Mol_14158	2048	CNP0299614.2	0.58
Mol_09529	2048	CNP0154379.0	0.3809523809523809
Mol_14313	2048	CNP0018066.0	0.4081632653061224
Mol_00003	2048	CNP0321669.1	0.8723404255319149
Mol_05002	2048	CNP0216223.1	0.5961538461538461
Mol_00107	2048	CNP0241156.1	0.6935483870967742
Mol_05003	2048	CNP0165920.1	0.5961538461538461
Mol_00953	2048	CNP0277320.1	0.7428571428571429
Mol_04957	2048	CNP0165920.1	0.7083333333333334
Mol_07258	2048	CNP0231286.0	0.4285714285714285
Mol_15416	2048	CNP0311489.2	0.5918367346938775
Mol_12858	2048	CNP0126990.0	0.3725490196078431
Mol_13199	2048	CNP0216257.3	0.7333333333333333
Mol_02173	2048	CNP0435517.0	0.2549019607843137
Mol_00442	2048	CNP0302277.1	0.3648648648648648
Mol_13481	2048	CNP0434985.1	0.3714285714285714
Mol_13463	2048	CNP0160047.2	0.5396825396825397
Mol_14167	2048	CNP0166592.2	0.8787878787878788
Mol_14164	2048	CNP0360801.1	0.631578947368421
Mol_07935	2048	CNP0312032.4	0.9294117647058824
Mol_10385	2048	CNP0428727.1	0.7183098591549296
Mol_18562	2048	CNP0218834.1	0.5362318840579711
Mol_03692	2048	CNP0172754.9	0.6129032258064516
Mol_07382	2048	CNP0192520.4	0.8571428571428571
Mol_16198	2048	CNP0323101.1	0.3026315789473684
Mol_00302	2048	CNP0544943.1	0.58
Mol_08776	2048	CNP0292648.4	0.5471698113207547
Mol_11664	2048	CNP0318133.0	0.6730769230769231
Mol_04974	2048	CNP0515481.2	0.5081967213114754
Mol_12683	2048	CNP0358006.1	0.5822784810126582
Mol_02438	2048	CNP0310363.4	0.5205479452054794
Mol_02260	2048	CNP0228831.1	0.4318181818181818
Mol_02242	2048	CNP0373216.3	0.8636363636363636
Mol_02540	2048	CNP0490778.1	0.75
Mol_14531	2048	CNP0231189.1	0.3928571428571428
Mol_14577	2048	CNP0255607.1	0.6666666666666666
Mol_02963	2048	CNP0180129.4	0.6444444444444445
Mol_07682	2048	CNP0257344.3	0.6805555555555556
Mol_03879	2048	CNP0315753.1	0.7368421052631579
Mol_15783	2048	CNP0166421.1	0.6222222222222222
Mol_03873	2048	CNP0156622.1	0.8736842105263158
Mol_02436	2048	CNP0273297.3	0.5769230769230769
Mol_11901	2048	CNP0297556.1	0.5952380952380952
Mol_02273	2048	CNP0219543.9	0.7142857142857143
Mol_02267	2048	CNP0219543.9	0.8484848484848485
Mol_02287	2048	CNP0219543.9	0.7536231884057971
Mol_07567	2048	CNP0147334.11	0.7903225806451613
Mol_10625	2048	CNP0329533.1	0.6027397260273972
Mol_11302	2048	CNP0343551.1	0.7413793103448276
Mol_01385	2048	CNP0118040.4	0.8333333333333334
Mol_11881	2048	CNP0270267.1	0.7575757575757576
Mol_03878	2048	CNP0156622.1	0.6481481481481481
Mol_07043	2048	CNP0216257.3	0.6153846153846154
Mol_13196	2048	CNP0216257.3	0.5882352941176471
Mol_01467	2048	CNP0400184.3	0.7560975609756098
Mol_02169	2048	CNP0366641.1	0.3103448275862069
Mol_03574	2048	CNP0249690.2	0.509090909090909
Mol_02388	2048	CNP0255434.1	0.4647887323943662
Mol_02389	2048	CNP0255434.1	0.4305555555555556
Mol_02435	2048	CNP0159685.2	0.5606060606060606
Mol_02407	2048	CNP0187661.6	0.3538461538461538
Mol_04630	2048	CNP0329427.0	0.2784810126582278
Mol_04631	2048	CNP0329427.0	0.2784810126582278
Mol_04628	2048	CNP0329427.0	0.2619047619047619
Mol_04995	2048	CNP0151370.2	0.6491228070175439
Mol_11685	2048	CNP0141341.2	0.4794520547945205
Mol_11248	2048	CNP0414839.3	0.7435897435897436
Mol_00531	2048	CNP0099726.4	0.5283018867924528
Mol_12088	2048	CNP0117209.0	0.6875
Mol_12572	2048	CNP0116779.3	0.6567164179104478
Mol_04095	2048	CNP0317110.2	0.6375
Mol_13505	2048	CNP0249512.7	0.671875
Mol_09775	2048	CNP0110835.3	0.6133333333333333
Mol_08752	2048	CNP0235968.1	0.4814814814814814
Mol_15348	2048	CNP0233093.16	0.4929577464788732
Mol_04142	2048	CNP0524950.2	0.5573770491803278
Mol_00289	2048	CNP0216987.4	0.7272727272727273
Mol_10723	2048	CNP0244966.1	0.6351351351351351
Mol_07140	2048	CNP0292178.3	0.4512195121951219
Mol_02533	2048	CNP0025019.1	0.5569620253164557
Mol_02398	2048	CNP0589035.0	0.5113636363636364
Mol_02535	2048	CNP0025019.1	0.5
Mol_02470	2048	CNP0170915.1	0.6388888888888888
Mol_02537	2048	CNP0354544.3	0.7428571428571429
Mol_14368	2048	CNP0361923.6	0.5641025641025641
Mol_07809	2048	CNP0210008.3	0.6101694915254238
Mol_13634	2048	CNP0148876.1	0.543859649122807
Mol_01228	2048	CNP0434747.1	0.8214285714285714
Mol_14567	2048	CNP0255607.1	0.5684210526315789
Mol_14579	2048	CNP0255607.1	0.5833333333333334
Mol_02816	2048	CNP0409545.3	0.5384615384615384
Mol_01151	2048	CNP0561071.1	0.3440860215053763
Mol_14327	2048	CNP0313468.1	0.676923076923077
Mol_14341	2048	CNP0361923.6	0.569620253164557
Mol_14580	2048	CNP0255607.1	0.5934065934065934
Mol_10716	2048	CNP0249405.4	0.782608695652174
Mol_08761	2048	CNP0216270.2	0.611764705882353
Mol_15289	2048	CNP0174418.1	0.609375
Mol_10291	2048	CNP0227999.0	0.5263157894736842
Mol_15028	2048	CNP0002813.0	0.2622950819672131
Mol_15711	2048	CNP0316384.3	0.6185567010309279
Mol_02539	2048	CNP0170915.1	0.6388888888888888
Mol_02471	2048	CNP0490778.1	0.75
Mol_14568	2048	CNP0255607.1	0.6
Mol_16068	2048	CNP0225461.3	0.7017543859649122
Mol_16247	2048	CNP0172122.4	0.4625
Mol_01378	2048	CNP0242534.1	0.8604651162790697
Mol_02568	2048	CNP0162016.2	0.875
Mol_16203	2048	CNP0107064.0	0.6909090909090909
Mol_10797	2048	CNP0324311.3	0.5641025641025641
Mol_11749	2048	CNP0139284.1	0.8656716417910447
Mol_16845	2048	CNP0129458.1	0.5
Mol_11342	2048	CNP0549871.1	0.7837837837837838
Mol_13070	2048	CNP0196217.1	0.6025641025641025
Mol_03700	2048	CNP0225818.4	0.5949367088607594
Mol_14501	2048	CNP0291562.1	0.66
Mol_15797	2048	CNP0101005.1	0.82
Mol_10803	2048	CNP0324311.3	0.8472222222222222
Mol_15630	2048	CNP0430375.0	0.3492063492063492
Mol_02278	2048	CNP0219543.9	0.7142857142857143
Mol_02035	2048	CNP0245936.3	0.64
Mol_07539	2048	CNP0307197.3	0.5205479452054794
Mol_13937	2048	CNP0268303.0	0.4901960784313725
Mol_06152	2048	CNP0170660.1	0.5185185185185185
Mol_02553	2048	CNP0155157.4	0.7166666666666667
Mol_10884	2048	CNP0357496.1	0.4285714285714285
Mol_10623	2048	CNP0358006.1	0.6025641025641025
Mol_14261	2048	CNP0185364.0	0.3928571428571428
Mol_02276	2048	CNP0220121.7	0.6708860759493671
Mol_02374	2048	CNP0240544.1	0.3417721518987341
Mol_00373	2048	CNP0350623.2	0.8
Mol_14752	2048	CNP0547437.1	0.34375
Mol_03291	2048	CNP0471065.1	0.5645161290322581
Mol_00278	2048	CNP0157351.0	0.6666666666666666
Mol_10766	2048	CNP0105731.0	0.7222222222222222
Mol_07046	2048	CNP0216257.3	0.5740740740740741
Mol_07047	2048	CNP0216257.3	0.7291666666666666
Mol_06934	2048	CNP0339584.0	0.5576923076923077
Mol_16582	2048	CNP0186029.1	0.4285714285714285
Mol_00270	2048	CNP0003449.0	0.5
Mol_09721	2048	CNP0264239.1	0.475
Mol_00802	2048	CNP0284593.0	0.5909090909090909
Mol_08053	2048	CNP0173646.3	0.515625
Mol_09641	2048	CNP0359292.1	0.4590163934426229
Mol_01496	2048	CNP0533005.1	0.5777777777777777
Mol_14901	2048	CNP0203654.3	0.53125
Mol_08575	2048	CNP0299311.0	0.7317073170731707
Mol_10762	2048	CNP0257533.0	0.64
Mol_16023	2048	CNP0202849.0	0.5925925925925926
Mol_08680	2048	CNP0168135.5	0.6984126984126984
Mol_09443	2048	CNP0076916.4	0.5633802816901409
Mol_02251	2048	CNP0266886.2	0.7391304347826086
Mol_10295	2048	CNP0249523.2	0.4533333333333333
Mol_15614	2048	CNP0273715.1	0.5151515151515151
Mol_11079	2048	CNP0253422.2	0.5087719298245614
Mol_11080	2048	CNP0282326.2	0.3392857142857143
Mol_04174	2048	CNP0419149.1	0.7439024390243902
Mol_01130	2048	CNP0316899.2	0.8441558441558441
Mol_01152	2048	CNP0316899.2	0.8441558441558441
Mol_01537	2048	CNP0316899.2	0.8441558441558441
Mol_16440	2048	CNP0282459.1	0.7846153846153846
Mol_10547	2048	CNP0306814.2	0.8148148148148148
Mol_10876	2048	CNP0306814.2	0.6166666666666667
Mol_03493	2048	CNP0219603.7	0.7560975609756098
Mol_03494	2048	CNP0219603.7	0.7560975609756098
Mol_12659	2048	CNP0076476.1	0.6818181818181818
Mol_00602	2048	CNP0269533.1	0.7313432835820896
Mol_04707	2048	CNP0442203.2	0.4583333333333333
Mol_12293	2048	CNP0170527.1	0.5357142857142857
Mol_02889	2048	CNP0236159.3	0.9047619047619048
Mol_03564	2048	CNP0200893.7	0.8852459016393442
Mol_12499	2048	CNP0587027.1	0.6619718309859155
Mol_05257	2048	CNP0350500.1	0.625
Mol_01603	2048	CNP0175364.1	0.5121951219512195
Mol_11262	2048	CNP0213490.2	0.3953488372093023
Mol_07494	2048	CNP0288567.3	0.5
Mol_07530	2048	CNP0192520.4	0.4852941176470588
Mol_07503	2048	CNP0246902.5	0.3670886075949367
Mol_00974	2048	CNP0112159.1	0.7794117647058824
Mol_02979	2048	CNP0165041.5	0.5795454545454546
Mol_11920	2048	CNP0424019.1	0.3245614035087719
Mol_07708	2048	CNP0420306.5	0.6338028169014085
Mol_02930	2048	CNP0194558.6	0.8148148148148148
Mol_08755	2048	CNP0164444.1	0.5222222222222223
Mol_16824	2048	CNP0591780.0	0.4862385321100917
Mol_16826	2048	CNP0278947.2	0.5233644859813084
Mol_02958	2048	CNP0278947.2	0.4521739130434782
Mol_16825	2048	CNP0591780.0	0.4642857142857143
Mol_16822	2048	CNP0205886.2	0.4077669902912621
Mol_16756	2048	CNP0139491.2	0.5483870967741935
Mol_02922	2048	CNP0433835.1	0.6506024096385542
Mol_02928	2048	CNP0165041.5	0.6144578313253012
Mol_10366	2048	CNP0583502.2	0.3684210526315789
Mol_12007	2048	CNP0203076.0	0.6947368421052632
Mol_10916	2048	CNP0273761.7	0.4523809523809524
Mol_02667	2048	CNP0328141.1	0.6956521739130435
Mol_16835	2048	CNP0433835.1	0.6506024096385542
Mol_02463	2048	CNP0025019.1	0.4352941176470588
Mol_16763	2048	CNP0347895.5	0.9036144578313252
Mol_16818	2048	CNP0347895.5	0.9036144578313252
Mol_02648	2048	CNP0328141.1	0.9240506329113924
Mol_00439	2048	CNP0139662.1	0.6636363636363637
Mol_00550	2048	CNP0200119.2	0.6814159292035398
Mol_11953	2048	CNP0180129.4	0.7625
Mol_04629	2048	CNP0329427.0	0.2619047619047619
Mol_16117	2048	CNP0252884.1	0.4516129032258064
Mol_08846	2048	CNP0166073.1	0.8636363636363636
Mol_00011	2048	CNP0201368.2	0.8333333333333334
Mol_14177	2048	CNP0166592.2	0.5714285714285714
Mol_07900	2048	CNP0181540.1	0.5737704918032787
Mol_07901	2048	CNP0181540.1	0.5737704918032787
Mol_11811	2048	CNP0590786.2	0.7755102040816326
Mol_06093	2048	CNP0601127.1	0.4520547945205479
Mol_11955	2048	CNP0329533.1	0.6027397260273972
Mol_15187	2048	CNP0322741.3	0.5869565217391305
Mol_04111	2048	CNP0204731.1	0.4642857142857143
Mol_14517	2048	CNP0161944.2	0.9016393442622952
Mol_12776	2048	CNP0585817.1	0.6666666666666666
Mol_16150	2048	CNP0348975.3	0.75
Mol_00057	2048	CNP0227773.5	0.5116279069767442
Mol_16847	2048	CNP0323901.1	0.5375
Mol_02291	2048	CNP0318508.1	0.4819277108433735
Mol_02465	2048	CNP0354544.3	0.4678899082568807
Mol_14307	2048	CNP0559442.1	0.6608695652173913
Mol_02264	2048	CNP0373216.3	0.8636363636363636
Mol_05777	2048	CNP0146304.1	0.4788732394366197
Mol_07876	2048	CNP0224019.4	0.3513513513513513
Mol_00002	2048	CNP0307493.3	0.5967741935483871
Mol_15312	2048	CNP0194436.1	0.4583333333333333
Mol_14529	2048	CNP0469897.1	0.6746987951807228
Mol_02464	2048	CNP0025019.1	0.3978494623655914
Mol_00375	2048	CNP0159268.2	0.8656716417910447
Mol_07936	2048	CNP0312032.4	0.9397590361445785
Mol_04329	2048	CNP0345432.2	0.5555555555555556
Mol_12457	2048	CNP0230722.2	0.5555555555555556
Mol_01384	2048	CNP0590236.2	0.5394736842105263
Mol_00368	2048	CNP0501492.1	0.3595505617977528
Mol_02678	2048	CNP0559243.1	0.3085106382978723
Mol_02270	2048	CNP0318508.1	0.875
Mol_02272	2048	CNP0373216.3	0.8484848484848485
Mol_07045	2048	CNP0216257.3	0.5454545454545454
Mol_02682	2048	CNP0117973.2	0.2716049382716049
Mol_00374	2048	CNP0350623.2	0.7857142857142857
Mol_00549	2048	CNP0200119.2	0.6902654867256637
Mol_14155	2048	CNP0045560.0	0.3947368421052631
Mol_13725	2048	CNP0336650.3	0.5098039215686274
Mol_06216	2048	CNP0305578.3	0.6086956521739131
Mol_19215	2048	CNP0528512.0	0.4878048780487805
Mol_07525	2048	CNP0302765.1	0.5102040816326531
Mol_04991	2048	CNP0260008.2	0.4912280701754385
Mol_04998	2048	CNP0164452.2	0.78
Mol_13793	2048	CNP0130449.1	0.6461538461538462
Mol_07558	2048	CNP0308832.1	0.7659574468085106
Mol_01466	2048	CNP0311489.2	0.6956521739130435
Mol_14210	2048	CNP0282355.1	0.574468085106383
Mol_01469	2048	CNP0400184.3	0.7560975609756098
Mol_02154	2048	CNP0261312.1	0.4677419354838709
Mol_11280	2048	CNP0104295.0	0.4032258064516129
Mol_13193	2048	CNP0520454.1	0.4054054054054054
Mol_02872	2048	CNP0287224.1	0.5675675675675675
Mol_13175	2048	CNP0216257.3	0.5740740740740741
Mol_00796	2048	CNP0181609.1	0.6290322580645161
Mol_04958	2048	CNP0165201.2	0.5714285714285714
Mol_01793	2048	CNP0118975.0	0.6730769230769231
Mol_11081	2048	CNP0249059.0	0.7659574468085106
Mol_04319	2048	CNP0229364.3	0.6935483870967742
Mol_00795	2048	CNP0276168.2	0.5142857142857142
Mol_01666	2048	CNP0152715.1	0.7714285714285715
Mol_11311	2048	CNP0230694.1	0.3934426229508196
Mol_07282	2048	CNP0180871.0	0.4
Mol_03286	2048	CNP0488492.0	0.6136363636363636
Mol_14614	2048	CNP0171818.3	0.6805555555555556
Mol_06717	2048	CNP0305578.3	0.6086956521739131
Mol_04985	2048	CNP0554066.1	0.492063492063492
Mol_07561	2048	CNP0232074.0	0.75
Mol_09728	2048	CNP0350228.1	0.3
Mol_14996	2048	CNP0337749.2	0.6779661016949152
Mol_08064	2048	CNP0272480.4	0.5797101449275363
Mol_16002	2048	CNP0314218.1	0.5333333333333333
Mol_15769	2048	CNP0228814.15	0.3188405797101449
Mol_06092	2048	CNP0601127.1	0.4714285714285714
Mol_01012	2048	CNP0266779.3	0.2823529411764706
Mol_10883	2048	CNP0357496.1	0.4050632911392405
Mol_05950	2048	CNP0203287.5	0.8360655737704918
Mol_11954	2048	CNP0358006.1	0.620253164556962
Mol_02467	2048	CNP0079509.2	0.782608695652174
Mol_11960	2048	CNP0358006.1	0.5421686746987951
Mol_13072	2048	CNP0196217.1	0.6486486486486487
Mol_16846	2048	CNP0129458.1	0.4787234042553192
Mol_04571	2048	CNP0171318.0	0.4461538461538462
Mol_11965	2048	CNP0358006.1	0.620253164556962
Mol_16088	2048	CNP0433323.2	0.746031746031746
Mol_05758	2048	CNP0146304.1	0.6060606060606061
Mol_05761	2048	CNP0337672.1	0.547945205479452
Mol_07818	2048	CNP0310343.1	0.5571428571428572
Mol_00138	2048	CNP0264626.2	0.6521739130434783
Mol_03653	2048	CNP0112133.0	0.3
Mol_02825	2048	CNP0102264.1	0.8947368421052632
Mol_11586	2048	CNP0303300.1	0.5384615384615384
Mol_07559	2048	CNP0115350.1	0.8
Mol_00144	2048	CNP0234796.3	0.574468085106383
Mol_18194	2048	CNP0191891.2	0.7777777777777778
Mol_15721	2048	CNP0291170.1	0.6666666666666666
Mol_14168	2048	CNP0166592.2	0.8787878787878788
Mol_14162	2048	CNP0568657.0	0.5263157894736842
Mol_06273	2048	CNP0122055.1	0.7777777777777778
Mol_06327	2048	CNP0228491.1	0.4117647058823529
Mol_07777	2048	CNP0388937.0	0.5510204081632653
Mol_14634	2048	CNP0139450.2	0.6129032258064516
Mol_00141	2048	CNP0264626.2	0.6458333333333334
Mol_03481	2048	CNP0335737.7	0.6842105263157895
Mol_06183	2048	CNP0230191.1	0.3548387096774194
Mol_14182	2048	CNP0045560.0	0.7142857142857143
Mol_05308	2048	CNP0161995.1	0.46875
Mol_15269	2048	CNP0003113.0	0.5294117647058824
Mol_07646	2048	CNP0107866.0	0.5454545454545454
Mol_09070	2048	CNP0298057.0	0.1818181818181818
Mol_13413	2048	CNP0597402.1	0.4074074074074074
Mol_03488	2048	CNP0131809.0	0.5357142857142857
Mol_00301	2048	CNP0074279.0	0.5526315789473685
Mol_03013	2048	CNP0237301.2	0.5409836065573771
Mol_15015	2048	CNP0295889.1	0.9117647058823528
Mol_14790	2048	CNP0176155.0	0.7368421052631579
Mol_19301	2048	CNP0176155.0	0.875
Mol_10829	2048	CNP0255091.0	0.660377358490566
Mol_15099	2048	CNP0422450.1	0.6774193548387096
Mol_16731	2048	CNP0316706.1	0.6176470588235294
Mol_11582	2048	CNP0303300.1	0.65625
Mol_10310	2048	CNP0484053.1	0.3908045977011494
Mol_03254	2048	CNP0196212.1	0.4647887323943662
Mol_04987	2048	CNP0165201.2	0.5409836065573771
Mol_13132	2048	CNP0115133.1	0.328125
Mol_07051	2048	CNP0226896.1	0.3870967741935484
Mol_04585	2048	CNP0049588.4	0.6
Mol_16266	2048	CNP0545202.1	0.430379746835443
Mol_16267	2048	CNP0545202.1	0.430379746835443
Mol_13414	2048	CNP0597402.1	0.4693877551020408
Mol_07564	2048	CNP0296502.3	0.6666666666666666
Mol_04427	2048	CNP0397959.1	0.676923076923077
Mol_00765	2048	CNP0560984.3	0.7758620689655172
Mol_10738	2048	CNP0395775.1	0.6875
Mol_18907	2048	CNP0259554.1	0.4090909090909091
Mol_04123	2048	CNP0488613.1	0.3766233766233766
Mol_14660	2048	CNP0276805.0	0.5254237288135594
Mol_03483	2048	CNP0131809.0	0.48
Mol_01020	2048	CNP0268303.0	0.4901960784313725
Mol_15896	2048	CNP0208206.1	0.4683544303797468
Mol_15897	2048	CNP0210764.2	0.4545454545454545
Mol_14661	2048	CNP0182329.0	0.5283018867924528
Mol_01779	2048	CNP0228005.0	0.7111111111111111
Mol_11554	2048	CNP0274318.1	0.6153846153846154
Mol_11512	2048	CNP0212767.0	0.5098039215686274
Mol_14178	2048	CNP0267146.3	0.75
Mol_14176	2048	CNP0224715.1	0.5918367346938775
Mol_09762	2048	CNP0231176.11	0.4318181818181818
Mol_15196	2048	CNP0322741.3	0.8947368421052632
Mol_08003	2048	CNP0348608.6	0.7
Mol_16526	2048	CNP0328141.1	0.52
Mol_14576	2048	CNP0255607.1	0.6736842105263158
Mol_10275	2048	CNP0249512.7	0.7868852459016393
Mol_12005	2048	CNP0203076.0	0.6262626262626263
Mol_14570	2048	CNP0255607.1	0.7865168539325843
Mol_08004	2048	CNP0348608.6	0.7
Mol_02799	2048	CNP0149396.6	0.75
Mol_06069	2048	CNP0241146.1	0.3866666666666666
Mol_01578	2048	CNP0107067.1	0.4516129032258064
Mol_06891	2048	CNP0130092.1	0.2954545454545454
Mol_00858	2048	CNP0586428.1	0.6888888888888889
Mol_05947	2048	CNP0161551.3	0.4
Mol_06340	2048	CNP0251716.1	0.4339622641509434
Mol_14380	2048	CNP0291066.2	0.5714285714285714
Mol_10867	2048	CNP0214223.6	0.5306122448979592
Mol_10886	2048	CNP0206071.1	0.4680851063829787
Mol_01686	2048	CNP0274172.2	0.5192307692307693
Mol_08026	2048	CNP0252293.1	0.7272727272727273
Mol_06218	2048	CNP0512373.2	0.48
Mol_16359	2048	CNP0399714.0	0.2857142857142857
Mol_00863	2048	CNP0128879.3	0.7407407407407407
Mol_13782	2048	CNP0298381.2	0.4576271186440678
Mol_03759	2048	CNP0273721.1	0.4150943396226415
Mol_10870	2048	CNP0214223.6	0.5306122448979592
Mol_04711	2048	CNP0343293.3	0.55
Mol_15025	2048	CNP0365083.1	0.2753623188405797
Mol_06181	2048	CNP0173359.1	0.4
Mol_13490	2048	CNP0431946.2	0.543859649122807
Mol_11751	2048	CNP0139284.1	0.65625
Mol_00201	2048	CNP0151693.3	0.5964912280701754
Mol_00862	2048	CNP0143200.1	0.8363636363636363
Mol_00925	2048	CNP0143200.1	0.8363636363636363
Mol_04169	2048	CNP0353885.1	0.3389830508474576
Mol_08027	2048	CNP0252293.1	0.7090909090909091
Mol_13211	2048	CNP0143200.1	0.8363636363636363
Mol_15030	2048	CNP0365083.1	0.2676056338028169
Mol_15026	2048	CNP0365083.1	0.2638888888888889
Mol_00893	2048	CNP0291122.1	0.7241379310344828
Mol_12799	2048	CNP0142335.0	0.417910447761194
Mol_12920	2048	CNP0157166.2	0.5324675324675324
Mol_16205	2048	CNP0076436.1	0.7710843373493976
Mol_09986	2048	CNP0194416.1	0.5
Mol_09774	2048	CNP0110835.3	0.6052631578947368
Mol_10912	2048	CNP0129699.2	0.5
Mol_12621	2048	CNP0226405.8	0.7777777777777778
Mol_08774	2048	CNP0185717.7	0.6935483870967742
Mol_00595	2048	CNP0416864.1	0.8181818181818182
Mol_09776	2048	CNP0110835.3	0.7794117647058824
Mol_08821	2048	CNP0143905.1	0.7101449275362319
Mol_10312	2048	CNP0248195.1	0.4047619047619047
Mol_16975	2048	CNP0261705.1	0.5205479452054794
Mol_11335	2048	CNP0194416.1	0.4242424242424242
Mol_10436	2048	CNP0316545.3	0.8656716417910447
Mol_10860	2048	CNP0317966.1	0.7903225806451613
Mol_10017	2048	CNP0230994.0	0.4565217391304347
Mol_11148	2048	CNP0183251.1	0.4444444444444444
Mol_14862	2048	CNP0241873.1	0.945945945945946
Mol_01021	2048	CNP0326250.2	0.5641025641025641
Mol_00100	2048	CNP0164288.1	1.0
Mol_06390	2048	CNP0310343.1	0.5571428571428572
Mol_01468	2048	CNP0137490.0	0.8666666666666667
Mol_03182	2048	CNP0242534.1	0.8181818181818182
Mol_16141	2048	CNP0381965.0	0.5365853658536586
Mol_08803	2048	CNP0258917.3	0.6941176470588235
Mol_03888	2048	CNP0039443.1	0.9565217391304348
Mol_12887	2048	CNP0304496.2	0.6521739130434783
Mol_12888	2048	CNP0502033.1	0.6491228070175439
Mol_04809	2048	CNP0246211.5	0.8604651162790697
Mol_03970	2048	CNP0119383.1	0.6031746031746031
Mol_03971	2048	CNP0119383.1	0.6031746031746031
Mol_03960	2048	CNP0278160.4	0.4923076923076923
Mol_15007	2048	CNP0159717.1	0.6666666666666666
Mol_18906	2048	CNP0299773.2	0.6811594202898551
Mol_03973	2048	CNP0229701.2	0.5512820512820513
Mol_16170	2048	CNP0229701.2	0.5512820512820513
Mol_16901	2048	CNP0211558.1	0.3125
Mol_15040	2048	CNP0414164.6	0.7068965517241379
Mol_11077	2048	CNP0169957.2	0.3333333333333333
Mol_11078	2048	CNP0113291.1	0.45
Mol_14057	2048	CNP0176786.1	0.5978260869565217
Mol_04094	2048	CNP0317110.2	0.7333333333333333
Mol_15074	2048	CNP0121041.1	0.5714285714285714
Mol_02657	2048	CNP0103070.2	0.7176470588235294
Mol_15088	2048	CNP0121041.1	0.5714285714285714
Mol_09758	2048	CNP0258917.3	0.7236842105263158
Mol_02647	2048	CNP0328141.1	0.8987341772151899
Mol_12513	2048	CNP0347971.0	0.2702702702702703
Mol_14515	2048	CNP0161944.2	0.8059701492537313
Mol_02310	2048	CNP0273219.4	0.8823529411764706
Mol_14910	2048	CNP0245073.7	0.8395061728395061
Mol_14335	2048	CNP0188946.1	0.5686274509803921
Mol_14913	2048	CNP0223077.10	0.8048780487804879
Mol_09990	2048	CNP0152066.1	0.8
Mol_10032	2048	CNP0273225.1	0.5671641791044776
Mol_16199	2048	CNP0422276.8	0.3012048192771084
Mol_01053	2048	CNP0147334.11	0.7894736842105263
Mol_10898	2048	CNP0278371.3	0.803030303030303
Mol_11667	2048	CNP0318133.0	0.4655172413793103
Mol_00588	2048	CNP0139662.1	0.8
Mol_00661	2048	CNP0178779.2	0.7808219178082192
Mol_13363	2048	CNP0132867.1	0.8297872340425532
Mol_09445	2048	CNP0132867.1	0.8048780487804879
Mol_13343	2048	CNP0279190.2	0.4545454545454545
Mol_08001	2048	CNP0348608.6	0.5789473684210527
Mol_08002	2048	CNP0348608.6	0.5789473684210527
Mol_15714	2048	CNP0211602.1	0.4880952380952381
Mol_09555	2048	CNP0228027.2	0.5076923076923077
Mol_03906	2048	CNP0157351.0	0.4444444444444444
Mol_12445	2048	CNP0282355.1	0.875
Mol_12455	2048	CNP0242822.5	0.8867924528301887
Mol_06331	2048	CNP0137490.0	0.5441176470588235
Mol_13801	2048	CNP0146279.2	0.5
Mol_13163	2048	CNP0216257.3	0.75
Mol_04704	2048	CNP0150924.2	0.6111111111111112
Mol_00367	2048	CNP0526004.0	0.3529411764705882
Mol_12524	2048	CNP0239818.2	0.5217391304347826
Mol_00021	2048	CNP0204328.3	0.64
Mol_15873	2048	CNP0522258.4	0.3636363636363636
Mol_03652	2048	CNP0339556.0	0.3150684931506849
Mol_06329	2048	CNP0311489.2	0.6170212765957447
Mol_11348	2048	CNP0129663.1	0.8333333333333334
Mol_12085	2048	CNP0206320.3	0.5813953488372093
Mol_12291	2048	CNP0149175.0	0.7692307692307693
Mol_02117	2048	CNP0141741.4	0.8076923076923077
Mol_15765	2048	CNP0347455.0	0.6666666666666666
Mol_05014	2048	CNP0235663.1	0.4067796610169492
Mol_15561	2048	CNP0249797.2	0.2926829268292683
Mol_05261	2048	CNP0155131.1	0.7619047619047619
Mol_01558	2048	CNP0128866.0	0.5
Mol_13181	2048	CNP0216257.3	0.7872340425531915
Mol_13200	2048	CNP0216257.3	0.6875
Mol_01424	2048	CNP0184861.1	0.275
Mol_12506	2048	CNP0165165.1	0.639344262295082
Mol_00360	2048	CNP0023118.0	0.46875
Mol_04144	2048	CNP0155157.4	0.7166666666666667
Mol_02167	2048	CNP0386172.0	0.2413793103448276
Mol_01361	2048	CNP0278959.1	0.4259259259259259
Mol_02168	2048	CNP0396607.0	0.3188405797101449
Mol_07067	2048	CNP0217467.2	0.7045454545454546
Mol_16298	2048	CNP0416125.1	0.6266666666666667
Mol_15393	2048	CNP0169901.1	0.76
Mol_15297	2048	CNP0317855.3	0.9230769230769232
Mol_10626	2048	CNP0142306.1	0.7647058823529411
Mol_09777	2048	CNP0142306.1	0.890625
Mol_00327	2048	CNP0129663.1	0.7435897435897436
Mol_13039	2048	CNP0126394.0	1.0
Mol_03223	2048	CNP0148440.0	0.5862068965517241
Mol_04295	2048	CNP0049588.4	0.6176470588235294
Mol_06995	2048	CNP0275965.1	0.8620689655172413
Mol_04289	2048	CNP0086724.3	0.5352112676056338
Mol_13222	2048	CNP0113952.1	0.5384615384615384
Mol_01451	2048	CNP0286465.7	0.56
Mol_04426	2048	CNP0086724.3	0.8
Mol_05589	2048	CNP0150926.4	0.5135135135135135
Mol_04550	2048	CNP0146780.3	0.5217391304347826
Mol_11494	2048	CNP0176969.3	0.4626865671641791
Mol_08484	2048	CNP0240638.1	0.2857142857142857
Mol_05499	2048	CNP0278902.1	0.7567567567567568
Mol_07391	2048	CNP0374047.3	0.375
Mol_00263	2048	CNP0179846.0	0.4848484848484848
Mol_00271	2048	CNP0292588.2	0.6551724137931034
Mol_19054	2048	CNP0304695.1	0.6304347826086957
Mol_04996	2048	CNP0239538.2	0.5625
Mol_02124	2048	CNP0227866.1	0.4939759036144578
Mol_08594	2048	CNP0160234.1	0.5740740740740741
Mol_18545	2048	CNP0132740.2	0.3939393939393939
Mol_14174	2048	CNP0166592.2	0.8787878787878788
Mol_11497	2048	CNP0176969.3	0.4393939393939394
Mol_04366	2048	CNP0371810.5	0.6060606060606061
Mol_02188	2048	CNP0233700.3	0.4590163934426229
Mol_11032	2048	CNP0109642.1	0.6901408450704225
Mol_02785	2048	CNP0200516.1	0.647887323943662
Mol_08936	2048	CNP0242988.2	0.7090909090909091
Mol_09092	2048	CNP0288440.0	0.4864864864864865
Mol_11268	2048	CNP0201039.0	0.6346153846153846
Mol_10827	2048	CNP0587491.2	0.7647058823529411
Mol_04310	2048	CNP0187818.7	0.4328358208955223
Mol_05661	2048	CNP0423139.1	0.3134328358208955
Mol_02394	2048	CNP0169901.1	0.7021276595744681
Mol_11500	2048	CNP0212387.1	0.5074626865671642
Mol_11499	2048	CNP0176969.3	0.4057971014492754
Mol_13806	2048	CNP0549383.1	0.7619047619047619
Mol_02252	2048	CNP0266886.2	0.7
Mol_01599	2048	CNP0426125.2	0.4634146341463415
Mol_15298	2048	CNP0317855.3	0.9230769230769232
Mol_09671	2048	CNP0292224.0	0.4857142857142857
Mol_05841	2048	CNP0333800.2	0.3518518518518518
Mol_09087	2048	CNP0086187.0	0.28125
Mol_19275	2048	CNP0175331.0	0.4166666666666667
Mol_01684	2048	CNP0512373.2	0.4888888888888889
Mol_06217	2048	CNP0512373.2	0.4888888888888889
Mol_06070	2048	CNP0550412.0	0.44
Mol_02275	2048	CNP0373216.3	0.8636363636363636
Mol_02495	2048	CNP0266886.2	0.6
Mol_07056	2048	CNP0216257.3	0.7291666666666666
Mol_07054	2048	CNP0216257.3	0.68
Mol_11498	2048	CNP0212387.1	0.5
Mol_03347	2048	CNP0292253.2	0.6785714285714286
Mol_14998	2048	CNP0269497.5	0.6166666666666667
Mol_10896	2048	CNP0128875.0	0.2941176470588235
Mol_02391	2048	CNP0087134.6	0.4210526315789473
Mol_06068	2048	CNP0157330.2	0.3970588235294117
Mol_11495	2048	CNP0212387.1	0.5
Mol_02376	2048	CNP0432864.2	0.3968253968253968
Mol_10314	2048	CNP0285664.1	0.3818181818181818
Mol_15500	2048	CNP0399060.1	0.7843137254901961
Mol_15199	2048	CNP0327680.1	0.6829268292682927
Mol_11675	2048	CNP0298716.1	0.5344827586206896
Mol_18011	2048	CNP0159326.2	0.68
Mol_16632	2048	CNP0505795.1	0.5535714285714286
Mol_01797	2048	CNP0118975.0	0.5172413793103449
Mol_02026	2048	CNP0118975.0	0.5172413793103449
Mol_05516	2048	CNP0229364.3	0.8148148148148148
Mol_10550	2048	CNP0241083.1	0.7708333333333334
Mol_10875	2048	CNP0241083.1	0.7708333333333334
Mol_11668	2048	CNP0210584.1	0.4915254237288136
Mol_04559	2048	CNP0262399.4	0.6338028169014085
Mol_14295	2048	CNP0268879.0	0.7777777777777778
Mol_02468	2048	CNP0079509.2	0.6363636363636364
Mol_04276	2048	CNP0227515.2	0.5303030303030303
Mol_11693	2048	CNP0286465.7	0.4821428571428571
Mol_01348	2048	CNP0273414.1	0.8333333333333334
Mol_04400	2048	CNP0336321.2	0.6119402985074627
Mol_19369	2048	CNP0313064.1	0.490566037735849
Mol_02281	2048	CNP0373216.3	0.6486486486486487
Mol_02280	2048	CNP0266886.2	0.6666666666666666
Mol_02286	2048	CNP0318508.1	0.5584415584415584
Mol_15784	2048	CNP0335769.1	0.6666666666666666
Mol_05272	2048	CNP0149309.1	0.3956043956043956
Mol_14329	2048	CNP0313468.1	0.7833333333333333
Mol_08831	2048	CNP0245223.1	0.7647058823529411
Mol_14569	2048	CNP0255607.1	0.7865168539325843
Mol_10979	2048	CNP0085428.1	0.819047619047619
Mol_05303	2048	CNP0213408.1	0.6555555555555556
Mol_01341	2048	CNP0175105.3	0.8714285714285714
Mol_03393	2048	CNP0188075.0	0.5116279069767442
Mol_03433	2048	CNP0311489.2	0.6595744680851063
Mol_15114	2048	CNP0315418.0	0.4153846153846154
Mol_00178	2048	CNP0316345.1	0.8571428571428571
Mol_13236	2048	CNP0102264.1	0.4468085106382978
Mol_04967	2048	CNP0164452.2	0.5079365079365079
Mol_16279	2048	CNP0291246.0	0.7021276595744681
Mol_14189	2048	CNP0002492.0	0.475
Mol_05079	2048	CNP0499319.0	0.3488372093023256
Mol_15225	2048	CNP0102264.1	0.4468085106382978
Mol_07874	2048	CNP0180123.6	0.3478260869565217
Mol_03577	2048	CNP0367446.2	0.5555555555555556
Mol_16358	2048	CNP0180313.1	0.3275862068965517
Mol_11261	2048	CNP0170484.1	0.42
Mol_13028	2048	CNP0189147.7	0.7878787878787878
Mol_03552	2048	CNP0106199.3	0.7941176470588235
Mol_12295	2048	CNP0243394.2	0.6304347826086957
Mol_14516	2048	CNP0161944.2	0.8059701492537313
Mol_15105	2048	CNP0161944.2	0.803030303030303
Mol_07049	2048	CNP0216257.3	0.6037735849056604
Mol_13204	2048	CNP0216257.3	0.6346153846153846
Mol_07055	2048	CNP0216257.3	0.5660377358490566
Mol_13205	2048	CNP0216257.3	0.5660377358490566
Mol_19366	2048	CNP0166583.1	0.4838709677419355
Mol_08705	2048	CNP0267324.1	0.6122448979591837
Mol_09065	2048	CNP0150121.1	0.4814814814814814
Mol_04145	2048	CNP0137852.2	0.7049180327868853
Mol_18105	2048	CNP0547861.0	0.4838709677419355
Mol_19196	2048	CNP0163303.2	0.358974358974359
Mol_18113	2048	CNP0292224.0	0.4857142857142857
Mol_19145	2048	CNP0155131.1	0.7619047619047619
Mol_12032	2048	CNP0175056.5	0.5441176470588235
Mol_17031	2048	CNP0198822.1	0.6346153846153846
Mol_16978	2048	CNP0261705.1	0.7777777777777778
Mol_01120	2048	CNP0153951.1	0.2549019607843137
Mol_01583	2048	CNP0285386.1	0.3684210526315789
Mol_07849	2048	CNP0291267.1	0.3783783783783784
Mol_06966	2048	CNP0131389.2	0.3809523809523809
Mol_15227	2048	CNP0345508.2	0.5319148936170213
Mol_04081	2048	CNP0411455.1	0.55
Mol_01800	2048	CNP0118975.0	0.5614035087719298
Mol_03846	2048	CNP0261757.7	0.4677419354838709
Mol_14175	2048	CNP0170767.1	0.7027027027027027
Mol_01251	2048	CNP0180382.0	0.8108108108108109
Mol_06389	2048	CNP0310343.1	0.5652173913043478
Mol_01162	2048	CNP0118012.0	0.3684210526315789
Mol_13465	2048	CNP0118118.1	0.5208333333333334
Mol_15719	2048	CNP0308245.1	0.3958333333333333
Mol_00297	2048	CNP0157545.1	0.4871794871794871
Mol_12022	2048	CNP0551915.1	0.4629629629629629
Mol_01551	2048	CNP0216877.2	0.7647058823529411
Mol_08486	2048	CNP0369291.1	0.7674418604651163
Mol_18191	2048	CNP0208351.3	0.4210526315789473
Mol_14215	2048	CNP0144466.0	0.6375
Mol_12400	2048	CNP0247713.2	0.7333333333333333
Mol_14992	2048	CNP0132740.2	0.4090909090909091
Mol_14301	2048	CNP0275965.1	0.8620689655172413
Mol_16605	2048	CNP0430419.0	0.7307692307692307
Mol_11147	2048	CNP0165109.0	0.7045454545454546
Mol_01799	2048	CNP0118975.0	0.4833333333333333
Mol_09857	2048	CNP0031064.1	0.3194444444444444
Mol_15560	2048	CNP0249797.2	0.2926829268292683
Mol_08607	2048	CNP0215420.2	0.5483870967741935
Mol_18557	2048	CNP0132740.2	0.3088235294117647
Mol_05868	2048	CNP0147970.0	0.5555555555555556
Mol_03852	2048	CNP0140316.0	0.6666666666666666
Mol_01514	2048	CNP0291267.1	0.3846153846153846
Mol_03467	2048	CNP0560263.0	0.2432432432432432
Mol_13934	2048	CNP0159795.3	0.7307692307692307
Mol_01705	2048	CNP0305062.1	0.4339622641509434
Mol_01928	2048	CNP0187661.6	0.54
Mol_03044	2048	CNP0134827.2	0.8070175438596491
Mol_12396	2048	CNP0223743.0	0.3378378378378378
Mol_06942	2048	CNP0113833.2	0.5230769230769231
Mol_13131	2048	CNP0353524.0	0.3269230769230769
Mol_02328	2048	CNP0268374.2	0.6296296296296297
Mol_13133	2048	CNP0593366.2	0.3333333333333333
Mol_13195	2048	CNP0217467.2	0.3725490196078431
Mol_03181	2048	CNP0291562.1	0.85
Mol_15314	2048	CNP0291562.1	0.7857142857142857
Mol_13365	2048	CNP0225367.2	0.5555555555555556
Mol_18024	2048	CNP0314863.0	0.8888888888888888
Mol_14449	2048	CNP0333462.1	0.5405405405405406
Mol_07084	2048	CNP0409199.1	0.4358974358974359
Mol_09920	2048	CNP0195556.2	1.0
Mol_14812	2048	CNP0426112.0	0.84
Mol_10871	2048	CNP0214223.6	0.5306122448979592
Mol_09653	2048	CNP0588216.0	0.3125
Mol_04971	2048	CNP0165201.2	0.7924528301886793
Mol_10872	2048	CNP0214223.6	0.5306122448979592
Mol_03236	2048	CNP0247405.1	0.5614035087719298
Mol_13525	2048	CNP0191506.3	0.3857142857142857
Mol_03252	2048	CNP0111571.2	0.375
Mol_02814	2048	CNP0253296.5	0.6349206349206349
Mol_14346	2048	CNP0497347.1	0.492063492063492
Mol_13534	2048	CNP0151693.3	0.75
Mol_11496	2048	CNP0212387.1	0.4925373134328358
Mol_15631	2048	CNP0264057.0	0.4814814814814814
Mol_00379	2048	CNP0175356.0	0.4871794871794871
Mol_08664	2048	CNP0173106.0	0.3666666666666666
Mol_19102	2048	CNP0270979.1	0.4
Mol_12033	2048	CNP0175056.5	0.5441176470588235
Mol_13935	2048	CNP0159795.3	0.7307692307692307
Mol_11263	2048	CNP0379747.3	0.5714285714285714
Mol_14522	2048	CNP0329623.2	0.8333333333333334
Mol_04564	2048	CNP0166592.2	0.7297297297297297
Mol_11511	2048	CNP0371689.1	0.5079365079365079
Mol_05052	2048	CNP0426125.2	0.4634146341463415
Mol_12097	2048	CNP0273146.2	0.6382978723404256
Mol_15403	2048	CNP0135405.1	0.7592592592592593
Mol_12403	2048	CNP0315581.0	0.559322033898305
Mol_01802	2048	CNP0199061.1	0.4202898550724637
Mol_07465	2048	CNP0248484.1	0.5185185185185185
Mol_08487	2048	CNP0266045.3	0.7142857142857143
Mol_16122	2048	CNP0542859.1	0.4716981132075472
Mol_03895	2048	CNP0291562.1	0.7674418604651163
Mol_03902	2048	CNP0291562.1	0.85
Mol_01139	2048	CNP0272311.2	0.3902439024390244
Mol_00101	2048	CNP0241156.1	0.5757575757575758
Mol_00106	2048	CNP0241156.1	0.6885245901639344
Mol_14325	2048	CNP0313468.1	0.6417910447761194
Mol_14338	2048	CNP0547946.0	0.6708860759493671
Mol_10523	2048	CNP0203109.1	0.6708860759493671
Mol_01137	2048	CNP0276857.1	0.3253012048192771
Mol_14342	2048	CNP0361923.6	0.6857142857142857
Mol_00370	2048	CNP0303034.1	0.5217391304347826
Mol_15889	2048	CNP0113952.1	0.6041666666666666
Mol_03761	2048	CNP0277489.2	0.546875
Mol_12102	2048	CNP0411625.1	0.673469387755102
Mol_15094	2048	CNP0270683.2	0.8222222222222222
Mol_00952	2048	CNP0154376.0	0.5862068965517241
Mol_11492	2048	CNP0314696.0	0.5116279069767442
Mol_04265	2048	CNP0086724.3	0.5074626865671642
Mol_08609	2048	CNP0215420.2	0.59375
Mol_04277	2048	CNP0227515.2	0.5303030303030303
Mol_04580	2048	CNP0049588.4	0.5571428571428572
Mol_11695	2048	CNP0253792.4	0.7833333333333333
Mol_10042	2048	CNP0223865.1	0.4857142857142857
Mol_15169	2048	CNP0247576.2	0.5375
Mol_15311	2048	CNP0291562.1	0.4693877551020408
Mol_03410	2048	CNP0411625.1	0.5471698113207547
Mol_15432	2048	CNP0146328.2	0.72
Mol_00306	2048	CNP0221350.1	0.6
Mol_16391	2048	CNP0126375.0	0.4583333333333333
Mol_03990	2048	CNP0118245.5	0.5
Mol_15226	2048	CNP0426125.2	0.4634146341463415
Mol_01645	2048	CNP0187661.6	0.6
Mol_11856	2048	CNP0208643.1	0.4285714285714285
Mol_03773	2048	CNP0273721.1	0.6521739130434783
Mol_03746	2048	CNP0132352.2	0.6341463414634146
Mol_03780	2048	CNP0532034.3	0.5172413793103449
Mol_13446	2048	CNP0247405.1	0.4918032786885246
Mol_04262	2048	CNP0227515.2	0.75
Mol_01610	2048	CNP0156851.1	0.6756756756756757
Mol_01611	2048	CNP0419626.2	0.6486486486486487
Mol_16536	2048	CNP0153533.1	0.4782608695652174
Mol_02189	2048	CNP0165125.3	0.4264705882352941
Mol_11327	2048	CNP0170928.1	0.7424242424242424
Mol_06264	2048	CNP0153533.1	0.392156862745098
Mol_04409	2048	CNP0049588.4	0.5757575757575758
Mol_12021	2048	CNP0316451.3	0.5303030303030303
Mol_11746	2048	CNP0333683.1	0.3970588235294117
Mol_11458	2048	CNP0167156.1	0.3623188405797101
Mol_03233	2048	CNP0293015.1	0.5087719298245614
Mol_08030	2048	CNP0171538.3	0.4666666666666667
Mol_08713	2048	CNP0170431.3	0.5660377358490566
Mol_03275	2048	CNP0293015.1	0.5087719298245614
Mol_04411	2048	CNP0336321.2	0.6
Mol_00826	2048	CNP0215420.2	0.5074626865671642
Mol_04959	2048	CNP0164452.2	0.6785714285714286
Mol_06711	2048	CNP0139103.2	0.3538461538461538
Mol_16761	2048	CNP0153533.1	0.4782608695652174
Mol_01665	2048	CNP0359399.3	0.5294117647058824
Mol_01667	2048	CNP0188742.2	0.7073170731707317
Mol_02844	2048	CNP0157545.1	0.4871794871794871
Mol_04358	2048	CNP0376628.1	0.725
Mol_00883	2048	CNP0230165.5	0.9767441860465116
Mol_13391	2048	CNP0352210.1	0.3863636363636363
Mol_01787	2048	CNP0220912.2	0.6666666666666666
Mol_03747	2048	CNP0273721.1	0.75
Mol_03775	2048	CNP0589067.0	0.42
Mol_06210	2048	CNP0285786.2	0.4814814814814814
Mol_08028	2048	CNP0252293.1	0.7755102040816326
Mol_04885	2048	CNP0197242.1	0.4736842105263157
Mol_04936	2048	CNP0376628.1	0.725
Mol_04938	2048	CNP0218333.1	0.5238095238095238
Mol_00785	2048	CNP0131695.1	0.3428571428571428
Mol_04944	2048	CNP0235871.1	0.2826086956521739
Mol_01791	2048	CNP0187661.6	0.6122448979591837
Mol_13723	2048	CNP0147598.3	0.4090909090909091
Mol_03259	2048	CNP0171838.1	0.5
Mol_03261	2048	CNP0152738.4	0.6326530612244898
Mol_12041	2048	CNP0300574.1	0.5824175824175825
Mol_08801	2048	CNP0258917.3	0.9
Mol_03765	2048	CNP0260472.1	0.7111111111111111
Mol_16114	2048	CNP0291562.1	0.7674418604651163
Mol_16115	2048	CNP0252527.2	0.7045454545454546
Mol_02681	2048	CNP0559243.1	0.2631578947368421
Mol_05664	2048	CNP0119003.1	0.5833333333333334
Mol_12611	2048	CNP0239818.2	0.5285714285714286
Mol_14061	2048	CNP0472398.0	0.4181818181818181
Mol_01816	2048	CNP0220912.2	0.6666666666666666
Mol_02021	2048	CNP0220912.2	0.6666666666666666
Mol_02023	2048	CNP0187661.6	0.6122448979591837
Mol_04622	2048	CNP0294144.0	0.54
Mol_02045	2048	CNP0307581.1	0.5625
Mol_04778	2048	CNP0234100.1	0.4545454545454545
Mol_05068	2048	CNP0216877.2	0.7647058823529411
Mol_05074	2048	CNP0170772.0	0.475
Mol_05078	2048	CNP0170772.0	0.475
Mol_05251	2048	CNP0216877.2	0.7647058823529411
Mol_06960	2048	CNP0216877.2	0.7647058823529411
Mol_02807	2048	CNP0107688.1	0.5714285714285714
Mol_06337	2048	CNP0187661.6	0.6122448979591837
Mol_01671	2048	CNP0265617.3	0.5869565217391305
Mol_01682	2048	CNP0370267.1	0.6458333333333334
Mol_05000	2048	CNP0228424.2	0.72
Mol_04090	2048	CNP0505036.2	0.4655172413793103
Mol_05098	2048	CNP0253970.1	0.7333333333333333
Mol_02232	2048	CNP0339258.1	0.4
Mol_08602	2048	CNP0310343.1	0.6119402985074627
Mol_01683	2048	CNP0370267.1	0.490566037735849
Mol_01794	2048	CNP0154895.1	0.6170212765957447
Mol_04079	2048	CNP0086599.0	0.8444444444444444
Mol_07462	2048	CNP0157545.1	0.4871794871794871
Mol_16256	2048	CNP0264217.1	0.6060606060606061
Mol_10246	2048	CNP0249523.2	0.5142857142857142
Mol_01643	2048	CNP0187661.6	0.5263157894736842
Mol_00105	2048	CNP0153533.1	0.4807692307692308
Mol_06776	2048	CNP0423139.1	0.3898305084745763
Mol_05759	2048	CNP0146304.1	0.7931034482758621
Mol_13491	2048	CNP0431946.2	0.5925925925925926
Mol_12015	2048	CNP0175056.5	0.6
Mol_00140	2048	CNP0262714.3	0.6041666666666666
Mol_07599	2048	CNP0145640.1	0.4426229508196721
Mol_07473	2048	CNP0297967.0	0.3777777777777777
Mol_05429	2048	CNP0430534.1	0.4583333333333333
Mol_05722	2048	CNP0357379.1	0.3529411764705882
Mol_01795	2048	CNP0154895.1	0.6170212765957447
Mol_01798	2048	CNP0187661.6	0.5192307692307693
Mol_01808	2048	CNP0154895.1	0.6170212765957447
Mol_09802	2048	CNP0376628.1	0.725
Mol_01154	2048	CNP0328484.5	0.6153846153846154
Mol_13388	2048	CNP0156851.1	0.6756756756756757
Mol_14382	2048	CNP0235871.1	0.2826086956521739
Mol_14387	2048	CNP0419626.2	0.6486486486486487
Mol_18117	2048	CNP0317855.3	0.5135135135135135
Mol_09915	2048	CNP0155737.1	0.5396825396825397
Mol_05864	2048	CNP0107067.1	0.4516129032258064
Mol_07648	2048	CNP0248160.0	0.9411764705882352
Mol_09665	2048	CNP0084478.0	0.6190476190476191
Mol_11413	2048	CNP0126394.0	1.0
Mol_04078	2048	CNP0086599.0	0.8
Mol_16056	2048	CNP0086599.0	0.8
Mol_03766	2048	CNP0273721.1	0.6976744186046512
Mol_03274	2048	CNP0293015.1	0.6792452830188679
Mol_05760	2048	CNP0337672.1	0.5942028985507246
Mol_02243	2048	CNP0220121.7	0.875
Mol_04399	2048	CNP0086724.3	0.5074626865671642
Mol_16633	2048	CNP0227633.2	0.8363636363636363
Mol_00694	2048	CNP0001429.0	0.6557377049180327
Mol_01818	2048	CNP0154895.1	0.6170212765957447
Mol_05762	2048	CNP0146304.1	0.5671641791044776
Mol_05763	2048	CNP0360801.1	0.4126984126984127
Mol_06094	2048	CNP0601127.1	0.4459459459459459
Mol_10248	2048	CNP0289972.1	0.703125
Mol_07025	2048	CNP0154625.3	0.6521739130434783
Mol_18119	2048	CNP0345412.1	0.5681818181818182
Mol_04096	2048	CNP0227977.3	0.5
Mol_13536	2048	CNP0141322.1	0.3768115942028985
Mol_14688	2048	CNP0286679.5	0.4509803921568627
Mol_06781	2048	CNP0100968.0	0.6111111111111112
Mol_01825	2048	CNP0187661.6	0.6
Mol_04776	2048	CNP0271592.4	0.75
Mol_13593	2048	CNP0329623.2	0.5769230769230769
Mol_04263	2048	CNP0227515.2	0.8
Mol_04964	2048	CNP0078082.1	0.4307692307692308
Mol_05005	2048	CNP0312759.1	0.6481481481481481
Mol_08704	2048	CNP0170431.3	0.5818181818181818
Mol_14399	2048	CNP0151370.2	0.515625
Mol_18902	2048	CNP0414164.6	0.4477611940298507
Mol_18903	2048	CNP0414164.6	0.4477611940298507
Mol_08157	2048	CNP0414164.6	0.5645161290322581
Mol_00428	2048	CNP0294744.1	0.6451612903225806
Mol_16977	2048	CNP0261705.1	0.7777777777777778
Mol_16974	2048	CNP0248195.1	0.7818181818181819
Mol_16972	2048	CNP0205387.1	0.7254901960784313
Mol_05004	2048	CNP0130800.1	0.74
Mol_05288	2048	CNP0150926.4	0.7333333333333333
Mol_02982	2048	CNP0258641.5	0.6346153846153846
Mol_10034	2048	CNP0239227.5	0.75
Mol_00150	2048	CNP0301786.1	0.7894736842105263
Mol_07384	2048	CNP0249886.0	0.5606060606060606
Mol_00148	2048	CNP0245676.2	0.8823529411764706
Mol_04750	2048	CNP0301786.1	0.7894736842105263
Mol_00726	2048	CNP0222403.1	0.6491228070175439
Mol_16260	2048	CNP0320189.1	0.3684210526315789
Mol_14453	2048	CNP0245676.2	0.8823529411764706
Mol_02494	2048	CNP0240284.4	0.7321428571428571
Mol_10549	2048	CNP0216990.4	0.5254237288135594
Mol_00824	2048	CNP0273576.3	0.8490566037735849
Mol_07026	2048	CNP0231189.1	0.7666666666666667
Mol_16245	2048	CNP0422019.2	0.4520547945205479
Mol_11956	2048	CNP0142306.1	0.6438356164383562
Mol_07540	2048	CNP0147334.11	0.5625
Mol_00103	2048	CNP0432360.1	0.4736842105263157
Mol_06848	2048	CNP0115532.8	0.7735849056603774
Mol_08740	2048	CNP0115532.8	0.7735849056603774
Mol_16963	2048	CNP0255292.1	0.6607142857142857
Mol_13134	2048	CNP0127619.1	0.5
Mol_07407	2048	CNP0100968.0	0.6666666666666666
Mol_05100	2048	CNP0165920.1	0.4423076923076923
Mol_04367	2048	CNP0335635.2	0.7647058823529411
Mol_16400	2048	CNP0403904.1	0.6578947368421053
Mol_16403	2048	CNP0399686.1	0.5681818181818182
Mol_05001	2048	CNP0312759.1	0.7254901960784313
Mol_01826	2048	CNP0220912.2	0.6521739130434783
Mol_02012	2048	CNP0187661.6	0.6
Mol_18125	2048	CNP0376628.1	0.725
Mol_18127	2048	CNP0282326.2	0.4651162790697674
Mol_18178	2048	CNP0326952.2	0.6842105263157895
Mol_18656	2048	CNP0157545.1	0.4871794871794871
Mol_19243	2048	CNP0297967.0	0.3777777777777777
Mol_19342	2048	CNP0244688.2	0.6046511627906976
Mol_02022	2048	CNP0154895.1	0.6170212765957447
Mol_02027	2048	CNP0370267.1	0.490566037735849
Mol_01820	2048	CNP0187661.6	0.5192307692307693
Mol_02025	2048	CNP0130793.4	0.6122448979591837
Mol_06192	2048	CNP0207837.1	0.4057971014492754
Mol_07541	2048	CNP0147334.11	0.5625
Mol_18546	2048	CNP0248727.1	0.6078431372549019
Mol_02057	2048	CNP0419738.1	0.52
Mol_16172	2048	CNP0222508.3	0.7678571428571429
Mol_14370	2048	CNP0245676.2	0.7818181818181819
Mol_16569	2048	CNP0146639.6	0.5087719298245614
Mol_12345	2048	CNP0311846.1	0.4857142857142857
Mol_00293	2048	CNP0292588.2	0.6551724137931034
Mol_11088	2048	CNP0216223.1	0.6595744680851063
Mol_12012	2048	CNP0316451.3	0.5689655172413793
Mol_05930	2048	CNP0265617.3	0.5869565217391305
Mol_18465	2048	CNP0312759.1	0.7254901960784313
Mol_19348	2048	CNP0218333.1	0.5238095238095238
Mol_01161	2048	CNP0405385.1	0.4411764705882353
Mol_01980	2048	CNP0328484.5	0.6153846153846154
Mol_03258	2048	CNP0230769.2	0.6862745098039216
Mol_06145	2048	CNP0370267.1	0.6458333333333334
Mol_10868	2048	CNP0265617.3	0.5869565217391305
Mol_10869	2048	CNP0265617.3	0.5869565217391305
Mol_10873	2048	CNP0265617.3	0.5869565217391305
Mol_15024	2048	CNP0326549.1	0.2833333333333333
Mol_01376	2048	CNP0169901.1	0.8636363636363636
Mol_02393	2048	CNP0169901.1	0.8636363636363636
Mol_16404	2048	CNP0403904.1	0.6097560975609756
Mol_18067	2048	CNP0320365.0	0.5128205128205128
Mol_13726	2048	CNP0157330.2	0.7058823529411765
Mol_04231	2048	CNP0185366.2	0.6444444444444445
Mol_13727	2048	CNP0130793.4	0.6122448979591837
Mol_15608	2048	CNP0580120.0	0.3111111111111111
Mol_04884	2048	CNP0328484.5	0.6153846153846154
Mol_04945	2048	CNP0428197.3	0.4666666666666667
Mol_14163	2048	CNP0483307.0	0.59375
Mol_05070	2048	CNP0350553.1	0.6470588235294118
Mol_07406	2048	CNP0181301.1	0.5555555555555556
Mol_16258	2048	CNP0422019.2	0.4520547945205479
Mol_13394	2048	CNP0332751.1	0.4130434782608695
Mol_18112	2048	CNP0216877.2	0.4285714285714285
Mol_15166	2048	CNP0277668.1	0.6862745098039216
Mol_00112	2048	CNP0241156.1	0.4492753623188406
Mol_04396	2048	CNP0227515.2	0.75
Mol_04977	2048	CNP0327280.1	0.3898305084745763
Mol_18124	2048	CNP0181738.1	0.6153846153846154
Mol_19343	2048	CNP0296244.1	0.3809523809523809
Mol_07397	2048	CNP0165073.2	0.40625
Mol_00861	2048	CNP0160234.1	0.7755102040816326
Mol_06099	2048	CNP0320136.2	0.3043478260869565
Mol_17033	2048	CNP0198822.1	0.5370370370370371
Mol_12011	2048	CNP0202469.2	0.62
Mol_04397	2048	CNP0397959.1	0.5
Mol_06223	2048	CNP0387654.1	0.6363636363636364
Mol_12214	2048	CNP0437000.1	0.75
Mol_15170	2048	CNP0247576.2	0.5375
Mol_09214	2048	CNP0484161.1	0.4102564102564102
Mol_09404	2048	CNP0216082.1	0.375
Mol_03666	2048	CNP0387028.3	0.4642857142857143
Mol_10834	2048	CNP0587491.2	0.6891891891891891
Mol_16834	2048	CNP0216270.2	0.8513513513513513
Mol_04152	2048	CNP0134436.1	0.4576271186440678
Mol_00845	2048	CNP0586428.1	0.55
Mol_00880	2048	CNP0586428.1	0.55
Mol_08599	2048	CNP0586428.1	0.55
Mol_01134	2048	CNP0139847.2	0.6190476190476191
Mol_01028	2048	CNP0213970.4	0.6774193548387096
Mol_15951	2048	CNP0333462.1	0.5609756097560976
Mol_15953	2048	CNP0257330.0	0.4782608695652174
Mol_00693	2048	CNP0534184.0	0.8095238095238095
Mol_05405	2048	CNP0160393.1	0.5306122448979592
Mol_05637	2048	CNP0543089.1	0.5777777777777777
Mol_15032	2048	CNP0326549.1	0.293103448275862
Mol_06098	2048	CNP0182672.1	0.5555555555555556
Mol_08482	2048	CNP0264180.1	0.65
Mol_02861	2048	CNP0330944.2	0.4838709677419355
Mol_04714	2048	CNP0343293.3	0.4242424242424242
Mol_16040	2048	CNP0313064.1	0.3666666666666666
Mol_00124	2048	CNP0018384.0	0.5660377358490566
Mol_13445	2048	CNP0247405.1	0.5614035087719298
Mol_00967	2048	CNP0156944.1	0.6727272727272727
Mol_00110	2048	CNP0164288.1	0.85
Mol_03049	2048	CNP0266275.5	0.5072463768115942
Mol_09405	2048	CNP0216082.1	0.375
Mol_02377	2048	CNP0272311.2	0.3902439024390244
Mol_02378	2048	CNP0387714.2	0.3670886075949367
Mol_12213	2048	CNP0104727.1	0.734375
Mol_03048	2048	CNP0134827.2	0.5492957746478874
Mol_03409	2048	CNP0320182.0	0.4193548387096774
Mol_00941	2048	CNP0097915.1	0.4629629629629629
Mol_03263	2048	CNP0230769.2	0.7755102040816326
Mol_00045	2048	CNP0261715.1	0.6607142857142857
Mol_11549	2048	CNP0248809.0	0.36
Mol_05938	2048	CNP0220756.0	0.7916666666666666
Mol_03383	2048	CNP0134827.2	0.5492957746478874
Mol_03359	2048	CNP0134827.2	0.5
Mol_16259	2048	CNP0144360.1	0.4189189189189189
Mol_01590	2048	CNP0156240.2	0.5142857142857142
Mol_01591	2048	CNP0222612.1	0.358974358974359
Mol_00875	2048	CNP0160234.1	0.7755102040816326
Mol_17029	2048	CNP0109264.2	0.5283018867924528
Mol_10551	2048	CNP0227999.0	0.74
Mol_04962	2048	CNP0288078.1	0.4285714285714285
Mol_01592	2048	CNP0222612.1	0.358974358974359
Mol_01597	2048	CNP0525076.3	0.5526315789473685
Mol_02065	2048	CNP0222612.1	0.358974358974359
Mol_03102	2048	CNP0066634.2	0.8461538461538461
Mol_00876	2048	CNP0160234.1	0.7755102040816326
Mol_06182	2048	CNP0173359.1	0.4761904761904761
Mol_01419	2048	CNP0192816.1	0.475
Mol_00899	2048	CNP0160234.1	0.7755102040816326
Mol_07496	2048	CNP0171773.1	0.3392857142857143
Mol_11386	2048	CNP0587491.2	0.6753246753246753
Mol_04290	2048	CNP0142353.1	0.589041095890411
Mol_09906	2048	CNP0367617.3	0.5740740740740741
Mol_09917	2048	CNP0282213.1	0.4375
Mol_03767	2048	CNP0273721.1	0.6976744186046512
Mol_18745	2048	CNP0207362.1	0.5277777777777778
Mol_13622	2048	CNP0198339.1	0.7323943661971831
Mol_10781	2048	CNP0587491.2	0.68
Mol_03360	2048	CNP0134827.2	0.5633802816901409
Mol_15258	2048	CNP0345827.1	0.360655737704918
Mol_04712	2048	CNP0482754.1	0.391304347826087
Mol_03441	2048	CNP0197365.1	0.6721311475409836
Mol_08780	2048	CNP0122371.2	0.6835443037974683
Mol_02923	2048	CNP0122371.2	0.8648648648648649
Mol_06818	2048	CNP0254340.1	0.3230769230769231
Mol_13640	2048	CNP0116779.3	0.7903225806451613
Mol_09406	2048	CNP0216082.1	0.375
Mol_09408	2048	CNP0216082.1	0.375
Mol_09409	2048	CNP0216082.1	0.375
Mol_13264	2048	CNP0218239.1	0.7413793103448276
Mol_09620	2048	CNP0314760.2	0.5961538461538461
Mol_14983	2048	CNP0116779.3	0.7903225806451613
Mol_13633	2048	CNP0332494.1	0.4615384615384615
Mol_00921	2048	CNP0327677.3	0.6923076923076923
Mol_15141	2048	CNP0201415.1	0.82
Mol_13048	2048	CNP0586321.1	0.3793103448275862
Mol_08712	2048	CNP0171661.0	0.5294117647058824
Mol_10667	2048	CNP0318081.1	0.6875
Mol_03442	2048	CNP0202469.2	0.6739130434782609
Mol_07534	2048	CNP0018384.0	0.5660377358490566
Mol_02170	2048	CNP0435517.0	0.3076923076923077
Mol_13973	2048	CNP0139847.2	0.6190476190476191
Mol_02046	2048	CNP0307581.1	0.5625
Mol_16771	2048	CNP0205886.2	0.4269662921348314
Mol_02940	2048	CNP0300574.1	0.7341772151898734
Mol_13854	2048	CNP0103684.1	0.5555555555555556
Mol_13667	2048	CNP0184996.1	0.7608695652173914
Mol_01155	2048	CNP0196244.1	1.0
Mol_03251	2048	CNP0151370.2	0.4603174603174603
Mol_19194	2048	CNP0222612.1	0.358974358974359
Mol_03731	2048	CNP0113292.2	0.5957446808510638
Mol_05015	2048	CNP0152528.0	0.5333333333333333
Mol_09918	2048	CNP0282213.1	0.5952380952380952
Mol_05803	2048	CNP0579848.1	0.4222222222222222
Mol_15309	2048	CNP0169750.1	0.5384615384615384
Mol_10977	2048	CNP0285173.1	0.6896551724137931
Mol_14018	2048	CNP0198217.1	0.8648648648648649
Mol_12586	2048	CNP0226405.8	0.7325581395348837
Mol_04763	2048	CNP0226405.8	0.8333333333333334
Mol_18422	2048	CNP0440895.0	0.3888888888888889
Mol_10355	2048	CNP0066654.0	0.2888888888888888
Mol_13316	2048	CNP0158559.1	0.5151515151515151
Mol_01668	2048	CNP0077198.1	0.3469387755102041
Mol_16924	2048	CNP0304485.1	0.631578947368421
Mol_04327	2048	CNP0084750.1	1.0
Mol_14188	2048	CNP0146943.3	0.75
Mol_01226	2048	CNP0212028.0	0.8108108108108109
Mol_13547	2048	CNP0295277.1	0.282051282051282
Mol_11984	2048	CNP0144459.4	0.7358490566037735
Mol_16857	2048	CNP0292467.0	0.8048780487804879
Mol_13010	2048	CNP0130435.0	0.6101694915254238
Mol_11053	2048	CNP0308769.1	0.53125
Mol_10329	2048	CNP0110189.0	0.4492753623188406
Mol_10250	2048	CNP0532210.1	0.4838709677419355
Mol_16212	2048	CNP0082137.0	0.4473684210526316
Mol_06904	2048	CNP0538990.2	0.3478260869565217
Mol_11861	2048	CNP0321187.0	0.5348837209302325
Mol_14303	2048	CNP0562059.0	0.8048780487804879
Mol_15755	2048	CNP0241548.4	0.6363636363636364
Mol_14059	2048	CNP0520680.0	0.4032258064516129
Mol_02397	2048	CNP0321546.0	0.6111111111111112
Mol_09235	2048	CNP0220698.2	0.5952380952380952
Mol_00180	2048	CNP0560192.1	0.3294117647058823
Mol_08326	2048	CNP0299311.0	0.8
Mol_03277	2048	CNP0067180.1	0.4782608695652174
Mol_07290	2048	CNP0181408.1	0.2682926829268293
Mol_07289	2048	CNP0045166.2	0.2745098039215686
Mol_04782	2048	CNP0235585.0	0.3125
Mol_14845	2048	CNP0256329.0	0.5
Mol_08022	2048	CNP0520454.1	0.6862745098039216
Mol_10277	2048	CNP0286963.1	1.0
Mol_01017	2048	CNP0266779.3	0.5466666666666666
Mol_08568	2048	CNP0335566.3	0.8780487804878049
Mol_02390	2048	CNP0255434.1	0.4788732394366197
Mol_01018	2048	CNP0266779.3	0.5333333333333333
Mol_05766	2048	CNP0146304.1	0.4305555555555556
Mol_03848	2048	CNP0287160.1	0.6071428571428571
Mol_12083	2048	CNP0297993.2	0.5869565217391305
Mol_07039	2048	CNP0058450.0	0.3653846153846153
Mol_09570	2048	CNP0213188.3	0.5555555555555556
Mol_16609	2048	CNP0113840.0	0.4210526315789473
Mol_01030	2048	CNP0326250.2	0.5652173913043478
Mol_08734	2048	CNP0155698.2	0.546875
Mol_17044	2048	CNP0141055.1	0.3947368421052631
Mol_05670	2048	CNP0119003.1	0.5833333333333334
Mol_13799	2048	CNP0170968.5	0.4698795180722891
Mol_16730	2048	CNP0104094.2	0.6
Mol_08235	2048	CNP0085723.1	0.4714285714285714
Mol_02718	2048	CNP0263592.0	0.5294117647058824
Mol_02174	2048	CNP0435517.0	0.5428571428571428
Mol_07040	2048	CNP0520454.1	0.365079365079365
Mol_14161	2048	CNP0393226.1	0.5
Mol_08054	2048	CNP0164699.1	0.5
Mol_08467	2048	CNP0262803.0	0.8070175438596491
Mol_15095	2048	CNP0286465.7	0.5918367346938775
Mol_13274	2048	CNP0404748.1	0.5538461538461539
Mol_02321	2048	CNP0319434.0	0.5789473684210527
Mol_02706	2048	CNP0474196.0	0.6071428571428571
Mol_04153	2048	CNP0023118.0	0.5333333333333333
Mol_13016	2048	CNP0263592.0	0.3043478260869565
Mol_03651	2048	CNP0106848.0	0.3111111111111111
Mol_02719	2048	CNP0263592.0	0.5757575757575758
Mol_13387	2048	CNP0192822.1	0.5294117647058824
Mol_13094	2048	CNP0215440.2	0.3333333333333333
Mol_16753	2048	CNP0177093.0	0.6666666666666666
Mol_12247	2048	CNP0206320.3	0.6410256410256411
Mol_10764	2048	CNP0188075.0	0.6097560975609756
Mol_01136	2048	CNP0129663.1	0.7631578947368421
Mol_12333	2048	CNP0129663.1	0.7435897435897436
Mol_01464	2048	CNP0129663.1	0.7837837837837838
Mol_12482	2048	CNP0139450.2	0.7333333333333333
Mol_02227	2048	CNP0139450.2	0.8148148148148148
Mol_02694	2048	CNP0160481.1	0.4459459459459459
Mol_13369	2048	CNP0132867.1	0.8048780487804879
Mol_13386	2048	CNP0242822.5	0.6333333333333333
Mol_12421	2048	CNP0132867.1	0.5319148936170213
Mol_13372	2048	CNP0132867.1	0.7021276595744681
Mol_09054	2048	CNP0163370.2	0.6511627906976745
Mol_10068	2048	CNP0139450.2	0.8148148148148148
Mol_01393	2048	CNP0320825.1	0.7704918032786885
Mol_03894	2048	CNP0348975.3	0.7719298245614035
Mol_04197	2048	CNP0143294.1	0.5434782608695652
Mol_10795	2048	CNP0338564.0	0.5535714285714286
Mol_16176	2048	CNP0132867.1	0.8048780487804879
Mol_07256	2048	CNP0231286.0	0.559322033898305
Mol_16553	2048	CNP0163370.2	0.7209302325581395
Mol_01505	2048	CNP0129663.1	0.7837837837837838
Mol_12481	2048	CNP0139450.2	0.8148148148148148
Mol_03303	2048	CNP0300081.1	0.8571428571428571
Mol_15281	2048	CNP0300081.1	0.8571428571428571
Mol_16151	2048	CNP0348975.3	0.75
Mol_01930	2048	CNP0484144.0	0.5517241379310345
Mol_07263	2048	CNP0231286.0	0.625
Mol_16662	2048	CNP0227981.2	0.6410256410256411
Mol_18346	2048	CNP0163370.2	0.64
Mol_08540	2048	CNP0188254.0	0.7941176470588235
Mol_07120	2048	CNP0149133.0	0.4285714285714285
Mol_07121	2048	CNP0153139.3	0.4827586206896552
Mol_12086	2048	CNP0316345.1	0.725
Mol_08304	2048	CNP0223743.0	0.4788732394366197
Mol_12249	2048	CNP0129663.1	0.7692307692307693
Mol_18347	2048	CNP0163370.2	0.5849056603773585
Mol_04688	2048	CNP0113776.1	0.7058823529411765
Mol_02567	2048	CNP0244243.2	0.75
Mol_01391	2048	CNP0198548.2	0.8771929824561403
Mol_02312	2048	CNP0348975.3	0.6666666666666666
Mol_02324	2048	CNP0236722.1	0.65
Mol_01982	2048	CNP0203539.0	0.6206896551724138
Mol_14294	2048	CNP0165820.4	0.7966101694915254
Mol_10632	2048	CNP0284948.13	0.4130434782608695
Mol_08956	2048	CNP0383646.3	0.78125
Mol_14407	2048	CNP0136685.3	0.475
Mol_00155	2048	CNP0162000.1	0.7230769230769231
Mol_14408	2048	CNP0171856.1	0.4337349397590361
Mol_06045	2048	CNP0178061.4	0.8
Mol_00275	2048	CNP0125556.0	0.5333333333333333
Mol_14896	2048	CNP0165820.4	0.6376811594202898
Mol_18453	2048	CNP0223142.1	0.6571428571428571
Mol_01757	2048	CNP0119631.1	0.6986301369863014
Mol_16208	2048	CNP0320849.1	0.5
Mol_01861	2048	CNP0278242.4	0.6282051282051282
Mol_15211	2048	CNP0306526.1	0.7611940298507462
Mol_07029	2048	CNP0177304.1	0.4347826086956521
Mol_07360	2048	CNP0248160.0	1.0
Mol_07361	2048	CNP0248160.0	1.0
Mol_07362	2048	CNP0248160.0	1.0
Mol_05862	2048	CNP0294224.0	0.8235294117647058
Mol_07364	2048	CNP0248160.0	1.0
Mol_13419	2048	CNP0248160.0	1.0
Mol_15588	2048	CNP0317058.0	0.8695652173913043
Mol_00719	2048	CNP0401183.0	1.0
Mol_07779	2048	CNP0401183.0	1.0
Mol_07372	2048	CNP0401183.0	0.9411764705882352
Mol_05370	2048	CNP0107097.0	0.64
Mol_07430	2048	CNP0553968.0	0.5454545454545454
Mol_07647	2048	CNP0298201.0	0.5172413793103449
Mol_01968	2048	CNP0198066.0	0.3448275862068966
Mol_07359	2048	CNP0107097.0	0.8095238095238095
Mol_15219	2048	CNP0054973.0	0.4782608695652174
Mol_01560	2048	CNP0162052.2	0.4047619047619047
Mol_07536	2048	CNP0018384.0	0.4576271186440678
Mol_05650	2048	CNP0243492.4	0.6164383561643836
Mol_00596	2048	CNP0090924.8	0.6774193548387096
Mol_01027	2048	CNP0326250.2	0.475
Mol_10853	2048	CNP0291265.5	0.625
Mol_00269	2048	CNP0086153.0	0.3939393939393939
Mol_00296	2048	CNP0528512.0	0.5151515151515151
Mol_11107	2048	CNP0247773.1	0.7037037037037037
Mol_01581	2048	CNP0428443.0	0.3095238095238095
Mol_04201	2048	CNP0254757.1	0.6764705882352942
Mol_19367	2048	CNP0131389.2	0.3809523809523809
Mol_00047	2048	CNP0257323.4	0.5882352941176471
Mol_00892	2048	CNP0160234.1	0.6981132075471698
Mol_06034	2048	CNP0161788.2	0.5094339622641509
Mol_01612	2048	CNP0539598.1	0.7352941176470589
Mol_18057	2048	CNP0528512.0	0.5151515151515151
Mol_16910	2048	CNP0308178.1	0.5614035087719298
Mol_04080	2048	CNP0434747.1	0.717391304347826
Mol_00791	2048	CNP0135331.6	0.2692307692307692
Mol_09988	2048	CNP0202618.3	0.8
Mol_11223	2048	CNP0162531.1	0.4426229508196721
Mol_00790	2048	CNP0342617.1	0.3714285714285714
Mol_04343	2048	CNP0373923.1	0.4736842105263157
Mol_04891	2048	CNP0292588.2	0.3333333333333333
Mol_08701	2048	CNP0310615.1	0.2394366197183098
Mol_03715	2048	CNP0084709.0	0.3478260869565217
Mol_04255	2048	CNP0229389.0	0.5454545454545454
Mol_07423	2048	CNP0327301.0	0.4347826086956521
Mol_13872	2048	CNP0002578.0	0.3125
Mol_05159	2048	CNP0254016.10	0.3636363636363636
Mol_07419	2048	CNP0192816.1	0.475
Mol_08176	2048	CNP0149260.2	0.65
Mol_13639	2048	CNP0198339.1	0.8615384615384616
Mol_12530	2048	CNP0141081.1	0.676923076923077
Mol_11212	2048	CNP0317966.1	0.7903225806451613
Mol_00221	2048	CNP0253749.1	0.6666666666666666
Mol_00266	2048	CNP0253749.1	0.6666666666666666
Mol_13502	2048	CNP0249512.7	0.6935483870967742
Mol_11442	2048	CNP0587491.2	0.6172839506172839
Mol_02469	2048	CNP0480746.1	0.835820895522388
Mol_11440	2048	CNP0587491.2	0.9838709677419356
Mol_15292	2048	CNP0502637.1	0.6883116883116883
Mol_00396	2048	CNP0424115.1	0.4078947368421052
Mol_18193	2048	CNP0588582.0	0.7272727272727273
Mol_04238	2048	CNP0311945.0	0.8846153846153846
Mol_05013	2048	CNP0235663.1	0.6170212765957447
Mol_01685	2048	CNP0512373.2	0.4893617021276595
Mol_03045	2048	CNP0134827.2	0.8070175438596491
Mol_02715	2048	CNP0593366.2	0.7647058823529411
Mol_08733	2048	CNP0290548.0	0.5466666666666666
Mol_13637	2048	CNP0290548.0	0.5263157894736842
Mol_12942	2048	CNP0279593.0	1.0
Mol_13953	2048	CNP0590440.0	0.7428571428571429
Mol_04082	2048	CNP0282065.2	0.6296296296296297
Mol_15271	2048	CNP0282065.2	0.6296296296296297
Mol_04965	2048	CNP0426874.1	0.559322033898305
Mol_00046	2048	CNP0380250.2	0.5263157894736842
Mol_11556	2048	CNP0248809.0	0.36
Mol_00865	2048	CNP0128879.3	0.6129032258064516
Mol_15145	2048	CNP0221251.2	0.6491228070175439
Mol_04328	2048	CNP0267263.0	0.5833333333333334
Mol_01970	2048	CNP0436446.1	0.4444444444444444
Mol_05086	2048	CNP0229814.2	0.75
Mol_15262	2048	CNP0366359.1	0.3692307692307692
Mol_01025	2048	CNP0326250.2	0.5641025641025641
Mol_03361	2048	CNP0219984.4	0.5428571428571428
Mol_04701	2048	CNP0216219.1	0.5833333333333334
Mol_00305	2048	CNP0273146.2	0.6666666666666666
Mol_14173	2048	CNP0166592.2	0.6923076923076923
Mol_12902	2048	CNP0133865.2	0.6533333333333333
Mol_00025	2048	CNP0259773.1	0.8636363636363636
Mol_00792	2048	CNP0426628.1	0.4074074074074074
Mol_09388	2048	CNP0372467.2	0.3709677419354839
Mol_03701	2048	CNP0380250.2	0.5740740740740741
Mol_05728	2048	CNP0267263.0	0.4318181818181818
Mol_15138	2048	CNP0249511.1	0.5789473684210527
Mol_04311	2048	CNP0389229.1	0.4375
Mol_04264	2048	CNP0227515.2	0.7413793103448276
Mol_09389	2048	CNP0372467.2	0.3709677419354839
Mol_02543	2048	CNP0186616.3	0.7454545454545455
Mol_09390	2048	CNP0372467.2	0.3709677419354839
Mol_10176	2048	CNP0265672.0	0.40625
Mol_13400	2048	CNP0081787.0	0.5769230769230769
Mol_03035	2048	CNP0150285.0	0.4411764705882353
Mol_00427	2048	CNP0189694.1	0.676923076923077
Mol_13035	2048	CNP0199634.2	0.3714285714285714
Mol_12036	2048	CNP0196473.4	0.6219512195121951
Mol_11900	2048	CNP0149882.1	0.6329113924050633
Mol_00131	2048	CNP0108459.2	0.3809523809523809
Mol_11720	2048	CNP0226405.8	0.8333333333333334
Mol_00429	2048	CNP0228985.1	0.8253968253968254
Mol_13084	2048	CNP0275845.1	0.6323529411764706
Mol_09980	2048	CNP0154626.1	0.3972602739726027
Mol_02492	2048	CNP0212792.3	0.8070175438596491
Mol_03781	2048	CNP0532034.3	0.5344827586206896
Mol_18741	2048	CNP0255675.5	0.6153846153846154
Mol_13533	2048	CNP0151693.3	0.5689655172413793
Mol_03522	2048	CNP0156983.5	0.375
Mol_18742	2048	CNP0207362.1	0.5416666666666666
Mol_15001	2048	CNP0269497.5	0.8076923076923077
Mol_15031	2048	CNP0229873.0	0.2954545454545454
Mol_04705	2048	CNP0117601.1	0.6140350877192983
Mol_13526	2048	CNP0117601.1	0.6140350877192983
Mol_08010	2048	CNP0175992.3	0.7555555555555555
Mol_00738	2048	CNP0450559.1	0.6521739130434783
Mol_03969	2048	CNP0119383.1	0.5833333333333334
Mol_00181	2048	CNP0560192.1	0.4285714285714285
Mol_13221	2048	CNP0076496.1	0.5087719298245614
Mol_02858	2048	CNP0330944.2	0.6851851851851852
Mol_08686	2048	CNP0132201.2	0.8070175438596491
Mol_02171	2048	CNP0156663.0	0.3373493975903614
Mol_08659	2048	CNP0232164.1	0.625
Mol_00662	2048	CNP0155146.3	0.9411764705882352
Mol_11750	2048	CNP0330944.2	0.6851851851851852
Mol_06345	2048	CNP0557525.1	0.7586206896551724
Mol_03953	2048	CNP0148785.3	0.4137931034482758
Mol_07488	2048	CNP0604109.1	0.7333333333333333
Mol_02037	2048	CNP0379475.0	0.53125
Mol_11908	2048	CNP0297556.1	0.675
Mol_08830	2048	CNP0245223.1	0.8625
Mol_16559	2048	CNP0318451.1	0.6195652173913043
Mol_09250	2048	CNP0193462.1	0.2903225806451613
Mol_03703	2048	CNP0134235.6	0.6862745098039216
Mol_00113	2048	CNP0018346.1	0.7272727272727273
Mol_03036	2048	CNP0236566.1	0.5714285714285714
Mol_02042	2048	CNP0432775.0	0.5
Mol_04115	2048	CNP0174831.0	0.6
Mol_12862	2048	CNP0353477.0	0.5609756097560976
Mol_14444	2048	CNP0120566.0	0.4912280701754385
Mol_16326	2048	CNP0305718.0	0.7777777777777778
Mol_16110	2048	CNP0330256.0	0.5172413793103449
Mol_04108	2048	CNP0307273.0	0.38
Mol_13364	2048	CNP0132867.1	0.7755102040816326
Mol_10796	2048	CNP0341163.0	0.5283018867924528
Mol_14611	2048	CNP0104454.2	0.4415584415584415
Mol_09338	2048	CNP0399302.7	0.9411764705882352
Mol_10787	2048	CNP0165514.1	0.7346938775510204
Mol_00322	2048	CNP0306299.2	0.7090909090909091
Mol_13368	2048	CNP0132867.1	0.8837209302325582
Mol_16318	2048	CNP0586295.4	0.6326530612244898
Mol_08259	2048	CNP0586295.4	0.5510204081632653
Mol_08995	2048	CNP0126990.0	0.717948717948718
Mol_13370	2048	CNP0132867.1	0.926829268292683
Mol_16178	2048	CNP0165431.7	0.5483870967741935
Mol_16660	2048	CNP0132867.1	0.926829268292683
Mol_03568	2048	CNP0238229.2	0.8245614035087719
Mol_03237	2048	CNP0183602.0	0.5
Mol_16313	2048	CNP0586295.4	0.6153846153846154
Mol_16314	2048	CNP0586295.4	0.6153846153846154
Mol_00364	2048	CNP0111951.0	0.4444444444444444
Mol_16130	2048	CNP0125556.0	0.627906976744186
Mol_15615	2048	CNP0379475.0	0.4634146341463415
Mol_10269	2048	CNP0299589.0	0.7555555555555555
Mol_13305	2048	CNP0119991.0	0.6060606060606061
Mol_16328	2048	CNP0305718.0	0.8157894736842105
Mol_09444	2048	CNP0586047.1	0.5476190476190477
Mol_08431	2048	CNP0146077.1	0.6666666666666666
Mol_01719	2048	CNP0185958.0	0.723404255319149
Mol_11548	2048	CNP0215230.0	0.5471698113207547
Mol_15490	2048	CNP0317868.1	0.3815789473684211
Mol_15504	2048	CNP0124189.3	0.6833333333333333
Mol_05435	2048	CNP0376277.3	0.7317073170731707
Mol_03782	2048	CNP0266446.1	0.5471698113207547
Mol_09392	2048	CNP0372467.2	0.3709677419354839
Mol_18182	2048	CNP0235663.1	0.6170212765957447
Mol_01382	2048	CNP0590236.2	0.6481481481481481
Mol_07041	2048	CNP0520454.1	0.4262295081967213
Mol_01267	2048	CNP0139132.1	0.6428571428571429
Mol_03868	2048	CNP0260837.8	0.7954545454545454
Mol_02176	2048	CNP0435517.0	0.4042553191489361
Mol_02172	2048	CNP0435517.0	0.4042553191489361
Mol_02155	2048	CNP0261312.1	0.4677419354838709
Mol_03778	2048	CNP0068995.1	0.5714285714285714
Mol_09326	2048	CNP0178982.1	0.8607594936708861
Mol_03050	2048	CNP0266275.5	0.6290322580645161
Mol_05753	2048	CNP0146304.1	0.7377049180327869
Mol_02827	2048	CNP0539598.1	0.7352941176470589
Mol_02198	2048	CNP0202618.3	0.8902439024390244
Mol_10003	2048	CNP0195132.1	0.9404761904761904
Mol_12385	2048	CNP0297311.2	0.5977011494252874
Mol_05754	2048	CNP0337672.1	0.7619047619047619
Mol_09393	2048	CNP0372467.2	0.3709677419354839
Mol_05081	2048	CNP0177398.1	0.4375
Mol_03583	2048	CNP0081240.1	0.7391304347826086
Mol_10821	2048	CNP0051062.0	0.5245901639344263
Mol_06901	2048	CNP0171009.3	0.3023255813953488
Mol_12941	2048	CNP0279593.0	1.0
Mol_14375	2048	CNP0168276.1	0.4565217391304347
Mol_12037	2048	CNP0194558.6	0.6067415730337079
Mol_02939	2048	CNP0271226.4	0.7222222222222222
Mol_02926	2048	CNP0194558.6	0.7530864197530864
Mol_10915	2048	CNP0171538.3	0.48
Mol_16833	2048	CNP0433835.1	0.6341463414634146
Mol_16780	2048	CNP0564004.1	0.419047619047619
Mol_08779	2048	CNP0122371.2	0.7866666666666666
Mol_09209	2048	CNP0323901.1	0.6527777777777778
Mol_16803	2048	CNP0564004.1	0.3796296296296296
Mol_02955	2048	CNP0165041.5	0.6144578313253012
Mol_11948	2048	CNP0165041.5	0.6144578313253012
Mol_12946	2048	CNP0237677.7	0.7846153846153846
Mol_05732	2048	CNP0316899.2	0.8441558441558441
Mol_02927	2048	CNP0165041.5	0.7866666666666666
Mol_08782	2048	CNP0165041.5	0.7866666666666666
Mol_08781	2048	CNP0077927.1	0.7671232876712328
Mol_02932	2048	CNP0140637.5	0.5747126436781609
Mol_02658	2048	CNP0239574.1	0.4487179487179487
Mol_09761	2048	CNP0244972.2	0.4482758620689655
Mol_00068	2048	CNP0182237.4	0.8518518518518519
Mol_12402	2048	CNP0315581.0	0.6111111111111112
Mol_02375	2048	CNP0087134.6	0.3466666666666667
Mol_13848	2048	CNP0139132.1	0.6428571428571429
Mol_16184	2048	CNP0054041.2	0.6964285714285714
Mol_01006	2048	CNP0111287.0	0.5384615384615384
Mol_07086	2048	CNP0291523.0	0.4047619047619047
Mol_02716	2048	CNP0593366.2	0.6216216216216216
Mol_16223	2048	CNP0197271.0	0.7073170731707317
Mol_02554	2048	CNP0432838.0	0.425531914893617
Mol_12209	2048	CNP0312701.0	0.7105263157894737
Mol_11765	2048	CNP0347793.0	0.6363636363636364
Mol_10178	2048	CNP0224311.0	0.6
Mol_01001	2048	CNP0512954.1	0.4166666666666667
Mol_13694	2048	CNP0230789.0	0.4722222222222222
Mol_09046	2048	CNP0188075.0	0.5
Mol_10720	2048	CNP0225250.1	1.0
Mol_14230	2048	CNP0417112.3	0.6805555555555556
Mol_16299	2048	CNP0416125.1	0.6266666666666667
Mol_08330	2048	CNP0175270.1	0.6338028169014085
Mol_16038	2048	CNP0270683.2	0.8043478260869565
Mol_01653	2048	CNP0354574.0	0.3571428571428571
Mol_07173	2048	CNP0292178.3	0.5753424657534246
Mol_01296	2048	CNP0267376.1	0.704225352112676
Mol_03523	2048	CNP0156983.5	0.8354430379746836
Mol_10763	2048	CNP0572981.0	0.6666666666666666
Mol_00173	2048	CNP0146077.1	0.5918367346938775
Mol_16789	2048	CNP0205151.2	0.5531914893617021
Mol_16790	2048	CNP0236355.1	0.5
Mol_14066	2048	CNP0518720.1	0.6419753086419753
Mol_11860	2048	CNP0035832.0	0.4210526315789473
Mol_09012	2048	CNP0317386.2	0.7
Mol_13796	2048	CNP0137490.0	0.5757575757575758
Mol_08337	2048	CNP0236505.1	0.6491228070175439
Mol_08185	2048	CNP0177110.1	0.5205479452054794
Mol_03529	2048	CNP0273146.2	0.6666666666666666
Mol_01946	2048	CNP0225209.1	0.4909090909090909
Mol_09657	2048	CNP0457588.2	0.2926829268292683
Mol_06950	2048	CNP0003113.0	0.5666666666666667
Mol_12399	2048	CNP0261773.0	0.4
Mol_09013	2048	CNP0306299.2	0.6875
Mol_12292	2048	CNP0221322.1	0.4833333333333333
Mol_10038	2048	CNP0300574.1	0.2718446601941747
Mol_02933	2048	CNP0303067.1	0.5060240963855421
Mol_01085	2048	CNP0303415.2	0.4155844155844156
Mol_02929	2048	CNP0194558.6	0.5842696629213483
Mol_08802	2048	CNP0258917.3	0.8181818181818182
Mol_08839	2048	CNP0420306.5	0.6349206349206349
Mol_13053	2048	CNP0181320.1	0.5813953488372093
Mol_02935	2048	CNP0303067.1	0.4482758620689655
Mol_00829	2048	CNP0085006.0	0.4482758620689655
Mol_00184	2048	CNP0560192.1	0.5846153846153846
Mol_10911	2048	CNP0129699.2	0.4794520547945205
Mol_04609	2048	CNP0250298.1	0.7321428571428571
Mol_14409	2048	CNP0288078.1	0.4285714285714285
Mol_08758	2048	CNP0421515.6	0.5357142857142857
Mol_15143	2048	CNP0221251.2	0.82
Mol_07285	2048	CNP0164502.5	0.4545454545454545
Mol_15485	2048	CNP0197662.2	0.5081967213114754
Mol_15488	2048	CNP0172396.1	0.45
Mol_16485	2048	CNP0226405.8	0.8333333333333334
Mol_12662	2048	CNP0226405.8	0.8333333333333334
Mol_16487	2048	CNP0208279.1	0.8333333333333334
Mol_11123	2048	CNP0117877.2	0.4431818181818182
Mol_02665	2048	CNP0328141.1	0.6444444444444445
Mol_12665	2048	CNP0226405.8	0.8333333333333334
Mol_12508	2048	CNP0184099.1	0.8846153846153846
Mol_16483	2048	CNP0226405.8	0.8974358974358975
Mol_02162	2048	CNP0272480.4	0.8
Mol_08646	2048	CNP0586944.2	0.7090909090909091
Mol_05755	2048	CNP0146304.1	0.7833333333333333
Mol_08645	2048	CNP0223410.4	0.7291666666666666
Mol_03262	2048	CNP0223410.4	0.7291666666666666
Mol_04401	2048	CNP0397959.1	0.5
Mol_02859	2048	CNP0330944.2	0.76
Mol_09394	2048	CNP0372467.2	0.3709677419354839
Mol_18149	2048	CNP0345999.1	0.4375
Mol_10463	2048	CNP0195132.1	0.9404761904761904
Mol_00560	2048	CNP0321537.1	0.7575757575757576
Mol_00437	2048	CNP0139662.1	0.7181818181818181
Mol_10571	2048	CNP0333568.2	0.7317073170731707
Mol_14031	2048	CNP0156159.1	0.6972477064220184
Mol_14271	2048	CNP0253631.1	0.6702127659574468
Mol_01141	2048	CNP0272311.2	0.3764705882352941
Mol_03379	2048	CNP0266275.5	0.4
Mol_01140	2048	CNP0272311.2	0.3764705882352941
Mol_00449	2048	CNP0176099.10	0.5737704918032787
Mol_14437	2048	CNP0120566.0	0.58
Mol_02131	2048	CNP0255810.1	0.7317073170731707
Mol_10735	2048	CNP0247435.2	0.8181818181818182
Mol_15129	2048	CNP0269497.5	0.8076923076923077
Mol_09253	2048	CNP0233842.3	0.5416666666666666
Mol_14443	2048	CNP0120566.0	0.58
Mol_08323	2048	CNP0249431.1	0.6271186440677966
Mol_18036	2048	CNP0102860.1	0.7083333333333334
Mol_00194	2048	CNP0560192.1	0.5507246376811594
Mol_00206	2048	CNP0295568.2	0.3333333333333333
Mol_04718	2048	CNP0151693.3	0.6296296296296297
Mol_04407	2048	CNP0049588.4	0.5606060606060606
Mol_13380	2048	CNP0132867.1	0.6458333333333334
Mol_04058	2048	CNP0290737.1	0.4246575342465753
Mol_07160	2048	CNP0199783.1	0.3783783783783784
Mol_13431	2048	CNP0426404.1	0.660377358490566
Mol_12674	2048	CNP0388343.0	0.4081632653061224
Mol_12257	2048	CNP0204918.0	0.7592592592592593
Mol_02673	2048	CNP0320329.3	0.5652173913043478
Mol_03550	2048	CNP0600526.1	0.3076923076923077
Mol_03722	2048	CNP0132352.2	0.5555555555555556
Mol_10160	2048	CNP0526868.1	0.4
Mol_16584	2048	CNP0054973.0	0.3043478260869565
Mol_14547	2048	CNP0195071.2	0.6
Mol_01971	2048	CNP0257122.2	0.4666666666666667
Mol_00279	2048	CNP0266576.0	0.7407407407407407
Mol_03706	2048	CNP0134235.6	0.8297872340425532
Mol_08104	2048	CNP0396680.3	0.6363636363636364
Mol_01295	2048	CNP0267376.1	0.6944444444444444
Mol_02941	2048	CNP0248314.1	0.4951456310679611
Mol_02666	2048	CNP0347895.5	0.6421052631578947
Mol_08804	2048	CNP0171815.0	0.575
Mol_08805	2048	CNP0171815.0	0.618421052631579
Mol_16524	2048	CNP0248642.1	0.7164179104477612
Mol_03967	2048	CNP0119383.1	0.8113207547169812
Mol_07913	2048	CNP0071090.1	0.3333333333333333
Mol_13767	2048	CNP0189851.2	0.6904761904761905
Mol_08479	2048	CNP0424949.2	0.543859649122807
Mol_13429	2048	CNP0426404.1	0.7
Mol_01249	2048	CNP0260597.3	0.979591836734694
Mol_03563	2048	CNP0130094.2	0.94
Mol_10684	2048	CNP0260597.3	0.979591836734694
Mol_02183	2048	CNP0082490.0	0.42
Mol_02379	2048	CNP0272311.2	0.3764705882352941
Mol_19156	2048	CNP0355445.1	0.4285714285714285
Mol_11946	2048	CNP0214766.1	0.75
Mol_13412	2048	CNP0172754.9	0.3283582089552239
Mol_16394	2048	CNP0086731.4	0.4313725490196078
Mol_05826	2048	CNP0257330.0	0.5882352941176471
Mol_10418	2048	CNP0260951.5	0.4691358024691358
Mol_10419	2048	CNP0137384.7	0.5454545454545454
Mol_10913	2048	CNP0252962.1	0.5882352941176471
Mol_10736	2048	CNP0230325.4	0.6911764705882353
Mol_07914	2048	CNP0071090.1	0.3333333333333333
Mol_09916	2048	CNP0132201.2	0.6
Mol_06953	2048	CNP0114455.0	0.7
Mol_05061	2048	CNP0222415.1	0.6363636363636364
Mol_04838	2048	CNP0314863.0	0.8888888888888888
Mol_16919	2048	CNP0098362.0	0.7297297297297297
Mol_05099	2048	CNP0335169.3	0.717391304347826
Mol_05080	2048	CNP0574719.1	0.45
Mol_14494	2048	CNP0118398.0	0.5555555555555556
Mol_07132	2048	CNP0144296.0	0.5079365079365079
Mol_05838	2048	CNP0269509.2	0.5454545454545454
Mol_05062	2048	CNP0171773.1	0.5
Mol_05063	2048	CNP0387714.2	0.6739130434782609
Mol_07416	2048	CNP0222415.1	0.6363636363636364
Mol_04684	2048	CNP0256422.0	0.5909090909090909
Mol_09005	2048	CNP0273219.4	0.8823529411764706
Mol_11149	2048	CNP0010878.1	0.5614035087719298
Mol_14153	2048	CNP0393226.1	0.5
Mol_02222	2048	CNP0143206.2	0.675
Mol_11449	2048	CNP0066404.1	0.4827586206896552
Mol_05157	2048	CNP0273146.2	0.5625
Mol_14450	2048	CNP0223568.5	0.5384615384615384
Mol_11624	2048	CNP0142306.1	0.803030303030303
Mol_12731	2048	CNP0183784.0	0.6716417910447762
Mol_14533	2048	CNP0210644.1	0.8305084745762712
Mol_00660	2048	CNP0182237.4	0.8518518518518519
Mol_01293	2048	CNP0345288.2	0.5909090909090909
Mol_10029	2048	CNP0211064.11	0.5441176470588235
Mol_04141	2048	CNP0282427.3	0.711864406779661
Mol_09831	2048	CNP0273219.4	0.8823529411764706
Mol_01351	2048	CNP0422369.4	0.8181818181818182
Mol_03783	2048	CNP0266446.1	0.5471698113207547
Mol_10610	2048	CNP0279593.0	1.0
Mol_07404	2048	CNP0539598.1	0.7352941176470589
Mol_02845	2048	CNP0343020.1	0.3255813953488372
Mol_16021	2048	CNP0273721.1	0.6976744186046512
Mol_09369	2048	CNP0216851.1	0.5833333333333334
Mol_18963	2048	CNP0497952.1	0.5357142857142857
Mol_03779	2048	CNP0068995.1	0.5714285714285714
Mol_00179	2048	CNP0560192.1	0.4202898550724637
Mol_00183	2048	CNP0117601.1	0.8478260869565217
Mol_15027	2048	CNP0365983.2	0.2567567567567567
Mol_08481	2048	CNP0137343.1	0.5740740740740741
Mol_18746	2048	CNP0255675.5	0.6153846153846154
Mol_09084	2048	CNP0204166.0	0.5185185185185185
Mol_12168	2048	CNP0125617.1	0.5245901639344263
Mol_09088	2048	CNP0228718.1	0.4571428571428571
Mol_11823	2048	CNP0589929.1	0.5774647887323944
Mol_12619	2048	CNP0239818.2	0.5070422535211268
Mol_09133	2048	CNP0319002.2	0.2954545454545454
Mol_09793	2048	CNP0475636.1	0.5
Mol_04075	2048	CNP0187103.4	0.6027397260273972
Mol_09195	2048	CNP0170756.1	0.92
Mol_15029	2048	CNP0365083.1	0.2567567567567567
Mol_09139	2048	CNP0139313.4	0.3170731707317073
Mol_12190	2048	CNP0144459.4	0.5081967213114754
Mol_14157	2048	CNP0298057.0	0.4871794871794871
Mol_02907	2048	CNP0324690.1	0.5925925925925926
Mol_04076	2048	CNP0511339.2	0.53125
Mol_03215	2048	CNP0152227.1	0.8409090909090909
Mol_06843	2048	CNP0272480.4	0.8
Mol_13696	2048	CNP0172909.2	0.5084745762711864
Mol_02516	2048	CNP0224145.2	0.5625
Mol_15002	2048	CNP0159717.1	0.5
Mol_13807	2048	CNP0368859.1	0.375
Mol_10279	2048	CNP0124719.0	0.4262295081967213
Mol_09398	2048	CNP0372467.2	0.3709677419354839
Mol_15398	2048	CNP0136383.2	0.7
Mol_02693	2048	CNP0405557.2	0.4358974358974359
Mol_08231	2048	CNP0244747.1	0.5428571428571428
Mol_02986	2048	CNP0598262.0	0.3333333333333333
Mol_00763	2048	CNP0164931.0	0.3793103448275862
Mol_03760	2048	CNP0273721.1	0.5384615384615384
Mol_09399	2048	CNP0372467.2	0.3709677419354839
Mol_05752	2048	CNP0146304.1	0.5555555555555556
Mol_11229	2048	CNP0171743.2	0.75
Mol_05700	2048	CNP0116158.1	0.7285714285714285
Mol_10585	2048	CNP0422019.2	0.4210526315789473
Mol_12627	2048	CNP0239090.2	0.6413043478260869
Mol_02211	2048	CNP0330597.0	0.6153846153846154
Mol_12476	2048	CNP0317386.2	0.7
Mol_10483	2048	CNP0144678.1	0.4222222222222222
Mol_08432	2048	CNP0425125.1	0.6031746031746031
Mol_15600	2048	CNP0066372.2	0.7407407407407407
Mol_13861	2048	CNP0287415.2	0.6388888888888888
Mol_14425	2048	CNP0512988.0	0.5833333333333334
Mol_13862	2048	CNP0287415.2	0.6388888888888888
Mol_08665	2048	CNP0366885.2	0.5909090909090909
Mol_15476	2048	CNP0232323.0	0.4193548387096774
Mol_10249	2048	CNP0365503.0	0.7659574468085106
Mol_10476	2048	CNP0289209.0	0.6153846153846154
Mol_16236	2048	CNP0287415.2	0.6388888888888888
Mol_01259	2048	CNP0583144.0	0.3269230769230769
Mol_08681	2048	CNP0235499.0	0.5
Mol_08580	2048	CNP0187409.2	0.5454545454545454
Mol_06955	2048	CNP0137208.1	0.4038461538461538
Mol_02047	2048	CNP0146573.2	0.6976744186046512
Mol_04199	2048	CNP0210494.0	0.6153846153846154
Mol_14179	2048	CNP0403199.0	0.625
Mol_02229	2048	CNP0288010.4	0.7307692307692307
Mol_00277	2048	CNP0419194.0	0.6451612903225806
Mol_08757	2048	CNP0262671.1	0.5
Mol_14227	2048	CNP0180077.1	0.6
Mol_03968	2048	CNP0167470.1	0.6521739130434783
Mol_13764	2048	CNP0280889.1	0.8095238095238095
Mol_02721	2048	CNP0593366.2	0.375
Mol_02659	2048	CNP0103070.2	0.5869565217391305
Mol_02656	2048	CNP0103070.2	0.7349397590361446
Mol_16549	2048	CNP0103070.2	0.7349397590361446
Mol_14578	2048	CNP0255607.1	0.7659574468085106
Mol_11203	2048	CNP0329518.1	0.726027397260274
Mol_11877	2048	CNP0106199.3	0.7941176470588235
Mol_03524	2048	CNP0156983.5	0.8023255813953488
Mol_10470	2048	CNP0195132.1	0.9404761904761904
Mol_10988	2048	CNP0202618.3	0.6947368421052632
Mol_12040	2048	CNP0194558.6	0.5842696629213483
Mol_15008	2048	CNP0156944.1	0.6727272727272727
Mol_08129	2048	CNP0124719.0	0.4827586206896552
Mol_09985	2048	CNP0223078.1	0.5909090909090909
Mol_09979	2048	CNP0194416.1	0.492063492063492
Mol_10473	2048	CNP0195132.1	0.9404761904761904
Mol_16480	2048	CNP0263949.1	1.0
Mol_09997	2048	CNP0245926.4	0.6931818181818182
Mol_01095	2048	CNP0273671.3	0.4
Mol_04815	2048	CNP0263949.1	1.0
Mol_01096	2048	CNP0291776.13	0.4626865671641791
Mol_11249	2048	CNP0272480.4	0.8
Mol_15011	2048	CNP0220756.0	0.7916666666666666
Mol_16884	2048	CNP0185717.7	0.7301587301587301
Mol_04722	2048	CNP0157166.2	0.7288135593220338
Mol_05236	2048	CNP0246466.0	1.0
Mol_19279	2048	CNP0240479.1	0.45
Mol_13017	2048	CNP0000257.0	0.3777777777777777
Mol_04389	2048	CNP0210494.0	0.7027027027027027
Mol_14159	2048	CNP0010906.1	0.5434782608695652
Mol_10064	2048	CNP0215440.2	0.5384615384615384
Mol_15240	2048	CNP0365129.2	0.4893617021276595
Mol_02284	2048	CNP0220121.7	0.5952380952380952
Mol_02290	2048	CNP0220121.7	0.6875
Mol_10783	2048	CNP0587491.2	0.68
Mol_02282	2048	CNP0220121.7	0.875
Mol_02283	2048	CNP0220121.7	0.875
Mol_09206	2048	CNP0165514.1	0.5166666666666667
Mol_04072	2048	CNP0426460.1	0.3823529411764705
Mol_12251	2048	CNP0217438.2	0.6271186440677966
Mol_14530	2048	CNP0469897.1	0.6547619047619048
Mol_11441	2048	CNP0587491.2	0.6144578313253012
Mol_02371	2048	CNP0240544.1	0.3733333333333333
Mol_10810	2048	CNP0587491.2	0.68
Mol_00597	2048	CNP0236268.2	0.6746987951807228
Mol_08997	2048	CNP0284375.0	0.8285714285714286
Mol_12174	2048	CNP0188247.1	0.6721311475409836
Mol_18556	2048	CNP0213054.1	0.7678571428571429
Mol_16629	2048	CNP0177084.1	0.6896551724137931
Mol_08209	2048	CNP0425125.1	0.4411764705882353
Mol_00309	2048	CNP0074279.0	0.65625
Mol_14846	2048	CNP0354848.0	0.4366197183098591
Mol_08765	2048	CNP0367617.3	0.7142857142857143
Mol_06851	2048	CNP0204918.0	0.65
Mol_10548	2048	CNP0268303.0	0.7567567567567568
Mol_01759	2048	CNP0067225.2	0.3703703703703703
Mol_07424	2048	CNP0556185.0	0.4444444444444444
Mol_11033	2048	CNP0160168.1	0.6538461538461539
Mol_03670	2048	CNP0328298.2	0.2580645161290322
Mol_15428	2048	CNP0329789.1	0.6285714285714286
Mol_02207	2048	CNP0169722.1	0.5753424657534246
Mol_14942	2048	CNP0280793.3	0.8333333333333334
Mol_11293	2048	CNP0108147.1	0.3877551020408163
Mol_10049	2048	CNP0150001.0	0.5142857142857142
Mol_14020	2048	CNP0165431.7	0.5294117647058824
Mol_13185	2048	CNP0282355.1	0.5283018867924528
Mol_03972	2048	CNP0118045.2	0.5211267605633803
Mol_12407	2048	CNP0185958.0	0.4461538461538462
Mol_02905	2048	CNP0239204.0	0.7321428571428571
Mol_10382	2048	CNP0111675.2	0.6533333333333333
Mol_00185	2048	CNP0117601.1	0.7872340425531915
Mol_10622	2048	CNP0279593.0	1.0
Mol_04715	2048	CNP0216219.1	0.4516129032258064
Mol_00196	2048	CNP0117601.1	0.8478260869565217
Mol_04285	2048	CNP0227515.2	0.5147058823529411
Mol_18407	2048	CNP0107812.2	0.6515151515151515
Mol_05286	2048	CNP0256848.4	0.7966101694915254
Mol_00043	2048	CNP0130643.0	0.3777777777777777
Mol_15430	2048	CNP0424221.2	0.75
Mol_02669	2048	CNP0103070.2	0.7380952380952381
Mol_08298	2048	CNP0177110.1	0.5205479452054794
Mol_11895	2048	CNP0224538.5	0.5588235294117647
Mol_07991	2048	CNP0269290.1	0.6
Mol_17063	2048	CNP0305718.0	0.4901960784313725
Mol_11226	2048	CNP0366968.2	0.8090909090909091
Mol_12470	2048	CNP0312267.1	0.7714285714285715
Mol_13995	2048	CNP0254414.1	0.7543859649122807
Mol_10861	2048	CNP0306299.2	0.8181818181818182
Mol_15047	2048	CNP0146279.2	0.7647058823529411
Mol_00949	2048	CNP0475881.0	0.5263157894736842
Mol_14324	2048	CNP0313468.1	0.5555555555555556
Mol_06242	2048	CNP0289499.1	0.4285714285714285
Mol_12802	2048	CNP0279593.0	1.0
Mol_07405	2048	CNP0246466.0	0.5806451612903226
Mol_10484	2048	CNP0180297.3	0.44
Mol_03466	2048	CNP0154763.1	0.4193548387096774
Mol_12940	2048	CNP0279593.0	1.0
Mol_12801	2048	CNP0279593.0	1.0
Mol_08380	2048	CNP0164607.0	0.4142857142857143
Mol_11322	2048	CNP0155917.2	0.5303030303030303
Mol_17025	2048	CNP0377942.0	0.7666666666666667
Mol_08480	2048	CNP0264180.1	0.6
Mol_11550	2048	CNP0296978.0	0.5862068965517241
Mol_03612	2048	CNP0183667.0	0.5454545454545454
Mol_19533	2048	CNP0492962.1	0.7757009345794392
Mol_09272	2048	CNP0165514.1	0.5166666666666667
Mol_14369	2048	CNP0342052.0	0.7586206896551724
Mol_19280	2048	CNP0326952.2	0.3863636363636363
Mol_11475	2048	CNP0129172.1	0.4098360655737705
Mol_10798	2048	CNP0587491.2	0.6538461538461539
Mol_02293	2048	CNP0266886.2	0.5769230769230769
Mol_02274	2048	CNP0220121.7	0.6666666666666666
Mol_06845	2048	CNP0222508.3	0.8653846153846154
Mol_01343	2048	CNP0547264.2	0.6231884057971014
Mol_02400	2048	CNP0147334.11	0.7894736842105263
Mol_10031	2048	CNP0134956.1	0.547945205479452
Mol_06847	2048	CNP0282427.3	0.711864406779661
Mol_01673	2048	CNP0257207.2	0.5172413793103449
Mol_03008	2048	CNP0588816.1	0.5409836065573771
Mol_08327	2048	CNP0249431.1	0.7142857142857143
Mol_13176	2048	CNP0216257.3	0.6274509803921569
Mol_03178	2048	CNP0266576.0	0.6
Mol_13198	2048	CNP0216257.3	0.8222222222222222
Mol_04730	2048	CNP0307877.2	0.5576923076923077
Mol_11474	2048	CNP0136001.0	0.4375
Mol_00833	2048	CNP0168424.3	0.8545454545454545
Mol_11828	2048	CNP0209110.3	0.5942028985507246
Mol_08509	2048	CNP0426460.1	0.7090909090909091
Mol_02370	2048	CNP0087134.6	0.4202898550724637
Mol_02372	2048	CNP0240544.1	0.35
Mol_02166	2048	CNP0435517.0	0.3725490196078431
Mol_03487	2048	CNP0436390.0	0.4285714285714285
Mol_16986	2048	CNP0034766.2	0.4634146341463415
Mol_09410	2048	CNP0216082.1	0.375
Mol_02373	2048	CNP0240544.1	0.3333333333333333
Mol_06836	2048	CNP0276187.0	0.5581395348837209
Mol_11479	2048	CNP0129172.1	0.3870967741935484
Mol_14214	2048	CNP0301886.3	0.7333333333333333
Mol_16636	2048	CNP0101250.1	0.4516129032258064
Mol_08317	2048	CNP0129587.1	0.8461538461538461
Mol_16783	2048	CNP0205151.2	0.6904761904761905
Mol_08225	2048	CNP0287224.1	0.5753424657534246
Mol_02692	2048	CNP0189740.1	0.45
Mol_08211	2048	CNP0299311.0	0.5849056603773585
Mol_01734	2048	CNP0515758.0	0.4375
Mol_06920	2048	CNP0215355.0	0.4871794871794871
Mol_15243	2048	CNP0163395.2	0.6
Mol_16348	2048	CNP0242308.2	0.6590909090909091
Mol_04586	2048	CNP0244624.1	0.5555555555555556
Mol_09414	2048	CNP0216082.1	0.375
Mol_09415	2048	CNP0216082.1	0.375
Mol_16962	2048	CNP0255292.1	0.6981132075471698
Mol_02801	2048	CNP0253296.5	0.639344262295082
Mol_16965	2048	CNP0255292.1	0.6981132075471698
Mol_16964	2048	CNP0255292.1	0.6727272727272727
Mol_04710	2048	CNP0343293.3	0.5238095238095238
Mol_06201	2048	CNP0132867.1	0.7391304347826086
Mol_08729	2048	CNP0114171.1	0.6122448979591837
Mol_12200	2048	CNP0579879.2	0.5737704918032787
Mol_00323	2048	CNP0306299.2	0.8181818181818182
Mol_02052	2048	CNP0306299.2	0.8181818181818182
Mol_09212	2048	CNP0132867.1	0.7391304347826086
Mol_09227	2048	CNP0045465.2	0.8085106382978723
Mol_14873	2048	CNP0165514.1	0.5686274509803921
Mol_13308	2048	CNP0123807.3	0.6142857142857143
Mol_03569	2048	CNP0238229.2	0.8245614035087719
Mol_09040	2048	CNP0251590.2	0.7213114754098361
Mol_04363	2048	CNP0397959.1	0.5555555555555556
Mol_08789	2048	CNP0420306.5	0.6666666666666666
Mol_03444	2048	CNP0289722.1	0.7924528301886793
Mol_18405	2048	CNP0394913.1	0.5454545454545454
Mol_02231	2048	CNP0218903.1	0.6031746031746031
Mol_04268	2048	CNP0453359.1	0.4166666666666667
Mol_13399	2048	CNP0584089.0	0.5
Mol_13518	2048	CNP0560192.1	0.5846153846153846
Mol_02660	2048	CNP0103070.2	0.6352941176470588
Mol_10661	2048	CNP0318081.1	0.66
Mol_15720	2048	CNP0303034.1	0.6136363636363636
Mol_02604	2048	CNP0343549.1	0.4864864864864865
Mol_02810	2048	CNP0593661.1	0.5967741935483871
Mol_16567	2048	CNP0136797.2	0.6825396825396826
Mol_14064	2048	CNP0274611.2	0.8985507246376812
Mol_02392	2048	CNP0293456.1	0.5945945945945946
Mol_09729	2048	CNP0330220.1	0.375
Mol_13335	2048	CNP0149959.1	0.7096774193548387
Mol_15073	2048	CNP0121041.1	0.5076923076923077
Mol_12984	2048	CNP0115283.5	0.8392857142857143
Mol_10046	2048	CNP0211064.11	0.5441176470588235
Mol_10052	2048	CNP0211064.11	0.5441176470588235
Mol_01294	2048	CNP0266326.1	0.6
Mol_10852	2048	CNP0291265.5	0.7301587301587301
Mol_14455	2048	CNP0139941.2	0.6666666666666666
Mol_09994	2048	CNP0255439.2	0.5384615384615384
Mol_11715	2048	CNP0270117.8	0.5555555555555556
Mol_14326	2048	CNP0313468.1	0.5857142857142857
Mol_00691	2048	CNP0221873.2	0.7352941176470589
Mol_02586	2048	CNP0172985.1	0.4333333333333333
Mol_11894	2048	CNP0173500.4	0.5797101449275363
Mol_03963	2048	CNP0428798.1	0.4507042253521127
Mol_05772	2048	CNP0146304.1	0.4459459459459459
Mol_01198	2048	CNP0420306.5	0.7857142857142857
Mol_11231	2048	CNP0275845.1	0.7833333333333333
Mol_05287	2048	CNP0256848.4	0.7966101694915254
Mol_16249	2048	CNP0224538.5	0.7966101694915254
Mol_02369	2048	CNP0087134.6	0.4328358208955223
Mol_02649	2048	CNP0328141.1	0.9090909090909092
Mol_02662	2048	CNP0328141.1	0.6904761904761905
Mol_02646	2048	CNP0204874.2	0.8732394366197183
Mol_16755	2048	CNP0082508.1	0.6197183098591549
Mol_15168	2048	CNP0220707.1	0.6052631578947368
Mol_16762	2048	CNP0191083.1	0.7301587301587301
Mol_16529	2048	CNP0248642.1	0.7164179104477612
Mol_11822	2048	CNP0209110.3	0.5714285714285714
Mol_10914	2048	CNP0171538.3	0.388235294117647
Mol_07740	2048	CNP0389262.1	0.7288135593220338
Mol_16523	2048	CNP0248642.1	0.7868852459016393
Mol_16438	2048	CNP0129199.0	0.6056338028169014
Mol_07573	2048	CNP0110529.1	0.4
Mol_11919	2048	CNP0436601.1	0.31
Mol_10045	2048	CNP0436601.1	0.31
Mol_10334	2048	CNP0356819.0	0.4931506849315068
Mol_10335	2048	CNP0485851.1	0.4729729729729729
Mol_13344	2048	CNP0279409.3	0.5584415584415584
Mol_09727	2048	CNP0350228.1	0.4929577464788732
Mol_11827	2048	CNP0210228.2	0.7424242424242424
Mol_11665	2048	CNP0244993.2	0.4
Mol_11829	2048	CNP0210228.2	0.6376811594202898
Mol_10333	2048	CNP0356819.0	0.5588235294117647
Mol_11831	2048	CNP0242745.1	0.7313432835820896
Mol_16528	2048	CNP0248642.1	0.7868852459016393
Mol_14581	2048	CNP0255607.1	0.782608695652174
Mol_16089	2048	CNP0510304.0	0.2777777777777778
Mol_10044	2048	CNP0436601.1	0.3106796116504854
Mol_00951	2048	CNP0124719.0	0.4901960784313725
Mol_08737	2048	CNP0222508.3	0.8653846153846154
Mol_14599	2048	CNP0291100.1	0.5660377358490566
Mol_14940	2048	CNP0087183.4	0.875
Mol_02792	2048	CNP0263925.1	0.4909090909090909
Mol_13828	2048	CNP0412836.6	0.6
Mol_15424	2048	CNP0384237.2	0.5
Mol_16527	2048	CNP0347895.5	0.6382978723404256
Mol_10591	2048	CNP0277969.1	0.7692307692307693
Mol_06328	2048	CNP0177389.1	0.6727272727272727
Mol_13998	2048	CNP0254414.1	0.7543859649122807
Mol_13994	2048	CNP0034715.1	0.7297297297297297
Mol_13999	2048	CNP0034715.1	0.7297297297297297
Mol_14036	2048	CNP0156159.1	0.7090909090909091
Mol_12461	2048	CNP0121296.0	0.6636363636363637
Mol_11228	2048	CNP0366968.2	0.7927927927927928
Mol_13996	2048	CNP0254414.1	0.7565217391304347
Mol_13997	2048	CNP0254414.1	0.7565217391304347
Mol_13992	2048	CNP0380649.1	0.7256637168141593
Mol_13993	2048	CNP0380649.1	0.7256637168141593
Mol_19492	2048	CNP0366968.2	0.9292929292929292
Mol_11227	2048	CNP0366968.2	0.8240740740740741
Mol_13989	2048	CNP0034715.1	0.7339449541284404
Mol_15947	2048	CNP0201031.5	0.8181818181818182
Mol_03405	2048	CNP0590440.0	0.7428571428571429
Mol_03403	2048	CNP0590440.0	0.8823529411764706
Mol_14211	2048	CNP0106199.3	0.7941176470588235
Mol_14253	2048	CNP0071012.1	0.5833333333333334
Mol_08193	2048	CNP0354808.0	0.4754098360655737
Mol_02053	2048	CNP0317386.2	0.7551020408163265
Mol_15087	2048	CNP0422369.4	0.5087719298245614
Mol_14433	2048	CNP0118093.0	0.5517241379310345
Mol_09872	2048	CNP0129587.1	0.7321428571428571
Mol_03548	2048	CNP0319400.1	0.2461538461538461
Mol_02655	2048	CNP0103070.2	0.8026315789473685
Mol_03404	2048	CNP0429950.0	0.3283582089552239
Mol_11717	2048	CNP0076476.1	0.6461538461538462
Mol_10645	2048	CNP0273671.3	0.4125
Mol_10268	2048	CNP0299589.0	0.723404255319149
Mol_03905	2048	CNP0419194.0	0.6944444444444444
Mol_04395	2048	CNP0227515.2	0.8275862068965517
Mol_14071	2048	CNP0472398.0	0.4181818181818181
Mol_14520	2048	CNP0270683.2	0.6415094339622641
Mol_11551	2048	CNP0296533.4	0.5
Mol_05765	2048	CNP0337672.1	0.4545454545454545
Mol_06040	2048	CNP0132272.1	0.5098039215686274
Mol_02418	2048	CNP0130052.1	0.7916666666666666
Mol_15505	2048	CNP0131522.1	0.5942028985507246
Mol_07568	2048	CNP0317259.1	0.4428571428571428
Mol_15874	2048	CNP0242564.1	0.3392857142857143
Mol_04429	2048	CNP0397959.1	0.7166666666666667
Mol_04098	2048	CNP0117599.1	0.6190476190476191
Mol_08583	2048	CNP0164808.0	0.7358490566037735
Mol_05399	2048	CNP0119609.0	0.391304347826087
Mol_18590	2048	CNP0273231.2	0.696
Mol_09734	2048	CNP0093765.4	0.7412587412587412
Mol_15268	2048	CNP0251444.0	0.425531914893617
Mol_11325	2048	CNP0188254.0	0.8333333333333334
Mol_04122	2048	CNP0432633.1	0.4065934065934066
Mol_11438	2048	CNP0149315.6	0.6216216216216216
Mol_04837	2048	CNP0311945.0	0.7777777777777778
Mol_15952	2048	CNP0149315.6	0.6511627906976745
Mol_12296	2048	CNP0243394.2	0.7093023255813954
Mol_09189	2048	CNP0328173.0	0.574468085106383
Mol_02579	2048	CNP0132609.0	0.4918032786885246
Mol_12515	2048	CNP0326073.0	0.6666666666666666
Mol_16330	2048	CNP0227143.1	0.3258426966292135
Mol_00759	2048	CNP0186811.1	0.6097560975609756
Mol_12869	2048	CNP0326073.0	0.4153846153846154
Mol_12612	2048	CNP0239818.2	0.5217391304347826
Mol_13699	2048	CNP0188679.1	0.8333333333333334
Mol_04682	2048	CNP0425444.1	0.3695652173913043
Mol_10127	2048	CNP0252860.0	0.5128205128205128
Mol_04623	2048	CNP0143294.1	0.6744186046511628
Mol_02526	2048	CNP0294287.2	0.5
Mol_00855	2048	CNP0367669.2	0.5853658536585366
Mol_16344	2048	CNP0210020.2	0.4313725490196078
Mol_11904	2048	CNP0329533.1	0.5454545454545454
Mol_01016	2048	CNP0266779.3	0.7301587301587301
Mol_05767	2048	CNP0146304.1	0.4571428571428571
Mol_04267	2048	CNP0227515.2	0.5076923076923077
Mol_05776	2048	CNP0146304.1	0.4571428571428571
Mol_10731	2048	CNP0230325.4	0.6521739130434783
Mol_08750	2048	CNP0164444.1	0.5777777777777777
Mol_14334	2048	CNP0323139.1	0.6842105263157895
Mol_16506	2048	CNP0226405.8	0.7727272727272727
Mol_00384	2048	CNP0350623.2	0.8
Mol_05400	2048	CNP0119609.0	0.391304347826087
Mol_19126	2048	CNP0282323.2	0.5641025641025641
Mol_01566	2048	CNP0332030.1	0.3823529411764705
Mol_01568	2048	CNP0167435.1	0.4857142857142857
Mol_00114	2048	CNP0018346.1	0.5857142857142857
Mol_12329	2048	CNP0321962.1	0.4626865671641791
Mol_02735	2048	CNP0195219.5	0.8297872340425532
Mol_12199	2048	CNP0195219.5	0.8297872340425532
Mol_02865	2048	CNP0417287.1	0.6153846153846154
Mol_09737	2048	CNP0379890.1	0.5757575757575758
Mol_08203	2048	CNP0318843.1	0.6774193548387096
Mol_08252	2048	CNP0247816.1	0.603448275862069
Mol_08332	2048	CNP0236505.1	0.7222222222222222
Mol_06202	2048	CNP0317386.2	0.7551020408163265
Mol_13681	2048	CNP0165431.7	0.5961538461538461
Mol_00291	2048	CNP0426404.1	0.7441860465116279
Mol_15241	2048	CNP0035184.2	0.4285714285714285
Mol_01245	2048	CNP0209303.5	0.6666666666666666
Mol_02156	2048	CNP0261312.1	0.4677419354838709
Mol_01362	2048	CNP0209303.5	0.6666666666666666
Mol_14954	2048	CNP0316476.3	0.4117647058823529
Mol_01203	2048	CNP0426404.1	0.7441860465116279
Mol_00217	2048	CNP0254796.0	0.3255813953488372
Mol_01359	2048	CNP0426404.1	0.7441860465116279
Mol_04109	2048	CNP0079780.0	0.3902439024390244
Mol_15681	2048	CNP0321187.0	0.5263157894736842
Mol_13180	2048	CNP0160976.0	0.5277777777777778
Mol_08653	2048	CNP0320425.1	0.5681818181818182
Mol_13619	2048	CNP0193598.0	0.8811881188118812
Mol_12274	2048	CNP0157482.0	0.4181818181818181
Mol_12171	2048	CNP0368305.1	0.5185185185185185
Mol_16852	2048	CNP0256443.1	0.8627450980392157
Mol_13087	2048	CNP0090924.8	0.6153846153846154
Mol_12084	2048	CNP0297993.2	0.6585365853658537
Mol_00761	2048	CNP0295433.1	0.66
Mol_13160	2048	CNP0284375.0	0.5384615384615384
Mol_02564	2048	CNP0209303.5	0.6666666666666666
Mol_01034	2048	CNP0266779.3	0.5342465753424658
Mol_01557	2048	CNP0324010.0	0.4074074074074074
Mol_10474	2048	CNP0166898.3	0.532608695652174
Mol_06197	2048	CNP0207185.1	0.4666666666666667
Mol_01494	2048	CNP0331764.0	0.6857142857142857
Mol_16886	2048	CNP0237607.0	0.7037037037037037
Mol_04086	2048	CNP0086599.0	0.4705882352941176
Mol_02652	2048	CNP0328141.1	0.6904761904761905
Mol_10598	2048	CNP0212726.0	0.8292682926829268
Mol_16345	2048	CNP0210020.2	0.7380952380952381
Mol_16758	2048	CNP0127617.1	0.4423076923076923
Mol_13550	2048	CNP0214478.1	0.5757575757575758
Mol_10179	2048	CNP0077060.1	0.6935483870967742
Mol_16966	2048	CNP0198649.4	0.7380952380952381
Mol_09786	2048	CNP0297311.2	0.6578947368421053
Mol_02603	2048	CNP0343549.1	0.3684210526315789
Mol_01443	2048	CNP0192217.8	0.6666666666666666
Mol_11290	2048	CNP0221890.0	0.5915492957746479
Mol_14843	2048	CNP0120877.0	0.4782608695652174
Mol_08649	2048	CNP0395849.1	0.8771929824561403
Mol_00473	2048	CNP0357320.1	0.5714285714285714
Mol_10718	2048	CNP0249512.7	0.8596491228070176
Mol_16525	2048	CNP0328141.1	0.6976744186046512
Mol_02653	2048	CNP0328141.1	0.686046511627907
Mol_02663	2048	CNP0328141.1	0.686046511627907
Mol_02645	2048	CNP0328141.1	0.5714285714285714
Mol_11334	2048	CNP0423852.1	0.5571428571428572
Mol_07533	2048	CNP0243492.4	0.7424242424242424
Mol_02661	2048	CNP0103070.2	0.6506024096385542
Mol_08749	2048	CNP0164444.1	0.5681818181818182
Mol_01722	2048	CNP0153476.0	0.4468085106382978
Mol_02654	2048	CNP0328141.1	0.7272727272727273
Mol_15965	2048	CNP0135405.1	0.367816091954023
Mol_10665	2048	CNP0287676.7	0.7076923076923077
Mol_02650	2048	CNP0328141.1	0.7325581395348837
Mol_00501	2048	CNP0218042.1	0.717391304347826
Mol_02555	2048	CNP0354528.0	0.4285714285714285
Mol_11843	2048	CNP0329461.1	0.6491228070175439
Mol_07492	2048	CNP0199491.1	0.3725490196078431
Mol_13411	2048	CNP0457573.3	0.293103448275862
Mol_09173	2048	CNP0222508.3	0.8653846153846154
Mol_00786	2048	CNP0427623.1	0.4242424242424242
Mol_16235	2048	CNP0235511.4	0.3777777777777777
Mol_13820	2048	CNP0320921.1	0.6714285714285714
Mol_13105	2048	CNP0426404.1	0.7441860465116279
Mol_13201	2048	CNP0181921.0	0.55
Mol_16237	2048	CNP0188075.0	0.5641025641025641
Mol_10641	2048	CNP0105109.0	0.7027027027027027
Mol_13693	2048	CNP0328254.1	0.3333333333333333
Mol_13700	2048	CNP0188679.1	0.74
Mol_04683	2048	CNP0187386.3	0.6530612244897959
Mol_10161	2048	CNP0188075.0	0.4418604651162791
Mol_14719	2048	CNP0188336.2	0.6153846153846154
Mol_14718	2048	CNP0188336.2	0.7313432835820896
Mol_03526	2048	CNP0156983.5	0.7261904761904762
Mol_00377	2048	CNP0316323.0	0.6388888888888888
Mol_08195	2048	CNP0145945.0	0.4893617021276595
Mol_10227	2048	CNP0188075.0	0.4418604651162791
Mol_06925	2048	CNP0527931.0	0.3389830508474576
Mol_14438	2048	CNP0120566.0	0.8636363636363636
Mol_09663	2048	CNP0436446.1	0.4444444444444444
Mol_03545	2048	CNP0482429.0	0.4074074074074074
Mol_09666	2048	CNP0344164.0	0.375
Mol_06151	2048	CNP0170660.1	0.625
Mol_02279	2048	CNP0325266.2	0.4352941176470588
Mol_00117	2048	CNP0118118.1	0.7073170731707317
Mol_02164	2048	CNP0296513.1	0.7333333333333333
Mol_04099	2048	CNP0117599.1	0.6190476190476191
Mol_10070	2048	CNP0316899.2	0.8441558441558441
Mol_04697	2048	CNP0254796.0	0.4102564102564102
Mol_16102	2048	CNP0419194.0	0.4772727272727273
Mol_16224	2048	CNP0177512.0	0.6037735849056604
Mol_11832	2048	CNP0529471.3	0.5194805194805194
Mol_11830	2048	CNP0210228.2	0.7301587301587301
Mol_10142	2048	CNP0517604.1	0.3826086956521739
Mol_12360	2048	CNP0244585.2	0.7857142857142857
Mol_03138	2048	CNP0422369.4	0.6333333333333333
Mol_07774	2048	CNP0170660.1	0.7555555555555555
Mol_01024	2048	CNP0018243.1	0.6136363636363636
Mol_09929	2048	CNP0226852.0	0.6785714285714286
Mol_18977	2048	CNP0424030.1	0.4428571428571428
Mol_13376	2048	CNP0273175.4	0.6666666666666666
Mol_10784	2048	CNP0362118.0	0.5272727272727272
Mol_11597	2048	CNP0260597.3	0.979591836734694
Mol_02520	2048	CNP0316493.1	0.9215686274509804
Mol_02733	2048	CNP0308344.3	0.9508196721311476
Mol_05756	2048	CNP0146304.1	0.5757575757575758
Mol_04472	2048	CNP0161788.2	0.6
Mol_06180	2048	CNP0173359.1	0.5
Mol_16280	2048	CNP0264878.1	0.4423076923076923
Mol_16568	2048	CNP0256073.1	0.4915254237288136
Mol_03667	2048	CNP0387028.3	0.3846153846153846
Mol_16716	2048	CNP0208300.3	0.5217391304347826
Mol_00764	2048	CNP0286465.7	0.5957446808510638
Mol_08935	2048	CNP0143206.2	0.775
Mol_14464	2048	CNP0505828.0	0.7045454545454546
Mol_04103	2048	CNP0073012.1	0.423728813559322
Mol_11598	2048	CNP0260597.3	0.979591836734694
Mol_13427	2048	CNP0130094.2	0.94
Mol_03632	2048	CNP0098838.1	0.8378378378378378
Mol_01569	2048	CNP0413970.1	0.5263157894736842
Mol_15223	2048	CNP0246466.0	0.5806451612903226
Mol_01975	2048	CNP0233669.1	0.4642857142857143
Mol_19096	2048	CNP0316271.0	0.4385964912280701
Mol_05145	2048	CNP0479435.1	0.4090909090909091
Mol_00109	2048	CNP0432360.1	0.6461538461538462
Mol_03489	2048	CNP0121840.1	0.7380952380952381
Mol_11672	2048	CNP0376410.4	0.4489795918367347
Mol_06041	2048	CNP0132272.1	0.52
Mol_07569	2048	CNP0110529.1	0.5205479452054794
Mol_00104	2048	CNP0256652.1	0.5352112676056338
Mol_07769	2048	CNP0273146.2	0.6170212765957447
Mol_15492	2048	CNP0197662.2	0.7843137254901961
Mol_04963	2048	CNP0230652.4	0.5818181818181818
Mol_07446	2048	CNP0246466.0	1.0
Mol_15003	2048	CNP0159717.1	0.4133333333333333
Mol_16514	2048	CNP0233158.1	0.7241379310344828
Mol_14019	2048	CNP0351050.1	0.9404761904761904
Mol_00048	2048	CNP0590577.2	0.4468085106382978
Mol_10923	2048	CNP0022934.0	0.4615384615384615
Mol_10021	2048	CNP0305718.0	0.6136363636363636
Mol_02556	2048	CNP0332861.0	0.4444444444444444
Mol_12121	2048	CNP0213490.2	0.425
Mol_00365	2048	CNP0066654.0	0.4411764705882353
Mol_16225	2048	CNP0436390.0	0.6037735849056604
Mol_16450	2048	CNP0205193.2	0.4482758620689655
Mol_16460	2048	CNP0205193.2	0.4482758620689655
Mol_04970	2048	CNP0204117.1	0.64
Mol_03525	2048	CNP0156983.5	0.7415730337078652
Mol_14612	2048	CNP0177349.2	0.7058823529411765
Mol_05330	2048	CNP0080012.0	0.5294117647058824
Mol_06810	2048	CNP0534184.0	0.8095238095238095
Mol_13689	2048	CNP0141328.2	0.5128205128205128
Mol_09921	2048	CNP0304485.1	0.8055555555555556
Mol_01553	2048	CNP0236037.2	0.6216216216216216
Mol_10441	2048	CNP0273700.1	0.6132075471698113
Mol_02482	2048	CNP0121624.1	0.5277777777777778
Mol_07087	2048	CNP0291523.0	0.4047619047619047
Mol_14171	2048	CNP0146943.3	0.9565217391304348
Mol_14172	2048	CNP0146943.3	0.9565217391304348
Mol_07932	2048	CNP0140143.0	0.5135135135135135
Mol_11942	2048	CNP0214766.1	0.6097560975609756
Mol_00006	2048	CNP0002901.0	0.3333333333333333
Mol_12818	2048	CNP0251156.0	0.4482758620689655
Mol_10183	2048	CNP0364084.1	0.5666666666666667
Mol_07490	2048	CNP0113209.1	0.7142857142857143
Mol_12070	2048	CNP0316545.3	0.8133333333333334
Mol_09484	2048	CNP0205245.1	0.5774647887323944
Mol_04766	2048	CNP0167531.5	0.8414634146341463
Mol_09481	2048	CNP0205245.1	0.5441176470588235
Mol_10428	2048	CNP0117047.19	0.7763157894736842
Mol_01063	2048	CNP0273671.3	0.4520547945205479
Mol_10004	2048	CNP0263949.1	1.0
Mol_09998	2048	CNP0358909.1	0.8505747126436781
Mol_10450	2048	CNP0117047.19	0.7763157894736842
Mol_00966	2048	CNP0281123.6	0.7636363636363637
Mol_01097	2048	CNP0117652.18	0.576271186440678
Mol_01313	2048	CNP0371929.5	0.9428571428571428
Mol_02363	2048	CNP0281123.6	0.7636363636363637
Mol_13015	2048	CNP0407951.1	0.7313432835820896
Mol_12657	2048	CNP0239818.2	0.5285714285714286
Mol_11767	2048	CNP0248384.4	0.4285714285714285
Mol_13960	2048	CNP0117652.18	0.576271186440678
Mol_04703	2048	CNP0595263.1	0.6307692307692307
Mol_08013	2048	CNP0161417.1	0.7049180327868853
Mol_14198	2048	CNP0179929.5	0.7875
Mol_05406	2048	CNP0146328.2	0.6981132075471698
Mol_15487	2048	CNP0124189.3	0.7307692307692307
Mol_15503	2048	CNP0131522.1	0.6323529411764706
Mol_03660	2048	CNP0387028.3	0.4318181818181818
Mol_08045	2048	CNP0161417.1	0.7049180327868853
Mol_10048	2048	CNP0439844.0	0.5833333333333334
Mol_04251	2048	CNP0075849.1	0.5161290322580645
Mol_02184	2048	CNP0311945.0	0.7407407407407407
Mol_09632	2048	CNP0144296.0	0.5079365079365079
Mol_01264	2048	CNP0195556.2	0.6046511627906976
Mol_01031	2048	CNP0326250.2	0.475
Mol_05375	2048	CNP0233026.3	0.3773584905660377
Mol_11159	2048	CNP0281413.3	0.6825396825396826
Mol_02541	2048	CNP0249059.0	0.6862745098039216
Mol_15956	2048	CNP0245676.2	0.7457627118644068
Mol_15957	2048	CNP0245676.2	0.7457627118644068
Mol_14063	2048	CNP0304715.4	0.5777777777777777
Mol_13224	2048	CNP0114171.1	0.6888888888888889
Mol_03867	2048	CNP0002386.0	0.5106382978723404
Mol_01033	2048	CNP0202378.1	0.5068493150684932
Mol_08828	2048	CNP0224083.0	0.7464788732394366
Mol_00005	2048	CNP0213864.2	0.4150943396226415
Mol_16272	2048	CNP0190195.2	0.3428571428571428
Mol_00001	2048	CNP0172640.3	0.574468085106383
Mol_01026	2048	CNP0326250.2	0.475
Mol_01022	2048	CNP0018243.1	0.6136363636363636
Mol_15052	2048	CNP0150192.0	0.6538461538461539
Mol_16020	2048	CNP0113952.1	0.7272727272727273
Mol_15502	2048	CNP0131522.1	0.864406779661017
Mol_19077	2048	CNP0150192.0	0.6538461538461539
Mol_03570	2048	CNP0113952.1	0.6521739130434783
Mol_15053	2048	CNP0258161.1	0.5882352941176471
Mol_11083	2048	CNP0172396.1	0.5555555555555556
Mol_11918	2048	CNP0178891.1	0.7758620689655172
Mol_04870	2048	CNP0317141.1	0.4
Mol_01455	2048	CNP0113952.1	0.6666666666666666
Mol_10080	2048	CNP0081787.0	0.4
Mol_16269	2048	CNP0018090.0	0.3953488372093023
Mol_13197	2048	CNP0349013.9	0.4035087719298245
Mol_07497	2048	CNP0189174.1	0.3728813559322034
Mol_16270	2048	CNP0486966.1	0.3870967741935484
Mol_17030	2048	CNP0142480.1	0.3653846153846153
Mol_15884	2048	CNP0170514.0	0.4074074074074074
Mol_01619	2048	CNP0532375.1	0.3793103448275862
Mol_14213	2048	CNP0292367.3	0.8695652173913043
Mol_01620	2048	CNP0532375.1	0.3793103448275862
Mol_02122	2048	CNP0294434.1	0.543859649122807
Mol_16265	2048	CNP0303916.0	0.4181818181818181
Mol_02784	2048	CNP0390912.1	0.8823529411764706
Mol_19084	2048	CNP0258161.1	0.5882352941176471
Mol_15825	2048	CNP0368204.1	0.7027027027027027
Mol_00012	2048	CNP0266484.1	0.88
Mol_15827	2048	CNP0266484.1	0.88
Mol_13826	2048	CNP0128060.0	0.7205882352941176
Mol_19088	2048	CNP0266484.1	0.88
Mol_02943	2048	CNP0255309.1	0.4424778761061947
Mol_09464	2048	CNP0179929.5	0.9154929577464788
Mol_14255	2048	CNP0172641.9	0.7903225806451613
Mol_02624	2048	CNP0191762.2	0.8656716417910447
Mol_04022	2048	CNP0248495.5	0.8783783783783784
Mol_10881	2048	CNP0076319.0	0.375
Mol_11939	2048	CNP0367617.3	0.6101694915254238
Mol_07395	2048	CNP0085044.4	0.5116279069767442
Mol_05253	2048	CNP0107097.0	1.0
Mol_05839	2048	CNP0165322.0	0.5833333333333334
Mol_13856	2048	CNP0103684.1	0.6875
Mol_07442	2048	CNP0400383.2	0.6571428571428571
Mol_14434	2048	CNP0120566.0	0.6530612244897959
Mol_00030	2048	CNP0258161.1	0.6326530612244898
Mol_08763	2048	CNP0367617.3	0.4444444444444444
Mol_08764	2048	CNP0367617.3	0.4444444444444444
Mol_05825	2048	CNP0333462.1	0.8571428571428571
Mol_04149	2048	CNP0190119.8	0.625
Mol_04917	2048	CNP0332030.1	0.3823529411764705
Mol_05220	2048	CNP0075849.1	0.5161290322580645
Mol_18383	2048	CNP0246466.0	0.5806451612903226
Mol_19179	2048	CNP0444894.0	0.7777777777777778
Mol_04273	2048	CNP0097634.0	0.5370370370370371
Mol_14768	2048	CNP0535583.1	0.5473684210526316
Mol_14518	2048	CNP0161944.2	0.9016393442622952
Mol_01029	2048	CNP0326250.2	0.5853658536585366
Mol_13967	2048	CNP0142211.1	0.425
Mol_09760	2048	CNP0161417.1	0.7049180327868853
Mol_18623	2048	CNP0182237.4	0.5555555555555556
Mol_14216	2048	CNP0288788.1	0.6883116883116883
Mol_00573	2048	CNP0320814.1	0.5040650406504065
Mol_08747	2048	CNP0164444.1	0.6
Mol_11982	2048	CNP0258371.2	1.0
Mol_02196	2048	CNP0209555.4	0.5833333333333334
Mol_00111	2048	CNP0018346.1	0.5882352941176471
Mol_01164	2048	CNP0208979.2	0.7076923076923077
Mol_14030	2048	CNP0380541.0	0.7117117117117117
Mol_00800	2048	CNP0018066.0	0.59375
Mol_00609	2048	CNP0353157.1	0.4601769911504424
Mol_12062	2048	CNP0308834.2	0.84
Mol_01266	2048	CNP0199211.1	0.8571428571428571
Mol_07203	2048	CNP0292178.3	0.5753424657534246
Mol_04084	2048	CNP0187103.4	0.4418604651162791
Mol_16289	2048	CNP0303916.0	0.4181818181818181
Mol_13407	2048	CNP0209303.5	0.6666666666666666
Mol_04227	2048	CNP0181320.1	0.5897435897435898
Mol_01100	2048	CNP0294797.1	0.8518518518518519
Mol_07012	2048	CNP0277667.1	0.3023255813953488
Mol_15883	2048	CNP0327680.1	0.5652173913043478
Mol_16379	2048	CNP0395266.1	0.7297297297297297
Mol_01555	2048	CNP0283998.2	0.3111111111111111
Mol_02701	2048	CNP0398945.0	0.5428571428571428
Mol_12119	2048	CNP0170484.1	0.3877551020408163
Mol_14769	2048	CNP0535583.1	0.51
Mol_14095	2048	CNP0217380.0	0.9583333333333334
Mol_06893	2048	CNP0230874.0	0.9117647058823528
Mol_07386	2048	CNP0087894.1	0.3793103448275862
Mol_04787	2048	CNP0074279.0	0.7
Mol_02486	2048	CNP0298426.1	0.7540983606557377
Mol_07085	2048	CNP0399686.1	0.4285714285714285
Mol_03402	2048	CNP0510304.0	0.7837837837837838
Mol_14664	2048	CNP0330521.0	0.5625
Mol_02987	2048	CNP0177388.1	0.5294117647058824
Mol_10677	2048	CNP0125250.0	0.6363636363636364
Mol_02123	2048	CNP0294434.1	0.543859649122807
Mol_15376	2048	CNP0106199.3	0.7941176470588235
Mol_14615	2048	CNP0424315.2	0.796875
Mol_16603	2048	CNP0224656.1	0.4819277108433735
Mol_02608	2048	CNP0178953.1	0.7692307692307693
Mol_01023	2048	CNP0018243.1	0.5434782608695652
Mol_14532	2048	CNP0231189.1	0.5147058823529411
Mol_14115	2048	CNP0588582.0	0.8125
Mol_11553	2048	CNP0182329.0	0.5925925925925926
Mol_15396	2048	CNP0268374.2	0.65
Mol_01855	2048	CNP0195165.4	0.9016393442622952
Mol_03009	2048	CNP0234198.2	0.625
Mol_00672	2048	CNP0268879.0	0.925925925925926
Mol_14296	2048	CNP0489030.0	0.72
Mol_14649	2048	CNP0288440.0	0.3870967741935484
Mol_13155	2048	CNP0467634.1	0.9690721649484536
Mol_14043	2048	CNP0306427.2	0.6979166666666666
Mol_10737	2048	CNP0078353.1	0.5915492957746479
Mol_03344	2048	CNP0160368.2	0.5116279069767442
Mol_03578	2048	CNP0165910.1	0.68
Mol_02786	2048	CNP0200688.1	0.7049180327868853
Mol_03531	2048	CNP0213879.0	0.6153846153846154
Mol_16595	2048	CNP0471737.0	0.4117647058823529
Mol_14323	2048	CNP0313468.1	0.6666666666666666
Mol_10030	2048	CNP0134956.1	0.3734939759036144
Mol_14328	2048	CNP0313468.1	0.8596491228070176
Mol_07505	2048	CNP0348691.0	0.380281690140845
Mol_00976	2048	CNP0354053.1	0.603448275862069
Mol_16516	2048	CNP0298426.1	0.6666666666666666
Mol_07499	2048	CNP0297274.1	0.6164383561643836
Mol_16908	2048	CNP0217077.1	0.6507936507936508
Mol_13265	2048	CNP0218239.1	0.6610169491525424
Mol_11959	2048	CNP0143193.1	0.6363636363636364
Mol_16482	2048	CNP0226405.8	0.7159090909090909
Mol_12584	2048	CNP0330600.6	0.7954545454545454
Mol_12587	2048	CNP0226405.8	0.6813186813186813
Mol_11714	2048	CNP0316899.2	0.8441558441558441
Mol_05162	2048	CNP0199379.2	1.0
Mol_11844	2048	CNP0357320.1	0.7794117647058824
Mol_12336	2048	CNP0234846.3	0.835820895522388
Mol_11728	2048	CNP0316899.2	0.8441558441558441
Mol_11966	2048	CNP0316899.2	0.8441558441558441
Mol_16271	2048	CNP0018090.0	0.3777777777777777
Mol_07511	2048	CNP0246902.5	0.3918918918918919
Mol_16573	2048	CNP0051930.0	0.4761904761904761
Mol_11291	2048	CNP0221890.0	0.696969696969697
Mol_14121	2048	CNP0588582.0	0.78125
Mol_00430	2048	CNP0253792.4	0.8245614035087719
Mol_00725	2048	CNP0253792.4	0.8245614035087719
Mol_11896	2048	CNP0459620.0	0.717391304347826
Mol_07773	2048	CNP0149048.1	0.6428571428571429
Mol_00226	2048	CNP0118345.0	0.3684210526315789
Mol_16291	2048	CNP0265390.0	0.6428571428571429
Mol_16152	2048	CNP0381965.0	0.7058823529411765
Mol_14624	2048	CNP0298751.0	0.3541666666666667
Mol_16426	2048	CNP0137192.5	0.7894736842105263
Mol_01833	2048	CNP0086431.0	0.4516129032258064
Mol_02051	2048	CNP0312492.0	0.5813953488372093
Mol_05011	2048	CNP0228005.0	0.5319148936170213
Mol_10530	2048	CNP0066634.2	0.725
Mol_14363	2048	CNP0066634.2	0.725
Mol_16907	2048	CNP0212792.3	0.8070175438596491
Mol_11967	2048	CNP0316899.2	0.8441558441558441
Mol_12052	2048	CNP0316899.2	0.8441558441558441
Mol_12969	2048	CNP0297311.2	0.6578947368421053
Mol_02299	2048	CNP0357320.1	0.6571428571428571
Mol_10897	2048	CNP0126645.0	0.2318840579710145
Mol_00200	2048	CNP0216219.1	0.4545454545454545
Mol_18467	2048	CNP0230652.4	0.5357142857142857
Mol_10638	2048	CNP0417309.1	0.4042553191489361
Mol_02711	2048	CNP0410395.0	0.5555555555555556
Mol_05179	2048	CNP0023118.0	0.5757575757575758
Mol_07772	2048	CNP0150194.0	0.625
Mol_15747	2048	CNP0002448.1	0.5909090909090909
Mol_15887	2048	CNP0077682.1	0.4788732394366197
Mol_01387	2048	CNP0252008.2	0.6195652173913043
Mol_07627	2048	CNP0179929.5	0.8533333333333334
Mol_02157	2048	CNP0145945.0	0.3902439024390244
Mol_13779	2048	CNP0182622.1	0.6142857142857143
Mol_13112	2048	CNP0356358.3	0.8125
Mol_12918	2048	CNP0242518.1	0.746031746031746
Mol_10383	2048	CNP0108191.1	0.7777777777777778
Mol_10878	2048	CNP0108191.1	0.7777777777777778
Mol_13111	2048	CNP0108191.1	0.7777777777777778
Mol_18551	2048	CNP0108191.1	0.7777777777777778
Mol_01082	2048	CNP0118808.7	0.5844155844155844
Mol_12974	2048	CNP0284771.1	0.746031746031746
Mol_08748	2048	CNP0164444.1	0.550561797752809
Mol_11611	2048	CNP0278611.1	0.5277777777777778
Mol_12977	2048	CNP0299068.2	0.746268656716418
Mol_13780	2048	CNP0242518.1	0.746031746031746
Mol_13027	2048	CNP0192970.3	0.8225806451612904
Mol_03260	2048	CNP0335169.3	0.7872340425531915
Mol_06970	2048	CNP0303966.2	0.6486486486486487
Mol_05436	2048	CNP0113185.3	0.3636363636363636
Mol_11569	2048	CNP0514849.0	0.4852941176470588
Mol_15752	2048	CNP0241548.4	0.5394736842105263
Mol_14607	2048	CNP0104454.2	0.4743589743589743
Mol_16310	2048	CNP0304715.4	0.509090909090909
Mol_00347	2048	CNP0002426.0	0.7068965517241379
Mol_05386	2048	CNP0236765.7	0.7
Mol_01386	2048	CNP0273140.1	0.6219512195121951
Mol_14094	2048	CNP0294224.0	1.0
Mol_07977	2048	CNP0195751.4	0.6304347826086957
Mol_19295	2048	CNP0367708.0	1.0
Mol_13432	2048	CNP0003601.1	0.5542168674698795
Mol_01317	2048	CNP0165302.1	0.76
Mol_01345	2048	CNP0273414.1	0.8064516129032258
Mol_02485	2048	CNP0255916.1	0.6470588235294118
Mol_14062	2048	CNP0304715.4	0.5777777777777777
Mol_13707	2048	CNP0288865.4	0.828125
Mol_01389	2048	CNP0273140.1	0.6219512195121951
Mol_15634	2048	CNP0121840.1	0.7411764705882353
Mol_00671	2048	CNP0271735.2	0.5283018867924528
Mol_04279	2048	CNP0264773.1	0.5
Mol_08728	2048	CNP0200688.1	0.7049180327868853
Mol_18629	2048	CNP0263925.1	0.4909090909090909
Mol_18586	2048	CNP0191372.3	0.6190476190476191
Mol_08931	2048	CNP0184194.2	0.6571428571428571
Mol_00283	2048	CNP0339869.1	0.8412698412698413
Mol_12416	2048	CNP0225367.2	0.5882352941176471
Mol_13594	2048	CNP0113952.1	0.5319148936170213
Mol_18622	2048	CNP0285950.1	0.5660377358490566
Mol_16459	2048	CNP0205193.2	0.62
Mol_19092	2048	CNP0273146.2	0.5833333333333334
Mol_07770	2048	CNP0177389.1	0.6727272727272727
Mol_02793	2048	CNP0263925.1	0.5094339622641509
Mol_12425	2048	CNP0205151.2	0.4363636363636363
Mol_00801	2048	CNP0289569.0	0.6774193548387096
Mol_03587	2048	CNP0356490.0	0.5625
Mol_16782	2048	CNP0564004.1	0.4411764705882353
Mol_13516	2048	CNP0181859.1	0.5238095238095238
Mol_14364	2048	CNP0336376.1	0.8205128205128205
Mol_16204	2048	CNP0165910.1	0.6875
Mol_16274	2048	CNP0124191.2	0.3389830508474576
Mol_13964	2048	CNP0300954.4	0.6666666666666666
Mol_13044	2048	CNP0232164.1	0.8
Mol_08447	2048	CNP0167739.3	0.7866666666666666
Mol_15195	2048	CNP0290576.2	0.9387755102040816
Mol_11619	2048	CNP0278611.1	0.5277777777777778
Mol_02944	2048	CNP0255309.1	0.4807692307692308
Mol_05299	2048	CNP0359984.2	0.9130434782608696
Mol_01388	2048	CNP0590236.2	0.5256410256410257
Mol_10768	2048	CNP0154743.0	0.6071428571428571
Mol_07485	2048	CNP0332030.1	0.3823529411764705
Mol_01248	2048	CNP0260597.3	0.8275862068965517
Mol_14643	2048	CNP0208938.2	0.7553191489361702
Mol_04591	2048	CNP0327783.1	0.8780487804878049
Mol_14641	2048	CNP0208938.2	0.8351648351648352
Mol_13925	2048	CNP0366317.1	0.945945945945946
Mol_01758	2048	CNP0172689.1	0.7272727272727273
Mol_16449	2048	CNP0258318.1	0.8857142857142857
Mol_15247	2048	CNP0366317.1	0.945945945945946
Mol_14314	2048	CNP0294797.1	0.8490566037735849
Mol_11174	2048	CNP0244686.2	0.6428571428571429
Mol_14636	2048	CNP0203918.9	0.8125
Mol_13788	2048	CNP0322741.3	0.868421052631579
Mol_15871	2048	CNP0359984.2	0.9130434782608696
Mol_04010	2048	CNP0301886.3	0.8923076923076924
Mol_14912	2048	CNP0223077.10	0.7471264367816092
Mol_10445	2048	CNP0414895.8	0.4455445544554455
Mol_16444	2048	CNP0377399.1	0.5148514851485149
Mol_14642	2048	CNP0203918.9	0.8125
Mol_09131	2048	CNP0288440.0	0.5142857142857142
Mol_01493	2048	CNP0289569.0	0.7333333333333333
Mol_05010	2048	CNP0512988.0	0.5510204081632653
Mol_14401	2048	CNP0228005.0	0.7441860465116279
Mol_08306	2048	CNP0000234.0	0.4
Mol_13441	2048	CNP0344114.1	0.3846153846153846
Mol_15397	2048	CNP0268374.2	0.65
Mol_01413	2048	CNP0108800.2	0.7021276595744681
Mol_03997	2048	CNP0257748.1	0.5822784810126582
Mol_14191	2048	CNP0285882.0	0.4651162790697674
Mol_15139	2048	CNP0371784.1	0.6153846153846154
Mol_15506	2048	CNP0168290.1	0.7843137254901961
Mol_03269	2048	CNP0339179.1	0.6666666666666666
Mol_13517	2048	CNP0560192.1	0.59375
Mol_16284	2048	CNP0547545.1	0.5660377358490566
Mol_03186	2048	CNP0339869.1	0.8412698412698413
Mol_15158	2048	CNP0087183.4	0.875
Mol_01050	2048	CNP0115532.8	0.7321428571428571
Mol_00099	2048	CNP0432360.1	0.6811594202898551
Mol_15183	2048	CNP0304879.1	0.3454545454545454
Mol_19370	2048	CNP0225604.1	0.5636363636363636
Mol_13477	2048	CNP0322900.2	0.3529411764705882
Mol_00950	2048	CNP0152857.0	0.7692307692307693
Mol_04686	2048	CNP0188679.1	0.8863636363636364
Mol_02307	2048	CNP0327680.1	0.4423076923076923
Mol_04168	2048	CNP0105731.0	0.65625
Mol_01548	2048	CNP0275891.4	0.5
Mol_04864	2048	CNP0292478.5	0.4
Mol_11623	2048	CNP0109775.0	0.375
Mol_00222	2048	CNP0253749.1	0.5
Mol_12351	2048	CNP0195196.0	0.6458333333333334
Mol_04989	2048	CNP0370616.1	0.6818181818181818
Mol_08005	2048	CNP0474192.1	0.6078431372549019
Mol_01580	2048	CNP0283762.1	0.5333333333333333
Mol_16585	2048	CNP0414697.1	0.2978723404255319
Mol_15230	2048	CNP0224295.1	0.3513513513513513
Mol_14135	2048	CNP0100734.0	0.4761904761904761
Mol_01977	2048	CNP0342694.0	0.6129032258064516
Mol_11266	2048	CNP0306666.0	0.6129032258064516
Mol_12871	2048	CNP0155279.0	0.3333333333333333
Mol_13403	2048	CNP0204867.0	0.5121951219512195
Mol_13567	2048	CNP0181320.1	0.5897435897435898
Mol_05082	2048	CNP0105837.0	0.6578947368421053
Mol_16343	2048	CNP0219460.2	0.5238095238095238
Mol_02165	2048	CNP0138489.0	0.6304347826086957
Mol_10096	2048	CNP0398234.1	0.717948717948718
Mol_10761	2048	CNP0239112.0	0.4883720930232558
Mol_05874	2048	CNP0590440.0	0.7352941176470589
Mol_16273	2048	CNP0018090.0	0.3863636363636363
Mol_01308	2048	CNP0515384.2	0.3666666666666666
Mol_03448	2048	CNP0296801.0	0.5263157894736842
Mol_00787	2048	CNP0427623.1	0.3333333333333333
Mol_15242	2048	CNP0040372.4	0.5161290322580645
Mol_01346	2048	CNP0273414.1	0.8064516129032258
Mol_02182	2048	CNP0228132.0	0.5576923076923077
Mol_03928	2048	CNP0317477.1	0.78125
Mol_17067	2048	CNP0132898.2	0.4716981132075472
Mol_15310	2048	CNP0588816.1	0.5
Mol_13968	2048	CNP0272976.1	0.6521739130434783
Mol_00762	2048	CNP0113952.1	0.8888888888888888
Mol_09470	2048	CNP0313453.0	0.4
Mol_15459	2048	CNP0300304.2	0.3861386138613861
Mol_15460	2048	CNP0300304.2	0.5058823529411764
Mol_02981	2048	CNP0286963.1	0.8157894736842105
Mol_15635	2048	CNP0121840.1	0.6344086021505376
Mol_10559	2048	CNP0210254.1	0.4545454545454545
Mol_10518	2048	CNP0258371.2	1.0
Mol_09367	2048	CNP0223410.4	0.6666666666666666
Mol_15150	2048	CNP0171661.0	0.673469387755102
Mol_09063	2048	CNP0160243.3	0.6226415094339622
Mol_18584	2048	CNP0199185.1	0.7
Mol_19091	2048	CNP0273146.2	0.5833333333333334
Mol_12297	2048	CNP0175542.4	0.6551724137931034
Mol_15514	2048	CNP0417688.1	0.6916666666666667
Mol_12462	2048	CNP0279565.1	0.7904761904761904
Mol_15628	2048	CNP0395374.1	0.8771929824561403
Mol_13606	2048	CNP0357320.1	0.7971014492753623
Mol_12339	2048	CNP0234846.3	0.835820895522388
Mol_12330	2048	CNP0234846.3	0.7941176470588235
Mol_02488	2048	CNP0287363.1	0.7258064516129032
Mol_13531	2048	CNP0216219.1	0.6551724137931034
Mol_03136	2048	CNP0294797.1	0.8518518518518519
Mol_02481	2048	CNP0280299.1	0.4642857142857143
Mol_00474	2048	CNP0357320.1	0.5714285714285714
Mol_11617	2048	CNP0387718.1	0.7936507936507936
Mol_11940	2048	CNP0367617.3	0.5074626865671642
Mol_15954	2048	CNP0149315.6	0.5434782608695652
Mol_10544	2048	CNP0588582.0	0.6666666666666666
Mol_01052	2048	CNP0230502.5	0.8596491228070176
Mol_13519	2048	CNP0202781.2	0.5211267605633803
Mol_04706	2048	CNP0202781.2	0.6119402985074627
Mol_16537	2048	CNP0201876.1	0.7857142857142857
Mol_15593	2048	CNP0076319.0	1.0
Mol_15594	2048	CNP0163728.0	0.9629629629629628
Mol_07784	2048	CNP0076319.0	1.0
Mol_04476	2048	CNP0320365.0	0.9615384615384616
Mol_04477	2048	CNP0102028.1	0.5833333333333334
Mol_14257	2048	CNP0248891.1	0.5753424657534246
Mol_02651	2048	CNP0328141.1	0.7
Mol_13631	2048	CNP0139662.1	0.7523809523809524
Mol_01306	2048	CNP0282427.3	0.75
Mol_07027	2048	CNP0253792.4	0.8245614035087719
Mol_09095	2048	CNP0253792.4	0.8245614035087719
Mol_07726	2048	CNP0222390.1	0.7076923076923077
Mol_02331	2048	CNP0383225.2	0.6571428571428571
Mol_13841	2048	CNP0297648.2	0.8620689655172413
Mol_08240	2048	CNP0262803.0	0.5757575757575758
Mol_04931	2048	CNP0292478.5	0.4
Mol_04932	2048	CNP0169154.3	0.6153846153846154
Mol_02175	2048	CNP0427804.0	0.5666666666666667
Mol_12087	2048	CNP0282427.3	0.75
Mol_09132	2048	CNP0288440.0	0.4864864864864865
Mol_10686	2048	CNP0223474.1	0.8709677419354839
Mol_11152	2048	CNP0205359.0	0.5909090909090909
Mol_02679	2048	CNP0559243.1	0.3020833333333333
Mol_11545	2048	CNP0168889.1	0.625
Mol_00026	2048	CNP0259773.1	1.0
Mol_11069	2048	CNP0281727.2	0.5949367088607594
Mol_14644	2048	CNP0424688.2	0.7684210526315789
Mol_15197	2048	CNP0192759.2	0.8133333333333334
Mol_11576	2048	CNP0514849.0	0.5384615384615384
Mol_16735	2048	CNP0316706.1	0.8823529411764706
Mol_10722	2048	CNP0128069.1	0.7213114754098361
Mol_08324	2048	CNP0287224.1	0.7014925373134329
Mol_16276	2048	CNP0291246.0	0.6976744186046512
Mol_14192	2048	CNP0221961.0	0.5757575757575758
Mol_09518	2048	CNP0139202.0	0.4936708860759494
Mol_16277	2048	CNP0291246.0	0.4313725490196078
Mol_11175	2048	CNP0244686.2	0.6428571428571429
Mol_15611	2048	CNP0081628.0	0.5365853658536586
Mol_01247	2048	CNP0225927.2	1.0
Mol_10920	2048	CNP0258371.2	1.0
Mol_03571	2048	CNP0113952.1	0.7045454545454546
Mol_13816	2048	CNP0214531.1	0.6944444444444444
Mol_01344	2048	CNP0547264.2	0.896551724137931
Mol_13462	2048	CNP0306140.1	0.5918367346938775
Mol_15423	2048	CNP0306140.1	0.5918367346938775
Mol_02778	2048	CNP0254848.0	0.6590909090909091
Mol_04869	2048	CNP0286093.3	0.4878048780487805
Mol_02780	2048	CNP0254848.0	0.54
Mol_14468	2048	CNP0507986.2	0.5510204081632653
Mol_16861	2048	CNP0292467.0	0.5869565217391305
Mol_16880	2048	CNP0250557.2	0.6739130434782609
Mol_13948	2048	CNP0102860.1	0.7391304347826086
Mol_16539	2048	CNP0342155.2	0.5263157894736842
Mol_13946	2048	CNP0102860.1	0.6470588235294118
Mol_16810	2048	CNP0236355.1	0.4821428571428571
Mol_04124	2048	CNP0159514.0	0.5806451612903226
Mol_04687	2048	CNP0316718.1	0.8636363636363636
Mol_04219	2048	CNP0250557.2	0.5918367346938775
Mol_07287	2048	CNP0387718.1	0.5166666666666667
Mol_18032	2048	CNP0102860.1	0.6470588235294118
Mol_11173	2048	CNP0206320.3	0.4901960784313725
Mol_08541	2048	CNP0209288.2	0.7846153846153846
Mol_04517	2048	CNP0267376.1	1.0
Mol_12792	2048	CNP0267376.1	1.0
Mol_14923	2048	CNP0401495.2	0.8615384615384616
Mol_16757	2048	CNP0337459.0	0.66
Mol_15695	2048	CNP0318561.2	0.7525773195876289
Mol_12064	2048	CNP0297890.1	0.7326732673267327
Mol_00075	2048	CNP0189776.1	0.6991150442477876
Mol_10573	2048	CNP0281761.2	0.8421052631578947
Mol_14032	2048	CNP0156159.1	0.7289719626168224
Mol_19550	2048	CNP0267376.1	1.0
Mol_03137	2048	CNP0294797.1	0.5797101449275363
Mol_13597	2048	CNP0201386.1	0.5606060606060606
Mol_14412	2048	CNP0155802.1	0.62
Mol_12953	2048	CNP0282427.3	0.75
Mol_15103	2048	CNP0249276.4	0.855072463768116
Mol_12099	2048	CNP0165165.1	0.5901639344262295
Mol_13310	2048	CNP0123807.3	0.5774647887323944
Mol_11616	2048	CNP0387718.1	0.5166666666666667
Mol_10724	2048	CNP0120046.0	0.5405405405405406
Mol_14372	2048	CNP0230502.5	0.8596491228070176
Mol_16278	2048	CNP0291246.0	0.4313725490196078
Mol_13177	2048	CNP0216257.3	0.66
Mol_05198	2048	CNP0138404.1	0.7692307692307693
Mol_05201	2048	CNP0136882.1	0.8222222222222222
Mol_16492	2048	CNP0330600.6	0.8461538461538461
Mol_14878	2048	CNP0571194.1	0.618421052631579
Mol_07274	2048	CNP0236159.3	0.4756097560975609
Mol_13808	2048	CNP0374344.2	0.6119402985074627
Mol_14374	2048	CNP0115532.8	0.7321428571428571
Mol_00199	2048	CNP0216219.1	0.5833333333333334
Mol_10280	2048	CNP0229753.1	0.3108108108108108
Mol_14997	2048	CNP0337749.2	0.8235294117647058
Mol_00220	2048	CNP0253749.1	0.6721311475409836
Mol_15972	2048	CNP0300503.2	0.8461538461538461
Mol_14999	2048	CNP0269497.5	0.6166666666666667
Mol_07248	2048	CNP0126079.0	0.5074626865671642
Mol_11513	2048	CNP0154384.0	0.3571428571428571
Mol_13557	2048	CNP0300503.2	0.8
Mol_11841	2048	CNP0492344.0	0.6788990825688074
Mol_04940	2048	CNP0422889.1	0.4166666666666667
Mol_01921	2048	CNP0153533.1	0.5227272727272727
Mol_18094	2048	CNP0156851.1	0.6
Mol_12943	2048	CNP0279593.0	1.0
Mol_17023	2048	CNP0377942.0	0.7666666666666667
Mol_07317	2048	CNP0086657.0	0.48
Mol_03712	2048	CNP0578230.0	0.2777777777777778
Mol_00752	2048	CNP0299068.2	0.7076923076923077
Mol_08806	2048	CNP0124719.0	0.4354838709677419
Mol_16923	2048	CNP0250091.0	0.8484848484848485
Mol_03381	2048	CNP0134827.2	0.5
Mol_00554	2048	CNP0161788.2	0.6111111111111112
Mol_14663	2048	CNP0182329.0	0.4590163934426229
Mol_02420	2048	CNP0113952.1	0.8888888888888888
Mol_13595	2048	CNP0113952.1	0.8888888888888888
Mol_14662	2048	CNP0182329.0	0.58
Mol_16512	2048	CNP0391838.0	0.6818181818181818
Mol_02549	2048	CNP0018090.0	0.4146341463414634
Mol_03572	2048	CNP0379747.3	0.8536585365853658
Mol_00472	2048	CNP0357320.1	0.7164179104477612
Mol_08998	2048	CNP0204867.0	0.5
Mol_11119	2048	CNP0350172.0	0.5862068965517241
Mol_04102	2048	CNP0148860.0	0.4561403508771929
Mol_14152	2048	CNP0358001.1	0.5952380952380952
Mol_00356	2048	CNP0242534.1	0.7777777777777778
Mol_09333	2048	CNP0189490.2	0.6808510638297872
Mol_15319	2048	CNP0178898.2	0.5569620253164557
Mol_12465	2048	CNP0324390.0	0.6060606060606061
Mol_14526	2048	CNP0179846.0	0.5384615384615384
Mol_16285	2048	CNP0547545.1	0.3684210526315789
Mol_12294	2048	CNP0216388.2	0.589041095890411
Mol_10779	2048	CNP0161577.3	0.6785714285714286
Mol_19095	2048	CNP0102677.1	0.6415094339622641
Mol_16182	2048	CNP0291100.1	0.5660377358490566
Mol_14600	2048	CNP0263059.2	0.4761904761904761
Mol_13827	2048	CNP0329789.1	0.7368421052631579
Mol_04988	2048	CNP0228005.0	0.6363636363636364
Mol_02720	2048	CNP0184386.1	0.3529411764705882
Mol_15955	2048	CNP0230502.5	0.8596491228070176
Mol_11473	2048	CNP0358116.0	0.8163265306122449
Mol_16732	2048	CNP0316706.1	0.55
Mol_05262	2048	CNP0196244.1	1.0
Mol_16613	2048	CNP0503578.0	0.3111111111111111
Mol_04127	2048	CNP0340931.1	0.6666666666666666
Mol_00788	2048	CNP0342617.1	0.2571428571428571
Mol_01973	2048	CNP0361805.1	0.3684210526315789
Mol_15603	2048	CNP0271595.0	0.4705882352941176
Mol_07439	2048	CNP0118012.0	0.4230769230769231
Mol_10771	2048	CNP0179846.0	0.5454545454545454
Mol_03711	2048	CNP0154248.0	0.3902439024390244
Mol_02690	2048	CNP0192941.1	0.6875
Mol_11763	2048	CNP0260228.0	0.7
Mol_01347	2048	CNP0547264.2	0.6923076923076923
Mol_02177	2048	CNP0435517.0	0.3584905660377358
Mol_16746	2048	CNP0322181.2	0.3137254901960784
Mol_02043	2048	CNP0432775.0	0.5
Mol_13018	2048	CNP0292524.2	0.3928571428571428
Mol_10893	2048	CNP0542102.0	0.3114754098360656
Mol_00255	2048	CNP0119899.0	0.58
Mol_08216	2048	CNP0299311.0	0.5660377358490566
Mol_14852	2048	CNP0354848.0	0.515625
Mol_01383	2048	CNP0273140.1	0.7333333333333333
Mol_16781	2048	CNP0564004.1	0.4897959183673469
Mol_03954	2048	CNP0119383.1	0.5074626865671642
Mol_08192	2048	CNP0177110.1	0.5352112676056338
Mol_14147	2048	CNP0045560.0	0.4285714285714285
Mol_14874	2048	CNP0260399.2	0.7142857142857143
Mol_19217	2048	CNP0320365.0	0.9615384615384616
Mol_14184	2048	CNP0148505.1	0.5641025641025641
Mol_00061	2048	CNP0105388.0	0.5
Mol_02590	2048	CNP0070954.0	0.6451612903225806
Mol_09069	2048	CNP0606217.0	0.4186046511627907
Mol_16281	2048	CNP0547545.1	0.5531914893617021
Mol_00754	2048	CNP0420306.5	0.8333333333333334
Mol_07513	2048	CNP0217869.3	0.5
Mol_07571	2048	CNP0110529.1	0.430379746835443
Mol_19094	2048	CNP0258161.1	0.5636363636363636
Mol_11673	2048	CNP0376410.4	0.4489795918367347
Mol_07521	2048	CNP0189174.1	0.3870967741935484
Mol_04954	2048	CNP0249777.3	0.7083333333333334
Mol_02914	2048	CNP0395374.1	0.9433962264150944
Mol_03264	2048	CNP0172396.1	0.6862745098039216
Mol_03266	2048	CNP0172396.1	0.6862745098039216
Mol_00033	2048	CNP0184996.1	0.5483870967741935
Mol_15260	2048	CNP0085861.0	0.2833333333333333
Mol_07515	2048	CNP0217869.3	0.5223880597014925
Mol_07518	2048	CNP0297274.1	0.6231884057971014
Mol_12263	2048	CNP0258161.1	0.5925925925925926
Mol_06188	2048	CNP0196244.1	1.0
Mol_14187	2048	CNP0528196.0	0.5555555555555556
Mol_04474	2048	CNP0196244.1	0.7857142857142857
Mol_19264	2048	CNP0244003.0	0.625
Mol_05230	2048	CNP0173106.0	0.6956521739130435
Mol_07403	2048	CNP0196244.1	1.0
Mol_16402	2048	CNP0173129.1	0.5652173913043478
Mol_08415	2048	CNP0313204.2	0.7916666666666666
Mol_01318	2048	CNP0242534.1	0.6862745098039216
Mol_11364	2048	CNP0161577.3	0.6785714285714286
Mol_01396	2048	CNP0368307.1	0.8103448275862069
Mol_09448	2048	CNP0260837.8	0.5961538461538461
Mol_03227	2048	CNP0236566.1	0.5531914893617021
Mol_00634	2048	CNP0171715.2	0.7864077669902912
Mol_15037	2048	CNP0263925.1	0.5094339622641509
Mol_18466	2048	CNP0155802.1	0.62
Mol_05101	2048	CNP0247484.1	0.6428571428571429
Mol_08703	2048	CNP0189142.2	0.4074074074074074
Mol_00027	2048	CNP0289982.5	0.6666666666666666
Mol_07560	2048	CNP0414697.1	0.5
Mol_15021	2048	CNP0270385.1	0.28
Mol_06169	2048	CNP0578230.0	0.3703703703703703
Mol_14122	2048	CNP0076319.0	0.9655172413793104
Mol_00973	2048	CNP0297274.1	0.7692307692307693
Mol_18975	2048	CNP0424030.1	0.5294117647058824
Mol_03898	2048	CNP0129819.0	0.5957446808510638
Mol_16306	2048	CNP0136309.0	0.6086956521739131
Mol_16308	2048	CNP0136309.0	0.6666666666666666
Mol_18415	2048	CNP0210431.2	0.5
Mol_18740	2048	CNP0207362.1	0.5915492957746479
Mol_01340	2048	CNP0421571.5	0.7647058823529411
Mol_16754	2048	CNP0214996.2	0.6949152542372882
Mol_18744	2048	CNP0207362.1	0.5915492957746479
Mol_14439	2048	CNP0347793.0	0.59375
Mol_13506	2048	CNP0236268.2	0.7792207792207793
Mol_04288	2048	CNP0178132.0	0.6388888888888888
Mol_00593	2048	CNP0175105.3	0.7792207792207793
Mol_00948	2048	CNP0108925.0	0.7567567567567568
Mol_11863	2048	CNP0382038.2	0.4791666666666667
Mol_09097	2048	CNP0331858.0	0.4677419354838709
Mol_00190	2048	CNP0431684.0	0.6216216216216216
Mol_02557	2048	CNP0265390.0	0.95
Mol_03609	2048	CNP0286890.0	0.5714285714285714
Mol_01458	2048	CNP0137490.0	0.639344262295082
Mol_16347	2048	CNP0242308.2	0.4117647058823529
Mol_15287	2048	CNP0379264.1	0.2972972972972973
Mol_07431	2048	CNP0283407.0	0.8333333333333334
Mol_16264	2048	CNP0208911.2	0.5106382978723404
Mol_15134	2048	CNP0269497.5	0.6166666666666667
Mol_00233	2048	CNP0327677.3	0.5806451612903226
Mol_02850	2048	CNP0184759.1	0.6666666666666666
Mol_08156	2048	CNP0303906.2	0.6212121212121212
Mol_10287	2048	CNP0120227.1	0.375
Mol_10278	2048	CNP0257240.1	0.3636363636363636
Mol_11082	2048	CNP0267324.1	0.6078431372549019
Mol_11084	2048	CNP0249059.0	0.6037735849056604
Mol_15491	2048	CNP0223410.4	0.490566037735849
Mol_02805	2048	CNP0494010.1	0.6938775510204082
Mol_01336	2048	CNP0367669.2	0.5853658536585366
Mol_00590	2048	CNP0138716.1	0.6363636363636364
Mol_11671	2048	CNP0118504.0	1.0
Mol_08390	2048	CNP0131248.0	0.5789473684210527
Mol_17022	2048	CNP0377942.0	0.7666666666666667
Mol_05187	2048	CNP0225742.0	0.7333333333333333
Mol_04128	2048	CNP0340931.1	0.4523809523809524
Mol_16722	2048	CNP0164607.0	0.6415094339622641
Mol_01445	2048	CNP0236854.3	0.640625
Mol_15880	2048	CNP0300258.2	0.55
Mol_12468	2048	CNP0361937.1	0.8974358974358975
Mol_12024	2048	CNP0350172.0	0.5416666666666666
Mol_14934	2048	CNP0153852.1	0.84
Mol_19247	2048	CNP0105837.0	0.4772727272727273
Mol_07284	2048	CNP0425444.1	0.4473684210526316
Mol_09076	2048	CNP0418152.1	0.4347826086956521
Mol_07751	2048	CNP0339630.0	0.4677419354838709
Mol_10273	2048	CNP0146077.1	0.4642857142857143
Mol_10177	2048	CNP0018066.0	0.4736842105263157
Mol_08207	2048	CNP0299311.0	0.6274509803921569
Mol_16226	2048	CNP0236566.1	0.6666666666666666
Mol_14193	2048	CNP0191446.0	0.6086956521739131
Mol_09372	2048	CNP0294287.2	0.6779661016949152
Mol_00598	2048	CNP0236268.2	0.5053763440860215
Mol_00227	2048	CNP0253749.1	0.6721311475409836
Mol_00265	2048	CNP0253749.1	0.6721311475409836
Mol_15973	2048	CNP0294797.1	0.8518518518518519
Mol_15961	2048	CNP0387028.3	0.5222222222222223
Mol_15855	2048	CNP0244750.9	0.7
Mol_15159	2048	CNP0150472.4	0.6515151515151515
Mol_15962	2048	CNP0387028.3	0.5222222222222223
Mol_10369	2048	CNP0262174.3	0.5416666666666666
Mol_15963	2048	CNP0387028.3	0.5222222222222223
Mol_00018	2048	CNP0172941.1	0.9285714285714286
Mol_01101	2048	CNP0352545.2	0.6885245901639344
Mol_15172	2048	CNP0184996.1	0.8260869565217391
Mol_13821	2048	CNP0199211.1	0.8085106382978723
Mol_18574	2048	CNP0184996.1	0.72
Mol_13345	2048	CNP0134780.1	0.3552631578947368
Mol_00753	2048	CNP0506348.1	0.8461538461538461
Mol_07707	2048	CNP0291265.5	0.8448275862068966
Mol_13404	2048	CNP0253360.0	0.6052631578947368
Mol_08250	2048	CNP0417287.1	0.5588235294117647
Mol_08999	2048	CNP0311899.0	0.660377358490566
Mol_08198	2048	CNP0318843.1	0.7678571428571429
Mol_11833	2048	CNP0529471.3	0.7272727272727273
Mol_10368	2048	CNP0243746.48	0.492063492063492
Mol_16928	2048	CNP0423273.0	0.5
Mol_01088	2048	CNP0303415.2	0.5396825396825397
Mol_14395	2048	CNP0250549.2	0.375
Mol_04700	2048	CNP0595263.1	0.5294117647058824
Mol_09763	2048	CNP0235125.1	0.42
Mol_00198	2048	CNP0287772.5	0.6896551724137931
Mol_17013	2048	CNP0151370.2	0.4603174603174603
Mol_16973	2048	CNP0248195.1	0.6333333333333333
Mol_09071	2048	CNP0136396.1	0.5681818181818182
Mol_00038	2048	CNP0184996.1	0.7636363636363637
Mol_08783	2048	CNP0223790.3	0.6571428571428571
Mol_09622	2048	CNP0314760.2	0.64
Mol_16282	2048	CNP0547545.1	0.5531914893617021
Mol_08302	2048	CNP0331858.0	0.4285714285714285
Mol_04735	2048	CNP0292178.3	0.609375
Mol_03490	2048	CNP0522612.0	0.7
Mol_09499	2048	CNP0252884.1	0.6346153846153846
Mol_10525	2048	CNP0522612.0	0.7
Mol_14539	2048	CNP0560337.1	0.7301587301587301
Mol_13537	2048	CNP0180618.1	0.352112676056338
Mol_09157	2048	CNP0212726.0	0.54
Mol_00182	2048	CNP0117601.1	0.64
Mol_01918	2048	CNP0376810.3	0.3061224489795918
Mol_15694	2048	CNP0424365.1	0.6129032258064516
Mol_09062	2048	CNP0251590.2	0.609375
Mol_16311	2048	CNP0586295.4	0.4166666666666667
Mol_02664	2048	CNP0328141.1	0.7613636363636364
Mol_19093	2048	CNP0231020.1	0.6415094339622641
Mol_04943	2048	CNP0317141.1	0.3888888888888889
Mol_08349	2048	CNP0245960.2	0.7
Mol_00243	2048	CNP0181859.1	0.5
Mol_09628	2048	CNP0209502.1	0.5757575757575758
Mol_04306	2048	CNP0308937.1	0.6323529411764706
Mol_04558	2048	CNP0262399.4	0.6923076923076923
Mol_04245	2048	CNP0308937.1	0.6417910447761194
Mol_11555	2048	CNP0215230.0	0.4310344827586206
Mol_09162	2048	CNP0121965.2	0.453125
Mol_18137	2048	CNP0173106.0	0.7391304347826086
Mol_07923	2048	CNP0154379.0	0.6666666666666666
Mol_15612	2048	CNP0311821.2	0.4035087719298245
Mol_04841	2048	CNP0126394.0	1.0
Mol_12921	2048	CNP0236738.1	0.7164179104477612
Mol_12907	2048	CNP0348707.1	0.7319587628865979
Mol_18969	2048	CNP0483275.1	0.6666666666666666
Mol_05065	2048	CNP0280093.1	0.6363636363636364
Mol_14687	2048	CNP0266045.3	0.7142857142857143
Mol_18179	2048	CNP0278457.1	0.2745098039215686
Mol_07444	2048	CNP0275891.4	0.5
Mol_14571	2048	CNP0333329.1	0.75
Mol_04261	2048	CNP0227515.2	0.5178571428571429
Mol_00241	2048	CNP0216219.1	0.6607142857142857
Mol_10332	2048	CNP0109444.2	0.4561403508771929
Mol_16195	2048	CNP0321987.11	0.631578947368421
Mol_15768	2048	CNP0130094.2	0.94
Mol_01459	2048	CNP0137490.0	0.639344262295082
Mol_16123	2048	CNP0295674.1	0.4833333333333333
Mol_16135	2048	CNP0299023.3	0.7833333333333333
Mol_09446	2048	CNP0260837.8	0.7954545454545454
Mol_14647	2048	CNP0102908.3	0.9148936170212766
Mol_14646	2048	CNP0102908.3	0.8936170212765957
Mol_07679	2048	CNP0149260.2	0.6451612903225806
Mol_08173	2048	CNP0241928.2	0.4861111111111111
Mol_01349	2048	CNP0177266.4	0.8076923076923077
Mol_08177	2048	CNP0226499.1	0.5573770491803278
Mol_08178	2048	CNP0226499.1	0.5862068965517241
Mol_13156	2048	CNP0220778.2	0.3692307692307692
Mol_07712	2048	CNP0291265.5	0.8448275862068966
Mol_07713	2048	CNP0291265.5	0.8448275862068966
Mol_14456	2048	CNP0337274.1	0.7580645161290323
Mol_12527	2048	CNP0312105.2	0.7164179104477612
Mol_02542	2048	CNP0262307.2	0.6226415094339622
Mol_18973	2048	CNP0371357.1	0.6060606060606061
Mol_00391	2048	CNP0137384.7	0.5454545454545454
Mol_12039	2048	CNP0196473.4	0.8695652173913043
Mol_01534	2048	CNP0232164.1	0.7368421052631579
Mol_00979	2048	CNP0120227.1	0.5434782608695652
Mol_05969	2048	CNP0261757.7	0.6730769230769231
Mol_05970	2048	CNP0156245.1	0.7037037037037037
Mol_05414	2048	CNP0224011.0	0.7
Mol_04955	2048	CNP0533378.1	0.7291666666666666
Mol_05816	2048	CNP0327012.1	0.3829787234042553
Mol_03385	2048	CNP0118118.1	0.5625
Mol_03669	2048	CNP0497311.1	0.3148148148148148
Mol_01150	2048	CNP0256079.1	0.6216216216216216
Mol_01165	2048	CNP0153533.1	0.5813953488372093
Mol_08670	2048	CNP0086983.0	0.3636363636363636
Mol_13466	2048	CNP0286434.1	0.4285714285714285
Mol_15019	2048	CNP0326549.1	0.2786885245901639
Mol_15020	2048	CNP0111802.1	0.2631578947368421
Mol_15017	2048	CNP0326549.1	0.2666666666666666
Mol_00244	2048	CNP0181859.1	0.5
Mol_00856	2048	CNP0138053.2	0.6086956521739131
Mol_11557	2048	CNP0215230.0	0.4310344827586206
Mol_07674	2048	CNP0273435.4	0.7169811320754716
Mol_11764	2048	CNP0528849.1	0.6545454545454545
Mol_00808	2048	CNP0258204.6	0.8620689655172413
Mol_15964	2048	CNP0387028.3	0.5222222222222223
Mol_15686	2048	CNP0261357.2	0.8717948717948718
Mol_15546	2048	CNP0158806.1	0.7108433734939759
Mol_07675	2048	CNP0149260.2	0.7272727272727273
Mol_16381	2048	CNP0164258.3	0.4347826086956521
Mol_01981	2048	CNP0349436.1	0.6857142857142857
Mol_08006	2048	CNP0197662.2	0.5925925925925926
Mol_08687	2048	CNP0132201.2	0.6833333333333333
Mol_01544	2048	CNP0144409.1	0.4848484848484848
Mol_15250	2048	CNP0242450.1	0.6785714285714286
Mol_00807	2048	CNP0259773.1	0.8163265306122449
Mol_01010	2048	CNP0294434.1	0.3676470588235294
Mol_06728	2048	CNP0178884.4	0.4038461538461538
Mol_05967	2048	CNP0165501.1	0.3934426229508196
Mol_02913	2048	CNP0429498.2	0.4929577464788732
Mol_13494	2048	CNP0273576.3	0.8490566037735849
Mol_14371	2048	CNP0115532.8	0.7735849056603774
Mol_10666	2048	CNP0546267.1	0.6341463414634146
Mol_02605	2048	CNP0166073.1	0.7567567567567568
Mol_01919	2048	CNP0376526.3	0.3111111111111111
Mol_04600	2048	CNP0332751.1	0.425531914893617
Mol_05805	2048	CNP0178884.4	0.5
Mol_07396	2048	CNP0257122.2	0.6896551724137931
Mol_09795	2048	CNP0230987.1	0.3684210526315789
Mol_19163	2048	CNP0107866.0	0.5454545454545454
Mol_07662	2048	CNP0173106.0	0.6956521739130435
Mol_01546	2048	CNP0248160.0	1.0
Mol_18079	2048	CNP0196244.1	0.7857142857142857
Mol_06096	2048	CNP0605892.0	0.32
Mol_12239	2048	CNP0357320.1	0.9830508474576272
Mol_01588	2048	CNP0264626.2	0.6153846153846154
Mol_05818	2048	CNP0327012.1	0.3829787234042553
Mol_07691	2048	CNP0346846.6	0.7818181818181819
Mol_00626	2048	CNP0282552.10	0.5793650793650794
Mol_15948	2048	CNP0201031.5	0.8181818181818182
Mol_13987	2048	CNP0380649.1	0.7232142857142857
Mol_13988	2048	CNP0380649.1	0.7232142857142857
Mol_13990	2048	CNP0380649.1	0.7280701754385965
Mol_12922	2048	CNP0299068.2	0.7076923076923077
Mol_00809	2048	CNP0258204.6	0.8620689655172413
Mol_01103	2048	CNP0258204.6	0.8620689655172413
Mol_01104	2048	CNP0258204.6	0.8620689655172413
Mol_13213	2048	CNP0258204.6	0.8620689655172413
Mol_02668	2048	CNP0328141.1	0.7613636363636364
Mol_17016	2048	CNP0348707.1	0.7319587628865979
Mol_08934	2048	CNP0197030.2	0.8591549295774648
Mol_08933	2048	CNP0258848.2	0.9154929577464788
Mol_04461	2048	CNP0155274.1	0.8448275862068966
Mol_12503	2048	CNP0286963.1	0.5360824742268041
Mol_11074	2048	CNP0395637.2	0.7951807228915663
Mol_13214	2048	CNP0258204.6	0.8620689655172413
Mol_10309	2048	CNP0264934.1	0.5058823529411764
Mol_04008	2048	CNP0301886.3	0.8484848484848485
Mol_00013	4096	CNP0177771.2	0.7468354430379747
Mol_00014	4096	CNP0177771.2	0.9565217391304348
Mol_00017	4096	CNP0347492.2	0.8275862068965517
Mol_00020	4096	CNP0147420.1	0.8153846153846154
Mol_00029	4096	CNP0229831.2	0.7384615384615385
Mol_00032	4096	CNP0270683.2	0.6666666666666666
Mol_00041	4096	CNP0142639.5	0.7435897435897436
Mol_00042	4096	CNP0229831.2	0.7540983606557377
Mol_00044	4096	CNP0156237.1	0.58
Mol_00049	4096	CNP0147943.1	0.3287671232876712
Mol_00050	4096	CNP0049588.4	0.3896103896103896
Mol_00051	4096	CNP0425914.1	0.2575757575757575
Mol_00052	4096	CNP0301563.1	0.4444444444444444
Mol_00053	4096	CNP0141425.0	0.6739130434782609
Mol_00054	4096	CNP0141425.0	0.6703296703296703
Mol_00058	4096	CNP0227113.2	0.6018518518518519
Mol_00059	4096	CNP0227113.2	0.6018518518518519
Mol_00080	4096	CNP0165609.2	0.578125
Mol_00081	4096	CNP0434985.1	0.5666666666666667
Mol_00082	4096	CNP0434985.1	0.660377358490566
Mol_00083	4096	CNP0429040.2	0.5370370370370371
Mol_00084	4096	CNP0429040.2	0.7959183673469388
Mol_00085	4096	CNP0429040.2	0.7959183673469388
Mol_00086	4096	CNP0429040.2	0.5636363636363636
Mol_00087	4096	CNP0434985.1	0.4571428571428571
Mol_00088	4096	CNP0441788.1	0.4230769230769231
Mol_00090	4096	CNP0433414.1	0.6666666666666666
Mol_00091	4096	CNP0433414.1	0.639344262295082
Mol_00094	4096	CNP0429040.2	0.7959183673469388
Mol_00095	4096	CNP0434985.1	0.7169811320754716
Mol_00096	4096	CNP0434985.1	0.7169811320754716
Mol_00097	4096	CNP0129852.1	0.711864406779661
Mol_00116	4096	CNP0431681.1	0.3529411764705882
Mol_00118	4096	CNP0178470.3	0.5
Mol_00120	4096	CNP0178470.3	0.5
Mol_00123	4096	CNP0140293.1	0.6666666666666666
Mol_00125	4096	CNP0435520.1	0.4821428571428571
Mol_00126	4096	CNP0129852.1	0.492063492063492
Mol_00127	4096	CNP0140293.1	0.4615384615384615
Mol_00128	4096	CNP0429040.2	0.5517241379310345
Mol_00129	4096	CNP0467907.1	0.5079365079365079
Mol_00136	4096	CNP0429040.2	0.7959183673469388
Mol_00137	4096	CNP0157004.1	0.5423728813559322
Mol_00143	4096	CNP0384975.4	0.4745762711864407
Mol_00157	4096	CNP0153449.2	0.6630434782608695
Mol_00174	4096	CNP0108752.0	0.3846153846153846
Mol_00175	4096	CNP0043545.0	0.6216216216216216
Mol_00188	4096	CNP0319197.1	0.5454545454545454
Mol_00223	4096	CNP0568923.0	0.574468085106383
Mol_00230	4096	CNP0085518.1	0.5094339622641509
Mol_00232	4096	CNP0327677.3	0.5079365079365079
Mol_00272	4096	CNP0191465.0	0.5416666666666666
Mol_00273	4096	CNP0191465.0	0.5777777777777777
Mol_00274	4096	CNP0191465.0	0.5777777777777777
Mol_00280	4096	CNP0211699.1	0.7777777777777778
Mol_00303	4096	CNP0544943.1	0.673469387755102
Mol_00366	4096	CNP0256422.0	0.5238095238095238
Mol_00376	4096	CNP0190614.1	0.3636363636363636
Mol_00380	4096	CNP0117973.2	0.4615384615384615
Mol_00381	4096	CNP0515168.0	0.45
Mol_00383	4096	CNP0128873.2	0.28125
Mol_00388	4096	CNP0240391.2	0.9052631578947368
Mol_00390	4096	CNP0279304.1	0.6194690265486725
Mol_00392	4096	CNP0108383.1	0.6779661016949152
Mol_00393	4096	CNP0279304.1	0.5689655172413793
Mol_00394	4096	CNP0240391.2	0.9052631578947368
Mol_00395	4096	CNP0240391.2	0.6448598130841121
Mol_00401	4096	CNP0100968.0	0.6111111111111112
Mol_00402	4096	CNP0319234.0	0.7678571428571429
Mol_00422	4096	CNP0157847.7	0.8131868131868132
Mol_00433	4096	CNP0314260.1	0.7719298245614035
Mol_00434	4096	CNP0201941.2	0.5846153846153846
Mol_00435	4096	CNP0314260.1	0.6567164179104478
Mol_00436	4096	CNP0162496.1	0.6395348837209303
Mol_00440	4096	CNP0139662.1	0.7207207207207207
Mol_00450	4096	CNP0243087.2	0.8818181818181818
Mol_00451	4096	CNP0243087.2	0.7767857142857143
Mol_00453	4096	CNP0245810.1	0.7222222222222222
Mol_00458	4096	CNP0249868.1	0.5508474576271186
Mol_00459	4096	CNP0245810.1	0.6532258064516129
Mol_00479	4096	CNP0297071.3	0.5
Mol_00480	4096	CNP0242732.2	0.611764705882353
Mol_00482	4096	CNP0297071.3	0.7936507936507936
Mol_00483	4096	CNP0238375.1	0.5454545454545454
Mol_00484	4096	CNP0297071.3	0.7833333333333333
Mol_00486	4096	CNP0281611.3	0.7073170731707317
Mol_00487	4096	CNP0297071.3	0.6329113924050633
Mol_00488	4096	CNP0281611.3	0.5280898876404494
Mol_00489	4096	CNP0281611.3	0.5319148936170213
Mol_00490	4096	CNP0281611.3	0.6666666666666666
Mol_00492	4096	CNP0281611.3	0.7073170731707317
Mol_00494	4096	CNP0162496.1	0.9178082191780822
Mol_00495	4096	CNP0262959.3	0.8666666666666667
Mol_00496	4096	CNP0281611.3	0.5494505494505495
Mol_00497	4096	CNP0181252.3	0.5617977528089888
Mol_00498	4096	CNP0302731.10	0.4601769911504424
Mol_00499	4096	CNP0199519.1	0.4787234042553192
Mol_00500	4096	CNP0314260.1	0.5285714285714286
Mol_00503	4096	CNP0273018.1	0.4235294117647059
Mol_00504	4096	CNP0273018.1	0.4235294117647059
Mol_00506	4096	CNP0238375.1	0.6
Mol_00507	4096	CNP0238375.1	0.8181818181818182
Mol_00508	4096	CNP0238375.1	0.7647058823529411
Mol_00509	4096	CNP0236217.1	0.5841584158415841
Mol_00510	4096	CNP0314260.1	0.525
Mol_00511	4096	CNP0198956.11	0.5512820512820513
Mol_00512	4096	CNP0198956.11	0.525
Mol_00513	4096	CNP0281611.3	0.7073170731707317
Mol_00521	4096	CNP0198956.11	0.5512820512820513
Mol_00530	4096	CNP0189918.2	0.576271186440678
Mol_00535	4096	CNP0185842.19	0.73
Mol_00536	4096	CNP0258112.2	0.8295454545454546
Mol_00537	4096	CNP0258112.2	0.8111111111111111
Mol_00538	4096	CNP0196591.10	0.7068965517241379
Mol_00539	4096	CNP0196591.10	0.8383838383838383
Mol_00540	4096	CNP0258112.2	0.9036144578313252
Mol_00541	4096	CNP0272236.1	0.6262626262626263
Mol_00542	4096	CNP0240206.1	0.620253164556962
Mol_00543	4096	CNP0272236.1	0.62
Mol_00544	4096	CNP0240206.1	0.6125
Mol_00545	4096	CNP0048354.2	0.9230769230769232
Mol_00546	4096	CNP0048354.2	0.9504950495049505
Mol_00547	4096	CNP0048354.2	0.9696969696969696
Mol_00551	4096	CNP0364116.3	0.6666666666666666
Mol_00552	4096	CNP0281611.3	0.6666666666666666
Mol_00556	4096	CNP0407951.1	0.4
Mol_00658	4096	CNP0094919.3	0.7062937062937062
Mol_00659	4096	CNP0094919.3	0.7062937062937062
Mol_00740	4096	CNP0134956.1	0.7121212121212122
Mol_00741	4096	CNP0426185.1	0.6444444444444445
Mol_00747	4096	CNP0333175.1	0.6774193548387096
Mol_00751	4096	CNP0255555.8	0.7288135593220338
Mol_00757	4096	CNP0142639.5	0.7380952380952381
Mol_00758	4096	CNP0142639.5	0.6813186813186813
Mol_00773	4096	CNP0142639.5	0.8311688311688312
Mol_00774	4096	CNP0420687.2	0.8783783783783784
Mol_00776	4096	CNP0142639.5	0.825
Mol_00778	4096	CNP0128986.1	0.7628865979381443
Mol_00781	4096	CNP0128986.1	0.7291666666666666
Mol_00782	4096	CNP0195240.2	0.8269230769230769
Mol_00784	4096	CNP0122262.3	0.3617021276595745
Mol_00793	4096	CNP0085071.1	0.8783783783783784
Mol_00794	4096	CNP0107478.0	0.8309859154929577
Mol_00834	4096	CNP0138660.2	0.9154929577464788
Mol_00840	4096	CNP0193157.1	0.609375
Mol_00843	4096	CNP0128879.3	0.65625
Mol_00844	4096	CNP0128879.3	0.6268656716417911
Mol_00846	4096	CNP0209619.1	0.5
Mol_00847	4096	CNP0209619.1	0.6607142857142857
Mol_00849	4096	CNP0160234.1	0.6153846153846154
Mol_00850	4096	CNP0209619.1	0.453125
Mol_00851	4096	CNP0321224.1	0.8333333333333334
Mol_00853	4096	CNP0143200.1	0.734375
Mol_00859	4096	CNP0586428.1	0.75
Mol_00864	4096	CNP0135233.3	0.7540983606557377
Mol_00873	4096	CNP0586428.1	0.75
Mol_00877	4096	CNP0143200.1	0.8
Mol_00878	4096	CNP0321224.1	0.8166666666666667
Mol_00879	4096	CNP0128879.3	0.65625
Mol_00882	4096	CNP0586428.1	0.75
Mol_00904	4096	CNP0586428.1	0.75
Mol_00907	4096	CNP0209619.1	0.6607142857142857
Mol_00908	4096	CNP0259552.3	0.7450980392156863
Mol_00909	4096	CNP0128879.3	0.6779661016949152
Mol_00910	4096	CNP0259552.3	0.7169811320754716
Mol_00911	4096	CNP0259552.3	0.7169811320754716
Mol_00912	4096	CNP0209619.1	0.7241379310344828
Mol_00913	4096	CNP0209619.1	0.7241379310344828
Mol_00914	4096	CNP0128879.3	0.65625
Mol_00915	4096	CNP0128879.3	0.65625
Mol_00943	4096	CNP0515481.2	0.5964912280701754
Mol_00944	4096	CNP0515481.2	0.4838709677419355
Mol_00945	4096	CNP0408100.2	0.5625
Mol_00946	4096	CNP0257533.0	0.64
Mol_00947	4096	CNP0108925.0	0.7567567567567568
Mol_00968	4096	CNP0365648.3	0.7796610169491526
Mol_00969	4096	CNP0278761.3	0.7076923076923077
Mol_00978	4096	CNP0080728.1	0.509090909090909
Mol_00980	4096	CNP0111406.2	0.475
Mol_01000	4096	CNP0559236.2	0.4745762711864407
Mol_01002	4096	CNP0001369.1	0.9135802469135802
Mol_01003	4096	CNP0001369.1	0.6555555555555556
Mol_01013	4096	CNP0266779.3	0.4729729729729729
Mol_01019	4096	CNP0266779.3	0.4383561643835616
Mol_01037	4096	CNP0266779.3	0.4285714285714285
Mol_01039	4096	CNP0202378.1	0.4868421052631579
Mol_01091	4096	CNP0279312.1	0.5166666666666667
Mol_01092	4096	CNP0193087.1	0.5172413793103449
Mol_01093	4096	CNP0279312.1	0.4305555555555556
Mol_01094	4096	CNP0300954.4	0.5657894736842105
Mol_01153	4096	CNP0166903.0	0.3636363636363636
Mol_01156	4096	CNP0085995.0	0.4230769230769231
Mol_01157	4096	CNP0547462.1	0.4516129032258064
Mol_01158	4096	CNP0087769.0	0.391304347826087
Mol_01160	4096	CNP0547462.1	0.4411764705882353
Mol_01188	4096	CNP0212722.4	0.4044943820224719
Mol_01196	4096	CNP0105223.1	0.7889908256880734
Mol_01197	4096	CNP0174122.4	0.7301587301587301
Mol_01199	4096	CNP0150599.3	0.75
Mol_01200	4096	CNP0002415.0	0.8311688311688312
Mol_01201	4096	CNP0423934.2	0.8651685393258427
Mol_01204	4096	CNP0285205.1	0.475
Mol_01209	4096	CNP0002415.0	0.8117647058823529
Mol_01210	4096	CNP0136082.1	0.8645833333333334
Mol_01223	4096	CNP0175962.0	0.7407407407407407
Mol_01225	4096	CNP0057461.0	0.5714285714285714
Mol_01241	4096	CNP0199266.11	0.819672131147541
Mol_01252	4096	CNP0407533.0	0.4468085106382978
Mol_01253	4096	CNP0521660.1	0.864406779661017
Mol_01254	4096	CNP0547543.1	0.6027397260273972
Mol_01255	4096	CNP0547543.1	0.8088235294117647
Mol_01256	4096	CNP0146418.2	0.676056338028169
Mol_01258	4096	CNP0521660.1	0.7096774193548387
Mol_01263	4096	CNP0198944.2	0.7678571428571429
Mol_01268	4096	CNP0201454.1	0.8478260869565217
Mol_01269	4096	CNP0227058.0	0.7959183673469388
Mol_01270	4096	CNP0144656.1	0.6727272727272727
Mol_01302	4096	CNP0312282.2	0.3414634146341463
Mol_01303	4096	CNP0272400.4	0.796875
Mol_01305	4096	CNP0184070.2	0.4653465346534653
Mol_01309	4096	CNP0392145.6	0.925925925925926
Mol_01310	4096	CNP0228412.6	0.9195402298850576
Mol_01364	4096	CNP0158753.5	0.9264705882352942
Mol_01380	4096	CNP0148451.1	0.5306122448979592
Mol_01417	4096	CNP0085995.0	0.3478260869565217
Mol_01418	4096	CNP0053316.0	0.6666666666666666
Mol_01421	4096	CNP0171313.0	0.6046511627906976
Mol_01423	4096	CNP0085995.0	0.3928571428571428
Mol_01426	4096	CNP0294224.0	0.5185185185185185
Mol_01429	4096	CNP0233033.0	0.4333333333333333
Mol_01439	4096	CNP0226244.0	0.3333333333333333
Mol_01446	4096	CNP0325458.1	0.4042553191489361
Mol_01449	4096	CNP0077684.1	0.8275862068965517
Mol_01450	4096	CNP0529245.2	0.4545454545454545
Mol_01453	4096	CNP0160428.0	0.7777777777777778
Mol_01454	4096	CNP0077682.1	0.7719298245614035
Mol_01475	4096	CNP0379890.1	0.7017543859649122
Mol_01476	4096	CNP0379890.1	0.7884615384615384
Mol_01478	4096	CNP0324055.1	0.7543859649122807
Mol_01485	4096	CNP0405068.3	0.5901639344262295
Mol_01491	4096	CNP0066778.0	0.4615384615384615
Mol_01492	4096	CNP0237971.1	0.6097560975609756
Mol_01497	4096	CNP0522196.0	0.6296296296296297
Mol_01498	4096	CNP0217312.0	0.7209302325581395
Mol_01499	4096	CNP0100968.0	0.6111111111111112
Mol_01515	4096	CNP0588556.1	0.3333333333333333
Mol_01516	4096	CNP0147341.1	0.7068965517241379
Mol_01517	4096	CNP0358339.1	0.627906976744186
Mol_01522	4096	CNP0451989.1	0.3636363636363636
Mol_01524	4096	CNP0131538.0	0.9696969696969696
Mol_01525	4096	CNP0255623.0	0.5869565217391305
Mol_01526	4096	CNP0280356.0	0.5263157894736842
Mol_01529	4096	CNP0228412.6	0.8444444444444444
Mol_01545	4096	CNP0198594.1	0.5714285714285714
Mol_01554	4096	CNP0221957.4	0.6428571428571429
Mol_01562	4096	CNP0419738.1	0.5
Mol_01563	4096	CNP0204108.1	0.4716981132075472
Mol_01587	4096	CNP0264055.2	0.3863636363636363
Mol_01596	4096	CNP0528512.0	0.5
Mol_01600	4096	CNP0165324.2	0.4615384615384615
Mol_01601	4096	CNP0188955.1	0.3888888888888889
Mol_01602	4096	CNP0310458.1	0.5384615384615384
Mol_01614	4096	CNP0192793.3	0.7111111111111111
Mol_01615	4096	CNP0298745.2	0.543859649122807
Mol_01616	4096	CNP0298745.2	0.7222222222222222
Mol_01617	4096	CNP0298745.2	0.3384615384615385
Mol_01618	4096	CNP0216725.2	0.3260869565217391
Mol_01642	4096	CNP0187661.6	0.5686274509803921
Mol_01647	4096	CNP0160393.1	0.6086956521739131
Mol_01659	4096	CNP0154955.0	0.4594594594594595
Mol_01676	4096	CNP0323063.2	0.4727272727272727
Mol_01687	4096	CNP0118113.0	0.56
Mol_01688	4096	CNP0118113.0	0.4210526315789473
Mol_01697	4096	CNP0190953.1	0.4821428571428571
Mol_01698	4096	CNP0144305.1	0.3661971830985915
Mol_01699	4096	CNP0461315.1	0.3142857142857143
Mol_01700	4096	CNP0217224.1	0.3333333333333333
Mol_01701	4096	CNP0124629.1	0.6111111111111112
Mol_01702	4096	CNP0131320.1	0.4423076923076923
Mol_01703	4096	CNP0240694.2	0.4074074074074074
Mol_01704	4096	CNP0493456.0	0.4727272727272727
Mol_01706	4096	CNP0234504.3	0.5918367346938775
Mol_01707	4096	CNP0219374.1	0.4528301886792453
Mol_01709	4096	CNP0124629.1	0.7884615384615384
Mol_01710	4096	CNP0192793.3	0.4285714285714285
Mol_01711	4096	CNP0193317.1	0.4696969696969697
Mol_01712	4096	CNP0226244.0	0.4423076923076923
Mol_01715	4096	CNP0250208.0	0.6530612244897959
Mol_01716	4096	CNP0043545.0	0.675
Mol_01721	4096	CNP0267123.0	0.3958333333333333
Mol_01723	4096	CNP0267123.0	0.4390243902439024
Mol_01725	4096	CNP0192793.3	0.64
Mol_01726	4096	CNP0192793.3	0.7111111111111111
Mol_01727	4096	CNP0192793.3	0.64
Mol_01728	4096	CNP0418759.5	0.4130434782608695
Mol_01729	4096	CNP0418759.5	0.4130434782608695
Mol_01730	4096	CNP0268625.1	0.3773584905660377
Mol_01731	4096	CNP0162687.1	0.54
Mol_01732	4096	CNP0383133.3	0.4375
Mol_01737	4096	CNP0274172.2	0.4727272727272727
Mol_01760	4096	CNP0368032.9	0.4038461538461538
Mol_01761	4096	CNP0368032.9	0.4038461538461538
Mol_01762	4096	CNP0368032.9	0.4038461538461538
Mol_01763	4096	CNP0368032.9	0.4772727272727273
Mol_01764	4096	CNP0349597.1	0.4782608695652174
Mol_01765	4096	CNP0349597.1	0.4782608695652174
Mol_01766	4096	CNP0349597.1	0.6
Mol_01767	4096	CNP0349597.1	0.4782608695652174
Mol_01768	4096	CNP0349597.1	0.4782608695652174
Mol_01770	4096	CNP0193317.1	0.4057971014492754
Mol_01771	4096	CNP0384975.4	0.4137931034482758
Mol_01772	4096	CNP0384975.4	0.4137931034482758
Mol_01773	4096	CNP0384975.4	0.4137931034482758
Mol_01774	4096	CNP0384975.4	0.4137931034482758
Mol_01775	4096	CNP0392480.1	0.2711864406779661
Mol_01776	4096	CNP0424576.1	0.3703703703703703
Mol_01777	4096	CNP0288517.1	0.717391304347826
Mol_01778	4096	CNP0418352.1	0.5625
Mol_01788	4096	CNP0365328.1	0.6346153846153846
Mol_01804	4096	CNP0234504.3	0.5102040816326531
Mol_01805	4096	CNP0316810.2	0.6363636363636364
Mol_01811	4096	CNP0341233.1	0.5192307692307693
Mol_01827	4096	CNP0303569.1	0.5409836065573771
Mol_01828	4096	CNP0153210.7	0.4459459459459459
Mol_01829	4096	CNP0153210.7	0.4459459459459459
Mol_01830	4096	CNP0153210.7	0.4189189189189189
Mol_01831	4096	CNP0220912.2	0.54
Mol_01832	4096	CNP0338939.2	0.582089552238806
Mol_01835	4096	CNP0273472.1	0.54
Mol_01885	4096	CNP0192793.3	0.7111111111111111
Mol_01916	4096	CNP0283762.1	0.3783783783783784
Mol_01920	4096	CNP0077737.1	0.4807692307692308
Mol_01924	4096	CNP0157330.2	0.4626865671641791
Mol_01940	4096	CNP0188475.2	0.903846153846154
Mol_01947	4096	CNP0259516.1	0.6595744680851063
Mol_01950	4096	CNP0217657.2	0.4444444444444444
Mol_01951	4096	CNP0295832.1	0.5535714285714286
Mol_01952	4096	CNP0153210.7	0.4189189189189189
Mol_01953	4096	CNP0115165.1	0.3896103896103896
Mol_01954	4096	CNP0115165.1	0.4155844155844156
Mol_01955	4096	CNP0115165.1	0.4155844155844156
Mol_01956	4096	CNP0153210.7	0.4459459459459459
Mol_01957	4096	CNP0153210.7	0.4459459459459459
Mol_01958	4096	CNP0115165.1	0.4210526315789473
Mol_01959	4096	CNP0193317.1	0.4084507042253521
Mol_01960	4096	CNP0305519.2	0.3846153846153846
Mol_01961	4096	CNP0602020.1	0.3684210526315789
Mol_01962	4096	CNP0148013.1	0.3623188405797101
Mol_01964	4096	CNP0148013.1	0.352112676056338
Mol_01985	4096	CNP0204128.0	0.4615384615384615
Mol_01986	4096	CNP0302412.3	0.3555555555555555
Mol_01987	4096	CNP0359173.0	0.375
Mol_01991	4096	CNP0132312.3	0.3611111111111111
Mol_01993	4096	CNP0309858.0	0.6666666666666666
Mol_01994	4096	CNP0138608.1	0.5882352941176471
Mol_01995	4096	CNP0154955.0	0.2926829268292683
Mol_01996	4096	CNP0309858.0	0.6666666666666666
Mol_01999	4096	CNP0285400.5	0.5789473684210527
Mol_02000	4096	CNP0285400.5	0.5789473684210527
Mol_02001	4096	CNP0132232.1	0.78
Mol_02002	4096	CNP0107520.1	0.7142857142857143
Mol_02003	4096	CNP0107520.1	0.7
Mol_02004	4096	CNP0336769.0	0.4857142857142857
Mol_02005	4096	CNP0336769.0	0.4459459459459459
Mol_02006	4096	CNP0336769.0	0.4383561643835616
Mol_02007	4096	CNP0166592.2	0.4057971014492754
Mol_02009	4096	CNP0162410.1	0.3728813559322034
Mol_02013	4096	CNP0204108.1	0.6041666666666666
Mol_02014	4096	CNP0206060.1	0.5925925925925926
Mol_02015	4096	CNP0219374.1	0.5
Mol_02016	4096	CNP0234504.3	0.5918367346938775
Mol_02018	4096	CNP0285400.5	0.6727272727272727
Mol_02020	4096	CNP0227286.1	0.5714285714285714
Mol_02031	4096	CNP0183531.1	0.4375
Mol_02033	4096	CNP0323662.1	0.5510204081632653
Mol_02038	4096	CNP0234504.3	0.5102040816326531
Mol_02044	4096	CNP0484144.0	0.4736842105263157
Mol_02048	4096	CNP0264196.0	0.4680851063829787
Mol_02049	4096	CNP0567317.0	0.423728813559322
Mol_02050	4096	CNP0567317.0	0.423728813559322
Mol_02058	4096	CNP0419738.1	0.5
Mol_02059	4096	CNP0118113.0	0.4210526315789473
Mol_02067	4096	CNP0118113.0	0.56
Mol_02072	4096	CNP0157330.2	0.4626865671641791
Mol_02087	4096	CNP0186942.1	0.6551724137931034
Mol_02088	4096	CNP0336650.3	0.6595744680851063
Mol_02089	4096	CNP0130793.4	0.6382978723404256
Mol_02090	4096	CNP0560989.1	0.5789473684210527
Mol_02091	4096	CNP0336650.3	0.6739130434782609
Mol_02092	4096	CNP0129859.1	0.4464285714285714
Mol_02093	4096	CNP0269048.5	0.559322033898305
Mol_02094	4096	CNP0136357.3	0.7884615384615384
Mol_02095	4096	CNP0227792.4	0.71875
Mol_02096	4096	CNP0336650.3	0.6140350877192983
Mol_02097	4096	CNP0130793.4	0.6595744680851063
Mol_02098	4096	CNP0117664.0	0.8448275862068966
Mol_02099	4096	CNP0560989.1	0.4833333333333333
Mol_02100	4096	CNP0336650.3	0.4615384615384615
Mol_02101	4096	CNP0560989.1	0.559322033898305
Mol_02102	4096	CNP0560989.1	0.5409836065573771
Mol_02103	4096	CNP0560989.1	0.559322033898305
Mol_02104	4096	CNP0158373.1	0.5238095238095238
Mol_02105	4096	CNP0140293.1	0.5692307692307692
Mol_02106	4096	CNP0115165.1	0.5492957746478874
Mol_02107	4096	CNP0115165.1	0.5492957746478874
Mol_02108	4096	CNP0318166.1	0.4464285714285714
Mol_02109	4096	CNP0115165.1	0.5070422535211268
Mol_02110	4096	CNP0115165.1	0.5735294117647058
Mol_02111	4096	CNP0115165.1	0.4929577464788732
Mol_02112	4096	CNP0232722.1	0.4428571428571428
Mol_02113	4096	CNP0395097.1	0.4487179487179487
Mol_02114	4096	CNP0303569.1	0.5
Mol_02119	4096	CNP0226490.2	0.7391304347826086
Mol_02120	4096	CNP0215089.3	0.5636363636363636
Mol_02148	4096	CNP0508286.0	0.423728813559322
Mol_02149	4096	CNP0287416.0	0.4705882352941176
Mol_02150	4096	CNP0430807.0	0.5161290322580645
Mol_02151	4096	CNP0430807.0	0.7192982456140351
Mol_02153	4096	CNP0287416.0	0.4807692307692308
Mol_02158	4096	CNP0359815.1	0.5211267605633803
Mol_02160	4096	CNP0208979.2	0.6567164179104478
Mol_02163	4096	CNP0232288.1	0.7741935483870968
Mol_02186	4096	CNP0113811.1	0.5373134328358209
Mol_02187	4096	CNP0113811.1	0.6
Mol_02190	4096	CNP0210862.4	0.5904761904761905
Mol_02191	4096	CNP0210862.4	0.5943396226415094
Mol_02193	4096	CNP0189580.2	0.5432098765432098
Mol_02194	4096	CNP0119876.2	0.8095238095238095
Mol_02199	4096	CNP0248357.1	0.5142857142857142
Mol_02200	4096	CNP0248357.1	0.4929577464788732
Mol_02210	4096	CNP0544943.1	0.6226415094339622
Mol_02244	4096	CNP0257240.1	0.6981132075471698
Mol_02245	4096	CNP0257240.1	0.6981132075471698
Mol_02246	4096	CNP0257240.1	0.625
Mol_02247	4096	CNP0210376.1	0.6338028169014085
Mol_02248	4096	CNP0210376.1	0.6081081081081081
Mol_02250	4096	CNP0220121.7	0.675
Mol_02253	4096	CNP0266886.2	0.6756756756756757
Mol_02254	4096	CNP0025019.1	0.4065934065934066
Mol_02255	4096	CNP0259473.2	0.3888888888888889
Mol_02256	4096	CNP0336462.1	0.4022988505747126
Mol_02257	4096	CNP0336462.1	0.4069767441860465
Mol_02258	4096	CNP0241037.3	0.4204545454545454
Mol_02259	4096	CNP0309024.3	0.72
Mol_02261	4096	CNP0336462.1	0.6712328767123288
Mol_02262	4096	CNP0309024.3	0.7912087912087912
Mol_02265	4096	CNP0279094.1	0.5
Mol_02266	4096	CNP0336462.1	0.7246376811594203
Mol_02277	4096	CNP0220121.7	0.5057471264367817
Mol_02285	4096	CNP0373216.3	0.5974025974025974
Mol_02288	4096	CNP0219543.9	0.5443037974683544
Mol_02295	4096	CNP0210376.1	0.4342105263157895
Mol_02296	4096	CNP0210376.1	0.4634146341463415
Mol_02303	4096	CNP0326480.1	0.7419354838709677
Mol_02311	4096	CNP0318332.2	1.0
Mol_02315	4096	CNP0318332.2	0.6590909090909091
Mol_02316	4096	CNP0245679.1	0.6923076923076923
Mol_02322	4096	CNP0274041.2	0.360655737704918
Mol_02323	4096	CNP0194436.1	0.3389830508474576
Mol_02356	4096	CNP0148860.0	0.6444444444444445
Mol_02357	4096	CNP0302049.0	0.6153846153846154
Mol_02380	4096	CNP0240544.1	0.379746835443038
Mol_02381	4096	CNP0240544.1	0.3571428571428571
Mol_02382	4096	CNP0240544.1	0.3411764705882353
Mol_02399	4096	CNP0170146.9	0.7162162162162162
Mol_02402	4096	CNP0125799.0	0.3442622950819672
Mol_02403	4096	CNP0125799.0	0.3666666666666666
Mol_02404	4096	CNP0257240.1	0.3846153846153846
Mol_02405	4096	CNP0125799.0	0.3548387096774194
Mol_02406	4096	CNP0419738.1	0.3333333333333333
Mol_02415	4096	CNP0309774.1	0.5512820512820513
Mol_02416	4096	CNP0150763.1	0.5287356321839081
Mol_02423	4096	CNP0241037.3	0.4583333333333333
Mol_02424	4096	CNP0241037.3	0.6428571428571429
Mol_02425	4096	CNP0279094.1	0.5057471264367817
Mol_02426	4096	CNP0336462.1	0.6447368421052632
Mol_02428	4096	CNP0336462.1	0.4597701149425287
Mol_02429	4096	CNP0279094.1	0.5714285714285714
Mol_02430	4096	CNP0241037.3	0.6493506493506493
Mol_02432	4096	CNP0241037.3	0.4659090909090909
Mol_02433	4096	CNP0310363.4	0.5454545454545454
Mol_02441	4096	CNP0258934.1	0.8533333333333334
Mol_02442	4096	CNP0178119.6	0.7411764705882353
Mol_02443	4096	CNP0258934.1	0.8533333333333334
Mol_02457	4096	CNP0025019.1	0.5411764705882353
Mol_02458	4096	CNP0025019.1	0.5054945054945055
Mol_02461	4096	CNP0025019.1	0.4285714285714285
Mol_02462	4096	CNP0025019.1	0.4020618556701031
Mol_02466	4096	CNP0354544.3	0.7297297297297297
Mol_02472	4096	CNP0174067.1	0.4615384615384615
Mol_02475	4096	CNP0257240.1	0.6296296296296297
Mol_02476	4096	CNP0297504.1	0.3235294117647059
Mol_02496	4096	CNP0065265.1	0.6781609195402298
Mol_02497	4096	CNP0589035.0	0.7142857142857143
Mol_02498	4096	CNP0589035.0	0.6555555555555556
Mol_02499	4096	CNP0170146.9	0.8082191780821918
Mol_02500	4096	CNP0457698.1	0.7529411764705882
Mol_02501	4096	CNP0170146.9	0.8904109589041096
Mol_02502	4096	CNP0589035.0	0.863013698630137
Mol_02503	4096	CNP0589035.0	0.7283950617283951
Mol_02504	4096	CNP0589035.0	0.7662337662337663
Mol_02505	4096	CNP0077241.1	0.358695652173913
Mol_02507	4096	CNP0287363.1	0.4675324675324675
Mol_02510	4096	CNP0257240.1	0.7254901960784313
Mol_02525	4096	CNP0323191.2	0.423728813559322
Mol_02528	4096	CNP0336462.1	0.7714285714285715
Mol_02529	4096	CNP0336462.1	0.6710526315789473
Mol_02530	4096	CNP0336462.1	0.7162162162162162
Mol_02532	4096	CNP0025019.1	0.5411764705882353
Mol_02545	4096	CNP0287834.4	0.6785714285714286
Mol_02551	4096	CNP0434626.1	0.3809523809523809
Mol_02571	4096	CNP0565483.0	0.847457627118644
Mol_02574	4096	CNP0106841.4	0.75
Mol_02616	4096	CNP0188241.1	0.8928571428571429
Mol_02617	4096	CNP0409961.1	0.8194444444444444
Mol_02618	4096	CNP0409961.1	0.8194444444444444
Mol_02619	4096	CNP0409961.1	0.5714285714285714
Mol_02620	4096	CNP0409961.1	0.6455696202531646
Mol_02621	4096	CNP0409961.1	0.6455696202531646
Mol_02622	4096	CNP0318875.3	0.6119402985074627
Mol_02625	4096	CNP0135315.1	0.6764705882352942
Mol_02630	4096	CNP0142639.5	0.821917808219178
Mol_02631	4096	CNP0584897.1	0.3578947368421052
Mol_02632	4096	CNP0321616.1	0.5172413793103449
Mol_02633	4096	CNP0372824.1	0.5057471264367817
Mol_02634	4096	CNP0287180.1	0.40625
Mol_02635	4096	CNP0166331.1	0.5569620253164557
Mol_02636	4096	CNP0321616.1	0.4745762711864407
Mol_02637	4096	CNP0581262.1	0.390625
Mol_02638	4096	CNP0372824.1	0.6351351351351351
Mol_02639	4096	CNP0372824.1	0.676056338028169
Mol_02640	4096	CNP0353826.1	0.75
Mol_02641	4096	CNP0372824.1	0.3823529411764705
Mol_02642	4096	CNP0372824.1	0.6712328767123288
Mol_02643	4096	CNP0372824.1	0.5975609756097561
Mol_02644	4096	CNP0410011.0	0.6451612903225806
Mol_02671	4096	CNP0351399.1	0.3623188405797101
Mol_02672	4096	CNP0104669.1	0.4375
Mol_02676	4096	CNP0265794.0	0.7142857142857143
Mol_02677	4096	CNP0232078.1	0.7647058823529411
Mol_02695	4096	CNP0287421.1	0.7924528301886793
Mol_02696	4096	CNP0211699.1	0.7777777777777778
Mol_02702	4096	CNP0341368.1	0.4642857142857143
Mol_02704	4096	CNP0222918.1	0.3777777777777777
Mol_02705	4096	CNP0132312.3	0.5
Mol_02707	4096	CNP0129542.0	0.3846153846153846
Mol_02709	4096	CNP0230789.0	0.5666666666666667
Mol_02713	4096	CNP0593366.2	0.2909090909090909
Mol_02714	4096	CNP0210482.1	0.3529411764705882
Mol_02717	4096	CNP0599868.0	0.3333333333333333
Mol_02722	4096	CNP0546152.0	0.3191489361702128
Mol_02726	4096	CNP0226088.4	0.5675675675675675
Mol_02727	4096	CNP0285805.0	0.6346153846153846
Mol_02751	4096	CNP0353541.0	0.6136363636363636
Mol_02781	4096	CNP0342229.2	0.8
Mol_02782	4096	CNP0342229.2	0.7166666666666667
Mol_02787	4096	CNP0240206.1	0.6666666666666666
Mol_02788	4096	CNP0368767.11	0.3132530120481928
Mol_02789	4096	CNP0186616.3	0.45
Mol_02790	4096	CNP0570814.1	0.5178571428571429
Mol_02791	4096	CNP0570814.1	0.5
Mol_02794	4096	CNP0250979.1	0.6351351351351351
Mol_02795	4096	CNP0250979.1	0.6351351351351351
Mol_02796	4096	CNP0250979.1	0.6351351351351351
Mol_02797	4096	CNP0250979.1	0.6103896103896104
Mol_02798	4096	CNP0187609.3	0.684931506849315
Mol_02808	4096	CNP0319683.1	0.4444444444444444
Mol_02809	4096	CNP0409545.3	0.5
Mol_02812	4096	CNP0319683.1	0.4857142857142857
Mol_02813	4096	CNP0319683.1	0.5072463768115942
Mol_02817	4096	CNP0351815.1	0.4520547945205479
Mol_02856	4096	CNP0187609.3	0.684931506849315
Mol_02860	4096	CNP0333683.1	0.7272727272727273
Mol_02885	4096	CNP0264954.1	0.5384615384615384
Mol_02886	4096	CNP0264954.1	0.5384615384615384
Mol_02887	4096	CNP0264954.1	0.5384615384615384
Mol_02888	4096	CNP0264954.1	0.5384615384615384
Mol_02902	4096	CNP0284698.4	1.0
Mol_02903	4096	CNP0285400.5	0.5789473684210527
Mol_02912	4096	CNP0350607.0	0.6666666666666666
Mol_02917	4096	CNP0180059.1	0.7857142857142857
Mol_02919	4096	CNP0205909.2	0.6911764705882353
Mol_02920	4096	CNP0180059.1	0.7361111111111112
Mol_02921	4096	CNP0184070.2	0.6506024096385542
Mol_02924	4096	CNP0216270.2	0.5164835164835165
Mol_02925	4096	CNP0194558.6	0.6111111111111112
Mol_02931	4096	CNP0137270.1	0.574468085106383
Mol_02934	4096	CNP0271226.4	0.6881720430107527
Mol_02938	4096	CNP0248314.1	0.5217391304347826
Mol_02945	4096	CNP0515503.1	0.5398230088495575
Mol_02946	4096	CNP0515503.1	0.5304347826086957
Mol_02947	4096	CNP0515503.1	0.5871559633027523
Mol_02948	4096	CNP0515503.1	0.6037735849056604
Mol_02949	4096	CNP0424019.1	0.4672131147540984
Mol_02950	4096	CNP0515503.1	0.6153846153846154
Mol_02951	4096	CNP0433835.1	0.6043956043956044
Mol_02953	4096	CNP0137270.1	0.6419753086419753
Mol_02954	4096	CNP0515503.1	0.6907216494845361
Mol_02956	4096	CNP0140637.5	0.8235294117647058
Mol_02957	4096	CNP0337633.7	0.6470588235294118
Mol_02960	4096	CNP0515503.1	0.4957983193277311
Mol_02961	4096	CNP0155182.5	0.7159090909090909
Mol_02962	4096	CNP0180129.4	0.631578947368421
Mol_02967	4096	CNP0103371.2	0.4634146341463415
Mol_02968	4096	CNP0103371.2	0.464
Mol_02969	4096	CNP0103371.2	0.5701754385964912
Mol_02970	4096	CNP0103371.2	0.5871559633027523
Mol_02971	4096	CNP0103371.2	0.5
Mol_02972	4096	CNP0180129.4	0.7303370786516854
Mol_02980	4096	CNP0167929.0	0.3661971830985915
Mol_03020	4096	CNP0200961.2	0.7096774193548387
Mol_03026	4096	CNP0148023.1	0.5795454545454546
Mol_03027	4096	CNP0372575.3	0.7066666666666667
Mol_03043	4096	CNP0082999.1	0.5849056603773585
Mol_03046	4096	CNP0266275.5	0.4266666666666667
Mol_03047	4096	CNP0134827.2	0.5633802816901409
Mol_03056	4096	CNP0547170.1	0.3653846153846153
Mol_03058	4096	CNP0432190.1	0.6984126984126984
Mol_03066	4096	CNP0565591.1	0.8823529411764706
Mol_03067	4096	CNP0251648.5	0.8809523809523809
Mol_03068	4096	CNP0565591.1	0.75
Mol_03077	4096	CNP0317438.1	0.6351351351351351
Mol_03091	4096	CNP0272396.7	0.6708860759493671
Mol_03092	4096	CNP0197956.1	0.8571428571428571
Mol_03095	4096	CNP0181884.1	0.8354430379746836
Mol_03096	4096	CNP0180446.3	0.8125
Mol_03097	4096	CNP0180446.3	0.9041095890410958
Mol_03098	4096	CNP0197956.1	0.9295774647887324
Mol_03099	4096	CNP0194992.1	0.7258064516129032
Mol_03100	4096	CNP0194992.1	0.7258064516129032
Mol_03101	4096	CNP0180446.3	0.6470588235294118
Mol_03103	4096	CNP0197956.1	0.4756097560975609
Mol_03106	4096	CNP0332151.1	0.7951807228915663
Mol_03108	4096	CNP0180446.3	0.8051948051948052
Mol_03110	4096	CNP0332151.1	0.5555555555555556
Mol_03111	4096	CNP0197956.1	0.5714285714285714
Mol_03118	4096	CNP0194992.1	0.6
Mol_03125	4096	CNP0181884.1	0.8536585365853658
Mol_03126	4096	CNP0104719.2	0.7157894736842105
Mol_03127	4096	CNP0348307.3	0.6947368421052632
Mol_03128	4096	CNP0348307.3	0.6057692307692307
Mol_03134	4096	CNP0138660.2	0.8026315789473685
Mol_03135	4096	CNP0415864.5	0.8648648648648649
Mol_03141	4096	CNP0162063.0	0.65
Mol_03145	4096	CNP0138660.2	0.9054054054054054
Mol_03161	4096	CNP0197956.1	0.6582278481012658
Mol_03162	4096	CNP0181884.1	0.8354430379746836
Mol_03179	4096	CNP0544943.1	0.490566037735849
Mol_03198	4096	CNP0078616.1	0.5208333333333334
Mol_03199	4096	CNP0305578.3	0.48
Mol_03200	4096	CNP0351870.1	0.5
Mol_03201	4096	CNP0066977.4	0.5185185185185185
Mol_03206	4096	CNP0287556.2	0.3225806451612903
Mol_03207	4096	CNP0199574.1	0.4385964912280701
Mol_03208	4096	CNP0131601.1	0.4210526315789473
Mol_03210	4096	CNP0376628.1	0.6666666666666666
Mol_03228	4096	CNP0336240.0	0.7837837837837838
Mol_03229	4096	CNP0336240.0	0.7804878048780488
Mol_03230	4096	CNP0336240.0	0.675
Mol_03231	4096	CNP0336240.0	0.574468085106383
Mol_03232	4096	CNP0570159.1	0.6
Mol_03234	4096	CNP0342229.2	0.8125
Mol_03239	4096	CNP0135315.1	0.6923076923076923
Mol_03240	4096	CNP0275318.3	0.9183673469387756
Mol_03241	4096	CNP0275318.3	0.7857142857142857
Mol_03255	4096	CNP0304879.1	0.6938775510204082
Mol_03256	4096	CNP0152738.4	0.5185185185185185
Mol_03257	4096	CNP0335169.3	0.6470588235294118
Mol_03265	4096	CNP0304879.1	0.5666666666666667
Mol_03273	4096	CNP0142378.1	0.3529411764705882
Mol_03288	4096	CNP0588170.1	0.631578947368421
Mol_03290	4096	CNP0526868.1	0.3934426229508196
Mol_03306	4096	CNP0264196.0	0.6216216216216216
Mol_03307	4096	CNP0123101.0	0.7045454545454546
Mol_03308	4096	CNP0553878.1	0.609375
Mol_03335	4096	CNP0188742.2	0.5
Mol_03345	4096	CNP0380405.3	0.46875
Mol_03346	4096	CNP0277259.2	0.6153846153846154
Mol_03348	4096	CNP0283478.1	0.7037037037037037
Mol_03349	4096	CNP0380405.3	0.7192982456140351
Mol_03350	4096	CNP0530101.1	0.547945205479452
Mol_03351	4096	CNP0229831.2	0.7540983606557377
Mol_03354	4096	CNP0208199.1	0.72
Mol_03355	4096	CNP0517671.1	0.5
Mol_03356	4096	CNP0276692.2	0.7647058823529411
Mol_03365	4096	CNP0549200.1	0.2906976744186046
Mol_03366	4096	CNP0549200.1	0.3012048192771084
Mol_03367	4096	CNP0549200.1	0.2352941176470588
Mol_03368	4096	CNP0549200.1	0.2352941176470588
Mol_03369	4096	CNP0549200.1	0.2307692307692307
Mol_03370	4096	CNP0300703.2	0.2358490566037736
Mol_03371	4096	CNP0172347.1	0.25
Mol_03373	4096	CNP0049536.0	0.2941176470588235
Mol_03374	4096	CNP0549200.1	0.2840909090909091
Mol_03375	4096	CNP0549200.1	0.2790697674418604
Mol_03376	4096	CNP0549200.1	0.2580645161290322
Mol_03377	4096	CNP0549200.1	0.2526315789473684
Mol_03378	4096	CNP0549200.1	0.2873563218390804
Mol_03382	4096	CNP0219984.4	0.4794520547945205
Mol_03395	4096	CNP0072534.2	0.5833333333333334
Mol_03399	4096	CNP0588170.1	0.631578947368421
Mol_03401	4096	CNP0239818.2	0.5416666666666666
Mol_03412	4096	CNP0204732.0	0.6756756756756757
Mol_03413	4096	CNP0204732.0	1.0
Mol_03417	4096	CNP0204732.0	0.7105263157894737
Mol_03418	4096	CNP0204732.0	0.7073170731707317
Mol_03419	4096	CNP0491782.0	0.6
Mol_03420	4096	CNP0204732.0	0.6756756756756757
Mol_03426	4096	CNP0182315.0	0.6904761904761905
Mol_03427	4096	CNP0182315.0	0.627906976744186
Mol_03428	4096	CNP0182315.0	0.6904761904761905
Mol_03435	4096	CNP0248291.3	0.6052631578947368
Mol_03438	4096	CNP0277846.13	0.7777777777777778
Mol_03439	4096	CNP0230769.2	0.6666666666666666
Mol_03440	4096	CNP0109831.2	0.6964285714285714
Mol_03452	4096	CNP0288920.0	0.6857142857142857
Mol_03458	4096	CNP0118326.0	0.5625
Mol_03459	4096	CNP0152954.0	0.75
Mol_03468	4096	CNP0566385.0	0.3846153846153846
Mol_03469	4096	CNP0045146.0	0.3043478260869565
Mol_03479	4096	CNP0230769.2	0.6666666666666666
Mol_03485	4096	CNP0131809.0	0.4603174603174603
Mol_03486	4096	CNP0432345.0	0.4047619047619047
Mol_03492	4096	CNP0109563.3	0.5208333333333334
Mol_03498	4096	CNP0200861.2	0.4411764705882353
Mol_03520	4096	CNP0260454.3	0.85
Mol_03521	4096	CNP0260454.3	0.85
Mol_03575	4096	CNP0269512.3	0.8170731707317073
Mol_03576	4096	CNP0347492.2	0.8275862068965517
Mol_03581	4096	CNP0276000.1	0.8295454545454546
Mol_03595	4096	CNP0429815.1	0.4
Mol_03598	4096	CNP0217175.9	0.7142857142857143
Mol_03639	4096	CNP0454719.3	0.75
Mol_03640	4096	CNP0466868.1	0.6666666666666666
Mol_03641	4096	CNP0138490.6	0.6296296296296297
Mol_03642	4096	CNP0138490.6	0.6296296296296297
Mol_03659	4096	CNP0387028.3	0.4157303370786517
Mol_03661	4096	CNP0188694.1	0.3516483516483517
Mol_03662	4096	CNP0188694.1	0.3516483516483517
Mol_03663	4096	CNP0422889.1	0.2653061224489796
Mol_03664	4096	CNP0122773.2	0.2835820895522388
Mol_03672	4096	CNP0387028.3	0.4157303370786517
Mol_03673	4096	CNP0224531.1	0.3666666666666666
Mol_03674	4096	CNP0135405.1	0.4025974025974026
Mol_03675	4096	CNP0135405.1	0.4025974025974026
Mol_03676	4096	CNP0285180.1	0.4938271604938271
Mol_03677	4096	CNP0285180.1	0.4938271604938271
Mol_03678	4096	CNP0432535.2	0.4430379746835443
Mol_03679	4096	CNP0432535.2	0.4430379746835443
Mol_03680	4096	CNP0125764.2	0.7142857142857143
Mol_03681	4096	CNP0125764.2	0.7142857142857143
Mol_03682	4096	CNP0350744.0	0.625
Mol_03683	4096	CNP0350744.0	0.625
Mol_03684	4096	CNP0350744.0	0.6349206349206349
Mol_03685	4096	CNP0350744.0	0.6349206349206349
Mol_03686	4096	CNP0350744.0	0.5972222222222222
Mol_03687	4096	CNP0125764.2	0.6493506493506493
Mol_03688	4096	CNP0187266.1	0.8255813953488372
Mol_03689	4096	CNP0183392.3	0.8850574712643678
Mol_03691	4096	CNP0067439.4	0.6625
Mol_03693	4096	CNP0187266.1	0.8255813953488372
Mol_03694	4096	CNP0187266.1	0.8255813953488372
Mol_03697	4096	CNP0276276.5	0.8823529411764706
Mol_03698	4096	CNP0183392.3	0.9047619047619048
Mol_03699	4096	CNP0183392.3	0.9047619047619048
Mol_03704	4096	CNP0067439.4	0.625
Mol_03705	4096	CNP0134235.6	0.74
Mol_03707	4096	CNP0298736.4	0.6666666666666666
Mol_03721	4096	CNP0150261.3	0.3793103448275862
Mol_03730	4096	CNP0166680.1	0.3902439024390244
Mol_03732	4096	CNP0132352.2	0.4761904761904761
Mol_03734	4096	CNP0132352.2	0.4761904761904761
Mol_03739	4096	CNP0166680.1	0.4047619047619047
Mol_03740	4096	CNP0166680.1	0.4090909090909091
Mol_03741	4096	CNP0166680.1	0.3809523809523809
Mol_03742	4096	CNP0266446.1	0.5555555555555556
Mol_03743	4096	CNP0113292.2	0.509090909090909
Mol_03745	4096	CNP0166680.1	0.4166666666666667
Mol_03748	4096	CNP0266446.1	0.4339622641509434
Mol_03749	4096	CNP0132352.2	0.4782608695652174
Mol_03751	4096	CNP0276935.1	0.4210526315789473
Mol_03752	4096	CNP0166680.1	0.4871794871794871
Mol_03753	4096	CNP0132352.2	0.7
Mol_03754	4096	CNP0166680.1	0.4523809523809524
Mol_03755	4096	CNP0426145.1	0.5208333333333334
Mol_03756	4096	CNP0273721.1	0.4901960784313725
Mol_03757	4096	CNP0509581.1	0.4193548387096774
Mol_03758	4096	CNP0204865.3	0.3253012048192771
Mol_03762	4096	CNP0426145.1	0.293103448275862
Mol_03763	4096	CNP0132352.2	0.4489795918367347
Mol_03764	4096	CNP0166680.1	0.4166666666666667
Mol_03768	4096	CNP0276935.1	0.4705882352941176
Mol_03769	4096	CNP0132352.2	0.48
Mol_03770	4096	CNP0336769.0	0.4833333333333333
Mol_03771	4096	CNP0336769.0	0.4833333333333333
Mol_03772	4096	CNP0068995.1	0.6792452830188679
Mol_03774	4096	CNP0532034.3	0.5925925925925926
Mol_03777	4096	CNP0166680.1	0.5121951219512195
Mol_03784	4096	CNP0532034.3	0.4696969696969697
Mol_03785	4096	CNP0136758.7	0.5858585858585859
Mol_03786	4096	CNP0136758.7	0.4594594594594595
Mol_03791	4096	CNP0185845.3	0.6338028169014085
Mol_03793	4096	CNP0284432.1	0.4942528735632184
Mol_03795	4096	CNP0185845.3	0.5066666666666667
Mol_03796	4096	CNP0136758.7	0.5188679245283019
Mol_03797	4096	CNP0185845.3	0.6527777777777778
Mol_03798	4096	CNP0136758.7	0.6
Mol_03799	4096	CNP0311862.2	0.4823529411764706
Mol_03800	4096	CNP0229909.2	0.5813953488372093
Mol_03801	4096	CNP0229909.2	0.5813953488372093
Mol_03802	4096	CNP0284432.1	0.6075949367088608
Mol_03803	4096	CNP0331000.2	0.7142857142857143
Mol_03804	4096	CNP0208731.3	0.7215189873417721
Mol_03805	4096	CNP0311862.2	0.4823529411764706
Mol_03810	4096	CNP0547435.0	0.6444444444444445
Mol_03812	4096	CNP0144656.1	0.6792452830188679
Mol_03842	4096	CNP0528107.1	0.7317073170731707
Mol_03844	4096	CNP0221911.2	0.6507936507936508
Mol_03847	4096	CNP0287160.1	0.5666666666666667
Mol_03849	4096	CNP0287160.1	0.55
Mol_03850	4096	CNP0228818.0	0.627906976744186
Mol_03859	4096	CNP0424851.1	0.8333333333333334
Mol_03866	4096	CNP0567317.0	0.5957446808510638
Mol_03871	4096	CNP0150465.5	0.5108695652173914
Mol_03874	4096	CNP0426347.1	0.6864406779661016
Mol_03946	4096	CNP0576104.1	0.9634146341463414
Mol_03947	4096	CNP0576104.1	0.8681318681318682
Mol_03948	4096	CNP0576104.1	0.8977272727272727
Mol_03949	4096	CNP0209370.1	0.582089552238806
Mol_03950	4096	CNP0217925.5	0.676923076923077
Mol_03951	4096	CNP0257148.2	0.7
Mol_03952	4096	CNP0209370.1	0.6666666666666666
Mol_03955	4096	CNP0201607.1	0.4487179487179487
Mol_03956	4096	CNP0209370.1	0.6029411764705882
Mol_03957	4096	CNP0548451.1	0.4492753623188406
Mol_03958	4096	CNP0403793.3	0.3846153846153846
Mol_03959	4096	CNP0209370.1	0.6896551724137931
Mol_03961	4096	CNP0174063.1	0.3333333333333333
Mol_03962	4096	CNP0174063.1	0.3389830508474576
Mol_03980	4096	CNP0223869.2	0.8271604938271605
Mol_03981	4096	CNP0591946.0	0.8247422680412371
Mol_03982	4096	CNP0223869.2	0.881578947368421
Mol_03983	4096	CNP0223869.2	0.7701149425287356
Mol_03984	4096	CNP0223869.2	0.8271604938271605
Mol_03986	4096	CNP0124932.3	0.69
Mol_03987	4096	CNP0200040.2	0.6372549019607843
Mol_03991	4096	CNP0194328.0	0.5121951219512195
Mol_04001	4096	CNP0254195.3	0.7567567567567568
Mol_04013	4096	CNP0423934.2	0.7954545454545454
Mol_04029	4096	CNP0178480.1	0.8152173913043478
Mol_04030	4096	CNP0178480.1	0.7058823529411765
Mol_04031	4096	CNP0178480.1	0.69
Mol_04032	4096	CNP0178480.1	0.5742574257425742
Mol_04042	4096	CNP0178480.1	0.6091954022988506
Mol_04043	4096	CNP0189918.2	0.5384615384615384
Mol_04044	4096	CNP0197212.3	0.5873015873015873
Mol_04046	4096	CNP0212663.2	0.5538461538461539
Mol_04048	4096	CNP0201721.9	0.6078431372549019
Mol_04049	4096	CNP0048354.2	0.9696969696969696
Mol_04050	4096	CNP0198956.11	0.525
Mol_04059	4096	CNP0199783.1	0.421875
Mol_04060	4096	CNP0316848.0	0.55
Mol_04061	4096	CNP0353403.1	0.4571428571428571
Mol_04062	4096	CNP0086624.0	0.7468354430379747
Mol_04063	4096	CNP0086624.0	0.7564102564102564
Mol_04064	4096	CNP0086624.0	0.5517241379310345
Mol_04065	4096	CNP0348333.3	0.4705882352941176
Mol_04066	4096	CNP0140829.0	0.5128205128205128
Mol_04067	4096	CNP0316848.0	0.6052631578947368
Mol_04068	4096	CNP0302049.0	0.5348837209302325
Mol_04069	4096	CNP0321543.2	0.6326530612244898
Mol_04070	4096	CNP0321543.2	0.8260869565217391
Mol_04073	4096	CNP0509741.1	0.6376811594202898
Mol_04087	4096	CNP0385676.1	0.2727272727272727
Mol_04088	4096	CNP0326067.0	0.5625
Mol_04089	4096	CNP0502293.3	0.625
Mol_04097	4096	CNP0117599.1	0.4782608695652174
Mol_04100	4096	CNP0227977.3	0.559322033898305
Mol_04101	4096	CNP0227977.3	0.559322033898305
Mol_04104	4096	CNP0249479.0	0.7804878048780488
Mol_04105	4096	CNP0148860.0	0.7272727272727273
Mol_04106	4096	CNP0249479.0	0.6666666666666666
Mol_04107	4096	CNP0234064.0	0.5581395348837209
Mol_04110	4096	CNP0181408.1	0.2631578947368421
Mol_04113	4096	CNP0175962.0	0.3333333333333333
Mol_04114	4096	CNP0215747.1	0.76
Mol_04125	4096	CNP0196524.1	0.5283018867924528
Mol_04126	4096	CNP0196524.1	0.509090909090909
Mol_04129	4096	CNP0162183.0	0.3902439024390244
Mol_04132	4096	CNP0509741.1	0.7121212121212122
Mol_04133	4096	CNP0549457.0	0.7307692307692307
Mol_04135	4096	CNP0222388.1	0.3235294117647059
Mol_04136	4096	CNP0432865.1	0.8852459016393442
Mol_04137	4096	CNP0213259.0	0.5384615384615384
Mol_04143	4096	CNP0159495.1	0.6724137931034483
Mol_04159	4096	CNP0509741.1	0.4242424242424242
Mol_04160	4096	CNP0509741.1	0.3846153846153846
Mol_04162	4096	CNP0509741.1	0.6610169491525424
Mol_04163	4096	CNP0509741.1	0.6567164179104478
Mol_04164	4096	CNP0509741.1	0.6764705882352942
Mol_04165	4096	CNP0509741.1	0.6521739130434783
Mol_04167	4096	CNP0222388.1	0.4516129032258064
Mol_04170	4096	CNP0453148.1	0.5833333333333334
Mol_04171	4096	CNP0127930.1	0.6617647058823529
Mol_04173	4096	CNP0378224.0	0.5882352941176471
Mol_04175	4096	CNP0333289.2	0.6571428571428571
Mol_04196	4096	CNP0452903.1	0.4482758620689655
Mol_04203	4096	CNP0137560.1	0.8125
Mol_04204	4096	CNP0137560.1	0.8524590163934426
Mol_04205	4096	CNP0137560.1	0.8524590163934426
Mol_04206	4096	CNP0137560.1	0.8
Mol_04207	4096	CNP0137560.1	0.8
Mol_04208	4096	CNP0137560.1	0.8524590163934426
Mol_04210	4096	CNP0137560.1	0.7428571428571429
Mol_04211	4096	CNP0137560.1	0.8524590163934426
Mol_04212	4096	CNP0124629.1	0.7368421052631579
Mol_04228	4096	CNP0268314.2	0.3555555555555555
Mol_04232	4096	CNP0358053.1	0.42
Mol_04234	4096	CNP0264121.0	0.3076923076923077
Mol_04244	4096	CNP0078246.0	0.5925925925925926
Mol_04248	4096	CNP0156851.1	0.358974358974359
Mol_04256	4096	CNP0547861.0	0.3947368421052631
Mol_04266	4096	CNP0173929.1	0.3918918918918919
Mol_04269	4096	CNP0389229.1	0.8235294117647058
Mol_04280	4096	CNP0239952.6	0.5740740740740741
Mol_04281	4096	CNP0146780.3	0.4657534246575342
Mol_04282	4096	CNP0239952.6	0.6949152542372882
Mol_04283	4096	CNP0086724.3	0.4861111111111111
Mol_04284	4096	CNP0146780.3	0.5285714285714286
Mol_04291	4096	CNP0397959.1	0.671875
Mol_04292	4096	CNP0397959.1	0.8571428571428571
Mol_04293	4096	CNP0397959.1	0.8307692307692308
Mol_04294	4096	CNP0397959.1	0.7761194029850746
Mol_04301	4096	CNP0086924.0	0.5862068965517241
Mol_04302	4096	CNP0489847.0	0.5
Mol_04303	4096	CNP0371170.1	0.7777777777777778
Mol_04304	4096	CNP0371170.1	0.6486486486486487
Mol_04305	4096	CNP0371170.1	0.8412698412698413
Mol_04314	4096	CNP0263547.2	0.7213114754098361
Mol_04315	4096	CNP0263547.2	0.6521739130434783
Mol_04316	4096	CNP0263547.2	0.4868421052631579
Mol_04317	4096	CNP0263547.2	0.6666666666666666
Mol_04318	4096	CNP0263547.2	0.8615384615384616
Mol_04321	4096	CNP0198594.1	0.5714285714285714
Mol_04322	4096	CNP0294956.2	0.5263157894736842
Mol_04323	4096	CNP0099785.1	0.5641025641025641
Mol_04324	4096	CNP0521933.1	0.5333333333333333
Mol_04338	4096	CNP0433366.2	0.4186046511627907
Mol_04339	4096	CNP0433366.2	0.4186046511627907
Mol_04340	4096	CNP0155361.2	0.575
Mol_04341	4096	CNP0155361.2	0.575
Mol_04361	4096	CNP0239952.6	0.4705882352941176
Mol_04364	4096	CNP0397959.1	0.676056338028169
Mol_04365	4096	CNP0397959.1	0.5375
Mol_04370	4096	CNP0211699.1	0.7777777777777778
Mol_04373	4096	CNP0273083.1	0.7966101694915254
Mol_04405	4096	CNP0336321.2	0.5833333333333334
Mol_04413	4096	CNP0322307.1	0.6491228070175439
Mol_04414	4096	CNP0322307.1	0.6379310344827587
Mol_04416	4096	CNP0336321.2	0.5833333333333334
Mol_04417	4096	CNP0397959.1	0.44
Mol_04430	4096	CNP0239952.6	0.4705882352941176
Mol_04431	4096	CNP0049588.4	0.5211267605633803
Mol_04433	4096	CNP0397959.1	0.8135593220338984
Mol_04449	4096	CNP0359917.0	0.5636363636363636
Mol_04462	4096	CNP0211669.1	0.5522388059701493
Mol_04463	4096	CNP0038681.1	0.4864864864864865
Mol_04464	4096	CNP0424309.1	0.6610169491525424
Mol_04465	4096	CNP0038681.1	0.7258064516129032
Mol_04551	4096	CNP0088176.3	0.6
Mol_04552	4096	CNP0144768.1	0.5882352941176471
Mol_04553	4096	CNP0136597.6	0.6538461538461539
Mol_04554	4096	CNP0122677.1	0.5238095238095238
Mol_04555	4096	CNP0266491.5	0.4354838709677419
Mol_04556	4096	CNP0494801.1	0.4509803921568627
Mol_04557	4096	CNP0144525.2	0.4444444444444444
Mol_04560	4096	CNP0389229.1	0.4534883720930232
Mol_04575	4096	CNP0171655.1	0.268041237113402
Mol_04577	4096	CNP0243186.1	0.8271604938271605
Mol_04578	4096	CNP0049588.4	0.5797101449275363
Mol_04579	4096	CNP0397959.1	0.5
Mol_04581	4096	CNP0197096.4	0.8153846153846154
Mol_04587	4096	CNP0239952.6	0.5147058823529411
Mol_04588	4096	CNP0239952.6	0.5
Mol_04619	4096	CNP0263547.2	0.7857142857142857
Mol_04620	4096	CNP0263547.2	0.6103896103896104
Mol_04621	4096	CNP0263547.2	0.7857142857142857
Mol_04645	4096	CNP0298736.4	0.5098039215686274
Mol_04646	4096	CNP0193444.1	0.5
Mol_04647	4096	CNP0298736.4	0.6219512195121951
Mol_04648	4096	CNP0240388.1	0.4907407407407407
Mol_04649	4096	CNP0298736.4	0.6292134831460674
Mol_04690	4096	CNP0196591.10	0.89
Mol_04692	4096	CNP0258112.2	0.8295454545454546
Mol_04726	4096	CNP0200850.1	0.7222222222222222
Mol_04728	4096	CNP0436436.0	0.5777777777777777
Mol_04731	4096	CNP0192641.0	0.6585365853658537
Mol_04734	4096	CNP0135315.1	0.4939759036144578
Mol_04741	4096	CNP0487993.0	0.6170212765957447
Mol_04753	4096	CNP0164725.1	0.3414634146341463
Mol_04754	4096	CNP0265175.1	0.3289473684210526
Mol_04755	4096	CNP0092169.1	0.6842105263157895
Mol_04756	4096	CNP0106641.1	0.5714285714285714
Mol_04757	4096	CNP0221957.4	0.6428571428571429
Mol_04758	4096	CNP0273254.1	0.5869565217391305
Mol_04774	4096	CNP0144528.2	0.6666666666666666
Mol_04777	4096	CNP0396934.1	0.53125
Mol_04783	4096	CNP0115375.0	0.2545454545454545
Mol_04785	4096	CNP0227058.0	0.7959183673469388
Mol_04794	4096	CNP0178480.1	0.7111111111111111
Mol_04796	4096	CNP0141425.0	0.8271604938271605
Mol_04797	4096	CNP0260360.1	0.8717948717948718
Mol_04798	4096	CNP0260360.1	0.7560975609756098
Mol_04799	4096	CNP0158753.5	0.9264705882352942
Mol_04811	4096	CNP0211699.1	0.6785714285714286
Mol_04812	4096	CNP0211699.1	0.6785714285714286
Mol_04813	4096	CNP0122256.0	0.6530612244897959
Mol_04814	4096	CNP0122256.0	0.6530612244897959
Mol_04942	4096	CNP0131389.2	0.4102564102564102
Mol_04956	4096	CNP0204117.1	0.5555555555555556
Mol_04966	4096	CNP0247484.1	0.5869565217391305
Mol_04976	4096	CNP0263234.1	0.5
Mol_04978	4096	CNP0353859.1	0.3947368421052631
Mol_04979	4096	CNP0353859.1	0.3947368421052631
Mol_04980	4096	CNP0434229.1	0.4166666666666667
Mol_04981	4096	CNP0434229.1	0.4166666666666667
Mol_04982	4096	CNP0216812.0	0.5245901639344263
Mol_04983	4096	CNP0368567.3	0.4927536231884058
Mol_04986	4096	CNP0045095.3	0.4848484848484848
Mol_05041	4096	CNP0264055.2	0.3863636363636363
Mol_05045	4096	CNP0356043.1	0.3953488372093023
Mol_05050	4096	CNP0302412.3	0.3555555555555555
Mol_05087	4096	CNP0221957.4	0.6428571428571429
Mol_05089	4096	CNP0544361.1	0.4565217391304347
Mol_05096	4096	CNP0323339.1	0.4571428571428571
Mol_05104	4096	CNP0152738.4	0.5185185185185185
Mol_05107	4096	CNP0278994.1	0.5967741935483871
Mol_05108	4096	CNP0278994.1	0.6065573770491803
Mol_05122	4096	CNP0201454.1	0.68
Mol_05142	4096	CNP0337672.1	0.382716049382716
Mol_05143	4096	CNP0183531.1	0.4893617021276595
Mol_05144	4096	CNP0183531.1	0.4893617021276595
Mol_05151	4096	CNP0259516.1	0.4629629629629629
Mol_05152	4096	CNP0183531.1	0.5
Mol_05153	4096	CNP0237560.1	0.5102040816326531
Mol_05154	4096	CNP0237560.1	0.4074074074074074
Mol_05173	4096	CNP0214223.6	0.5869565217391305
Mol_05174	4096	CNP0129097.1	0.5555555555555556
Mol_05177	4096	CNP0277801.3	0.6477272727272727
Mol_05189	4096	CNP0515304.1	0.7966101694915254
Mol_05190	4096	CNP0147562.1	0.7540983606557377
Mol_05191	4096	CNP0248313.1	0.8939393939393939
Mol_05192	4096	CNP0244914.2	0.6891891891891891
Mol_05193	4096	CNP0128700.0	0.5
Mol_05209	4096	CNP0133015.1	0.3725490196078431
Mol_05211	4096	CNP0515304.1	0.8103448275862069
Mol_05212	4096	CNP0123531.0	0.7358490566037735
Mol_05213	4096	CNP0395190.0	0.5915492957746479
Mol_05214	4096	CNP0515304.1	0.7966101694915254
Mol_05219	4096	CNP0235567.0	0.6666666666666666
Mol_05231	4096	CNP0472457.0	0.4516129032258064
Mol_05241	4096	CNP0225386.3	0.3469387755102041
Mol_05260	4096	CNP0358052.0	0.6071428571428571
Mol_05265	4096	CNP0521616.1	0.5789473684210527
Mol_05268	4096	CNP0162410.1	0.4385964912280701
Mol_05269	4096	CNP0162410.1	0.4385964912280701
Mol_05270	4096	CNP0210686.6	0.7708333333333334
Mol_05277	4096	CNP0420881.1	0.7192982456140351
Mol_05279	4096	CNP0211699.1	0.7777777777777778
Mol_05281	4096	CNP0211699.1	0.7884615384615384
Mol_05283	4096	CNP0420881.1	0.8571428571428571
Mol_05284	4096	CNP0273083.1	0.7966101694915254
Mol_05285	4096	CNP0122256.0	0.4821428571428571
Mol_05292	4096	CNP0319234.0	0.8431372549019608
Mol_05293	4096	CNP0420881.1	0.8571428571428571
Mol_05297	4096	CNP0130012.1	0.9411764705882352
Mol_05310	4096	CNP0342052.0	0.4210526315789473
Mol_05311	4096	CNP0280356.0	0.696969696969697
Mol_05312	4096	CNP0080012.0	0.5806451612903226
Mol_05313	4096	CNP0181289.0	0.7142857142857143
Mol_05314	4096	CNP0181289.0	0.7407407407407407
Mol_05336	4096	CNP0392480.1	0.6086956521739131
Mol_05338	4096	CNP0295832.1	0.5660377358490566
Mol_05339	4096	CNP0423501.1	0.4264705882352941
Mol_05340	4096	CNP0144967.3	0.64
Mol_05341	4096	CNP0140748.1	0.5263157894736842
Mol_05360	4096	CNP0288843.1	0.6949152542372882
Mol_05361	4096	CNP0294694.1	0.5671641791044776
Mol_05362	4096	CNP0153773.1	0.5616438356164384
Mol_05363	4096	CNP0153773.1	0.5616438356164384
Mol_05364	4096	CNP0147341.1	0.6612903225806451
Mol_05365	4096	CNP0294694.1	0.7704918032786885
Mol_05367	4096	CNP0206859.1	0.4705882352941176
Mol_05368	4096	CNP0256349.0	0.5283018867924528
Mol_05369	4096	CNP0300431.0	0.3928571428571428
Mol_05374	4096	CNP0270979.1	0.4473684210526316
Mol_05377	4096	CNP0153773.1	0.7164179104477612
Mol_05379	4096	CNP0211000.5	0.8360655737704918
Mol_05380	4096	CNP0147562.1	0.7833333333333333
Mol_05381	4096	CNP0147562.1	0.7540983606557377
Mol_05382	4096	CNP0278994.1	0.6065573770491803
Mol_05383	4096	CNP0278994.1	0.6271186440677966
Mol_05388	4096	CNP0147562.1	0.6909090909090909
Mol_05389	4096	CNP0147562.1	0.7966101694915254
Mol_05392	4096	CNP0248313.1	0.8805970149253731
Mol_05393	4096	CNP0147562.1	0.7931034482758621
Mol_05404	4096	CNP0426645.1	0.5192307692307693
Mol_05424	4096	CNP0173915.0	0.6
Mol_05430	4096	CNP0235125.1	0.5526315789473685
Mol_05452	4096	CNP0211699.1	0.8653846153846154
Mol_05456	4096	CNP0211699.1	0.8653846153846154
Mol_05470	4096	CNP0319234.0	0.8431372549019608
Mol_05483	4096	CNP0278994.1	0.5522388059701493
Mol_05484	4096	CNP0395190.0	0.4487179487179487
Mol_05485	4096	CNP0395190.0	0.4487179487179487
Mol_05486	4096	CNP0348998.5	0.4175824175824176
Mol_05487	4096	CNP0348998.5	0.4
Mol_05488	4096	CNP0348998.5	0.3838383838383838
Mol_05489	4096	CNP0348998.5	0.3789473684210526
Mol_05490	4096	CNP0348998.5	0.3978494623655914
Mol_05491	4096	CNP0310458.1	0.4406779661016949
Mol_05495	4096	CNP0115165.1	0.4929577464788732
Mol_05496	4096	CNP0136357.3	0.4827586206896552
Mol_05503	4096	CNP0136357.3	0.7884615384615384
Mol_05504	4096	CNP0137971.2	0.4266666666666667
Mol_05517	4096	CNP0231905.2	0.8
Mol_05518	4096	CNP0375763.1	0.631578947368421
Mol_05520	4096	CNP0153773.1	0.7777777777777778
Mol_05522	4096	CNP0153773.1	0.7164179104477612
Mol_05523	4096	CNP0153773.1	0.7384615384615385
Mol_05524	4096	CNP0263131.1	0.3820224719101123
Mol_05525	4096	CNP0288843.1	0.5373134328358209
Mol_05526	4096	CNP0147341.1	0.5072463768115942
Mol_05527	4096	CNP0288843.1	0.4155844155844156
Mol_05529	4096	CNP0147562.1	0.8392857142857143
Mol_05530	4096	CNP0147562.1	0.8070175438596491
Mol_05532	4096	CNP0147562.1	0.7540983606557377
Mol_05533	4096	CNP0515304.1	0.8545454545454545
Mol_05534	4096	CNP0381390.5	0.7213114754098361
Mol_05537	4096	CNP0318902.1	0.5806451612903226
Mol_05538	4096	CNP0348411.3	0.4029850746268656
Mol_05539	4096	CNP0292584.1	0.5185185185185185
Mol_05541	4096	CNP0257358.1	0.6
Mol_05542	4096	CNP0375763.1	0.6909090909090909
Mol_05544	4096	CNP0358339.1	0.627906976744186
Mol_05546	4096	CNP0375763.1	0.6724137931034483
Mol_05548	4096	CNP0150926.4	0.5757575757575758
Mol_05549	4096	CNP0150926.4	0.5970149253731343
Mol_05552	4096	CNP0376628.1	0.6666666666666666
Mol_05553	4096	CNP0185366.2	0.6122448979591837
Mol_05554	4096	CNP0178884.4	0.4772727272727273
Mol_05572	4096	CNP0202399.2	0.4939759036144578
Mol_05578	4096	CNP0283314.1	0.6949152542372882
Mol_05585	4096	CNP0162410.1	0.4385964912280701
Mol_05586	4096	CNP0153773.1	0.7205882352941176
Mol_05587	4096	CNP0153773.1	0.7205882352941176
Mol_05588	4096	CNP0257358.1	0.4745762711864407
Mol_05596	4096	CNP0321006.2	0.5131578947368421
Mol_05597	4096	CNP0375763.1	0.5967741935483871
Mol_05598	4096	CNP0294694.1	0.5714285714285714
Mol_05599	4096	CNP0235347.2	0.58
Mol_05600	4096	CNP0375763.1	0.6
Mol_05601	4096	CNP0153773.1	0.7205882352941176
Mol_05602	4096	CNP0153773.1	0.7164179104477612
Mol_05605	4096	CNP0153773.1	0.639344262295082
Mol_05615	4096	CNP0259516.1	0.4615384615384615
Mol_05616	4096	CNP0360519.3	0.3888888888888889
Mol_05617	4096	CNP0420469.1	0.4230769230769231
Mol_05618	4096	CNP0185366.2	0.6122448979591837
Mol_05619	4096	CNP0276880.1	0.4
Mol_05620	4096	CNP0160411.1	0.5777777777777777
Mol_05621	4096	CNP0178884.4	0.4772727272727273
Mol_05622	4096	CNP0078616.1	0.5510204081632653
Mol_05623	4096	CNP0108622.5	0.5510204081632653
Mol_05624	4096	CNP0210530.8	0.6
Mol_05625	4096	CNP0203397.5	0.6428571428571429
Mol_05627	4096	CNP0254967.1	0.6923076923076923
Mol_05628	4096	CNP0254967.1	0.46
Mol_05629	4096	CNP0348411.3	0.4375
Mol_05632	4096	CNP0186229.2	0.44
Mol_05633	4096	CNP0192973.1	0.4285714285714285
Mol_05634	4096	CNP0131601.1	0.6792452830188679
Mol_05635	4096	CNP0250223.2	0.4107142857142857
Mol_05636	4096	CNP0129859.1	0.5918367346938775
Mol_05638	4096	CNP0219374.1	0.490566037735849
Mol_05639	4096	CNP0234504.3	0.5686274509803921
Mol_05640	4096	CNP0234504.3	0.5686274509803921
Mol_05641	4096	CNP0131320.1	0.5833333333333334
Mol_05642	4096	CNP0131320.1	0.5833333333333334
Mol_05644	4096	CNP0131320.1	0.7446808510638298
Mol_05655	4096	CNP0420881.1	0.8571428571428571
Mol_05656	4096	CNP0319234.0	0.8431372549019608
Mol_05658	4096	CNP0139090.3	0.7096774193548387
Mol_05662	4096	CNP0119003.1	0.5409836065573771
Mol_05668	4096	CNP0119003.1	0.5396825396825397
Mol_05673	4096	CNP0421763.0	0.3636363636363636
Mol_05684	4096	CNP0078616.1	0.4705882352941176
Mol_05685	4096	CNP0108622.5	0.6666666666666666
Mol_05686	4096	CNP0108622.5	0.6666666666666666
Mol_05687	4096	CNP0078616.1	0.6888888888888889
Mol_05688	4096	CNP0078616.1	0.6888888888888889
Mol_05690	4096	CNP0131601.1	0.6724137931034483
Mol_05691	4096	CNP0131601.1	0.6792452830188679
Mol_05692	4096	CNP0559056.1	0.5373134328358209
Mol_05693	4096	CNP0066977.4	0.8260869565217391
Mol_05694	4096	CNP0131601.1	0.6610169491525424
Mol_05695	4096	CNP0131601.1	0.6065573770491803
Mol_05696	4096	CNP0328798.1	0.4444444444444444
Mol_05697	4096	CNP0129859.1	0.5918367346938775
Mol_05698	4096	CNP0108622.5	0.5306122448979592
Mol_05710	4096	CNP0129859.1	0.6458333333333334
Mol_05711	4096	CNP0205525.6	0.6862745098039216
Mol_05720	4096	CNP0201454.1	0.68
Mol_05723	4096	CNP0207008.0	0.4736842105263157
Mol_05724	4096	CNP0249008.2	0.4833333333333333
Mol_05725	4096	CNP0307859.1	0.4722222222222222
Mol_05726	4096	CNP0494801.1	0.4807692307692308
Mol_05727	4096	CNP0123153.1	0.4
Mol_05733	4096	CNP0161839.0	0.5375
Mol_05734	4096	CNP0161839.0	0.3555555555555555
Mol_05735	4096	CNP0161839.0	0.6746987951807228
Mol_05736	4096	CNP0161839.0	0.4838709677419355
Mol_05740	4096	CNP0208296.1	0.4603174603174603
Mol_05741	4096	CNP0208296.1	0.6153846153846154
Mol_05742	4096	CNP0385100.1	0.6268656716417911
Mol_05764	4096	CNP0337672.1	0.7777777777777778
Mol_05769	4096	CNP0397959.1	0.44
Mol_05770	4096	CNP0229364.3	0.4794520547945205
Mol_05780	4096	CNP0229364.3	0.4794520547945205
Mol_05798	4096	CNP0129859.1	0.5918367346938775
Mol_05799	4096	CNP0323662.1	0.6590909090909091
Mol_05806	4096	CNP0178884.4	0.4772727272727273
Mol_05807	4096	CNP0251716.1	0.58
Mol_05808	4096	CNP0108622.5	0.6666666666666666
Mol_05809	4096	CNP0108622.5	0.5
Mol_05810	4096	CNP0108622.5	0.54
Mol_05811	4096	CNP0237560.1	0.7560975609756098
Mol_05812	4096	CNP0183531.1	0.4468085106382978
Mol_05815	4096	CNP0237560.1	0.4074074074074074
Mol_05820	4096	CNP0125328.0	0.6086956521739131
Mol_05821	4096	CNP0196982.1	0.490566037735849
Mol_05823	4096	CNP0237560.1	0.4313725490196078
Mol_05835	4096	CNP0132232.1	0.3548387096774194
Mol_05867	4096	CNP0456654.1	0.5641025641025641
Mol_05869	4096	CNP0361186.0	0.7647058823529411
Mol_05877	4096	CNP0098654.0	0.5806451612903226
Mol_05879	4096	CNP0153870.0	0.8095238095238095
Mol_05881	4096	CNP0154670.1	0.6190476190476191
Mol_05882	4096	CNP0304813.1	0.6052631578947368
Mol_05883	4096	CNP0192793.3	0.6274509803921569
Mol_05884	4096	CNP0154670.1	0.7301587301587301
Mol_05931	4096	CNP0203287.5	0.7121212121212122
Mol_05932	4096	CNP0405043.2	0.6436781609195402
Mol_05933	4096	CNP0154670.1	0.4285714285714285
Mol_05935	4096	CNP0365648.3	0.7796610169491526
Mol_05936	4096	CNP0383959.1	0.6949152542372882
Mol_05946	4096	CNP0426645.1	0.6956521739130435
Mol_05949	4096	CNP0162470.5	0.6056338028169014
Mol_05951	4096	CNP0162470.5	0.6338028169014085
Mol_05952	4096	CNP0176985.3	0.8245614035087719
Mol_05953	4096	CNP0239273.2	0.6376811594202898
Mol_05954	4096	CNP0176985.3	0.7586206896551724
Mol_05955	4096	CNP0210506.1	0.6153846153846154
Mol_05959	4096	CNP0189809.1	0.7761194029850746
Mol_06033	4096	CNP0284252.1	0.7450980392156863
Mol_06036	4096	CNP0187661.6	0.5471698113207547
Mol_06037	4096	CNP0079788.0	0.725
Mol_06047	4096	CNP0545255.0	0.3
Mol_06053	4096	CNP0462645.2	0.3835616438356164
Mol_06054	4096	CNP0254953.1	0.4571428571428571
Mol_06055	4096	CNP0293488.3	0.5070422535211268
Mol_06056	4096	CNP0304953.2	0.3285714285714285
Mol_06057	4096	CNP0304953.2	0.4285714285714285
Mol_06058	4096	CNP0106933.1	0.4102564102564102
Mol_06059	4096	CNP0265652.2	0.5492957746478874
Mol_06060	4096	CNP0157330.2	0.375
Mol_06061	4096	CNP0005228.2	0.4342105263157895
Mol_06062	4096	CNP0550412.0	0.4487179487179487
Mol_06063	4096	CNP0265652.2	0.5492957746478874
Mol_06064	4096	CNP0157330.2	0.375
Mol_06065	4096	CNP0005228.2	0.4342105263157895
Mol_06066	4096	CNP0550412.0	0.4487179487179487
Mol_06067	4096	CNP0229364.3	0.582089552238806
Mol_06071	4096	CNP0293488.3	0.4794520547945205
Mol_06072	4096	CNP0550412.0	0.3625
Mol_06073	4096	CNP0005228.2	0.379746835443038
Mol_06074	4096	CNP0550412.0	0.4675324675324675
Mol_06075	4096	CNP0293488.3	0.4929577464788732
Mol_06076	4096	CNP0550412.0	0.3717948717948718
Mol_06077	4096	CNP0005228.2	0.4078947368421052
Mol_06078	4096	CNP0550412.0	0.48
Mol_06079	4096	CNP0229364.3	0.5352112676056338
Mol_06080	4096	CNP0157330.2	0.3888888888888889
Mol_06081	4096	CNP0005228.2	0.4285714285714285
Mol_06082	4096	CNP0304953.2	0.4347826086956521
Mol_06083	4096	CNP0550412.0	0.4430379746835443
Mol_06084	4096	CNP0229364.3	0.5205479452054794
Mol_06085	4096	CNP0229364.3	0.5066666666666667
Mol_06086	4096	CNP0229364.3	0.5
Mol_06087	4096	CNP0229364.3	0.5588235294117647
Mol_06088	4096	CNP0157330.2	0.4
Mol_06089	4096	CNP0241146.1	0.4133333333333333
Mol_06090	4096	CNP0550412.0	0.4545454545454545
Mol_06091	4096	CNP0229364.3	0.5652173913043478
Mol_06095	4096	CNP0220912.2	0.3166666666666666
Mol_06101	4096	CNP0280356.0	0.4594594594594595
Mol_06105	4096	CNP0601127.1	0.5238095238095238
Mol_06106	4096	CNP0370616.1	0.3448275862068966
Mol_06107	4096	CNP0361805.1	0.5111111111111111
Mol_06108	4096	CNP0251608.1	0.4565217391304347
Mol_06109	4096	CNP0227687.0	0.4363636363636363
Mol_06110	4096	CNP0217657.2	0.64
Mol_06111	4096	CNP0192986.1	0.4909090909090909
Mol_06112	4096	CNP0131601.1	0.6065573770491803
Mol_06113	4096	CNP0131601.1	0.6610169491525424
Mol_06114	4096	CNP0131601.1	0.6065573770491803
Mol_06115	4096	CNP0131601.1	0.6610169491525424
Mol_06116	4096	CNP0131601.1	0.6792452830188679
Mol_06117	4096	CNP0131601.1	0.6792452830188679
Mol_06118	4096	CNP0251716.1	0.58
Mol_06119	4096	CNP0078616.1	0.4705882352941176
Mol_06120	4096	CNP0108622.5	0.5
Mol_06121	4096	CNP0108622.5	0.5098039215686274
Mol_06130	4096	CNP0256840.1	0.6086956521739131
Mol_06131	4096	CNP0338939.2	0.5138888888888888
Mol_06143	4096	CNP0342378.1	0.5616438356164384
Mol_06144	4096	CNP0144967.3	0.5576923076923077
Mol_06146	4096	CNP0183494.1	0.4857142857142857
Mol_06147	4096	CNP0183494.1	0.4857142857142857
Mol_06148	4096	CNP0256840.1	0.5714285714285714
Mol_06149	4096	CNP0256840.1	0.6865671641791045
Mol_06153	4096	CNP0226490.2	0.7391304347826086
Mol_06154	4096	CNP0108622.5	0.4727272727272727
Mol_06155	4096	CNP0108622.5	0.4629629629629629
Mol_06156	4096	CNP0320848.1	0.4464285714285714
Mol_06159	4096	CNP0108622.5	0.4727272727272727
Mol_06160	4096	CNP0323662.1	0.4615384615384615
Mol_06161	4096	CNP0131601.1	0.6792452830188679
Mol_06162	4096	CNP0559056.1	0.6290322580645161
Mol_06163	4096	CNP0237560.1	0.4
Mol_06164	4096	CNP0108622.5	0.5
Mol_06165	4096	CNP0108622.5	0.6818181818181818
Mol_06168	4096	CNP0087046.1	0.3389830508474576
Mol_06175	4096	CNP0276536.1	0.4375
Mol_06184	4096	CNP0162410.1	0.4385964912280701
Mol_06195	4096	CNP0287421.1	0.84
Mol_06196	4096	CNP0287421.1	0.8823529411764706
Mol_06205	4096	CNP0534659.1	0.34375
Mol_06206	4096	CNP0534659.1	0.3968253968253968
Mol_06209	4096	CNP0276536.1	0.4375
Mol_06214	4096	CNP0323063.2	0.48
Mol_06215	4096	CNP0261613.2	0.5098039215686274
Mol_06222	4096	CNP0108622.5	0.4181818181818181
Mol_06229	4096	CNP0298381.2	0.6181818181818182
Mol_06230	4096	CNP0298381.2	0.8269230769230769
Mol_06231	4096	CNP0298381.2	0.8269230769230769
Mol_06232	4096	CNP0298381.2	0.7454545454545455
Mol_06235	4096	CNP0298381.2	0.7321428571428571
Mol_06236	4096	CNP0298381.2	0.5818181818181818
Mol_06254	4096	CNP0108622.5	0.4444444444444444
Mol_06255	4096	CNP0323662.1	0.52
Mol_06256	4096	CNP0237560.1	0.4
Mol_06258	4096	CNP0144967.3	0.5576923076923077
Mol_06259	4096	CNP0342378.1	0.5616438356164384
Mol_06260	4096	CNP0130793.4	0.54
Mol_06265	4096	CNP0323662.1	0.4615384615384615
Mol_06266	4096	CNP0323662.1	0.5
Mol_06267	4096	CNP0196982.1	0.4736842105263157
Mol_06268	4096	CNP0196982.1	0.4482758620689655
Mol_06269	4096	CNP0323662.1	0.52
Mol_06270	4096	CNP0144967.3	0.5576923076923077
Mol_06271	4096	CNP0144967.3	0.5576923076923077
Mol_06274	4096	CNP0342378.1	0.5616438356164384
Mol_06275	4096	CNP0256840.1	0.85
Mol_06276	4096	CNP0256840.1	0.6567164179104478
Mol_06294	4096	CNP0177262.4	0.6818181818181818
Mol_06305	4096	CNP0161551.3	0.74
Mol_06306	4096	CNP0161551.3	0.5692307692307692
Mol_06307	4096	CNP0323287.1	0.48
Mol_06308	4096	CNP0407226.3	0.449438202247191
Mol_06309	4096	CNP0407226.3	0.4347826086956521
Mol_06310	4096	CNP0295018.3	0.627906976744186
Mol_06311	4096	CNP0356643.1	0.5909090909090909
Mol_06312	4096	CNP0356643.1	0.5909090909090909
Mol_06313	4096	CNP0293344.2	0.5098039215686274
Mol_06322	4096	CNP0348364.1	0.6595744680851063
Mol_06323	4096	CNP0364452.3	0.6530612244897959
Mol_06324	4096	CNP0348364.1	0.6538461538461539
Mol_06325	4096	CNP0348364.1	0.6296296296296297
Mol_06326	4096	CNP0200353.2	0.4615384615384615
Mol_06333	4096	CNP0292584.1	0.5185185185185185
Mol_06334	4096	CNP0187661.6	0.5094339622641509
Mol_06335	4096	CNP0245619.1	0.6271186440677966
Mol_06338	4096	CNP0279943.1	0.5294117647058824
Mol_06352	4096	CNP0217290.1	0.5609756097560976
Mol_06353	4096	CNP0387534.4	0.796875
Mol_06354	4096	CNP0314819.4	0.6451612903225806
Mol_06355	4096	CNP0215420.2	0.59375
Mol_06356	4096	CNP0215420.2	0.7931034482758621
Mol_06357	4096	CNP0215420.2	0.6666666666666666
Mol_06358	4096	CNP0310343.1	0.4736842105263157
Mol_06359	4096	CNP0317533.2	0.6551724137931034
Mol_06360	4096	CNP0317533.2	0.6229508196721312
Mol_06361	4096	CNP0317533.2	0.5147058823529411
Mol_06362	4096	CNP0317533.2	0.5285714285714286
Mol_06363	4096	CNP0317533.2	0.5211267605633803
Mol_06373	4096	CNP0215420.2	0.6615384615384615
Mol_06376	4096	CNP0317533.2	0.6333333333333333
Mol_06377	4096	CNP0317533.2	0.5625
Mol_06380	4096	CNP0215420.2	0.6666666666666666
Mol_06381	4096	CNP0215420.2	0.7931034482758621
Mol_06388	4096	CNP0215420.2	0.5454545454545454
Mol_06410	4096	CNP0310343.1	0.5138888888888888
Mol_06412	4096	CNP0310343.1	0.4864864864864865
Mol_06418	4096	CNP0317533.2	0.6333333333333333
Mol_06424	4096	CNP0215420.2	0.7258064516129032
Mol_06455	4096	CNP0215420.2	0.5616438356164384
Mol_06515	4096	CNP0434985.1	0.4166666666666667
Mol_06516	4096	CNP0207008.0	0.4210526315789473
Mol_06517	4096	CNP0178527.1	0.5454545454545454
Mol_06518	4096	CNP0158878.3	0.3333333333333333
Mol_06519	4096	CNP0123153.1	0.6470588235294118
Mol_06520	4096	CNP0123153.1	0.7755102040816326
Mol_06521	4096	CNP0234760.1	0.574468085106383
Mol_06522	4096	CNP0494801.1	0.4807692307692308
Mol_06523	4096	CNP0134932.1	0.4074074074074074
Mol_06712	4096	CNP0249944.2	0.3492063492063492
Mol_06719	4096	CNP0237560.1	0.5833333333333334
Mol_06720	4096	CNP0259516.1	0.4807692307692308
Mol_06722	4096	CNP0348411.3	0.5932203389830508
Mol_06724	4096	CNP0348411.3	0.3939393939393939
Mol_06758	4096	CNP0266627.2	0.660377358490566
Mol_06759	4096	CNP0345200.4	0.4516129032258064
Mol_06760	4096	CNP0323287.1	0.48
Mol_06763	4096	CNP0161551.3	0.74
Mol_06766	4096	CNP0161551.3	0.74
Mol_06767	4096	CNP0278994.1	0.6346153846153846
Mol_06768	4096	CNP0162470.5	0.4444444444444444
Mol_06769	4096	CNP0407226.3	0.4597701149425287
Mol_06770	4096	CNP0345200.4	0.4516129032258064
Mol_06771	4096	CNP0325617.1	0.3611111111111111
Mol_06772	4096	CNP0295832.1	0.5535714285714286
Mol_06773	4096	CNP0108622.5	0.396551724137931
Mol_06774	4096	CNP0320848.1	0.4067796610169492
Mol_06784	4096	CNP0318902.1	0.5060240963855421
Mol_06785	4096	CNP0318902.1	0.5060240963855421
Mol_06786	4096	CNP0104972.2	0.5576923076923077
Mol_06787	4096	CNP0107898.2	0.5633802816901409
Mol_06788	4096	CNP0124930.1	0.7575757575757576
Mol_06789	4096	CNP0124930.1	0.7575757575757576
Mol_06790	4096	CNP0118735.1	0.696969696969697
Mol_06791	4096	CNP0118735.1	0.676923076923077
Mol_06792	4096	CNP0118735.1	0.5507246376811594
Mol_06795	4096	CNP0107898.2	0.5633802816901409
Mol_06796	4096	CNP0104972.2	0.5576923076923077
Mol_06797	4096	CNP0173987.1	0.4561403508771929
Mol_06798	4096	CNP0251073.1	0.4727272727272727
Mol_06803	4096	CNP0131601.1	0.6842105263157895
Mol_06804	4096	CNP0192973.1	0.4285714285714285
Mol_06806	4096	CNP0131601.1	0.6101694915254238
Mol_06807	4096	CNP0131601.1	0.6610169491525424
Mol_06808	4096	CNP0131601.1	0.6065573770491803
Mol_06812	4096	CNP0071547.0	0.2957746478873239
Mol_06816	4096	CNP0559056.1	0.6290322580645161
Mol_06817	4096	CNP0078616.1	0.6888888888888889
Mol_06819	4096	CNP0078616.1	0.3918918918918919
Mol_06820	4096	CNP0192973.1	0.3614457831325301
Mol_06822	4096	CNP0559056.1	0.5373134328358209
Mol_06823	4096	CNP0131601.1	0.6101694915254238
Mol_06824	4096	CNP0275466.1	0.5576923076923077
Mol_06825	4096	CNP0505559.0	0.5079365079365079
Mol_06826	4096	CNP0261613.2	0.4074074074074074
Mol_06828	4096	CNP0188742.2	0.4038461538461538
Mol_06829	4096	CNP0426125.2	0.7272727272727273
Mol_06830	4096	CNP0215199.2	0.4677419354838709
Mol_06831	4096	CNP0419738.1	0.5
Mol_06837	4096	CNP0360274.2	0.696969696969697
Mol_06839	4096	CNP0250427.2	0.9027777777777778
Mol_06840	4096	CNP0250427.2	0.8289473684210527
Mol_06841	4096	CNP0250427.2	0.7407407407407407
Mol_06842	4096	CNP0113934.1	0.6707317073170732
Mol_06860	4096	CNP0424103.0	0.5689655172413793
Mol_06868	4096	CNP0218377.0	0.5555555555555556
Mol_06879	4096	CNP0565929.1	0.5757575757575758
Mol_06894	4096	CNP0232257.0	0.6
Mol_06895	4096	CNP0142123.0	0.673469387755102
Mol_06897	4096	CNP0098654.0	0.3617021276595745
Mol_06898	4096	CNP0098654.0	0.3617021276595745
Mol_06907	4096	CNP0344638.1	0.3108108108108108
Mol_06909	4096	CNP0162183.0	0.3783783783783784
Mol_06910	4096	CNP0228336.2	0.8032786885245902
Mol_06911	4096	CNP0365423.1	0.8108108108108109
Mol_06916	4096	CNP0154519.1	0.3333333333333333
Mol_06917	4096	CNP0493851.1	0.3934426229508196
Mol_06918	4096	CNP0561635.0	0.3846153846153846
Mol_06919	4096	CNP0561635.0	0.3442622950819672
Mol_06923	4096	CNP0118306.0	0.4117647058823529
Mol_06926	4096	CNP0157371.0	0.4444444444444444
Mol_06930	4096	CNP0287416.0	0.3888888888888889
Mol_06936	4096	CNP0229752.0	0.5918367346938775
Mol_06938	4096	CNP0339584.0	0.5079365079365079
Mol_06940	4096	CNP0229752.0	0.3676470588235294
Mol_06944	4096	CNP0152954.0	0.5789473684210527
Mol_06946	4096	CNP0152954.0	0.5945945945945946
Mol_06947	4096	CNP0359292.1	0.9361702127659576
Mol_06949	4096	CNP0228579.1	0.5818181818181818
Mol_06965	4096	CNP0101541.1	0.4857142857142857
Mol_06978	4096	CNP0203853.4	0.3620689655172414
Mol_06980	4096	CNP0203853.4	0.3559322033898305
Mol_06982	4096	CNP0386329.3	0.4202898550724637
Mol_06984	4096	CNP0152954.0	0.3333333333333333
Mol_06986	4096	CNP0493104.0	0.365079365079365
Mol_07004	4096	CNP0144267.6	0.98
Mol_07005	4096	CNP0144267.6	0.9387755102040816
Mol_07006	4096	CNP0242355.2	1.0
Mol_07007	4096	CNP0171418.1	0.8888888888888888
Mol_07008	4096	CNP0277089.3	1.0
Mol_07009	4096	CNP0277089.3	1.0
Mol_07010	4096	CNP0277089.3	1.0
Mol_07011	4096	CNP0241820.0	0.4166666666666667
Mol_07013	4096	CNP0451707.0	0.4074074074074074
Mol_07015	4096	CNP0164607.0	0.4
Mol_07018	4096	CNP0191465.0	0.6428571428571429
Mol_07028	4096	CNP0078165.0	0.4642857142857143
Mol_07035	4096	CNP0000257.0	0.36
Mol_07037	4096	CNP0000257.0	0.36
Mol_07038	4096	CNP0000257.0	0.36
Mol_07050	4096	CNP0128069.1	0.3058823529411765
Mol_07057	4096	CNP0359292.1	0.7115384615384616
Mol_07058	4096	CNP0359292.1	0.5254237288135594
Mol_07059	4096	CNP0210984.2	0.4893617021276595
Mol_07060	4096	CNP0210984.2	0.4038461538461538
Mol_07062	4096	CNP0493104.0	0.365079365079365
Mol_07064	4096	CNP0208936.1	0.4375
Mol_07065	4096	CNP0359292.1	0.4833333333333333
Mol_07066	4096	CNP0216257.3	0.5740740740740741
Mol_07070	4096	CNP0208936.1	0.4375
Mol_07071	4096	CNP0359292.1	0.82
Mol_07073	4096	CNP0109649.0	0.4230769230769231
Mol_07091	4096	CNP0300584.0	0.5897435897435898
Mol_07092	4096	CNP0347793.0	0.5882352941176471
Mol_07093	4096	CNP0436436.0	0.5476190476190477
Mol_07094	4096	CNP0586431.0	0.55
Mol_07095	4096	CNP0115890.0	0.4375
Mol_07096	4096	CNP0411416.0	0.4
Mol_07098	4096	CNP0109775.0	0.65625
Mol_07099	4096	CNP0127424.0	0.5172413793103449
Mol_07101	4096	CNP0316848.0	0.7428571428571429
Mol_07102	4096	CNP0228818.0	0.5416666666666666
Mol_07103	4096	CNP0228818.0	0.6097560975609756
Mol_07104	4096	CNP0281802.0	0.6808510638297872
Mol_07106	4096	CNP0109775.0	0.6571428571428571
Mol_07110	4096	CNP0144296.0	0.7037037037037037
Mol_07111	4096	CNP0144296.0	0.8571428571428571
Mol_07112	4096	CNP0144296.0	0.5538461538461539
Mol_07113	4096	CNP0144296.0	0.4864864864864865
Mol_07124	4096	CNP0316848.0	0.5769230769230769
Mol_07125	4096	CNP0236159.3	0.4558823529411764
Mol_07126	4096	CNP0211370.0	0.4444444444444444
Mol_07127	4096	CNP0231286.0	0.7254901960784313
Mol_07129	4096	CNP0018883.0	0.6551724137931034
Mol_07133	4096	CNP0144296.0	0.625
Mol_07139	4096	CNP0135315.1	0.5189873417721519
Mol_07141	4096	CNP0291216.0	0.4772727272727273
Mol_07145	4096	CNP0190096.0	0.6666666666666666
Mol_07154	4096	CNP0487993.0	0.492063492063492
Mol_07156	4096	CNP0487993.0	0.5483870967741935
Mol_07158	4096	CNP0316848.0	0.5185185185185185
Mol_07162	4096	CNP0316848.0	0.65
Mol_07182	4096	CNP0144296.0	0.4406779661016949
Mol_07183	4096	CNP0018883.0	0.7818181818181819
Mol_07184	4096	CNP0144296.0	0.8235294117647058
Mol_07185	4096	CNP0215582.0	0.6
Mol_07187	4096	CNP0127621.0	0.3469387755102041
Mol_07189	4096	CNP0316848.0	0.4090909090909091
Mol_07214	4096	CNP0236159.3	0.5138888888888888
Mol_07215	4096	CNP0316848.0	0.5471698113207547
Mol_07229	4096	CNP0201863.1	0.5714285714285714
Mol_07235	4096	CNP0302049.0	0.631578947368421
Mol_07237	4096	CNP0302049.0	0.6410256410256411
Mol_07240	4096	CNP0316848.0	0.625
Mol_07241	4096	CNP0099898.1	0.65625
Mol_07242	4096	CNP0211370.0	0.6190476190476191
Mol_07254	4096	CNP0236159.3	0.5454545454545454
Mol_07255	4096	CNP0231286.0	0.803921568627451
Mol_07257	4096	CNP0201863.1	0.5405405405405406
Mol_07264	4096	CNP0213000.2	0.4605263157894737
Mol_07265	4096	CNP0135315.1	0.5061728395061729
Mol_07278	4096	CNP0298630.1	0.5119047619047619
Mol_07281	4096	CNP0336212.0	0.65625
Mol_07286	4096	CNP0522132.1	0.5
Mol_07291	4096	CNP0181408.1	0.2558139534883721
Mol_07293	4096	CNP0321462.2	0.8904109589041096
Mol_07295	4096	CNP0321462.2	0.7261904761904762
Mol_07296	4096	CNP0321462.2	0.6627906976744186
Mol_07297	4096	CNP0321462.2	0.6941176470588235
Mol_07298	4096	CNP0321462.2	0.8648648648648649
Mol_07303	4096	CNP0552082.0	0.5102040816326531
Mol_07307	4096	CNP0321462.2	0.7894736842105263
Mol_07309	4096	CNP0321462.2	0.8026315789473685
Mol_07310	4096	CNP0321462.2	0.6477272727272727
Mol_07311	4096	CNP0321462.2	0.6049382716049383
Mol_07318	4096	CNP0578922.1	0.6292134831460674
Mol_07319	4096	CNP0578922.1	0.6588235294117647
Mol_07327	4096	CNP0235567.0	0.5454545454545454
Mol_07328	4096	CNP0361186.0	0.7647058823529411
Mol_07329	4096	CNP0361186.0	0.7647058823529411
Mol_07330	4096	CNP0361186.0	0.7647058823529411
Mol_07331	4096	CNP0235567.0	0.7142857142857143
Mol_07332	4096	CNP0361186.0	0.7647058823529411
Mol_07333	4096	CNP0361186.0	0.7647058823529411
Mol_07334	4096	CNP0361186.0	0.7647058823529411
Mol_07335	4096	CNP0361186.0	0.7647058823529411
Mol_07336	4096	CNP0361186.0	0.7647058823529411
Mol_07353	4096	CNP0361186.0	0.8125
Mol_07357	4096	CNP0235567.0	0.7142857142857143
Mol_07388	4096	CNP0157371.0	0.5833333333333334
Mol_07389	4096	CNP0419536.0	0.6129032258064516
Mol_07421	4096	CNP0235567.0	0.5652173913043478
Mol_07428	4096	CNP0419536.0	0.53125
Mol_07449	4096	CNP0235567.0	0.7142857142857143
Mol_07523	4096	CNP0185184.2	0.4791666666666667
Mol_07535	4096	CNP0018384.0	0.5535714285714286
Mol_07537	4096	CNP0365648.3	0.7692307692307693
Mol_07538	4096	CNP0365648.3	0.7692307692307693
Mol_07562	4096	CNP0562059.0	0.875
Mol_07578	4096	CNP0172775.1	0.5633802816901409
Mol_07579	4096	CNP0120043.2	0.4615384615384615
Mol_07580	4096	CNP0245387.1	0.5294117647058824
Mol_07581	4096	CNP0154895.1	0.35
Mol_07582	4096	CNP0079367.0	0.3928571428571428
Mol_07583	4096	CNP0211106.1	0.3114754098360656
Mol_07584	4096	CNP0120043.2	0.5869565217391305
Mol_07585	4096	CNP0257148.2	0.6065573770491803
Mol_07586	4096	CNP0189571.2	0.4893617021276595
Mol_07587	4096	CNP0234478.8	0.417910447761194
Mol_07588	4096	CNP0237037.3	0.5192307692307693
Mol_07589	4096	CNP0177618.1	0.3888888888888889
Mol_07590	4096	CNP0202796.2	0.4923076923076923
Mol_07592	4096	CNP0245387.1	0.4693877551020408
Mol_07593	4096	CNP0139030.2	0.6122448979591837
Mol_07596	4096	CNP0233957.1	0.8478260869565217
Mol_07597	4096	CNP0289663.2	0.5063291139240507
Mol_07598	4096	CNP0262355.1	0.4285714285714285
Mol_07605	4096	CNP0124190.1	0.3962264150943396
Mol_07606	4096	CNP0079367.0	0.5833333333333334
Mol_07608	4096	CNP0289067.3	0.4705882352941176
Mol_07613	4096	CNP0177618.1	0.3962264150943396
Mol_07644	4096	CNP0085995.0	0.2857142857142857
Mol_07650	4096	CNP0478589.0	0.5
Mol_07658	4096	CNP0087769.0	0.45
Mol_07661	4096	CNP0562059.0	0.4878048780487805
Mol_07665	4096	CNP0173915.0	0.6
Mol_07676	4096	CNP0149260.2	0.6612903225806451
Mol_07680	4096	CNP0199266.11	0.671875
Mol_07681	4096	CNP0199266.11	0.6515151515151515
Mol_07683	4096	CNP0199266.11	0.6515151515151515
Mol_07684	4096	CNP0333666.1	0.6615384615384615
Mol_07685	4096	CNP0377310.1	0.6060606060606061
Mol_07688	4096	CNP0174689.2	0.7796610169491526
Mol_07698	4096	CNP0160101.1	0.7662337662337663
Mol_07700	4096	CNP0406274.1	0.4482758620689655
Mol_07702	4096	CNP0160101.1	0.5058823529411764
Mol_07721	4096	CNP0309024.3	0.8192771084337349
Mol_07744	4096	CNP0389262.1	0.7142857142857143
Mol_07760	4096	CNP0348364.1	0.6862745098039216
Mol_07761	4096	CNP0364452.3	0.6530612244897959
Mol_07762	4096	CNP0348364.1	0.6595744680851063
Mol_07763	4096	CNP0364452.3	0.5581395348837209
Mol_07767	4096	CNP0217590.15	0.4347826086956521
Mol_07776	4096	CNP0150194.0	0.475
Mol_07796	4096	CNP0119003.1	0.4307692307692308
Mol_07798	4096	CNP0119003.1	0.4307692307692308
Mol_07805	4096	CNP0190696.0	1.0
Mol_07806	4096	CNP0190696.0	1.0
Mol_07807	4096	CNP0259552.3	0.7083333333333334
Mol_07808	4096	CNP0271247.1	0.5
Mol_07812	4096	CNP0389950.0	0.576271186440678
Mol_07814	4096	CNP0166628.4	0.7241379310344828
Mol_07816	4096	CNP0215420.2	0.6615384615384615
Mol_07817	4096	CNP0215420.2	0.7258064516129032
Mol_07819	4096	CNP0215420.2	0.6984126984126984
Mol_07854	4096	CNP0344164.0	0.5652173913043478
Mol_07855	4096	CNP0344164.0	0.5652173913043478
Mol_07861	4096	CNP0532375.1	0.4264705882352941
Mol_07862	4096	CNP0196169.3	0.3970588235294117
Mol_07864	4096	CNP0298745.2	0.5636363636363636
Mol_07875	4096	CNP0180123.6	0.5333333333333333
Mol_07882	4096	CNP0321988.5	0.7846153846153846
Mol_07883	4096	CNP0262202.1	0.4931506849315068
Mol_07884	4096	CNP0180123.6	0.7692307692307693
Mol_07891	4096	CNP0487246.1	0.717391304347826
Mol_07892	4096	CNP0186441.1	0.75
Mol_07898	4096	CNP0272062.1	0.6885245901639344
Mol_07899	4096	CNP0320525.0	0.7230769230769231
Mol_07903	4096	CNP0264554.10	0.640625
Mol_07904	4096	CNP0587564.0	0.7142857142857143
Mol_07906	4096	CNP0235781.3	0.5441176470588235
Mol_07907	4096	CNP0227074.1	0.6567164179104478
Mol_07908	4096	CNP0270898.1	0.6428571428571429
Mol_07909	4096	CNP0265652.2	0.4743589743589743
Mol_07910	4096	CNP0360725.1	0.5555555555555556
Mol_07922	4096	CNP0224019.4	0.639344262295082
Mol_07961	4096	CNP0224311.0	0.4883720930232558
Mol_07962	4096	CNP0224311.0	0.5609756097560976
Mol_07963	4096	CNP0236660.0	0.4444444444444444
Mol_07964	4096	CNP0080105.1	0.5051546391752577
Mol_07965	4096	CNP0080105.1	0.5978260869565217
Mol_07966	4096	CNP0080105.1	0.4095238095238095
Mol_07967	4096	CNP0080105.1	0.5
Mol_07968	4096	CNP0080105.1	0.3831775700934579
Mol_07969	4096	CNP0080105.1	0.4607843137254901
Mol_07970	4096	CNP0080105.1	0.4455445544554455
Mol_07974	4096	CNP0080105.1	0.4795918367346938
Mol_07975	4096	CNP0141296.1	0.7283950617283951
Mol_07976	4096	CNP0134956.1	0.7121212121212122
Mol_07992	4096	CNP0297478.1	0.582089552238806
Mol_07993	4096	CNP0171538.3	0.4675324675324675
Mol_07994	4096	CNP0186524.2	0.5416666666666666
Mol_07995	4096	CNP0171538.3	0.7936507936507936
Mol_07996	4096	CNP0171538.3	0.7936507936507936
Mol_07997	4096	CNP0171538.3	0.5972222222222222
Mol_07998	4096	CNP0171538.3	0.6521739130434783
Mol_07999	4096	CNP0171538.3	0.5342465753424658
Mol_08000	4096	CNP0348608.6	0.5714285714285714
Mol_08011	4096	CNP0245061.3	0.5094339622641509
Mol_08014	4096	CNP0589035.0	0.6309523809523809
Mol_08018	4096	CNP0403271.5	0.6875
Mol_08019	4096	CNP0359292.1	0.5925925925925926
Mol_08020	4096	CNP0359292.1	0.5614035087719298
Mol_08021	4096	CNP0359292.1	0.5614035087719298
Mol_08029	4096	CNP0139737.1	0.7213114754098361
Mol_08033	4096	CNP0148602.0	0.3968253968253968
Mol_08036	4096	CNP0141296.1	0.7283950617283951
Mol_08037	4096	CNP0141296.1	0.7283950617283951
Mol_08043	4096	CNP0322118.1	0.4230769230769231
Mol_08059	4096	CNP0072758.1	0.4216867469879518
Mol_08061	4096	CNP0072758.1	0.4157303370786517
Mol_08062	4096	CNP0166036.1	0.8428571428571429
Mol_08106	4096	CNP0419223.0	0.4444444444444444
Mol_08139	4096	CNP0187508.2	0.9210526315789472
Mol_08140	4096	CNP0187508.2	0.6382978723404256
Mol_08141	4096	CNP0187508.2	0.6741573033707865
Mol_08142	4096	CNP0304879.1	0.6470588235294118
Mol_08143	4096	CNP0258601.3	0.5932203389830508
Mol_08144	4096	CNP0258601.3	0.6111111111111112
Mol_08148	4096	CNP0078246.0	0.4871794871794871
Mol_08179	4096	CNP0350607.0	0.8181818181818182
Mol_08180	4096	CNP0079788.0	0.8205128205128205
Mol_08181	4096	CNP0350607.0	0.782608695652174
Mol_08188	4096	CNP0354808.0	0.4838709677419355
Mol_08205	4096	CNP0224000.0	0.6875
Mol_08206	4096	CNP0350607.0	1.0
Mol_08254	4096	CNP0247816.1	0.6481481481481481
Mol_08256	4096	CNP0290737.1	0.6142857142857143
Mol_08258	4096	CNP0211370.0	0.7297297297297297
Mol_08260	4096	CNP0190096.0	0.6666666666666666
Mol_08261	4096	CNP0147124.0	0.6744186046511628
Mol_08262	4096	CNP0164392.0	0.6140350877192983
Mol_08263	4096	CNP0368538.0	0.532258064516129
Mol_08264	4096	CNP0535864.0	0.5757575757575758
Mol_08265	4096	CNP0535864.0	0.5757575757575758
Mol_08269	4096	CNP0147124.0	0.5192307692307693
Mol_08270	4096	CNP0226088.4	0.5675675675675675
Mol_08274	4096	CNP0206008.0	0.46875
Mol_08275	4096	CNP0164392.0	0.4838709677419355
Mol_08284	4096	CNP0148860.0	0.6274509803921569
Mol_08285	4096	CNP0215582.0	0.7
Mol_08290	4096	CNP0602950.0	0.5227272727272727
Mol_08293	4096	CNP0290737.1	0.5571428571428572
Mol_08294	4096	CNP0290737.1	0.6470588235294118
Mol_08310	4096	CNP0197478.0	0.5849056603773585
Mol_08312	4096	CNP0285154.0	0.7209302325581395
Mol_08313	4096	CNP0197478.0	0.6938775510204082
Mol_08338	4096	CNP0197478.0	0.5769230769230769
Mol_08381	4096	CNP0164607.0	0.4912280701754385
Mol_08422	4096	CNP0196039.0	0.6444444444444445
Mol_08448	4096	CNP0423934.2	0.7425742574257426
Mol_08474	4096	CNP0118093.0	0.8490566037735849
Mol_08507	4096	CNP0243674.0	0.6226415094339622
Mol_08589	4096	CNP0545613.1	0.746031746031746
Mol_08590	4096	CNP0545613.1	0.6567164179104478
Mol_08593	4096	CNP0215420.2	0.5833333333333334
Mol_08613	4096	CNP0128879.3	0.5689655172413793
Mol_08615	4096	CNP0215420.2	0.4594594594594595
Mol_08623	4096	CNP0591789.1	0.703125
Mol_08631	4096	CNP0494649.4	0.6071428571428571
Mol_08654	4096	CNP0344638.1	0.4576271186440678
Mol_08655	4096	CNP0146432.2	0.5471698113207547
Mol_08662	4096	CNP0217590.15	0.4651162790697674
Mol_08692	4096	CNP0353630.0	0.7
Mol_08694	4096	CNP0228818.0	0.5434782608695652
Mol_08695	4096	CNP0308640.0	0.6
Mol_08696	4096	CNP0326868.0	0.574468085106383
Mol_08706	4096	CNP0274032.1	0.3448275862068966
Mol_08707	4096	CNP0110518.1	0.3292682926829268
Mol_08708	4096	CNP0170431.3	0.5357142857142857
Mol_08710	4096	CNP0170431.3	0.5254237288135594
Mol_08711	4096	CNP0170431.3	0.4516129032258064
Mol_08714	4096	CNP0110518.1	0.3292682926829268
Mol_08717	4096	CNP0164020.1	0.3384615384615385
Mol_08727	4096	CNP0189580.2	0.8205128205128205
Mol_08730	4096	CNP0215694.0	0.8490566037735849
Mol_08731	4096	CNP0210521.1	0.8275862068965517
Mol_08732	4096	CNP0210521.1	0.4444444444444444
Mol_08741	4096	CNP0441756.0	0.6226415094339622
Mol_08742	4096	CNP0421166.0	0.6590909090909091
Mol_08743	4096	CNP0421166.0	0.7073170731707317
Mol_08744	4096	CNP0189631.0	1.0
Mol_08751	4096	CNP0217294.5	0.4673913043478261
Mol_08753	4096	CNP0233371.2	0.5057471264367817
Mol_08754	4096	CNP0060613.1	0.5
Mol_08756	4096	CNP0233371.2	0.5113636363636364
Mol_08759	4096	CNP0337633.7	0.6666666666666666
Mol_08760	4096	CNP0122371.2	0.7058823529411765
Mol_08773	4096	CNP0149657.14	0.7213114754098361
Mol_08778	4096	CNP0287386.2	0.5769230769230769
Mol_08790	4096	CNP0125988.4	0.6133333333333333
Mol_08791	4096	CNP0125988.4	0.5897435897435898
Mol_08793	4096	CNP0353644.3	0.7571428571428571
Mol_08795	4096	CNP0353644.3	0.8181818181818182
Mol_08797	4096	CNP0113809.1	0.5376344086021505
Mol_08798	4096	CNP0113809.1	0.7228915662650602
Mol_08799	4096	CNP0353644.3	0.525
Mol_08816	4096	CNP0223601.2	0.7571428571428571
Mol_08817	4096	CNP0414687.5	0.7575757575757576
Mol_08819	4096	CNP0113809.1	0.7142857142857143
Mol_08820	4096	CNP0353644.3	0.7222222222222222
Mol_08825	4096	CNP0258917.3	0.6941176470588235
Mol_08826	4096	CNP0140180.10	0.7230769230769231
Mol_08937	4096	CNP0172640.3	0.7142857142857143
Mol_08952	4096	CNP0598194.0	0.6470588235294118
Mol_08953	4096	CNP0598194.0	0.7096774193548387
Mol_08955	4096	CNP0259219.0	1.0
Mol_08983	4096	CNP0204732.0	0.8
Mol_08984	4096	CNP0598194.0	0.5526315789473685
Mol_09001	4096	CNP0282597.0	0.3709677419354839
Mol_09004	4096	CNP0196039.0	0.7692307692307693
Mol_09006	4096	CNP0173852.2	0.7115384615384616
Mol_09007	4096	CNP0173852.2	0.6181818181818182
Mol_09008	4096	CNP0060813.0	0.5
Mol_09009	4096	CNP0426195.0	0.7441860465116279
Mol_09011	4096	CNP0282597.0	0.3709677419354839
Mol_09018	4096	CNP0361215.0	0.6060606060606061
Mol_09022	4096	CNP0127424.0	0.625
Mol_09030	4096	CNP0251590.2	0.5714285714285714
Mol_09031	4096	CNP0099898.1	0.6417910447761194
Mol_09032	4096	CNP0215582.0	0.7368421052631579
Mol_09035	4096	CNP0215582.0	0.7368421052631579
Mol_09067	4096	CNP0274600.1	0.7592592592592593
Mol_09086	4096	CNP0220912.2	0.3777777777777777
Mol_09098	4096	CNP0425426.1	0.676056338028169
Mol_09099	4096	CNP0425426.1	0.6575342465753424
Mol_09100	4096	CNP0169391.4	0.7619047619047619
Mol_09103	4096	CNP0228818.0	0.4893617021276595
Mol_09105	4096	CNP0419667.0	0.5897435897435898
Mol_09111	4096	CNP0383924.0	0.44
Mol_09113	4096	CNP0111764.0	0.5
Mol_09126	4096	CNP0169391.4	0.7741935483870968
Mol_09129	4096	CNP0127424.0	0.5
Mol_09130	4096	CNP0111764.0	0.5151515151515151
Mol_09140	4096	CNP0258051.1	0.4393939393939394
Mol_09144	4096	CNP0163066.0	0.3012048192771084
Mol_09154	4096	CNP0339653.0	0.4468085106382978
Mol_09155	4096	CNP0323121.1	0.3333333333333333
Mol_09156	4096	CNP0339653.0	0.3555555555555555
Mol_09159	4096	CNP0314818.1	0.4393939393939394
Mol_09160	4096	CNP0264943.0	0.45
Mol_09163	4096	CNP0137830.0	0.4285714285714285
Mol_09165	4096	CNP0111764.0	0.5483870967741935
Mol_09199	4096	CNP0278395.1	0.5245901639344263
Mol_09204	4096	CNP0217294.5	0.6621621621621622
Mol_09205	4096	CNP0348677.5	0.6455696202531646
Mol_09208	4096	CNP0193994.1	0.6
Mol_09210	4096	CNP0173811.3	0.7564102564102564
Mol_09211	4096	CNP0243651.1	0.5813953488372093
Mol_09215	4096	CNP0143905.1	0.7941176470588235
Mol_09223	4096	CNP0305244.0	0.4423076923076923
Mol_09231	4096	CNP0239764.8	0.6842105263157895
Mol_09238	4096	CNP0232325.0	0.6774193548387096
Mol_09239	4096	CNP0274635.1	0.4262295081967213
Mol_09241	4096	CNP0195999.3	0.5625
Mol_09267	4096	CNP0301816.1	0.576271186440678
Mol_09290	4096	CNP0134998.1	0.5846153846153846
Mol_09292	4096	CNP0134998.1	0.6440677966101694
Mol_09299	4096	CNP0180615.2	0.7288135593220338
Mol_09313	4096	CNP0317259.1	0.5846153846153846
Mol_09314	4096	CNP0213391.1	0.6716417910447762
Mol_09321	4096	CNP0317259.1	0.6935483870967742
Mol_09342	4096	CNP0300673.3	0.4742268041237113
Mol_09343	4096	CNP0141296.1	0.9078947368421052
Mol_09344	4096	CNP0223869.2	0.4519230769230769
Mol_09345	4096	CNP0124932.3	0.8488372093023255
Mol_09346	4096	CNP0124932.3	0.7692307692307693
Mol_09347	4096	CNP0300673.3	0.4591836734693877
Mol_09349	4096	CNP0124932.3	0.6914893617021277
Mol_09350	4096	CNP0124932.3	0.7608695652173914
Mol_09351	4096	CNP0141296.1	0.9864864864864864
Mol_09363	4096	CNP0256466.1	0.6666666666666666
Mol_09364	4096	CNP0328665.1	0.6153846153846154
Mol_09365	4096	CNP0169291.1	0.64
Mol_09366	4096	CNP0281562.2	0.5471698113207547
Mol_09370	4096	CNP0216851.1	0.7872340425531915
Mol_09371	4096	CNP0555453.1	0.7818181818181819
Mol_09374	4096	CNP0166650.2	0.7333333333333333
Mol_09379	4096	CNP0283306.1	0.65
Mol_09449	4096	CNP0164020.1	0.3384615384615385
Mol_09455	4096	CNP0202678.2	0.6818181818181818
Mol_09456	4096	CNP0077543.3	0.5106382978723404
Mol_09457	4096	CNP0606035.1	0.6403508771929824
Mol_09458	4096	CNP0393307.1	0.7457627118644068
Mol_09459	4096	CNP0393307.1	0.8558558558558559
Mol_09503	4096	CNP0598194.0	0.5384615384615384
Mol_09504	4096	CNP0288214.0	0.5490196078431373
Mol_09505	4096	CNP0204732.0	0.4772727272727273
Mol_09506	4096	CNP0598194.0	0.5526315789473685
Mol_09530	4096	CNP0282597.0	0.66
Mol_09539	4096	CNP0327645.0	0.4545454545454545
Mol_09541	4096	CNP0175775.1	0.3947368421052631
Mol_09542	4096	CNP0244794.1	0.419753086419753
Mol_09557	4096	CNP0360100.0	0.5714285714285714
Mol_09571	4096	CNP0226291.0	0.52
Mol_09572	4096	CNP0216257.3	0.5740740740740741
Mol_09576	4096	CNP0326868.0	0.6956521739130435
Mol_09626	4096	CNP0275186.1	0.5064935064935064
Mol_09627	4096	CNP0275186.1	0.4404761904761904
Mol_09629	4096	CNP0097216.0	0.3692307692307692
Mol_09631	4096	CNP0562172.1	0.3625
Mol_09634	4096	CNP0487993.0	0.492063492063492
Mol_09635	4096	CNP0487993.0	0.492063492063492
Mol_09636	4096	CNP0236159.3	0.5454545454545454
Mol_09637	4096	CNP0236159.3	0.5454545454545454
Mol_09645	4096	CNP0359292.1	0.5789473684210527
Mol_09646	4096	CNP0216257.3	0.5740740740740741
Mol_09648	4096	CNP0144296.0	0.5084745762711864
Mol_09649	4096	CNP0333291.0	0.4603174603174603
Mol_09654	4096	CNP0349262.2	0.2653061224489796
Mol_09658	4096	CNP0064666.2	0.2708333333333333
Mol_09667	4096	CNP0188955.1	0.5882352941176471
Mol_09668	4096	CNP0188955.1	0.5882352941176471
Mol_09670	4096	CNP0188955.1	0.3888888888888889
Mol_09683	4096	CNP0127239.0	0.6829268292682927
Mol_09736	4096	CNP0165201.2	0.625
Mol_09740	4096	CNP0104170.0	0.5384615384615384
Mol_09755	4096	CNP0115691.1	0.7040816326530612
Mol_09756	4096	CNP0258917.3	0.6741573033707865
Mol_09757	4096	CNP0258917.3	0.6551724137931034
Mol_09768	4096	CNP0412233.1	0.631578947368421
Mol_09769	4096	CNP0412233.1	0.5487804878048781
Mol_09772	4096	CNP0287846.6	0.7894736842105263
Mol_09779	4096	CNP0182371.1	0.5783132530120482
Mol_09801	4096	CNP0183531.1	0.5853658536585366
Mol_09807	4096	CNP0588518.2	0.64
Mol_09811	4096	CNP0246627.4	0.5
Mol_09816	4096	CNP0264954.1	0.4857142857142857
Mol_09817	4096	CNP0264954.1	0.4857142857142857
Mol_09818	4096	CNP0236159.3	0.5142857142857142
Mol_09819	4096	CNP0236159.3	0.5142857142857142
Mol_09832	4096	CNP0429815.1	0.5294117647058824
Mol_09834	4096	CNP0316109.0	0.696969696969697
Mol_09840	4096	CNP0204732.0	0.525
Mol_09843	4096	CNP0232600.0	0.7037037037037037
Mol_09846	4096	CNP0204732.0	0.6756756756756757
Mol_09847	4096	CNP0288214.0	0.5490196078431373
Mol_09861	4096	CNP0588170.1	0.631578947368421
Mol_09863	4096	CNP0395259.1	0.3820224719101123
Mol_09864	4096	CNP0395259.1	0.4935064935064935
Mol_09865	4096	CNP0307482.2	0.4431818181818182
Mol_09866	4096	CNP0228434.4	0.4020618556701031
Mol_09884	4096	CNP0139030.2	0.6122448979591837
Mol_09907	4096	CNP0292588.2	0.4130434782608695
Mol_09909	4096	CNP0292588.2	0.4772727272727273
Mol_09910	4096	CNP0337642.2	0.4482758620689655
Mol_09911	4096	CNP0127960.1	0.3333333333333333
Mol_09912	4096	CNP0208351.3	0.4285714285714285
Mol_09913	4096	CNP0187759.4	0.4074074074074074
Mol_09914	4096	CNP0305578.3	0.4181818181818181
Mol_09922	4096	CNP0294053.1	0.3018867924528302
Mol_09927	4096	CNP0125556.0	0.3043478260869565
Mol_09931	4096	CNP0228171.2	0.6590909090909091
Mol_09932	4096	CNP0282213.1	0.6829268292682927
Mol_09933	4096	CNP0282213.1	0.392156862745098
Mol_09934	4096	CNP0282213.1	0.5106382978723404
Mol_09960	4096	CNP0043545.0	0.575
Mol_09991	4096	CNP0158753.5	0.8493150684931506
Mol_10022	4096	CNP0226495.1	0.4814814814814814
Mol_10023	4096	CNP0226495.1	0.4814814814814814
Mol_10024	4096	CNP0226495.1	0.4
Mol_10026	4096	CNP0355789.3	0.5365853658536586
Mol_10028	4096	CNP0226495.1	0.2878787878787879
Mol_10033	4096	CNP0111476.2	0.746031746031746
Mol_10035	4096	CNP0263912.5	0.5352112676056338
Mol_10036	4096	CNP0111476.2	0.5555555555555556
Mol_10037	4096	CNP0111476.2	0.5555555555555556
Mol_10039	4096	CNP0134258.1	0.7241379310344828
Mol_10040	4096	CNP0134258.1	0.6031746031746031
Mol_10051	4096	CNP0150846.3	0.8095238095238095
Mol_10056	4096	CNP0263912.5	0.7377049180327869
Mol_10257	4096	CNP0151291.2	0.7916666666666666
Mol_10264	4096	CNP0168331.2	0.453125
Mol_10267	4096	CNP0166353.0	0.7796610169491526
Mol_10304	4096	CNP0190696.0	1.0
Mol_10305	4096	CNP0456449.0	0.44
Mol_10306	4096	CNP0456449.0	0.4230769230769231
Mol_10346	4096	CNP0242513.6	0.3571428571428571
Mol_10347	4096	CNP0174152.1	0.7068965517241379
Mol_10348	4096	CNP0242513.6	0.4776119402985074
Mol_10349	4096	CNP0174152.1	0.7068965517241379
Mol_10350	4096	CNP0242513.6	0.5555555555555556
Mol_10351	4096	CNP0242513.6	0.5555555555555556
Mol_10352	4096	CNP0242513.6	0.6896551724137931
Mol_10353	4096	CNP0233782.1	0.2413793103448276
Mol_10354	4096	CNP0054010.2	0.4558823529411764
Mol_10357	4096	CNP0078217.0	0.5161290322580645
Mol_10363	4096	CNP0218584.4	0.4578313253012048
Mol_10364	4096	CNP0218584.4	0.3260869565217391
Mol_10370	4096	CNP0583502.2	0.4743589743589743
Mol_10373	4096	CNP0218584.4	0.4578313253012048
Mol_10374	4096	CNP0218584.4	0.5256410256410257
Mol_10375	4096	CNP0218584.4	0.5256410256410257
Mol_10376	4096	CNP0159273.7	0.3928571428571428
Mol_10377	4096	CNP0185723.1	0.3908045977011494
Mol_10378	4096	CNP0566114.1	0.54
Mol_10379	4096	CNP0218584.4	0.5256410256410257
Mol_10386	4096	CNP0218584.4	0.4578313253012048
Mol_10388	4096	CNP0264196.0	0.6666666666666666
Mol_10396	4096	CNP0482831.2	0.453125
Mol_10407	4096	CNP0530962.1	0.4459459459459459
Mol_10408	4096	CNP0530962.1	0.4459459459459459
Mol_10481	4096	CNP0256799.12	0.5970149253731343
Mol_10488	4096	CNP0487993.0	0.6226415094339622
Mol_10508	4096	CNP0271757.1	0.5
Mol_10509	4096	CNP0279322.1	0.375
Mol_10510	4096	CNP0308290.1	0.5454545454545454
Mol_10511	4096	CNP0295765.2	0.5789473684210527
Mol_10520	4096	CNP0180615.2	0.463768115942029
Mol_10531	4096	CNP0211699.1	0.8653846153846154
Mol_10532	4096	CNP0077682.1	0.6764705882352942
Mol_10534	4096	CNP0211699.1	0.8653846153846154
Mol_10539	4096	CNP0478589.0	0.631578947368421
Mol_10554	4096	CNP0180065.5	0.5428571428571428
Mol_10561	4096	CNP0297669.4	0.3698630136986301
Mol_10563	4096	CNP0377594.0	0.475
Mol_10569	4096	CNP0180615.2	0.463768115942029
Mol_10579	4096	CNP0264195.2	0.4871794871794871
Mol_10580	4096	CNP0248272.4	0.3823529411764705
Mol_10581	4096	CNP0077261.1	0.532608695652174
Mol_10582	4096	CNP0077261.1	0.5730337078651685
Mol_10589	4096	CNP0245215.1	0.5405405405405406
Mol_10590	4096	CNP0146315.1	0.6136363636363636
Mol_10593	4096	CNP0137830.0	0.6097560975609756
Mol_10594	4096	CNP0474470.4	0.3709677419354839
Mol_10596	4096	CNP0363840.0	0.5476190476190477
Mol_10597	4096	CNP0248913.1	0.6976744186046512
Mol_10599	4096	CNP0451707.0	0.3673469387755102
Mol_10600	4096	CNP0245136.1	0.4074074074074074
Mol_10601	4096	CNP0213542.1	0.4693877551020408
Mol_10603	4096	CNP0300734.0	0.4222222222222222
Mol_10604	4096	CNP0300734.0	0.8
Mol_10608	4096	CNP0162183.0	0.4074074074074074
Mol_10612	4096	CNP0248913.1	0.7021276595744681
Mol_10618	4096	CNP0339294.0	0.5208333333333334
Mol_10627	4096	CNP0127424.0	0.3863636363636363
Mol_10628	4096	CNP0481620.1	0.4693877551020408
Mol_10629	4096	CNP0060129.0	0.4468085106382978
Mol_10633	4096	CNP0104654.1	0.4117647058823529
Mol_10634	4096	CNP0086599.0	0.375
Mol_10636	4096	CNP0450298.1	0.6944444444444444
Mol_10637	4096	CNP0153555.5	0.8148148148148148
Mol_10639	4096	CNP0572506.0	0.4878048780487805
Mol_10644	4096	CNP0273671.3	0.430379746835443
Mol_10650	4096	CNP0257533.0	0.6
Mol_10660	4096	CNP0324362.1	0.625
Mol_10679	4096	CNP0345997.8	0.8115942028985508
Mol_10699	4096	CNP0484853.1	0.4
Mol_10707	4096	CNP0117877.2	0.6847826086956522
Mol_10708	4096	CNP0290993.2	0.6382978723404256
Mol_10709	4096	CNP0117877.2	0.6808510638297872
Mol_10710	4096	CNP0117877.2	0.5631067961165048
Mol_10711	4096	CNP0478549.1	0.6981132075471698
Mol_10712	4096	CNP0478549.1	0.7755102040816326
Mol_10721	4096	CNP0225250.1	0.828125
Mol_10726	4096	CNP0188715.1	0.4056603773584906
Mol_10727	4096	CNP0130111.0	0.3789473684210526
Mol_10728	4096	CNP0188715.1	0.4368932038834951
Mol_10729	4096	CNP0198956.11	0.582089552238806
Mol_10730	4096	CNP0198956.11	0.4756097560975609
Mol_10732	4096	CNP0191297.1	0.8076923076923077
Mol_10733	4096	CNP0255926.1	0.7380952380952381
Mol_10734	4096	CNP0188715.1	0.4056603773584906
Mol_10740	4096	CNP0130111.0	0.3936170212765957
Mol_10741	4096	CNP0130111.0	0.3789473684210526
Mol_10742	4096	CNP0188715.1	0.5
Mol_10743	4096	CNP0188715.1	0.5483870967741935
Mol_10744	4096	CNP0188715.1	0.7777777777777778
Mol_10745	4096	CNP0188715.1	0.7468354430379747
Mol_10746	4096	CNP0361536.3	0.6333333333333333
Mol_10750	4096	CNP0284928.1	0.6
Mol_10751	4096	CNP0383012.3	0.6363636363636364
Mol_10752	4096	CNP0387243.1	0.3617021276595745
Mol_10753	4096	CNP0410231.2	0.3728813559322034
Mol_10754	4096	CNP0432865.1	0.3857142857142857
Mol_10755	4096	CNP0432865.1	0.391304347826087
Mol_10756	4096	CNP0432865.1	0.3714285714285714
Mol_10757	4096	CNP0242564.1	0.375
Mol_10758	4096	CNP0154581.2	0.4230769230769231
Mol_10777	4096	CNP0155950.1	0.5657894736842105
Mol_10780	4096	CNP0289190.4	0.8695652173913043
Mol_10799	4096	CNP0289190.4	0.7037037037037037
Mol_10807	4096	CNP0122502.2	0.8596491228070176
Mol_10809	4096	CNP0289190.4	0.8695652173913043
Mol_10831	4096	CNP0358116.0	0.7450980392156863
Mol_10832	4096	CNP0255091.0	0.6923076923076923
Mol_10833	4096	CNP0206008.0	0.4761904761904761
Mol_10835	4096	CNP0289190.4	0.717948717948718
Mol_10836	4096	CNP0289190.4	0.782051282051282
Mol_10837	4096	CNP0252543.1	0.492063492063492
Mol_10838	4096	CNP0406274.1	0.8088235294117647
Mol_10856	4096	CNP0107407.1	0.8717948717948718
Mol_10862	4096	CNP0022934.0	0.7045454545454546
Mol_10863	4096	CNP0251500.3	0.8771929824561403
Mol_10877	4096	CNP0358352.1	0.6935483870967742
Mol_10887	4096	CNP0181328.4	0.2666666666666666
Mol_10888	4096	CNP0593366.2	0.2678571428571428
Mol_10890	4096	CNP0567844.0	0.3421052631578947
Mol_10891	4096	CNP0430247.1	0.3012048192771084
Mol_10892	4096	CNP0419724.2	0.4875
Mol_10894	4096	CNP0332403.1	0.303030303030303
Mol_10927	4096	CNP0350607.0	1.0
Mol_10956	4096	CNP0000161.0	0.5185185185185185
Mol_10957	4096	CNP0000161.0	0.5
Mol_11034	4096	CNP0280679.1	0.675
Mol_11038	4096	CNP0280679.1	0.6296296296296297
Mol_11039	4096	CNP0280679.1	0.6296296296296297
Mol_11042	4096	CNP0373413.2	0.5957446808510638
Mol_11043	4096	CNP0139810.0	0.5757575757575758
Mol_11045	4096	CNP0218377.0	0.4489795918367347
Mol_11046	4096	CNP0099172.1	0.5416666666666666
Mol_11047	4096	CNP0316848.0	0.4259259259259259
Mol_11048	4096	CNP0109775.0	0.4468085106382978
Mol_11057	4096	CNP0111476.2	0.5555555555555556
Mol_11063	4096	CNP0292800.0	0.4590163934426229
Mol_11066	4096	CNP0481620.1	0.3666666666666666
Mol_11090	4096	CNP0171538.3	0.5342465753424658
Mol_11091	4096	CNP0171538.3	0.3493975903614458
Mol_11095	4096	CNP0350607.0	0.6923076923076923
Mol_11097	4096	CNP0171538.3	0.78125
Mol_11104	4096	CNP0171538.3	0.6056338028169014
Mol_11105	4096	CNP0186524.2	0.4459459459459459
Mol_11106	4096	CNP0171538.3	0.6470588235294118
Mol_11125	4096	CNP0124477.0	0.7538461538461538
Mol_11126	4096	CNP0177093.0	0.4358974358974359
Mol_11127	4096	CNP0448126.0	0.34375
Mol_11139	4096	CNP0383959.1	0.7
Mol_11157	4096	CNP0148602.0	0.543859649122807
Mol_11177	4096	CNP0403271.5	0.6875
Mol_11179	4096	CNP0298265.3	0.6140350877192983
Mol_11183	4096	CNP0295209.1	0.7804878048780488
Mol_11206	4096	CNP0085202.3	0.7947019867549668
Mol_11207	4096	CNP0085202.3	0.821917808219178
Mol_11208	4096	CNP0085202.3	0.84
Mol_11219	4096	CNP0104819.0	0.72
Mol_11220	4096	CNP0104819.0	0.72
Mol_11221	4096	CNP0162153.0	0.4603174603174603
Mol_11224	4096	CNP0262563.4	0.5694444444444444
Mol_11225	4096	CNP0143485.1	0.5211267605633803
Mol_11232	4096	CNP0189631.0	1.0
Mol_11265	4096	CNP0414753.0	0.3125
Mol_11269	4096	CNP0347155.2	0.3275862068965517
Mol_11275	4096	CNP0182733.3	0.5217391304347826
Mol_11276	4096	CNP0350607.0	0.8260869565217391
Mol_11277	4096	CNP0350607.0	1.0
Mol_11286	4096	CNP0126023.0	0.5
Mol_11287	4096	CNP0221890.0	0.7058823529411765
Mol_11296	4096	CNP0189631.0	1.0
Mol_11301	4096	CNP0541513.0	0.3265306122448979
Mol_11310	4096	CNP0152499.3	0.7777777777777778
Mol_11316	4096	CNP0320329.3	0.4776119402985074
Mol_11331	4096	CNP0104537.3	0.8314606741573034
Mol_11343	4096	CNP0409273.0	0.5079365079365079
Mol_11346	4096	CNP0143368.2	0.4067796610169492
Mol_11347	4096	CNP0143368.2	0.5
Mol_11353	4096	CNP0178789.0	0.5614035087719298
Mol_11369	4096	CNP0579746.1	0.4647887323943662
Mol_11375	4096	CNP0289190.4	0.7792207792207793
Mol_11376	4096	CNP0289190.4	0.8695652173913043
Mol_11412	4096	CNP0323037.1	0.4305555555555556
Mol_11430	4096	CNP0289190.4	0.8695652173913043
Mol_11432	4096	CNP0326480.1	0.7419354838709677
Mol_11434	4096	CNP0337153.3	0.8070175438596491
Mol_11435	4096	CNP0159495.1	0.6724137931034483
Mol_11437	4096	CNP0201386.1	0.5272727272727272
Mol_11448	4096	CNP0117175.0	0.5588235294117647
Mol_11459	4096	CNP0117175.0	0.6779661016949152
Mol_11470	4096	CNP0136001.0	0.4615384615384615
Mol_11476	4096	CNP0352752.0	0.7560975609756098
Mol_11477	4096	CNP0137830.0	0.4285714285714285
Mol_11481	4096	CNP0358116.0	0.6153846153846154
Mol_11484	4096	CNP0378396.2	0.3717948717948718
Mol_11487	4096	CNP0503163.0	0.3095238095238095
Mol_11489	4096	CNP0129172.1	0.3255813953488372
Mol_11491	4096	CNP0178789.0	0.3384615384615385
Mol_11501	4096	CNP0234645.2	0.524390243902439
Mol_11502	4096	CNP0231965.1	0.5625
Mol_11503	4096	CNP0396395.1	0.4285714285714285
Mol_11509	4096	CNP0505883.2	0.3555555555555555
Mol_11510	4096	CNP0234409.0	0.3454545454545454
Mol_11514	4096	CNP0311892.2	0.3424657534246575
Mol_11515	4096	CNP0162887.1	0.4117647058823529
Mol_11516	4096	CNP0134676.1	0.3968253968253968
Mol_11518	4096	CNP0176462.0	0.4761904761904761
Mol_11540	4096	CNP0478549.1	0.875
Mol_11570	4096	CNP0193685.0	0.3492063492063492
Mol_11571	4096	CNP0193685.0	0.3225806451612903
Mol_11573	4096	CNP0157334.0	0.4888888888888889
Mol_11578	4096	CNP0356334.0	0.4333333333333333
Mol_11581	4096	CNP0358116.0	0.625
Mol_11584	4096	CNP0206008.0	0.4838709677419355
Mol_11608	4096	CNP0109775.0	0.5121951219512195
Mol_11609	4096	CNP0109775.0	0.4883720930232558
Mol_11613	4096	CNP0109775.0	0.525
Mol_11614	4096	CNP0109775.0	0.525
Mol_11634	4096	CNP0262355.1	0.46875
Mol_11635	4096	CNP0159952.2	0.3975903614457831
Mol_11636	4096	CNP0159952.2	0.4024390243902439
Mol_11658	4096	CNP0210584.1	1.0
Mol_11659	4096	CNP0210584.1	0.5737704918032787
Mol_11660	4096	CNP0210584.1	1.0
Mol_11663	4096	CNP0210584.1	0.6727272727272727
Mol_11666	4096	CNP0323364.0	0.4324324324324324
Mol_11679	4096	CNP0397039.0	0.6226415094339622
Mol_11680	4096	CNP0323364.0	0.7543859649122807
Mol_11690	4096	CNP0219972.3	0.5432098765432098
Mol_11696	4096	CNP0249479.0	0.627906976744186
Mol_11698	4096	CNP0211370.0	1.0
Mol_11699	4096	CNP0206008.0	0.5769230769230769
Mol_11701	4096	CNP0228818.0	0.8205128205128205
Mol_11702	4096	CNP0211370.0	0.75
Mol_11703	4096	CNP0215582.0	0.711864406779661
Mol_11708	4096	CNP0605105.1	0.6825396825396826
Mol_11709	4096	CNP0605105.1	0.8909090909090909
Mol_11710	4096	CNP0605105.1	0.7719298245614035
Mol_11712	4096	CNP0149657.14	0.7678571428571429
Mol_11723	4096	CNP0312662.6	0.6379310344827587
Mol_11724	4096	CNP0312662.6	0.6379310344827587
Mol_11725	4096	CNP0312662.6	0.7272727272727273
Mol_11726	4096	CNP0310819.2	0.6111111111111112
Mol_11736	4096	CNP0102420.0	0.4772727272727273
Mol_11747	4096	CNP0162243.1	0.8367346938775511
Mol_11801	4096	CNP0161517.3	0.7349397590361446
Mol_11802	4096	CNP0269731.2	0.4285714285714285
Mol_11809	4096	CNP0300142.1	0.7169811320754716
Mol_11810	4096	CNP0300142.1	0.7454545454545455
Mol_11814	4096	CNP0173847.1	0.4090909090909091
Mol_11815	4096	CNP0262202.1	0.358974358974359
Mol_11824	4096	CNP0175643.2	0.7127659574468085
Mol_11825	4096	CNP0079210.0	0.4752475247524752
Mol_11826	4096	CNP0242745.1	0.4337349397590361
Mol_11834	4096	CNP0104202.1	0.4470588235294118
Mol_11835	4096	CNP0175643.2	0.6020408163265306
Mol_11891	4096	CNP0263912.5	0.5428571428571428
Mol_11892	4096	CNP0194107.1	0.7258064516129032
Mol_11893	4096	CNP0263912.5	0.5352112676056338
Mol_11897	4096	CNP0143905.1	0.6125
Mol_11898	4096	CNP0414687.5	0.5263157894736842
Mol_11899	4096	CNP0143905.1	0.6533333333333333
Mol_11902	4096	CNP0310249.1	0.7215189873417721
Mol_11903	4096	CNP0310249.1	0.863013698630137
Mol_11906	4096	CNP0329533.1	0.5569620253164557
Mol_11907	4096	CNP0157272.5	0.6764705882352942
Mol_11909	4096	CNP0330238.1	0.75
Mol_11912	4096	CNP0329533.1	0.5657894736842105
Mol_11913	4096	CNP0128409.0	0.4615384615384615
Mol_11914	4096	CNP0329533.1	0.5584415584415584
Mol_11915	4096	CNP0127061.1	0.5
Mol_11916	4096	CNP0127061.1	0.5454545454545454
Mol_11917	4096	CNP0111476.2	0.5555555555555556
Mol_11923	4096	CNP0107195.3	0.6805555555555556
Mol_11938	4096	CNP0367617.3	0.6666666666666666
Mol_11945	4096	CNP0515503.1	0.7717391304347826
Mol_11949	4096	CNP0270083.9	0.8656716417910447
Mol_11950	4096	CNP0270083.9	0.7857142857142857
Mol_11951	4096	CNP0211127.1	0.7619047619047619
Mol_11952	4096	CNP0337633.7	0.6470588235294118
Mol_11957	4096	CNP0161784.1	0.5172413793103449
Mol_11958	4096	CNP0161784.1	0.5113636363636364
Mol_11961	4096	CNP0145998.9	0.6
Mol_11962	4096	CNP0205864.1	0.5866666666666667
Mol_11972	4096	CNP0161784.1	0.5172413793103449
Mol_11973	4096	CNP0318623.3	0.8
Mol_11980	4096	CNP0391068.1	0.4567901234567901
Mol_11981	4096	CNP0171418.1	0.5510204081632653
Mol_11986	4096	CNP0247727.2	0.3763440860215054
Mol_11987	4096	CNP0391068.1	0.4390243902439024
Mol_11988	4096	CNP0233371.2	0.351063829787234
Mol_11989	4096	CNP0391068.1	0.4390243902439024
Mol_11990	4096	CNP0414687.5	0.5068493150684932
Mol_11991	4096	CNP0298106.1	0.525
Mol_11992	4096	CNP0223601.2	0.5802469135802469
Mol_11993	4096	CNP0298106.1	0.6266666666666667
Mol_11994	4096	CNP0223601.2	0.5609756097560976
Mol_11995	4096	CNP0298106.1	0.4823529411764706
Mol_12000	4096	CNP0298106.1	0.525
Mol_12002	4096	CNP0223601.2	0.5802469135802469
Mol_12003	4096	CNP0368000.1	0.4838709677419355
Mol_12004	4096	CNP0117871.2	0.591304347826087
Mol_12008	4096	CNP0117871.2	0.5087719298245614
Mol_12009	4096	CNP0378301.2	0.6122448979591837
Mol_12010	4096	CNP0282764.4	0.6037735849056604
Mol_12016	4096	CNP0202469.2	0.5961538461538461
Mol_12017	4096	CNP0212261.1	0.6724137931034483
Mol_12018	4096	CNP0291207.2	0.6333333333333333
Mol_12019	4096	CNP0291207.2	0.5757575757575758
Mol_12020	4096	CNP0132201.2	0.6461538461538462
Mol_12026	4096	CNP0214120.3	0.868421052631579
Mol_12028	4096	CNP0295312.1	0.7307692307692307
Mol_12030	4096	CNP0212261.1	0.5692307692307692
Mol_12054	4096	CNP0085202.3	0.9774436090225564
Mol_12055	4096	CNP0085202.3	0.9848484848484848
Mol_12056	4096	CNP0085202.3	0.9848484848484848
Mol_12065	4096	CNP0533073.1	0.6666666666666666
Mol_12066	4096	CNP0533073.1	0.6870748299319728
Mol_12077	4096	CNP0039424.1	0.9291338582677166
Mol_12078	4096	CNP0039424.1	0.9097744360902256
Mol_12079	4096	CNP0039424.1	0.9453125
Mol_12091	4096	CNP0085202.3	0.9626865671641792
Mol_12092	4096	CNP0085202.3	0.9848484848484848
Mol_12093	4096	CNP0284272.3	1.0
Mol_12094	4096	CNP0284272.3	0.992
Mol_12103	4096	CNP0281960.2	0.967741935483871
Mol_12104	4096	CNP0281960.2	0.9274193548387096
Mol_12115	4096	CNP0190696.0	1.0
Mol_12116	4096	CNP0350607.0	1.0
Mol_12133	4096	CNP0243394.2	0.5053763440860215
Mol_12135	4096	CNP0224000.0	0.6274509803921569
Mol_12139	4096	CNP0197478.0	0.8837209302325582
Mol_12150	4096	CNP0296718.1	0.6964285714285714
Mol_12154	4096	CNP0250208.0	0.421875
Mol_12163	4096	CNP0118093.0	0.6
Mol_12167	4096	CNP0296718.1	0.5
Mol_12188	4096	CNP0377043.1	0.6376811594202898
Mol_12221	4096	CNP0117877.2	0.8271604938271605
Mol_12261	4096	CNP0350607.0	1.0
Mol_12270	4096	CNP0278761.3	0.7076923076923077
Mol_12271	4096	CNP0273266.1	0.7164179104477612
Mol_12275	4096	CNP0223733.1	0.6964285714285714
Mol_12338	4096	CNP0265794.0	0.6590909090909091
Mol_12367	4096	CNP0181540.1	0.5074626865671642
Mol_12368	4096	CNP0113833.2	0.65625
Mol_12378	4096	CNP0259219.0	0.8
Mol_12379	4096	CNP0259219.0	0.7368421052631579
Mol_12381	4096	CNP0259219.0	0.5652173913043478
Mol_12384	4096	CNP0598194.0	0.7096774193548387
Mol_12398	4096	CNP0567687.1	0.8636363636363636
Mol_12411	4096	CNP0358217.1	0.796875
Mol_12422	4096	CNP0304546.2	0.5
Mol_12424	4096	CNP0201454.1	0.8478260869565217
Mol_12426	4096	CNP0358217.1	0.796875
Mol_12446	4096	CNP0346476.0	0.6
Mol_12450	4096	CNP0255191.0	0.8135593220338984
Mol_12464	4096	CNP0324362.1	0.913793103448276
Mol_12471	4096	CNP0047481.3	0.8412698412698413
Mol_12472	4096	CNP0047481.3	0.8
Mol_12474	4096	CNP0152954.0	0.6578947368421053
Mol_12479	4096	CNP0215582.0	0.7368421052631579
Mol_12480	4096	CNP0288627.1	0.7384615384615385
Mol_12483	4096	CNP0598194.0	0.5526315789473685
Mol_12484	4096	CNP0598194.0	0.5526315789473685
Mol_12486	4096	CNP0598194.0	0.7096774193548387
Mol_12504	4096	CNP0158753.5	0.8
Mol_12510	4096	CNP0573076.0	0.5606060606060606
Mol_12511	4096	CNP0239818.2	0.4657534246575342
Mol_12512	4096	CNP0573076.0	0.5645161290322581
Mol_12519	4096	CNP0360741.2	0.7058823529411765
Mol_12520	4096	CNP0249512.7	0.4122807017543859
Mol_12521	4096	CNP0326073.0	0.5384615384615384
Mol_12525	4096	CNP0192201.1	0.5652173913043478
Mol_12531	4096	CNP0127424.0	0.5
Mol_12532	4096	CNP0176104.0	0.5
Mol_12533	4096	CNP0302049.0	0.5135135135135135
Mol_12536	4096	CNP0231068.2	0.5918367346938775
Mol_12538	4096	CNP0153143.4	0.4807692307692308
Mol_12539	4096	CNP0153143.4	0.4259259259259259
Mol_12540	4096	CNP0408437.1	0.5306122448979592
Mol_12541	4096	CNP0339438.0	0.7681159420289855
Mol_12542	4096	CNP0178241.2	0.8181818181818182
Mol_12543	4096	CNP0178241.2	0.8181818181818182
Mol_12544	4096	CNP0337707.1	0.7678571428571429
Mol_12555	4096	CNP0178241.2	0.8181818181818182
Mol_12560	4096	CNP0231068.2	0.7142857142857143
Mol_12561	4096	CNP0295803.7	0.7424242424242424
Mol_12562	4096	CNP0295803.7	0.7903225806451613
Mol_12563	4096	CNP0295803.7	0.896551724137931
Mol_12564	4096	CNP0285335.1	0.4642857142857143
Mol_12565	4096	CNP0324362.1	0.913793103448276
Mol_12566	4096	CNP0200411.1	0.5833333333333334
Mol_12567	4096	CNP0200411.1	0.52
Mol_12568	4096	CNP0200411.1	0.52
Mol_12569	4096	CNP0142311.4	0.7377049180327869
Mol_12575	4096	CNP0324055.1	0.7049180327868853
Mol_12576	4096	CNP0324055.1	0.6
Mol_12577	4096	CNP0324055.1	0.7049180327868853
Mol_12578	4096	CNP0324055.1	0.6
Mol_12579	4096	CNP0221092.1	0.7857142857142857
Mol_12580	4096	CNP0324055.1	0.6
Mol_12581	4096	CNP0324055.1	0.7049180327868853
Mol_12582	4096	CNP0324055.1	0.6
Mol_12588	4096	CNP0436436.0	0.6190476190476191
Mol_12589	4096	CNP0111764.0	0.6666666666666666
Mol_12590	4096	CNP0289413.0	0.6341463414634146
Mol_12592	4096	CNP0243169.3	0.3877551020408163
Mol_12593	4096	CNP0264940.0	0.6923076923076923
Mol_12595	4096	CNP0264940.0	0.6341463414634146
Mol_12596	4096	CNP0436436.0	0.7692307692307693
Mol_12597	4096	CNP0436436.0	0.9142857142857144
Mol_12598	4096	CNP0291216.0	0.7027027027027027
Mol_12599	4096	CNP0307273.0	0.6571428571428571
Mol_12600	4096	CNP0419667.0	0.631578947368421
Mol_12601	4096	CNP0176104.0	0.4871794871794871
Mol_12602	4096	CNP0583345.0	0.4651162790697674
Mol_12603	4096	CNP0436436.0	0.6153846153846154
Mol_12604	4096	CNP0176104.0	0.6666666666666666
Mol_12607	4096	CNP0151645.1	0.3467741935483871
Mol_12608	4096	CNP0326073.0	0.5384615384615384
Mol_12610	4096	CNP0239818.2	0.4096385542168674
Mol_12613	4096	CNP0192201.1	0.5652173913043478
Mol_12623	4096	CNP0278761.3	0.7076923076923077
Mol_12631	4096	CNP0228818.0	0.4893617021276595
Mol_12632	4096	CNP0540035.0	0.3571428571428571
Mol_12642	4096	CNP0111764.0	0.6451612903225806
Mol_12643	4096	CNP0309112.0	0.4150943396226415
Mol_12650	4096	CNP0178241.2	0.8181818181818182
Mol_12722	4096	CNP0356490.0	0.6
Mol_12723	4096	CNP0271991.4	0.7123287671232876
Mol_12727	4096	CNP0134500.2	0.58
Mol_12744	4096	CNP0300584.0	0.5384615384615384
Mol_12761	4096	CNP0268718.0	0.5081967213114754
Mol_12769	4096	CNP0307074.2	0.6721311475409836
Mol_12778	4096	CNP0217175.9	0.6575342465753424
Mol_12788	4096	CNP0267080.2	0.7678571428571429
Mol_12800	4096	CNP0290975.0	0.484375
Mol_12808	4096	CNP0364332.1	0.7
Mol_12822	4096	CNP0264914.1	0.5205479452054794
Mol_12823	4096	CNP0251156.0	0.4821428571428571
Mol_12856	4096	CNP0220008.1	0.58
Mol_12899	4096	CNP0316899.2	0.6179775280898876
Mol_12915	4096	CNP0119094.0	0.490566037735849
Mol_12916	4096	CNP0239273.2	0.4838709677419355
Mol_12930	4096	CNP0162753.0	0.5616438356164384
Mol_12932	4096	CNP0360555.3	0.5333333333333333
Mol_12933	4096	CNP0360555.3	0.4430379746835443
Mol_12950	4096	CNP0245220.1	0.8285714285714286
Mol_12963	4096	CNP0293693.1	0.4404761904761904
Mol_12978	4096	CNP0350629.6	0.7972972972972973
Mol_12979	4096	CNP0350629.6	0.620253164556962
Mol_12981	4096	CNP0350629.6	0.7972972972972973
Mol_12987	4096	CNP0420532.0	0.782051282051282
Mol_12990	4096	CNP0506348.1	0.711864406779661
Mol_12991	4096	CNP0232270.2	0.7424242424242424
Mol_12992	4096	CNP0350629.6	0.6941176470588235
Mol_12994	4096	CNP0350629.6	0.810126582278481
Mol_13006	4096	CNP0152857.0	0.6060606060606061
Mol_13029	4096	CNP0200040.2	0.8295454545454546
Mol_13030	4096	CNP0124932.3	0.9090909090909092
Mol_13031	4096	CNP0141296.1	0.9864864864864864
Mol_13032	4096	CNP0300673.3	0.5638297872340425
Mol_13033	4096	CNP0253064.1	0.4646464646464646
Mol_13037	4096	CNP0123101.0	0.7692307692307693
Mol_13040	4096	CNP0273266.1	0.703125
Mol_13049	4096	CNP0235309.2	0.4047619047619047
Mol_13050	4096	CNP0104850.1	0.2641509433962264
Mol_13051	4096	CNP0140558.1	0.5303030303030303
Mol_13063	4096	CNP0139165.4	0.7391304347826086
Mol_13069	4096	CNP0139165.4	0.7391304347826086
Mol_13073	4096	CNP0177771.2	0.9565217391304348
Mol_13075	4096	CNP0313758.0	0.5833333333333334
Mol_13076	4096	CNP0316848.0	0.5384615384615384
Mol_13077	4096	CNP0137830.0	0.6097560975609756
Mol_13079	4096	CNP0127424.0	0.5357142857142857
Mol_13080	4096	CNP0316848.0	0.4166666666666667
Mol_13121	4096	CNP0228818.0	0.65
Mol_13123	4096	CNP0316848.0	0.6
Mol_13135	4096	CNP0417102.1	0.5094339622641509
Mol_13143	4096	CNP0473588.1	0.4861111111111111
Mol_13144	4096	CNP0237942.0	0.6582278481012658
Mol_13145	4096	CNP0237942.0	0.6582278481012658
Mol_13161	4096	CNP0210984.2	0.4038461538461538
Mol_13162	4096	CNP0108414.2	0.4354838709677419
Mol_13169	4096	CNP0224872.3	0.2962962962962963
Mol_13173	4096	CNP0287416.0	0.3829787234042553
Mol_13182	4096	CNP0385872.2	0.4814814814814814
Mol_13183	4096	CNP0495075.2	0.5121951219512195
Mol_13184	4096	CNP0098838.1	0.4310344827586206
Mol_13188	4096	CNP0495075.2	0.5428571428571428
Mol_13191	4096	CNP0115847.1	0.4310344827586206
Mol_13194	4096	CNP0359292.1	0.5606060606060606
Mol_13208	4096	CNP0259552.3	0.6078431372549019
Mol_13210	4096	CNP0209619.1	0.6607142857142857
Mol_13226	4096	CNP0084225.1	0.7307692307692307
Mol_13238	4096	CNP0250037.2	0.7901234567901234
Mol_13271	4096	CNP0305007.1	0.5344827586206896
Mol_13282	4096	CNP0221350.1	0.4225352112676056
Mol_13285	4096	CNP0282597.0	0.5892857142857143
Mol_13336	4096	CNP0226673.1	0.7466666666666667
Mol_13337	4096	CNP0210228.2	0.625
Mol_13346	4096	CNP0149959.1	0.3333333333333333
Mol_13347	4096	CNP0246751.3	0.7586206896551724
Mol_13348	4096	CNP0124830.0	0.6129032258064516
Mol_13350	4096	CNP0174072.3	0.7647058823529411
Mol_13358	4096	CNP0291245.0	0.3214285714285714
Mol_13366	4096	CNP0396669.2	0.5925925925925926
Mol_13367	4096	CNP0124480.0	0.5
Mol_13377	4096	CNP0272156.1	0.4520547945205479
Mol_13378	4096	CNP0152954.0	0.4181818181818181
Mol_13383	4096	CNP0224000.0	0.3714285714285714
Mol_13409	4096	CNP0418064.2	0.66
Mol_13410	4096	CNP0418064.2	0.7244897959183674
Mol_13415	4096	CNP0324362.1	0.7164179104477612
Mol_13416	4096	CNP0200411.1	0.5384615384615384
Mol_13417	4096	CNP0200411.1	0.5384615384615384
Mol_13418	4096	CNP0567317.0	0.5272727272727272
Mol_13443	4096	CNP0247633.1	0.5964912280701754
Mol_13444	4096	CNP0372575.3	0.881578947368421
Mol_13447	4096	CNP0079014.1	0.7611940298507462
Mol_13450	4096	CNP0177629.2	0.6153846153846154
Mol_13451	4096	CNP0177629.2	0.5
Mol_13452	4096	CNP0211370.0	0.7894736842105263
Mol_13454	4096	CNP0336240.0	0.6458333333333334
Mol_13455	4096	CNP0342229.2	0.6458333333333334
Mol_13456	4096	CNP0336240.0	0.675
Mol_13457	4096	CNP0189631.0	0.5102040816326531
Mol_13458	4096	CNP0588556.1	0.3333333333333333
Mol_13459	4096	CNP0229389.0	0.4761904761904761
Mol_13460	4096	CNP0134582.0	0.4615384615384615
Mol_13473	4096	CNP0072026.1	0.3214285714285714
Mol_13474	4096	CNP0072026.1	0.3050847457627119
Mol_13478	4096	CNP0467341.1	0.5416666666666666
Mol_13480	4096	CNP0180336.1	0.5824175824175825
Mol_13483	4096	CNP0434985.1	0.5901639344262295
Mol_13484	4096	CNP0434985.1	0.6363636363636364
Mol_13485	4096	CNP0434985.1	0.631578947368421
Mol_13486	4096	CNP0434985.1	0.6
Mol_13488	4096	CNP0429040.2	0.5370370370370371
Mol_13489	4096	CNP0157004.1	0.6607142857142857
Mol_13492	4096	CNP0431946.2	0.6346153846153846
Mol_13496	4096	CNP0196971.1	0.5111111111111111
Mol_13503	4096	CNP0506348.1	0.6721311475409836
Mol_13504	4096	CNP0321213.1	0.6388888888888888
Mol_13508	4096	CNP0260278.1	0.7333333333333333
Mol_13509	4096	CNP0227058.0	0.4576271186440678
Mol_13510	4096	CNP0227058.0	0.8695652173913043
Mol_13511	4096	CNP0144656.1	0.6981132075471698
Mol_13512	4096	CNP0144656.1	0.4827586206896552
Mol_13513	4096	CNP0144656.1	0.6727272727272727
Mol_13520	4096	CNP0227058.0	0.5254237288135594
Mol_13521	4096	CNP0227058.0	0.5254237288135594
Mol_13545	4096	CNP0135907.1	0.7454545454545455
Mol_13546	4096	CNP0428591.1	0.5901639344262295
Mol_13548	4096	CNP0428591.1	0.631578947368421
Mol_13558	4096	CNP0113009.1	0.5714285714285714
Mol_13559	4096	CNP0492132.1	0.8767123287671232
Mol_13560	4096	CNP0552254.0	0.775
Mol_13561	4096	CNP0162887.1	0.3548387096774194
Mol_13562	4096	CNP0280356.0	0.6363636363636364
Mol_13565	4096	CNP0181289.0	0.7407407407407407
Mol_13566	4096	CNP0358053.1	0.42
Mol_13570	4096	CNP0319139.1	0.7634408602150538
Mol_13576	4096	CNP0148966.2	0.4705882352941176
Mol_13577	4096	CNP0246594.1	0.4459459459459459
Mol_13578	4096	CNP0261031.0	0.3789473684210526
Mol_13579	4096	CNP0246594.1	0.3734939759036144
Mol_13580	4096	CNP0415743.10	0.379746835443038
Mol_13581	4096	CNP0415743.10	0.3670886075949367
Mol_13582	4096	CNP0148966.2	0.6142857142857143
Mol_13587	4096	CNP0359917.0	0.5636363636363636
Mol_13588	4096	CNP0133584.0	0.509090909090909
Mol_13601	4096	CNP0314260.1	0.6721311475409836
Mol_13602	4096	CNP0348377.9	0.6262626262626263
Mol_13604	4096	CNP0162496.1	0.6395348837209303
Mol_13605	4096	CNP0194358.12	0.7659574468085106
Mol_13607	4096	CNP0348377.9	0.8625
Mol_13608	4096	CNP0281611.3	0.6666666666666666
Mol_13609	4096	CNP0281611.3	0.5280898876404494
Mol_13610	4096	CNP0235894.14	0.5
Mol_13611	4096	CNP0238375.1	0.4814814814814814
Mol_13612	4096	CNP0235894.14	0.6162790697674418
Mol_13613	4096	CNP0198956.11	0.7666666666666667
Mol_13614	4096	CNP0281611.3	0.5280898876404494
Mol_13615	4096	CNP0238375.1	0.59375
Mol_13616	4096	CNP0198956.11	0.7666666666666667
Mol_13617	4096	CNP0198956.11	0.7666666666666667
Mol_13624	4096	CNP0566114.1	0.54
Mol_13625	4096	CNP0179829.0	0.373134328358209
Mol_13629	4096	CNP0314260.1	0.647887323943662
Mol_13638	4096	CNP0218584.4	0.4
Mol_13643	4096	CNP0082507.1	0.4761904761904761
Mol_13644	4096	CNP0132808.0	0.6025641025641025
Mol_13651	4096	CNP0197278.4	0.6986301369863014
Mol_13652	4096	CNP0197278.4	0.6986301369863014
Mol_13653	4096	CNP0197278.4	0.5949367088607594
Mol_13654	4096	CNP0197278.4	0.5949367088607594
Mol_13656	4096	CNP0365648.3	0.7692307692307693
Mol_13663	4096	CNP0394142.0	0.65625
Mol_13664	4096	CNP0283896.2	0.3
Mol_13672	4096	CNP0131592.3	0.7555555555555555
Mol_13691	4096	CNP0230789.0	0.2857142857142857
Mol_13698	4096	CNP0186143.0	0.5294117647058824
Mol_13703	4096	CNP0346729.0	1.0
Mol_13716	4096	CNP0188742.2	0.5
Mol_13717	4096	CNP0240694.2	0.3283582089552239
Mol_13730	4096	CNP0285400.5	0.6727272727272727
Mol_13736	4096	CNP0179315.1	0.5342465753424658
Mol_13737	4096	CNP0179315.1	0.5342465753424658
Mol_13741	4096	CNP0271042.3	0.7254901960784313
Mol_13742	4096	CNP0287421.1	0.7924528301886793
Mol_13743	4096	CNP0277200.1	0.5576923076923077
Mol_13744	4096	CNP0272002.1	0.4487179487179487
Mol_13745	4096	CNP0272002.1	0.4487179487179487
Mol_13747	4096	CNP0515304.1	0.8518518518518519
Mol_13748	4096	CNP0515304.1	0.7966101694915254
Mol_13749	4096	CNP0515304.1	0.6461538461538462
Mol_13750	4096	CNP0381390.5	0.6229508196721312
Mol_13751	4096	CNP0348170.3	0.8333333333333334
Mol_13752	4096	CNP0406015.1	0.7846153846153846
Mol_13753	4096	CNP0406015.1	0.7846153846153846
Mol_13754	4096	CNP0406015.1	0.6575342465753424
Mol_13755	4096	CNP0406015.1	0.6575342465753424
Mol_13756	4096	CNP0153773.1	0.6901408450704225
Mol_13757	4096	CNP0240036.2	0.4875
Mol_13758	4096	CNP0153773.1	0.4848484848484848
Mol_13759	4096	CNP0153773.1	0.5
Mol_13760	4096	CNP0196982.1	0.4339622641509434
Mol_13761	4096	CNP0196982.1	0.5094339622641509
Mol_13766	4096	CNP0423139.1	0.5833333333333334
Mol_13769	4096	CNP0106933.1	0.4
Mol_13770	4096	CNP0262971.1	0.3728813559322034
Mol_13771	4096	CNP0262971.1	0.3728813559322034
Mol_13772	4096	CNP0249944.2	0.360655737704918
Mol_13773	4096	CNP0242640.2	0.7
Mol_13778	4096	CNP0182315.0	0.6666666666666666
Mol_13783	4096	CNP0261072.5	0.5869565217391305
Mol_13784	4096	CNP0298381.2	0.6206896551724138
Mol_13785	4096	CNP0298381.2	0.7254901960784313
Mol_13802	4096	CNP0147341.1	0.6949152542372882
Mol_13804	4096	CNP0147341.1	0.6349206349206349
Mol_13809	4096	CNP0236862.2	0.5263157894736842
Mol_13812	4096	CNP0271932.1	0.6307692307692307
Mol_13814	4096	CNP0296124.1	0.8117647058823529
Mol_13815	4096	CNP0128986.1	0.7708333333333334
Mol_13817	4096	CNP0122146.1	0.8170731707317073
Mol_13818	4096	CNP0142639.5	0.8311688311688312
Mol_13819	4096	CNP0122146.1	0.875
Mol_13830	4096	CNP0107221.1	0.4678899082568807
Mol_13831	4096	CNP0237985.2	0.4453781512605042
Mol_13832	4096	CNP0161120.2	0.5056179775280899
Mol_13833	4096	CNP0282895.2	0.5057471264367817
Mol_13834	4096	CNP0321500.1	0.4444444444444444
Mol_13835	4096	CNP0562891.2	0.8032786885245902
Mol_13836	4096	CNP0519943.2	0.6349206349206349
Mol_13837	4096	CNP0281543.7	0.6666666666666666
Mol_13838	4096	CNP0241873.1	0.627906976744186
Mol_13839	4096	CNP0129097.1	0.7073170731707317
Mol_13840	4096	CNP0142780.1	0.5098039215686274
Mol_13842	4096	CNP0221712.1	0.6363636363636364
Mol_13849	4096	CNP0242322.2	0.639344262295082
Mol_13850	4096	CNP0562891.2	0.8032786885245902
Mol_13851	4096	CNP0068533.1	0.6575342465753424
Mol_13852	4096	CNP0519943.2	0.6349206349206349
Mol_13853	4096	CNP0330088.1	0.5405405405405406
Mol_13857	4096	CNP0236177.1	0.3709677419354839
Mol_13863	4096	CNP0166271.2	0.5263157894736842
Mol_13864	4096	CNP0166271.2	0.5263157894736842
Mol_13873	4096	CNP0331450.0	0.4666666666666667
Mol_13875	4096	CNP0244483.0	0.9473684210526316
Mol_13884	4096	CNP0321187.0	0.4615384615384615
Mol_13919	4096	CNP0285613.1	0.9642857142857144
Mol_13950	4096	CNP0158753.5	0.8
Mol_13954	4096	CNP0398110.1	0.64
Mol_13962	4096	CNP0279312.1	0.4626865671641791
Mol_13965	4096	CNP0212722.4	0.4137931034482758
Mol_13966	4096	CNP0193087.1	0.4090909090909091
Mol_14009	4096	CNP0260360.1	0.735632183908046
Mol_14010	4096	CNP0377515.1	0.72
Mol_14011	4096	CNP0377515.1	0.7244897959183674
Mol_14012	4096	CNP0189580.2	0.8533333333333334
Mol_14013	4096	CNP0254087.1	0.5408163265306123
Mol_14014	4096	CNP0387111.11	0.6935483870967742
Mol_14015	4096	CNP0387111.11	0.7166666666666667
Mol_14034	4096	CNP0086542.1	0.773109243697479
Mol_14046	4096	CNP0513524.0	0.6176470588235294
Mol_14048	4096	CNP0213745.1	0.6330275229357798
Mol_14049	4096	CNP0048853.1	0.9196428571428572
Mol_14050	4096	CNP0144528.2	0.7384615384615385
Mol_14052	4096	CNP0259994.3	0.8266666666666667
Mol_14053	4096	CNP0490947.1	0.7763157894736842
Mol_14054	4096	CNP0208255.5	0.746268656716418
Mol_14056	4096	CNP0104819.0	0.3666666666666666
Mol_14058	4096	CNP0122773.2	0.3064516129032258
Mol_14065	4096	CNP0518720.1	0.6341463414634146
Mol_14067	4096	CNP0397060.1	0.5161290322580645
Mol_14068	4096	CNP0203404.1	0.5066666666666667
Mol_14073	4096	CNP0307273.0	0.4583333333333333
Mol_14074	4096	CNP0307273.0	0.5111111111111111
Mol_14076	4096	CNP0123101.0	0.6304347826086957
Mol_14084	4096	CNP0144656.1	0.6727272727272727
Mol_14090	4096	CNP0120988.1	0.8282828282828283
Mol_14098	4096	CNP0294224.0	0.6956521739130435
Mol_14106	4096	CNP0098654.0	0.6774193548387096
Mol_14137	4096	CNP0148902.1	0.3469387755102041
Mol_14141	4096	CNP0264196.0	0.6842105263157895
Mol_14145	4096	CNP0326480.1	0.7419354838709677
Mol_14166	4096	CNP0146943.3	0.7096774193548387
Mol_14195	4096	CNP0190696.0	0.4615384615384615
Mol_14196	4096	CNP0098838.1	0.490566037735849
Mol_14200	4096	CNP0285613.1	0.8469387755102041
Mol_14202	4096	CNP0264196.0	0.6842105263157895
Mol_14209	4096	CNP0287421.1	0.559322033898305
Mol_14233	4096	CNP0158753.5	0.7
Mol_14235	4096	CNP0158753.5	0.6951219512195121
Mol_14237	4096	CNP0254195.3	0.8055555555555556
Mol_14256	4096	CNP0258934.1	0.6631578947368421
Mol_14260	4096	CNP0582847.0	0.4333333333333333
Mol_14262	4096	CNP0157003.2	0.625
Mol_14288	4096	CNP0153706.3	0.296875
Mol_14290	4096	CNP0077682.1	0.7719298245614035
Mol_14291	4096	CNP0387144.2	0.7884615384615384
Mol_14297	4096	CNP0080067.1	0.8674698795180723
Mol_14298	4096	CNP0437474.1	0.6136363636363636
Mol_14299	4096	CNP0270562.1	0.6666666666666666
Mol_14300	4096	CNP0559442.1	0.5652173913043478
Mol_14302	4096	CNP0562059.0	0.7391304347826086
Mol_14305	4096	CNP0453033.0	0.8761904761904762
Mol_14306	4096	CNP0559442.1	0.8108108108108109
Mol_14308	4096	CNP0210286.4	0.7301587301587301
Mol_14309	4096	CNP0210286.4	0.7301587301587301
Mol_14312	4096	CNP0231125.3	0.5774647887323944
Mol_14317	4096	CNP0201454.1	0.6071428571428571
Mol_14319	4096	CNP0175962.0	0.7407407407407407
Mol_14331	4096	CNP0111843.0	0.5625
Mol_14336	4096	CNP0564743.1	0.717948717948718
Mol_14337	4096	CNP0242459.2	0.6805555555555556
Mol_14340	4096	CNP0547946.0	0.875
Mol_14343	4096	CNP0361923.6	0.8405797101449275
Mol_14344	4096	CNP0564743.1	0.717948717948718
Mol_14345	4096	CNP0564743.1	0.7066666666666667
Mol_14347	4096	CNP0564743.1	0.717948717948718
Mol_14348	4096	CNP0242459.2	0.6805555555555556
Mol_14349	4096	CNP0242459.2	0.8285714285714286
Mol_14350	4096	CNP0547946.0	0.875
Mol_14351	4096	CNP0250037.2	0.6
Mol_14352	4096	CNP0233864.1	0.9222222222222224
Mol_14353	4096	CNP0250037.2	0.75
Mol_14354	4096	CNP0250037.2	0.7727272727272727
Mol_14355	4096	CNP0250037.2	0.8045977011494253
Mol_14356	4096	CNP0250037.2	0.8045977011494253
Mol_14357	4096	CNP0250037.2	0.8780487804878049
Mol_14358	4096	CNP0250037.2	0.6956521739130435
Mol_14359	4096	CNP0250037.2	0.7349397590361446
Mol_14362	4096	CNP0172640.3	0.7142857142857143
Mol_14367	4096	CNP0564743.1	0.7733333333333333
Mol_14422	4096	CNP0195071.2	0.44
Mol_14424	4096	CNP0364131.3	0.4554455445544554
Mol_14447	4096	CNP0567531.0	0.5116279069767442
Mol_14451	4096	CNP0134956.1	0.746031746031746
Mol_14452	4096	CNP0428402.1	0.734375
Mol_14465	4096	CNP0568861.0	0.4788732394366197
Mol_14469	4096	CNP0285154.0	0.3962264150943396
Mol_14470	4096	CNP0043545.0	0.7714285714285715
Mol_14471	4096	CNP0285154.0	0.5909090909090909
Mol_14472	4096	CNP0305244.0	0.5384615384615384
Mol_14483	4096	CNP0236383.0	0.358974358974359
Mol_14490	4096	CNP0174067.1	0.5476190476190477
Mol_14502	4096	CNP0365712.0	0.2857142857142857
Mol_14521	4096	CNP0077684.1	0.7068965517241379
Mol_14523	4096	CNP0287421.1	0.803921568627451
Mol_14524	4096	CNP0290171.1	0.7666666666666667
Mol_14525	4096	CNP0273083.1	0.671875
Mol_14534	4096	CNP0316024.2	0.696969696969697
Mol_14535	4096	CNP0221168.1	0.4941176470588235
Mol_14536	4096	CNP0221168.1	0.4941176470588235
Mol_14537	4096	CNP0117287.1	0.5842696629213483
Mol_14538	4096	CNP0137273.1	0.6145833333333334
Mol_14582	4096	CNP0265015.1	0.4615384615384615
Mol_14583	4096	CNP0265015.1	0.4615384615384615
Mol_14598	4096	CNP0198944.2	0.7192982456140351
Mol_14602	4096	CNP0161120.2	0.4696969696969697
Mol_14621	4096	CNP0579381.0	0.2972972972972973
Mol_14622	4096	CNP0389606.0	0.3333333333333333
Mol_14623	4096	CNP0236383.0	0.3414634146341463
Mol_14637	4096	CNP0294291.1	0.7850467289719626
Mol_14638	4096	CNP0294291.1	0.8773584905660378
Mol_14639	4096	CNP0294291.1	0.8543689320388349
Mol_14640	4096	CNP0294291.1	0.9509803921568628
Mol_14655	4096	CNP0262701.0	0.5
Mol_14665	4096	CNP0597857.2	0.7424242424242424
Mol_14667	4096	CNP0323069.2	0.7692307692307693
Mol_14668	4096	CNP0085681.1	0.7428571428571429
Mol_14669	4096	CNP0323069.2	0.8548387096774194
Mol_14670	4096	CNP0323069.2	0.828125
Mol_14671	4096	CNP0323069.2	0.5333333333333333
Mol_14672	4096	CNP0323069.2	0.828125
Mol_14673	4096	CNP0323069.2	0.8461538461538461
Mol_14674	4096	CNP0011937.7	0.7916666666666666
Mol_14675	4096	CNP0085681.1	0.7105263157894737
Mol_14676	4096	CNP0323069.2	0.7638888888888888
Mol_14677	4096	CNP0323069.2	0.7638888888888888
Mol_14678	4096	CNP0323069.2	0.7534246575342466
Mol_14679	4096	CNP0011937.7	0.6973684210526315
Mol_14682	4096	CNP0385945.2	0.5471698113207547
Mol_14683	4096	CNP0524583.2	0.5952380952380952
Mol_14684	4096	CNP0332083.2	0.5652173913043478
Mol_14715	4096	CNP0255853.2	0.5394736842105263
Mol_14716	4096	CNP0255853.2	0.4819277108433735
Mol_14717	4096	CNP0255853.2	0.5
Mol_14730	4096	CNP0389606.0	0.4444444444444444
Mol_14734	4096	CNP0481351.0	0.4909090909090909
Mol_14753	4096	CNP0263738.1	0.7906976744186046
Mol_14754	4096	CNP0263738.1	0.8588235294117647
Mol_14803	4096	CNP0426112.0	0.6153846153846154
Mol_14816	4096	CNP0437409.4	0.7096774193548387
Mol_14825	4096	CNP0372561.1	0.5925925925925926
Mol_14835	4096	CNP0260360.1	0.7764705882352941
Mol_14836	4096	CNP0002474.2	0.8026315789473685
Mol_14854	4096	CNP0355630.1	0.449438202247191
Mol_14855	4096	CNP0355630.1	0.4382022471910112
Mol_14856	4096	CNP0159063.0	0.6730769230769231
Mol_14859	4096	CNP0120988.1	0.8315789473684211
Mol_14860	4096	CNP0351158.1	0.7920792079207921
Mol_14861	4096	CNP0277453.3	0.95
Mol_14864	4096	CNP0258225.5	0.7608695652173914
Mol_14892	4096	CNP0216530.1	0.7543859649122807
Mol_14893	4096	CNP0216530.1	0.5316455696202531
Mol_14894	4096	CNP0216530.1	0.65
Mol_14895	4096	CNP0195763.1	0.6962025316455697
Mol_14900	4096	CNP0130012.1	0.9253731343283582
Mol_14933	4096	CNP0077682.1	0.5866666666666667
Mol_14952	4096	CNP0239186.0	0.9142857142857144
Mol_14965	4096	CNP0351823.1	0.4782608695652174
Mol_14966	4096	CNP0351823.1	0.4571428571428571
Mol_14967	4096	CNP0351823.1	0.3866666666666666
Mol_14968	4096	CNP0351823.1	0.4782608695652174
Mol_14969	4096	CNP0351823.1	0.4571428571428571
Mol_14970	4096	CNP0351823.1	0.3866666666666666
Mol_14974	4096	CNP0130012.1	0.9253731343283582
Mol_14978	4096	CNP0182315.0	0.631578947368421
Mol_14979	4096	CNP0182315.0	0.6153846153846154
Mol_14986	4096	CNP0200961.2	0.734375
Mol_14988	4096	CNP0577892.1	0.4516129032258064
Mol_14989	4096	CNP0132740.2	0.3582089552238806
Mol_14990	4096	CNP0132740.2	0.423728813559322
Mol_14995	4096	CNP0248727.1	0.3728813559322034
Mol_15004	4096	CNP0159717.1	0.5142857142857142
Mol_15006	4096	CNP0197035.1	0.3466666666666667
Mol_15012	4096	CNP0333224.5	0.5353535353535354
Mol_15013	4096	CNP0169108.2	0.902439024390244
Mol_15033	4096	CNP0104315.2	0.9166666666666666
Mol_15034	4096	CNP0187266.1	0.8255813953488372
Mol_15041	4096	CNP0128986.1	0.8764044943820225
Mol_15044	4096	CNP0116863.1	0.9302325581395348
Mol_15045	4096	CNP0269512.3	0.951219512195122
Mol_15046	4096	CNP0306098.3	0.5319148936170213
Mol_15055	4096	CNP0239186.0	0.8571428571428571
Mol_15056	4096	CNP0348368.3	0.8875
Mol_15057	4096	CNP0178635.3	0.9230769230769232
Mol_15058	4096	CNP0178635.3	0.813953488372093
Mol_15059	4096	CNP0348368.3	0.9736842105263158
Mol_15060	4096	CNP0178635.3	0.8860759493670886
Mol_15061	4096	CNP0222869.3	0.8764044943820225
Mol_15062	4096	CNP0222869.3	0.9213483146067416
Mol_15063	4096	CNP0348368.3	0.935064935064935
Mol_15064	4096	CNP0240206.1	0.625
Mol_15069	4096	CNP0222869.3	0.9176470588235294
Mol_15071	4096	CNP0178635.3	0.8658536585365854
Mol_15072	4096	CNP0222869.3	0.8620689655172413
Mol_15075	4096	CNP0222869.3	0.8764044943820225
Mol_15082	4096	CNP0253564.1	0.6835443037974683
Mol_15083	4096	CNP0254087.1	0.7303370786516854
Mol_15084	4096	CNP0253564.1	0.8354430379746836
Mol_15085	4096	CNP0222869.3	1.0
Mol_15089	4096	CNP0178132.0	0.4545454545454545
Mol_15091	4096	CNP0302868.0	0.72
Mol_15093	4096	CNP0169396.1	0.4642857142857143
Mol_15096	4096	CNP0346476.0	0.7454545454545455
Mol_15097	4096	CNP0221350.1	0.6981132075471698
Mol_15101	4096	CNP0105517.1	0.6739130434782609
Mol_15107	4096	CNP0241548.4	0.6
Mol_15110	4096	CNP0316799.8	0.890625
Mol_15120	4096	CNP0277801.3	0.6236559139784946
Mol_15131	4096	CNP0404272.1	0.5490196078431373
Mol_15133	4096	CNP0249511.1	0.453125
Mol_15140	4096	CNP0500461.1	0.4285714285714285
Mol_15142	4096	CNP0301236.1	0.62
Mol_15146	4096	CNP0268730.0	0.4782608695652174
Mol_15148	4096	CNP0140446.0	1.0
Mol_15151	4096	CNP0077682.1	0.5866666666666667
Mol_15167	4096	CNP0351823.1	0.5692307692307692
Mol_15171	4096	CNP0134235.6	0.74
Mol_15173	4096	CNP0105686.2	0.3870967741935484
Mol_15177	4096	CNP0305505.1	0.4807692307692308
Mol_15179	4096	CNP0305505.1	0.4807692307692308
Mol_15180	4096	CNP0270979.1	0.4473684210526316
Mol_15188	4096	CNP0157334.0	0.6451612903225806
Mol_15189	4096	CNP0316848.0	0.8285714285714286
Mol_15191	4096	CNP0252780.1	0.734375
Mol_15192	4096	CNP0127239.0	0.6829268292682927
Mol_15200	4096	CNP0251073.1	0.4807692307692308
Mol_15201	4096	CNP0108622.5	0.5652173913043478
Mol_15202	4096	CNP0418702.5	0.746031746031746
Mol_15203	4096	CNP0418702.5	0.5507246376811594
Mol_15204	4096	CNP0228027.2	0.4705882352941176
Mol_15205	4096	CNP0601899.0	0.4137931034482758
Mol_15206	4096	CNP0215420.2	0.7931034482758621
Mol_15229	4096	CNP0003021.1	0.3421052631578947
Mol_15233	4096	CNP0128749.0	0.4736842105263157
Mol_15234	4096	CNP0135269.1	0.3888888888888889
Mol_15235	4096	CNP0163395.2	0.4390243902439024
Mol_15236	4096	CNP0035184.2	0.3809523809523809
Mol_15237	4096	CNP0504516.0	0.4666666666666667
Mol_15238	4096	CNP0163395.2	0.4864864864864865
Mol_15239	4096	CNP0504516.0	0.4
Mol_15249	4096	CNP0213000.2	0.6666666666666666
Mol_15259	4096	CNP0243762.2	0.3333333333333333
Mol_15261	4096	CNP0189018.2	0.3225806451612903
Mol_15264	4096	CNP0073151.1	0.3962264150943396
Mol_15265	4096	CNP0193471.1	0.3863636363636363
Mol_15266	4096	CNP0263076.1	0.5686274509803921
Mol_15267	4096	CNP0263076.1	0.4754098360655737
Mol_15283	4096	CNP0283643.1	0.7058823529411765
Mol_15285	4096	CNP0085995.0	0.3461538461538461
Mol_15286	4096	CNP0085995.0	0.5454545454545454
Mol_15305	4096	CNP0294956.2	0.4594594594594595
Mol_15313	4096	CNP0194436.1	0.4
Mol_15315	4096	CNP0253979.10	0.6097560975609756
Mol_15316	4096	CNP0544943.1	0.5333333333333333
Mol_15321	4096	CNP0565483.0	0.5
Mol_15394	4096	CNP0544943.1	0.4642857142857143
Mol_15417	4096	CNP0400152.1	0.4634146341463415
Mol_15427	4096	CNP0181609.1	0.582089552238806
Mol_15433	4096	CNP0178474.2	0.7258064516129032
Mol_15450	4096	CNP0175762.0	0.6491228070175439
Mol_15453	4096	CNP0577567.1	0.6782608695652174
Mol_15454	4096	CNP0577567.1	0.5772357723577236
Mol_15455	4096	CNP0577567.1	0.5785123966942148
Mol_15456	4096	CNP0577567.1	0.559322033898305
Mol_15457	4096	CNP0577567.1	0.5
Mol_15458	4096	CNP0577567.1	0.6581196581196581
Mol_15461	4096	CNP0536915.1	0.3877551020408163
Mol_15462	4096	CNP0536915.1	0.3877551020408163
Mol_15486	4096	CNP0135865.7	0.7272727272727273
Mol_15493	4096	CNP0087422.1	0.65625
Mol_15495	4096	CNP0332043.1	0.6470588235294118
Mol_15497	4096	CNP0158753.5	0.8648648648648649
Mol_15512	4096	CNP0530187.0	0.6535433070866141
Mol_15513	4096	CNP0284018.1	0.7538461538461538
Mol_15516	4096	CNP0134235.6	0.4050632911392405
Mol_15517	4096	CNP0157006.2	0.4743589743589743
Mol_15518	4096	CNP0287662.9	0.4193548387096774
Mol_15519	4096	CNP0287662.9	0.4148936170212766
Mol_15520	4096	CNP0157006.2	0.5694444444444444
Mol_15521	4096	CNP0067439.4	0.6172839506172839
Mol_15522	4096	CNP0157006.2	0.6176470588235294
Mol_15523	4096	CNP0426628.1	0.4711538461538461
Mol_15524	4096	CNP0160464.1	0.5686274509803921
Mol_15525	4096	CNP0257960.1	0.6276595744680851
Mol_15526	4096	CNP0502033.1	0.7291666666666666
Mol_15527	4096	CNP0164730.1	0.5846153846153846
Mol_15528	4096	CNP0164730.1	0.5846153846153846
Mol_15529	4096	CNP0155306.1	0.4805194805194805
Mol_15531	4096	CNP0067439.4	0.4268292682926829
Mol_15532	4096	CNP0067439.4	0.4268292682926829
Mol_15533	4096	CNP0287662.9	0.5901639344262295
Mol_15534	4096	CNP0502033.1	0.5686274509803921
Mol_15535	4096	CNP0287662.9	0.5901639344262295
Mol_15536	4096	CNP0502033.1	0.5686274509803921
Mol_15537	4096	CNP0251608.1	0.6571428571428571
Mol_15538	4096	CNP0295059.0	0.7352941176470589
Mol_15539	4096	CNP0213000.2	0.4534883720930232
Mol_15540	4096	CNP0270760.1	0.5145631067961165
Mol_15542	4096	CNP0257960.1	0.5757575757575758
Mol_15543	4096	CNP0157006.2	0.7755102040816326
Mol_15549	4096	CNP0155306.1	0.5522388059701493
Mol_15551	4096	CNP0155306.1	0.5362318840579711
Mol_15555	4096	CNP0148023.1	0.7804878048780488
Mol_15556	4096	CNP0372575.3	0.9324324324324323
Mol_15602	4096	CNP0562059.0	0.625
Mol_15604	4096	CNP0286882.1	0.75
Mol_15609	4096	CNP0132312.3	0.2765957446808511
Mol_15610	4096	CNP0160373.6	0.3773584905660377
Mol_15617	4096	CNP0265794.0	0.6046511627906976
Mol_15618	4096	CNP0276276.5	0.6271186440677966
Mol_15619	4096	CNP0196039.0	0.54
Mol_15623	4096	CNP0239186.0	0.6666666666666666
Mol_15632	4096	CNP0264057.0	0.4354838709677419
Mol_15636	4096	CNP0121840.1	0.6435643564356436
Mol_15640	4096	CNP0239186.0	0.8108108108108109
Mol_15641	4096	CNP0069292.1	0.7894736842105263
Mol_15644	4096	CNP0104537.3	0.8222222222222222
Mol_15651	4096	CNP0116863.1	0.9302325581395348
Mol_15657	4096	CNP0286882.1	0.609375
Mol_15658	4096	CNP0605105.1	0.6557377049180327
Mol_15659	4096	CNP0211370.0	0.5882352941176471
Mol_15660	4096	CNP0288627.1	0.7910447761194029
Mol_15661	4096	CNP0337229.2	0.6785714285714286
Mol_15723	4096	CNP0211699.1	0.7777777777777778
Mol_15743	4096	CNP0295209.1	0.75
Mol_15753	4096	CNP0230871.1	0.7837837837837838
Mol_15754	4096	CNP0162063.0	0.65
Mol_15756	4096	CNP0241548.4	0.5633802816901409
Mol_15757	4096	CNP0277200.1	0.6382978723404256
Mol_15773	4096	CNP0254195.3	0.8055555555555556
Mol_15786	4096	CNP0335769.1	0.8666666666666667
Mol_15789	4096	CNP0178241.2	0.6935483870967742
Mol_15790	4096	CNP0196937.2	0.8428571428571429
Mol_15791	4096	CNP0333503.2	0.7638888888888888
Mol_15792	4096	CNP0337707.1	0.7678571428571429
Mol_15800	4096	CNP0178241.2	0.8181818181818182
Mol_15801	4096	CNP0264940.0	0.6585365853658537
Mol_15804	4096	CNP0228818.0	0.5853658536585366
Mol_15805	4096	CNP0289413.0	0.6744186046511628
Mol_15806	4096	CNP0383924.0	0.5777777777777777
Mol_15807	4096	CNP0291216.0	0.5813953488372093
Mol_15808	4096	CNP0228818.0	0.6511627906976745
Mol_15809	4096	CNP0289413.0	0.5957446808510638
Mol_15810	4096	CNP0289413.0	0.918918918918919
Mol_15811	4096	CNP0289413.0	0.5813953488372093
Mol_15812	4096	CNP0211370.0	0.5510204081632653
Mol_15813	4096	CNP0302049.0	0.7058823529411765
Mol_15814	4096	CNP0164392.0	0.3666666666666666
Mol_15815	4096	CNP0336240.0	0.6578947368421053
Mol_15816	4096	CNP0291216.0	0.6923076923076923
Mol_15817	4096	CNP0289413.0	0.6444444444444445
Mol_15818	4096	CNP0289413.0	0.5833333333333334
Mol_15819	4096	CNP0605105.1	0.6833333333333333
Mol_15820	4096	CNP0425426.1	0.5675675675675675
Mol_15821	4096	CNP0425426.1	0.6142857142857143
Mol_15822	4096	CNP0169391.4	0.7868852459016393
Mol_15824	4096	CNP0289413.0	0.5957446808510638
Mol_15828	4096	CNP0312496.1	0.8640776699029126
Mol_15829	4096	CNP0312496.1	0.8932038834951457
Mol_15830	4096	CNP0312496.1	0.7410714285714286
Mol_15831	4096	CNP0312496.1	0.7321428571428571
Mol_15832	4096	CNP0312496.1	0.7522123893805309
Mol_15834	4096	CNP0387111.11	0.4239130434782608
Mol_15835	4096	CNP0135921.0	0.6842105263157895
Mol_15836	4096	CNP0135934.1	0.5138888888888888
Mol_15837	4096	CNP0119876.2	0.8095238095238095
Mol_15838	4096	CNP0210521.1	0.5
Mol_15839	4096	CNP0135921.0	0.8488372093023255
Mol_15841	4096	CNP0201863.1	0.6612903225806451
Mol_15842	4096	CNP0201863.1	0.6290322580645161
Mol_15844	4096	CNP0176104.0	0.7714285714285715
Mol_15845	4096	CNP0169391.4	0.7619047619047619
Mol_15846	4096	CNP0302537.1	0.4285714285714285
Mol_15864	4096	CNP0420881.1	0.7192982456140351
Mol_15886	4096	CNP0077682.1	0.7580645161290323
Mol_15892	4096	CNP0125318.2	0.6481481481481481
Mol_15902	4096	CNP0226761.6	0.8811881188118812
Mol_15903	4096	CNP0226761.6	0.9183673469387756
Mol_15967	4096	CNP0136726.6	0.6533333333333333
Mol_15969	4096	CNP0372575.3	0.9452054794520548
Mol_15970	4096	CNP0255447.2	0.8933333333333333
Mol_15977	4096	CNP0276276.5	0.8333333333333334
Mol_15978	4096	CNP0293409.1	0.8285714285714286
Mol_15979	4096	CNP0212010.2	0.7945205479452054
Mol_15980	4096	CNP0212010.2	0.835820895522388
Mol_15981	4096	CNP0212010.2	0.7746478873239436
Mol_15982	4096	CNP0244774.1	0.8607594936708861
Mol_15983	4096	CNP0263885.0	0.6944444444444444
Mol_15984	4096	CNP0154711.8	0.5802469135802469
Mol_15985	4096	CNP0212010.2	0.8169014084507042
Mol_15986	4096	CNP0225818.4	0.8108108108108109
Mol_16010	4096	CNP0127316.0	0.8674698795180723
Mol_16022	4096	CNP0221712.1	0.3272727272727272
Mol_16025	4096	CNP0435867.1	0.3859649122807017
Mol_16026	4096	CNP0600647.1	0.4590163934426229
Mol_16028	4096	CNP0350607.0	1.0
Mol_16029	4096	CNP0350607.0	1.0
Mol_16030	4096	CNP0123101.0	0.6744186046511628
Mol_16054	4096	CNP0174063.1	0.4444444444444444
Mol_16075	4096	CNP0261056.1	0.7368421052631579
Mol_16076	4096	CNP0325047.5	0.4534883720930232
Mol_16077	4096	CNP0435886.0	0.627906976744186
Mol_16078	4096	CNP0435886.0	0.775
Mol_16079	4096	CNP0435886.0	0.775
Mol_16080	4096	CNP0130519.1	0.2837837837837837
Mol_16081	4096	CNP0130519.1	0.2777777777777778
Mol_16082	4096	CNP0130519.1	0.2957746478873239
Mol_16083	4096	CNP0130519.1	0.2957746478873239
Mol_16084	4096	CNP0131592.3	0.2857142857142857
Mol_16085	4096	CNP0149893.4	0.2875
Mol_16087	4096	CNP0570021.10	0.7246376811594203
Mol_16090	4096	CNP0080939.1	0.5865384615384616
Mol_16094	4096	CNP0182315.0	0.6428571428571429
Mol_16095	4096	CNP0336212.0	0.7647058823529411
Mol_16113	4096	CNP0141425.0	0.6195652173913043
Mol_16121	4096	CNP0544943.1	0.490566037735849
Mol_16133	4096	CNP0544943.1	0.4736842105263157
Mol_16134	4096	CNP0132375.1	0.4861111111111111
Mol_16137	4096	CNP0181609.1	0.589041095890411
Mol_16162	4096	CNP0379972.2	0.6909090909090909
Mol_16163	4096	CNP0347793.0	0.6111111111111112
Mol_16185	4096	CNP0231125.3	0.912280701754386
Mol_16186	4096	CNP0157765.3	0.7857142857142857
Mol_16187	4096	CNP0260360.1	0.8717948717948718
Mol_16188	4096	CNP0201386.1	0.5692307692307692
Mol_16189	4096	CNP0285383.3	0.640625
Mol_16190	4096	CNP0229831.2	0.7540983606557377
Mol_16191	4096	CNP0347492.2	0.8275862068965517
Mol_16200	4096	CNP0316095.1	0.3333333333333333
Mol_16201	4096	CNP0481066.1	0.3
Mol_16202	4096	CNP0140558.1	0.5555555555555556
Mol_16209	4096	CNP0105752.2	0.6764705882352942
Mol_16210	4096	CNP0450069.3	0.5588235294117647
Mol_16213	4096	CNP0129097.1	0.5555555555555556
Mol_16227	4096	CNP0290261.0	0.375
Mol_16230	4096	CNP0115890.0	0.3666666666666666
Mol_16231	4096	CNP0338401.1	0.3555555555555555
Mol_16232	4096	CNP0291420.1	0.3
Mol_16233	4096	CNP0115890.0	0.5
Mol_16234	4096	CNP0207096.1	0.4615384615384615
Mol_16243	4096	CNP0228609.0	0.4426229508196721
Mol_16248	4096	CNP0532210.1	0.56
Mol_16254	4096	CNP0212703.1	0.6153846153846154
Mol_16255	4096	CNP0509741.1	0.6133333333333333
Mol_16257	4096	CNP0159495.1	0.6557377049180327
Mol_16263	4096	CNP0601419.1	0.6119402985074627
Mol_16293	4096	CNP0280717.1	0.7608695652173914
Mol_16295	4096	CNP0515609.0	0.6181818181818182
Mol_16297	4096	CNP0225313.0	0.45
Mol_16305	4096	CNP0432865.1	0.625
Mol_16322	4096	CNP0307273.0	0.8
Mol_16323	4096	CNP0304715.4	0.509090909090909
Mol_16329	4096	CNP0434626.1	0.4683544303797468
Mol_16332	4096	CNP0116451.1	0.7454545454545455
Mol_16334	4096	CNP0223681.2	0.3707865168539326
Mol_16337	4096	CNP0268878.1	0.8674698795180723
Mol_16339	4096	CNP0534015.1	0.7222222222222222
Mol_16340	4096	CNP0181936.3	0.492063492063492
Mol_16341	4096	CNP0214410.2	0.4745762711864407
Mol_16357	4096	CNP0131592.3	0.7555555555555555
Mol_16360	4096	CNP0228609.0	0.66
Mol_16361	4096	CNP0132698.0	0.7142857142857143
Mol_16362	4096	CNP0228609.0	0.4736842105263157
Mol_16363	4096	CNP0228609.0	0.68
Mol_16364	4096	CNP0228609.0	0.723404255319149
Mol_16371	4096	CNP0308166.1	0.3863636363636363
Mol_16372	4096	CNP0115618.1	0.4021739130434782
Mol_16373	4096	CNP0416090.2	0.4428571428571428
Mol_16374	4096	CNP0227792.4	0.4675324675324675
Mol_16376	4096	CNP0246594.1	0.4342105263157895
Mol_16378	4096	CNP0114166.3	0.4428571428571428
Mol_16380	4096	CNP0263547.2	0.6521739130434783
Mol_16382	4096	CNP0246594.1	0.4342105263157895
Mol_16383	4096	CNP0227074.1	0.4473684210526316
Mol_16384	4096	CNP0227792.4	0.5492957746478874
Mol_16385	4096	CNP0500828.1	0.419753086419753
Mol_16386	4096	CNP0148966.2	0.5138888888888888
Mol_16387	4096	CNP0148966.2	0.4556962025316455
Mol_16388	4096	CNP0148966.2	0.4935064935064935
Mol_16390	4096	CNP0148966.2	0.4743589743589743
Mol_16395	4096	CNP0278351.1	0.3703703703703703
Mol_16396	4096	CNP0478589.0	0.391304347826087
Mol_16397	4096	CNP0278351.1	0.5853658536585366
Mol_16398	4096	CNP0203072.2	0.3157894736842105
Mol_16399	4096	CNP0278351.1	0.4651162790697674
Mol_16401	4096	CNP0419536.0	0.5952380952380952
Mol_16405	4096	CNP0130031.1	0.625
Mol_16407	4096	CNP0226015.2	0.76
Mol_16413	4096	CNP0478549.1	0.875
Mol_16416	4096	CNP0158753.5	0.8
Mol_16417	4096	CNP0158753.5	0.8
Mol_16418	4096	CNP0423918.1	0.8426966292134831
Mol_16432	4096	CNP0209914.0	0.8043478260869565
Mol_16454	4096	CNP0333148.4	0.7475728155339806
Mol_16457	4096	CNP0205193.2	0.4126984126984127
Mol_16458	4096	CNP0312662.6	0.3513513513513513
Mol_16461	4096	CNP0298659.1	0.4029850746268656
Mol_16462	4096	CNP0298659.1	0.4027777777777778
Mol_16463	4096	CNP0298659.1	0.3783783783783784
Mol_16464	4096	CNP0351823.1	0.44
Mol_16465	4096	CNP0267668.1	0.3823529411764705
Mol_16511	4096	CNP0204921.0	0.4864864864864865
Mol_16513	4096	CNP0208925.1	0.4565217391304347
Mol_16515	4096	CNP0345997.8	0.7222222222222222
Mol_16517	4096	CNP0424103.0	0.7272727272727273
Mol_16519	4096	CNP0424103.0	0.7272727272727273
Mol_16520	4096	CNP0424103.0	0.7884615384615384
Mol_16521	4096	CNP0124480.0	0.5
Mol_16522	4096	CNP0396669.2	0.5689655172413793
Mol_16530	4096	CNP0296760.5	0.7230769230769231
Mol_16531	4096	CNP0343673.1	0.5588235294117647
Mol_16532	4096	CNP0307482.2	0.6506024096385542
Mol_16533	4096	CNP0328141.1	0.7209302325581395
Mol_16541	4096	CNP0288920.0	0.7222222222222222
Mol_16542	4096	CNP0138077.16	0.7088607594936709
Mol_16547	4096	CNP0350607.0	0.7391304347826086
Mol_16548	4096	CNP0296682.2	0.6818181818181818
Mol_16550	4096	CNP0322181.2	0.3220338983050847
Mol_16551	4096	CNP0602950.0	0.4339622641509434
Mol_16552	4096	CNP0326868.0	0.4074074074074074
Mol_16554	4096	CNP0228818.0	0.5
Mol_16556	4096	CNP0157334.0	0.3636363636363636
Mol_16557	4096	CNP0111764.0	0.4615384615384615
Mol_16558	4096	CNP0463441.1	0.575
Mol_16560	4096	CNP0249243.1	0.6304347826086957
Mol_16566	4096	CNP0533605.3	0.1914893617021276
Mol_16586	4096	CNP0164543.1	0.7272727272727273
Mol_16592	4096	CNP0403199.0	0.3684210526315789
Mol_16594	4096	CNP0277258.2	0.8431372549019608
Mol_16614	4096	CNP0322118.1	0.8
Mol_16615	4096	CNP0297478.1	0.6666666666666666
Mol_16616	4096	CNP0297478.1	0.8070175438596491
Mol_16617	4096	CNP0297478.1	0.5454545454545454
Mol_16618	4096	CNP0171538.3	0.6
Mol_16619	4096	CNP0171538.3	0.5671641791044776
Mol_16620	4096	CNP0230831.1	0.6779661016949152
Mol_16621	4096	CNP0322118.1	0.4927536231884058
Mol_16624	4096	CNP0429040.2	0.3529411764705882
Mol_16625	4096	CNP0226451.0	0.74
Mol_16626	4096	CNP0226451.0	0.603448275862069
Mol_16627	4096	CNP0226451.0	0.603448275862069
Mol_16638	4096	CNP0131248.0	0.5789473684210527
Mol_16639	4096	CNP0350607.0	0.8260869565217391
Mol_16640	4096	CNP0131248.0	0.6346153846153846
Mol_16653	4096	CNP0333306.0	0.3442622950819672
Mol_16721	4096	CNP0164607.0	0.6415094339622641
Mol_16727	4096	CNP0134676.1	0.639344262295082
Mol_16728	4096	CNP0134676.1	0.639344262295082
Mol_16729	4096	CNP0134676.1	0.6842105263157895
Mol_16743	4096	CNP0043545.0	0.575
Mol_16748	4096	CNP0163730.1	0.4516129032258064
Mol_16749	4096	CNP0232529.6	0.4769230769230769
Mol_16750	4096	CNP0232529.6	0.5
Mol_16751	4096	CNP0232529.6	0.5
Mol_16776	4096	CNP0505922.0	0.5
Mol_16779	4096	CNP0505922.0	0.5535714285714286
Mol_16800	4096	CNP0505922.0	0.5370370370370371
Mol_16801	4096	CNP0505922.0	0.5245901639344263
Mol_16814	4096	CNP0022934.0	0.6363636363636364
Mol_16815	4096	CNP0321255.1	0.3214285714285714
Mol_16820	4096	CNP0189409.1	0.4642857142857143
Mol_16821	4096	CNP0139491.2	0.3474576271186441
Mol_16827	4096	CNP0287386.2	0.7681159420289855
Mol_16828	4096	CNP0235968.1	0.6533333333333333
Mol_16829	4096	CNP0207947.3	0.5974025974025974
Mol_16830	4096	CNP0217759.1	0.5111111111111111
Mol_16831	4096	CNP0257324.2	0.5797101449275363
Mol_16832	4096	CNP0239202.4	0.6764705882352942
Mol_16836	4096	CNP0120417.5	0.8023255813953488
Mol_16837	4096	CNP0120417.5	0.5294117647058824
Mol_16838	4096	CNP0120417.5	0.5294117647058824
Mol_16839	4096	CNP0426541.1	0.48
Mol_16840	4096	CNP0235968.1	0.5176470588235295
Mol_16842	4096	CNP0113809.1	0.6823529411764706
Mol_16843	4096	CNP0113809.1	0.5212765957446809
Mol_16844	4096	CNP0113809.1	0.4947368421052631
Mol_16853	4096	CNP0318623.3	0.5135135135135135
Mol_16854	4096	CNP0241821.1	0.4050632911392405
Mol_16855	4096	CNP0406494.1	0.3655913978494624
Mol_16867	4096	CNP0022934.0	0.7906976744186046
Mol_16868	4096	CNP0213017.1	0.5416666666666666
Mol_16869	4096	CNP0118093.0	0.6333333333333333
Mol_16870	4096	CNP0282597.0	0.5151515151515151
Mol_16874	4096	CNP0226721.5	0.5875
Mol_16875	4096	CNP0226721.5	0.5875
Mol_16876	4096	CNP0188683.1	0.4084507042253521
Mol_16883	4096	CNP0380242.0	0.7142857142857143
Mol_16898	4096	CNP0121689.3	0.5
Mol_16899	4096	CNP0367468.2	0.2777777777777778
Mol_16900	4096	CNP0158641.1	0.2857142857142857
Mol_16902	4096	CNP0367468.2	0.3333333333333333
Mol_16903	4096	CNP0207713.6	0.4054054054054054
Mol_16904	4096	CNP0207713.6	0.4507042253521127
Mol_16909	4096	CNP0350607.0	1.0
Mol_16911	4096	CNP0200516.1	0.4390243902439024
Mol_16921	4096	CNP0343841.0	0.6923076923076923
Mol_16925	4096	CNP0129710.2	0.4264705882352941
Mol_16926	4096	CNP0415743.10	0.7166666666666667
Mol_16950	4096	CNP0127197.1	0.4571428571428571
Mol_16951	4096	CNP0127197.1	0.3943661971830985
Mol_16968	4096	CNP0282764.4	0.5849056603773585
Mol_16969	4096	CNP0155588.1	0.5373134328358209
Mol_16970	4096	CNP0278999.1	0.5932203389830508
Mol_16971	4096	CNP0133228.1	0.5689655172413793
Mol_16979	4096	CNP0282764.4	0.6530612244897959
Mol_16981	4096	CNP0245215.1	0.7105263157894737
Mol_16982	4096	CNP0111729.2	0.7
Mol_16991	4096	CNP0277259.2	0.7608695652173914
Mol_16996	4096	CNP0238182.2	0.6486486486486487
Mol_16997	4096	CNP0522132.1	0.5921052631578947
Mol_17002	4096	CNP0141425.0	0.8271604938271605
Mol_17003	4096	CNP0152808.1	0.319672131147541
Mol_17028	4096	CNP0329533.1	0.5375
Mol_17032	4096	CNP0198822.1	0.4827586206896552
Mol_17043	4096	CNP0586577.0	0.25
Mol_17045	4096	CNP0157685.5	0.6447368421052632
Mol_17046	4096	CNP0185723.1	0.6756756756756757
Mol_17047	4096	CNP0185723.1	0.6756756756756757
Mol_17048	4096	CNP0185723.1	0.6756756756756757
Mol_17049	4096	CNP0185723.1	0.6756756756756757
Mol_17059	4096	CNP0566533.1	0.578125
Mol_17064	4096	CNP0177629.2	0.68
Mol_17065	4096	CNP0322690.3	0.6274509803921569
Mol_17066	4096	CNP0131592.3	0.7555555555555555
Mol_17069	4096	CNP0158705.3	0.4038461538461538
Mol_18014	4096	CNP0557378.0	0.7666666666666667
Mol_18055	4096	CNP0242459.2	0.8285714285714286
Mol_18056	4096	CNP0250037.2	0.8780487804878049
Mol_18138	4096	CNP0234271.5	0.7058823529411765
Mol_18159	4096	CNP0302412.3	0.3555555555555555
Mol_18171	4096	CNP0187307.1	0.2909090909090909
Mol_18187	4096	CNP0248391.6	0.4857142857142857
Mol_18189	4096	CNP0222612.1	0.5128205128205128
Mol_18195	4096	CNP0178056.1	0.2307692307692307
Mol_18404	4096	CNP0275020.1	0.5964912280701754
Mol_18406	4096	CNP0255675.5	0.5294117647058824
Mol_18408	4096	CNP0137485.1	0.7272727272727273
Mol_18418	4096	CNP0239186.0	0.8108108108108109
Mol_18419	4096	CNP0130012.1	0.9253731343283582
Mol_18423	4096	CNP0258934.1	0.8533333333333334
Mol_18426	4096	CNP0130012.1	0.9253731343283582
Mol_18430	4096	CNP0214791.1	0.9014084507042254
Mol_18433	4096	CNP0130012.1	0.7922077922077922
Mol_18449	4096	CNP0169108.2	0.902439024390244
Mol_18464	4096	CNP0142639.5	0.9295774647887324
Mol_18505	4096	CNP0247576.2	0.8656716417910447
Mol_18506	4096	CNP0136680.4	0.8507462686567164
Mol_18507	4096	CNP0259554.1	0.75
Mol_18508	4096	CNP0259554.1	0.75
Mol_18509	4096	CNP0259554.1	0.6266666666666667
Mol_18513	4096	CNP0247576.2	0.7714285714285715
Mol_18538	4096	CNP0214786.1	0.7972972972972973
Mol_18539	4096	CNP0078067.1	0.7702702702702703
Mol_18541	4096	CNP0180059.1	0.782608695652174
Mol_18543	4096	CNP0289065.1	0.782051282051282
Mol_18555	4096	CNP0213035.2	0.6
Mol_18560	4096	CNP0104653.1	0.75
Mol_18561	4096	CNP0157241.2	0.8115942028985508
Mol_18566	4096	CNP0197035.1	0.3766233766233766
Mol_18567	4096	CNP0259722.0	0.4857142857142857
Mol_18575	4096	CNP0134235.6	0.74
Mol_18577	4096	CNP0266349.2	0.490566037735849
Mol_18578	4096	CNP0203020.2	0.4893617021276595
Mol_18579	4096	CNP0125150.6	0.3260869565217391
Mol_18588	4096	CNP0134235.6	0.5172413793103449
Mol_18592	4096	CNP0316392.1	0.3870967741935484
Mol_18594	4096	CNP0305505.1	0.4807692307692308
Mol_18595	4096	CNP0305505.1	0.4807692307692308
Mol_18596	4096	CNP0270979.1	0.4
Mol_18600	4096	CNP0352210.1	0.4090909090909091
Mol_18603	4096	CNP0118113.0	0.4210526315789473
Mol_18604	4096	CNP0201742.1	0.5
Mol_18620	4096	CNP0570814.1	0.5178571428571429
Mol_18621	4096	CNP0570814.1	0.5
Mol_18628	4096	CNP0186616.3	0.45
Mol_18726	4096	CNP0417864.1	0.6923076923076923
Mol_18727	4096	CNP0330577.1	0.3432835820895522
Mol_18739	4096	CNP0136680.4	0.68
Mol_18743	4096	CNP0136680.4	0.68
Mol_18748	4096	CNP0372575.3	0.9452054794520548
Mol_18749	4096	CNP0372575.3	0.9324324324324323
Mol_18750	4096	CNP0128986.1	0.8764044943820225
Mol_18751	4096	CNP0228458.7	0.7307692307692307
Mol_18752	4096	CNP0128986.1	0.9659090909090908
Mol_18905	4096	CNP0299773.2	0.6142857142857143
Mol_18914	4096	CNP0309183.1	0.5714285714285714
Mol_18947	4096	CNP0557378.0	0.7666666666666667
Mol_18962	4096	CNP0262355.1	0.6226415094339622
Mol_18965	4096	CNP0268730.0	0.3653846153846153
Mol_18999	4096	CNP0184998.1	0.35
Mol_19061	4096	CNP0169108.2	0.8172043010752689
Mol_19074	4096	CNP0177707.6	0.5076923076923077
Mol_19075	4096	CNP0177707.6	0.5076923076923077
Mol_19076	4096	CNP0412836.6	0.6379310344827587
Mol_19078	4096	CNP0135934.1	0.6461538461538462
Mol_19079	4096	CNP0177893.1	0.7014925373134329
Mol_19080	4096	CNP0119876.2	0.8095238095238095
Mol_19081	4096	CNP0177893.1	0.6617647058823529
Mol_19089	4096	CNP0182315.0	0.725
Mol_19090	4096	CNP0298630.1	0.691358024691358
Mol_19099	4096	CNP0148804.2	0.5714285714285714
Mol_19100	4096	CNP0128508.3	0.36
Mol_19103	4096	CNP0251292.2	0.5416666666666666
Mol_19110	4096	CNP0328747.0	0.5789473684210527
Mol_19152	4096	CNP0544361.1	0.4565217391304347
Mol_19198	4096	CNP0254757.1	0.425
Mol_19209	4096	CNP0241388.0	0.9130434782608696
Mol_19213	4096	CNP0361186.0	0.7647058823529411
Mol_19214	4096	CNP0235567.0	0.6818181818181818
Mol_19281	4096	CNP0241388.0	1.0
Mol_19307	4096	CNP0187609.3	0.684931506849315
Mol_19331	4096	CNP0582372.2	0.2391304347826087
Mol_19356	4096	CNP0521933.1	0.5333333333333333
Mol_19384	4096	CNP0239186.0	0.8571428571428571
Mol_19493	4096	CNP0088262.4	0.8625954198473282
Mol_19494	4096	CNP0254303.3	0.8582089552238806
Mol_19495	4096	CNP0254303.3	0.7954545454545454
Mol_19496	4096	CNP0088262.4	0.7320261437908496
Mol_19497	4096	CNP0088262.4	0.7320261437908496
Mol_19551	4096	CNP0276276.5	0.6166666666666667
Mol_19552	4096	CNP0178635.3	0.7176470588235294
Mol_19553	4096	CNP0187266.1	0.6989247311827957
Mol_19554	4096	CNP0178635.3	0.8148148148148148
Mol_19555	4096	CNP0207455.1	0.8205128205128205
Mol_19556	4096	CNP0104315.2	0.7956989247311828
Mol_19557	4096	CNP0025684.1	0.6235294117647059
Mol_19558	4096	CNP0222869.3	0.9647058823529412
Mol_19559	4096	CNP0104315.2	0.8863636363636364
Mol_19560	4096	CNP0187266.1	0.9493670886075948
Mol_19561	4096	CNP0293409.1	0.8051948051948052
Mol_19562	4096	CNP0293409.1	0.9295774647887324
Mol_19563	4096	CNP0187266.1	0.813953488372093
Mol_19564	4096	CNP0104315.2	0.9166666666666666
Mol_19565	4096	CNP0187266.1	0.8255813953488372
Mol_03527	4096	CNP0156983.5	0.6464646464646465
Mol_15713	4096	CNP0274469.2	0.9036144578313252
Mol_02179	4096	CNP0113811.1	0.4507042253521127
Mol_02292	4096	CNP0266886.2	0.7571428571428571
Mol_05757	4096	CNP0337672.1	0.5972222222222222
Mol_13729	4096	CNP0143206.2	0.7674418604651163
Mol_16129	4096	CNP0156022.1	0.6833333333333333
Mol_03380	4096	CNP0219984.4	0.640625
Mol_00505	4096	CNP0168236.15	0.5471698113207547
Mol_01518	4096	CNP0157330.2	0.5
Mol_01672	4096	CNP0173316.2	0.375
Mol_01004	4096	CNP0347412.2	0.5
Mol_01691	4096	CNP0157330.2	0.4375
Mol_00290	4096	CNP0257516.2	0.6341463414634146
Mol_11579	4096	CNP0358116.0	0.603448275862069
Mol_02534	4096	CNP0025019.1	0.5280898876404494
Mol_16841	4096	CNP0129458.1	0.4285714285714285
Mol_06411	4096	CNP0310343.1	0.5416666666666666
Mol_03480	4096	CNP0175659.1	0.639344262295082
Mol_01681	4096	CNP0318166.1	0.4561403508771929
Mol_02030	4096	CNP0265617.3	0.4117647058823529
Mol_05378	4096	CNP0216688.1	0.6031746031746031
Mol_01929	4096	CNP0173316.2	0.5166666666666667
Mol_05267	4096	CNP0255080.2	0.6101694915254238
Mol_02178	4096	CNP0113811.1	0.5882352941176471
Mol_04486	4096	CNP0102264.1	0.6875
Mol_05561	4096	CNP0150926.4	0.5882352941176471
Mol_05358	4096	CNP0269717.1	0.4754098360655737
Mol_05175	4096	CNP0305062.1	0.717391304347826
Mol_01679	4096	CNP0323063.2	0.4642857142857143
Mol_01678	4096	CNP0323063.2	0.4727272727272727
Mol_07016	4096	CNP0107097.0	0.3863636363636363
Mol_10556	4096	CNP0105060.1	0.7108433734939759
Mol_09630	4096	CNP0045665.2	0.3015873015873015
Mol_05176	4096	CNP0305062.1	0.717391304347826
Mol_00993	4096	CNP0118816.1	0.4736842105263157
Mol_00102	4096	CNP0241156.1	0.4347826086956521
Mol_01931	4096	CNP0232315.1	0.3148148148148148
Mol_02185	4096	CNP0273179.3	0.380281690140845
Mol_09064	4096	CNP0271417.2	0.4166666666666667
Mol_15975	4096	CNP0156237.1	0.6470588235294118
Mol_05547	4096	CNP0265617.3	0.6444444444444445
Mol_06226	4096	CNP0298381.2	0.492063492063492
Mol_04997	4096	CNP0308832.1	0.6981132075471698
Mol_00287	4096	CNP0273219.4	0.6623376623376623
Mol_09045	4096	CNP0296376.0	0.4418604651162791
Mol_09854	4096	CNP0439844.0	0.3888888888888889
Mol_00202	4096	CNP0311688.2	0.5925925925925926
Mol_13052	4096	CNP0240823.0	0.4375
Mol_02857	4096	CNP0130307.1	0.6551724137931034
Mol_00397	4096	CNP0424115.1	0.4155844155844156
Mol_05743	4096	CNP0236901.0	0.3636363636363636
Mol_07771	4096	CNP0150194.0	0.5135135135135135
Mol_14419	4096	CNP0584089.0	0.4705882352941176
Mol_07042	4096	CNP0216257.3	0.6296296296296297
Mol_15405	4096	CNP0525206.1	0.6046511627906976
Mol_01354	4096	CNP0265672.0	0.65
Mol_00378	4096	CNP0190614.1	0.3818181818181818
Mol_02180	4096	CNP0337723.0	0.5897435897435898
Mol_02181	4096	CNP0337723.0	0.4339622641509434
Mol_10008	4096	CNP0170207.1	0.4571428571428571
Mol_10315	4096	CNP0356819.0	0.4358974358974359
Mol_10316	4096	CNP0116433.1	0.3461538461538461
Mol_10283	4096	CNP0235656.2	0.4035087719298245
Mol_10324	4096	CNP0116433.1	0.4285714285714285
Mol_10323	4096	CNP0116433.1	0.4565217391304347
Mol_11837	4096	CNP0079210.0	0.6
Mol_15567	4096	CNP0198528.0	0.4878048780487805
Mol_12401	4096	CNP0315565.1	0.7142857142857143
Mol_04764	4096	CNP0170528.1	0.8241758241758241
Mol_04984	4096	CNP0554066.1	0.4696969696969697
Mol_02477	4096	CNP0227999.0	0.34375
Mol_04146	4096	CNP0272480.4	0.8
Mol_08060	4096	CNP0072758.1	0.3804347826086957
Mol_13575	4096	CNP0316105.4	0.7192982456140351
Mol_00452	4096	CNP0245810.1	0.8787878787878788
Mol_00461	4096	CNP0245810.1	0.6893203883495146
Mol_14092	4096	CNP0136882.1	0.8404255319148937
Mol_15893	4096	CNP0125318.2	0.6481481481481481
Mol_00460	4096	CNP0245810.1	0.7304347826086957
Mol_13034	4096	CNP0249488.2	0.4933333333333333
Mol_00467	4096	CNP0421134.2	0.3541666666666667
Mol_00425	4096	CNP0116779.3	0.379746835443038
Mol_09330	4096	CNP0174304.1	0.9125
Mol_12537	4096	CNP0153143.4	0.4677419354838709
Mol_11164	4096	CNP0174304.1	0.9125
Mol_15347	4096	CNP0280980.1	0.7307692307692307
Mol_10002	4096	CNP0198476.1	0.935064935064935
Mol_03499	4096	CNP0425601.1	0.6379310344827587
Mol_10468	4096	CNP0198476.1	0.935064935064935
Mol_13961	4096	CNP0508428.1	0.3809523809523809
Mol_13958	4096	CNP0302277.1	0.3563218390804598
Mol_07705	4096	CNP0174418.1	0.7058823529411765
Mol_15307	4096	CNP0185717.7	0.6764705882352942
Mol_09987	4096	CNP0223078.1	0.4133333333333333
Mol_01279	4096	CNP0208279.1	0.8850574712643678
Mol_12573	4096	CNP0226405.8	0.7191011235955056
Mol_00423	4096	CNP0296764.1	0.4264705882352941
Mol_11683	4096	CNP0161417.1	0.5217391304347826
Mol_11684	4096	CNP0141341.2	0.4933333333333333
Mol_14478	4096	CNP0420804.1	0.891566265060241
Mol_10000	4096	CNP0358909.1	0.9125
Mol_15966	4096	CNP0102764.9	0.85
Mol_10961	4096	CNP0323077.0	0.7368421052631579
Mol_08058	4096	CNP0072758.1	0.419753086419753
Mol_16445	4096	CNP0193793.1	0.4230769230769231
Mol_10009	4096	CNP0085944.1	0.8666666666666667
Mol_08130	4096	CNP0205245.1	0.3875
Mol_03709	4096	CNP0311296.2	0.6666666666666666
Mol_10290	4096	CNP0261715.1	0.7894736842105263
Mol_15847	4096	CNP0163690.0	0.7722772277227723
Mol_10978	4096	CNP0323077.0	0.5876288659793815
Mol_16481	4096	CNP0170528.1	0.7473684210526316
Mol_15558	4096	CNP0147162.1	0.782608695652174
Mol_04759	4096	CNP0226405.8	0.6086956521739131
Mol_10434	4096	CNP0286921.1	0.926829268292683
Mol_01229	4096	CNP0212028.0	0.7848101265822784
Mol_02294	4096	CNP0220121.7	0.7160493827160493
Mol_15890	4096	CNP0266484.1	0.6451612903225806
Mol_04053	4096	CNP0086888.4	0.6470588235294118
Mol_10439	4096	CNP0269362.8	0.7433628318584071
Mol_00548	4096	CNP0200119.2	0.6638655462184874
Mol_00583	4096	CNP0322799.2	0.7747747747747747
Mol_00604	4096	CNP0094912.1	0.552
Mol_08128	4096	CNP0205245.1	0.375
Mol_00441	4096	CNP0217869.3	0.5066666666666667
Mol_09730	4096	CNP0502214.1	0.7027027027027027
Mol_09732	4096	CNP0502214.1	0.7046979865771812
Mol_00149	4096	CNP0507150.2	0.8253968253968254
Mol_00145	4096	CNP0282366.1	0.9487179487179488
Mol_12347	4096	CNP0311846.1	0.4691358024691358
Mol_07988	4096	CNP0281123.6	0.6666666666666666
Mol_02607	4096	CNP0178953.1	0.8311688311688312
Mol_01227	4096	CNP0434747.1	0.7796610169491526
Mol_02249	4096	CNP0220121.7	0.875
Mol_15826	4096	CNP0368204.1	0.6296296296296297
Mol_01297	4096	CNP0417112.3	0.7037037037037037
Mol_04052	4096	CNP0086888.4	0.632183908045977
Mol_15798	4096	CNP0200688.1	0.5066666666666667
Mol_04968	4096	CNP0228853.1	0.5294117647058824
Mol_06042	4096	CNP0135295.2	0.3392857142857143
Mol_00215	4096	CNP0539968.1	0.6349206349206349
Mol_13071	4096	CNP0549871.1	0.7402597402597403
Mol_02268	4096	CNP0219543.9	0.9523809523809524
Mol_12546	4096	CNP0265319.1	0.7049180327868853
Mol_02269	4096	CNP0266886.2	0.7536231884057971
Mol_02271	4096	CNP0318508.1	0.7536231884057971
Mol_08624	4096	CNP0160234.1	0.5925925925925926
Mol_01523	4096	CNP0323063.2	0.627906976744186
Mol_02028	4096	CNP0323063.2	0.627906976744186
Mol_02152	4096	CNP0148419.1	0.2340425531914893
Mol_07886	4096	CNP0180123.6	0.5901639344262295
Mol_07857	4096	CNP0180123.6	0.5806451612903226
Mol_08595	4096	CNP0160234.1	0.5925925925925926
Mol_03573	4096	CNP0217590.15	0.4545454545454545
Mol_01680	4096	CNP0318166.1	0.56
Mol_12372	4096	CNP0335737.7	0.7719298245614035
Mol_12373	4096	CNP0335737.7	0.7719298245614035
Mol_07885	4096	CNP0224019.4	0.59375
Mol_01803	4096	CNP0192793.3	0.3666666666666666
Mol_02068	4096	CNP0318166.1	0.6595744680851063
Mol_01692	4096	CNP0323063.2	0.627906976744186
Mol_01674	4096	CNP0323063.2	0.5714285714285714
Mol_01735	4096	CNP0210846.2	0.803921568627451
Mol_03436	4096	CNP0335737.7	0.6896551724137931
Mol_03437	4096	CNP0239538.2	0.8
Mol_06227	4096	CNP0298381.2	0.492063492063492
Mol_07556	4096	CNP0262714.3	0.3492063492063492
Mol_01644	4096	CNP0255080.2	0.5344827586206896
Mol_06234	4096	CNP0298381.2	0.5238095238095238
Mol_02437	4096	CNP0310363.4	0.676923076923077
Mol_15550	4096	CNP0156237.1	0.6470588235294118
Mol_18981	4096	CNP0172783.2	0.3947368421052631
Mol_10680	4096	CNP0260837.8	0.625
Mol_03434	4096	CNP0356780.2	0.6981132075471698
Mol_00828	4096	CNP0420306.5	0.6833333333333333
Mol_00599	4096	CNP0226888.2	0.5797101449275363
Mol_07383	4096	CNP0124719.0	0.4716981132075472
Mol_08606	4096	CNP0259552.3	0.3518518518518518
Mol_15564	4096	CNP0386944.2	0.2741935483870967
Mol_12777	4096	CNP0080067.1	0.8875
Mol_03610	4096	CNP0230894.2	0.6046511627906976
Mol_08829	4096	CNP0224083.0	0.620253164556962
Mol_13471	4096	CNP0183195.3	0.5555555555555556
Mol_07500	4096	CNP0297274.1	0.5194805194805194
Mol_00688	4096	CNP0221873.2	0.7101449275362319
Mol_08775	4096	CNP0174209.1	0.8032786885245902
Mol_16086	4096	CNP0128540.2	0.6438356164383562
Mol_00426	4096	CNP0189694.1	0.4285714285714285
Mol_14977	4096	CNP0353818.1	0.8412698412698413
Mol_07425	4096	CNP0327301.0	0.5217391304347826
Mol_04246	4096	CNP0122386.0	0.4782608695652174
Mol_05875	4096	CNP0237923.0	1.0
Mol_01487	4096	CNP0259358.2	0.6774193548387096
Mol_13688	4096	CNP0066404.1	0.6818181818181818
Mol_10879	4096	CNP0155157.4	0.6133333333333333
Mol_00638	4096	CNP0189382.3	0.6991150442477876
Mol_04721	4096	CNP0196071.1	0.4788732394366197
Mol_14911	4096	CNP0174930.4	0.5
Mol_14017	4096	CNP0198217.1	0.8904109589041096
Mol_08932	4096	CNP0184194.2	0.6447368421052632
Mol_13507	4096	CNP0236268.2	0.8481012658227848
Mol_10461	4096	CNP0146039.1	0.7572815533980582
Mol_00637	4096	CNP0189382.3	0.8181818181818182
Mol_13062	4096	CNP0284593.0	0.4333333333333333
Mol_01561	4096	CNP0219505.0	0.5555555555555556
Mol_00424	4096	CNP0228985.1	0.5394736842105263
Mol_03484	4096	CNP0430375.0	0.3859649122807017
Mol_14310	4096	CNP0562059.0	0.868421052631579
Mol_14311	4096	CNP0562059.0	0.868421052631579
Mol_00385	4096	CNP0350623.2	0.6818181818181818
Mol_00371	4096	CNP0350623.2	0.703125
Mol_02116	4096	CNP0141741.4	0.8076923076923077
Mol_03253	4096	CNP0196212.1	0.4714285714285714
Mol_08016	4096	CNP0347805.1	0.4
Mol_03544	4096	CNP0129819.0	0.4313725490196078
Mol_12331	4096	CNP0105731.0	0.6428571428571429
Mol_19283	4096	CNP0099785.1	0.4523809523809524
Mol_05778	4096	CNP0360801.1	0.3968253968253968
Mol_08155	4096	CNP0357320.1	1.0
Mol_16351	4096	CNP0529925.1	0.4639175257731959
Mol_02519	4096	CNP0316493.1	0.9230769230769232
Mol_18714	4096	CNP0222644.3	0.7121212121212122
Mol_02325	4096	CNP0242534.1	0.8222222222222222
Mol_16610	4096	CNP0176980.3	0.4090909090909091
Mol_00292	4096	CNP0246466.0	0.8333333333333334
Mol_00295	4096	CNP0152715.1	0.7714285714285715
Mol_08663	4096	CNP0278805.0	0.3571428571428571
Mol_15569	4096	CNP0235567.0	0.7619047619047619
Mol_01564	4096	CNP0200741.1	0.5555555555555556
Mol_07048	4096	CNP0216257.3	0.76
Mol_12971	4096	CNP0115375.0	0.5476190476190477
Mol_04582	4096	CNP0049588.4	0.547945205479452
Mol_00358	4096	CNP0194436.1	0.875
Mol_13164	4096	CNP0216257.3	0.5
Mol_07044	4096	CNP0216257.3	0.7115384615384616
Mol_08052	4096	CNP0417287.1	0.7049180327868853
Mol_09002	4096	CNP0165514.1	0.5370370370370371
Mol_08321	4096	CNP0318843.1	0.8392857142857143
Mol_11552	4096	CNP0212037.0	0.5535714285714286
Mol_00308	4096	CNP0079833.0	0.5
Mol_02192	4096	CNP0213879.0	0.5333333333333333
Mol_00307	4096	CNP0131355.0	0.6538461538461539
Mol_03037	4096	CNP0117217.0	0.4736842105263157
Mol_16275	4096	CNP0392843.0	0.5588235294117647
Mol_00299	4096	CNP0244688.2	0.6136363636363636
Mol_11493	4096	CNP0212387.1	0.603448275862069
Mol_05603	4096	CNP0265617.3	0.6444444444444445
Mol_01552	4096	CNP0152715.1	0.7714285714285715
Mol_13237	4096	CNP0154379.0	0.6666666666666666
Mol_04326	4096	CNP0259924.0	0.55
Mol_05562	4096	CNP0192089.0	0.525
Mol_13679	4096	CNP0146328.2	0.582089552238806
Mol_13390	4096	CNP0275665.0	0.5555555555555556
Mol_02849	4096	CNP0104972.2	0.4680851063829787
Mol_01806	4096	CNP0162410.1	0.3859649122807017
Mol_01511	4096	CNP0265617.3	0.4693877551020408
Mol_01432	4096	CNP0175331.0	0.3513513513513513
Mol_01586	4096	CNP0153267.5	0.3333333333333333
Mol_03634	4096	CNP0299421.0	0.4324324324324324
Mol_04333	4096	CNP0187517.0	0.6578947368421053
Mol_02837	4096	CNP0271130.3	0.6857142857142857
Mol_04209	4096	CNP0187661.6	0.5294117647058824
Mol_06959	4096	CNP0175157.3	0.2745098039215686
Mol_15565	4096	CNP0372329.1	0.2539682539682539
Mol_02130	4096	CNP0210846.2	0.5185185185185185
Mol_16591	4096	CNP0409533.0	0.4516129032258064
Mol_08478	4096	CNP0257431.2	0.5
Mol_05359	4096	CNP0269717.1	0.5370370370370371
Mol_13858	4096	CNP0279920.4	0.7878787878787878
Mol_01796	4096	CNP0118975.0	0.4918032786885246
Mol_01689	4096	CNP0274172.2	0.4561403508771929
Mol_03843	4096	CNP0221911.2	0.5238095238095238
Mol_04487	4096	CNP0102264.1	0.6875
Mol_00121	4096	CNP0433908.0	0.575
Mol_05929	4096	CNP0214223.6	0.7142857142857143
Mol_01521	4096	CNP0323063.2	0.5531914893617021
Mol_06777	4096	CNP0214223.6	0.7142857142857143
Mol_01789	4096	CNP0220912.2	0.5102040816326531
Mol_05376	4096	CNP0265617.3	0.6904761904761905
Mol_16296	4096	CNP0208048.1	0.2702702702702703
Mol_05097	4096	CNP0177179.6	0.6
Mol_03665	4096	CNP0120631.0	0.2542372881355932
Mol_04572	4096	CNP0329427.0	0.3766233766233766
Mol_01677	4096	CNP0323063.2	0.5531914893617021
Mol_15722	4096	CNP0192574.2	0.5686274509803921
Mol_12243	4096	CNP0165514.1	0.6111111111111112
Mol_03392	4096	CNP0105731.0	0.4878048780487805
Mol_07052	4096	CNP0160481.1	0.4827586206896552
Mol_13012	4096	CNP0372887.1	0.4230769230769231
Mol_02139	4096	CNP0356490.0	0.7241379310344828
Mol_01693	4096	CNP0318166.1	0.6808510638297872
Mol_01675	4096	CNP0323063.2	0.6363636363636364
Mol_02029	4096	CNP0318166.1	0.6808510638297872
Mol_01670	4096	CNP0214223.6	0.5531914893617021
Mol_11076	4096	CNP0113291.1	0.4482758620689655
Mol_02070	4096	CNP0282782.1	0.6170212765957447
Mol_19058	4096	CNP0419223.0	0.3225806451612903
Mol_01736	4096	CNP0161554.0	0.2941176470588235
Mol_01733	4096	CNP0317855.3	0.6470588235294118
Mol_13859	4096	CNP0279920.4	0.7878787878787878
Mol_15566	4096	CNP0198528.0	0.2553191489361702
Mol_02034	4096	CNP0317855.3	0.6470588235294118
Mol_18176	4096	CNP0104684.0	0.3
Mol_06951	4096	CNP0114455.0	0.5945945945945946
Mol_16393	4096	CNP0399686.1	0.5
Mol_05148	4096	CNP0291170.1	0.3818181818181818
Mol_16392	4096	CNP0335635.2	0.5106382978723404
Mol_14448	4096	CNP0257330.0	0.5945945945945946
Mol_05149	4096	CNP0291170.1	0.3818181818181818
Mol_00524	4096	CNP0249797.2	0.3809523809523809
Mol_15224	4096	CNP0225386.3	0.4444444444444444
Mol_04192	4096	CNP0164378.0	0.6153846153846154
Mol_05249	4096	CNP0327378.1	0.5128205128205128
Mol_01690	4096	CNP0161551.3	0.7555555555555555
Mol_01646	4096	CNP0260353.1	0.4901960784313725
Mol_06971	4096	CNP0175157.3	0.4565217391304347
Mol_01997	4096	CNP0274172.2	0.4285714285714285
Mol_01927	4096	CNP0323063.2	0.6511627906976745
Mol_09568	4096	CNP0424592.1	0.631578947368421
Mol_06035	4096	CNP0177403.1	0.6086956521739131
Mol_05123	4096	CNP0170409.1	0.6862745098039216
Mol_15552	4096	CNP0156237.1	0.6470588235294118
Mol_06172	4096	CNP0177403.1	0.6086956521739131
Mol_06173	4096	CNP0177403.1	0.6086956521739131
Mol_06174	4096	CNP0260353.1	0.5652173913043478
Mol_11089	4096	CNP0253970.1	0.6326530612244898
Mol_02815	4096	CNP0149396.6	0.4705882352941176
Mol_06975	4096	CNP0157294.3	0.625
Mol_02069	4096	CNP0323063.2	0.6363636363636364
Mol_14421	4096	CNP0053759.0	0.4375
Mol_06190	4096	CNP0323063.2	0.6511627906976745
Mol_03051	4096	CNP0219984.4	0.5797101449275363
Mol_00028	4096	CNP0289982.5	0.7049180327868853
Mol_06225	4096	CNP0298381.2	0.5084745762711864
Mol_04573	4096	CNP0329427.0	0.3766233766233766
Mol_04574	4096	CNP0329427.0	0.3580246913580246
Mol_06207	4096	CNP0260353.1	0.5652173913043478
Mol_01121	4096	CNP0292588.2	0.4
Mol_04330	4096	CNP0345432.2	0.4918032786885246
Mol_06211	4096	CNP0177403.1	0.6086956521739131
Mol_06213	4096	CNP0177403.1	0.6086956521739131
Mol_06713	4096	CNP0177403.1	0.6086956521739131
Mol_14991	4096	CNP0062654.2	0.3043478260869565
Mol_14060	4096	CNP0472398.0	0.4363636363636363
Mol_08597	4096	CNP0237217.2	0.5818181818181818
Mol_01801	4096	CNP0423501.1	0.625
Mol_03702	4096	CNP0273933.1	0.8085106382978723
Mol_01519	4096	CNP0118975.0	0.5084745762711864
Mol_13393	4096	CNP0054973.0	0.3684210526315789
Mol_01593	4096	CNP0156240.2	0.3846153846153846
Mol_00400	4096	CNP0254016.10	0.3636363636363636
Mol_01547	4096	CNP0099785.1	0.4871794871794871
Mol_11507	4096	CNP0182307.0	0.4594594594594595
Mol_06782	4096	CNP0256422.0	0.5652173913043478
Mol_01598	4096	CNP0426125.2	0.4761904761904761
Mol_05012	4096	CNP0178132.0	0.5882352941176471
Mol_05956	4096	CNP0203287.5	0.6333333333333333
Mol_06718	4096	CNP0323063.2	0.6511627906976745
Mol_03168	4096	CNP0066634.2	0.6170212765957447
Mol_15496	4096	CNP0332043.1	0.6875
Mol_02417	4096	CNP0365510.1	0.5970149253731343
Mol_14169	4096	CNP0018477.0	0.4642857142857143
Mol_00372	4096	CNP0350623.2	0.6923076923076923
Mol_02538	4096	CNP0268842.1	0.7761194029850746
Mol_02536	4096	CNP0354544.3	0.7647058823529411
Mol_09567	4096	CNP0241083.1	0.7551020408163265
Mol_08489	4096	CNP0350704.2	0.4791666666666667
Mol_06224	4096	CNP0298381.2	0.5087719298245614
Mol_15022	4096	CNP0326549.1	0.2580645161290322
Mol_09908	4096	CNP0292588.2	0.4130434782608695
Mol_05252	4096	CNP0135331.6	0.7560975609756098
Mol_02434	4096	CNP0282297.1	0.582089552238806
Mol_13781	4096	CNP0355445.1	0.5714285714285714
Mol_06228	4096	CNP0298381.2	0.5087719298245614
Mol_01512	4096	CNP0265617.3	0.3818181818181818
Mol_06150	4096	CNP0149048.1	0.75
Mol_00382	4096	CNP0316323.0	0.4
Mol_16356	4096	CNP0525769.1	0.6346153846153846
Mol_04390	4096	CNP0210494.0	0.5384615384615384
Mol_01792	4096	CNP0149993.3	0.5076923076923077
Mol_05563	4096	CNP0192089.0	0.4772727272727273
Mol_13553	4096	CNP0285059.3	0.5111111111111111
Mol_02811	4096	CNP0593661.1	0.5625
Mol_18372	4096	CNP0135331.6	0.7560975609756098
Mol_15562	4096	CNP0249953.2	0.32
Mol_13243	4096	CNP0110282.1	0.6739130434782609
Mol_03270	4096	CNP0165201.2	0.5166666666666667
Mol_00298	4096	CNP0225386.3	0.5384615384615384
Mol_01520	4096	CNP0220912.2	0.4901960784313725
Mol_03267	4096	CNP0260008.2	0.5
Mol_02747	4096	CNP0270683.2	0.8297872340425532
Mol_13482	4096	CNP0434985.1	0.3823529411764705
Mol_02749	4096	CNP0299309.1	0.6981132075471698
Mol_03268	4096	CNP0165201.2	0.5344827586206896
Mol_07911	4096	CNP0310343.1	0.4871794871794871
Mol_03397	4096	CNP0284645.1	0.4444444444444444
Mol_08488	4096	CNP0365670.1	0.6530612244897959
Mol_06320	4096	CNP0109425.4	0.5084745762711864
Mol_13449	4096	CNP0293015.1	0.4426229508196721
Mol_13448	4096	CNP0293015.1	0.4745762711864407
Mol_00015	4096	CNP0578113.1	0.6274509803921569
Mol_03271	4096	CNP0152738.4	0.64
Mol_02748	4096	CNP0516163.1	0.7021276595744681
Mol_10528	4096	CNP0286465.7	0.8222222222222222
Mol_14158	4096	CNP0299614.2	0.58
Mol_09529	4096	CNP0102264.1	0.375
Mol_14313	4096	CNP0018066.0	0.42
Mol_00003	4096	CNP0321669.1	0.8723404255319149
Mol_05002	4096	CNP0216223.1	0.5849056603773585
Mol_00107	4096	CNP0241156.1	0.6666666666666666
Mol_05003	4096	CNP0017964.0	0.5882352941176471
Mol_00953	4096	CNP0277320.1	0.7428571428571429
Mol_04957	4096	CNP0165920.1	0.6938775510204082
Mol_07258	4096	CNP0231286.0	0.4285714285714285
Mol_15416	4096	CNP0311489.2	0.5918367346938775
Mol_12858	4096	CNP0126990.0	0.3653846153846153
Mol_13199	4096	CNP0216257.3	0.7291666666666666
Mol_02173	4096	CNP0435517.0	0.2549019607843137
Mol_00442	4096	CNP0178773.1	0.3424657534246575
Mol_13481	4096	CNP0434985.1	0.3714285714285714
Mol_13463	4096	CNP0160047.2	0.5303030303030303
Mol_14167	4096	CNP0166592.2	0.8787878787878788
Mol_14164	4096	CNP0360801.1	0.631578947368421
Mol_07935	4096	CNP0312032.4	0.9310344827586208
Mol_10385	4096	CNP0428727.1	0.7027027027027027
Mol_18562	4096	CNP0218834.1	0.5211267605633803
Mol_03692	4096	CNP0172754.9	0.6190476190476191
Mol_07382	4096	CNP0192520.4	0.8596491228070176
Mol_16198	4096	CNP0118936.0	0.3066666666666666
Mol_00302	4096	CNP0544943.1	0.5882352941176471
Mol_08776	4096	CNP0292648.4	0.5555555555555556
Mol_11664	4096	CNP0318133.0	0.6792452830188679
Mol_04974	4096	CNP0515481.2	0.5081967213114754
Mol_12683	4096	CNP0358006.1	0.5802469135802469
Mol_02438	4096	CNP0310363.4	0.5131578947368421
Mol_02260	4096	CNP0228831.1	0.4175824175824176
Mol_02242	4096	CNP0373216.3	0.8529411764705882
Mol_02540	4096	CNP0490778.1	0.7567567567567568
Mol_14531	4096	CNP0104940.2	0.3908045977011494
Mol_14577	4096	CNP0255607.1	0.6494845360824743
Mol_02963	4096	CNP0180129.4	0.6451612903225806
Mol_07682	4096	CNP0257344.3	0.6756756756756757
Mol_03879	4096	CNP0315753.1	0.7307692307692307
Mol_15783	4096	CNP0166421.1	0.6195652173913043
Mol_03873	4096	CNP0156622.1	0.865979381443299
Mol_02436	4096	CNP0273297.3	0.575
Mol_11901	4096	CNP0297556.1	0.5930232558139535
Mol_02273	4096	CNP0219543.9	0.7142857142857143
Mol_02267	4096	CNP0219543.9	0.835820895522388
Mol_02287	4096	CNP0219543.9	0.7536231884057971
Mol_07567	4096	CNP0147334.11	0.7936507936507936
Mol_10625	4096	CNP0358006.1	0.5875
Mol_11302	4096	CNP0343551.1	0.7413793103448276
Mol_01385	4096	CNP0118040.4	0.8354430379746836
Mol_11881	4096	CNP0270267.1	0.75
Mol_03878	4096	CNP0156622.1	0.6454545454545455
Mol_07043	4096	CNP0216257.3	0.6296296296296297
Mol_13196	4096	CNP0216257.3	0.6037735849056604
Mol_01467	4096	CNP0400184.3	0.7380952380952381
Mol_02169	4096	CNP0366641.1	0.3050847457627119
Mol_03574	4096	CNP0249690.2	0.4912280701754385
Mol_02388	4096	CNP0255434.1	0.4583333333333333
Mol_02389	4096	CNP0255434.1	0.4246575342465753
Mol_02435	4096	CNP0159685.2	0.5441176470588235
Mol_02407	4096	CNP0187661.6	0.3538461538461538
Mol_04630	4096	CNP0329427.0	0.275
Mol_04631	4096	CNP0329427.0	0.275
Mol_04628	4096	CNP0329427.0	0.2619047619047619
Mol_04995	4096	CNP0151370.2	0.6551724137931034
Mol_11685	4096	CNP0141341.2	0.48
Mol_11248	4096	CNP0414839.3	0.7375
Mol_00531	4096	CNP0250146.2	0.5161290322580645
Mol_12088	4096	CNP0117209.0	0.6875
Mol_12572	4096	CNP0116779.3	0.6521739130434783
Mol_04095	4096	CNP0317110.2	0.6375
Mol_13505	4096	CNP0249512.7	0.6666666666666666
Mol_09775	4096	CNP0110835.3	0.618421052631579
Mol_08752	4096	CNP0235968.1	0.4823529411764706
Mol_15348	4096	CNP0233093.16	0.5
Mol_04142	4096	CNP0524950.2	0.5573770491803278
Mol_00289	4096	CNP0216987.4	0.7164179104477612
Mol_10723	4096	CNP0270241.3	0.6341463414634146
Mol_07140	4096	CNP0292178.3	0.4404761904761904
Mol_02533	4096	CNP0025019.1	0.5679012345679012
Mol_02398	4096	CNP0589035.0	0.5108695652173914
Mol_02535	4096	CNP0170915.1	0.5119047619047619
Mol_02470	4096	CNP0170915.1	0.6486486486486487
Mol_02537	4096	CNP0354544.3	0.7222222222222222
Mol_14368	4096	CNP0361923.6	0.5625
Mol_07809	4096	CNP0210008.3	0.6101694915254238
Mol_13634	4096	CNP0148876.1	0.543859649122807
Mol_01228	4096	CNP0434747.1	0.8214285714285714
Mol_14567	4096	CNP0255607.1	0.5555555555555556
Mol_14579	4096	CNP0255607.1	0.5643564356435643
Mol_02816	4096	CNP0409545.3	0.5303030303030303
Mol_01151	4096	CNP0561071.1	0.3541666666666667
Mol_14327	4096	CNP0313468.1	0.6818181818181818
Mol_14341	4096	CNP0361923.6	0.575
Mol_14580	4096	CNP0255607.1	0.5729166666666666
Mol_10716	4096	CNP0249405.4	0.7887323943661971
Mol_08761	4096	CNP0216270.2	0.611764705882353
Mol_15289	4096	CNP0289210.1	0.59375
Mol_10291	4096	CNP0227999.0	0.5344827586206896
Mol_15028	4096	CNP0365983.2	0.2535211267605634
Mol_15711	4096	CNP0316384.3	0.6122448979591837
Mol_02539	4096	CNP0170915.1	0.6486486486486487
Mol_02471	4096	CNP0490778.1	0.7567567567567568
Mol_14568	4096	CNP0255607.1	0.5865384615384616
Mol_16068	4096	CNP0225461.3	0.7017543859649122
Mol_16247	4096	CNP0172122.4	0.4512195121951219
Mol_01378	4096	CNP0242534.1	0.8636363636363636
Mol_02568	4096	CNP0162016.2	0.8767123287671232
Mol_16203	4096	CNP0107064.0	0.6909090909090909
Mol_10797	4096	CNP0324311.3	0.575
Mol_11749	4096	CNP0139284.1	0.855072463768116
Mol_16845	4096	CNP0129458.1	0.5
Mol_11342	4096	CNP0549871.1	0.7866666666666666
Mol_13070	4096	CNP0196217.1	0.6025641025641025
Mol_03700	4096	CNP0225818.4	0.6
Mol_14501	4096	CNP0291562.1	0.6538461538461539
Mol_15797	4096	CNP0101005.1	0.8235294117647058
Mol_10803	4096	CNP0324311.3	0.8513513513513513
Mol_15630	4096	CNP0430375.0	0.3484848484848485
Mol_02278	4096	CNP0219543.9	0.7142857142857143
Mol_02035	4096	CNP0245936.3	0.6538461538461539
Mol_07539	4096	CNP0307197.3	0.527027027027027
Mol_13937	4096	CNP0268303.0	0.4901960784313725
Mol_06152	4096	CNP0170660.1	0.5185185185185185
Mol_02553	4096	CNP0155157.4	0.6885245901639344
Mol_10884	4096	CNP0357496.1	0.4230769230769231
Mol_10623	4096	CNP0142306.1	0.6025641025641025
Mol_14261	4096	CNP0185364.0	0.4137931034482758
Mol_02276	4096	CNP0220121.7	0.65
Mol_02374	4096	CNP0240544.1	0.3536585365853658
Mol_00373	4096	CNP0350623.2	0.8035714285714286
Mol_14752	4096	CNP0547437.1	0.3333333333333333
Mol_03291	4096	CNP0471065.1	0.5555555555555556
Mol_00278	4096	CNP0157351.0	0.68
Mol_10766	4096	CNP0105731.0	0.7297297297297297
Mol_07046	4096	CNP0216257.3	0.5614035087719298
Mol_07047	4096	CNP0216257.3	0.74
Mol_06934	4096	CNP0339584.0	0.5555555555555556
Mol_16582	4096	CNP0186029.1	0.4285714285714285
Mol_00270	4096	CNP0003449.0	0.5
Mol_09721	4096	CNP0264239.1	0.475
Mol_00802	4096	CNP0284593.0	0.5416666666666666
Mol_08053	4096	CNP0173646.3	0.5230769230769231
Mol_09641	4096	CNP0359292.1	0.4516129032258064
Mol_01496	4096	CNP0533005.1	0.5869565217391305
Mol_14901	4096	CNP0112322.4	0.5454545454545454
Mol_08575	4096	CNP0299311.0	0.7317073170731707
Mol_10762	4096	CNP0257533.0	0.6470588235294118
Mol_16023	4096	CNP0202849.0	0.5925925925925926
Mol_08680	4096	CNP0168135.5	0.6984126984126984
Mol_09443	4096	CNP0076916.4	0.5633802816901409
Mol_02251	4096	CNP0266886.2	0.7464788732394366
Mol_10295	4096	CNP0249523.2	0.4473684210526316
Mol_15614	4096	CNP0273715.1	0.5223880597014925
Mol_11079	4096	CNP0253422.2	0.5
Mol_11080	4096	CNP0282326.2	0.3392857142857143
Mol_04174	4096	CNP0419149.1	0.7261904761904762
Mol_01130	4096	CNP0316899.2	0.8205128205128205
Mol_01152	4096	CNP0316899.2	0.8205128205128205
Mol_01537	4096	CNP0316899.2	0.8205128205128205
Mol_16440	4096	CNP0282459.1	0.7878787878787878
Mol_10547	4096	CNP0306814.2	0.7894736842105263
Mol_10876	4096	CNP0306814.2	0.6031746031746031
Mol_03493	4096	CNP0219603.7	0.7560975609756098
Mol_03494	4096	CNP0219603.7	0.7560975609756098
Mol_12659	4096	CNP0076476.1	0.6865671641791045
Mol_00602	4096	CNP0269533.1	0.7352941176470589
Mol_04707	4096	CNP0155460.1	0.4285714285714285
Mol_12293	4096	CNP0170527.1	0.5232558139534884
Mol_02889	4096	CNP0236159.3	0.90625
Mol_03564	4096	CNP0200893.7	0.8870967741935484
Mol_12499	4096	CNP0587027.1	0.6666666666666666
Mol_05257	4096	CNP0350500.1	0.5853658536585366
Mol_01603	4096	CNP0175364.1	0.5121951219512195
Mol_11262	4096	CNP0213490.2	0.4
Mol_07494	4096	CNP0354053.1	0.4769230769230769
Mol_07530	4096	CNP0192520.4	0.4857142857142857
Mol_07503	4096	CNP0221168.1	0.3604651162790697
Mol_00974	4096	CNP0112159.1	0.782608695652174
Mol_02979	4096	CNP0165041.5	0.5730337078651685
Mol_11920	4096	CNP0424019.1	0.3275862068965517
Mol_07708	4096	CNP0420306.5	0.6438356164383562
Mol_02930	4096	CNP0194558.6	0.8170731707317073
Mol_08755	4096	CNP0139318.1	0.5172413793103449
Mol_16824	4096	CNP0591780.0	0.4821428571428571
Mol_16826	4096	CNP0278947.2	0.4954954954954955
Mol_02958	4096	CNP0278947.2	0.4453781512605042
Mol_16825	4096	CNP0591780.0	0.4690265486725664
Mol_16822	4096	CNP0205886.2	0.3981481481481481
Mol_16756	4096	CNP0139491.2	0.5578947368421052
Mol_02922	4096	CNP0433835.1	0.6470588235294118
Mol_02928	4096	CNP0165041.5	0.6190476190476191
Mol_10366	4096	CNP0583502.2	0.3673469387755102
Mol_12007	4096	CNP0203076.0	0.6836734693877551
Mol_10916	4096	CNP0348608.6	0.4482758620689655
Mol_02667	4096	CNP0328141.1	0.6808510638297872
Mol_16835	4096	CNP0433835.1	0.6470588235294118
Mol_02463	4096	CNP0025019.1	0.4482758620689655
Mol_16763	4096	CNP0347895.5	0.9047619047619048
Mol_16818	4096	CNP0347895.5	0.9047619047619048
Mol_02648	4096	CNP0328141.1	0.925
Mol_00439	4096	CNP0139662.1	0.6607142857142857
Mol_00550	4096	CNP0200119.2	0.6842105263157895
Mol_11953	4096	CNP0180129.4	0.7469879518072289
Mol_04629	4096	CNP0329427.0	0.2619047619047619
Mol_16117	4096	CNP0252884.1	0.4516129032258064
Mol_08846	4096	CNP0166073.1	0.8656716417910447
Mol_00011	4096	CNP0201368.2	0.835820895522388
Mol_14177	4096	CNP0166592.2	0.5714285714285714
Mol_07900	4096	CNP0181540.1	0.5714285714285714
Mol_07901	4096	CNP0181540.1	0.5714285714285714
Mol_11811	4096	CNP0590786.2	0.76
Mol_06093	4096	CNP0601127.1	0.4594594594594595
Mol_11955	4096	CNP0358006.1	0.5875
Mol_15187	4096	CNP0322741.3	0.5806451612903226
Mol_04111	4096	CNP0204731.1	0.4655172413793103
Mol_14517	4096	CNP0161944.2	0.9032258064516128
Mol_12776	4096	CNP0585817.1	0.6666666666666666
Mol_16150	4096	CNP0348975.3	0.7540983606557377
Mol_00057	4096	CNP0227773.5	0.5113636363636364
Mol_16847	4096	CNP0323901.1	0.5119047619047619
Mol_02291	4096	CNP0318508.1	0.4941176470588235
Mol_02465	4096	CNP0354544.3	0.4553571428571428
Mol_14307	4096	CNP0559442.1	0.6581196581196581
Mol_02264	4096	CNP0373216.3	0.8529411764705882
Mol_05777	4096	CNP0146304.1	0.4657534246575342
Mol_07876	4096	CNP0224019.4	0.3421052631578947
Mol_00002	4096	CNP0307493.3	0.5873015873015873
Mol_15312	4096	CNP0194436.1	0.4693877551020408
Mol_14529	4096	CNP0469897.1	0.6705882352941176
Mol_02464	4096	CNP0025019.1	0.4105263157894737
Mol_00375	4096	CNP0159268.2	0.8714285714285714
Mol_07936	4096	CNP0312032.4	0.9411764705882352
Mol_04329	4096	CNP0345432.2	0.5454545454545454
Mol_12457	4096	CNP0230722.2	0.5488721804511278
Mol_01384	4096	CNP0590236.2	0.5384615384615384
Mol_00368	4096	CNP0501492.1	0.3369565217391304
Mol_02678	4096	CNP0559243.1	0.3020833333333333
Mol_02270	4096	CNP0318508.1	0.8507462686567164
Mol_02272	4096	CNP0373216.3	0.8529411764705882
Mol_07045	4096	CNP0216257.3	0.5344827586206896
Mol_02682	4096	CNP0117973.2	0.2804878048780488
Mol_00374	4096	CNP0350623.2	0.7894736842105263
Mol_00549	4096	CNP0200119.2	0.6929824561403509
Mol_14155	4096	CNP0306868.0	0.3902439024390244
Mol_13725	4096	CNP0336650.3	0.5098039215686274
Mol_06216	4096	CNP0305578.3	0.6086956521739131
Mol_19215	4096	CNP0528512.0	0.4878048780487805
Mol_07525	4096	CNP0302765.1	0.5102040816326531
Mol_04991	4096	CNP0260008.2	0.5
Mol_04998	4096	CNP0164452.2	0.7647058823529411
Mol_13793	4096	CNP0130449.1	0.6515151515151515
Mol_07558	4096	CNP0308832.1	0.75
Mol_01466	4096	CNP0311489.2	0.6956521739130435
Mol_14210	4096	CNP0222377.1	0.5740740740740741
Mol_01469	4096	CNP0400184.3	0.7380952380952381
Mol_02154	4096	CNP0261312.1	0.4603174603174603
Mol_11280	4096	CNP0104295.0	0.4126984126984127
Mol_13193	4096	CNP0520454.1	0.4054054054054054
Mol_02872	4096	CNP0318843.1	0.5675675675675675
Mol_13175	4096	CNP0216257.3	0.5714285714285714
Mol_00796	4096	CNP0181609.1	0.6349206349206349
Mol_04958	4096	CNP0165201.2	0.5789473684210527
Mol_01793	4096	CNP0118975.0	0.660377358490566
Mol_11081	4096	CNP0249059.0	0.7659574468085106
Mol_04319	4096	CNP0229364.3	0.676923076923077
Mol_00795	4096	CNP0255296.4	0.4868421052631579
Mol_01666	4096	CNP0152715.1	0.7714285714285715
Mol_11311	4096	CNP0184510.2	0.3728813559322034
Mol_07282	4096	CNP0180871.0	0.4
Mol_03286	4096	CNP0488492.0	0.6222222222222222
Mol_14614	4096	CNP0171818.3	0.684931506849315
Mol_06717	4096	CNP0305578.3	0.6086956521739131
Mol_04985	4096	CNP0554066.1	0.484375
Mol_07561	4096	CNP0232074.0	0.75
Mol_09728	4096	CNP0350228.1	0.2962962962962963
Mol_14996	4096	CNP0337749.2	0.6779661016949152
Mol_08064	4096	CNP0272480.4	0.5797101449275363
Mol_16002	4096	CNP0314218.1	0.5434782608695652
Mol_15769	4096	CNP0228814.15	0.3188405797101449
Mol_06092	4096	CNP0601127.1	0.4788732394366197
Mol_01012	4096	CNP0266779.3	0.2790697674418604
Mol_10883	4096	CNP0357496.1	0.4125
Mol_05950	4096	CNP0203287.5	0.8360655737704918
Mol_11954	4096	CNP0358006.1	0.6172839506172839
Mol_02467	4096	CNP0079509.2	0.782608695652174
Mol_11960	4096	CNP0358006.1	0.5294117647058824
Mol_13072	4096	CNP0196217.1	0.6486486486486487
Mol_16846	4096	CNP0129458.1	0.4639175257731959
Mol_04571	4096	CNP0171318.0	0.4461538461538462
Mol_11965	4096	CNP0358006.1	0.6172839506172839
Mol_16088	4096	CNP0433323.2	0.734375
Mol_05758	4096	CNP0146304.1	0.6029411764705882
Mol_05761	4096	CNP0337672.1	0.5540540540540541
Mol_07818	4096	CNP0310343.1	0.5492957746478874
Mol_00138	4096	CNP0264626.2	0.6521739130434783
Mol_03653	4096	CNP0454440.2	0.2985074626865671
Mol_02825	4096	CNP0102264.1	0.8947368421052632
Mol_11586	4096	CNP0303300.1	0.5303030303030303
Mol_07559	4096	CNP0115350.1	0.8
Mol_00144	4096	CNP0234796.3	0.574468085106383
Mol_18194	4096	CNP0191891.2	0.7777777777777778
Mol_15721	4096	CNP0291170.1	0.6326530612244898
Mol_14168	4096	CNP0166592.2	0.8787878787878788
Mol_14162	4096	CNP0568657.0	0.5128205128205128
Mol_06273	4096	CNP0122055.1	0.7777777777777778
Mol_06327	4096	CNP0228491.1	0.4117647058823529
Mol_07777	4096	CNP0388937.0	0.5510204081632653
Mol_14634	4096	CNP0139450.2	0.6190476190476191
Mol_00141	4096	CNP0262714.3	0.6326530612244898
Mol_03481	4096	CNP0335737.7	0.6896551724137931
Mol_06183	4096	CNP0199953.1	0.3582089552238806
Mol_14182	4096	CNP0045560.0	0.6818181818181818
Mol_05308	4096	CNP0161995.1	0.4848484848484848
Mol_15269	4096	CNP0003113.0	0.5294117647058824
Mol_07646	4096	CNP0107866.0	0.5454545454545454
Mol_09070	4096	CNP0294593.0	0.1666666666666666
Mol_13413	4096	CNP0597402.1	0.3928571428571428
Mol_03488	4096	CNP0131809.0	0.5254237288135594
Mol_00301	4096	CNP0074279.0	0.5641025641025641
Mol_03013	4096	CNP0237301.2	0.532258064516129
Mol_15015	4096	CNP0295889.1	0.9130434782608696
Mol_14790	4096	CNP0176155.0	0.7368421052631579
Mol_19301	4096	CNP0176155.0	0.875
Mol_10829	4096	CNP0255091.0	0.6666666666666666
Mol_15099	4096	CNP0422450.1	0.6825396825396826
Mol_16731	4096	CNP0316706.1	0.6086956521739131
Mol_11582	4096	CNP0303300.1	0.6615384615384615
Mol_10310	4096	CNP0484053.1	0.3820224719101123
Mol_03254	4096	CNP0196212.1	0.4647887323943662
Mol_04987	4096	CNP0165201.2	0.5483870967741935
Mol_13132	4096	CNP0130139.0	0.3225806451612903
Mol_07051	4096	CNP0226896.1	0.359375
Mol_04585	4096	CNP0049588.4	0.6056338028169014
Mol_16266	4096	CNP0545202.1	0.4320987654320987
Mol_16267	4096	CNP0545202.1	0.4320987654320987
Mol_13414	4096	CNP0597402.1	0.4230769230769231
Mol_07564	4096	CNP0296502.3	0.6666666666666666
Mol_04427	4096	CNP0086724.3	0.6716417910447762
Mol_00765	4096	CNP0560984.3	0.7833333333333333
Mol_10738	4096	CNP0395775.1	0.676923076923077
Mol_18907	4096	CNP0259554.1	0.4
Mol_04123	4096	CNP0488613.1	0.3846153846153846
Mol_14660	4096	CNP0276805.0	0.5333333333333333
Mol_03483	4096	CNP0131809.0	0.4716981132075472
Mol_01020	4096	CNP0268303.0	0.4901960784313725
Mol_15896	4096	CNP0208206.1	0.475
Mol_15897	4096	CNP0208206.1	0.4578313253012048
Mol_14661	4096	CNP0182329.0	0.5370370370370371
Mol_01779	4096	CNP0228005.0	0.6956521739130435
Mol_11554	4096	CNP0274318.1	0.6226415094339622
Mol_11512	4096	CNP0212767.0	0.5192307692307693
Mol_14178	4096	CNP0267146.3	0.75
Mol_14176	4096	CNP0224715.1	0.5918367346938775
Mol_09762	4096	CNP0161417.1	0.4375
Mol_15196	4096	CNP0322741.3	0.8947368421052632
Mol_08003	4096	CNP0348608.6	0.6944444444444444
Mol_16526	4096	CNP0328141.1	0.5196078431372549
Mol_14576	4096	CNP0255607.1	0.65
Mol_10275	4096	CNP0249512.7	0.7936507936507936
Mol_12005	4096	CNP0203076.0	0.6116504854368932
Mol_14570	4096	CNP0255607.1	0.7659574468085106
Mol_08004	4096	CNP0348608.6	0.6944444444444444
Mol_02799	4096	CNP0149396.6	0.7543859649122807
Mol_06069	4096	CNP0157330.2	0.3888888888888889
Mol_01578	4096	CNP0107067.1	0.4516129032258064
Mol_06891	4096	CNP0130092.1	0.2954545454545454
Mol_00858	4096	CNP0586428.1	0.6956521739130435
Mol_05947	4096	CNP0161551.3	0.4
Mol_06340	4096	CNP0251716.1	0.4339622641509434
Mol_14380	4096	CNP0291066.2	0.5714285714285714
Mol_10867	4096	CNP0214223.6	0.5306122448979592
Mol_10886	4096	CNP0206071.1	0.4791666666666667
Mol_01686	4096	CNP0274172.2	0.5094339622641509
Mol_08026	4096	CNP0252293.1	0.7321428571428571
Mol_06218	4096	CNP0512373.2	0.4423076923076923
Mol_16359	4096	CNP0399714.0	0.296875
Mol_00863	4096	CNP0128879.3	0.6779661016949152
Mol_13782	4096	CNP0298381.2	0.45
Mol_03759	4096	CNP0273721.1	0.4181818181818181
Mol_10870	4096	CNP0214223.6	0.5306122448979592
Mol_04711	4096	CNP0343293.3	0.55
Mol_15025	4096	CNP0365083.1	0.2753623188405797
Mol_06181	4096	CNP0173359.1	0.4090909090909091
Mol_13490	4096	CNP0431946.2	0.543859649122807
Mol_11751	4096	CNP0139284.1	0.6363636363636364
Mol_00201	4096	CNP0151693.3	0.5862068965517241
Mol_00862	4096	CNP0143200.1	0.8392857142857143
Mol_00925	4096	CNP0143200.1	0.8392857142857143
Mol_04169	4096	CNP0353885.1	0.3389830508474576
Mol_08027	4096	CNP0252293.1	0.7017543859649122
Mol_13211	4096	CNP0143200.1	0.8392857142857143
Mol_15030	4096	CNP0365083.1	0.2676056338028169
Mol_15026	4096	CNP0365083.1	0.2638888888888889
Mol_00893	4096	CNP0291122.1	0.7288135593220338
Mol_12799	4096	CNP0142335.0	0.417910447761194
Mol_12920	4096	CNP0157166.2	0.5316455696202531
Mol_16205	4096	CNP0076436.1	0.7647058823529411
Mol_09986	4096	CNP0194416.1	0.4925373134328358
Mol_09774	4096	CNP0110835.3	0.6103896103896104
Mol_10912	4096	CNP0129699.2	0.5
Mol_12621	4096	CNP0226405.8	0.7590361445783133
Mol_08774	4096	CNP0185717.7	0.6935483870967742
Mol_00595	4096	CNP0416864.1	0.8205128205128205
Mol_09776	4096	CNP0110835.3	0.7681159420289855
Mol_08821	4096	CNP0143905.1	0.7
Mol_10312	4096	CNP0248195.1	0.4047619047619047
Mol_16975	4096	CNP0261705.1	0.5
Mol_11335	4096	CNP0194416.1	0.4117647058823529
Mol_10436	4096	CNP0316545.3	0.8695652173913043
Mol_10860	4096	CNP0317966.1	0.78125
Mol_10017	4096	CNP0292837.3	0.4651162790697674
Mol_11148	4096	CNP0165109.0	0.4545454545454545
Mol_14862	4096	CNP0241873.1	0.9473684210526316
Mol_01021	4096	CNP0326250.2	0.5641025641025641
Mol_00100	4096	CNP0164288.1	1.0
Mol_06390	4096	CNP0310343.1	0.5492957746478874
Mol_01468	4096	CNP0137490.0	0.8666666666666667
Mol_03182	4096	CNP0242534.1	0.8222222222222222
Mol_16141	4096	CNP0381965.0	0.5476190476190477
Mol_08803	4096	CNP0258917.3	0.6704545454545454
Mol_03888	4096	CNP0039443.1	0.943661971830986
Mol_12887	4096	CNP0304496.2	0.6571428571428571
Mol_12888	4096	CNP0502033.1	0.6551724137931034
Mol_04809	4096	CNP0246211.5	0.8604651162790697
Mol_03970	4096	CNP0119383.1	0.609375
Mol_03971	4096	CNP0119383.1	0.609375
Mol_03960	4096	CNP0278160.4	0.4923076923076923
Mol_15007	4096	CNP0159717.1	0.6451612903225806
Mol_18906	4096	CNP0299773.2	0.6811594202898551
Mol_03973	4096	CNP0118045.2	0.5466666666666666
Mol_16170	4096	CNP0118045.2	0.5466666666666666
Mol_16901	4096	CNP0240694.2	0.303030303030303
Mol_15040	4096	CNP0414164.6	0.7068965517241379
Mol_11077	4096	CNP0184998.1	0.3090909090909091
Mol_11078	4096	CNP0113291.1	0.4262295081967213
Mol_14057	4096	CNP0176786.1	0.5789473684210527
Mol_04094	4096	CNP0317110.2	0.7333333333333333
Mol_15074	4096	CNP0121041.1	0.5555555555555556
Mol_02657	4096	CNP0103070.2	0.7011494252873564
Mol_15088	4096	CNP0121041.1	0.5555555555555556
Mol_09758	4096	CNP0258917.3	0.7307692307692307
Mol_02647	4096	CNP0328141.1	0.9
Mol_12513	4096	CNP0347971.0	0.2631578947368421
Mol_14515	4096	CNP0161944.2	0.8088235294117647
Mol_02310	4096	CNP0273219.4	0.8840579710144928
Mol_14910	4096	CNP0245073.7	0.8433734939759037
Mol_14335	4096	CNP0206405.4	0.5588235294117647
Mol_14913	4096	CNP0223077.10	0.8023255813953488
Mol_09990	4096	CNP0152066.1	0.8
Mol_10032	4096	CNP0273225.1	0.5507246376811594
Mol_16199	4096	CNP0422276.8	0.2976190476190476
Mol_01053	4096	CNP0119282.1	0.7868852459016393
Mol_10898	4096	CNP0278371.3	0.7910447761194029
Mol_11667	4096	CNP0210584.1	0.4482758620689655
Mol_00588	4096	CNP0139662.1	0.794392523364486
Mol_00661	4096	CNP0178779.2	0.7631578947368421
Mol_13363	4096	CNP0132867.1	0.8297872340425532
Mol_09445	4096	CNP0132867.1	0.8048780487804879
Mol_13343	4096	CNP0279190.2	0.4358974358974359
Mol_08001	4096	CNP0348608.6	0.5641025641025641
Mol_08002	4096	CNP0348608.6	0.5641025641025641
Mol_15714	4096	CNP0211602.1	0.4823529411764706
Mol_09555	4096	CNP0228027.2	0.5076923076923077
Mol_03906	4096	CNP0157351.0	0.4473684210526316
Mol_12445	4096	CNP0282355.1	0.8536585365853658
Mol_12455	4096	CNP0242822.5	0.8888888888888888
Mol_06331	4096	CNP0137490.0	0.5362318840579711
Mol_13801	4096	CNP0146279.2	0.5
Mol_13163	4096	CNP0216257.3	0.76
Mol_04704	4096	CNP0150924.2	0.6027397260273972
Mol_00367	4096	CNP0526004.0	0.3529411764705882
Mol_12524	4096	CNP0239818.2	0.5070422535211268
Mol_00021	4096	CNP0204328.3	0.6470588235294118
Mol_15873	4096	CNP0522258.4	0.3529411764705882
Mol_03652	4096	CNP0325836.0	0.2987012987012987
Mol_06329	4096	CNP0311489.2	0.6170212765957447
Mol_11348	4096	CNP0129663.1	0.8333333333333334
Mol_12085	4096	CNP0206320.3	0.5681818181818182
Mol_12291	4096	CNP0149175.0	0.7692307692307693
Mol_02117	4096	CNP0141741.4	0.8076923076923077
Mol_15765	4096	CNP0347455.0	0.6744186046511628
Mol_05014	4096	CNP0235663.1	0.4098360655737705
Mol_15561	4096	CNP0249797.2	0.3095238095238095
Mol_05261	4096	CNP0155131.1	0.7619047619047619
Mol_01558	4096	CNP0128866.0	0.5
Mol_13181	4096	CNP0216257.3	0.7959183673469388
Mol_13200	4096	CNP0216257.3	0.7
Mol_01424	4096	CNP0184861.1	0.275
Mol_12506	4096	CNP0165165.1	0.639344262295082
Mol_00360	4096	CNP0023118.0	0.4848484848484848
Mol_04144	4096	CNP0155157.4	0.6885245901639344
Mol_02167	4096	CNP0386172.0	0.2372881355932203
Mol_01361	4096	CNP0328254.1	0.4222222222222222
Mol_02168	4096	CNP0396607.0	0.3188405797101449
Mol_07067	4096	CNP0217467.2	0.717391304347826
Mol_16298	4096	CNP0416125.1	0.6233766233766234
Mol_15393	4096	CNP0169901.1	0.75
Mol_15297	4096	CNP0317855.3	0.925925925925926
Mol_10626	4096	CNP0142306.1	0.7681159420289855
Mol_09777	4096	CNP0142306.1	0.8923076923076924
Mol_00327	4096	CNP0129663.1	0.7435897435897436
Mol_13039	4096	CNP0126394.0	1.0
Mol_03223	4096	CNP0148440.0	0.5862068965517241
Mol_04295	4096	CNP0049588.4	0.6231884057971014
Mol_06995	4096	CNP0275965.1	0.864406779661017
Mol_04289	4096	CNP0086724.3	0.5416666666666666
Mol_13222	4096	CNP0113952.1	0.5283018867924528
Mol_01451	4096	CNP0286465.7	0.5686274509803921
Mol_04426	4096	CNP0086724.3	0.8032786885245902
Mol_05589	4096	CNP0150926.4	0.5
Mol_04550	4096	CNP0146780.3	0.5211267605633803
Mol_11494	4096	CNP0176969.3	0.4705882352941176
Mol_08484	4096	CNP0276525.1	0.2857142857142857
Mol_05499	4096	CNP0278902.1	0.7368421052631579
Mol_07391	4096	CNP0118398.0	0.3666666666666666
Mol_00263	4096	CNP0179846.0	0.5
Mol_00271	4096	CNP0292588.2	0.6551724137931034
Mol_19054	4096	CNP0304695.1	0.6304347826086957
Mol_04996	4096	CNP0264172.1	0.55
Mol_02124	4096	CNP0227866.1	0.4880952380952381
Mol_08594	4096	CNP0160234.1	0.5714285714285714
Mol_18545	4096	CNP0132740.2	0.3880597014925373
Mol_14174	4096	CNP0166592.2	0.8787878787878788
Mol_11497	4096	CNP0176969.3	0.4347826086956521
Mol_04366	4096	CNP0371810.5	0.5882352941176471
Mol_02188	4096	CNP0233700.3	0.4677419354838709
Mol_11032	4096	CNP0109642.1	0.6986301369863014
Mol_02785	4096	CNP0200516.1	0.6575342465753424
Mol_08936	4096	CNP0242988.2	0.7142857142857143
Mol_09092	4096	CNP0288440.0	0.4736842105263157
Mol_11268	4096	CNP0201039.0	0.6415094339622641
Mol_10827	4096	CNP0587491.2	0.7681159420289855
Mol_04310	4096	CNP0187818.7	0.4264705882352941
Mol_05661	4096	CNP0423139.1	0.3134328358208955
Mol_02394	4096	CNP0291562.1	0.7045454545454546
Mol_11500	4096	CNP0212387.1	0.5072463768115942
Mol_11499	4096	CNP0176969.3	0.4084507042253521
Mol_13806	4096	CNP0549383.1	0.7619047619047619
Mol_02252	4096	CNP0266886.2	0.6986301369863014
Mol_01599	4096	CNP0426125.2	0.4761904761904761
Mol_15298	4096	CNP0317855.3	0.925925925925926
Mol_09671	4096	CNP0292224.0	0.4857142857142857
Mol_05841	4096	CNP0333800.2	0.3518518518518518
Mol_09087	4096	CNP0086187.0	0.28125
Mol_19275	4096	CNP0175331.0	0.4166666666666667
Mol_01684	4096	CNP0274172.2	0.48
Mol_06217	4096	CNP0274172.2	0.48
Mol_06070	4096	CNP0550412.0	0.4415584415584415
Mol_02275	4096	CNP0373216.3	0.8529411764705882
Mol_02495	4096	CNP0266886.2	0.6103896103896104
Mol_07056	4096	CNP0216257.3	0.74
Mol_07054	4096	CNP0216257.3	0.6923076923076923
Mol_11498	4096	CNP0212387.1	0.4927536231884058
Mol_03347	4096	CNP0292253.2	0.6666666666666666
Mol_14998	4096	CNP0269497.5	0.6166666666666667
Mol_10896	4096	CNP0162101.0	0.2873563218390804
Mol_02391	4096	CNP0087134.6	0.4137931034482758
Mol_06068	4096	CNP0157330.2	0.4057971014492754
Mol_11495	4096	CNP0212387.1	0.4857142857142857
Mol_02376	4096	CNP0432864.2	0.4090909090909091
Mol_10314	4096	CNP0285664.1	0.3818181818181818
Mol_15500	4096	CNP0399060.1	0.7843137254901961
Mol_15199	4096	CNP0327680.1	0.6904761904761905
Mol_11675	4096	CNP0298716.1	0.5344827586206896
Mol_18011	4096	CNP0159326.2	0.6666666666666666
Mol_16632	4096	CNP0505795.1	0.5535714285714286
Mol_01797	4096	CNP0118975.0	0.4918032786885246
Mol_02026	4096	CNP0118975.0	0.4918032786885246
Mol_05516	4096	CNP0229364.3	0.7894736842105263
Mol_10550	4096	CNP0241083.1	0.7551020408163265
Mol_10875	4096	CNP0241083.1	0.7551020408163265
Mol_11668	4096	CNP0210584.1	0.4833333333333333
Mol_04559	4096	CNP0262399.4	0.6164383561643836
Mol_14295	4096	CNP0268879.0	0.7777777777777778
Mol_02468	4096	CNP0079509.2	0.6363636363636364
Mol_04276	4096	CNP0227515.2	0.5373134328358209
Mol_11693	4096	CNP0286465.7	0.4655172413793103
Mol_01348	4096	CNP0273414.1	0.8333333333333334
Mol_04400	4096	CNP0336321.2	0.6176470588235294
Mol_19369	4096	CNP0313064.1	0.490566037735849
Mol_02281	4096	CNP0373216.3	0.6447368421052632
Mol_02280	4096	CNP0266886.2	0.6756756756756757
Mol_02286	4096	CNP0318508.1	0.5569620253164557
Mol_15784	4096	CNP0335769.1	0.6632653061224489
Mol_05272	4096	CNP0149309.1	0.4021739130434782
Mol_14329	4096	CNP0313468.1	0.7868852459016393
Mol_08831	4096	CNP0245223.1	0.7647058823529411
Mol_14569	4096	CNP0255607.1	0.7741935483870968
Mol_10979	4096	CNP0085428.1	0.8207547169811321
Mol_05303	4096	CNP0213408.1	0.6593406593406593
Mol_01341	4096	CNP0175105.3	0.875
Mol_03393	4096	CNP0188075.0	0.5
Mol_03433	4096	CNP0250759.1	0.6590909090909091
Mol_15114	4096	CNP0248502.1	0.4210526315789473
Mol_00178	4096	CNP0316345.1	0.8333333333333334
Mol_13236	4096	CNP0102264.1	0.4166666666666667
Mol_04967	4096	CNP0164452.2	0.5
Mol_16279	4096	CNP0291246.0	0.7083333333333334
Mol_14189	4096	CNP0306165.0	0.4347826086956521
Mol_05079	4096	CNP0499319.0	0.3181818181818182
Mol_15225	4096	CNP0102264.1	0.4166666666666667
Mol_07874	4096	CNP0180123.6	0.3472222222222222
Mol_03577	4096	CNP0367446.2	0.5625
Mol_16358	4096	CNP0316460.0	0.2857142857142857
Mol_11261	4096	CNP0170484.1	0.4313725490196078
Mol_13028	4096	CNP0189147.7	0.7746478873239436
Mol_03552	4096	CNP0106199.3	0.7971014492753623
Mol_12295	4096	CNP0243394.2	0.6344086021505376
Mol_14516	4096	CNP0161944.2	0.8088235294117647
Mol_15105	4096	CNP0161944.2	0.8059701492537313
Mol_07049	4096	CNP0216257.3	0.6
Mol_13204	4096	CNP0216257.3	0.6296296296296297
Mol_07055	4096	CNP0216257.3	0.5535714285714286
Mol_13205	4096	CNP0216257.3	0.5535714285714286
Mol_19366	4096	CNP0166583.1	0.4838709677419355
Mol_08705	4096	CNP0267324.1	0.6122448979591837
Mol_09065	4096	CNP0196212.1	0.4745762711864407
Mol_04145	4096	CNP0137852.2	0.6935483870967742
Mol_18105	4096	CNP0547861.0	0.46875
Mol_19196	4096	CNP0163303.2	0.358974358974359
Mol_18113	4096	CNP0292224.0	0.4857142857142857
Mol_19145	4096	CNP0155131.1	0.7619047619047619
Mol_12032	4096	CNP0175056.5	0.5217391304347826
Mol_17031	4096	CNP0198822.1	0.6346153846153846
Mol_16978	4096	CNP0261705.1	0.7777777777777778
Mol_01120	4096	CNP0279970.1	0.2352941176470588
Mol_01583	4096	CNP0285386.1	0.3684210526315789
Mol_07849	4096	CNP0291267.1	0.3783783783783784
Mol_06966	4096	CNP0131389.2	0.3809523809523809
Mol_15227	4096	CNP0345508.2	0.5208333333333334
Mol_04081	4096	CNP0411455.1	0.55
Mol_01800	4096	CNP0118975.0	0.5423728813559322
Mol_03846	4096	CNP0261757.7	0.4603174603174603
Mol_14175	4096	CNP0170767.1	0.6842105263157895
Mol_01251	4096	CNP0180382.0	0.8108108108108109
Mol_06389	4096	CNP0310343.1	0.5571428571428572
Mol_01162	4096	CNP0118012.0	0.358974358974359
Mol_13465	4096	CNP0118118.1	0.5208333333333334
Mol_15719	4096	CNP0308245.1	0.3958333333333333
Mol_00297	4096	CNP0157545.1	0.4871794871794871
Mol_12022	4096	CNP0551915.1	0.4629629629629629
Mol_01551	4096	CNP0216877.2	0.7647058823529411
Mol_08486	4096	CNP0369291.1	0.7674418604651163
Mol_18191	4096	CNP0208351.3	0.4210526315789473
Mol_14215	4096	CNP0144466.0	0.6219512195121951
Mol_12400	4096	CNP0247713.2	0.7333333333333333
Mol_14992	4096	CNP0355642.1	0.4102564102564102
Mol_14301	4096	CNP0275965.1	0.864406779661017
Mol_16605	4096	CNP0430419.0	0.7358490566037735
Mol_11147	4096	CNP0165109.0	0.7111111111111111
Mol_01799	4096	CNP0118975.0	0.4677419354838709
Mol_09857	4096	CNP0031064.1	0.3150684931506849
Mol_15560	4096	CNP0249797.2	0.3095238095238095
Mol_08607	4096	CNP0215420.2	0.5483870967741935
Mol_18557	4096	CNP0132740.2	0.3043478260869565
Mol_05868	4096	CNP0147970.0	0.5357142857142857
Mol_03852	4096	CNP0140316.0	0.68
Mol_01514	4096	CNP0291267.1	0.35
Mol_03467	4096	CNP0560263.0	0.2368421052631578
Mol_13934	4096	CNP0159795.3	0.7358490566037735
Mol_01705	4096	CNP0305062.1	0.4339622641509434
Mol_01928	4096	CNP0187661.6	0.54
Mol_03044	4096	CNP0134827.2	0.8103448275862069
Mol_12396	4096	CNP0407162.1	0.325
Mol_06942	4096	CNP0113833.2	0.5151515151515151
Mol_13131	4096	CNP0353524.0	0.3396226415094339
Mol_02328	4096	CNP0268374.2	0.6140350877192983
Mol_13133	4096	CNP0593366.2	0.3272727272727272
Mol_13195	4096	CNP0217467.2	0.3962264150943396
Mol_03181	4096	CNP0291562.1	0.8536585365853658
Mol_15314	4096	CNP0291562.1	0.7906976744186046
Mol_13365	4096	CNP0225367.2	0.5616438356164384
Mol_18024	4096	CNP0314863.0	0.8928571428571429
Mol_14449	4096	CNP0333462.1	0.5526315789473685
Mol_07084	4096	CNP0126375.0	0.4166666666666667
Mol_09920	4096	CNP0195556.2	1.0
Mol_14812	4096	CNP0426112.0	0.8461538461538461
Mol_10871	4096	CNP0214223.6	0.5306122448979592
Mol_09653	4096	CNP0588216.0	0.3125
Mol_04971	4096	CNP0165201.2	0.7962962962962963
Mol_10872	4096	CNP0214223.6	0.5306122448979592
Mol_03236	4096	CNP0247405.1	0.5614035087719298
Mol_13525	4096	CNP0191506.3	0.380281690140845
Mol_03252	4096	CNP0111571.2	0.3698630136986301
Mol_02814	4096	CNP0253296.5	0.625
Mol_14346	4096	CNP0497347.1	0.484375
Mol_13534	4096	CNP0151693.3	0.75
Mol_11496	4096	CNP0212387.1	0.4857142857142857
Mol_15631	4096	CNP0264057.0	0.4821428571428571
Mol_00379	4096	CNP0175356.0	0.5
Mol_08664	4096	CNP0173106.0	0.3870967741935484
Mol_19102	4096	CNP0270979.1	0.4
Mol_12033	4096	CNP0175056.5	0.5217391304347826
Mol_13935	4096	CNP0159795.3	0.7358490566037735
Mol_11263	4096	CNP0192941.1	0.5740740740740741
Mol_14522	4096	CNP0329623.2	0.7608695652173914
Mol_04564	4096	CNP0166592.2	0.7297297297297297
Mol_11511	4096	CNP0371689.1	0.4848484848484848
Mol_05052	4096	CNP0426125.2	0.4761904761904761
Mol_12097	4096	CNP0273146.2	0.6326530612244898
Mol_15403	4096	CNP0135405.1	0.7454545454545455
Mol_12403	4096	CNP0315581.0	0.5666666666666667
Mol_01802	4096	CNP0199061.1	0.4225352112676056
Mol_07465	4096	CNP0248484.1	0.5357142857142857
Mol_08487	4096	CNP0266045.3	0.7142857142857143
Mol_16122	4096	CNP0542859.1	0.4909090909090909
Mol_03895	4096	CNP0291562.1	0.7727272727272727
Mol_03902	4096	CNP0291562.1	0.8536585365853658
Mol_01139	4096	CNP0272311.2	0.4
Mol_00101	4096	CNP0018346.1	0.5616438356164384
Mol_00106	4096	CNP0241156.1	0.6774193548387096
Mol_14325	4096	CNP0313468.1	0.6470588235294118
Mol_14338	4096	CNP0547946.0	0.675
Mol_10523	4096	CNP0203109.1	0.6708860759493671
Mol_01137	4096	CNP0240544.1	0.3181818181818182
Mol_14342	4096	CNP0361923.6	0.6901408450704225
Mol_00370	4096	CNP0303034.1	0.5319148936170213
Mol_15889	4096	CNP0113952.1	0.6041666666666666
Mol_03761	4096	CNP0426145.1	0.5510204081632653
Mol_12102	4096	CNP0411625.1	0.6666666666666666
Mol_15094	4096	CNP0270683.2	0.8297872340425532
Mol_00952	4096	CNP0154376.0	0.5932203389830508
Mol_11492	4096	CNP0314696.0	0.5111111111111111
Mol_04265	4096	CNP0086724.3	0.5147058823529411
Mol_08609	4096	CNP0215420.2	0.59375
Mol_04277	4096	CNP0227515.2	0.5373134328358209
Mol_04580	4096	CNP0049588.4	0.5633802816901409
Mol_11695	4096	CNP0212248.4	0.7777777777777778
Mol_10042	4096	CNP0223865.1	0.4861111111111111
Mol_15169	4096	CNP0247576.2	0.5375
Mol_15311	4096	CNP0291562.1	0.4705882352941176
Mol_03410	4096	CNP0411625.1	0.5555555555555556
Mol_15432	4096	CNP0146328.2	0.7307692307692307
Mol_00306	4096	CNP0221350.1	0.6071428571428571
Mol_16391	4096	CNP0423064.1	0.4444444444444444
Mol_03990	4096	CNP0118245.5	0.4897959183673469
Mol_15226	4096	CNP0426125.2	0.4761904761904761
Mol_01645	4096	CNP0187661.6	0.6
Mol_11856	4096	CNP0208643.1	0.4285714285714285
Mol_03773	4096	CNP0273721.1	0.6326530612244898
Mol_03746	4096	CNP0132352.2	0.6341463414634146
Mol_03780	4096	CNP0532034.3	0.5166666666666667
Mol_13446	4096	CNP0247405.1	0.4918032786885246
Mol_04262	4096	CNP0227515.2	0.7543859649122807
Mol_01610	4096	CNP0156851.1	0.6756756756756757
Mol_01611	4096	CNP0419626.2	0.6486486486486487
Mol_16536	4096	CNP0153533.1	0.4782608695652174
Mol_02189	4096	CNP0165125.3	0.4285714285714285
Mol_11327	4096	CNP0170928.1	0.746268656716418
Mol_06264	4096	CNP0153533.1	0.3846153846153846
Mol_04409	4096	CNP0049588.4	0.5588235294117647
Mol_12021	4096	CNP0316451.3	0.5
Mol_11746	4096	CNP0333683.1	0.391304347826087
Mol_11458	4096	CNP0167156.1	0.3623188405797101
Mol_03233	4096	CNP0293015.1	0.5
Mol_08030	4096	CNP0171538.3	0.4666666666666667
Mol_08713	4096	CNP0170431.3	0.5454545454545454
Mol_03275	4096	CNP0293015.1	0.5
Mol_04411	4096	CNP0336321.2	0.6056338028169014
Mol_00826	4096	CNP0215420.2	0.5074626865671642
Mol_04959	4096	CNP0164452.2	0.6666666666666666
Mol_06711	4096	CNP0244975.1	0.3384615384615385
Mol_16761	4096	CNP0153533.1	0.4782608695652174
Mol_01665	4096	CNP0359399.3	0.5294117647058824
Mol_01667	4096	CNP0188742.2	0.6904761904761905
Mol_02844	4096	CNP0157545.1	0.4871794871794871
Mol_04358	4096	CNP0376628.1	0.7073170731707317
Mol_00883	4096	CNP0230165.5	0.9782608695652174
Mol_13391	4096	CNP0336819.2	0.3846153846153846
Mol_01787	4096	CNP0220912.2	0.6666666666666666
Mol_03747	4096	CNP0273721.1	0.7380952380952381
Mol_03775	4096	CNP0589067.0	0.4230769230769231
Mol_06210	4096	CNP0285786.2	0.4814814814814814
Mol_08028	4096	CNP0252293.1	0.7647058823529411
Mol_04885	4096	CNP0197242.1	0.4736842105263157
Mol_04936	4096	CNP0376628.1	0.7073170731707317
Mol_04938	4096	CNP0218333.1	0.5116279069767442
Mol_00785	4096	CNP0131695.1	0.3611111111111111
Mol_04944	4096	CNP0235871.1	0.2826086956521739
Mol_01791	4096	CNP0187661.6	0.6122448979591837
Mol_13723	4096	CNP0220912.2	0.4
Mol_03259	4096	CNP0171838.1	0.5
Mol_03261	4096	CNP0152738.4	0.6326530612244898
Mol_12041	4096	CNP0300574.1	0.5913978494623656
Mol_08801	4096	CNP0258917.3	0.9027777777777778
Mol_03765	4096	CNP0260472.1	0.723404255319149
Mol_16114	4096	CNP0291562.1	0.7727272727272727
Mol_16115	4096	CNP0252527.2	0.6956521739130435
Mol_02681	4096	CNP0547435.0	0.2625
Mol_05664	4096	CNP0119003.1	0.5573770491803278
Mol_12611	4096	CNP0239818.2	0.5138888888888888
Mol_14061	4096	CNP0472398.0	0.4285714285714285
Mol_01816	4096	CNP0220912.2	0.6666666666666666
Mol_02021	4096	CNP0220912.2	0.6666666666666666
Mol_02023	4096	CNP0187661.6	0.6122448979591837
Mol_04622	4096	CNP0331209.1	0.5384615384615384
Mol_02045	4096	CNP0307581.1	0.5714285714285714
Mol_04778	4096	CNP0234100.1	0.4626865671641791
Mol_05068	4096	CNP0216877.2	0.7647058823529411
Mol_05074	4096	CNP0170772.0	0.475
Mol_05078	4096	CNP0170772.0	0.475
Mol_05251	4096	CNP0216877.2	0.7647058823529411
Mol_06960	4096	CNP0216877.2	0.7647058823529411
Mol_02807	4096	CNP0107688.1	0.5714285714285714
Mol_06337	4096	CNP0187661.6	0.6122448979591837
Mol_01671	4096	CNP0265617.3	0.5869565217391305
Mol_01682	4096	CNP0370267.1	0.6458333333333334
Mol_05000	4096	CNP0228424.2	0.72
Mol_04090	4096	CNP0505036.2	0.4406779661016949
Mol_05098	4096	CNP0253970.1	0.7333333333333333
Mol_02232	4096	CNP0339258.1	0.4032258064516129
Mol_08602	4096	CNP0310343.1	0.5942028985507246
Mol_01683	4096	CNP0370267.1	0.490566037735849
Mol_01794	4096	CNP0154895.1	0.625
Mol_04079	4096	CNP0086599.0	0.8444444444444444
Mol_07462	4096	CNP0157545.1	0.4871794871794871
Mol_16256	4096	CNP0224538.5	0.5970149253731343
Mol_10246	4096	CNP0249523.2	0.5070422535211268
Mol_01643	4096	CNP0187661.6	0.5263157894736842
Mol_00105	4096	CNP0153533.1	0.4807692307692308
Mol_06776	4096	CNP0301695.1	0.3666666666666666
Mol_05759	4096	CNP0146304.1	0.8
Mol_13491	4096	CNP0431946.2	0.5925925925925926
Mol_12015	4096	CNP0175056.5	0.6
Mol_00140	4096	CNP0262714.3	0.6122448979591837
Mol_07599	4096	CNP0165920.1	0.4313725490196078
Mol_07473	4096	CNP0297967.0	0.3777777777777777
Mol_05429	4096	CNP0430534.1	0.4583333333333333
Mol_05722	4096	CNP0155541.2	0.3484848484848485
Mol_01795	4096	CNP0154895.1	0.625
Mol_01798	4096	CNP0187661.6	0.5192307692307693
Mol_01808	4096	CNP0154895.1	0.625
Mol_09802	4096	CNP0376628.1	0.7073170731707317
Mol_01154	4096	CNP0328484.5	0.6
Mol_13388	4096	CNP0156851.1	0.6756756756756757
Mol_14382	4096	CNP0235871.1	0.2826086956521739
Mol_14387	4096	CNP0419626.2	0.6486486486486487
Mol_18117	4096	CNP0317855.3	0.5
Mol_09915	4096	CNP0155737.1	0.53125
Mol_05864	4096	CNP0107067.1	0.4516129032258064
Mol_07648	4096	CNP0248160.0	0.9411764705882352
Mol_09665	4096	CNP0084478.0	0.6190476190476191
Mol_11413	4096	CNP0126394.0	1.0
Mol_04078	4096	CNP0086599.0	0.8
Mol_16056	4096	CNP0086599.0	0.8
Mol_03766	4096	CNP0273721.1	0.7111111111111111
Mol_03274	4096	CNP0293015.1	0.6792452830188679
Mol_05760	4096	CNP0337672.1	0.5857142857142857
Mol_02243	4096	CNP0220121.7	0.8493150684931506
Mol_04399	4096	CNP0086724.3	0.5147058823529411
Mol_16633	4096	CNP0227633.2	0.8392857142857143
Mol_00694	4096	CNP0001429.0	0.6349206349206349
Mol_01818	4096	CNP0154895.1	0.625
Mol_05762	4096	CNP0146304.1	0.5652173913043478
Mol_05763	4096	CNP0360801.1	0.4126984126984127
Mol_06094	4096	CNP0601127.1	0.4533333333333333
Mol_10248	4096	CNP0289972.1	0.7076923076923077
Mol_07025	4096	CNP0154625.3	0.6571428571428571
Mol_18119	4096	CNP0345412.1	0.5555555555555556
Mol_04096	4096	CNP0227977.3	0.5
Mol_13536	4096	CNP0141322.1	0.3768115942028985
Mol_14688	4096	CNP0286679.5	0.4509803921568627
Mol_06781	4096	CNP0100968.0	0.6111111111111112
Mol_01825	4096	CNP0187661.6	0.6
Mol_04776	4096	CNP0271592.4	0.75
Mol_13593	4096	CNP0329623.2	0.5636363636363636
Mol_04263	4096	CNP0227515.2	0.8035714285714286
Mol_04964	4096	CNP0078082.1	0.4242424242424242
Mol_05005	4096	CNP0312759.1	0.6481481481481481
Mol_08704	4096	CNP0170431.3	0.5714285714285714
Mol_14399	4096	CNP0151370.2	0.5230769230769231
Mol_18902	4096	CNP0414164.6	0.4411764705882353
Mol_18903	4096	CNP0414164.6	0.4411764705882353
Mol_08157	4096	CNP0414164.6	0.5645161290322581
Mol_00428	4096	CNP0294744.1	0.6349206349206349
Mol_16977	4096	CNP0261705.1	0.7777777777777778
Mol_16974	4096	CNP0248195.1	0.7818181818181819
Mol_16972	4096	CNP0205387.1	0.7254901960784313
Mol_05004	4096	CNP0130800.1	0.7254901960784313
Mol_05288	4096	CNP0150926.4	0.7258064516129032
Mol_02982	4096	CNP0258641.5	0.6415094339622641
Mol_10034	4096	CNP0239227.5	0.7547169811320755
Mol_00150	4096	CNP0301786.1	0.7894736842105263
Mol_07384	4096	CNP0249886.0	0.5671641791044776
Mol_00148	4096	CNP0245676.2	0.8823529411764706
Mol_04750	4096	CNP0301786.1	0.7894736842105263
Mol_00726	4096	CNP0222403.1	0.6491228070175439
Mol_16260	4096	CNP0320189.1	0.3684210526315789
Mol_14453	4096	CNP0245676.2	0.8823529411764706
Mol_02494	4096	CNP0240284.4	0.7192982456140351
Mol_10549	4096	CNP0216990.4	0.5333333333333333
Mol_00824	4096	CNP0273576.3	0.8490566037735849
Mol_07026	4096	CNP0231189.1	0.7580645161290323
Mol_16245	4096	CNP0422019.2	0.4594594594594595
Mol_11956	4096	CNP0142306.1	0.6486486486486487
Mol_07540	4096	CNP0147334.11	0.5692307692307692
Mol_00103	4096	CNP0432360.1	0.4743589743589743
Mol_06848	4096	CNP0115532.8	0.7735849056603774
Mol_08740	4096	CNP0115532.8	0.7735849056603774
Mol_16963	4096	CNP0255292.1	0.6607142857142857
Mol_13134	4096	CNP0127619.1	0.5
Mol_07407	4096	CNP0100968.0	0.6666666666666666
Mol_05100	4096	CNP0165920.1	0.4423076923076923
Mol_04367	4096	CNP0335635.2	0.7647058823529411
Mol_16400	4096	CNP0403904.1	0.6578947368421053
Mol_16403	4096	CNP0399686.1	0.5681818181818182
Mol_05001	4096	CNP0312759.1	0.7254901960784313
Mol_01826	4096	CNP0220912.2	0.6521739130434783
Mol_02012	4096	CNP0187661.6	0.6
Mol_18125	4096	CNP0376628.1	0.7073170731707317
Mol_18127	4096	CNP0282326.2	0.4318181818181818
Mol_18178	4096	CNP0326952.2	0.6842105263157895
Mol_18656	4096	CNP0157545.1	0.4871794871794871
Mol_19243	4096	CNP0297967.0	0.3777777777777777
Mol_19342	4096	CNP0244688.2	0.6136363636363636
Mol_02022	4096	CNP0154895.1	0.625
Mol_02027	4096	CNP0370267.1	0.490566037735849
Mol_01820	4096	CNP0187661.6	0.5192307692307693
Mol_02025	4096	CNP0130793.4	0.6122448979591837
Mol_06192	4096	CNP0207837.1	0.4142857142857143
Mol_07541	4096	CNP0147334.11	0.5692307692307692
Mol_18546	4096	CNP0248727.1	0.6078431372549019
Mol_02057	4096	CNP0419738.1	0.52
Mol_16172	4096	CNP0253792.4	0.7586206896551724
Mol_14370	4096	CNP0245676.2	0.7678571428571429
Mol_16569	4096	CNP0146639.6	0.5
Mol_12345	4096	CNP0311846.1	0.4722222222222222
Mol_00293	4096	CNP0292588.2	0.6551724137931034
Mol_11088	4096	CNP0216223.1	0.6595744680851063
Mol_12012	4096	CNP0316451.3	0.5689655172413793
Mol_05930	4096	CNP0265617.3	0.5869565217391305
Mol_18465	4096	CNP0312759.1	0.7254901960784313
Mol_19348	4096	CNP0218333.1	0.5116279069767442
Mol_01161	4096	CNP0405385.1	0.4285714285714285
Mol_01980	4096	CNP0328484.5	0.6
Mol_03258	4096	CNP0230769.2	0.6862745098039216
Mol_06145	4096	CNP0370267.1	0.6458333333333334
Mol_10868	4096	CNP0265617.3	0.5869565217391305
Mol_10869	4096	CNP0265617.3	0.5869565217391305
Mol_10873	4096	CNP0265617.3	0.5869565217391305
Mol_15024	4096	CNP0326549.1	0.2622950819672131
Mol_01376	4096	CNP0169901.1	0.8478260869565217
Mol_02393	4096	CNP0169901.1	0.8478260869565217
Mol_16404	4096	CNP0403904.1	0.6097560975609756
Mol_18067	4096	CNP0320365.0	0.5128205128205128
Mol_13726	4096	CNP0157330.2	0.6923076923076923
Mol_04231	4096	CNP0185366.2	0.6444444444444445
Mol_13727	4096	CNP0130793.4	0.6122448979591837
Mol_15608	4096	CNP0132312.3	0.2916666666666667
Mol_04884	4096	CNP0328484.5	0.6
Mol_04945	4096	CNP0144409.1	0.45
Mol_14163	4096	CNP0483307.0	0.59375
Mol_05070	4096	CNP0350553.1	0.6470588235294118
Mol_07406	4096	CNP0181301.1	0.5555555555555556
Mol_16258	4096	CNP0422019.2	0.4594594594594595
Mol_13394	4096	CNP0332751.1	0.4042553191489361
Mol_18112	4096	CNP0216877.2	0.4285714285714285
Mol_15166	4096	CNP0277668.1	0.6730769230769231
Mol_00112	4096	CNP0018346.1	0.4342105263157895
Mol_04396	4096	CNP0227515.2	0.7543859649122807
Mol_04977	4096	CNP0327280.1	0.3898305084745763
Mol_18124	4096	CNP0181738.1	0.6
Mol_19343	4096	CNP0296244.1	0.3809523809523809
Mol_07397	4096	CNP0165073.2	0.40625
Mol_00861	4096	CNP0160234.1	0.7647058823529411
Mol_06099	4096	CNP0320136.2	0.2978723404255319
Mol_17033	4096	CNP0198822.1	0.509090909090909
Mol_12011	4096	CNP0202469.2	0.62
Mol_04397	4096	CNP0397959.1	0.4927536231884058
Mol_06223	4096	CNP0387654.1	0.6428571428571429
Mol_12214	4096	CNP0437000.1	0.75
Mol_15170	4096	CNP0247576.2	0.5375
Mol_09214	4096	CNP0484161.1	0.3658536585365853
Mol_09404	4096	CNP0216082.1	0.3820224719101123
Mol_03666	4096	CNP0387028.3	0.4651162790697674
Mol_10834	4096	CNP0587491.2	0.6933333333333334
Mol_16834	4096	CNP0216270.2	0.84
Mol_04152	4096	CNP0134436.1	0.45
Mol_00845	4096	CNP0586428.1	0.5365853658536586
Mol_00880	4096	CNP0586428.1	0.5365853658536586
Mol_08599	4096	CNP0586428.1	0.5365853658536586
Mol_01134	4096	CNP0139847.2	0.6190476190476191
Mol_01028	4096	CNP0213970.4	0.6774193548387096
Mol_15951	4096	CNP0333462.1	0.5714285714285714
Mol_15953	4096	CNP0500851.0	0.4666666666666667
Mol_00693	4096	CNP0534184.0	0.7727272727272727
Mol_05405	4096	CNP0160393.1	0.5306122448979592
Mol_05637	4096	CNP0543089.1	0.5777777777777777
Mol_15032	4096	CNP0326549.1	0.288135593220339
Mol_06098	4096	CNP0182672.1	0.5405405405405406
Mol_08482	4096	CNP0264180.1	0.65
Mol_02861	4096	CNP0330944.2	0.4761904761904761
Mol_04714	4096	CNP0343293.3	0.4242424242424242
Mol_16040	4096	CNP0313064.1	0.3666666666666666
Mol_00124	4096	CNP0018384.0	0.5660377358490566
Mol_13445	4096	CNP0247405.1	0.5614035087719298
Mol_00967	4096	CNP0156944.1	0.6727272727272727
Mol_00110	4096	CNP0164288.1	0.8524590163934426
Mol_03049	4096	CNP0266275.5	0.5277777777777778
Mol_09405	4096	CNP0216082.1	0.3820224719101123
Mol_02377	4096	CNP0272311.2	0.4
Mol_02378	4096	CNP0125706.2	0.369047619047619
Mol_12213	4096	CNP0104727.1	0.734375
Mol_03048	4096	CNP0134827.2	0.547945205479452
Mol_03409	4096	CNP0320182.0	0.4193548387096774
Mol_00941	4096	CNP0097915.1	0.4629629629629629
Mol_03263	4096	CNP0230769.2	0.7755102040816326
Mol_00045	4096	CNP0261715.1	0.6440677966101694
Mol_11549	4096	CNP0248809.0	0.3684210526315789
Mol_05938	4096	CNP0220756.0	0.7916666666666666
Mol_03383	4096	CNP0134827.2	0.547945205479452
Mol_03359	4096	CNP0134827.2	0.5
Mol_16259	4096	CNP0144360.1	0.4266666666666667
Mol_01590	4096	CNP0156240.2	0.4722222222222222
Mol_01591	4096	CNP0222612.1	0.358974358974359
Mol_00875	4096	CNP0160234.1	0.7647058823529411
Mol_17029	4096	CNP0109264.2	0.5185185185185185
Mol_10551	4096	CNP0227999.0	0.7450980392156863
Mol_04962	4096	CNP0288078.1	0.421875
Mol_01592	4096	CNP0222612.1	0.358974358974359
Mol_01597	4096	CNP0525076.3	0.5526315789473685
Mol_02065	4096	CNP0222612.1	0.358974358974359
Mol_03102	4096	CNP0066634.2	0.8461538461538461
Mol_00876	4096	CNP0160234.1	0.7647058823529411
Mol_06182	4096	CNP0173359.1	0.484375
Mol_01419	4096	CNP0192816.1	0.475
Mol_00899	4096	CNP0160234.1	0.7647058823529411
Mol_07496	4096	CNP0171773.1	0.3392857142857143
Mol_11386	4096	CNP0587491.2	0.6794871794871795
Mol_04290	4096	CNP0336321.2	0.5915492957746479
Mol_09906	4096	CNP0367617.3	0.5714285714285714
Mol_09917	4096	CNP0282213.1	0.4285714285714285
Mol_03767	4096	CNP0273721.1	0.7111111111111111
Mol_18745	4096	CNP0207362.1	0.5277777777777778
Mol_13622	4096	CNP0198339.1	0.7162162162162162
Mol_10781	4096	CNP0587491.2	0.6842105263157895
Mol_03360	4096	CNP0134827.2	0.5616438356164384
Mol_15258	4096	CNP0365129.2	0.3448275862068966
Mol_04712	4096	CNP0482754.1	0.391304347826087
Mol_03441	4096	CNP0197365.1	0.6612903225806451
Mol_08780	4096	CNP0122371.2	0.6666666666666666
Mol_02923	4096	CNP0122371.2	0.8421052631578947
Mol_06818	4096	CNP0254340.1	0.3181818181818182
Mol_13640	4096	CNP0116779.3	0.78125
Mol_09406	4096	CNP0216082.1	0.3820224719101123
Mol_09408	4096	CNP0216082.1	0.3820224719101123
Mol_09409	4096	CNP0216082.1	0.3820224719101123
Mol_13264	4096	CNP0218239.1	0.7288135593220338
Mol_09620	4096	CNP0314760.2	0.5961538461538461
Mol_14983	4096	CNP0116779.3	0.78125
Mol_13633	4096	CNP0332494.1	0.4328358208955223
Mol_00921	4096	CNP0327677.3	0.6727272727272727
Mol_15141	4096	CNP0201415.1	0.803921568627451
Mol_13048	4096	CNP0586321.1	0.3898305084745763
Mol_08712	4096	CNP0171661.0	0.5192307692307693
Mol_10667	4096	CNP0318081.1	0.68
Mol_03442	4096	CNP0239538.2	0.6842105263157895
Mol_07534	4096	CNP0018384.0	0.5660377358490566
Mol_02170	4096	CNP0435517.0	0.3076923076923077
Mol_13973	4096	CNP0139847.2	0.6190476190476191
Mol_02046	4096	CNP0307581.1	0.5714285714285714
Mol_16771	4096	CNP0205886.2	0.4285714285714285
Mol_02940	4096	CNP0300574.1	0.7195121951219512
Mol_13854	4096	CNP0103684.1	0.5555555555555556
Mol_13667	4096	CNP0184996.1	0.7608695652173914
Mol_01155	4096	CNP0196244.1	1.0
Mol_03251	4096	CNP0151370.2	0.4307692307692308
Mol_19194	4096	CNP0222612.1	0.358974358974359
Mol_03731	4096	CNP0113292.2	0.5957446808510638
Mol_05015	4096	CNP0152528.0	0.5434782608695652
Mol_09918	4096	CNP0282213.1	0.5813953488372093
Mol_05803	4096	CNP0579848.1	0.4130434782608695
Mol_15309	4096	CNP0169750.1	0.5074626865671642
Mol_10977	4096	CNP0285173.1	0.6931818181818182
Mol_14018	4096	CNP0198217.1	0.8552631578947368
Mol_12586	4096	CNP0226405.8	0.7159090909090909
Mol_04763	4096	CNP0226405.8	0.825
Mol_18422	4096	CNP0440895.0	0.3783783783783784
Mol_10355	4096	CNP0066654.0	0.2888888888888888
Mol_13316	4096	CNP0220130.0	0.5068493150684932
Mol_01668	4096	CNP0235871.1	0.3409090909090909
Mol_16924	4096	CNP0304485.1	0.6153846153846154
Mol_04327	4096	CNP0084750.1	1.0
Mol_14188	4096	CNP0146943.3	0.75
Mol_01226	4096	CNP0212028.0	0.8133333333333334
Mol_13547	4096	CNP0295277.1	0.282051282051282
Mol_11984	4096	CNP0144459.4	0.7358490566037735
Mol_16857	4096	CNP0292467.0	0.8048780487804879
Mol_13010	4096	CNP0130435.0	0.6
Mol_11053	4096	CNP0308769.1	0.5151515151515151
Mol_10329	4096	CNP0110189.0	0.4428571428571428
Mol_10250	4096	CNP0532210.1	0.4761904761904761
Mol_16212	4096	CNP0082137.0	0.4473684210526316
Mol_06904	4096	CNP0538990.2	0.3428571428571428
Mol_11861	4096	CNP0321187.0	0.5454545454545454
Mol_14303	4096	CNP0562059.0	0.8048780487804879
Mol_15755	4096	CNP0241548.4	0.6323529411764706
Mol_14059	4096	CNP0472398.0	0.4098360655737705
Mol_02397	4096	CNP0321546.0	0.631578947368421
Mol_09235	4096	CNP0220698.2	0.5813953488372093
Mol_00180	4096	CNP0560192.1	0.3218390804597701
Mol_08326	4096	CNP0299311.0	0.8
Mol_03277	4096	CNP0067180.1	0.4782608695652174
Mol_07290	4096	CNP0181408.1	0.2682926829268293
Mol_07289	4096	CNP0045166.2	0.2745098039215686
Mol_04782	4096	CNP0235585.0	0.3125
Mol_14845	4096	CNP0256329.0	0.4893617021276595
Mol_08022	4096	CNP0520454.1	0.6862745098039216
Mol_10277	4096	CNP0286963.1	1.0
Mol_01017	4096	CNP0266779.3	0.5324675324675324
Mol_08568	4096	CNP0335566.3	0.8795180722891566
Mol_02390	4096	CNP0255434.1	0.4861111111111111
Mol_01018	4096	CNP0266779.3	0.5064935064935064
Mol_05766	4096	CNP0146304.1	0.4324324324324324
Mol_03848	4096	CNP0287160.1	0.5964912280701754
Mol_12083	4096	CNP0297993.2	0.5869565217391305
Mol_07039	4096	CNP0058450.0	0.3584905660377358
Mol_09570	4096	CNP0213188.3	0.5555555555555556
Mol_16609	4096	CNP0113840.0	0.4358974358974359
Mol_01030	4096	CNP0326250.2	0.5531914893617021
Mol_08734	4096	CNP0155698.2	0.546875
Mol_17044	4096	CNP0300442.0	0.3934426229508196
Mol_05670	4096	CNP0119003.1	0.5573770491803278
Mol_13799	4096	CNP0170968.5	0.4698795180722891
Mol_16730	4096	CNP0104094.2	0.5892857142857143
Mol_08235	4096	CNP0085723.1	0.4647887323943662
Mol_02718	4096	CNP0263592.0	0.5294117647058824
Mol_02174	4096	CNP0435517.0	0.5428571428571428
Mol_07040	4096	CNP0520454.1	0.359375
Mol_14161	4096	CNP0393226.1	0.5
Mol_08054	4096	CNP0107946.1	0.5079365079365079
Mol_08467	4096	CNP0262803.0	0.8070175438596491
Mol_15095	4096	CNP0286465.7	0.6
Mol_13274	4096	CNP0404748.1	0.5454545454545454
Mol_02321	4096	CNP0319434.0	0.5789473684210527
Mol_02706	4096	CNP0474196.0	0.6206896551724138
Mol_04153	4096	CNP0023118.0	0.5483870967741935
Mol_13016	4096	CNP0263592.0	0.2978723404255319
Mol_03651	4096	CNP0265672.0	0.325
Mol_02719	4096	CNP0263592.0	0.5757575757575758
Mol_13387	4096	CNP0192822.1	0.5294117647058824
Mol_13094	4096	CNP0215440.2	0.3333333333333333
Mol_16753	4096	CNP0177093.0	0.6538461538461539
Mol_12247	4096	CNP0206320.3	0.625
Mol_10764	4096	CNP0188075.0	0.6190476190476191
Mol_01136	4096	CNP0129663.1	0.7631578947368421
Mol_12333	4096	CNP0129663.1	0.7435897435897436
Mol_01464	4096	CNP0129663.1	0.7837837837837838
Mol_12482	4096	CNP0139450.2	0.7258064516129032
Mol_02227	4096	CNP0139450.2	0.8181818181818182
Mol_02694	4096	CNP0160481.1	0.4415584415584415
Mol_13369	4096	CNP0132867.1	0.8048780487804879
Mol_13386	4096	CNP0242822.5	0.6229508196721312
Mol_12421	4096	CNP0132867.1	0.5319148936170213
Mol_13372	4096	CNP0132867.1	0.7021276595744681
Mol_09054	4096	CNP0163370.2	0.6363636363636364
Mol_10068	4096	CNP0139450.2	0.8181818181818182
Mol_01393	4096	CNP0320825.1	0.7580645161290323
Mol_03894	4096	CNP0348975.3	0.7758620689655172
Mol_04197	4096	CNP0143294.1	0.5434782608695652
Mol_10795	4096	CNP0338564.0	0.5517241379310345
Mol_16176	4096	CNP0132867.1	0.8048780487804879
Mol_07256	4096	CNP0231286.0	0.55
Mol_16553	4096	CNP0163370.2	0.7045454545454546
Mol_01505	4096	CNP0129663.1	0.7837837837837838
Mol_12481	4096	CNP0139450.2	0.8181818181818182
Mol_03303	4096	CNP0300081.1	0.86
Mol_15281	4096	CNP0300081.1	0.86
Mol_16151	4096	CNP0348975.3	0.7540983606557377
Mol_01930	4096	CNP0484144.0	0.5333333333333333
Mol_07263	4096	CNP0231286.0	0.625
Mol_16662	4096	CNP0227981.2	0.6410256410256411
Mol_18346	4096	CNP0163370.2	0.6274509803921569
Mol_08540	4096	CNP0188254.0	0.7971014492753623
Mol_07120	4096	CNP0149133.0	0.4285714285714285
Mol_07121	4096	CNP0153139.3	0.4745762711864407
Mol_12086	4096	CNP0298824.1	0.7111111111111111
Mol_08304	4096	CNP0223743.0	0.4657534246575342
Mol_12249	4096	CNP0129663.1	0.7692307692307693
Mol_18347	4096	CNP0163370.2	0.5740740740740741
Mol_04688	4096	CNP0113776.1	0.7058823529411765
Mol_02567	4096	CNP0244243.2	0.7547169811320755
Mol_01391	4096	CNP0198548.2	0.8793103448275862
Mol_02312	4096	CNP0348975.3	0.6721311475409836
Mol_02324	4096	CNP0236722.1	0.6557377049180327
Mol_01982	4096	CNP0203539.0	0.6206896551724138
Mol_14294	4096	CNP0165820.4	0.8032786885245902
Mol_10632	4096	CNP0284948.13	0.4130434782608695
Mol_08956	4096	CNP0383646.3	0.7846153846153846
Mol_14407	4096	CNP0136685.3	0.4457831325301205
Mol_00155	4096	CNP0162000.1	0.7230769230769231
Mol_14408	4096	CNP0171856.1	0.4069767441860465
Mol_06045	4096	CNP0178061.4	0.8059701492537313
Mol_00275	4096	CNP0192636.0	0.5333333333333333
Mol_14896	4096	CNP0165820.4	0.647887323943662
Mol_18453	4096	CNP0223142.1	0.6527777777777778
Mol_01757	4096	CNP0119631.1	0.6891891891891891
Mol_16208	4096	CNP0072836.1	0.4939759036144578
Mol_01861	4096	CNP0278242.4	0.625
Mol_15211	4096	CNP0306526.1	0.7611940298507462
Mol_07029	4096	CNP0177304.1	0.4583333333333333
Mol_07360	4096	CNP0248160.0	1.0
Mol_07361	4096	CNP0248160.0	1.0
Mol_07362	4096	CNP0248160.0	1.0
Mol_05862	4096	CNP0294224.0	0.8235294117647058
Mol_07364	4096	CNP0248160.0	1.0
Mol_13419	4096	CNP0248160.0	1.0
Mol_15588	4096	CNP0317058.0	0.8695652173913043
Mol_00719	4096	CNP0401183.0	1.0
Mol_07779	4096	CNP0401183.0	1.0
Mol_07372	4096	CNP0401183.0	0.9444444444444444
Mol_05370	4096	CNP0107097.0	0.6153846153846154
Mol_07430	4096	CNP0553968.0	0.5454545454545454
Mol_07647	4096	CNP0298201.0	0.5172413793103449
Mol_01968	4096	CNP0198066.0	0.3333333333333333
Mol_07359	4096	CNP0107097.0	0.8095238095238095
Mol_15219	4096	CNP0054973.0	0.4782608695652174
Mol_01560	4096	CNP0162052.2	0.3953488372093023
Mol_07536	4096	CNP0018384.0	0.4576271186440678
Mol_05650	4096	CNP0243492.4	0.6133333333333333
Mol_00596	4096	CNP0090924.8	0.671875
Mol_01027	4096	CNP0326250.2	0.475
Mol_10853	4096	CNP0217146.1	0.6212121212121212
Mol_00269	4096	CNP0086153.0	0.3939393939393939
Mol_00296	4096	CNP0528512.0	0.5151515151515151
Mol_11107	4096	CNP0247773.1	0.6964285714285714
Mol_01581	4096	CNP0428443.0	0.3095238095238095
Mol_04201	4096	CNP0254757.1	0.6764705882352942
Mol_19367	4096	CNP0131389.2	0.3809523809523809
Mol_00047	4096	CNP0257323.4	0.5882352941176471
Mol_00892	4096	CNP0195490.2	0.7017543859649122
Mol_06034	4096	CNP0161788.2	0.5
Mol_01612	4096	CNP0539598.1	0.7352941176470589
Mol_18057	4096	CNP0528512.0	0.5151515151515151
Mol_16910	4096	CNP0308178.1	0.5614035087719298
Mol_04080	4096	CNP0434747.1	0.717391304347826
Mol_00791	4096	CNP0135331.6	0.2641509433962264
Mol_09988	4096	CNP0202618.3	0.8
Mol_11223	4096	CNP0162786.1	0.4411764705882353
Mol_00790	4096	CNP0342617.1	0.3714285714285714
Mol_04343	4096	CNP0373923.1	0.4615384615384615
Mol_04891	4096	CNP0292588.2	0.3333333333333333
Mol_08701	4096	CNP0100584.1	0.2295081967213114
Mol_03715	4096	CNP0084709.0	0.3478260869565217
Mol_04255	4096	CNP0229389.0	0.5833333333333334
Mol_07423	4096	CNP0327301.0	0.4347826086956521
Mol_13872	4096	CNP0002578.0	0.3125
Mol_05159	4096	CNP0254016.10	0.3636363636363636
Mol_07419	4096	CNP0192816.1	0.475
Mol_08176	4096	CNP0149260.2	0.639344262295082
Mol_13639	4096	CNP0198339.1	0.8636363636363636
Mol_12530	4096	CNP0141081.1	0.6818181818181818
Mol_11212	4096	CNP0317966.1	0.78125
Mol_00221	4096	CNP0253749.1	0.6571428571428571
Mol_00266	4096	CNP0253749.1	0.6571428571428571
Mol_13502	4096	CNP0182237.4	0.6935483870967742
Mol_11442	4096	CNP0587491.2	0.6219512195121951
Mol_02469	4096	CNP0480746.1	0.8235294117647058
Mol_11440	4096	CNP0587491.2	0.984126984126984
Mol_15292	4096	CNP0502637.1	0.6835443037974683
Mol_00396	4096	CNP0424115.1	0.4025974025974026
Mol_18193	4096	CNP0588582.0	0.7272727272727273
Mol_04238	4096	CNP0311945.0	0.8888888888888888
Mol_05013	4096	CNP0235663.1	0.6122448979591837
Mol_01685	4096	CNP0274172.2	0.4528301886792453
Mol_03045	4096	CNP0134827.2	0.8103448275862069
Mol_02715	4096	CNP0593366.2	0.7647058823529411
Mol_08733	4096	CNP0185723.1	0.5375
Mol_13637	4096	CNP0492344.0	0.5196078431372549
Mol_12942	4096	CNP0279593.0	1.0
Mol_13953	4096	CNP0590440.0	0.7428571428571429
Mol_04082	4096	CNP0282065.2	0.6296296296296297
Mol_15271	4096	CNP0282065.2	0.6296296296296297
Mol_04965	4096	CNP0426874.1	0.5666666666666667
Mol_00046	4096	CNP0380250.2	0.5172413793103449
Mol_11556	4096	CNP0248809.0	0.3684210526315789
Mol_00865	4096	CNP0321224.1	0.6029411764705882
Mol_15145	4096	CNP0221251.2	0.6440677966101694
Mol_04328	4096	CNP0267263.0	0.5833333333333334
Mol_01970	4096	CNP0094675.0	0.4347826086956521
Mol_05086	4096	CNP0229814.2	0.75
Mol_15262	4096	CNP0366359.1	0.3692307692307692
Mol_01025	4096	CNP0326250.2	0.5641025641025641
Mol_03361	4096	CNP0219984.4	0.547945205479452
Mol_04701	4096	CNP0216219.1	0.5833333333333334
Mol_00305	4096	CNP0114171.1	0.66
Mol_14173	4096	CNP0166592.2	0.6923076923076923
Mol_12902	4096	CNP0133865.2	0.6578947368421053
Mol_00025	4096	CNP0259773.1	0.8636363636363636
Mol_00792	4096	CNP0426628.1	0.3855421686746988
Mol_09388	4096	CNP0372467.2	0.3709677419354839
Mol_03701	4096	CNP0156237.1	0.5686274509803921
Mol_05728	4096	CNP0267263.0	0.4222222222222222
Mol_15138	4096	CNP0249511.1	0.5789473684210527
Mol_04311	4096	CNP0389229.1	0.4146341463414634
Mol_04264	4096	CNP0227515.2	0.7457627118644068
Mol_09389	4096	CNP0372467.2	0.3709677419354839
Mol_02543	4096	CNP0186616.3	0.7321428571428571
Mol_09390	4096	CNP0372467.2	0.3709677419354839
Mol_10176	4096	CNP0265672.0	0.4242424242424242
Mol_13400	4096	CNP0081787.0	0.5769230769230769
Mol_03035	4096	CNP0150285.0	0.4411764705882353
Mol_00427	4096	CNP0189694.1	0.6666666666666666
Mol_13035	4096	CNP0199634.2	0.380281690140845
Mol_12036	4096	CNP0196473.4	0.6071428571428571
Mol_11900	4096	CNP0149882.1	0.6296296296296297
Mol_00131	4096	CNP0108459.2	0.3563218390804598
Mol_11720	4096	CNP0226405.8	0.825
Mol_00429	4096	CNP0228985.1	0.8125
Mol_13084	4096	CNP0275845.1	0.6376811594202898
Mol_09980	4096	CNP0223078.1	0.3815789473684211
Mol_02492	4096	CNP0212792.3	0.8103448275862069
Mol_03781	4096	CNP0532034.3	0.5333333333333333
Mol_18741	4096	CNP0255675.5	0.6153846153846154
Mol_13533	4096	CNP0151693.3	0.5689655172413793
Mol_03522	4096	CNP0156983.5	0.3711340206185567
Mol_18742	4096	CNP0207362.1	0.5416666666666666
Mol_15001	4096	CNP0269497.5	0.8076923076923077
Mol_15031	4096	CNP0334008.1	0.2891566265060241
Mol_04705	4096	CNP0117601.1	0.603448275862069
Mol_13526	4096	CNP0117601.1	0.603448275862069
Mol_08010	4096	CNP0175992.3	0.7391304347826086
Mol_00738	4096	CNP0450559.1	0.647887323943662
Mol_03969	4096	CNP0257148.2	0.578125
Mol_00181	4096	CNP0560192.1	0.4225352112676056
Mol_13221	4096	CNP0076496.1	0.5172413793103449
Mol_02858	4096	CNP0330944.2	0.6727272727272727
Mol_08686	4096	CNP0132201.2	0.7931034482758621
Mol_02171	4096	CNP0156663.0	0.3411764705882353
Mol_08659	4096	CNP0232164.1	0.6153846153846154
Mol_00662	4096	CNP0155146.3	0.9295774647887324
Mol_11750	4096	CNP0330944.2	0.6727272727272727
Mol_06345	4096	CNP0557525.1	0.7627118644067796
Mol_03953	4096	CNP0148785.3	0.4157303370786517
Mol_07488	4096	CNP0604109.1	0.7377049180327869
Mol_02037	4096	CNP0379475.0	0.5454545454545454
Mol_11908	4096	CNP0297556.1	0.6707317073170732
Mol_08830	4096	CNP0245223.1	0.8625
Mol_16559	4096	CNP0318451.1	0.6236559139784946
Mol_09250	4096	CNP0193462.1	0.2903225806451613
Mol_03703	4096	CNP0134235.6	0.6862745098039216
Mol_00113	4096	CNP0018346.1	0.7313432835820896
Mol_03036	4096	CNP0236566.1	0.56
Mol_02042	4096	CNP0432775.0	0.5102040816326531
Mol_04115	4096	CNP0174831.0	0.6111111111111112
Mol_12862	4096	CNP0353477.0	0.5714285714285714
Mol_14444	4096	CNP0120566.0	0.4827586206896552
Mol_16326	4096	CNP0305718.0	0.7837837837837838
Mol_16110	4096	CNP0330256.0	0.5254237288135594
Mol_04108	4096	CNP0307273.0	0.38
Mol_13364	4096	CNP0132867.1	0.7755102040816326
Mol_10796	4096	CNP0341163.0	0.5185185185185185
Mol_14611	4096	CNP0104454.2	0.4487179487179487
Mol_09338	4096	CNP0399302.7	0.9411764705882352
Mol_10787	4096	CNP0165514.1	0.72
Mol_00322	4096	CNP0306299.2	0.6964285714285714
Mol_13368	4096	CNP0132867.1	0.8837209302325582
Mol_16318	4096	CNP0586295.4	0.6326530612244898
Mol_08259	4096	CNP0586295.4	0.5510204081632653
Mol_08995	4096	CNP0126990.0	0.6585365853658537
Mol_13370	4096	CNP0132867.1	0.926829268292683
Mol_16178	4096	CNP0165431.7	0.5396825396825397
Mol_16660	4096	CNP0132867.1	0.926829268292683
Mol_03568	4096	CNP0238229.2	0.8245614035087719
Mol_03237	4096	CNP0183602.0	0.5
Mol_16313	4096	CNP0586295.4	0.6153846153846154
Mol_16314	4096	CNP0586295.4	0.6153846153846154
Mol_00364	4096	CNP0111951.0	0.4565217391304347
Mol_16130	4096	CNP0125556.0	0.627906976744186
Mol_15615	4096	CNP0379475.0	0.4761904761904761
Mol_10269	4096	CNP0299589.0	0.7608695652173914
Mol_13305	4096	CNP0119991.0	0.6119402985074627
Mol_16328	4096	CNP0305718.0	0.8205128205128205
Mol_09444	4096	CNP0272256.0	0.5168539325842697
Mol_08431	4096	CNP0146077.1	0.6607142857142857
Mol_01719	4096	CNP0185958.0	0.723404255319149
Mol_11548	4096	CNP0215230.0	0.5555555555555556
Mol_15490	4096	CNP0317868.1	0.3896103896103896
Mol_15504	4096	CNP0124189.3	0.6721311475409836
Mol_05435	4096	CNP0376277.3	0.7142857142857143
Mol_03782	4096	CNP0266446.1	0.5535714285714286
Mol_09392	4096	CNP0372467.2	0.3709677419354839
Mol_18182	4096	CNP0235663.1	0.6122448979591837
Mol_01382	4096	CNP0590236.2	0.6428571428571429
Mol_07041	4096	CNP0520454.1	0.4193548387096774
Mol_01267	4096	CNP0139132.1	0.6491228070175439
Mol_03868	4096	CNP0260837.8	0.7954545454545454
Mol_02176	4096	CNP0435517.0	0.4042553191489361
Mol_02172	4096	CNP0435517.0	0.3958333333333333
Mol_02155	4096	CNP0261312.1	0.4603174603174603
Mol_03778	4096	CNP0068995.1	0.5689655172413793
Mol_09326	4096	CNP0178982.1	0.8607594936708861
Mol_03050	4096	CNP0266275.5	0.6461538461538462
Mol_05753	4096	CNP0146304.1	0.746031746031746
Mol_02827	4096	CNP0539598.1	0.7352941176470589
Mol_02198	4096	CNP0202618.3	0.8902439024390244
Mol_10003	4096	CNP0195132.1	0.9404761904761904
Mol_12385	4096	CNP0297311.2	0.5909090909090909
Mol_05754	4096	CNP0337672.1	0.765625
Mol_09393	4096	CNP0372467.2	0.3709677419354839
Mol_05081	4096	CNP0177398.1	0.4489795918367347
Mol_03583	4096	CNP0081240.1	0.7446808510638298
Mol_10821	4096	CNP0266494.0	0.5285714285714286
Mol_06901	4096	CNP0171009.3	0.2954545454545454
Mol_12941	4096	CNP0279593.0	1.0
Mol_14375	4096	CNP0168276.1	0.4516129032258064
Mol_12037	4096	CNP0194558.6	0.6111111111111112
Mol_02939	4096	CNP0271226.4	0.717391304347826
Mol_02926	4096	CNP0194558.6	0.7469879518072289
Mol_10915	4096	CNP0031778.1	0.4605263157894737
Mol_16833	4096	CNP0433835.1	0.6385542168674698
Mol_16780	4096	CNP0564004.1	0.4299065420560747
Mol_08779	4096	CNP0122371.2	0.7468354430379747
Mol_09209	4096	CNP0323901.1	0.6133333333333333
Mol_16803	4096	CNP0564004.1	0.3818181818181818
Mol_02955	4096	CNP0165041.5	0.6190476190476191
Mol_11948	4096	CNP0165041.5	0.6190476190476191
Mol_12946	4096	CNP0237677.7	0.7910447761194029
Mol_05732	4096	CNP0316899.2	0.8205128205128205
Mol_02927	4096	CNP0165041.5	0.7763157894736842
Mol_08782	4096	CNP0165041.5	0.7763157894736842
Mol_08781	4096	CNP0077927.1	0.7733333333333333
Mol_02932	4096	CNP0248314.1	0.5747126436781609
Mol_02658	4096	CNP0239574.1	0.425
Mol_09761	4096	CNP0244972.2	0.4431818181818182
Mol_00068	4096	CNP0182237.4	0.8545454545454545
Mol_12402	4096	CNP0315581.0	0.6181818181818182
Mol_02375	4096	CNP0299648.1	0.3414634146341463
Mol_13848	4096	CNP0139132.1	0.6491228070175439
Mol_16184	4096	CNP0054041.2	0.7017543859649122
Mol_01006	4096	CNP0111287.0	0.5384615384615384
Mol_07086	4096	CNP0291523.0	0.3953488372093023
Mol_02716	4096	CNP0593366.2	0.6216216216216216
Mol_16223	4096	CNP0197271.0	0.7142857142857143
Mol_02554	4096	CNP0432838.0	0.4375
Mol_12209	4096	CNP0312701.0	0.717948717948718
Mol_11765	4096	CNP0347793.0	0.6363636363636364
Mol_10178	4096	CNP0224311.0	0.5853658536585366
Mol_01001	4096	CNP0512954.1	0.4246575342465753
Mol_13694	4096	CNP0230789.0	0.4722222222222222
Mol_09046	4096	CNP0188075.0	0.4888888888888889
Mol_10720	4096	CNP0225250.1	1.0
Mol_14230	4096	CNP0417112.3	0.6805555555555556
Mol_16299	4096	CNP0416125.1	0.6233766233766234
Mol_08330	4096	CNP0175270.1	0.6388888888888888
Mol_16038	4096	CNP0270683.2	0.8125
Mol_01653	4096	CNP0354574.0	0.3571428571428571
Mol_07173	4096	CNP0292178.3	0.56
Mol_01296	4096	CNP0267376.1	0.6805555555555556
Mol_03523	4096	CNP0156983.5	0.825
Mol_10763	4096	CNP0572981.0	0.6521739130434783
Mol_00173	4096	CNP0146077.1	0.5686274509803921
Mol_16789	4096	CNP0205151.2	0.5416666666666666
Mol_16790	4096	CNP0236355.1	0.5
Mol_14066	4096	CNP0518720.1	0.6419753086419753
Mol_11860	4096	CNP0250258.0	0.3953488372093023
Mol_09012	4096	CNP0317386.2	0.7
Mol_13796	4096	CNP0137490.0	0.5757575757575758
Mol_08337	4096	CNP0236505.1	0.6379310344827587
Mol_08185	4096	CNP0177110.1	0.527027027027027
Mol_03529	4096	CNP0114171.1	0.66
Mol_01946	4096	CNP0225209.1	0.4909090909090909
Mol_09657	4096	CNP0457588.2	0.2926829268292683
Mol_06950	4096	CNP0003113.0	0.5666666666666667
Mol_12399	4096	CNP0261773.0	0.3653846153846153
Mol_09013	4096	CNP0306299.2	0.6875
Mol_12292	4096	CNP0221322.1	0.4754098360655737
Mol_10038	4096	CNP0216505.3	0.26
Mol_02933	4096	CNP0303067.1	0.5
Mol_01085	4096	CNP0303415.2	0.4102564102564102
Mol_02929	4096	CNP0194558.6	0.5824175824175825
Mol_08802	4096	CNP0258917.3	0.8227848101265823
Mol_08839	4096	CNP0420306.5	0.6307692307692307
Mol_13053	4096	CNP0181320.1	0.5813953488372093
Mol_02935	4096	CNP0303067.1	0.4482758620689655
Mol_00829	4096	CNP0085006.0	0.4333333333333333
Mol_00184	4096	CNP0560192.1	0.5757575757575758
Mol_10911	4096	CNP0129699.2	0.4794520547945205
Mol_04609	4096	CNP0250298.1	0.7321428571428571
Mol_14409	4096	CNP0288078.1	0.421875
Mol_08758	4096	CNP0421515.6	0.5357142857142857
Mol_15143	4096	CNP0221251.2	0.8076923076923077
Mol_07285	4096	CNP0164502.5	0.4545454545454545
Mol_15485	4096	CNP0197662.2	0.5161290322580645
Mol_15488	4096	CNP0172396.1	0.4426229508196721
Mol_16485	4096	CNP0226405.8	0.825
Mol_12662	4096	CNP0226405.8	0.825
Mol_16487	4096	CNP0208279.1	0.8351648351648352
Mol_11123	4096	CNP0141341.2	0.4567901234567901
Mol_02665	4096	CNP0328141.1	0.6304347826086957
Mol_12665	4096	CNP0226405.8	0.825
Mol_12508	4096	CNP0184099.1	0.8765432098765432
Mol_16483	4096	CNP0226405.8	0.8987341772151899
Mol_02162	4096	CNP0272480.4	0.8
Mol_08646	4096	CNP0586944.2	0.7142857142857143
Mol_05755	4096	CNP0146304.1	0.7903225806451613
Mol_08645	4096	CNP0223410.4	0.7142857142857143
Mol_03262	4096	CNP0223410.4	0.7291666666666666
Mol_04401	4096	CNP0397959.1	0.4927536231884058
Mol_02859	4096	CNP0330944.2	0.76
Mol_09394	4096	CNP0372467.2	0.3709677419354839
Mol_18149	4096	CNP0345999.1	0.4375
Mol_10463	4096	CNP0195132.1	0.9404761904761904
Mol_00560	4096	CNP0321537.1	0.7524752475247525
Mol_00437	4096	CNP0139662.1	0.7142857142857143
Mol_10571	4096	CNP0333568.2	0.7401574803149606
Mol_14031	4096	CNP0156159.1	0.7053571428571429
Mol_14271	4096	CNP0352123.0	0.6666666666666666
Mol_01141	4096	CNP0272311.2	0.3863636363636363
Mol_03379	4096	CNP0266275.5	0.3974358974358974
Mol_01140	4096	CNP0272311.2	0.3863636363636363
Mol_00449	4096	CNP0176099.10	0.5806451612903226
Mol_14437	4096	CNP0120566.0	0.5882352941176471
Mol_02131	4096	CNP0255810.1	0.7317073170731707
Mol_10735	4096	CNP0247435.2	0.8181818181818182
Mol_15129	4096	CNP0269497.5	0.8076923076923077
Mol_09253	4096	CNP0233842.3	0.5510204081632653
Mol_14443	4096	CNP0120566.0	0.5882352941176471
Mol_08323	4096	CNP0249431.1	0.6271186440677966
Mol_18036	4096	CNP0102860.1	0.7083333333333334
Mol_00194	4096	CNP0560192.1	0.5352112676056338
Mol_00206	4096	CNP0295568.2	0.3289473684210526
Mol_04718	4096	CNP0151693.3	0.6296296296296297
Mol_04407	4096	CNP0049588.4	0.5441176470588235
Mol_13380	4096	CNP0132867.1	0.6458333333333334
Mol_04058	4096	CNP0290737.1	0.4246575342465753
Mol_07160	4096	CNP0199783.1	0.3733333333333333
Mol_13431	4096	CNP0426404.1	0.660377358490566
Mol_12674	4096	CNP0388343.0	0.38
Mol_12257	4096	CNP0204918.0	0.7592592592592593
Mol_02673	4096	CNP0320329.3	0.5652173913043478
Mol_03550	4096	CNP0600526.1	0.3209876543209876
Mol_03722	4096	CNP0132352.2	0.5555555555555556
Mol_10160	4096	CNP0526868.1	0.4
Mol_16584	4096	CNP0054973.0	0.3043478260869565
Mol_14547	4096	CNP0195071.2	0.6190476190476191
Mol_01971	4096	CNP0257122.2	0.4666666666666667
Mol_00279	4096	CNP0266576.0	0.75
Mol_03706	4096	CNP0134235.6	0.8297872340425532
Mol_08104	4096	CNP0396680.3	0.6363636363636364
Mol_01295	4096	CNP0267376.1	0.6712328767123288
Mol_02941	4096	CNP0248314.1	0.4952380952380952
Mol_02666	4096	CNP0347895.5	0.6288659793814433
Mol_08804	4096	CNP0139318.1	0.5625
Mol_08805	4096	CNP0171815.0	0.618421052631579
Mol_16524	4096	CNP0248642.1	0.7058823529411765
Mol_03967	4096	CNP0119383.1	0.7962962962962963
Mol_07913	4096	CNP0071090.1	0.3260869565217391
Mol_13767	4096	CNP0189851.2	0.6976744186046512
Mol_08479	4096	CNP0424949.2	0.543859649122807
Mol_13429	4096	CNP0426404.1	0.7
Mol_01249	4096	CNP0260597.3	0.979591836734694
Mol_03563	4096	CNP0130094.2	0.94
Mol_10684	4096	CNP0260597.3	0.979591836734694
Mol_02183	4096	CNP0082490.0	0.42
Mol_02379	4096	CNP0272311.2	0.3863636363636363
Mol_19156	4096	CNP0355445.1	0.3953488372093023
Mol_11946	4096	CNP0214766.1	0.7567567567567568
Mol_13412	4096	CNP0172754.9	0.3188405797101449
Mol_16394	4096	CNP0086731.4	0.4230769230769231
Mol_05826	4096	CNP0257330.0	0.6
Mol_10418	4096	CNP0260951.5	0.4756097560975609
Mol_10419	4096	CNP0137384.7	0.5384615384615384
Mol_10913	4096	CNP0252962.1	0.5882352941176471
Mol_10736	4096	CNP0230325.4	0.6619718309859155
Mol_07914	4096	CNP0071090.1	0.3260869565217391
Mol_09916	4096	CNP0132201.2	0.5901639344262295
Mol_06953	4096	CNP0114455.0	0.7096774193548387
Mol_05061	4096	CNP0222415.1	0.6363636363636364
Mol_04838	4096	CNP0314863.0	0.8928571428571429
Mol_16919	4096	CNP0098362.0	0.7105263157894737
Mol_05099	4096	CNP0335169.3	0.717391304347826
Mol_05080	4096	CNP0574719.1	0.45
Mol_14494	4096	CNP0118398.0	0.5555555555555556
Mol_07132	4096	CNP0144296.0	0.5076923076923077
Mol_05838	4096	CNP0269509.2	0.5555555555555556
Mol_05062	4096	CNP0171773.1	0.5
Mol_05063	4096	CNP0387714.2	0.6739130434782609
Mol_07416	4096	CNP0222415.1	0.6363636363636364
Mol_04684	4096	CNP0256422.0	0.5909090909090909
Mol_09005	4096	CNP0273219.4	0.8840579710144928
Mol_11149	4096	CNP0010878.1	0.559322033898305
Mol_14153	4096	CNP0393226.1	0.5
Mol_02222	4096	CNP0271379.2	0.6666666666666666
Mol_11449	4096	CNP0066404.1	0.5
Mol_05157	4096	CNP0273146.2	0.5714285714285714
Mol_14450	4096	CNP0223568.5	0.5384615384615384
Mol_11624	4096	CNP0142306.1	0.8059701492537313
Mol_12731	4096	CNP0183784.0	0.6716417910447762
Mol_14533	4096	CNP0210644.1	0.7868852459016393
Mol_00660	4096	CNP0182237.4	0.8545454545454545
Mol_01293	4096	CNP0345288.2	0.5970149253731343
Mol_10029	4096	CNP0211064.11	0.5507246376811594
Mol_04141	4096	CNP0282427.3	0.7
Mol_09831	4096	CNP0273219.4	0.8840579710144928
Mol_01351	4096	CNP0422369.4	0.8181818181818182
Mol_03783	4096	CNP0266446.1	0.5535714285714286
Mol_10610	4096	CNP0279593.0	1.0
Mol_07404	4096	CNP0539598.1	0.7352941176470589
Mol_02845	4096	CNP0343020.1	0.3255813953488372
Mol_16021	4096	CNP0273721.1	0.7111111111111111
Mol_09369	4096	CNP0216851.1	0.5918367346938775
Mol_18963	4096	CNP0497952.1	0.5357142857142857
Mol_03779	4096	CNP0068995.1	0.5689655172413793
Mol_00179	4096	CNP0560192.1	0.4142857142857143
Mol_00183	4096	CNP0117601.1	0.8478260869565217
Mol_15027	4096	CNP0365983.2	0.2567567567567567
Mol_08481	4096	CNP0137343.1	0.5740740740740741
Mol_18746	4096	CNP0255675.5	0.6153846153846154
Mol_09084	4096	CNP0204166.0	0.5185185185185185
Mol_12168	4096	CNP0125617.1	0.5245901639344263
Mol_09088	4096	CNP0228718.1	0.4647887323943662
Mol_11823	4096	CNP0589929.1	0.5694444444444444
Mol_12619	4096	CNP0239818.2	0.4864864864864865
Mol_09133	4096	CNP0163066.0	0.2758620689655172
Mol_09793	4096	CNP0475636.1	0.5
Mol_04075	4096	CNP0187103.4	0.5866666666666667
Mol_09195	4096	CNP0170756.1	0.92
Mol_15029	4096	CNP0365083.1	0.2567567567567567
Mol_09139	4096	CNP0139313.4	0.3023255813953488
Mol_12190	4096	CNP0144459.4	0.5081967213114754
Mol_14157	4096	CNP0270863.0	0.4821428571428571
Mol_02907	4096	CNP0324690.1	0.5925925925925926
Mol_04076	4096	CNP0511339.2	0.53125
Mol_03215	4096	CNP0152227.1	0.8444444444444444
Mol_06843	4096	CNP0272480.4	0.8
Mol_13696	4096	CNP0172909.2	0.5084745762711864
Mol_02516	4096	CNP0224145.2	0.5522388059701493
Mol_15002	4096	CNP0159717.1	0.4857142857142857
Mol_13807	4096	CNP0368859.1	0.375
Mol_10279	4096	CNP0124719.0	0.4032258064516129
Mol_09398	4096	CNP0372467.2	0.3709677419354839
Mol_15398	4096	CNP0136383.2	0.7049180327868853
Mol_02693	4096	CNP0405557.2	0.4320987654320987
Mol_08231	4096	CNP0244747.1	0.5492957746478874
Mol_02986	4096	CNP0598262.0	0.3333333333333333
Mol_00763	4096	CNP0164931.0	0.3833333333333333
Mol_03760	4096	CNP0273721.1	0.5555555555555556
Mol_09399	4096	CNP0372467.2	0.3709677419354839
Mol_05752	4096	CNP0146304.1	0.5384615384615384
Mol_11229	4096	CNP0171743.2	0.7543859649122807
Mol_05700	4096	CNP0116158.1	0.7323943661971831
Mol_10585	4096	CNP0422019.2	0.4050632911392405
Mol_12627	4096	CNP0239090.2	0.6105263157894737
Mol_02211	4096	CNP0330597.0	0.625
Mol_12476	4096	CNP0317386.2	0.7
Mol_10483	4096	CNP0144678.1	0.4222222222222222
Mol_08432	4096	CNP0425125.1	0.6031746031746031
Mol_15600	4096	CNP0066372.2	0.75
Mol_13861	4096	CNP0287415.2	0.6388888888888888
Mol_14425	4096	CNP0512988.0	0.5918367346938775
Mol_13862	4096	CNP0287415.2	0.6388888888888888
Mol_08665	4096	CNP0366885.2	0.5555555555555556
Mol_15476	4096	CNP0232323.0	0.3968253968253968
Mol_10249	4096	CNP0365503.0	0.7659574468085106
Mol_10476	4096	CNP0289209.0	0.6153846153846154
Mol_16236	4096	CNP0287415.2	0.6388888888888888
Mol_01259	4096	CNP0583144.0	0.320754716981132
Mol_08681	4096	CNP0235499.0	0.5
Mol_08580	4096	CNP0187409.2	0.5454545454545454
Mol_06955	4096	CNP0137208.1	0.4038461538461538
Mol_02047	4096	CNP0146573.2	0.6976744186046512
Mol_04199	4096	CNP0210494.0	0.6153846153846154
Mol_14179	4096	CNP0403199.0	0.625
Mol_02229	4096	CNP0218903.1	0.7288135593220338
Mol_00277	4096	CNP0419194.0	0.65625
Mol_08757	4096	CNP0262671.1	0.5
Mol_14227	4096	CNP0180077.1	0.6
Mol_03968	4096	CNP0167470.1	0.6428571428571429
Mol_13764	4096	CNP0280889.1	0.8095238095238095
Mol_02721	4096	CNP0396139.0	0.3461538461538461
Mol_02659	4096	CNP0103070.2	0.5806451612903226
Mol_02656	4096	CNP0103070.2	0.7261904761904762
Mol_16549	4096	CNP0103070.2	0.7261904761904762
Mol_14578	4096	CNP0255607.1	0.7474747474747475
Mol_11203	4096	CNP0329518.1	0.72
Mol_11877	4096	CNP0106199.3	0.7971014492753623
Mol_03524	4096	CNP0156983.5	0.7840909090909091
Mol_10470	4096	CNP0195132.1	0.9404761904761904
Mol_10988	4096	CNP0202618.3	0.6947368421052632
Mol_12040	4096	CNP0194558.6	0.5824175824175825
Mol_15008	4096	CNP0156944.1	0.6727272727272727
Mol_08129	4096	CNP0124719.0	0.4576271186440678
Mol_09985	4096	CNP0223078.1	0.5909090909090909
Mol_09979	4096	CNP0194416.1	0.484375
Mol_10473	4096	CNP0195132.1	0.9404761904761904
Mol_16480	4096	CNP0263949.1	1.0
Mol_09997	4096	CNP0245926.4	0.6931818181818182
Mol_01095	4096	CNP0273671.3	0.3947368421052631
Mol_04815	4096	CNP0263949.1	1.0
Mol_01096	4096	CNP0291776.13	0.4626865671641791
Mol_11249	4096	CNP0272480.4	0.8
Mol_15011	4096	CNP0220756.0	0.7916666666666666
Mol_16884	4096	CNP0185717.7	0.7301587301587301
Mol_04722	4096	CNP0157166.2	0.7333333333333333
Mol_05236	4096	CNP0246466.0	1.0
Mol_19279	4096	CNP0240479.1	0.4390243902439024
Mol_13017	4096	CNP0000257.0	0.3777777777777777
Mol_04389	4096	CNP0210494.0	0.7027027027027027
Mol_14159	4096	CNP0010906.1	0.5
Mol_10064	4096	CNP0215440.2	0.5384615384615384
Mol_15240	4096	CNP0365129.2	0.4893617021276595
Mol_02284	4096	CNP0373216.3	0.5822784810126582
Mol_02290	4096	CNP0220121.7	0.6585365853658537
Mol_10783	4096	CNP0587491.2	0.6842105263157895
Mol_02282	4096	CNP0220121.7	0.8493150684931506
Mol_02283	4096	CNP0220121.7	0.8493150684931506
Mol_09206	4096	CNP0165514.1	0.5081967213114754
Mol_04072	4096	CNP0426460.1	0.3857142857142857
Mol_12251	4096	CNP0217438.2	0.6166666666666667
Mol_14530	4096	CNP0469897.1	0.6511627906976745
Mol_11441	4096	CNP0587491.2	0.6190476190476191
Mol_02371	4096	CNP0240544.1	0.3896103896103896
Mol_10810	4096	CNP0587491.2	0.6842105263157895
Mol_00597	4096	CNP0236268.2	0.6588235294117647
Mol_08997	4096	CNP0284375.0	0.8055555555555556
Mol_12174	4096	CNP0188247.1	0.6666666666666666
Mol_18556	4096	CNP0213054.1	0.7543859649122807
Mol_16629	4096	CNP0177084.1	0.6896551724137931
Mol_08209	4096	CNP0425125.1	0.4411764705882353
Mol_00309	4096	CNP0074279.0	0.6470588235294118
Mol_14846	4096	CNP0354848.0	0.4305555555555556
Mol_08765	4096	CNP0367617.3	0.7058823529411765
Mol_06851	4096	CNP0204918.0	0.65
Mol_10548	4096	CNP0268303.0	0.7368421052631579
Mol_01759	4096	CNP0067225.2	0.3571428571428571
Mol_07424	4096	CNP0556185.0	0.4444444444444444
Mol_11033	4096	CNP0160168.1	0.6625
Mol_03670	4096	CNP0246084.2	0.2666666666666666
Mol_15428	4096	CNP0329789.1	0.6197183098591549
Mol_02207	4096	CNP0248817.2	0.5783132530120482
Mol_14942	4096	CNP0280793.3	0.8243243243243243
Mol_11293	4096	CNP0515317.0	0.3833333333333333
Mol_10049	4096	CNP0150001.0	0.5277777777777778
Mol_14020	4096	CNP0165431.7	0.5294117647058824
Mol_13185	4096	CNP0282355.1	0.5283018867924528
Mol_03972	4096	CNP0118045.2	0.5138888888888888
Mol_12407	4096	CNP0185958.0	0.4242424242424242
Mol_02905	4096	CNP0365503.0	0.72
Mol_10382	4096	CNP0111675.2	0.6447368421052632
Mol_00185	4096	CNP0117601.1	0.7872340425531915
Mol_10622	4096	CNP0279593.0	1.0
Mol_04715	4096	CNP0216219.1	0.4516129032258064
Mol_00196	4096	CNP0117601.1	0.8478260869565217
Mol_04285	4096	CNP0227515.2	0.5217391304347826
Mol_18407	4096	CNP0107812.2	0.6567164179104478
Mol_05286	4096	CNP0256848.4	0.8
Mol_00043	4096	CNP0130643.0	0.391304347826087
Mol_15430	4096	CNP0424221.2	0.7560975609756098
Mol_02669	4096	CNP0103070.2	0.7294117647058823
Mol_08298	4096	CNP0177110.1	0.527027027027027
Mol_11895	4096	CNP0224538.5	0.5588235294117647
Mol_07991	4096	CNP0269290.1	0.6
Mol_17063	4096	CNP0305718.0	0.5
Mol_11226	4096	CNP0366968.2	0.8141592920353983
Mol_12470	4096	CNP0312267.1	0.7777777777777778
Mol_13995	4096	CNP0254414.1	0.7521367521367521
Mol_10861	4096	CNP0306299.2	0.8181818181818182
Mol_15047	4096	CNP0146279.2	0.7647058823529411
Mol_00949	4096	CNP0475881.0	0.4915254237288136
Mol_14324	4096	CNP0313468.1	0.5616438356164384
Mol_06242	4096	CNP0289499.1	0.4285714285714285
Mol_12802	4096	CNP0279593.0	1.0
Mol_07405	4096	CNP0246466.0	0.5806451612903226
Mol_10484	4096	CNP0180297.3	0.44
Mol_03466	4096	CNP0154763.1	0.4193548387096774
Mol_12940	4096	CNP0279593.0	1.0
Mol_12801	4096	CNP0279593.0	1.0
Mol_08380	4096	CNP0152057.1	0.3902439024390244
Mol_11322	4096	CNP0155917.2	0.5294117647058824
Mol_17025	4096	CNP0377942.0	0.7666666666666667
Mol_08480	4096	CNP0264180.1	0.6
Mol_11550	4096	CNP0296978.0	0.5932203389830508
Mol_03612	4096	CNP0183667.0	0.5223880597014925
Mol_19533	4096	CNP0492962.1	0.7798165137614679
Mol_09272	4096	CNP0165514.1	0.5081967213114754
Mol_14369	4096	CNP0342052.0	0.7666666666666667
Mol_19280	4096	CNP0244740.3	0.3777777777777777
Mol_11475	4096	CNP0129172.1	0.4193548387096774
Mol_10798	4096	CNP0587491.2	0.6582278481012658
Mol_02293	4096	CNP0266886.2	0.5875
Mol_02274	4096	CNP0220121.7	0.6463414634146342
Mol_06845	4096	CNP0222508.3	0.8490566037735849
Mol_01343	4096	CNP0547264.2	0.6142857142857143
Mol_02400	4096	CNP0119282.1	0.7868852459016393
Mol_10031	4096	CNP0134956.1	0.5540540540540541
Mol_06847	4096	CNP0282427.3	0.7
Mol_01673	4096	CNP0257207.2	0.5084745762711864
Mol_03008	4096	CNP0588816.1	0.532258064516129
Mol_08327	4096	CNP0249431.1	0.7142857142857143
Mol_13176	4096	CNP0216257.3	0.6111111111111112
Mol_03178	4096	CNP0266576.0	0.6129032258064516
Mol_13198	4096	CNP0216257.3	0.8125
Mol_04730	4096	CNP0307877.2	0.5471698113207547
Mol_11474	4096	CNP0136001.0	0.4489795918367347
Mol_00833	4096	CNP0168424.3	0.8545454545454545
Mol_11828	4096	CNP0209110.3	0.5774647887323944
Mol_08509	4096	CNP0426460.1	0.7017543859649122
Mol_02370	4096	CNP0299648.1	0.4078947368421052
Mol_02372	4096	CNP0240544.1	0.3658536585365853
Mol_02166	4096	CNP0435517.0	0.3725490196078431
Mol_03487	4096	CNP0111951.0	0.4347826086956521
Mol_16986	4096	CNP0453495.0	0.4722222222222222
Mol_09410	4096	CNP0216082.1	0.3820224719101123
Mol_02373	4096	CNP0240544.1	0.3493975903614458
Mol_06836	4096	CNP0276187.0	0.5454545454545454
Mol_11479	4096	CNP0129172.1	0.3968253968253968
Mol_14214	4096	CNP0301886.3	0.7236842105263158
Mol_16636	4096	CNP0101250.1	0.4603174603174603
Mol_08317	4096	CNP0129587.1	0.8490566037735849
Mol_16783	4096	CNP0205151.2	0.6744186046511628
Mol_08225	4096	CNP0318843.1	0.5753424657534246
Mol_02692	4096	CNP0181609.1	0.453125
Mol_08211	4096	CNP0299311.0	0.5740740740740741
Mol_01734	4096	CNP0515758.0	0.4285714285714285
Mol_06920	4096	CNP0215355.0	0.4871794871794871
Mol_15243	4096	CNP0163395.2	0.6
Mol_16348	4096	CNP0242308.2	0.6590909090909091
Mol_04586	4096	CNP0244624.1	0.5625
Mol_09414	4096	CNP0216082.1	0.3820224719101123
Mol_09415	4096	CNP0216082.1	0.3820224719101123
Mol_16962	4096	CNP0255292.1	0.6981132075471698
Mol_02801	4096	CNP0253296.5	0.6451612903225806
Mol_16965	4096	CNP0255292.1	0.6981132075471698
Mol_16964	4096	CNP0255292.1	0.6727272727272727
Mol_04710	4096	CNP0343293.3	0.515625
Mol_06201	4096	CNP0132867.1	0.7391304347826086
Mol_08729	4096	CNP0114171.1	0.6274509803921569
Mol_12200	4096	CNP0579879.2	0.5737704918032787
Mol_00323	4096	CNP0306299.2	0.8181818181818182
Mol_02052	4096	CNP0306299.2	0.8181818181818182
Mol_09212	4096	CNP0132867.1	0.7391304347826086
Mol_09227	4096	CNP0045465.2	0.8085106382978723
Mol_14873	4096	CNP0165514.1	0.5576923076923077
Mol_13308	4096	CNP0123807.3	0.6111111111111112
Mol_03569	4096	CNP0238229.2	0.8245614035087719
Mol_09040	4096	CNP0251590.2	0.7258064516129032
Mol_04363	4096	CNP0086724.3	0.5540540540540541
Mol_08789	4096	CNP0420306.5	0.6612903225806451
Mol_03444	4096	CNP0289722.1	0.7962962962962963
Mol_18405	4096	CNP0394913.1	0.5454545454545454
Mol_02231	4096	CNP0218903.1	0.6153846153846154
Mol_04268	4096	CNP0453359.1	0.4166666666666667
Mol_13399	4096	CNP0584089.0	0.475
Mol_13518	4096	CNP0560192.1	0.5757575757575758
Mol_02660	4096	CNP0103070.2	0.627906976744186
Mol_10661	4096	CNP0318081.1	0.6538461538461539
Mol_15720	4096	CNP0303034.1	0.6222222222222222
Mol_02604	4096	CNP0343549.1	0.4736842105263157
Mol_02810	4096	CNP0593661.1	0.5873015873015873
Mol_16567	4096	CNP0136797.2	0.6825396825396826
Mol_14064	4096	CNP0274611.2	0.8985507246376812
Mol_02392	4096	CNP0293456.1	0.5877192982456141
Mol_09729	4096	CNP0330220.1	0.3648648648648648
Mol_13335	4096	CNP0149959.1	0.6947368421052632
Mol_15073	4096	CNP0121041.1	0.5
Mol_12984	4096	CNP0115283.5	0.8103448275862069
Mol_10046	4096	CNP0211064.11	0.5507246376811594
Mol_10052	4096	CNP0211064.11	0.5507246376811594
Mol_01294	4096	CNP0266326.1	0.6060606060606061
Mol_10852	4096	CNP0291265.5	0.7272727272727273
Mol_14455	4096	CNP0139941.2	0.6666666666666666
Mol_09994	4096	CNP0166702.1	0.525
Mol_11715	4096	CNP0270117.8	0.5542168674698795
Mol_14326	4096	CNP0313468.1	0.5915492957746479
Mol_00691	4096	CNP0221873.2	0.7352941176470589
Mol_02586	4096	CNP0172985.1	0.4333333333333333
Mol_11894	4096	CNP0173500.4	0.5774647887323944
Mol_03963	4096	CNP0428798.1	0.4444444444444444
Mol_05772	4096	CNP0146304.1	0.4342105263157895
Mol_01198	4096	CNP0420306.5	0.7758620689655172
Mol_11231	4096	CNP0275845.1	0.7868852459016393
Mol_05287	4096	CNP0256848.4	0.8
Mol_16249	4096	CNP0224538.5	0.7966101694915254
Mol_02369	4096	CNP0299648.1	0.4189189189189189
Mol_02649	4096	CNP0328141.1	0.9102564102564102
Mol_02662	4096	CNP0328141.1	0.6823529411764706
Mol_02646	4096	CNP0204874.2	0.8611111111111112
Mol_16755	4096	CNP0082508.1	0.6197183098591549
Mol_15168	4096	CNP0247576.2	0.5974025974025974
Mol_16762	4096	CNP0191083.1	0.7301587301587301
Mol_16529	4096	CNP0248642.1	0.7058823529411765
Mol_11822	4096	CNP0209110.3	0.5633802816901409
Mol_10914	4096	CNP0171538.3	0.3837209302325581
Mol_07740	4096	CNP0389262.1	0.7
Mol_16523	4096	CNP0248642.1	0.7868852459016393
Mol_16438	4096	CNP0129199.0	0.6056338028169014
Mol_07573	4096	CNP0110529.1	0.4
Mol_11919	4096	CNP0436601.1	0.3069306930693069
Mol_10045	4096	CNP0436601.1	0.3069306930693069
Mol_10334	4096	CNP0356819.0	0.4864864864864865
Mol_10335	4096	CNP0485851.1	0.4729729729729729
Mol_13344	4096	CNP0279409.3	0.5512820512820513
Mol_09727	4096	CNP0350228.1	0.4929577464788732
Mol_11827	4096	CNP0210228.2	0.7424242424242424
Mol_11665	4096	CNP0244993.2	0.4025974025974026
Mol_11829	4096	CNP0210228.2	0.6376811594202898
Mol_10333	4096	CNP0356819.0	0.5507246376811594
Mol_11831	4096	CNP0242745.1	0.7313432835820896
Mol_16528	4096	CNP0248642.1	0.7868852459016393
Mol_14581	4096	CNP0255607.1	0.7628865979381443
Mol_16089	4096	CNP0510304.0	0.2876712328767123
Mol_10044	4096	CNP0436601.1	0.2952380952380952
Mol_00951	4096	CNP0124719.0	0.4901960784313725
Mol_08737	4096	CNP0222508.3	0.8490566037735849
Mol_14599	4096	CNP0291100.1	0.5660377358490566
Mol_14940	4096	CNP0087183.4	0.875
Mol_02792	4096	CNP0263925.1	0.4821428571428571
Mol_13828	4096	CNP0412836.6	0.6
Mol_15424	4096	CNP0384237.2	0.4776119402985074
Mol_16527	4096	CNP0347895.5	0.631578947368421
Mol_10591	4096	CNP0236738.1	0.7536231884057971
Mol_06328	4096	CNP0177389.1	0.6491228070175439
Mol_13998	4096	CNP0254414.1	0.7521367521367521
Mol_13994	4096	CNP0034715.1	0.7280701754385965
Mol_13999	4096	CNP0034715.1	0.7280701754385965
Mol_14036	4096	CNP0156159.1	0.7168141592920354
Mol_12461	4096	CNP0121296.0	0.6551724137931034
Mol_11228	4096	CNP0366968.2	0.7982456140350878
Mol_13996	4096	CNP0254414.1	0.7542372881355932
Mol_13997	4096	CNP0254414.1	0.7542372881355932
Mol_13992	4096	CNP0380649.1	0.7241379310344828
Mol_13993	4096	CNP0380649.1	0.7241379310344828
Mol_19492	4096	CNP0366968.2	0.931372549019608
Mol_11227	4096	CNP0366968.2	0.8288288288288288
Mol_13989	4096	CNP0034715.1	0.7321428571428571
Mol_15947	4096	CNP0201031.5	0.8245614035087719
Mol_03405	4096	CNP0590440.0	0.7428571428571429
Mol_03403	4096	CNP0590440.0	0.8823529411764706
Mol_14211	4096	CNP0106199.3	0.7971014492753623
Mol_14253	4096	CNP0509286.0	0.5833333333333334
Mol_08193	4096	CNP0354808.0	0.4838709677419355
Mol_02053	4096	CNP0317386.2	0.7551020408163265
Mol_15087	4096	CNP0422369.4	0.5087719298245614
Mol_14433	4096	CNP0118093.0	0.5423728813559322
Mol_09872	4096	CNP0129587.1	0.7241379310344828
Mol_03548	4096	CNP0319400.1	0.2424242424242424
Mol_02655	4096	CNP0103070.2	0.7922077922077922
Mol_03404	4096	CNP0429950.0	0.3188405797101449
Mol_11717	4096	CNP0076476.1	0.6515151515151515
Mol_10645	4096	CNP0273671.3	0.4146341463414634
Mol_10268	4096	CNP0299589.0	0.7291666666666666
Mol_03905	4096	CNP0419194.0	0.6842105263157895
Mol_04395	4096	CNP0227515.2	0.8305084745762712
Mol_14071	4096	CNP0472398.0	0.4285714285714285
Mol_14520	4096	CNP0270683.2	0.6545454545454545
Mol_11551	4096	CNP0296533.4	0.5064935064935064
Mol_05765	4096	CNP0337672.1	0.4487179487179487
Mol_06040	4096	CNP0132272.1	0.490566037735849
Mol_02418	4096	CNP0130052.1	0.78
Mol_15505	4096	CNP0131522.1	0.6
Mol_07568	4096	CNP0317259.1	0.4507042253521127
Mol_15874	4096	CNP0242564.1	0.3275862068965517
Mol_04429	4096	CNP0336321.2	0.7096774193548387
Mol_04098	4096	CNP0117599.1	0.6
Mol_08583	4096	CNP0164808.0	0.7407407407407407
Mol_05399	4096	CNP0119609.0	0.391304347826087
Mol_18590	4096	CNP0134342.1	0.6893939393939394
Mol_09734	4096	CNP0502214.1	0.7346938775510204
Mol_15268	4096	CNP0251444.0	0.4375
Mol_11325	4096	CNP0188254.0	0.835820895522388
Mol_04122	4096	CNP0432633.1	0.4130434782608695
Mol_11438	4096	CNP0149315.6	0.631578947368421
Mol_04837	4096	CNP0311945.0	0.7857142857142857
Mol_15952	4096	CNP0149315.6	0.6590909090909091
Mol_12296	4096	CNP0243394.2	0.7126436781609196
Mol_09189	4096	CNP0328173.0	0.5625
Mol_02579	4096	CNP0132609.0	0.4918032786885246
Mol_12515	4096	CNP0326073.0	0.6724137931034483
Mol_16330	4096	CNP0227143.1	0.3258426966292135
Mol_00759	4096	CNP0186811.1	0.6144578313253012
Mol_12869	4096	CNP0326073.0	0.4242424242424242
Mol_12612	4096	CNP0239818.2	0.5070422535211268
Mol_13699	4096	CNP0188679.1	0.8333333333333334
Mol_04682	4096	CNP0425444.1	0.3695652173913043
Mol_10127	4096	CNP0252860.0	0.525
Mol_04623	4096	CNP0143294.1	0.6744186046511628
Mol_02526	4096	CNP0294287.2	0.4912280701754385
Mol_00855	4096	CNP0367669.2	0.5853658536585366
Mol_16344	4096	CNP0210020.2	0.4230769230769231
Mol_11904	4096	CNP0329533.1	0.5512820512820513
Mol_01016	4096	CNP0266779.3	0.734375
Mol_05767	4096	CNP0146304.1	0.4520547945205479
Mol_04267	4096	CNP0227515.2	0.5151515151515151
Mol_05776	4096	CNP0146304.1	0.4520547945205479
Mol_10731	4096	CNP0230325.4	0.6527777777777778
Mol_08750	4096	CNP0164444.1	0.574468085106383
Mol_14334	4096	CNP0323139.1	0.6701030927835051
Mol_16506	4096	CNP0226405.8	0.7752808988764045
Mol_00384	4096	CNP0350623.2	0.8035714285714286
Mol_05400	4096	CNP0119609.0	0.391304347826087
Mol_19126	4096	CNP0282323.2	0.5641025641025641
Mol_01566	4096	CNP0332030.1	0.3823529411764705
Mol_01568	4096	CNP0167435.1	0.4857142857142857
Mol_00114	4096	CNP0018346.1	0.5774647887323944
Mol_12329	4096	CNP0321962.1	0.4492753623188406
Mol_02735	4096	CNP0195219.5	0.8333333333333334
Mol_12199	4096	CNP0195219.5	0.8333333333333334
Mol_02865	4096	CNP0417287.1	0.5970149253731343
Mol_09737	4096	CNP0379890.1	0.5671641791044776
Mol_08203	4096	CNP0318843.1	0.6825396825396826
Mol_08252	4096	CNP0247816.1	0.5932203389830508
Mol_08332	4096	CNP0236505.1	0.6964285714285714
Mol_06202	4096	CNP0317386.2	0.7551020408163265
Mol_13681	4096	CNP0165431.7	0.5961538461538461
Mol_00291	4096	CNP0426404.1	0.7441860465116279
Mol_15241	4096	CNP0035184.2	0.4285714285714285
Mol_01245	4096	CNP0209303.5	0.6666666666666666
Mol_02156	4096	CNP0261312.1	0.4603174603174603
Mol_01362	4096	CNP0209303.5	0.6666666666666666
Mol_14954	4096	CNP0316476.3	0.4166666666666667
Mol_01203	4096	CNP0426404.1	0.7441860465116279
Mol_00217	4096	CNP0254796.0	0.3255813953488372
Mol_01359	4096	CNP0426404.1	0.7441860465116279
Mol_04109	4096	CNP0079780.0	0.3809523809523809
Mol_15681	4096	CNP0321187.0	0.5128205128205128
Mol_13180	4096	CNP0160976.0	0.5277777777777778
Mol_08653	4096	CNP0320425.1	0.5681818181818182
Mol_13619	4096	CNP0193598.0	0.8666666666666667
Mol_12274	4096	CNP0157482.0	0.4181818181818181
Mol_12171	4096	CNP0368305.1	0.4909090909090909
Mol_16852	4096	CNP0256443.1	0.8461538461538461
Mol_13087	4096	CNP0090924.8	0.6119402985074627
Mol_12084	4096	CNP0297993.2	0.6585365853658537
Mol_00761	4096	CNP0295433.1	0.6666666666666666
Mol_13160	4096	CNP0284375.0	0.5384615384615384
Mol_02564	4096	CNP0209303.5	0.6666666666666666
Mol_01034	4096	CNP0266779.3	0.527027027027027
Mol_01557	4096	CNP0324010.0	0.4074074074074074
Mol_10474	4096	CNP0166898.3	0.532608695652174
Mol_06197	4096	CNP0207185.1	0.4666666666666667
Mol_01494	4096	CNP0331764.0	0.6944444444444444
Mol_16886	4096	CNP0237607.0	0.7090909090909091
Mol_04086	4096	CNP0511339.2	0.4492753623188406
Mol_02652	4096	CNP0328141.1	0.6823529411764706
Mol_10598	4096	CNP0212726.0	0.8292682926829268
Mol_16345	4096	CNP0210020.2	0.7441860465116279
Mol_16758	4096	CNP0127617.1	0.4339622641509434
Mol_13550	4096	CNP0171406.4	0.5538461538461539
Mol_10179	4096	CNP0077060.1	0.6935483870967742
Mol_16966	4096	CNP0198649.4	0.7209302325581395
Mol_09786	4096	CNP0297311.2	0.6363636363636364
Mol_02603	4096	CNP0343549.1	0.358974358974359
Mol_01443	4096	CNP0192217.8	0.6666666666666666
Mol_11290	4096	CNP0221890.0	0.5972222222222222
Mol_14843	4096	CNP0120877.0	0.4782608695652174
Mol_08649	4096	CNP0395849.1	0.8771929824561403
Mol_00473	4096	CNP0357320.1	0.5641025641025641
Mol_10718	4096	CNP0249512.7	0.847457627118644
Mol_16525	4096	CNP0328141.1	0.6896551724137931
Mol_02653	4096	CNP0328141.1	0.6781609195402298
Mol_02663	4096	CNP0328141.1	0.6781609195402298
Mol_02645	4096	CNP0328141.1	0.5652173913043478
Mol_11334	4096	CNP0423852.1	0.5555555555555556
Mol_07533	4096	CNP0243492.4	0.746268656716418
Mol_02661	4096	CNP0103070.2	0.6506024096385542
Mol_08749	4096	CNP0164444.1	0.5652173913043478
Mol_01722	4096	CNP0153476.0	0.4166666666666667
Mol_02654	4096	CNP0328141.1	0.7303370786516854
Mol_15965	4096	CNP0135405.1	0.3595505617977528
Mol_10665	4096	CNP0287676.7	0.6865671641791045
Mol_02650	4096	CNP0328141.1	0.735632183908046
Mol_00501	4096	CNP0218042.1	0.7204301075268817
Mol_02555	4096	CNP0354528.0	0.4054054054054054
Mol_11843	4096	CNP0329461.1	0.6551724137931034
Mol_07492	4096	CNP0199491.1	0.3725490196078431
Mol_13411	4096	CNP0158641.1	0.2903225806451613
Mol_09173	4096	CNP0222508.3	0.8490566037735849
Mol_00786	4096	CNP0427623.1	0.4242424242424242
Mol_16235	4096	CNP0235511.4	0.3478260869565217
Mol_13820	4096	CNP0200516.1	0.6710526315789473
Mol_13105	4096	CNP0426404.1	0.7441860465116279
Mol_13201	4096	CNP0284375.0	0.5365853658536586
Mol_16237	4096	CNP0188075.0	0.55
Mol_10641	4096	CNP0105109.0	0.7105263157894737
Mol_13693	4096	CNP0328254.1	0.3114754098360656
Mol_13700	4096	CNP0188679.1	0.74
Mol_04683	4096	CNP0187386.3	0.6530612244897959
Mol_10161	4096	CNP0188075.0	0.4318181818181818
Mol_14719	4096	CNP0188336.2	0.620253164556962
Mol_14718	4096	CNP0188336.2	0.7205882352941176
Mol_03526	4096	CNP0156983.5	0.7176470588235294
Mol_00377	4096	CNP0316323.0	0.6486486486486487
Mol_08195	4096	CNP0145945.0	0.4791666666666667
Mol_10227	4096	CNP0188075.0	0.4318181818181818
Mol_06925	4096	CNP0527931.0	0.3333333333333333
Mol_14438	4096	CNP0120566.0	0.8666666666666667
Mol_09663	4096	CNP0094675.0	0.4347826086956521
Mol_03545	4096	CNP0482429.0	0.4107142857142857
Mol_09666	4096	CNP0404267.0	0.375
Mol_06151	4096	CNP0170660.1	0.625
Mol_02279	4096	CNP0325266.2	0.4302325581395348
Mol_00117	4096	CNP0118118.1	0.7073170731707317
Mol_02164	4096	CNP0296513.1	0.7333333333333333
Mol_04099	4096	CNP0117599.1	0.6
Mol_10070	4096	CNP0316899.2	0.8205128205128205
Mol_04697	4096	CNP0254796.0	0.4102564102564102
Mol_16102	4096	CNP0419194.0	0.4782608695652174
Mol_16224	4096	CNP0177512.0	0.6111111111111112
Mol_11832	4096	CNP0529471.3	0.5194805194805194
Mol_11830	4096	CNP0210228.2	0.7301587301587301
Mol_10142	4096	CNP0517604.1	0.3706896551724138
Mol_12360	4096	CNP0244585.2	0.7857142857142857
Mol_03138	4096	CNP0128060.0	0.618421052631579
Mol_07774	4096	CNP0170660.1	0.7555555555555555
Mol_01024	4096	CNP0018243.1	0.6136363636363636
Mol_09929	4096	CNP0226852.0	0.6666666666666666
Mol_18977	4096	CNP0424030.1	0.4507042253521127
Mol_13376	4096	CNP0273175.4	0.6739130434782609
Mol_10784	4096	CNP0362118.0	0.5272727272727272
Mol_11597	4096	CNP0260597.3	0.979591836734694
Mol_02520	4096	CNP0316493.1	0.9230769230769232
Mol_02733	4096	CNP0308344.3	0.9508196721311476
Mol_05756	4096	CNP0146304.1	0.5735294117647058
Mol_04472	4096	CNP0161788.2	0.5869565217391305
Mol_06180	4096	CNP0173359.1	0.4912280701754385
Mol_16280	4096	CNP0291246.0	0.4464285714285714
Mol_16568	4096	CNP0256073.1	0.4915254237288136
Mol_03667	4096	CNP0387028.3	0.3904761904761905
Mol_16716	4096	CNP0208300.3	0.5285714285714286
Mol_00764	4096	CNP0286465.7	0.6041666666666666
Mol_08935	4096	CNP0143206.2	0.7804878048780488
Mol_14464	4096	CNP0505828.0	0.7045454545454546
Mol_04103	4096	CNP0073012.1	0.423728813559322
Mol_11598	4096	CNP0260597.3	0.979591836734694
Mol_13427	4096	CNP0130094.2	0.94
Mol_03632	4096	CNP0098838.1	0.8157894736842105
Mol_01569	4096	CNP0413970.1	0.5263157894736842
Mol_15223	4096	CNP0246466.0	0.5806451612903226
Mol_01975	4096	CNP0233669.1	0.4642857142857143
Mol_19096	4096	CNP0316271.0	0.4385964912280701
Mol_05145	4096	CNP0479435.1	0.4222222222222222
Mol_00109	4096	CNP0432360.1	0.6515151515151515
Mol_03489	4096	CNP0121840.1	0.735632183908046
Mol_11672	4096	CNP0376410.4	0.4489795918367347
Mol_06041	4096	CNP0132272.1	0.490566037735849
Mol_07569	4096	CNP0110529.1	0.5205479452054794
Mol_00104	4096	CNP0256652.1	0.5277777777777778
Mol_07769	4096	CNP0273146.2	0.625
Mol_15492	4096	CNP0197662.2	0.7884615384615384
Mol_04963	4096	CNP0230652.4	0.5818181818181818
Mol_07446	4096	CNP0246466.0	1.0
Mol_15003	4096	CNP0159717.1	0.4025974025974026
Mol_16514	4096	CNP0233158.1	0.7288135593220338
Mol_14019	4096	CNP0351050.1	0.9310344827586208
Mol_00048	4096	CNP0590577.2	0.4583333333333333
Mol_10923	4096	CNP0022934.0	0.4716981132075472
Mol_10021	4096	CNP0305718.0	0.6222222222222222
Mol_02556	4096	CNP0332861.0	0.4594594594594595
Mol_12121	4096	CNP0213490.2	0.4285714285714285
Mol_00365	4096	CNP0066654.0	0.4285714285714285
Mol_16225	4096	CNP0436390.0	0.6111111111111112
Mol_16450	4096	CNP0205193.2	0.4406779661016949
Mol_16460	4096	CNP0205193.2	0.4406779661016949
Mol_04970	4096	CNP0204117.1	0.64
Mol_03525	4096	CNP0156983.5	0.7333333333333333
Mol_14612	4096	CNP0177349.2	0.6956521739130435
Mol_05330	4096	CNP0080012.0	0.5142857142857142
Mol_06810	4096	CNP0534184.0	0.7727272727272727
Mol_13689	4096	CNP0141328.2	0.525
Mol_09921	4096	CNP0304485.1	0.8108108108108109
Mol_01553	4096	CNP0236037.2	0.6216216216216216
Mol_10441	4096	CNP0420493.1	0.61
Mol_02482	4096	CNP0121624.1	0.5405405405405406
Mol_07087	4096	CNP0237270.1	0.375
Mol_14171	4096	CNP0146943.3	0.9565217391304348
Mol_14172	4096	CNP0146943.3	0.9565217391304348
Mol_07932	4096	CNP0140143.0	0.5
Mol_11942	4096	CNP0214766.1	0.6190476190476191
Mol_00006	4096	CNP0002901.0	0.3417721518987341
Mol_12818	4096	CNP0251156.0	0.45
Mol_10183	4096	CNP0364084.1	0.5666666666666667
Mol_07490	4096	CNP0113209.1	0.7142857142857143
Mol_12070	4096	CNP0316545.3	0.8181818181818182
Mol_09484	4096	CNP0205245.1	0.5694444444444444
Mol_04766	4096	CNP0167531.5	0.8333333333333334
Mol_09481	4096	CNP0205245.1	0.5441176470588235
Mol_10428	4096	CNP0117047.19	0.7692307692307693
Mol_01063	4096	CNP0273671.3	0.4459459459459459
Mol_10004	4096	CNP0263949.1	1.0
Mol_09998	4096	CNP0358909.1	0.8505747126436781
Mol_10450	4096	CNP0117047.19	0.7692307692307693
Mol_00966	4096	CNP0281123.6	0.7636363636363637
Mol_01097	4096	CNP0117652.18	0.576271186440678
Mol_01313	4096	CNP0371929.5	0.9315068493150684
Mol_02363	4096	CNP0281123.6	0.7636363636363637
Mol_13015	4096	CNP0407951.1	0.7352941176470589
Mol_12657	4096	CNP0239818.2	0.5138888888888888
Mol_11767	4096	CNP0248384.4	0.4225352112676056
Mol_13960	4096	CNP0117652.18	0.576271186440678
Mol_04703	4096	CNP0595263.1	0.6307692307692307
Mol_08013	4096	CNP0161417.1	0.7096774193548387
Mol_14198	4096	CNP0179929.5	0.7777777777777778
Mol_05406	4096	CNP0146328.2	0.7090909090909091
Mol_15487	4096	CNP0190028.1	0.6981132075471698
Mol_15503	4096	CNP0131522.1	0.6376811594202898
Mol_03660	4096	CNP0387028.3	0.4382022471910112
Mol_08045	4096	CNP0161417.1	0.7096774193548387
Mol_10048	4096	CNP0439844.0	0.6
Mol_04251	4096	CNP0075849.1	0.5
Mol_02184	4096	CNP0311945.0	0.75
Mol_09632	4096	CNP0144296.0	0.5076923076923077
Mol_01264	4096	CNP0195556.2	0.6136363636363636
Mol_01031	4096	CNP0326250.2	0.475
Mol_05375	4096	CNP0233026.3	0.3773584905660377
Mol_11159	4096	CNP0281413.3	0.671875
Mol_02541	4096	CNP0249059.0	0.6862745098039216
Mol_15956	4096	CNP0266481.3	0.7419354838709677
Mol_15957	4096	CNP0266481.3	0.7419354838709677
Mol_14063	4096	CNP0304715.4	0.5869565217391305
Mol_13224	4096	CNP0114171.1	0.7021276595744681
Mol_03867	4096	CNP0002386.0	0.5106382978723404
Mol_01033	4096	CNP0202378.1	0.5068493150684932
Mol_08828	4096	CNP0224083.0	0.7361111111111112
Mol_00005	4096	CNP0213864.2	0.375
Mol_16272	4096	CNP0392843.0	0.3454545454545454
Mol_00001	4096	CNP0172640.3	0.574468085106383
Mol_01026	4096	CNP0326250.2	0.475
Mol_01022	4096	CNP0018243.1	0.6136363636363636
Mol_15052	4096	CNP0150192.0	0.6538461538461539
Mol_16020	4096	CNP0113952.1	0.7272727272727273
Mol_15502	4096	CNP0131522.1	0.8666666666666667
Mol_19077	4096	CNP0150192.0	0.6538461538461539
Mol_03570	4096	CNP0113952.1	0.6521739130434783
Mol_15053	4096	CNP0258161.1	0.5882352941176471
Mol_11083	4096	CNP0172396.1	0.5555555555555556
Mol_11918	4096	CNP0178891.1	0.7796610169491526
Mol_04870	4096	CNP0317141.1	0.4
Mol_01455	4096	CNP0113952.1	0.6666666666666666
Mol_10080	4096	CNP0273460.1	0.3898305084745763
Mol_16269	4096	CNP0275404.1	0.3768115942028985
Mol_13197	4096	CNP0349013.9	0.4137931034482758
Mol_07497	4096	CNP0189174.1	0.3666666666666666
Mol_16270	4096	CNP0486966.1	0.3968253968253968
Mol_17030	4096	CNP0142480.1	0.3653846153846153
Mol_15884	4096	CNP0170514.0	0.4074074074074074
Mol_01619	4096	CNP0532375.1	0.3728813559322034
Mol_14213	4096	CNP0292367.3	0.8695652173913043
Mol_01620	4096	CNP0532375.1	0.3728813559322034
Mol_02122	4096	CNP0294434.1	0.5344827586206896
Mol_16265	4096	CNP0303916.0	0.4285714285714285
Mol_02784	4096	CNP0390912.1	0.8846153846153846
Mol_19084	4096	CNP0258161.1	0.5882352941176471
Mol_15825	4096	CNP0368204.1	0.6973684210526315
Mol_00012	4096	CNP0266484.1	0.88
Mol_15827	4096	CNP0266484.1	0.88
Mol_13826	4096	CNP0128060.0	0.704225352112676
Mol_19088	4096	CNP0266484.1	0.88
Mol_02943	4096	CNP0433941.1	0.4363636363636363
Mol_09464	4096	CNP0179929.5	0.9154929577464788
Mol_14255	4096	CNP0258574.1	0.7878787878787878
Mol_02624	4096	CNP0191762.2	0.8656716417910447
Mol_04022	4096	CNP0248495.5	0.8666666666666667
Mol_10881	4096	CNP0135366.0	0.3773584905660377
Mol_11939	4096	CNP0367617.3	0.6065573770491803
Mol_07395	4096	CNP0085044.4	0.5
Mol_05253	4096	CNP0107097.0	1.0
Mol_05839	4096	CNP0165322.0	0.5945945945945946
Mol_13856	4096	CNP0103684.1	0.6875
Mol_07442	4096	CNP0400383.2	0.6571428571428571
Mol_14434	4096	CNP0120566.0	0.66
Mol_00030	4096	CNP0258161.1	0.6326530612244898
Mol_08763	4096	CNP0223790.3	0.4363636363636363
Mol_08764	4096	CNP0223790.3	0.4363636363636363
Mol_05825	4096	CNP0333462.1	0.8620689655172413
Mol_04149	4096	CNP0190119.8	0.625
Mol_04917	4096	CNP0332030.1	0.3823529411764705
Mol_05220	4096	CNP0075849.1	0.5
Mol_18383	4096	CNP0246466.0	0.5806451612903226
Mol_19179	4096	CNP0444894.0	0.7777777777777778
Mol_04273	4096	CNP0097634.0	0.5454545454545454
Mol_14768	4096	CNP0535583.1	0.5148514851485149
Mol_14518	4096	CNP0161944.2	0.9032258064516128
Mol_01029	4096	CNP0326250.2	0.5853658536585366
Mol_13967	4096	CNP0142211.1	0.4268292682926829
Mol_09760	4096	CNP0161417.1	0.7096774193548387
Mol_18623	4096	CNP0182237.4	0.5625
Mol_14216	4096	CNP0288788.1	0.6923076923076923
Mol_00573	4096	CNP0320814.1	0.504
Mol_08747	4096	CNP0164444.1	0.5955056179775281
Mol_11982	4096	CNP0258371.2	1.0
Mol_02196	4096	CNP0209555.4	0.5871559633027523
Mol_00111	4096	CNP0018346.1	0.5797101449275363
Mol_01164	4096	CNP0208979.2	0.7076923076923077
Mol_14030	4096	CNP0352123.0	0.7156862745098039
Mol_00800	4096	CNP0018066.0	0.6060606060606061
Mol_00609	4096	CNP0353157.1	0.452991452991453
Mol_12062	4096	CNP0308834.2	0.8446601941747572
Mol_01266	4096	CNP0199211.1	0.8571428571428571
Mol_07203	4096	CNP0292178.3	0.56
Mol_04084	4096	CNP0187103.4	0.4318181818181818
Mol_16289	4096	CNP0303916.0	0.4285714285714285
Mol_13407	4096	CNP0209303.5	0.6666666666666666
Mol_04227	4096	CNP0181320.1	0.5897435897435898
Mol_01100	4096	CNP0294797.1	0.8392857142857143
Mol_07012	4096	CNP0277667.1	0.2727272727272727
Mol_15883	4096	CNP0327680.1	0.574468085106383
Mol_16379	4096	CNP0395266.1	0.7297297297297297
Mol_01555	4096	CNP0283998.2	0.3111111111111111
Mol_02701	4096	CNP0398945.0	0.5428571428571428
Mol_12119	4096	CNP0170484.1	0.4
Mol_14769	4096	CNP0535583.1	0.4811320754716981
Mol_14095	4096	CNP0217380.0	0.9583333333333334
Mol_06893	4096	CNP0230874.0	0.9142857142857144
Mol_07386	4096	CNP0087894.1	0.3793103448275862
Mol_04787	4096	CNP0074279.0	0.7096774193548387
Mol_02486	4096	CNP0298426.1	0.7580645161290323
Mol_07085	4096	CNP0399686.1	0.42
Mol_03402	4096	CNP0510304.0	0.7894736842105263
Mol_14664	4096	CNP0330521.0	0.5714285714285714
Mol_02987	4096	CNP0177388.1	0.5211267605633803
Mol_10677	4096	CNP0125250.0	0.6470588235294118
Mol_02123	4096	CNP0294434.1	0.5344827586206896
Mol_15376	4096	CNP0106199.3	0.7971014492753623
Mol_14615	4096	CNP0424315.2	0.8
Mol_16603	4096	CNP0224656.1	0.4819277108433735
Mol_02608	4096	CNP0311212.1	0.7733333333333333
Mol_01023	4096	CNP0018243.1	0.5434782608695652
Mol_14532	4096	CNP0231189.1	0.5
Mol_14115	4096	CNP0588582.0	0.8125
Mol_11553	4096	CNP0182329.0	0.6
Mol_15396	4096	CNP0307816.1	0.6461538461538462
Mol_01855	4096	CNP0195165.4	0.9047619047619048
Mol_03009	4096	CNP0234198.2	0.625
Mol_00672	4096	CNP0268879.0	0.925925925925926
Mol_14296	4096	CNP0489030.0	0.7156862745098039
Mol_14649	4096	CNP0288440.0	0.3870967741935484
Mol_13155	4096	CNP0467634.1	0.9693877551020408
Mol_14043	4096	CNP0306427.2	0.6732673267326733
Mol_10737	4096	CNP0078353.1	0.589041095890411
Mol_03344	4096	CNP0160368.2	0.5113636363636364
Mol_03578	4096	CNP0165910.1	0.68
Mol_02786	4096	CNP0200688.1	0.6984126984126984
Mol_03531	4096	CNP0213879.0	0.6296296296296297
Mol_16595	4096	CNP0471737.0	0.4117647058823529
Mol_14323	4096	CNP0313468.1	0.6716417910447762
Mol_10030	4096	CNP0134956.1	0.3764705882352941
Mol_14328	4096	CNP0313468.1	0.8620689655172413
Mol_07505	4096	CNP0348691.0	0.3698630136986301
Mol_00976	4096	CNP0354053.1	0.6101694915254238
Mol_16516	4096	CNP0298426.1	0.6617647058823529
Mol_07499	4096	CNP0297274.1	0.6133333333333333
Mol_16908	4096	CNP0217077.1	0.6461538461538462
Mol_13265	4096	CNP0217869.3	0.6451612903225806
Mol_11959	4096	CNP0143193.1	0.6363636363636364
Mol_16482	4096	CNP0226405.8	0.7111111111111111
Mol_12584	4096	CNP0330600.6	0.7888888888888889
Mol_12587	4096	CNP0226405.8	0.6666666666666666
Mol_11714	4096	CNP0316899.2	0.8205128205128205
Mol_05162	4096	CNP0199379.2	1.0
Mol_11844	4096	CNP0357320.1	0.7681159420289855
Mol_12336	4096	CNP0234846.3	0.8235294117647058
Mol_11728	4096	CNP0316899.2	0.8205128205128205
Mol_11966	4096	CNP0316899.2	0.8205128205128205
Mol_16271	4096	CNP0024337.1	0.3692307692307692
Mol_07511	4096	CNP0151827.2	0.3783783783783784
Mol_16573	4096	CNP0051930.0	0.4761904761904761
Mol_11291	4096	CNP0221890.0	0.6911764705882353
Mol_14121	4096	CNP0588582.0	0.78125
Mol_00430	4096	CNP0253792.4	0.8245614035087719
Mol_00725	4096	CNP0253792.4	0.8245614035087719
Mol_11896	4096	CNP0459620.0	0.7021276595744681
Mol_07773	4096	CNP0149048.1	0.6136363636363636
Mol_00226	4096	CNP0118345.0	0.3684210526315789
Mol_16291	4096	CNP0265390.0	0.6206896551724138
Mol_16152	4096	CNP0381965.0	0.7142857142857143
Mol_14624	4096	CNP0298751.0	0.3541666666666667
Mol_16426	4096	CNP0137192.5	0.7894736842105263
Mol_01833	4096	CNP0086431.0	0.3939393939393939
Mol_02051	4096	CNP0312492.0	0.5909090909090909
Mol_05011	4096	CNP0228005.0	0.5208333333333334
Mol_10530	4096	CNP0066634.2	0.7073170731707317
Mol_14363	4096	CNP0066634.2	0.7073170731707317
Mol_16907	4096	CNP0212792.3	0.8103448275862069
Mol_11967	4096	CNP0316899.2	0.8205128205128205
Mol_12052	4096	CNP0316899.2	0.8205128205128205
Mol_12969	4096	CNP0297311.2	0.6363636363636364
Mol_02299	4096	CNP0357320.1	0.647887323943662
Mol_10897	4096	CNP0126645.0	0.2318840579710145
Mol_00200	4096	CNP0216219.1	0.4545454545454545
Mol_18467	4096	CNP0230652.4	0.5263157894736842
Mol_10638	4096	CNP0417309.1	0.4166666666666667
Mol_02711	4096	CNP0410395.0	0.5555555555555556
Mol_05179	4096	CNP0023118.0	0.5882352941176471
Mol_07772	4096	CNP0150194.0	0.5853658536585366
Mol_15747	4096	CNP0214652.6	0.5747126436781609
Mol_15887	4096	CNP0077682.1	0.4794520547945205
Mol_01387	4096	CNP0252008.2	0.6170212765957447
Mol_07627	4096	CNP0179929.5	0.8421052631578947
Mol_02157	4096	CNP0145945.0	0.4047619047619047
Mol_13779	4096	CNP0182622.1	0.6111111111111112
Mol_13112	4096	CNP0356358.3	0.8153846153846154
Mol_12918	4096	CNP0242518.1	0.7424242424242424
Mol_10383	4096	CNP0108191.1	0.78125
Mol_10878	4096	CNP0108191.1	0.78125
Mol_13111	4096	CNP0108191.1	0.78125
Mol_18551	4096	CNP0108191.1	0.78125
Mol_01082	4096	CNP0118808.7	0.5897435897435898
Mol_12974	4096	CNP0284771.1	0.7538461538461538
Mol_08748	4096	CNP0164444.1	0.5376344086021505
Mol_11611	4096	CNP0278611.1	0.5135135135135135
Mol_12977	4096	CNP0299068.2	0.7536231884057971
Mol_13780	4096	CNP0242518.1	0.7424242424242424
Mol_13027	4096	CNP0192970.3	0.8153846153846154
Mol_03260	4096	CNP0335169.3	0.7872340425531915
Mol_06970	4096	CNP0303966.2	0.6578947368421053
Mol_05436	4096	CNP0113185.3	0.3571428571428571
Mol_11569	4096	CNP0514849.0	0.4927536231884058
Mol_15752	4096	CNP0241548.4	0.5384615384615384
Mol_14607	4096	CNP0104454.2	0.4810126582278481
Mol_16310	4096	CNP0304715.4	0.5178571428571429
Mol_00347	4096	CNP0002426.0	0.7068965517241379
Mol_05386	4096	CNP0236765.7	0.7
Mol_01386	4096	CNP0273140.1	0.6265060240963856
Mol_14094	4096	CNP0294224.0	1.0
Mol_07977	4096	CNP0195751.4	0.6304347826086957
Mol_19295	4096	CNP0367708.0	1.0
Mol_13432	4096	CNP0003601.1	0.5595238095238095
Mol_01317	4096	CNP0215291.1	0.7647058823529411
Mol_01345	4096	CNP0273414.1	0.7936507936507936
Mol_02485	4096	CNP0255916.1	0.6285714285714286
Mol_14062	4096	CNP0304715.4	0.5869565217391305
Mol_13707	4096	CNP0288865.4	0.8307692307692308
Mol_01389	4096	CNP0273140.1	0.6265060240963856
Mol_15634	4096	CNP0121840.1	0.75
Mol_00671	4096	CNP0271735.2	0.5370370370370371
Mol_04279	4096	CNP0264773.1	0.5076923076923077
Mol_08728	4096	CNP0200688.1	0.6984126984126984
Mol_18629	4096	CNP0263925.1	0.4821428571428571
Mol_18586	4096	CNP0191372.3	0.609375
Mol_08931	4096	CNP0184194.2	0.6301369863013698
Mol_00283	4096	CNP0339869.1	0.84375
Mol_12416	4096	CNP0225367.2	0.5942028985507246
Mol_13594	4096	CNP0113952.1	0.5319148936170213
Mol_18622	4096	CNP0379747.3	0.5625
Mol_16459	4096	CNP0205193.2	0.6078431372549019
Mol_19092	4096	CNP0273146.2	0.5918367346938775
Mol_07770	4096	CNP0177389.1	0.6491228070175439
Mol_02793	4096	CNP0263925.1	0.5
Mol_12425	4096	CNP0205151.2	0.4385964912280701
Mol_00801	4096	CNP0289569.0	0.6875
Mol_03587	4096	CNP0356490.0	0.5625
Mol_16782	4096	CNP0564004.1	0.4519230769230769
Mol_13516	4096	CNP0181859.1	0.5238095238095238
Mol_14364	4096	CNP0336376.1	0.8205128205128205
Mol_16204	4096	CNP0165910.1	0.6875
Mol_16274	4096	CNP0124191.2	0.3387096774193548
Mol_13964	4096	CNP0300954.4	0.6571428571428571
Mol_13044	4096	CNP0232164.1	0.8035714285714286
Mol_08447	4096	CNP0167739.3	0.7866666666666666
Mol_15195	4096	CNP0290576.2	0.9387755102040816
Mol_11619	4096	CNP0278611.1	0.5135135135135135
Mol_02944	4096	CNP0433941.1	0.4752475247524752
Mol_05299	4096	CNP0359984.2	0.9130434782608696
Mol_01388	4096	CNP0590236.2	0.5375
Mol_10768	4096	CNP0154743.0	0.6
Mol_07485	4096	CNP0332030.1	0.3823529411764705
Mol_01248	4096	CNP0260597.3	0.8275862068965517
Mol_14643	4096	CNP0208938.2	0.7578947368421053
Mol_04591	4096	CNP0327783.1	0.8795180722891566
Mol_14641	4096	CNP0208938.2	0.8369565217391305
Mol_13925	4096	CNP0366317.1	0.945945945945946
Mol_01758	4096	CNP0320702.8	0.7183098591549296
Mol_16449	4096	CNP0258318.1	0.875
Mol_15247	4096	CNP0366317.1	0.945945945945946
Mol_14314	4096	CNP0294797.1	0.8181818181818182
Mol_11174	4096	CNP0244686.2	0.631578947368421
Mol_14636	4096	CNP0203918.9	0.8125
Mol_13788	4096	CNP0322741.3	0.868421052631579
Mol_15871	4096	CNP0359984.2	0.9130434782608696
Mol_04010	4096	CNP0301886.3	0.8923076923076924
Mol_14912	4096	CNP0223077.10	0.7362637362637363
Mol_10445	4096	CNP0414895.8	0.4326923076923077
Mol_16444	4096	CNP0377399.1	0.5096153846153846
Mol_14642	4096	CNP0203918.9	0.8125
Mol_09131	4096	CNP0288440.0	0.5
Mol_01493	4096	CNP0289569.0	0.7419354838709677
Mol_05010	4096	CNP0512988.0	0.54
Mol_14401	4096	CNP0228005.0	0.7272727272727273
Mol_08306	4096	CNP0000234.0	0.4
Mol_13441	4096	CNP0344114.1	0.3846153846153846
Mol_15397	4096	CNP0307816.1	0.6461538461538462
Mol_01413	4096	CNP0108800.2	0.7083333333333334
Mol_03997	4096	CNP0257748.1	0.573170731707317
Mol_14191	4096	CNP0285882.0	0.4545454545454545
Mol_15139	4096	CNP0145621.0	0.6078431372549019
Mol_15506	4096	CNP0168290.1	0.7884615384615384
Mol_03269	4096	CNP0339179.1	0.673469387755102
Mol_13517	4096	CNP0560192.1	0.5846153846153846
Mol_16284	4096	CNP0547545.1	0.5740740740740741
Mol_03186	4096	CNP0339869.1	0.84375
Mol_15158	4096	CNP0087183.4	0.875
Mol_01050	4096	CNP0289396.7	0.7096774193548387
Mol_00099	4096	CNP0432360.1	0.6857142857142857
Mol_15183	4096	CNP0304879.1	0.3454545454545454
Mol_19370	4096	CNP0225604.1	0.5535714285714286
Mol_13477	4096	CNP0322900.2	0.3529411764705882
Mol_00950	4096	CNP0152857.0	0.7142857142857143
Mol_04686	4096	CNP0188679.1	0.8863636363636364
Mol_02307	4096	CNP0327680.1	0.4339622641509434
Mol_04168	4096	CNP0105731.0	0.6666666666666666
Mol_01548	4096	CNP0275891.4	0.5
Mol_04864	4096	CNP0131389.2	0.3902439024390244
Mol_11623	4096	CNP0109775.0	0.375
Mol_00222	4096	CNP0253749.1	0.5
Mol_12351	4096	CNP0195196.0	0.6458333333333334
Mol_04989	4096	CNP0370616.1	0.6739130434782609
Mol_08005	4096	CNP0474192.1	0.6153846153846154
Mol_01580	4096	CNP0283762.1	0.5161290322580645
Mol_16585	4096	CNP0414697.1	0.2978723404255319
Mol_15230	4096	CNP0224295.1	0.3513513513513513
Mol_14135	4096	CNP0100734.0	0.4761904761904761
Mol_01977	4096	CNP0342694.0	0.6129032258064516
Mol_11266	4096	CNP0306666.0	0.625
Mol_12871	4096	CNP0155279.0	0.3333333333333333
Mol_13403	4096	CNP0204867.0	0.5238095238095238
Mol_13567	4096	CNP0181320.1	0.5897435897435898
Mol_05082	4096	CNP0105837.0	0.6578947368421053
Mol_16343	4096	CNP0219460.2	0.5238095238095238
Mol_02165	4096	CNP0155044.1	0.6226415094339622
Mol_10096	4096	CNP0398234.1	0.717948717948718
Mol_10761	4096	CNP0239112.0	0.4772727272727273
Mol_05874	4096	CNP0590440.0	0.7352941176470589
Mol_16273	4096	CNP0275404.1	0.3768115942028985
Mol_01308	4096	CNP0515384.2	0.3666666666666666
Mol_03448	4096	CNP0296801.0	0.55
Mol_00787	4096	CNP0427623.1	0.2972972972972973
Mol_15242	4096	CNP0040372.4	0.5161290322580645
Mol_01346	4096	CNP0273414.1	0.7936507936507936
Mol_02182	4096	CNP0228132.0	0.5576923076923077
Mol_03928	4096	CNP0317477.1	0.7846153846153846
Mol_17067	4096	CNP0175322.0	0.4716981132075472
Mol_15310	4096	CNP0588816.1	0.5
Mol_13968	4096	CNP0272976.1	0.6571428571428571
Mol_00762	4096	CNP0113952.1	0.8888888888888888
Mol_09470	4096	CNP0313453.0	0.3928571428571428
Mol_15459	4096	CNP0300304.2	0.3861386138613861
Mol_15460	4096	CNP0555101.1	0.5
Mol_02981	4096	CNP0286963.1	0.8157894736842105
Mol_15635	4096	CNP0121840.1	0.6354166666666666
Mol_10559	4096	CNP0210254.1	0.4558823529411764
Mol_10518	4096	CNP0258371.2	1.0
Mol_09367	4096	CNP0223410.4	0.6666666666666666
Mol_15150	4096	CNP0171661.0	0.673469387755102
Mol_09063	4096	CNP0160243.3	0.6226415094339622
Mol_18584	4096	CNP0199185.1	0.7058823529411765
Mol_19091	4096	CNP0273146.2	0.5918367346938775
Mol_12297	4096	CNP0175542.4	0.6590909090909091
Mol_15514	4096	CNP0417688.1	0.6746031746031746
Mol_12462	4096	CNP0279565.1	0.7889908256880734
Mol_15628	4096	CNP0395374.1	0.8793103448275862
Mol_13606	4096	CNP0357320.1	0.7857142857142857
Mol_12339	4096	CNP0234846.3	0.8235294117647058
Mol_12330	4096	CNP0234846.3	0.7714285714285715
Mol_02488	4096	CNP0287363.1	0.7301587301587301
Mol_13531	4096	CNP0216219.1	0.6271186440677966
Mol_03136	4096	CNP0294797.1	0.8392857142857143
Mol_02481	4096	CNP0280299.1	0.4642857142857143
Mol_00474	4096	CNP0357320.1	0.5641025641025641
Mol_11617	4096	CNP0387718.1	0.78125
Mol_11940	4096	CNP0367617.3	0.4929577464788732
Mol_15954	4096	CNP0149315.6	0.5531914893617021
Mol_10544	4096	CNP0588582.0	0.65
Mol_01052	4096	CNP0230502.5	0.8360655737704918
Mol_13519	4096	CNP0202781.2	0.5138888888888888
Mol_04706	4096	CNP0202781.2	0.6029411764705882
Mol_16537	4096	CNP0201876.1	0.7906976744186046
Mol_15593	4096	CNP0076319.0	1.0
Mol_15594	4096	CNP0163728.0	0.9629629629629628
Mol_07784	4096	CNP0076319.0	1.0
Mol_04476	4096	CNP0320365.0	0.9615384615384616
Mol_04477	4096	CNP0102028.1	0.5675675675675675
Mol_14257	4096	CNP0248891.1	0.5675675675675675
Mol_02651	4096	CNP0328141.1	0.7032967032967034
Mol_13631	4096	CNP0139662.1	0.7476635514018691
Mol_01306	4096	CNP0282427.3	0.7377049180327869
Mol_07027	4096	CNP0253792.4	0.8245614035087719
Mol_09095	4096	CNP0253792.4	0.8245614035087719
Mol_07726	4096	CNP0222390.1	0.7121212121212122
Mol_02331	4096	CNP0383225.2	0.6527777777777778
Mol_13841	4096	CNP0297648.2	0.8666666666666667
Mol_08240	4096	CNP0262803.0	0.5757575757575758
Mol_04931	4096	CNP0292478.5	0.391304347826087
Mol_04932	4096	CNP0169154.3	0.6
Mol_02175	4096	CNP0427804.0	0.5666666666666667
Mol_12087	4096	CNP0282427.3	0.7377049180327869
Mol_09132	4096	CNP0150124.0	0.4878048780487805
Mol_10686	4096	CNP0223474.1	0.8709677419354839
Mol_11152	4096	CNP0205359.0	0.5869565217391305
Mol_02679	4096	CNP0559243.1	0.2959183673469387
Mol_11545	4096	CNP0168889.1	0.625
Mol_00026	4096	CNP0259773.1	1.0
Mol_11069	4096	CNP0281727.2	0.5875
Mol_14644	4096	CNP0424688.2	0.7604166666666666
Mol_15197	4096	CNP0192759.2	0.8157894736842105
Mol_11576	4096	CNP0514849.0	0.5454545454545454
Mol_16735	4096	CNP0316706.1	0.8823529411764706
Mol_10722	4096	CNP0128069.1	0.7258064516129032
Mol_08324	4096	CNP0287224.1	0.6956521739130435
Mol_16276	4096	CNP0291246.0	0.7045454545454546
Mol_14192	4096	CNP0221961.0	0.5588235294117647
Mol_09518	4096	CNP0139202.0	0.5
Mol_16277	4096	CNP0291246.0	0.4423076923076923
Mol_11175	4096	CNP0244686.2	0.631578947368421
Mol_15611	4096	CNP0081628.0	0.5
Mol_01247	4096	CNP0225927.2	1.0
Mol_10920	4096	CNP0258371.2	1.0
Mol_03571	4096	CNP0113952.1	0.6888888888888889
Mol_13816	4096	CNP0214531.1	0.7027027027027027
Mol_01344	4096	CNP0547264.2	0.8983050847457628
Mol_13462	4096	CNP0113952.1	0.5833333333333334
Mol_15423	4096	CNP0113952.1	0.5833333333333334
Mol_02778	4096	CNP0254848.0	0.6590909090909091
Mol_04869	4096	CNP0286093.3	0.4761904761904761
Mol_02780	4096	CNP0254848.0	0.54
Mol_14468	4096	CNP0507986.2	0.5510204081632653
Mol_16861	4096	CNP0292467.0	0.5869565217391305
Mol_16880	4096	CNP0250557.2	0.6739130434782609
Mol_13948	4096	CNP0102860.1	0.7391304347826086
Mol_16539	4096	CNP0342155.2	0.5172413793103449
Mol_13946	4096	CNP0102860.1	0.6470588235294118
Mol_16810	4096	CNP0236355.1	0.4821428571428571
Mol_04124	4096	CNP0159514.0	0.5625
Mol_04687	4096	CNP0316718.1	0.8636363636363636
Mol_04219	4096	CNP0250557.2	0.58
Mol_07287	4096	CNP0387718.1	0.5081967213114754
Mol_18032	4096	CNP0102860.1	0.6470588235294118
Mol_11173	4096	CNP0206320.3	0.4629629629629629
Mol_08541	4096	CNP0209288.2	0.7878787878787878
Mol_04517	4096	CNP0267376.1	1.0
Mol_12792	4096	CNP0267376.1	1.0
Mol_14923	4096	CNP0401495.2	0.8615384615384616
Mol_16757	4096	CNP0337459.0	0.66
Mol_15695	4096	CNP0318561.2	0.74
Mol_12064	4096	CNP0490917.0	0.7363636363636363
Mol_00075	4096	CNP0189776.1	0.7017543859649122
Mol_10573	4096	CNP0281761.2	0.8484848484848485
Mol_14032	4096	CNP0156159.1	0.7363636363636363
Mol_19550	4096	CNP0267376.1	1.0
Mol_03137	4096	CNP0294797.1	0.5555555555555556
Mol_13597	4096	CNP0201386.1	0.5606060606060606
Mol_14412	4096	CNP0155802.1	0.62
Mol_12953	4096	CNP0282427.3	0.7377049180327869
Mol_15103	4096	CNP0249276.4	0.855072463768116
Mol_12099	4096	CNP0165165.1	0.5901639344262295
Mol_13310	4096	CNP0123807.3	0.5675675675675675
Mol_11616	4096	CNP0387718.1	0.5081967213114754
Mol_10724	4096	CNP0120046.0	0.5526315789473685
Mol_14372	4096	CNP0230502.5	0.8360655737704918
Mol_16278	4096	CNP0291246.0	0.4423076923076923
Mol_13177	4096	CNP0216257.3	0.6415094339622641
Mol_05198	4096	CNP0138404.1	0.776595744680851
Mol_05201	4096	CNP0136882.1	0.8279569892473119
Mol_16492	4096	CNP0330600.6	0.8387096774193549
Mol_14878	4096	CNP0571194.1	0.618421052631579
Mol_07274	4096	CNP0236159.3	0.4705882352941176
Mol_13808	4096	CNP0374344.2	0.6029411764705882
Mol_14374	4096	CNP0289396.7	0.7096774193548387
Mol_00199	4096	CNP0216219.1	0.5833333333333334
Mol_10280	4096	CNP0229753.1	0.2894736842105263
Mol_14997	4096	CNP0337749.2	0.8076923076923077
Mol_00220	4096	CNP0253749.1	0.6721311475409836
Mol_15972	4096	CNP0300503.2	0.8490566037735849
Mol_14999	4096	CNP0269497.5	0.6166666666666667
Mol_07248	4096	CNP0126079.0	0.5072463768115942
Mol_11513	4096	CNP0154384.0	0.3448275862068966
Mol_13557	4096	CNP0300503.2	0.7894736842105263
Mol_11841	4096	CNP0492344.0	0.6846846846846847
Mol_04940	4096	CNP0422889.1	0.4166666666666667
Mol_01921	4096	CNP0153533.1	0.5227272727272727
Mol_18094	4096	CNP0156851.1	0.6
Mol_12943	4096	CNP0279593.0	1.0
Mol_17023	4096	CNP0377942.0	0.7666666666666667
Mol_07317	4096	CNP0241820.0	0.4761904761904761
Mol_03712	4096	CNP0578230.0	0.2777777777777778
Mol_00752	4096	CNP0299068.2	0.7164179104477612
Mol_08806	4096	CNP0124719.0	0.4126984126984127
Mol_16923	4096	CNP0250091.0	0.8484848484848485
Mol_03381	4096	CNP0134827.2	0.4722222222222222
Mol_00554	4096	CNP0161788.2	0.5818181818181818
Mol_14663	4096	CNP0182329.0	0.4677419354838709
Mol_02420	4096	CNP0113952.1	0.8888888888888888
Mol_13595	4096	CNP0113952.1	0.8888888888888888
Mol_14662	4096	CNP0182329.0	0.5882352941176471
Mol_16512	4096	CNP0391838.0	0.6888888888888889
Mol_02549	4096	CNP0018090.0	0.3953488372093023
Mol_03572	4096	CNP0379747.3	0.8536585365853658
Mol_00472	4096	CNP0357320.1	0.7164179104477612
Mol_08998	4096	CNP0204867.0	0.5116279069767442
Mol_11119	4096	CNP0350172.0	0.5862068965517241
Mol_04102	4096	CNP0148860.0	0.4561403508771929
Mol_14152	4096	CNP0358001.1	0.5952380952380952
Mol_00356	4096	CNP0242534.1	0.782608695652174
Mol_09333	4096	CNP0189490.2	0.673469387755102
Mol_15319	4096	CNP0291562.1	0.5614035087719298
Mol_12465	4096	CNP0324390.0	0.6060606060606061
Mol_14526	4096	CNP0179846.0	0.5555555555555556
Mol_16285	4096	CNP0547545.1	0.3793103448275862
Mol_12294	4096	CNP0216388.2	0.5945945945945946
Mol_10779	4096	CNP0161577.3	0.6744186046511628
Mol_19095	4096	CNP0102677.1	0.6415094339622641
Mol_16182	4096	CNP0291100.1	0.5660377358490566
Mol_14600	4096	CNP0263059.2	0.46875
Mol_13827	4096	CNP0329789.1	0.7368421052631579
Mol_04988	4096	CNP0228005.0	0.6222222222222222
Mol_02720	4096	CNP0184386.1	0.3142857142857143
Mol_15955	4096	CNP0230502.5	0.8360655737704918
Mol_11473	4096	CNP0358116.0	0.82
Mol_16732	4096	CNP0316706.1	0.55
Mol_05262	4096	CNP0196244.1	1.0
Mol_16613	4096	CNP0503578.0	0.3111111111111111
Mol_04127	4096	CNP0340931.1	0.6666666666666666
Mol_00788	4096	CNP0342617.1	0.2571428571428571
Mol_01973	4096	CNP0361805.1	0.3846153846153846
Mol_15603	4096	CNP0271595.0	0.4705882352941176
Mol_07439	4096	CNP0118012.0	0.4230769230769231
Mol_10771	4096	CNP0179846.0	0.5588235294117647
Mol_03711	4096	CNP0154248.0	0.3809523809523809
Mol_02690	4096	CNP0192941.1	0.6938775510204082
Mol_11763	4096	CNP0260228.0	0.7096774193548387
Mol_01347	4096	CNP0547264.2	0.696969696969697
Mol_02177	4096	CNP0435517.0	0.3584905660377358
Mol_16746	4096	CNP0322181.2	0.3076923076923077
Mol_02043	4096	CNP0432775.0	0.5102040816326531
Mol_13018	4096	CNP0292524.2	0.3928571428571428
Mol_10893	4096	CNP0542102.0	0.3114754098360656
Mol_00255	4096	CNP0119899.0	0.58
Mol_08216	4096	CNP0299311.0	0.5555555555555556
Mol_14852	4096	CNP0354848.0	0.5076923076923077
Mol_01383	4096	CNP0273140.1	0.7368421052631579
Mol_16781	4096	CNP0564004.1	0.5
Mol_03954	4096	CNP0119383.1	0.5147058823529411
Mol_08192	4096	CNP0177110.1	0.5277777777777778
Mol_14147	4096	CNP0306868.0	0.4210526315789473
Mol_14874	4096	CNP0260399.2	0.72
Mol_19217	4096	CNP0320365.0	0.9615384615384616
Mol_14184	4096	CNP0148505.1	0.5641025641025641
Mol_00061	4096	CNP0105388.0	0.5
Mol_02590	4096	CNP0070954.0	0.6451612903225806
Mol_09069	4096	CNP0422948.0	0.4230769230769231
Mol_16281	4096	CNP0547545.1	0.5625
Mol_00754	4096	CNP0420306.5	0.8392857142857143
Mol_07513	4096	CNP0217869.3	0.4929577464788732
Mol_07571	4096	CNP0110529.1	0.425
Mol_19094	4096	CNP0258161.1	0.5535714285714286
Mol_11673	4096	CNP0376410.4	0.4489795918367347
Mol_07521	4096	CNP0189174.1	0.3870967741935484
Mol_04954	4096	CNP0249777.3	0.7083333333333334
Mol_02914	4096	CNP0395374.1	0.9444444444444444
Mol_03264	4096	CNP0172396.1	0.6862745098039216
Mol_03266	4096	CNP0172396.1	0.6862745098039216
Mol_00033	4096	CNP0184996.1	0.5483870967741935
Mol_15260	4096	CNP0085861.0	0.2833333333333333
Mol_07515	4096	CNP0217869.3	0.5223880597014925
Mol_07518	4096	CNP0297274.1	0.6285714285714286
Mol_12263	4096	CNP0258161.1	0.5925925925925926
Mol_06188	4096	CNP0196244.1	1.0
Mol_14187	4096	CNP0528196.0	0.5555555555555556
Mol_04474	4096	CNP0196244.1	0.7931034482758621
Mol_19264	4096	CNP0244003.0	0.625
Mol_05230	4096	CNP0173106.0	0.7083333333333334
Mol_07403	4096	CNP0196244.1	1.0
Mol_16402	4096	CNP0173129.1	0.5531914893617021
Mol_08415	4096	CNP0313204.2	0.7916666666666666
Mol_01318	4096	CNP0242534.1	0.6923076923076923
Mol_11364	4096	CNP0161577.3	0.6744186046511628
Mol_01396	4096	CNP0368307.1	0.8135593220338984
Mol_09448	4096	CNP0260837.8	0.5660377358490566
Mol_03227	4096	CNP0236566.1	0.5531914893617021
Mol_00634	4096	CNP0171715.2	0.7614678899082569
Mol_15037	4096	CNP0263925.1	0.5
Mol_18466	4096	CNP0155802.1	0.62
Mol_05101	4096	CNP0247484.1	0.6428571428571429
Mol_08703	4096	CNP0189142.2	0.4074074074074074
Mol_00027	4096	CNP0289982.5	0.6666666666666666
Mol_07560	4096	CNP0414697.1	0.5
Mol_15021	4096	CNP0270385.1	0.2631578947368421
Mol_06169	4096	CNP0578230.0	0.3703703703703703
Mol_14122	4096	CNP0076319.0	0.9655172413793104
Mol_00973	4096	CNP0297274.1	0.7727272727272727
Mol_18975	4096	CNP0424030.1	0.5362318840579711
Mol_03898	4096	CNP0129819.0	0.5957446808510638
Mol_16306	4096	CNP0136309.0	0.6170212765957447
Mol_16308	4096	CNP0136309.0	0.6744186046511628
Mol_18415	4096	CNP0210431.2	0.4918032786885246
Mol_18740	4096	CNP0207362.1	0.5915492957746479
Mol_01340	4096	CNP0421571.5	0.7727272727272727
Mol_16754	4096	CNP0214996.2	0.6949152542372882
Mol_18744	4096	CNP0207362.1	0.5915492957746479
Mol_14439	4096	CNP0347793.0	0.59375
Mol_13506	4096	CNP0236268.2	0.782051282051282
Mol_04288	4096	CNP0178132.0	0.6388888888888888
Mol_00593	4096	CNP0175105.3	0.7721518987341772
Mol_00948	4096	CNP0108925.0	0.7567567567567568
Mol_11863	4096	CNP0382038.2	0.4693877551020408
Mol_09097	4096	CNP0331858.0	0.453125
Mol_00190	4096	CNP0431684.0	0.6216216216216216
Mol_02557	4096	CNP0265390.0	0.95
Mol_03609	4096	CNP0286890.0	0.5714285714285714
Mol_01458	4096	CNP0137490.0	0.639344262295082
Mol_16347	4096	CNP0242308.2	0.4117647058823529
Mol_15287	4096	CNP0379264.1	0.2972972972972973
Mol_07431	4096	CNP0283407.0	0.8333333333333334
Mol_16264	4096	CNP0208911.2	0.4897959183673469
Mol_15134	4096	CNP0269497.5	0.6166666666666667
Mol_00233	4096	CNP0327677.3	0.5538461538461539
Mol_02850	4096	CNP0184759.1	0.6666666666666666
Mol_08156	4096	CNP0303906.2	0.6212121212121212
Mol_10287	4096	CNP0272455.7	0.375
Mol_10278	4096	CNP0257240.1	0.3636363636363636
Mol_11082	4096	CNP0267324.1	0.6078431372549019
Mol_11084	4096	CNP0249059.0	0.6037735849056604
Mol_15491	4096	CNP0223410.4	0.490566037735849
Mol_02805	4096	CNP0494010.1	0.6938775510204082
Mol_01336	4096	CNP0367669.2	0.5853658536585366
Mol_00590	4096	CNP0138716.1	0.6363636363636364
Mol_11671	4096	CNP0118504.0	1.0
Mol_08390	4096	CNP0131248.0	0.5689655172413793
Mol_17022	4096	CNP0377942.0	0.7666666666666667
Mol_05187	4096	CNP0225742.0	0.7333333333333333
Mol_04128	4096	CNP0340931.1	0.4523809523809524
Mol_16722	4096	CNP0164607.0	0.6296296296296297
Mol_01445	4096	CNP0236854.3	0.6461538461538462
Mol_15880	4096	CNP0300258.2	0.5365853658536586
Mol_12468	4096	CNP0361937.1	0.9
Mol_12024	4096	CNP0350172.0	0.5416666666666666
Mol_14934	4096	CNP0153852.1	0.8431372549019608
Mol_19247	4096	CNP0105837.0	0.4772727272727273
Mol_07284	4096	CNP0425444.1	0.4473684210526316
Mol_09076	4096	CNP0418152.1	0.4468085106382978
Mol_07751	4096	CNP0180031.1	0.4642857142857143
Mol_10273	4096	CNP0146077.1	0.4561403508771929
Mol_10177	4096	CNP0018066.0	0.4871794871794871
Mol_08207	4096	CNP0299311.0	0.6274509803921569
Mol_16226	4096	CNP0105109.0	0.6590909090909091
Mol_14193	4096	CNP0191446.0	0.6086956521739131
Mol_09372	4096	CNP0294287.2	0.6779661016949152
Mol_00598	4096	CNP0236268.2	0.4947368421052631
Mol_00227	4096	CNP0253749.1	0.6721311475409836
Mol_00265	4096	CNP0253749.1	0.6721311475409836
Mol_15973	4096	CNP0294797.1	0.8392857142857143
Mol_15961	4096	CNP0387028.3	0.5274725274725275
Mol_15855	4096	CNP0244750.9	0.7
Mol_15159	4096	CNP0150472.4	0.6515151515151515
Mol_15962	4096	CNP0387028.3	0.5274725274725275
Mol_10369	4096	CNP0001486.0	0.5342465753424658
Mol_15963	4096	CNP0387028.3	0.5274725274725275
Mol_00018	4096	CNP0172941.1	0.913793103448276
Mol_01101	4096	CNP0352545.2	0.6774193548387096
Mol_15172	4096	CNP0184996.1	0.8085106382978723
Mol_13821	4096	CNP0199211.1	0.8085106382978723
Mol_18574	4096	CNP0184996.1	0.72
Mol_13345	4096	CNP0134780.1	0.3376623376623376
Mol_00753	4096	CNP0506348.1	0.8490566037735849
Mol_07707	4096	CNP0291265.5	0.8360655737704918
Mol_13404	4096	CNP0253360.0	0.6052631578947368
Mol_08250	4096	CNP0417287.1	0.5428571428571428
Mol_08999	4096	CNP0311899.0	0.6481481481481481
Mol_08198	4096	CNP0318843.1	0.7719298245614035
Mol_11833	4096	CNP0529471.3	0.7272727272727273
Mol_10368	4096	CNP0243746.48	0.5
Mol_16928	4096	CNP0423273.0	0.5
Mol_01088	4096	CNP0303415.2	0.5396825396825397
Mol_14395	4096	CNP0250549.2	0.375
Mol_04700	4096	CNP0595263.1	0.5294117647058824
Mol_09763	4096	CNP0235125.1	0.4117647058823529
Mol_00198	4096	CNP0287772.5	0.6896551724137931
Mol_17013	4096	CNP0151370.2	0.4307692307692308
Mol_16973	4096	CNP0248195.1	0.6333333333333333
Mol_09071	4096	CNP0136396.1	0.5777777777777777
Mol_00038	4096	CNP0184996.1	0.7636363636363637
Mol_08783	4096	CNP0223790.3	0.6666666666666666
Mol_09622	4096	CNP0314760.2	0.64
Mol_16282	4096	CNP0547545.1	0.5625
Mol_08302	4096	CNP0331858.0	0.4366197183098591
Mol_04735	4096	CNP0292178.3	0.5909090909090909
Mol_03490	4096	CNP0522612.0	0.7
Mol_09499	4096	CNP0252884.1	0.6346153846153846
Mol_10525	4096	CNP0522612.0	0.7
Mol_14539	4096	CNP0560337.1	0.7230769230769231
Mol_13537	4096	CNP0180618.1	0.352112676056338
Mol_09157	4096	CNP0212726.0	0.5294117647058824
Mol_00182	4096	CNP0117601.1	0.64
Mol_01918	4096	CNP0376810.3	0.3
Mol_15694	4096	CNP0424365.1	0.6170212765957447
Mol_09062	4096	CNP0251590.2	0.6153846153846154
Mol_16311	4096	CNP0304715.4	0.417910447761194
Mol_02664	4096	CNP0328141.1	0.7528089887640449
Mol_19093	4096	CNP0231020.1	0.6296296296296297
Mol_04943	4096	CNP0317141.1	0.3888888888888889
Mol_08349	4096	CNP0245960.2	0.6885245901639344
Mol_00243	4096	CNP0181859.1	0.5
Mol_09628	4096	CNP0209502.1	0.5671641791044776
Mol_04306	4096	CNP0308937.1	0.6323529411764706
Mol_04558	4096	CNP0262399.4	0.6818181818181818
Mol_04245	4096	CNP0308937.1	0.6417910447761194
Mol_11555	4096	CNP0215230.0	0.4406779661016949
Mol_09162	4096	CNP0121965.2	0.4615384615384615
Mol_18137	4096	CNP0173106.0	0.75
Mol_07923	4096	CNP0154379.0	0.64
Mol_15612	4096	CNP0311821.2	0.4035087719298245
Mol_04841	4096	CNP0126394.0	1.0
Mol_12921	4096	CNP0312105.2	0.7142857142857143
Mol_12907	4096	CNP0178570.3	0.7325581395348837
Mol_18969	4096	CNP0483275.1	0.671875
Mol_05065	4096	CNP0280093.1	0.6363636363636364
Mol_14687	4096	CNP0266045.3	0.7142857142857143
Mol_18179	4096	CNP0278457.1	0.2692307692307692
Mol_07444	4096	CNP0275891.4	0.5
Mol_14571	4096	CNP0333329.1	0.7222222222222222
Mol_04261	4096	CNP0270104.1	0.5106382978723404
Mol_00241	4096	CNP0216219.1	0.6607142857142857
Mol_10332	4096	CNP0109444.2	0.4482758620689655
Mol_16195	4096	CNP0307091.1	0.625
Mol_15768	4096	CNP0130094.2	0.94
Mol_01459	4096	CNP0137490.0	0.639344262295082
Mol_16123	4096	CNP0295674.1	0.4754098360655737
Mol_16135	4096	CNP0299023.3	0.7833333333333333
Mol_09446	4096	CNP0260837.8	0.7954545454545454
Mol_14647	4096	CNP0102908.3	0.9166666666666666
Mol_14646	4096	CNP0102908.3	0.8958333333333334
Mol_07679	4096	CNP0149260.2	0.6349206349206349
Mol_08173	4096	CNP0241928.2	0.4864864864864865
Mol_01349	4096	CNP0177266.4	0.8076923076923077
Mol_08177	4096	CNP0241928.2	0.5352112676056338
Mol_08178	4096	CNP0149260.2	0.5625
Mol_13156	4096	CNP0220778.2	0.3636363636363636
Mol_07712	4096	CNP0291265.5	0.8360655737704918
Mol_07713	4096	CNP0291265.5	0.8360655737704918
Mol_14456	4096	CNP0337274.1	0.7580645161290323
Mol_12527	4096	CNP0312105.2	0.7
Mol_02542	4096	CNP0262307.2	0.6226415094339622
Mol_18973	4096	CNP0371357.1	0.6029411764705882
Mol_00391	4096	CNP0137384.7	0.5454545454545454
Mol_12039	4096	CNP0196473.4	0.8714285714285714
Mol_01534	4096	CNP0232164.1	0.7413793103448276
Mol_00979	4096	CNP0120227.1	0.5434782608695652
Mol_05969	4096	CNP0261757.7	0.6730769230769231
Mol_05970	4096	CNP0156245.1	0.7037037037037037
Mol_05414	4096	CNP0224011.0	0.7
Mol_04955	4096	CNP0533378.1	0.7142857142857143
Mol_05816	4096	CNP0327012.1	0.375
Mol_03385	4096	CNP0118118.1	0.5625
Mol_03669	4096	CNP0497311.1	0.2909090909090909
Mol_01150	4096	CNP0256079.1	0.6216216216216216
Mol_01165	4096	CNP0153533.1	0.5813953488372093
Mol_08670	4096	CNP0086983.0	0.3777777777777777
Mol_13466	4096	CNP0286434.1	0.4285714285714285
Mol_15019	4096	CNP0326549.1	0.2786885245901639
Mol_15020	4096	CNP0111802.1	0.2631578947368421
Mol_15017	4096	CNP0326549.1	0.2666666666666666
Mol_00244	4096	CNP0181859.1	0.5
Mol_00856	4096	CNP0138053.2	0.6086956521739131
Mol_11557	4096	CNP0215230.0	0.4406779661016949
Mol_07674	4096	CNP0300771.1	0.6862745098039216
Mol_11764	4096	CNP0528849.1	0.6545454545454545
Mol_00808	4096	CNP0258204.6	0.8666666666666667
Mol_15964	4096	CNP0387028.3	0.5274725274725275
Mol_15686	4096	CNP0261357.2	0.8717948717948718
Mol_15546	4096	CNP0158806.1	0.7058823529411765
Mol_07675	4096	CNP0149260.2	0.7142857142857143
Mol_16381	4096	CNP0164258.3	0.4347826086956521
Mol_01981	4096	CNP0349436.1	0.6666666666666666
Mol_08006	4096	CNP0197662.2	0.5818181818181818
Mol_08687	4096	CNP0132201.2	0.6557377049180327
Mol_01544	4096	CNP0144409.1	0.4705882352941176
Mol_15250	4096	CNP0242450.1	0.6666666666666666
Mol_00807	4096	CNP0259773.1	0.8163265306122449
Mol_01010	4096	CNP0294434.1	0.3623188405797101
Mol_06728	4096	CNP0178884.4	0.3962264150943396
Mol_05967	4096	CNP0165501.1	0.365079365079365
Mol_02913	4096	CNP0429498.2	0.4931506849315068
Mol_13494	4096	CNP0273576.3	0.8490566037735849
Mol_14371	4096	CNP0115532.8	0.7735849056603774
Mol_10666	4096	CNP0546267.1	0.6428571428571429
Mol_02605	4096	CNP0166073.1	0.76
Mol_01919	4096	CNP0376526.3	0.3260869565217391
Mol_04600	4096	CNP0332751.1	0.4375
Mol_05805	4096	CNP0178884.4	0.4883720930232558
Mol_07396	4096	CNP0257122.2	0.6666666666666666
Mol_09795	4096	CNP0230987.1	0.3333333333333333
Mol_19163	4096	CNP0107866.0	0.5454545454545454
Mol_07662	4096	CNP0173106.0	0.7083333333333334
Mol_01546	4096	CNP0248160.0	1.0
Mol_18079	4096	CNP0196244.1	0.7931034482758621
Mol_06096	4096	CNP0605892.0	0.3333333333333333
Mol_12239	4096	CNP0357320.1	0.9830508474576272
Mol_01588	4096	CNP0264626.2	0.6153846153846154
Mol_05818	4096	CNP0327012.1	0.375
Mol_07691	4096	CNP0346846.6	0.7818181818181819
Mol_00626	4096	CNP0282552.10	0.5757575757575758
Mol_15948	4096	CNP0201031.5	0.8245614035087719
Mol_13987	4096	CNP0380649.1	0.7217391304347827
Mol_13988	4096	CNP0380649.1	0.7217391304347827
Mol_13990	4096	CNP0380649.1	0.7264957264957265
Mol_12922	4096	CNP0299068.2	0.7164179104477612
Mol_00809	4096	CNP0258204.6	0.8666666666666667
Mol_01103	4096	CNP0258204.6	0.8666666666666667
Mol_01104	4096	CNP0258204.6	0.8666666666666667
Mol_13213	4096	CNP0258204.6	0.8666666666666667
Mol_02668	4096	CNP0328141.1	0.7528089887640449
Mol_17016	4096	CNP0178570.3	0.7325581395348837
Mol_08934	4096	CNP0197030.2	0.8591549295774648
Mol_08933	4096	CNP0258848.2	0.9154929577464788
Mol_04461	4096	CNP0155274.1	0.8305084745762712
Mol_12503	4096	CNP0286963.1	0.51
Mol_11074	4096	CNP0395637.2	0.7976190476190477
Mol_13214	4096	CNP0258204.6	0.8666666666666667
Mol_10309	4096	CNP0264934.1	0.5057471264367817
Mol_04008	4096	CNP0301886.3	0.8484848484848485
