positive_id	control_id	distance_z
Mol_00013	Mol_03527	0.0948634952573659
Mol_00014	Mol_15713	0.1228308346802522
Mol_00017	Mol_02179	0.0892377195694181
Mol_00020	Mol_02292	0.0697360180059757
Mol_00029	Mol_05757	0.1183904536468784
Mol_00032	Mol_13729	0.0
Mol_00041	Mol_16129	0.143749809664419
Mol_00042	Mol_03380	0.073242300375009
Mol_00044	Mol_00505	0.0006739121979232
Mol_00049	Mol_01518	0.0509606593302904
Mol_00050	Mol_01672	0.0509606593302904
Mol_00051	Mol_01004	0.0312777756920714
Mol_00052	Mol_01691	0.0305429447102481
Mol_00053	Mol_00290	0.030892019972045
Mol_00054	Mol_11579	0.1338571157476629
Mol_00058	Mol_02534	0.4218141999341148
Mol_00059	Mol_16841	0.4236483136034951
Mol_00080	Mol_06411	0.115857242031793
Mol_00081	Mol_03480	0.112540073762263
Mol_00082	Mol_01681	0.1410504978930495
Mol_00083	Mol_02030	0.0757567667408317
Mol_00084	Mol_05378	0.0393732129124514
Mol_00085	Mol_01929	0.0393732129124517
Mol_00086	Mol_05267	0.1310183629567095
Mol_00087	Mol_02178	0.2217470116656788
Mol_00088	Mol_04486	0.0443579173146595
Mol_00090	Mol_05561	0.1217731339179711
Mol_00091	Mol_05358	0.2214999635699991
Mol_00094	Mol_05175	0.1483238333202433
Mol_00095	Mol_01679	0.0393732129124516
Mol_00096	Mol_01678	0.0987498579515481
Mol_00097	Mol_07016	0.2120612149630762
Mol_00116	Mol_10556	0.3053866551826133
Mol_00118	Mol_09630	0.2125599227351731
Mol_00120	Mol_05176	0.2850041580600796
Mol_00123	Mol_00993	0.0602341969529155
Mol_00125	Mol_00102	2.220446049250313e-16
Mol_00126	Mol_01931	0.0507559925702979
Mol_00127	Mol_02185	0.073246334483538
Mol_00128	Mol_09064	0.2425108888914652
Mol_00129	Mol_15975	0.1265890947181893
Mol_00136	Mol_05547	0.2049651945947548
Mol_00137	Mol_06226	0.1584296044737571
Mol_00143	Mol_04997	0.1852813243768206
Mol_00157	Mol_00287	0.0506678237612431
Mol_00174	Mol_09045	0.1067652608705422
Mol_00175	Mol_09854	0.0224386407800096
Mol_00188	Mol_00202	0.0
Mol_00223	Mol_13052	0.0350255424594031
Mol_00230	Mol_02857	0.1084632735406109
Mol_00232	Mol_00397	0.1655551475887383
Mol_00272	Mol_05743	0.0843487531631209
Mol_00273	Mol_07771	0.093000511215781
Mol_00274	Mol_14419	0.1339753374381308
Mol_00280	Mol_07042	0.0510215536662236
Mol_00303	Mol_15405	0.0
Mol_00366	Mol_01354	0.0
Mol_00376	Mol_00378	0.4079387437923021
Mol_00380	Mol_02180	0.1200058464748866
Mol_00381	Mol_02181	0.2828370488543386
Mol_00383	Mol_10008	0.2934228769247684
Mol_00388	Mol_10315	0.4326345315710111
Mol_00390	Mol_10316	0.4670834599882577
Mol_00392	Mol_10283	0.1811497129701258
Mol_00393	Mol_10324	0.8827154874995753
Mol_00394	Mol_10323	0.5338173288250094
Mol_00395	Mol_11837	1.0922767746814288
Mol_00401	Mol_15567	0.0356182701018488
Mol_00402	Mol_12401	0.0523844375525258
Mol_00422	Mol_04764	0.0467963837735671
Mol_00433	Mol_04984	0.0495118881982884
Mol_00434	Mol_02477	0.1630047328022013
Mol_00435	Mol_04146	0.0740194690693274
Mol_00436	Mol_08060	0.0571621003342185
Mol_00440	Mol_13575	0.053987848554823
Mol_00450	Mol_00452	0.1601781818486458
Mol_00451	Mol_00461	0.0491725592750097
Mol_00453	Mol_14092	0.1547821812477252
Mol_00458	Mol_15893	0.1647847718635743
Mol_00459	Mol_00460	0.1723361269157461
Mol_00479	Mol_13034	0.4743115204419424
Mol_00480	Mol_00467	0.2774680322091545
Mol_00482	Mol_00425	0.1194293980731765
Mol_00483	Mol_09330	0.5312343015946116
Mol_00484	Mol_12537	0.1884884144318947
Mol_00486	Mol_11164	0.3191792448062938
Mol_00487	Mol_15347	0.5170453816024643
Mol_00488	Mol_10002	0.2198217406066873
Mol_00489	Mol_03499	0.8405054271485103
Mol_00490	Mol_10468	0.2944504482777216
Mol_00492	Mol_13961	0.3535414376757523
Mol_00494	Mol_13958	0.0410289098177032
Mol_00495	Mol_07705	0.0535413442864524
Mol_00496	Mol_15307	0.5248485949079048
Mol_00497	Mol_09987	0.2872839808171686
Mol_00498	Mol_01279	0.1102790080309145
Mol_00499	Mol_12573	0.1724450102375988
Mol_00500	Mol_00423	0.2292581556509016
Mol_00503	Mol_11683	0.0039284966520284
Mol_00504	Mol_11684	0.032703679541427
Mol_00506	Mol_14478	0.3210809511790805
Mol_00507	Mol_10000	0.3615260375359397
Mol_00508	Mol_15966	0.3944032962857672
Mol_00509	Mol_10961	0.0352589487440542
Mol_00510	Mol_08058	0.3932772259978236
Mol_00511	Mol_16445	0.3972573899124844
Mol_00512	Mol_10009	0.382507950010961
Mol_00513	Mol_08130	0.4413609694204475
Mol_00521	Mol_03709	0.4211233531999184
Mol_00530	Mol_10290	0.0611156607549889
Mol_00535	Mol_15847	0.0071794882330128
Mol_00536	Mol_10978	0.0960243393788156
Mol_00537	Mol_16481	0.0467963837735709
Mol_00538	Mol_15558	0.0435538545283709
Mol_00539	Mol_04759	0.1298525026702542
Mol_00540	Mol_10434	0.0908315773621545
Mol_00541	Mol_01229	0.1690474031398788
Mol_00542	Mol_02294	0.1066856251214423
Mol_00543	Mol_15890	0.466615881512811
Mol_00544	Mol_04053	0.458149802043007
Mol_00545	Mol_10439	0.4447139681577718
Mol_00546	Mol_00548	0.1248940176872107
Mol_00547	Mol_00583	0.6877957405705866
Mol_00551	Mol_00604	0.248324924729076
Mol_00552	Mol_08128	0.4718181592863276
Mol_00556	Mol_00441	0.0335497639713679
Mol_00658	Mol_09730	0.1852317067076193
Mol_00659	Mol_09732	0.5980968706685075
Mol_00740	Mol_00149	4.3021142204224816e-16
Mol_00741	Mol_00145	0.02589496644919
Mol_00747	Mol_12347	0.0282234123044807
Mol_00751	Mol_07988	0.0
Mol_00757	Mol_02607	0.1933925044582043
Mol_00758	Mol_01227	0.2753522216319376
Mol_00773	Mol_02249	0.1536155670349153
Mol_00774	Mol_15826	0.3560116316807431
Mol_00776	Mol_01297	0.5047164768195631
Mol_00778	Mol_04052	0.454609299733946
Mol_00781	Mol_15798	0.354505977036313
Mol_00782	Mol_04968	0.4088109165218922
Mol_00784	Mol_06042	0.1233625034473852
Mol_00793	Mol_00215	0.2094572441093287
Mol_00794	Mol_13071	0.0297795425766995
Mol_00834	Mol_02268	0.0154693354493669
Mol_00840	Mol_12546	2.1510571102112408e-16
Mol_00843	Mol_02269	0.2121819125078564
Mol_00844	Mol_02271	0.1419107046478282
Mol_00846	Mol_08624	0.0
Mol_00847	Mol_01523	0.0686293113424694
Mol_00849	Mol_02028	0.0686293113424694
Mol_00850	Mol_02152	0.0812377107972143
Mol_00851	Mol_07886	0.2630145768344387
Mol_00853	Mol_07857	0.2730448474131599
Mol_00859	Mol_08595	0.110977653150921
Mol_00864	Mol_03573	0.2432031417207946
Mol_00873	Mol_01680	0.1154885370649343
Mol_00877	Mol_12372	0.2489364682537813
Mol_00878	Mol_12373	0.2489364682537813
Mol_00879	Mol_07885	0.2730448474131599
Mol_00882	Mol_01803	0.1154885370649341
Mol_00904	Mol_02068	0.1154885370649343
Mol_00907	Mol_01692	0.1825405151091084
Mol_00908	Mol_01674	0.1011553111311147
Mol_00909	Mol_01735	0.2582985488911088
Mol_00910	Mol_03436	0.0259926805277157
Mol_00911	Mol_03437	0.0259926805277157
Mol_00912	Mol_06227	0.4095847694383278
Mol_00913	Mol_07556	0.4119481069526267
Mol_00914	Mol_01644	0.2687458412864393
Mol_00915	Mol_06234	0.3149473684791184
Mol_00943	Mol_02437	0.1778070970600993
Mol_00944	Mol_15550	0.1186953884022541
Mol_00945	Mol_18981	0.1039262203881968
Mol_00946	Mol_10680	2.220446049250313e-16
Mol_00947	Mol_03434	2.220446049250313e-16
Mol_00968	Mol_00828	0.0
Mol_00969	Mol_00599	0.0161357059384421
Mol_00978	Mol_07383	4.440892098500626e-16
Mol_00980	Mol_08606	0.0037046346522702
Mol_01000	Mol_15564	0.2746000715307067
Mol_01002	Mol_12777	0.0836360732714471
Mol_01003	Mol_03610	0.0951632473192649
Mol_01013	Mol_08829	0.0
Mol_01019	Mol_13471	0.0602341969529161
Mol_01037	Mol_07500	0.0136555659283909
Mol_01039	Mol_00688	0.0683301714117982
Mol_01091	Mol_08775	0.1770129101866477
Mol_01092	Mol_16086	0.0435581323835149
Mol_01093	Mol_00426	0.0817294354992626
Mol_01094	Mol_14977	0.0204196406654235
Mol_01153	Mol_07425	0.04949738546815
Mol_01156	Mol_04246	0.0491993553210012
Mol_01157	Mol_05875	0.0264632896044778
Mol_01158	Mol_01487	0.0110348416319139
Mol_01160	Mol_13688	0.0634192791844404
Mol_01188	Mol_10879	0.2082942003364968
Mol_01196	Mol_00638	0.0600240776609583
Mol_01197	Mol_04721	4.3021142204224816e-16
Mol_01199	Mol_14911	0.0678241801429311
Mol_01200	Mol_14017	0.0886927163244915
Mol_01201	Mol_08932	0.2113441147588246
Mol_01204	Mol_13507	0.0602341969529161
Mol_01209	Mol_10461	0.0165095356964647
Mol_01210	Mol_00637	0.0
Mol_01223	Mol_13062	0.0037196941427262
Mol_01225	Mol_01561	0.0074243287949964
Mol_01241	Mol_00424	0.4071033236376383
Mol_01252	Mol_03484	0.0708016518324431
Mol_01253	Mol_14310	0.6020163632439953
Mol_01254	Mol_14311	0.6054013435310484
Mol_01255	Mol_00385	0.4192337641041219
Mol_01256	Mol_00371	0.5918111415620722
Mol_01258	Mol_02116	0.502153958877777
Mol_01263	Mol_03253	0.0348174799619028
Mol_01268	Mol_08016	0.0192422639306424
Mol_01269	Mol_03544	0.0470581208872254
Mol_01270	Mol_12331	0.03656702092411
Mol_01302	Mol_19283	0.0746074024994875
Mol_01303	Mol_05778	0.0151842393545034
Mol_01305	Mol_08155	0.1241748127367907
Mol_01309	Mol_16351	0.23000944669468
Mol_01310	Mol_02519	0.2760678392627604
Mol_01364	Mol_18714	0.0554944676564409
Mol_01380	Mol_02325	0.2828808072083135
Mol_01417	Mol_16610	0.0073302069796439
Mol_01418	Mol_00292	0.086791608372746
Mol_01421	Mol_00295	0.0710462083441403
Mol_01423	Mol_08663	7.906232489585108e-05
Mol_01426	Mol_15569	0.0869572627677659
Mol_01429	Mol_01564	0.0867916083727458
Mol_01439	Mol_07048	0.0075899831900161
Mol_01446	Mol_12971	0.120523343888704
Mol_01449	Mol_04582	0.0751953803005409
Mol_01450	Mol_00358	0.0350255424594035
Mol_01453	Mol_13164	0.0333503464415674
Mol_01454	Mol_07044	0.0474408557714089
Mol_01475	Mol_08052	2.220446049250313e-16
Mol_01476	Mol_09002	0.0
Mol_01478	Mol_08321	0.0
Mol_01485	Mol_11552	0.0488178684771881
Mol_01491	Mol_00308	0.0
Mol_01492	Mol_02192	0.0
Mol_01497	Mol_00307	0.0224386407800099
Mol_01498	Mol_03037	0.0396515299108898
Mol_01499	Mol_16275	0.0401687485218916
Mol_01515	Mol_00299	0.0373652196246491
Mol_01516	Mol_11493	0.657712003134381
Mol_01517	Mol_05603	0.4737808740441991
Mol_01522	Mol_01552	0.0833467499308481
Mol_01524	Mol_13237	0.0644159391504844
Mol_01525	Mol_04326	0.2069620358501765
Mol_01526	Mol_05562	0.0037046346522703
Mol_01529	Mol_13679	0.2084595241263506
Mol_01545	Mol_13390	0.0453855393629225
Mol_01554	Mol_02849	0.0
Mol_01562	Mol_01806	0.0
Mol_01563	Mol_01511	0.0
Mol_01587	Mol_01432	0.0
Mol_01596	Mol_01586	0.0
Mol_01600	Mol_03634	0.0750828545429085
Mol_01601	Mol_04333	0.2552383576396514
Mol_01602	Mol_02837	0.0
Mol_01614	Mol_04209	0.2426398368653196
Mol_01615	Mol_06959	0.2256387089122024
Mol_01616	Mol_15565	0.3742699536434659
Mol_01617	Mol_02130	0.2259038814917416
Mol_01618	Mol_16591	0.4352412057365529
Mol_01642	Mol_08478	0.0074092693045403
Mol_01647	Mol_05359	0.0
Mol_01659	Mol_13858	0.120468393905831
Mol_01676	Mol_01796	0.0
Mol_01687	Mol_01689	0.0
Mol_01688	Mol_03843	0.007589983190017
Mol_01697	Mol_04487	0.4571700521129143
Mol_01698	Mol_00121	0.4727003461892048
Mol_01699	Mol_05929	0.2221884651236364
Mol_01700	Mol_01521	0.4758577439296064
Mol_01701	Mol_06777	0.2369816132870646
Mol_01702	Mol_01789	1.1102230246251563e-16
Mol_01703	Mol_05376	4.440892098500626e-16
Mol_01704	Mol_16296	0.0740189469719948
Mol_01706	Mol_05097	0.4145449257475112
Mol_01707	Mol_03665	0.4469428157590837
Mol_01709	Mol_04572	0.5122204205300405
Mol_01710	Mol_01677	0.4719463983754393
Mol_01711	Mol_15722	0.5001041409961945
Mol_01712	Mol_12243	0.0
Mol_01715	Mol_03392	0.0388561268322631
Mol_01716	Mol_07052	0.1030346470380717
Mol_01721	Mol_13012	0.0639388316051855
Mol_01723	Mol_02139	0.0150143119850134
Mol_01725	Mol_01693	0.4719463983754393
Mol_01726	Mol_01675	0.4719463983754393
Mol_01727	Mol_02029	0.4719463983754393
Mol_01728	Mol_01670	0.2426398368653195
Mol_01729	Mol_11076	0.3097255600400546
Mol_01730	Mol_02070	0.2369816132870646
Mol_01731	Mol_19058	0.6486747860585171
Mol_01732	Mol_01736	0.059185595128248
Mol_01737	Mol_01733	0.2369816132870647
Mol_01760	Mol_13859	0.3016792425674801
Mol_01761	Mol_15566	0.3030712657396146
Mol_01762	Mol_02034	0.3572772497490882
Mol_01763	Mol_18176	0.1715803162534108
Mol_01764	Mol_06951	0.4148344132303196
Mol_01765	Mol_16393	0.418565616922463
Mol_01766	Mol_05148	0.266601708643694
Mol_01767	Mol_16392	0.4239336399933447
Mol_01768	Mol_14448	0.4252448866112955
Mol_01770	Mol_05149	0.3073787949710555
Mol_01771	Mol_00524	0.6262703673064532
Mol_01772	Mol_15224	0.6327369035861801
Mol_01773	Mol_04192	0.6329073903494675
Mol_01774	Mol_05249	0.6329073903494675
Mol_01775	Mol_01690	0.4719463983754393
Mol_01776	Mol_01646	0.0596786224917552
Mol_01777	Mol_06971	0.0
Mol_01778	Mol_01997	0.0
Mol_01788	Mol_01927	0.4719463983754393
Mol_01804	Mol_09568	0.2122428566091764
Mol_01805	Mol_06035	0.0526442137628985
Mol_01811	Mol_05123	0.4719463983754393
Mol_01827	Mol_15552	0.3079921152151199
Mol_01828	Mol_06172	0.5313075561088658
Mol_01829	Mol_06173	0.5313075561088658
Mol_01830	Mol_06174	0.5313075561088657
Mol_01831	Mol_11089	0.0635657724692697
Mol_01832	Mol_02815	0.0609920607713558
Mol_01835	Mol_06975	0.0
Mol_01885	Mol_02069	0.4719463983754393
Mol_01916	Mol_14421	0.0899315121329015
Mol_01920	Mol_06190	0.2369816132870646
Mol_01924	Mol_03051	0.0647861242085952
Mol_01940	Mol_00028	0.1443059854846037
Mol_01947	Mol_06225	0.0602341969529154
Mol_01950	Mol_04573	0.1587738516285912
Mol_01951	Mol_04574	0.6508206054440703
Mol_01952	Mol_06207	0.5313075561088657
Mol_01953	Mol_01121	0.6087335906590712
Mol_01954	Mol_04330	0.615389609107623
Mol_01955	Mol_06211	0.6204374059033624
Mol_01956	Mol_06213	0.5313075561088658
Mol_01957	Mol_06713	0.5313075561088658
Mol_01958	Mol_14991	0.6596749217793353
Mol_01959	Mol_14060	0.6580143809975588
Mol_01960	Mol_08597	0.0037046346522702
Mol_01961	Mol_01801	0.0852980092312615
Mol_01962	Mol_03702	0.4106286964145895
Mol_01964	Mol_01519	0.4467097498720048
Mol_01985	Mol_13393	0.2995334376905079
Mol_01986	Mol_01593	0.0
Mol_01987	Mol_00400	0.0298629695750063
Mol_01991	Mol_01547	0.355371118023516
Mol_01993	Mol_11507	0.0650234347040822
Mol_01994	Mol_06782	0.0600270413752759
Mol_01995	Mol_01598	0.355371118023516
Mol_01996	Mol_05012	0.0663201022846252
Mol_01999	Mol_05956	0.4719463983754393
Mol_02000	Mol_06718	0.4738489793729267
Mol_02001	Mol_03168	0.0584487701106124
Mol_02002	Mol_15496	0.1277163190038981
Mol_02003	Mol_02417	0.1772974107553794
Mol_02004	Mol_14169	0.2534923538805884
Mol_02005	Mol_00372	0.4232622524027848
Mol_02006	Mol_02538	0.4398893508759643
Mol_02007	Mol_02536	0.4624725653875897
Mol_02009	Mol_09567	0.1022403934288824
Mol_02013	Mol_08489	0.00740926930454
Mol_02014	Mol_06224	0.4719463983754393
Mol_02015	Mol_15022	0.1521324263788252
Mol_02016	Mol_09908	0.4738489793729267
Mol_02018	Mol_05252	0.3272137216166632
Mol_02020	Mol_02434	0.3967146171782051
Mol_02031	Mol_13781	0.0
Mol_02033	Mol_06228	0.2369816132870646
Mol_02038	Mol_01512	0.3204974519341468
Mol_02044	Mol_06150	0.0453140067832548
Mol_02048	Mol_00382	0.0789570083385681
Mol_02049	Mol_16356	0.0566409672325648
Mol_02050	Mol_04390	0.0664546507269046
Mol_02058	Mol_01792	0.1535566702686958
Mol_02059	Mol_05563	0.0602341969529154
Mol_02067	Mol_13553	0.0981954075208414
Mol_02072	Mol_02811	0.0922190310909768
Mol_02087	Mol_18372	0.3272137216166632
Mol_02088	Mol_15562	0.502804868196951
Mol_02089	Mol_13243	0.2889643860506622
Mol_02090	Mol_03270	0.3685654428383704
Mol_02091	Mol_00298	0.4999007009142625
Mol_02092	Mol_01520	0.0
Mol_02093	Mol_03267	0.3290530677861372
Mol_02094	Mol_02747	0.6574842693288135
Mol_02095	Mol_13482	0.5382444605495182
Mol_02096	Mol_02749	0.6576633948603452
Mol_02097	Mol_03268	0.3290530677861372
Mol_02098	Mol_07911	0.2125829988384264
Mol_02099	Mol_03397	0.6580143809975589
Mol_02100	Mol_08488	0.6575258195390329
Mol_02101	Mol_06320	0.6628078387423921
Mol_02102	Mol_13449	0.6657777898620449
Mol_02103	Mol_13448	0.6657777898620449
Mol_02104	Mol_00015	0.6662501056671308
Mol_02105	Mol_03271	0.3660343767799605
Mol_02106	Mol_02748	0.6581358349547632
Mol_02107	Mol_10528	0.6581358349547632
Mol_02108	Mol_14158	0.657494509792102
Mol_02109	Mol_09529	0.6581580554224044
Mol_02110	Mol_14313	0.6644893165569249
Mol_02111	Mol_00003	0.6582613596234184
Mol_02112	Mol_05002	0.3660343767799605
Mol_02113	Mol_00107	0.4470719216343902
Mol_02114	Mol_05003	0.3660343767799605
Mol_02119	Mol_00953	0.4999007009142624
Mol_02120	Mol_04957	0.3290530677861372
Mol_02148	Mol_07258	0.0346356309963569
Mol_02149	Mol_15416	0.059303251137725
Mol_02150	Mol_12858	0.0187038871468272
Mol_02151	Mol_13199	0.0208584741430963
Mol_02153	Mol_02173	0.0647414323214645
Mol_02158	Mol_00442	0.0175027571207102
Mol_02160	Mol_13481	0.1061279941187408
Mol_02163	Mol_13463	0.0369517960046055
Mol_02186	Mol_14167	0.3611067967852278
Mol_02187	Mol_14164	0.3333245008178328
Mol_02190	Mol_07935	0.5109072649719288
Mol_02191	Mol_10385	0.4122292177294538
Mol_02193	Mol_18562	0.3210539986938683
Mol_02194	Mol_03692	0.0602341969529155
Mol_02199	Mol_07382	0.0310112743413073
Mol_02200	Mol_16198	0.034638836486615
Mol_02210	Mol_00302	0.0529298866879652
Mol_02244	Mol_08776	0.0676599630926761
Mol_02245	Mol_11664	0.0926285306340294
Mol_02246	Mol_04974	0.1901522425115616
Mol_02247	Mol_12683	0.3581353199182865
Mol_02248	Mol_02438	0.2158468294981066
Mol_02250	Mol_02260	0.105676821369665
Mol_02253	Mol_02242	0.0
Mol_02254	Mol_02540	0.1272461458814039
Mol_02255	Mol_14531	0.0533232321732668
Mol_02256	Mol_14577	0.0672874001965044
Mol_02257	Mol_02963	0.0889937687523593
Mol_02258	Mol_07682	0.0825760140100704
Mol_02259	Mol_03879	0.6729110997519158
Mol_02261	Mol_15783	0.1186729840471432
Mol_02262	Mol_03873	0.7868987498644713
Mol_02265	Mol_02436	0.031261084300473
Mol_02266	Mol_11901	0.2798723880348359
Mol_02277	Mol_02273	0.0
Mol_02285	Mol_02267	0.0602341969529153
Mol_02288	Mol_02287	0.0
Mol_02295	Mol_07567	0.0548628024886709
Mol_02296	Mol_10625	0.3919550521358029
Mol_02303	Mol_11302	0.0
Mol_02311	Mol_01385	0.4170937350438569
Mol_02315	Mol_11881	0.7070140313179997
Mol_02316	Mol_03878	0.6673936556621617
Mol_02322	Mol_07043	0.1480483243626172
Mol_02323	Mol_13196	0.1627660418645067
Mol_02356	Mol_01467	0.0331968958714155
Mol_02357	Mol_02169	0.1486714227447013
Mol_02380	Mol_03574	0.0456697916054323
Mol_02381	Mol_02388	0.1346505832520748
Mol_02382	Mol_02389	0.134650583252075
Mol_02399	Mol_02435	0.4494288470111166
Mol_02402	Mol_02407	0.1852813243768203
Mol_02403	Mol_04630	0.3751581767877511
Mol_02404	Mol_04631	0.3751581767877511
Mol_02405	Mol_04628	0.3727902349662437
Mol_02406	Mol_04995	0.2235133856581267
Mol_02415	Mol_11685	0.1571625593509959
Mol_02416	Mol_11248	0.0232858914248381
Mol_02423	Mol_00531	0.0264415675246492
Mol_02424	Mol_12088	0.034419631610857
Mol_02425	Mol_12572	0.4513736368883802
Mol_02426	Mol_04095	0.3108857609120436
Mol_02428	Mol_13505	0.3095424557220816
Mol_02429	Mol_09775	0.353942028657434
Mol_02430	Mol_08752	0.2426398368653194
Mol_02432	Mol_15348	0.1714193441414056
Mol_02433	Mol_04142	0.1430075960178466
Mol_02441	Mol_00289	0.0712972859442687
Mol_02442	Mol_10723	0.3268874830359957
Mol_02443	Mol_07140	0.1636068608083323
Mol_02457	Mol_02533	0.1921986026415819
Mol_02458	Mol_02398	0.2294379578428941
Mol_02461	Mol_02535	0.169682653216449
Mol_02462	Mol_02470	0.1945968350200637
Mol_02466	Mol_02537	0.209737232482443
Mol_02472	Mol_14368	0.0583464672486614
Mol_02475	Mol_07809	0.2348712019406785
Mol_02476	Mol_13634	0.4611038395998111
Mol_02496	Mol_01228	0.1212025440655772
Mol_02497	Mol_14567	0.352533655659991
Mol_02498	Mol_14579	0.4979756623061541
Mol_02499	Mol_02816	0.4272551756590009
Mol_02500	Mol_01151	0.1149597590718155
Mol_02501	Mol_14327	0.3847828379290553
Mol_02502	Mol_14341	0.1110281424067558
Mol_02503	Mol_14580	0.0874902016845568
Mol_02504	Mol_10716	0.2604142420638803
Mol_02505	Mol_08761	0.0234302183837848
Mol_02507	Mol_15289	2.1510571102112408e-16
Mol_02510	Mol_10291	0.1875790883938758
Mol_02525	Mol_15028	0.051522053626771
Mol_02528	Mol_15711	0.0552898555881026
Mol_02529	Mol_02539	0.1180369935411467
Mol_02530	Mol_02471	0.123367826892481
Mol_02532	Mol_14568	0.2741288335769553
Mol_02545	Mol_16068	0.0379612105679264
Mol_02551	Mol_16247	0.1173180249137379
Mol_02571	Mol_01378	0.1047723559509286
Mol_02574	Mol_02568	0.7943214998515871
Mol_02616	Mol_16203	0.2631129865117424
Mol_02617	Mol_10797	0.1815586164108785
Mol_02618	Mol_11749	0.1884322550551105
Mol_02619	Mol_16845	0.0172467812828015
Mol_02620	Mol_11342	0.1484299627459248
Mol_02621	Mol_13070	0.1726235446919383
Mol_02622	Mol_03700	0.2643153492833235
Mol_02625	Mol_14501	0.0535895315058163
Mol_02630	Mol_15797	0.1604739256336232
Mol_02631	Mol_10803	0.0380835721542245
Mol_02632	Mol_15630	0.0990551142619352
Mol_02633	Mol_02278	0.0080605922667791
Mol_02634	Mol_02035	0.1091737760635443
Mol_02635	Mol_07539	0.129524188160457
Mol_02636	Mol_13937	0.1499064991162343
Mol_02637	Mol_06152	0.0910640789109762
Mol_02638	Mol_02553	0.1865458727611657
Mol_02639	Mol_10884	0.0355121839765575
Mol_02640	Mol_10623	0.1123676358578317
Mol_02641	Mol_14261	0.06456648037056
Mol_02642	Mol_02276	0.5312481437473768
Mol_02643	Mol_02374	0.2125702834461107
Mol_02644	Mol_00373	0.821240533421579
Mol_02671	Mol_14752	0.1612160861642475
Mol_02672	Mol_03291	0.1902747127176348
Mol_02676	Mol_00278	0.0377955561729059
Mol_02677	Mol_10766	0.1657784362497063
Mol_02695	Mol_07046	0.0501741278789714
Mol_02696	Mol_07047	0.0621571886212071
Mol_02702	Mol_06934	0.0498078221989219
Mol_02704	Mol_16582	0.0602341969529152
Mol_02705	Mol_00270	0.1039262203881968
Mol_02707	Mol_09721	0.4126104804039692
Mol_02709	Mol_00802	0.0
Mol_02713	Mol_08053	0.1240059803791888
Mol_02714	Mol_09641	0.116344987528889
Mol_02717	Mol_01496	0.0
Mol_02722	Mol_14901	2.220446049250313e-16
Mol_02726	Mol_08575	0.2072525986953585
Mol_02727	Mol_10762	0.052223705507442
Mol_02751	Mol_16023	0.0489395791106288
Mol_02781	Mol_08680	0.6099043025000616
Mol_02782	Mol_09443	0.7416366010400169
Mol_02787	Mol_02251	0.206767168245364
Mol_02788	Mol_10295	0.2248203327967804
Mol_02789	Mol_15614	0.0075899831900168
Mol_02790	Mol_11079	0.0
Mol_02791	Mol_11080	0.0
Mol_02794	Mol_04174	0.0449939908795207
Mol_02795	Mol_01130	0.0449939908795209
Mol_02796	Mol_01152	0.0449939908795209
Mol_02797	Mol_01537	0.058721906722584
Mol_02798	Mol_16440	0.0122587655687477
Mol_02808	Mol_10547	0.0602341969529157
Mol_02809	Mol_10876	0.0602341969529156
Mol_02812	Mol_03493	0.0788134446626052
Mol_02813	Mol_03494	0.0788134446626054
Mol_02817	Mol_12659	0.0346069494435151
Mol_02856	Mol_00602	0.0247236759989472
Mol_02860	Mol_04707	0.1657784362497063
Mol_02885	Mol_12293	0.112878410715814
Mol_02886	Mol_02889	0.2515495887488401
Mol_02887	Mol_03564	0.2617638592108239
Mol_02888	Mol_12499	0.3090940656007034
Mol_02902	Mol_05257	0.4833100707942106
Mol_02903	Mol_01603	0.3592577128423517
Mol_02912	Mol_11262	0.0729098731700109
Mol_02917	Mol_07494	0.0430486395478949
Mol_02919	Mol_07530	0.0589624790999247
Mol_02920	Mol_07503	0.027977816413318
Mol_02921	Mol_00974	0.0410289098177029
Mol_02924	Mol_02979	0.0
Mol_02925	Mol_11920	0.0827158876356047
Mol_02931	Mol_07708	0.0309537468525973
Mol_02934	Mol_02930	8.881784197001252e-16
Mol_02938	Mol_08755	0.1243652797432274
Mol_02945	Mol_16824	0.1583470245393916
Mol_02946	Mol_16826	0.1526923041822003
Mol_02947	Mol_02958	0.1921986026415819
Mol_02948	Mol_16825	0.4032690156730189
Mol_02949	Mol_16822	0.4609338519702052
Mol_02950	Mol_16756	0.471957611517832
Mol_02951	Mol_02922	0.185052269747547
Mol_02953	Mol_02928	0.0
Mol_02954	Mol_10366	0.5102683049276278
Mol_02956	Mol_12007	4.440892098500626e-16
Mol_02957	Mol_10916	0.0902928486912545
Mol_02960	Mol_02667	0.5433097874381541
Mol_02961	Mol_16835	0.1403605860199565
Mol_02962	Mol_02463	0.285391261995655
Mol_02967	Mol_16763	0.3227140290618117
Mol_02968	Mol_16818	0.2846290849405212
Mol_02969	Mol_02648	0.4437452817874698
Mol_02970	Mol_00439	0.0235358471858617
Mol_02971	Mol_00550	0.1267178984422865
Mol_02972	Mol_11953	0.2367359455906462
Mol_02980	Mol_04629	0.4171808470876478
Mol_03020	Mol_16117	2.1510571102112408e-16
Mol_03026	Mol_08846	0.1278405079082583
Mol_03027	Mol_00011	0.0625617175173729
Mol_03043	Mol_14177	0.4291550264915666
Mol_03046	Mol_07900	0.0430178103611027
Mol_03047	Mol_07901	0.043017810361103
Mol_03056	Mol_11811	0.1886351774566464
Mol_03058	Mol_06093	0.0532803391912221
Mol_03066	Mol_11955	0.5755644869385979
Mol_03067	Mol_15187	0.3298703046171269
Mol_03068	Mol_04111	0.5616826355800064
Mol_03077	Mol_14517	0.0632822835147146
Mol_03091	Mol_00057	0.2795158143438037
Mol_03092	Mol_16847	0.1744650977602365
Mol_03095	Mol_02291	0.3341718569204371
Mol_03096	Mol_02465	0.6959280489234937
Mol_03097	Mol_14307	0.7934026134761184
Mol_03098	Mol_02264	0.1177356608889148
Mol_03099	Mol_05777	0.4133066372861519
Mol_03100	Mol_07876	0.3779665106276535
Mol_03101	Mol_00002	0.3790451877001888
Mol_03103	Mol_15312	0.0732142301287982
Mol_03106	Mol_14529	0.4278385181422419
Mol_03108	Mol_02464	0.4504304438392899
Mol_03110	Mol_00375	0.6770100144601805
Mol_03111	Mol_07936	0.9103072598779992
Mol_03118	Mol_04329	0.4550641243430837
Mol_03125	Mol_12457	0.9621407039937706
Mol_03126	Mol_01384	0.0778597016286221
Mol_03127	Mol_00368	0.4213825180973469
Mol_03128	Mol_02678	0.4506284039806269
Mol_03134	Mol_02270	0.1172144523620618
Mol_03135	Mol_02272	0.1008578125936767
Mol_03141	Mol_07045	0.0474408557714089
Mol_03145	Mol_02682	0.5057338462716061
Mol_03161	Mol_00374	0.4631312662285052
Mol_03162	Mol_00549	1.106049882578481
Mol_03179	Mol_14155	0.053488538718175
Mol_03198	Mol_13725	0.3166919158238876
Mol_03199	Mol_06216	1.1102230246251563e-16
Mol_03200	Mol_19215	0.3592577128423517
Mol_03201	Mol_07525	0.144818334550098
Mol_03206	Mol_04991	0.2685360067253511
Mol_03207	Mol_04998	0.3685654428383704
Mol_03208	Mol_13793	0.2648848022324604
Mol_03210	Mol_07558	0.1861213518268845
Mol_03228	Mol_01466	0.0331968958714153
Mol_03229	Mol_14210	0.0540503684319044
Mol_03230	Mol_01469	0.0331968958714155
Mol_03231	Mol_02154	0.051665714348331
Mol_03232	Mol_11280	0.0786532568603246
Mol_03234	Mol_13193	0.2804691123330547
Mol_03239	Mol_02872	0.0304482521708463
Mol_03240	Mol_13175	0.0465048754720918
Mol_03241	Mol_00796	0.0512958477702995
Mol_03255	Mol_04958	2.220446049250313e-16
Mol_03256	Mol_01793	0.0567978485875719
Mol_03257	Mol_11081	0.0
Mol_03265	Mol_04319	0.0789479169194679
Mol_03273	Mol_00795	0.2556559361202644
Mol_03288	Mol_01666	0.0268171876302028
Mol_03290	Mol_11311	0.069319838050502
Mol_03306	Mol_07282	0.0704717329025852
Mol_03307	Mol_03286	0.0653316271133025
Mol_03308	Mol_14614	0.135132602623019
Mol_03335	Mol_06717	1.1102230246251563e-16
Mol_03345	Mol_04985	0.3680717638251802
Mol_03346	Mol_07561	0.153309585677501
Mol_03348	Mol_09728	0.0317122542668625
Mol_03349	Mol_14996	0.0455511937579428
Mol_03350	Mol_08064	0.2027390140392045
Mol_03351	Mol_16002	0.1110522949674363
Mol_03354	Mol_15769	0.4130748463199288
Mol_03355	Mol_06092	0.5697972817592548
Mol_03356	Mol_01012	0.0159341504440114
Mol_03365	Mol_10883	0.4062527195035113
Mol_03366	Mol_05950	0.2290205103003018
Mol_03367	Mol_11954	0.3957283748512781
Mol_03368	Mol_02467	0.4608890468813864
Mol_03369	Mol_11960	0.377019827884624
Mol_03370	Mol_13072	0.3845291439985007
Mol_03371	Mol_16846	0.4012006284567768
Mol_03373	Mol_04571	0.1170235354639333
Mol_03374	Mol_11965	0.2777580529239049
Mol_03375	Mol_16088	0.1859354825979239
Mol_03376	Mol_05758	0.2321849470328308
Mol_03377	Mol_05761	0.0886363435815017
Mol_03378	Mol_07818	0.2664932138956937
Mol_03382	Mol_00138	0.1128784107158143
Mol_03395	Mol_03653	0.0781742720586141
Mol_03399	Mol_02825	0.0268171876302028
Mol_03401	Mol_11586	0.0074092693045403
Mol_03412	Mol_07559	0.1886669553930348
Mol_03413	Mol_00144	0.118652255148706
Mol_03417	Mol_18194	0.0821904108542987
Mol_03418	Mol_15721	0.2652592016664622
Mol_03419	Mol_14168	0.2472803259431925
Mol_03420	Mol_14162	0.1131186380329539
Mol_03426	Mol_06273	0.0585894527776463
Mol_03427	Mol_06327	0.0786847431230868
Mol_03428	Mol_07777	0.057811871186458
Mol_03435	Mol_14634	0.1907893375839318
Mol_03438	Mol_00141	0.007589983190017
Mol_03439	Mol_03481	0.0602341969529156
Mol_03440	Mol_06183	0.0645829945841257
Mol_03452	Mol_14182	0.0650234347040822
Mol_03458	Mol_05308	0.0548413627087807
Mol_03459	Mol_15269	0.1650458373668232
Mol_03468	Mol_07646	0.1697242223160435
Mol_03469	Mol_09070	0.2369768378753015
Mol_03479	Mol_13413	0.0967486214016029
Mol_03485	Mol_03488	0.0678241801429319
Mol_03486	Mol_00301	0.0043973712132635
Mol_03492	Mol_03013	0.0074243287949968
Mol_03498	Mol_15015	0.8170714624090469
Mol_03520	Mol_14790	0.0653902286951805
Mol_03521	Mol_19301	0.1043357959524795
Mol_03575	Mol_10829	0.3516298454474417
Mol_03576	Mol_15099	0.145629746116481
Mol_03581	Mol_16731	0.3706784906281936
Mol_03595	Mol_11582	0.0330240522424897
Mol_03598	Mol_10310	0.2195170264088852
Mol_03639	Mol_03254	0.0891293586442358
Mol_03640	Mol_04987	0.2199415254367423
Mol_03641	Mol_13132	0.0678241801429319
Mol_03642	Mol_07051	0.1133010815758275
Mol_03659	Mol_04585	0.0328317954335047
Mol_03661	Mol_16266	0.00370463465227
Mol_03662	Mol_16267	0.00370463465227
Mol_03663	Mol_13414	0.0306871707586002
Mol_03664	Mol_07564	0.0792863112591316
Mol_03672	Mol_04427	0.0456627785278863
Mol_03673	Mol_00765	0.0484644890393837
Mol_03674	Mol_10738	0.0510124687035647
Mol_03675	Mol_18907	0.0692992592370816
Mol_03676	Mol_04123	0.3581967841121953
Mol_03677	Mol_14660	0.3773273597653211
Mol_03678	Mol_03483	0.0843595006640408
Mol_03679	Mol_01020	0.0993623809659642
Mol_03680	Mol_15896	0.2437809950820152
Mol_03681	Mol_15897	0.2868217446212975
Mol_03682	Mol_14661	0.3619134395203964
Mol_03683	Mol_01779	0.4072989788833187
Mol_03684	Mol_11554	0.0892123833228794
Mol_03685	Mol_11512	0.0993510966123462
Mol_03686	Mol_14178	0.4464950719785706
Mol_03687	Mol_14176	0.1739521742616732
Mol_03688	Mol_09762	0.5793613797177055
Mol_03689	Mol_15196	0.6643918087122033
Mol_03691	Mol_08003	0.2911117250842508
Mol_03693	Mol_16526	0.2376040388624823
Mol_03694	Mol_14576	0.4800178021413736
Mol_03697	Mol_10275	0.0220717365847197
Mol_03698	Mol_12005	0.4206893798168625
Mol_03699	Mol_14570	0.4666707583664367
Mol_03704	Mol_08004	0.2340653269601933
Mol_03705	Mol_02799	0.0107874362082293
Mol_03707	Mol_06069	0.0499891978289475
Mol_03721	Mol_01578	0.0035540397477062
Mol_03730	Mol_06891	0.3558775759075219
Mol_03732	Mol_00858	0.0602341969529154
Mol_03734	Mol_05947	0.0639388316051856
Mol_03739	Mol_06340	0.0586823036456986
Mol_03740	Mol_14380	0.1042983641680264
Mol_03741	Mol_10867	0.1626369623861457
Mol_03742	Mol_10886	0.109886556932588
Mol_03743	Mol_01686	0.0489395791106285
Mol_03745	Mol_08026	0.0967829116563641
Mol_03748	Mol_06218	0.172467731241884
Mol_03749	Mol_16359	0.1438751633385409
Mol_03751	Mol_00863	0.1204683939058307
Mol_03752	Mol_13782	0.109886556932588
Mol_03753	Mol_03759	0.0
Mol_03754	Mol_10870	0.1335034146235053
Mol_03755	Mol_04711	0.1084632735406109
Mol_03756	Mol_15025	0.116147292042632
Mol_03757	Mol_06181	0.0701473916994894
Mol_03758	Mol_13490	0.0790332967651185
Mol_03762	Mol_11751	0.1135899242701416
Mol_03763	Mol_00201	0.0602341969529154
Mol_03764	Mol_00862	0.0602341969529153
Mol_03768	Mol_00925	0.3563588883173137
Mol_03769	Mol_04169	0.1433627561940529
Mol_03770	Mol_08027	0.0386583303963174
Mol_03771	Mol_13211	0.0470328218637029
Mol_03772	Mol_15030	0.0816294823425266
Mol_03774	Mol_15026	0.0641986078155584
Mol_03777	Mol_00893	0.4005507326019221
Mol_03784	Mol_12799	0.0200399408572606
Mol_03785	Mol_12920	0.4242151598104379
Mol_03786	Mol_16205	0.3839290341861076
Mol_03791	Mol_09986	0.1445820253354804
Mol_03793	Mol_09774	0.3046208276022441
Mol_03795	Mol_10912	0.0194726894187968
Mol_03796	Mol_12621	0.4352736274725996
Mol_03797	Mol_08774	0.2681767007366569
Mol_03798	Mol_00595	0.4574480520087549
Mol_03799	Mol_09776	0.3302353164533248
Mol_03800	Mol_08821	0.3842908743923018
Mol_03801	Mol_10312	0.4069758440559828
Mol_03802	Mol_16975	0.3844313706416566
Mol_03803	Mol_11335	0.3258630707852386
Mol_03804	Mol_10436	0.2111696266196863
Mol_03805	Mol_10860	0.4229644817831224
Mol_03810	Mol_10017	0.0922997737529411
Mol_03812	Mol_11148	0.0074092693045402
Mol_03842	Mol_14862	0.6337114424831768
Mol_03844	Mol_01021	0.4181010393554029
Mol_03847	Mol_00100	0.045940168411111
Mol_03849	Mol_06390	0.1016858739283079
Mol_03850	Mol_01468	0.0419643153205571
Mol_03859	Mol_03182	0.1318076209983905
Mol_03866	Mol_16141	0.1484437537593664
Mol_03871	Mol_08803	0.1637118716485353
Mol_03874	Mol_03888	0.0479761913085789
Mol_03946	Mol_12887	1.1247824822739476
Mol_03947	Mol_12888	1.6442710168535306
Mol_03948	Mol_04809	1.566238243176301
Mol_03949	Mol_03970	0.0202114098677085
Mol_03950	Mol_03971	0.0202114098677084
Mol_03951	Mol_03960	0.0602341969529157
Mol_03952	Mol_15007	0.0546451567860547
Mol_03955	Mol_18906	0.1625020566219649
Mol_03956	Mol_03973	0.0581168255557729
Mol_03957	Mol_16170	0.0581168255557734
Mol_03958	Mol_16901	0.0922259733951212
Mol_03959	Mol_15040	0.1095258949803823
Mol_03961	Mol_11077	0.2398924391435312
Mol_03962	Mol_11078	0.2398924391435312
Mol_03980	Mol_14057	0.3524285862530786
Mol_03981	Mol_04094	0.6503088123868416
Mol_03982	Mol_15074	0.515846327499863
Mol_03983	Mol_02657	0.3883677300485288
Mol_03984	Mol_15088	0.6739546618087272
Mol_03986	Mol_09758	0.735735429249582
Mol_03987	Mol_02647	0.584607844318246
Mol_03991	Mol_12513	0.0234112703176834
Mol_04001	Mol_14515	0.0554944676564413
Mol_04013	Mol_02310	0.0509690383007496
Mol_04029	Mol_14910	0.0217046413566154
Mol_04030	Mol_14335	0.0556115468108209
Mol_04031	Mol_14913	0.0217046413566148
Mol_04032	Mol_09990	0.0914156466207524
Mol_04042	Mol_10032	0.069111884641479
Mol_04043	Mol_16199	0.0517300864027181
Mol_04044	Mol_01053	0.0876052755649873
Mol_04046	Mol_10898	0.0593897681517911
Mol_04048	Mol_11667	0.2341056055675542
Mol_04049	Mol_00588	0.7298514529806767
Mol_04050	Mol_00661	0.4211229168941391
Mol_04059	Mol_13363	0.0204937158165257
Mol_04060	Mol_09445	0.2373459680942865
Mol_04061	Mol_13343	0.093467705463103
Mol_04062	Mol_08001	0.6702019271787756
Mol_04063	Mol_08002	0.6708162735040976
Mol_04064	Mol_15714	0.0952832148947127
Mol_04065	Mol_09555	0.2576768554855242
Mol_04066	Mol_03906	0.4085483560982889
Mol_04067	Mol_12445	0.2373459680942866
Mol_04068	Mol_12455	0.2373459680942866
Mol_04069	Mol_06331	0.5020533989248744
Mol_04070	Mol_13801	0.5435862173652397
Mol_04073	Mol_13163	0.0393256657778924
Mol_04087	Mol_04704	0.1442463453985397
Mol_04088	Mol_00367	0.0377654371919931
Mol_04089	Mol_12524	2.220446049250313e-16
Mol_04097	Mol_00021	0.078968203080655
Mol_04100	Mol_15873	0.0354607840827485
Mol_04101	Mol_03652	0.0644159391504844
Mol_04104	Mol_06329	0.0331968958714155
Mol_04105	Mol_11348	0.1184274554355062
Mol_04106	Mol_12085	0.0331968958714153
Mol_04107	Mol_12291	0.0619637350657745
Mol_04110	Mol_02117	0.1576179257000824
Mol_04113	Mol_15765	0.0986929908832761
Mol_04114	Mol_05014	0.5379155923100971
Mol_04125	Mol_15561	0.4787646779139205
Mol_04126	Mol_05261	0.57719987719242
Mol_04129	Mol_01558	0.4725488315837013
Mol_04132	Mol_13181	0.0393256657778924
Mol_04133	Mol_13200	0.1251863309455991
Mol_04135	Mol_01424	0.1293634209104634
Mol_04136	Mol_12506	0.0227812441878926
Mol_04137	Mol_00360	0.4085575595380449
Mol_04143	Mol_04144	0.3809704637866104
Mol_04159	Mol_02167	0.0231690260671442
Mol_04160	Mol_01361	0.109481600517688
Mol_04162	Mol_02168	0.0349170764851292
Mol_04163	Mol_07067	0.1225592166640833
Mol_04164	Mol_16298	0.0491836131612266
Mol_04165	Mol_15393	0.0336217031806636
Mol_04167	Mol_15297	0.0900551031993943
Mol_04170	Mol_10626	0.5235953522840818
Mol_04171	Mol_09777	0.5472981292404082
Mol_04173	Mol_00327	0.0673389533447375
Mol_04175	Mol_13039	0.0602341969529155
Mol_04196	Mol_03223	0.0591485823402233
Mol_04203	Mol_04295	0.6595882953263827
Mol_04204	Mol_06995	0.6742672681940454
Mol_04205	Mol_04289	0.6606270325348749
Mol_04206	Mol_13222	0.6661397660273018
Mol_04207	Mol_01451	0.6670259307169275
Mol_04208	Mol_04426	0.6595882953263827
Mol_04210	Mol_05589	0.4057500918160773
Mol_04211	Mol_04550	0.6595882953263827
Mol_04212	Mol_11494	0.6575278807272543
Mol_04228	Mol_08484	0.0528249276483753
Mol_04232	Mol_05499	0.41470667096897
Mol_04234	Mol_07391	0.41470667096897
Mol_04244	Mol_00263	0.0
Mol_04248	Mol_00271	0.141233535039856
Mol_04256	Mol_19054	0.2139993606462218
Mol_04266	Mol_04996	0.3096349475815365
Mol_04269	Mol_02124	0.0530282212325479
Mol_04280	Mol_08594	0.0565295623006454
Mol_04281	Mol_18545	0.0481731780499232
Mol_04282	Mol_14174	0.4691933643519617
Mol_04283	Mol_11497	0.0411012404506913
Mol_04284	Mol_04366	0.0706068460586368
Mol_04291	Mol_02188	0.1852813243768205
Mol_04292	Mol_11032	0.2709923800112815
Mol_04293	Mol_02785	0.2159277237436922
Mol_04294	Mol_08936	0.232320774680325
Mol_04301	Mol_09092	0.0197798869682527
Mol_04302	Mol_11268	0.047334562623193
Mol_04303	Mol_10827	0.5356799546914478
Mol_04304	Mol_04310	0.4431386840986606
Mol_04305	Mol_05661	0.3379579572608527
Mol_04314	Mol_02394	0.0912975865727233
Mol_04315	Mol_11500	0.1204683939058311
Mol_04316	Mol_11499	0.1928245571166073
Mol_04317	Mol_13806	0.3699011061090358
Mol_04318	Mol_02252	0.4278574359679795
Mol_04321	Mol_01599	0.355371118023516
Mol_04322	Mol_15298	0.3591690923829232
Mol_04323	Mol_09671	0.2139993606462219
Mol_04324	Mol_05841	0.0
Mol_04338	Mol_09087	0.0526442137628988
Mol_04339	Mol_19275	0.0602341969529154
Mol_04340	Mol_01684	0.0602341969529157
Mol_04341	Mol_06217	0.0602341969529157
Mol_04361	Mol_06070	0.0789479169194679
Mol_04364	Mol_02275	0.1587074251233477
Mol_04365	Mol_02495	0.1294740930047603
Mol_04370	Mol_07056	0.0621571886212071
Mol_04373	Mol_07054	0.082650692327732
Mol_04405	Mol_11498	0.100482914548374
Mol_04413	Mol_03347	0.0238397122094764
Mol_04414	Mol_14998	0.0754105279935061
Mol_04416	Mol_10896	0.0075899831900168
Mol_04417	Mol_02391	0.3632056162997318
Mol_04430	Mol_06068	0.1415830345858705
Mol_04431	Mol_11495	0.1004829145483739
Mol_04433	Mol_02376	0.3649932964311174
Mol_04449	Mol_10314	0.0995020488816571
Mol_04462	Mol_15500	0.0075899831900165
Mol_04463	Mol_15199	0.0326396251037996
Mol_04464	Mol_11675	0.0075899831900163
Mol_04465	Mol_18011	0.0130979918244385
Mol_04551	Mol_16632	0.3290530677861372
Mol_04552	Mol_01797	0.3857937873606655
Mol_04553	Mol_02026	0.4234552385305839
Mol_04554	Mol_05516	0.4180572059799442
Mol_04555	Mol_10550	0.1962254739939495
Mol_04556	Mol_10875	0.2284146322549257
Mol_04557	Mol_11668	0.2038331326299224
Mol_04560	Mol_04559	0.0170892413365452
Mol_04575	Mol_14295	0.4263703892539887
Mol_04577	Mol_02468	0.415263268934862
Mol_04578	Mol_04276	0.1394726196145171
Mol_04579	Mol_11693	0.085774453690189
Mol_04581	Mol_01348	0.0629045036549239
Mol_04587	Mol_04400	0.091352093748155
Mol_04588	Mol_19369	0.0398835160686221
Mol_04619	Mol_02281	0.0769023215310459
Mol_04620	Mol_02280	0.2340573498829295
Mol_04621	Mol_02286	0.2340573498829295
Mol_04645	Mol_15784	0.4112734955482712
Mol_04646	Mol_05272	0.4737500950992228
Mol_04647	Mol_14329	0.0736591352186332
Mol_04648	Mol_08831	0.5458834187230122
Mol_04649	Mol_14569	0.282750914136554
Mol_04690	Mol_10979	0.0678241801429309
Mol_04692	Mol_05303	0.1261415268798358
Mol_04726	Mol_01341	0.5200538460502792
Mol_04728	Mol_03393	0.0540503684319042
Mol_04731	Mol_03433	0.0331968958714155
Mol_04734	Mol_15114	0.2137288220018363
Mol_04741	Mol_00178	0.2369816132870647
Mol_04753	Mol_13236	0.5969797324851689
Mol_04754	Mol_04967	0.2279966600086332
Mol_04755	Mol_16279	0.0602341969529153
Mol_04756	Mol_14189	0.0557844582661883
Mol_04757	Mol_05079	0.0
Mol_04758	Mol_15225	0.2426398368653196
Mol_04774	Mol_07874	0.1826450176120918
Mol_04777	Mol_03577	0.1869947661587466
Mol_04783	Mol_16358	0.0639388316051854
Mol_04785	Mol_11261	0.0729098731700109
Mol_04794	Mol_13028	0.0602341969529142
Mol_04796	Mol_03552	0.0509690383007496
Mol_04797	Mol_12295	0.2033769848462369
Mol_04798	Mol_14516	0.0554944676564414
Mol_04799	Mol_15105	0.0632822835147148
Mol_04811	Mol_07049	0.1543538864798554
Mol_04812	Mol_13204	0.1543538864798554
Mol_04813	Mol_07055	0.1097490069603481
Mol_04814	Mol_13205	0.1097490069603481
Mol_04942	Mol_19366	0.0075899831900169
Mol_04956	Mol_08705	0.0494919095226992
Mol_04966	Mol_09065	0.0602341969529153
Mol_04976	Mol_04145	0.3306899456322042
Mol_04978	Mol_18105	0.4206191368844604
Mol_04979	Mol_19196	0.4206191368844604
Mol_04980	Mol_18113	0.1107452343853477
Mol_04981	Mol_19145	0.1107452343853477
Mol_04982	Mol_12032	0.1058504480280383
Mol_04983	Mol_17031	0.1107497900201335
Mol_04986	Mol_16978	0.1303147427593222
Mol_05041	Mol_01120	0.0611335236471559
Mol_05045	Mol_01583	0.0
Mol_05050	Mol_07849	0.0
Mol_05087	Mol_06966	0.0
Mol_05089	Mol_15227	0.0
Mol_05096	Mol_04081	0.0633723419325156
Mol_05104	Mol_01800	0.0976593312696003
Mol_05107	Mol_03846	0.5412748679609188
Mol_05108	Mol_14175	0.579160509262183
Mol_05122	Mol_01251	0.0265009383306188
Mol_05142	Mol_06389	0.2734423322672522
Mol_05143	Mol_01162	0.2323141983873292
Mol_05144	Mol_13465	0.2323141983873292
Mol_05151	Mol_15719	0.4161023949179002
Mol_05152	Mol_00297	0.451406521665018
Mol_05153	Mol_12022	0.0602341969529153
Mol_05154	Mol_01551	0.29337800211533
Mol_05173	Mol_08486	0.6598519276437512
Mol_05174	Mol_18191	0.1187637715400208
Mol_05177	Mol_14215	0.0931289504254898
Mol_05189	Mol_12400	0.6578757665568166
Mol_05190	Mol_14992	0.6629452318783867
Mol_05191	Mol_14301	0.5863694909319355
Mol_05192	Mol_16605	0.6704385471048239
Mol_05193	Mol_11147	0.0034448584418973
Mol_05209	Mol_01799	0.4884745966439297
Mol_05211	Mol_09857	0.6627756638542777
Mol_05212	Mol_15560	0.6050488079862143
Mol_05213	Mol_08607	0.4332242644533625
Mol_05214	Mol_18557	0.6629452318783867
Mol_05219	Mol_05868	2.220446049250313e-16
Mol_05231	Mol_03852	0.0187340061277396
Mol_05241	Mol_01514	0.4058760122885653
Mol_05260	Mol_03467	0.7712822543255557
Mol_05265	Mol_13934	0.6162049369796426
Mol_05268	Mol_01705	0.0
Mol_05269	Mol_01928	2.220446049250313e-16
Mol_05270	Mol_03044	0.0
Mol_05277	Mol_12396	0.1880653199052477
Mol_05279	Mol_06942	0.2171330090418542
Mol_05281	Mol_13131	0.2526294273346431
Mol_05283	Mol_02328	0.2450274792689576
Mol_05284	Mol_13133	0.1959227003283448
Mol_05285	Mol_13195	0.7140229057078594
Mol_05292	Mol_03181	0.2450274792689576
Mol_05293	Mol_15314	0.2450274792689576
Mol_05297	Mol_13365	0.071435925117931
Mol_05310	Mol_18024	0.0246998898208989
Mol_05311	Mol_14449	0.0421768933420141
Mol_05312	Mol_07084	0.0566482871126336
Mol_05313	Mol_09920	0.0
Mol_05314	Mol_14812	0.0
Mol_05336	Mol_10871	0.4296058439801913
Mol_05338	Mol_09653	0.6648596854867902
Mol_05339	Mol_04971	0.4092364598570318
Mol_05340	Mol_10872	0.4232307557927877
Mol_05341	Mol_03236	0.6680800127355192
Mol_05360	Mol_13525	0.6574955528534847
Mol_05361	Mol_03252	0.57329443186117
Mol_05362	Mol_02814	0.3820339315716238
Mol_05363	Mol_14346	0.3820339315716238
Mol_05364	Mol_13534	0.6598943088151051
Mol_05365	Mol_11496	0.658194045730257
Mol_05367	Mol_15631	0.1560327397485802
Mol_05368	Mol_00379	0.1196039092342341
Mol_05369	Mol_08664	0.0489094601297157
Mol_05374	Mol_19102	0.0
Mol_05377	Mol_12033	0.4137202148940035
Mol_05379	Mol_13935	0.5204407906817933
Mol_05380	Mol_11263	0.6685212459955974
Mol_05381	Mol_14522	0.6685212459955974
Mol_05382	Mol_04564	0.6251991115351401
Mol_05383	Mol_11511	0.6595898470912073
Mol_05388	Mol_05052	0.6329073903494675
Mol_05389	Mol_12097	0.660283993368469
Mol_05392	Mol_15403	0.6923174183842525
Mol_05393	Mol_12403	0.6596920426516998
Mol_05404	Mol_01802	0.360237705018592
Mol_05424	Mol_07465	0.1604378630057063
Mol_05430	Mol_08487	0.0528249276483751
Mol_05452	Mol_16122	0.2450274792689576
Mol_05456	Mol_03895	0.2450274792689577
Mol_05470	Mol_03902	0.2450274792689577
Mol_05483	Mol_01139	0.6517338076103907
Mol_05484	Mol_00101	0.1052401310699199
Mol_05485	Mol_00106	0.10524013106992
Mol_05486	Mol_14325	0.4131290255735275
Mol_05487	Mol_14338	0.536529631157602
Mol_05488	Mol_10523	0.5596521114067967
Mol_05489	Mol_01137	0.5255860451773073
Mol_05490	Mol_14342	0.6878599083315334
Mol_05491	Mol_00370	0.0629423495287055
Mol_05495	Mol_15889	0.6610182247917891
Mol_05496	Mol_03761	0.6598943088151051
Mol_05503	Mol_12102	0.6574842693288135
Mol_05504	Mol_15094	0.660283993368469
Mol_05517	Mol_00952	0.4556540133739432
Mol_05518	Mol_11492	0.6628885674587288
Mol_05520	Mol_04265	0.6596080653371288
Mol_05522	Mol_08609	0.4147808022104592
Mol_05523	Mol_04277	0.6652097275130707
Mol_05524	Mol_04580	0.6876782229848354
Mol_05525	Mol_11695	0.6072510986809108
Mol_05526	Mol_10042	0.7656636696915579
Mol_05527	Mol_15169	0.671956579661514
Mol_05529	Mol_15311	0.6588988652372382
Mol_05530	Mol_03410	0.6581294280921984
Mol_05532	Mol_15432	0.6685212459955974
Mol_05533	Mol_00306	0.669912536487848
Mol_05534	Mol_16391	0.4380774037631043
Mol_05537	Mol_03990	0.6599097646669219
Mol_05538	Mol_15226	0.5944446413278236
Mol_05539	Mol_01645	0.236981613287065
Mol_05541	Mol_11856	0.6602374304531758
Mol_05542	Mol_03773	0.657494509792102
Mol_05544	Mol_03746	0.6656932949733011
Mol_05546	Mol_03780	0.657494509792102
Mol_05548	Mol_13446	0.6593957455104371
Mol_05549	Mol_04262	0.659232539324686
Mol_05552	Mol_01610	0.2623818072905268
Mol_05553	Mol_01611	0.2623818072905269
Mol_05554	Mol_16536	0.0602341969529153
Mol_05572	Mol_02189	0.4360379215007585
Mol_05578	Mol_11327	0.0
Mol_05585	Mol_06264	0.0526442137628986
Mol_05586	Mol_04409	0.6871413468954927
Mol_05587	Mol_12021	0.6422995193779991
Mol_05588	Mol_11746	0.3454838386206422
Mol_05596	Mol_11458	0.8228888183148049
Mol_05597	Mol_03233	0.6980747209143919
Mol_05598	Mol_08030	0.664411613819472
Mol_05599	Mol_08713	0.6066317161103704
Mol_05600	Mol_03275	0.6941398523096146
Mol_05601	Mol_04411	0.6589621680008616
Mol_05602	Mol_00826	0.4533803549364454
Mol_05605	Mol_04959	0.3953231059454874
Mol_05615	Mol_06711	2.220446049250313e-16
Mol_05616	Mol_16761	0.0845802544734787
Mol_05617	Mol_01665	0.3270171273353522
Mol_05618	Mol_01667	0.2623818072905268
Mol_05619	Mol_02844	0.3432269233312596
Mol_05620	Mol_04358	0.2933780021153301
Mol_05621	Mol_00883	0.1167637592535607
Mol_05622	Mol_13391	0.5418484284193118
Mol_05623	Mol_01787	0.4737808740441995
Mol_05624	Mol_03747	0.6601285830068393
Mol_05625	Mol_03775	0.6574955528534847
Mol_05627	Mol_06210	0.0602341969529153
Mol_05628	Mol_08028	0.1038697187947141
Mol_05629	Mol_04885	0.2933780021153301
Mol_05632	Mol_04936	0.3272137216166635
Mol_05633	Mol_04938	0.662123683644179
Mol_05634	Mol_00785	0.4851386483862352
Mol_05635	Mol_04944	0.2933780021153301
Mol_05636	Mol_01791	0.236981613287065
Mol_05638	Mol_13723	0.236981613287065
Mol_05639	Mol_03259	0.2386939382976317
Mol_05640	Mol_03261	0.2386939382976317
Mol_05641	Mol_12041	0.6925612410024642
Mol_05642	Mol_08801	0.7067344878036022
Mol_05644	Mol_03765	0.6601285830068393
Mol_05655	Mol_16114	0.2450274792689577
Mol_05656	Mol_16115	0.2450274792689577
Mol_05658	Mol_02681	0.4122259894039293
Mol_05662	Mol_05664	1.6653345369377348e-16
Mol_05668	Mol_12611	0.0074092693045402
Mol_05673	Mol_14061	0.0338850478374107
Mol_05684	Mol_01816	0.4737808740441995
Mol_05685	Mol_02021	0.4737808740441995
Mol_05686	Mol_02023	0.4737808740441995
Mol_05687	Mol_04622	0.663214864362421
Mol_05688	Mol_02045	0.6650015842769472
Mol_05690	Mol_04778	0.5771515059194788
Mol_05691	Mol_05068	0.5018051892712764
Mol_05692	Mol_05074	0.5247636145810538
Mol_05693	Mol_05078	0.2933780021153301
Mol_05694	Mol_05251	0.4973091673940398
Mol_05695	Mol_06960	0.4973091673940398
Mol_05696	Mol_02807	0.4653026720658031
Mol_05697	Mol_06337	0.236981613287065
Mol_05698	Mol_01671	0.236981613287065
Mol_05710	Mol_01682	0.0
Mol_05711	Mol_05000	0.0231125529779329
Mol_05720	Mol_04090	0.0794764608835583
Mol_05723	Mol_05098	0.0534255582460922
Mol_05724	Mol_02232	2.220446049250313e-16
Mol_05725	Mol_08602	0.2769710098074766
Mol_05726	Mol_01683	0.0602341969529153
Mol_05727	Mol_01794	0.0
Mol_05733	Mol_04079	0.6712708453727869
Mol_05734	Mol_07462	0.662123683644179
Mol_05735	Mol_16256	0.6199816706942285
Mol_05736	Mol_10246	0.3106306916014078
Mol_05740	Mol_01643	0.0398835160686221
Mol_05741	Mol_00105	0.412723346569964
Mol_05742	Mol_06776	0.3829791756035913
Mol_05764	Mol_05759	0.1368606451830555
Mol_05769	Mol_13491	0.3705626487536411
Mol_05770	Mol_12015	0.5284837842484462
Mol_05780	Mol_00140	0.5302300315674549
Mol_05798	Mol_07599	0.2426398368653199
Mol_05799	Mol_07473	0.2623818072905268
Mol_05806	Mol_05429	0.1204683939058307
Mol_05807	Mol_05722	0.4766362575465432
Mol_05808	Mol_01795	0.478550758203685
Mol_05809	Mol_01798	0.4737808740441995
Mol_05810	Mol_01808	0.0
Mol_05811	Mol_09802	0.2333468046216451
Mol_05812	Mol_01154	0.5018051892712764
Mol_05815	Mol_13388	0.29337800211533
Mol_05820	Mol_14382	0.4833100707942107
Mol_05821	Mol_14387	0.1928040347364961
Mol_05823	Mol_18117	0.2333468046216451
Mol_05835	Mol_09915	0.0
Mol_05867	Mol_05864	0.0526442137628988
Mol_05869	Mol_07648	0.0
Mol_05877	Mol_09665	0.1186625044227745
Mol_05879	Mol_11413	0.0356147981871291
Mol_05881	Mol_04078	0.6819923411538357
Mol_05882	Mol_16056	0.7295571312500841
Mol_05883	Mol_03766	0.6601285830068393
Mol_05884	Mol_03274	0.7350771473368832
Mol_05931	Mol_05760	0.5409175483155448
Mol_05932	Mol_02243	0.4282139193004752
Mol_05933	Mol_04399	0.7233461956200116
Mol_05935	Mol_16633	2.1510571102112408e-16
Mol_05936	Mol_00694	0.0136555659283906
Mol_05946	Mol_01818	0.478550758203685
Mol_05949	Mol_05762	0.5663684627430743
Mol_05951	Mol_05763	0.5663684627430743
Mol_05952	Mol_06094	0.4853156417827716
Mol_05953	Mol_10248	0.646579750319003
Mol_05954	Mol_07025	0.477661988308677
Mol_05955	Mol_18119	0.5247636145810538
Mol_05959	Mol_04096	0.5110209699998761
Mol_06033	Mol_13536	0.6587813222171054
Mol_06036	Mol_14688	0.265653539701609
Mol_06037	Mol_06781	0.1236668500303227
Mol_06047	Mol_01825	0.477692649714708
Mol_06053	Mol_04776	0.2484227630577232
Mol_06054	Mol_13593	0.6583293641458068
Mol_06055	Mol_04263	0.6733969366995664
Mol_06056	Mol_04964	0.4265497057552964
Mol_06057	Mol_05005	0.5758615915212393
Mol_06058	Mol_08704	0.5758615915212392
Mol_06059	Mol_14399	0.2096957144054411
Mol_06060	Mol_18902	0.0201194205623287
Mol_06061	Mol_18903	0.0602341969529151
Mol_06062	Mol_08157	0.0697417683695796
Mol_06063	Mol_00428	0.2940704161522409
Mol_06064	Mol_16977	0.0714258146653991
Mol_06065	Mol_16974	0.1075249883074027
Mol_06066	Mol_16972	0.1499037736760286
Mol_06067	Mol_05004	0.4560941638270412
Mol_06071	Mol_05288	0.055187594731185
Mol_06072	Mol_02982	0.0757918341018048
Mol_06073	Mol_10034	0.1015144649648793
Mol_06074	Mol_00150	0.1065686149051312
Mol_06075	Mol_07384	0.1220966822920599
Mol_06076	Mol_00148	0.1111318726083017
Mol_06077	Mol_04750	0.0934666229682856
Mol_06078	Mol_00726	0.1018608397334988
Mol_06079	Mol_16260	0.1223035994819559
Mol_06080	Mol_14453	0.1111318726083017
Mol_06081	Mol_02494	0.1018608397334988
Mol_06082	Mol_10549	0.0848283133515592
Mol_06083	Mol_00824	0.1018608397334988
Mol_06084	Mol_07026	0.119823443562555
Mol_06085	Mol_16245	0.1279254520280998
Mol_06086	Mol_11956	0.2054184044380971
Mol_06087	Mol_07540	0.1432199141052378
Mol_06088	Mol_00103	0.1127193525530708
Mol_06089	Mol_06848	0.1018608397334988
Mol_06090	Mol_08740	0.1018608397334988
Mol_06091	Mol_16963	0.4548213628912467
Mol_06095	Mol_13134	0.6575278807272543
Mol_06101	Mol_07407	0.7773509737359681
Mol_06105	Mol_05100	0.6255337243905211
Mol_06106	Mol_04367	0.0331035521995727
Mol_06107	Mol_16400	0.0331035521995729
Mol_06108	Mol_16403	0.0331035521995727
Mol_06109	Mol_05001	0.4747139712420577
Mol_06110	Mol_01826	0.478550758203685
Mol_06111	Mol_02012	0.478550758203685
Mol_06112	Mol_18125	0.4973091673940398
Mol_06113	Mol_18127	0.4973091673940398
Mol_06114	Mol_18178	0.4973091673940398
Mol_06115	Mol_18656	0.4973091673940398
Mol_06116	Mol_19243	0.5018051892712764
Mol_06117	Mol_19342	0.5018051892712764
Mol_06118	Mol_02022	0.478550758203685
Mol_06119	Mol_02027	0.478550758203685
Mol_06120	Mol_01820	0.4737808740441995
Mol_06121	Mol_02025	0.4737808740441995
Mol_06130	Mol_06192	0.4742596057719236
Mol_06131	Mol_07541	0.5735749532546439
Mol_06143	Mol_18546	0.6574840728784612
Mol_06144	Mol_02057	0.4737808740441995
Mol_06146	Mol_16172	0.1993189700217109
Mol_06147	Mol_14370	0.199318970021711
Mol_06148	Mol_16569	0.0632072104444728
Mol_06149	Mol_12345	0.0925561235324121
Mol_06153	Mol_00293	0.6329073903494671
Mol_06154	Mol_11088	0.4747139712420577
Mol_06155	Mol_12012	0.4747139712420577
Mol_06156	Mol_05930	0.625333058868228
Mol_06159	Mol_18465	0.4747139712420577
Mol_06160	Mol_19348	0.29337800211533
Mol_06161	Mol_01161	0.5018051892712765
Mol_06162	Mol_01980	0.3324957269175762
Mol_06163	Mol_03258	0.238841627273094
Mol_06164	Mol_06145	0.4737808740441995
Mol_06165	Mol_10868	0.1239157132780187
Mol_06168	Mol_10869	0.4785507582036851
Mol_06175	Mol_10873	0.0602341969529155
Mol_06184	Mol_15024	0.0002597762103728
Mol_06195	Mol_01376	0.2051708338784566
Mol_06196	Mol_02393	0.2051708338784566
Mol_06205	Mol_16404	0.4084298029182692
Mol_06206	Mol_18067	0.4241375916119826
Mol_06209	Mol_13726	0.0602341969529155
Mol_06214	Mol_04231	0.5247636145810538
Mol_06215	Mol_13727	2.220446049250313e-16
Mol_06222	Mol_15608	0.0450275515996969
Mol_06229	Mol_04884	0.2323141983873294
Mol_06230	Mol_04945	0.4013075177897726
Mol_06231	Mol_14163	0.5744193841498069
Mol_06232	Mol_05070	0.451406521665018
Mol_06235	Mol_07406	0.4513334543785441
Mol_06236	Mol_16258	0.5012853639085404
Mol_06254	Mol_13394	0.56930283237973
Mol_06255	Mol_18112	0.5018051892712764
Mol_06256	Mol_15166	0.238841627273094
Mol_06258	Mol_00112	0.4972558283867899
Mol_06259	Mol_04396	0.6584443942518908
Mol_06260	Mol_04977	0.49725582838679
Mol_06265	Mol_18124	0.29337800211533
Mol_06266	Mol_19343	0.4425101233861677
Mol_06267	Mol_07397	0.4025451958617825
Mol_06268	Mol_00861	0.3435885295801138
Mol_06269	Mol_06099	0.5643051862860613
Mol_06270	Mol_17033	0.4972558283867899
Mol_06271	Mol_12011	0.49725582838679
Mol_06274	Mol_04397	0.6598396660346951
Mol_06275	Mol_06223	0.2104739687606113
Mol_06276	Mol_12214	0.5285917621378664
Mol_06294	Mol_15170	0.6588941728090748
Mol_06305	Mol_09214	0.6129321931857663
Mol_06306	Mol_09404	0.3850109360684881
Mol_06307	Mol_03666	0.6629551657383889
Mol_06308	Mol_10834	0.4259707063109381
Mol_06309	Mol_16834	0.4882908042056055
Mol_06310	Mol_04152	0.351141710648918
Mol_06311	Mol_00845	0.4200480039339708
Mol_06312	Mol_00880	0.4200480039339708
Mol_06313	Mol_08599	0.4200480039339708
Mol_06322	Mol_01134	0.2373147019763814
Mol_06323	Mol_01028	0.407999044483033
Mol_06324	Mol_15951	0.4101191869420337
Mol_06325	Mol_15953	0.4155483012942014
Mol_06326	Mol_00693	0.4092854545169461
Mol_06333	Mol_05405	0.2812713428780903
Mol_06334	Mol_05637	0.0602341969529155
Mol_06335	Mol_15032	0.1205545299356591
Mol_06338	Mol_06098	0.611201181723001
Mol_06352	Mol_08482	0.6696039544615431
Mol_06353	Mol_02861	0.7859275106409292
Mol_06354	Mol_04714	0.6598943088151051
Mol_06355	Mol_16040	0.5783082739173294
Mol_06356	Mol_00124	0.6345531386860989
Mol_06357	Mol_13445	0.6646738200588447
Mol_06358	Mol_00967	0.3868253914313332
Mol_06359	Mol_00110	0.4047225282546958
Mol_06360	Mol_03049	0.1979127279614538
Mol_06361	Mol_09405	0.4170297834435326
Mol_06362	Mol_02377	0.282952285156643
Mol_06363	Mol_02378	0.2230648087113243
Mol_06373	Mol_12213	0.6565631327659579
Mol_06376	Mol_03048	0.5778902141154934
Mol_06377	Mol_03409	0.6612517152653002
Mol_06380	Mol_00941	0.6728948612397688
Mol_06381	Mol_03263	0.6345531386860989
Mol_06388	Mol_00045	0.2849987532677176
Mol_06410	Mol_11549	0.6577462198864541
Mol_06412	Mol_05938	0.3868253914313333
Mol_06418	Mol_03383	0.5778902141154934
Mol_06424	Mol_03359	0.6402966294113066
Mol_06455	Mol_16259	0.6210297067782851
Mol_06515	Mol_01590	0.5960471196209035
Mol_06516	Mol_01591	0.6344127221013022
Mol_06517	Mol_00875	0.5765618796915873
Mol_06518	Mol_17029	0.390605016759133
Mol_06519	Mol_10551	0.2703671000275013
Mol_06520	Mol_04962	0.201379817727306
Mol_06521	Mol_01592	0.4323934981407907
Mol_06522	Mol_01597	0.4839126681437865
Mol_06523	Mol_02065	0.4839126681437865
Mol_06712	Mol_03102	0.6589334794489756
Mol_06719	Mol_00876	0.1915105267809499
Mol_06720	Mol_06182	0.1196433652682939
Mol_06722	Mol_01419	0.5869148895433288
Mol_06724	Mol_00899	0.3002921653356257
Mol_06758	Mol_07496	0.6577992973785933
Mol_06759	Mol_11386	0.425970706310938
Mol_06760	Mol_04290	0.6629781206788923
Mol_06763	Mol_09906	0.6327369035861801
Mol_06766	Mol_09917	0.6327369035861801
Mol_06767	Mol_03767	0.6601285830068393
Mol_06768	Mol_18745	0.7038606630328251
Mol_06769	Mol_13622	0.6035886202691758
Mol_06770	Mol_10781	0.4259707063109382
Mol_06771	Mol_03360	0.619544577513828
Mol_06772	Mol_15258	0.6890569156500328
Mol_06773	Mol_04712	0.6598943088151051
Mol_06774	Mol_03441	0.6259245919787718
Mol_06784	Mol_08780	0.7106898762760283
Mol_06785	Mol_02923	0.7289656167024333
Mol_06786	Mol_06818	0.6280439169490922
Mol_06787	Mol_13640	0.6249585267791188
Mol_06788	Mol_09406	0.394941225303253
Mol_06789	Mol_09408	0.394941225303253
Mol_06790	Mol_09409	0.2890196135535064
Mol_06791	Mol_13264	0.3121238734806387
Mol_06792	Mol_09620	0.2464075139553212
Mol_06795	Mol_14983	0.6249585267791188
Mol_06796	Mol_13633	0.6647645468070491
Mol_06797	Mol_00921	0.6815815170514544
Mol_06798	Mol_15141	0.6984637343798494
Mol_06803	Mol_13048	0.6609730898462589
Mol_06804	Mol_08712	0.6624292672041188
Mol_06806	Mol_10667	0.6612515603600386
Mol_06807	Mol_03442	0.5434310831212249
Mol_06808	Mol_07534	0.5434310831212249
Mol_06812	Mol_02170	0.1922277803285027
Mol_06816	Mol_13973	0.4833100707942107
Mol_06817	Mol_02046	0.6650015842769472
Mol_06819	Mol_16771	0.7145329459431229
Mol_06820	Mol_02940	0.7249988020081581
Mol_06822	Mol_13854	0.6193074857468023
Mol_06823	Mol_13667	0.6612515603600386
Mol_06824	Mol_01155	0.4212908108893307
Mol_06825	Mol_03251	0.4853787280051644
Mol_06826	Mol_19194	0.4839126681437865
Mol_06828	Mol_03731	0.1255456568573446
Mol_06829	Mol_05015	0.4738489793729267
Mol_06830	Mol_09918	0.4738489793729267
Mol_06831	Mol_05803	0.4852796737306397
Mol_06837	Mol_15309	0.0401772313489465
Mol_06839	Mol_10977	0.4116789817801066
Mol_06840	Mol_14018	0.5291657606906672
Mol_06841	Mol_12586	0.5291657606906672
Mol_06842	Mol_04763	0.5029423161848023
Mol_06860	Mol_18422	0.0565107379375746
Mol_06868	Mol_10355	0.2383637906160605
Mol_06879	Mol_13316	0.0037046346522697
Mol_06894	Mol_01668	0.2323141983873292
Mol_06895	Mol_16924	0.0397195608966723
Mol_06897	Mol_04327	0.0538967614372238
Mol_06898	Mol_14188	0.0772496679421932
Mol_06907	Mol_01226	0.1584919041563845
Mol_06909	Mol_13547	0.3594008165646559
Mol_06910	Mol_11984	0.0261358366634002
Mol_06911	Mol_16857	0.0
Mol_06916	Mol_13010	0.1700973073659931
Mol_06917	Mol_11053	0.0410194703402573
Mol_06918	Mol_10329	0.253053905415863
Mol_06919	Mol_10250	0.0528249276483754
Mol_06923	Mol_16212	0.0377654371919931
Mol_06926	Mol_06904	0.0239545704552977
Mol_06930	Mol_11861	0.047639425556506
Mol_06936	Mol_14303	0.6004182468621204
Mol_06938	Mol_15755	0.0710389606612384
Mol_06940	Mol_14059	0.7301284818279656
Mol_06944	Mol_02397	0.037452952765023
Mol_06946	Mol_09235	0.0622604725993995
Mol_06947	Mol_00180	0.1131758754071299
Mol_06949	Mol_08326	0.0075899831900168
Mol_06965	Mol_03277	0.0487974805836548
Mol_06978	Mol_07290	0.2531001591064813
Mol_06980	Mol_07289	0.3165193079890437
Mol_06982	Mol_04782	0.2644337583910904
Mol_06984	Mol_14845	0.4076693874427676
Mol_06986	Mol_08022	0.0037046346522703
Mol_07004	Mol_10277	0.4265616510602472
Mol_07005	Mol_01017	0.4136666000761979
Mol_07006	Mol_08568	0.4288241178043088
Mol_07007	Mol_02390	0.2241575560522611
Mol_07008	Mol_01018	0.2648152339893824
Mol_07009	Mol_05766	0.3491597229138236
Mol_07010	Mol_03848	0.3092573535187133
Mol_07011	Mol_12083	0.0520040887567618
Mol_07013	Mol_07039	0.0557481086057046
Mol_07015	Mol_09570	0.0075899831900165
Mol_07018	Mol_16609	0.0243795421749026
Mol_07028	Mol_01030	0.4340169249491658
Mol_07035	Mol_08734	0.1508224391221191
Mol_07037	Mol_17044	0.2146499962561115
Mol_07038	Mol_05670	0.2230777400661317
Mol_07050	Mol_13799	0.1574708963616272
Mol_07057	Mol_16730	0.0526442137628983
Mol_07058	Mol_08235	0.0390756128616976
Mol_07059	Mol_02718	0.3711149977483277
Mol_07060	Mol_02174	0.3146770098174935
Mol_07062	Mol_07040	0.0639388316051855
Mol_07064	Mol_14161	0.2190134858771306
Mol_07065	Mol_08054	0.0646055886088812
Mol_07066	Mol_08467	0.0619179007021055
Mol_07070	Mol_15095	0.2226254325768714
Mol_07071	Mol_13274	0.0257488442189611
Mol_07073	Mol_02321	0.0150143119850132
Mol_07091	Mol_02706	0.0
Mol_07092	Mol_04153	0.0
Mol_07093	Mol_13016	0.1792230812281562
Mol_07094	Mol_03651	0.1804787262841854
Mol_07095	Mol_02719	0.2438865541762226
Mol_07096	Mol_13387	0.2958780984038381
Mol_07098	Mol_13094	0.3893235083232471
Mol_07099	Mol_16753	0.4407433489661027
Mol_07101	Mol_12247	0.2369816132870647
Mol_07102	Mol_10764	0.1062326812105706
Mol_07103	Mol_01136	0.2369816132870647
Mol_07104	Mol_12333	0.1606507854606648
Mol_07106	Mol_01464	0.0331968958714156
Mol_07110	Mol_12482	0.0692111060869446
Mol_07111	Mol_02227	0.0503166735145736
Mol_07112	Mol_02694	0.0396947757897862
Mol_07113	Mol_13369	0.0882695371245258
Mol_07124	Mol_13386	0.1186729840471431
Mol_07125	Mol_12421	0.1186729840471431
Mol_07126	Mol_13372	0.0214230593409808
Mol_07127	Mol_09054	0.2373459680942866
Mol_07129	Mol_10068	0.0503166735145736
Mol_07133	Mol_01393	0.2860861156736555
Mol_07139	Mol_03894	0.3069428422830411
Mol_07141	Mol_04197	0.2582729923155517
Mol_07145	Mol_10795	0.0738493604293334
Mol_07154	Mol_16176	0.076784477627483
Mol_07156	Mol_07256	0.2411069490575283
Mol_07158	Mol_16553	0.1636068608083321
Mol_07162	Mol_01505	0.2369816132870647
Mol_07182	Mol_12481	0.1941030746919162
Mol_07183	Mol_03303	0.0503166735145736
Mol_07184	Mol_15281	0.0503166735145736
Mol_07185	Mol_16151	0.2648134503447974
Mol_07187	Mol_01930	0.4263692031680214
Mol_07189	Mol_07263	0.200969330066033
Mol_07214	Mol_16662	0.1364763302184289
Mol_07215	Mol_18346	0.2258914779809811
Mol_07229	Mol_08540	0.0481222747112717
Mol_07235	Mol_07120	0.2369816132870647
Mol_07237	Mol_07121	0.2426398368653196
Mol_07240	Mol_12086	0.2369816132870647
Mol_07241	Mol_08304	0.0430178103611034
Mol_07242	Mol_12249	0.0540503684319042
Mol_07254	Mol_18347	0.2177584842452321
Mol_07255	Mol_04688	0.2089457260985459
Mol_07257	Mol_02567	0.40419870941671
Mol_07264	Mol_01391	0.3206396146148659
Mol_07265	Mol_02312	0.2571645546212924
Mol_07278	Mol_02324	0.2128605760667496
Mol_07281	Mol_01982	0.0701539516286775
Mol_07286	Mol_14294	0.2029113288311348
Mol_07291	Mol_10632	0.657494509792102
Mol_07293	Mol_08956	0.0302912262089529
Mol_07295	Mol_14407	0.0364233132309527
Mol_07296	Mol_00155	0.0750952938930729
Mol_07297	Mol_14408	0.0845208430160553
Mol_07298	Mol_06045	0.0307924160442926
Mol_07303	Mol_00275	0.0074243287949965
Mol_07307	Mol_14896	0.0345393738327706
Mol_07309	Mol_18453	0.0866198862647751
Mol_07310	Mol_01757	0.0750952938930729
Mol_07311	Mol_16208	0.0480349434636114
Mol_07318	Mol_01861	0.0760987789492566
Mol_07319	Mol_15211	0.0147658303924834
Mol_07327	Mol_07029	0.103961848587472
Mol_07328	Mol_07360	0.0
Mol_07329	Mol_07361	0.0
Mol_07330	Mol_07362	0.0
Mol_07331	Mol_05862	0.0553312319707737
Mol_07332	Mol_07364	0.0
Mol_07333	Mol_13419	0.0
Mol_07334	Mol_15588	0.0208855680080137
Mol_07335	Mol_00719	0.0184758980023024
Mol_07336	Mol_07779	0.0165611515552149
Mol_07353	Mol_07372	0.0602341969529154
Mol_07357	Mol_05370	0.1482235775304106
Mol_07388	Mol_07430	0.0499012293328457
Mol_07389	Mol_07647	0.1508396212837401
Mol_07421	Mol_01968	0.1580811306076605
Mol_07428	Mol_07359	0.0
Mol_07449	Mol_15219	0.1508396212837399
Mol_07523	Mol_01560	1.1102230246251563e-16
Mol_07535	Mol_07536	0.0
Mol_07537	Mol_05650	0.0526442137628989
Mol_07538	Mol_00596	0.0897653848678387
Mol_07562	Mol_01027	0.4093573975248592
Mol_07578	Mol_10853	0.4319822473429454
Mol_07579	Mol_00269	0.5960471196209035
Mol_07580	Mol_00296	0.634412722101302
Mol_07581	Mol_11107	0.6449930470280673
Mol_07582	Mol_01581	0.5869148895433288
Mol_07583	Mol_04201	0.6316112235294677
Mol_07584	Mol_19367	0.2426398368653196
Mol_07585	Mol_00047	0.3644152032799609
Mol_07586	Mol_00892	0.332416133489974
Mol_07587	Mol_06034	0.4380424362432914
Mol_07588	Mol_01612	0.2623818072905269
Mol_07589	Mol_18057	0.6206355133218727
Mol_07590	Mol_16910	0.3781863783173344
Mol_07592	Mol_04080	0.3370832424198556
Mol_07593	Mol_00791	0.2884965047413216
Mol_07596	Mol_09988	0.4476919891215702
Mol_07597	Mol_11223	0.4306870825717416
Mol_07598	Mol_00790	0.6139456446350929
Mol_07605	Mol_04343	0.6009115139090042
Mol_07606	Mol_04891	0.5452171626169242
Mol_07608	Mol_08701	0.2731541334581775
Mol_07613	Mol_03715	0.6502680648403025
Mol_07644	Mol_04255	0.049199355321001
Mol_07650	Mol_07423	0.0074243287949964
Mol_07658	Mol_13872	0.0644448040634241
Mol_07661	Mol_05159	0.1206326218417027
Mol_07665	Mol_07419	0.218036403570175
Mol_07676	Mol_08176	2.220446049250313e-16
Mol_07680	Mol_13639	0.6585645059270493
Mol_07681	Mol_12530	0.5974483287285486
Mol_07683	Mol_11212	0.6004576082045254
Mol_07684	Mol_00221	0.0772256116363718
Mol_07685	Mol_00266	0.6745576464827672
Mol_07688	Mol_13502	0.0911941879154997
Mol_07698	Mol_11442	0.0
Mol_07700	Mol_02469	0.4437556001064149
Mol_07702	Mol_11440	0.4401229938723698
Mol_07721	Mol_15292	0.7181623552222286
Mol_07744	Mol_00396	0.1202876800203549
Mol_07760	Mol_18193	0.4128615080333435
Mol_07761	Mol_04238	0.4100905907863739
Mol_07762	Mol_05013	0.2484255704820135
Mol_07763	Mol_01685	0.0971812999709349
Mol_07767	Mol_03045	0.1365033634529346
Mol_07776	Mol_02715	0.2514840073868969
Mol_07796	Mol_08733	0.0960060836594615
Mol_07798	Mol_13637	0.1353316807270921
Mol_07805	Mol_12942	0.1996190462781319
Mol_07806	Mol_13953	0.2129532729870464
Mol_07807	Mol_04082	0.2054248318456286
Mol_07808	Mol_15271	0.2054248318456287
Mol_07812	Mol_04965	0.3079018630324865
Mol_07814	Mol_00046	0.3184839710041503
Mol_07816	Mol_11556	0.6577462198864541
Mol_07817	Mol_00865	0.6508335239953782
Mol_07819	Mol_15145	0.6577462198864541
Mol_07854	Mol_04328	0.3553711180235163
Mol_07855	Mol_01970	0.3591690923829234
Mol_07861	Mol_05086	0.6447896729311189
Mol_07862	Mol_15262	0.6590725854851996
Mol_07864	Mol_01025	0.4087569643653158
Mol_07875	Mol_03361	0.389921562086048
Mol_07882	Mol_04701	0.6605857100148973
Mol_07883	Mol_00305	0.7184307058211388
Mol_07884	Mol_14173	0.4744284247727285
Mol_07891	Mol_12902	0.4909569915216525
Mol_07892	Mol_00025	0.0876499508154823
Mol_07898	Mol_00792	0.5951711816133939
Mol_07899	Mol_09388	0.5307229477737644
Mol_07903	Mol_03701	0.5921501919469547
Mol_07904	Mol_05728	0.135348694021171
Mol_07906	Mol_15138	0.6651749461657083
Mol_07907	Mol_04311	0.6769204957635334
Mol_07908	Mol_04264	0.6585862736977437
Mol_07909	Mol_09389	0.5434810619630923
Mol_07910	Mol_02543	0.6594338934438922
Mol_07922	Mol_09390	0.2370022378267667
Mol_07961	Mol_10176	0.0
Mol_07962	Mol_13400	0.0239545704552976
Mol_07963	Mol_03035	0.0
Mol_07964	Mol_00427	0.3166624954870589
Mol_07965	Mol_13035	0.40052653689588
Mol_07966	Mol_12036	0.3209716643677817
Mol_07967	Mol_11900	0.4171695650273098
Mol_07968	Mol_00131	0.4791543048234278
Mol_07969	Mol_11720	0.4798386408912691
Mol_07970	Mol_00429	0.4948057637185112
Mol_07974	Mol_13084	0.3166663773180496
Mol_07975	Mol_09980	0.2959643157174141
Mol_07976	Mol_02492	0.1015981025503154
Mol_07992	Mol_03781	0.0565295623006447
Mol_07993	Mol_18741	0.107666573954249
Mol_07994	Mol_13533	0.0424447427191099
Mol_07995	Mol_03522	0.1840667766833456
Mol_07996	Mol_18742	0.2584166779178103
Mol_07997	Mol_15001	0.3429208581368838
Mol_07998	Mol_15031	0.31405940192504
Mol_07999	Mol_04705	0.3518894074846777
Mol_08000	Mol_13526	0.2599983378568286
Mol_08011	Mol_08010	0.0
Mol_08014	Mol_00738	0.434229472285413
Mol_08018	Mol_03969	0.0874827812773989
Mol_08019	Mol_00181	0.018553292242263
Mol_08020	Mol_13221	0.4767978906973433
Mol_08021	Mol_02858	0.4864409769385251
Mol_08029	Mol_08686	0.0
Mol_08033	Mol_02171	0.2446239770692566
Mol_08036	Mol_08659	0.3324957269175758
Mol_08037	Mol_00662	0.3006094816712376
Mol_08043	Mol_11750	0.2664454474625636
Mol_08059	Mol_06345	0.3796107095768606
Mol_08061	Mol_03953	0.4310672447085522
Mol_08062	Mol_07488	0.1498565421206421
Mol_08106	Mol_02037	0.0602341969529156
Mol_08139	Mol_11908	0.1563592624265491
Mol_08140	Mol_08830	0.452016333711937
Mol_08141	Mol_16559	0.1730766774754811
Mol_08142	Mol_09250	0.4709638443673432
Mol_08143	Mol_03703	0.5008607051050086
Mol_08144	Mol_00113	0.6549127206232443
Mol_08148	Mol_03036	0.0
Mol_08179	Mol_02042	0.0602341969529155
Mol_08180	Mol_04115	0.0810883355496471
Mol_08181	Mol_12862	0.1033201664427601
Mol_08188	Mol_14444	0.036296430883226
Mol_08205	Mol_16326	0.0917387548128007
Mol_08206	Mol_16110	0.1204683939058307
Mol_08254	Mol_04108	0.053217437456429
Mol_08256	Mol_13364	0.0246939311856743
Mol_08258	Mol_10796	0.0672957396085121
Mol_08260	Mol_14611	0.106892948327675
Mol_08261	Mol_09338	0.0949946375964527
Mol_08262	Mol_10787	0.0949946375964531
Mol_08263	Mol_00322	0.2225745380866334
Mol_08264	Mol_13368	0.0578234533230536
Mol_08265	Mol_16318	0.0606261047164459
Mol_08269	Mol_08259	0.1228766114808207
Mol_08270	Mol_08995	0.2426398368653196
Mol_08274	Mol_13370	0.0495212110162912
Mol_08275	Mol_16178	0.2642210027455225
Mol_08284	Mol_16660	0.2265808405794579
Mol_08285	Mol_03568	0.0614473365404506
Mol_08290	Mol_03237	0.4135238155233076
Mol_08293	Mol_16313	0.0716403914403563
Mol_08294	Mol_16314	0.0716403914403563
Mol_08310	Mol_00364	0.0986747400323468
Mol_08312	Mol_16130	0.2398298074538445
Mol_08313	Mol_15615	0.0917387548128008
Mol_08338	Mol_10269	0.1299371145996714
Mol_08381	Mol_13305	0.0572484891467302
Mol_08422	Mol_16328	0.0422124175144585
Mol_08448	Mol_09444	0.5604618484870632
Mol_08474	Mol_08431	2.220446049250313e-16
Mol_08507	Mol_01719	0.0199009778525511
Mol_08589	Mol_11548	0.6602392843966067
Mol_08590	Mol_15490	0.660572216410401
Mol_08593	Mol_15504	0.6600414863534763
Mol_08613	Mol_05435	0.5962953534565013
Mol_08615	Mol_03782	0.6608270759991673
Mol_08623	Mol_09392	0.5925295014814176
Mol_08631	Mol_18182	0.5962953534565013
Mol_08654	Mol_01382	0.4431867009311048
Mol_08655	Mol_07041	0.4272581349629022
Mol_08662	Mol_01267	0.5580712494274195
Mol_08692	Mol_03868	0.2221859614602238
Mol_08694	Mol_02176	0.3113965110358141
Mol_08695	Mol_02172	0.2920278401358495
Mol_08696	Mol_02155	0.2125569222828019
Mol_08706	Mol_03778	0.4078390369053707
Mol_08707	Mol_09326	0.6984536305246379
Mol_08708	Mol_03050	0.5123799670291939
Mol_08710	Mol_05753	0.4993890104795622
Mol_08711	Mol_02827	0.559414818794103
Mol_08714	Mol_02198	0.7026811656961288
Mol_08717	Mol_10003	0.6740176857210699
Mol_08727	Mol_12385	0.4880712673450621
Mol_08730	Mol_05754	0.1969078817516431
Mol_08731	Mol_09393	0.1346848914506015
Mol_08732	Mol_05081	0.4957459782048407
Mol_08741	Mol_03583	0.0602341969529151
Mol_08742	Mol_10821	0.4071613296864199
Mol_08743	Mol_06901	0.4462718184831366
Mol_08744	Mol_12941	0.2351870369516244
Mol_08751	Mol_14375	0.2174895936240359
Mol_08753	Mol_12037	0.0910893917723399
Mol_08754	Mol_02939	0.0734497603950672
Mol_08756	Mol_02926	0.1783986733805583
Mol_08759	Mol_10915	0.2652614200567315
Mol_08760	Mol_16833	0.2343836334672809
Mol_08773	Mol_16780	0.1031929583476691
Mol_08778	Mol_08779	0.0797913813467745
Mol_08790	Mol_09209	0.670136097094756
Mol_08791	Mol_16803	0.6534920294249514
Mol_08793	Mol_02955	0.6588849787161273
Mol_08795	Mol_11948	0.6745649690266103
Mol_08797	Mol_12946	0.6015420928685099
Mol_08798	Mol_05732	0.6023922256003613
Mol_08799	Mol_02927	0.658937135352915
Mol_08816	Mol_08782	0.153337869566565
Mol_08817	Mol_08781	0.2235376197678907
Mol_08819	Mol_02932	0.3775094173825979
Mol_08820	Mol_02658	0.6596746076816291
Mol_08825	Mol_09761	0.156550864806143
Mol_08826	Mol_00068	0.0
Mol_08937	Mol_12402	0.03543014159917
Mol_08952	Mol_02375	0.298228182544827
Mol_08953	Mol_13848	0.3095283669591481
Mol_08955	Mol_16184	0.2367250043566124
Mol_08983	Mol_01006	0.4086230899422007
Mol_08984	Mol_07086	0.4113048840114211
Mol_09001	Mol_02716	0.4357813032619685
Mol_09004	Mol_16223	0.0356147981871288
Mol_09006	Mol_02554	0.1159996389120608
Mol_09007	Mol_12209	0.1615094126992632
Mol_09008	Mol_11765	0.167735157842826
Mol_09009	Mol_10178	0.2095664740866299
Mol_09011	Mol_01001	0.4613127818271113
Mol_09018	Mol_13694	0.4082042696349877
Mol_09022	Mol_09046	0.3226735961745726
Mol_09030	Mol_10720	0.1143128575218935
Mol_09031	Mol_14230	0.0674858491944127
Mol_09032	Mol_16299	0.0470581208872252
Mol_09035	Mol_08330	0.0602863973661239
Mol_09067	Mol_16038	0.4767766209726448
Mol_09086	Mol_01653	0.2763426408460946
Mol_09098	Mol_07173	0.1318076209983907
Mol_09099	Mol_01296	0.1318076209983907
Mol_09100	Mol_03523	0.1995592954844776
Mol_09103	Mol_10763	0.2221859614602238
Mol_09105	Mol_00173	0.2221859614602238
Mol_09111	Mol_16789	0.2221859614602238
Mol_09113	Mol_16790	0.041964315320557
Mol_09126	Mol_14066	0.1817149920668186
Mol_09129	Mol_11860	0.4088058982568164
Mol_09130	Mol_09012	0.2321833608104599
Mol_09140	Mol_13796	0.4863074493386591
Mol_09144	Mol_08337	0.0646055886088812
Mol_09154	Mol_08185	0.3654184271689984
Mol_09155	Mol_03529	0.4124184169994959
Mol_09156	Mol_01946	0.7563589131490424
Mol_09159	Mol_09657	0.3634647332770421
Mol_09160	Mol_06950	0.4100031000196015
Mol_09163	Mol_12399	0.3925642387589728
Mol_09165	Mol_09013	0.2321833608104599
Mol_09199	Mol_12292	0.2187568963926937
Mol_09204	Mol_10038	0.0319458218496248
Mol_09205	Mol_02933	0.082025327015732
Mol_09208	Mol_01085	0.2221859614602238
Mol_09210	Mol_02929	0.1085582153501177
Mol_09211	Mol_08802	0.0908702761638052
Mol_09215	Mol_08839	0.4145051973907169
Mol_09223	Mol_13053	0.1082393654943798
Mol_09231	Mol_02935	0.0
Mol_09238	Mol_00829	0.0
Mol_09239	Mol_00184	0.1028630879265832
Mol_09241	Mol_10911	0.3124417081306597
Mol_09267	Mol_04609	0.244641422463932
Mol_09290	Mol_14409	0.5074367030189857
Mol_09292	Mol_08758	0.5583668096376001
Mol_09299	Mol_15143	0.0
Mol_09313	Mol_07285	0.0316384787735531
Mol_09314	Mol_15485	4.440892098500626e-16
Mol_09321	Mol_15488	0.0596786224917548
Mol_09342	Mol_16485	0.6226535754838012
Mol_09343	Mol_12662	0.3037442222059389
Mol_09344	Mol_16487	0.6208479626846666
Mol_09345	Mol_11123	0.7560966414027088
Mol_09346	Mol_02665	0.6940114606826416
Mol_09347	Mol_12665	0.6226461092189862
Mol_09349	Mol_12508	0.3544864914421302
Mol_09350	Mol_16483	0.5925877175989578
Mol_09351	Mol_02162	0.6733598462828033
Mol_09363	Mol_08646	0.6595882953263826
Mol_09364	Mol_05755	0.6549127206232443
Mol_09365	Mol_08645	0.6574840728784612
Mol_09366	Mol_03262	0.6574840728784612
Mol_09370	Mol_04401	0.1522671569864251
Mol_09371	Mol_02859	0.0973367080840744
Mol_09374	Mol_09394	0.3276185449313063
Mol_09379	Mol_18149	2.220446049250313e-16
Mol_09449	Mol_10463	0.6740176857210696
Mol_09455	Mol_00560	0.0087413442264976
Mol_09456	Mol_00437	0.4964708797868544
Mol_09457	Mol_10571	0.1227486947049787
Mol_09458	Mol_14031	0.0526442137628975
Mol_09459	Mol_14271	0.1046005876198208
Mol_09503	Mol_01141	0.5025041795882697
Mol_09504	Mol_03379	0.4038135854478709
Mol_09505	Mol_01140	0.6967310962598138
Mol_09506	Mol_00449	0.3837541095811482
Mol_09530	Mol_14437	0.1193572449835102
Mol_09539	Mol_02131	0.5399302170079083
Mol_09541	Mol_10735	0.2953284221119954
Mol_09542	Mol_15129	0.1686931685032344
Mol_09557	Mol_09253	0.4183207396733509
Mol_09571	Mol_14443	0.1193572449835102
Mol_09572	Mol_08323	0.0619179007021057
Mol_09576	Mol_18036	0.2492078276319947
Mol_09626	Mol_00194	0.5089958618993261
Mol_09627	Mol_00206	0.6484452641682666
Mol_09629	Mol_04718	0.5976055164833278
Mol_09631	Mol_04407	0.679071063547982
Mol_09634	Mol_13380	0.2163329037057517
Mol_09635	Mol_04058	0.2654005764838328
Mol_09636	Mol_07160	0.3581353199182868
Mol_09637	Mol_13431	0.383077337782038
Mol_09645	Mol_12674	0.0428101723074887
Mol_09646	Mol_12257	0.0619179007021057
Mol_09648	Mol_02673	0.0304540545754199
Mol_09649	Mol_03550	0.0841998819405458
Mol_09654	Mol_03722	0.0075899831900166
Mol_09658	Mol_10160	0.0073302069796441
Mol_09667	Mol_16584	0.0648800497587094
Mol_09668	Mol_14547	0.0683324379458349
Mol_09670	Mol_01971	0.3591690923829234
Mol_09683	Mol_00279	0.096529493143018
Mol_09736	Mol_03706	0.5131189738984819
Mol_09740	Mol_08104	0.1236668500303229
Mol_09755	Mol_01295	0.5454877259924472
Mol_09756	Mol_02941	0.5124003359868466
Mol_09757	Mol_02666	0.2295340666005885
Mol_09768	Mol_08804	0.0604173755543503
Mol_09769	Mol_08805	0.0528831350492992
Mol_09772	Mol_16524	0.0820253270157322
Mol_09779	Mol_03967	0.5414551080103
Mol_09801	Mol_07913	0.4200480039339708
Mol_09807	Mol_13767	0.0037046346522702
Mol_09811	Mol_08479	0.6898324756381126
Mol_09816	Mol_13429	0.3287137655595162
Mol_09817	Mol_01249	0.3702530287060969
Mol_09818	Mol_03563	0.3287137655595163
Mol_09819	Mol_10684	0.3287137655595163
Mol_09832	Mol_02183	0.467524004516588
Mol_09834	Mol_02379	0.3352699500749291
Mol_09840	Mol_19156	0.4092378337768795
Mol_09843	Mol_11946	0.4144606601476601
Mol_09846	Mol_13412	0.2614727294126117
Mol_09847	Mol_16394	0.4237193431004751
Mol_09861	Mol_05826	0.4100122967079557
Mol_09863	Mol_10418	0.3098479461923819
Mol_09864	Mol_10419	0.1058512345525428
Mol_09865	Mol_10913	0.2910426973878521
Mol_09866	Mol_10736	0.4446422225960145
Mol_09884	Mol_07914	0.3630553353858607
Mol_09907	Mol_09916	0.6574840728784612
Mol_09909	Mol_06953	0.4301483642916514
Mol_09910	Mol_05061	0.4015824600471671
Mol_09911	Mol_04838	0.4205394064976876
Mol_09912	Mol_16919	0.4205394064976875
Mol_09913	Mol_05099	0.673244128166532
Mol_09914	Mol_05080	0.2623818072905269
Mol_09922	Mol_14494	0.411905089181851
Mol_09927	Mol_07132	0.4769965783511904
Mol_09931	Mol_05838	0.4320919381008715
Mol_09932	Mol_05062	0.3322845534484746
Mol_09933	Mol_05063	0.5435682097084528
Mol_09934	Mol_07416	0.363610491950426
Mol_09960	Mol_04684	0.1656882788737329
Mol_09991	Mol_09005	0.0554944676564411
Mol_10022	Mol_11149	0.6578668548337908
Mol_10023	Mol_14153	0.6587925105276893
Mol_10024	Mol_02222	0.6576633948603451
Mol_10026	Mol_11449	0.4200184714328741
Mol_10028	Mol_05157	0.669838976197468
Mol_10033	Mol_14450	0.1083455635956642
Mol_10035	Mol_11624	0.3169808727699897
Mol_10036	Mol_12731	0.0721856923962311
Mol_10037	Mol_14533	0.0721856923962311
Mol_10039	Mol_00660	4.3021142204224816e-16
Mol_10040	Mol_01293	0.0
Mol_10051	Mol_10029	0.1271161033167486
Mol_10056	Mol_04141	0.3809704637866105
Mol_10257	Mol_09831	0.0418279674345965
Mol_10264	Mol_01351	0.039533568799951
Mol_10267	Mol_03783	0.6599210245327638
Mol_10304	Mol_10610	0.1714879021971035
Mol_10305	Mol_07404	0.5018051892712769
Mol_10306	Mol_02845	0.5018051892712769
Mol_10346	Mol_16021	0.6607009453622131
Mol_10347	Mol_09369	0.6578901855127552
Mol_10348	Mol_18963	0.6578901855127552
Mol_10349	Mol_03779	0.6590725854851996
Mol_10350	Mol_00179	0.6677401534700055
Mol_10351	Mol_00183	0.6680744717229806
Mol_10352	Mol_15027	0.6672652541964905
Mol_10353	Mol_08481	0.6833186325466758
Mol_10354	Mol_18746	0.6731365612915245
Mol_10357	Mol_09084	0.6595882953263826
Mol_10363	Mol_12168	0.0804773687243249
Mol_10364	Mol_09088	0.0074092693045404
Mol_10370	Mol_11823	0.0
Mol_10373	Mol_12619	0.1411910563037358
Mol_10374	Mol_09133	0.0074092693045401
Mol_10375	Mol_09793	0.0222675834418878
Mol_10376	Mol_04075	0.1676866834265004
Mol_10377	Mol_09195	0.0559545124476526
Mol_10378	Mol_15029	0.0942683083191336
Mol_10379	Mol_09139	0.0929465601585461
Mol_10386	Mol_12190	0.1734703211492963
Mol_10388	Mol_14157	0.1072058843074782
Mol_10396	Mol_02907	0.0760367202337435
Mol_10407	Mol_04076	0.00370463465227
Mol_10408	Mol_03215	0.0112946178422868
Mol_10481	Mol_06843	0.1279446659735663
Mol_10488	Mol_13696	0.4107679991909174
Mol_10508	Mol_02516	0.5212896783346647
Mol_10509	Mol_15002	0.2378741566606088
Mol_10510	Mol_13807	0.0038853485377468
Mol_10511	Mol_10279	0.1011965942397564
Mol_10520	Mol_09398	0.4608548177868221
Mol_10531	Mol_15398	0.321961042910846
Mol_10532	Mol_02693	2.1510571102112408e-16
Mol_10534	Mol_08231	0.3677479930368433
Mol_10539	Mol_02986	0.037780496682449
Mol_10554	Mol_00763	0.6622846507861223
Mol_10561	Mol_03760	0.6595583573741398
Mol_10563	Mol_09399	0.4365175529234537
Mol_10569	Mol_05752	0.5331512305719007
Mol_10579	Mol_11229	0.0084733717844359
Mol_10580	Mol_05700	0.0263802640355749
Mol_10581	Mol_10585	0.0236708914647906
Mol_10582	Mol_12627	0.0079417704417125
Mol_10589	Mol_02211	0.4212507746117871
Mol_10590	Mol_12476	0.1924488514669749
Mol_10593	Mol_10483	0.3987585560806194
Mol_10594	Mol_08432	0.0713578602199986
Mol_10596	Mol_15600	0.4198379620023206
Mol_10597	Mol_13861	0.5680827653599658
Mol_10599	Mol_14425	0.4246681188092271
Mol_10600	Mol_13862	0.5680827653599658
Mol_10601	Mol_08665	0.4462920045930167
Mol_10603	Mol_15476	0.4079352227928304
Mol_10604	Mol_10249	0.3939518522085612
Mol_10608	Mol_10476	0.6595882953263826
Mol_10612	Mol_16236	0.6156479542849707
Mol_10618	Mol_01259	0.4197424198303052
Mol_10627	Mol_08681	0.0520040887567617
Mol_10628	Mol_08580	0.0952733101580697
Mol_10629	Mol_06955	0.038196949337279
Mol_10633	Mol_02047	0.4108471452650733
Mol_10634	Mol_04199	0.4193452404889611
Mol_10636	Mol_14179	0.0554175322783448
Mol_10637	Mol_02229	0.5348361309537227
Mol_10639	Mol_00277	0.0605918598512547
Mol_10644	Mol_08757	0.2623818072905273
Mol_10650	Mol_14227	0.0888872624412631
Mol_10660	Mol_03968	0.3347955368307323
Mol_10679	Mol_13764	0.16421879571503
Mol_10699	Mol_02721	0.7738966544940503
Mol_10707	Mol_02659	0.2069321315208973
Mol_10708	Mol_02656	0.2665212307567644
Mol_10709	Mol_16549	0.3874362428701418
Mol_10710	Mol_14578	0.4266064366858511
Mol_10711	Mol_11203	0.5000220891538726
Mol_10712	Mol_11877	0.4432733822682748
Mol_10721	Mol_03524	0.1830309037583481
Mol_10726	Mol_10470	0.7067154751444007
Mol_10727	Mol_10988	1.104073221493305
Mol_10728	Mol_12040	0.8417383138323502
Mol_10729	Mol_15008	0.3081898538386067
Mol_10730	Mol_08129	0.3575971631525635
Mol_10732	Mol_09985	0.5266924848710599
Mol_10733	Mol_09979	0.5465665412846845
Mol_10734	Mol_10473	0.6656384769849543
Mol_10740	Mol_16480	0.8854127618948211
Mol_10741	Mol_09997	0.8487091993589168
Mol_10742	Mol_01095	0.7183562819227899
Mol_10743	Mol_04815	0.7516511730840502
Mol_10744	Mol_01096	0.7511286720556754
Mol_10745	Mol_11249	0.5099101162400381
Mol_10746	Mol_15011	0.4754279001740532
Mol_10750	Mol_16884	0.3523680257052121
Mol_10751	Mol_04722	0.3889634575101092
Mol_10752	Mol_05236	0.4457486554158775
Mol_10753	Mol_19279	0.552292377190992
Mol_10754	Mol_13017	0.2637180319995543
Mol_10755	Mol_04389	0.2703813389799273
Mol_10756	Mol_14159	0.2792810252802736
Mol_10757	Mol_10064	0.3192286500234649
Mol_10758	Mol_15240	0.2342170731037629
Mol_10777	Mol_02284	0.4090127848164138
Mol_10780	Mol_02290	0.4090127848164138
Mol_10799	Mol_10783	0.4079925271543089
Mol_10807	Mol_02282	0.3702294031847108
Mol_10809	Mol_02283	0.415679679173137
Mol_10831	Mol_09206	0.0755911123458117
Mol_10832	Mol_04072	0.0391615052502547
Mol_10833	Mol_12251	0.0075899831900165
Mol_10835	Mol_14530	0.4123493733496989
Mol_10836	Mol_11441	0.4401229938723696
Mol_10837	Mol_02371	0.5132176833743509
Mol_10838	Mol_10810	4.440892098500626e-16
Mol_10856	Mol_00597	0.0129983128324422
Mol_10862	Mol_08997	0.2728648499106665
Mol_10863	Mol_12174	0.0305536612513844
Mol_10877	Mol_18556	0.6646863682124589
Mol_10887	Mol_16629	0.6591877837214711
Mol_10888	Mol_08209	0.153478094607626
Mol_10890	Mol_00309	0.0669316817910872
Mol_10891	Mol_14846	0.6593625283018777
Mol_10892	Mol_08765	0.1775851933731932
Mol_10894	Mol_06851	0.0512958477702996
Mol_10927	Mol_10548	0.2821765808073566
Mol_10956	Mol_01759	0.7773650977121758
Mol_10957	Mol_07424	0.450609258837906
Mol_11034	Mol_11033	0.2795599499427874
Mol_11038	Mol_03670	0.2574931937140658
Mol_11039	Mol_15428	0.3076087710274388
Mol_11042	Mol_02207	0.0446619251339745
Mol_11043	Mol_14942	0.0488691727264047
Mol_11045	Mol_11293	0.1047043049103518
Mol_11046	Mol_10049	0.4257951539930805
Mol_11047	Mol_14020	0.0253437957521814
Mol_11048	Mol_13185	0.0075899831900163
Mol_11057	Mol_03972	0.1268893056077208
Mol_11063	Mol_12407	0.0185492539771036
Mol_11066	Mol_02905	0.214726537375412
Mol_11090	Mol_10382	0.4785693786562878
Mol_11091	Mol_00185	0.8076593266778906
Mol_11095	Mol_10622	0.2326311301325748
Mol_11097	Mol_04715	0.2733044209599098
Mol_11104	Mol_00196	0.4182622879355647
Mol_11105	Mol_04285	0.32639614296622
Mol_11106	Mol_18407	0.1111279053981511
Mol_11125	Mol_05286	0.1052285820505122
Mol_11126	Mol_00043	0.0853237538474398
Mol_11127	Mol_15430	0.6845425367331397
Mol_11139	Mol_02669	0.2156940478642282
Mol_11157	Mol_08298	0.4868673669937975
Mol_11177	Mol_11895	0.1060797620685051
Mol_11179	Mol_07991	0.0
Mol_11183	Mol_17063	0.4028422502892111
Mol_11206	Mol_11226	1.2901517030441956
Mol_11207	Mol_12470	1.246687280929024
Mol_11208	Mol_13995	2.5344440699539823
Mol_11219	Mol_10861	0.248634303258986
Mol_11220	Mol_15047	0.248634303258986
Mol_11221	Mol_00949	0.248634303258986
Mol_11224	Mol_14324	0.2466068870143469
Mol_11225	Mol_06242	0.1852388026135338
Mol_11232	Mol_12802	0.1708662617812492
Mol_11265	Mol_07405	0.2009821317575015
Mol_11269	Mol_10484	0.4596872663220939
Mol_11275	Mol_03466	0.4124647794971309
Mol_11276	Mol_12940	0.2954929565532294
Mol_11277	Mol_12801	0.3822556139740022
Mol_11286	Mol_08380	0.1866371232737744
Mol_11287	Mol_11322	0.080337497043783
Mol_11296	Mol_17025	0.361622533833732
Mol_11301	Mol_08480	0.3060845582787548
Mol_11310	Mol_11550	0.3121480927020463
Mol_11316	Mol_03612	0.1693559055313777
Mol_11331	Mol_19533	0.0849989798901071
Mol_11343	Mol_09272	0.0891554909726557
Mol_11346	Mol_14369	0.4123513226866953
Mol_11347	Mol_19280	0.4081827622633375
Mol_11353	Mol_11475	0.0369517960046054
Mol_11369	Mol_10798	0.6268236149179751
Mol_11375	Mol_02293	0.4214625216319082
Mol_11376	Mol_02274	0.4230577688045113
Mol_11412	Mol_06845	0.6348549972581627
Mol_11430	Mol_01343	0.6560332211535078
Mol_11432	Mol_02400	0.118586614764952
Mol_11434	Mol_10031	0.0075899831900165
Mol_11435	Mol_06847	0.6348549972581627
Mol_11437	Mol_01673	0.1183668590887068
Mol_11448	Mol_03008	0.210379122990131
Mol_11459	Mol_08327	0.2258372225280991
Mol_11470	Mol_13176	0.1616737389356992
Mol_11476	Mol_03178	0.090986091220281
Mol_11477	Mol_13198	0.0398758031501089
Mol_11481	Mol_04730	0.0820799817195965
Mol_11484	Mol_11474	2.1510571102112408e-16
Mol_11487	Mol_00833	0.0352105205012265
Mol_11489	Mol_11828	0.5016483989936791
Mol_11491	Mol_08509	4.3021142204224816e-16
Mol_11501	Mol_02370	0.5766600124686995
Mol_11502	Mol_02372	0.6448316457302482
Mol_11503	Mol_02166	0.181944638174665
Mol_11509	Mol_03487	0.0233300341795392
Mol_11510	Mol_16986	0.1801375942771316
Mol_11514	Mol_09410	0.3249718572718331
Mol_11515	Mol_02373	0.6388339175530163
Mol_11516	Mol_06836	0.2117638447375972
Mol_11518	Mol_11479	0.0566109510519343
Mol_11540	Mol_14214	0.5176440729578746
Mol_11570	Mol_16636	0.0602341969529155
Mol_11571	Mol_08317	1.9428902930940242e-16
Mol_11573	Mol_16783	0.0419643153205571
Mol_11578	Mol_08225	0.103854148397081
Mol_11581	Mol_02692	0.046404734125491
Mol_11584	Mol_08211	0.0526442137628985
Mol_11608	Mol_01734	0.4570201190659057
Mol_11609	Mol_06920	0.3281017974049266
Mol_11613	Mol_15243	0.4349286486533534
Mol_11614	Mol_16348	0.4731132673788265
Mol_11634	Mol_04586	0.6600741515503876
Mol_11635	Mol_09414	0.382032172368095
Mol_11636	Mol_09415	0.4364290690307756
Mol_11658	Mol_16962	0.319167256951897
Mol_11659	Mol_02801	0.3230801261472453
Mol_11660	Mol_16965	0.319167256951897
Mol_11663	Mol_16964	0.3230143278552129
Mol_11666	Mol_04710	0.3571530487552299
Mol_11679	Mol_06201	0.078499986750269
Mol_11680	Mol_08729	0.2535188604727314
Mol_11690	Mol_12200	0.0906563854279259
Mol_11696	Mol_00323	0.2221859614602238
Mol_11698	Mol_02052	0.2321833608104601
Mol_11699	Mol_09212	0.0419643153205571
Mol_11701	Mol_09227	0.2321833608104599
Mol_11702	Mol_14873	0.2321833608104599
Mol_11703	Mol_13308	0.0526371279823194
Mol_11708	Mol_03569	0.0614473365404508
Mol_11709	Mol_09040	0.0381835107314405
Mol_11710	Mol_04363	0.073430180122627
Mol_11712	Mol_08789	0.0602341969529151
Mol_11723	Mol_03444	0.4920104859584543
Mol_11724	Mol_18405	0.5074367030189856
Mol_11725	Mol_02231	0.5095529587140747
Mol_11726	Mol_04268	0.4259011983063616
Mol_11736	Mol_13399	0.1677900726076196
Mol_11747	Mol_13518	0.1484594292069248
Mol_11801	Mol_02660	0.1992550401935173
Mol_11802	Mol_10661	0.6575319247146734
Mol_11809	Mol_15720	0.4308674532282778
Mol_11810	Mol_02604	0.5081341323906868
Mol_11814	Mol_02810	0.057629360534403
Mol_11815	Mol_16567	0.0635320679586576
Mol_11824	Mol_14064	1.1343488264059178
Mol_11825	Mol_02392	1.9836524309686028
Mol_11826	Mol_09729	0.226664180071083
Mol_11834	Mol_13335	1.063335874432307
Mol_11835	Mol_15073	1.416367118724257
Mol_11891	Mol_12984	0.192324001728428
Mol_11892	Mol_10046	0.1271161033167486
Mol_11893	Mol_10052	0.3809704637866105
Mol_11897	Mol_01294	0.338822795625795
Mol_11898	Mol_10852	0.2369816132870647
Mol_11899	Mol_14455	0.4843987159485569
Mol_11902	Mol_09994	0.041990638653348
Mol_11903	Mol_11715	0.4124560533548049
Mol_11906	Mol_14326	0.5959153153344834
Mol_11907	Mol_00691	0.1781826438253084
Mol_11909	Mol_02586	0.00370463465227
Mol_11912	Mol_11894	0.4476171085247668
Mol_11913	Mol_03963	0.4274210482746636
Mol_11914	Mol_05772	0.453864348074974
Mol_11915	Mol_01198	0.619518828707452
Mol_11916	Mol_11231	0.619518828707452
Mol_11917	Mol_05287	0.1268910951771639
Mol_11923	Mol_16249	0.3319579174074011
Mol_11938	Mol_02369	0.1088403311141315
Mol_11945	Mol_02649	0.5923507226438698
Mol_11949	Mol_02662	0.0075899831900169
Mol_11950	Mol_02646	0.1254405798870191
Mol_11951	Mol_16755	0.3439902924867657
Mol_11952	Mol_15168	0.4347197053496276
Mol_11957	Mol_16762	0.4010691929999069
Mol_11958	Mol_16529	0.2808474523915
Mol_11961	Mol_11822	0.4367917768781457
Mol_11962	Mol_10914	0.489788729296796
Mol_11972	Mol_07740	0.4030273948012601
Mol_11973	Mol_16523	0.4385713380850119
Mol_11980	Mol_16438	0.4830609758335486
Mol_11981	Mol_07573	0.0919539420886001
Mol_11986	Mol_11919	0.4793864557202802
Mol_11987	Mol_10045	0.777322553893728
Mol_11988	Mol_10334	0.4178662725519751
Mol_11989	Mol_10335	0.8367497000486646
Mol_11990	Mol_13344	0.228369287892444
Mol_11991	Mol_09727	0.3308098413420535
Mol_11992	Mol_11827	0.5081487358428034
Mol_11993	Mol_11665	0.4611736874471333
Mol_11994	Mol_11829	0.5129654860094168
Mol_11995	Mol_10333	0.281808457275805
Mol_12000	Mol_11831	0.434211855448614
Mol_12002	Mol_16528	0.5948029443294721
Mol_12003	Mol_14581	0.0715288147952023
Mol_12004	Mol_16089	0.4861609381744485
Mol_12008	Mol_10044	0.4171026285264284
Mol_12009	Mol_00951	0.1970338184737632
Mol_12010	Mol_08737	0.5076087113617782
Mol_12016	Mol_14599	0.4443780027759046
Mol_12017	Mol_14940	0.44637422069485
Mol_12018	Mol_02792	0.5331512305719007
Mol_12019	Mol_13828	0.604225502411513
Mol_12020	Mol_15424	0.6603276863731403
Mol_12026	Mol_16527	0.339853185080466
Mol_12028	Mol_10591	0.2490994364323356
Mol_12030	Mol_06328	0.6615171965071288
Mol_12054	Mol_13998	3.0685311470651646
Mol_12055	Mol_13994	2.452269117812211
Mol_12056	Mol_13999	1.2494681689838218
Mol_12065	Mol_14036	0.1440896286795756
Mol_12066	Mol_12461	0.1275817176971443
Mol_12077	Mol_11228	2.5509896710466
Mol_12078	Mol_13996	1.4656165837168338
Mol_12079	Mol_13997	1.927701084565436
Mol_12091	Mol_13992	1.3084508413127045
Mol_12092	Mol_13993	2.5619769347347803
Mol_12093	Mol_19492	1.4530296406605212
Mol_12094	Mol_11227	3.2762224720509727
Mol_12103	Mol_13989	0.669332320928129
Mol_12104	Mol_15947	0.8128861766885603
Mol_12115	Mol_03405	0.0981954075208398
Mol_12116	Mol_03403	0.2154323634660161
Mol_12133	Mol_14211	0.1246924118871099
Mol_12135	Mol_14253	0.1477360384630905
Mol_12139	Mol_08193	0.1841795321212893
Mol_12150	Mol_02053	0.1531837261942063
Mol_12154	Mol_15087	0.0079325865978997
Mol_12163	Mol_14433	0.1107497900201336
Mol_12167	Mol_09872	0.0
Mol_12188	Mol_03548	0.1300197799344783
Mol_12221	Mol_02655	0.338472085830224
Mol_12261	Mol_03404	0.4299517074891601
Mol_12270	Mol_11717	0.033122303110429
Mol_12271	Mol_10645	0.1008010491261276
Mol_12275	Mol_10268	0.0986747400323468
Mol_12338	Mol_03905	0.082672837732925
Mol_12367	Mol_04395	0.5493338723295679
Mol_12368	Mol_14071	0.4374301611408643
Mol_12378	Mol_14520	0.7820154200931977
Mol_12379	Mol_11551	0.8129532772654481
Mol_12381	Mol_05765	0.768704426444661
Mol_12384	Mol_06040	0.3653002389849086
Mol_12398	Mol_02418	0.6912310015416075
Mol_12411	Mol_15505	0.4074260722212655
Mol_12422	Mol_07568	0.6582593902845263
Mol_12424	Mol_15874	0.1005971028116437
Mol_12426	Mol_04429	0.4234325078028814
Mol_12446	Mol_04098	0.3189499813885166
Mol_12450	Mol_08583	0.0074092693045402
Mol_12464	Mol_05399	0.3001273382620132
Mol_12471	Mol_18590	0.7675742724444473
Mol_12472	Mol_09734	0.5252190496859926
Mol_12474	Mol_15268	0.1159996389120608
Mol_12479	Mol_11325	0.0602863973661239
Mol_12480	Mol_04122	0.0615220894105247
Mol_12483	Mol_11438	0.4325082424048549
Mol_12484	Mol_04837	0.4084636882856533
Mol_12486	Mol_15952	0.4104024586444984
Mol_12504	Mol_12296	0.2438914394952152
Mol_12510	Mol_09189	0.0630923726430149
Mol_12511	Mol_02579	0.1241730285581013
Mol_12512	Mol_12515	0.00370463465227
Mol_12519	Mol_16330	0.0681818430412706
Mol_12520	Mol_00759	0.8512918299921418
Mol_12521	Mol_12869	0.00370463465227
Mol_12525	Mol_12612	2.220446049250313e-16
Mol_12531	Mol_13699	0.4085490195455789
Mol_12532	Mol_04682	0.4291092418018418
Mol_12533	Mol_10127	0.4361916196559636
Mol_12536	Mol_04623	0.6671033216036162
Mol_12538	Mol_02526	0.7620756663027257
Mol_12539	Mol_00855	0.7741805897960479
Mol_12540	Mol_16344	0.6593029565324087
Mol_12541	Mol_11904	0.5574509686026193
Mol_12542	Mol_01016	0.6329076415154288
Mol_12543	Mol_05767	0.6437396589223932
Mol_12544	Mol_04267	0.657843750399773
Mol_12555	Mol_05776	0.6437396589223932
Mol_12560	Mol_10731	0.8957461776619472
Mol_12561	Mol_08750	0.8123609354412085
Mol_12562	Mol_14334	0.6939980809772403
Mol_12563	Mol_16506	0.684458908474175
Mol_12564	Mol_00384	0.6835748262015805
Mol_12565	Mol_05400	0.3001273382620132
Mol_12566	Mol_19126	0.4623074884959336
Mol_12567	Mol_01566	0.4321498086041234
Mol_12568	Mol_01568	0.4321498086041234
Mol_12569	Mol_00114	0.3169680364414228
Mol_12575	Mol_12329	0.0512958477702995
Mol_12576	Mol_02735	0.0529298866879651
Mol_12577	Mol_12199	0.0529298866879651
Mol_12578	Mol_02865	0.0602341969529153
Mol_12579	Mol_09737	2.220446049250313e-16
Mol_12580	Mol_08203	0.0602341969529153
Mol_12581	Mol_08252	0.0602341969529153
Mol_12582	Mol_08332	0.0602341969529153
Mol_12588	Mol_06202	0.2221859614602238
Mol_12589	Mol_13681	0.2674245781161825
Mol_12590	Mol_00291	0.2674245781161825
Mol_12592	Mol_15241	0.487765493867809
Mol_12593	Mol_01245	0.2674245781161825
Mol_12595	Mol_02156	0.4018714867113014
Mol_12596	Mol_01362	0.088887262441263
Mol_12597	Mol_14954	2.220446049250313e-16
Mol_12598	Mol_01203	0.2674245781161825
Mol_12599	Mol_00217	0.2671369461308822
Mol_12600	Mol_01359	0.2790468896051163
Mol_12601	Mol_04109	0.4587184564907646
Mol_12602	Mol_15681	0.4395963622528762
Mol_12603	Mol_13180	0.4738489793729267
Mol_12604	Mol_08653	0.4796853185125323
Mol_12607	Mol_13619	1.1413125147517362
Mol_12608	Mol_12274	0.0149992524945569
Mol_12610	Mol_12171	0.0531551628527557
Mol_12613	Mol_16852	0.0112946178422869
Mol_12623	Mol_13087	0.033122303110429
Mol_12631	Mol_12084	0.4894560486824675
Mol_12632	Mol_00761	0.1337829660526834
Mol_12642	Mol_13160	0.4738489793729267
Mol_12643	Mol_02564	0.0605768003607983
Mol_12650	Mol_01034	0.6610789177486326
Mol_12722	Mol_01557	0.014848657589993
Mol_12723	Mol_10474	0.7063236911712418
Mol_12727	Mol_06197	0.2621607347094663
Mol_12744	Mol_01494	0.0
Mol_12761	Mol_16886	0.0602341969529156
Mol_12769	Mol_04086	0.0873707913592161
Mol_12778	Mol_02652	0.2716264814110493
Mol_12788	Mol_10598	2.220446049250313e-16
Mol_12800	Mol_16345	0.2086486024904118
Mol_12808	Mol_16758	0.1596323934253103
Mol_12822	Mol_13550	0.1029802252753708
Mol_12823	Mol_10179	0.2441697537946899
Mol_12856	Mol_16966	0.0498285409667806
Mol_12899	Mol_09786	0.1143502802986677
Mol_12915	Mol_02603	0.4828826712844529
Mol_12916	Mol_01443	0.4926910782953996
Mol_12930	Mol_11290	0.0360694818043859
Mol_12932	Mol_14843	0.1382176081896422
Mol_12933	Mol_08649	0.1375557724069698
Mol_12950	Mol_00473	0.0821671548903464
Mol_12963	Mol_10718	0.5255059563171632
Mol_12978	Mol_16525	0.1744530335202876
Mol_12979	Mol_02653	0.0168497932614227
Mol_12981	Mol_02663	0.1744530335202876
Mol_12987	Mol_02645	0.2794603389696274
Mol_12990	Mol_11334	4.3021142204224816e-16
Mol_12991	Mol_07533	0.0944977985330969
Mol_12992	Mol_02661	0.529419196676023
Mol_12994	Mol_08749	0.597916393631029
Mol_13006	Mol_01722	0.00370463465227
Mol_13029	Mol_02654	0.5073597013719439
Mol_13030	Mol_15965	0.8546513027612566
Mol_13031	Mol_10665	0.7454659243835632
Mol_13032	Mol_02650	0.5488992688033314
Mol_13033	Mol_00501	0.5960671451723865
Mol_13037	Mol_02555	0.119636097158949
Mol_13040	Mol_11843	0.0
Mol_13049	Mol_07492	0.0990149453800082
Mol_13050	Mol_13411	0.3463327953260706
Mol_13051	Mol_09173	0.3632834203044089
Mol_13063	Mol_00786	0.6241943265988011
Mol_13069	Mol_16235	0.6241943265988011
Mol_13073	Mol_13820	0.1628035623097967
Mol_13075	Mol_13105	0.2934645336644221
Mol_13076	Mol_13201	0.4738489793729267
Mol_13077	Mol_16237	0.4659844069634639
Mol_13079	Mol_10641	0.413551022167033
Mol_13080	Mol_13693	0.4826970678857544
Mol_13121	Mol_13700	0.4151512622516319
Mol_13123	Mol_04683	0.4527649056623518
Mol_13135	Mol_10161	0.2227918336694988
Mol_13143	Mol_14719	0.1413212140104162
Mol_13144	Mol_14718	0.3356935684250224
Mol_13145	Mol_03526	0.4206668122938054
Mol_13161	Mol_00377	0.4491645955503223
Mol_13162	Mol_08195	0.449933896354232
Mol_13169	Mol_10227	0.8031930526084108
Mol_13173	Mol_06925	0.0239545704552976
Mol_13182	Mol_14438	0.1128784107158145
Mol_13183	Mol_09663	0.526190479181505
Mol_13184	Mol_03545	0.4960088602155813
Mol_13188	Mol_09666	0.5804188617142415
Mol_13191	Mol_06151	0.0057075468829687
Mol_13194	Mol_02279	0.6753439282554665
Mol_13208	Mol_00117	0.346198297475945
Mol_13210	Mol_02164	0.6600134894922491
Mol_13226	Mol_04099	0.3189499813885167
Mol_13238	Mol_10070	0.281986336699463
Mol_13271	Mol_04697	0.1751180142013814
Mol_13282	Mol_16102	0.2133215752217728
Mol_13285	Mol_16224	0.1177636824302756
Mol_13336	Mol_11832	0.5234393707595788
Mol_13337	Mol_11830	0.5171497565622931
Mol_13346	Mol_10142	0.6026564848636076
Mol_13347	Mol_12360	0.1424967658851299
Mol_13348	Mol_03138	0.0743190979839345
Mol_13350	Mol_07774	0.3951143214758686
Mol_13358	Mol_01024	0.7737253886732101
Mol_13366	Mol_09929	0.0755911123458113
Mol_13367	Mol_18977	0.0839159715551189
Mol_13377	Mol_13376	0.2369816132870647
Mol_13378	Mol_10784	0.1736208654716327
Mol_13383	Mol_11597	0.2838663807023076
Mol_13409	Mol_02520	0.1568601712747333
Mol_13410	Mol_02733	0.4137478092798896
Mol_13415	Mol_05756	0.4315408163659587
Mol_13416	Mol_04472	0.6219947633390777
Mol_13417	Mol_06180	0.631021798315144
Mol_13418	Mol_16280	0.0531623631857597
Mol_13443	Mol_16568	0.1450427503728489
Mol_13444	Mol_03667	0.1317419062535232
Mol_13447	Mol_16716	0.4126632908194348
Mol_13450	Mol_00764	0.5110423537509601
Mol_13451	Mol_08935	0.5651686601682113
Mol_13452	Mol_14464	0.2838702743167206
Mol_13454	Mol_04103	0.2702733473387408
Mol_13455	Mol_11598	0.2702753548914474
Mol_13456	Mol_13427	0.2702753548914474
Mol_13457	Mol_03632	0.1150231796204282
Mol_13458	Mol_01569	0.3432313906480576
Mol_13459	Mol_15223	0.1767795799719333
Mol_13460	Mol_01975	0.4160599284562035
Mol_13473	Mol_19096	0.2368600371344122
Mol_13474	Mol_05145	0.2426398368653196
Mol_13478	Mol_00109	0.1011737814159288
Mol_13480	Mol_03489	0.9145494530478344
Mol_13483	Mol_11672	0.6713436737195838
Mol_13484	Mol_06041	0.6143502775096804
Mol_13485	Mol_07569	0.6636033450184589
Mol_13486	Mol_00104	0.5348361309537226
Mol_13488	Mol_07769	0.6649727178381799
Mol_13489	Mol_15492	0.6602374304531758
Mol_13492	Mol_04963	0.0
Mol_13496	Mol_07446	0.4449813043509135
Mol_13503	Mol_15003	0.0075899831900168
Mol_13504	Mol_16514	0.261362852093306
Mol_13508	Mol_14019	0.0762493434743153
Mol_13509	Mol_00048	0.0991507322649283
Mol_13510	Mol_10923	0.1167637592535608
Mol_13511	Mol_10021	0.1241415628599116
Mol_13512	Mol_02556	0.2189390797180271
Mol_13513	Mol_12121	0.1744502050197727
Mol_13520	Mol_00365	0.1272450841053186
Mol_13521	Mol_16225	0.2040393652645205
Mol_13545	Mol_16450	0.5331512305719007
Mol_13546	Mol_16460	0.6659712009293149
Mol_13548	Mol_04970	0.6595882953263827
Mol_13558	Mol_03525	0.0837078923955074
Mol_13559	Mol_14612	0.0632822835147151
Mol_13560	Mol_05330	0.0
Mol_13561	Mol_06810	0.5029479023952712
Mol_13562	Mol_13689	0.0
Mol_13565	Mol_09921	4.440892098500626e-16
Mol_13566	Mol_01553	0.6612357952508994
Mol_13570	Mol_10441	8.881784197001252e-16
Mol_13576	Mol_02482	0.4090757143806988
Mol_13577	Mol_07087	0.4174802519764762
Mol_13578	Mol_14171	0.4107465075001493
Mol_13579	Mol_14172	0.4107465075001493
Mol_13580	Mol_07932	0.4840859660790422
Mol_13581	Mol_11942	0.6469031023926094
Mol_13582	Mol_00006	0.6644337138100341
Mol_13587	Mol_12818	0.1977559283006569
Mol_13588	Mol_10183	0.2406214256301974
Mol_13601	Mol_07490	0.1681204299912133
Mol_13602	Mol_12070	0.3149757830538902
Mol_13604	Mol_09484	0.3907887145002937
Mol_13605	Mol_04766	0.0975091496655613
Mol_13607	Mol_09481	0.1492796785674414
Mol_13608	Mol_10428	0.4955607935602509
Mol_13609	Mol_01063	0.4312517623239342
Mol_13610	Mol_10004	0.6416932040462954
Mol_13611	Mol_09998	0.6416932040462937
Mol_13612	Mol_10450	0.4955607935602508
Mol_13613	Mol_00966	0.1280018176744055
Mol_13614	Mol_01097	0.4312517623239342
Mol_13615	Mol_01313	0.4926664651064089
Mol_13616	Mol_02363	0.1280018176744055
Mol_13617	Mol_13015	0.2660900436030518
Mol_13624	Mol_12657	0.1069933931612086
Mol_13625	Mol_11767	0.071438457852464
Mol_13629	Mol_13960	0.4030256014421657
Mol_13638	Mol_04703	0.4876770508016742
Mol_13643	Mol_08013	0.0902326922982239
Mol_13644	Mol_14198	0.817621584420592
Mol_13651	Mol_05406	0.6061011053723094
Mol_13652	Mol_15487	0.6150485294458926
Mol_13653	Mol_15503	0.6170785504073516
Mol_13654	Mol_03660	0.6348494796736619
Mol_13656	Mol_08045	0.1228766114808211
Mol_13663	Mol_10048	0.0224386407800094
Mol_13664	Mol_04251	0.3716852661330984
Mol_13672	Mol_02184	0.4364884878223367
Mol_13691	Mol_09632	0.500782696656493
Mol_13698	Mol_01264	2.220446049250313e-16
Mol_13703	Mol_01031	0.1079434456808502
Mol_13716	Mol_05375	0.4739632265741298
Mol_13717	Mol_11159	0.488588043255769
Mol_13730	Mol_02541	0.6732441281665321
Mol_13736	Mol_15956	0.0175220985476047
Mol_13737	Mol_15957	0.0175220985476047
Mol_13741	Mol_14063	0.2413386175140379
Mol_13742	Mol_13224	0.3113828412157241
Mol_13743	Mol_03867	0.4768751250425178
Mol_13744	Mol_01033	0.0547673370499355
Mol_13745	Mol_08828	0.0547673370499355
Mol_13747	Mol_00005	0.6584488992242978
Mol_13748	Mol_16272	0.6983960921715799
Mol_13749	Mol_00001	0.7257424937716814
Mol_13750	Mol_01026	0.4577114858572096
Mol_13751	Mol_01022	0.616692717359501
Mol_13752	Mol_15052	0.6608278457138743
Mol_13753	Mol_16020	0.6608278457138743
Mol_13754	Mol_15502	0.6783737703482178
Mol_13755	Mol_19077	0.6784696508913776
Mol_13756	Mol_03570	0.7367271919038136
Mol_13757	Mol_15053	0.7224820215135493
Mol_13758	Mol_11083	0.6601753847166355
Mol_13759	Mol_11918	0.625001011888394
Mol_13760	Mol_04870	0.5422151972731106
Mol_13761	Mol_01455	0.6695164057346925
Mol_13766	Mol_10080	0.659044414612146
Mol_13769	Mol_16269	0.6575278807272543
Mol_13770	Mol_13197	0.6644986883150021
Mol_13771	Mol_07497	0.6716949642708145
Mol_13772	Mol_16270	0.6575278807272543
Mol_13773	Mol_17030	0.3861135503706532
Mol_13778	Mol_15884	0.4672018670461934
Mol_13783	Mol_01619	0.5836494510916777
Mol_13784	Mol_14213	0.6839147604276125
Mol_13785	Mol_01620	0.6162168912836202
Mol_13802	Mol_02122	0.7451622031045807
Mol_13804	Mol_16265	0.8516898876700555
Mol_13809	Mol_02784	0.6575278807272543
Mol_13812	Mol_19084	0.6635313266076045
Mol_13814	Mol_15825	0.3158526945094572
Mol_13815	Mol_00012	0.562648972264153
Mol_13817	Mol_15827	0.5171541899199875
Mol_13818	Mol_13826	0.3216748148552908
Mol_13819	Mol_19088	0.5171541899199875
Mol_13830	Mol_02943	0.5407161265919929
Mol_13831	Mol_09464	0.6798828570048451
Mol_13832	Mol_14255	0.4223170982235651
Mol_13833	Mol_02624	0.5365892752133434
Mol_13834	Mol_04022	0.661302347184746
Mol_13835	Mol_10881	0.6131930201037935
Mol_13836	Mol_11939	0.6215269704756647
Mol_13837	Mol_07395	0.4079925271543089
Mol_13838	Mol_05253	0.4113048840114211
Mol_13839	Mol_05839	0.4395823500451155
Mol_13840	Mol_13856	0.1924858584960813
Mol_13842	Mol_07442	0.4113048840114211
Mol_13849	Mol_14434	0.3413542903000965
Mol_13850	Mol_00030	0.6479836843922154
Mol_13851	Mol_08763	0.6182083666646909
Mol_13852	Mol_08764	0.6313634495226758
Mol_13853	Mol_05825	0.4104024586444984
Mol_13857	Mol_04149	0.6653642706805588
Mol_13863	Mol_04917	0.5069559095157767
Mol_13864	Mol_05220	0.5069559095157767
Mol_13873	Mol_18383	0.4440489453732918
Mol_13875	Mol_19179	0.0401687485218918
Mol_13884	Mol_04273	0.0458937971658255
Mol_13919	Mol_14768	0.0402810472598904
Mol_13950	Mol_14518	0.0506678237612434
Mol_13954	Mol_01029	0.486381937077837
Mol_13962	Mol_13967	0.3841832131243504
Mol_13965	Mol_09760	0.2987057234813668
Mol_13966	Mol_18623	0.1589799950905033
Mol_14009	Mol_14216	0.0756822252394752
Mol_14010	Mol_00573	1.035472880975639
Mol_14011	Mol_08747	1.022274577287537
Mol_14012	Mol_11982	0.6297432986614433
Mol_14013	Mol_02196	0.3318903324777054
Mol_14014	Mol_00111	0.3894220823115326
Mol_14015	Mol_01164	0.195200762870696
Mol_14034	Mol_14030	0.0627919962824237
Mol_14046	Mol_00800	0.096529493143018
Mol_14048	Mol_00609	0.4131939068355709
Mol_14049	Mol_12062	0.1122392959009414
Mol_14050	Mol_01266	0.7265503987115434
Mol_14052	Mol_07203	0.314838434362115
Mol_14053	Mol_04084	0.3167174479382353
Mol_14054	Mol_16289	0.9914922177838932
Mol_14056	Mol_13407	0.4885417006344092
Mol_14058	Mol_04227	0.6941294798349661
Mol_14065	Mol_01100	0.2486604963049751
Mol_14067	Mol_07012	0.3159894994282925
Mol_14068	Mol_15883	0.6578786295173282
Mol_14073	Mol_16379	0.5467099814235046
Mol_14074	Mol_01555	0.5918107288937691
Mol_14076	Mol_02701	0.119636097158949
Mol_14084	Mol_12119	0.1779777190975463
Mol_14090	Mol_14769	0.65893129274244
Mol_14098	Mol_14095	0.0
Mol_14106	Mol_06893	0.0878305221651634
Mol_14137	Mol_07386	0.3069518336786684
Mol_14141	Mol_04787	0.1484437537593664
Mol_14145	Mol_02486	0.118586614764952
Mol_14166	Mol_07085	0.3242874689425581
Mol_14195	Mol_03402	0.0453855393629224
Mol_14196	Mol_14664	0.018884601032304
Mol_14200	Mol_02987	0.9405481096450082
Mol_14202	Mol_10677	0.1484437537593664
Mol_14209	Mol_02123	0.3295469192402633
Mol_14233	Mol_15376	0.0632822835147151
Mol_14235	Mol_14615	0.1103901075202262
Mol_14237	Mol_16603	0.4101896981728368
Mol_14256	Mol_02608	0.4490187783547816
Mol_14260	Mol_01023	0.5180306152818017
Mol_14262	Mol_14532	0.2377543051274345
Mol_14288	Mol_14115	0.6353250197326332
Mol_14290	Mol_11553	0.4464706784778311
Mol_14291	Mol_15396	0.3919517130913683
Mol_14297	Mol_01855	0.4578740171658262
Mol_14298	Mol_03009	0.4469847546246283
Mol_14299	Mol_00672	0.880449961288558
Mol_14300	Mol_14296	0.6673539485859311
Mol_14302	Mol_14649	1.0282028968274703
Mol_14305	Mol_13155	0.0833327045365357
Mol_14306	Mol_14043	1.3480142697495474
Mol_14308	Mol_10737	0.9523573834822266
Mol_14309	Mol_03344	0.9799823463662344
Mol_14312	Mol_03578	0.4294540397574476
Mol_14317	Mol_02786	0.1243613093964747
Mol_14319	Mol_03531	0.0377955561729057
Mol_14331	Mol_16595	0.4940566910305598
Mol_14336	Mol_14323	0.5554070235990575
Mol_14337	Mol_10030	0.4339571252781525
Mol_14340	Mol_14328	0.4865861181386056
Mol_14343	Mol_07505	0.5628434164776386
Mol_14344	Mol_00976	0.593737165790378
Mol_14345	Mol_16516	0.4513736368883806
Mol_14347	Mol_07499	0.593737165790378
Mol_14348	Mol_16908	0.4513736368883806
Mol_14349	Mol_13265	0.7676690103620986
Mol_14350	Mol_11959	0.5070309102899612
Mol_14351	Mol_16482	0.6819421658145212
Mol_14352	Mol_12584	0.3322562954501824
Mol_14353	Mol_12587	0.6772915104122417
Mol_14354	Mol_11714	0.6163129784519523
Mol_14355	Mol_05162	0.4620072072044901
Mol_14356	Mol_11844	0.4620072072044901
Mol_14357	Mol_12336	0.4592144461881133
Mol_14358	Mol_11728	0.5479891117789359
Mol_14359	Mol_11966	0.4254457040852761
Mol_14362	Mol_16271	0.255511857716989
Mol_14367	Mol_07511	0.5111126308575519
Mol_14422	Mol_16573	0.3616748536833047
Mol_14424	Mol_11291	0.0475989918249427
Mol_14447	Mol_14121	0.3084297053949628
Mol_14451	Mol_00430	0.1055450110513933
Mol_14452	Mol_00725	0.1760489207319275
Mol_14465	Mol_11896	0.1112750901052075
Mol_14469	Mol_07773	0.495493535892161
Mol_14470	Mol_00226	0.2674226666518242
Mol_14471	Mol_16291	0.2994831169973351
Mol_14472	Mol_16152	0.1484437537593664
Mol_14483	Mol_14624	0.0678241801429324
Mol_14490	Mol_16426	0.4703041882634355
Mol_14502	Mol_01833	0.422155485271956
Mol_14521	Mol_02051	0.4339744274908627
Mol_14523	Mol_05011	0.5023544996493324
Mol_14524	Mol_10530	0.4923817246881809
Mol_14525	Mol_14363	0.4923817246881811
Mol_14534	Mol_16907	0.1436409202108877
Mol_14535	Mol_11967	0.209544136285966
Mol_14536	Mol_12052	0.209544136285966
Mol_14537	Mol_12969	0.3089884046923649
Mol_14538	Mol_02299	0.242133408460333
Mol_14582	Mol_10897	0.6603206955511122
Mol_14583	Mol_00200	0.6658666951207901
Mol_14598	Mol_18467	0.3166715336075522
Mol_14602	Mol_10638	0.4613391091914576
Mol_14621	Mol_02711	0.037644961268342
Mol_14622	Mol_05179	0.0376449612683418
Mol_14623	Mol_07772	0.0774654786427185
Mol_14637	Mol_15747	0.7658976895273346
Mol_14638	Mol_15887	0.897408335763413
Mol_14639	Mol_01387	0.9133402030654764
Mol_14640	Mol_07627	1.0034082444091716
Mol_14655	Mol_02157	0.0491202929961052
Mol_14665	Mol_13779	0.0738712176347705
Mol_14667	Mol_13112	0.0547185756661526
Mol_14668	Mol_12918	0.0667654858155058
Mol_14669	Mol_10383	4.163336342344337e-16
Mol_14670	Mol_10878	0.1228766114808209
Mol_14671	Mol_13111	0.2717849042962475
Mol_14672	Mol_18551	0.1228766114808209
Mol_14673	Mol_01082	0.1981275983390706
Mol_14674	Mol_12974	0.2915831695084773
Mol_14675	Mol_08748	0.5326956910427193
Mol_14676	Mol_11611	0.8104803179444557
Mol_14677	Mol_12977	0.2548620642000694
Mol_14678	Mol_13780	0.2749745394151337
Mol_14679	Mol_13027	0.2758007459459497
Mol_14682	Mol_03260	0.6849153383968483
Mol_14683	Mol_06970	0.2562869618326633
Mol_14684	Mol_05436	0.2847850246690463
Mol_14715	Mol_11569	0.0672950400739867
Mol_14716	Mol_15752	0.0602341969529157
Mol_14717	Mol_14607	0.3446437657147317
Mol_14730	Mol_16310	0.2774661869021916
Mol_14734	Mol_00347	0.0342296856404698
Mol_14753	Mol_05386	0.5887210239629725
Mol_14754	Mol_01386	0.6612586853976229
Mol_14803	Mol_14094	0.0602341969529155
Mol_14816	Mol_07977	0.0127688538621773
Mol_14825	Mol_19295	0.0963147787316764
Mol_14835	Mol_13432	0.4310171842264299
Mol_14836	Mol_01317	0.4018297612436588
Mol_14854	Mol_01345	0.7649717328582742
Mol_14855	Mol_02485	0.61441867936869
Mol_14856	Mol_14062	0.3473087020823964
Mol_14859	Mol_13707	1.0230234744356197
Mol_14860	Mol_01389	1.0484304101144242
Mol_14861	Mol_15634	0.990913166414999
Mol_14864	Mol_00671	1.0894719676135962
Mol_14892	Mol_04279	0.6613336075752395
Mol_14893	Mol_08728	0.7598367729645037
Mol_14894	Mol_18629	0.3711839063203758
Mol_14895	Mol_18586	0.6595882953263827
Mol_14900	Mol_08931	0.1651551130161921
Mol_14933	Mol_00283	0.0500009559752673
Mol_14952	Mol_12416	0.2160534555171302
Mol_14965	Mol_13594	0.6705857045291798
Mol_14966	Mol_18622	0.6705857045291798
Mol_14967	Mol_16459	0.543236096234306
Mol_14968	Mol_19092	0.6705857045291798
Mol_14969	Mol_07770	0.6705857045291798
Mol_14970	Mol_02793	0.5432360962343061
Mol_14974	Mol_12425	0.3433194330297028
Mol_14978	Mol_00801	0.1322848119699997
Mol_14979	Mol_03587	0.5728216033620314
Mol_14986	Mol_16782	0.0823744487965229
Mol_14988	Mol_13516	0.6001920140569245
Mol_14989	Mol_14364	0.4625062955623958
Mol_14990	Mol_16204	0.4826642692151255
Mol_14995	Mol_16274	0.4156151428268477
Mol_15004	Mol_13964	0.2345777577117613
Mol_15006	Mol_13044	0.0
Mol_15012	Mol_08447	1.5791397095874309
Mol_15013	Mol_15195	0.5395746669032678
Mol_15033	Mol_11619	0.8388668931109236
Mol_15034	Mol_02944	0.7626342252060041
Mol_15041	Mol_05299	0.5562983578154078
Mol_15044	Mol_01388	0.7884575675122406
Mol_15045	Mol_10768	0.8289239169369994
Mol_15046	Mol_07485	0.3727902349662439
Mol_15055	Mol_01248	0.4079219219028744
Mol_15056	Mol_14643	0.7284872435695304
Mol_15057	Mol_04591	0.7986723733620311
Mol_15058	Mol_14641	0.7909455566793318
Mol_15059	Mol_13925	0.7543317033001924
Mol_15060	Mol_01758	0.8011046705516983
Mol_15061	Mol_16449	0.8079272075959026
Mol_15062	Mol_15247	0.7727515618087801
Mol_15063	Mol_14314	0.8816073443211384
Mol_15064	Mol_11174	0.2762715163335356
Mol_15069	Mol_14636	0.794353807867686
Mol_15071	Mol_13788	0.877549443151192
Mol_15072	Mol_15871	0.8775494431511919
Mol_15075	Mol_04010	0.8079272075959028
Mol_15082	Mol_14912	0.3205772980761787
Mol_15083	Mol_10445	0.395495155741657
Mol_15084	Mol_16444	0.5196972823867604
Mol_15085	Mol_14642	0.7627113789925232
Mol_15089	Mol_09131	0.2700335164605525
Mol_15091	Mol_01493	0.0
Mol_15093	Mol_05010	0.2030468106291655
Mol_15096	Mol_14401	0.4920592146893842
Mol_15097	Mol_08306	0.4629780378512635
Mol_15101	Mol_13441	0.498851916627961
Mol_15107	Mol_15397	0.1173538182103619
Mol_15110	Mol_01413	0.2061059270946971
Mol_15120	Mol_03997	0.3800063333637133
Mol_15131	Mol_14191	0.2734110691259434
Mol_15133	Mol_15139	0.3705626487536408
Mol_15140	Mol_15506	0.3705626487536408
Mol_15142	Mol_03269	0.355371118023516
Mol_15146	Mol_13517	0.419884769174503
Mol_15148	Mol_16284	0.0764637750740883
Mol_15151	Mol_03186	0.0500009559752673
Mol_15167	Mol_15158	0.4443780027759046
Mol_15171	Mol_01050	0.1903426349079141
Mol_15173	Mol_00099	0.5796218533214461
Mol_15177	Mol_15183	0.0602341969529153
Mol_15179	Mol_19370	0.0673389533447375
Mol_15180	Mol_13477	0.0074243287949965
Mol_15188	Mol_00950	0.5049582788676635
Mol_15189	Mol_04686	0.4527649056623516
Mol_15191	Mol_02307	0.0526442137628989
Mol_15192	Mol_04168	0.1322848119699997
Mol_15200	Mol_01548	0.3272137216166632
Mol_15201	Mol_04864	0.332495726917576
Mol_15202	Mol_11623	0.3277968291769698
Mol_15203	Mol_00222	0.6114273042703411
Mol_15204	Mol_12351	0.6574840728784612
Mol_15205	Mol_04989	0.4079925271543089
Mol_15206	Mol_08005	0.6711035050780565
Mol_15229	Mol_01580	0.437487105500751
Mol_15233	Mol_16585	0.2995083823667382
Mol_15234	Mol_15230	0.394766728557354
Mol_15235	Mol_14135	0.469330940183148
Mol_15236	Mol_01977	0.444666808824545
Mol_15237	Mol_11266	0.4514679343667845
Mol_15238	Mol_12871	0.3168231274221719
Mol_15239	Mol_13403	0.4315259149204174
Mol_15249	Mol_13567	0.3962261627507009
Mol_15259	Mol_05082	0.4724445098083374
Mol_15261	Mol_16343	0.2124122039540203
Mol_15264	Mol_02165	0.6605759140014251
Mol_15265	Mol_10096	0.6684294577732942
Mol_15266	Mol_10761	0.6596029853652622
Mol_15267	Mol_05874	0.7044806430820818
Mol_15283	Mol_16273	0.1663773832759282
Mol_15285	Mol_01308	0.0073302069796441
Mol_15286	Mol_03448	0.0073302069796441
Mol_15305	Mol_00787	0.2863988746234187
Mol_15313	Mol_15242	0.493074107742521
Mol_15315	Mol_01346	0.5180907929445228
Mol_15316	Mol_02182	0.0888963617604084
Mol_15321	Mol_03928	0.1047723559509286
Mol_15394	Mol_17067	0.3925780879070569
Mol_15417	Mol_15310	0.099047268760786
Mol_15427	Mol_13968	0.0788025486856344
Mol_15433	Mol_00762	0.4833376260727248
Mol_15450	Mol_09470	0.1545183536380038
Mol_15453	Mol_15459	0.7344769878275046
Mol_15454	Mol_15460	0.9990991344369188
Mol_15455	Mol_02981	1.0527928749384012
Mol_15456	Mol_15635	0.9878685230377712
Mol_15457	Mol_10559	1.0585650742254855
Mol_15458	Mol_10518	1.1726554347761335
Mol_15461	Mol_09367	0.7353714281412382
Mol_15462	Mol_15150	0.7353714281412382
Mol_15486	Mol_09063	0.3705626487536408
Mol_15493	Mol_18584	0.543301056280071
Mol_15495	Mol_19091	0.5290658551374932
Mol_15497	Mol_12297	0.2901085880010694
Mol_15512	Mol_15514	0.1780748011442438
Mol_15513	Mol_12462	0.3932442072256306
Mol_15516	Mol_15628	1.063656302106048
Mol_15517	Mol_13606	1.073256252399221
Mol_15518	Mol_12339	1.0686766913088217
Mol_15519	Mol_12330	1.0763887877453269
Mol_15520	Mol_02488	0.6843252962469353
Mol_15521	Mol_13531	0.6085587996469201
Mol_15522	Mol_03136	0.6591470461657425
Mol_15523	Mol_02481	0.7850660002229995
Mol_15524	Mol_00474	0.7880947753096349
Mol_15525	Mol_11617	0.7998358450077733
Mol_15526	Mol_11940	0.4226710071897296
Mol_15527	Mol_15954	0.4185125822512316
Mol_15528	Mol_10544	0.4502728434031907
Mol_15529	Mol_01052	0.6670923667679953
Mol_15531	Mol_13519	0.57125234225502
Mol_15532	Mol_04706	0.57125234225502
Mol_15533	Mol_16537	0.4716878367975647
Mol_15534	Mol_15593	0.485086154195438
Mol_15535	Mol_15594	0.485086154195438
Mol_15536	Mol_07784	0.4850861541954381
Mol_15537	Mol_04476	0.2995334376905079
Mol_15538	Mol_04477	0.2995334376905079
Mol_15539	Mol_14257	0.6989627277752678
Mol_15540	Mol_02651	0.9445411431930968
Mol_15542	Mol_13631	0.922004826464301
Mol_15543	Mol_01306	0.1830546779079978
Mol_15549	Mol_07027	0.4157050769410033
Mol_15551	Mol_09095	0.4157050769410033
Mol_15555	Mol_07726	0.2772938597865366
Mol_15556	Mol_02331	0.3218363762291395
Mol_15602	Mol_13841	0.4133026594792447
Mol_15604	Mol_08240	0.0910427937900608
Mol_15609	Mol_04931	0.3324957269175762
Mol_15610	Mol_04932	0.3324957269175762
Mol_15617	Mol_02175	0.0289330460393246
Mol_15618	Mol_12087	0.1129775335901867
Mol_15619	Mol_09132	0.3375852665509242
Mol_15623	Mol_10686	0.3195859198577442
Mol_15632	Mol_11152	0.7371762258101241
Mol_15636	Mol_02679	0.9162524716487592
Mol_15640	Mol_11545	0.3886623519611703
Mol_15641	Mol_00026	0.2898763669222916
Mol_15644	Mol_11069	0.8847158319892352
Mol_15651	Mol_14644	0.9105867467521264
Mol_15657	Mol_15197	0.6623398020701642
Mol_15658	Mol_11576	0.1541690074112518
Mol_15659	Mol_16735	0.0075899831900165
Mol_15660	Mol_10722	0.0544131554638748
Mol_15661	Mol_08324	0.0602863973661239
Mol_15723	Mol_16276	0.5376576736836574
Mol_15743	Mol_14192	0.5368511895360928
Mol_15753	Mol_09518	0.6827992537952754
Mol_15754	Mol_16277	0.5025834247709099
Mol_15756	Mol_11175	0.2528385875015109
Mol_15757	Mol_15611	0.4525989935924677
Mol_15773	Mol_01247	0.4079219219028744
Mol_15786	Mol_10920	0.5407899283986393
Mol_15789	Mol_03571	0.6598729933567496
Mol_15790	Mol_13816	0.657965404778864
Mol_15791	Mol_01344	0.6773992444949498
Mol_15792	Mol_13462	0.6760623189593362
Mol_15800	Mol_15423	0.6651048260959329
Mol_15801	Mol_02778	0.3682795045760435
Mol_15804	Mol_04869	0.3444909696366267
Mol_15805	Mol_02780	0.2022265527701212
Mol_15806	Mol_14468	0.3444909696366267
Mol_15807	Mol_16861	0.3511883305764056
Mol_15808	Mol_16880	0.3809368094712163
Mol_15809	Mol_13948	0.4182638533345092
Mol_15810	Mol_16539	0.2091319266672543
Mol_15811	Mol_13946	0.2091319266672543
Mol_15812	Mol_16810	0.0488097863014156
Mol_15813	Mol_04124	0.542647047250208
Mol_15814	Mol_04687	0.415151262251632
Mol_15815	Mol_04219	0.3809368094712164
Mol_15816	Mol_07287	0.3809368094712164
Mol_15817	Mol_18032	0.2091319266672543
Mol_15818	Mol_11173	0.3782815429280797
Mol_15819	Mol_08541	0.1084183985201339
Mol_15820	Mol_04517	0.1318076209983907
Mol_15821	Mol_12792	0.2112626516447395
Mol_15822	Mol_14923	0.235661493559228
Mol_15824	Mol_16757	0.2091319266672543
Mol_15828	Mol_15695	0.0917446699495081
Mol_15829	Mol_12064	0.1092676212780467
Mol_15830	Mol_00075	0.1535709557326558
Mol_15831	Mol_10573	0.1405270482803906
Mol_15832	Mol_14032	0.1838909498707138
Mol_15834	Mol_19550	0.40966142065016
Mol_15835	Mol_03137	0.0739745179487737
Mol_15836	Mol_13597	0.3906529225396702
Mol_15837	Mol_14412	0.4166299311167298
Mol_15838	Mol_12953	0.4317033119160429
Mol_15839	Mol_15103	0.1056466685754401
Mol_15841	Mol_12099	0.1614441431685167
Mol_15842	Mol_13310	0.1084183985201341
Mol_15844	Mol_11616	0.3298635342396926
Mol_15845	Mol_10724	0.3043033645864695
Mol_15846	Mol_14372	0.550279627514768
Mol_15864	Mol_16278	0.5376576736836574
Mol_15886	Mol_13177	0.1059134111567175
Mol_15892	Mol_05198	0.2099326380431334
Mol_15902	Mol_05201	0.0813506261332438
Mol_15903	Mol_16492	0.0544542585611442
Mol_15967	Mol_14878	0.3262061252159236
Mol_15969	Mol_07274	0.2659066688995481
Mol_15970	Mol_13808	0.2926397955302883
Mol_15977	Mol_14374	0.1903426349079141
Mol_15978	Mol_00199	0.5176967945700301
Mol_15979	Mol_10280	0.6178452266100692
Mol_15980	Mol_14997	0.6096056927499749
Mol_15981	Mol_00220	0.681869548776822
Mol_15982	Mol_15972	0.6578412680525872
Mol_15983	Mol_14999	0.6262119943931755
Mol_15984	Mol_07248	0.6602374304531758
Mol_15985	Mol_11513	0.7009308377520699
Mol_15986	Mol_13557	0.6989272141174399
Mol_16010	Mol_11841	0.8802842012725829
Mol_16022	Mol_04940	0.6599193172334707
Mol_16025	Mol_01921	0.2426398368653196
Mol_16026	Mol_18094	0.6394863423950014
Mol_16028	Mol_12943	0.3261889749486424
Mol_16029	Mol_17023	0.3575114722657209
Mol_16030	Mol_07317	0.1473385790703426
Mol_16054	Mol_03712	0.6575779991377532
Mol_16075	Mol_00752	0.406045913108649
Mol_16076	Mol_08806	0.5363588937615111
Mol_16077	Mol_16923	0.203417231398569
Mol_16078	Mol_03381	0.1145592063571166
Mol_16079	Mol_00554	0.1800157016547598
Mol_16080	Mol_14663	0.8128482842586152
Mol_16081	Mol_02420	0.8183950501494629
Mol_16082	Mol_13595	0.8374593277183434
Mol_16083	Mol_14662	0.8448215045650762
Mol_16084	Mol_16512	0.8367095709798521
Mol_16085	Mol_02549	0.865687446508272
Mol_16087	Mol_03572	0.6636800784383121
Mol_16090	Mol_00472	0.069344725993467
Mol_16094	Mol_08998	0.2504617166120823
Mol_16095	Mol_11119	0.4182622879355643
Mol_16113	Mol_04102	0.4249288464782886
Mol_16121	Mol_14152	0.3048756194168474
Mol_16133	Mol_00356	0.4210937343343144
Mol_16134	Mol_09333	0.2545846829251455
Mol_16137	Mol_15319	0.1514704841737069
Mol_16162	Mol_12465	0.6099487136879791
Mol_16163	Mol_14526	0.096529493143018
Mol_16185	Mol_16285	0.5700167918101822
Mol_16186	Mol_12294	0.3862704225743341
Mol_16187	Mol_10779	0.4819839009616212
Mol_16188	Mol_19095	0.5113367154118268
Mol_16189	Mol_16182	0.5113367154118268
Mol_16190	Mol_14600	0.190818218085242
Mol_16191	Mol_13827	0.5660306344784595
Mol_16200	Mol_04988	0.4547728783101417
Mol_16201	Mol_02720	0.3039474301364925
Mol_16202	Mol_15955	0.3106727306439045
Mol_16209	Mol_11473	0.0475154717174025
Mol_16210	Mol_16732	0.0357835215180734
Mol_16213	Mol_05262	0.4116317520063233
Mol_16227	Mol_16613	0.657494509792102
Mol_16230	Mol_04127	0.6808847741752101
Mol_16231	Mol_00788	0.6682972831497488
Mol_16232	Mol_01973	0.4206191368844605
Mol_16233	Mol_15603	0.6612068990493406
Mol_16234	Mol_07439	0.6109068724181472
Mol_16243	Mol_10771	0.552671880460482
Mol_16248	Mol_03711	0.0611251307570582
Mol_16254	Mol_02690	0.1097981773486814
Mol_16255	Mol_11763	0.1612774023504319
Mol_16257	Mol_01347	0.6736896978736493
Mol_16263	Mol_02177	0.2080545275549211
Mol_16293	Mol_16746	0.6259613370006636
Mol_16295	Mol_02043	0.1831665538342597
Mol_16297	Mol_13018	0.4443888885518883
Mol_16305	Mol_10893	0.1481719675598323
Mol_16322	Mol_00255	0.2091319266672543
Mol_16323	Mol_08216	0.2119518084364453
Mol_16329	Mol_14852	0.2184250081253218
Mol_16332	Mol_01383	0.4115899776561401
Mol_16334	Mol_16781	0.6931621061125558
Mol_16337	Mol_03954	0.701214029028865
Mol_16339	Mol_08192	0.065049969807529
Mol_16340	Mol_14147	0.2833078397810228
Mol_16341	Mol_14874	0.2106714311642679
Mol_16357	Mol_19217	0.6354654362389182
Mol_16360	Mol_14184	0.3007842769021661
Mol_16361	Mol_00061	0.2403100338481067
Mol_16362	Mol_02590	0.4193812691143341
Mol_16363	Mol_09069	0.2810449568770082
Mol_16364	Mol_16281	0.086837382312629
Mol_16371	Mol_00754	0.3559669379256165
Mol_16372	Mol_07513	0.6561285189487879
Mol_16373	Mol_07571	0.7439024988971444
Mol_16374	Mol_19094	0.6837943927603121
Mol_16376	Mol_11673	0.7340962189344804
Mol_16378	Mol_07521	0.7450429156092766
Mol_16380	Mol_04954	0.6001997483754598
Mol_16382	Mol_02914	0.8077454592854809
Mol_16383	Mol_03264	0.6976647026444595
Mol_16384	Mol_03266	0.6976647026444595
Mol_16385	Mol_00033	0.7021337743388317
Mol_16386	Mol_15260	0.7749997147185131
Mol_16387	Mol_07515	0.6513471826566962
Mol_16388	Mol_07518	0.6521180784925587
Mol_16390	Mol_12263	0.7473746411827306
Mol_16395	Mol_06188	0.6327369035861802
Mol_16396	Mol_14187	0.0602341969529156
Mol_16397	Mol_04474	0.4620974072782329
Mol_16398	Mol_19264	0.6740367261576298
Mol_16399	Mol_05230	0.542827045882856
Mol_16401	Mol_07403	0.4793358216557958
Mol_16405	Mol_16402	0.4113048840114211
Mol_16407	Mol_08415	0.0
Mol_16413	Mol_01318	0.5310586540574399
Mol_16416	Mol_11364	0.4819839009616212
Mol_16417	Mol_01396	0.5811555986759743
Mol_16418	Mol_09448	0.4206447656079482
Mol_16432	Mol_03227	0.0198785274024247
Mol_16454	Mol_00634	3.552713678800501e-15
Mol_16457	Mol_15037	0.3591434438061083
Mol_16458	Mol_18466	0.5333237118812113
Mol_16461	Mol_05101	0.3919550521358032
Mol_16462	Mol_08703	0.5561574773335136
Mol_16463	Mol_00027	0.6606620111069823
Mol_16464	Mol_07560	0.4877096911594683
Mol_16465	Mol_15021	0.3217476848464113
Mol_16511	Mol_06169	0.0037046346522702
Mol_16513	Mol_14122	0.4584689151849651
Mol_16515	Mol_00973	0.2827215232194621
Mol_16517	Mol_18975	0.0418796669892244
Mol_16519	Mol_03898	0.2187294719928568
Mol_16520	Mol_16306	0.262537220049378
Mol_16521	Mol_16308	0.1806298696853911
Mol_16522	Mol_18415	0.4170651800393171
Mol_16530	Mol_18740	0.1434152924887438
Mol_16531	Mol_01340	0.8878019820736363
Mol_16532	Mol_16754	0.799391561689217
Mol_16533	Mol_18744	0.852536766225835
Mol_16541	Mol_14439	0.2155225467310719
Mol_16542	Mol_13506	0.7983048773195021
Mol_16547	Mol_04288	0.1328185261848606
Mol_16548	Mol_00593	0.7996130680851069
Mol_16550	Mol_00948	0.2467131449855166
Mol_16551	Mol_11863	0.3610981893934406
Mol_16552	Mol_09097	0.3623292425197573
Mol_16554	Mol_00190	0.4376370625819558
Mol_16556	Mol_02557	0.4837157078210034
Mol_16557	Mol_03609	0.2792761894213953
Mol_16558	Mol_01458	0.397723645484219
Mol_16560	Mol_16347	0.7863843013836809
Mol_16566	Mol_15287	0.446222591055787
Mol_16586	Mol_07431	0.0
Mol_16592	Mol_16264	0.1336162078083992
Mol_16594	Mol_15134	0.6947912269087086
Mol_16614	Mol_00233	0.447038879281537
Mol_16615	Mol_02850	0.0602341969529155
Mol_16616	Mol_08156	0.0602341969529151
Mol_16617	Mol_10287	0.051622672579821
Mol_16618	Mol_10278	0.223843406751565
Mol_16619	Mol_11082	0.1988621822988365
Mol_16620	Mol_11084	0.2104739687606114
Mol_16621	Mol_15491	0.543236096234306
Mol_16624	Mol_02805	0.5331512305719007
Mol_16625	Mol_01336	0.723011610652479
Mol_16626	Mol_00590	0.6909664742057036
Mol_16627	Mol_11671	0.7760103383484142
Mol_16638	Mol_08390	0.0184758980023026
Mol_16639	Mol_17022	0.6015369829833779
Mol_16640	Mol_05187	0.0199009778525512
Mol_16653	Mol_04128	0.5961448869984054
Mol_16721	Mol_16722	0.0184758980023027
Mol_16727	Mol_01445	0.6576318614777702
Mol_16728	Mol_15880	0.6604672384299606
Mol_16729	Mol_12468	0.658417242391369
Mol_16743	Mol_12024	0.3617477851253756
Mol_16748	Mol_14934	0.657494509792102
Mol_16749	Mol_19247	0.5963993463883395
Mol_16750	Mol_07284	0.5901891357492641
Mol_16751	Mol_09076	0.6061488280242335
Mol_16776	Mol_07751	0.2479842825610961
Mol_16779	Mol_10273	0.4180572059799443
Mol_16800	Mol_10177	0.5808016446657046
Mol_16801	Mol_08207	0.4514008404008338
Mol_16814	Mol_16226	0.2567402577907151
Mol_16815	Mol_14193	0.3986031234492811
Mol_16820	Mol_09372	0.5616779721774077
Mol_16821	Mol_00598	1.055462066438998
Mol_16827	Mol_00227	0.5060872797358164
Mol_16828	Mol_00265	0.5658449684793329
Mol_16829	Mol_15973	0.6763749296577554
Mol_16830	Mol_15961	0.7160719123056617
Mol_16831	Mol_15855	0.1292052903765937
Mol_16832	Mol_15159	0.0602341969529149
Mol_16836	Mol_15962	0.9018490702479094
Mol_16837	Mol_10369	1.0698618488391105
Mol_16838	Mol_15963	0.811493412909234
Mol_16839	Mol_00018	0.6797208781517434
Mol_16840	Mol_01101	0.6584291988921005
Mol_16842	Mol_15172	0.9481406998646802
Mol_16843	Mol_13821	0.9543187375154042
Mol_16844	Mol_18574	0.8931912091335318
Mol_16853	Mol_13345	0.4323819461220774
Mol_16854	Mol_00753	0.8302880393884152
Mol_16855	Mol_07707	0.5329939494475209
Mol_16867	Mol_13404	0.2522665756480798
Mol_16868	Mol_08250	0.0
Mol_16869	Mol_08999	0.1762650500435768
Mol_16870	Mol_08198	0.0
Mol_16874	Mol_11833	0.5552292556661889
Mol_16875	Mol_10368	0.57272248122703
Mol_16876	Mol_16928	0.6647235721610689
Mol_16883	Mol_01088	0.4079925271543091
Mol_16898	Mol_14395	0.6332081102378865
Mol_16899	Mol_04700	0.7112331663540652
Mol_16900	Mol_09763	0.7734101757006802
Mol_16902	Mol_00198	0.7269507570318917
Mol_16903	Mol_17013	0.6007692579173425
Mol_16904	Mol_16973	0.4466528690402829
Mol_16909	Mol_09071	0.173340189151945
Mol_16911	Mol_00038	0.5131292527940324
Mol_16921	Mol_08783	0.5107572297977327
Mol_16925	Mol_09622	0.3591434438061082
Mol_16926	Mol_16282	0.838821622043832
Mol_16950	Mol_08302	0.0661428096134237
Mol_16951	Mol_04735	0.0753481665990976
Mol_16968	Mol_03490	0.5865194385492344
Mol_16969	Mol_09499	0.7583031497449768
Mol_16970	Mol_10525	0.5865194385492344
Mol_16971	Mol_14539	0.5865194385492347
Mol_16979	Mol_13537	0.6642959122175591
Mol_16981	Mol_09157	0.3427851028055673
Mol_16982	Mol_00182	0.4846534402870724
Mol_16991	Mol_01918	0.7222689687210094
Mol_16996	Mol_15694	0.4186959557099591
Mol_16997	Mol_09062	0.4195932214723336
Mol_17002	Mol_16311	0.4136676839986158
Mol_17003	Mol_02664	1.1111782171504505
Mol_17028	Mol_19093	0.6611708525891309
Mol_17032	Mol_04943	0.596947671276871
Mol_17043	Mol_08349	0.0452349444583587
Mol_17045	Mol_00243	0.6062801581435457
Mol_17046	Mol_09628	0.0324411475213877
Mol_17047	Mol_04306	0.0708005561798203
Mol_17048	Mol_04558	0.0708005561798203
Mol_17049	Mol_04245	0.0929660767729977
Mol_17059	Mol_11555	0.7020016620017796
Mol_17064	Mol_09162	0.6595004175525195
Mol_17065	Mol_18137	0.662123683644179
Mol_17066	Mol_07923	0.645707063696698
Mol_17069	Mol_15612	0.432801949088225
Mol_18014	Mol_04841	0.0690017530202233
Mol_18055	Mol_12921	0.8801828150773996
Mol_18056	Mol_12907	0.5166389766477509
Mol_18138	Mol_18969	0.6639769203641561
Mol_18159	Mol_05065	0.6262446369454084
Mol_18171	Mol_14687	0.0528249276483749
Mol_18187	Mol_18179	0.1056197363158379
Mol_18189	Mol_07444	0.2426398368653196
Mol_18195	Mol_14571	4.2674197509029455e-16
Mol_18404	Mol_04261	0.4834774187254346
Mol_18406	Mol_00241	0.239182124171541
Mol_18408	Mol_10332	0.5839278718976605
Mol_18418	Mol_16195	0.3963620411013412
Mol_18419	Mol_15768	0.4079219219028744
Mol_18423	Mol_01459	0.3812962305803785
Mol_18426	Mol_16123	0.4079219219028744
Mol_18430	Mol_16135	0.4181651105534396
Mol_18433	Mol_09446	0.4110222582579018
Mol_18449	Mol_14647	0.7081122440737545
Mol_18464	Mol_14646	0.7358682325841152
Mol_18505	Mol_07679	0.4891641289686974
Mol_18506	Mol_08173	0.4787580189871007
Mol_18507	Mol_01349	0.5978010165548374
Mol_18508	Mol_08177	0.6047304960240888
Mol_18509	Mol_08178	0.5364874721260628
Mol_18513	Mol_13156	0.6068695793221864
Mol_18538	Mol_07712	0.2625766289028453
Mol_18539	Mol_07713	0.3834013353160477
Mol_18541	Mol_14456	0.1257987855942997
Mol_18543	Mol_12527	0.1475462205393301
Mol_18555	Mol_02542	0.6671033216036161
Mol_18560	Mol_18973	0.4964258974815202
Mol_18561	Mol_00391	0.7602034111556135
Mol_18566	Mol_12039	2.220446049250313e-16
Mol_18567	Mol_01534	0.0
Mol_18575	Mol_00979	0.2290291895495205
Mol_18577	Mol_05969	0.3565152769085461
Mol_18578	Mol_05970	0.3565152769085462
Mol_18579	Mol_05414	0.4247658073670033
Mol_18588	Mol_04955	0.6864004628684006
Mol_18592	Mol_05816	0.2426398368653196
Mol_18594	Mol_03385	0.0738531003918936
Mol_18595	Mol_03669	0.0738531003918939
Mol_18596	Mol_01150	0.0074243287949964
Mol_18600	Mol_01165	0.2876158070824255
Mol_18603	Mol_08670	0.4104173599141411
Mol_18604	Mol_13466	0.600046241786656
Mol_18620	Mol_15019	0.307231160584518
Mol_18621	Mol_15020	0.3368620870771359
Mol_18628	Mol_15017	0.4958407362356332
Mol_18726	Mol_00244	0.417072445121053
Mol_18727	Mol_00856	0.6118733950269458
Mol_18739	Mol_11557	0.5652127892219968
Mol_18743	Mol_07674	0.5813818561626591
Mol_18748	Mol_11764	0.2787323439845687
Mol_18749	Mol_00808	0.3288603657391278
Mol_18750	Mol_15964	0.7228103634349863
Mol_18751	Mol_15686	0.7866059069750155
Mol_18752	Mol_15546	0.7649312269693707
Mol_18905	Mol_07675	0.4820670215247231
Mol_18914	Mol_16381	0.0
Mol_18947	Mol_01981	1.1102230246251563e-16
Mol_18962	Mol_08006	0.7486963426261832
Mol_18965	Mol_08687	0.5331512305719003
Mol_18999	Mol_01544	0.3553711180235164
Mol_19061	Mol_15250	0.7270905604447722
Mol_19074	Mol_00807	0.4755745494096061
Mol_19075	Mol_01010	0.5267839340239159
Mol_19076	Mol_06728	0.343537727803235
Mol_19078	Mol_05967	0.524865929186669
Mol_19079	Mol_02913	0.55424444145604
Mol_19080	Mol_13494	0.55424444145604
Mol_19081	Mol_14371	0.5532999114952146
Mol_19089	Mol_10666	0.2984060873186706
Mol_19090	Mol_02605	0.7733375404935647
Mol_19099	Mol_01919	0.6316568333519688
Mol_19100	Mol_04600	0.4170004318357194
Mol_19103	Mol_05805	0.2369816132870647
Mol_19110	Mol_07396	0.4133438501758161
Mol_19152	Mol_09795	0.4737808740441995
Mol_19198	Mol_19163	0.4323433279037824
Mol_19209	Mol_07662	0.355371118023516
Mol_19213	Mol_01546	0.0
Mol_19214	Mol_18079	0.355371118023516
Mol_19281	Mol_06096	0.3904431047161584
Mol_19307	Mol_12239	0.1266950740576934
Mol_19331	Mol_01588	0.5411670254447263
Mol_19356	Mol_05818	0.2369816132870647
Mol_19384	Mol_07691	0.431935073311304
Mol_19493	Mol_00626	0.2036403234952841
Mol_19494	Mol_15948	0.9658930720948804
Mol_19495	Mol_13987	0.9960529425441866
Mol_19496	Mol_13988	1.2071096659002154
Mol_19497	Mol_13990	1.2550391605879028
Mol_19551	Mol_12922	0.0220717365847202
Mol_19552	Mol_00809	1.0912117046245893
Mol_19553	Mol_01103	1.184499939777656
Mol_19554	Mol_01104	1.104436014693425
Mol_19555	Mol_13213	1.1207458024722698
Mol_19556	Mol_02668	1.1588633660310237
Mol_19557	Mol_17016	1.043688107308267
Mol_19558	Mol_08934	0.7591259280403861
Mol_19559	Mol_08933	0.7537763408944147
Mol_19560	Mol_04461	0.802265152237193
Mol_19561	Mol_12503	0.7284228103103119
Mol_19562	Mol_11074	0.7743852274408632
Mol_19563	Mol_13214	1.1271209114312657
Mol_19564	Mol_10309	1.1074976704805914
Mol_19565	Mol_04008	0.804727807844355
