molecule_id	motif_match_id	motif_id	mechanism_group	matched_atom_indices	candidate_reactive_atom_indices	parent_smiles
Mol_00013	Mol_00013::M01	acrylate_ester	michael_acceptor	29;28;26;27;25;24	29	C[C@@H]1C[C@@H](O[C@@H]2[C@@H](O)[C@H](OCCc3ccc(O)c(O)c3)O[C@H](CO)[C@H]2OC(=O)/C=C/c2ccc(O)c(O)c2)[C@H](O)[C@H](O)[C@H]1O
Mol_00014	Mol_00014::M01	acrylate_ester	michael_acceptor	29;28;26;27;25;24	29	C[C@@H]1O[C@@H](O[C@@H]2[C@@H](O)[C@H](OCCc3ccc(O)c(O)c3)O[C@H](CO)[C@H]2OC(=O)/C=C/c2ccc(O)c(O)c2)[C@H](O)[C@H](O)[C@H]1O
Mol_00017	Mol_00017::M01	enone_cyclic	michael_acceptor	1;2;3;4;5	1	CC1=CC(=O)CC(C)(C)[C@@]1(O)/C=C/[C@@H](C)O[C@@H]1O[C@H](CO)[C@@H](O)[C@H](O)[C@H]1O
Mol_00020	Mol_00020::M01	acrylate_ester	michael_acceptor	19;18;16;17;15;14	19	C[C@@H]1O[C@@H](O[C@@H]2[C@@H](O)[C@H](O)O[C@H](CO)[C@H]2OC(=O)/C=C/c2ccc(O)c(O)c2)[C@H](O)[C@H](O)[C@H]1O
Mol_00029	Mol_00029::M01	enone_cyclic	michael_acceptor	1;2;3;4;5	1	CC1=CC(=O)CC(C)(C)[C@H]1CC[C@@H](C)OC1OC(COS(=O)(=O)O)C(O)C(O)C1O
Mol_00032	Mol_00032::M01	aldehyde	reversible_carbonyl	4;5;6	5	COc1cc(C=O)ccc1O[C@@H]1O[C@H](CO)[C@@H](O)[C@H](O)[C@H]1O
Mol_00041	Mol_00041::M01	acrylate_ester	michael_acceptor	27;26;24;25;23;22	27	C[C@@H]1O[C@@H](O[C@@H]2[C@@H](O)[C@H](OCCc3ccc(O)c(O)c3)O[C@H](COC(=O)/C=C/c3ccc(O)c(O)c3)[C@H]2O)[C@H](O)[C@H](O)[C@H]1O
Mol_00042	Mol_00042::M01	enone_cyclic	michael_acceptor	1;2;3;4;5	1	CC1=CC(=O)CC(C)(C)[C@H]1CC[C@@H](C)OC1OC(CO)C(O)C(O)C1O
Mol_00044	Mol_00044::M01	epoxide	sn2_ring_opening	14;15;16	14;16	OCC1O[C@H](O[C@@H]2OC=CC3C2[C@@H](O)[C@H]2O[C@@H]32)[C@@H](O)C(O)[C@@H]1O
Mol_00049	Mol_00049::M01	enone_cyclic	michael_acceptor	22;20;18;19;17	22	CC(=O)O[C@H]1C[C@@H](C(C)C)[C@@]2(O)CC=C(C)[C@@H]3CC(=O)C(C)=C3C[C@]12C
Mol_00050	Mol_00050::M01	enone_cyclic	michael_acceptor	22;20;18;19;17	22	CC(=O)O[C@H]1C[C@@](O)(C(C)C)[C@H]2CC=C(C)[C@@H]3CC(=O)C(C)=C3C[C@]12C
Mol_00051	Mol_00051::M01	enone_cyclic	michael_acceptor	2;1;9;10;8	2	CC1=C2C[C@@]3(C)O[C@]2(CC1=O)[C@]1(C)O[C@@H]1CC(=O)[C@H](C(C)(C)C)CC3=O
Mol_00051	Mol_00051::M02	epoxide	sn2_ring_opening	11;13;14	11;14	CC1=C2C[C@@]3(C)O[C@]2(CC1=O)[C@]1(C)O[C@@H]1CC(=O)[C@H](C(C)(C)C)CC3=O
Mol_00052	Mol_00052::M01	enone_cyclic	michael_acceptor	15;16;18;19;20	15	CC1=CC[C@@H]2[C@H](C(C)C)CC(=O)[C@@]2(C)CC2=C(C)C(=O)C[C@@H]12
Mol_00053	Mol_00053::M01	acrylate_ester	michael_acceptor	22;21;19;20;18;17	22	CC1O[C@@H](Oc2c(-c3ccc(O)c(O[C@@H]4OC(COC(=O)/C=C/Cc5ccc(O)c(O)c5)[C@@H](O)[C@H](O)C4O)c3)oc3cc(O)cc(O)c3c2=O)C(O)[C@@H](O)[C@@H]1O
Mol_00054	Mol_00054::M01	acrylate_ester	michael_acceptor	3;2;1;0;13;14	3	O=C(/C=C/Cc1ccc(O)c(O)c1)OCC1O[C@@H](Oc2cc(-c3oc4cc(O)cc(O)c4c(=O)c3O[C@@H]3OC(CO)[C@@H](O)[C@H](O)C3O)ccc2O)C(O)[C@@H](O)[C@@H]1O
Mol_00058	Mol_00058::M01	acrylate_ester	michael_acceptor	26;25;23;24;22;21	26	CCOC(=O)O[C@H]1CC2C(COC3OC(CO)C(O)C(O)C3OC(=O)/C=C/c3ccc(O)cc3)=CO[C@@](C)(OC(=O)CC(C)C)C2[C@@]1(O)OC(=O)OCC
Mol_00059	Mol_00059::M01	acrylate_ester	michael_acceptor	26;25;23;24;22;21	26	CCOC(=O)O[C@H]1CC2C(COC3OC(CO)C(O)C(O)C3OC(=O)/C=C\c3ccc(O)cc3)=CO[C@@](C)(OC(=O)CC(C)C)C2[C@@]1(O)OC(=O)OCC
Mol_00080	Mol_00080::M01	acrylate_ester	michael_acceptor	4;5;7;8;9;10	4	C=C1CCC2=C(C)C(=O)O[C@H]2/C=C(\C)CC[C@H]2O[C@]2(C)CC[C@H]1OC(C)=O
Mol_00080	Mol_00080::M02	unsat_lactone	michael_acceptor	9;7;8;5;4	4	C=C1CCC2=C(C)C(=O)O[C@H]2/C=C(\C)CC[C@H]2O[C@]2(C)CC[C@H]1OC(C)=O
Mol_00080	Mol_00080::M03	epoxide	sn2_ring_opening	16;17;18	16;18	C=C1CCC2=C(C)C(=O)O[C@H]2/C=C(\C)CC[C@H]2O[C@]2(C)CC[C@H]1OC(C)=O
Mol_00081	Mol_00081::M01	acrylate_ester	michael_acceptor	11;12;14;15;16;17	11	CO[C@]1(C)CC/C=C(\C)CCC2=C(C)C(=O)O[C@H]2/C=C(\C)CC[C@H]1O
Mol_00081	Mol_00081::M02	unsat_lactone	michael_acceptor	16;14;15;12;11	11	CO[C@]1(C)CC/C=C(\C)CCC2=C(C)C(=O)O[C@H]2/C=C(\C)CC[C@H]1O
Mol_00082	Mol_00082::M01	acrylate_ester	michael_acceptor	9;10;12;13;14;15	9	C=C1CC/C=C(\C)CCC2=C(C)C(=O)O[C@H]2/C=C(\C)CC[C@H]1O
Mol_00082	Mol_00082::M02	unsat_lactone	michael_acceptor	14;12;13;10;9	9	C=C1CC/C=C(\C)CCC2=C(C)C(=O)O[C@H]2/C=C(\C)CC[C@H]1O
Mol_00083	Mol_00083::M01	acrylate_ester	michael_acceptor	2;1;21;22;20;19	2	CC1=C2CC/C(C)=C/CC[C@H](C)C(=O)CC/C(C)=C/[C@@H]2OC1=O
Mol_00083	Mol_00083::M02	unsat_lactone	michael_acceptor	20;21;22;1;2	2	CC1=C2CC/C(C)=C/CC[C@H](C)C(=O)CC/C(C)=C/[C@@H]2OC1=O
Mol_00084	Mol_00084::M01	acrylate_ester	michael_acceptor	2;1;21;22;20;19	2	CC1=C2CC/C(C)=C/CC[C@@]3(C)O[C@@H]3CC/C(C)=C/[C@@H]2OC1=O
Mol_00084	Mol_00084::M02	unsat_lactone	michael_acceptor	20;21;22;1;2	2	CC1=C2CC/C(C)=C/CC[C@@]3(C)O[C@@H]3CC/C(C)=C/[C@@H]2OC1=O
Mol_00084	Mol_00084::M03	epoxide	sn2_ring_opening	10;12;13	10;13	CC1=C2CC/C(C)=C/CC[C@@]3(C)O[C@@H]3CC/C(C)=C/[C@@H]2OC1=O
Mol_00085	Mol_00085::M01	acrylate_ester	michael_acceptor	2;1;21;22;20;19	2	CC1=C2CC/C(C)=C/CC[C@]3(C)O[C@H]3CC/C(C)=C/[C@H]2OC1=O
Mol_00085	Mol_00085::M02	unsat_lactone	michael_acceptor	20;21;22;1;2	2	CC1=C2CC/C(C)=C/CC[C@]3(C)O[C@H]3CC/C(C)=C/[C@H]2OC1=O
Mol_00085	Mol_00085::M03	epoxide	sn2_ring_opening	10;12;13	10;13	CC1=C2CC/C(C)=C/CC[C@]3(C)O[C@H]3CC/C(C)=C/[C@H]2OC1=O
Mol_00086	Mol_00086::M01	acrylate_ester	michael_acceptor	2;1;22;23;21;20	2	CC1=C2CC/C(C)=C/CC[C@@](C)(O)C(=O)CC/C(C)=C/[C@H]2OC1=O
Mol_00086	Mol_00086::M02	unsat_lactone	michael_acceptor	21;22;23;1;2	2	CC1=C2CC/C(C)=C/CC[C@@](C)(O)C(=O)CC/C(C)=C/[C@H]2OC1=O
Mol_00087	Mol_00087::M01	acrylate_ester	michael_acceptor	25;23;21;22;20;19	25	CC(=O)O[C@]1(C)/C=C/C[C@@](C)(O)C(Cl)CC/C(C)=C/[C@H]2OC(=O)C(C)=C2CC1
Mol_00087	Mol_00087::M02	unsat_lactone	michael_acceptor	20;21;22;23;25	25	CC(=O)O[C@]1(C)/C=C/C[C@@](C)(O)C(Cl)CC/C(C)=C/[C@H]2OC(=O)C(C)=C2CC1
Mol_00088	Mol_00088::M01	acrylate_ester	michael_acceptor	13;14;15;16;17;18	13	CCCCC1C(=O)C(C)=C(C)C1(O)/C=C/C(=O)OC
Mol_00088	Mol_00088::M02	enone_cyclic	michael_acceptor	9;7;5;6;4	9	CCCCC1C(=O)C(C)=C(C)C1(O)/C=C/C(=O)OC
Mol_00090	Mol_00090::M01	acrylate_ester	michael_acceptor	4;5;7;8;9;10	4	C=C1CCC2=C(C)C(=O)O[C@@H]2/C=C(\C)CC[C@H]2O[C@]2(C)CC[C@@H]1OO
Mol_00090	Mol_00090::M02	unsat_lactone	michael_acceptor	9;7;8;5;4	4	C=C1CCC2=C(C)C(=O)O[C@@H]2/C=C(\C)CC[C@H]2O[C@]2(C)CC[C@@H]1OO
Mol_00090	Mol_00090::M03	epoxide	sn2_ring_opening	16;17;18	16;18	C=C1CCC2=C(C)C(=O)O[C@@H]2/C=C(\C)CC[C@H]2O[C@]2(C)CC[C@@H]1OO
Mol_00091	Mol_00091::M01	acrylate_ester	michael_acceptor	2;1;23;24;22;21	2	CC1=C2CC[C@](C)(OO)/C=C/C[C@@]3(C)O[C@@H]3CC/C(C)=C/[C@H]2OC1=O
Mol_00091	Mol_00091::M02	unsat_lactone	michael_acceptor	22;23;24;1;2	2	CC1=C2CC[C@](C)(OO)/C=C/C[C@@]3(C)O[C@@H]3CC/C(C)=C/[C@H]2OC1=O
Mol_00091	Mol_00091::M03	epoxide	sn2_ring_opening	12;14;15	12;15	CC1=C2CC[C@](C)(OO)/C=C/C[C@@]3(C)O[C@@H]3CC/C(C)=C/[C@H]2OC1=O
Mol_00094	Mol_00094::M01	acrylate_ester	michael_acceptor	2;1;21;22;20;19	2	CC1=C2CC/C(C)=C/CC[C@]3(C)O[C@H]3CC/C(C)=C/[C@@H]2OC1=O
Mol_00094	Mol_00094::M02	unsat_lactone	michael_acceptor	20;21;22;1;2	2	CC1=C2CC/C(C)=C/CC[C@]3(C)O[C@H]3CC/C(C)=C/[C@@H]2OC1=O
Mol_00094	Mol_00094::M03	epoxide	sn2_ring_opening	10;12;13	10;13	CC1=C2CC/C(C)=C/CC[C@]3(C)O[C@H]3CC/C(C)=C/[C@@H]2OC1=O
Mol_00095	Mol_00095::M01	acrylate_ester	michael_acceptor	2;1;22;23;21;20	2	CC1=C2CC/C(C)=C/CC[C@](C)(O)[C@@H](O)CC/C(C)=C/[C@H]2OC1=O
Mol_00095	Mol_00095::M02	unsat_lactone	michael_acceptor	21;22;23;1;2	2	CC1=C2CC/C(C)=C/CC[C@](C)(O)[C@@H](O)CC/C(C)=C/[C@H]2OC1=O
Mol_00096	Mol_00096::M01	acrylate_ester	michael_acceptor	2;1;22;23;21;20	2	CC1=C2CC/C(C)=C/CC[C@](C)(O)[C@H](O)CC/C(C)=C/[C@@H]2OC1=O
Mol_00096	Mol_00096::M02	unsat_lactone	michael_acceptor	21;22;23;1;2	2	CC1=C2CC/C(C)=C/CC[C@](C)(O)[C@H](O)CC/C(C)=C/[C@@H]2OC1=O
Mol_00097	Mol_00097::M01	acrylate_ester	michael_acceptor	16;14;12;13;11;10	16	CC(=O)O[C@H]1CC/C(C)=C/[C@@H]2OC(=O)C(C)=C2CC/C(C)=C/CC[C@@]1(C)O
Mol_00097	Mol_00097::M02	unsat_lactone	michael_acceptor	11;12;13;14;16	16	CC(=O)O[C@H]1CC/C(C)=C/[C@@H]2OC(=O)C(C)=C2CC/C(C)=C/CC[C@@]1(C)O
Mol_00116	Mol_00116::M01	epoxide	sn2_ring_opening	6;7;8	6;8	C=C(C)[C@H]1CC[C@@]23O[C@@H]2[C@@H](C[C@@]2(C)CC(=O)[C@H](CC(=O)C1)O2)OC(=O)[C@@]12CC[C@H](C(C)C)CC(=O)C[C@H]4O[C@](C)(CC4=O)C[C@@H](OC3=O)[C@@H]1O2
Mol_00116	Mol_00116::M02	epoxide	sn2_ring_opening	25;49;48	25;48	C=C(C)[C@H]1CC[C@@]23O[C@@H]2[C@@H](C[C@@]2(C)CC(=O)[C@H](CC(=O)C1)O2)OC(=O)[C@@]12CC[C@H](C(C)C)CC(=O)C[C@H]4O[C@](C)(CC4=O)C[C@@H](OC3=O)[C@@H]1O2
Mol_00118	Mol_00118::M01	acrylate_ester	michael_acceptor	5;6;7;8;9;10	5	C=C(C)[C@@H]1C/C=C2\C(=O)O[C@@H](C[C@]3(C)CC(=O)[C@H](CC(=O)C1)O3)[C@@H]2O
Mol_00118	Mol_00118::M02	unsat_lactone	michael_acceptor	9;7;8;6;5	5	C=C(C)[C@@H]1C/C=C2\C(=O)O[C@@H](C[C@]3(C)CC(=O)[C@H](CC(=O)C1)O3)[C@@H]2O
Mol_00120	Mol_00120::M01	acrylate_ester	michael_acceptor	5;6;7;8;9;10	5	C=C(C)[C@H]1C/C=C2\C(=O)O[C@H](C[C@@]3(C)CC(=O)[C@H](CC(=O)C1)O3)[C@H]2O
Mol_00120	Mol_00120::M02	unsat_lactone	michael_acceptor	9;7;8;6;5	5	C=C(C)[C@H]1C/C=C2\C(=O)O[C@H](C[C@@]3(C)CC(=O)[C@H](CC(=O)C1)O3)[C@H]2O
Mol_00123	Mol_00123::M01	epoxide	sn2_ring_opening	10;12;13	10;13	CC1=C2CC/C(C)=C/CC[C@]3(C)O[C@H]3CC/C(C)=C/[C@H]2OC1
Mol_00125	Mol_00125::M01	epoxide	sn2_ring_opening	6;8;9	6;9	C/C1=C\[C@H]2OC[C@@]3(C)O[C@@]23CC/C(C)=C/CC[C@]2(C)O[C@H]2CC1
Mol_00125	Mol_00125::M02	epoxide	sn2_ring_opening	17;19;20	17;20	C/C1=C\[C@H]2OC[C@@]3(C)O[C@@]23CC/C(C)=C/CC[C@]2(C)O[C@H]2CC1
Mol_00126	Mol_00126::M01	epoxide	sn2_ring_opening	11;13;14	11;14	CC1=C2CC/C(C)=C/C[C@H](O)[C@]3(C)O[C@H]3CC/C(C)=C/[C@H]2OC1
Mol_00127	Mol_00127::M01	epoxide	sn2_ring_opening	11;13;14	11;14	CC1=C2CC/C(C)=C/[C@@H](O)C[C@]3(C)O[C@H]3CC/C(C)=C/[C@H]2OC1
Mol_00128	Mol_00128::M01	acrylate_ester	michael_acceptor	2;1;22;23;21;20	2	CC1=C2CC/C(C)=C/C[C@H](O)[C@]3(C)O[C@H]3CC/C(C)=C/[C@@H]2OC1=O
Mol_00128	Mol_00128::M02	unsat_lactone	michael_acceptor	21;22;23;1;2	2	CC1=C2CC/C(C)=C/C[C@H](O)[C@]3(C)O[C@H]3CC/C(C)=C/[C@@H]2OC1=O
Mol_00128	Mol_00128::M03	epoxide	sn2_ring_opening	11;13;14	11;14	CC1=C2CC/C(C)=C/C[C@H](O)[C@]3(C)O[C@H]3CC/C(C)=C/[C@@H]2OC1=O
Mol_00129	Mol_00129::M01	epoxide	sn2_ring_opening	11;13;14	11;14	CC1=C2[C@@H](O)C/C(C)=C/CC[C@]3(C)O[C@H]3CC/C(C)=C/[C@H]2OC1
Mol_00136	Mol_00136::M01	acrylate_ester	michael_acceptor	2;1;21;22;20;19	2	CC1=C2CC/C(C)=C/CC[C@]3(C)OC3CC/C(C)=C/[C@@H]2OC1=O
Mol_00136	Mol_00136::M02	unsat_lactone	michael_acceptor	20;21;22;1;2	2	CC1=C2CC/C(C)=C/CC[C@]3(C)OC3CC/C(C)=C/[C@@H]2OC1=O
Mol_00136	Mol_00136::M03	epoxide	sn2_ring_opening	10;12;13	10;13	CC1=C2CC/C(C)=C/CC[C@]3(C)OC3CC/C(C)=C/[C@@H]2OC1=O
Mol_00137	Mol_00137::M01	acrylate_ester	michael_acceptor	2;1;23;24;22;20	2	CC1=C2CC/C(C)=C/CCC(C)(O)[C@H](O)CC/C(C)=C/[C@@]2(C)OC1=O
Mol_00137	Mol_00137::M02	unsat_lactone	michael_acceptor	22;23;24;1;2	2	CC1=C2CC/C(C)=C/CCC(C)(O)[C@H](O)CC/C(C)=C/[C@@]2(C)OC1=O
Mol_00143	Mol_00143::M01	acrylate_ester	michael_acceptor	11;10;17;18;16;14	11	C/C1=C/C=C(/C(C)C)CCC2=CCC[C@](C)(OC2=O)C(=O)CC1
Mol_00143	Mol_00143::M02	unsat_lactone	michael_acceptor	16;17;18;10;11	11	C/C1=C/C=C(/C(C)C)CCC2=CCC[C@](C)(OC2=O)C(=O)CC1
Mol_00157	Mol_00157::M01	acrylate_ester	michael_acceptor	15;16;17;18;19;20	15	COc1cc(-c2oc3cc(Oc4ccc(/C=C/C(=O)OC5O[C@H](CO)[C@H](O)[C@H](O)[C@H]5O)cc4)cc(O)c3c(=O)c2O)ccc1O
Mol_00174	Mol_00174::M01	aldehyde	reversible_carbonyl	2;1;0	1	O=Cc1cc2c(cc1-c1ccc(O)cc1)OCO2
Mol_00175	Mol_00175::M01	enone_ketone_acyclic	michael_acceptor	3;2;1;0;11	3	O=C(/C=C/c1ccc(O)cc1)c1ccc(O)cc1O
Mol_00175	Mol_00175::M02	chalcone	michael_acceptor	11;1;0;2;3;4	3	O=C(/C=C/c1ccc(O)cc1)c1ccc(O)cc1O
Mol_00188	Mol_00188::M01	epoxide	sn2_ring_opening	19;20;21	19;21	CO[C@@H]1C[C@H]2N3CC[C@@]2(c2cc4c(cc2C3)OCO4)[C@H]2O[C@@H]12
Mol_00223	Mol_00223::M01	enone_ketone_acyclic	michael_acceptor	11;10;8;9;7	11	COc1c(O)ccc(C(=O)/C=C/c2ccc(O)cc2)c1O
Mol_00223	Mol_00223::M02	chalcone	michael_acceptor	7;8;9;10;11;12	11	COc1c(O)ccc(C(=O)/C=C/c2ccc(O)cc2)c1O
Mol_00230	Mol_00230::M01	enone_cyclic	michael_acceptor	3;2;1;0;19	3	O=C1C=C[C@@]23CCN(Cc4cc5c(cc42)OCO5)[C@@H]3C1
Mol_00232	Mol_00232::M01	epoxide	sn2_ring_opening	18;19;20	18;20	O[C@@H]1C[C@H]2N3CC[C@@]2(c2cc4c(cc2C3)OCO4)[C@H]2O[C@@H]12
Mol_00272	Mol_00272::M01	acrylate_ester	michael_acceptor	5;4;2;3;1;0	5	COC(=O)/C=C(O)/C=C/c1ccc(O)c(O)c1
Mol_00273	Mol_00273::M01	enone_ketone_acyclic	michael_acceptor	4;3;1;2;0	4	CC(=O)/C=C(O)/C=C\c1ccc(O)c(O)c1
Mol_00274	Mol_00274::M01	enone_ketone_acyclic	michael_acceptor	4;3;1;2;0	4	CC(=O)/C=C(O)/C=C/c1ccc(O)c(O)c1
Mol_00280	Mol_00280::M01	acrylate_ester	michael_acceptor	3;2;1;0;12;13	3	O=C(/C=C/c1ccc(O)c(O)c1)O[C@@H]1C[C@](O)(C(=O)O)C[C@@H](O)[C@H]1O
Mol_00303	Mol_00303::M01	aldehyde	reversible_carbonyl	2;1;0	1	O=C[C@H](OC(=O)c1cc(O)c(O)c(O)c1)[C@@H](OC(=O)c1cc(O)c(O)c(O)c1)[C@H](O)[C@H](O)CO
Mol_00366	Mol_00366::M01	aldehyde	reversible_carbonyl	2;1;0	1	O=Cc1ccc(O)cc1
Mol_00376	Mol_00376::M01	nitrile	addition_to_CN	9;10;11	10	COC1=C(Br)[C@H](O)[C@](O)(CC#N)C=C1Br
Mol_00380	Mol_00380::M01	acrylamide	michael_acceptor	6;7;8;9;10	6	COc1ccc(/C=C/C(=O)N[C@H](CCCNC(=N)N)C(=O)O)cc1Br
Mol_00381	Mol_00381::M01	acrylamide	michael_acceptor	7;8;9;10;11	7	COc1c(Br)cc(/C=C/C(=O)N[C@H](CCCN=C(N)N)C(=O)O)cc1Br
Mol_00383	Mol_00383::M01	enone_cyclic	michael_acceptor	6;7;9;10;11	6	NC(=O)CC1(O)C=C(Cl)C(=O)C(Cl)=C1
Mol_00383	Mol_00383::M02	enone_cyclic	michael_acceptor	13;11;9;10;7	13	NC(=O)CC1(O)C=C(Cl)C(=O)C(Cl)=C1
Mol_00388	Mol_00388::M01	acrylate_ester	michael_acceptor	5;4;2;3;1;0	5	COC(=O)C1=C2Nc3ccccc3[C@@]23CCN2C[C@@]4(CC5C[C@]67CCOC6CCN6CCC8(c9cccc(OC)c9N(C4)[C@@H]58)[C@@H]67)[C@@H]4OCC[C@]4(C1)[C@H]23
Mol_00390	Mol_00390::M01	acrylate_ester	michael_acceptor	5;4;2;3;1;0	5	COC(=O)C1=C2Nc3ccccc3C23CCN2C4C(CC5C[C@]67CCOC6CCN6CCC8(c9cccc(OC)c9NC548)[C@@H]67)C4OCC[C@]4(C1)[C@H]23
Mol_00392	Mol_00392::M01	epoxide	sn2_ring_opening	18;19;20	18;20	CC[C@@]12CCc3[nH]c4ccccc4c3CCN(C[C@H]3O[C@H]31)C2
Mol_00393	Mol_00393::M01	acrylate_ester	michael_acceptor	5;4;2;3;1;0	5	COC(=O)C1=C2Nc3ccccc3C23CCN2[C@H]3[C@]3(CCOC3C[C@@]23C[C@@]24C[C@]56CCOC5CCN5CCC7(c8cccc(OC)c8N([C@H]72)[C@@H]3O4)[C@@H]56)C1
Mol_00394	Mol_00394::M01	acrylate_ester	michael_acceptor	5;4;2;3;1;0	5	COC(=O)C1=C2Nc3ccccc3C23CCN2C[C@]4(CC5C[C@]67CCOC6CCN6CCC8(c9cccc(OC)c9N(C4)[C@@H]58)[C@@H]67)C4OCC[C@]4(C1)C23
Mol_00395	Mol_00395::M01	acrylate_ester	michael_acceptor	5;4;2;3;1;0	5	COC(=O)C1=C2Nc3ccccc3[C@@]23CCN2C[C@]4(CC5=C6N(C4)c4c(OC)cccc4C64CCN6CCC7OCC[C@]7(C5)[C@H]64)C4OCC[C@]4(C1)[C@H]23
Mol_00401	Mol_00401::M01	enal	michael_acceptor	5;6;7;8	5	COc1cc(C=CC=O)ccc1O
Mol_00401	Mol_00401::M02	aldehyde	reversible_carbonyl	6;7;8	7	COc1cc(C=CC=O)ccc1O
Mol_00402	Mol_00402::M01	acrylate_ester	michael_acceptor	17;16;14;15;13;12	17	CC(=O)OC1CC(O)(C(=O)O)CC(OC(=O)/C=C/c2ccc(O)c(O)c2)C1O
Mol_00422	Mol_00422::M01	acrylate_ester	michael_acceptor	36;37;38;39;40;41	36	COC1[C@@H](O[C@@H]2OC(CO)[C@@H](O)C(O)[C@@H]2O)C(C)O[C@@H](O[C@H]2CC[C@@]3(C)[C@H](CC[C@@H]4[C@@H]3CC[C@]3(C)[C@@H](C5=CC(=O)OC5)[C@@H](OC(C)=O)C[C@]43O)C2)[C@H]1O
Mol_00422	Mol_00422::M02	unsat_lactone	michael_acceptor	40;38;39;37;36	36	COC1[C@@H](O[C@@H]2OC(CO)[C@@H](O)C(O)[C@@H]2O)C(C)O[C@@H](O[C@H]2CC[C@@]3(C)[C@H](CC[C@@H]4[C@@H]3CC[C@]3(C)[C@@H](C5=CC(=O)OC5)[C@@H](OC(C)=O)C[C@]43O)C2)[C@H]1O
Mol_00433	Mol_00433::M01	acrylate_ester	michael_acceptor	17;18;19;20;21;22	17	C[C@]12CC[C@H](O)C[C@@H]1CC[C@@H]1[C@@H]2CC[C@]2(C)[C@@H](C3=CC(=O)OC3)CC[C@]12O
Mol_00433	Mol_00433::M02	unsat_lactone	michael_acceptor	21;19;20;18;17	17	C[C@]12CC[C@H](O)C[C@@H]1CC[C@@H]1[C@@H]2CC[C@]2(C)[C@@H](C3=CC(=O)OC3)CC[C@]12O
Mol_00434	Mol_00434::M01	acrylate_ester	michael_acceptor	15;16;17;18;19;20	15	C[C@]12CC[C@H](O)C[C@@H]1CC[C@H]1C3=CC[C@H](C4=CC(=O)OC4)[C@@]3(C)CC[C@@H]12
Mol_00434	Mol_00434::M02	unsat_lactone	michael_acceptor	19;17;18;16;15	15	C[C@]12CC[C@H](O)C[C@@H]1CC[C@H]1C3=CC[C@H](C4=CC(=O)OC4)[C@@]3(C)CC[C@@H]12
Mol_00435	Mol_00435::M01	acrylate_ester	michael_acceptor	17;18;19;20;21;22	17	CO[C@H]1O[C@H]2C[C@]13[C@@H](CC[C@@H]1[C@@H]3CC[C@]3(C)[C@@H](C4=CC(=O)OC4)CC[C@]13O)C[C@H]2O
Mol_00435	Mol_00435::M02	unsat_lactone	michael_acceptor	21;19;20;18;17	17	CO[C@H]1O[C@H]2C[C@]13[C@@H](CC[C@@H]1[C@@H]3CC[C@]3(C)[C@@H](C4=CC(=O)OC4)CC[C@]13O)C[C@H]2O
Mol_00436	Mol_00436::M01	acrylate_ester	michael_acceptor	26;27;28;29;30;31	26	C[C@]12CC[C@H](O[C@@H]3OC(CO)[C@@H](O)C(O)[C@@H]3O)C[C@@H]1CC[C@H]1C3=CC[C@H](C4=CC(=O)OC4)[C@@]3(C)CC[C@@H]12
Mol_00436	Mol_00436::M02	unsat_lactone	michael_acceptor	30;28;29;27;26	26	C[C@]12CC[C@H](O[C@@H]3OC(CO)[C@@H](O)C(O)[C@@H]3O)C[C@@H]1CC[C@H]1C3=CC[C@H](C4=CC(=O)OC4)[C@@]3(C)CC[C@@H]12
Mol_00440	Mol_00440::M01	enone_ketone_acyclic	michael_acceptor	1;2;4;5;6	1	C/C=C(\C)C(=O)C[C@@H]1C[C@H]2C(CC=C3C[C@@H](O[C@H]4CC(OC)[C@H](O[C@H]5CC(OC)[C@H](O[C@H]6OC(C)[C@@H](O[C@H]7OC(CO)[C@@H](O)C(O)[C@@H]7O)C(OC)[C@@H]6O)C(C)O5)C(C)O4)CC[C@@]32C)[C@@]2(O)CC[C@H]([C@@H](C)OC(C)=O)[C@@]12C
Mol_00450	Mol_00450::M01	acrylate_ester	michael_acceptor	1;2;4;5;6;7	1	C/C=C(/C)C(=O)O[C@@H]1CC2[C@@]3(C)CC[C@H](OC4(C)CC(OC)C(OC5CC(OC)C(OC6OC(C)C(O)C(OC)C6O)C(C)O5)C(C)O4)CC3=CC[C@@]2(O)[C@@]2(O)CC[C@@](O)(C(C)OC(=O)c3ccccc3)[C@@]12C
Mol_00451	Mol_00451::M01	acrylate_ester	michael_acceptor	1;2;4;5;6;7	1	C/C=C(/C)C(=O)O[C@@H]1CC2[C@@]3(C)CC[C@H](OC4(C)CC(OC)C(OC5CC(OC)C(OC6OC(C)C(O)C(OC)C6O)C(C)O5)C(C)O4)CC3=CC[C@@]2(O)[C@@]2(O)CC[C@@](O)(C(C)OC(=O)/C(C)=C/C)[C@@]12C
Mol_00451	Mol_00451::M02	acrylate_ester	michael_acceptor	67;65;63;64;62;60	67	C/C=C(/C)C(=O)O[C@@H]1CC2[C@@]3(C)CC[C@H](OC4(C)CC(OC)C(OC5CC(OC)C(OC6OC(C)C(O)C(OC)C6O)C(C)O5)C(C)O4)CC3=CC[C@@]2(O)[C@@]2(O)CC[C@@](O)(C(C)OC(=O)/C(C)=C/C)[C@@]12C
Mol_00453	Mol_00453::M01	acrylate_ester	michael_acceptor	1;2;4;5;6;7	1	C/C=C(\C)C(=O)O[C@@H]1[C@@H](OC(C)=O)C2[C@@]3(C)CC[C@H](OC4(C)CC(OC)C(OC5CC(OC)C(OC6OC(C)C(O)C(OC)C6O)C(C)O5)C(C)O4)CC3=CC[C@@]2(O)[C@@]2(O)CC[C@@H](C(C)=O)[C@@]12C
Mol_00458	Mol_00458::M01	acrylate_ester	michael_acceptor	1;2;4;5;6;7	1	C/C=C(/C)C(=O)O[C@@H]1C[C@]2(C)[C@H](C(C)=O)CC[C@]2(O)[C@]2(O)CC=C3C[C@@H](OC4(C)CC(OC)C(OC5CC(OC)C(OC6OC(C)C(O[C@]7(O)OC(CO)[C@@H](O)C(O)[C@@H]7O)C(OC)C6O)C(C)O5)C(C)O4)CC[C@]3(C)C12
Mol_00459	Mol_00459::M01	acrylate_ester	michael_acceptor	1;2;4;5;6;7	1	C/C=C(/C)C(=O)O[C@H]1C2[C@@]3(C)CC[C@H](OC4(C)CC(OC)C(OC5CC(OC)C(OC6OC(C)C(O[C@]7(O)OC(CO)[C@@H](O)C(O)[C@@H]7O)C(OC)C6O)C(C)O5)C(C)O4)CC3=CC[C@@]2(O)[C@@]2(O)CC[C@@H](C(C)=O)[C@@]2(C)[C@@H]1OC(=O)c1ccccc1
Mol_00479	Mol_00479::M01	acrylate_ester	michael_acceptor	23;24;25;26;27;28	23	C[C@@H]1C[C@H](O)[C@]2(O)O[C@@H]3C[C@@]4(C=O)C(=CC[C@@H]5[C@@H]4CC[C@]4(C)[C@@H](C6=CC(=O)OC6)C[C@@H](O)[C@]54O)C[C@H]3O[C@@H]2O1
Mol_00479	Mol_00479::M02	unsat_lactone	michael_acceptor	27;25;26;24;23	23	C[C@@H]1C[C@H](O)[C@]2(O)O[C@@H]3C[C@@]4(C=O)C(=CC[C@@H]5[C@@H]4CC[C@]4(C)[C@@H](C6=CC(=O)OC6)C[C@@H](O)[C@]54O)C[C@H]3O[C@@H]2O1
Mol_00479	Mol_00479::M03	aldehyde	reversible_carbonyl	10;11;12	11	C[C@@H]1C[C@H](O)[C@]2(O)O[C@@H]3C[C@@]4(C=O)C(=CC[C@@H]5[C@@H]4CC[C@]4(C)[C@@H](C6=CC(=O)OC6)C[C@@H](O)[C@]54O)C[C@H]3O[C@@H]2O1
Mol_00480	Mol_00480::M01	acrylate_ester	michael_acceptor	31;32;33;34;35;36	31	CC(=O)OC[C@]12CC[C@H](O[C@@H]3OC(C)[C@@H](O)C(O)[C@@H]3O)CC1=CC[C@@H]1[C@@H]2CC[C@]2(C)[C@@H](C3=CC(=O)OC3)CC[C@]12O
Mol_00480	Mol_00480::M02	unsat_lactone	michael_acceptor	35;33;34;32;31	31	CC(=O)OC[C@]12CC[C@H](O[C@@H]3OC(C)[C@@H](O)C(O)[C@@H]3O)CC1=CC[C@@H]1[C@@H]2CC[C@]2(C)[C@@H](C3=CC(=O)OC3)CC[C@]12O
Mol_00482	Mol_00482::M01	acrylate_ester	michael_acceptor	23;24;25;26;27;28	23	C[C@]12CC[C@H]3[C@@H](CC=C4CC(O)[C@H](O)C[C@@]43C=O)[C@@]1(O)CC[C@@H]2C1=CC(=O)OC1
Mol_00482	Mol_00482::M02	unsat_lactone	michael_acceptor	27;25;26;24;23	23	C[C@]12CC[C@H]3[C@@H](CC=C4CC(O)[C@H](O)C[C@@]43C=O)[C@@]1(O)CC[C@@H]2C1=CC(=O)OC1
Mol_00482	Mol_00482::M03	aldehyde	reversible_carbonyl	15;16;17	16	C[C@]12CC[C@H]3[C@@H](CC=C4CC(O)[C@H](O)C[C@@]43C=O)[C@@]1(O)CC[C@@H]2C1=CC(=O)OC1
Mol_00483	Mol_00483::M01	acrylate_ester	michael_acceptor	23;24;25;26;27;28	23	C[C@@H]1C[C@H](O)[C@]2(O)O[C@@H]3C[C@@]4(C=O)C(=CC[C@@H]5[C@@H]4CC[C@]4(C)[C@@H](C6=CC(=O)OC6)[C@H](O)C[C@]54O)C[C@H]3O[C@@H]2O1
Mol_00483	Mol_00483::M02	unsat_lactone	michael_acceptor	27;25;26;24;23	23	C[C@@H]1C[C@H](O)[C@]2(O)O[C@@H]3C[C@@]4(C=O)C(=CC[C@@H]5[C@@H]4CC[C@]4(C)[C@@H](C6=CC(=O)OC6)[C@H](O)C[C@]54O)C[C@H]3O[C@@H]2O1
Mol_00483	Mol_00483::M03	aldehyde	reversible_carbonyl	10;11;12	11	C[C@@H]1C[C@H](O)[C@]2(O)O[C@@H]3C[C@@]4(C=O)C(=CC[C@@H]5[C@@H]4CC[C@]4(C)[C@@H](C6=CC(=O)OC6)[C@H](O)C[C@]54O)C[C@H]3O[C@@H]2O1
Mol_00484	Mol_00484::M01	acrylate_ester	michael_acceptor	17;18;19;20;21;22	17	C[C@]12CC[C@H](O)CC1=CC[C@@H]1[C@@H]2CC[C@]2(C)[C@@H](C3=CC(=O)OC3)CC[C@]12O
Mol_00484	Mol_00484::M02	unsat_lactone	michael_acceptor	21;19;20;18;17	17	C[C@]12CC[C@H](O)CC1=CC[C@@H]1[C@@H]2CC[C@]2(C)[C@@H](C3=CC(=O)OC3)CC[C@]12O
Mol_00486	Mol_00486::M01	acrylate_ester	michael_acceptor	23;24;25;26;27;28	23	C[C@@H]1C[C@H](O)[C@]2(O)O[C@@H]3C[C@@]4(C=O)[C@@H](CC[C@@H]5[C@@H]4CC[C@]4(C)[C@@H](C6=CC(=O)OC6)CC[C@]54O)C[C@H]3O[C@@H]2O1
Mol_00486	Mol_00486::M02	unsat_lactone	michael_acceptor	27;25;26;24;23	23	C[C@@H]1C[C@H](O)[C@]2(O)O[C@@H]3C[C@@]4(C=O)[C@@H](CC[C@@H]5[C@@H]4CC[C@]4(C)[C@@H](C6=CC(=O)OC6)CC[C@]54O)C[C@H]3O[C@@H]2O1
Mol_00486	Mol_00486::M03	aldehyde	reversible_carbonyl	10;11;12	11	C[C@@H]1C[C@H](O)[C@]2(O)O[C@@H]3C[C@@]4(C=O)[C@@H](CC[C@@H]5[C@@H]4CC[C@]4(C)[C@@H](C6=CC(=O)OC6)CC[C@]54O)C[C@H]3O[C@@H]2O1
Mol_00487	Mol_00487::M01	acrylate_ester	michael_acceptor	23;24;25;26;27;28	23	C[C@@H]1C[C@H](O)[C@]2(O)O[C@@H]3C[C@@]4(C=O)C(=CC[C@@H]5[C@@H]4CC[C@]4(C)[C@@H](C6=CC(=O)OC6)CC[C@]54O)C[C@H]3O[C@@H]2O1
Mol_00487	Mol_00487::M02	unsat_lactone	michael_acceptor	27;25;26;24;23	23	C[C@@H]1C[C@H](O)[C@]2(O)O[C@@H]3C[C@@]4(C=O)C(=CC[C@@H]5[C@@H]4CC[C@]4(C)[C@@H](C6=CC(=O)OC6)CC[C@]54O)C[C@H]3O[C@@H]2O1
Mol_00487	Mol_00487::M03	aldehyde	reversible_carbonyl	10;11;12	11	C[C@@H]1C[C@H](O)[C@]2(O)O[C@@H]3C[C@@]4(C=O)C(=CC[C@@H]5[C@@H]4CC[C@]4(C)[C@@H](C6=CC(=O)OC6)CC[C@]54O)C[C@H]3O[C@@H]2O1
Mol_00488	Mol_00488::M01	acrylate_ester	michael_acceptor	22;23;24;25;26;27	22	C[C@@H]1C[C@H](O)[C@]2(O)O[C@@H]3C[C@@]4(C)[C@@H](CC[C@@H]5[C@@H]4CC[C@]4(C)[C@@H](C6=CC(=O)OC6)C[C@@H](O)[C@]54O)C[C@H]3O[C@@H]2O1
Mol_00488	Mol_00488::M02	unsat_lactone	michael_acceptor	26;24;25;23;22	22	C[C@@H]1C[C@H](O)[C@]2(O)O[C@@H]3C[C@@]4(C)[C@@H](CC[C@@H]5[C@@H]4CC[C@]4(C)[C@@H](C6=CC(=O)OC6)C[C@@H](O)[C@]54O)C[C@H]3O[C@@H]2O1
Mol_00489	Mol_00489::M01	acrylate_ester	michael_acceptor	23;24;25;26;27;28	23	C[C@@H]1C[C@H](O)[C@]2(O)O[C@@H]3C[C@@]4(C=O)C(=CCC5[C@@H]4CC[C@]4(C)[C@@]6(C7=CC(=O)OC7)CC[C@@]54O6)C[C@H]3O[C@@H]2O1
Mol_00489	Mol_00489::M02	unsat_lactone	michael_acceptor	27;25;26;24;23	23	C[C@@H]1C[C@H](O)[C@]2(O)O[C@@H]3C[C@@]4(C=O)C(=CCC5[C@@H]4CC[C@]4(C)[C@@]6(C7=CC(=O)OC7)CC[C@@]54O6)C[C@H]3O[C@@H]2O1
Mol_00489	Mol_00489::M03	aldehyde	reversible_carbonyl	10;11;12	11	C[C@@H]1C[C@H](O)[C@]2(O)O[C@@H]3C[C@@]4(C=O)C(=CCC5[C@@H]4CC[C@]4(C)[C@@]6(C7=CC(=O)OC7)CC[C@@]54O6)C[C@H]3O[C@@H]2O1
Mol_00490	Mol_00490::M01	acrylate_ester	michael_acceptor	23;24;25;26;27;28	23	C[C@@H]1C[C@H](O)[C@]2(O)O[C@@H]3C[C@@]4(C=O)[C@@H](CC[C@@H]5[C@@H]4CC[C@]4(C)[C@@H](C6=CC(=O)OC6)C[C@@H](O)[C@]54O)C[C@H]3O[C@@H]2O1
Mol_00490	Mol_00490::M02	unsat_lactone	michael_acceptor	27;25;26;24;23	23	C[C@@H]1C[C@H](O)[C@]2(O)O[C@@H]3C[C@@]4(C=O)[C@@H](CC[C@@H]5[C@@H]4CC[C@]4(C)[C@@H](C6=CC(=O)OC6)C[C@@H](O)[C@]54O)C[C@H]3O[C@@H]2O1
Mol_00490	Mol_00490::M03	aldehyde	reversible_carbonyl	10;11;12	11	C[C@@H]1C[C@H](O)[C@]2(O)O[C@@H]3C[C@@]4(C=O)[C@@H](CC[C@@H]5[C@@H]4CC[C@]4(C)[C@@H](C6=CC(=O)OC6)C[C@@H](O)[C@]54O)C[C@H]3O[C@@H]2O1
Mol_00492	Mol_00492::M01	acrylate_ester	michael_acceptor	23;24;25;26;27;28	23	C[C@@H]1C[C@H](O)[C@]2(O)O[C@@H]3C[C@@]4(C=O)[C@@H](CCC5[C@@H]4CC[C@]4(C)[C@@H](C6=CC(=O)OC6)CC[C@@]54O)C[C@H]3O[C@@H]2O1
Mol_00492	Mol_00492::M02	unsat_lactone	michael_acceptor	27;25;26;24;23	23	C[C@@H]1C[C@H](O)[C@]2(O)O[C@@H]3C[C@@]4(C=O)[C@@H](CCC5[C@@H]4CC[C@]4(C)[C@@H](C6=CC(=O)OC6)CC[C@@]54O)C[C@H]3O[C@@H]2O1
Mol_00492	Mol_00492::M03	aldehyde	reversible_carbonyl	10;11;12	11	C[C@@H]1C[C@H](O)[C@]2(O)O[C@@H]3C[C@@]4(C=O)[C@@H](CCC5[C@@H]4CC[C@]4(C)[C@@H](C6=CC(=O)OC6)CC[C@@]54O)C[C@H]3O[C@@H]2O1
Mol_00494	Mol_00494::M01	acrylate_ester	michael_acceptor	28;29;30;31;32;33	28	CC12CCC(OC3OC(CO)C(O)C(O)C3O)CC1CCC1C2CCC2(C)C(C3=CC(=O)OC3)CCC12O
Mol_00494	Mol_00494::M02	unsat_lactone	michael_acceptor	32;30;31;29;28	28	CC12CCC(OC3OC(CO)C(O)C(O)C3O)CC1CCC1C2CCC2(C)C(C3=CC(=O)OC3)CCC12O
Mol_00495	Mol_00495::M01	acrylate_ester	michael_acceptor	21;22;23;24;25;26	21	C[C@H]1OC(O[C@H]2CC[C@@]3(CO)[C@H](CC[C@@H]4[C@@H]3CC[C@]3(C)[C@@H](C5=CC(=O)OC5)CC[C@]43O)C2)[C@H](O)[C@H](O)[C@@H]1O
Mol_00495	Mol_00495::M02	unsat_lactone	michael_acceptor	25;23;24;22;21	21	C[C@H]1OC(O[C@H]2CC[C@@]3(CO)[C@H](CC[C@@H]4[C@@H]3CC[C@]3(C)[C@@H](C5=CC(=O)OC5)CC[C@]43O)C2)[C@H](O)[C@H](O)[C@@H]1O
Mol_00496	Mol_00496::M01	acrylate_ester	michael_acceptor	23;24;25;26;27;28	23	C[C@@H]1C[C@H](O)[C@]2(O)O[C@@H]3C[C@@]4(C=O)[C@@H](CC=C5[C@@H]4CC[C@]4(C)[C@@H](C6=CC(=O)OC6)CC[C@]54O)C[C@H]3O[C@@H]2O1
Mol_00496	Mol_00496::M02	unsat_lactone	michael_acceptor	27;25;26;24;23	23	C[C@@H]1C[C@H](O)[C@]2(O)O[C@@H]3C[C@@]4(C=O)[C@@H](CC=C5[C@@H]4CC[C@]4(C)[C@@H](C6=CC(=O)OC6)CC[C@]54O)C[C@H]3O[C@@H]2O1
Mol_00496	Mol_00496::M03	aldehyde	reversible_carbonyl	10;11;12	11	C[C@@H]1C[C@H](O)[C@]2(O)O[C@@H]3C[C@@]4(C=O)[C@@H](CC=C5[C@@H]4CC[C@]4(C)[C@@H](C6=CC(=O)OC6)CC[C@]54O)C[C@H]3O[C@@H]2O1
Mol_00497	Mol_00497::M01	acrylate_ester	michael_acceptor	32;33;34;35;36;37	32	C[C@]12CC[C@H]3C(=CC[C@H]4C[C@@H](O[C@@H]5OC(O)[C@H](O)C(O)[C@@H]5O)CC[C@@]43CO)[C@@]1(O)CC[C@@H]2C1=CC(=O)OC1
Mol_00497	Mol_00497::M02	unsat_lactone	michael_acceptor	36;34;35;33;32	32	C[C@]12CC[C@H]3C(=CC[C@H]4C[C@@H](O[C@@H]5OC(O)[C@H](O)C(O)[C@@H]5O)CC[C@@]43CO)[C@@]1(O)CC[C@@H]2C1=CC(=O)OC1
Mol_00498	Mol_00498::M01	acrylate_ester	michael_acceptor	43;44;45;46;47;48	43	CC(=O)OC[C@]12CC[C@H](O[C@@H]3OC(O)[C@H](O[C@]4(O)OC(CO)[C@@H](O)C(O)[C@@H]4O)C(O)[C@@H]3O)C[C@@H]1CC=C1[C@@H]2CC[C@]2(C)[C@@H](C3=CC(=O)OC3)CC[C@]12O
Mol_00498	Mol_00498::M02	unsat_lactone	michael_acceptor	47;45;46;44;43	43	CC(=O)OC[C@]12CC[C@H](O[C@@H]3OC(O)[C@H](O[C@]4(O)OC(CO)[C@@H](O)C(O)[C@@H]4O)C(O)[C@@H]3O)C[C@@H]1CC=C1[C@@H]2CC[C@]2(C)[C@@H](C3=CC(=O)OC3)CC[C@]12O
Mol_00499	Mol_00499::M01	acrylate_ester	michael_acceptor	33;34;35;36;37;38	33	CC(=O)OC[C@]12CC[C@H](O[C@]3(O)OC(CO)[C@@H](O)C(O)[C@@H]3O)C[C@@H]1CC=C1[C@@H]2CC[C@]2(C)[C@@H](C3=CC(=O)OC3)CC[C@]12O
Mol_00499	Mol_00499::M02	unsat_lactone	michael_acceptor	37;35;36;34;33	33	CC(=O)OC[C@]12CC[C@H](O[C@]3(O)OC(CO)[C@@H](O)C(O)[C@@H]3O)C[C@@H]1CC=C1[C@@H]2CC[C@]2(C)[C@@H](C3=CC(=O)OC3)CC[C@]12O
Mol_00500	Mol_00500::M01	acrylate_ester	michael_acceptor	23;24;25;26;27;28	23	C[C@]12CC[C@H]3C(=CC[C@H]4C[C@@H](O)[C@H](O)C[C@@]43C=O)[C@@]1(O)CC[C@@H]2C1=CC(=O)OC1
Mol_00500	Mol_00500::M02	unsat_lactone	michael_acceptor	27;25;26;24;23	23	C[C@]12CC[C@H]3C(=CC[C@H]4C[C@@H](O)[C@H](O)C[C@@]43C=O)[C@@]1(O)CC[C@@H]2C1=CC(=O)OC1
Mol_00500	Mol_00500::M03	aldehyde	reversible_carbonyl	15;16;17	16	C[C@]12CC[C@H]3C(=CC[C@H]4C[C@@H](O)[C@H](O)C[C@@]43C=O)[C@@]1(O)CC[C@@H]2C1=CC(=O)OC1
Mol_00503	Mol_00503::M01	enone_cyclic	michael_acceptor	24;25;26;27;28	24	CC(=O)[C@H]1C[C@H](O[C@]2(O)OC(CO)[C@@H](O)C(O)[C@@H]2O)[C@]2(O)C3CCC4=CC(=O)CC[C@]4(C)C3CC[C@]12C
Mol_00504	Mol_00504::M01	enone_cyclic	michael_acceptor	24;25;26;27;28	24	CC(=O)[C@@H]1C[C@H](O[C@]2(O)OC(CO)[C@@H](O)C(O)[C@@H]2O)[C@]2(O)C3CCC4=CC(=O)CC[C@]4(C)C3CC[C@]12C
Mol_00506	Mol_00506::M01	acrylate_ester	michael_acceptor	33;34;35;36;37;38	33	C[C@]12CC[C@H]3[C@@H](CC[C@H]4C[C@H]5O[C@@H]6O[C@H](CO)C[C@@H](O)[C@]6(O)O[C@@H]5C[C@@]43C=O)[C@@]1(O)CC[C@@H]2C1=CC(=O)OC1
Mol_00506	Mol_00506::M02	unsat_lactone	michael_acceptor	37;35;36;34;33	33	C[C@]12CC[C@H]3[C@@H](CC[C@H]4C[C@H]5O[C@@H]6O[C@H](CO)C[C@@H](O)[C@]6(O)O[C@@H]5C[C@@]43C=O)[C@@]1(O)CC[C@@H]2C1=CC(=O)OC1
Mol_00506	Mol_00506::M03	aldehyde	reversible_carbonyl	25;26;27	26	C[C@]12CC[C@H]3[C@@H](CC[C@H]4C[C@H]5O[C@@H]6O[C@H](CO)C[C@@H](O)[C@]6(O)O[C@@H]5C[C@@]43C=O)[C@@]1(O)CC[C@@H]2C1=CC(=O)OC1
Mol_00507	Mol_00507::M01	acrylate_ester	michael_acceptor	37;38;39;40;41;42	37	CC(=O)O[C@@H]1C[C@]2(O)C3CC[C@H]4C[C@H]5O[C@@H]6O[C@H](CO)C[C@@H](O)[C@]6(O)O[C@@H]5C[C@]4(C=O)C3CC[C@]2(C)[C@H]1C1=CC(=O)OC1
Mol_00507	Mol_00507::M02	unsat_lactone	michael_acceptor	41;39;40;38;37	37	CC(=O)O[C@@H]1C[C@]2(O)C3CC[C@H]4C[C@H]5O[C@@H]6O[C@H](CO)C[C@@H](O)[C@]6(O)O[C@@H]5C[C@]4(C=O)C3CC[C@]2(C)[C@H]1C1=CC(=O)OC1
Mol_00507	Mol_00507::M03	aldehyde	reversible_carbonyl	28;29;30	29	CC(=O)O[C@@H]1C[C@]2(O)C3CC[C@H]4C[C@H]5O[C@@H]6O[C@H](CO)C[C@@H](O)[C@]6(O)O[C@@H]5C[C@]4(C=O)C3CC[C@]2(C)[C@H]1C1=CC(=O)OC1
Mol_00508	Mol_00508::M01	acrylate_ester	michael_acceptor	23;24;25;26;27;28	23	C[C@@H]1C[C@@H](O)[C@]2(O)O[C@@H]3C[C@@]4(C=O)[C@@H](CC[C@@H]5[C@@H]4CC[C@]4(C)[C@@H](C6=CC(=O)OC6)[C@H](O)C[C@]54O)C[C@H]3O[C@@H]2O1
Mol_00508	Mol_00508::M02	unsat_lactone	michael_acceptor	27;25;26;24;23	23	C[C@@H]1C[C@@H](O)[C@]2(O)O[C@@H]3C[C@@]4(C=O)[C@@H](CC[C@@H]5[C@@H]4CC[C@]4(C)[C@@H](C6=CC(=O)OC6)[C@H](O)C[C@]54O)C[C@H]3O[C@@H]2O1
Mol_00508	Mol_00508::M03	aldehyde	reversible_carbonyl	10;11;12	11	C[C@@H]1C[C@@H](O)[C@]2(O)O[C@@H]3C[C@@]4(C=O)[C@@H](CC[C@@H]5[C@@H]4CC[C@]4(C)[C@@H](C6=CC(=O)OC6)[C@H](O)C[C@]54O)C[C@H]3O[C@@H]2O1
Mol_00509	Mol_00509::M01	acrylate_ester	michael_acceptor	31;32;33;34;35;36	31	C[C@@H]1C[C@@H](O[C@]2(O)OC(CO)[C@@H](O)C(O)[C@@H]2O)[C@]2(O)O[C@@H]3C[C@]4(C=O)C5CC[C@]6(C)[C@@H](C7=CC(=O)OC7)CC[C@]6(O)C5CC[C@H]4C[C@H]3O[C@@H]2O1
Mol_00509	Mol_00509::M02	unsat_lactone	michael_acceptor	35;33;34;32;31	31	C[C@@H]1C[C@@H](O[C@]2(O)OC(CO)[C@@H](O)C(O)[C@@H]2O)[C@]2(O)O[C@@H]3C[C@]4(C=O)C5CC[C@]6(C)[C@@H](C7=CC(=O)OC7)CC[C@]6(O)C5CC[C@H]4C[C@H]3O[C@@H]2O1
Mol_00509	Mol_00509::M03	aldehyde	reversible_carbonyl	22;23;24	23	C[C@@H]1C[C@@H](O[C@]2(O)OC(CO)[C@@H](O)C(O)[C@@H]2O)[C@]2(O)O[C@@H]3C[C@]4(C=O)C5CC[C@]6(C)[C@@H](C7=CC(=O)OC7)CC[C@]6(O)C5CC[C@H]4C[C@H]3O[C@@H]2O1
Mol_00510	Mol_00510::M01	acrylate_ester	michael_acceptor	33;34;35;36;37;38	33	C[C@]12CC[C@H]3[C@@H](CC[C@H]4C[C@H]5O[C@@H]6O[C@H](CO)C[C@@H](O)[C@]6(O)O[C@@H]5C[C@@]43CO)[C@@]1(O)CC[C@@H]2C1=CC(=O)OC1
Mol_00510	Mol_00510::M02	unsat_lactone	michael_acceptor	37;35;36;34;33	33	C[C@]12CC[C@H]3[C@@H](CC[C@H]4C[C@H]5O[C@@H]6O[C@H](CO)C[C@@H](O)[C@]6(O)O[C@@H]5C[C@@]43CO)[C@@]1(O)CC[C@@H]2C1=CC(=O)OC1
Mol_00511	Mol_00511::M01	acrylate_ester	michael_acceptor	20;21;22;23;24;25	20	C[C@@H]1C[C@@H](O)[C@]2(O)O[C@@H]3C[C@]4(CO)C5C[C@@H](O)[C@]6(C)[C@@H](C7=CC(=O)OC7)CC[C@]6(O)C5CC[C@H]4C[C@H]3O[C@@H]2O1
Mol_00511	Mol_00511::M02	unsat_lactone	michael_acceptor	24;22;23;21;20	20	C[C@@H]1C[C@@H](O)[C@]2(O)O[C@@H]3C[C@]4(CO)C5C[C@@H](O)[C@]6(C)[C@@H](C7=CC(=O)OC7)CC[C@]6(O)C5CC[C@H]4C[C@H]3O[C@@H]2O1
Mol_00512	Mol_00512::M01	acrylate_ester	michael_acceptor	34;35;36;37;38;39	34	C[C@]12[C@H](O)CC3C(CC[C@H]4C[C@H]5O[C@@H]6O[C@H](CO)C[C@@H](O)[C@]6(O)O[C@@H]5C[C@]34CO)[C@@]1(O)CC[C@@H]2C1=CC(=O)OC1
Mol_00512	Mol_00512::M02	unsat_lactone	michael_acceptor	38;36;37;35;34	34	C[C@]12[C@H](O)CC3C(CC[C@H]4C[C@H]5O[C@@H]6O[C@H](CO)C[C@@H](O)[C@]6(O)O[C@@H]5C[C@]34CO)[C@@]1(O)CC[C@@H]2C1=CC(=O)OC1
Mol_00513	Mol_00513::M01	acrylate_ester	michael_acceptor	19;20;21;22;23;24	19	C[C@@H]1C[C@@H](O)[C@]2(O)O[C@@H]3C[C@]4(C=O)C5CC[C@]6(C)[C@@H](C7=CC(=O)OC7)CC[C@]6(O)C5CC[C@H]4C[C@H]3O[C@@H]2O1
Mol_00513	Mol_00513::M02	unsat_lactone	michael_acceptor	23;21;22;20;19	19	C[C@@H]1C[C@@H](O)[C@]2(O)O[C@@H]3C[C@]4(C=O)C5CC[C@]6(C)[C@@H](C7=CC(=O)OC7)CC[C@]6(O)C5CC[C@H]4C[C@H]3O[C@@H]2O1
Mol_00513	Mol_00513::M03	aldehyde	reversible_carbonyl	10;11;12	11	C[C@@H]1C[C@@H](O)[C@]2(O)O[C@@H]3C[C@]4(C=O)C5CC[C@]6(C)[C@@H](C7=CC(=O)OC7)CC[C@]6(O)C5CC[C@H]4C[C@H]3O[C@@H]2O1
Mol_00521	Mol_00521::M01	acrylate_ester	michael_acceptor	24;25;26;27;28;29	24	C[C@@H]1C[C@@H](O)[C@]2(O)O[C@@H]3C[C@@]4(CO)[C@@H](CC[C@@H]5[C@@H]4C[C@@H](O)[C@]4(C)[C@@H](C6=CC(=O)OC6)CC[C@]54O)C[C@H]3O[C@@H]2O1
Mol_00521	Mol_00521::M02	unsat_lactone	michael_acceptor	28;26;27;25;24	24	C[C@@H]1C[C@@H](O)[C@]2(O)O[C@@H]3C[C@@]4(CO)[C@@H](CC[C@@H]5[C@@H]4C[C@@H](O)[C@]4(C)[C@@H](C6=CC(=O)OC6)CC[C@]54O)C[C@H]3O[C@@H]2O1
Mol_00530	Mol_00530::M01	enone_cyclic	michael_acceptor	12;13;14;15;16	12	CC(=O)C1C[C@H](O)[C@]2(O)C3CCC4=CC(=O)CC[C@]4(C)C3CC[C@]12C
Mol_00535	Mol_00535::M01	acrylate_ester	michael_acceptor	23;24;25;26;27;28	23	COC1CC(OC2C(O)CC(O[C@H]3CC[C@]4(C)C5CC[C@]6(C)[C@@H](C7=CC(=O)OC7)[C@@H](OC(C)=O)C[C@]6(O)C5CC[C@@H]4C3)OC2C)OC(C)C1O[C@]1(O)OC(CO)[C@@H](O)C(O)[C@@H]1O
Mol_00535	Mol_00535::M02	unsat_lactone	michael_acceptor	27;25;26;24;23	23	COC1CC(OC2C(O)CC(O[C@H]3CC[C@]4(C)C5CC[C@]6(C)[C@@H](C7=CC(=O)OC7)[C@@H](OC(C)=O)C[C@]6(O)C5CC[C@@H]4C3)OC2C)OC(C)C1O[C@]1(O)OC(CO)[C@@H](O)C(O)[C@@H]1O
Mol_00536	Mol_00536::M01	acrylate_ester	michael_acceptor	46;47;48;49;50;51	46	CC(=O)O[C@H]1C[C@]2(O)C3CC[C@@H]4C[C@@H](OC5OC(C)C(O[C@@H]6OC(CO)[C@@H](O)C(O)[C@@H]6O)C(O)C5O)CC[C@]4(C)C3CC[C@]2(C)[C@H]1C1=CC(=O)OC1
Mol_00536	Mol_00536::M02	unsat_lactone	michael_acceptor	50;48;49;47;46	46	CC(=O)O[C@H]1C[C@]2(O)C3CC[C@@H]4C[C@@H](OC5OC(C)C(O[C@@H]6OC(CO)[C@@H](O)C(O)[C@@H]6O)C(O)C5O)CC[C@]4(C)C3CC[C@]2(C)[C@H]1C1=CC(=O)OC1
Mol_00537	Mol_00537::M01	acrylate_ester	michael_acceptor	47;48;49;50;51;52	47	CCC(=O)O[C@H]1C[C@]2(O)C3CC[C@@H]4C[C@@H](OC5OC(C)C(O[C@@H]6OC(CO)[C@@H](O)C(O)[C@@H]6O)C(O)C5O)CC[C@]4(C)C3CC[C@]2(C)[C@H]1C1=CC(=O)OC1
Mol_00537	Mol_00537::M02	unsat_lactone	michael_acceptor	51;49;50;48;47	47	CCC(=O)O[C@H]1C[C@]2(O)C3CC[C@@H]4C[C@@H](OC5OC(C)C(O[C@@H]6OC(CO)[C@@H](O)C(O)[C@@H]6O)C(O)C5O)CC[C@]4(C)C3CC[C@]2(C)[C@H]1C1=CC(=O)OC1
Mol_00538	Mol_00538::M01	acrylate_ester	michael_acceptor	23;24;25;26;27;28	23	COC1CC(OC2C(O)CC(O[C@H]3CC[C@]4(C)C5CC[C@]6(C)[C@@H](C7=CC(=O)OC7)[C@@H](OC(C)=O)C[C@]6(O)C5CC[C@@H]4C3)OC2C)OC(C)C1O[C@]1(O)OC(CO[C@]2(O)OC(CO)[C@@H](O)C(O)[C@@H]2O)[C@@H](O)C(O)[C@@H]1O
Mol_00538	Mol_00538::M02	unsat_lactone	michael_acceptor	27;25;26;24;23	23	COC1CC(OC2C(O)CC(O[C@H]3CC[C@]4(C)C5CC[C@]6(C)[C@@H](C7=CC(=O)OC7)[C@@H](OC(C)=O)C[C@]6(O)C5CC[C@@H]4C3)OC2C)OC(C)C1O[C@]1(O)OC(CO[C@]2(O)OC(CO)[C@@H](O)C(O)[C@@H]2O)[C@@H](O)C(O)[C@@H]1O
Mol_00539	Mol_00539::M01	acrylate_ester	michael_acceptor	45;46;47;48;49;50	45	CC(=O)O[C@H]1C[C@]2(O)C3CC[C@@H]4C[C@@H](OC5CC(O)C(O[C@@H]6OC(CO)[C@@H](O)C(O)[C@@H]6O)C(C)O5)CC[C@]4(C)C3CC[C@]2(C)[C@H]1C1=CC(=O)OC1
Mol_00539	Mol_00539::M02	unsat_lactone	michael_acceptor	49;47;48;46;45	45	CC(=O)O[C@H]1C[C@]2(O)C3CC[C@@H]4C[C@@H](OC5CC(O)C(O[C@@H]6OC(CO)[C@@H](O)C(O)[C@@H]6O)C(C)O5)CC[C@]4(C)C3CC[C@]2(C)[C@H]1C1=CC(=O)OC1
Mol_00540	Mol_00540::M01	acrylate_ester	michael_acceptor	22;23;24;25;26;27	22	CO[C@@H]1C(O)[C@H](O[C@H]2CC[C@@]3(C)[C@H](CC[C@@H]4[C@H]3CC[C@]3(C)[C@@H](C5=CC(=O)OC5)[C@@H](O)C[C@]43O)C2)OC(C)[C@@H]1O[C@@H]1OC(CO)[C@@H](O)C(O)[C@@H]1O
Mol_00540	Mol_00540::M02	unsat_lactone	michael_acceptor	26;24;25;23;22	22	CO[C@@H]1C(O)[C@H](O[C@H]2CC[C@@]3(C)[C@H](CC[C@@H]4[C@H]3CC[C@]3(C)[C@@H](C5=CC(=O)OC5)[C@@H](O)C[C@]43O)C2)OC(C)[C@@H]1O[C@@H]1OC(CO)[C@@H](O)C(O)[C@@H]1O
Mol_00541	Mol_00541::M01	acrylate_ester	michael_acceptor	5;6;7;8;9;10	5	COc1cc(/C=C/C(=O)OC/C=C/c2cc(OC)c(O[C@@H]3OC(CO)[C@@H](O)[C@H](O)C3OC3OC(C)C(O)C(O)C3O)c(OC)c2)ccc1O
Mol_00542	Mol_00542::M01	acrylate_ester	michael_acceptor	12;11;9;10;8;7	12	COc1cc(/C=C/COC(=O)/C=C/c2ccc(O)c(O)c2)cc(OC)c1O[C@@H]1OC(CO)[C@@H](O)[C@H](O)C1OC1OC(C)C(O)C(O)C1O
Mol_00543	Mol_00543::M01	acrylate_ester	michael_acceptor	5;6;7;8;9;10	5	COc1cc(/C=C/C(=O)OC/C=C/c2cc(OC)c(O[C@@H]3OC(CO)[C@@H](O)[C@H](O)C3OC3OC(C)C(O)C(O)C3OC3O[C@H](C)[C@@H](O)[C@H](O)[C@@H]3O)c(OC)c2)ccc1O
Mol_00544	Mol_00544::M01	acrylate_ester	michael_acceptor	12;11;9;10;8;7	12	COc1cc(/C=C/COC(=O)/C=C/c2ccc(O)c(O)c2)cc(OC)c1O[C@@H]1OC(CO)[C@@H](O)[C@H](O)C1OC1OC(C)C(O)C(O)C1OC1O[C@H](C)[C@@H](O)[C@H](O)[C@@H]1O
Mol_00545	Mol_00545::M01	acrylate_ester	michael_acceptor	36;35;33;34;32;31	36	CO[C@@H]1C(O)[C@H](O[C@@H]2C(C)O[C@@H](O[C@@H]3C(C)O[C@@H](O[C@H]4CC[C@@]5(C)C(=CC[C@]6(O)C5C[C@@H](OC(=O)/C=C/c5ccccc5)[C@@]5(C)[C@]6(O)CC[C@@]5(O)C(C)=O)C4)C[C@H]3OC)C[C@H]2OC)OC(C)[C@H]1O[C@@H]1OC(CO)[C@@H](O[C@@H]2OC(CO)[C@@H](O)[C@H](O)C2O)[C@H](O)C1O
Mol_00546	Mol_00546::M01	acrylate_ester	michael_acceptor	36;35;33;34;32;31	36	CO[C@@H]1C(O)[C@H](O[C@@H]2C(C)O[C@@H](O[C@@H]3C(C)O[C@@H](O[C@H]4CC[C@@]5(C)C(=CC[C@]6(O)C5C[C@@H](OC(=O)/C=C/c5ccccc5)[C@@]5(C)[C@]6(O)CC[C@@]5(O)C(C)=O)C4)C[C@H]3OC)C[C@H]2OC)OC(C)[C@H]1O[C@@H]1OC(CO)[C@@H](O)[C@H](O)C1O
Mol_00547	Mol_00547::M01	acrylate_ester	michael_acceptor	23;22;20;21;19;18	23	CO[C@@H]1C[C@H](O[C@H]2CC[C@@]3(C)C(=CC[C@]4(O)C3C[C@@H](OC(=O)/C=C/c3ccccc3)[C@@]3(C)[C@]4(O)CC[C@@]3(O)C(C)=O)C2)OC(C)[C@H]1O[C@H]1C[C@@H](OC)[C@H](O[C@H]2C[C@@H](OC)[C@H](O[C@@H]3OC(CO)[C@@H](O[C@@H]4OC(CO)[C@@H](O)[C@H](O)C4O)[C@H](O)C3O)C(C)O2)C(C)O1
Mol_00551	Mol_00551::M01	acrylate_ester	michael_acceptor	1;2;4;5;6;7	1	C/C=C(\C)C(=O)O[C@@H]1C[C@@H]2[C@@]3(C)CC[C@H](O[C@H]4C[C@@H](OC)[C@H](O[C@H]5C[C@@H](OC)[C@H](O[C@@H]6OC(C)[C@@H](O[C@@H]7OC(CO)[C@@H](O)[C@H](O)C7O)[C@H](OC)C6O)C(C)O5)C(C)O4)CC3=CC[C@@]2(O)[C@@]2(O)CC[C@H]([C@@H](C)OC(C)=O)[C@@]12C
Mol_00552	Mol_00552::M01	acrylate_ester	michael_acceptor	19;20;21;22;23;24	19	C[C@@H]1C[C@H](O)[C@]2(O)O[C@@H]3C[C@]4(C=O)C5CC[C@]6(C)[C@@H](C7=CC(=O)OC7)C[C@@H](O)[C@]6(O)C5CC[C@H]4C[C@H]3O[C@@H]2O1
Mol_00552	Mol_00552::M02	unsat_lactone	michael_acceptor	23;21;22;20;19	19	C[C@@H]1C[C@H](O)[C@]2(O)O[C@@H]3C[C@]4(C=O)C5CC[C@]6(C)[C@@H](C7=CC(=O)OC7)C[C@@H](O)[C@]6(O)C5CC[C@H]4C[C@H]3O[C@@H]2O1
Mol_00552	Mol_00552::M03	aldehyde	reversible_carbonyl	10;11;12	11	C[C@@H]1C[C@H](O)[C@]2(O)O[C@@H]3C[C@]4(C=O)C5CC[C@]6(C)[C@@H](C7=CC(=O)OC7)C[C@@H](O)[C@]6(O)C5CC[C@H]4C[C@H]3O[C@@H]2O1
Mol_00556	Mol_00556::M01	enone_cyclic	michael_acceptor	12;11;9;10;8	12	CC(=O)[C@@H]1CC[C@]2(O)C3C(=O)C=C4C[C@@H](O[C@]5(O)OC(CO)[C@@H](O)C(O)[C@@H]5O)CCC4(C)C3CCC12C
Mol_00658	Mol_00658::M01	acrylate_ester	michael_acceptor	44;43;41;42;40;39	44	C[C@H]1OC(OC(=O)[C@]23CCC(C)(C)C[C@H]2C2=CCC4[C@@]5(C)CC[C@H](O[C@@H]6OC[C@H](O)C(O[C@@H]7OC(CO)[C@@H](O)C(OC(=O)/C=C/c8ccc(O)cc8)[C@@H]7O)[C@@H]6O[C@@H]6OC(CO)[C@@H](O)C(O)[C@@H]6O)C(C)(C)C5CC[C@@]4(C)[C@]2(C)C[C@H]3O)([C@]2(O)C(CO)O[C@@](O)(OCC3O[C@H](O)[C@@H](O)C(O)[C@H]3O)[C@@H](O)C2O)[C@@H](O)[C@@H](O)[C@@H]1O
Mol_00659	Mol_00659::M01	acrylate_ester	michael_acceptor	44;43;41;42;40;39	44	C[C@H]1OC(OC(=O)[C@]23CCC(C)(C)C[C@H]2C2=CCC4[C@@]5(C)CC[C@H](O[C@@H]6OC[C@H](O)C(O[C@@H]7OC(CO)[C@@H](O)C(OC(=O)/C=C\c8ccc(O)cc8)[C@@H]7O)[C@@H]6O[C@@H]6OC(CO)[C@@H](O)C(O)[C@@H]6O)C(C)(C)C5CC[C@@]4(C)[C@]2(C)C[C@H]3O)([C@]2(O)C(CO)O[C@@](O)(OCC3O[C@H](O)[C@@H](O)C(O)[C@H]3O)[C@@H](O)C2O)[C@@H](O)[C@@H](O)[C@@H]1O
Mol_00740	Mol_00740::M01	enone_cyclic	michael_acceptor	15;16;17;18;19	15	CC[C@H](CC[C@@H](C)[C@H]1CC[C@H]2[C@@H]3C[C@@H](O)C4=CC(=O)CC[C@]4(C)[C@H]3CC[C@]12C)C(C)C
Mol_00741	Mol_00741::M01	acrylate_ester	michael_acceptor	8;7;5;6;4;3	8	C/C(=C\COC(=O)/C=C(\C)CCCC(C)CCCC(C)CCCC(C)C)CCCC(C)CCCC(C)CCCC(C)C
Mol_00747	Mol_00747::M01	enone_cyclic	michael_acceptor	17;16;14;15;13	17	CC(C)CCC[C@@H](C)[C@H]1CC[C@H]2[C@@H]3CC(=O)C4=C[C@@H](CCO)CC[C@]4(C)[C@H]3CC[C@]12C
Mol_00751	Mol_00751::M01	aldehyde	reversible_carbonyl	6;7;8	7	C=C(C)[C@@H]1CC[C@]2(C=O)CC[C@]3(C)[C@H](CC[C@@H]4[C@@]5(C)CC[C@H](O)C(C)(C)[C@@H]5CC[C@]43C)[C@@H]12
Mol_00757	Mol_00757::M01	acrylate_ester	michael_acceptor	24;23;21;22;20;19	24	CC1O[C@@H](OC2[C@H](OC(=O)Cc3ccc(O)cc3)C(COC(=O)/C=C/c3ccc(O)c(O)c3)O[C@@H](OCCc3ccc(O)c(O)c3)[C@H]2O)[C@@H](O)C(O)[C@@H]1O
Mol_00758	Mol_00758::M01	acrylate_ester	michael_acceptor	22;21;19;20;18;17	22	CC1O[C@@H](OC2[C@H](OC(=O)C3CCCNC3)C(COC(=O)/C=C/c3ccc(O)c(O)c3)O[C@@H](OCCc3ccc(O)c(O)c3)[C@H]2O)[C@@H](O)C(O)[C@@H]1O
Mol_00773	Mol_00773::M01	acrylate_ester	michael_acceptor	38;37;35;36;34;33	38	CC(=O)OC[C@H]1O[C@@H](OCCc2ccc(O)c(O)c2)[C@H](O)[C@@H](O[C@@H]2O[C@@H](C)[C@H](O)[C@@H](O)[C@H]2O)[C@@H]1OC(=O)/C=C/c1ccc(O)c(O)c1
Mol_00774	Mol_00774::M01	acrylate_ester	michael_acceptor	40;39;37;38;36;35	40	C[C@@H]1O[C@@H](O[C@@H]2[C@@H](O[C@@H]3O[C@H](CO)[C@@H](O)[C@H](O)[C@H]3O)[C@H](OCCc3ccc(O)c(O)c3)O[C@H](CO)[C@H]2OC(=O)/C=C/c2ccc(O)c(O)c2)[C@H](O)[C@H](O)[C@H]1O
Mol_00776	Mol_00776::M01	acrylate_ester	michael_acceptor	49;48;46;47;45;44	49	CC(=O)OCC1O[C@@H](OCCc2ccc(O)c(O)c2)[C@@H](O[C@@H]2OC(CO)[C@@H](O)C(O)[C@@H]2O)C(O[C@@H]2OC(C)[C@@H](O)C(O)[C@@H]2O)[C@@H]1OC(=O)/C=C/c1ccc(O)c(O)c1
Mol_00778	Mol_00778::M01	acrylate_ester	michael_acceptor	47;46;44;45;43;42	47	CC(=O)OC[C@H]1O[C@@H](OCCc2ccc(O)c(O)c2)[C@H](O[C@@H]2OC[C@](O)(CO)[C@@H]2O)[C@@H](O[C@@H]2O[C@@H](C)[C@H](O)[C@@H](O)[C@H]2O)[C@@H]1OC(=O)/C=C/c1ccc(O)c(O)c1
Mol_00781	Mol_00781::M01	acrylate_ester	michael_acceptor	14;13;11;12;10;9	14	C[C@@H]1O[C@@H](O[C@H]2[C@H](O)[C@@H](COC(=O)/C=C/c3ccc(O)c(O)c3)O[C@@H](OCCc3ccc(O)c(O)c3)[C@@H]2O[C@@H]2OC[C@](O)(CO)[C@@H]2O)[C@H](O)[C@H](O)[C@H]1O
Mol_00782	Mol_00782::M01	acrylic_acid	michael_acceptor	4;3;1;0;2	4	O=C(O)C1=CC[C@@H]2C(C(=O)O)=CO[C@@H](O[C@@H]3O[C@H](CO)[C@@H](O)[C@H](O)[C@H]3O)[C@H]12
Mol_00782	Mol_00782::M02	acrylic_acid	michael_acceptor	11;7;8;9;10	11	O=C(O)C1=CC[C@@H]2C(C(=O)O)=CO[C@@H](O[C@@H]3O[C@H](CO)[C@@H](O)[C@H](O)[C@H]3O)[C@H]12
Mol_00784	Mol_00784::M01	acrylate_ester	michael_acceptor	7;6;1;0;2;3	7	O=C1OCC[C@@H]2C1=C(CO)[C@@H](O)[C@H]2O
Mol_00784	Mol_00784::M02	unsat_lactone	michael_acceptor	2;1;0;6;7	7	O=C1OCC[C@@H]2C1=C(CO)[C@@H](O)[C@H]2O
Mol_00793	Mol_00793::M01	acrylate_ester	michael_acceptor	3;2;1;0;12;13	3	O=C(/C=C/c1ccc(O)c(O)c1)O[C@@H]1C2C=CO[C@H](O[C@@H]3O[C@H](CO)[C@@H](O)[C@H](O)[C@H]3O)C2[C@]2(CO)O[C@H]12
Mol_00793	Mol_00793::M02	epoxide	sn2_ring_opening	32;35;36	32;36	O=C(/C=C/c1ccc(O)c(O)c1)O[C@@H]1C2C=CO[C@H](O[C@@H]3O[C@H](CO)[C@@H](O)[C@H](O)[C@H]3O)C2[C@]2(CO)O[C@H]12
Mol_00794	Mol_00794::M01	acrylate_ester	michael_acceptor	9;8;6;7;5;4	9	C[C@]1(O)C[C@@H](OC(=O)/C=C/c2ccc(O)cc2)[C@@H]2C=CO[C@@H](O[C@@H]3O[C@H](CO)[C@@H](O)[C@H](O)[C@H]3O)[C@@H]21
Mol_00834	Mol_00834::M01	acrylate_ester	michael_acceptor	17;18;19;20;21;22	17	C/C=C1/[C@H](O[C@@H]2O[C@H](CO)[C@@H](O)[C@H](O)[C@H]2O)OC=C(C(=O)OC)[C@H]1CC(=O)OCCc1ccc(O)c(O)c1
Mol_00840	Mol_00840::M01	aldehyde	reversible_carbonyl	2;1;0	1	O=CC(O)C(O)C(O)C(O)COc1ccc([C@@H]2CC(=O)c3c(O)cc(O)cc3O2)cc1
Mol_00843	Mol_00843::M01	acrylate_ester	michael_acceptor	1;2;4;5;6;7	1	C/C=C(/C)C(=O)O[C@@H]1CCN2CC=C(COC(=O)[C@@](O)([C@H](C)O)C(C)(C)O)[C@H]12
Mol_00844	Mol_00844::M01	acrylate_ester	michael_acceptor	1;2;4;5;6;7	1	C/C=C(\C)C(=O)O[C@@H]1CCN2CC=C(COC(=O)[C@@](O)([C@H](C)OC(C)=O)C(C)(C)O)[C@H]12
Mol_00846	Mol_00846::M01	acrylate_ester	michael_acceptor	1;2;4;5;6;7	1	C/C=C(/C)C(=O)OCC1=CCN2CC(O)CC12
Mol_00847	Mol_00847::M01	acrylate_ester	michael_acceptor	1;2;4;5;6;7	1	C/C=C(/C)C(=O)OCC1=CCN2CC[C@@H](O)[C@@H]12
Mol_00849	Mol_00849::M01	acrylate_ester	michael_acceptor	1;3;4;5;6;7	1	CC(C)=CC(=O)OCC1=CCN2CC[C@@H](O)[C@@H]12
Mol_00850	Mol_00850::M01	acrylate_ester	michael_acceptor	1;2;4;5;6;7	1	C/C=C(\C)C(=O)OC1CC2C(CO)=CCN2C1
Mol_00851	Mol_00851::M01	acrylate_ester	michael_acceptor	1;3;4;5;6;7	1	CC(C)=CC(=O)O[C@@H]1CCN2CC=C(COC(=O)[C@@](O)([C@H](C)O)C(C)(C)O)[C@H]12
Mol_00853	Mol_00853::M01	acrylate_ester	michael_acceptor	1;2;3;4;5;6	1	C/C(=C\C(=O)O[C@@H]1CCN2CC=C(COC(=O)[C@](O)(C(C)C)[C@H](C)O)[C@H]12)CO
Mol_00859	Mol_00859::M01	acrylate_ester	michael_acceptor	1;3;4;5;6;7	1	CC(C)=CC(=O)O[C@@H]1CCN2CC=C(CO)[C@H]12
Mol_00864	Mol_00864::M01	acrylate_ester	michael_acceptor	1;3;4;5;6;7	1	CC(C)=CC(=O)O[C@@H](C)[C@@](O)(C(=O)OCC1=CCN2CC[C@@H](O)[C@@H]12)C(C)C
Mol_00873	Mol_00873::M01	acrylate_ester	michael_acceptor	1;2;4;5;6;7	1	C/C=C(\C)C(=O)O[C@H]1CCN2CC=C(CO)C12
Mol_00877	Mol_00877::M01	acrylate_ester	michael_acceptor	1;2;4;5;6;7	1	C/C=C(/C)C(=O)O[C@@H]1CCN2CC=C(COC(=O)[C@](O)(C(C)C)[C@H](C)O)C12
Mol_00878	Mol_00878::M01	acrylate_ester	michael_acceptor	1;3;4;5;6;7	1	CC(C)=CC(=O)O[C@@H]1CCN2CC=C(COC(=O)[C@](O)(C(C)C)[C@H](C)O)C12
Mol_00879	Mol_00879::M01	acrylate_ester	michael_acceptor	1;2;4;5;6;7	1	C/C=C(/C)C(=O)O[C@H]1CCN2CC=C(COC(=O)[C@](O)([C@H](C)O)C(C)(C)O)[C@H]12
Mol_00882	Mol_00882::M01	acrylate_ester	michael_acceptor	1;3;4;5;6;7	1	CC(C)=CC(=O)O[C@H]1CCN2CC=C(CO)[C@H]12
Mol_00904	Mol_00904::M01	acrylate_ester	michael_acceptor	1;2;4;5;6;7	1	C/C=C(\C)C(=O)O[C@@H]1CCN2CC=C(CO)[C@H]12
Mol_00907	Mol_00907::M01	acrylate_ester	michael_acceptor	1;2;4;5;6;7	1	C/C=C(\C)C(=O)OCC1=CCN2CC[C@@H](O)[C@@H]12
Mol_00908	Mol_00908::M01	acrylate_ester	michael_acceptor	0;1;3;4;5;6	0	C=C(O)C(=O)OC[C@H]1CCN2CC[C@@H](OC(=O)/C(C)=C\C)C12
Mol_00908	Mol_00908::M02	acrylate_ester	michael_acceptor	19;17;15;16;14;13	19	C=C(O)C(=O)OC[C@H]1CCN2CC[C@@H](OC(=O)/C(C)=C\C)C12
Mol_00909	Mol_00909::M01	acrylate_ester	michael_acceptor	1;2;4;5;6;7	1	C/C=C(\C)C(=O)O[C@@H]1CCN2CC=C(COC(=O)/C=C\O)[C@H]12
Mol_00909	Mol_00909::M02	acrylate_ester	michael_acceptor	19;18;16;17;15;14	19	C/C=C(\C)C(=O)O[C@@H]1CCN2CC=C(COC(=O)/C=C\O)[C@H]12
Mol_00910	Mol_00910::M01	acrylate_ester	michael_acceptor	1;2;4;5;6;7	1	C/C=C(/C)C(=O)O[C@@H]1CCN2CC[C@H](COC(=O)C(O)CO)C12
Mol_00911	Mol_00911::M01	acrylate_ester	michael_acceptor	1;2;4;5;6;7	1	C/C=C(\C)C(=O)O[C@@H]1CCN2CC[C@H](COC(=O)C(O)CO)C12
Mol_00912	Mol_00912::M01	acrylate_ester	michael_acceptor	1;2;4;5;6;7	1	C/C=C(/C)C(=O)O[C@@H]1CCN2CC=C(COC(=O)/C(=C\C)CO)[C@H]12
Mol_00912	Mol_00912::M02	acrylate_ester	michael_acceptor	19;18;16;17;15;14	19	C/C=C(/C)C(=O)O[C@@H]1CCN2CC=C(COC(=O)/C(=C\C)CO)[C@H]12
Mol_00913	Mol_00913::M01	acrylate_ester	michael_acceptor	1;2;4;5;6;7	1	C/C=C(\C)C(=O)O[C@@H]1CCN2CC=C(COC(=O)/C(=C/C)CO)[C@@H]12
Mol_00913	Mol_00913::M02	acrylate_ester	michael_acceptor	19;18;16;17;15;14	19	C/C=C(\C)C(=O)O[C@@H]1CCN2CC=C(COC(=O)/C(=C/C)CO)[C@@H]12
Mol_00914	Mol_00914::M01	acrylate_ester	michael_acceptor	1;2;4;5;6;7	1	C/C=C(/C)C(=O)O[C@@H]1CCN2CC=C(COC(=O)C(O)(CO)C(C)O)C12
Mol_00915	Mol_00915::M01	acrylate_ester	michael_acceptor	1;2;4;5;6;7	1	C/C=C(\C)C(=O)O[C@@H]1CCN2CC=C(COC(=O)C(O)(CO)C(C)O)[C@@H]12
Mol_00943	Mol_00943::M01	enone_cyclic	michael_acceptor	4;5;6;7;8	4	C=C[C@]1(C)C=C2C(=O)[C@@]3(O)OC(=O)[C@@]4(CCCC(C)(C)[C@H]34)[C@@]2(O)CC1
Mol_00944	Mol_00944::M01	enone_cyclic	michael_acceptor	4;5;6;7;8	4	C=C[C@]1(C)C=C2C(=O)C[C@H]3C(C)(C)CCC[C@]3(C(=O)O)[C@@]2(O)CC1
Mol_00945	Mol_00945::M01	enone_cyclic	michael_acceptor	2;1;8;9;7	2	CC1=C[C@H](O)[C@H]2O[C@H]2C1=O
Mol_00945	Mol_00945::M02	epoxide	sn2_ring_opening	5;6;7	5;7	CC1=C[C@H](O)[C@H]2O[C@H]2C1=O
Mol_00946	Mol_00946::M01	aldehyde	reversible_carbonyl	10;11;12	11	Cc1cc(O)cc2c1Oc1c(C=O)c(O)cc(C)c1C(=O)O2
Mol_00947	Mol_00947::M01	aldehyde	reversible_carbonyl	11;12;13	12	Cc1cc(O)c(C)c2c1Oc1c(C=O)c(O)cc(C)c1C(=O)O2
Mol_00968	Mol_00968::M01	enone_cyclic	michael_acceptor	12;13;14;15;16	12	C[C@H]1[C@H](C)CC[C@]2(C)CC[C@]3(C)C(=CC(=O)C4[C@@]5(C)CC[C@H](O)C(C)(C)C5CC[C@]43C)[C@H]12
Mol_00969	Mol_00969::M01	enone_cyclic	michael_acceptor	13;12;10;11;9	13	CC(=O)O[C@H]1CC[C@]2(C)[C@H]3C(=O)C=C4[C@H]5[C@H](C)[C@H](C)CC[C@]5(C)CC[C@@]4(C)[C@]3(C)CC[C@H]2C1(C)C
Mol_00978	Mol_00978::M01	enone_cyclic	michael_acceptor	11;12;13;14;15	11	CC1(C)C2CC[C@]3(C)C(CCC4=CC(=O)C[C@]43C)[C@@]2(C)CC[C@@H]1O
Mol_00980	Mol_00980::M01	epoxide	sn2_ring_opening	10;11;12	10;12	CC(C)[C@@H]1C[C@@H](O)[C@@](C)(O)[C@H]2O[C@@H]12
Mol_01000	Mol_01000::M01	acrylic_acid	michael_acceptor	4;3;1;0;2	4	O=C(O)C1=C/C(=C/C=[N+]2/CCC[C@H]2C(=O)[O-])C[C@@H](C(=O)O)N1
Mol_01002	Mol_01002::M01	enone_cyclic	michael_acceptor	26;28;29;30;31	26	C=Cc1c(C)c2cc3nc(c4c5nc(cc6[nH]c(cc1[nH]2)c(C)c6CC)C(C)=C5C(=O)[C@@H]4C(=O)OC)[C@@H](CCC(=O)O)[C@@H]3C
Mol_01003	Mol_01003::M01	enone_cyclic	michael_acceptor	26;28;29;30;31	26	C=Cc1c(C)c2cc3nc(c4c5nc(cc6[nH]c(cc1[nH]2)c(C)c6CC)C(C)=C5C(=O)C4)[C@@H](CCC(=O)O)[C@@H]3C
Mol_01013	Mol_01013::M01	enone_cyclic	michael_acceptor	2;1;25;26;24	2	CC1=C(CC[C@H]2[C@]3(C)CC[C@H](O)C(C)(C)O[C@H]3CC[C@]2(C)O)[C@@H]2[C@H](CC1=O)[C@@](C)(O)CCC2(C)C
Mol_01019	Mol_01019::M01	epoxide	sn2_ring_opening	13;14;15	13;15	CC1(C)O[C@@H]2CC[C@](C)(O)[C@H](CC[C@@]34O[C@]3(C)[C@H](O)CC3C(CC[C@@]3(C)O)C4(C)C)[C@@]2(C)CC[C@H]1O
Mol_01037	Mol_01037::M01	enal	michael_acceptor	26;23;24;25	26	CC1(C)C(CC[C@@H]2[C@@]3(C)CC[C@@H](O)C(C)(C)O[C@@H]3CC[C@]2(C)O)C(C=O)=CCC2C1CC[C@@]2(C)O
Mol_01037	Mol_01037::M02	aldehyde	reversible_carbonyl	23;24;25	24	CC1(C)C(CC[C@@H]2[C@@]3(C)CC[C@@H](O)C(C)(C)O[C@@H]3CC[C@]2(C)O)C(C=O)=CCC2C1CC[C@@]2(C)O
Mol_01039	Mol_01039::M01	enal	michael_acceptor	17;14;15;16	17	CC1(C)O[C@@H]2CC[C@](C)(O)[C@H](CCC3C(C=O)=CCC4C(CC[C@@]4(C)O)C3(C)C)[C@@]2(C)CCC1=O
Mol_01039	Mol_01039::M02	aldehyde	reversible_carbonyl	14;15;16	15	CC1(C)O[C@@H]2CC[C@](C)(O)[C@H](CCC3C(C=O)=CCC4C(CC[C@@]4(C)O)C3(C)C)[C@@]2(C)CCC1=O
Mol_01091	Mol_01091::M01	acrylate_ester	michael_acceptor	21;22;23;24;25;19	21	CC1(C)C(=O)C=C[C@@]2(C)C1CC[C@]1(C)C2CCC2C([C@]3(C)C=CC(=O)O3)CC[C@]21C
Mol_01091	Mol_01091::M02	enone_cyclic	michael_acceptor	6;5;3;4;1	6	CC1(C)C(=O)C=C[C@@]2(C)C1CC[C@]1(C)C2CCC2C([C@]3(C)C=CC(=O)O3)CC[C@]21C
Mol_01091	Mol_01091::M03	unsat_lactone	michael_acceptor	25;23;24;22;21	21	CC1(C)C(=O)C=C[C@@]2(C)C1CC[C@]1(C)C2CCC2C([C@]3(C)C=CC(=O)O3)CC[C@]21C
Mol_01092	Mol_01092::M01	enone_cyclic	michael_acceptor	6;5;3;4;1	6	CC1(C)C(=O)C=C[C@@]2(C)C1CC[C@]1(C)C2CCC2C([C@]3(C)CCC(=O)O3)CC[C@]21C
Mol_01093	Mol_01093::M01	acrylate_ester	michael_acceptor	28;29;30;31;32;26	28	CC(=O)O[C@@H]1CC2[C@@]3(C)C=CC(=O)C(C)(C)C3CC[C@@]2(C)[C@]2(C)CCC([C@]3(C)C=CC(=O)O3)C12
Mol_01093	Mol_01093::M02	enone_cyclic	michael_acceptor	9;10;11;12;13	9	CC(=O)O[C@@H]1CC2[C@@]3(C)C=CC(=O)C(C)(C)C3CC[C@@]2(C)[C@]2(C)CCC([C@]3(C)C=CC(=O)O3)C12
Mol_01093	Mol_01093::M03	unsat_lactone	michael_acceptor	32;30;31;29;28	28	CC(=O)O[C@@H]1CC2[C@@]3(C)C=CC(=O)C(C)(C)C3CC[C@@]2(C)[C@]2(C)CCC([C@]3(C)C=CC(=O)O3)C12
Mol_01094	Mol_01094::M01	enone_cyclic	michael_acceptor	9;10;11;12;13	9	CC(=O)O[C@@H]1CC2[C@@]3(C)C=CC(=O)C(C)(C)C3CC[C@@]2(C)[C@]2(C)CCC([C@]3(C)CCC(=O)O3)C12
Mol_01153	Mol_01153::M01	nitrile	addition_to_CN	4;5;6	5	Cc1ccc(C#N)cc1
Mol_01156	Mol_01156::M01	isothiocyanate	addition_to_CN	5;6;7	6	CCC(C)CN=C=S
Mol_01157	Mol_01157::M01	isothiocyanate	addition_to_CN	6;7;8	7	CSCCCCN=C=S
Mol_01158	Mol_01158::M01	isothiocyanate	addition_to_CN	2;1;0	1	S=C=NCc1ccccc1
Mol_01160	Mol_01160::M01	isothiocyanate	addition_to_CN	7;8;9	8	C[S+]([O-])/C=C/CCN=C=S
Mol_01188	Mol_01188::M01	acrylate_ester	michael_acceptor	9;10;11;12;13;7	9	CC(=O)O[C@H]1C[C@H]([C@]2(C)C=CC(=O)O2)[C@H]2C[C@@H](OC(C)=O)[C@@H]3[C@@]4(C)[C@H](OC(C)=O)CC(=O)OC(C)(C)[C@@H]4CC[C@@]3(C)[C@]12C
Mol_01188	Mol_01188::M02	unsat_lactone	michael_acceptor	13;11;12;10;9	9	CC(=O)O[C@H]1C[C@H]([C@]2(C)C=CC(=O)O2)[C@H]2C[C@@H](OC(C)=O)[C@@H]3[C@@]4(C)[C@H](OC(C)=O)CC(=O)OC(C)(C)[C@@H]4CC[C@@]3(C)[C@]12C
Mol_01196	Mol_01196::M01	aldehyde	reversible_carbonyl	59;61;62	61	CC(=O)O[C@H]1[C@H](O[C@H]2OC[C@H](O)[C@H](O)[C@H]2O)[C@@H](O[C@@H]2O[C@@H](C)[C@H](O[C@@H]3OC[C@@H](O)[C@H](O)[C@H]3O)[C@@H](O)[C@H]2O)[C@H](OC(=O)[C@]23CCC(C)(C)C[C@H]2C2=CC[C@@H]4[C@@]5(C)CC[C@H](O)[C@@](C)(C=O)[C@@H]5CC[C@@]4(C)[C@]2(C)CC3)O[C@@H]1CO
Mol_01197	Mol_01197::M01	aldehyde	reversible_carbonyl	23;25;26	25	CC1(C)CC[C@]2(C(=O)O)CC[C@]3(C)C(=CC[C@@H]4[C@@]5(C)CC[C@H](O)[C@@](C)(C=O)[C@@H]5CC[C@]43C)[C@@H]2C1
Mol_01199	Mol_01199::M01	aldehyde	reversible_carbonyl	39;41;42	41	C[C@@H]1O[C@@H](O[C@@H]2[C@@H](O)[C@H](O[C@H]3CC[C@]4(C)[C@H]5CC=C6[C@@H]7CC(C)(C)CC[C@]7(C(=O)O)CC[C@@]6(C)[C@]5(C)CC[C@H]4[C@]3(C)C=O)O[C@H](C(=O)O)[C@H]2O)[C@H](O)[C@H](O)[C@H]1O
Mol_01200	Mol_01200::M01	aldehyde	reversible_carbonyl	35;37;38	37	CC1(C)CC[C@]2(C(=O)O)CC[C@]3(C)C(=CC[C@@H]4[C@@]5(C)CCC(O[C@@H]6O[C@H](C(=O)O)[C@@H](O)[C@H](O)[C@H]6O)[C@@](C)(C=O)[C@@H]5CC[C@]43C)C2C1
Mol_01201	Mol_01201::M01	acrylate_ester	michael_acceptor	5;6;7;8;9;10	5	COc1cc(/C=C/C(=O)O[C@@H]2C(O)[C@H](OCC3O[C@@H](Oc4c(-c5ccc(O)c(OC)c5)oc5cc(O)cc(O)c5c4=O)C(O)C(O)[C@H]3O)OC(C)[C@@H]2O)ccc1O
Mol_01204	Mol_01204::M01	enone_cyclic	michael_acceptor	35;36;37;38;39	35	COC(=O)[C@@H]1C(O[C@H]2[C@H](O)C[C@]3(C)[C@H]4CC[C@@]5(C)[C@@H]6[C@@H](O)[C@@H](O)[C@H]([C@@H](C)C(=O)O)[C@@]6(C)CC[C@]5(C)C4=CC(=O)[C@H]3C2(C)C)OC[C@H](OC2O[C@H](CO)[C@@H](O)[C@H](O)[C@H]2O)[C@H]1O
Mol_01209	Mol_01209::M01	aldehyde	reversible_carbonyl	52;54;55	54	CC1(C)CC[C@]2(C(=O)O)CC[C@]3(C)C(=CCC4[C@@]5(C)CC[C@H](OC6O[C@H](CO)[C@@H](O)[C@H](OC7OC[C@@H](O)[C@H](O)[C@H]7O)[C@H]6OC6OC[C@H](O)[C@H](O)[C@H]6O)[C@@](C)(C=O)C5CC[C@]43C)C2C1
Mol_01210	Mol_01210::M01	aldehyde	reversible_carbonyl	50;52;53	52	CC1(C)CC[C@@]2(C(=O)O)C(C1)C1=CCC3[C@@]4(C)CC[C@H](OC5O[C@H](CO)[C@@H](O)[C@H](OC6OC[C@@H](O)[C@H](O)[C@H]6O)[C@H]5OC5OC[C@H](O)[C@H](O)[C@H]5O)[C@@](C)(C=O)C4CC[C@@]3(C)[C@]1(C)C[C@H]2O
Mol_01223	Mol_01223::M01	acrylic_acid	michael_acceptor	4;3;1;0;2	4	O=C(O)/C=C/c1ccc(O)cc1
Mol_01225	Mol_01225::M01	acrylic_acid	michael_acceptor	4;3;1;0;2	4	O=C(O)/C=C/c1ccccc1O
Mol_01241	Mol_01241::M01	enone_cyclic	michael_acceptor	18;19;20;21;22	18	COC(=O)[C@]1(C)CC[C@]2(C)CC[C@]3(C)C4=CC=C5C(=CC(=O)C(O)=C5C)[C@]4(C)CC[C@@]3(C)[C@@H]2C1
Mol_01241	Mol_01241::M02	enone_cyclic	michael_acceptor	24;22;20;21;19	24	COC(=O)[C@]1(C)CC[C@]2(C)CC[C@]3(C)C4=CC=C5C(=CC(=O)C(O)=C5C)[C@]4(C)CC[C@@]3(C)[C@@H]2C1
Mol_01252	Mol_01252::M01	acrylic_acid	michael_acceptor	1;2;25;26;27	1	C/C=C(/CCCCCCCCC/C=C\C=C\Cc1cc(O)cc(O)c1)C(=O)O
Mol_01253	Mol_01253::M01	enone_cyclic	michael_acceptor	11;12;14;15;16	11	CC[C@H](C)/C=C(C)/C=C/C1=CC2=C(Cl)C(=O)[C@](C)(OC(C)=O)C(=O)C2=CO1
Mol_01253	Mol_01253::M02	enone_cyclic	michael_acceptor	25;24;22;23;16	25	CC[C@H](C)/C=C(C)/C=C/C1=CC2=C(Cl)C(=O)[C@](C)(OC(C)=O)C(=O)C2=CO1
Mol_01254	Mol_01254::M01	enone_cyclic	michael_acceptor	11;12;14;15;16	11	CC[C@H](C)/C=C(C)/C=C/C1=CC2=C(Cl)C(=O)[C@](C)(OC(C)=O)C(=O)C2=CN1
Mol_01254	Mol_01254::M02	enone_cyclic	michael_acceptor	25;24;22;23;16	25	CC[C@H](C)/C=C(C)/C=C/C1=CC2=C(Cl)C(=O)[C@](C)(OC(C)=O)C(=O)C2=CN1
Mol_01255	Mol_01255::M01	enone_cyclic	michael_acceptor	11;12;14;15;16	11	CC[C@H](C)/C=C(C)/C=C/C1=CC2=C(Cl)C(=O)[C@](C)(OC(C)=O)C(=O)C2=CN1CCO
Mol_01255	Mol_01255::M02	enone_cyclic	michael_acceptor	25;24;22;23;16	25	CC[C@H](C)/C=C(C)/C=C/C1=CC2=C(Cl)C(=O)[C@](C)(OC(C)=O)C(=O)C2=CN1CCO
Mol_01256	Mol_01256::M01	enone_cyclic	michael_acceptor	11;12;14;15;16	11	CCC(C)/C=C(C)/C=C/C1=CC2=C(Cl)C(=O)C(C)(OC(C)=O)C(=O)C2(O)CO1
Mol_01258	Mol_01258::M01	enone_cyclic	michael_acceptor	11;12;14;15;16	11	CC[C@H](C)/C=C(C)/C=C/C1=CC2=C(Cl)C(=O)[C@](C)(O)C(=O)C2=CO1
Mol_01258	Mol_01258::M02	enone_cyclic	michael_acceptor	22;21;19;20;16	22	CC[C@H](C)/C=C(C)/C=C/C1=CC2=C(Cl)C(=O)[C@](C)(O)C(=O)C2=CO1
Mol_01263	Mol_01263::M01	enone_ketone_acyclic	michael_acceptor	4;3;1;2;0	4	CC(=O)/C=C/[C@@]12O[C@]1(C)C[C@@H](O)[C@H](OC1O[C@@H](CO)[C@H](O)[C@@H](O)[C@@H]1O)C2(C)C
Mol_01263	Mol_01263::M02	epoxide	sn2_ring_opening	5;6;7	5;7	CC(=O)/C=C/[C@@]12O[C@]1(C)C[C@@H](O)[C@H](OC1O[C@@H](CO)[C@H](O)[C@@H](O)[C@@H]1O)C2(C)C
Mol_01268	Mol_01268::M01	nitrile	addition_to_CN	2;1;0	1	N#C[C@H](O[C@@H]1O[C@H](CO)[C@@H](O)[C@H](O)[C@H]1O)c1ccc(O)cc1
Mol_01269	Mol_01269::M01	acrylamide	michael_acceptor	5;6;7;8;9	5	COc1cc(/C=C/C(=O)NCCc2ccc(O)cc2)ccc1O
Mol_01270	Mol_01270::M01	acrylamide	michael_acceptor	5;6;7;8;9	5	COc1cc(/C=C/C(=O)NC[C@@H](O)c2ccc(O)cc2)ccc1O
Mol_01302	Mol_01302::M01	acrylate_ester	michael_acceptor	9;8;6;7;5;4	9	CC(=O)CC1OC(=O)C=C1C(C)C
Mol_01302	Mol_01302::M02	unsat_lactone	michael_acceptor	5;6;7;8;9	9	CC(=O)CC1OC(=O)C=C1C(C)C
Mol_01303	Mol_01303::M01	enone_cyclic	michael_acceptor	16;17;18;19;20	16	CC(C)(O)CC[C@@H](O)[C@](C)(O)[C@H]1CC[C@@]2(O)C3=CC(=O)[C@@H]4C[C@@H](O)[C@@H](O)C[C@]4(C)[C@H]3CC[C@]12C
Mol_01305	Mol_01305::M01	enone_cyclic	michael_acceptor	19;20;21;22;23	19	CO[C@]1(OC(CCC(C)(C)O)[C@](C)(O)C2CCC3(O)C4=CC(=O)C5CC(O)C(O)CC5C4CCC23C)COC[C@@H](O)[C@@H](O)[C@H]1O
Mol_01309	Mol_01309::M01	acrylate_ester	michael_acceptor	3;2;1;0;12;13	3	O=C(/C=C/c1ccc(O)c(O)c1)OC[C@H]1OC(Oc2c(-c3ccc(O)c(O)c3)oc3cc(O)cc(O)c3c2=O)[C@H](OC2O[C@H](CO)[C@@H](O)[C@H](O)[C@H]2O)[C@@H](O)[C@@H]1O
Mol_01310	Mol_01310::M01	acrylate_ester	michael_acceptor	5;6;7;8;9;10	5	COc1cc(/C=C/C(=O)OC[C@H]2OC(Oc3c(-c4ccc(O)c(O)c4)oc4cc(O)cc(O)c4c3=O)[C@H](OC3O[C@H](CO)[C@@H](O)[C@H](O)[C@H]3O)[C@@H](O)[C@@H]2O)ccc1O
Mol_01364	Mol_01364::M01	acrylate_ester	michael_acceptor	3;2;1;0;11;12	3	O=C(/C=C/c1ccc(O)cc1)OC[C@H]1O[C@@H](Oc2c(-c3ccc(O)cc3)oc3cc(O)cc(O)c3c2=O)[C@H](O)[C@@H](O)[C@@H]1O
Mol_01380	Mol_01380::M01	acrylic_acid	michael_acceptor	4;3;1;0;2	4	O=C(O)C1=C[C@@H](OC(=O)c2cc(O)c(O)c(O)c2)[C@@H](OC(=O)c2cc(O)c(O)c(O)c2)[C@H](OC(=O)c2cc(O)c(O)c(O)c2)C1
Mol_01417	Mol_01417::M01	isothiocyanate	addition_to_CN	3;4;5	4	CC(C)N=C=S
Mol_01418	Mol_01418::M01	isothiocyanate	addition_to_CN	4;5;6	5	C=CCCN=C=S
Mol_01421	Mol_01421::M01	enone_ketone_acyclic	michael_acceptor	4;3;1;2;0	4	CC(=O)/C=C/C1=C(C)CCCC1(C)C
Mol_01423	Mol_01423::M01	isothiocyanate	addition_to_CN	5;6;7	6	C=CC(C)CN=C=S
Mol_01426	Mol_01426::M01	isothiocyanate	addition_to_CN	7;8;9	8	COC(=O)CCCN=C=S
Mol_01429	Mol_01429::M01	isothiocyanate	addition_to_CN	4;5;6	5	CC/C=C/N=C=S
Mol_01439	Mol_01439::M01	aldehyde	reversible_carbonyl	23;25;26	25	C=C1C=C(c2ccc(O)c(OC)c2)Cc2cc(OC[C@@H](O)[C@@H](O)[C@H](O)C=O)cc(O)c21
Mol_01446	Mol_01446::M01	epoxide	sn2_ring_opening	5;7;6	5;6	c1ccc2c(C3CO3)c[nH]c2c1
Mol_01449	Mol_01449::M01	acrylate_ester	michael_acceptor	3;2;1;0;23;24	3	O=C(/C=C/c1ccc(O[C@@H]2O[C@H](CO)[C@@H](O)[C@H](O)[C@H]2O)c(O)c1)O[C@@H]1O[C@H](CO)[C@@H](O)[C@H](O)[C@H]1O
Mol_01450	Mol_01450::M01	acrylate_ester	michael_acceptor	5;4;2;3;1;0	5	COC(=O)/C=C/c1cc(O)cc(C2O[C@H](CO)[C@@H](O)[C@H](O)[C@H]2O)c1
Mol_01453	Mol_01453::M01	acrylate_ester	michael_acceptor	5;4;2;3;1;0	5	COC(=O)/C=C/c1ccc(O[C@@H]2O[C@H](CO)[C@@H](O)[C@H](O)[C@H]2O)c(O)c1
Mol_01454	Mol_01454::M01	acrylate_ester	michael_acceptor	3;2;1;0;12;13	3	O=C(/C=C/c1ccc(O)c(O)c1)O[C@@H]1O[C@H](CO)[C@@H](O)[C@H](O)[C@H]1O
Mol_01475	Mol_01475::M01	enal	michael_acceptor	13;14;15;16	13	COc1ccc(C2Oc3c(O)cc(/C=C/C=O)cc3[C@H]2CO)cc1OC
Mol_01475	Mol_01475::M02	aldehyde	reversible_carbonyl	14;15;16	15	COc1ccc(C2Oc3c(O)cc(/C=C/C=O)cc3[C@H]2CO)cc1OC
Mol_01476	Mol_01476::M01	aldehyde	reversible_carbonyl	11;12;13	12	COc1cc([C@@H]2Oc3c(O)cc(C=O)cc3[C@H]2CO)ccc1O
Mol_01478	Mol_01478::M01	enal	michael_acceptor	13;14;15;16	13	COc1cc([C@H]2Oc3c(OC)cc(/C=C/C=O)cc3[C@@H]2CO)ccc1O
Mol_01478	Mol_01478::M02	aldehyde	reversible_carbonyl	14;15;16	15	COc1cc([C@H]2Oc3c(OC)cc(/C=C/C=O)cc3[C@@H]2CO)ccc1O
Mol_01485	Mol_01485::M01	enal	michael_acceptor	15;16;17;18	15	COc1cc(C(O)[C@](O)(CO)c2ccc(/C=C/C=O)cc2OC)ccc1O
Mol_01485	Mol_01485::M02	aldehyde	reversible_carbonyl	16;17;18	17	COc1cc(C(O)[C@](O)(CO)c2ccc(/C=C/C=O)cc2OC)ccc1O
Mol_01491	Mol_01491::M01	aldehyde	reversible_carbonyl	2;1;0	1	O=Cc1ccc(O)c(O)c1
Mol_01492	Mol_01492::M01	aldehyde	reversible_carbonyl	4;5;6	5	COc1cc(C=O)ccc1O
Mol_01497	Mol_01497::M01	acrylic_acid	michael_acceptor	4;3;1;0;2	4	O=C(O)/C=C/c1ccccc1
Mol_01498	Mol_01498::M01	acrylic_acid	michael_acceptor	5;6;7;8;9	5	COc1cc(/C=C/C(=O)O)ccc1O
Mol_01499	Mol_01499::M01	enal	michael_acceptor	5;6;7;8	5	COc1cc(/C=C/C=O)ccc1O
Mol_01499	Mol_01499::M02	aldehyde	reversible_carbonyl	6;7;8	7	COc1cc(/C=C/C=O)ccc1O
Mol_01515	Mol_01515::M01	acrylate_ester	michael_acceptor	13;12;10;11;9;7	13	CC1(C)C[C@H](O)C[C@@]2(C)OC(=O)C=C12
Mol_01515	Mol_01515::M02	unsat_lactone	michael_acceptor	9;10;11;12;13	13	CC1(C)C[C@H](O)C[C@@]2(C)OC(=O)C=C12
Mol_01516	Mol_01516::M01	acrylate_ester	michael_acceptor	0;1;4;5;6;7	0	C=C(CO)C(=O)O[C@H]1CC(=C)[C@@H]2C[C@H](O)C(=C)[C@@H]2[C@H]2OC(=O)C(=C)[C@@H]21
Mol_01516	Mol_01516::M02	acrylate_ester	michael_acceptor	23;22;20;21;19;18	23	C=C(CO)C(=O)O[C@H]1CC(=C)[C@@H]2C[C@H](O)C(=C)[C@@H]2[C@H]2OC(=O)C(=C)[C@@H]21
Mol_01516	Mol_01516::M03	methylene_butyrolactone	michael_acceptor	23;22;20;21;19	23	C=C(CO)C(=O)O[C@H]1CC(=C)[C@@H]2C[C@H](O)C(=C)[C@@H]2[C@H]2OC(=O)C(=C)[C@@H]21
Mol_01517	Mol_01517::M01	acrylate_ester	michael_acceptor	0;1;2;3;4;5	0	C=C1C(=O)O[C@@H]2[C@H]3C(=C)[C@@H](O)C[C@H]3C(=C)C[C@H](O)[C@@H]12
Mol_01517	Mol_01517::M02	methylene_butyrolactone	michael_acceptor	0;1;2;3;4	0	C=C1C(=O)O[C@@H]2[C@H]3C(=C)[C@@H](O)C[C@H]3C(=C)C[C@H](O)[C@@H]12
Mol_01522	Mol_01522::M01	enone_cyclic	michael_acceptor	2;1;11;12;10	2	CC1=CC(C)(C)C(C(=O)O)CC1=O
Mol_01524	Mol_01524::M01	acrylamide	michael_acceptor	7;8;9;10;11	7	CCCCC/C=C/C=C/C(=O)NCC(C)C
Mol_01525	Mol_01525::M01	acrylamide	michael_acceptor	8;9;10;11;12	8	CC#CC#CC/C=C/C=C/C(=O)NCC(C)C
Mol_01526	Mol_01526::M01	acrylamide	michael_acceptor	7;8;9;10;11	7	CCCCC/C=C/C=C/C(=O)N1CCCCC1
Mol_01529	Mol_01529::M01	acrylate_ester	michael_acceptor	5;6;7;8;9;10	5	COc1cc(/C=C/C(=O)OC[C@H]2O[C@@H](OO[C@H]3[C@H](Oc4c(-c5ccc(O)c(OC)c5)oc5cc(O)cc(O)c5c4=O)O[C@H](CO)[C@H](O)[C@@H]3O)[C@H](O)[C@@H](O)[C@@H]2O)ccc1O
Mol_01545	Mol_01545::M01	enal	michael_acceptor	5;6;7;8	5	C=C(C)C1CC=C(C=O)CC1
Mol_01545	Mol_01545::M02	aldehyde	reversible_carbonyl	6;7;8	7	C=C(C)C1CC=C(C=O)CC1
Mol_01554	Mol_01554::M01	epoxide	sn2_ring_opening	4;5;6	4;6	C=C1CC[C@@H]2O[C@]2(C)CC[C@@H]2[C@H]1CC2(C)C
Mol_01562	Mol_01562::M01	enone_cyclic	michael_acceptor	14;13;11;12;9	14	C[C@@H]1C(=O)O[C@H]2[C@H]1CC[C@@]1(C)C(=O)C=C[C@@](C)(O)[C@H]21
Mol_01563	Mol_01563::M01	enone_cyclic	michael_acceptor	14;13;11;12;9	14	C[C@@H]1C(=O)O[C@H]2[C@H]1CC[C@@]1(C)C(=O)C=C[C@](C)(OO)[C@H]21
Mol_01587	Mol_01587::M01	aldehyde	reversible_carbonyl	5;6;7	6	CC1=CC[C@H](CC=O)C1(C)C
Mol_01596	Mol_01596::M01	enal	michael_acceptor	5;6;7;8	5	CC1(C)C2CC=C(C=O)C1C2
Mol_01596	Mol_01596::M02	aldehyde	reversible_carbonyl	6;7;8	7	CC1(C)C2CC=C(C=O)C1C2
Mol_01600	Mol_01600::M01	enone_cyclic	michael_acceptor	5;6;8;9;10	5	C=C(C)C1CC=C(C)C(=O)C1
Mol_01601	Mol_01601::M01	enone_ketone_acyclic	michael_acceptor	2;4;5;6;7	2	C=C/C(C)=C\C(=O)C=C(C)C
Mol_01601	Mol_01601::M02	enone_ketone_acyclic	michael_acceptor	8;7;5;6;4	8	C=C/C(C)=C\C(=O)C=C(C)C
Mol_01602	Mol_01602::M01	enone_cyclic	michael_acceptor	1;2;3;4;5	1	CC1=CC(=O)C(C(C)C)CC1
Mol_01614	Mol_01614::M01	enone_cyclic	michael_acceptor	1;2;3;4;5	1	CC1=CC(=O)C2=C(C)CC[C@@H]3[C@H](OC(=O)[C@H]3C)[C@@H]12
Mol_01614	Mol_01614::M02	enone_cyclic	michael_acceptor	6;5;3;4;2	6	CC1=CC(=O)C2=C(C)CC[C@@H]3[C@H](OC(=O)[C@H]3C)[C@@H]12
Mol_01615	Mol_01615::M01	enal	michael_acceptor	13;14;16;17	13	C=C1C(=O)OC[C@@H]1[C@H](O)/C=C/CC/C=C(\C)C=O
Mol_01615	Mol_01615::M02	acrylate_ester	michael_acceptor	0;1;2;3;4;5	0	C=C1C(=O)OC[C@@H]1[C@H](O)/C=C/CC/C=C(\C)C=O
Mol_01615	Mol_01615::M03	methylene_butyrolactone	michael_acceptor	0;1;2;3;4	0	C=C1C(=O)OC[C@@H]1[C@H](O)/C=C/CC/C=C(\C)C=O
Mol_01615	Mol_01615::M04	aldehyde	reversible_carbonyl	14;16;17	16	C=C1C(=O)OC[C@@H]1[C@H](O)/C=C/CC/C=C(\C)C=O
Mol_01616	Mol_01616::M01	enal	michael_acceptor	12;13;15;16	12	C=C1C(=O)OC[C@@H]1[C@@H](/C=C/CC/C=C(\C)C=O)OC(C)=O
Mol_01616	Mol_01616::M02	acrylate_ester	michael_acceptor	0;1;2;3;4;5	0	C=C1C(=O)OC[C@@H]1[C@@H](/C=C/CC/C=C(\C)C=O)OC(C)=O
Mol_01616	Mol_01616::M03	methylene_butyrolactone	michael_acceptor	0;1;2;3;4	0	C=C1C(=O)OC[C@@H]1[C@@H](/C=C/CC/C=C(\C)C=O)OC(C)=O
Mol_01616	Mol_01616::M04	aldehyde	reversible_carbonyl	13;15;16	15	C=C1C(=O)OC[C@@H]1[C@@H](/C=C/CC/C=C(\C)C=O)OC(C)=O
Mol_01617	Mol_01617::M01	acrylate_ester	michael_acceptor	0;1;17;18;16;3	0	C=C1C[C@H](C/C(C)=C\CC2COC(=O)C2=C)OC1=O
Mol_01617	Mol_01617::M02	acrylate_ester	michael_acceptor	15;14;12;13;11;10	15	C=C1C[C@H](C/C(C)=C\CC2COC(=O)C2=C)OC1=O
Mol_01617	Mol_01617::M03	methylene_butyrolactone	michael_acceptor	0;1;17;18;16	0	C=C1C[C@H](C/C(C)=C\CC2COC(=O)C2=C)OC1=O
Mol_01617	Mol_01617::M04	methylene_butyrolactone	michael_acceptor	15;14;12;13;11	15	C=C1C[C@H](C/C(C)=C\CC2COC(=O)C2=C)OC1=O
Mol_01618	Mol_01618::M01	acrylate_ester	michael_acceptor	0;1;18;19;17;3	0	C=C1CC(CC(C)C(=O)CC2COC(=O)C2=C)OC1=O
Mol_01618	Mol_01618::M02	acrylate_ester	michael_acceptor	16;15;13;14;12;11	16	C=C1CC(CC(C)C(=O)CC2COC(=O)C2=C)OC1=O
Mol_01618	Mol_01618::M03	methylene_butyrolactone	michael_acceptor	0;1;18;19;17	0	C=C1CC(CC(C)C(=O)CC2COC(=O)C2=C)OC1=O
Mol_01618	Mol_01618::M04	methylene_butyrolactone	michael_acceptor	16;15;13;14;12	16	C=C1CC(CC(C)C(=O)CC2COC(=O)C2=C)OC1=O
Mol_01642	Mol_01642::M01	epoxide	sn2_ring_opening	4;5;6	4;6	CC1=CCC23OC2(C)CCC2C(C)C(=O)OC2C13
Mol_01647	Mol_01647::M01	enone_cyclic	michael_acceptor	6;7;8;9;10	6	C[C@@H]1C(=O)O[C@@H]2C3=C(C(=O)C[C@@]3(C)O)[C@@](C)(O)CC[C@@H]12
Mol_01659	Mol_01659::M01	enal	michael_acceptor	1;2;3;4	1	CC1=C(C=O)C(C)(C)CC=C1
Mol_01659	Mol_01659::M02	aldehyde	reversible_carbonyl	2;3;4	3	CC1=C(C=O)C(C)(C)CC=C1
Mol_01676	Mol_01676::M01	epoxide	sn2_ring_opening	18;19;20	18;20	CC(=O)O[C@H]1C[C@H]2[C@H](C)C(=O)O[C@@H]2/C=C(/C)CC[C@H]2O[C@]12C
Mol_01687	Mol_01687::M01	enone_ketone_acyclic	michael_acceptor	12;11;9;10;7	12	C=C[C@@]1(C)CC[C@@H]([C@H](C)C(=O)/C=C/C(C)(C)O)O1
Mol_01688	Mol_01688::M01	enone_ketone_acyclic	michael_acceptor	12;11;9;10;7	12	C=C[C@@]1(C)CC[C@@H]([C@H](C)C(=O)/C=C/C(C)(C)OO)O1
Mol_01697	Mol_01697::M01	acrylic_acid	michael_acceptor	0;1;2;3;4	0	C=C(C(=O)O)[C@H]1[C@H](O)[C@H]2C(C)=CC[C@@]2(O)C(=C)C[C@@H]1O
Mol_01698	Mol_01698::M01	acrylic_acid	michael_acceptor	0;1;2;3;4	0	C=C(C(=O)O)[C@H]1[C@H](O)[C@H]2C(C)=CC[C@@]2(O)C(C)=C[C@@H]1O
Mol_01699	Mol_01699::M01	acrylate_ester	michael_acceptor	8;9;11;12;13;14	8	CO[C@H]1C[C@]2(O)C(=CC3=C(C)C(=O)O[C@@H]3[C@H]2C(C)=O)[C@@]1(C)O
Mol_01699	Mol_01699::M02	unsat_lactone	michael_acceptor	13;11;12;9;8	8	CO[C@H]1C[C@]2(O)C(=CC3=C(C)C(=O)O[C@@H]3[C@H]2C(C)=O)[C@@]1(C)O
Mol_01700	Mol_01700::M01	acrylate_ester	michael_acceptor	0;1;2;3;4;5	0	C=C1C(=O)O[C@H](C2=C(C)CCC2=O)[C@H]1[C@@H](O)CC(C)=O
Mol_01700	Mol_01700::M02	enone_cyclic	michael_acceptor	7;6;11;12;10	7	C=C1C(=O)O[C@H](C2=C(C)CCC2=O)[C@H]1[C@@H](O)CC(C)=O
Mol_01700	Mol_01700::M03	methylene_butyrolactone	michael_acceptor	0;1;2;3;4	0	C=C1C(=O)O[C@H](C2=C(C)CCC2=O)[C@H]1[C@@H](O)CC(C)=O
Mol_01701	Mol_01701::M01	enone_cyclic	michael_acceptor	1;2;3;4;5	1	CC1=CC(=O)C2=C(C)C[C@H](O)[C@@H]3[C@H](OC(=O)[C@H]3C)[C@@H]12
Mol_01701	Mol_01701::M02	enone_cyclic	michael_acceptor	6;5;3;4;2	6	CC1=CC(=O)C2=C(C)C[C@H](O)[C@@H]3[C@H](OC(=O)[C@H]3C)[C@@H]12
Mol_01702	Mol_01702::M01	acrylate_ester	michael_acceptor	2;1;16;17;15;14	2	CC1=C2CC[C@H](C)[C@@H]3CCC(=O)[C@@]3(C)[C@@H]2OC1=O
Mol_01702	Mol_01702::M02	unsat_lactone	michael_acceptor	15;16;17;1;2	2	CC1=C2CC[C@H](C)[C@@H]3CCC(=O)[C@@]3(C)[C@@H]2OC1=O
Mol_01703	Mol_01703::M01	acrylate_ester	michael_acceptor	4;5;8;9;10;11	4	C[C@H]1CCC2=C(CO)C(=O)O[C@H]2[C@]2(C)C(=O)CC[C@@H]12
Mol_01703	Mol_01703::M02	unsat_lactone	michael_acceptor	10;8;9;5;4	4	C[C@H]1CCC2=C(CO)C(=O)O[C@H]2[C@]2(C)C(=O)CC[C@@H]12
Mol_01704	Mol_01704::M01	acrylate_ester	michael_acceptor	0;1;2;3;4;5	0	C=C1C(=O)O[C@@H]2C1CC[C@H](C)[C@@H]1CC(=O)C(=O)[C@@]21C
Mol_01704	Mol_01704::M02	methylene_butyrolactone	michael_acceptor	0;1;2;3;4	0	C=C1C(=O)O[C@@H]2C1CC[C@H](C)[C@@H]1CC(=O)C(=O)[C@@]21C
Mol_01706	Mol_01706::M01	acrylate_ester	michael_acceptor	0;1;2;3;4;5	0	C=C1C(=O)O[C@@H]2[C@H]1CC[C@H](C)[C@]1(O)C=CC(=O)[C@@]21C
Mol_01706	Mol_01706::M02	enone_cyclic	michael_acceptor	13;14;15;16;17	13	C=C1C(=O)O[C@@H]2[C@H]1CC[C@H](C)[C@]1(O)C=CC(=O)[C@@]21C
Mol_01706	Mol_01706::M03	methylene_butyrolactone	michael_acceptor	0;1;2;3;4	0	C=C1C(=O)O[C@@H]2[C@H]1CC[C@H](C)[C@]1(O)C=CC(=O)[C@@]21C
Mol_01707	Mol_01707::M01	acrylate_ester	michael_acceptor	0;1;2;3;4;5	0	C=C1C(=O)O[C@@H]2[C@H]1CC[C@H](C)C1=CCC(=O)[C@]12C
Mol_01707	Mol_01707::M02	methylene_butyrolactone	michael_acceptor	0;1;2;3;4	0	C=C1C(=O)O[C@@H]2[C@H]1CC[C@H](C)C1=CCC(=O)[C@]12C
Mol_01709	Mol_01709::M01	enone_cyclic	michael_acceptor	6;8;9;10;11	6	CC(=O)O[C@H]1CC(C)=C2C(=O)C=C(C)[C@@H]2[C@H]2OC(=O)[C@@H](C)[C@@H]21
Mol_01709	Mol_01709::M02	enone_cyclic	michael_acceptor	12;11;9;10;8	12	CC(=O)O[C@H]1CC(C)=C2C(=O)C=C(C)[C@@H]2[C@H]2OC(=O)[C@@H](C)[C@@H]21
Mol_01710	Mol_01710::M01	enone_cyclic	michael_acceptor	1;2;3;4;5	1	CC1=CC(=O)C2=C(C)CC[C@H]3[C@H](C)C(=O)O[C@@H]3[C@@]12O
Mol_01710	Mol_01710::M02	enone_cyclic	michael_acceptor	6;5;3;4;2	6	CC1=CC(=O)C2=C(C)CC[C@H]3[C@H](C)C(=O)O[C@@H]3[C@@]12O
Mol_01711	Mol_01711::M01	acrylate_ester	michael_acceptor	15;16;19;20;21;22	15	CC(=O)O[C@H]1C/C=C(\C)[C@@H](OC(C)=O)CC2=C(CO)C(=O)O[C@@H]2/C=C/1C
Mol_01711	Mol_01711::M02	unsat_lactone	michael_acceptor	21;19;20;16;15	15	CC(=O)O[C@H]1C/C=C(\C)[C@@H](OC(C)=O)CC2=C(CO)C(=O)O[C@@H]2/C=C/1C
Mol_01712	Mol_01712::M01	enone_cyclic	michael_acceptor	6;7;8;9;10	6	COc1ccc(C2=CC(=O)c3c(cc(OC)c(OC)c3O)C2)cc1OC
Mol_01712	Mol_01712::M02	chalcone	michael_acceptor	10;8;9;7;6;5	6	COc1ccc(C2=CC(=O)c3c(cc(OC)c(OC)c3O)C2)cc1OC
Mol_01715	Mol_01715::M01	enone_ketone_acyclic	michael_acceptor	9;8;6;7;5	9	COc1ccc(C(=O)/C=C/c2ccc(O)cc2)c(O)c1
Mol_01715	Mol_01715::M02	chalcone	michael_acceptor	5;6;7;8;9;10	9	COc1ccc(C(=O)/C=C/c2ccc(O)cc2)c(O)c1
Mol_01716	Mol_01716::M01	enone_ketone_acyclic	michael_acceptor	6;7;8;9;10	6	COc1ccc(/C=C/C(=O)c2cc(O)ccc2O)cc1
Mol_01716	Mol_01716::M02	chalcone	michael_acceptor	10;8;9;7;6;5	6	COc1ccc(/C=C/C(=O)c2cc(O)ccc2O)cc1
Mol_01721	Mol_01721::M01	epoxide	sn2_ring_opening	2;3;4	2;4	CC[C@@H]1O[C@H]1c1cc2ccccc2c(=O)o1
Mol_01723	Mol_01723::M01	aldehyde	reversible_carbonyl	2;1;0	1	O=Cc1cc2ccccc2c(=O)o1
Mol_01725	Mol_01725::M01	enone_cyclic	michael_acceptor	1;2;3;4;5	1	CC1=CC(=O)C2=C(CO)CC[C@@H]3[C@H](OC(=O)[C@H]3C)[C@@H]12
Mol_01725	Mol_01725::M02	enone_cyclic	michael_acceptor	6;5;3;4;2	6	CC1=CC(=O)C2=C(CO)CC[C@@H]3[C@H](OC(=O)[C@H]3C)[C@@H]12
Mol_01726	Mol_01726::M01	enone_cyclic	michael_acceptor	1;2;3;4;5	1	CC1=CC(=O)C2=C(C)CC[C@@H]3[C@H](OC(=O)[C@@H]3C)[C@@H]12
Mol_01726	Mol_01726::M02	enone_cyclic	michael_acceptor	6;5;3;4;2	6	CC1=CC(=O)C2=C(C)CC[C@@H]3[C@H](OC(=O)[C@@H]3C)[C@@H]12
Mol_01727	Mol_01727::M01	enone_cyclic	michael_acceptor	1;2;3;4;5	1	CC1=CC(=O)C2=C(CO)CC[C@@H]3[C@H](OC(=O)[C@@H]3C)[C@@H]12
Mol_01727	Mol_01727::M02	enone_cyclic	michael_acceptor	6;5;3;4;2	6	CC1=CC(=O)C2=C(CO)CC[C@@H]3[C@H](OC(=O)[C@@H]3C)[C@@H]12
Mol_01728	Mol_01728::M01	enone_cyclic	michael_acceptor	1;2;3;4;5	1	CC1=CC(=O)[C@@H]2[C@H]1[C@H]1OC(=O)[C@@H](C)[C@@H]1CC[C@H]2C=O
Mol_01728	Mol_01728::M02	aldehyde	reversible_carbonyl	16;17;18	17	CC1=CC(=O)[C@@H]2[C@H]1[C@H]1OC(=O)[C@@H](C)[C@@H]1CC[C@H]2C=O
Mol_01729	Mol_01729::M01	enone_cyclic	michael_acceptor	1;2;3;4;5	1	CC1=CC(=O)[C@@H]2[C@H]1[C@H]1OC(=O)[C@@H](C)[C@@H]1CC[C@@H]2C=O
Mol_01729	Mol_01729::M02	aldehyde	reversible_carbonyl	16;17;18	17	CC1=CC(=O)[C@@H]2[C@H]1[C@H]1OC(=O)[C@@H](C)[C@@H]1CC[C@@H]2C=O
Mol_01730	Mol_01730::M01	acrylate_ester	michael_acceptor	16;13;11;12;10;9	16	C/C1=C\CC(=O)[C@H](C)C[C@H]2OC(=O)C(CO)=C2CC1
Mol_01730	Mol_01730::M02	unsat_lactone	michael_acceptor	10;11;12;13;16	16	C/C1=C\CC(=O)[C@H](C)C[C@H]2OC(=O)C(CO)=C2CC1
Mol_01731	Mol_01731::M01	acrylate_ester	michael_acceptor	0;1;2;3;4;5	0	C=C1C(=O)O[C@@H]2C[C@@]3(C)C=CC(=O)C(C)=C3C[C@H]12
Mol_01731	Mol_01731::M02	enone_cyclic	michael_acceptor	9;10;11;12;13	9	C=C1C(=O)O[C@@H]2C[C@@]3(C)C=CC(=O)C(C)=C3C[C@H]12
Mol_01731	Mol_01731::M03	enone_cyclic	michael_acceptor	15;13;11;12;10	15	C=C1C(=O)O[C@@H]2C[C@@]3(C)C=CC(=O)C(C)=C3C[C@H]12
Mol_01731	Mol_01731::M04	methylene_butyrolactone	michael_acceptor	0;1;2;3;4	0	C=C1C(=O)O[C@@H]2C[C@@]3(C)C=CC(=O)C(C)=C3C[C@H]12
Mol_01732	Mol_01732::M01	acrylate_ester	michael_acceptor	0;1;2;3;4;5	0	C=C1C(=O)O[C@@H]2Cc3c(C)ccc(C)c3C[C@H]12
Mol_01732	Mol_01732::M02	methylene_butyrolactone	michael_acceptor	0;1;2;3;4	0	C=C1C(=O)O[C@@H]2Cc3c(C)ccc(C)c3C[C@H]12
Mol_01737	Mol_01737::M01	enone_ketone_acyclic	michael_acceptor	12;11;9;10;7	12	C=C[C@@]1(C)CC[C@@H]([C@H](C)C(=O)/C=C(\O)C(=C)C)O1
Mol_01760	Mol_01760::M01	acrylate_ester	michael_acceptor	5;4;2;3;1;0	5	COC(=O)/C1=C\CC(C)(C)/C=C/C(=O)/C(C)=C/CC1
Mol_01760	Mol_01760::M02	enone_cyclic	michael_acceptor	10;11;12;13;14	10	COC(=O)/C1=C\CC(C)(C)/C=C/C(=O)/C(C)=C/CC1
Mol_01760	Mol_01760::M03	enone_cyclic	michael_acceptor	16;14;12;13;11	16	COC(=O)/C1=C\CC(C)(C)/C=C/C(=O)/C(C)=C/CC1
Mol_01761	Mol_01761::M01	acrylate_ester	michael_acceptor	5;4;2;3;1;0	5	COC(=O)/C1=C/CC(C)(C)/C=C\C(=O)/C(C)=C/CC1
Mol_01761	Mol_01761::M02	enone_cyclic	michael_acceptor	10;11;12;13;14	10	COC(=O)/C1=C/CC(C)(C)/C=C\C(=O)/C(C)=C/CC1
Mol_01761	Mol_01761::M03	enone_cyclic	michael_acceptor	16;14;12;13;11	16	COC(=O)/C1=C/CC(C)(C)/C=C\C(=O)/C(C)=C/CC1
Mol_01762	Mol_01762::M01	acrylate_ester	michael_acceptor	5;4;2;3;1;0	5	COC(=O)/C1=C/CC(C)(C)/C=C\C(=O)/C(C)=C\CC1
Mol_01762	Mol_01762::M02	enone_cyclic	michael_acceptor	10;11;12;13;14	10	COC(=O)/C1=C/CC(C)(C)/C=C\C(=O)/C(C)=C\CC1
Mol_01762	Mol_01762::M03	enone_cyclic	michael_acceptor	16;14;12;13;11	16	COC(=O)/C1=C/CC(C)(C)/C=C\C(=O)/C(C)=C\CC1
Mol_01763	Mol_01763::M01	enone_cyclic	michael_acceptor	7;8;9;10;11	7	C/C1=C/CC(C)(C)/C=C\C(=O)/C(C)=C\CC1
Mol_01763	Mol_01763::M02	enone_cyclic	michael_acceptor	13;11;9;10;8	13	C/C1=C/CC(C)(C)/C=C\C(=O)/C(C)=C\CC1
Mol_01764	Mol_01764::M01	acrylate_ester	michael_acceptor	5;4;2;3;1;0	5	COC(=O)/C1=C\[C@H](OC(C)=O)C(C)(C)/C=C/C(=O)/C(C)=C/CC1
Mol_01764	Mol_01764::M02	enone_cyclic	michael_acceptor	14;15;16;17;18	14	COC(=O)/C1=C\[C@H](OC(C)=O)C(C)(C)/C=C/C(=O)/C(C)=C/CC1
Mol_01764	Mol_01764::M03	enone_cyclic	michael_acceptor	20;18;16;17;15	20	COC(=O)/C1=C\[C@H](OC(C)=O)C(C)(C)/C=C/C(=O)/C(C)=C/CC1
Mol_01765	Mol_01765::M01	acrylate_ester	michael_acceptor	5;4;2;3;1;0	5	COC(=O)/C1=C/[C@H](OC(C)=O)C(C)(C)/C=C\C(=O)/C(C)=C/CC1
Mol_01765	Mol_01765::M02	enone_cyclic	michael_acceptor	14;15;16;17;18	14	COC(=O)/C1=C/[C@H](OC(C)=O)C(C)(C)/C=C\C(=O)/C(C)=C/CC1
Mol_01765	Mol_01765::M03	enone_cyclic	michael_acceptor	20;18;16;17;15	20	COC(=O)/C1=C/[C@H](OC(C)=O)C(C)(C)/C=C\C(=O)/C(C)=C/CC1
Mol_01766	Mol_01766::M01	enone_cyclic	michael_acceptor	10;11;13;14;15	10	CC(=O)O[C@H]1/C=C(/C)CC/C=C(/C)C(=O)/C=C\C1(C)C
Mol_01766	Mol_01766::M02	enone_cyclic	michael_acceptor	16;15;13;14;11	16	CC(=O)O[C@H]1/C=C(/C)CC/C=C(/C)C(=O)/C=C\C1(C)C
Mol_01767	Mol_01767::M01	acrylate_ester	michael_acceptor	5;4;2;3;1;0	5	COC(=O)/C1=C/[C@@H](OC(C)=O)C(C)(C)/C=C\C(=O)/C(C)=C\CC1
Mol_01767	Mol_01767::M02	enone_cyclic	michael_acceptor	14;15;16;17;18	14	COC(=O)/C1=C/[C@@H](OC(C)=O)C(C)(C)/C=C\C(=O)/C(C)=C\CC1
Mol_01767	Mol_01767::M03	enone_cyclic	michael_acceptor	20;18;16;17;15	20	COC(=O)/C1=C/[C@@H](OC(C)=O)C(C)(C)/C=C\C(=O)/C(C)=C\CC1
Mol_01768	Mol_01768::M01	acrylate_ester	michael_acceptor	5;4;2;3;1;0	5	COC(=O)/C1=C\[C@@H](OC(C)=O)C(C)(C)/C=C\C(=O)/C(C)=C\CC1
Mol_01768	Mol_01768::M02	enone_cyclic	michael_acceptor	14;15;16;17;18	14	COC(=O)/C1=C\[C@@H](OC(C)=O)C(C)(C)/C=C\C(=O)/C(C)=C\CC1
Mol_01768	Mol_01768::M03	enone_cyclic	michael_acceptor	20;18;16;17;15	20	COC(=O)/C1=C\[C@@H](OC(C)=O)C(C)(C)/C=C\C(=O)/C(C)=C\CC1
Mol_01770	Mol_01770::M01	acrylate_ester	michael_acceptor	5;4;2;3;1;0	5	COC(=O)/C1=C/[C@H](OC(C)=O)C(C)(C)/C=C\C(O)/C(C)=C/CC1
Mol_01771	Mol_01771::M01	acrylate_ester	michael_acceptor	6;5;9;10;8;7	6	C/C1=C/CCC2=C[C@H](OC2=O)C(C)(C)/C=C\C1=O
Mol_01771	Mol_01771::M02	enone_cyclic	michael_acceptor	2;1;16;17;15	2	C/C1=C/CCC2=C[C@H](OC2=O)C(C)(C)/C=C\C1=O
Mol_01771	Mol_01771::M03	enone_cyclic	michael_acceptor	14;15;16;17;1	14	C/C1=C/CCC2=C[C@H](OC2=O)C(C)(C)/C=C\C1=O
Mol_01771	Mol_01771::M04	unsat_lactone	michael_acceptor	8;9;10;5;6	6	C/C1=C/CCC2=C[C@H](OC2=O)C(C)(C)/C=C\C1=O
Mol_01772	Mol_01772::M01	acrylate_ester	michael_acceptor	6;5;9;10;8;7	6	C/C1=C\CCC2=C[C@H](OC2=O)C(C)(C)/C=C\C1=O
Mol_01772	Mol_01772::M02	enone_cyclic	michael_acceptor	2;1;16;17;15	2	C/C1=C\CCC2=C[C@H](OC2=O)C(C)(C)/C=C\C1=O
Mol_01772	Mol_01772::M03	enone_cyclic	michael_acceptor	14;15;16;17;1	14	C/C1=C\CCC2=C[C@H](OC2=O)C(C)(C)/C=C\C1=O
Mol_01772	Mol_01772::M04	unsat_lactone	michael_acceptor	8;9;10;5;6	6	C/C1=C\CCC2=C[C@H](OC2=O)C(C)(C)/C=C\C1=O
Mol_01773	Mol_01773::M01	acrylate_ester	michael_acceptor	6;5;9;10;8;7	6	C/C1=C/CCC2=CC(OC2=O)C(C)(C)/C=C/C1=O
Mol_01773	Mol_01773::M02	enone_cyclic	michael_acceptor	2;1;16;17;15	2	C/C1=C/CCC2=CC(OC2=O)C(C)(C)/C=C/C1=O
Mol_01773	Mol_01773::M03	enone_cyclic	michael_acceptor	14;15;16;17;1	14	C/C1=C/CCC2=CC(OC2=O)C(C)(C)/C=C/C1=O
Mol_01773	Mol_01773::M04	unsat_lactone	michael_acceptor	8;9;10;5;6	6	C/C1=C/CCC2=CC(OC2=O)C(C)(C)/C=C/C1=O
Mol_01774	Mol_01774::M01	acrylate_ester	michael_acceptor	6;5;9;10;8;7	6	C/C1=C\CCC2=CC(OC2=O)C(C)(C)/C=C/C1=O
Mol_01774	Mol_01774::M02	enone_cyclic	michael_acceptor	2;1;16;17;15	2	C/C1=C\CCC2=CC(OC2=O)C(C)(C)/C=C/C1=O
Mol_01774	Mol_01774::M03	enone_cyclic	michael_acceptor	14;15;16;17;1	14	C/C1=C\CCC2=CC(OC2=O)C(C)(C)/C=C/C1=O
Mol_01774	Mol_01774::M04	unsat_lactone	michael_acceptor	8;9;10;5;6	6	C/C1=C\CCC2=CC(OC2=O)C(C)(C)/C=C/C1=O
Mol_01775	Mol_01775::M01	enone_cyclic	michael_acceptor	2;1;16;17;11	2	CC1=CCC[C@@H]2C(=O)O[C@H]3[C@@H]2C(=CC3(C)C)C1=O
Mol_01775	Mol_01775::M02	enone_cyclic	michael_acceptor	12;11;16;17;1	12	CC1=CCC[C@@H]2C(=O)O[C@H]3[C@@H]2C(=CC3(C)C)C1=O
Mol_01776	Mol_01776::M01	enone_cyclic	michael_acceptor	7;8;10;11;12	7	COC(=O)[C@H]1CCC=C(C)C(=O)[C@H]2CC(C)(C)C[C@@H]12
Mol_01777	Mol_01777::M01	enone_cyclic	michael_acceptor	11;13;14;15;8	11	CC(C)=CCCC(C)C1CCC(C)=CC1=O
Mol_01778	Mol_01778::M01	enone_cyclic	michael_acceptor	12;14;15;16;8	12	CC(C)=CCCC(C)C1(O)CCC(C)=CC1=O
Mol_01788	Mol_01788::M01	enone_cyclic	michael_acceptor	2;1;16;17;15	2	CC1=C2[C@H]3OC(=O)[C@@H](C)[C@@H]3CC[C@@]2(C)C=CC1=O
Mol_01788	Mol_01788::M02	enone_cyclic	michael_acceptor	14;15;16;17;1	14	CC1=C2[C@H]3OC(=O)[C@@H](C)[C@@H]3CC[C@@]2(C)C=CC1=O
Mol_01804	Mol_01804::M01	enone_cyclic	michael_acceptor	16;15;13;14;11	16	C[C@@H]1C(=O)O[C@H]2[C@H]1CC[C@]1(C)[C@@]3(C)C(=O)C=C[C@@]213
Mol_01805	Mol_01805::M01	enone_ketone_acyclic	michael_acceptor	0;1;7;8;9	0	C=C(CCC(=O)O)C(=O)[C@]1(C)CC[C@H]2[C@H](C)C(=O)O[C@@H]21
Mol_01811	Mol_01811::M01	enone_cyclic	michael_acceptor	2;1;17;18;16	2	CC1=C2[C@H]3OC(=O)[C@@H](C)[C@@H]3[C@@H](O)C[C@@]2(C)C=CC1=O
Mol_01811	Mol_01811::M02	enone_cyclic	michael_acceptor	15;16;17;18;1	15	CC1=C2[C@H]3OC(=O)[C@@H](C)[C@@H]3[C@@H](O)C[C@@]2(C)C=CC1=O
Mol_01827	Mol_01827::M01	acrylate_ester	michael_acceptor	14;15;18;19;20;21	14	C=C1[C@@H](OC(C)=O)C[C@@H](O)[C@]2(C)CCC3=C(CO)C(=O)O[C@@H]3[C@@H]12
Mol_01827	Mol_01827::M02	unsat_lactone	michael_acceptor	20;18;19;15;14	14	C=C1[C@@H](OC(C)=O)C[C@@H](O)[C@]2(C)CCC3=C(CO)C(=O)O[C@@H]3[C@@H]12
Mol_01828	Mol_01828::M01	acrylate_ester	michael_acceptor	4;5;8;9;10;11	4	C=C1CCC2=C(CO)C(=O)O[C@@H]2/C=C(\C)[C@@H](OC(C)=O)C[C@@H]1O
Mol_01828	Mol_01828::M02	unsat_lactone	michael_acceptor	10;8;9;5;4	4	C=C1CCC2=C(CO)C(=O)O[C@@H]2/C=C(\C)[C@@H](OC(C)=O)C[C@@H]1O
Mol_01829	Mol_01829::M01	acrylate_ester	michael_acceptor	4;5;8;9;10;11	4	C=C1CCC2=C(CO)C(=O)O[C@@H]2/C=C(\C)[C@@H](OC(C)=O)C[C@H]1O
Mol_01829	Mol_01829::M02	unsat_lactone	michael_acceptor	10;8;9;5;4	4	C=C1CCC2=C(CO)C(=O)O[C@@H]2/C=C(\C)[C@@H](OC(C)=O)C[C@H]1O
Mol_01830	Mol_01830::M01	acrylate_ester	michael_acceptor	12;13;16;17;18;19	12	CC(=O)O[C@H]1C[C@H](O)/C(C)=C/CC2=C(CO)C(=O)O[C@@H]2/C=C/1C
Mol_01830	Mol_01830::M02	unsat_lactone	michael_acceptor	18;16;17;13;12	12	CC(=O)O[C@H]1C[C@H](O)/C(C)=C/CC2=C(CO)C(=O)O[C@@H]2/C=C/1C
Mol_01831	Mol_01831::M01	acrylate_ester	michael_acceptor	2;1;18;19;17;14	2	CC1=C2[C@H]3OC(=O)[C@@H](C)[C@@H]3CC[C@@]2(C)[C@](C)(O)OC1=O
Mol_01831	Mol_01831::M02	unsat_lactone	michael_acceptor	17;18;19;1;2	2	CC1=C2[C@H]3OC(=O)[C@@H](C)[C@@H]3CC[C@@]2(C)[C@](C)(O)OC1=O
Mol_01832	Mol_01832::M01	acrylate_ester	michael_acceptor	0;1;2;3;4;5	0	C=C1C(=O)O[C@H]2C1C[C@@H](OC(C)=O)[C@@](C)(O)[C@@]1(O)[C@@H](Cl)[C@@H]3O[C@]3(C)[C@H]21
Mol_01832	Mol_01832::M02	methylene_butyrolactone	michael_acceptor	0;1;2;3;4	0	C=C1C(=O)O[C@H]2C1C[C@@H](OC(C)=O)[C@@](C)(O)[C@@]1(O)[C@@H](Cl)[C@@H]3O[C@]3(C)[C@H]21
Mol_01832	Mol_01832::M03	epoxide	sn2_ring_opening	20;21;22	20;22	C=C1C(=O)O[C@H]2C1C[C@@H](OC(C)=O)[C@@](C)(O)[C@@]1(O)[C@@H](Cl)[C@@H]3O[C@]3(C)[C@H]21
Mol_01835	Mol_01835::M01	enal	michael_acceptor	15;12;13;14	15	CC(C)[C@H]1CC[C@]2(C)C(=O)CCC(C=O)=C[C@H]12
Mol_01835	Mol_01835::M02	aldehyde	reversible_carbonyl	12;13;14	13	CC(C)[C@H]1CC[C@]2(C)C(=O)CCC(C=O)=C[C@H]12
Mol_01885	Mol_01885::M01	enone_cyclic	michael_acceptor	1;2;3;4;5	1	CC1=CC(=O)C2=C(C)CC[C@H]3[C@H](C)C(=O)O[C@@H]3C12
Mol_01885	Mol_01885::M02	enone_cyclic	michael_acceptor	6;5;3;4;2	6	CC1=CC(=O)C2=C(C)CC[C@H]3[C@H](C)C(=O)O[C@@H]3C12
Mol_01916	Mol_01916::M01	enal	michael_acceptor	3;4;6;7	3	C=CC(/C=C(\C)C=O)C(C)(C)O
Mol_01916	Mol_01916::M02	aldehyde	reversible_carbonyl	4;6;7	6	C=CC(/C=C(\C)C=O)C(C)(C)O
Mol_01920	Mol_01920::M01	acrylic_acid	michael_acceptor	0;1;2;3;4	0	C=C(C(=O)O)[C@@H]1CC[C@@]2(C)CCC(=O)C(C)=C2C1
Mol_01920	Mol_01920::M02	enone_cyclic	michael_acceptor	16;14;12;13;11	16	C=C(C(=O)O)[C@@H]1CC[C@@]2(C)CCC(=O)C(C)=C2C1
Mol_01924	Mol_01924::M01	epoxide	sn2_ring_opening	9;10;11	9;11	CC(=O)O[C@H]1C[C@@](C)(O)[C@]23O[C@H]2[C@@H](Cl)[C@@](C)(O)[C@@H]3[C@H]2OC(=O)[C@@H](C)[C@H]21
Mol_01940	Mol_01940::M01	acrylate_ester	michael_acceptor	37;36;41;42;40;38	37	CCCCCC(O)C(O)CCC[C@H](O)[C@H]1CC[C@@H]([C@@H]2CC[C@@H]([C@@H](O)CCCCCCCCCCCCC3=C[C@H](C)OC3=O)O2)O1
Mol_01940	Mol_01940::M02	unsat_lactone	michael_acceptor	40;41;42;36;37	37	CCCCCC(O)C(O)CCC[C@H](O)[C@H]1CC[C@@H]([C@@H]2CC[C@@H]([C@@H](O)CCCCCCCCCCCCC3=C[C@H](C)OC3=O)O2)O1
Mol_01947	Mol_01947::M01	acrylate_ester	michael_acceptor	0;1;2;3;4;5	0	C=C(C(=O)OC)[C@@H]1CC[C@@]2(C)CCCC(=C)[C@@H]2C1
Mol_01950	Mol_01950::M01	acrylate_ester	michael_acceptor	0;1;2;3;4;5	0	C=C1C(=O)O[C@H]2C[C@@]3(CO3)[C@@H]3C[C@H](OC(C)=O)C(=C)[C@]3(O)C[C@H]12
Mol_01950	Mol_01950::M02	methylene_butyrolactone	michael_acceptor	0;1;2;3;4	0	C=C1C(=O)O[C@H]2C[C@@]3(CO3)[C@@H]3C[C@H](OC(C)=O)C(=C)[C@]3(O)C[C@H]12
Mol_01950	Mol_01950::M03	epoxide	sn2_ring_opening	7;9;8	7;8	C=C1C(=O)O[C@H]2C[C@@]3(CO3)[C@@H]3C[C@H](OC(C)=O)C(=C)[C@]3(O)C[C@H]12
Mol_01951	Mol_01951::M01	acrylate_ester	michael_acceptor	0;1;2;3;4;5	0	C=C1C(=O)O[C@H]2CC(=C)[C@@H]3C[C@H](OC(C)=O)C(=C)[C@]3(O)C[C@H]12
Mol_01951	Mol_01951::M02	methylene_butyrolactone	michael_acceptor	0;1;2;3;4	0	C=C1C(=O)O[C@H]2CC(=C)[C@@H]3C[C@H](OC(C)=O)C(=C)[C@]3(O)C[C@H]12
Mol_01952	Mol_01952::M01	acrylate_ester	michael_acceptor	12;13;16;17;18;19	12	CC(=O)O[C@@H]1C[C@H](O)/C(C)=C\CC2=C(CO)C(=O)O[C@@H]2/C=C\1C
Mol_01952	Mol_01952::M02	unsat_lactone	michael_acceptor	18;16;17;13;12	12	CC(=O)O[C@@H]1C[C@H](O)/C(C)=C\CC2=C(CO)C(=O)O[C@@H]2/C=C\1C
Mol_01953	Mol_01953::M01	acrylate_ester	michael_acceptor	6;5;24;25;23;22	6	CC(=O)OCC1=C2C/C=C(/C)[C@@H](O)C[C@@H](OC(C)=O)/C(C)=C\[C@H]2OC1=O
Mol_01953	Mol_01953::M02	unsat_lactone	michael_acceptor	23;24;25;5;6	6	CC(=O)OCC1=C2C/C=C(/C)[C@@H](O)C[C@@H](OC(C)=O)/C(C)=C\[C@H]2OC1=O
Mol_01954	Mol_01954::M01	acrylate_ester	michael_acceptor	4;5;11;12;13;14	4	C=C1CCC2=C(COC(C)=O)C(=O)O[C@@H]2/C=C(/C)[C@H](OC(C)=O)C[C@H]1O
Mol_01954	Mol_01954::M02	unsat_lactone	michael_acceptor	13;11;12;5;4	4	C=C1CCC2=C(COC(C)=O)C(=O)O[C@@H]2/C=C(/C)[C@H](OC(C)=O)C[C@H]1O
Mol_01955	Mol_01955::M01	acrylate_ester	michael_acceptor	4;5;11;12;13;14	4	C=C1CCC2=C(COC(C)=O)C(=O)O[C@@H]2/C=C(/C)[C@H](OC(C)=O)C[C@@H]1O
Mol_01955	Mol_01955::M02	unsat_lactone	michael_acceptor	13;11;12;5;4	4	C=C1CCC2=C(COC(C)=O)C(=O)O[C@@H]2/C=C(/C)[C@H](OC(C)=O)C[C@@H]1O
Mol_01956	Mol_01956::M01	acrylate_ester	michael_acceptor	4;5;8;9;10;11	4	C=C1CCC2=C(CO)C(=O)O[C@@H]2/C=C(/C)[C@H](OC(C)=O)C[C@H]1O
Mol_01956	Mol_01956::M02	unsat_lactone	michael_acceptor	10;8;9;5;4	4	C=C1CCC2=C(CO)C(=O)O[C@@H]2/C=C(/C)[C@H](OC(C)=O)C[C@H]1O
Mol_01957	Mol_01957::M01	acrylate_ester	michael_acceptor	4;5;8;9;10;11	4	C=C1CCC2=C(CO)C(=O)O[C@@H]2/C=C(/C)[C@H](OC(C)=O)C[C@@H]1O
Mol_01957	Mol_01957::M02	unsat_lactone	michael_acceptor	10;8;9;5;4	4	C=C1CCC2=C(CO)C(=O)O[C@@H]2/C=C(/C)[C@H](OC(C)=O)C[C@@H]1O
Mol_01958	Mol_01958::M01	acrylate_ester	michael_acceptor	4;5;11;12;13;14	4	C=C1CCC2=C(COC(C)=O)C(=O)O[C@@H]2/C=C(/C)[C@H](OC(C)=O)CC1=O
Mol_01958	Mol_01958::M02	unsat_lactone	michael_acceptor	13;11;12;5;4	4	C=C1CCC2=C(COC(C)=O)C(=O)O[C@@H]2/C=C(/C)[C@H](OC(C)=O)CC1=O
Mol_01959	Mol_01959::M01	acrylate_ester	michael_acceptor	4;5;8;9;10;11	4	C=C1CCC2=C(CO)C(=O)O[C@@H]2/C=C(/C)[C@H](OC(C)=O)CC1=O
Mol_01959	Mol_01959::M02	unsat_lactone	michael_acceptor	10;8;9;5;4	4	C=C1CCC2=C(CO)C(=O)O[C@@H]2/C=C(/C)[C@H](OC(C)=O)CC1=O
Mol_01960	Mol_01960::M01	acrylate_ester	michael_acceptor	11;12;15;16;17;18	11	CC(=O)O[C@H]1C[C@@H](O)C2CCC3=C(CO)C(=O)O[C@@H]3[C@H]2[C@]1(C)O
Mol_01960	Mol_01960::M02	unsat_lactone	michael_acceptor	17;15;16;12;11	11	CC(=O)O[C@H]1C[C@@H](O)C2CCC3=C(CO)C(=O)O[C@@H]3[C@H]2[C@]1(C)O
Mol_01961	Mol_01961::M01	acrylate_ester	michael_acceptor	6;5;24;25;23;22	6	CC(=O)OCC1=C2CCC3[C@H](O)C[C@H](OC(C)=O)[C@@](C)(O)[C@@H]3[C@H]2OC1=O
Mol_01961	Mol_01961::M02	unsat_lactone	michael_acceptor	23;24;25;5;6	6	CC(=O)OCC1=C2CCC3[C@H](O)C[C@H](OC(C)=O)[C@@](C)(O)[C@@H]3[C@H]2OC1=O
Mol_01962	Mol_01962::M01	acrylate_ester	michael_acceptor	13;14;17;18;19;20	13	C=C1[C@@H](OC(C)=O)C[C@@H](O)C2CCC3=C(CO)C(=O)O[C@@H]3[C@@H]12
Mol_01962	Mol_01962::M02	unsat_lactone	michael_acceptor	19;17;18;14;13	13	C=C1[C@@H](OC(C)=O)C[C@@H](O)C2CCC3=C(CO)C(=O)O[C@@H]3[C@@H]12
Mol_01964	Mol_01964::M01	acrylate_ester	michael_acceptor	13;14;20;21;22;23	13	C=C1[C@@H](OC(C)=O)C[C@@H](O)C2CCC3=C(COC(C)=O)C(=O)O[C@@H]3[C@@H]12
Mol_01964	Mol_01964::M02	unsat_lactone	michael_acceptor	22;20;21;14;13	13	C=C1[C@@H](OC(C)=O)C[C@@H](O)C2CCC3=C(COC(C)=O)C(=O)O[C@@H]3[C@@H]12
Mol_01985	Mol_01985::M01	enal	michael_acceptor	1;2;3;4	1	C/C=C/C=O
Mol_01985	Mol_01985::M02	aldehyde	reversible_carbonyl	2;3;4	3	C/C=C/C=O
Mol_01986	Mol_01986::M01	enone_cyclic	michael_acceptor	1;2;3;4;5	1	CC1=CC(=O)[C@H]2C[C@@H]1C2(C)C
Mol_01987	Mol_01987::M01	enone_cyclic	michael_acceptor	1;2;3;4;5	1	CC1=CC(=O)CC(C)(C)C1
Mol_01991	Mol_01991::M01	enone_cyclic	michael_acceptor	2;1;9;10;8	2	CC1=CC=CC(C)(C)CC1=O
Mol_01993	Mol_01993::M01	acrylate_ester	michael_acceptor	6;5;3;4;2;1	6	CCOC(=O)/C=C\c1ccccc1
Mol_01994	Mol_01994::M01	acrylate_ester	michael_acceptor	5;4;2;3;1;0	5	COC(=O)/C=C/c1ccccc1
Mol_01995	Mol_01995::M01	enone_cyclic	michael_acceptor	2;1;9;10;6	2	CC1=CC=CCC(C)(C)C1=O
Mol_01996	Mol_01996::M01	acrylate_ester	michael_acceptor	6;5;3;4;2;1	6	CCOC(=O)/C=C/c1ccccc1
Mol_01999	Mol_01999::M01	acrylate_ester	michael_acceptor	0;1;2;3;4;5	0	C=C1C(=O)O[C@H]2[C@H]1CC(=O)/C(C)=C/CC[C@@]1(C)O[C@@H]21
Mol_01999	Mol_01999::M02	enone_cyclic	michael_acceptor	12;10;8;9;7	12	C=C1C(=O)O[C@H]2[C@H]1CC(=O)/C(C)=C/CC[C@@]1(C)O[C@@H]21
Mol_01999	Mol_01999::M03	methylene_butyrolactone	michael_acceptor	0;1;2;3;4	0	C=C1C(=O)O[C@H]2[C@H]1CC(=O)/C(C)=C/CC[C@@]1(C)O[C@@H]21
Mol_01999	Mol_01999::M04	epoxide	sn2_ring_opening	15;17;18	15;18	C=C1C(=O)O[C@H]2[C@H]1CC(=O)/C(C)=C/CC[C@@]1(C)O[C@@H]21
Mol_02000	Mol_02000::M01	acrylate_ester	michael_acceptor	0;1;2;3;4;5	0	C=C1C(=O)OC2[C@H]1CC(=O)/C(C)=C\CC[C@@]1(C)O[C@@H]21
Mol_02000	Mol_02000::M02	enone_cyclic	michael_acceptor	12;10;8;9;7	12	C=C1C(=O)OC2[C@H]1CC(=O)/C(C)=C\CC[C@@]1(C)O[C@@H]21
Mol_02000	Mol_02000::M03	methylene_butyrolactone	michael_acceptor	0;1;2;3;4	0	C=C1C(=O)OC2[C@H]1CC(=O)/C(C)=C\CC[C@@]1(C)O[C@@H]21
Mol_02000	Mol_02000::M04	epoxide	sn2_ring_opening	15;17;18	15;18	C=C1C(=O)OC2[C@H]1CC(=O)/C(C)=C\CC[C@@]1(C)O[C@@H]21
Mol_02001	Mol_02001::M01	epoxide	sn2_ring_opening	5;14;13	5;13	Cc1ccc(C2(COC(=O)C(C)C)CO2)c(OC(=O)C(C)C)c1
Mol_02002	Mol_02002::M01	epoxide	sn2_ring_opening	11;20;19	11;19	CC(C)C(=O)OCc1ccc(C2(COC(=O)C(C)C)CO2)c(OC(=O)C(C)C)c1
Mol_02003	Mol_02003::M01	epoxide	sn2_ring_opening	12;21;20	12;20	CC(C)CC(=O)OCc1ccc(C2(COC(=O)C(C)C)CO2)c(OC(=O)C(C)C)c1
Mol_02004	Mol_02004::M01	acrylate_ester	michael_acceptor	1;2;4;5;6;7	1	C/C=C(\C)C(=O)OC1C(CO)OC(O/C(=C\C(C)C/C(C)=C/CO)CC/C=C(\C)CO)C(O)C1O
Mol_02005	Mol_02005::M01	acrylate_ester	michael_acceptor	1;2;4;5;6;7	1	C/C=C(\C)C(=O)OC1C(CO)OC(O/C(=C\C(C)C/C(C)=C/CO)CC/C=C(\C)CO)C(O)C1OC(C)=O
Mol_02006	Mol_02006::M01	acrylate_ester	michael_acceptor	1;2;4;5;6;7	1	C/C=C(\C)C(=O)OC1C(CO)OC(O/C(=C\C(C)C/C(C)=C/CO)CC/C=C(\C)CO)C(OC(C)=O)C1OC(C)=O
Mol_02007	Mol_02007::M01	acrylate_ester	michael_acceptor	1;2;4;5;6;7	1	C/C=C(\C)C(=O)OC1C(COC(C)=O)OC(O/C(=C\C(C)C/C(C)=C/CO)CC/C=C(\C)CO)C(OC(C)=O)C1OC(C)=O
Mol_02009	Mol_02009::M01	epoxide	sn2_ring_opening	16;18;19	16;19	C[C@@H]1C(=O)O[C@H]2[C@H]1[C@@H](O)C[C@@]1(C)C(=O)CC[C@@]3(C)O[C@]231
Mol_02013	Mol_02013::M01	epoxide	sn2_ring_opening	12;14;15	12;15	C[C@@H]1C(=O)O[C@H]2[C@H]1CC[C@]1(C)[C@@H]2[C@]2(C)O[C@@H]2C[C@@H]1O
Mol_02014	Mol_02014::M01	acrylate_ester	michael_acceptor	0;1;2;3;4;5	0	C=C1C(=O)O[C@@H]2[C@H]1CC[C@H](C)[C@@H]1C=CC(=O)[C@@]21C
Mol_02014	Mol_02014::M02	enone_cyclic	michael_acceptor	12;13;14;15;16	12	C=C1C(=O)O[C@@H]2[C@H]1CC[C@H](C)[C@@H]1C=CC(=O)[C@@]21C
Mol_02014	Mol_02014::M03	methylene_butyrolactone	michael_acceptor	0;1;2;3;4	0	C=C1C(=O)O[C@@H]2[C@H]1CC[C@H](C)[C@@H]1C=CC(=O)[C@@]21C
Mol_02015	Mol_02015::M01	acrylate_ester	michael_acceptor	0;1;2;3;4;5	0	C=C1C(=O)O[C@@H]2[C@H]1CC[C@H](C)[C@@H]1CCC(=O)[C@@]21C
Mol_02015	Mol_02015::M02	methylene_butyrolactone	michael_acceptor	0;1;2;3;4	0	C=C1C(=O)O[C@@H]2[C@H]1CC[C@H](C)[C@@H]1CCC(=O)[C@@]21C
Mol_02016	Mol_02016::M01	acrylate_ester	michael_acceptor	0;1;2;3;4;5	0	C=C1C(=O)O[C@@H]2[C@H]1CC[C@H](C)[C@@]1(O)C=CC(=O)[C@@]21C
Mol_02016	Mol_02016::M02	enone_cyclic	michael_acceptor	13;14;15;16;17	13	C=C1C(=O)O[C@@H]2[C@H]1CC[C@H](C)[C@@]1(O)C=CC(=O)[C@@]21C
Mol_02016	Mol_02016::M03	methylene_butyrolactone	michael_acceptor	0;1;2;3;4	0	C=C1C(=O)O[C@@H]2[C@H]1CC[C@H](C)[C@@]1(O)C=CC(=O)[C@@]21C
Mol_02018	Mol_02018::M01	acrylate_ester	michael_acceptor	0;1;2;3;4;5	0	C=C1C(=O)O[C@H]2[C@H]1C[C@@H](O)/C(C)=C/CC[C@@]1(C)O[C@@H]21
Mol_02018	Mol_02018::M02	methylene_butyrolactone	michael_acceptor	0;1;2;3;4	0	C=C1C(=O)O[C@H]2[C@H]1C[C@@H](O)/C(C)=C/CC[C@@]1(C)O[C@@H]21
Mol_02018	Mol_02018::M03	epoxide	sn2_ring_opening	15;17;18	15;18	C=C1C(=O)O[C@H]2[C@H]1C[C@@H](O)/C(C)=C/CC[C@@]1(C)O[C@@H]21
Mol_02020	Mol_02020::M01	acrylate_ester	michael_acceptor	0;1;2;3;4;5	0	C=C1C(=O)O[C@H]2C1[C@H]1O[C@H]1/C(C)=C/CC[C@@]1(C)OC21
Mol_02020	Mol_02020::M02	methylene_butyrolactone	michael_acceptor	0;1;2;3;4	0	C=C1C(=O)O[C@H]2C1[C@H]1O[C@H]1/C(C)=C/CC[C@@]1(C)OC21
Mol_02020	Mol_02020::M03	epoxide	sn2_ring_opening	7;8;9	7;9	C=C1C(=O)O[C@H]2C1[C@H]1O[C@H]1/C(C)=C/CC[C@@]1(C)OC21
Mol_02020	Mol_02020::M04	epoxide	sn2_ring_opening	15;17;18	15;18	C=C1C(=O)O[C@H]2C1[C@H]1O[C@H]1/C(C)=C/CC[C@@]1(C)OC21
Mol_02031	Mol_02031::M01	enone_cyclic	michael_acceptor	15;13;11;12;10	15	C=C(CO)C1CCC2(C)CCC(=O)C(C)=C2C1
Mol_02033	Mol_02033::M01	enal	michael_acceptor	0;1;2;3	0	C=C(C=O)C1CCC2(C)CC(O)C(=O)C(C)=C2C1
Mol_02033	Mol_02033::M02	enone_cyclic	michael_acceptor	16;14;12;13;10	16	C=C(C=O)C1CCC2(C)CC(O)C(=O)C(C)=C2C1
Mol_02033	Mol_02033::M03	aldehyde	reversible_carbonyl	1;2;3	2	C=C(C=O)C1CCC2(C)CC(O)C(=O)C(C)=C2C1
Mol_02038	Mol_02038::M01	enone_cyclic	michael_acceptor	16;15;13;14;11	16	CC1C(=O)OC2C1CCC1(C)C3(C)C(=O)C=CC213
Mol_02044	Mol_02044::M01	enal	michael_acceptor	10;11;13;14	10	CC(=O)c1ccc(O)c(C/C=C(\C)C=O)c1
Mol_02044	Mol_02044::M02	aldehyde	reversible_carbonyl	11;13;14	13	CC(=O)c1ccc(O)c(C/C=C(\C)C=O)c1
Mol_02048	Mol_02048::M01	enone_ketone_acyclic	michael_acceptor	15;14;12;13;11	15	COC(=O)/C=C/c1ccc(O)c(C(=O)C=C(C)C)c1
Mol_02048	Mol_02048::M02	acrylate_ester	michael_acceptor	5;4;2;3;1;0	5	COC(=O)/C=C/c1ccc(O)c(C(=O)C=C(C)C)c1
Mol_02049	Mol_02049::M01	acrylate_ester	michael_acceptor	5;4;2;3;1;0	5	COC(=O)/C=C/c1ccc2c(c1)C[C@@H]([C@H](C)CO)O2
Mol_02050	Mol_02050::M01	acrylate_ester	michael_acceptor	5;4;2;3;1;0	5	COC(=O)/C=C/c1ccc2c(c1)C[C@H]([C@H](C)CO)O2
Mol_02058	Mol_02058::M01	enone_cyclic	michael_acceptor	14;13;11;12;9	14	C[C@@H]1C(=O)O[C@H]2[C@H]1CC[C@@]1(C)C(=O)C=C[C@](C)(O)[C@H]21
Mol_02059	Mol_02059::M01	enone_ketone_acyclic	michael_acceptor	12;11;9;10;7	12	C=CC1(C)CCC(C(C)C(=O)/C=C/C(C)(C)OO)O1
Mol_02067	Mol_02067::M01	enone_ketone_acyclic	michael_acceptor	12;11;9;10;7	12	C=CC1(C)CCC(C(C)C(=O)/C=C/C(C)(C)O)O1
Mol_02072	Mol_02072::M01	epoxide	sn2_ring_opening	9;10;11	9;11	CC(=O)O[C@H]1CC(C)(C)[C@]23O[C@H]2[C@@H](Cl)[C@@](C)(O)[C@@H]3[C@H]2OC(=O)[C@@H](C)[C@@H]21
Mol_02087	Mol_02087::M01	acrylate_ester	michael_acceptor	0;1;2;3;4;5	0	C=C1C(=O)O[C@@H]2/C=C(\C)CC[C@H]3O[C@@]3(C)C[C@H](O)[C@@H]12
Mol_02087	Mol_02087::M02	methylene_butyrolactone	michael_acceptor	0;1;2;3;4	0	C=C1C(=O)O[C@@H]2/C=C(\C)CC[C@H]3O[C@@]3(C)C[C@H](O)[C@@H]12
Mol_02087	Mol_02087::M03	epoxide	sn2_ring_opening	11;12;13	11;13	C=C1C(=O)O[C@@H]2/C=C(\C)CC[C@H]3O[C@@]3(C)C[C@H](O)[C@@H]12
Mol_02088	Mol_02088::M01	acrylate_ester	michael_acceptor	0;1;2;3;4;5	0	C=C1C(=O)O[C@@H]2/C=C(\C)CC[C@@H](O)C(=C)C[C@H](O)[C@@H]12
Mol_02088	Mol_02088::M02	methylene_butyrolactone	michael_acceptor	0;1;2;3;4	0	C=C1C(=O)O[C@@H]2/C=C(\C)CC[C@@H](O)C(=C)C[C@H](O)[C@@H]12
Mol_02089	Mol_02089::M01	acrylate_ester	michael_acceptor	12;11;13;14;15;16	12	C=C1CC[C@@H](O)[C@]2(C)CC[C@H]3C(=C)C(=O)O[C@@H]3[C@@H]12
Mol_02089	Mol_02089::M02	methylene_butyrolactone	michael_acceptor	12;11;13;14;15	12	C=C1CC[C@@H](O)[C@]2(C)CC[C@H]3C(=C)C(=O)O[C@@H]3[C@@H]12
Mol_02090	Mol_02090::M01	acrylate_ester	michael_acceptor	15;14;16;17;18;19	15	C=C1CC[C@@H](OC(C)=O)[C@]2(C)CC[C@H]3C(=C)C(=O)O[C@@H]3[C@@H]12
Mol_02090	Mol_02090::M02	methylene_butyrolactone	michael_acceptor	15;14;16;17;18	15	C=C1CC[C@@H](OC(C)=O)[C@]2(C)CC[C@H]3C(=C)C(=O)O[C@@H]3[C@@H]12
Mol_02091	Mol_02091::M01	acrylate_ester	michael_acceptor	0;1;2;3;4;5	0	C=C1C(=O)O[C@H]2C/C(C)=C/CC/C(C)=C/[C@@H](O)[C@H]12
Mol_02091	Mol_02091::M02	methylene_butyrolactone	michael_acceptor	0;1;2;3;4	0	C=C1C(=O)O[C@H]2C/C(C)=C/CC/C(C)=C/[C@@H](O)[C@H]12
Mol_02092	Mol_02092::M01	acrylate_ester	michael_acceptor	0;1;2;3;4;5	0	C=C1C(=O)O[C@H]2CC(C)[C@@H]3CC[C@@](C)(C[C@@H](O)[C@H]12)O3
Mol_02092	Mol_02092::M02	methylene_butyrolactone	michael_acceptor	0;1;2;3;4	0	C=C1C(=O)O[C@H]2CC(C)[C@@H]3CC[C@@](C)(C[C@@H](O)[C@H]12)O3
Mol_02093	Mol_02093::M01	acrylate_ester	michael_acceptor	0;1;2;3;4;5	0	C=C1C(=O)O[C@H]2C/C(C)=C/CC[C@]3(C)O[C@@H]3[C@@H](O)[C@H]12
Mol_02093	Mol_02093::M02	methylene_butyrolactone	michael_acceptor	0;1;2;3;4	0	C=C1C(=O)O[C@H]2C/C(C)=C/CC[C@]3(C)O[C@@H]3[C@@H](O)[C@H]12
Mol_02093	Mol_02093::M03	epoxide	sn2_ring_opening	12;14;15	12;15	C=C1C(=O)O[C@H]2C/C(C)=C/CC[C@]3(C)O[C@@H]3[C@@H](O)[C@H]12
Mol_02094	Mol_02094::M01	acrylate_ester	michael_acceptor	0;1;2;3;4;5	0	C=C1C(=O)O[C@H]2C/C(C)=C/CC/C(C)=C/[C@@H](OC(=O)/C(C)=C/C)[C@H]12
Mol_02094	Mol_02094::M02	acrylate_ester	michael_acceptor	21;19;17;18;16;15	21	C=C1C(=O)O[C@H]2C/C(C)=C/CC/C(C)=C/[C@@H](OC(=O)/C(C)=C/C)[C@H]12
Mol_02094	Mol_02094::M03	methylene_butyrolactone	michael_acceptor	0;1;2;3;4	0	C=C1C(=O)O[C@H]2C/C(C)=C/CC/C(C)=C/[C@@H](OC(=O)/C(C)=C/C)[C@H]12
Mol_02095	Mol_02095::M01	acrylate_ester	michael_acceptor	0;1;2;3;4;5	0	C=C1C(=O)O[C@H]2C/C(C)=C/CC[C@]3(C)O[C@@H]3[C@@H](OC(=O)/C(C)=C/C)[C@H]12
Mol_02095	Mol_02095::M02	acrylate_ester	michael_acceptor	22;20;18;19;17;16	22	C=C1C(=O)O[C@H]2C/C(C)=C/CC[C@]3(C)O[C@@H]3[C@@H](OC(=O)/C(C)=C/C)[C@H]12
Mol_02095	Mol_02095::M03	methylene_butyrolactone	michael_acceptor	0;1;2;3;4	0	C=C1C(=O)O[C@H]2C/C(C)=C/CC[C@]3(C)O[C@@H]3[C@@H](OC(=O)/C(C)=C/C)[C@H]12
Mol_02095	Mol_02095::M04	epoxide	sn2_ring_opening	12;14;15	12;15	C=C1C(=O)O[C@H]2C/C(C)=C/CC[C@]3(C)O[C@@H]3[C@@H](OC(=O)/C(C)=C/C)[C@H]12
Mol_02096	Mol_02096::M01	acrylate_ester	michael_acceptor	0;1;2;3;4;5	0	C=C1C(=O)O[C@H]2CC(=C)[C@@H](O)CC/C(C)=C/[C@@H](OC(=O)/C(C)=C/C)[C@H]12
Mol_02096	Mol_02096::M02	acrylate_ester	michael_acceptor	22;20;18;19;17;16	22	C=C1C(=O)O[C@H]2CC(=C)[C@@H](O)CC/C(C)=C/[C@@H](OC(=O)/C(C)=C/C)[C@H]12
Mol_02096	Mol_02096::M03	methylene_butyrolactone	michael_acceptor	0;1;2;3;4	0	C=C1C(=O)O[C@H]2CC(=C)[C@@H](O)CC/C(C)=C/[C@@H](OC(=O)/C(C)=C/C)[C@H]12
Mol_02097	Mol_02097::M01	acrylate_ester	michael_acceptor	0;1;2;3;4;5	0	C=C1C(=O)O[C@H]2C[C@@]3(C)[C@H](O)CCC(=C)[C@@H]3[C@@H](O)[C@H]12
Mol_02097	Mol_02097::M02	methylene_butyrolactone	michael_acceptor	0;1;2;3;4	0	C=C1C(=O)O[C@H]2C[C@@]3(C)[C@H](O)CCC(=C)[C@@H]3[C@@H](O)[C@H]12
Mol_02098	Mol_02098::M01	acrylate_ester	michael_acceptor	0;1;2;3;4;5	0	C=C1C(=O)O[C@H]2C[C@@]3(C)[C@H](O)CC[C@@](C)(O)[C@@H]3[C@@H](OC(=O)/C(C)=C/C)[C@H]12
Mol_02098	Mol_02098::M02	acrylate_ester	michael_acceptor	23;21;19;20;18;17	23	C=C1C(=O)O[C@H]2C[C@@]3(C)[C@H](O)CC[C@@](C)(O)[C@@H]3[C@@H](OC(=O)/C(C)=C/C)[C@H]12
Mol_02098	Mol_02098::M03	methylene_butyrolactone	michael_acceptor	0;1;2;3;4	0	C=C1C(=O)O[C@H]2C[C@@]3(C)[C@H](O)CC[C@@](C)(O)[C@@H]3[C@@H](OC(=O)/C(C)=C/C)[C@H]12
Mol_02099	Mol_02099::M01	acrylate_ester	michael_acceptor	13;12;10;11;9;8	13	C=C1CCC2=C(C)C[C@@H]3OC(=O)C(=C)[C@H]3[C@H](OC(C)=O)[C@H]12
Mol_02099	Mol_02099::M02	methylene_butyrolactone	michael_acceptor	13;12;10;11;9	13	C=C1CCC2=C(C)C[C@@H]3OC(=O)C(=C)[C@H]3[C@H](OC(C)=O)[C@H]12
Mol_02100	Mol_02100::M01	acrylate_ester	michael_acceptor	13;12;10;11;9;8	13	C=C1CCC2=C(C)C[C@@H]3OC(=O)C(=C)[C@H]3[C@H](O)[C@H]12
Mol_02100	Mol_02100::M02	methylene_butyrolactone	michael_acceptor	13;12;10;11;9	13	C=C1CCC2=C(C)C[C@@H]3OC(=O)C(=C)[C@H]3[C@H](O)[C@H]12
Mol_02101	Mol_02101::M01	acrylate_ester	michael_acceptor	0;1;2;3;4;5	0	C=C1C(=O)O[C@H]2CC(=C)[C@@]3(O)CCC(=C)[C@H]3[C@@H](OC(C)=O)[C@H]12
Mol_02101	Mol_02101::M02	methylene_butyrolactone	michael_acceptor	0;1;2;3;4	0	C=C1C(=O)O[C@H]2CC(=C)[C@@]3(O)CCC(=C)[C@H]3[C@@H](OC(C)=O)[C@H]12
Mol_02102	Mol_02102::M01	acrylate_ester	michael_acceptor	0;1;2;3;4;5	0	C=C1C(=O)O[C@H]2CC(=C)[C@@]3(OO)CCC(=C)[C@H]3[C@@H](OC(C)=O)[C@H]12
Mol_02102	Mol_02102::M02	methylene_butyrolactone	michael_acceptor	0;1;2;3;4	0	C=C1C(=O)O[C@H]2CC(=C)[C@@]3(OO)CCC(=C)[C@H]3[C@@H](OC(C)=O)[C@H]12
Mol_02103	Mol_02103::M01	acrylate_ester	michael_acceptor	0;1;2;3;4;5	0	C=C1C(=O)O[C@H]2CC(=C)[C@]3(O)CCC(=C)[C@H]3[C@@H](OC(C)=O)[C@H]12
Mol_02103	Mol_02103::M02	methylene_butyrolactone	michael_acceptor	0;1;2;3;4	0	C=C1C(=O)O[C@H]2CC(=C)[C@]3(O)CCC(=C)[C@H]3[C@@H](OC(C)=O)[C@H]12
Mol_02104	Mol_02104::M01	acrylate_ester	michael_acceptor	13;12;14;15;16;17	13	C=C1CC=C2[C@@H]1[C@@H](OC(C)=O)[C@@H]1C(=C)C(=O)O[C@H]1C[C@]2(C)O
Mol_02104	Mol_02104::M02	methylene_butyrolactone	michael_acceptor	13;12;14;15;16	13	C=C1CC=C2[C@@H]1[C@@H](OC(C)=O)[C@@H]1C(=C)C(=O)O[C@H]1C[C@]2(C)O
Mol_02105	Mol_02105::M01	acrylate_ester	michael_acceptor	6;5;20;21;19;18	6	CC(=O)OCC1=C2CC[C@]3(C)O[C@@H]3CC/C(C)=C/[C@H]2OC1=O
Mol_02105	Mol_02105::M02	unsat_lactone	michael_acceptor	19;20;21;5;6	6	CC(=O)OCC1=C2CC[C@]3(C)O[C@@H]3CC/C(C)=C/[C@H]2OC1=O
Mol_02105	Mol_02105::M03	epoxide	sn2_ring_opening	9;11;12	9;12	CC(=O)OCC1=C2CC[C@]3(C)O[C@@H]3CC/C(C)=C/[C@H]2OC1=O
Mol_02106	Mol_02106::M01	acrylate_ester	michael_acceptor	8;9;15;16;17;18	8	C=C1C[C@H](OC(C)=O)C2=C(COC(C)=O)C(=O)O[C@@H]2/C=C(\C)CC[C@@H]1O
Mol_02106	Mol_02106::M02	unsat_lactone	michael_acceptor	17;15;16;9;8	8	C=C1C[C@H](OC(C)=O)C2=C(COC(C)=O)C(=O)O[C@@H]2/C=C(\C)CC[C@@H]1O
Mol_02107	Mol_02107::M01	acrylate_ester	michael_acceptor	8;9;15;16;17;18	8	C=C1C[C@H](OC(C)=O)C2=C(COC(C)=O)C(=O)O[C@@H]2/C=C(\C)CC[C@H]1O
Mol_02107	Mol_02107::M02	unsat_lactone	michael_acceptor	17;15;16;9;8	8	C=C1C[C@H](OC(C)=O)C2=C(COC(C)=O)C(=O)O[C@@H]2/C=C(\C)CC[C@H]1O
Mol_02108	Mol_02108::M01	acrylate_ester	michael_acceptor	5;6;9;10;11;12	5	C=C1C[C@H](O)C2=C(CO)C(=O)O[C@@H]2/C=C(\C)CCC1=O
Mol_02108	Mol_02108::M02	unsat_lactone	michael_acceptor	11;9;10;6;5	5	C=C1C[C@H](O)C2=C(CO)C(=O)O[C@@H]2/C=C(\C)CCC1=O
Mol_02109	Mol_02109::M01	acrylate_ester	michael_acceptor	5;6;12;13;14;15	5	C=C1C[C@H](O)C2=C(COC(C)=O)C(=O)O[C@@H]2/C=C(\C)CCC1=O
Mol_02109	Mol_02109::M02	unsat_lactone	michael_acceptor	14;12;13;6;5	5	C=C1C[C@H](O)C2=C(COC(C)=O)C(=O)O[C@@H]2/C=C(\C)CCC1=O
Mol_02110	Mol_02110::M01	acrylate_ester	michael_acceptor	8;9;15;16;17;18	8	C=C1C[C@H](OC(C)=O)C2=C(COC(C)=O)C(=O)O[C@@H]2/C=C(\C)CCC1=O
Mol_02110	Mol_02110::M02	unsat_lactone	michael_acceptor	17;15;16;9;8	8	C=C1C[C@H](OC(C)=O)C2=C(COC(C)=O)C(=O)O[C@@H]2/C=C(\C)CCC1=O
Mol_02111	Mol_02111::M01	acrylate_ester	michael_acceptor	6;5;24;25;23;22	6	CC(=O)OCC1=C2[C@@H](OC(C)=O)/C=C(\C)[C@@H](O)CC/C(C)=C/[C@H]2OC1=O
Mol_02111	Mol_02111::M02	unsat_lactone	michael_acceptor	23;24;25;5;6	6	CC(=O)OCC1=C2[C@@H](OC(C)=O)/C=C(\C)[C@@H](O)CC/C(C)=C/[C@H]2OC1=O
Mol_02112	Mol_02112::M01	acrylate_ester	michael_acceptor	11;12;18;19;20;21	11	C=C1CC[C@@H](O)[C@]2(C)C[C@H](O)C3=C(COC(C)=O)C(=O)O[C@@H]3[C@@H]12
Mol_02112	Mol_02112::M02	unsat_lactone	michael_acceptor	20;18;19;12;11	11	C=C1CC[C@@H](O)[C@]2(C)C[C@H](O)C3=C(COC(C)=O)C(=O)O[C@@H]3[C@@H]12
Mol_02113	Mol_02113::M01	acrylate_ester	michael_acceptor	14;15;21;22;23;24	14	C=C1CC[C@@H](O)[C@]2(C)C[C@H](OC(C)=O)C3=C(COC(C)=O)C(=O)O[C@@H]3[C@@H]12
Mol_02113	Mol_02113::M02	unsat_lactone	michael_acceptor	23;21;22;15;14	14	C=C1CC[C@@H](O)[C@]2(C)C[C@H](OC(C)=O)C3=C(COC(C)=O)C(=O)O[C@@H]3[C@@H]12
Mol_02114	Mol_02114::M01	acrylate_ester	michael_acceptor	6;5;21;22;20;19	6	CC(=O)OCC1=C2[C@@H](O)C[C@@]3(C)[C@H](O)CC=C(C)[C@@H]3[C@H]2OC1=O
Mol_02114	Mol_02114::M02	unsat_lactone	michael_acceptor	20;21;22;5;6	6	CC(=O)OCC1=C2[C@@H](O)C[C@@]3(C)[C@H](O)CC=C(C)[C@@H]3[C@H]2OC1=O
Mol_02119	Mol_02119::M01	acrylate_ester	michael_acceptor	0;1;2;3;4;5	0	C=C1C(=O)O[C@@H]2/C=C(/C)CC/C=C(/C)[C@@H](O)C[C@@H]12
Mol_02119	Mol_02119::M02	methylene_butyrolactone	michael_acceptor	0;1;2;3;4	0	C=C1C(=O)O[C@@H]2/C=C(/C)CC/C=C(/C)[C@@H](O)C[C@@H]12
Mol_02120	Mol_02120::M01	acrylate_ester	michael_acceptor	0;1;2;3;4;5	0	C=C1C(=O)O[C@@H]2C[C@]3(C)O[C@@H]3C/C=C(/C)[C@@H](O)C[C@@H]12
Mol_02120	Mol_02120::M02	methylene_butyrolactone	michael_acceptor	0;1;2;3;4	0	C=C1C(=O)O[C@@H]2C[C@]3(C)O[C@@H]3C/C=C(/C)[C@@H](O)C[C@@H]12
Mol_02120	Mol_02120::M03	epoxide	sn2_ring_opening	7;9;10	7;10	C=C1C(=O)O[C@@H]2C[C@]3(C)O[C@@H]3C/C=C(/C)[C@@H](O)C[C@@H]12
Mol_02148	Mol_02148::M01	acrylamide	michael_acceptor	7;6;17;18;1	7	CN1C(=N)N(C)/C(=C/c2c[nH]c3ccccc23)C1=O
Mol_02149	Mol_02149::M01	acrylamide	michael_acceptor	7;6;18;19;1	7	CN1C(=N)N(C)/C(=C/c2c[nH]c3cc(Br)ccc23)C1=O
Mol_02150	Mol_02150::M01	acrylamide	michael_acceptor	7;8;9;10;11	7	CCC(=O)n1cc(/C=C2\C(=O)N(C)C(=N)N2C)c2ccccc21
Mol_02151	Mol_02151::M01	acrylamide	michael_acceptor	7;8;9;10;11	7	CCC(=O)n1cc(/C=C2\C(=O)N(C)C(=N)N2C)c2ccc(Br)cc21
Mol_02153	Mol_02153::M01	acrylamide	michael_acceptor	5;4;2;3;1	5	CN1C(=O)/C(=C\c2c[nH]c3cc(Br)ccc23)N=C1N
Mol_02158	Mol_02158::M01	epoxide	sn2_ring_opening	12;13;14	12;14	CC(C)[C@@H](C)/C=C/[C@@H](C)[C@H]1CC[C@@]23O[C@@]24C(=O)CC2CC(=O)CC[C@]2(C)C4CC[C@]13C
Mol_02160	Mol_02160::M01	enone_cyclic	michael_acceptor	14;13;28;29;27	14	CC(C)[C@@H](C)/C=C/[C@@H](C)[C@H]1CCC2C3=C(CC[C@@]21C)[C@@]1(C)CC[C@H](O)CC1=CC3=O
Mol_02160	Mol_02160::M02	enone_cyclic	michael_acceptor	26;27;28;29;13	26	CC(C)[C@@H](C)/C=C/[C@@H](C)[C@H]1CCC2C3=C(CC[C@@]21C)[C@@]1(C)CC[C@H](O)CC1=CC3=O
Mol_02163	Mol_02163::M01	epoxide	sn2_ring_opening	26;27;28	26;28	CC(C)[C@@H](C)/C=C/[C@@H](C)[C@H]1CCC2C3=C(CC[C@@]21C)[C@@]1(C)CC[C@H](O)C[C@@]12O[C@H]2[C@H]3O
Mol_02186	Mol_02186::M01	enal	michael_acceptor	19;20;21;22	19	CC(=O)OC[C@H](CCC=C(C)C)[C@@H]1CC/C(C)=C/C/C=C(/C=O)C1C=O
Mol_02186	Mol_02186::M02	aldehyde	reversible_carbonyl	20;21;22	21	CC(=O)OC[C@H](CCC=C(C)C)[C@@H]1CC/C(C)=C/C/C=C(/C=O)C1C=O
Mol_02186	Mol_02186::M03	aldehyde	reversible_carbonyl	23;24;25	24	CC(=O)OC[C@H](CCC=C(C)C)[C@@H]1CC/C(C)=C/C/C=C(/C=O)C1C=O
Mol_02187	Mol_02187::M01	enal	michael_acceptor	15;16;17;18	15	CC(C)=CCC[C@@H](C)[C@@H]1CC/C(C)=C/C/C=C(/C=O)[C@H]1C=O
Mol_02187	Mol_02187::M02	aldehyde	reversible_carbonyl	16;17;18	17	CC(C)=CCC[C@@H](C)[C@@H]1CC/C(C)=C/C/C=C(/C=O)[C@H]1C=O
Mol_02187	Mol_02187::M03	aldehyde	reversible_carbonyl	19;20;21	20	CC(C)=CCC[C@@H](C)[C@@H]1CC/C(C)=C/C/C=C(/C=O)[C@H]1C=O
Mol_02190	Mol_02190::M01	acrylate_ester	michael_acceptor	7;8;10;11;12;13	7	CCC(=O)O[C@@H](C/C=C(\C)C(=O)OC)[C@H](C(=O)OC)[C@@H](OC(C)=O)[C@@H](C[C@H](C)[C@H](OC(=O)CC(C)C)[C@@H]1C[C@H](C)C[C@]2(C[C@H](C)C[C@](CC(C)=O)(OC(C)=O)O2)O1)OC(=O)CC(C)C
Mol_02191	Mol_02191::M01	acrylate_ester	michael_acceptor	50;51;53;54;55;56	50	CCOC(=O)[C@H]([C@@H](OC(C)=O)[C@@H](C[C@H](C)[C@H](OC(=O)CC(C)C)[C@@H]1C[C@H](C)C[C@]2(C[C@H](C)C[C@@](O)(CC(C)=O)O2)O1)OC(=O)CC(C)C)[C@H](C/C=C(\C)C(=O)OC)OC(=O)CC
Mol_02193	Mol_02193::M01	acrylate_ester	michael_acceptor	6;7;8;9;10;11	6	C=C[C@H]1[C@H](C)OC=C(C(=O)OC2C[C@@H]3C(C(=O)OC)=CO[C@@H](C)[C@@H]3[C@H]2C)[C@H]1CCO
Mol_02193	Mol_02193::M02	acrylate_ester	michael_acceptor	19;14;15;16;17;18	19	C=C[C@H]1[C@H](C)OC=C(C(=O)OC2C[C@@H]3C(C(=O)OC)=CO[C@@H](C)[C@@H]3[C@H]2C)[C@H]1CCO
Mol_02194	Mol_02194::M01	acrylate_ester	michael_acceptor	5;4;2;3;1;0	5	COC(=O)C1=CO[C@@H](O[C@@H]2O[C@H](CO)[C@@H](O)[C@H](O)[C@H]2O)[C@@H]2[C@@H](C)[C@@H](O)C[C@H]12
Mol_02199	Mol_02199::M01	enone_cyclic	michael_acceptor	12;13;14;15;16	12	CC(C)CCCC(C)C1CCC2C3=C(C(=O)C[C@@]21C)[C@@]1(C)CC[C@H](O)C[C@]1(O)[C@H](O)[C@H]3O
Mol_02200	Mol_02200::M01	enone_cyclic	michael_acceptor	12;13;14;15;16	12	CC(C)CCCC(C)C1CCC2C3=C(C(=O)C[C@@]21C)[C@@]1(C)CC[C@H](O)C[C@]1(O)[C@H](O)C3=O
Mol_02200	Mol_02200::M02	enone_cyclic	michael_acceptor	13;12;30;31;28	13	CC(C)CCCC(C)C1CCC2C3=C(C(=O)C[C@@]21C)[C@@]1(C)CC[C@H](O)C[C@]1(O)[C@H](O)C3=O
Mol_02210	Mol_02210::M01	aldehyde	reversible_carbonyl	2;1;0	1	O=C[C@H](CC(=O)c1cc(O)c(O)c(O)c1)[C@@H](OC(=O)c1cc(O)c(O)c(O)c1)[C@H](O)[C@H](O)CO
Mol_02244	Mol_02244::M01	acrylate_ester	michael_acceptor	2;1;21;22;20;19	2	CC1=C2C=C3CC[C@@H]4C(C)(C)[C@H](O)CC[C@@]4(C)[C@@H]3C[C@H]2OC1=O
Mol_02244	Mol_02244::M02	unsat_lactone	michael_acceptor	20;21;22;1;2	2	CC1=C2C=C3CC[C@@H]4C(C)(C)[C@H](O)CC[C@@]4(C)[C@@H]3C[C@H]2OC1=O
Mol_02245	Mol_02245::M01	acrylate_ester	michael_acceptor	2;1;21;22;20;19	2	CC1=C2C=C3CC[C@@H]4C(C)(C)[C@@H](O)CC[C@@]4(C)[C@@H]3C[C@H]2OC1=O
Mol_02245	Mol_02245::M02	unsat_lactone	michael_acceptor	20;21;22;1;2	2	CC1=C2C=C3CC[C@@H]4C(C)(C)[C@@H](O)CC[C@@]4(C)[C@@H]3C[C@H]2OC1=O
Mol_02246	Mol_02246::M01	acrylate_ester	michael_acceptor	2;1;22;23;21;20	2	CC1=C2C=C3CC[C@@H]4C(C)(C)[C@H](O)C(=O)C[C@@]4(C)[C@@H]3C[C@H]2OC1=O
Mol_02246	Mol_02246::M02	unsat_lactone	michael_acceptor	21;22;23;1;2	2	CC1=C2C=C3CC[C@@H]4C(C)(C)[C@H](O)C(=O)C[C@@]4(C)[C@@H]3C[C@H]2OC1=O
Mol_02247	Mol_02247::M01	acrylate_ester	michael_acceptor	5;6;7;8;9;10	5	CCC/C=C/C=C/C(=O)O[C@@H]1C[C@H]2[C@@H](/C=C(/C)C(=O)[C@@]3(OC(C)=O)C[C@@H](C)[C@H](O)[C@@H]3/C=C\1C)C2(C)C
Mol_02247	Mol_02247::M02	enone_cyclic	michael_acceptor	14;15;17;18;19	14	CCC/C=C/C=C/C(=O)O[C@@H]1C[C@H]2[C@@H](/C=C(/C)C(=O)[C@@]3(OC(C)=O)C[C@@H](C)[C@H](O)[C@@H]3/C=C\1C)C2(C)C
Mol_02248	Mol_02248::M01	acrylate_ester	michael_acceptor	6;7;8;9;10;11	6	CCC[C@@H]1O[C@@H]1/C=C/C(=O)O[C@@H]1C[C@H]2[C@@H](/C=C(\C)C(=O)[C@@]3(OC(C)=O)C[C@@H](C)[C@H](O)[C@@H]3/C=C/1C)C2(C)C
Mol_02248	Mol_02248::M02	enone_cyclic	michael_acceptor	15;16;18;19;20	15	CCC[C@@H]1O[C@@H]1/C=C/C(=O)O[C@@H]1C[C@H]2[C@@H](/C=C(\C)C(=O)[C@@]3(OC(C)=O)C[C@@H](C)[C@H](O)[C@@H]3/C=C/1C)C2(C)C
Mol_02248	Mol_02248::M03	epoxide	sn2_ring_opening	3;4;5	3;5	CCC[C@@H]1O[C@@H]1/C=C/C(=O)O[C@@H]1C[C@H]2[C@@H](/C=C(\C)C(=O)[C@@]3(OC(C)=O)C[C@@H](C)[C@H](O)[C@@H]3/C=C/1C)C2(C)C
Mol_02250	Mol_02250::M01	enone_cyclic	michael_acceptor	19;17;15;16;14	19	CC(=O)O[C@@H]1[C@H](C)/C=C\C(C)(C)C(=O)CC(=O)/C(C)=C\[C@H]2[C@@H](OC(=O)c3ccccc3)[C@H](C)C[C@]12OC(C)=O
Mol_02253	Mol_02253::M01	enone_cyclic	michael_acceptor	10;8;6;7;5	10	CC(=O)O[C@@H]1CC(=O)/C(C)=C\[C@H]2[C@@H](OC(=O)c3ccccc3)[C@@H](C)C[C@]2(O)[C@@H](OC(C)=O)[C@@H](C)/C=C\C1(C)C
Mol_02254	Mol_02254::M01	epoxide	sn2_ring_opening	11;13;14	11;14	CC(=O)O[C@@H]1C[C@@H](OC(C)=O)[C@@]2(C)O[C@@H]2[C@H]2[C@@H](OC(=O)c3ccccc3)[C@@H](C)C[C@@]23O[C@H]([C@H](C)[C@@H]3OC(C)=O)[C@H](O)C1(C)C
Mol_02255	Mol_02255::M01	epoxide	sn2_ring_opening	11;13;14	11;14	CC(=O)O[C@@H]1C[C@@H](OC(C)=O)[C@@]2(C)O[C@@H]2[C@H]2[C@@H](OC(=O)c3ccccc3)[C@@H](C)C[C@@]23O[C@H]([C@@H](C)[C@@H]3O)[C@H](O)C1(C)C
Mol_02256	Mol_02256::M01	epoxide	sn2_ring_opening	11;13;14	11;14	CC(=O)O[C@@H]1C[C@@H](OC(C)=O)[C@@]2(C)O[C@@H]2[C@H]2[C@@H](OC(=O)c3ccccc3)[C@@H](C)C[C@@]23O[C@H]([C@H](C)[C@@H]3OC(C)=O)[C@H](OC(=O)c2ccccc2)C1(C)C
Mol_02257	Mol_02257::M01	epoxide	sn2_ring_opening	11;13;14	11;14	CC(=O)O[C@@H]1C[C@@H](OC(C)=O)[C@@]2(C)O[C@@H]2[C@H]2[C@@H](OC(=O)c3ccccc3)[C@@H](C)C[C@@]23O[C@@H](C(=O)C1(C)C)[C@H](C)C3=O
Mol_02258	Mol_02258::M01	epoxide	sn2_ring_opening	11;13;14	11;14	CC(=O)O[C@@H]1C[C@@H](OC(C)=O)[C@@]2(C)O[C@@H]2[C@H]2[C@@H](OC(=O)c3ccccc3)[C@@H](C)C[C@@]23O[C@H]([C@H](C)C3=O)[C@H](O)C1(C)C
Mol_02259	Mol_02259::M01	acrylate_ester	michael_acceptor	126;125;1;0;2;3	126	O=C1O[C@@H]2[C@H]3OC(=O)c4cc(O)c(O)c(O)c4-c4c(cc5c(c4O)Oc4c(cc(O)c(O)c4O)C(=O)O[C@@H]4O[C@H](COC(=O)c6cc(O)c(O)c(O)c6)[C@@H](OC(=O)c6cc(O)c(O)c(O)c6)[C@@H](OC(=O)c6cc(O)c(O)c(O)c6)[C@@H]4OC(=O)c4cc(O)c(O)c(O)c4O5)C(=O)OC[C@@H]2O[C@@H](OC(=O)c2cc(O)c(O)c(O)c2)[C@@H]3OC(=O)c2cc(O)c(O)c3c2[C@@H]2C1=CC(=O)C(O)(O)[C@]2(O)O3
Mol_02259	Mol_02259::M02	enone_cyclic	michael_acceptor	125;126;127;128;129	125	O=C1O[C@@H]2[C@H]3OC(=O)c4cc(O)c(O)c(O)c4-c4c(cc5c(c4O)Oc4c(cc(O)c(O)c4O)C(=O)O[C@@H]4O[C@H](COC(=O)c6cc(O)c(O)c(O)c6)[C@@H](OC(=O)c6cc(O)c(O)c(O)c6)[C@@H](OC(=O)c6cc(O)c(O)c(O)c6)[C@@H]4OC(=O)c4cc(O)c(O)c(O)c4O5)C(=O)OC[C@@H]2O[C@@H](OC(=O)c2cc(O)c(O)c(O)c2)[C@@H]3OC(=O)c2cc(O)c(O)c3c2[C@@H]2C1=CC(=O)C(O)(O)[C@]2(O)O3
Mol_02259	Mol_02259::M03	unsat_lactone	michael_acceptor	2;1;0;125;126	126	O=C1O[C@@H]2[C@H]3OC(=O)c4cc(O)c(O)c(O)c4-c4c(cc5c(c4O)Oc4c(cc(O)c(O)c4O)C(=O)O[C@@H]4O[C@H](COC(=O)c6cc(O)c(O)c(O)c6)[C@@H](OC(=O)c6cc(O)c(O)c(O)c6)[C@@H](OC(=O)c6cc(O)c(O)c(O)c6)[C@@H]4OC(=O)c4cc(O)c(O)c(O)c4O5)C(=O)OC[C@@H]2O[C@@H](OC(=O)c2cc(O)c(O)c(O)c2)[C@@H]3OC(=O)c2cc(O)c(O)c3c2[C@@H]2C1=CC(=O)C(O)(O)[C@]2(O)O3
Mol_02261	Mol_02261::M01	epoxide	sn2_ring_opening	9;11;12	9;12	CO[C@H]1[C@H]2[C@@H]([C@@H](OC(=O)C3(C)OC3C)[C@@H](C)C(=O)[C@@]34C[C@H](C)[C@H](OC(C)=O)[C@]3(/C=C(\C)[C@H]1OC(C)=O)O4)C2(C)C
Mol_02261	Mol_02261::M02	epoxide	sn2_ring_opening	18;36;27	18;27	CO[C@H]1[C@H]2[C@@H]([C@@H](OC(=O)C3(C)OC3C)[C@@H](C)C(=O)[C@@]34C[C@H](C)[C@H](OC(C)=O)[C@]3(/C=C(\C)[C@H]1OC(C)=O)O4)C2(C)C
Mol_02262	Mol_02262::M01	acrylate_ester	michael_acceptor	126;125;1;0;2;3	126	O=C1O[C@H]2[C@H]3OC(=O)c4cc(O)c(O)c(O)c4-c4c(cc(Oc5c(C(=O)O[C@@H]6O[C@@H]7COC(=O)c8cc(O)c(O)c(O)c8-c8c(cc(O)c(O)c8O)C(=O)O[C@H]7[C@H](OC(=O)c7cc(O)c(O)c(O)c7)[C@H]6OC(=O)c6cc(O)c(O)c(O)c6)cc(O)c(O)c5O)c(O)c4O)C(=O)OC[C@H]2O[C@@H](OC(=O)c2cc(O)c(O)c(O)c2)[C@H]3OC(=O)c2cc(O)c(O)c3c2[C@H]2C1=CC(=O)C(O)(O)[C@]2(O)O3
Mol_02262	Mol_02262::M02	enone_cyclic	michael_acceptor	125;126;127;128;129	125	O=C1O[C@H]2[C@H]3OC(=O)c4cc(O)c(O)c(O)c4-c4c(cc(Oc5c(C(=O)O[C@@H]6O[C@@H]7COC(=O)c8cc(O)c(O)c(O)c8-c8c(cc(O)c(O)c8O)C(=O)O[C@H]7[C@H](OC(=O)c7cc(O)c(O)c(O)c7)[C@H]6OC(=O)c6cc(O)c(O)c(O)c6)cc(O)c(O)c5O)c(O)c4O)C(=O)OC[C@H]2O[C@@H](OC(=O)c2cc(O)c(O)c(O)c2)[C@H]3OC(=O)c2cc(O)c(O)c3c2[C@H]2C1=CC(=O)C(O)(O)[C@]2(O)O3
Mol_02262	Mol_02262::M03	unsat_lactone	michael_acceptor	2;1;0;125;126	126	O=C1O[C@H]2[C@H]3OC(=O)c4cc(O)c(O)c(O)c4-c4c(cc(Oc5c(C(=O)O[C@@H]6O[C@@H]7COC(=O)c8cc(O)c(O)c(O)c8-c8c(cc(O)c(O)c8O)C(=O)O[C@H]7[C@H](OC(=O)c7cc(O)c(O)c(O)c7)[C@H]6OC(=O)c6cc(O)c(O)c(O)c6)cc(O)c(O)c5O)c(O)c4O)C(=O)OC[C@H]2O[C@@H](OC(=O)c2cc(O)c(O)c(O)c2)[C@H]3OC(=O)c2cc(O)c(O)c3c2[C@H]2C1=CC(=O)C(O)(O)[C@]2(O)O3
Mol_02265	Mol_02265::M01	acrylate_ester	michael_acceptor	1;2;4;5;6;7	1	C/C=C(/C)C(=O)O[C@@H]1/C(C)=C/[C@@]23O[C@@]2(C[C@H](C)[C@@H]3O)C(=O)[C@H](C)[C@H](O)[C@@H]2[C@H]([C@@H]1OC)C2(C)C
Mol_02265	Mol_02265::M02	epoxide	sn2_ring_opening	11;12;13	11;13	C/C=C(/C)C(=O)O[C@@H]1/C(C)=C/[C@@]23O[C@@]2(C[C@H](C)[C@@H]3O)C(=O)[C@H](C)[C@H](O)[C@@H]2[C@H]([C@@H]1OC)C2(C)C
Mol_02266	Mol_02266::M01	epoxide	sn2_ring_opening	20;21;22	20;22	CC(=O)O[C@@H]1[C@@H]2[C@H]([C@H](OC(C)=O)[C@H](OC(C)=O)/C(C)=C/[C@@]34O[C@@]3(C[C@H](C)[C@@H]4OC(=O)C3(C)OC3C)C(=O)[C@@H]1C)C2(C)C
Mol_02266	Mol_02266::M02	epoxide	sn2_ring_opening	30;32;33	30;33	CC(=O)O[C@@H]1[C@@H]2[C@H]([C@H](OC(C)=O)[C@H](OC(C)=O)/C(C)=C/[C@@]34O[C@@]3(C[C@H](C)[C@@H]4OC(=O)C3(C)OC3C)C(=O)[C@@H]1C)C2(C)C
Mol_02277	Mol_02277::M01	enone_cyclic	michael_acceptor	33;31;29;30;28	33	CCC(=O)O[C@H]1[C@H](C)C[C@]2(OC(C)=O)[C@H](OC(C)=O)[C@@H](C)/C=C/C(C)(C)C(=O)CC(=O)/C(C)=C/[C@@H]12
Mol_02285	Mol_02285::M01	enone_cyclic	michael_acceptor	32;33;35;36;4	32	CC(=O)O[C@]12C[C@H](C)[C@H](OC(=O)c3ccccc3)[C@@H]1/C=C(\C)[C@H](O)CC(=O)C(C)(C)[C@@H](O)/C=C(\C)C2=O
Mol_02288	Mol_02288::M01	enone_cyclic	michael_acceptor	11;12;14;15;16	11	CC(=O)O[C@@H]1C(=O)C(C)(C)C/C=C(/C)C(=O)[C@@]2(OC(C)=O)C[C@@H](C)[C@H](OC(=O)c3ccccc3)[C@@H]2/C=C(\C)[C@@H]1OC(C)=O
Mol_02295	Mol_02295::M01	enone_cyclic	michael_acceptor	2;1;31;32;29	2	C/C1=C/C2C(C[C@@H](O)/C(C)=C\C3[C@@H](O)[C@H](CO[C@@H]4O[C@H](CO)[C@@H](O)[C@H](O)[C@H]4O)C[C@]3(O)C1=O)C2(C)C
Mol_02296	Mol_02296::M01	acrylate_ester	michael_acceptor	23;22;20;21;19;18	23	C=C1C(=O)[C@@]2(OC(C)=O)C[C@@H](C)[C@H](O)[C@@H]2/C=C(\C)[C@H](OC(=O)/C=C/C=C\CCC)C[C@H]2[C@@H]([C@H]1O)C2(C)C
Mol_02303	Mol_02303::M01	enone_cyclic	michael_acceptor	14;15;16;17;18	14	CC[C@H](CC[C@@H](C)[C@H]1CC[C@H]2[C@@H]3CCC4=CC(=O)CC[C@]4(C)[C@H]3CC[C@]12C)C(C)C
Mol_02311	Mol_02311::M01	acrylate_ester	michael_acceptor	46;45;1;0;2;3	46	O=C1OC2[C@@H]3OC(=O)c4cc(O)c(O)c(O)c4-c4c(cc(O)c(O)c4O)C(=O)OCC(O3)[C@@H](OC(=O)c3cc(O)c(O)c4c3[C@H]3C1=CC(=O)[C@@](O)(O4)C3(O)O)[C@H]2OC(=O)c1cc(O)c(O)c(O)c1
Mol_02311	Mol_02311::M02	enone_cyclic	michael_acceptor	45;46;47;48;49	45	O=C1OC2[C@@H]3OC(=O)c4cc(O)c(O)c(O)c4-c4c(cc(O)c(O)c4O)C(=O)OCC(O3)[C@@H](OC(=O)c3cc(O)c(O)c4c3[C@H]3C1=CC(=O)[C@@](O)(O4)C3(O)O)[C@H]2OC(=O)c1cc(O)c(O)c(O)c1
Mol_02311	Mol_02311::M03	unsat_lactone	michael_acceptor	2;1;0;45;46	46	O=C1OC2[C@@H]3OC(=O)c4cc(O)c(O)c(O)c4-c4c(cc(O)c(O)c4O)C(=O)OCC(O3)[C@@H](OC(=O)c3cc(O)c(O)c4c3[C@H]3C1=CC(=O)[C@@](O)(O4)C3(O)O)[C@H]2OC(=O)c1cc(O)c(O)c(O)c1
Mol_02315	Mol_02315::M01	acrylate_ester	michael_acceptor	31;30;1;0;2;3	31	O=C1O[C@@H]2[C@@H](OC(=O)c3cc(O)c(O)c(O)c3)[C@H](OC(=O)c3cc(O)c(O)c4c3[C@H]3C1=CC(=O)C(O)(O)[C@H]3O4)O[C@@H]1COC(=O)c3cc(O)c(O)c(O)c3-c3c(cc(O)c(O)c3O)C(=O)O[C@@H]21
Mol_02315	Mol_02315::M02	enone_cyclic	michael_acceptor	30;31;32;33;34	30	O=C1O[C@@H]2[C@@H](OC(=O)c3cc(O)c(O)c(O)c3)[C@H](OC(=O)c3cc(O)c(O)c4c3[C@H]3C1=CC(=O)C(O)(O)[C@H]3O4)O[C@@H]1COC(=O)c3cc(O)c(O)c(O)c3-c3c(cc(O)c(O)c3O)C(=O)O[C@@H]21
Mol_02315	Mol_02315::M03	unsat_lactone	michael_acceptor	2;1;0;30;31	31	O=C1O[C@@H]2[C@@H](OC(=O)c3cc(O)c(O)c(O)c3)[C@H](OC(=O)c3cc(O)c(O)c4c3[C@H]3C1=CC(=O)C(O)(O)[C@H]3O4)O[C@@H]1COC(=O)c3cc(O)c(O)c(O)c3-c3c(cc(O)c(O)c3O)C(=O)O[C@@H]21
Mol_02316	Mol_02316::M01	acrylate_ester	michael_acceptor	104;103;1;0;2;3	104	O=C1O[C@H]2[C@@H]3OC(=O)c4cc(O)c(O)c(O)c4-c4c(cc(Oc5c(C(=O)O[C@H]6[C@H](OC(=O)c7cc(O)c(O)c(O)c7)O[C@H](COC(=O)c7cc(O)c(O)c(O)c7)[C@@H](O)[C@@H]6O)cc(O)c(O)c5O)c(O)c4O)C(=O)OC[C@H]2O[C@@H](OC(=O)c2cc(O)c(O)c(O)c2)[C@@H]3OC(=O)c2cc(O)c(O)c3c2[C@@H]2C1=CC(=O)C(O)(O)[C@H]2O3
Mol_02316	Mol_02316::M02	enone_cyclic	michael_acceptor	103;104;105;106;107	103	O=C1O[C@H]2[C@@H]3OC(=O)c4cc(O)c(O)c(O)c4-c4c(cc(Oc5c(C(=O)O[C@H]6[C@H](OC(=O)c7cc(O)c(O)c(O)c7)O[C@H](COC(=O)c7cc(O)c(O)c(O)c7)[C@@H](O)[C@@H]6O)cc(O)c(O)c5O)c(O)c4O)C(=O)OC[C@H]2O[C@@H](OC(=O)c2cc(O)c(O)c(O)c2)[C@@H]3OC(=O)c2cc(O)c(O)c3c2[C@@H]2C1=CC(=O)C(O)(O)[C@H]2O3
Mol_02316	Mol_02316::M03	unsat_lactone	michael_acceptor	2;1;0;103;104	104	O=C1O[C@H]2[C@@H]3OC(=O)c4cc(O)c(O)c(O)c4-c4c(cc(Oc5c(C(=O)O[C@H]6[C@H](OC(=O)c7cc(O)c(O)c(O)c7)O[C@H](COC(=O)c7cc(O)c(O)c(O)c7)[C@@H](O)[C@@H]6O)cc(O)c(O)c5O)c(O)c4O)C(=O)OC[C@H]2O[C@@H](OC(=O)c2cc(O)c(O)c(O)c2)[C@@H]3OC(=O)c2cc(O)c(O)c3c2[C@@H]2C1=CC(=O)C(O)(O)[C@H]2O3
Mol_02322	Mol_02322::M01	acrylic_acid	michael_acceptor	16;17;18;19;20	16	Cc1cc(O)c(O)c(O)c1C(=O)OC1C(O)C=C(C(=O)O)CC1O
Mol_02323	Mol_02323::M01	acrylic_acid	michael_acceptor	14;15;16;17;18	14	Cc1cc(O)c(O)c(O)c1C(=O)OC1C=C(C(=O)O)CC(O)C1O
Mol_02356	Mol_02356::M01	para_quinone	michael_acceptor	10;9;8;7;20;21;19;11	7;8;11;19	COc1ccc(O)c2c1C(=O)c1cc(CO)cc(O)c1C2=O
Mol_02357	Mol_02357::M01	para_quinone	michael_acceptor	0;1;2;8;9;10;11;19	2;8;11;19	O=C1c2cccc(O)c2C(=O)c2c(O)cc(CO)cc21
Mol_02380	Mol_02380::M01	epoxide	sn2_ring_opening	29;31;32	29;32	CC(C)(O)[C@@H]1CC[C@]2(C)[C@@H](O)/C=C(\COC(=O)C[C@@](C)(O)CC(=O)O)CC[C@@H](O)[C@@]3(C)O[C@@H]3C[C@@H]12
Mol_02381	Mol_02381::M01	epoxide	sn2_ring_opening	23;25;26	23;26	CC(=O)O[C@@H]1/C=C(\COC(=O)C[C@](C)(O)CC(=O)O)CC[C@@H](O)[C@@]2(C)O[C@@H]2C[C@H]2[C@H](C(C)(C)O)CC[C@]12C
Mol_02382	Mol_02382::M01	epoxide	sn2_ring_opening	32;34;35	32;35	CC(=O)OC(C)(C)[C@@H]1CC[C@]2(C)[C@@H](O)/C=C(/COC(=O)C[C@@](C)(O)CC(=O)O)CC[C@@H](O)[C@@]3(C)O[C@@H]3C[C@@H]12
Mol_02399	Mol_02399::M01	acrylate_ester	michael_acceptor	1;2;4;5;6;7	1	C/C=C(\C)C(=O)O[C@@H]1[C@@H](C)[C@@]2(O)[C@H](C=C(C)C[C@]3(O)C(=O)C(C)=C[C@@H]23)[C@@H]2C(C)(C)[C@]12OC(=O)/C(C)=C/C
Mol_02399	Mol_02399::M02	acrylate_ester	michael_acceptor	35;33;31;32;30;29	35	C/C=C(\C)C(=O)O[C@@H]1[C@@H](C)[C@@]2(O)[C@H](C=C(C)C[C@]3(O)C(=O)C(C)=C[C@@H]23)[C@@H]2C(C)(C)[C@]12OC(=O)/C(C)=C/C
Mol_02399	Mol_02399::M03	enone_cyclic	michael_acceptor	23;21;19;20;17	23	C/C=C(\C)C(=O)O[C@@H]1[C@@H](C)[C@@]2(O)[C@H](C=C(C)C[C@]3(O)C(=O)C(C)=C[C@@H]23)[C@@H]2C(C)(C)[C@]12OC(=O)/C(C)=C/C
Mol_02402	Mol_02402::M01	acrylate_ester	michael_acceptor	2;1;22;23;21;20	2	CC1=C2C(=O)[C@]3(O)CC[C@H]4[C@@](C)(CCC5C[C@@]54C)[C@@H]3C[C@H]2OC1=O
Mol_02402	Mol_02402::M02	enone_cyclic	michael_acceptor	1;2;3;4;5	1	CC1=C2C(=O)[C@]3(O)CC[C@H]4[C@@](C)(CCC5C[C@@]54C)[C@@H]3C[C@H]2OC1=O
Mol_02402	Mol_02402::M03	unsat_lactone	michael_acceptor	21;22;23;1;2	2	CC1=C2C(=O)[C@]3(O)CC[C@H]4[C@@](C)(CCC5C[C@@]54C)[C@@H]3C[C@H]2OC1=O
Mol_02403	Mol_02403::M01	acrylate_ester	michael_acceptor	2;1;10;11;9;8	2	CC1=C2C(=O)C3=C(C[C@H]2OC1=O)[C@]1(C)CCC2C[C@]2(C)[C@H]1CC3
Mol_02403	Mol_02403::M02	enone_cyclic	michael_acceptor	1;2;3;4;5	1	CC1=C2C(=O)C3=C(C[C@H]2OC1=O)[C@]1(C)CCC2C[C@]2(C)[C@H]1CC3
Mol_02403	Mol_02403::M03	enone_cyclic	michael_acceptor	6;5;3;4;2	6	CC1=C2C(=O)C3=C(C[C@H]2OC1=O)[C@]1(C)CCC2C[C@]2(C)[C@H]1CC3
Mol_02403	Mol_02403::M04	unsat_lactone	michael_acceptor	9;10;11;1;2	2	CC1=C2C(=O)C3=C(C[C@H]2OC1=O)[C@]1(C)CCC2C[C@]2(C)[C@H]1CC3
Mol_02404	Mol_02404::M01	acrylate_ester	michael_acceptor	2;1;21;22;20;19	2	CC1=C2C(=O)C3=CC[C@H]4[C@@](C)(CCC5C[C@@]54C)[C@@H]3C[C@H]2OC1=O
Mol_02404	Mol_02404::M02	enone_cyclic	michael_acceptor	1;2;3;4;5	1	CC1=C2C(=O)C3=CC[C@H]4[C@@](C)(CCC5C[C@@]54C)[C@@H]3C[C@H]2OC1=O
Mol_02404	Mol_02404::M03	enone_cyclic	michael_acceptor	6;5;3;4;2	6	CC1=C2C(=O)C3=CC[C@H]4[C@@](C)(CCC5C[C@@]54C)[C@@H]3C[C@H]2OC1=O
Mol_02404	Mol_02404::M04	unsat_lactone	michael_acceptor	20;21;22;1;2	2	CC1=C2C(=O)C3=CC[C@H]4[C@@](C)(CCC5C[C@@]54C)[C@@H]3C[C@H]2OC1=O
Mol_02405	Mol_02405::M01	acrylate_ester	michael_acceptor	2;1;10;11;9;8	2	CC1=C2C(=O)C3=C(C[C@H]2OC1=O)[C@]1(C)CCC2C[C@]2(C)[C@H]1C[C@@H]3O
Mol_02405	Mol_02405::M02	enone_cyclic	michael_acceptor	1;2;3;4;5	1	CC1=C2C(=O)C3=C(C[C@H]2OC1=O)[C@]1(C)CCC2C[C@]2(C)[C@H]1C[C@@H]3O
Mol_02405	Mol_02405::M03	enone_cyclic	michael_acceptor	6;5;3;4;2	6	CC1=C2C(=O)C3=C(C[C@H]2OC1=O)[C@]1(C)CCC2C[C@]2(C)[C@H]1C[C@@H]3O
Mol_02405	Mol_02405::M04	unsat_lactone	michael_acceptor	9;10;11;1;2	2	CC1=C2C(=O)C3=C(C[C@H]2OC1=O)[C@]1(C)CCC2C[C@]2(C)[C@H]1C[C@@H]3O
Mol_02406	Mol_02406::M01	enone_cyclic	michael_acceptor	9;8;20;21;22	9	CC1C(=O)O[C@@H]2C[C@@H]3C(=CC[C@H]4[C@@]3(C)CCC3C[C@@]34C)C(=O)[C@H]12
Mol_02415	Mol_02415::M01	acrylate_ester	michael_acceptor	25;24;22;23;21;20	25	C=C(CCCC(C)C)[C@H]1CC[C@@]2(C)C3CC[C@H]4C(C)(C)[C@@H](OC(=O)/C=C/C=C/CCCCC)CC[C@@]45C[C@@]35CC[C@]12C
Mol_02416	Mol_02416::M01	acrylate_ester	michael_acceptor	25;24;22;23;21;20	25	C=C(CCCC(C)C)[C@@H]1CC[C@]2(C)C3=CC[C@H]4C(C)(C)C(OC(=O)/C=C/C=C/CCCCC)CC[C@]4(C)[C@H]3CC[C@@]12C
Mol_02423	Mol_02423::M01	epoxide	sn2_ring_opening	3;4;5	3;5	C/C1=C\[C@@]23O[C@@]2(C[C@H](C)[C@@H]3O)C(=O)[C@H](C)[C@H](O)C2C([C@H](O)[C@@H]1O)C2(C)C
Mol_02424	Mol_02424::M01	epoxide	sn2_ring_opening	14;15;16	14;16	CC(=O)O[C@@H]1[C@@H]2[C@H]([C@H](O)[C@H](O)/C(C)=C\[C@@]34O[C@@]3(C[C@H](C)[C@@H]4O)C(=O)[C@@H]1C)C2(C)C
Mol_02425	Mol_02425::M01	acrylate_ester	michael_acceptor	1;2;4;5;6;7	1	C/C=C(\C)C(=O)O[C@@H]1C2C(C2(C)C)[C@@]2(OC(C)=O)C(=C[C@@]34O[C@@]3(CC(C)[C@@H]4OC(C)=O)C(=O)[C@H]2C)[C@H]1OC(C)=O
Mol_02425	Mol_02425::M02	epoxide	sn2_ring_opening	20;21;22	20;22	C/C=C(\C)C(=O)O[C@@H]1C2C(C2(C)C)[C@@]2(OC(C)=O)C(=C[C@@]34O[C@@]3(CC(C)[C@@H]4OC(C)=O)C(=O)[C@H]2C)[C@H]1OC(C)=O
Mol_02426	Mol_02426::M01	epoxide	sn2_ring_opening	7;8;9	7;9	CC(=O)O[C@@H]1C2=C[C@@]34O[C@@]3(CC(C)[C@@H]4OC(C)=O)C(=O)[C@@H](C)[C@@]2(OC(C)=O)C2C([C@H]1OC(=O)c1ccccc1)C2(C)C
Mol_02428	Mol_02428::M01	epoxide	sn2_ring_opening	20;21;22	20;22	CCC(C)C(=O)O[C@@H]1C2C(C2(C)C)[C@@]2(OC(C)=O)C(=C[C@@]34O[C@@]3(CC(C)[C@@H]4OC(C)=O)C(=O)[C@H]2C)[C@H]1OC(C)=O
Mol_02429	Mol_02429::M01	acrylate_ester	michael_acceptor	1;2;4;5;6;7	1	C/C=C(\C)C(=O)O[C@@H]1C2C(C2(C)C)[C@@]2(OC(C)=O)C(=C[C@@]34O[C@@]3(CC(C)[C@@H]4OC(C)=O)C(=O)[C@H]2C)[C@H]1O
Mol_02429	Mol_02429::M02	epoxide	sn2_ring_opening	20;21;22	20;22	C/C=C(\C)C(=O)O[C@@H]1C2C(C2(C)C)[C@@]2(OC(C)=O)C(=C[C@@]34O[C@@]3(CC(C)[C@@H]4OC(C)=O)C(=O)[C@H]2C)[C@H]1O
Mol_02430	Mol_02430::M01	epoxide	sn2_ring_opening	8;9;10	8;10	CC(=O)O[C@H]1C(C)C[C@@]23O[C@@]12C=C1[C@@H](O)[C@H](OC(=O)c2ccccc2)C2C(C2(C)C)[C@]1(OC(C)=O)[C@H](C)C3=O
Mol_02432	Mol_02432::M01	epoxide	sn2_ring_opening	20;21;22	20;22	CCC(C)C(=O)O[C@@H]1C2C(C2(C)C)[C@@]2(OC(C)=O)C(=C[C@@]34O[C@@]3(CC(C)[C@@H]4OC(C)=O)C(=O)[C@H]2C)[C@H]1O
Mol_02433	Mol_02433::M01	acrylic_acid	michael_acceptor	12;13;15;16;17	12	CC1=C[C@@H]2C(=O)C3(C=C(C)[C@H](C/C=C(/C)C(=O)O)[C@@]3(O)[C@@H]1O)[C@H](C)C[C@@H]1[C@H]2C1(C)C
Mol_02441	Mol_02441::M01	acrylate_ester	michael_acceptor	3;2;1;0;11;12	3	O=C(/C=C/c1ccc(O)cc1)OCC1OC(Oc2cc(O)c3c(c2)OC(c2ccc(O)cc2)CC3=O)C(O)C(O)C1O
Mol_02442	Mol_02442::M01	acrylate_ester	michael_acceptor	38;37;35;36;34;33	38	COc1ccc(C2CC(=O)c3c(O)cc(OC4OC(COC5OC(C)C(O)C(O)C5O)C(O)C(OC(=O)/C=C/c5ccc(O)cc5)C4O)cc3O2)cc1
Mol_02443	Mol_02443::M01	acrylate_ester	michael_acceptor	3;2;1;0;11;12	3	O=C(/C=C\c1ccc(O)cc1)OCC1OC(Oc2cc(O)c3c(c2)OC(c2ccc(O)cc2)CC3=O)C(O)C(O)C1O
Mol_02457	Mol_02457::M01	enone_cyclic	michael_acceptor	28;29;41;42;43	28	CC(=O)O[C@@H]1[C@H]2[C@@H](OC(=O)c3ccccc3)[C@@H](C)C[C@]2(O)[C@@H](OC(C)=O)[C@@]2(C)C3=C(C[C@]1(OC(C)=O)[C@@H]2OC(C)=O)C(=O)C(C)(C)[C@H]3OC(C)=O
Mol_02458	Mol_02458::M01	enone_cyclic	michael_acceptor	32;33;45;46;47	32	CC(=O)OCC(=O)O[C@@H]1[C@H]2[C@@H](OC(=O)c3ccccc3)[C@@H](C)C[C@]2(O)[C@H](OC(C)=O)[C@@]2(C)C3=C(C[C@]1(OC(C)=O)[C@@H]2OC(C)=O)C(=O)C(C)(C)C3
Mol_02461	Mol_02461::M01	enone_cyclic	michael_acceptor	7;8;39;40;41	7	CC(=O)OC1[C@]2(C)C3=C(C[C@@]1(OC(C)=O)[C@H](OC(C)=O)[C@H]1[C@@H](Oc4ccccc4)[C@@H](C)C[C@]1(O)C2OC(C)=O)C(=O)C(C)(C)[C@H]3OC(C)=O
Mol_02462	Mol_02462::M01	enone_cyclic	michael_acceptor	30;31;43;44;45	30	CC(=O)OCC(=O)O[C@@H]1[C@H]2[C@@H](Oc3ccccc3)[C@@H](C)C[C@]2(O)C(OC(C)=O)[C@@]2(C)C3=C(C[C@]1(OC(C)=O)C2OC(C)=O)C(=O)C(C)(C)C3
Mol_02466	Mol_02466::M01	acrylic_acid	michael_acceptor	40;39;42;43;44	40	C=C1[C@H](OC(C)=O)[C@H]2[C@@H](OC(C)=O)[C@](C)(OC(C)=O)C[C@]2(OC(C)=O)C(=O)[C@@H](C)/C=C/C(C)(C)C(=O)[C@H](OC/C(=C/C)C(=O)O)[C@H]1OC(C)=O
Mol_02472	Mol_02472::M01	enone_cyclic	michael_acceptor	25;26;28;29;30	25	CCCCCCCCCCCCCCCC(=O)O[C@@]12C[C@@H](C)[C@]3(O)[C@@H]4C=C(C)C(=O)[C@@H]4CC(CO)=C[C@H]3[C@@H]1[C@@H]2C
Mol_02475	Mol_02475::M01	acrylate_ester	michael_acceptor	2;1;19;20;18;17	2	CC1=C2C=C3CC[C@@H]4C[C@H](C)CC[C@@]4(C)[C@@H]3C[C@H]2OC1=O
Mol_02475	Mol_02475::M02	unsat_lactone	michael_acceptor	18;19;20;1;2	2	CC1=C2C=C3CC[C@@H]4C[C@H](C)CC[C@@]4(C)[C@@H]3C[C@H]2OC1=O
Mol_02476	Mol_02476::M01	acrylate_ester	michael_acceptor	2;1;20;21;19;3	2	CC1=C2C(=C[C@@H]3C4(CC[C@@H]5C[C@H](C)CC[C@]53C)OC24)OC1=O
Mol_02476	Mol_02476::M02	unsat_lactone	michael_acceptor	19;20;21;1;2	2	CC1=C2C(=C[C@@H]3C4(CC[C@@H]5C[C@H](C)CC[C@]53C)OC24)OC1=O
Mol_02476	Mol_02476::M03	epoxide	sn2_ring_opening	6;17;18	6;18	CC1=C2C(=C[C@@H]3C4(CC[C@@H]5C[C@H](C)CC[C@]53C)OC24)OC1=O
Mol_02496	Mol_02496::M01	epoxide	sn2_ring_opening	13;14;15	13;15	CC(=O)O[C@H]1[C@@H](OC(C)=O)C(C)(C)[C@H]2O[C@H]2[C@H](C)[C@H](OC(C)=O)[C@@]2(O)C[C@@](C)(OC(C)=O)[C@@H]3OC(=O)CC[C@@](O)([C@@H]1OC(C)=O)[C@H](OC(=O)c1ccccc1)[C@@H]32
Mol_02497	Mol_02497::M01	enone_cyclic	michael_acceptor	40;41;43;44;45	40	CCCCC/C=C\C/C=C\CCCCCCCC(=O)OCC1=C[C@H]2[C@@H]3C(C)(C)[C@]3(OC(C)=O)[C@H](O)[C@@H](C)[C@]2(O)[C@@H]2C=C(C)C(=O)[C@@]2(O)C1
Mol_02498	Mol_02498::M01	acrylate_ester	michael_acceptor	1;2;4;5;6;7	1	C/C=C(\C)C(=O)O[C@@]12[C@H](O)[C@@H](C)[C@@]3(O)[C@@H](C=C(COC(=O)CCCCCCC/C=C\C/C=C\CCCCC)C[C@]4(O)C(=O)C(C)=C[C@@H]34)[C@@H]1C2(C)C
Mol_02498	Mol_02498::M02	enone_cyclic	michael_acceptor	45;43;41;42;39	45	C/C=C(\C)C(=O)O[C@@]12[C@H](O)[C@@H](C)[C@@]3(O)[C@@H](C=C(COC(=O)CCCCCCC/C=C\C/C=C\CCCCC)C[C@]4(O)C(=O)C(C)=C[C@@H]34)[C@@H]1C2(C)C
Mol_02499	Mol_02499::M01	acrylate_ester	michael_acceptor	1;2;4;5;6;7	1	C/C=C(/C)C(=O)O[C@]12C(C3C=C(CO)C[C@]4(O)C(=O)C(C)=CC4[C@@]3(O)[C@H](C)[C@H]1OC(C)=O)C2(C)C
Mol_02499	Mol_02499::M02	enone_cyclic	michael_acceptor	21;19;17;18;15	21	C/C=C(/C)C(=O)O[C@]12C(C3C=C(CO)C[C@]4(O)C(=O)C(C)=CC4[C@@]3(O)[C@H](C)[C@H]1OC(C)=O)C2(C)C
Mol_02500	Mol_02500::M01	enone_cyclic	michael_acceptor	29;27;25;26;23	29	CCCCCCCCCC(=O)O[C@@H]1[C@@H](C)[C@@]2(O)C(C=C(CO)C[C@]3(O)C(=O)C(C)=CC23)C2C(C)(C)[C@@]21OC(=O)C(C)CC
Mol_02501	Mol_02501::M01	acrylate_ester	michael_acceptor	1;2;4;5;6;7	1	C/C=C(\C)C(=O)O[C@@H]1[C@@H](C)[C@@]2(O)C(C=C(CO)C[C@]3(O)C(=O)C(C)=CC23)C2C(C)(C)[C@@]21OC(=O)C(C)CC
Mol_02501	Mol_02501::M02	enone_cyclic	michael_acceptor	24;22;20;21;18	24	C/C=C(\C)C(=O)O[C@@H]1[C@@H](C)[C@@]2(O)C(C=C(CO)C[C@]3(O)C(=O)C(C)=CC23)C2C(C)(C)[C@@]21OC(=O)C(C)CC
Mol_02502	Mol_02502::M01	enone_cyclic	michael_acceptor	34;32;30;31;28	34	CCCCCCCCCC(=O)O[C@@]12[C@H](OC(C)=O)[C@@H](C)[C@@]3(O)[C@@H](C=C(CO)C[C@]4(O)C(=O)C(C)=C[C@@H]34)[C@@H]1C2(C)C
Mol_02503	Mol_02503::M01	enone_cyclic	michael_acceptor	28;26;24;25;22	28	CCCCCCCCCCCC(=O)OC12C(C3C=C(CO)C[C@]4(O)C(=O)C(C)=CC4[C@@]3(O)[C@H](C)[C@H]1OC(=O)C(C)CC)C2(C)C
Mol_02504	Mol_02504::M01	enone_cyclic	michael_acceptor	33;31;29;30;27	33	CCCCCCCCCCCCCC(=O)O[C@@H]1[C@@H](C)[C@@]2(O)[C@@H](C=C(CO)C[C@]3(O)C(=O)C(C)=C[C@@H]23)[C@@H]2C(C)(C)[C@]12OC(C)=O
Mol_02505	Mol_02505::M01	enone_cyclic	michael_acceptor	31;32;34;35;36	31	CC1=C[C@@H]2[C@](C)([C@H](C)[C@@H](OC(=O)c3ccccc3)[C@@]3(OC(=O)C(C)C)C(C)(C)[C@@]23C)[C@@H]2C=C(C)C(=O)[C@@H]2C1
Mol_02507	Mol_02507::M01	epoxide	sn2_ring_opening	11;12;13	11;13	C=C(CC[C@@H](C)[C@H]1CC[C@@]2(C)C34O[C@]3(CC[C@]12C)[C@@]1(C)CC[C@H](O)[C@@H](C)C1C[C@@H]4O)C(C)C
Mol_02510	Mol_02510::M01	acrylate_ester	michael_acceptor	2;1;20;21;19;18	2	CC1=C2C=C3CC[C@@H]4C(C)(C)CCC[C@@]4(C)[C@@H]3C[C@H]2OC1=O
Mol_02510	Mol_02510::M02	unsat_lactone	michael_acceptor	19;20;21;1;2	2	CC1=C2C=C3CC[C@@H]4C(C)(C)CCC[C@@]4(C)[C@@H]3C[C@H]2OC1=O
Mol_02525	Mol_02525::M01	enone_cyclic	michael_acceptor	11;10;8;9;6	11	Cc1coc2c1C(=O)C(=O)C1=C2[C@]2(C)CCCC(C)(C)[C@H]2CC1
Mol_02525	Mol_02525::M02	ortho_quinone	michael_acceptor	7;6;8;9;10;11;4;5	4;5;10;11	Cc1coc2c1C(=O)C(=O)C1=C2[C@]2(C)CCCC(C)(C)[C@H]2CC1
Mol_02528	Mol_02528::M01	epoxide	sn2_ring_opening	20;21;22	20;22	CC(=O)O[C@@H]1[C@@H]2[C@H]([C@H](OC(C)=O)[C@H](OC(C)=O)/C(C)=C/[C@@]34O[C@@]3(C[C@H](C)[C@@H]4OC(=O)Cc3ccccc3)C(=O)[C@@H]1C)C2(C)C
Mol_02529	Mol_02529::M01	epoxide	sn2_ring_opening	14;15;16	14;16	COc1ccc(CC(=O)O[C@H]2[C@@H](C)C[C@@]34O[C@@]23/C=C(\C)[C@@H](OC(C)=O)[C@@H](OC(C)=O)[C@H]2[C@@H]([C@@H](OC(C)=O)[C@@H](C)C4=O)C2(C)C)cc1
Mol_02530	Mol_02530::M01	epoxide	sn2_ring_opening	14;38;29	14;29	CO[C@H]1[C@H]2[C@@H]([C@@H](OC(C)=O)[C@@H](C)C(=O)[C@@]34C[C@H](C)[C@H](OC(=O)Cc5ccccc5)[C@]3(/C=C(\C)[C@H]1OC(C)=O)O4)C2(C)C
Mol_02532	Mol_02532::M01	enone_cyclic	michael_acceptor	12;11;21;22;18	12	CC(=O)OC1[C@@]2(OC(C)=O)CC3=C([C@H](OC(C)=O)C(C)(C)C3=O)[C@]1(C)[C@@H](OC(C)=O)[C@@]1(O)C[C@H](C)[C@H](OC(=O)c3ccccc3)[C@@H]1[C@H]2OC(C)=O
Mol_02545	Mol_02545::M01	epoxide	sn2_ring_opening	4;5;6	4;6	CC(CC[C@H]1OC1(C)C)C1CC[C@@]2(C)C3CCC4C(C)(C)[C@@H](O)CC[C@@]45C[C@@]35CC[C@]12C
Mol_02551	Mol_02551::M01	acrylamide	michael_acceptor	6;7;10;11;12	6	C=CC(C)(C)[C@]12C=C(OC)C(=O)N3/C(=C/c4cnc[nH]4)C(=O)NC31N(OC)c1ccccc12
Mol_02551	Mol_02551::M02	acrylamide	michael_acceptor	14;13;20;21;22	14	C=CC(C)(C)[C@]12C=C(OC)C(=O)N3/C(=C/c4cnc[nH]4)C(=O)NC31N(OC)c1ccccc12
Mol_02571	Mol_02571::M01	aldehyde	reversible_carbonyl	2;1;0	1	O=C[C@H](OC(=O)c1cc(O)c(O)c(O)c1)[C@@H](OC(=O)c1cc(O)c(O)c(O)c1)[C@@H]1OC(=O)c2cc(O)c(O)c(O)c2-c2c(cc(O)c(O)c2O)C(=O)OC[C@H]1O
Mol_02574	Mol_02574::M01	enone_cyclic	michael_acceptor	35;36;38;39;40	35	O=C1OC[C@H]2OC(=O)c3cc(O)c(O)c(O)c3-c3c(O)c(O)c(O)c4c3C(=O)O[C@H]([C@H]3OC(=O)C5C4=C(O)C(=O)C54Oc5cc(O)c6c(c5[C@H]34)O[C@H](c3ccc(O)c(O)c3)[C@@H](O)C6)[C@@H]2OC(=O)c2cc(O)c(O)c(O)c2-c2c1cc(O)c(O)c2O
Mol_02616	Mol_02616::M01	acrylate_ester	michael_acceptor	17;18;19;20;21;22	17	C=C[C@H]1[C@H](O[C@@H]2O[C@H](CO)[C@@H](O)[C@H](O)[C@H]2O)OC=C2C(=O)OCC[C@H]21
Mol_02616	Mol_02616::M02	unsat_lactone	michael_acceptor	21;19;20;18;17	17	C=C[C@H]1[C@H](O[C@@H]2O[C@H](CO)[C@@H](O)[C@H](O)[C@H]2O)OC=C2C(=O)OCC[C@H]21
Mol_02617	Mol_02617::M01	acrylate_ester	michael_acceptor	3;2;1;0;10;11	3	O=C(/C=C/c1ccccc1)OC[C@]12O[C@H]1[C@@H](O)[C@@H]1C=CO[C@@H](O[C@@H]3O[C@H](CO)[C@@H](O)[C@H](O)[C@H]3O)[C@@H]12
Mol_02617	Mol_02617::M02	epoxide	sn2_ring_opening	12;13;14	12;14	O=C(/C=C/c1ccccc1)OC[C@]12O[C@H]1[C@@H](O)[C@@H]1C=CO[C@@H](O[C@@H]3O[C@H](CO)[C@@H](O)[C@H](O)[C@H]3O)[C@@H]12
Mol_02618	Mol_02618::M01	acrylate_ester	michael_acceptor	3;2;1;0;10;11	3	O=C(/C=C\c1ccccc1)OC[C@]12O[C@H]1[C@@H](O)[C@@H]1C=CO[C@@H](O[C@@H]3O[C@H](CO)[C@@H](O)[C@H](O)[C@H]3O)[C@@H]12
Mol_02618	Mol_02618::M02	epoxide	sn2_ring_opening	12;13;14	12;14	O=C(/C=C\c1ccccc1)OC[C@]12O[C@H]1[C@@H](O)[C@@H]1C=CO[C@@H](O[C@@H]3O[C@H](CO)[C@@H](O)[C@H](O)[C@H]3O)[C@@H]12
Mol_02619	Mol_02619::M01	acrylate_ester	michael_acceptor	3;2;1;0;10;11	3	O=C(/C=C/c1ccccc1)OC[C@]12O[C@H]1[C@@H](O)[C@@H]1CCO[C@@H](O[C@@H]3O[C@H](CO)[C@@H](O)[C@H](O)[C@H]3O)[C@@H]12
Mol_02619	Mol_02619::M02	epoxide	sn2_ring_opening	12;13;14	12;14	O=C(/C=C/c1ccccc1)OC[C@]12O[C@H]1[C@@H](O)[C@@H]1CCO[C@@H](O[C@@H]3O[C@H](CO)[C@@H](O)[C@H](O)[C@H]3O)[C@@H]12
Mol_02620	Mol_02620::M01	acrylate_ester	michael_acceptor	3;2;1;0;10;11	3	O=C(/C=C/c1ccccc1)OC[C@@]1(O)C2C(O[C@@H]3O[C@H](CO)[C@@H](O)[C@H](O)[C@H]3O)OC=C[C@H]2[C@H](O)[C@@H]1O
Mol_02621	Mol_02621::M01	acrylate_ester	michael_acceptor	3;2;1;0;10;11	3	O=C(/C=C/c1ccccc1)OC[C@@]1(O)[C@H]2[C@H](O[C@@H]3O[C@H](CO)[C@@H](O)[C@H](O)[C@H]3O)OC=C[C@H]2[C@H](O)[C@H]1O
Mol_02622	Mol_02622::M01	acrylate_ester	michael_acceptor	3;2;1;0;10;11	3	O=C(/C=C/c1ccccc1)OC[C@]1(O)[C@H]2[C@H](O[C@@H]3O[C@H](CO)[C@@H](O)[C@H](O)[C@H]3O)OC=C[C@H]2[C@H](O)[C@@H]1Cl
Mol_02625	Mol_02625::M01	acrylate_ester	michael_acceptor	3;2;1;0;11;12	3	O=C(/C=C/c1ccc(O)cc1)OC[C@H]1O[C@@H](OOCCc2ccc(O)c(O)c2)[C@H](O)[C@@H](O)[C@@H]1O
Mol_02630	Mol_02630::M01	acrylate_ester	michael_acceptor	29;28;26;27;25;24	29	C[C@@H]1O[C@@H](OC[C@H]2O[C@@H](OCCc3ccc(O)c(O)c3)[C@H](O)[C@@H](O)[C@@H]2OC(=O)/C=C/c2ccc(O)c(O)c2)[C@H](O)[C@H](O)[C@H]1O
Mol_02631	Mol_02631::M01	enal	michael_acceptor	22;24;25;26	22	CC[C@@H](C)C[C@@H](C)/C=C/[C@@]12C[C@H]3[C@@H](C=C(C)C)[C@@](C/C=C(C)/C(C)=C/C=O)(C1=O)C(=O)[C@@](C(=O)c1ccccc1)(C2=O)C3(C)C
Mol_02631	Mol_02631::M02	aldehyde	reversible_carbonyl	24;25;26	25	CC[C@@H](C)C[C@@H](C)/C=C/[C@@]12C[C@H]3[C@@H](C=C(C)C)[C@@](C/C=C(C)/C(C)=C/C=O)(C1=O)C(=O)[C@@](C(=O)c1ccccc1)(C2=O)C3(C)C
Mol_02632	Mol_02632::M01	acrylamide	michael_acceptor	2;3;4;5;6	2	CC(/C=C/C(=O)NC(Cc1ccc(O)cc1)C(=O)O)=C\[C@H](C)CCCCCC(=O)O
Mol_02633	Mol_02633::M01	acrylamide	michael_acceptor	11;12;13;14;15	11	CCCCCC[C@@H](C)/C=C(C)/C=C/C(=O)N[C@@H]1C[C@@H](OC)O[C@@H]2[C@H](Cl)C(=O)C(Cl)=C[C@@]21O
Mol_02633	Mol_02633::M02	enone_cyclic	michael_acceptor	29;27;25;26;23	29	CCCCCC[C@@H](C)/C=C(C)/C=C/C(=O)N[C@@H]1C[C@@H](OC)O[C@@H]2[C@H](Cl)C(=O)C(Cl)=C[C@@]21O
Mol_02633	Mol_02633::M03	alpha_halo_carbonyl	sn2_alkylation	27;25;26;23;24	23	CCCCCC[C@@H](C)/C=C(C)/C=C/C(=O)N[C@@H]1C[C@@H](OC)O[C@@H]2[C@H](Cl)C(=O)C(Cl)=C[C@@]21O
Mol_02634	Mol_02634::M01	acrylamide	michael_acceptor	2;3;4;6;5	2	CC(/C=C/C(N)=O)=C\[C@H](C)CC(=O)O
Mol_02635	Mol_02635::M01	acrylamide	michael_acceptor	11;12;13;14;15	11	CCCCCC[C@@H](C)/C=C(C)/C=C/C(=O)N[C@H]1CC2(O[C@H]1OC)[C@@H]1O[C@@H]1C(=O)[C@@H]1O[C@@H]12
Mol_02635	Mol_02635::M02	epoxide	sn2_ring_opening	23;24;25	23;25	CCCCCC[C@@H](C)/C=C(C)/C=C/C(=O)N[C@H]1CC2(O[C@H]1OC)[C@@H]1O[C@@H]1C(=O)[C@@H]1O[C@@H]12
Mol_02635	Mol_02635::M03	epoxide	sn2_ring_opening	28;29;30	28;30	CCCCCC[C@@H](C)/C=C(C)/C=C/C(=O)N[C@H]1CC2(O[C@H]1OC)[C@@H]1O[C@@H]1C(=O)[C@@H]1O[C@@H]12
Mol_02636	Mol_02636::M01	acrylamide	michael_acceptor	2;3;4;5;6	2	CC(/C=C/C(=O)N[C@@H](Cc1ccc(O)cc1)C(=O)O)=C\[C@@H](C)CCCCCCO
Mol_02637	Mol_02637::M01	acrylamide	michael_acceptor	2;3;4;5;6	2	CC(/C=C/C(=O)NC(CO)Cc1ccc(O)cc1)=C\C(C)CC(=O)O
Mol_02638	Mol_02638::M01	acrylamide	michael_acceptor	11;12;13;14;15	11	CCCCCC[C@@H](C)/C=C(C)/C=C/C(=O)NC1CC2(OC1O)[C@@H]1O[C@@H]1C(=O)[C@@H]1O[C@@H]12
Mol_02638	Mol_02638::M02	epoxide	sn2_ring_opening	22;23;24	22;24	CCCCCC[C@@H](C)/C=C(C)/C=C/C(=O)NC1CC2(OC1O)[C@@H]1O[C@@H]1C(=O)[C@@H]1O[C@@H]12
Mol_02638	Mol_02638::M03	epoxide	sn2_ring_opening	27;28;29	27;29	CCCCCC[C@@H](C)/C=C(C)/C=C/C(=O)NC1CC2(OC1O)[C@@H]1O[C@@H]1C(=O)[C@@H]1O[C@@H]12
Mol_02639	Mol_02639::M01	acrylamide	michael_acceptor	11;12;13;14;15	11	CCCCCCC(C)/C=C(C)/C=C/C(=O)NC1CC2(OC1O)C1OC1C(O)C1OC12
Mol_02639	Mol_02639::M02	epoxide	sn2_ring_opening	22;23;24	22;24	CCCCCCC(C)/C=C(C)/C=C/C(=O)NC1CC2(OC1O)C1OC1C(O)C1OC12
Mol_02639	Mol_02639::M03	epoxide	sn2_ring_opening	27;28;29	27;29	CCCCCCC(C)/C=C(C)/C=C/C(=O)NC1CC2(OC1O)C1OC1C(O)C1OC12
Mol_02640	Mol_02640::M01	acrylamide	michael_acceptor	11;12;13;14;15	11	CCCCCC[C@@H](C)/C=C(C)/C=C/C(=O)N[C@H]1C[C@]2(O[C@@H]1O)[C@@H]1O[C@@H]1[C@](O)(CC(C)=O)[C@@H]1O[C@@H]12
Mol_02640	Mol_02640::M02	epoxide	sn2_ring_opening	22;23;24	22;24	CCCCCC[C@@H](C)/C=C(C)/C=C/C(=O)N[C@H]1C[C@]2(O[C@@H]1O)[C@@H]1O[C@@H]1[C@](O)(CC(C)=O)[C@@H]1O[C@@H]12
Mol_02640	Mol_02640::M03	epoxide	sn2_ring_opening	31;32;33	31;33	CCCCCC[C@@H](C)/C=C(C)/C=C/C(=O)N[C@H]1C[C@]2(O[C@@H]1O)[C@@H]1O[C@@H]1[C@](O)(CC(C)=O)[C@@H]1O[C@@H]12
Mol_02641	Mol_02641::M01	acrylamide	michael_acceptor	11;12;13;15;14	11	CCCCCC[C@@H](C)/C=C(C)/C=C/C(N)=O
Mol_02642	Mol_02642::M01	acrylamide	michael_acceptor	11;12;13;14;15	11	CCCCCCC(C)/C=C(C)/C=C/C(=O)NC1CC2(C=C(Cl)C(=O)C(Cl)=C2)OC1O
Mol_02642	Mol_02642::M02	enone_cyclic	michael_acceptor	19;20;22;23;24	19	CCCCCCC(C)/C=C(C)/C=C/C(=O)NC1CC2(C=C(Cl)C(=O)C(Cl)=C2)OC1O
Mol_02642	Mol_02642::M03	enone_cyclic	michael_acceptor	26;24;22;23;20	26	CCCCCCC(C)/C=C(C)/C=C/C(=O)NC1CC2(C=C(Cl)C(=O)C(Cl)=C2)OC1O
Mol_02643	Mol_02643::M01	acrylamide	michael_acceptor	11;12;13;14;15	11	CCCCCC[C@@H](C)/C=C(C)/C=C/C(=O)N[C@H]1C[C@]2(C=C(Cl)C(=O)[C@H](Cl)[C@H]2O)O[C@H]1OC
Mol_02643	Mol_02643::M02	enone_cyclic	michael_acceptor	19;20;22;23;24	19	CCCCCC[C@@H](C)/C=C(C)/C=C/C(=O)N[C@H]1C[C@]2(C=C(Cl)C(=O)[C@H](Cl)[C@H]2O)O[C@H]1OC
Mol_02643	Mol_02643::M03	alpha_halo_carbonyl	sn2_alkylation	20;22;23;24;25	24	CCCCCC[C@@H](C)/C=C(C)/C=C/C(=O)N[C@H]1C[C@]2(C=C(Cl)C(=O)[C@H](Cl)[C@H]2O)O[C@H]1OC
Mol_02644	Mol_02644::M01	enone_cyclic	michael_acceptor	14;12;10;11;9	14	CCCCCCC(=O)O[C@H]1C(=O)C(C)=C(\C=C/C(C)=C/C=C/C(C)=C/C=C/C=C(C)/C=C/C=C(C)/C=C/C2=C(C)C(=O)[C@H](OC(=O)CCCCCC)C2(C)C)C1(C)C
Mol_02644	Mol_02644::M02	enone_cyclic	michael_acceptor	37;38;40;41;42	37	CCCCCCC(=O)O[C@H]1C(=O)C(C)=C(\C=C/C(C)=C/C=C/C(C)=C/C=C/C=C(C)/C=C/C=C(C)/C=C/C2=C(C)C(=O)[C@H](OC(=O)CCCCCC)C2(C)C)C1(C)C
Mol_02671	Mol_02671::M01	enone_cyclic	michael_acceptor	19;18;16;17;15	19	C=C[C@@H]1C[C@@H](Cc2ccc(OC)c(O)c2)[C@H]2C(=O)C=CC(=C)[C@H]21
Mol_02672	Mol_02672::M01	enone_cyclic	michael_acceptor	19;18;16;17;15	19	C=C[C@@H]1C[C@@H](Cc2ccc(O)c(OC)c2)[C@@H]2C(=O)C=CC(=C)[C@H]21
Mol_02676	Mol_02676::M01	acrylic_acid	michael_acceptor	4;3;1;0;2	4	O=C(O)/C=C/c1ccc(O)c(O)c1
Mol_02677	Mol_02677::M01	acrylate_ester	michael_acceptor	3;2;1;0;12;13	3	O=C(/C=C/c1ccc(O)c(O)c1)O[C@H](Cc1ccc(O)c(O)c1)C(=O)O
Mol_02695	Mol_02695::M01	acrylate_ester	michael_acceptor	16;15;13;14;12;11	16	COC(=O)[C@@]1(O)C[C@@H](O)[C@H](O)[C@H](OC(=O)/C=C/c2ccc(O)c(O)c2)C1
Mol_02696	Mol_02696::M01	acrylate_ester	michael_acceptor	3;2;1;0;12;13	3	O=C(/C=C/c1ccc(O)c(O)c1)OC1CC(O)(C(=O)O)CC(O)C1O
Mol_02702	Mol_02702::M01	enone_cyclic	michael_acceptor	2;1;18;19;7	2	CC1=C[C@@H](O)[C@@H](O)[C@@H](OCc2c(C)cccc2O)C1=O
Mol_02704	Mol_02704::M01	epoxide	sn2_ring_opening	5;6;7	5;7	C[C@@H]1C[C@H](O)[C@H]2O[C@H]2C1=O
Mol_02705	Mol_02705::M01	enone_cyclic	michael_acceptor	2;1;8;9;7	2	CC1=C[C@H](O)[C@@H](O)CC1=O
Mol_02707	Mol_02707::M01	enone_cyclic	michael_acceptor	2;3;4;5;6	2	O=C1C=CC(=O)C(CO)=C1
Mol_02707	Mol_02707::M02	enone_cyclic	michael_acceptor	3;2;1;0;9	3	O=C1C=CC(=O)C(CO)=C1
Mol_02707	Mol_02707::M03	enone_cyclic	michael_acceptor	6;9;1;0;2	6	O=C1C=CC(=O)C(CO)=C1
Mol_02707	Mol_02707::M04	enone_cyclic	michael_acceptor	9;6;4;5;3	9	O=C1C=CC(=O)C(CO)=C1
Mol_02707	Mol_02707::M05	para_quinone	michael_acceptor	0;1;2;3;4;5;6;9	2;3;6;9	O=C1C=CC(=O)C(CO)=C1
Mol_02709	Mol_02709::M01	aldehyde	reversible_carbonyl	2;1;0	1	O=Cc1cc(O)ccc1O
Mol_02713	Mol_02713::M01	aldehyde	reversible_carbonyl	8;9;10	9	Cc1c(O)c(O)c2c(c1C=O)C1OC(O2)c2c(C)c(O)c(O)c(O)c2C1=O
Mol_02714	Mol_02714::M01	enone_cyclic	michael_acceptor	2;1;21;22;19	2	CC1=C(C)[C@@]2(C)Cc3c(O)c(O)c(O)c(C)c3C(=O)[C@]2(O)C1=O
Mol_02717	Mol_02717::M01	aldehyde	reversible_carbonyl	12;13;14	13	COCc1c(C)c(O)c(O)c(O)c1C=O
Mol_02722	Mol_02722::M01	aldehyde	reversible_carbonyl	8;9;10	9	Cc1c(O)c(O)c(O)c(C=O)c1-c1cc2c(C=O)c(C)c(O)c(O)c2o1
Mol_02722	Mol_02722::M02	aldehyde	reversible_carbonyl	15;16;17	16	Cc1c(O)c(O)c(O)c(C=O)c1-c1cc2c(C=O)c(C)c(O)c(O)c2o1
Mol_02726	Mol_02726::M01	para_quinone	michael_acceptor	9;8;7;6;18;19;17;10	6;7;10;17	Cc1cc(O)cc2c1C(=O)c1c(O)cc(O)cc1C2=O
Mol_02727	Mol_02727::M01	para_quinone	michael_acceptor	10;9;7;6;22;23;21;11	6;7;11;21	COc1cc(O)c2c(c1)C(=O)c1cc(O)c(C(=O)O)c(C)c1C2=O
Mol_02751	Mol_02751::M01	aldehyde	reversible_carbonyl	2;1;0	1	O=Cc1ccc(CO)n1CCCC(=O)O
Mol_02781	Mol_02781::M01	enone_cyclic	michael_acceptor	38;39;40;41;34	38	COc1cc(O)c2c(c1-c1c(OC)cc(O)c3c1C(=O)c1cc(C)c(O)c(-c4c(OC)cc(O)c5c4C(=O)C4=C(C5=O)[C@H](O)[C@@H](O)[C@@](C)(O)[C@@H]4O)c1C3=O)C(=O)C1=C(C2=O)[C@H](O)[C@@H](O)[C@@](C)(O)[C@@H]1O
Mol_02781	Mol_02781::M02	enone_cyclic	michael_acceptor	39;38;36;37;35	39	COc1cc(O)c2c(c1-c1c(OC)cc(O)c3c1C(=O)c1cc(C)c(O)c(-c4c(OC)cc(O)c5c4C(=O)C4=C(C5=O)[C@H](O)[C@@H](O)[C@@](C)(O)[C@@H]4O)c1C3=O)C(=O)C1=C(C2=O)[C@H](O)[C@@H](O)[C@@](C)(O)[C@@H]1O
Mol_02781	Mol_02781::M03	enone_cyclic	michael_acceptor	56;57;58;59;6	56	COc1cc(O)c2c(c1-c1c(OC)cc(O)c3c1C(=O)c1cc(C)c(O)c(-c4c(OC)cc(O)c5c4C(=O)C4=C(C5=O)[C@H](O)[C@@H](O)[C@@](C)(O)[C@@H]4O)c1C3=O)C(=O)C1=C(C2=O)[C@H](O)[C@@H](O)[C@@](C)(O)[C@@H]1O
Mol_02781	Mol_02781::M04	enone_cyclic	michael_acceptor	57;56;54;55;7	57	COc1cc(O)c2c(c1-c1c(OC)cc(O)c3c1C(=O)c1cc(C)c(O)c(-c4c(OC)cc(O)c5c4C(=O)C4=C(C5=O)[C@H](O)[C@@H](O)[C@@](C)(O)[C@@H]4O)c1C3=O)C(=O)C1=C(C2=O)[C@H](O)[C@@H](O)[C@@](C)(O)[C@@H]1O
Mol_02781	Mol_02781::M05	para_quinone	michael_acceptor	19;18;17;16;52;53;51;20	16;17;20;51	COc1cc(O)c2c(c1-c1c(OC)cc(O)c3c1C(=O)c1cc(C)c(O)c(-c4c(OC)cc(O)c5c4C(=O)C4=C(C5=O)[C@H](O)[C@@H](O)[C@@](C)(O)[C@@H]4O)c1C3=O)C(=O)C1=C(C2=O)[C@H](O)[C@@H](O)[C@@](C)(O)[C@@H]1O
Mol_02781	Mol_02781::M06	para_quinone	michael_acceptor	37;36;35;34;40;41;39;38	34;35;38;39	COc1cc(O)c2c(c1-c1c(OC)cc(O)c3c1C(=O)c1cc(C)c(O)c(-c4c(OC)cc(O)c5c4C(=O)C4=C(C5=O)[C@H](O)[C@@H](O)[C@@](C)(O)[C@@H]4O)c1C3=O)C(=O)C1=C(C2=O)[C@H](O)[C@@H](O)[C@@](C)(O)[C@@H]1O
Mol_02781	Mol_02781::M07	para_quinone	michael_acceptor	55;54;7;6;58;59;57;56	6;7;56;57	COc1cc(O)c2c(c1-c1c(OC)cc(O)c3c1C(=O)c1cc(C)c(O)c(-c4c(OC)cc(O)c5c4C(=O)C4=C(C5=O)[C@H](O)[C@@H](O)[C@@](C)(O)[C@@H]4O)c1C3=O)C(=O)C1=C(C2=O)[C@H](O)[C@@H](O)[C@@](C)(O)[C@@H]1O
Mol_02782	Mol_02782::M01	enone_cyclic	michael_acceptor	20;21;22;23;16	20	COc1cc2c(c(O)c1-c1c(OC)cc(O)c3c1C(=O)C1=C(C3=O)[C@H](O)[C@@H](O)[C@@](C)(O)[C@@H]1O)C(=O)c1c(cc(C)c(O)c1-c1c(OC)cc(O)c3c1C(=O)C1=C(C3=O)[C@H](O)[C@@H](O)[C@@](C)(O)[C@@H]1O)C2=O
Mol_02782	Mol_02782::M02	enone_cyclic	michael_acceptor	21;20;18;19;17	21	COc1cc2c(c(O)c1-c1c(OC)cc(O)c3c1C(=O)C1=C(C3=O)[C@H](O)[C@@H](O)[C@@](C)(O)[C@@H]1O)C(=O)c1c(cc(C)c(O)c1-c1c(OC)cc(O)c3c1C(=O)C1=C(C3=O)[C@H](O)[C@@H](O)[C@@](C)(O)[C@@H]1O)C2=O
Mol_02782	Mol_02782::M03	enone_cyclic	michael_acceptor	54;55;56;57;50	54	COc1cc2c(c(O)c1-c1c(OC)cc(O)c3c1C(=O)C1=C(C3=O)[C@H](O)[C@@H](O)[C@@](C)(O)[C@@H]1O)C(=O)c1c(cc(C)c(O)c1-c1c(OC)cc(O)c3c1C(=O)C1=C(C3=O)[C@H](O)[C@@H](O)[C@@](C)(O)[C@@H]1O)C2=O
Mol_02782	Mol_02782::M04	enone_cyclic	michael_acceptor	55;54;52;53;51	55	COc1cc2c(c(O)c1-c1c(OC)cc(O)c3c1C(=O)C1=C(C3=O)[C@H](O)[C@@H](O)[C@@](C)(O)[C@@H]1O)C(=O)c1c(cc(C)c(O)c1-c1c(OC)cc(O)c3c1C(=O)C1=C(C3=O)[C@H](O)[C@@H](O)[C@@](C)(O)[C@@H]1O)C2=O
Mol_02782	Mol_02782::M05	para_quinone	michael_acceptor	19;18;17;16;22;23;21;20	16;17;20;21	COc1cc2c(c(O)c1-c1c(OC)cc(O)c3c1C(=O)C1=C(C3=O)[C@H](O)[C@@H](O)[C@@](C)(O)[C@@H]1O)C(=O)c1c(cc(C)c(O)c1-c1c(OC)cc(O)c3c1C(=O)C1=C(C3=O)[C@H](O)[C@@H](O)[C@@](C)(O)[C@@H]1O)C2=O
Mol_02782	Mol_02782::M06	para_quinone	michael_acceptor	34;33;5;4;67;68;36;35	4;5;35;36	COc1cc2c(c(O)c1-c1c(OC)cc(O)c3c1C(=O)C1=C(C3=O)[C@H](O)[C@@H](O)[C@@](C)(O)[C@@H]1O)C(=O)c1c(cc(C)c(O)c1-c1c(OC)cc(O)c3c1C(=O)C1=C(C3=O)[C@H](O)[C@@H](O)[C@@](C)(O)[C@@H]1O)C2=O
Mol_02782	Mol_02782::M07	para_quinone	michael_acceptor	53;52;51;50;56;57;55;54	50;51;54;55	COc1cc2c(c(O)c1-c1c(OC)cc(O)c3c1C(=O)C1=C(C3=O)[C@H](O)[C@@H](O)[C@@](C)(O)[C@@H]1O)C(=O)c1c(cc(C)c(O)c1-c1c(OC)cc(O)c3c1C(=O)C1=C(C3=O)[C@H](O)[C@@H](O)[C@@](C)(O)[C@@H]1O)C2=O
Mol_02787	Mol_02787::M01	acrylate_ester	michael_acceptor	16;15;13;14;12;11	16	CC[C@@H]1OC(O[C@@H]2[C@@H](O)[C@@H](O)C(OC(=O)/C=C/c3ccc(O)c(O)c3)O[C@H]2O)[C@@H](O)[C@H](O)[C@H]1O
Mol_02788	Mol_02788::M01	acrylic_acid	michael_acceptor	21;22;23;24;25	21	C[C@@]1(O)C2C3C[C@@H]1OC(=O)CC(=O)OC[C@H]1O[C@@H](O[C@@H]2OC=C3C(=O)O)[C@H](O)[C@@H](O)[C@@H]1O
Mol_02789	Mol_02789::M01	enone_cyclic	michael_acceptor	8;9;20;21;22	8	CC1(C)CCC[C@]2(C)C3=C(CC(C)([C@H](O)CO)CC3=O)C(=O)CC12
Mol_02789	Mol_02789::M02	enone_cyclic	michael_acceptor	9;8;18;19;17	9	CC1(C)CCC[C@]2(C)C3=C(CC(C)([C@H](O)CO)CC3=O)C(=O)CC12
Mol_02790	Mol_02790::M01	enone_cyclic	michael_acceptor	8;9;19;20;21	8	CC1(C)CCC[C@]2(C)C3=C(CC(C)([C@H](O)CO)CC3)C(=O)CC12
Mol_02791	Mol_02791::M01	enone_cyclic	michael_acceptor	8;9;20;21;22	8	CC1(C)CCC[C@]2(C)C3=C(CC(CO)([C@H](O)CO)CC3)C(=O)CC12
Mol_02794	Mol_02794::M01	epoxide	sn2_ring_opening	34;36;35	34;35	CO[C@H]1C[C@@H]2C[C@@H]([C@@]3(C)[C@H](C)C[C@H](OC(C)=O)[C@]4(COC(C)=O)[C@@H]3C[C@@H](O)[C@H](OC(=O)C(C)C)[C@]43CO3)O[C@@H]2O1
Mol_02795	Mol_02795::M01	epoxide	sn2_ring_opening	34;36;35	34;35	CO[C@@H]1C[C@@H]2C[C@@H]([C@@]3(C)[C@H](C)C[C@H](OC(C)=O)[C@]4(COC(C)=O)[C@@H]3C[C@@H](O)[C@H](OC(=O)C(C)C)[C@]43CO3)O[C@@H]2O1
Mol_02796	Mol_02796::M01	epoxide	sn2_ring_opening	34;36;35	34;35	CO[C@@H]1C[C@@H]2C[C@@H]([C@@]3(C)[C@H](C)C[C@H](OC(C)=O)[C@]4(COC(C)=O)[C@@H]3C[C@H](O)[C@H](OC(=O)C(C)C)[C@]43CO3)O[C@@H]2O1
Mol_02797	Mol_02797::M01	epoxide	sn2_ring_opening	38;40;39	38;39	CC[C@@H](C)C(=O)O[C@H]1[C@H](O)C[C@@H]2[C@@](C)([C@@H]3C[C@H]4C[C@@H](OC)O[C@H]4O3)[C@H](C)C[C@H](OC(C)=O)[C@@]2(COC(C)=O)[C@@]12CO2
Mol_02798	Mol_02798::M01	epoxide	sn2_ring_opening	36;38;37	36;37	CCC(C)C(=O)O[C@H]1[C@H](O)C[C@@H]2[C@@](C)([C@@H]3C[C@H]4CCO[C@H]4O3)[C@H](C)C[C@H](OC(C)=O)[C@@]2(COC(C)=O)[C@@]12CO2
Mol_02808	Mol_02808::M01	enal	michael_acceptor	12;13;14;15	12	CC(=O)OC[C@]1(C)C2C[C@H](O)[C@]34C=C(C=O)[C@H](CCC3[C@]2(C)CC[C@H]1O)C4
Mol_02808	Mol_02808::M02	aldehyde	reversible_carbonyl	13;14;15	14	CC(=O)OC[C@]1(C)C2C[C@H](O)[C@]34C=C(C=O)[C@H](CCC3[C@]2(C)CC[C@H]1O)C4
Mol_02809	Mol_02809::M01	enal	michael_acceptor	15;16;17;18	15	CC(=O)O[C@@H]1CC[C@@]2(C)C3CC[C@@H]4C[C@]3(C=C4C=O)[C@@H](O)CC2[C@@]1(C)CO
Mol_02809	Mol_02809::M02	aldehyde	reversible_carbonyl	16;17;18	17	CC(=O)O[C@@H]1CC[C@@]2(C)C3CC[C@@H]4C[C@]3(C=C4C=O)[C@@H](O)CC2[C@@]1(C)CO
Mol_02812	Mol_02812::M01	epoxide	sn2_ring_opening	23;26;27	23;27	CC(=O)OC[C@]1(C)C2C[C@H](O)[C@@]34C[C@@H](CCC3[C@]2(C)CC[C@H]1O)[C@]1(CO)O[C@@H]14
Mol_02813	Mol_02813::M01	epoxide	sn2_ring_opening	23;24;25	23;25	CC(=O)O[C@@H]1CC[C@@]2(C)C3CC[C@@H]4C[C@@]3([C@@H](O)CC2[C@@]1(C)CO)[C@H]1O[C@@]41CO
Mol_02817	Mol_02817::M01	epoxide	sn2_ring_opening	5;6;7	5;7	CC(=O)OC[C@@]12O[C@@H]1[C@]13C[C@H]2CCC1[C@]1(C)CC[C@@H](OC(C)=O)[C@](C)(COC(C)=O)C1C[C@@H]3OC(C)=O
Mol_02856	Mol_02856::M01	epoxide	sn2_ring_opening	36;38;37	36;37	CC[C@H](C)C(=O)O[C@H]1[C@H](O)C[C@@H]2[C@@](C)([C@@H]3C[C@H]4CCO[C@H]4O3)[C@H](C)C[C@H](OC(C)=O)[C@@]2(COC(C)=O)[C@@]12CO2
Mol_02860	Mol_02860::M01	acrylamide	michael_acceptor	5;6;7;8;9	5	CO[C@H]1C=CC2=CC(=O)N3CCc4cc5c(cc4[C@]23C1)OCO5
Mol_02885	Mol_02885::M01	para_quinone	michael_acceptor	32;31;30;29;40;41;39;33	29;30;33;39	Cc1cc(O)c2c(c1)[C@@](O)([C@@H]1OC[C@@H](O)[C@H](O)[C@H]1O)c1ccc(-c3c(C)cc(O)c4c3C(=O)c3cccc(O)c3C4=O)c(O)c1C2=O
Mol_02886	Mol_02886::M01	para_quinone	michael_acceptor	32;31;30;29;40;41;39;33	29;30;33;39	Cc1cc(O)c2c(c1)[C@](O)([C@@H]1OC[C@@H](O)[C@H](O)[C@H]1O)c1ccc(-c3c(C)cc(O)c4c3C(=O)c3cccc(O)c3C4=O)c(O)c1C2=O
Mol_02887	Mol_02887::M01	para_quinone	michael_acceptor	32;31;30;29;40;41;39;33	29;30;33;39	Cc1cc(O)c2c(c1)[C@](O)([C@H]1OC[C@H](O)[C@H](O)[C@H]1O)c1ccc(-c3c(C)cc(O)c4c3C(=O)c3cccc(O)c3C4=O)c(O)c1C2=O
Mol_02888	Mol_02888::M01	para_quinone	michael_acceptor	32;31;30;29;40;41;39;33	29;30;33;39	Cc1cc(O)c2c(c1)[C@@](O)([C@H]1OC[C@H](O)[C@H](O)[C@H]1O)c1ccc(-c3c(C)cc(O)c4c3C(=O)c3cccc(O)c3C4=O)c(O)c1C2=O
Mol_02902	Mol_02902::M01	acrylate_ester	michael_acceptor	0;1;2;3;4;5	0	C=C1C(=O)O[C@@H]2/C=C(\C)CC/C=C(\C)CC[C@@H]12
Mol_02902	Mol_02902::M02	methylene_butyrolactone	michael_acceptor	0;1;2;3;4	0	C=C1C(=O)O[C@@H]2/C=C(\C)CC/C=C(\C)CC[C@@H]12
Mol_02903	Mol_02903::M01	acrylate_ester	michael_acceptor	0;1;2;3;4;5	0	C=C1C(=O)O[C@H]2[C@H]1CC/C(C)=C/CC[C@@]1(C)O[C@@H]21
Mol_02903	Mol_02903::M02	methylene_butyrolactone	michael_acceptor	0;1;2;3;4	0	C=C1C(=O)O[C@H]2[C@H]1CC/C(C)=C/CC[C@@]1(C)O[C@@H]21
Mol_02903	Mol_02903::M03	epoxide	sn2_ring_opening	14;16;17	14;17	C=C1C(=O)O[C@H]2[C@H]1CC/C(C)=C/CC[C@@]1(C)O[C@@H]21
Mol_02912	Mol_02912::M01	acrylate_ester	michael_acceptor	5;6;7;8;9;10	5	COc1cc(/C=C/C(=O)OCCc2ccc(O)cc2)ccc1O
Mol_02917	Mol_02917::M01	enone_cyclic	michael_acceptor	18;19;20;21;22	18	CC(C)(O)[C@H](CO)C[C@@H](O)[C@](C)(O)C1CC[C@@]2(O)C3=CC(=O)[C@@H]4C[C@@H](O)[C@@H](O)C[C@]4(C)C3CC[C@]12C
Mol_02919	Mol_02919::M01	enone_cyclic	michael_acceptor	16;17;18;19;20	16	CC(C)(O)CC[C@@H](O)[C@](C)(O)[C@H]1CC[C@@]2(O)C3=CC(=O)[C@@H]4C[C@@H](O)[C@@H](O)C[C@]4(C)[C@H]3[C@H](O)C[C@]12C
Mol_02920	Mol_02920::M01	enone_cyclic	michael_acceptor	14;15;16;17;18	14	CC[C@H](C[C@@H](O)[C@](C)(O)[C@H]1CC[C@@]2(O)C3=CC(=O)[C@@H]4C[C@@H](O)[C@@H](O)C[C@]4(C)[C@H]3CC[C@]12C)C(C)(C)O
Mol_02921	Mol_02921::M01	enone_cyclic	michael_acceptor	18;19;20;21;22	18	CO[C@H](CCC(C)(C)O)[C@](C)(OC)C1CC[C@@]2(O)C3=CC(=O)[C@@H]4C[C@@H](O)[C@@H](O)C[C@]4(C)C3CC[C@]12C
Mol_02924	Mol_02924::M01	acrylate_ester	michael_acceptor	18;19;20;21;22;23	18	COC(=O)C(O)[C@H]1C(C)(C)[C@H](OC(C)=O)[C@@H]2C[C@H]3C4=CC(=O)O[C@@H](c5ccoc5)[C@]4(C)CC[C@@H]3[C@@]1(C)C2=O
Mol_02924	Mol_02924::M02	unsat_lactone	michael_acceptor	22;20;21;19;18	18	COC(=O)C(O)[C@H]1C(C)(C)[C@H](OC(C)=O)[C@@H]2C[C@H]3C4=CC(=O)O[C@@H](c5ccoc5)[C@]4(C)CC[C@@H]3[C@@]1(C)C2=O
Mol_02925	Mol_02925::M01	epoxide	sn2_ring_opening	17;18;19	17;19	COC(=O)[C@@H](O)[C@H]1[C@@]2(C)C[C@]3(O)[C@@H](C(=O)[C@H]2O)[C@]24O[C@]25CC(=O)O[C@@H](c2ccoc2)[C@]5(C)CC[C@@H]4[C@]13C
Mol_02931	Mol_02931::M01	enone_cyclic	michael_acceptor	9;10;11;12;13	9	COC(=O)[C@@]1(C)[C@@H]([C@@]2(C)C=CC(=O)C(C)(C)[C@@H]2CO[C@@H]2O[C@H](CO)[C@@H](O)[C@H](O)[C@H]2O)CC[C@@]2(C)[C@H](c3ccoc3)OC(=O)[C@H]3O[C@]321
Mol_02931	Mol_02931::M02	epoxide	sn2_ring_opening	43;44;45	43;45	COC(=O)[C@@]1(C)[C@@H]([C@@]2(C)C=CC(=O)C(C)(C)[C@@H]2CO[C@@H]2O[C@H](CO)[C@@H](O)[C@H](O)[C@H]2O)CC[C@@]2(C)[C@H](c3ccoc3)OC(=O)[C@H]3O[C@]321
Mol_02934	Mol_02934::M01	epoxide	sn2_ring_opening	20;21;22	20;22	COC(=O)[C@@H](O)[C@H]1[C@@]2(C)C[C@]3(OC(C)=O)[C@@H](C(=O)[C@H]2O)[C@]24O[C@]25CC(=O)O[C@@H](c2ccoc2)[C@]5(C)CC[C@@H]4[C@]13C
Mol_02938	Mol_02938::M01	acrylate_ester	michael_acceptor	19;20;21;22;23;24	19	COC(=O)[C@@H](O)[C@H]1[C@@]2(C)C[C@]3(O)[C@@H](C(=O)[C@H]2O)[C@]2(O)C4=CC(=O)O[C@@H](c5ccoc5)[C@]4(C)CC[C@@H]2[C@]13C
Mol_02938	Mol_02938::M02	unsat_lactone	michael_acceptor	23;21;22;20;19	19	COC(=O)[C@@H](O)[C@H]1[C@@]2(C)C[C@]3(O)[C@@H](C(=O)[C@H]2O)[C@]2(O)C4=CC(=O)O[C@@H](c5ccoc5)[C@]4(C)CC[C@@H]2[C@]13C
Mol_02945	Mol_02945::M01	acrylate_ester	michael_acceptor	1;2;4;5;6;7	1	C/C=C(\C)C(=O)O[C@@H]1C2(OC(C)=O)[C@H]3OC4(C(C)C)OC35C3=CC(=O)O[C@@H](c6ccoc6)[C@]3(C)CCC5(O4)[C@]3(C)[C@@H](CC(=O)OC)[C@@]1(C)C[C@]23O
Mol_02945	Mol_02945::M02	acrylate_ester	michael_acceptor	21;22;23;24;25;26	21	C/C=C(\C)C(=O)O[C@@H]1C2(OC(C)=O)[C@H]3OC4(C(C)C)OC35C3=CC(=O)O[C@@H](c6ccoc6)[C@]3(C)CCC5(O4)[C@]3(C)[C@@H](CC(=O)OC)[C@@]1(C)C[C@]23O
Mol_02945	Mol_02945::M03	unsat_lactone	michael_acceptor	25;23;24;22;21	21	C/C=C(\C)C(=O)O[C@@H]1C2(OC(C)=O)[C@H]3OC4(C(C)C)OC35C3=CC(=O)O[C@@H](c6ccoc6)[C@]3(C)CCC5(O4)[C@]3(C)[C@@H](CC(=O)OC)[C@@]1(C)C[C@]23O
Mol_02946	Mol_02946::M01	acrylate_ester	michael_acceptor	1;2;4;5;6;7	1	C/C=C(\C)C(=O)O[C@@H]1C2(OC(C)=O)[C@H]3OC4(C(C)CC)OC35C3=CC(=O)O[C@@H](c6ccoc6)[C@]3(C)CCC5(O4)[C@]3(C)[C@@H](CC(=O)OC)[C@@]1(C)C[C@]23O
Mol_02946	Mol_02946::M02	acrylate_ester	michael_acceptor	22;23;24;25;26;27	22	C/C=C(\C)C(=O)O[C@@H]1C2(OC(C)=O)[C@H]3OC4(C(C)CC)OC35C3=CC(=O)O[C@@H](c6ccoc6)[C@]3(C)CCC5(O4)[C@]3(C)[C@@H](CC(=O)OC)[C@@]1(C)C[C@]23O
Mol_02946	Mol_02946::M03	unsat_lactone	michael_acceptor	26;24;25;23;22	22	C/C=C(\C)C(=O)O[C@@H]1C2(OC(C)=O)[C@H]3OC4(C(C)CC)OC35C3=CC(=O)O[C@@H](c6ccoc6)[C@]3(C)CCC5(O4)[C@]3(C)[C@@H](CC(=O)OC)[C@@]1(C)C[C@]23O
Mol_02947	Mol_02947::M01	acrylate_ester	michael_acceptor	1;2;4;5;6;7	1	C/C=C(\C)C(=O)O[C@@H]1C2(O)[C@H]3OC4(C(C)CC)OC35C3=CC(=O)O[C@@H](c6ccoc6)[C@]3(C)CCC5(O4)[C@]3(C)[C@@H](CC(=O)OC)[C@@]1(C)C[C@]23O
Mol_02947	Mol_02947::M02	acrylate_ester	michael_acceptor	19;20;21;22;23;24	19	C/C=C(\C)C(=O)O[C@@H]1C2(O)[C@H]3OC4(C(C)CC)OC35C3=CC(=O)O[C@@H](c6ccoc6)[C@]3(C)CCC5(O4)[C@]3(C)[C@@H](CC(=O)OC)[C@@]1(C)C[C@]23O
Mol_02947	Mol_02947::M03	unsat_lactone	michael_acceptor	23;21;22;20;19	19	C/C=C(\C)C(=O)O[C@@H]1C2(O)[C@H]3OC4(C(C)CC)OC35C3=CC(=O)O[C@@H](c6ccoc6)[C@]3(C)CCC5(O4)[C@]3(C)[C@@H](CC(=O)OC)[C@@]1(C)C[C@]23O
Mol_02948	Mol_02948::M01	acrylate_ester	michael_acceptor	1;2;4;5;6;7	1	C/C=C(\C)C(=O)O[C@@H]1C2(O)[C@H]3OC4(C(C)C)OC35C3=CC(=O)O[C@@H](c6ccoc6)[C@]3(C)CCC5(O4)[C@]3(C)[C@@H](CC(=O)OC)[C@@]1(C)C[C@]23O
Mol_02948	Mol_02948::M02	acrylate_ester	michael_acceptor	18;19;20;21;22;23	18	C/C=C(\C)C(=O)O[C@@H]1C2(O)[C@H]3OC4(C(C)C)OC35C3=CC(=O)O[C@@H](c6ccoc6)[C@]3(C)CCC5(O4)[C@]3(C)[C@@H](CC(=O)OC)[C@@]1(C)C[C@]23O
Mol_02948	Mol_02948::M03	unsat_lactone	michael_acceptor	22;20;21;19;18	18	C/C=C(\C)C(=O)O[C@@H]1C2(O)[C@H]3OC4(C(C)C)OC35C3=CC(=O)O[C@@H](c6ccoc6)[C@]3(C)CCC5(O4)[C@]3(C)[C@@H](CC(=O)OC)[C@@]1(C)C[C@]23O
Mol_02949	Mol_02949::M01	acrylate_ester	michael_acceptor	1;2;4;5;6;7	1	C/C=C(\C)C(=O)O[C@@H]1C2(O)[C@H]3OC4(C(C)CC)OC35C3=CC(=O)O[C@@H](c6ccoc6)[C@]3(C)CCC5(O4)[C@]3(C)[C@@H]([C@@H](O)C(=O)OC)[C@@]1(C)C[C@]23O
Mol_02949	Mol_02949::M02	acrylate_ester	michael_acceptor	19;20;21;22;23;24	19	C/C=C(\C)C(=O)O[C@@H]1C2(O)[C@H]3OC4(C(C)CC)OC35C3=CC(=O)O[C@@H](c6ccoc6)[C@]3(C)CCC5(O4)[C@]3(C)[C@@H]([C@@H](O)C(=O)OC)[C@@]1(C)C[C@]23O
Mol_02949	Mol_02949::M03	unsat_lactone	michael_acceptor	23;21;22;20;19	19	C/C=C(\C)C(=O)O[C@@H]1C2(O)[C@H]3OC4(C(C)CC)OC35C3=CC(=O)O[C@@H](c6ccoc6)[C@]3(C)CCC5(O4)[C@]3(C)[C@@H]([C@@H](O)C(=O)OC)[C@@]1(C)C[C@]23O
Mol_02950	Mol_02950::M01	acrylate_ester	michael_acceptor	1;2;4;5;6;7	1	C/C=C(\C)C(=O)O[C@@H]1C2(O)[C@H]3OC4(CC)OC35C3=CC(=O)O[C@@H](c6ccoc6)[C@]3(C)CCC5(O4)[C@]3(C)[C@@H](CC(=O)OC)[C@@]1(C)C[C@]23O
Mol_02950	Mol_02950::M02	acrylate_ester	michael_acceptor	17;18;19;20;21;22	17	C/C=C(\C)C(=O)O[C@@H]1C2(O)[C@H]3OC4(CC)OC35C3=CC(=O)O[C@@H](c6ccoc6)[C@]3(C)CCC5(O4)[C@]3(C)[C@@H](CC(=O)OC)[C@@]1(C)C[C@]23O
Mol_02950	Mol_02950::M03	unsat_lactone	michael_acceptor	21;19;20;18;17	17	C/C=C(\C)C(=O)O[C@@H]1C2(O)[C@H]3OC4(CC)OC35C3=CC(=O)O[C@@H](c6ccoc6)[C@]3(C)CCC5(O4)[C@]3(C)[C@@H](CC(=O)OC)[C@@]1(C)C[C@]23O
Mol_02951	Mol_02951::M01	acrylate_ester	michael_acceptor	1;2;4;5;6;7	1	C/C=C(\C)C(=O)O[C@H]1C(C)(C)[C@H]([C@@H](O)C(=O)OC)[C@]2(C)C(=O)[C@@]1(O)CC1=C3CC(=O)O[C@@H](c4ccoc4)[C@]3(C)CC[C@@H]12
Mol_02953	Mol_02953::M01	enone_cyclic	michael_acceptor	9;10;11;12;13	9	COC(=O)[C@]1(C)[C@@H]([C@@]2(C)C=CC(=O)C(C)(C)[C@@H]2CO)CC[C@@]2(C)[C@H](c3ccoc3)OC(=O)[C@H]3O[C@]321
Mol_02953	Mol_02953::M02	epoxide	sn2_ring_opening	32;33;34	32;34	COC(=O)[C@]1(C)[C@@H]([C@@]2(C)C=CC(=O)C(C)(C)[C@@H]2CO)CC[C@@]2(C)[C@H](c3ccoc3)OC(=O)[C@H]3O[C@]321
Mol_02954	Mol_02954::M01	acrylate_ester	michael_acceptor	1;2;4;5;6;7	1	C/C=C(\C)C(=O)O[C@@H]1C2(O)[C@H]3OC4(C)OC35C3=CC(=O)O[C@@H](c6ccoc6)[C@]3(C)CCC5(O4)[C@]3(C)[C@@H](CC(=O)OC)[C@@]1(C)C[C@]23O
Mol_02954	Mol_02954::M02	acrylate_ester	michael_acceptor	16;17;18;19;20;21	16	C/C=C(\C)C(=O)O[C@@H]1C2(O)[C@H]3OC4(C)OC35C3=CC(=O)O[C@@H](c6ccoc6)[C@]3(C)CCC5(O4)[C@]3(C)[C@@H](CC(=O)OC)[C@@]1(C)C[C@]23O
Mol_02954	Mol_02954::M03	unsat_lactone	michael_acceptor	20;18;19;17;16	16	C/C=C(\C)C(=O)O[C@@H]1C2(O)[C@H]3OC4(C)OC35C3=CC(=O)O[C@@H](c6ccoc6)[C@]3(C)CCC5(O4)[C@]3(C)[C@@H](CC(=O)OC)[C@@]1(C)C[C@]23O
Mol_02956	Mol_02956::M01	acrylate_ester	michael_acceptor	1;2;4;5;6;7	1	C/C=C(\C)C(=O)O[C@H]1C(C)(C)[C@H]([C@@H](O)C(=O)OC)[C@]2(C)C(=O)[C@@]1(O)[C@H]1O[C@]13[C@@H]1CC(=O)O[C@@H](c4ccoc4)[C@]1(C)CC[C@H]23
Mol_02956	Mol_02956::M02	epoxide	sn2_ring_opening	24;25;26	24;26	C/C=C(\C)C(=O)O[C@H]1C(C)(C)[C@H]([C@@H](O)C(=O)OC)[C@]2(C)C(=O)[C@@]1(O)[C@H]1O[C@]13[C@@H]1CC(=O)O[C@@H](c4ccoc4)[C@]1(C)CC[C@H]23
Mol_02957	Mol_02957::M01	enone_cyclic	michael_acceptor	6;5;3;4;1	6	CC1(C)C(=O)C=C[C@]2(C)C3CC[C@@]4(C)[C@H](c5ccoc5)OC(=O)[C@H]5O[C@]54[C@]3(C)C(=O)C[C@@H]12
Mol_02957	Mol_02957::M02	epoxide	sn2_ring_opening	23;24;25	23;25	CC1(C)C(=O)C=C[C@]2(C)C3CC[C@@]4(C)[C@H](c5ccoc5)OC(=O)[C@H]5O[C@]54[C@]3(C)C(=O)C[C@@H]12
Mol_02960	Mol_02960::M01	acrylate_ester	michael_acceptor	1;2;4;5;6;7	1	C/C=C(\C)C(=O)OC1[C@]2(C)C[C@@]3(O)[C@@](C)([C@H]2CC(=O)OC)[C@]24OC5(C(C)CC)O[C@@H]([C@]2(O5)C2=CC(=O)O[C@@H](c5ccoc5)[C@]2(C)C[C@H]4O)[C@@]13OC(C)=O
Mol_02960	Mol_02960::M02	acrylate_ester	michael_acceptor	32;33;34;35;36;37	32	C/C=C(\C)C(=O)OC1[C@]2(C)C[C@@]3(O)[C@@](C)([C@H]2CC(=O)OC)[C@]24OC5(C(C)CC)O[C@@H]([C@]2(O5)C2=CC(=O)O[C@@H](c5ccoc5)[C@]2(C)C[C@H]4O)[C@@]13OC(C)=O
Mol_02960	Mol_02960::M03	unsat_lactone	michael_acceptor	36;34;35;33;32	32	C/C=C(\C)C(=O)OC1[C@]2(C)C[C@@]3(O)[C@@](C)([C@H]2CC(=O)OC)[C@]24OC5(C(C)CC)O[C@@H]([C@]2(O5)C2=CC(=O)O[C@@H](c5ccoc5)[C@]2(C)C[C@H]4O)[C@@]13OC(C)=O
Mol_02961	Mol_02961::M01	acrylate_ester	michael_acceptor	1;2;4;5;6;7	1	C/C=C(\C)C(=O)OC1C(C)(C)[C@H](CC(=O)OC)[C@]2(C)C(=O)[C@@]1(O)C=C1C3CC(=O)O[C@@H](c4ccoc4)[C@]3(C)CCC12
Mol_02962	Mol_02962::M01	acrylate_ester	michael_acceptor	1;2;4;5;6;7	1	C/C=C(\C)C(=O)OC1C(C)(C)[C@H]([C@@H](OC(C)=O)C(=O)OC)[C@]2(C)C(=O)[C@@]1(O)C=C1C3CC(=O)O[C@@H](c4ccoc4)[C@]3(C)CCC12
Mol_02967	Mol_02967::M01	acrylate_ester	michael_acceptor	1;2;4;5;6;7	1	C/C=C(/C)C(=O)O[C@@H]1C23O[C@](C)(OC)OC2C24OC5(C)OC2(C(O)C[C@@](C)([C@@H](OC(C)=O)c2ccoc2)C4(CC(=O)OC)O5)C2(C)C(CC(=O)OC)[C@@]1(C)CC32O
Mol_02968	Mol_02968::M01	acrylate_ester	michael_acceptor	1;2;4;5;6;7	1	C/C=C(/C)C(=O)O[C@@H]1C23O[C@](CC)(OC)OC2C24OC5(C)OC2(C(O)C[C@@](C)([C@@H](OC(C)=O)c2ccoc2)C4(CC(=O)OC)O5)C2(C)C(CC(=O)OC)[C@@]1(C)CC32O
Mol_02969	Mol_02969::M01	epoxide	sn2_ring_opening	53;55;56	53;56	COC(=O)C[C@H]1C2(C)C[C@]3(O)[C@]4(O[C@](C)(OC)O[C@H]4[C@]45OC6(C)O[C@@]4(CC(=O)OC)[C@](C)([C@@H](OC(C)=O)c4ccoc4)C[C@@H](O)[C@]5(O6)[C@]13C)[C@H]2OC(=O)C1(C)OC1C
Mol_02970	Mol_02970::M01	epoxide	sn2_ring_opening	12;14;15	12;15	CCC(=O)O[C@@H]1[C@@H](O)[C@@H](OC(=O)C2(C)OC2C)[C@]2(C)CC3OC4(C)O[C@@]15[C@H](CC(=O)OC)[C@](C)([C@@H](OC(C)=O)c1ccoc1)C[C@@H](O)[C@]5(O4)[C@]3(C)[C@H]2CC(=O)OC
Mol_02971	Mol_02971::M01	epoxide	sn2_ring_opening	53;55;56	53;56	COC(=O)C[C@H]1[C@@]2(C)CC3OC4(C)O[C@@]5([C@H](O)C[C@@](C)([C@H](OC(C)=O)c6ccoc6)[C@@](O)(CC(=O)OC)[C@@]5(O4)[C@H](OC(C)=O)[C@@H](OC(C)=O)[C@H]2OC(=O)C2(C)OC2C)[C@@]31C
Mol_02972	Mol_02972::M01	acrylate_ester	michael_acceptor	1;2;4;5;6;7	1	C/C=C(\C)C(=O)O[C@H]1C(C)(C)[C@H]([C@@H](O)C(=O)OC)[C@]2(C)C(=O)[C@@]1(O)C=C1[C@@H]3CC(=O)O[C@@H](c4ccoc4)[C@]3(C)CC[C@@H]12
Mol_02980	Mol_02980::M01	acrylate_ester	michael_acceptor	2;1;23;24;22;3	2	CC1=C[C@H](O/C=C2/C(=O)O[C@@H]3C4=C(C[C@H]23)[C@@H](O)CCC4(C)C)OC1=O
Mol_02980	Mol_02980::M02	acrylate_ester	michael_acceptor	5;6;7;8;9;10	5	CC1=C[C@H](O/C=C2/C(=O)O[C@@H]3C4=C(C[C@H]23)[C@@H](O)CCC4(C)C)OC1=O
Mol_02980	Mol_02980::M03	unsat_lactone	michael_acceptor	22;23;24;1;2	2	CC1=C[C@H](O/C=C2/C(=O)O[C@@H]3C4=C(C[C@H]23)[C@@H](O)CCC4(C)C)OC1=O
Mol_03020	Mol_03020::M01	aldehyde	reversible_carbonyl	6;7;8	7	C[C@H]1[C@H](C)CC[C@]2(C=O)CC[C@]3(C)C(=CC[C@@H]4[C@@]5(C)CC[C@H](O)C(C)(C)[C@@H]5CC[C@]43C)[C@H]12
Mol_03026	Mol_03026::M01	acrylate_ester	michael_acceptor	6;7;8;9;10;11	6	COc1ccc(/C=C/C(=O)O[C@H]2[C@H](O)[C@@H](O)C(OCCc3ccc(OC)c(OC)c3)O[C@@H]2COC(=O)/C=C/c2ccccc2)cc1OC
Mol_03026	Mol_03026::M02	acrylate_ester	michael_acceptor	37;36;34;35;33;32	37	COc1ccc(/C=C/C(=O)O[C@H]2[C@H](O)[C@@H](O)C(OCCc3ccc(OC)c(OC)c3)O[C@@H]2COC(=O)/C=C/c2ccccc2)cc1OC
Mol_03027	Mol_03027::M01	acrylate_ester	michael_acceptor	6;7;8;9;10;11	6	COc1ccc(/C=C/C(=O)O[C@H]2[C@H](O)[C@@H](O)C(OCCc3ccc(OC)c(OC)c3)O[C@@H]2CO)cc1OC
Mol_03043	Mol_03043::M01	enone_ketone_acyclic	michael_acceptor	15;14;12;13;10	15	C=C1NC(=O)C(C)C(CCC(C)C(=O)/C=C/C(C)=C/CCC(C)CCCCCC)OC(=O)C(CCC(N)=O)NC(=O)C(C)CNC1=O
Mol_03043	Mol_03043::M02	acrylamide	michael_acceptor	0;1;45;46;44	0	C=C1NC(=O)C(C)C(CCC(C)C(=O)/C=C/C(C)=C/CCC(C)CCCCCC)OC(=O)C(CCC(N)=O)NC(=O)C(C)CNC1=O
Mol_03046	Mol_03046::M01	epoxide	sn2_ring_opening	19;20;21	19;21	C/C(=C\CC[C@]1(C)CCC([C@@H](C)C(=O)O)OO1)CCC12OC1(C)CCCC2(C)C
Mol_03047	Mol_03047::M01	epoxide	sn2_ring_opening	5;7;8	5;8	CC1=C(CC[C@]2(C)O[C@H]2CC[C@]2(C)CCC([C@@H](C)C(=O)O)OO2)C(C)(C)CCC1
Mol_03056	Mol_03056::M01	enone_cyclic	michael_acceptor	1;2;3;4;5	1	CC1=CC(=O)[C@]2(O)C3(C)CC[C@@H](C(C)(C)O)[C@@]2(O)[C@H]13
Mol_03058	Mol_03058::M01	enone_cyclic	michael_acceptor	20;19;17;18;16	20	CC(C)C/C=C/[C@@H](C)[C@H]1CC[C@H]2[C@@H]3CC[C@H]4CC(=O)C=C[C@]4(C)[C@H]3CC[C@]12C
Mol_03066	Mol_03066::M01	acrylate_ester	michael_acceptor	5;4;2;3;1;0	5	COC(=O)C1=CO[C@@H](O[C@@H]2O[C@H](CO)[C@@H](O)[C@H](O)[C@H]2O)[C@H]2[C@@H]1C=C[C@@]21C=C([C@H](C)O)C(=O)O1
Mol_03066	Mol_03066::M02	acrylate_ester	michael_acceptor	25;26;30;31;32;24	25	COC(=O)C1=CO[C@@H](O[C@@H]2O[C@H](CO)[C@@H](O)[C@H](O)[C@H]2O)[C@H]2[C@@H]1C=C[C@@]21C=C([C@H](C)O)C(=O)O1
Mol_03066	Mol_03066::M03	unsat_lactone	michael_acceptor	32;30;31;26;25	25	COC(=O)C1=CO[C@@H](O[C@@H]2O[C@H](CO)[C@@H](O)[C@H](O)[C@H]2O)[C@H]2[C@@H]1C=C[C@@]21C=C([C@H](C)O)C(=O)O1
Mol_03067	Mol_03067::M01	acrylate_ester	michael_acceptor	5;4;2;3;1;0	5	COC(=O)C1=CO[C@@H](O[C@@H]2O[C@H](CO)[C@@H](O)[C@H](O)[C@H]2O)[C@H]2[C@@H]1C=C[C@@]21C=C([C@H](C)OC(=O)/C=C/c2ccc(O[C@@H]3O[C@H](CO)[C@@H](O)[C@H](O)[C@H]3O)cc2)C(=O)O1
Mol_03067	Mol_03067::M02	acrylate_ester	michael_acceptor	25;26;52;53;54;24	25	COC(=O)C1=CO[C@@H](O[C@@H]2O[C@H](CO)[C@@H](O)[C@H](O)[C@H]2O)[C@H]2[C@@H]1C=C[C@@]21C=C([C@H](C)OC(=O)/C=C/c2ccc(O[C@@H]3O[C@H](CO)[C@@H](O)[C@H](O)[C@H]3O)cc2)C(=O)O1
Mol_03067	Mol_03067::M03	acrylate_ester	michael_acceptor	33;32;30;31;29;27	33	COC(=O)C1=CO[C@@H](O[C@@H]2O[C@H](CO)[C@@H](O)[C@H](O)[C@H]2O)[C@H]2[C@@H]1C=C[C@@]21C=C([C@H](C)OC(=O)/C=C/c2ccc(O[C@@H]3O[C@H](CO)[C@@H](O)[C@H](O)[C@H]3O)cc2)C(=O)O1
Mol_03067	Mol_03067::M04	unsat_lactone	michael_acceptor	54;52;53;26;25	25	COC(=O)C1=CO[C@@H](O[C@@H]2O[C@H](CO)[C@@H](O)[C@H](O)[C@H]2O)[C@H]2[C@@H]1C=C[C@@]21C=C([C@H](C)OC(=O)/C=C/c2ccc(O[C@@H]3O[C@H](CO)[C@@H](O)[C@H](O)[C@H]3O)cc2)C(=O)O1
Mol_03068	Mol_03068::M01	acrylate_ester	michael_acceptor	4;3;30;31;29;5	4	C[C@H](O)C1=C[C@@]2(C=C[C@@H]3C(C(=O)O)=CO[C@@H](OC4O[C@H](CO)[C@@H](O)[C@H](O)[C@H]4O)[C@@H]32)OC1=O
Mol_03068	Mol_03068::M02	acrylic_acid	michael_acceptor	13;9;10;11;12	13	C[C@H](O)C1=C[C@@]2(C=C[C@@H]3C(C(=O)O)=CO[C@@H](OC4O[C@H](CO)[C@@H](O)[C@H](O)[C@H]4O)[C@@H]32)OC1=O
Mol_03068	Mol_03068::M03	unsat_lactone	michael_acceptor	29;30;31;3;4	4	C[C@H](O)C1=C[C@@]2(C=C[C@@H]3C(C(=O)O)=CO[C@@H](OC4O[C@H](CO)[C@@H](O)[C@H](O)[C@H]4O)[C@@H]32)OC1=O
Mol_03077	Mol_03077::M01	acrylate_ester	michael_acceptor	3;2;1;0;22;23	3	O=C(/C=C/c1ccc(OC2O[C@H](CO)[C@@H](O)[C@H](O)[C@H]2O)cc1)Oc1cc(-c2oc3cc(O)cc(O)c3c(=O)c2O)cc(O)c1O
Mol_03091	Mol_03091::M01	acrylate_ester	michael_acceptor	28;29;30;31;32;33	28	C/C=C1/C(O[C@@H]2O[C@H](CO[C@@H]3O[C@H](CO)[C@@H](O)[C@H](O)[C@H]3O)[C@@H](O)[C@H](O)[C@H]2O)OC=C(C(=O)OC)[C@H]1CC(=O)OC
Mol_03092	Mol_03092::M01	acrylate_ester	michael_acceptor	28;29;30;31;32;33	28	C/C=C1/C(O[C@@H]2O[C@H](CO[C@@H]3O[C@H](CO)[C@@H](O)[C@H](O)[C@H]3O)[C@@H](O)[C@H](O)[C@H]2O)OC=C(C(=O)OC)[C@H]1CC(=O)OCCc1ccc(O)cc1
Mol_03095	Mol_03095::M01	acrylate_ester	michael_acceptor	33;28;29;30;31;32	33	C/C=C1\C(CC(=O)OC[C@H]2O[C@@H](OCCc3ccc(O)cc3)[C@H](O)[C@@H](O)[C@@H]2O)C(C(=O)OC)=CO[C@H]1O[C@@H]1O[C@H](CO)[C@@H](O)[C@H](O)[C@H]1O
Mol_03096	Mol_03096::M01	acrylate_ester	michael_acceptor	29;24;25;26;27;28	29	C/C=C1/C(CC(=O)OC[C@H]2OC(OCCc3ccc(OC(=O)CC4C(C(=O)OC)=CO[C@@H](OC5O[C@H](CO)[C@@H](O)[C@H](O)[C@H]5O)/C4=C/C)cc3)[C@H](O)[C@@H](O)[C@@H]2O)C(C(=O)OC)=CO[C@@H]1OC1O[C@H](CO)[C@@H](O)[C@H](O)[C@H]1O
Mol_03096	Mol_03096::M02	acrylate_ester	michael_acceptor	60;55;56;57;58;59	60	C/C=C1/C(CC(=O)OC[C@H]2OC(OCCc3ccc(OC(=O)CC4C(C(=O)OC)=CO[C@@H](OC5O[C@H](CO)[C@@H](O)[C@H](O)[C@H]5O)/C4=C/C)cc3)[C@H](O)[C@@H](O)[C@@H]2O)C(C(=O)OC)=CO[C@@H]1OC1O[C@H](CO)[C@@H](O)[C@H](O)[C@H]1O
Mol_03097	Mol_03097::M01	acrylate_ester	michael_acceptor	17;18;19;20;21;22	17	C/C=C1/[C@H](O[C@@H]2O[C@H](CO)[C@@H](O)[C@H](O)[C@H]2O)OC=C(C(=O)OC)[C@H]1CC(=O)OCCc1ccc(OC(=O)C[C@@H]2C(C(=O)OC)=CO[C@@H](O[C@@H]3O[C@H](CO)[C@@H](O)[C@H](O)[C@H]3O)/C2=C/C)cc1
Mol_03097	Mol_03097::M02	acrylate_ester	michael_acceptor	44;39;40;41;42;43	44	C/C=C1/[C@H](O[C@@H]2O[C@H](CO)[C@@H](O)[C@H](O)[C@H]2O)OC=C(C(=O)OC)[C@H]1CC(=O)OCCc1ccc(OC(=O)C[C@@H]2C(C(=O)OC)=CO[C@@H](O[C@@H]3O[C@H](CO)[C@@H](O)[C@H](O)[C@H]3O)/C2=C/C)cc1
Mol_03098	Mol_03098::M01	acrylate_ester	michael_acceptor	17;18;19;20;21;22	17	C/C=C1/[C@H](O[C@@H]2O[C@H](CO)[C@@H](O)[C@H](O)[C@H]2O)OC=C(C(=O)OC)[C@H]1CC(=O)OCCc1ccc(O)cc1
Mol_03099	Mol_03099::M01	acrylate_ester	michael_acceptor	17;18;19;20;21;22	17	C/C=C1/[C@H](O[C@@H]2O[C@H](CO)[C@@H](O)[C@H](O)[C@H]2O)OC=C(C(=O)OC)[C@H]1CC(=O)O
Mol_03100	Mol_03100::M01	acrylate_ester	michael_acceptor	17;18;19;20;21;22	17	C/C=C1\[C@H](O[C@@H]2O[C@H](CO)[C@@H](O)[C@H](O)[C@H]2O)OC=C(C(=O)OC)[C@H]1CC(=O)OC
Mol_03101	Mol_03101::M01	acrylate_ester	michael_acceptor	33;28;29;30;31;32	33	C/C=C1\[C@H](CC(=O)Oc2ccc(CCOC3O[C@H](CO)[C@@H](O)[C@H](O)[C@H]3O)cc2)C(C(=O)OC)=CC[C@H]1OC1O[C@H](CO)[C@@H](O)[C@H](O)[C@H]1O
Mol_03103	Mol_03103::M01	acrylate_ester	michael_acceptor	5;4;2;3;1;0	5	COC(=O)C1=CO[C@@H](C)[C@@H](C=O)C1CC(=O)OCCc1ccc(O)cc1
Mol_03103	Mol_03103::M02	aldehyde	reversible_carbonyl	9;10;11	10	COC(=O)C1=CO[C@@H](C)[C@@H](C=O)C1CC(=O)OCCc1ccc(O)cc1
Mol_03106	Mol_03106::M01	acrylate_ester	michael_acceptor	17;18;19;20;21;22	17	C/C=C1/[C@H](O[C@@H]2O[C@H](CO)[C@@H](O)[C@H](O)[C@H]2O)OC=C(C(=O)OC)[C@H]1CC(=O)OCCc1ccc(O[C@@H]2O[C@H](CO)[C@@H](O)[C@H](O)[C@H]2O)c(O)c1
Mol_03108	Mol_03108::M01	acrylate_ester	michael_acceptor	17;18;19;20;21;22	17	C/C=C1/[C@H](O[C@@H]2O[C@H](CO)[C@@H](O)[C@H](O)[C@H]2O)OC=C(C(=O)OC)[C@H]1CC(=O)OCCc1ccc(O[C@@H]2O[C@H](CO)[C@@H](O)[C@H](O)[C@H]2O)cc1
Mol_03110	Mol_03110::M01	acrylate_ester	michael_acceptor	49;44;45;46;47;48	49	C/C=C1\C(CC(=O)OCCc2ccc(OC3O[C@H](COC(C)=O)[C@@H](OC(C)=O)[C@H](OC(C)=O)[C@H]3OC(C)=O)c(OC(C)=O)c2)C(C(=O)OC)=CO[C@H]1OC1O[C@H](COC(C)=O)[C@@H](OC(C)=O)[C@H](OC(C)=O)[C@H]1OC(C)=O
Mol_03111	Mol_03111::M01	acrylate_ester	michael_acceptor	45;40;41;42;43;44	45	C/C=C1\C(CC(=O)OCCc2ccc(OC3O[C@H](COC(C)=O)[C@@H](OC(C)=O)[C@H](OC(C)=O)[C@H]3OC(C)=O)cc2)C(C(=O)OC)=CO[C@H]1OC1O[C@H](COC(C)=O)[C@@H](OC(C)=O)[C@H](OC(C)=O)[C@H]1OC(C)=O
Mol_03118	Mol_03118::M01	acrylic_acid	michael_acceptor	17;18;19;20;21	17	C/C=C1/[C@H](O[C@@H]2O[C@H](CO)[C@@H](O)[C@H](O)[C@H]2O)OC=C(C(=O)O)[C@H]1CC(=O)O
Mol_03125	Mol_03125::M01	acrylate_ester	michael_acceptor	17;18;19;20;21;22	17	C/C=C1\C(OC2O[C@@H](CO)[C@H](O)[C@@H](O)[C@@H]2O)OC=C(C(=O)OC)C1CC(=O)OC[C@@H]1OC(OC2OC=C(C(=O)OC)C(CC(=O)OC[C@H]3OC(OCCc4ccc(O)cc4)[C@H](O)[C@@H](O)[C@@H]3O)/C2=C/C)[C@@H](O)[C@H](OC(=O)CC2C(C(=O)OC)=COC(OC3O[C@@H](CO)[C@H](O)[C@@H](O)[C@@H]3O)/C2=C\C)[C@H]1O
Mol_03125	Mol_03125::M02	acrylate_ester	michael_acceptor	35;36;37;38;39;40	35	C/C=C1\C(OC2O[C@@H](CO)[C@H](O)[C@@H](O)[C@@H]2O)OC=C(C(=O)OC)C1CC(=O)OC[C@@H]1OC(OC2OC=C(C(=O)OC)C(CC(=O)OC[C@H]3OC(OCCc4ccc(O)cc4)[C@H](O)[C@@H](O)[C@@H]3O)/C2=C/C)[C@@H](O)[C@H](OC(=O)CC2C(C(=O)OC)=COC(OC3O[C@@H](CO)[C@H](O)[C@@H](O)[C@@H]3O)/C2=C\C)[C@H]1O
Mol_03125	Mol_03125::M03	acrylate_ester	michael_acceptor	82;77;78;79;80;81	82	C/C=C1\C(OC2O[C@@H](CO)[C@H](O)[C@@H](O)[C@@H]2O)OC=C(C(=O)OC)C1CC(=O)OC[C@@H]1OC(OC2OC=C(C(=O)OC)C(CC(=O)OC[C@H]3OC(OCCc4ccc(O)cc4)[C@H](O)[C@@H](O)[C@@H]3O)/C2=C/C)[C@@H](O)[C@H](OC(=O)CC2C(C(=O)OC)=COC(OC3O[C@@H](CO)[C@H](O)[C@@H](O)[C@@H]3O)/C2=C\C)[C@H]1O
Mol_03126	Mol_03126::M01	acrylate_ester	michael_acceptor	5;4;2;3;1;0	5	COC(=O)C1=CO[C@@H](O[C@@H]2O[C@H](COC(=O)/C=C/c3ccc(O)cc3)[C@@H](O)[C@H](O)[C@H]2O)/C(=C/CO)[C@@H]1CC(=O)OCCc1ccc(O)c(O)c1
Mol_03126	Mol_03126::M02	acrylate_ester	michael_acceptor	17;16;14;15;13;12	17	COC(=O)C1=CO[C@@H](O[C@@H]2O[C@H](COC(=O)/C=C/c3ccc(O)cc3)[C@@H](O)[C@H](O)[C@H]2O)/C(=C/CO)[C@@H]1CC(=O)OCCc1ccc(O)c(O)c1
Mol_03127	Mol_03127::M01	acrylate_ester	michael_acceptor	5;4;2;3;1;0	5	COC(=O)C1=CO[C@@H](O[C@@H]2O[C@H](COC(=O)/C=C/c3ccc(O)c(O)c3)[C@@H](O)[C@H](O)[C@H]2O)/C(=C/CO)[C@@H]1CC(=O)OCCc1ccc(O)c(O)c1
Mol_03127	Mol_03127::M02	acrylate_ester	michael_acceptor	17;16;14;15;13;12	17	COC(=O)C1=CO[C@@H](O[C@@H]2O[C@H](COC(=O)/C=C/c3ccc(O)c(O)c3)[C@@H](O)[C@H](O)[C@H]2O)/C(=C/CO)[C@@H]1CC(=O)OCCc1ccc(O)c(O)c1
Mol_03128	Mol_03128::M01	acrylate_ester	michael_acceptor	5;4;2;3;1;0	5	COC(=O)C1=CO[C@@H](O[C@@H]2O[C@H](COC(=O)/C=C/c3ccc(O)c(O)c3)[C@@H](O)[C@H](OC(C)=O)[C@H]2O)/C(=C/CO)[C@@H]1CC(=O)OCCc1ccc(O)c(O)c1
Mol_03128	Mol_03128::M02	acrylate_ester	michael_acceptor	17;16;14;15;13;12	17	COC(=O)C1=CO[C@@H](O[C@@H]2O[C@H](COC(=O)/C=C/c3ccc(O)c(O)c3)[C@@H](O)[C@H](OC(C)=O)[C@H]2O)/C(=C/CO)[C@@H]1CC(=O)OCCc1ccc(O)c(O)c1
Mol_03134	Mol_03134::M01	acrylate_ester	michael_acceptor	5;4;2;3;1;0	5	COC(=O)C1=CO[C@@H](O[C@@H]2O[C@H](CO)[C@@H](O)[C@H](O)[C@H]2O)/C(=C/CO)[C@@H]1CC(=O)OCCc1ccc(O)c(O)c1
Mol_03135	Mol_03135::M01	acrylate_ester	michael_acceptor	5;4;2;3;1;0	5	COC(=O)C1=CO[C@@H](O[C@@H]2O[C@H](CO)[C@@H](O)[C@H](O)[C@H]2O)/C(=C/CO)[C@@H]1CC(=O)OCCc1ccc(O)cc1
Mol_03141	Mol_03141::M01	acrylate_ester	michael_acceptor	3;2;1;0;12;13	3	O=C(/C=C/c1ccc(O)c(O)c1)OC[C@H]1O[C@@H](O)[C@H](O)[C@@H](O)[C@@H]1O
Mol_03145	Mol_03145::M01	acrylate_ester	michael_acceptor	43;29;30;31;32;33	43	C/C=C1/C(CC(=O)OCCc2ccc(O[C@@H]3O[C@H](CO)[C@@H](O)[C@H](O)[C@H]3O)c(O)c2)C(C(=O)OCCc2ccc(O)c(O)c2)=CO[C@H]1O[C@@H]1O[C@H](CO)[C@@H](O)[C@H](O)[C@H]1O
Mol_03161	Mol_03161::M01	acrylate_ester	michael_acceptor	17;18;19;20;21;22	17	C/C=C1\C(OC2O[C@@H](CO)[C@H](O)[C@@H](O)[C@@H]2O)OC=C(C(=O)O[C@@H]2[C@@H](O)[C@H](CO)OC(OC3OC=C(C(=O)OC)[C@H](CC(=O)O)/C3=C/C)[C@H]2O)[C@@H]1CC(=O)O
Mol_03161	Mol_03161::M02	acrylate_ester	michael_acceptor	33;34;35;36;37;38	33	C/C=C1\C(OC2O[C@@H](CO)[C@H](O)[C@@H](O)[C@@H]2O)OC=C(C(=O)O[C@@H]2[C@@H](O)[C@H](CO)OC(OC3OC=C(C(=O)OC)[C@H](CC(=O)O)/C3=C/C)[C@H]2O)[C@@H]1CC(=O)O
Mol_03162	Mol_03162::M01	acrylate_ester	michael_acceptor	17;18;19;20;21;22	17	C/C=C1\C(OC2O[C@@H](CO)[C@H](O)[C@@H](O)[C@@H]2O)OC=C(C(=O)OC)C1CC(=O)OC[C@@H]1OC(OC2OC=C(C(=O)OC)C(CC(=O)OC[C@H]3OC(OCCc4ccc(O)cc4)[C@H](O)[C@@H](O)[C@@H]3O)/C2=C/C)[C@@H](O)[C@H](O)[C@H]1O
Mol_03162	Mol_03162::M02	acrylate_ester	michael_acceptor	35;36;37;38;39;40	35	C/C=C1\C(OC2O[C@@H](CO)[C@H](O)[C@@H](O)[C@@H]2O)OC=C(C(=O)OC)C1CC(=O)OC[C@@H]1OC(OC2OC=C(C(=O)OC)C(CC(=O)OC[C@H]3OC(OCCc4ccc(O)cc4)[C@H](O)[C@@H](O)[C@@H]3O)/C2=C/C)[C@@H](O)[C@H](O)[C@H]1O
Mol_03179	Mol_03179::M01	aldehyde	reversible_carbonyl	2;1;0	1	O=C[C@H](O)[C@@H](O)[C@H](O)[C@H](O)COC(=O)c1cc(O)c(O)c(O)c1
Mol_03198	Mol_03198::M01	acrylate_ester	michael_acceptor	0;1;2;3;4;5	0	C=C1C(=O)O[C@@H]2C[C@H](C)CCC(=O)/C(C)=C/C[C@H]12
Mol_03198	Mol_03198::M02	enone_cyclic	michael_acceptor	15;13;11;12;10	15	C=C1C(=O)O[C@@H]2C[C@H](C)CCC(=O)/C(C)=C/C[C@H]12
Mol_03198	Mol_03198::M03	methylene_butyrolactone	michael_acceptor	0;1;2;3;4	0	C=C1C(=O)O[C@@H]2C[C@H](C)CCC(=O)/C(C)=C/C[C@H]12
Mol_03199	Mol_03199::M01	enone_cyclic	michael_acceptor	2;1;16;17;15	2	C/C1=C\C[C@@H]2[C@H](C)C(=O)O[C@@H]2C[C@H](C)CCC1=O
Mol_03200	Mol_03200::M01	acrylate_ester	michael_acceptor	0;1;2;3;4;5	0	C=C1C(=O)O[C@@H]2C[C@]3(C)C(=C)CCC[C@@]3(O)C[C@H]12
Mol_03200	Mol_03200::M02	methylene_butyrolactone	michael_acceptor	0;1;2;3;4	0	C=C1C(=O)O[C@@H]2C[C@]3(C)C(=C)CCC[C@@]3(O)C[C@H]12
Mol_03201	Mol_03201::M01	acrylate_ester	michael_acceptor	0;1;2;3;4;5	0	C=C1C(=O)O[C@@H]2CC(C(C)CC[C@H](C)O)=CC[C@H]12
Mol_03201	Mol_03201::M02	methylene_butyrolactone	michael_acceptor	0;1;2;3;4	0	C=C1C(=O)O[C@@H]2CC(C(C)CC[C@H](C)O)=CC[C@H]12
Mol_03206	Mol_03206::M01	enone_cyclic	michael_acceptor	2;1;17;18;16	2	C/C1=C\CC2C3=C(OCC3)O[C@@H]2C[C@H](C)CCC1=O
Mol_03207	Mol_03207::M01	acrylate_ester	michael_acceptor	0;1;2;3;4;5	0	C=C1C(=O)O[C@@H]2C[C@]3(C)C(=C)CCC[C@@]3(OC(C)=O)C[C@H]12
Mol_03207	Mol_03207::M02	methylene_butyrolactone	michael_acceptor	0;1;2;3;4	0	C=C1C(=O)O[C@@H]2C[C@]3(C)C(=C)CCC[C@@]3(OC(C)=O)C[C@H]12
Mol_03208	Mol_03208::M01	acrylate_ester	michael_acceptor	0;1;2;3;4;5	0	C=C1C(=O)O[C@@H]2CC(C(C)CC[C@H](C)OC(=O)C(OC)(c3ccccc3)C(F)(F)F)=CC[C@H]12
Mol_03208	Mol_03208::M02	methylene_butyrolactone	michael_acceptor	0;1;2;3;4	0	C=C1C(=O)O[C@@H]2CC(C(C)CC[C@H](C)OC(=O)C(OC)(c3ccccc3)C(F)(F)F)=CC[C@H]12
Mol_03210	Mol_03210::M01	acrylic_acid	michael_acceptor	0;1;2;3;4	0	C=C(C(=O)O)[C@@H]1CC[C@@]2(C)CCC=C(C)[C@@H]2C1
Mol_03228	Mol_03228::M01	para_quinone	michael_acceptor	10;9;7;6;19;20;18;11	6;7;11;18	COc1cc(O)c2c(c1)C(=O)c1cc(C)c(O)cc1C2=O
Mol_03229	Mol_03229::M01	para_quinone	michael_acceptor	10;9;7;6;23;24;22;11	6;7;11;22	COc1cc(O)c2c(c1)C(=O)c1cc(C)c(OS(=O)(=O)O)cc1C2=O
Mol_03230	Mol_03230::M01	para_quinone	michael_acceptor	10;9;7;6;20;21;19;11	6;7;11;19	COc1cc(O)c2c(c1)C(=O)c1cc(C)c(O)c(O)c1C2=O
Mol_03231	Mol_03231::M01	para_quinone	michael_acceptor	10;9;7;6;24;25;23;11	6;7;11;23	COc1cc(O)c2c(c1)C(=O)c1cc(C)c(OS(=O)(=O)O)c(O)c1C2=O
Mol_03232	Mol_03232::M01	enone_cyclic	michael_acceptor	11;12;13;14;6	11	COc1cc(O)c2c(c1)C(=O)C1=C(C2=O)[C@H](O)[C@@H](O)[C@@](C)(O)[C@@H]1O
Mol_03232	Mol_03232::M02	enone_cyclic	michael_acceptor	12;11;9;10;7	12	COc1cc(O)c2c(c1)C(=O)C1=C(C2=O)[C@H](O)[C@@H](O)[C@@](C)(O)[C@@H]1O
Mol_03232	Mol_03232::M03	para_quinone	michael_acceptor	10;9;7;6;13;14;12;11	6;7;11;12	COc1cc(O)c2c(c1)C(=O)C1=C(C2=O)[C@H](O)[C@@H](O)[C@@](C)(O)[C@@H]1O
Mol_03234	Mol_03234::M01	enone_cyclic	michael_acceptor	20;21;22;23;16	20	COc1cc(O)c2c(c1-c1c(OC)cc(O)c3c1C(=O)C1=C(C3=O)[C@H](O)[C@@H](O)[C@@](C)(O)[C@@H]1O)C(=O)C1=C(C2=O)[C@H](O)[C@@H](O)[C@@](C)(O)[C@@H]1O
Mol_03234	Mol_03234::M02	enone_cyclic	michael_acceptor	21;20;18;19;17	21	COc1cc(O)c2c(c1-c1c(OC)cc(O)c3c1C(=O)C1=C(C3=O)[C@H](O)[C@@H](O)[C@@](C)(O)[C@@H]1O)C(=O)C1=C(C2=O)[C@H](O)[C@@H](O)[C@@](C)(O)[C@@H]1O
Mol_03234	Mol_03234::M03	enone_cyclic	michael_acceptor	35;36;37;38;6	35	COc1cc(O)c2c(c1-c1c(OC)cc(O)c3c1C(=O)C1=C(C3=O)[C@H](O)[C@@H](O)[C@@](C)(O)[C@@H]1O)C(=O)C1=C(C2=O)[C@H](O)[C@@H](O)[C@@](C)(O)[C@@H]1O
Mol_03234	Mol_03234::M04	enone_cyclic	michael_acceptor	36;35;33;34;7	36	COc1cc(O)c2c(c1-c1c(OC)cc(O)c3c1C(=O)C1=C(C3=O)[C@H](O)[C@@H](O)[C@@](C)(O)[C@@H]1O)C(=O)C1=C(C2=O)[C@H](O)[C@@H](O)[C@@](C)(O)[C@@H]1O
Mol_03234	Mol_03234::M05	para_quinone	michael_acceptor	19;18;17;16;22;23;21;20	16;17;20;21	COc1cc(O)c2c(c1-c1c(OC)cc(O)c3c1C(=O)C1=C(C3=O)[C@H](O)[C@@H](O)[C@@](C)(O)[C@@H]1O)C(=O)C1=C(C2=O)[C@H](O)[C@@H](O)[C@@](C)(O)[C@@H]1O
Mol_03234	Mol_03234::M06	para_quinone	michael_acceptor	34;33;7;6;37;38;36;35	6;7;35;36	COc1cc(O)c2c(c1-c1c(OC)cc(O)c3c1C(=O)C1=C(C3=O)[C@H](O)[C@@H](O)[C@@](C)(O)[C@@H]1O)C(=O)C1=C(C2=O)[C@H](O)[C@@H](O)[C@@](C)(O)[C@@H]1O
Mol_03239	Mol_03239::M01	acrylate_ester	michael_acceptor	16;15;13;14;12;11	16	Cc1c(O)ccc(OC2O[C@H](COC(=O)/C=C/c3ccc(O)cc3)[C@@H](O)[C@H](O)[C@H]2O)c1C
Mol_03240	Mol_03240::M01	acrylate_ester	michael_acceptor	3;2;1;0;11;12	3	O=C(/C=C/c1ccc(O)cc1)OC[C@H]1OC(Oc2ccc(O)cc2)[C@H](O)[C@@H](O)[C@@H]1O
Mol_03241	Mol_03241::M01	acrylate_ester	michael_acceptor	3;2;1;0;12;13	3	O=C(/C=C/c1ccc(O)c(O)c1)OC[C@H]1OC(Oc2ccc(O)cc2)[C@H](O)[C@@H](O)[C@@H]1O
Mol_03255	Mol_03255::M01	enone_cyclic	michael_acceptor	5;6;7;8;9	5	CC(C)[C@]1(O)C=C2C(=O)CC3C(C)(C)CCC[C@]3(C)[C@H]2CC1
Mol_03256	Mol_03256::M01	aldehyde	reversible_carbonyl	14;16;17	16	CC(C)C1=CC2=CC[C@@H]3[C@](C)(CCC[C@@]3(C)C=O)[C@H]2CC1
Mol_03257	Mol_03257::M01	aldehyde	reversible_carbonyl	12;14;15	14	CC(C)c1ccc2c(c1)CC[C@H]1[C@](C)(C=O)CCC[C@]21C
Mol_03265	Mol_03265::M01	enone_cyclic	michael_acceptor	17;16;14;15;13	17	CC(=O)OC[C@]1(C)CCC[C@@]2(C)C1CC(=O)C1=C[C@@](O)(C(C)C)CC[C@@H]12
Mol_03273	Mol_03273::M01	enone_cyclic	michael_acceptor	14;15;16;17;9	14	COc1cc(OC(C)=O)c2c(c1)C(=O)C1=C(C2=O)[C@H](OC(C)=O)[C@@H](OC(C)=O)[C@@](C)(O)[C@@H]1OC(C)=O
Mol_03273	Mol_03273::M02	enone_cyclic	michael_acceptor	15;14;12;13;10	15	COc1cc(OC(C)=O)c2c(c1)C(=O)C1=C(C2=O)[C@H](OC(C)=O)[C@@H](OC(C)=O)[C@@](C)(O)[C@@H]1OC(C)=O
Mol_03273	Mol_03273::M03	para_quinone	michael_acceptor	13;12;10;9;16;17;15;14	9;10;14;15	COc1cc(OC(C)=O)c2c(c1)C(=O)C1=C(C2=O)[C@H](OC(C)=O)[C@@H](OC(C)=O)[C@@](C)(O)[C@@H]1OC(C)=O
Mol_03288	Mol_03288::M01	acrylamide	michael_acceptor	12;8;6;7;5	12	CCC(C)C1NC(=O)C(C(C)=O)=C1O
Mol_03290	Mol_03290::M01	enone_cyclic	michael_acceptor	13;15;16;17;18	13	COc1cc(O)c2c(c1)C1(OC2=O)C(C)=CC(=O)C1O
Mol_03306	Mol_03306::M01	acrylic_acid	michael_acceptor	5;6;7;8;9	5	COc1cc(/C=C/C(=O)O)cc(OC)c1O
Mol_03307	Mol_03307::M01	acrylamide	michael_acceptor	3;2;1;0;12	3	O=C(/C=C/c1ccc(O)c(O)c1)NCCc1ccc(O)cc1
Mol_03308	Mol_03308::M01	acrylamide	michael_acceptor	3;2;1;0;34	3	O=C(/C=C1/c2cc(O)c(O)cc2[C@H](c2ccc(O)c(O)c2)[C@@H]1C(=O)NCCc1ccc(O)cc1)NCCc1ccc(O)cc1
Mol_03335	Mol_03335::M01	acrylic_acid	michael_acceptor	0;1;2;3;4	0	C=C(C(=O)O)[C@@H]1CC[C@H](C)[C@@H]2CCC(=O)[C@@]2(C)C1
Mol_03345	Mol_03345::M01	acrylate_ester	michael_acceptor	7;6;4;5;3;2	7	CCC1OC(=O)C2=C1C[C@H]1OC(=O)[C@]3(C)C1[C@]2(C)[C@@H]1O[C@@H]1[C@@H]3O
Mol_03345	Mol_03345::M02	unsat_lactone	michael_acceptor	3;4;5;6;7	7	CCC1OC(=O)C2=C1C[C@H]1OC(=O)[C@]3(C)C1[C@]2(C)[C@@H]1O[C@@H]1[C@@H]3O
Mol_03345	Mol_03345::M03	epoxide	sn2_ring_opening	18;19;20	18;20	CCC1OC(=O)C2=C1C[C@H]1OC(=O)[C@]3(C)C1[C@]2(C)[C@@H]1O[C@@H]1[C@@H]3O
Mol_03346	Mol_03346::M01	acrylic_acid	michael_acceptor	14;15;16;17;18	14	C[C@]12CO[C@](C)(C[C@@H](O)C1)[C@]2(O)/C=C/C(=C\C(=O)O)CO
Mol_03348	Mol_03348::M01	epoxide	sn2_ring_opening	20;21;22	20;22	CC(C)c1oc(=O)cc2c1C(O)C1OC(=O)C3(C)C(O)C4OC4C2(C)C13
Mol_03349	Mol_03349::M01	epoxide	sn2_ring_opening	18;19;20	18;20	CCc1oc(=O)cc2c1C[C@H]1OC(=O)[C@@]3(C)[C@@H](O)[C@H]4O[C@H]4[C@@]2(C)[C@@H]13
Mol_03350	Mol_03350::M01	acrylate_ester	michael_acceptor	9;10;11;12;13;14	9	C[C@@]12C(=O)O[C@H]3[C@@H]1[C@@](C)(C1=CC(=O)O[C@H]([C@](C)(O)CO)[C@]14O[C@H]34)[C@H]1O[C@H]1[C@@H]2O
Mol_03350	Mol_03350::M02	unsat_lactone	michael_acceptor	13;11;12;10;9	9	C[C@@]12C(=O)O[C@H]3[C@@H]1[C@@](C)(C1=CC(=O)O[C@H]([C@](C)(O)CO)[C@]14O[C@H]34)[C@H]1O[C@H]1[C@@H]2O
Mol_03350	Mol_03350::M03	epoxide	sn2_ring_opening	20;21;22	20;22	C[C@@]12C(=O)O[C@H]3[C@@H]1[C@@](C)(C1=CC(=O)O[C@H]([C@](C)(O)CO)[C@]14O[C@H]34)[C@H]1O[C@H]1[C@@H]2O
Mol_03350	Mol_03350::M04	epoxide	sn2_ring_opening	23;24;25	23;25	C[C@@]12C(=O)O[C@H]3[C@@H]1[C@@](C)(C1=CC(=O)O[C@H]([C@](C)(O)CO)[C@]14O[C@H]34)[C@H]1O[C@H]1[C@@H]2O
Mol_03351	Mol_03351::M01	enone_cyclic	michael_acceptor	1;2;3;4;5	1	CC1=CC(=O)CC(C)(C)[C@H]1CC[C@@H](C)O[C@@H]1O[C@H](CO)[C@@H](O)[C@H](O)[C@H]1O
Mol_03354	Mol_03354::M01	acrylate_ester	michael_acceptor	8;7;5;6;4;3	8	CC(C)[C@H]1OC(=O)C=C2C1=C[C@H]1OC(=O)[C@@]3(C)CCC[C@@]2(C)[C@@H]13
Mol_03354	Mol_03354::M02	unsat_lactone	michael_acceptor	4;5;6;7;8	8	CC(C)[C@H]1OC(=O)C=C2C1=C[C@H]1OC(=O)[C@@]3(C)CCC[C@@]2(C)[C@@H]13
Mol_03355	Mol_03355::M01	acrylate_ester	michael_acceptor	8;7;5;6;4;3	8	CC(C)[C@H]1OC(=O)C=C2[C@@]13O[C@@H]3[C@H]1OC(=O)[C@@]3(C)C=CC[C@@]2(C)[C@@H]13
Mol_03355	Mol_03355::M02	unsat_lactone	michael_acceptor	4;5;6;7;8	8	CC(C)[C@H]1OC(=O)C=C2[C@@]13O[C@@H]3[C@H]1OC(=O)[C@@]3(C)C=CC[C@@]2(C)[C@@H]13
Mol_03355	Mol_03355::M03	epoxide	sn2_ring_opening	9;10;11	9;11	CC(C)[C@H]1OC(=O)C=C2[C@@]13O[C@@H]3[C@H]1OC(=O)[C@@]3(C)C=CC[C@@]2(C)[C@@H]13
Mol_03356	Mol_03356::M01	enone_cyclic	michael_acceptor	15;16;17;18;19	15	CC(C)CC[C@@H](O)[C@](C)(O)[C@H]1CC[C@@]2(O)C3=CC(=O)[C@@H]4C[C@@H](O)[C@@H](O)C[C@]4(C)[C@H]3CC[C@]12C
Mol_03365	Mol_03365::M01	acrylate_ester	michael_acceptor	1;2;3;4;5;6	1	C/C1=C/C(=O)O[C@@H]2C[C@@H](CC[C@H](C)/C=C\C=C\CC1)O[C@@](O)([C@@H]1CSC(=O)N1)C2
Mol_03365	Mol_03365::M02	unsat_lactone	michael_acceptor	5;3;4;2;1	1	C/C1=C/C(=O)O[C@@H]2C[C@@H](CC[C@H](C)/C=C\C=C\CC1)O[C@@](O)([C@@H]1CSC(=O)N1)C2
Mol_03366	Mol_03366::M01	acrylate_ester	michael_acceptor	1;2;3;4;5;6	1	C/C1=C/C(=O)O[C@@H]2C[C@@H](CC[C@H](C)/C=C\CC1)O[C@@](O)([C@@H]1CSC(=O)N1)C2
Mol_03366	Mol_03366::M02	unsat_lactone	michael_acceptor	5;3;4;2;1	1	C/C1=C/C(=O)O[C@@H]2C[C@@H](CC[C@H](C)/C=C\CC1)O[C@@](O)([C@@H]1CSC(=O)N1)C2
Mol_03367	Mol_03367::M01	acrylate_ester	michael_acceptor	1;2;3;4;5;6	1	C/C1=C/C(=O)O[C@@H]2C[C@@H](CC[C@H](C)/C=C\C=C\CC1)O[C@@](OC(=O)NCCCl)([C@@H]1CSC(=O)N1)C2
Mol_03367	Mol_03367::M02	unsat_lactone	michael_acceptor	5;3;4;2;1	1	C/C1=C/C(=O)O[C@@H]2C[C@@H](CC[C@H](C)/C=C\C=C\CC1)O[C@@](OC(=O)NCCCl)([C@@H]1CSC(=O)N1)C2
Mol_03368	Mol_03368::M01	acrylate_ester	michael_acceptor	1;2;3;4;5;6	1	C/C1=C/C(=O)O[C@@H]2C[C@@H](CC[C@H](C)/C=C\C=C\CC1)O[C@@](OC(=O)NCCBr)([C@@H]1CSC(=O)N1)C2
Mol_03368	Mol_03368::M02	unsat_lactone	michael_acceptor	5;3;4;2;1	1	C/C1=C/C(=O)O[C@@H]2C[C@@H](CC[C@H](C)/C=C\C=C\CC1)O[C@@](OC(=O)NCCBr)([C@@H]1CSC(=O)N1)C2
Mol_03369	Mol_03369::M01	acrylate_ester	michael_acceptor	1;2;3;4;5;6	1	C/C1=C/C(=O)O[C@@H]2C[C@@H](CC[C@H](C)/C=C\C=C\CC1)O[C@@](OC(=O)NCCCCl)([C@@H]1CSC(=O)N1)C2
Mol_03369	Mol_03369::M02	unsat_lactone	michael_acceptor	5;3;4;2;1	1	C/C1=C/C(=O)O[C@@H]2C[C@@H](CC[C@H](C)/C=C\C=C\CC1)O[C@@](OC(=O)NCCCCl)([C@@H]1CSC(=O)N1)C2
Mol_03370	Mol_03370::M01	acrylate_ester	michael_acceptor	1;2;3;4;5;6	1	C/C1=C/C(=O)O[C@@H]2C[C@@H](CC[C@H](C)/C=C\C=C\CC1)O[C@@](OC(=O)Nc1ccccc1)([C@@H]1CSC(=O)N1)C2
Mol_03370	Mol_03370::M02	unsat_lactone	michael_acceptor	5;3;4;2;1	1	C/C1=C/C(=O)O[C@@H]2C[C@@H](CC[C@H](C)/C=C\C=C\CC1)O[C@@](OC(=O)Nc1ccccc1)([C@@H]1CSC(=O)N1)C2
Mol_03371	Mol_03371::M01	acrylate_ester	michael_acceptor	1;2;3;4;5;6	1	C/C1=C/C(=O)O[C@@H]2C[C@@H](CC[C@H](C)/C=C\C=C\CC1)O[C@@](OC(=O)NCc1ccccc1)([C@@H]1CSC(=O)N1)C2
Mol_03371	Mol_03371::M02	unsat_lactone	michael_acceptor	5;3;4;2;1	1	C/C1=C/C(=O)O[C@@H]2C[C@@H](CC[C@H](C)/C=C\C=C\CC1)O[C@@](OC(=O)NCc1ccccc1)([C@@H]1CSC(=O)N1)C2
Mol_03373	Mol_03373::M01	enone_ketone_acyclic	michael_acceptor	17;18;19;20;21	17	C/C(=C/C(=O)O)CC/C=C\[C@@H](C)CC[C@H](O)C/C=C/C(=O)c1csc(=O)[nH]1
Mol_03373	Mol_03373::M02	acrylic_acid	michael_acceptor	1;2;3;4;5	1	C/C(=C/C(=O)O)CC/C=C\[C@@H](C)CC[C@H](O)C/C=C/C(=O)c1csc(=O)[nH]1
Mol_03374	Mol_03374::M01	acrylate_ester	michael_acceptor	23;25;26;27;28;12	23	CC(=O)N1C(=O)SC[C@H]1[C@@]1(O)C[C@H]2C[C@@H](CC[C@H](C)/C=C\CC/C(C)=C\C(=O)O2)O1
Mol_03374	Mol_03374::M02	unsat_lactone	michael_acceptor	28;26;27;25;23	23	CC(=O)N1C(=O)SC[C@H]1[C@@]1(O)C[C@H]2C[C@@H](CC[C@H](C)/C=C\CC/C(C)=C\C(=O)O2)O1
Mol_03375	Mol_03375::M01	acrylate_ester	michael_acceptor	21;23;24;25;26;10	21	CO[C@]1([C@@H]2CSC(=O)N2)C[C@H]2C[C@@H](CC[C@H](C)/C=C\CC/C(C)=C\C(=O)O2)O1
Mol_03375	Mol_03375::M02	unsat_lactone	michael_acceptor	26;24;25;23;21	21	CO[C@]1([C@@H]2CSC(=O)N2)C[C@H]2C[C@@H](CC[C@H](C)/C=C\CC/C(C)=C\C(=O)O2)O1
Mol_03376	Mol_03376::M01	acrylate_ester	michael_acceptor	24;26;27;28;29;13	24	CCCCO[C@]1([C@@H]2CSC(=O)N2)C[C@H]2C[C@@H](CC[C@H](C)/C=C\CC/C(C)=C\C(=O)O2)O1
Mol_03376	Mol_03376::M02	unsat_lactone	michael_acceptor	29;27;28;26;24	24	CCCCO[C@]1([C@@H]2CSC(=O)N2)C[C@H]2C[C@@H](CC[C@H](C)/C=C\CC/C(C)=C\C(=O)O2)O1
Mol_03377	Mol_03377::M01	acrylate_ester	michael_acceptor	28;30;31;32;33;17	28	CCCCCCCCO[C@]1([C@@H]2CSC(=O)N2)C[C@H]2C[C@@H](CC[C@H](C)/C=C\CC/C(C)=C\C(=O)O2)O1
Mol_03377	Mol_03377::M02	unsat_lactone	michael_acceptor	33;31;32;30;28	28	CCCCCCCCO[C@]1([C@@H]2CSC(=O)N2)C[C@H]2C[C@@H](CC[C@H](C)/C=C\CC/C(C)=C\C(=O)O2)O1
Mol_03378	Mol_03378::M01	acrylate_ester	michael_acceptor	1;2;3;4;5;6	1	C/C1=C/C(=O)O[C@@H]2C[C@@H](CC[C@H](C)/C=C\CC1)O[C@@](O)([C@@H]1CSC(=O)N1CO)C2
Mol_03378	Mol_03378::M02	unsat_lactone	michael_acceptor	5;3;4;2;1	1	C/C1=C/C(=O)O[C@@H]2C[C@@H](CC[C@H](C)/C=C\CC1)O[C@@](O)([C@@H]1CSC(=O)N1CO)C2
Mol_03382	Mol_03382::M01	enone_ketone_acyclic	michael_acceptor	0;1;9;10;11	0	C=C(CCCC(C)(C)O)C(=O)CC[C@@]1(C)CC[C@@H]([C@H](C)C(=O)OC)OO1
Mol_03395	Mol_03395::M01	enone_cyclic	michael_acceptor	12;11;17;18;15	12	COc1cc(O)c(C(=O)O)c(C2=C(C)C[C@@H](O)C2=O)c1
Mol_03399	Mol_03399::M01	acrylamide	michael_acceptor	12;8;6;7;5	12	CC[C@H](C)[C@H]1NC(=O)C(C(C)=O)=C1O
Mol_03401	Mol_03401::M01	acrylate_ester	michael_acceptor	20;21;22;23;24;25	20	C/C=C(\CO)C1CC2c3[nH]c4ccccc4c3CCN2C=C1C(=O)OC
Mol_03412	Mol_03412::M01	enone_cyclic	michael_acceptor	11;12;14;15;16	11	CCCCCCCCCCCC1=C(O)C(=O)C=C(O)C1=O
Mol_03412	Mol_03412::M02	enone_cyclic	michael_acceptor	12;11;19;20;17	12	CCCCCCCCCCCC1=C(O)C(=O)C=C(O)C1=O
Mol_03412	Mol_03412::M03	enone_cyclic	michael_acceptor	16;17;19;20;11	16	CCCCCCCCCCCC1=C(O)C(=O)C=C(O)C1=O
Mol_03412	Mol_03412::M04	enone_cyclic	michael_acceptor	17;16;14;15;12	17	CCCCCCCCCCCC1=C(O)C(=O)C=C(O)C1=O
Mol_03412	Mol_03412::M05	para_quinone	michael_acceptor	15;14;12;11;19;20;17;16	11;12;16;17	CCCCCCCCCCCC1=C(O)C(=O)C=C(O)C1=O
Mol_03413	Mol_03413::M01	enone_cyclic	michael_acceptor	11;12;14;15;16	11	CCCCCCCCCCCC1=C(O)C(=O)C=C(OC)C1=O
Mol_03413	Mol_03413::M02	enone_cyclic	michael_acceptor	12;11;20;21;17	12	CCCCCCCCCCCC1=C(O)C(=O)C=C(OC)C1=O
Mol_03413	Mol_03413::M03	enone_cyclic	michael_acceptor	16;17;20;21;11	16	CCCCCCCCCCCC1=C(O)C(=O)C=C(OC)C1=O
Mol_03413	Mol_03413::M04	enone_cyclic	michael_acceptor	17;16;14;15;12	17	CCCCCCCCCCCC1=C(O)C(=O)C=C(OC)C1=O
Mol_03413	Mol_03413::M05	para_quinone	michael_acceptor	15;14;12;11;20;21;17;16	11;12;16;17	CCCCCCCCCCCC1=C(O)C(=O)C=C(OC)C1=O
Mol_03417	Mol_03417::M01	enone_cyclic	michael_acceptor	11;12;15;16;17	11	CCCCCCCCCCCC1=C(OC)C(=O)C=C(OC)C1=O
Mol_03417	Mol_03417::M02	enone_cyclic	michael_acceptor	12;11;21;22;18	12	CCCCCCCCCCCC1=C(OC)C(=O)C=C(OC)C1=O
Mol_03417	Mol_03417::M03	enone_cyclic	michael_acceptor	17;18;21;22;11	17	CCCCCCCCCCCC1=C(OC)C(=O)C=C(OC)C1=O
Mol_03417	Mol_03417::M04	enone_cyclic	michael_acceptor	18;17;15;16;12	18	CCCCCCCCCCCC1=C(OC)C(=O)C=C(OC)C1=O
Mol_03417	Mol_03417::M05	para_quinone	michael_acceptor	16;15;12;11;21;22;18;17	11;12;17;18	CCCCCCCCCCCC1=C(OC)C(=O)C=C(OC)C1=O
Mol_03418	Mol_03418::M01	enone_cyclic	michael_acceptor	11;12;14;15;16	11	CCCCCCCCCCCC1=C(O)C(=O)C=C(OC(C)=O)C1=O
Mol_03418	Mol_03418::M02	enone_cyclic	michael_acceptor	12;11;22;23;17	12	CCCCCCCCCCCC1=C(O)C(=O)C=C(OC(C)=O)C1=O
Mol_03418	Mol_03418::M03	enone_cyclic	michael_acceptor	16;17;22;23;11	16	CCCCCCCCCCCC1=C(O)C(=O)C=C(OC(C)=O)C1=O
Mol_03418	Mol_03418::M04	enone_cyclic	michael_acceptor	17;16;14;15;12	17	CCCCCCCCCCCC1=C(O)C(=O)C=C(OC(C)=O)C1=O
Mol_03418	Mol_03418::M05	para_quinone	michael_acceptor	15;14;12;11;22;23;17;16	11;12;16;17	CCCCCCCCCCCC1=C(O)C(=O)C=C(OC(C)=O)C1=O
Mol_03419	Mol_03419::M01	enone_cyclic	michael_acceptor	11;12;17;18;19	11	CCCCCCCCCCCC1=C(OC(C)=O)C(=O)C=C(OC(C)=O)C1=O
Mol_03419	Mol_03419::M02	enone_cyclic	michael_acceptor	12;11;25;26;20	12	CCCCCCCCCCCC1=C(OC(C)=O)C(=O)C=C(OC(C)=O)C1=O
Mol_03419	Mol_03419::M03	enone_cyclic	michael_acceptor	19;20;25;26;11	19	CCCCCCCCCCCC1=C(OC(C)=O)C(=O)C=C(OC(C)=O)C1=O
Mol_03419	Mol_03419::M04	enone_cyclic	michael_acceptor	20;19;17;18;12	20	CCCCCCCCCCCC1=C(OC(C)=O)C(=O)C=C(OC(C)=O)C1=O
Mol_03419	Mol_03419::M05	para_quinone	michael_acceptor	18;17;12;11;25;26;20;19	11;12;19;20	CCCCCCCCCCCC1=C(OC(C)=O)C(=O)C=C(OC(C)=O)C1=O
Mol_03420	Mol_03420::M01	enone_cyclic	michael_acceptor	13;14;16;17;18	13	CCCCCCCCCCCCCC1=C(O)C(=O)C=C(O)C1=O
Mol_03420	Mol_03420::M02	enone_cyclic	michael_acceptor	14;13;21;22;19	14	CCCCCCCCCCCCCC1=C(O)C(=O)C=C(O)C1=O
Mol_03420	Mol_03420::M03	enone_cyclic	michael_acceptor	18;19;21;22;13	18	CCCCCCCCCCCCCC1=C(O)C(=O)C=C(O)C1=O
Mol_03420	Mol_03420::M04	enone_cyclic	michael_acceptor	19;18;16;17;14	19	CCCCCCCCCCCCCC1=C(O)C(=O)C=C(O)C1=O
Mol_03420	Mol_03420::M05	para_quinone	michael_acceptor	17;16;14;13;21;22;19;18	13;14;18;19	CCCCCCCCCCCCCC1=C(O)C(=O)C=C(O)C1=O
Mol_03426	Mol_03426::M01	acrylate_ester	michael_acceptor	9;8;6;7;5;4	9	C=C(C)CCOC(=O)/C=C/c1ccc(O)c(O)c1
Mol_03427	Mol_03427::M01	acrylate_ester	michael_acceptor	9;8;6;7;5;4	9	C/C=C(\C)COC(=O)/C=C/c1ccc(O)c(O)c1
Mol_03428	Mol_03428::M01	acrylate_ester	michael_acceptor	3;2;1;0;12;13	3	O=C(/C=C/c1ccc(O)c(O)c1)OCCc1ccccc1
Mol_03435	Mol_03435::M01	acrylate_ester	michael_acceptor	3;2;1;0;12;13	3	O=C(/C=C/c1ccc(O)c(O)c1)O[C@H]1C(=O)c2c(O)cc(O)cc2O[C@@H]1c1ccccc1
Mol_03438	Mol_03438::M01	aldehyde	reversible_carbonyl	20;21;22	21	C=C1CC[C@@H]2[C@](C)(CCC[C@]2(C)C(=O)O)[C@H]1CC[C@H](C)CC=O
Mol_03439	Mol_03439::M01	aldehyde	reversible_carbonyl	18;20;21	20	C=C[C@](C)(O)CC[C@H]1C(=C)CC[C@@H]2[C@]1(C)CCC[C@]2(C)C=O
Mol_03440	Mol_03440::M01	aldehyde	reversible_carbonyl	10;12;13	12	C=C1CC[C@@H]2[C@](C)(CCC[C@]2(C)C=O)[C@H]1CC/C(C)=C/CO
Mol_03452	Mol_03452::M01	acrylate_ester	michael_acceptor	6;5;3;4;2;1	6	CCOC(=O)/C=C/c1ccc(O)cc1
Mol_03458	Mol_03458::M01	alpha_halo_carbonyl	sn2_alkylation	14;12;13;10;11	10	CCCCCCCCCCC(Cl)C(=O)OCCl
Mol_03459	Mol_03459::M01	enone_ketone_acyclic	michael_acceptor	10;9;7;8;6	10	COc1cc(O)c(C(=O)/C=C/c2ccccc2)c(O)c1
Mol_03459	Mol_03459::M02	chalcone	michael_acceptor	6;7;8;9;10;11	10	COc1cc(O)c(C(=O)/C=C/c2ccccc2)c(O)c1
Mol_03468	Mol_03468::M01	nitrile	addition_to_CN	1;2;3	2	CCC#N
Mol_03469	Mol_03469::M01	nitrile	addition_to_CN	2;1;0	1	N#CCC(N)=O
Mol_03479	Mol_03479::M01	aldehyde	reversible_carbonyl	18;20;21	20	C=C[C@@](C)(O)CCC1C(=C)CCC2[C@]1(C)CCC[C@]2(C)C=O
Mol_03485	Mol_03485::M01	nitrile	addition_to_CN	2;1;0	1	N#CC(=O)NCCCOc1c(Br)cc(CCN)cc1Br
Mol_03486	Mol_03486::M01	aldehyde	reversible_carbonyl	10;11;12	11	COc1c(Br)cc(O)c(O)c1C=O
Mol_03492	Mol_03492::M01	epoxide	sn2_ring_opening	21;22;23	21;23	CC(C)[C@H]1CC[C@@H]2[C@]1(C)CC[C@]1(C)[C@H]3CC[C@@]4(C)[C@@H](CC[C@H]5O[C@]54C)[C@]3(C)CC[C@@]21C
Mol_03498	Mol_03498::M01	acrylate_ester	michael_acceptor	27;26;24;25;23;22	27	CCN1C2[C@@]34C5CC[C@](C)(C3C[C@]2(O)[C@@]2(O)CC[C@H]3CC4C2[C@H]3OC(=O)/C=C\c2ccccc2)[C@@H]1O5
Mol_03520	Mol_03520::M01	aldehyde	reversible_carbonyl	2;1;0	1	O=C[C@H](O)[C@@H](O)[C@H](O)[C@H](O)CO
Mol_03521	Mol_03521::M01	aldehyde	reversible_carbonyl	2;1;0	1	O=C[C@H](O)[C@@H](O)[C@@H](O)[C@H](O)CO
Mol_03575	Mol_03575::M01	acrylate_ester	michael_acceptor	3;2;1;0;11;12	3	O=C(/C=C/c1ccc(O)cc1)O[C@@H]1[C@H](O)[C@@H](O)[C@H](Oc2c(-c3ccc(O)cc3)oc3cc(O[C@H]4O[C@H](CO)[C@H](O)[C@@H](O)[C@H]4O)cc(O)c3c2=O)O[C@@H]1CO
Mol_03576	Mol_03576::M01	enone_cyclic	michael_acceptor	1;2;3;4;5	1	CC1=CC(=O)CC(C)(C)[C@@]1(O)/C=C/[C@H](C)O[C@@H]1O[C@H](CO)[C@@H](O)[C@H](O)[C@H]1O
Mol_03581	Mol_03581::M01	acrylate_ester	michael_acceptor	40;39;37;38;36;35	40	CC1O[C@@H](OCC2O[C@@H](Oc3c(-c4ccc(O)c(O)c4)oc4cc(O)cc(O)c4c3=O)C(O)C(O)[C@H]2OC(=O)/C=C/c2ccc(O)cc2)C(O)[C@@H](O)[C@H]1O
Mol_03595	Mol_03595::M01	acrylamide	michael_acceptor	23;22;20;21;1	23	CN(CCc1cn([C@@H]2O[C@H](CO)[C@@H](O)[C@H](O)[C@H]2O)cn1)C(=O)/C=C/c1ccccc1
Mol_03598	Mol_03598::M01	acrylate_ester	michael_acceptor	7;6;4;5;3;1	7	CC1(C)OC(=O)C=C[C@]2(C)[C@H]3[C@@H](O)C[C@@]4(C)[C@H](c5ccoc5)OC(=O)[C@H]5O[C@]54[C@]3(C)C(=O)C[C@@H]12
Mol_03598	Mol_03598::M02	unsat_lactone	michael_acceptor	3;4;5;6;7	7	CC1(C)OC(=O)C=C[C@]2(C)[C@H]3[C@@H](O)C[C@@]4(C)[C@H](c5ccoc5)OC(=O)[C@H]5O[C@]54[C@]3(C)C(=O)C[C@@H]12
Mol_03598	Mol_03598::M03	epoxide	sn2_ring_opening	25;26;27	25;27	CC1(C)OC(=O)C=C[C@]2(C)[C@H]3[C@@H](O)C[C@@]4(C)[C@H](c5ccoc5)OC(=O)[C@H]5O[C@]54[C@]3(C)C(=O)C[C@@H]12
Mol_03639	Mol_03639::M01	acrylic_acid	michael_acceptor	16;17;18;19;20	16	CO[C@@H]1O[C@H](OC)C(O)(CC[C@]2(C)C3CCC=C(C(=O)O)[C@]3(C)[C@@H](O)C[C@H]2C)[C@@H]1O
Mol_03640	Mol_03640::M01	acrylate_ester	michael_acceptor	20;19;23;24;22;21	20	C[C@@H]1C[C@H](O)[C@@]2(C)C(C(=O)O)=CCCC2[C@@]1(C)CCC1=CCOC1=O
Mol_03640	Mol_03640::M02	acrylic_acid	michael_acceptor	11;7;8;9;10	11	C[C@@H]1C[C@H](O)[C@@]2(C)C(C(=O)O)=CCCC2[C@@]1(C)CCC1=CCOC1=O
Mol_03640	Mol_03640::M03	unsat_lactone	michael_acceptor	22;23;24;19;20	20	C[C@@H]1C[C@H](O)[C@@]2(C)C(C(=O)O)=CCCC2[C@@]1(C)CCC1=CCOC1=O
Mol_03641	Mol_03641::M01	acrylate_ester	michael_acceptor	14;13;11;12;10;9	14	CO[C@@H]1[C@@H](O)[C@H](O)[C@@H](O)C(OC(=O)/C=C\c2ccc(O)cc2)[C@@H]1OC(C)=O
Mol_03642	Mol_03642::M01	acrylate_ester	michael_acceptor	14;13;11;12;10;9	14	CO[C@@H]1[C@@H](O)[C@H](O)[C@@H](O)C(OC(=O)/C=C/c2ccc(O)cc2)[C@@H]1OC(C)=O
Mol_03659	Mol_03659::M01	enone_cyclic	michael_acceptor	14;15;21;22;23	14	COc1cc(C)c(O)c(C/C=C(\C)CC2=C(CC(C)(C)O)C(=O)[C@@]3(C)CCC[C@]3(C)C2)c1
Mol_03661	Mol_03661::M01	enone_cyclic	michael_acceptor	14;15;21;22;23	14	COc1cc(C)c2c(c1)C=C[C@@](C)(CC1=C(CC(C)(C)O)C(=O)[C@@]3(C)CCC[C@]3(C)C1)O2
Mol_03662	Mol_03662::M01	enone_cyclic	michael_acceptor	14;15;21;22;23	14	COc1cc(C)c2c(c1)C=C[C@](C)(CC1=C(CC(C)(C)O)C(=O)[C@@]3(C)CCC[C@]3(C)C1)O2
Mol_03663	Mol_03663::M01	enone_cyclic	michael_acceptor	1;2;8;9;10	1	CC1=C(CC(C)(C)O)C(=O)[C@@]2(C)CCC[C@]2(C)C1
Mol_03664	Mol_03664::M01	enone_cyclic	michael_acceptor	4;5;11;12;13	4	CC(=O)CC1=C(CC(C)(C)O)C(=O)[C@@]2(C)CCC[C@]2(C)C1
Mol_03672	Mol_03672::M01	enone_cyclic	michael_acceptor	14;15;21;22;23	14	COc1cc(C)c(O)c(C/C=C(\C)CC2=C(CC(C)(C)O)C(=O)[C@]3(C)CCC[C@]3(C)C2)c1
Mol_03673	Mol_03673::M01	enone_cyclic	michael_acceptor	15;16;22;23;24	15	COc1cc(C)c(OC)c(C/C=C(\C)CC2=C(CC(C)(C)O)C(=O)[C@]3(C)CCC[C@]3(C)C2)c1
Mol_03674	Mol_03674::M01	enone_cyclic	michael_acceptor	14;15;21;22;23	14	COc1cc(C)c2c(c1)CC[C@](C)(CC1=C(CC(C)(C)O)C(=O)[C@]3(C)CCC[C@]3(C)C1)O2
Mol_03675	Mol_03675::M01	enone_cyclic	michael_acceptor	14;15;21;22;23	14	COc1cc(C)c2c(c1)CC[C@@](C)(CC1=C(CC(C)(C)O)C(=O)[C@]3(C)CCC[C@]3(C)C1)O2
Mol_03676	Mol_03676::M01	enone_ketone_acyclic	michael_acceptor	19;18;16;17;15	19	COc1c(C)cc(O)cc1/C=C/C(C)(O)CC(=O)/C=C(/C)CCCC(C)C(=O)/C=C/C(C)(C)O
Mol_03676	Mol_03676::M02	enone_ketone_acyclic	michael_acceptor	29;28;26;27;24	29	COc1c(C)cc(O)cc1/C=C/C(C)(O)CC(=O)/C=C(/C)CCCC(C)C(=O)/C=C/C(C)(C)O
Mol_03677	Mol_03677::M01	enone_ketone_acyclic	michael_acceptor	19;18;16;17;15	19	COc1c(C)cc(O)cc1/C=C/C(C)(O)CC(=O)/C=C(\C)CCCC(C)C(=O)/C=C/C(C)(C)O
Mol_03677	Mol_03677::M02	enone_ketone_acyclic	michael_acceptor	29;28;26;27;24	29	COc1c(C)cc(O)cc1/C=C/C(C)(O)CC(=O)/C=C(\C)CCCC(C)C(=O)/C=C/C(C)(C)O
Mol_03678	Mol_03678::M01	enone_ketone_acyclic	michael_acceptor	19;18;16;17;15	19	COc1c(C)cc(O)cc1/C=C/C(C)(O)CC(=O)/C=C(/C)CCCC(C)=O
Mol_03679	Mol_03679::M01	enone_ketone_acyclic	michael_acceptor	19;18;16;17;15	19	COc1c(C)cc(O)cc1/C=C/C(C)(O)CC(=O)/C=C(\C)CCCC(C)=O
Mol_03680	Mol_03680::M01	enone_ketone_acyclic	michael_acceptor	18;17;15;16;14	18	COc1c(C)cc(O)cc1C/C=C(\C)CC(=O)/C=C(/C)CCC[C@]1(C)CC(=O)[C@@H](C(C)(C)O)O1
Mol_03681	Mol_03681::M01	enone_ketone_acyclic	michael_acceptor	18;17;15;16;14	18	COc1c(C)cc(O)cc1C/C=C(\C)CC(=O)/C=C(\C)CCC[C@]1(C)CC(=O)[C@@H](C(C)(C)O)O1
Mol_03682	Mol_03682::M01	enone_ketone_acyclic	michael_acceptor	18;17;15;16;14	18	COc1c(C)cc(O)cc1C/C=C(\C)CC(=O)/C=C(/C)CCCC(C)C(=O)/C=C/C(C)(C)O
Mol_03682	Mol_03682::M02	enone_ketone_acyclic	michael_acceptor	28;27;25;26;23	28	COc1c(C)cc(O)cc1C/C=C(\C)CC(=O)/C=C(/C)CCCC(C)C(=O)/C=C/C(C)(C)O
Mol_03683	Mol_03683::M01	enone_ketone_acyclic	michael_acceptor	18;17;15;16;14	18	COc1c(C)cc(O)cc1C/C=C(\C)CC(=O)/C=C(\C)CCCC(C)C(=O)/C=C/C(C)(C)O
Mol_03683	Mol_03683::M02	enone_ketone_acyclic	michael_acceptor	28;27;25;26;23	28	COc1c(C)cc(O)cc1C/C=C(\C)CC(=O)/C=C(\C)CCCC(C)C(=O)/C=C/C(C)(C)O
Mol_03684	Mol_03684::M01	enone_ketone_acyclic	michael_acceptor	18;17;15;16;14	18	COc1c(C)cc(O)cc1C/C=C(\C)CC(=O)/C=C(/C)CCCC(C)=O
Mol_03685	Mol_03685::M01	enone_ketone_acyclic	michael_acceptor	18;17;15;16;14	18	COc1c(C)cc(O)cc1C/C=C(\C)CC(=O)/C=C(\C)CCCC(C)=O
Mol_03686	Mol_03686::M01	enone_ketone_acyclic	michael_acceptor	18;17;15;16;14	18	COc1c(C)cc(O)cc1C/C=C(\C)CC(=O)/C=C(/C)CCCC(C)(O)C(=O)/C=C/C(C)(C)O
Mol_03686	Mol_03686::M02	enone_ketone_acyclic	michael_acceptor	29;28;26;27;23	29	COc1c(C)cc(O)cc1C/C=C(\C)CC(=O)/C=C(/C)CCCC(C)(O)C(=O)/C=C/C(C)(C)O
Mol_03687	Mol_03687::M01	enone_ketone_acyclic	michael_acceptor	18;17;15;16;14	18	COc1c(C)cc(O)cc1C/C=C(\C)CC(=O)/C=C(\C)CCCC1(C)OC(C)(C)C=CC1=O
Mol_03687	Mol_03687::M02	enone_cyclic	michael_acceptor	29;30;31;32;23	29	COc1c(C)cc(O)cc1C/C=C(\C)CC(=O)/C=C(\C)CCCC1(C)OC(C)(C)C=CC1=O
Mol_03688	Mol_03688::M01	acrylate_ester	michael_acceptor	39;38;36;37;35;34	39	CC(=O)O[C@H]1[C@H](O[C@H]2[C@@H]3C=CO[C@@H](O[C@@H]4O[C@H](CO)[C@@H](O)[C@H](O)[C@H]4O)[C@@H]3[C@@]3(CO)O[C@@H]23)O[C@@H](C)[C@H](OC(=O)/C=C/c2ccccc2)[C@H]1OC(=O)/C=C/c1ccccc1
Mol_03688	Mol_03688::M02	acrylate_ester	michael_acceptor	51;50;48;49;47;46	51	CC(=O)O[C@H]1[C@H](O[C@H]2[C@@H]3C=CO[C@@H](O[C@@H]4O[C@H](CO)[C@@H](O)[C@H](O)[C@H]4O)[C@@H]3[C@@]3(CO)O[C@@H]23)O[C@@H](C)[C@H](OC(=O)/C=C/c2ccccc2)[C@H]1OC(=O)/C=C/c1ccccc1
Mol_03688	Mol_03688::M03	epoxide	sn2_ring_opening	26;29;30	26;30	CC(=O)O[C@H]1[C@H](O[C@H]2[C@@H]3C=CO[C@@H](O[C@@H]4O[C@H](CO)[C@@H](O)[C@H](O)[C@H]4O)[C@@H]3[C@@]3(CO)O[C@@H]23)O[C@@H](C)[C@H](OC(=O)/C=C/c2ccccc2)[C@H]1OC(=O)/C=C/c1ccccc1
Mol_03689	Mol_03689::M01	acrylate_ester	michael_acceptor	6;7;8;9;10;11	6	COc1ccc(/C=C/C(=O)O[C@@H]2[C@@H](OC(=O)/C=C/c3ccccc3)[C@H](C)OC(O[C@H]3[C@@H]4C=CO[C@@H](OC5O[C@H](CO)[C@@H](O)[C@H](O)[C@H]5O)[C@@H]4[C@@]4(CO)O[C@@H]34)[C@@H]2OC(C)=O)cc1
Mol_03689	Mol_03689::M02	acrylate_ester	michael_acceptor	17;16;14;15;13;12	17	COc1ccc(/C=C/C(=O)O[C@@H]2[C@@H](OC(=O)/C=C/c3ccccc3)[C@H](C)OC(O[C@H]3[C@@H]4C=CO[C@@H](OC5O[C@H](CO)[C@@H](O)[C@H](O)[C@H]5O)[C@@H]4[C@@]4(CO)O[C@@H]34)[C@@H]2OC(C)=O)cc1
Mol_03689	Mol_03689::M03	epoxide	sn2_ring_opening	48;51;52	48;52	COc1ccc(/C=C/C(=O)O[C@@H]2[C@@H](OC(=O)/C=C/c3ccccc3)[C@H](C)OC(O[C@H]3[C@@H]4C=CO[C@@H](OC5O[C@H](CO)[C@@H](O)[C@H](O)[C@H]5O)[C@@H]4[C@@]4(CO)O[C@@H]34)[C@@H]2OC(C)=O)cc1
Mol_03691	Mol_03691::M01	acrylate_ester	michael_acceptor	10;9;7;8;6;4	10	CO[C@@H]1C[C@](C)(OC(=O)/C=C/c2ccccc2)[C@H]2[C@H](O[C@@H]3O[C@H](CO)[C@@H](O)[C@H](O)[C@H]3O)OC=C[C@@]12O
Mol_03693	Mol_03693::M01	acrylate_ester	michael_acceptor	10;9;7;8;6;5	10	CC(=O)O[C@@H]1[C@@H](OC(=O)/C=C/c2ccccc2)[C@@H](OC(C)=O)[C@H](O[C@H]2[C@H]3C=CO[C@@H](O[C@@H]4O[C@H](CO)[C@@H](O)[C@H](O)[C@H]4O)[C@@H]3[C@@]3(CO)O[C@@H]23)O[C@H]1C
Mol_03693	Mol_03693::M02	epoxide	sn2_ring_opening	43;46;47	43;47	CC(=O)O[C@@H]1[C@@H](OC(=O)/C=C/c2ccccc2)[C@@H](OC(C)=O)[C@H](O[C@H]2[C@H]3C=CO[C@@H](O[C@@H]4O[C@H](CO)[C@@H](O)[C@H](O)[C@H]4O)[C@@H]3[C@@]3(CO)O[C@@H]23)O[C@H]1C
Mol_03694	Mol_03694::M01	acrylate_ester	michael_acceptor	10;9;7;8;6;5	10	CC(=O)O[C@@H]1[C@@H](OC(=O)/C=C/c2ccccc2)[C@@H](OC(C)=O)[C@H](O[C@H]2[C@@H]3C=CO[C@@H](O[C@@H]4O[C@H](CO)[C@@H](O)[C@H](O)[C@H]4O)[C@@H]3[C@@]3(CO)O[C@@H]23)O[C@H]1C
Mol_03694	Mol_03694::M02	epoxide	sn2_ring_opening	43;46;47	43;47	CC(=O)O[C@@H]1[C@@H](OC(=O)/C=C/c2ccccc2)[C@@H](OC(C)=O)[C@H](O[C@H]2[C@@H]3C=CO[C@@H](O[C@@H]4O[C@H](CO)[C@@H](O)[C@H](O)[C@H]4O)[C@@H]3[C@@]3(CO)O[C@@H]23)O[C@H]1C
Mol_03697	Mol_03697::M01	epoxide	sn2_ring_opening	24;27;28	24;28	C[C@@H]1OC(O[C@H]2[C@@H]3C=CO[C@@H](OC4O[C@H](CO)[C@@H](O)[C@H](O)[C@H]4O)[C@@H]3[C@@]3(CO)O[C@@H]23)[C@H](O)[C@H](O)[C@H]1O
Mol_03698	Mol_03698::M01	acrylate_ester	michael_acceptor	6;7;8;9;10;11	6	COc1ccc(/C=C/C(=O)O[C@H]2C(O[C@H]3[C@@H]4C=CO[C@@H](OC5O[C@H](CO)[C@@H](O)[C@H](O)[C@H]5O)[C@@H]4[C@@]4(CO)O[C@@H]34)O[C@@H](C)[C@H](O)[C@H]2OC(C)=O)cc1
Mol_03698	Mol_03698::M02	epoxide	sn2_ring_opening	33;36;37	33;37	COc1ccc(/C=C/C(=O)O[C@H]2C(O[C@H]3[C@@H]4C=CO[C@@H](OC5O[C@H](CO)[C@@H](O)[C@H](O)[C@H]5O)[C@@H]4[C@@]4(CO)O[C@@H]34)O[C@@H](C)[C@H](O)[C@H]2OC(C)=O)cc1
Mol_03699	Mol_03699::M01	acrylate_ester	michael_acceptor	6;7;8;9;10;11	6	COc1ccc(/C=C\C(=O)O[C@H]2C(O[C@H]3[C@@H]4C=CO[C@@H](OC5O[C@H](CO)[C@@H](O)[C@H](O)[C@H]5O)[C@@H]4[C@@]4(CO)O[C@@H]34)O[C@@H](C)[C@H](O)[C@H]2OC(C)=O)cc1
Mol_03699	Mol_03699::M02	epoxide	sn2_ring_opening	33;36;37	33;37	COc1ccc(/C=C\C(=O)O[C@H]2C(O[C@H]3[C@@H]4C=CO[C@@H](OC5O[C@H](CO)[C@@H](O)[C@H](O)[C@H]5O)[C@@H]4[C@@]4(CO)O[C@@H]34)O[C@@H](C)[C@H](O)[C@H]2OC(C)=O)cc1
Mol_03704	Mol_03704::M01	acrylate_ester	michael_acceptor	6;5;3;4;2;1	6	C[C@]1(OC(=O)/C=C/c2ccccc2)C[C@@H](O)[C@]2(O)C=CO[C@@H](O[C@@H]3O[C@H](CO)[C@@H](O)[C@H](O)[C@H]3O)[C@@H]21
Mol_03705	Mol_03705::M01	epoxide	sn2_ring_opening	1;2;3	1;3	C[C@]12O[C@H]1[C@@H](O)[C@]1(O)C=CO[C@@H](O[C@@H]3O[C@H](CO)[C@@H](O)[C@H](O)[C@H]3O)[C@@H]12
Mol_03707	Mol_03707::M01	acrylic_acid	michael_acceptor	10;6;7;8;9	10	C[C@]1(O)CC[C@@H]2C(C(=O)O)=CO[C@@H](O[C@@H]3O[C@H](CO)[C@@H](O)[C@H](O)[C@H]3O)[C@@H]21
Mol_03721	Mol_03721::M01	epoxide	sn2_ring_opening	8;9;10	8;10	CN1[C@@H]2CC(O)C[C@H]1[C@@H]1O[C@@H]12
Mol_03730	Mol_03730::M01	acrylate_ester	michael_acceptor	1;2;4;5;6;7	1	C/C=C(\C)C(=O)OC1CC2C=CC(C1)N2C
Mol_03732	Mol_03732::M01	acrylate_ester	michael_acceptor	1;2;4;5;6;7	1	C/C=C(\C)C(=O)OC1C[C@H]2CC[C@@H](C1)N2C
Mol_03734	Mol_03734::M01	acrylate_ester	michael_acceptor	1;2;4;5;6;7	1	C/C=C(\C)C(=O)O[C@@H]1C[C@H]2CC[C@@H](C1)N2C
Mol_03739	Mol_03739::M01	acrylate_ester	michael_acceptor	1;2;4;5;6;7	1	C/C=C(\C)C(=O)OC1CC2C3OC3C(C1)N2C
Mol_03739	Mol_03739::M02	epoxide	sn2_ring_opening	10;11;12	10;12	C/C=C(\C)C(=O)OC1CC2C3OC3C(C1)N2C
Mol_03740	Mol_03740::M01	acrylate_ester	michael_acceptor	1;2;4;5;6;7	1	C/C=C(\C)C(=O)OC1CC2CC(O)C(C1)N2C
Mol_03741	Mol_03741::M01	acrylate_ester	michael_acceptor	1;2;4;5;6;7	1	C/C=C(\C)C(=O)OCN1C2CC(O)C[C@@H]1C2
Mol_03742	Mol_03742::M01	acrylate_ester	michael_acceptor	1;2;4;5;6;7	1	C/C=C(\C)C(=O)O[C@@H]1C[C@H]2C[C@H](O)C[C@@H]1N2C
Mol_03743	Mol_03743::M01	acrylate_ester	michael_acceptor	1;2;4;5;6;7	1	C/C=C(\C)C(=O)O[C@H]1C[C@@H]2C[C@@H](OC(C)=O)[C@H](C1)N2C
Mol_03745	Mol_03745::M01	acrylate_ester	michael_acceptor	1;2;4;5;6;7	1	C/C=C(\C)C(=O)OC1CC2C(O)C(OC(=O)CC)C(C1)N2C
Mol_03748	Mol_03748::M01	acrylate_ester	michael_acceptor	1;2;4;5;6;7	1	C/C=C(\C)C(=O)OC1CC2CC(OC(=O)CC)C(C1)N2C
Mol_03749	Mol_03749::M01	acrylate_ester	michael_acceptor	0;1;2;3;4;5	0	C=C(C(=O)OC1CC2C=CC(C1)N2C)c1ccccc1
Mol_03751	Mol_03751::M01	acrylate_ester	michael_acceptor	1;2;4;5;6;7	1	C/C=C(\C)C(=O)OC1CC2CC(OC(=O)C(C)C)C(C1)N2C
Mol_03752	Mol_03752::M01	acrylate_ester	michael_acceptor	1;2;4;5;6;7	1	C/C=C(\C)C(=O)OC1CC2C(O)C(O)C(C1)N2C
Mol_03753	Mol_03753::M01	acrylate_ester	michael_acceptor	0;1;2;3;4;5	0	C=C(C(=O)OC1CC2CCC(C1)N2C)c1ccccc1
Mol_03754	Mol_03754::M01	acrylate_ester	michael_acceptor	1;2;4;5;6;7	1	C/C=C(\C)C(=O)OC1CC2C(O)C(C1)N2CO
Mol_03755	Mol_03755::M01	epoxide	sn2_ring_opening	17;18;19	17;19	CN1C2CC(OC(=O)Cc3ccccc3)CC1C1OC12
Mol_03756	Mol_03756::M01	epoxide	sn2_ring_opening	8;9;10	8;10	CC(C(=O)OC1CC2C3OC3C(C1)N2C)c1ccccc1
Mol_03757	Mol_03757::M01	acrylate_ester	michael_acceptor	1;2;4;5;6;7	1	C/C=C(\C)C(=O)OC1CC2CC(OC(=O)C(C)CC)C(C1)N2C
Mol_03758	Mol_03758::M01	acrylate_ester	michael_acceptor	1;2;4;5;6;7	1	C/C=C(\C)C(=O)OC1(OC(=O)CCC)CC2CC(C)C(C1)N2C
Mol_03762	Mol_03762::M01	acrylate_ester	michael_acceptor	0;1;2;3;4;5	0	C=C(C(=O)OC1CC2NC1C1OC21)c1ccccc1
Mol_03762	Mol_03762::M02	epoxide	sn2_ring_opening	10;11;12	10;12	C=C(C(=O)OC1CC2NC1C1OC21)c1ccccc1
Mol_03763	Mol_03763::M01	acrylate_ester	michael_acceptor	0;1;2;3;4;5	0	C=C(C(=O)OC1CC2C3OC3C(C1)N2C)c1ccccc1
Mol_03763	Mol_03763::M02	epoxide	sn2_ring_opening	8;9;10	8;10	C=C(C(=O)OC1CC2C3OC3C(C1)N2C)c1ccccc1
Mol_03764	Mol_03764::M01	acrylate_ester	michael_acceptor	1;2;4;5;6;7	1	C/C=C(\C)C(=O)OC1CC2C(O)C(OC(=O)C(C)C)C(C1)N2C
Mol_03768	Mol_03768::M01	acrylate_ester	michael_acceptor	1;2;4;5;6;7	1	C/C=C(\C)C(=O)O[C@@H]1C[C@H]2C[C@H](OC(=O)/C(C)=C/C)[C@@H](C1)N2C
Mol_03768	Mol_03768::M02	acrylate_ester	michael_acceptor	17;15;13;14;12;11	17	C/C=C(\C)C(=O)O[C@@H]1C[C@H]2C[C@H](OC(=O)/C(C)=C/C)[C@@H](C1)N2C
Mol_03769	Mol_03769::M01	acrylate_ester	michael_acceptor	0;1;2;3;4;5	0	C=C(C(=O)OC1CC2CC(O)C(C1)N2C)c1ccccc1
Mol_03770	Mol_03770::M01	acrylate_ester	michael_acceptor	1;2;4;5;6;7	1	C/C=C(\C)C(=O)O[C@H]1CC2C(O)C(OC(=O)CC(C)C)C(C1)N2C
Mol_03771	Mol_03771::M01	acrylate_ester	michael_acceptor	1;2;4;5;6;7	1	C/C=C(\C)C(=O)O[C@@H]1CC2C(O)C(OC(=O)CC(C)C)C(C1)N2C
Mol_03772	Mol_03772::M01	epoxide	sn2_ring_opening	20;21;22	20;22	C[N+]1(C)C2CC(OC(=O)C(CO)c3ccccc3)CC1C1OC12
Mol_03774	Mol_03774::M01	epoxide	sn2_ring_opening	19;20;21	19;21	CN1[C@@H]2CC(OC(=O)[C@H](CO)c3ccccc3)C[C@H]1[C@@H]1O[C@@H]12
Mol_03777	Mol_03777::M01	acrylate_ester	michael_acceptor	1;2;4;5;6;7	1	C/C=C(\C)C(=O)OC1CC2C(O)C(OC(=O)/C(C)=C/C)C(C1)N2C
Mol_03777	Mol_03777::M02	acrylate_ester	michael_acceptor	18;16;14;15;13;12	18	C/C=C(\C)C(=O)OC1CC2C(O)C(OC(=O)/C(C)=C/C)C(C1)N2C
Mol_03784	Mol_03784::M01	acrylate_ester	michael_acceptor	1;2;4;5;6;7	1	C/C=C(\C)C(=O)OC1CC2CC(OC(=O)C(CO)c3ccccc3)CC1N2C
Mol_03785	Mol_03785::M01	acrylate_ester	michael_acceptor	0;1;2;3;4;5	0	C=C1C(=O)O[C@@H]2C[C@@]1(C)OC[C@H]2[C@H]1CC[C@H]2[C@@H]3CC=C4C[C@@H](O[C@@H]5O[C@H](CO)[C@@H](O)[C@H](O)[C@H]5O)C[C@H](O)[C@]4(C)[C@H]3CC[C@]12C
Mol_03786	Mol_03786::M01	acrylate_ester	michael_acceptor	1;2;16;17;18;19	1	CC1=C(CO[C@@H]2O[C@H](CO)[C@@H](O)[C@H](O)[C@H]2O)C(=O)O[C@@H]([C@@H](CO)[C@H]2CC[C@H]3[C@@H]4CC=C5CC=CC(=O)[C@]5(C)[C@H]4C[C@H](O)[C@]23C)C1
Mol_03786	Mol_03786::M02	enone_cyclic	michael_acceptor	32;33;34;35;36	32	CC1=C(CO[C@@H]2O[C@H](CO)[C@@H](O)[C@H](O)[C@H]2O)C(=O)O[C@@H]([C@@H](CO)[C@H]2CC[C@H]3[C@@H]4CC=C5CC=CC(=O)[C@]5(C)[C@H]4C[C@H](O)[C@]23C)C1
Mol_03786	Mol_03786::M03	unsat_lactone	michael_acceptor	18;16;17;2;1	1	CC1=C(CO[C@@H]2O[C@H](CO)[C@@H](O)[C@H](O)[C@H]2O)C(=O)O[C@@H]([C@@H](CO)[C@H]2CC[C@H]3[C@@H]4CC=C5CC=CC(=O)[C@]5(C)[C@H]4C[C@H](O)[C@]23C)C1
Mol_03791	Mol_03791::M01	acrylate_ester	michael_acceptor	0;1;2;3;4;5	0	C=C1C(=O)O[C@@H]2C[C@@]1(C)OC[C@H]2[C@H]1CC[C@H]2[C@@H]3CC=C4C[C@@H](O)C[C@H](O)[C@]4(C)[C@H]3CC[C@]12C
Mol_03793	Mol_03793::M01	acrylate_ester	michael_acceptor	1;2;5;6;7;8	1	CC1=C(CO)C(=O)O[C@@H]([C@@H](CO)[C@H]2CC[C@H]3[C@@H]4CC=C5CC=CC(=O)[C@]5(C)[C@H]4C[C@H](O)[C@]23C)C1
Mol_03793	Mol_03793::M02	enone_cyclic	michael_acceptor	21;22;23;24;25	21	CC1=C(CO)C(=O)O[C@@H]([C@@H](CO)[C@H]2CC[C@H]3[C@@H]4CC=C5CC=CC(=O)[C@]5(C)[C@H]4C[C@H](O)[C@]23C)C1
Mol_03793	Mol_03793::M03	unsat_lactone	michael_acceptor	7;5;6;2;1	1	CC1=C(CO)C(=O)O[C@@H]([C@@H](CO)[C@H]2CC[C@H]3[C@@H]4CC=C5CC=CC(=O)[C@]5(C)[C@H]4C[C@H](O)[C@]23C)C1
Mol_03795	Mol_03795::M01	acrylate_ester	michael_acceptor	0;1;2;3;4;5	0	C=C1C(=O)O[C@@H]2C[C@@]1(C)OC[C@H]2[C@H]1CC[C@H]2[C@@H]3CCc4c(C)cccc4[C@H]3CC[C@]12C
Mol_03796	Mol_03796::M01	acrylate_ester	michael_acceptor	1;2;16;17;18;19	1	CC1=C(COC2O[C@H](CO)[C@@H](O)[C@H](O)[C@H]2O)C(=O)O[C@@H]([C@@H](CO)[C@H]2CC[C@H]3[C@@H]4CC=C5CC=CC(=O)[C@]5(C)[C@H]4CC[C@]23C)C1
Mol_03796	Mol_03796::M02	enone_cyclic	michael_acceptor	32;33;34;35;36	32	CC1=C(COC2O[C@H](CO)[C@@H](O)[C@H](O)[C@H]2O)C(=O)O[C@@H]([C@@H](CO)[C@H]2CC[C@H]3[C@@H]4CC=C5CC=CC(=O)[C@]5(C)[C@H]4CC[C@]23C)C1
Mol_03796	Mol_03796::M03	unsat_lactone	michael_acceptor	18;16;17;2;1	1	CC1=C(COC2O[C@H](CO)[C@@H](O)[C@H](O)[C@H]2O)C(=O)O[C@@H]([C@@H](CO)[C@H]2CC[C@H]3[C@@H]4CC=C5CC=CC(=O)[C@]5(C)[C@H]4CC[C@]23C)C1
Mol_03797	Mol_03797::M01	enone_cyclic	michael_acceptor	23;24;25;26;27	23	COCC1C(=O)O[C@@H]2C[C@@]1(C)OC[C@H]2[C@H]1CC[C@H]2[C@@H]3CC=C4CC=CC(=O)[C@]4(C)[C@H]3CC[C@]12C
Mol_03798	Mol_03798::M01	acrylate_ester	michael_acceptor	1;2;16;17;18;19	1	CC1=C(CO[C@@H]2O[C@H](CO)[C@@H](O)[C@H](O)[C@H]2O)C(=O)O[C@@H]([C@@H](C)[C@H]2CC[C@H]3[C@@H]4CC=C5CC=CC(=O)[C@]5(C)[C@H]4CC[C@]23C)C1
Mol_03798	Mol_03798::M02	enone_cyclic	michael_acceptor	31;32;33;34;35	31	CC1=C(CO[C@@H]2O[C@H](CO)[C@@H](O)[C@H](O)[C@H]2O)C(=O)O[C@@H]([C@@H](C)[C@H]2CC[C@H]3[C@@H]4CC=C5CC=CC(=O)[C@]5(C)[C@H]4CC[C@]23C)C1
Mol_03798	Mol_03798::M03	unsat_lactone	michael_acceptor	18;16;17;2;1	1	CC1=C(CO[C@@H]2O[C@H](CO)[C@@H](O)[C@H](O)[C@H]2O)C(=O)O[C@@H]([C@@H](C)[C@H]2CC[C@H]3[C@@H]4CC=C5CC=CC(=O)[C@]5(C)[C@H]4CC[C@]23C)C1
Mol_03799	Mol_03799::M01	acrylate_ester	michael_acceptor	1;2;4;5;6;7	1	CC1=C(C)C(=O)O[C@@H]([C@](C)(O)[C@]2(O)C[C@H](O)[C@@]3(O)C4CC=C5CC=CC(=O)[C@]5(C)C4CC[C@]23C)C1
Mol_03799	Mol_03799::M02	enone_cyclic	michael_acceptor	23;24;25;26;27	23	CC1=C(C)C(=O)O[C@@H]([C@](C)(O)[C@]2(O)C[C@H](O)[C@@]3(O)C4CC=C5CC=CC(=O)[C@]5(C)C4CC[C@]23C)C1
Mol_03799	Mol_03799::M03	unsat_lactone	michael_acceptor	6;4;5;2;1	1	CC1=C(C)C(=O)O[C@@H]([C@](C)(O)[C@]2(O)C[C@H](O)[C@@]3(O)C4CC=C5CC=CC(=O)[C@]5(C)C4CC[C@]23C)C1
Mol_03800	Mol_03800::M01	acrylate_ester	michael_acceptor	1;2;4;5;6;7	1	CC1=C(C)C(=O)O[C@@H]([C@](C)(O)[C@]2(O)CC[C@@]3(O)[C@@H]4CC=C5CC=CC(=O)[C@]5(C)[C@H]4CC[C@]23C)C1
Mol_03800	Mol_03800::M02	enone_cyclic	michael_acceptor	22;23;24;25;26	22	CC1=C(C)C(=O)O[C@@H]([C@](C)(O)[C@]2(O)CC[C@@]3(O)[C@@H]4CC=C5CC=CC(=O)[C@]5(C)[C@H]4CC[C@]23C)C1
Mol_03800	Mol_03800::M03	unsat_lactone	michael_acceptor	6;4;5;2;1	1	CC1=C(C)C(=O)O[C@@H]([C@](C)(O)[C@]2(O)CC[C@@]3(O)[C@@H]4CC=C5CC=CC(=O)[C@]5(C)[C@H]4CC[C@]23C)C1
Mol_03801	Mol_03801::M01	acrylate_ester	michael_acceptor	1;2;4;5;6;7	1	CC1=C(C)C(=O)O[C@@H]([C@](C)(O)[C@@]2(O)CC[C@@]3(O)[C@@H]4CC=C5CC=CC(=O)[C@]5(C)[C@H]4CC[C@]23C)C1
Mol_03801	Mol_03801::M02	enone_cyclic	michael_acceptor	22;23;24;25;26	22	CC1=C(C)C(=O)O[C@@H]([C@](C)(O)[C@@]2(O)CC[C@@]3(O)[C@@H]4CC=C5CC=CC(=O)[C@]5(C)[C@H]4CC[C@]23C)C1
Mol_03801	Mol_03801::M03	unsat_lactone	michael_acceptor	6;4;5;2;1	1	CC1=C(C)C(=O)O[C@@H]([C@](C)(O)[C@@]2(O)CC[C@@]3(O)[C@@H]4CC=C5CC=CC(=O)[C@]5(C)[C@H]4CC[C@]23C)C1
Mol_03802	Mol_03802::M01	acrylate_ester	michael_acceptor	1;2;5;6;7;8	1	CC1=C(CO)C(=O)OC(C(C)(C)[C@@]2(O)CCC3C4CC=C5[C@@H](O)C=CC(=O)[C@]5(C)C4CC[C@@]32C)C1
Mol_03802	Mol_03802::M02	enone_cyclic	michael_acceptor	23;24;25;26;27	23	CC1=C(CO)C(=O)OC(C(C)(C)[C@@]2(O)CCC3C4CC=C5[C@@H](O)C=CC(=O)[C@]5(C)C4CC[C@@]32C)C1
Mol_03802	Mol_03802::M03	unsat_lactone	michael_acceptor	7;5;6;2;1	1	CC1=C(CO)C(=O)OC(C(C)(C)[C@@]2(O)CCC3C4CC=C5[C@@H](O)C=CC(=O)[C@]5(C)C4CC[C@@]32C)C1
Mol_03803	Mol_03803::M01	acrylate_ester	michael_acceptor	1;2;5;6;7;8	1	CC1=C(CO)C(=O)OC([C@H](C)[C@@]2(O)CCC3C4C[C@H]5O[C@]56[C@@H](O)C=CC(=O)[C@]6(C)C4CC[C@@]32C)C1
Mol_03803	Mol_03803::M02	enone_cyclic	michael_acceptor	23;24;25;26;27	23	CC1=C(CO)C(=O)OC([C@H](C)[C@@]2(O)CCC3C4C[C@H]5O[C@]56[C@@H](O)C=CC(=O)[C@]6(C)C4CC[C@@]32C)C1
Mol_03803	Mol_03803::M03	unsat_lactone	michael_acceptor	7;5;6;2;1	1	CC1=C(CO)C(=O)OC([C@H](C)[C@@]2(O)CCC3C4C[C@H]5O[C@]56[C@@H](O)C=CC(=O)[C@]6(C)C4CC[C@@]32C)C1
Mol_03803	Mol_03803::M04	epoxide	sn2_ring_opening	18;19;20	18;20	CC1=C(CO)C(=O)OC([C@H](C)[C@@]2(O)CCC3C4C[C@H]5O[C@]56[C@@H](O)C=CC(=O)[C@]6(C)C4CC[C@@]32C)C1
Mol_03804	Mol_03804::M01	acrylate_ester	michael_acceptor	1;2;5;6;7;8	1	CC1=C(CO)C(=O)OC([C@H](C)C2CCC3C4C[C@H]5O[C@]56[C@@H](O)C(OS(=O)(=O)O)CC(=O)[C@]6(C)C4CC[C@@]32C)C1
Mol_03804	Mol_03804::M02	unsat_lactone	michael_acceptor	7;5;6;2;1	1	CC1=C(CO)C(=O)OC([C@H](C)C2CCC3C4C[C@H]5O[C@]56[C@@H](O)C(OS(=O)(=O)O)CC(=O)[C@]6(C)C4CC[C@@]32C)C1
Mol_03804	Mol_03804::M03	epoxide	sn2_ring_opening	17;18;19	17;19	CC1=C(CO)C(=O)OC([C@H](C)C2CCC3C4C[C@H]5O[C@]56[C@@H](O)C(OS(=O)(=O)O)CC(=O)[C@]6(C)C4CC[C@@]32C)C1
Mol_03805	Mol_03805::M01	acrylate_ester	michael_acceptor	1;2;4;5;6;7	1	CC1=C(C)C(=O)OC([C@](C)(O)[C@]2(O)C[C@H](O)[C@@]3(O)C4CC=C5CC=CC(=O)[C@]5(C)C4CC[C@]23C)C1
Mol_03805	Mol_03805::M02	enone_cyclic	michael_acceptor	23;24;25;26;27	23	CC1=C(C)C(=O)OC([C@](C)(O)[C@]2(O)C[C@H](O)[C@@]3(O)C4CC=C5CC=CC(=O)[C@]5(C)C4CC[C@]23C)C1
Mol_03805	Mol_03805::M03	unsat_lactone	michael_acceptor	6;4;5;2;1	1	CC1=C(C)C(=O)OC([C@](C)(O)[C@]2(O)C[C@H](O)[C@@]3(O)C4CC=C5CC=CC(=O)[C@]5(C)C4CC[C@]23C)C1
Mol_03810	Mol_03810::M01	acrylamide	michael_acceptor	9;8;6;7;5	9	NCCCCNC(=O)/C=C/c1ccc(O)c(O)c1
Mol_03812	Mol_03812::M01	acrylamide	michael_acceptor	5;6;7;8;9	5	COc1cc(/C=C/C(=O)NCCCCN)ccc1O
Mol_03842	Mol_03842::M01	enone_ketone_acyclic	michael_acceptor	27;28;30;31;32	27	CC(=O)O[C@H]1CC(C)(C)C(=C=C/C(C)=C/C=C/C(C)=C/C=C/C=C(C)/C=C/C=C(\C)C(=O)C[C@@]23O[C@]2(C)C[C@@H](O)CC3(C)C)[C@](C)(O)C1
Mol_03842	Mol_03842::M02	epoxide	sn2_ring_opening	33;34;35	33;35	CC(=O)O[C@H]1CC(C)(C)C(=C=C/C(C)=C/C=C/C(C)=C/C=C/C=C(C)/C=C/C=C(\C)C(=O)C[C@@]23O[C@]2(C)C[C@@H](O)CC3(C)C)[C@](C)(O)C1
Mol_03844	Mol_03844::M01	enone_ketone_acyclic	michael_acceptor	4;3;1;2;0	4	CC(=O)/C=C/C=C(\C)C=C=C1C(C)(C)C[C@H](OC(C)=O)C[C@@]1(C)O
Mol_03847	Mol_03847::M01	enone_cyclic	michael_acceptor	4;5;6;7;8	4	CC(C)[C@@H]1C=CC(=O)[C@H]2[C@@H]3[C@](C)(O)[C@@H](O)C[C@H](Br)[C@@]3(C)CC[C@]12CBr
Mol_03849	Mol_03849::M01	enone_cyclic	michael_acceptor	11;12;13;14;15	11	CC(C)[C@@H]1CC=C[C@H]2[C@H]3[C@@](C)(C=CC(=O)[C@@]3(C)O)CC[C@]12CBr
Mol_03850	Mol_03850::M01	para_quinone	michael_acceptor	13;12;8;7;21;22;20;14	7;8;14;20	COc1c(C)c(O)c2c(c1OC)C(=O)c1c(O)cccc1C2=O
Mol_03859	Mol_03859::M01	aldehyde	reversible_carbonyl	2;1;0	1	O=CC(O)C(OC(=O)c1cc(O)c(O)c(O)c1)C1OC(=O)c2cc(O)c(O)c(O)c2-c2c(cc(O)c(O)c2O)C(=O)OCC1O
Mol_03866	Mol_03866::M01	acrylate_ester	michael_acceptor	5;4;2;3;1;0	5	COC(=O)/C=C/c1ccc(OS(=O)(=O)O)c(OC)c1
Mol_03871	Mol_03871::M01	acrylate_ester	michael_acceptor	25;24;22;23;21;20	25	CC1(C)CC[C@]2(C(=O)O)CC=C3[C@]4(C)CCC5C(C)(C)[C@H](OC(=O)/C=C/c6ccc(O)c(O)c6)CC[C@]5(C)[C@@]4(C)CC[C@@]3(C)C2C1
Mol_03874	Mol_03874::M01	aldehyde	reversible_carbonyl	2;1;0	1	O=CC(OC(=O)c1cc(Oc2cc3c(c(O)c2O)Oc2cc(cc(O)c2O)C(=O)OC2OC4COC(=O)c5cc(O)c(O)c(O)c5-c5c(cc(O)c(O)c5O)C(=O)OC4C(OC(=O)c4cc(O)c(O)c(O)c4)C2OC3=O)c(O)c(O)c1O)C(OC(=O)c1cc(O)c(O)c(O)c1)C1OC(=O)c2cc(O)c(O)c(O)c2-c2c(cc(O)c(O)c2O)C(=O)OCC1O
Mol_03946	Mol_03946::M01	acrylate_ester	michael_acceptor	18;17;15;16;14;13	18	CO[C@H]1C[C@H](CC[C@H](C)[C@H](O)[C@H](C)[C@H]2OC(=O)/C=C/C(C)=C/C[C@H](O)C[C@@H]3C=CC[C@@H](C[C@H](OC)[C@@H](C)[C@@H](O)C[C@@H](O)[C@H](C)[C@@H]([C@@H](C)[C@@H](O)[C@@H](C)CC[C@H]4C[C@H](OC)C[C@H](C)O4)OC(=O)/C=C/C(C)=C/C[C@H](O)C[C@H]4C=CC[C@@H](C[C@H](OC)[C@@H](C)[C@@H](O)C[C@@H](O)[C@@H]2C)O4)O3)O[C@@H](C)C1
Mol_03946	Mol_03946::M02	acrylate_ester	michael_acceptor	66;65;63;64;62;44	66	CO[C@H]1C[C@H](CC[C@H](C)[C@H](O)[C@H](C)[C@H]2OC(=O)/C=C/C(C)=C/C[C@H](O)C[C@@H]3C=CC[C@@H](C[C@H](OC)[C@@H](C)[C@@H](O)C[C@@H](O)[C@H](C)[C@@H]([C@@H](C)[C@@H](O)[C@@H](C)CC[C@H]4C[C@H](OC)C[C@H](C)O4)OC(=O)/C=C/C(C)=C/C[C@H](O)C[C@H]4C=CC[C@@H](C[C@H](OC)[C@@H](C)[C@@H](O)C[C@@H](O)[C@@H]2C)O4)O3)O[C@@H](C)C1
Mol_03946	Mol_03946::M03	unsat_lactone	michael_acceptor	14;15;16;17;18	18	CO[C@H]1C[C@H](CC[C@H](C)[C@H](O)[C@H](C)[C@H]2OC(=O)/C=C/C(C)=C/C[C@H](O)C[C@@H]3C=CC[C@@H](C[C@H](OC)[C@@H](C)[C@@H](O)C[C@@H](O)[C@H](C)[C@@H]([C@@H](C)[C@@H](O)[C@@H](C)CC[C@H]4C[C@H](OC)C[C@H](C)O4)OC(=O)/C=C/C(C)=C/C[C@H](O)C[C@H]4C=CC[C@@H](C[C@H](OC)[C@@H](C)[C@@H](O)C[C@@H](O)[C@@H]2C)O4)O3)O[C@@H](C)C1
Mol_03946	Mol_03946::M04	unsat_lactone	michael_acceptor	62;63;64;65;66	66	CO[C@H]1C[C@H](CC[C@H](C)[C@H](O)[C@H](C)[C@H]2OC(=O)/C=C/C(C)=C/C[C@H](O)C[C@@H]3C=CC[C@@H](C[C@H](OC)[C@@H](C)[C@@H](O)C[C@@H](O)[C@H](C)[C@@H]([C@@H](C)[C@@H](O)[C@@H](C)CC[C@H]4C[C@H](OC)C[C@H](C)O4)OC(=O)/C=C/C(C)=C/C[C@H](O)C[C@H]4C=CC[C@@H](C[C@H](OC)[C@@H](C)[C@@H](O)C[C@@H](O)[C@@H]2C)O4)O3)O[C@@H](C)C1
Mol_03947	Mol_03947::M01	acrylate_ester	michael_acceptor	22;21;19;20;18;17	22	CO[C@@H]1C[C@H](C)O[C@@H]([C@@H](O)C[C@H](C)[C@H](O)[C@H](C)[C@H]2OC(=O)/C=C/C(C)=C\C[C@H](O)C[C@H]3C=CC[C@@H](C[C@H](OC)[C@@H](C)[C@@H](O)C[C@@H](O)[C@H](C)[C@H]([C@@H](C)[C@@H](O)[C@@H](C)CC[C@H]4C[C@H](OC)C[C@H](C)O4)OC(=O)/C=C/C(C)=C/C[C@H](O)C[C@H]4C=CC[C@@H](C[C@H](OC)[C@@H](C)[C@@H](O)C[C@@H](O)[C@@H]2C)O4)O3)C1
Mol_03947	Mol_03947::M02	acrylate_ester	michael_acceptor	70;69;67;68;66;48	70	CO[C@@H]1C[C@H](C)O[C@@H]([C@@H](O)C[C@H](C)[C@H](O)[C@H](C)[C@H]2OC(=O)/C=C/C(C)=C\C[C@H](O)C[C@H]3C=CC[C@@H](C[C@H](OC)[C@@H](C)[C@@H](O)C[C@@H](O)[C@H](C)[C@H]([C@@H](C)[C@@H](O)[C@@H](C)CC[C@H]4C[C@H](OC)C[C@H](C)O4)OC(=O)/C=C/C(C)=C/C[C@H](O)C[C@H]4C=CC[C@@H](C[C@H](OC)[C@@H](C)[C@@H](O)C[C@@H](O)[C@@H]2C)O4)O3)C1
Mol_03947	Mol_03947::M03	unsat_lactone	michael_acceptor	18;19;20;21;22	22	CO[C@@H]1C[C@H](C)O[C@@H]([C@@H](O)C[C@H](C)[C@H](O)[C@H](C)[C@H]2OC(=O)/C=C/C(C)=C\C[C@H](O)C[C@H]3C=CC[C@@H](C[C@H](OC)[C@@H](C)[C@@H](O)C[C@@H](O)[C@H](C)[C@H]([C@@H](C)[C@@H](O)[C@@H](C)CC[C@H]4C[C@H](OC)C[C@H](C)O4)OC(=O)/C=C/C(C)=C/C[C@H](O)C[C@H]4C=CC[C@@H](C[C@H](OC)[C@@H](C)[C@@H](O)C[C@@H](O)[C@@H]2C)O4)O3)C1
Mol_03947	Mol_03947::M04	unsat_lactone	michael_acceptor	66;67;68;69;70	70	CO[C@@H]1C[C@H](C)O[C@@H]([C@@H](O)C[C@H](C)[C@H](O)[C@H](C)[C@H]2OC(=O)/C=C/C(C)=C\C[C@H](O)C[C@H]3C=CC[C@@H](C[C@H](OC)[C@@H](C)[C@@H](O)C[C@@H](O)[C@H](C)[C@H]([C@@H](C)[C@@H](O)[C@@H](C)CC[C@H]4C[C@H](OC)C[C@H](C)O4)OC(=O)/C=C/C(C)=C/C[C@H](O)C[C@H]4C=CC[C@@H](C[C@H](OC)[C@@H](C)[C@@H](O)C[C@@H](O)[C@@H]2C)O4)O3)C1
Mol_03948	Mol_03948::M01	acrylate_ester	michael_acceptor	18;17;15;16;14;13	18	CO[C@H]1C[C@H](CC[C@H](C)[C@H](O)[C@H](C)[C@H]2OC(=O)/C=C/C(C)=C/C[C@H](O)C[C@@H]3C=CC[C@@H](C[C@H](OC)[C@@H](C)[C@@H](O)C[C@@H](O)[C@H](C)[C@@H]([C@@H](C)[C@@H](O)[C@@H](C)CC[C@H]4C[C@H](OC)C[C@H](C)O4)OC(=O)/C(C)=C/C[C@H](O)C[C@@H]4C=CC[C@@H](C[C@H](OC)[C@@H](C)[C@@H](O)C[C@@H](O)[C@@H]2C)O4)O3)O[C@@H](C)C1
Mol_03948	Mol_03948::M02	acrylate_ester	michael_acceptor	67;65;63;64;62;44	67	CO[C@H]1C[C@H](CC[C@H](C)[C@H](O)[C@H](C)[C@H]2OC(=O)/C=C/C(C)=C/C[C@H](O)C[C@@H]3C=CC[C@@H](C[C@H](OC)[C@@H](C)[C@@H](O)C[C@@H](O)[C@H](C)[C@@H]([C@@H](C)[C@@H](O)[C@@H](C)CC[C@H]4C[C@H](OC)C[C@H](C)O4)OC(=O)/C(C)=C/C[C@H](O)C[C@@H]4C=CC[C@@H](C[C@H](OC)[C@@H](C)[C@@H](O)C[C@@H](O)[C@@H]2C)O4)O3)O[C@@H](C)C1
Mol_03948	Mol_03948::M03	unsat_lactone	michael_acceptor	14;15;16;17;18	18	CO[C@H]1C[C@H](CC[C@H](C)[C@H](O)[C@H](C)[C@H]2OC(=O)/C=C/C(C)=C/C[C@H](O)C[C@@H]3C=CC[C@@H](C[C@H](OC)[C@@H](C)[C@@H](O)C[C@@H](O)[C@H](C)[C@@H]([C@@H](C)[C@@H](O)[C@@H](C)CC[C@H]4C[C@H](OC)C[C@H](C)O4)OC(=O)/C(C)=C/C[C@H](O)C[C@@H]4C=CC[C@@H](C[C@H](OC)[C@@H](C)[C@@H](O)C[C@@H](O)[C@@H]2C)O4)O3)O[C@@H](C)C1
Mol_03948	Mol_03948::M04	unsat_lactone	michael_acceptor	62;63;64;65;67	67	CO[C@H]1C[C@H](CC[C@H](C)[C@H](O)[C@H](C)[C@H]2OC(=O)/C=C/C(C)=C/C[C@H](O)C[C@@H]3C=CC[C@@H](C[C@H](OC)[C@@H](C)[C@@H](O)C[C@@H](O)[C@H](C)[C@@H]([C@@H](C)[C@@H](O)[C@@H](C)CC[C@H]4C[C@H](OC)C[C@H](C)O4)OC(=O)/C(C)=C/C[C@H](O)C[C@@H]4C=CC[C@@H](C[C@H](OC)[C@@H](C)[C@@H](O)C[C@@H](O)[C@@H]2C)O4)O3)O[C@@H](C)C1
Mol_03949	Mol_03949::M01	acrylate_ester	michael_acceptor	27;26;30;31;29;28	27	CC(=O)O[C@H]1C[C@H]2[C@]3(C)CC[C@H]4C(C)(C)CCC[C@]4(C)[C@H]3C[C@@H](O)[C@]2(C)C2=C1COC2=O
Mol_03949	Mol_03949::M02	unsat_lactone	michael_acceptor	29;30;31;26;27	27	CC(=O)O[C@H]1C[C@H]2[C@]3(C)CC[C@H]4C(C)(C)CCC[C@]4(C)[C@H]3C[C@@H](O)[C@]2(C)C2=C1COC2=O
Mol_03950	Mol_03950::M01	acrylate_ester	michael_acceptor	31;30;28;29;27;26	31	CC(=O)O[C@H]1C[C@H]2[C@]3(C)CC[C@H]4C(C)(C)CCC[C@]4(C)[C@H]3C[C@@H](O)[C@]2(C)[C@H]2OC(=O)C=C12
Mol_03950	Mol_03950::M02	unsat_lactone	michael_acceptor	27;28;29;30;31	31	CC(=O)O[C@H]1C[C@H]2[C@]3(C)CC[C@H]4C(C)(C)CCC[C@]4(C)[C@H]3C[C@@H](O)[C@]2(C)[C@H]2OC(=O)C=C12
Mol_03951	Mol_03951::M01	acrylate_ester	michael_acceptor	20;19;17;18;16;15	20	CC1(C)CCC[C@]2(C)[C@H]3C[C@@H](O)[C@]4(C)C5COC(=O)C5=CC[C@H]4[C@]3(C)CC[C@@H]12
Mol_03951	Mol_03951::M02	unsat_lactone	michael_acceptor	16;17;18;19;20	20	CC1(C)CCC[C@]2(C)[C@H]3C[C@@H](O)[C@]4(C)C5COC(=O)C5=CC[C@H]4[C@]3(C)CC[C@@H]12
Mol_03952	Mol_03952::M01	acrylate_ester	michael_acceptor	16;15;30;31;29;28	16	CC(=O)O[C@H]1CC[C@]2(C)[C@H]3C[C@@H](O)[C@]4(C)C5=C(CC[C@H]4[C@]3(C)CC[C@H]2C1(C)C)COC5=O
Mol_03952	Mol_03952::M02	unsat_lactone	michael_acceptor	29;30;31;15;16	16	CC(=O)O[C@H]1CC[C@]2(C)[C@H]3C[C@@H](O)[C@]4(C)C5=C(CC[C@H]4[C@]3(C)CC[C@H]2C1(C)C)COC5=O
Mol_03955	Mol_03955::M01	aldehyde	reversible_carbonyl	10;12;13	12	CC1(C)CCC[C@@]2(C)[C@@H]3C[C@@](C)(C=O)[C@H](C[C@@H](O)c4ccoc4)[C@@]3(C)CC[C@H]12
Mol_03956	Mol_03956::M01	acrylate_ester	michael_acceptor	19;18;30;31;29;28	19	CC(=O)OC[C@]1(C)CCC[C@]2(C)[C@H]3C[C@@H](O)[C@]4(C)C5=C(CC[C@H]4[C@]3(C)CC[C@@H]12)COC5=O
Mol_03956	Mol_03956::M02	unsat_lactone	michael_acceptor	29;30;31;18;19	19	CC(=O)OC[C@]1(C)CCC[C@]2(C)[C@H]3C[C@@H](O)[C@]4(C)C5=C(CC[C@H]4[C@]3(C)CC[C@@H]12)COC5=O
Mol_03957	Mol_03957::M01	acrylate_ester	michael_acceptor	17;18;25;26;27;28	17	CC(=O)O[C@H]1CC[C@@]2(C)[C@@H](CC[C@@]3(C)C[C@@H]4CC5=C(C[C@@]4(C)[C@H](O)[C@@H]32)C(=O)OC5)C1(C)C
Mol_03957	Mol_03957::M02	unsat_lactone	michael_acceptor	27;25;26;18;17	17	CC(=O)O[C@H]1CC[C@@]2(C)[C@@H](CC[C@@]3(C)C[C@@H]4CC5=C(C[C@@]4(C)[C@H](O)[C@@H]32)C(=O)OC5)C1(C)C
Mol_03958	Mol_03958::M01	acrylate_ester	michael_acceptor	16;17;24;25;26;27	16	CC1(C)CCC[C@@]2(C)[C@H]1CC[C@@]1(C)C[C@@H]3CC4=C(C[C@@]3(C)[C@H](O)[C@@H]12)C(=O)OC4
Mol_03958	Mol_03958::M02	unsat_lactone	michael_acceptor	26;24;25;17;16	16	CC1(C)CCC[C@@]2(C)[C@H]1CC[C@@]1(C)C[C@@H]3CC4=C(C[C@@]3(C)[C@H](O)[C@@H]12)C(=O)OC4
Mol_03959	Mol_03959::M01	acrylate_ester	michael_acceptor	15;14;26;27;25;24	15	CC1(C)CCC[C@]2(C)[C@H]3C[C@@H](O)[C@]4(C)C5=C(CC[C@H]4[C@]3(C)CC[C@@H]12)COC5=O
Mol_03959	Mol_03959::M02	unsat_lactone	michael_acceptor	25;26;27;14;15	15	CC1(C)CCC[C@]2(C)[C@H]3C[C@@H](O)[C@]4(C)C5=C(CC[C@H]4[C@]3(C)CC[C@@H]12)COC5=O
Mol_03961	Mol_03961::M01	acrylate_ester	michael_acceptor	9;10;11;12;13;14	9	C=C1C[C@H]2C[C@@](C)(CCC3=CC(=O)O[C@@]32OC)[C@]1(C)O
Mol_03961	Mol_03961::M02	unsat_lactone	michael_acceptor	13;11;12;10;9	9	C=C1C[C@H]2C[C@@](C)(CCC3=CC(=O)O[C@@]32OC)[C@]1(C)O
Mol_03962	Mol_03962::M01	acrylate_ester	michael_acceptor	6;7;8;9;10;11	6	C=C1[C@]2(C)CCC3=CC(=O)O[C@]3(OC)[C@H](C2)C[C@@]1(C)O
Mol_03962	Mol_03962::M02	unsat_lactone	michael_acceptor	10;8;9;7;6	6	C=C1[C@]2(C)CCC3=CC(=O)O[C@]3(OC)[C@H](C2)C[C@@]1(C)O
Mol_03980	Mol_03980::M01	acrylate_ester	michael_acceptor	39;38;36;37;35;34	39	C=C(C)[C@@]12OC3(c4ccccc4)O[C@@H]1[C@@H]1[C@@H]4O[C@]4(CO)[C@@H](O)[C@]4(O)C(=O)C(C)=C[C@H]4[C@@]1(O3)[C@H](C)[C@H]2OC(=O)/C=C/c1ccccc1
Mol_03980	Mol_03980::M02	enone_cyclic	michael_acceptor	28;26;24;25;22	28	C=C(C)[C@@]12OC3(c4ccccc4)O[C@@H]1[C@@H]1[C@@H]4O[C@]4(CO)[C@@H](O)[C@]4(O)C(=O)C(C)=C[C@H]4[C@@]1(O3)[C@H](C)[C@H]2OC(=O)/C=C/c1ccccc1
Mol_03980	Mol_03980::M03	epoxide	sn2_ring_opening	15;16;17	15;17	C=C(C)[C@@]12OC3(c4ccccc4)O[C@@H]1[C@@H]1[C@@H]4O[C@]4(CO)[C@@H](O)[C@]4(O)C(=O)C(C)=C[C@H]4[C@@]1(O3)[C@H](C)[C@H]2OC(=O)/C=C/c1ccccc1
Mol_03981	Mol_03981::M01	acrylate_ester	michael_acceptor	39;38;36;37;35;34	39	C=C(C)C12OC3(c4ccccc4)OC1C1C4OC4(CO)C(O)C4(O)C(=O)C(C)=CC4C1(O3)C(C)C2OC(=O)/C=C/C=C/C=C/CCC
Mol_03981	Mol_03981::M02	enone_cyclic	michael_acceptor	28;26;24;25;22	28	C=C(C)C12OC3(c4ccccc4)OC1C1C4OC4(CO)C(O)C4(O)C(=O)C(C)=CC4C1(O3)C(C)C2OC(=O)/C=C/C=C/C=C/CCC
Mol_03981	Mol_03981::M03	epoxide	sn2_ring_opening	15;16;17	15;17	C=C(C)C12OC3(c4ccccc4)OC1C1C4OC4(CO)C(O)C4(O)C(=O)C(C)=CC4C1(O3)C(C)C2OC(=O)/C=C/C=C/C=C/CCC
Mol_03982	Mol_03982::M01	enone_cyclic	michael_acceptor	28;26;24;25;22	28	C=C(C)[C@@]12O[C@@]3(c4ccccc4)O[C@@H]1[C@@H]1[C@@H]4O[C@]4(CO)[C@@H](O)[C@]4(O)C(=O)C(C)=C[C@H]4[C@@]1(O3)[C@H](C)[C@H]2OC(=O)c1ccccc1
Mol_03982	Mol_03982::M02	epoxide	sn2_ring_opening	15;16;17	15;17	C=C(C)[C@@]12O[C@@]3(c4ccccc4)O[C@@H]1[C@@H]1[C@@H]4O[C@]4(CO)[C@@H](O)[C@]4(O)C(=O)C(C)=C[C@H]4[C@@]1(O3)[C@H](C)[C@H]2OC(=O)c1ccccc1
Mol_03983	Mol_03983::M01	acrylate_ester	michael_acceptor	39;38;36;37;35;34	39	C=C(C)[C@@]12O[C@@]3(c4ccccc4)O[C@@H]1[C@@H]1[C@@H]4O[C@]4(CO)[C@@H](O)[C@]4(O)C(=O)C(C)=C[C@H]4[C@@]1(O3)[C@H](C)[C@H]2OC(=O)/C=C/CCCCCCCCCCCCCC
Mol_03983	Mol_03983::M02	enone_cyclic	michael_acceptor	28;26;24;25;22	28	C=C(C)[C@@]12O[C@@]3(c4ccccc4)O[C@@H]1[C@@H]1[C@@H]4O[C@]4(CO)[C@@H](O)[C@]4(O)C(=O)C(C)=C[C@H]4[C@@]1(O3)[C@H](C)[C@H]2OC(=O)/C=C/CCCCCCCCCCCCCC
Mol_03983	Mol_03983::M03	epoxide	sn2_ring_opening	15;16;17	15;17	C=C(C)[C@@]12O[C@@]3(c4ccccc4)O[C@@H]1[C@@H]1[C@@H]4O[C@]4(CO)[C@@H](O)[C@]4(O)C(=O)C(C)=C[C@H]4[C@@]1(O3)[C@H](C)[C@H]2OC(=O)/C=C/CCCCCCCCCCCCCC
Mol_03984	Mol_03984::M01	acrylate_ester	michael_acceptor	39;38;36;37;35;34	39	C=C(C)[C@@]12O[C@@]3(c4ccccc4)O[C@@H]1[C@@H]1[C@@H]4O[C@]4(CO)[C@@H](O)[C@]4(O)C(=O)C(C)=C[C@H]4[C@@]1(O3)[C@H](C)[C@H]2OC(=O)/C=C/CC
Mol_03984	Mol_03984::M02	enone_cyclic	michael_acceptor	28;26;24;25;22	28	C=C(C)[C@@]12O[C@@]3(c4ccccc4)O[C@@H]1[C@@H]1[C@@H]4O[C@]4(CO)[C@@H](O)[C@]4(O)C(=O)C(C)=C[C@H]4[C@@]1(O3)[C@H](C)[C@H]2OC(=O)/C=C/CC
Mol_03984	Mol_03984::M03	epoxide	sn2_ring_opening	15;16;17	15;17	C=C(C)[C@@]12O[C@@]3(c4ccccc4)O[C@@H]1[C@@H]1[C@@H]4O[C@]4(CO)[C@@H](O)[C@]4(O)C(=O)C(C)=C[C@H]4[C@@]1(O3)[C@H](C)[C@H]2OC(=O)/C=C/CC
Mol_03986	Mol_03986::M01	acrylate_ester	michael_acceptor	40;39;37;38;36;35	40	C=C(C)[C@@]12OC3(/C=C/CCCCC)O[C@@H]1[C@@H]1[C@@H]4O[C@]4(CO)[C@@H](O)[C@]4(O)C(=O)C(C)=C[C@H]4C1(O3)[C@H](C)[C@H]2OC(=O)/C=C/c1ccccc1
Mol_03986	Mol_03986::M02	enone_cyclic	michael_acceptor	29;27;25;26;23	29	C=C(C)[C@@]12OC3(/C=C/CCCCC)O[C@@H]1[C@@H]1[C@@H]4O[C@]4(CO)[C@@H](O)[C@]4(O)C(=O)C(C)=C[C@H]4C1(O3)[C@H](C)[C@H]2OC(=O)/C=C/c1ccccc1
Mol_03986	Mol_03986::M03	epoxide	sn2_ring_opening	16;17;18	16;18	C=C(C)[C@@]12OC3(/C=C/CCCCC)O[C@@H]1[C@@H]1[C@@H]4O[C@]4(CO)[C@@H](O)[C@]4(O)C(=O)C(C)=C[C@H]4C1(O3)[C@H](C)[C@H]2OC(=O)/C=C/c1ccccc1
Mol_03987	Mol_03987::M01	acrylate_ester	michael_acceptor	42;41;39;40;38;37	42	C=C(C)[C@@]12OC3(CCCCCCCCC)O[C@@H]1[C@@H]1[C@@H]4O[C@]4(CO)[C@@H](O)[C@]4(O)C(=O)C(C)=C[C@H]4C1(O3)[C@H](C)[C@H]2OC(=O)/C=C/c1ccc(O)cc1
Mol_03987	Mol_03987::M02	enone_cyclic	michael_acceptor	31;29;27;28;25	31	C=C(C)[C@@]12OC3(CCCCCCCCC)O[C@@H]1[C@@H]1[C@@H]4O[C@]4(CO)[C@@H](O)[C@]4(O)C(=O)C(C)=C[C@H]4C1(O3)[C@H](C)[C@H]2OC(=O)/C=C/c1ccc(O)cc1
Mol_03987	Mol_03987::M03	epoxide	sn2_ring_opening	18;19;20	18;20	C=C(C)[C@@]12OC3(CCCCCCCCC)O[C@@H]1[C@@H]1[C@@H]4O[C@]4(CO)[C@@H](O)[C@]4(O)C(=O)C(C)=C[C@H]4C1(O3)[C@H](C)[C@H]2OC(=O)/C=C/c1ccc(O)cc1
Mol_03991	Mol_03991::M01	enone_ketone_acyclic	michael_acceptor	3;2;1;0;12	3	O=C(/C=C/CCc1ccccc1)c1ccc(O)cc1
Mol_04001	Mol_04001::M01	acrylate_ester	michael_acceptor	3;2;1;0;11;12	3	O=C(C=Cc1ccc(O)cc1)O[C@@H]1C(CO)O[C@@H](Oc2c(-c3ccc(O)cc3)oc3cc(O)cc(O)c3c2=O)C(O)[C@H]1O
Mol_04013	Mol_04013::M01	acrylate_ester	michael_acceptor	29;28;26;27;25;24	29	COc1cc(-c2oc3cc(O)cc(O)c3c(=O)c2O[C@@H]2O[C@@H](CO)[C@@H](OC(=O)/C=C/c3ccc(O)cc3)[C@H](O)[C@H]2O)ccc1O
Mol_04029	Mol_04029::M01	enone_cyclic	michael_acceptor	38;39;40;41;42	38	C[C@H](CO)CC[C@H](O)[C@@H](C)[C@H]1[C@@H](O[C@@H]2OC[C@@H](O)[C@H](O[C@@H]3O[C@H](CO)[C@@H](O)[C@H](O)[C@H]3O)[C@H]2O)C[C@H]2[C@@H]3CCC4=CC(=O)CC[C@]4(C)[C@H]3CC[C@]12C
Mol_04030	Mol_04030::M01	enone_cyclic	michael_acceptor	20;21;22;23;24	20	CC(=O)OC[C@H]1O[C@@H](O[C@@H]2[C@@H](O)[C@H](O[C@H]3C[C@H]4[C@@H]5CCC6=CC(=O)CC[C@]6(C)[C@H]5CC[C@]4(C)[C@H]3[C@H](C)[C@@H](O)CC[C@H](C)CO)OC[C@H]2O)[C@H](O)[C@@H](O)[C@@H]1O
Mol_04031	Mol_04031::M01	enone_cyclic	michael_acceptor	38;39;40;41;42	38	C[C@H](CO)CC[C@H](O)[C@@H](C)[C@H]1[C@@H](O[C@@H]2OC[C@@H](O)[C@H](O[C@@H]3O[C@H](CO)[C@@H](O)[C@H](O)[C@H]3O)[C@H]2O)C[C@H]2[C@@H]3CCC4=CC(=O)CC[C@]4(C)[C@H]3[C@H](O)C[C@]12C
Mol_04032	Mol_04032::M01	enone_cyclic	michael_acceptor	38;39;40;41;42	38	CC(C)CCC[C@@H](C)[C@H]1[C@@H](O[C@@H]2O[C@H](CO)[C@@H](O)[C@H](O[C@@H]3O[C@H](CO)[C@@H](O)[C@H](O)[C@H]3O)[C@H]2O)C[C@H]2[C@@H]3CCC4=CC(=O)CC[C@]4(C)[C@H]3C[C@H](O)[C@]12C
Mol_04042	Mol_04042::M01	enone_cyclic	michael_acceptor	18;19;20;21;22	18	C[C@H](CO)CC[C@@H](O)[C@@H](C)[C@H]1[C@@H](O)CC2C3CCC4=CC(=O)CC[C@]4(C)C3CC[C@@]21C
Mol_04043	Mol_04043::M01	enone_cyclic	michael_acceptor	16;17;18;19;20	16	CC(C)CCC[C@@H](C)[C@H]1[C@@H](O)CC2C3CCC4=CC(=O)CC[C@]4(C)C3C[C@H](O)[C@@]21C
Mol_04044	Mol_04044::M01	enone_cyclic	michael_acceptor	17;18;19;20;21	17	CC(C)CC[C@@H](O)[C@@H](C)[C@H]1[C@@H](O)CC2C3CCC4=CC(=O)CC[C@]4(C)C3CC[C@@]21C
Mol_04046	Mol_04046::M01	enone_cyclic	michael_acceptor	18;19;20;21;22	18	C[C@H](CO)CC[C@@H](O)[C@@H](C)[C@H]1[C@@H](O)CC2C3CCC4=CC(=O)CC[C@]4(C)C3[C@H](O)C[C@@]21C
Mol_04048	Mol_04048::M01	enone_cyclic	michael_acceptor	10;11;12;13;14	10	C/C=C1\[C@@H](O)CC2C3CCC4=CC(=O)CC[C@]4(C)C3CC[C@]12C
Mol_04049	Mol_04049::M01	acrylate_ester	michael_acceptor	23;22;20;21;19;18	23	CO[C@H]1CC(O[C@H]2CC[C@@]3(C)C(=CC[C@]4(O)C3C[C@@H](OC(=O)/C=C/c3ccccc3)[C@@]3(C)[C@]4(O)CC[C@@]3(O)C(C)=O)C2)O[C@H](C)[C@H]1OC1C[C@H](OC)[C@H](OC2C[C@@H](OC)[C@H](OC3O[C@H](CO)[C@@H](OC4O[C@H](CO)[C@@H](O)[C@H](O)[C@H]4O)[C@H](O)[C@H]3O)[C@@H](C)O2)[C@@H](C)O1
Mol_04050	Mol_04050::M01	acrylate_ester	michael_acceptor	34;35;36;37;38;39	34	C[C@]12[C@H](O)CC3C(CCC4C[C@H]5O[C@H]6O[C@@H](CO)C[C@@H](O)[C@@]6(O)O[C@H]5C[C@@]43CO)[C@@]1(O)CC[C@@H]2C1=CC(=O)OC1
Mol_04050	Mol_04050::M02	unsat_lactone	michael_acceptor	38;36;37;35;34	34	C[C@]12[C@H](O)CC3C(CCC4C[C@H]5O[C@H]6O[C@@H](CO)C[C@@H](O)[C@@]6(O)O[C@H]5C[C@@]43CO)[C@@]1(O)CC[C@@H]2C1=CC(=O)OC1
Mol_04059	Mol_04059::M01	para_quinone	michael_acceptor	9;8;6;5;38;39;37;10	5;6;10;37	Cc1cc(O)c2c(c1)C(=O)c1cc(O)c(-c3c(O)cc4c(O)c5c(cc4c3O)CC(C)(O)CC5=O)c(O)c1C2=O
Mol_04060	Mol_04060::M01	para_quinone	michael_acceptor	9;8;6;5;38;39;37;10	5;6;10;37	Cc1cc(O)c2c(c1)C(=O)c1cc(O)c(-c3c(O)cc4c(c3O)C(=O)c3c(O)cc(C)cc3C4=O)c(O)c1C2=O
Mol_04060	Mol_04060::M02	para_quinone	michael_acceptor	24;23;20;19;33;34;32;25	19;20;25;32	Cc1cc(O)c2c(c1)C(=O)c1cc(O)c(-c3c(O)cc4c(c3O)C(=O)c3c(O)cc(C)cc3C4=O)c(O)c1C2=O
Mol_04061	Mol_04061::M01	enone_cyclic	michael_acceptor	12;11;20;21;19	12	CO[C@H]1C[C@@]2(C)C(=O)CC[C@@H]2C2=C1[C@@]1(C)c3c(coc3C2=O)C(=O)O[C@H]1CO
Mol_04062	Mol_04062::M01	acrylate_ester	michael_acceptor	8;7;5;6;4;3	8	COC[C@@H]1OC(=O)/C(=C\N)C2=C(O)C(=O)C3=C([C@@H](OC(C)=O)C[C@@]4(C)C(=O)CC[C@H]34)[C@@]21C
Mol_04062	Mol_04062::M02	enone_cyclic	michael_acceptor	10;11;13;14;15	10	COC[C@@H]1OC(=O)/C(=C\N)C2=C(O)C(=O)C3=C([C@@H](OC(C)=O)C[C@@]4(C)C(=O)CC[C@H]34)[C@@]21C
Mol_04062	Mol_04062::M03	enone_cyclic	michael_acceptor	16;15;13;14;11	16	COC[C@@H]1OC(=O)/C(=C\N)C2=C(O)C(=O)C3=C([C@@H](OC(C)=O)C[C@@]4(C)C(=O)CC[C@H]34)[C@@]21C
Mol_04063	Mol_04063::M01	acrylate_ester	michael_acceptor	8;7;5;6;4;3	8	COC[C@@H]1OC(=O)/C(=C\O)C2=C(O)C(=O)C3=C([C@@H](OC(C)=O)C[C@@]4(C)C(=O)CC[C@H]34)[C@@]21C
Mol_04063	Mol_04063::M02	enone_cyclic	michael_acceptor	10;11;13;14;15	10	COC[C@@H]1OC(=O)/C(=C\O)C2=C(O)C(=O)C3=C([C@@H](OC(C)=O)C[C@@]4(C)C(=O)CC[C@H]34)[C@@]21C
Mol_04063	Mol_04063::M03	enone_cyclic	michael_acceptor	16;15;13;14;11	16	COC[C@@H]1OC(=O)/C(=C\O)C2=C(O)C(=O)C3=C([C@@H](OC(C)=O)C[C@@]4(C)C(=O)CC[C@H]34)[C@@]21C
Mol_04064	Mol_04064::M01	enone_cyclic	michael_acceptor	14;15;16;17;10	14	COC[C@H]1OC(=O)c2coc3c2[C@@]1(C)C1=C(C3=O)[C@@H]2CCC(=O)[C@@]2(C)C[C@H]1OC(C)=O
Mol_04065	Mol_04065::M01	enone_cyclic	michael_acceptor	5;6;9;10;11	5	C/C=C/C1CC2=C(CO1)C(=O)C(C)(OC(=O)c1c(C)cc(OC)cc1O)C(OC(C)=O)C2
Mol_04066	Mol_04066::M01	para_quinone	michael_acceptor	11;10;8;7;20;21;19;12	7;8;12;19	O=C(O)c1cc(O)c2c(c1)C(=O)c1cc(O)cc(O)c1C2=O
Mol_04067	Mol_04067::M01	para_quinone	michael_acceptor	9;8;6;5;38;39;11;10	5;6;10;11	Cc1cc(O)c2c(c1)C(=O)c1c(c(O)cc(O)c1-c1c(O)cc(O)c3c1C(=O)c1cc(C)cc(O)c1C3=O)C2=O
Mol_04067	Mol_04067::M02	para_quinone	michael_acceptor	27;26;25;24;36;37;35;28	24;25;28;35	Cc1cc(O)c2c(c1)C(=O)c1c(c(O)cc(O)c1-c1c(O)cc(O)c3c1C(=O)c1cc(C)cc(O)c1C3=O)C2=O
Mol_04068	Mol_04068::M01	para_quinone	michael_acceptor	9;8;6;5;39;40;11;10	5;6;10;11	Cc1cc(O)c2c(c1)C(=O)c1c(c(O)cc(O)c1-c1c(O)cc(O)c3c1C(=O)c1cc(CO)cc(O)c1C3=O)C2=O
Mol_04068	Mol_04068::M02	para_quinone	michael_acceptor	27;26;25;24;37;38;36;28	24;25;28;36	Cc1cc(O)c2c(c1)C(=O)c1c(c(O)cc(O)c1-c1c(O)cc(O)c3c1C(=O)c1cc(CO)cc(O)c1C3=O)C2=O
Mol_04069	Mol_04069::M01	enone_cyclic	michael_acceptor	12;11;38;39;5	12	Cc1cc(O)c2c(c1)C(=O)[C@@]13C(=C(O)[C@H]4[C@@H](O)[C@@H]1[C@@H]1[C@H](O)[C@H]3C(O)=C3C(=O)c5c(O)cc(O)cc5C(=O)[C@]314)C2=O
Mol_04069	Mol_04069::M02	enone_cyclic	michael_acceptor	22;24;25;26;27	22	Cc1cc(O)c2c(c1)C(=O)[C@@]13C(=C(O)[C@H]4[C@@H](O)[C@@H]1[C@@H]1[C@H](O)[C@H]3C(O)=C3C(=O)c5c(O)cc(O)cc5C(=O)[C@]314)C2=O
Mol_04070	Mol_04070::M01	enone_cyclic	michael_acceptor	12;11;14;15;16	12	Cc1cc(O)c2c(c1)C(=O)[C@@]13C(=C2O)C(=O)[C@H]2[C@@H](O)[C@@H]1[C@H]1[C@H](O)[C@@H]3C(=O)C3=C(O)c4c(O)cc(CO)cc4C(=O)[C@@]312
Mol_04070	Mol_04070::M02	enone_cyclic	michael_acceptor	27;26;24;25;23	27	Cc1cc(O)c2c(c1)C(=O)[C@@]13C(=C2O)C(=O)[C@H]2[C@@H](O)[C@@H]1[C@H]1[C@H](O)[C@@H]3C(=O)C3=C(O)c4c(O)cc(CO)cc4C(=O)[C@@]312
Mol_04073	Mol_04073::M01	acrylate_ester	michael_acceptor	23;21;19;20;18;4	23	COC(=O)[C@]1(Cc2ccc(CC=C(C)C)c(O)c2)OC(=O)C(O)=C1c1ccc(O)cc1
Mol_04073	Mol_04073::M02	unsat_lactone	michael_acceptor	18;19;20;21;23	23	COC(=O)[C@]1(Cc2ccc(CC=C(C)C)c(O)c2)OC(=O)C(O)=C1c1ccc(O)cc1
Mol_04087	Mol_04087::M01	acrylamide	michael_acceptor	11;10;18;19;20	11	C/C=C/[C@@H]1O[C@@]2(O)C(=O)N/C(=C\c3ccccc3)C(=O)N2[C@@H]2[C@H]1CCC[C@H]2C
Mol_04088	Mol_04088::M01	aldehyde	reversible_carbonyl	2;1;0	1	O=Cc1c[nH]c2ccccc12
Mol_04089	Mol_04089::M01	acrylamide	michael_acceptor	4;3;23;24;22	4	CC(=O)C1=C(O)[C@@H]2[C@H]3c4c[nH]c5cccc(c45)C[C@H]3C(C)(C)N2C1=O
Mol_04097	Mol_04097::M01	epoxide	sn2_ring_opening	5;6;7	5;7	C[C@H]1CCC[C@H]2O[C@@H]2C(=O)c2c(O)cc(O)cc2CC(=O)O1
Mol_04100	Mol_04100::M01	enone_cyclic	michael_acceptor	5;6;7;8;9	5	C[C@H]1CCC/C=C\C(=O)c2c(O)cc(O)cc2CC(=O)O1
Mol_04101	Mol_04101::M01	enone_cyclic	michael_acceptor	5;6;7;8;9	5	C[C@H]1CCC/C=C/C(=O)c2c(O)cc(O)cc2CC(=O)O1
Mol_04104	Mol_04104::M01	para_quinone	michael_acceptor	11;10;9;8;20;21;19;12	8;9;12;19	COc1cc(CO)cc2c1C(=O)c1c(O)cc(O)cc1C2=O
Mol_04105	Mol_04105::M01	para_quinone	michael_acceptor	11;10;9;8;21;22;20;12	8;9;12;20	COc1cc(CO)cc2c1C(=O)c1c(O)cc(O)c(Cl)c1C2=O
Mol_04106	Mol_04106::M01	para_quinone	michael_acceptor	10;9;8;7;19;20;18;11	7;8;11;18	COc1cc(C)cc2c1C(=O)c1c(O)cc(O)cc1C2=O
Mol_04107	Mol_04107::M01	para_quinone	michael_acceptor	10;9;8;7;20;21;19;11	7;8;11;19	COc1cc(C)cc2c1C(=O)c1c(O)cc(O)c(Cl)c1C2=O
Mol_04110	Mol_04110::M01	enone_cyclic	michael_acceptor	1;2;3;4;5	1	CC1=CC(=O)[C@@H]2C(O)=CC(O)=C(Cl)[C@@H]2O1
Mol_04113	Mol_04113::M01	acrylic_acid	michael_acceptor	16;17;18;19;20	16	C[C@@H]1C[C@@](C)(O)Cc2ccc(CO)c(/C=C/C=C/C(=O)O)c21
Mol_04114	Mol_04114::M01	acrylic_acid	michael_acceptor	17;18;19;20;21	17	CC1=C[C@H](O)[C@H]2C[C@@H](CO)C[C@@H](C)[C@@H]2[C@H]1/C=C/C=C/C(=O)O
Mol_04125	Mol_04125::M01	acrylic_acid	michael_acceptor	9;10;11;12;13	9	C[C@H]1C[C@@H](C)[C@@H]2[C@@H](/C=C/C=C/C(=O)O)[C@@H](C)C=C[C@H]2C1
Mol_04126	Mol_04126::M01	acrylic_acid	michael_acceptor	16;17;18;19;20	16	C[C@@H]1CC(C(=O)O)C[C@@H]2C=C[C@H](C)[C@H](/C=C/C=C/C(=O)O)[C@@H]12
Mol_04129	Mol_04129::M01	enone_cyclic	michael_acceptor	2;3;4;5;6	2	COC1=CC(=O)C(C)=C2C[C@H](C)OC=C12
Mol_04129	Mol_04129::M02	enone_cyclic	michael_acceptor	8;6;4;5;3	8	COC1=CC(=O)C(C)=C2C[C@H](C)OC=C12
Mol_04132	Mol_04132::M01	acrylate_ester	michael_acceptor	23;21;19;20;18;4	23	COC(=O)[C@@]1(Cc2ccc(O)c(CC=C(C)C)c2)OC(=O)C(O)=C1c1ccc(O)cc1
Mol_04132	Mol_04132::M02	unsat_lactone	michael_acceptor	18;19;20;21;23	23	COC(=O)[C@@]1(Cc2ccc(O)c(CC=C(C)C)c2)OC(=O)C(O)=C1c1ccc(O)cc1
Mol_04133	Mol_04133::M01	acrylate_ester	michael_acceptor	26;13;11;12;10;9	26	CC(C)=CCc1cc(/C=C2\OC(=O)C(c3ccc(O)c(CC=C(C)C)c3)=C2O)ccc1O
Mol_04133	Mol_04133::M02	unsat_lactone	michael_acceptor	10;11;12;13;26	26	CC(C)=CCc1cc(/C=C2\OC(=O)C(c3ccc(O)c(CC=C(C)C)c3)=C2O)ccc1O
Mol_04135	Mol_04135::M01	enone_cyclic	michael_acceptor	3;4;5;6;7	3	C/C=C/C1=CC(=O)[C@H](O)[C@H]1O
Mol_04136	Mol_04136::M01	acrylate_ester	michael_acceptor	24;22;20;21;19;4	24	COC(=O)[C@]1(Cc2ccc3c(c2)C[C@H](O)C(C)(C)O3)OC(=O)C(O)=C1c1ccc(O)cc1
Mol_04136	Mol_04136::M02	unsat_lactone	michael_acceptor	19;20;21;22;24	24	COC(=O)[C@]1(Cc2ccc3c(c2)C[C@H](O)C(C)(C)O3)OC(=O)C(O)=C1c1ccc(O)cc1
Mol_04137	Mol_04137::M01	acrylate_ester	michael_acceptor	12;14;1;0;2;3	12	O=C1O/C(=C\c2ccc(O)cc2)C(O)=C1c1ccc(O)cc1
Mol_04137	Mol_04137::M02	unsat_lactone	michael_acceptor	2;1;0;14;12	12	O=C1O/C(=C\c2ccc(O)cc2)C(O)=C1c1ccc(O)cc1
Mol_04143	Mol_04143::M01	enone_cyclic	michael_acceptor	16;17;18;19;20	16	CC(C)[C@@H](C)/C=C/[C@H](C)[C@H]1CCC2=C3C=CC4=CC(=O)CC[C@]4(C)[C@H]3CC[C@@]21C
Mol_04159	Mol_04159::M01	acrylate_ester	michael_acceptor	16;14;12;13;11;2	16	CO[C@]1(Cc2ccc(O)cc2)OC(=O)C(O)=C1c1ccc(O)cc1
Mol_04159	Mol_04159::M02	unsat_lactone	michael_acceptor	11;12;13;14;16	16	CO[C@]1(Cc2ccc(O)cc2)OC(=O)C(O)=C1c1ccc(O)cc1
Mol_04160	Mol_04160::M01	acrylate_ester	michael_acceptor	13;21;1;0;2;3	13	O=C1O[C@](O)(Cc2ccc(O)cc2)C(c2ccc(O)cc2)=C1O
Mol_04160	Mol_04160::M02	unsat_lactone	michael_acceptor	2;1;0;21;13	13	O=C1O[C@](O)(Cc2ccc(O)cc2)C(c2ccc(O)cc2)=C1O
Mol_04162	Mol_04162::M01	acrylate_ester	michael_acceptor	18;16;14;15;13;4	18	COC(=O)C1(Cc2ccc(O)cc2)OC(=O)C(O)=C1c1ccc(O)cc1
Mol_04162	Mol_04162::M02	unsat_lactone	michael_acceptor	13;14;15;16;18	18	COC(=O)C1(Cc2ccc(O)cc2)OC(=O)C(O)=C1c1ccc(O)cc1
Mol_04163	Mol_04163::M01	acrylate_ester	michael_acceptor	22;20;18;19;17;4	22	COC(=O)[C@]1(Cc2ccc(O)c(C=C(C)C)c2)OC(=O)C(O)=C1c1ccc(O)cc1
Mol_04163	Mol_04163::M02	unsat_lactone	michael_acceptor	17;18;19;20;22	22	COC(=O)[C@]1(Cc2ccc(O)c(C=C(C)C)c2)OC(=O)C(O)=C1c1ccc(O)cc1
Mol_04164	Mol_04164::M01	acrylate_ester	michael_acceptor	24;22;20;21;19;4	24	COC(=O)C1(Cc2ccc(O)c(CC3OC3(C)C)c2)OC(=O)C(O)=C1c1ccc(O)cc1
Mol_04164	Mol_04164::M02	unsat_lactone	michael_acceptor	19;20;21;22;24	24	COC(=O)C1(Cc2ccc(O)c(CC3OC3(C)C)c2)OC(=O)C(O)=C1c1ccc(O)cc1
Mol_04164	Mol_04164::M03	epoxide	sn2_ring_opening	13;14;15	13;15	COC(=O)C1(Cc2ccc(O)c(CC3OC3(C)C)c2)OC(=O)C(O)=C1c1ccc(O)cc1
Mol_04165	Mol_04165::M01	acrylate_ester	michael_acceptor	24;22;20;21;19;4	24	COC(=O)[C@]1(Cc2ccc(O)c([C@@H](O)C(C)(C)O)c2)OC(=O)C(O)=C1c1ccc(O)cc1
Mol_04165	Mol_04165::M02	unsat_lactone	michael_acceptor	19;20;21;22;24	24	COC(=O)[C@]1(Cc2ccc(O)c([C@@H](O)C(C)(C)O)c2)OC(=O)C(O)=C1c1ccc(O)cc1
Mol_04167	Mol_04167::M01	enone_cyclic	michael_acceptor	3;4;5;6;7	3	CCCC1=CC(=O)[C@H](O)[C@H]1O
Mol_04170	Mol_04170::M01	enone_cyclic	michael_acceptor	10;8;6;7;4	10	C=C1C[C@H]2[C@@](C)(C(=O)C(O)=C3C(C)(C)C(=O)CC[C@@]32C)[C@@H]2C(=O)O[C@@](C)(C(=O)OC)C(=O)[C@@]12C
Mol_04171	Mol_04171::M01	enone_cyclic	michael_acceptor	14;15;17;18;19	14	C=C1C[C@@]2(O)[C@]3(C)CCC(=O)C(C)(C)C3=C(O)C(=O)[C@]2(C)[C@H]2C(=O)O[C@](C)(C(=O)OC)C(=O)[C@]12C
Mol_04173	Mol_04173::M01	acrylate_ester	michael_acceptor	12;20;1;0;2;3	12	O=C1O[C@H](Cc2ccc(O)cc2)C(c2ccc(O)cc2)=C1O
Mol_04173	Mol_04173::M02	unsat_lactone	michael_acceptor	2;1;0;20;12	12	O=C1O[C@H](Cc2ccc(O)cc2)C(c2ccc(O)cc2)=C1O
Mol_04175	Mol_04175::M01	enone_ketone_acyclic	michael_acceptor	20;21;22;23;24	20	CCCCCCCCCCCCCCCCCCCC/C=C/C(=O)CCCC
Mol_04196	Mol_04196::M01	aldehyde	reversible_carbonyl	5;7;8	7	Cc1ccc(C(C)C=O)cc1
Mol_04203	Mol_04203::M01	acrylate_ester	michael_acceptor	1;2;4;5;6;7	1	C/C=C(/C)C(=O)O[C@]1(C)C(=O)O[C@H]2[C@@H]3C(C)=CC(=O)C3=C(C)C[C@H](OC(=O)CC(C)C)[C@H]21
Mol_04203	Mol_04203::M02	enone_cyclic	michael_acceptor	14;16;17;18;19	14	C/C=C(/C)C(=O)O[C@]1(C)C(=O)O[C@H]2[C@@H]3C(C)=CC(=O)C3=C(C)C[C@H](OC(=O)CC(C)C)[C@H]21
Mol_04203	Mol_04203::M03	enone_cyclic	michael_acceptor	20;19;17;18;16	20	C/C=C(/C)C(=O)O[C@]1(C)C(=O)O[C@H]2[C@@H]3C(C)=CC(=O)C3=C(C)C[C@H](OC(=O)CC(C)C)[C@H]21
Mol_04204	Mol_04204::M01	acrylate_ester	michael_acceptor	1;2;4;5;6;7	1	C/C=C(/C)C(=O)O[C@]1(C)C(=O)O[C@H]2[C@@H]3C(C)=CC(=O)C3=C(C)C[C@H](OC(=O)C=C(C)C)[C@H]21
Mol_04204	Mol_04204::M02	acrylate_ester	michael_acceptor	28;27;25;26;24;23	28	C/C=C(/C)C(=O)O[C@]1(C)C(=O)O[C@H]2[C@@H]3C(C)=CC(=O)C3=C(C)C[C@H](OC(=O)C=C(C)C)[C@H]21
Mol_04204	Mol_04204::M03	enone_cyclic	michael_acceptor	14;16;17;18;19	14	C/C=C(/C)C(=O)O[C@]1(C)C(=O)O[C@H]2[C@@H]3C(C)=CC(=O)C3=C(C)C[C@H](OC(=O)C=C(C)C)[C@H]21
Mol_04204	Mol_04204::M04	enone_cyclic	michael_acceptor	20;19;17;18;16	20	C/C=C(/C)C(=O)O[C@]1(C)C(=O)O[C@H]2[C@@H]3C(C)=CC(=O)C3=C(C)C[C@H](OC(=O)C=C(C)C)[C@H]21
Mol_04205	Mol_04205::M01	acrylate_ester	michael_acceptor	1;2;4;5;6;7	1	C/C=C(/C)C(=O)O[C@]1(C)C(=O)O[C@H]2[C@@H]3C(C)=CC(=O)C3=C(C)C[C@H](OC(=O)CC)[C@H]21
Mol_04205	Mol_04205::M02	enone_cyclic	michael_acceptor	14;16;17;18;19	14	C/C=C(/C)C(=O)O[C@]1(C)C(=O)O[C@H]2[C@@H]3C(C)=CC(=O)C3=C(C)C[C@H](OC(=O)CC)[C@H]21
Mol_04205	Mol_04205::M03	enone_cyclic	michael_acceptor	20;19;17;18;16	20	C/C=C(/C)C(=O)O[C@]1(C)C(=O)O[C@H]2[C@@H]3C(C)=CC(=O)C3=C(C)C[C@H](OC(=O)CC)[C@H]21
Mol_04206	Mol_04206::M01	acrylate_ester	michael_acceptor	1;2;4;5;6;7	1	C/C=C(/C)C(=O)O[C@]1(C)C(=O)O[C@H]2[C@@H]3C(C)=CC(=O)C3=C(C)C[C@H](OC(=O)C(C)CC)[C@H]21
Mol_04206	Mol_04206::M02	enone_cyclic	michael_acceptor	14;16;17;18;19	14	C/C=C(/C)C(=O)O[C@]1(C)C(=O)O[C@H]2[C@@H]3C(C)=CC(=O)C3=C(C)C[C@H](OC(=O)C(C)CC)[C@H]21
Mol_04206	Mol_04206::M03	enone_cyclic	michael_acceptor	20;19;17;18;16	20	C/C=C(/C)C(=O)O[C@]1(C)C(=O)O[C@H]2[C@@H]3C(C)=CC(=O)C3=C(C)C[C@H](OC(=O)C(C)CC)[C@H]21
Mol_04207	Mol_04207::M01	acrylate_ester	michael_acceptor	1;2;4;5;6;7	1	C/C=C(/C)C(=O)O[C@H]1CC(C)=C2C(=O)C=C(C)[C@H]2[C@@H]2OC(=O)[C@@](C)(OC(=O)C(C)CC)[C@@H]21
Mol_04207	Mol_04207::M02	enone_cyclic	michael_acceptor	9;11;12;13;14	9	C/C=C(/C)C(=O)O[C@H]1CC(C)=C2C(=O)C=C(C)[C@H]2[C@@H]2OC(=O)[C@@](C)(OC(=O)C(C)CC)[C@@H]21
Mol_04207	Mol_04207::M03	enone_cyclic	michael_acceptor	15;14;12;13;11	15	C/C=C(/C)C(=O)O[C@H]1CC(C)=C2C(=O)C=C(C)[C@H]2[C@@H]2OC(=O)[C@@](C)(OC(=O)C(C)CC)[C@@H]21
Mol_04208	Mol_04208::M01	acrylate_ester	michael_acceptor	1;2;4;5;6;7	1	C/C=C(/C)C(=O)O[C@H]1CC(C)=C2C(=O)C=C(C)[C@H]2[C@@H]2OC(=O)[C@@](C)(OC(=O)C(C)C)[C@@H]21
Mol_04208	Mol_04208::M02	enone_cyclic	michael_acceptor	9;11;12;13;14	9	C/C=C(/C)C(=O)O[C@H]1CC(C)=C2C(=O)C=C(C)[C@H]2[C@@H]2OC(=O)[C@@](C)(OC(=O)C(C)C)[C@@H]21
Mol_04208	Mol_04208::M03	enone_cyclic	michael_acceptor	15;14;12;13;11	15	C/C=C(/C)C(=O)O[C@H]1CC(C)=C2C(=O)C=C(C)[C@H]2[C@@H]2OC(=O)[C@@](C)(OC(=O)C(C)C)[C@@H]21
Mol_04210	Mol_04210::M01	acrylate_ester	michael_acceptor	1;2;4;5;6;7	1	C/C=C(/C)C(=O)O[C@]1(C)C(=O)O[C@H]2[C@@H]3C(C)=CC(=O)C3=C(C)C[C@H](OC(=O)c3ccc(OC)c(OC)c3)[C@H]21
Mol_04210	Mol_04210::M02	enone_cyclic	michael_acceptor	14;16;17;18;19	14	C/C=C(/C)C(=O)O[C@]1(C)C(=O)O[C@H]2[C@@H]3C(C)=CC(=O)C3=C(C)C[C@H](OC(=O)c3ccc(OC)c(OC)c3)[C@H]21
Mol_04210	Mol_04210::M03	enone_cyclic	michael_acceptor	20;19;17;18;16	20	C/C=C(/C)C(=O)O[C@]1(C)C(=O)O[C@H]2[C@@H]3C(C)=CC(=O)C3=C(C)C[C@H](OC(=O)c3ccc(OC)c(OC)c3)[C@H]21
Mol_04211	Mol_04211::M01	acrylate_ester	michael_acceptor	1;2;4;5;6;7	1	C/C=C(\C)C(=O)OC1(C)C(=O)OC2C3C(C)=CC(=O)C3=C(C)CC(OC(=O)C(C)C)C21
Mol_04211	Mol_04211::M02	enone_cyclic	michael_acceptor	14;16;17;18;19	14	C/C=C(\C)C(=O)OC1(C)C(=O)OC2C3C(C)=CC(=O)C3=C(C)CC(OC(=O)C(C)C)C21
Mol_04211	Mol_04211::M03	enone_cyclic	michael_acceptor	20;19;17;18;16	20	C/C=C(\C)C(=O)OC1(C)C(=O)OC2C3C(C)=CC(=O)C3=C(C)CC(OC(=O)C(C)C)C21
Mol_04212	Mol_04212::M01	acrylate_ester	michael_acceptor	1;2;4;5;6;7	1	C/C=C(/C)C(=O)O[C@H]1CC(C)=C2C(=O)C=C(C)[C@H]2[C@@H]2OC(=O)[C@H](C)[C@@H]21
Mol_04212	Mol_04212::M02	enone_cyclic	michael_acceptor	9;11;12;13;14	9	C/C=C(/C)C(=O)O[C@H]1CC(C)=C2C(=O)C=C(C)[C@H]2[C@@H]2OC(=O)[C@H](C)[C@@H]21
Mol_04212	Mol_04212::M03	enone_cyclic	michael_acceptor	15;14;12;13;11	15	C/C=C(/C)C(=O)O[C@H]1CC(C)=C2C(=O)C=C(C)[C@H]2[C@@H]2OC(=O)[C@H](C)[C@@H]21
Mol_04228	Mol_04228::M01	acrylate_ester	michael_acceptor	9;8;6;7;5;4	9	CCCCC1OC(=O)C2=CCCCC21
Mol_04228	Mol_04228::M02	unsat_lactone	michael_acceptor	5;6;7;8;9	9	CCCCC1OC(=O)C2=CCCCC21
Mol_04232	Mol_04232::M01	acrylate_ester	michael_acceptor	9;8;6;7;5;4	9	CCCCC1OC(=O)C2=C1CCC=C2
Mol_04232	Mol_04232::M02	unsat_lactone	michael_acceptor	5;6;7;8;9	9	CCCCC1OC(=O)C2=C1CCC=C2
Mol_04234	Mol_04234::M01	acrylate_ester	michael_acceptor	9;8;6;7;5;4	9	CCC/C=C1\OC(=O)C2=CCCCC21
Mol_04234	Mol_04234::M02	unsat_lactone	michael_acceptor	5;6;7;8;9	9	CCC/C=C1\OC(=O)C2=CCCCC21
Mol_04244	Mol_04244::M01	aldehyde	reversible_carbonyl	11;12;13	12	COc1cc(OC)c(OC)cc1C=O
Mol_04248	Mol_04248::M01	enal	michael_acceptor	3;2;1;0	3	O=CC1=CCCCC1
Mol_04248	Mol_04248::M02	aldehyde	reversible_carbonyl	2;1;0	1	O=CC1=CCCCC1
Mol_04256	Mol_04256::M01	acrylate_ester	michael_acceptor	7;8;9;10;11;12	7	C=C(C)C1CCC/C1=C\C(=O)OC
Mol_04266	Mol_04266::M01	acrylate_ester	michael_acceptor	1;2;4;5;6;7	1	C/C=C(/C)C(=O)O[C@@H]1C=C(CO)CC[C@]2(O)C(C(C)C)CC(=O)[C@]12C
Mol_04269	Mol_04269::M01	acrylate_ester	michael_acceptor	1;2;4;5;6;7	1	C/C=C(/C)C(=O)O[C@@H]1CC[C@@]2(C)C(COc3ccc4ccc(=O)oc4c3)[C@@](C)(O)CC[C@@H]2C1(C)C
Mol_04280	Mol_04280::M01	enone_cyclic	michael_acceptor	1;2;3;4;5	1	CC1=CC(=O)[C@@]2(C)CC[C@@](O)(C(C)C)[C@@H]2[C@@H](O)C1
Mol_04281	Mol_04281::M01	enone_cyclic	michael_acceptor	1;2;3;4;5	1	CC1=CC(=O)[C@]2(C)[C@@H]([C@@H](O)C1)[C@](O)(C(C)C)C[C@H]2OC(=O)c1ccc(O)cc1
Mol_04282	Mol_04282::M01	acrylate_ester	michael_acceptor	1;2;4;5;6;7	1	C/C=C(/C)C(=O)O[C@H]1CC(C)=CC(=O)[C@]2(C)[C@@H]1[C@](O)(C(C)C)C[C@H]2OC(=O)/C(C)=C\C
Mol_04282	Mol_04282::M02	acrylate_ester	michael_acceptor	29;27;25;26;24;23	29	C/C=C(/C)C(=O)O[C@H]1CC(C)=CC(=O)[C@]2(C)[C@@H]1[C@](O)(C(C)C)C[C@H]2OC(=O)/C(C)=C\C
Mol_04282	Mol_04282::M03	enone_cyclic	michael_acceptor	9;11;12;13;14	9	C/C=C(/C)C(=O)O[C@H]1CC(C)=CC(=O)[C@]2(C)[C@@H]1[C@](O)(C(C)C)C[C@H]2OC(=O)/C(C)=C\C
Mol_04283	Mol_04283::M01	enone_cyclic	michael_acceptor	2;1;25;26;24	2	CC1=C[C@H](OC(=O)c2ccc(O)cc2)[C@@H]2[C@](C)(CC[C@@]2(O)C(C)C)CC1=O
Mol_04284	Mol_04284::M01	enone_cyclic	michael_acceptor	2;1;18;19;17	2	CC1=C[C@H](OC(=O)c2ccc(O)cc2)[C@@H]2[C@@](C)(CC1=O)[C@H](O)C[C@@]2(O)C(C)C
Mol_04291	Mol_04291::M01	acrylate_ester	michael_acceptor	1;2;4;5;6;7	1	C/C=C(\C)C(=O)O[C@H]1CC(C)=C[C@@H](O)[C@@]2(C)CC[C@@](O)(C(C)C)[C@H]12
Mol_04292	Mol_04292::M01	acrylate_ester	michael_acceptor	1;2;4;5;6;7	1	C/C=C(/C)C(=O)O[C@@H]1C=C(C)C[C@H](OC(=O)c2ccc(O)cc2)[C@@H]2[C@]1(C)CC[C@@]2(O)C(C)C
Mol_04293	Mol_04293::M01	acrylate_ester	michael_acceptor	1;2;4;5;6;7	1	C/C=C(/C)C(=O)O[C@@H]1C=C(C)C[C@H](OC(=O)c2ccc(OC)cc2)[C@@H]2[C@]1(C)CC[C@@]2(O)C(C)C
Mol_04294	Mol_04294::M01	acrylate_ester	michael_acceptor	1;2;4;5;6;7	1	C/C=C(\C)C(=O)O[C@H]1CC(C)=C[C@@H](OC(=O)c2ccc(OC)cc2)[C@@]2(C)CC[C@@](O)(C(C)C)[C@H]12
Mol_04301	Mol_04301::M01	enone_ketone_acyclic	michael_acceptor	1;3;4;5;6	1	CC(C)=CC(=O)C/C(C)=C\COc1ccc2ccc(=O)oc2c1
Mol_04302	Mol_04302::M01	enone_ketone_acyclic	michael_acceptor	1;3;4;5;6	1	CC(C)=CC(=O)/C=C(\C)CCOc1ccc2ccc(=O)oc2c1
Mol_04302	Mol_04302::M02	enone_ketone_acyclic	michael_acceptor	7;6;4;5;3	7	CC(C)=CC(=O)/C=C(\C)CCOc1ccc2ccc(=O)oc2c1
Mol_04303	Mol_04303::M01	acrylate_ester	michael_acceptor	30;29;27;28;26;24	30	COc1ccc(C(=O)O[C@H]2CC(C)=C3C(=O)C=C(C)[C@H]3[C@@H]3OC(=O)[C@@](C)(OC(=O)C=C(C)C)[C@@H]32)cc1OC
Mol_04303	Mol_04303::M02	enone_cyclic	michael_acceptor	11;13;14;15;16	11	COc1ccc(C(=O)O[C@H]2CC(C)=C3C(=O)C=C(C)[C@H]3[C@@H]3OC(=O)[C@@](C)(OC(=O)C=C(C)C)[C@@H]32)cc1OC
Mol_04303	Mol_04303::M03	enone_cyclic	michael_acceptor	17;16;14;15;13	17	COc1ccc(C(=O)O[C@H]2CC(C)=C3C(=O)C=C(C)[C@H]3[C@@H]3OC(=O)[C@@](C)(OC(=O)C=C(C)C)[C@@H]32)cc1OC
Mol_04304	Mol_04304::M01	enone_cyclic	michael_acceptor	11;13;14;15;16	11	COc1ccc(C(=O)O[C@H]2CC(C)=C3C(=O)C=C(C)[C@H]3[C@@H]3OC(=O)[C@@](C)(OC(C)=O)[C@@H]32)cc1OC
Mol_04304	Mol_04304::M02	enone_cyclic	michael_acceptor	17;16;14;15;13	17	COc1ccc(C(=O)O[C@H]2CC(C)=C3C(=O)C=C(C)[C@H]3[C@@H]3OC(=O)[C@@](C)(OC(C)=O)[C@@H]32)cc1OC
Mol_04305	Mol_04305::M01	enone_cyclic	michael_acceptor	11;13;14;15;16	11	CC(=O)O[C@]1(C)C(=O)O[C@H]2[C@@H]3C(C)=CC(=O)C3=C(C)C[C@H](OC(=O)c3ccccc3)[C@H]21
Mol_04305	Mol_04305::M02	enone_cyclic	michael_acceptor	17;16;14;15;13	17	CC(=O)O[C@]1(C)C(=O)O[C@H]2[C@@H]3C(C)=CC(=O)C3=C(C)C[C@H](OC(=O)c3ccccc3)[C@H]21
Mol_04314	Mol_04314::M01	acrylate_ester	michael_acceptor	1;2;4;5;6;7	1	C/C=C(/C)C(=O)O[C@@H](C)[C@H](OC(C)=O)c1cc(OC)c2c(c1)OCO2
Mol_04315	Mol_04315::M01	acrylate_ester	michael_acceptor	1;2;4;5;6;7	1	C/C=C(/C)C(=O)O[C@H](c1cc(OC)c2c(c1)OCO2)[C@H](C)OC(=O)C1(C)OC1C
Mol_04315	Mol_04315::M02	epoxide	sn2_ring_opening	24;26;27	24;27	C/C=C(/C)C(=O)O[C@H](c1cc(OC)c2c(c1)OCO2)[C@H](C)OC(=O)C1(C)OC1C
Mol_04316	Mol_04316::M01	acrylate_ester	michael_acceptor	10;9;7;8;6;5	10	COc1cc([C@@H](OC(=O)C=C(C)C)[C@H](C)OC(=O)C2(C)OC2C)cc2c1OCO2
Mol_04316	Mol_04316::M02	epoxide	sn2_ring_opening	18;20;21	18;21	COc1cc([C@@H](OC(=O)C=C(C)C)[C@H](C)OC(=O)C2(C)OC2C)cc2c1OCO2
Mol_04317	Mol_04317::M01	acrylate_ester	michael_acceptor	10;9;7;8;6;5	10	COc1cc([C@@H](OC(=O)C=C(C)C)[C@H](C)OC(=O)C(C)(O)C(C)OC(=O)CC(C)C)cc2c1OCO2
Mol_04318	Mol_04318::M01	acrylate_ester	michael_acceptor	1;2;4;5;6;7	1	C/C=C(/C)C(=O)O[C@H](c1cc(OC)c2c(c1)OCO2)[C@H](C)OC(=O)C(C)(O)C(C)OC(=O)CC(C)C
Mol_04321	Mol_04321::M01	enal	michael_acceptor	5;6;7;8	5	C=C(C)[C@H]1CC=C(C=O)CC1
Mol_04321	Mol_04321::M02	aldehyde	reversible_carbonyl	6;7;8	7	C=C(C)[C@H]1CC=C(C=O)CC1
Mol_04322	Mol_04322::M01	enal	michael_acceptor	9;6;7;8	9	C=C(C)[C@@H]1CCC(C=O)=C[C@H]1O
Mol_04322	Mol_04322::M02	aldehyde	reversible_carbonyl	6;7;8	7	C=C(C)[C@@H]1CCC(C=O)=C[C@H]1O
Mol_04323	Mol_04323::M01	acrylate_ester	michael_acceptor	5;6;7;8;9;10	5	C=C(C)C1CC=C(C(=O)OC)CC1
Mol_04324	Mol_04324::M01	acrylate_ester	michael_acceptor	1;2;4;5;6;7	1	C/C=C(/C)C(=O)OC1CC2CCC1(C)C2(C)C
Mol_04338	Mol_04338::M01	enone_cyclic	michael_acceptor	1;2;3;4;5	1	CC1=CC(=O)[C@@H](C(C)C)C[C@@H]1O
Mol_04339	Mol_04339::M01	enone_cyclic	michael_acceptor	1;2;3;4;5	1	CC1=CC(=O)[C@@H](C(C)C)C[C@H]1O
Mol_04340	Mol_04340::M01	enone_cyclic	michael_acceptor	2;1;10;11;9	2	CC1=C[C@H](O)[C@@H](C(C)C)CC1=O
Mol_04341	Mol_04341::M01	enone_cyclic	michael_acceptor	2;1;10;11;9	2	CC1=C[C@@H](O)[C@@H](C(C)C)CC1=O
Mol_04361	Mol_04361::M01	acrylate_ester	michael_acceptor	1;2;4;5;6;7	1	C/C=C(/C)C(=O)O[C@H]1C[C@@]2(C)O[C@H]2[C@@H](OC(C)=O)[C@@]2(C)CC[C@@](O)(C(C)C)[C@H]12
Mol_04361	Mol_04361::M02	epoxide	sn2_ring_opening	9;11;12	9;12	C/C=C(/C)C(=O)O[C@H]1C[C@@]2(C)O[C@H]2[C@@H](OC(C)=O)[C@@]2(C)CC[C@@](O)(C(C)C)[C@H]12
Mol_04364	Mol_04364::M01	acrylate_ester	michael_acceptor	1;2;4;5;6;7	1	C/C=C(/C)C(=O)O[C@H]1CC(C)=C[C@H](OC(=O)c2ccccc2)[C@@]2(C)[C@@H](OC(C)=O)C[C@@](O)(C(C)C)[C@H]12
Mol_04365	Mol_04365::M01	acrylate_ester	michael_acceptor	1;2;4;5;6;7	1	C/C=C(/C)C(=O)O[C@H]1CC(C)=C[C@H](OC(=O)/C=C/c2ccccc2)[C@@]2(C)[C@@H](OC(C)=O)C[C@@](O)(C(C)C)[C@H]12
Mol_04365	Mol_04365::M02	acrylate_ester	michael_acceptor	17;16;14;15;13;12	17	C/C=C(/C)C(=O)O[C@H]1CC(C)=C[C@H](OC(=O)/C=C/c2ccccc2)[C@@]2(C)[C@@H](OC(C)=O)C[C@@](O)(C(C)C)[C@H]12
Mol_04370	Mol_04370::M01	acrylate_ester	michael_acceptor	3;2;1;0;12;13	3	O=C(/C=C/c1ccc(O)c(O)c1)O[C@@H]1CC(O)(C(=O)O)C[C@@H](O)C1O
Mol_04373	Mol_04373::M01	acrylate_ester	michael_acceptor	5;6;7;8;9;10	5	COc1cc(/C=C/C(=O)O[C@@H]2CC(O)(C(=O)O)C[C@@H](O)C2O)ccc1O
Mol_04405	Mol_04405::M01	enone_cyclic	michael_acceptor	9;10;12;13;14	9	COc1cc(C(=O)O[C@H]2C=C(C)C(=O)C[C@@]3(C)CC[C@@](O)(C(C)C)[C@H]23)ccc1O
Mol_04413	Mol_04413::M01	epoxide	sn2_ring_opening	10;11;12	10;12	CC(C)[C@]1(O)CC[C@]2(C)C[C@@H]3O[C@]3(C)C[C@H](OC(=O)c3ccccc3)[C@H]21
Mol_04414	Mol_04414::M01	epoxide	sn2_ring_opening	10;11;12	10;12	CC(C)[C@]1(O)CC[C@@]2(C)C[C@@H]3O[C@]3(C)C[C@H](OC(=O)c3ccc(O)cc3)[C@H]21
Mol_04416	Mol_04416::M01	epoxide	sn2_ring_opening	10;12;13	10;13	COc1cc(C(=O)O[C@H]2C[C@@]3(C)O[C@H]3C[C@@]3(C)CC[C@@](O)(C(C)C)[C@H]23)ccc1O
Mol_04417	Mol_04417::M01	acrylate_ester	michael_acceptor	1;2;4;5;6;7	1	C/C=C(\C)C(=O)OC1C=C(C)CCC2(O)C(C(C)C)CC(=O)C12C
Mol_04430	Mol_04430::M01	acrylate_ester	michael_acceptor	1;2;4;5;6;7	1	CC=C(C)C(=O)OC1C[C@@]2(C)OC2C(OC(C)=O)[C@@]2(C)CC[C@@](O)(C(C)C)C12
Mol_04430	Mol_04430::M02	epoxide	sn2_ring_opening	9;11;12	9;12	CC=C(C)C(=O)OC1C[C@@]2(C)OC2C(OC(C)=O)[C@@]2(C)CC[C@@](O)(C(C)C)C12
Mol_04431	Mol_04431::M01	enone_cyclic	michael_acceptor	10;11;13;14;15	10	COc1ccc(C(=O)O[C@H]2C=C(C)C(=O)C[C@@]3(C)CC[C@@](O)(C(C)C)[C@H]23)cc1
Mol_04433	Mol_04433::M01	acrylate_ester	michael_acceptor	1;2;4;5;6;7	1	C/C=C(/C)C(=O)O[C@H]1CC(C)=C[C@@H](OC(=O)/C(C)=C\C)[C@@]2(C)CC[C@@](O)(C(C)C)[C@H]12
Mol_04433	Mol_04433::M02	acrylate_ester	michael_acceptor	18;16;14;15;13;12	18	C/C=C(/C)C(=O)O[C@H]1CC(C)=C[C@@H](OC(=O)/C(C)=C\C)[C@@]2(C)CC[C@@](O)(C(C)C)[C@H]12
Mol_04449	Mol_04449::M01	epoxide	sn2_ring_opening	1;3;4	1;4	CC1(C)O[C@@H]1COc1c2occc2cc2ccc(=O)oc12
Mol_04462	Mol_04462::M01	acrylate_ester	michael_acceptor	1;3;4;5;6;7	1	CC(C)=CC(=O)OC(C)(C)[C@@H]1Cc2c(cc3oc(=O)ccc3c2O)O1
Mol_04463	Mol_04463::M01	acrylate_ester	michael_acceptor	1;2;4;5;6;7	1	C/C=C(/C)C(=O)OC(C)(C)[C@@H]1Cc2c(cc3oc(=O)ccc3c2O)O1
Mol_04464	Mol_04464::M01	acrylate_ester	michael_acceptor	1;3;4;5;6;7	1	CC(C)=CC(=O)OC(C)(C)[C@@H]1Cc2cc3ccc(=O)oc3cc2O1
Mol_04465	Mol_04465::M01	acrylate_ester	michael_acceptor	1;2;4;5;6;7	1	C/C=C(\C)C(=O)OC(C)(C)[C@@H]1Cc2cc3ccc(=O)oc3cc2O1
Mol_04551	Mol_04551::M01	acrylate_ester	michael_acceptor	16;14;12;13;11;9	16	CC1=CC[C@@H](O)[C@]2(C)C[C@]3(O)OC(=O)C(C)=C3C[C@@H]12
Mol_04551	Mol_04551::M02	unsat_lactone	michael_acceptor	11;12;13;14;16	16	CC1=CC[C@@H](O)[C@]2(C)C[C@]3(O)OC(=O)C(C)=C3C[C@@H]12
Mol_04552	Mol_04552::M01	acrylate_ester	michael_acceptor	16;14;12;13;11;9	16	C=C1CC[C@@H](O)[C@]2(C)C[C@]3(O)OC(=O)C(C)=C3C[C@@H]12
Mol_04552	Mol_04552::M02	unsat_lactone	michael_acceptor	11;12;13;14;16	16	C=C1CC[C@@H](O)[C@]2(C)C[C@]3(O)OC(=O)C(C)=C3C[C@@H]12
Mol_04553	Mol_04553::M01	acrylate_ester	michael_acceptor	18;16;14;15;13;12	18	C=C1CC[C@@H](OC(C)=O)[C@]2(C)C[C@@H]3OC(=O)C(C)=C3C[C@@H]12
Mol_04553	Mol_04553::M02	unsat_lactone	michael_acceptor	13;14;15;16;18	18	C=C1CC[C@@H](OC(C)=O)[C@]2(C)C[C@@H]3OC(=O)C(C)=C3C[C@@H]12
Mol_04554	Mol_04554::M01	acrylate_ester	michael_acceptor	19;17;15;16;14;12	19	C=C1CC[C@@H](OC(C)=O)[C@]2(C)C[C@]3(O)OC(=O)C(C)=C3C[C@@H]12
Mol_04554	Mol_04554::M02	unsat_lactone	michael_acceptor	14;15;16;17;19	19	C=C1CC[C@@H](OC(C)=O)[C@]2(C)C[C@]3(O)OC(=O)C(C)=C3C[C@@H]12
Mol_04555	Mol_04555::M01	acrylate_ester	michael_acceptor	2;1;18;19;17;3	2	CC1=C2[C@H](C[C@]3(C)OC3CC[C@@]3(C)OC3[C@@H]2O)OC1=O
Mol_04555	Mol_04555::M02	unsat_lactone	michael_acceptor	17;18;19;1;2	2	CC1=C2[C@H](C[C@]3(C)OC3CC[C@@]3(C)OC3[C@@H]2O)OC1=O
Mol_04555	Mol_04555::M03	epoxide	sn2_ring_opening	5;7;8	5;8	CC1=C2[C@H](C[C@]3(C)OC3CC[C@@]3(C)OC3[C@@H]2O)OC1=O
Mol_04555	Mol_04555::M04	epoxide	sn2_ring_opening	11;13;14	11;14	CC1=C2[C@H](C[C@]3(C)OC3CC[C@@]3(C)OC3[C@@H]2O)OC1=O
Mol_04556	Mol_04556::M01	acrylate_ester	michael_acceptor	2;1;17;18;16;15	2	CC1=C2CC3O[C@]3(C)CCC3O[C@@]3(C)C[C@@H]2OC1=O
Mol_04556	Mol_04556::M02	unsat_lactone	michael_acceptor	16;17;18;1;2	2	CC1=C2CC3O[C@]3(C)CCC3O[C@@]3(C)C[C@@H]2OC1=O
Mol_04556	Mol_04556::M03	epoxide	sn2_ring_opening	4;5;6	4;6	CC1=C2CC3O[C@]3(C)CCC3O[C@@]3(C)C[C@@H]2OC1=O
Mol_04556	Mol_04556::M04	epoxide	sn2_ring_opening	10;11;12	10;12	CC1=C2CC3O[C@]3(C)CCC3O[C@@]3(C)C[C@@H]2OC1=O
Mol_04557	Mol_04557::M01	acrylate_ester	michael_acceptor	2;1;18;19;17;15	2	CC1=C2CC3O[C@]3(C)CCC3O[C@@]3(C)C[C@]2(O)OC1=O
Mol_04557	Mol_04557::M02	unsat_lactone	michael_acceptor	17;18;19;1;2	2	CC1=C2CC3O[C@]3(C)CCC3O[C@@]3(C)C[C@]2(O)OC1=O
Mol_04557	Mol_04557::M03	epoxide	sn2_ring_opening	4;5;6	4;6	CC1=C2CC3O[C@]3(C)CCC3O[C@@]3(C)C[C@]2(O)OC1=O
Mol_04557	Mol_04557::M04	epoxide	sn2_ring_opening	10;11;12	10;12	CC1=C2CC3O[C@]3(C)CCC3O[C@@]3(C)C[C@]2(O)OC1=O
Mol_04560	Mol_04560::M01	acrylate_ester	michael_acceptor	15;13;11;12;10;9	15	C=C1CC[C@@]2(C)C(C)(C)[C@@H](OC(=O)/C(C)=C\C)CC[C@]2(C)[C@H]1COc1ccc2ccc(=O)oc2c1
Mol_04575	Mol_04575::M01	acrylate_ester	michael_acceptor	11;10;28;29;27;12	11	C=CC(C)(CCC=C(C)C)C1=CC(/C=C/OC)(C(O)COC(=O)/C(C)=C\C)OC1=O
Mol_04575	Mol_04575::M02	acrylate_ester	michael_acceptor	25;23;21;22;20;19	25	C=CC(C)(CCC=C(C)C)C1=CC(/C=C/OC)(C(O)COC(=O)/C(C)=C\C)OC1=O
Mol_04575	Mol_04575::M03	unsat_lactone	michael_acceptor	27;28;29;10;11	11	C=CC(C)(CCC=C(C)C)C1=CC(/C=C/OC)(C(O)COC(=O)/C(C)=C\C)OC1=O
Mol_04577	Mol_04577::M01	acrylate_ester	michael_acceptor	1;2;4;5;6;7	1	C/C=C(/C)C(=O)O[C@@H]1C(C)=C2[C@H]3OC(=O)[C@](C)(O)[C@]3(O)[C@H](OC(=O)C(C)CC)C[C@@](C)(OC(C)=O)[C@@H]2[C@H]1OC(=O)CC(C)C
Mol_04578	Mol_04578::M01	enone_cyclic	michael_acceptor	10;11;13;14;15	10	COc1ccc(C(=O)O[C@H]2C=C(C)C(=O)[C@H](O)[C@@]3(C)CC[C@@](O)(C(C)C)[C@H]23)cc1
Mol_04579	Mol_04579::M01	enone_cyclic	michael_acceptor	2;1;25;26;23	2	CC1=C[C@H](OC(=O)c2ccccc2)[C@@H]2[C@](C)(CC[C@@]2(O)C(C)C)[C@@H](O)C1=O
Mol_04581	Mol_04581::M01	epoxide	sn2_ring_opening	11;13;14	11;14	COc1ccc(C(=O)O[C@H]2C[C@@]3(C)O[C@H]3[C@H](O)[C@]3(C)[C@@H]2[C@](O)(C(C)C)C[C@H]3OC(C)=O)cc1
Mol_04587	Mol_04587::M01	enone_cyclic	michael_acceptor	12;14;15;16;17	12	COc1ccc(C(=O)O[C@H]2CCC(C)=CC(=O)[C@@]3(C)CC[C@@](O)(C(C)C)[C@H]23)cc1
Mol_04588	Mol_04588::M01	enone_cyclic	michael_acceptor	1;2;3;4;5	1	CC1=CC(=O)[C@@]2(C)CC[C@@](O)(C(C)C)C2[C@@H](O)CC1
Mol_04619	Mol_04619::M01	acrylate_ester	michael_acceptor	1;2;4;5;6;7	1	C/C=C(/C)C(=O)O[C@H](C)[C@](C)(O)C(=O)O[C@H](c1cc(OC)c2c(c1)OCO2)[C@@H](C)OC(=O)[C@]1(C)O[C@@H]1C
Mol_04619	Mol_04619::M02	epoxide	sn2_ring_opening	32;34;35	32;35	C/C=C(/C)C(=O)O[C@H](C)[C@](C)(O)C(=O)O[C@H](c1cc(OC)c2c(c1)OCO2)[C@@H](C)OC(=O)[C@]1(C)O[C@@H]1C
Mol_04620	Mol_04620::M01	acrylate_ester	michael_acceptor	18;17;15;16;14;12	18	COc1cc([C@@H](OC(=O)C(C)(O)[C@@H](C)OC(=O)C=C(C)C)[C@@H](C)OC(=O)C2(C)OC2C)cc2c1OCO2
Mol_04620	Mol_04620::M02	epoxide	sn2_ring_opening	26;28;29	26;29	COc1cc([C@@H](OC(=O)C(C)(O)[C@@H](C)OC(=O)C=C(C)C)[C@@H](C)OC(=O)C2(C)OC2C)cc2c1OCO2
Mol_04621	Mol_04621::M01	acrylate_ester	michael_acceptor	1;2;4;5;6;7	1	C/C=C(\C)C(=O)O[C@H](C)C(C)(O)C(=O)O[C@H](c1cc(OC)c2c(c1)OCO2)[C@@H](C)OC(=O)C1(C)OC1C
Mol_04621	Mol_04621::M02	epoxide	sn2_ring_opening	32;34;35	32;35	C/C=C(\C)C(=O)O[C@H](C)C(C)(O)C(=O)O[C@H](c1cc(OC)c2c(c1)OCO2)[C@@H](C)OC(=O)C1(C)OC1C
Mol_04645	Mol_04645::M01	acrylate_ester	michael_acceptor	2;1;10;11;12;13	2	C/C(=C\CCC(C)CCO)C(=O)OCC1(O)COC(OC2C(OC3OC=C(C(=O)O)C4CC[C@](C)(O)C34)OC(CO)C(O)C2O)C1O
Mol_04645	Mol_04645::M02	acrylic_acid	michael_acceptor	25;26;27;28;29	25	C/C(=C\CCC(C)CCO)C(=O)OCC1(O)COC(OC2C(OC3OC=C(C(=O)O)C4CC[C@](C)(O)C34)OC(CO)C(O)C2O)C1O
Mol_04646	Mol_04646::M01	acrylate_ester	michael_acceptor	7;8;10;11;12;13	7	C/C(=C\CO)CC/C=C(\C)C(=O)OC[C@@]1(O)CO[C@@H](O[C@H]2[C@H](O[C@@H]3OC=C(C(=O)O)[C@H]4C[C@H](O)[C@@H](C)[C@H]34)O[C@H](CO)[C@@H](O)[C@@H]2O)[C@@H]1O
Mol_04646	Mol_04646::M02	acrylic_acid	michael_acceptor	25;26;27;28;29	25	C/C(=C\CO)CC/C=C(\C)C(=O)OC[C@@]1(O)CO[C@@H](O[C@H]2[C@H](O[C@@H]3OC=C(C(=O)O)[C@H]4C[C@H](O)[C@@H](C)[C@H]34)O[C@H](CO)[C@@H](O)[C@@H]2O)[C@@H]1O
Mol_04647	Mol_04647::M01	acrylic_acid	michael_acceptor	10;6;7;8;9	10	CC1(O)CCC2C(C(=O)O)=COC(OC3OC(CO)C(O)C(O)C3OC3OCC(O)(CO)C3O)C21
Mol_04648	Mol_04648::M01	acrylate_ester	michael_acceptor	36;34;32;33;31;30	36	C=C1C(O)CC2C(C(=O)O)=COC(OC3OC(CO)C(O)C(O)C3OC3OCC(O)(COC(=O)/C(C)=C/CCC(C)CCO)C3O)C12
Mol_04648	Mol_04648::M02	acrylic_acid	michael_acceptor	10;6;7;8;9	10	C=C1C(O)CC2C(C(=O)O)=COC(OC3OC(CO)C(O)C(O)C3OC3OCC(O)(COC(=O)/C(C)=C/CCC(C)CCO)C3O)C12
Mol_04649	Mol_04649::M01	acrylic_acid	michael_acceptor	10;6;7;8;9	10	CC1(O)CCC2C(C(=O)O)=COC(OC3OC(CO)C(O)C(O)C3OC3OCC(O)(COC(=O)c4ccc(O)cc4)C3O)C21
Mol_04690	Mol_04690::M01	acrylate_ester	michael_acceptor	27;28;29;30;31;32	27	CO[C@H]1C[C@H](O[C@H]2[C@@H](O)C[C@H](O[C@H]3CC[C@@]4(C)[C@H](CC[C@@H]5[C@@H]4CC[C@]4(C)[C@@H](C6=CC(=O)OC6)[C@@H](OC(C)=O)C[C@]54O)C3)O[C@@H]2C)O[C@H](C)[C@H]1O[C@@H]1O[C@H](CO)[C@@H](O)[C@H](O)[C@H]1O
Mol_04690	Mol_04690::M02	unsat_lactone	michael_acceptor	31;29;30;28;27	27	CO[C@H]1C[C@H](O[C@H]2[C@@H](O)C[C@H](O[C@H]3CC[C@@]4(C)[C@H](CC[C@@H]5[C@@H]4CC[C@]4(C)[C@@H](C6=CC(=O)OC6)[C@@H](OC(C)=O)C[C@]54O)C3)O[C@@H]2C)O[C@H](C)[C@H]1O[C@@H]1O[C@H](CO)[C@@H](O)[C@H](O)[C@H]1O
Mol_04692	Mol_04692::M01	acrylate_ester	michael_acceptor	46;47;48;49;50;51	46	CC(=O)O[C@H]1C[C@]2(O)[C@@H]3CC[C@@H]4C[C@@H](O[C@@H]5O[C@@H](C)[C@H](O[C@@H]6O[C@H](CO)[C@@H](O)[C@H](O)[C@H]6O)[C@@H](O)[C@H]5O)CC[C@]4(C)[C@H]3CC[C@]2(C)[C@H]1C1=CC(=O)OC1
Mol_04692	Mol_04692::M02	unsat_lactone	michael_acceptor	50;48;49;47;46	46	CC(=O)O[C@H]1C[C@]2(O)[C@@H]3CC[C@@H]4C[C@@H](O[C@@H]5O[C@@H](C)[C@H](O[C@@H]6O[C@H](CO)[C@@H](O)[C@H](O)[C@H]6O)[C@@H](O)[C@H]5O)CC[C@]4(C)[C@H]3CC[C@]2(C)[C@H]1C1=CC(=O)OC1
Mol_04726	Mol_04726::M01	acrylate_ester	michael_acceptor	1;2;4;5;6;7	1	C/C=C(/C)C(=O)O[C@@H]1CC(C)(C)C[C@H]2C3=CC[C@@H]4[C@]56CC[C@](O)(OC5)C(C)(C)[C@@H]6CC[C@@]4(C)[C@]3(C)CC[C@@]12C(=O)O
Mol_04728	Mol_04728::M01	para_quinone	michael_acceptor	10;9;8;7;20;21;19;11	7;8;11;19	COc1c(O)ccc2c1C(=O)c1c(O)cc(CO)cc1C2=O
Mol_04731	Mol_04731::M01	para_quinone	michael_acceptor	9;8;7;6;18;19;17;10	6;7;10;17	COc1cccc2c1C(=O)c1cc(C)cc(O)c1C2=O
Mol_04734	Mol_04734::M01	acrylate_ester	michael_acceptor	10;9;7;8;6;5	10	CC1(C2O[C@@H](COC(=O)/C=C/c3ccc(O)cc3)[C@H](O)[C@@H](O)[C@@H]2O)c2cccc(O)c2C(=O)c2c(O)cc(CO)cc21
Mol_04741	Mol_04741::M01	para_quinone	michael_acceptor	9;8;6;5;17;18;16;10	5;6;10;16	Cc1cc(O)c2c(c1)C(=O)c1cccc(O)c1C2=O
Mol_04753	Mol_04753::M01	enal	michael_acceptor	6;7;8;9	6	CC(C)(O)/C=C/C=C(\C=O)[C@@H]1/C=C(/C=O)CC[C@H]2O[C@@]2(C)CC1
Mol_04753	Mol_04753::M02	enal	michael_acceptor	11;12;13;14	11	CC(C)(O)/C=C/C=C(\C=O)[C@@H]1/C=C(/C=O)CC[C@H]2O[C@@]2(C)CC1
Mol_04753	Mol_04753::M03	epoxide	sn2_ring_opening	17;18;19	17;19	CC(C)(O)/C=C/C=C(\C=O)[C@@H]1/C=C(/C=O)CC[C@H]2O[C@@]2(C)CC1
Mol_04753	Mol_04753::M04	aldehyde	reversible_carbonyl	7;8;9	8	CC(C)(O)/C=C/C=C(\C=O)[C@@H]1/C=C(/C=O)CC[C@H]2O[C@@]2(C)CC1
Mol_04753	Mol_04753::M05	aldehyde	reversible_carbonyl	12;13;14	13	CC(C)(O)/C=C/C=C(\C=O)[C@@H]1/C=C(/C=O)CC[C@H]2O[C@@]2(C)CC1
Mol_04754	Mol_04754::M01	enal	michael_acceptor	6;7;8;9	6	CC(C)(O)/C=C/C=C(\C=O)[C@H]1CC[C@@]2(C)[C@H](O)CC[C@]23C(=O)OC[C@H]13
Mol_04754	Mol_04754::M02	aldehyde	reversible_carbonyl	7;8;9	8	CC(C)(O)/C=C/C=C(\C=O)[C@H]1CC[C@@]2(C)[C@H](O)CC[C@]23C(=O)OC[C@H]13
Mol_04755	Mol_04755::M01	enone_ketone_acyclic	michael_acceptor	11;10;8;9;7	11	CCCCCC(=O)CC(=O)/C=C/c1ccc(O)c(OC)c1
Mol_04756	Mol_04756::M01	enone_ketone_acyclic	michael_acceptor	1;3;4;5;6	1	CC(C)=CC(=O)CC(C)c1ccc(C)cc1
Mol_04757	Mol_04757::M01	epoxide	sn2_ring_opening	4;5;6	4;6	C=C1CC[C@H]2O[C@]2(C)CC[C@@H]2[C@@H]1CC2(C)C
Mol_04758	Mol_04758::M01	enone_ketone_acyclic	michael_acceptor	1;3;4;5;6	1	CC(C)=CC(=O)CC(C)C1C=CC(C)=CC1
Mol_04774	Mol_04774::M01	enone_cyclic	michael_acceptor	1;2;3;4;5	1	CC1=CC(=O)CC(C)(C)[C@@]1(O)/C=C/C(O)CO[C@@H]1O[C@H](CO)[C@@H](O)[C@H](O)[C@H]1O
Mol_04777	Mol_04777::M01	enone_ketone_acyclic	michael_acceptor	4;3;1;2;0	4	CC(=O)/C=C/C1=C(C)C(O[C@@H]2O[C@H](CO)[C@@H](O)[C@H](O)[C@H]2O)C(O)CC1(C)C
Mol_04783	Mol_04783::M01	enone_cyclic	michael_acceptor	10;11;12;13;14	10	CC1=c2[nH]c3c(c2CCN1)C=CC(=O)C=3
Mol_04785	Mol_04785::M01	acrylamide	michael_acceptor	5;6;7;8;9	5	COc1cc(/C=C\C(=O)NCCc2ccc(O)cc2)ccc1O
Mol_04794	Mol_04794::M01	enone_cyclic	michael_acceptor	27;28;29;30;31	27	C[C@H](CO)CC[C@@H](O)[C@@H](C)C1[C@@H](O[C@@H]2OCC(O)C(O)C2O)CC2C3CCC4=CC(=O)CC[C@]4(C)C3CC[C@@]21C
Mol_04796	Mol_04796::M01	acrylate_ester	michael_acceptor	27;26;24;25;23;22	27	COc1cc(-c2oc3cc(O)cc(O)c3c(=O)c2OC2O[C@H](COC(=O)/C=C/c3ccc(O)cc3)[C@@H](O)[C@H](O)[C@H]2O)ccc1O
Mol_04797	Mol_04797::M01	acrylate_ester	michael_acceptor	3;2;1;0;11;12	3	O=C(/C=C/c1ccc(O)cc1)OC[C@H]1OC(Oc2c(-c3ccc(O)cc3)oc3cc(O)cc(O)c3c2=O)[C@H](O)[C@@H](OC(=O)/C=C/c2ccc(O)cc2)[C@@H]1O
Mol_04797	Mol_04797::M02	acrylate_ester	michael_acceptor	44;43;41;42;40;39	44	O=C(/C=C/c1ccc(O)cc1)OC[C@H]1OC(Oc2c(-c3ccc(O)cc3)oc3cc(O)cc(O)c3c2=O)[C@H](O)[C@@H](OC(=O)/C=C/c2ccc(O)cc2)[C@@H]1O
Mol_04798	Mol_04798::M01	acrylate_ester	michael_acceptor	3;2;1;0;11;12	3	O=C(/C=C/c1ccc(O)cc1)O[C@H]1[C@H](O)[C@@H](CO)OC(Oc2c(-c3ccc(O)cc3)oc3cc(O)cc(O)c3c2=O)[C@@H]1O
Mol_04799	Mol_04799::M01	acrylate_ester	michael_acceptor	3;2;1;0;11;12	3	O=C(/C=C\c1ccc(O)cc1)OC[C@H]1O[C@@H](Oc2c(-c3ccc(O)cc3)oc3cc(O)cc(O)c3c2=O)[C@H](O)[C@@H](O)[C@@H]1O
Mol_04811	Mol_04811::M01	acrylate_ester	michael_acceptor	3;2;1;0;11;12	3	O=C(/C=C\c1ccc(O)cc1)O[C@@H]1[C@H](O)C[C@@](O)(C(=O)O)C[C@H]1OC(=O)/C=C\c1ccc(O)cc1
Mol_04811	Mol_04811::M02	acrylate_ester	michael_acceptor	27;26;24;25;23;22	27	O=C(/C=C\c1ccc(O)cc1)O[C@@H]1[C@H](O)C[C@@](O)(C(=O)O)C[C@H]1OC(=O)/C=C\c1ccc(O)cc1
Mol_04812	Mol_04812::M01	acrylate_ester	michael_acceptor	3;2;1;0;11;12	3	O=C(/C=C/c1ccc(O)cc1)O[C@@H]1[C@H](O)C[C@@](O)(C(=O)O)C[C@H]1OC(=O)/C=C/c1ccc(O)cc1
Mol_04812	Mol_04812::M02	acrylate_ester	michael_acceptor	27;26;24;25;23;22	27	O=C(/C=C/c1ccc(O)cc1)O[C@@H]1[C@H](O)C[C@@](O)(C(=O)O)C[C@H]1OC(=O)/C=C/c1ccc(O)cc1
Mol_04813	Mol_04813::M01	acrylate_ester	michael_acceptor	3;2;1;0;11;12	3	O=C(/C=C\c1ccc(O)cc1)O[C@@H]1C[C@](O)(C(=O)O)C[C@@H](O)[C@H]1O
Mol_04814	Mol_04814::M01	acrylate_ester	michael_acceptor	3;2;1;0;11;12	3	O=C(/C=C/c1ccc(O)cc1)O[C@@H]1C[C@](O)(C(=O)O)C[C@@H](O)[C@H]1O
Mol_04942	Mol_04942::M01	epoxide	sn2_ring_opening	12;13;14	12;14	CC1CCC2C(C)(C)C3CC12CC1OC13C
Mol_04956	Mol_04956::M01	enone_cyclic	michael_acceptor	19;18;16;17;13	19	CC(C)c1c(O)ccc2c1CC[C@H]1C(C)(C)C(=O)C=CC21C
Mol_04966	Mol_04966::M01	aldehyde	reversible_carbonyl	17;19;20	19	C=C[C@@]1(C)CC[C@H]2[C@](O)(CCC3[C@]2(C)CCC[C@@]3(C)C=O)C1
Mol_04976	Mol_04976::M01	enone_cyclic	michael_acceptor	4;5;6;7;8	4	C=C[C@]1(C)C=C2C(=O)[C@@]3(O)OC(=O)[C@@]4(CCCC(C)(C)[C@H]34)[C@@]2(O)[C@H](O)C1
Mol_04978	Mol_04978::M01	enone_cyclic	michael_acceptor	2;3;4;5;6	2	COC1=CC(=O)[C@@H]2O[C@@H]2[C@@H]1O
Mol_04978	Mol_04978::M02	epoxide	sn2_ring_opening	6;7;8	6;8	COC1=CC(=O)[C@@H]2O[C@@H]2[C@@H]1O
Mol_04979	Mol_04979::M01	enone_cyclic	michael_acceptor	2;3;4;5;6	2	COC1=CC(=O)[C@@H]2O[C@@H]2[C@H]1O
Mol_04979	Mol_04979::M02	epoxide	sn2_ring_opening	6;7;8	6;8	COC1=CC(=O)[C@@H]2O[C@@H]2[C@H]1O
Mol_04980	Mol_04980::M01	enone_cyclic	michael_acceptor	2;3;4;5;6	2	COC1=CC(=O)[C@@H](Cl)C(O)[C@@H]1O
Mol_04980	Mol_04980::M02	alpha_halo_carbonyl	sn2_alkylation	3;4;5;6;7	6	COC1=CC(=O)[C@@H](Cl)C(O)[C@@H]1O
Mol_04981	Mol_04981::M01	enone_cyclic	michael_acceptor	2;3;4;5;6	2	COC1=CC(=O)[C@H](Cl)[C@H](O)[C@@H]1O
Mol_04981	Mol_04981::M02	alpha_halo_carbonyl	sn2_alkylation	3;4;5;6;7	6	COC1=CC(=O)[C@H](Cl)[C@H](O)[C@@H]1O
Mol_04982	Mol_04982::M01	enone_cyclic	michael_acceptor	16;17;22;23;24	16	COC(=O)[C@@]1(C)CCC[C@@]2(C)C1CC[C@]1(O)C=C(C(C)(C)O)C(=O)C[C@@H]12
Mol_04983	Mol_04983::M01	enone_cyclic	michael_acceptor	16;17;21;22;23	16	COC(=O)[C@@]1(C)CCC[C@@]2(C)C1CC[C@]1(O)C=C(C(C)C)C(=O)C[C@@H]12
Mol_04986	Mol_04986::M01	epoxide	sn2_ring_opening	14;15;16	14;16	COC(=O)[C@@]1(C)CCC[C@@]2(C)C1CC[C@]13O[C@H]1[C@@]1(C(C)(C)OO)O[C@H]1C[C@@H]32
Mol_04986	Mol_04986::M02	epoxide	sn2_ring_opening	17;23;24	17;24	COC(=O)[C@@]1(C)CCC[C@@]2(C)C1CC[C@]13O[C@H]1[C@@]1(C(C)(C)OO)O[C@H]1C[C@@H]32
Mol_05041	Mol_05041::M01	aldehyde	reversible_carbonyl	5;6;7	6	CC1=CCC(CC=O)C1(C)C
Mol_05045	Mol_05045::M01	enone_cyclic	michael_acceptor	1;2;3;4;5	1	CC1=CC(=O)C2(C(C)C)CC12
Mol_05050	Mol_05050::M01	enone_cyclic	michael_acceptor	1;2;3;4;5	1	CC1=CC(=O)C2CC1C2(C)C
Mol_05087	Mol_05087::M01	epoxide	sn2_ring_opening	4;5;6	4;6	C=C1CCC2OC2(C)CCC2C1CC2(C)C
Mol_05089	Mol_05089::M01	epoxide	sn2_ring_opening	10;12;13	10;13	C/C1=C\CC(C)(C)/C=C\CC2(C)OC2CC1
Mol_05096	Mol_05096::M01	enone_cyclic	michael_acceptor	14;13;11;12;10	14	CC(C)[C@H]1CC[C@@H](C)[C@@H]2CCC(=O)C=C21
Mol_05104	Mol_05104::M01	aldehyde	reversible_carbonyl	14;16;17	16	CC(C)C1=CC2=CCC3[C@](C)(CCC[C@@]3(C)C=O)C2CC1
Mol_05107	Mol_05107::M01	acrylate_ester	michael_acceptor	0;1;2;3;4;5	0	C=C(C(=O)O[C@H]1CC(C)=CCC/C(CO)=C/[C@H]2OC(=O)[C@H](C)[C@H]12)C(O)CO
Mol_05108	Mol_05108::M01	acrylate_ester	michael_acceptor	0;1;5;6;7;8	0	C=C(CCO)C(=O)O[C@H]1C/C(C)=C/CC/C(CO)=C/C2OC(=O)[C@@H](C)[C@@H]21
Mol_05122	Mol_05122::M01	nitrile	addition_to_CN	2;1;0	1	N#C[C@H](O[C@@H]1O[C@H](CO)[C@@H](O)[C@H](O)[C@H]1O)c1ccccc1
Mol_05142	Mol_05142::M01	acrylate_ester	michael_acceptor	0;1;2;3;4;5	0	C=C(C(=O)OC[C@H]1OC(O)[C@H](O)[C@@H](O)[C@@H]1O)[C@@H]1CC[C@@]2(C)CCC(=O)C(C)=C2C1
Mol_05142	Mol_05142::M02	enone_cyclic	michael_acceptor	27;25;23;24;22	27	C=C(C(=O)OC[C@H]1OC(O)[C@H](O)[C@@H](O)[C@@H]1O)[C@@H]1CC[C@@]2(C)CCC(=O)C(C)=C2C1
Mol_05143	Mol_05143::M01	acrylic_acid	michael_acceptor	0;1;2;3;4	0	C=C(C(=O)O)[C@@H]1CC[C@@]2(C)CC[C@H](OC)C(C)=C2C1
Mol_05144	Mol_05144::M01	acrylic_acid	michael_acceptor	0;1;2;3;4	0	C=C(C(=O)O)[C@@H]1CC[C@@]2(C)CC[C@@H](OC)C(C)=C2C1
Mol_05151	Mol_05151::M01	acrylate_ester	michael_acceptor	0;1;2;3;4;5	0	C=C(C(=O)OC)[C@@H]1CC[C@@]2(C)CCC(=O)C(C)=C2C1
Mol_05151	Mol_05151::M02	enone_cyclic	michael_acceptor	17;15;13;14;12	17	C=C(C(=O)OC)[C@@H]1CC[C@@]2(C)CCC(=O)C(C)=C2C1
Mol_05152	Mol_05152::M01	acrylic_acid	michael_acceptor	0;1;2;3;4	0	C=C(C(=O)O)[C@@H]1CC[C@@]2(C)CC[C@@H](OC(C)=O)C(C)=C2C1
Mol_05153	Mol_05153::M01	acrylic_acid	michael_acceptor	0;1;2;3;4	0	C=C(C(=O)O)[C@@H]1CC[C@@]2(C)CCC[C@H](C)[C@]2(O)C1
Mol_05154	Mol_05154::M01	acrylic_acid	michael_acceptor	0;1;2;3;4	0	C=C(C(=O)O)[C@@H]1CC[C@@]2(C)CCCC(=C)[C@]2(O)C1
Mol_05173	Mol_05173::M01	acrylate_ester	michael_acceptor	8;7;5;6;4;3	8	C=C1[C@@H]2[C@H]3OC(=O)C(=C)[C@@H]3CCC(=C)[C@@H]2C[C@@H]1O
Mol_05173	Mol_05173::M02	methylene_butyrolactone	michael_acceptor	8;7;5;6;4	8	C=C1[C@@H]2[C@H]3OC(=O)C(=C)[C@@H]3CCC(=C)[C@@H]2C[C@@H]1O
Mol_05174	Mol_05174::M01	enone_cyclic	michael_acceptor	1;2;3;4;5	1	CC1=CC(=O)CC(C)(C)[C@@]1(O)/C=C/[C@@H](C)O
Mol_05177	Mol_05177::M01	acrylate_ester	michael_acceptor	5;6;7;8;9;10	5	COc1cc(/C=C/C(=O)OC[C@@H]2O[C@H](Oc3cc4oc(-c5ccc(O)cc5)cc(=O)c4c(O)c3OC)[C@@H](O)[C@H](O)[C@H]2O)cc(OC)c1O
Mol_05189	Mol_05189::M01	acrylate_ester	michael_acceptor	10;9;7;8;6;5	10	C=C[C@]1(C)C[C@H](OC(=O)C(=C)[C@H](O)CO)[C@H]2C(=C)C(=O)O[C@@H]2C1C(=C)CO
Mol_05189	Mol_05189::M02	acrylate_ester	michael_acceptor	17;16;18;19;20;21	17	C=C[C@]1(C)C[C@H](OC(=O)C(=C)[C@H](O)CO)[C@H]2C(=C)C(=O)O[C@@H]2C1C(=C)CO
Mol_05189	Mol_05189::M03	methylene_butyrolactone	michael_acceptor	17;16;18;19;20	17	C=C[C@]1(C)C[C@H](OC(=O)C(=C)[C@H](O)CO)[C@H]2C(=C)C(=O)O[C@@H]2C1C(=C)CO
Mol_05190	Mol_05190::M01	acrylate_ester	michael_acceptor	0;1;2;3;4;5	0	C=C1C(=O)O[C@@H]2/C=C(\CO)CC/C=C(\C)C[C@H](OC(=O)C(=C)[C@@H](O)CO)[C@@H]12
Mol_05190	Mol_05190::M02	acrylate_ester	michael_acceptor	21;20;18;19;17;16	21	C=C1C(=O)O[C@@H]2/C=C(\CO)CC/C=C(\C)C[C@H](OC(=O)C(=C)[C@@H](O)CO)[C@@H]12
Mol_05190	Mol_05190::M03	methylene_butyrolactone	michael_acceptor	0;1;2;3;4	0	C=C1C(=O)O[C@@H]2/C=C(\CO)CC/C=C(\C)C[C@H](OC(=O)C(=C)[C@@H](O)CO)[C@@H]12
Mol_05191	Mol_05191::M01	acrylate_ester	michael_acceptor	0;1;2;3;4;5	0	C=C1C(=O)O[C@@H]2/C=C(/COC(C)=O)CC/C=C(\C)C[C@H](OC(=O)C(=C)[C@H](O)CO)[C@@H]12
Mol_05191	Mol_05191::M02	acrylate_ester	michael_acceptor	24;23;21;22;20;19	24	C=C1C(=O)O[C@@H]2/C=C(/COC(C)=O)CC/C=C(\C)C[C@H](OC(=O)C(=C)[C@H](O)CO)[C@@H]12
Mol_05191	Mol_05191::M03	methylene_butyrolactone	michael_acceptor	0;1;2;3;4	0	C=C1C(=O)O[C@@H]2/C=C(/COC(C)=O)CC/C=C(\C)C[C@H](OC(=O)C(=C)[C@H](O)CO)[C@@H]12
Mol_05192	Mol_05192::M01	enal	michael_acceptor	6;7;8;9	6	C=C1C(=O)O[C@@H]2/C=C(/C=O)CC/C=C(\C)C[C@H](OC(=O)C(=C)[C@H](O)CO)[C@@H]12
Mol_05192	Mol_05192::M02	acrylate_ester	michael_acceptor	0;1;2;3;4;5	0	C=C1C(=O)O[C@@H]2/C=C(/C=O)CC/C=C(\C)C[C@H](OC(=O)C(=C)[C@H](O)CO)[C@@H]12
Mol_05192	Mol_05192::M03	acrylate_ester	michael_acceptor	21;20;18;19;17;16	21	C=C1C(=O)O[C@@H]2/C=C(/C=O)CC/C=C(\C)C[C@H](OC(=O)C(=C)[C@H](O)CO)[C@@H]12
Mol_05192	Mol_05192::M04	methylene_butyrolactone	michael_acceptor	0;1;2;3;4	0	C=C1C(=O)O[C@@H]2/C=C(/C=O)CC/C=C(\C)C[C@H](OC(=O)C(=C)[C@H](O)CO)[C@@H]12
Mol_05192	Mol_05192::M05	aldehyde	reversible_carbonyl	7;8;9	8	C=C1C(=O)O[C@@H]2/C=C(/C=O)CC/C=C(\C)C[C@H](OC(=O)C(=C)[C@H](O)CO)[C@@H]12
Mol_05193	Mol_05193::M01	acrylamide	michael_acceptor	8;7;5;6;4	8	CC(C)CNC(=O)/C=C/C=C/Cc1cccs1
Mol_05209	Mol_05209::M01	enone_ketone_acyclic	michael_acceptor	4;3;1;2;0	4	CC(=O)/C=C/[C@H]1[C@H]2CCC(=O)[C@H]3OC(=O)[C@]1(C)[C@@H]23
Mol_05211	Mol_05211::M01	acrylate_ester	michael_acceptor	10;9;7;8;6;5	10	C=C[C@]1(C)C[C@H](OC(=O)/C(=C\C)CO)[C@H]2C(=C)C(=O)O[C@@H]2[C@H]1C(=C)CO
Mol_05211	Mol_05211::M02	acrylate_ester	michael_acceptor	16;15;17;18;19;20	16	C=C[C@]1(C)C[C@H](OC(=O)/C(=C\C)CO)[C@H]2C(=C)C(=O)O[C@@H]2[C@H]1C(=C)CO
Mol_05211	Mol_05211::M03	methylene_butyrolactone	michael_acceptor	16;15;17;18;19	16	C=C[C@]1(C)C[C@H](OC(=O)/C(=C\C)CO)[C@H]2C(=C)C(=O)O[C@@H]2[C@H]1C(=C)CO
Mol_05212	Mol_05212::M01	acrylate_ester	michael_acceptor	9;8;10;11;12;13	9	C=C[C@]1(C)C[C@H](O)[C@H]2C(=C)C(=O)O[C@@H]2[C@H]1C(=C)CO
Mol_05212	Mol_05212::M02	methylene_butyrolactone	michael_acceptor	9;8;10;11;12	9	C=C[C@]1(C)C[C@H](O)[C@H]2C(=C)C(=O)O[C@@H]2[C@H]1C(=C)CO
Mol_05213	Mol_05213::M01	acrylate_ester	michael_acceptor	0;1;2;3;4;5	0	C=C1C(=O)O[C@H]2[C@H]1[C@@H](OC(=O)/C(=C\C)CO)C[C@]1(C)[C@@H]2[C@H](C=O)CC[C@H]1O
Mol_05213	Mol_05213::M02	acrylate_ester	michael_acceptor	12;11;9;10;8;7	12	C=C1C(=O)O[C@H]2[C@H]1[C@@H](OC(=O)/C(=C\C)CO)C[C@]1(C)[C@@H]2[C@H](C=O)CC[C@H]1O
Mol_05213	Mol_05213::M03	methylene_butyrolactone	michael_acceptor	0;1;2;3;4	0	C=C1C(=O)O[C@H]2[C@H]1[C@@H](OC(=O)/C(=C\C)CO)C[C@]1(C)[C@@H]2[C@H](C=O)CC[C@H]1O
Mol_05213	Mol_05213::M04	aldehyde	reversible_carbonyl	20;21;22	21	C=C1C(=O)O[C@H]2[C@H]1[C@@H](OC(=O)/C(=C\C)CO)C[C@]1(C)[C@@H]2[C@H](C=O)CC[C@H]1O
Mol_05214	Mol_05214::M01	acrylate_ester	michael_acceptor	10;9;7;8;6;5	10	C=C[C@]1(C)C[C@H](OC(=O)C(=C)C(O)CO)[C@H]2C(=C)C(=O)O[C@@H]2[C@H]1C(=C)CO
Mol_05214	Mol_05214::M02	acrylate_ester	michael_acceptor	17;16;18;19;20;21	17	C=C[C@]1(C)C[C@H](OC(=O)C(=C)C(O)CO)[C@H]2C(=C)C(=O)O[C@@H]2[C@H]1C(=C)CO
Mol_05214	Mol_05214::M03	methylene_butyrolactone	michael_acceptor	17;16;18;19;20	17	C=C[C@]1(C)C[C@H](OC(=O)C(=C)C(O)CO)[C@H]2C(=C)C(=O)O[C@@H]2[C@H]1C(=C)CO
Mol_05219	Mol_05219::M01	enal	michael_acceptor	5;6;7;8	5	CCCCCC=CC=O
Mol_05219	Mol_05219::M02	aldehyde	reversible_carbonyl	6;7;8	7	CCCCCC=CC=O
Mol_05231	Mol_05231::M01	enal	michael_acceptor	3;2;1;0	3	O=C/C=C/c1ccccc1
Mol_05231	Mol_05231::M02	aldehyde	reversible_carbonyl	2;1;0	1	O=C/C=C/c1ccccc1
Mol_05241	Mol_05241::M01	epoxide	sn2_ring_opening	3;4;5	3;5	C/C1=C\C2OC2/C(C)=C/CC(C)(C)/C=C/C1
Mol_05260	Mol_05260::M01	acrylate_ester	michael_acceptor	7;8;9;10;11;12	7	C/C=C/C#CC#C/C=C/C(=O)OC
Mol_05265	Mol_05265::M01	acrylate_ester	michael_acceptor	10;9;7;8;6;5	10	C=C[C@]1(C)C[C@H](OC(=O)C(=C)CCO)[C@@H]2[C@H](OC(=O)[C@H]2C)[C@H]1C(=C)CO
Mol_05268	Mol_05268::M01	aldehyde	reversible_carbonyl	7;8;9	8	C[C@@H]1C(=O)O[C@@H]2C3[C@@H](C=O)CC[C@@H](O)[C@]3(C)C[C@H](O)[C@@H]12
Mol_05269	Mol_05269::M01	aldehyde	reversible_carbonyl	7;8;9	8	C[C@@H]1C(=O)O[C@@H]2C3[C@H](C=O)CCC[C@]3(C)C[C@H](O)[C@@H]12
Mol_05270	Mol_05270::M01	acrylic_acid	michael_acceptor	1;2;3;4;5	1	C/C(=C\C(=O)O)CC[C@@H]1[C@@]2(C)CCC[C@@](C)(CO)C2CC[C@@]1(C)O
Mol_05277	Mol_05277::M01	acrylate_ester	michael_acceptor	3;2;1;0;12;13	3	O=C(/C=C/c1ccc(O)c(O)c1)OC1(C(=O)O)CC(O)C(O)C(O)C1
Mol_05279	Mol_05279::M01	acrylate_ester	michael_acceptor	3;2;1;0;12;13	3	O=C(/C=C/c1ccc(O)c(O)c1)O[C@@H]1C[C@@](O)(C(=O)O)C[C@@H](O)[C@@H]1O
Mol_05281	Mol_05281::M01	acrylate_ester	michael_acceptor	3;2;1;0;12;13	3	O=C(/C=C/c1ccc(O)c(O)c1)OC1[C@H](O)CC(O)(C(=O)O)C[C@H]1O
Mol_05283	Mol_05283::M01	acrylate_ester	michael_acceptor	3;2;1;0;12;13	3	O=C(/C=C/c1ccc(O)c(O)c1)O[C@@H]1C[C@@](OC(=O)/C=C/c2ccc(O)c(O)c2)(C(=O)O)C[C@@H](O)[C@@H]1O
Mol_05283	Mol_05283::M02	acrylate_ester	michael_acceptor	20;19;17;18;16;15	20	O=C(/C=C/c1ccc(O)c(O)c1)O[C@@H]1C[C@@](OC(=O)/C=C/c2ccc(O)c(O)c2)(C(=O)O)C[C@@H](O)[C@@H]1O
Mol_05284	Mol_05284::M01	acrylate_ester	michael_acceptor	5;6;7;8;9;10	5	COc1cc(/C=C/C(=O)O[C@@H]2C[C@](O)(C(=O)O)C[C@@H](O)[C@H]2O)ccc1O
Mol_05285	Mol_05285::M01	acrylate_ester	michael_acceptor	3;2;1;0;12;13	3	O=C(/C=C\C1=CC(=O)C(=O)C=C1)O[C@@H]1C[C@@](O)(C(=O)O)C[C@@H](O)[C@@H]1O
Mol_05285	Mol_05285::M02	enone_cyclic	michael_acceptor	4;5;6;7;8	4	O=C(/C=C\C1=CC(=O)C(=O)C=C1)O[C@@H]1C[C@@](O)(C(=O)O)C[C@@H](O)[C@@H]1O
Mol_05285	Mol_05285::M03	enone_cyclic	michael_acceptor	11;10;8;9;6	11	O=C(/C=C\C1=CC(=O)C(=O)C=C1)O[C@@H]1C[C@@](O)(C(=O)O)C[C@@H](O)[C@@H]1O
Mol_05285	Mol_05285::M04	ortho_quinone	michael_acceptor	7;6;8;9;10;11;4;5	4;5;10;11	O=C(/C=C\C1=CC(=O)C(=O)C=C1)O[C@@H]1C[C@@](O)(C(=O)O)C[C@@H](O)[C@@H]1O
Mol_05292	Mol_05292::M01	acrylate_ester	michael_acceptor	3;2;1;0;12;13	3	O=C(/C=C/c1ccc(O)c(O)c1)OC1CC(O)(C(=O)O)CC(OC(=O)/C=C/c2ccc(O)c(O)c2)C1O
Mol_05292	Mol_05292::M02	acrylate_ester	michael_acceptor	26;25;23;24;22;21	26	O=C(/C=C/c1ccc(O)c(O)c1)OC1CC(O)(C(=O)O)CC(OC(=O)/C=C/c2ccc(O)c(O)c2)C1O
Mol_05293	Mol_05293::M01	acrylate_ester	michael_acceptor	3;2;1;0;12;13	3	O=C(/C=C/c1ccc(O)c(O)c1)O[C@@H]1C[C@](OC(=O)/C=C/c2ccc(O)c(O)c2)(C(=O)O)C[C@@H](O)[C@H]1O
Mol_05293	Mol_05293::M02	acrylate_ester	michael_acceptor	20;19;17;18;16;15	20	O=C(/C=C/c1ccc(O)c(O)c1)O[C@@H]1C[C@](OC(=O)/C=C/c2ccc(O)c(O)c2)(C(=O)O)C[C@@H](O)[C@H]1O
Mol_05297	Mol_05297::M01	acrylate_ester	michael_acceptor	3;2;1;0;10;11	3	O=C(/C=C/c1ccccc1)OC[C@H]1O[C@@H](Oc2cc(O)c3c(=O)cc(-c4ccc(O)cc4)oc3c2)[C@H](O)[C@@H](O)[C@@H]1O
Mol_05310	Mol_05310::M01	acrylic_acid	michael_acceptor	16;17;19;20;21	16	O=CCCCCCCCCCC/C=C/C=C/C=C(\O)C(=O)O
Mol_05310	Mol_05310::M02	aldehyde	reversible_carbonyl	2;1;0	1	O=CCCCCCCCCCC/C=C/C=C/C=C(\O)C(=O)O
Mol_05311	Mol_05311::M01	acrylic_acid	michael_acceptor	15;17;19;20;21	15	CCCCCCCCCCC/C=C/C=C/C(O)=C(\O)C(=O)O
Mol_05312	Mol_05312::M01	acrylic_acid	michael_acceptor	15;17;19;20;21	15	CCCCCCCCCCCCC/C=C/C(O)=C(\O)C(=O)O
Mol_05313	Mol_05313::M01	acrylic_acid	michael_acceptor	4;3;1;0;2	4	O=C(O)/C=C/C=C/C=C/CCCCCCCCCCCO
Mol_05314	Mol_05314::M01	acrylic_acid	michael_acceptor	4;3;1;0;2	4	O=C(O)/C=C/C=C/CCCCCCCCCCCCCO
Mol_05336	Mol_05336::M01	acrylate_ester	michael_acceptor	11;10;12;13;14;15	11	C=C1CCC[C@]2(C)CC[C@H]3C(=C)C(=O)O[C@@H]3[C@@H]12
Mol_05336	Mol_05336::M02	methylene_butyrolactone	michael_acceptor	11;10;12;13;14	11	C=C1CCC[C@]2(C)CC[C@H]3C(=C)C(=O)O[C@@H]3[C@@H]12
Mol_05338	Mol_05338::M01	acrylate_ester	michael_acceptor	8;7;5;6;4;3	8	C=C1[C@@H]2[C@H]3OC(=O)C(=C)[C@@H]3CCC(=C)[C@@H]2C[C@@H]1OC(C)=O
Mol_05338	Mol_05338::M02	methylene_butyrolactone	michael_acceptor	8;7;5;6;4	8	C=C1[C@@H]2[C@H]3OC(=O)C(=C)[C@@H]3CCC(=C)[C@@H]2C[C@@H]1OC(C)=O
Mol_05339	Mol_05339::M01	acrylate_ester	michael_acceptor	8;7;5;6;4;3	8	C=C1[C@@H]2[C@H]3OC(=O)C(=C)[C@@H]3CC[C@@](O)(CCl)[C@@H]2C[C@@H]1OC(C)=O
Mol_05339	Mol_05339::M02	methylene_butyrolactone	michael_acceptor	8;7;5;6;4	8	C=C1[C@@H]2[C@H]3OC(=O)C(=C)[C@@H]3CC[C@@](O)(CCl)[C@@H]2C[C@@H]1OC(C)=O
Mol_05340	Mol_05340::M01	acrylate_ester	michael_acceptor	0;1;2;3;4;5	0	C=C1C(=O)O[C@@H]2[C@H]3C(C)=CC[C@@H](O)[C@]3(C)CC[C@@H]12
Mol_05340	Mol_05340::M02	methylene_butyrolactone	michael_acceptor	0;1;2;3;4	0	C=C1C(=O)O[C@@H]2[C@H]3C(C)=CC[C@@H](O)[C@]3(C)CC[C@@H]12
Mol_05341	Mol_05341::M01	acrylate_ester	michael_acceptor	0;1;2;3;4;5	0	C=C1C(=O)O[C@@H]2[C@H]3C(=C)[C@@H](OC(C)=O)C[C@H]3C(=C)C[C@H](O)[C@@H]12
Mol_05341	Mol_05341::M02	methylene_butyrolactone	michael_acceptor	0;1;2;3;4	0	C=C1C(=O)O[C@@H]2[C@H]3C(=C)[C@@H](OC(C)=O)C[C@H]3C(=C)C[C@H](O)[C@@H]12
Mol_05360	Mol_05360::M01	acrylate_ester	michael_acceptor	0;1;3;4;5;6	0	C=C(C)C(=O)O[C@H]1CC(=C)[C@@H]2C[C@H](O)[C@@]3(CO3)[C@@H]2[C@H]2OC(=O)C(=C)[C@@H]21
Mol_05360	Mol_05360::M02	acrylate_ester	michael_acceptor	23;22;20;21;19;18	23	C=C(C)C(=O)O[C@H]1CC(=C)[C@@H]2C[C@H](O)[C@@]3(CO3)[C@@H]2[C@H]2OC(=O)C(=C)[C@@H]21
Mol_05360	Mol_05360::M03	methylene_butyrolactone	michael_acceptor	23;22;20;21;19	23	C=C(C)C(=O)O[C@H]1CC(=C)[C@@H]2C[C@H](O)[C@@]3(CO3)[C@@H]2[C@H]2OC(=O)C(=C)[C@@H]21
Mol_05360	Mol_05360::M04	epoxide	sn2_ring_opening	14;16;15	14;15	C=C(C)C(=O)O[C@H]1CC(=C)[C@@H]2C[C@H](O)[C@@]3(CO3)[C@@H]2[C@H]2OC(=O)C(=C)[C@@H]21
Mol_05361	Mol_05361::M01	acrylate_ester	michael_acceptor	0;1;2;3;4;5	0	C=C1C(=O)O[C@H]2[C@H]1[C@@H](OC(=O)C1(C)CO1)CC(=C)[C@@H]1C[C@H](O)[C@@]3(CO3)[C@H]21
Mol_05361	Mol_05361::M02	methylene_butyrolactone	michael_acceptor	0;1;2;3;4	0	C=C1C(=O)O[C@H]2[C@H]1[C@@H](OC(=O)C1(C)CO1)CC(=C)[C@@H]1C[C@H](O)[C@@]3(CO3)[C@H]21
Mol_05361	Mol_05361::M03	epoxide	sn2_ring_opening	11;14;13	11;13	C=C1C(=O)O[C@H]2[C@H]1[C@@H](OC(=O)C1(C)CO1)CC(=C)[C@@H]1C[C@H](O)[C@@]3(CO3)[C@H]21
Mol_05361	Mol_05361::M04	epoxide	sn2_ring_opening	22;24;23	22;23	C=C1C(=O)O[C@H]2[C@H]1[C@@H](OC(=O)C1(C)CO1)CC(=C)[C@@H]1C[C@H](O)[C@@]3(CO3)[C@H]21
Mol_05362	Mol_05362::M01	acrylate_ester	michael_acceptor	0;1;2;3;4;5	0	C=C1C(=O)O[C@H]2[C@H]1[C@@H](OC(=O)C(C)(O)CCl)CC(=C)[C@@H]1C[C@H](O)[C@@]3(CO3)[C@H]21
Mol_05362	Mol_05362::M02	methylene_butyrolactone	michael_acceptor	0;1;2;3;4	0	C=C1C(=O)O[C@H]2[C@H]1[C@@H](OC(=O)C(C)(O)CCl)CC(=C)[C@@H]1C[C@H](O)[C@@]3(CO3)[C@H]21
Mol_05362	Mol_05362::M03	epoxide	sn2_ring_opening	23;25;24	23;24	C=C1C(=O)O[C@H]2[C@H]1[C@@H](OC(=O)C(C)(O)CCl)CC(=C)[C@@H]1C[C@H](O)[C@@]3(CO3)[C@H]21
Mol_05363	Mol_05363::M01	acrylate_ester	michael_acceptor	0;1;2;3;4;5	0	C=C1C(=O)O[C@H]2[C@H]1[C@@H](OC(=O)[C@](C)(O)CCl)CC(=C)[C@@H]1C[C@H](O)[C@@]3(CO3)[C@H]21
Mol_05363	Mol_05363::M02	methylene_butyrolactone	michael_acceptor	0;1;2;3;4	0	C=C1C(=O)O[C@H]2[C@H]1[C@@H](OC(=O)[C@](C)(O)CCl)CC(=C)[C@@H]1C[C@H](O)[C@@]3(CO3)[C@H]21
Mol_05363	Mol_05363::M03	epoxide	sn2_ring_opening	23;25;24	23;24	C=C1C(=O)O[C@H]2[C@H]1[C@@H](OC(=O)[C@](C)(O)CCl)CC(=C)[C@@H]1C[C@H](O)[C@@]3(CO3)[C@H]21
Mol_05364	Mol_05364::M01	acrylate_ester	michael_acceptor	0;1;4;5;6;7	0	C=C(CO)C(=O)O[C@H]1CC(=C)[C@@H]2C[C@H](O)[C@]3(CO3)[C@@H]2[C@H]2OC(=O)C(=C)[C@@H]21
Mol_05364	Mol_05364::M02	acrylate_ester	michael_acceptor	24;23;21;22;20;19	24	C=C(CO)C(=O)O[C@H]1CC(=C)[C@@H]2C[C@H](O)[C@]3(CO3)[C@@H]2[C@H]2OC(=O)C(=C)[C@@H]21
Mol_05364	Mol_05364::M03	methylene_butyrolactone	michael_acceptor	24;23;21;22;20	24	C=C(CO)C(=O)O[C@H]1CC(=C)[C@@H]2C[C@H](O)[C@]3(CO3)[C@@H]2[C@H]2OC(=O)C(=C)[C@@H]21
Mol_05364	Mol_05364::M04	epoxide	sn2_ring_opening	15;17;16	15;16	C=C(CO)C(=O)O[C@H]1CC(=C)[C@@H]2C[C@H](O)[C@]3(CO3)[C@@H]2[C@H]2OC(=O)C(=C)[C@@H]21
Mol_05365	Mol_05365::M01	acrylate_ester	michael_acceptor	0;1;3;4;5;6	0	C=C(C)C(=O)O[C@H]1CC(=C)[C@@H]2C[C@H](O)[C@](O)(CO)[C@@H]2[C@H]2OC(=O)C(=C)[C@@H]21
Mol_05365	Mol_05365::M02	acrylate_ester	michael_acceptor	24;23;21;22;20;19	24	C=C(C)C(=O)O[C@H]1CC(=C)[C@@H]2C[C@H](O)[C@](O)(CO)[C@@H]2[C@H]2OC(=O)C(=C)[C@@H]21
Mol_05365	Mol_05365::M03	methylene_butyrolactone	michael_acceptor	24;23;21;22;20	24	C=C(C)C(=O)O[C@H]1CC(=C)[C@@H]2C[C@H](O)[C@](O)(CO)[C@@H]2[C@H]2OC(=O)C(=C)[C@@H]21
Mol_05367	Mol_05367::M01	acrylic_acid	michael_acceptor	17;18;19;20;21	17	CC(=O)OC/C(C)=C/CC/C(C)=C/Cc1cc(/C=C/C(=O)O)ccc1OC(C)=O
Mol_05368	Mol_05368::M01	acrylic_acid	michael_acceptor	17;18;19;20;21	17	CC(=O)OC/C(C)=C/CC/C(C)=C/Cc1cc(/C=C/C(=O)O)ccc1O
Mol_05369	Mol_05369::M01	enone_ketone_acyclic	michael_acceptor	0;1;4;5;6	0	C=C(CO)C(=O)CCC(C)=O
Mol_05374	Mol_05374::M01	epoxide	sn2_ring_opening	6;8;9	6;9	CC(C)[C@@H]1CCC2(C)O[C@@H]2CC[C@]2(C)O[C@@H]2[C@@H]1O
Mol_05374	Mol_05374::M02	epoxide	sn2_ring_opening	12;14;15	12;15	CC(C)[C@@H]1CCC2(C)O[C@@H]2CC[C@]2(C)O[C@@H]2[C@@H]1O
Mol_05377	Mol_05377::M01	acrylate_ester	michael_acceptor	14;13;15;16;17;18	14	C=C1CC(OC(=O)C(C)(O)CCl)C2C(=C)C(=O)OC2C2C1CC(O)C2(O)CCl
Mol_05377	Mol_05377::M02	methylene_butyrolactone	michael_acceptor	14;13;15;16;17	14	C=C1CC(OC(=O)C(C)(O)CCl)C2C(=C)C(=O)OC2C2C1CC(O)C2(O)CCl
Mol_05379	Mol_05379::M01	acrylate_ester	michael_acceptor	0;1;2;3;4;5	0	C=C1C(=O)O[C@@H]2[C@@H]1C[C@H](O)[C@](C)(O)CC/C=C(\C)CC/C=C(\C)[C@@H]2OC(C)=O
Mol_05379	Mol_05379::M02	methylene_butyrolactone	michael_acceptor	0;1;2;3;4	0	C=C1C(=O)O[C@@H]2[C@@H]1C[C@H](O)[C@](C)(O)CC/C=C(\C)CC/C=C(\C)[C@@H]2OC(C)=O
Mol_05380	Mol_05380::M01	acrylate_ester	michael_acceptor	0;1;2;3;4;5	0	C=C1C(=O)O[C@@H]2/C=C(\CO)CC/C=C(\C)C[C@H](OC(=O)/C(C)=C\CO)C12
Mol_05380	Mol_05380::M02	acrylate_ester	michael_acceptor	22;20;18;19;17;16	22	C=C1C(=O)O[C@@H]2/C=C(\CO)CC/C=C(\C)C[C@H](OC(=O)/C(C)=C\CO)C12
Mol_05380	Mol_05380::M03	methylene_butyrolactone	michael_acceptor	0;1;2;3;4	0	C=C1C(=O)O[C@@H]2/C=C(\CO)CC/C=C(\C)C[C@H](OC(=O)/C(C)=C\CO)C12
Mol_05381	Mol_05381::M01	acrylate_ester	michael_acceptor	0;1;2;3;4;5	0	C=C1C(=O)O[C@@H]2/C=C(\CO)CC/C=C(\C)C[C@H](OC(=O)/C(=C/C)CO)C12
Mol_05381	Mol_05381::M02	acrylate_ester	michael_acceptor	21;20;18;19;17;16	21	C=C1C(=O)O[C@@H]2/C=C(\CO)CC/C=C(\C)C[C@H](OC(=O)/C(=C/C)CO)C12
Mol_05381	Mol_05381::M03	methylene_butyrolactone	michael_acceptor	0;1;2;3;4	0	C=C1C(=O)O[C@@H]2/C=C(\CO)CC/C=C(\C)C[C@H](OC(=O)/C(=C/C)CO)C12
Mol_05382	Mol_05382::M01	acrylate_ester	michael_acceptor	22;20;18;19;17;16	22	C/C1=C\CC/C(CO)=C/[C@H]2OC(=O)[C@@H](C)C2[C@@H](OC(=O)/C(C)=C/CO)C1
Mol_05383	Mol_05383::M01	acrylate_ester	michael_acceptor	0;1;4;5;6;7	0	C=C(CO)C(=O)O[C@H]1C/C(C)=C/CC/C(CO)=C/[C@H]2OC(=O)[C@@H](C)C12
Mol_05388	Mol_05388::M01	acrylate_ester	michael_acceptor	0;1;2;3;4;5	0	C=C1C(=O)O[C@@H]2/C=C(\CO)CC/C=C(\C)C[C@H](O)[C@@H]12
Mol_05388	Mol_05388::M02	methylene_butyrolactone	michael_acceptor	0;1;2;3;4	0	C=C1C(=O)O[C@@H]2/C=C(\CO)CC/C=C(\C)C[C@H](O)[C@@H]12
Mol_05389	Mol_05389::M01	acrylate_ester	michael_acceptor	0;1;2;3;4;5	0	C=C1C(=O)O[C@@H]2/C=C(\CO)CC/C=C(\C)C[C@H](OC(=O)/C(C)=C\C)[C@@H]12
Mol_05389	Mol_05389::M02	acrylate_ester	michael_acceptor	22;20;18;19;17;16	22	C=C1C(=O)O[C@@H]2/C=C(\CO)CC/C=C(\C)C[C@H](OC(=O)/C(C)=C\C)[C@@H]12
Mol_05389	Mol_05389::M03	methylene_butyrolactone	michael_acceptor	0;1;2;3;4	0	C=C1C(=O)O[C@@H]2/C=C(\CO)CC/C=C(\C)C[C@H](OC(=O)/C(C)=C\C)[C@@H]12
Mol_05392	Mol_05392::M01	acrylate_ester	michael_acceptor	0;1;2;3;4;5	0	C=C1C(=O)O[C@@H]2/C=C(\CO)CC/C=C(\C)C[C@@H](OC(=O)C(=C)[C@@H](O)COC(C)=O)[C@@H]12
Mol_05392	Mol_05392::M02	acrylate_ester	michael_acceptor	21;20;18;19;17;16	21	C=C1C(=O)O[C@@H]2/C=C(\CO)CC/C=C(\C)C[C@@H](OC(=O)C(=C)[C@@H](O)COC(C)=O)[C@@H]12
Mol_05392	Mol_05392::M03	methylene_butyrolactone	michael_acceptor	0;1;2;3;4	0	C=C1C(=O)O[C@@H]2/C=C(\CO)CC/C=C(\C)C[C@@H](OC(=O)C(=C)[C@@H](O)COC(C)=O)[C@@H]12
Mol_05393	Mol_05393::M01	acrylate_ester	michael_acceptor	0;1;4;5;6;7	0	C=C(CO)C(=O)O[C@H]1C/C(C)=C\CC/C(CO)=C\[C@H]2OC(=O)C(=C)[C@H]12
Mol_05393	Mol_05393::M02	acrylate_ester	michael_acceptor	23;22;20;21;19;18	23	C=C(CO)C(=O)O[C@H]1C/C(C)=C\CC/C(CO)=C\[C@H]2OC(=O)C(=C)[C@H]12
Mol_05393	Mol_05393::M03	methylene_butyrolactone	michael_acceptor	23;22;20;21;19	23	C=C(CO)C(=O)O[C@H]1C/C(C)=C\CC/C(CO)=C\[C@H]2OC(=O)C(=C)[C@H]12
Mol_05404	Mol_05404::M01	acrylate_ester	michael_acceptor	0;1;2;3;4;5	0	C=C1C(=O)O[C@@H]2C3=C(C)CC[C@]3(C)[C@@](C)(O)CC[C@@H]12
Mol_05404	Mol_05404::M02	methylene_butyrolactone	michael_acceptor	0;1;2;3;4	0	C=C1C(=O)O[C@@H]2C3=C(C)CC[C@]3(C)[C@@](C)(O)CC[C@@H]12
Mol_05424	Mol_05424::M01	enone_ketone_acyclic	michael_acceptor	4;3;1;2;0	4	CC(=O)/C=C/[C@H]1C(C)=CCCC1(C)C
Mol_05430	Mol_05430::M01	epoxide	sn2_ring_opening	10;12;11	10;11	C[C@H]1CC[C@@H]2[C@H]1[C@@H]1[C@H](CCC23CO3)C1(C)C
Mol_05452	Mol_05452::M01	acrylate_ester	michael_acceptor	3;2;1;0;12;13	3	O=C(/C=C/c1ccc(O)c(O)c1)O[C@@H]1[C@H](O)C[C@@](O)(C(=O)O)C[C@H]1OC(=O)/C=C/c1ccc(O)c(O)c1
Mol_05452	Mol_05452::M02	acrylate_ester	michael_acceptor	28;27;25;26;24;23	28	O=C(/C=C/c1ccc(O)c(O)c1)O[C@@H]1[C@H](O)C[C@@](O)(C(=O)O)C[C@H]1OC(=O)/C=C/c1ccc(O)c(O)c1
Mol_05456	Mol_05456::M01	acrylate_ester	michael_acceptor	3;2;1;0;12;13	3	O=C(/C=C/c1ccc(O)c(O)c1)O[C@H]1[C@H](O)C[C@](O)(C(=O)O)C[C@H]1OC(=O)/C=C/c1ccc(O)c(O)c1
Mol_05456	Mol_05456::M02	acrylate_ester	michael_acceptor	28;27;25;26;24;23	28	O=C(/C=C/c1ccc(O)c(O)c1)O[C@H]1[C@H](O)C[C@](O)(C(=O)O)C[C@H]1OC(=O)/C=C/c1ccc(O)c(O)c1
Mol_05470	Mol_05470::M01	acrylate_ester	michael_acceptor	3;2;1;0;12;13	3	O=C(/C=C/c1ccc(O)c(O)c1)O[C@@H]1CC(O)(C(=O)O)C[C@@H](OC(=O)/C=C/c2ccc(O)c(O)c2)C1O
Mol_05470	Mol_05470::M02	acrylate_ester	michael_acceptor	26;25;23;24;22;21	26	O=C(/C=C/c1ccc(O)c(O)c1)O[C@@H]1CC(O)(C(=O)O)C[C@@H](OC(=O)/C=C/c2ccc(O)c(O)c2)C1O
Mol_05483	Mol_05483::M01	acrylate_ester	michael_acceptor	5;6;9;10;11;12	5	CC(=O)OC/C=C(/CO)C(=O)O[C@H]1C/C(C)=C/CC/C(CO)=C/[C@H]2OC(=O)[C@@H](C)[C@H]12
Mol_05484	Mol_05484::M01	acrylate_ester	michael_acceptor	0;1;5;6;7;8	0	C=C(CCO)C(=O)O[C@H]1C[C@]2(C)C([C@H](C=O)CC[C@H]2O)[C@H]2OC(=O)[C@@H](C)[C@H]12
Mol_05484	Mol_05484::M02	aldehyde	reversible_carbonyl	13;14;15	14	C=C(CCO)C(=O)O[C@H]1C[C@]2(C)C([C@H](C=O)CC[C@H]2O)[C@H]2OC(=O)[C@@H](C)[C@H]12
Mol_05485	Mol_05485::M01	acrylate_ester	michael_acceptor	0;1;5;6;7;8	0	C=C(CCO)C(=O)O[C@H]1C[C@]2(C)C([C@H]3OC(=O)[C@@H](C)[C@H]13)[C@@H](C=O)CC[C@H]2O
Mol_05485	Mol_05485::M02	aldehyde	reversible_carbonyl	20;21;22	21	C=C(CCO)C(=O)O[C@H]1C[C@]2(C)C([C@H]3OC(=O)[C@@H](C)[C@H]13)[C@@H](C=O)CC[C@H]2O
Mol_05486	Mol_05486::M01	acrylate_ester	michael_acceptor	26;24;22;23;21;20	26	C=C1[C@H](O)CC[C@]2(C)CC[C@](O)(C(C)(C)OC3O[C@H](C)[C@H](OC(=O)/C(C)=C\C)[C@H](OC(C)=O)[C@H]3OC(=O)/C(C)=C\C)[C@H]3O[C@]132
Mol_05486	Mol_05486::M02	acrylate_ester	michael_acceptor	39;37;35;36;34;33	39	C=C1[C@H](O)CC[C@]2(C)CC[C@](O)(C(C)(C)OC3O[C@H](C)[C@H](OC(=O)/C(C)=C\C)[C@H](OC(C)=O)[C@H]3OC(=O)/C(C)=C\C)[C@H]3O[C@]132
Mol_05486	Mol_05486::M03	epoxide	sn2_ring_opening	41;42;43	41;43	C=C1[C@H](O)CC[C@]2(C)CC[C@](O)(C(C)(C)OC3O[C@H](C)[C@H](OC(=O)/C(C)=C\C)[C@H](OC(C)=O)[C@H]3OC(=O)/C(C)=C\C)[C@H]3O[C@]132
Mol_05487	Mol_05487::M01	acrylate_ester	michael_acceptor	26;24;22;23;21;20	26	C=C1[C@H](O)CC[C@]2(C)CC[C@](O)(C(C)(C)OC3O[C@H](C)[C@H](OC(=O)/C(C)=C\C)[C@H](OC(=O)C(C)C)[C@H]3OC(=O)/C(C)=C\C)[C@H]3O[C@]132
Mol_05487	Mol_05487::M02	acrylate_ester	michael_acceptor	41;39;37;38;36;35	41	C=C1[C@H](O)CC[C@]2(C)CC[C@](O)(C(C)(C)OC3O[C@H](C)[C@H](OC(=O)/C(C)=C\C)[C@H](OC(=O)C(C)C)[C@H]3OC(=O)/C(C)=C\C)[C@H]3O[C@]132
Mol_05487	Mol_05487::M03	epoxide	sn2_ring_opening	43;44;45	43;45	C=C1[C@H](O)CC[C@]2(C)CC[C@](O)(C(C)(C)OC3O[C@H](C)[C@H](OC(=O)/C(C)=C\C)[C@H](OC(=O)C(C)C)[C@H]3OC(=O)/C(C)=C\C)[C@H]3O[C@]132
Mol_05488	Mol_05488::M01	acrylate_ester	michael_acceptor	26;24;22;23;21;20	26	C=C1[C@H](O)CC[C@]2(C)CC[C@](O)(C(C)(C)OC3O[C@H](C)[C@H](OC(=O)/C(C)=C\C)[C@H](OC(=O)C(C)CC)[C@H]3OC(=O)/C(C)=C\C)[C@H]3O[C@]132
Mol_05488	Mol_05488::M02	acrylate_ester	michael_acceptor	42;40;38;39;37;36	42	C=C1[C@H](O)CC[C@]2(C)CC[C@](O)(C(C)(C)OC3O[C@H](C)[C@H](OC(=O)/C(C)=C\C)[C@H](OC(=O)C(C)CC)[C@H]3OC(=O)/C(C)=C\C)[C@H]3O[C@]132
Mol_05488	Mol_05488::M03	epoxide	sn2_ring_opening	44;45;46	44;46	C=C1[C@H](O)CC[C@]2(C)CC[C@](O)(C(C)(C)OC3O[C@H](C)[C@H](OC(=O)/C(C)=C\C)[C@H](OC(=O)C(C)CC)[C@H]3OC(=O)/C(C)=C\C)[C@H]3O[C@]132
Mol_05489	Mol_05489::M01	acrylate_ester	michael_acceptor	1;2;4;5;6;7	1	C/C=C(/C)C(=O)O[C@@H]1[C@H](OC(C)=O)[C@@H](OC(=O)/C(C)=C\C)C(OC(C)(C)[C@@]2(O)CC[C@@]3(C)CC[C@@H](O)C(COC(C)=O)=C3[C@@H]2O)O[C@@H]1C
Mol_05489	Mol_05489::M02	acrylate_ester	michael_acceptor	19;17;15;16;14;13	19	C/C=C(/C)C(=O)O[C@@H]1[C@H](OC(C)=O)[C@@H](OC(=O)/C(C)=C\C)C(OC(C)(C)[C@@]2(O)CC[C@@]3(C)CC[C@@H](O)C(COC(C)=O)=C3[C@@H]2O)O[C@@H]1C
Mol_05490	Mol_05490::M01	acrylate_ester	michael_acceptor	29;27;25;26;24;23	29	C=C1[C@H](OC(C)=O)CC[C@]2(C)CC[C@](O)(C(C)(C)OC3O[C@H](C)[C@H](OC(=O)/C(C)=C\C)[C@H](OC(C)=O)[C@H]3OC(=O)/C(C)=C\C)[C@H]3O[C@]132
Mol_05490	Mol_05490::M02	acrylate_ester	michael_acceptor	42;40;38;39;37;36	42	C=C1[C@H](OC(C)=O)CC[C@]2(C)CC[C@](O)(C(C)(C)OC3O[C@H](C)[C@H](OC(=O)/C(C)=C\C)[C@H](OC(C)=O)[C@H]3OC(=O)/C(C)=C\C)[C@H]3O[C@]132
Mol_05490	Mol_05490::M03	epoxide	sn2_ring_opening	44;45;46	44;46	C=C1[C@H](OC(C)=O)CC[C@]2(C)CC[C@](O)(C(C)(C)OC3O[C@H](C)[C@H](OC(=O)/C(C)=C\C)[C@H](OC(C)=O)[C@H]3OC(=O)/C(C)=C\C)[C@H]3O[C@]132
Mol_05491	Mol_05491::M01	enone_cyclic	michael_acceptor	1;2;3;4;5	1	CC1=CC(=O)[C@H]([C@@H](C)CC[C@@H](O[C@@H]2O[C@H](C)[C@H](O)[C@H](O)[C@H]2O)C(C)C)CC1
Mol_05495	Mol_05495::M01	acrylate_ester	michael_acceptor	6;5;24;25;23;22	6	CC(=O)OCC1=C2[C@@H](OC(C)=O)/C=C(/C)[C@@H](O)CC/C(C)=C/[C@H]2OC1=O
Mol_05495	Mol_05495::M02	unsat_lactone	michael_acceptor	23;24;25;5;6	6	CC(=O)OCC1=C2[C@@H](OC(C)=O)/C=C(/C)[C@@H](O)CC/C(C)=C/[C@H]2OC1=O
Mol_05496	Mol_05496::M01	acrylate_ester	michael_acceptor	0;1;2;3;4;5	0	C=C1C(=O)O[C@H]2CC(C)=C3CCC(=O)[C@@H]3[C@H](OC(C)=O)[C@H]12
Mol_05496	Mol_05496::M02	methylene_butyrolactone	michael_acceptor	0;1;2;3;4	0	C=C1C(=O)O[C@H]2CC(C)=C3CCC(=O)[C@@H]3[C@H](OC(C)=O)[C@H]12
Mol_05503	Mol_05503::M01	acrylate_ester	michael_acceptor	0;1;2;3;4;5	0	C=C1C(=O)O[C@H]2C/C(C)=C/CC/C(C)=C/[C@H](OC(=O)/C(C)=C\C)[C@H]12
Mol_05503	Mol_05503::M02	acrylate_ester	michael_acceptor	21;19;17;18;16;15	21	C=C1C(=O)O[C@H]2C/C(C)=C/CC/C(C)=C/[C@H](OC(=O)/C(C)=C\C)[C@H]12
Mol_05503	Mol_05503::M03	methylene_butyrolactone	michael_acceptor	0;1;2;3;4	0	C=C1C(=O)O[C@H]2C/C(C)=C/CC/C(C)=C/[C@H](OC(=O)/C(C)=C\C)[C@H]12
Mol_05504	Mol_05504::M01	acrylate_ester	michael_acceptor	0;1;2;3;4;5	0	C=C1C(=O)O[C@@H]2C[C@H](OC(=O)/C(C)=C\C)/C=C(\C)CC[C@@H](O)/C(C)=C/12
Mol_05504	Mol_05504::M02	acrylate_ester	michael_acceptor	13;11;9;10;8;7	13	C=C1C(=O)O[C@@H]2C[C@H](OC(=O)/C(C)=C\C)/C=C(\C)CC[C@@H](O)/C(C)=C/12
Mol_05504	Mol_05504::M03	methylene_butyrolactone	michael_acceptor	0;1;2;3;4	0	C=C1C(=O)O[C@@H]2C[C@H](OC(=O)/C(C)=C\C)/C=C(\C)CC[C@@H](O)/C(C)=C/12
Mol_05517	Mol_05517::M01	acrylate_ester	michael_acceptor	0;1;2;3;4;5	0	C=C1C(=O)O[C@@H]2[C@H]3C(C)=CC[C@H]3[C@](C)(O)C[C@H](OC(C)=O)[C@@H]12
Mol_05517	Mol_05517::M02	methylene_butyrolactone	michael_acceptor	0;1;2;3;4	0	C=C1C(=O)O[C@@H]2[C@H]3C(C)=CC[C@H]3[C@](C)(O)C[C@H](OC(C)=O)[C@@H]12
Mol_05518	Mol_05518::M01	acrylate_ester	michael_acceptor	0;1;3;4;5;6	0	C=C(C)C(=O)O[C@H]1CC(=C)[C@@H]2C[C@H](O)C(=C)[C@@H]2[C@H]2OC(=O)C(=C)[C@@H]21
Mol_05518	Mol_05518::M02	acrylate_ester	michael_acceptor	22;21;19;20;18;17	22	C=C(C)C(=O)O[C@H]1CC(=C)[C@@H]2C[C@H](O)C(=C)[C@@H]2[C@H]2OC(=O)C(=C)[C@@H]21
Mol_05518	Mol_05518::M03	methylene_butyrolactone	michael_acceptor	22;21;19;20;18	22	C=C(C)C(=O)O[C@H]1CC(=C)[C@@H]2C[C@H](O)C(=C)[C@@H]2[C@H]2OC(=O)C(=C)[C@@H]21
Mol_05520	Mol_05520::M01	acrylate_ester	michael_acceptor	0;1;3;4;5;6	0	C=C(C)C(=O)O[C@H]1CC(=C)[C@@H]2C[C@H](O)[C@](O)(CCl)[C@@H]2[C@H]2OC(=O)C(=C)[C@@H]21
Mol_05520	Mol_05520::M02	acrylate_ester	michael_acceptor	24;23;21;22;20;19	24	C=C(C)C(=O)O[C@H]1CC(=C)[C@@H]2C[C@H](O)[C@](O)(CCl)[C@@H]2[C@H]2OC(=O)C(=C)[C@@H]21
Mol_05520	Mol_05520::M03	methylene_butyrolactone	michael_acceptor	24;23;21;22;20	24	C=C(C)C(=O)O[C@H]1CC(=C)[C@@H]2C[C@H](O)[C@](O)(CCl)[C@@H]2[C@H]2OC(=O)C(=C)[C@@H]21
Mol_05522	Mol_05522::M01	acrylate_ester	michael_acceptor	0;1;2;3;4;5	0	C=C1C(=O)O[C@@H]2[C@H]1[C@@H](OC(=O)[C@](C)(O)CCl)CC(=C)[C@@H]1C[C@@H](O)[C@](O)(CCl)[C@H]21
Mol_05522	Mol_05522::M02	methylene_butyrolactone	michael_acceptor	0;1;2;3;4	0	C=C1C(=O)O[C@@H]2[C@H]1[C@@H](OC(=O)[C@](C)(O)CCl)CC(=C)[C@@H]1C[C@@H](O)[C@](O)(CCl)[C@H]21
Mol_05523	Mol_05523::M01	acrylate_ester	michael_acceptor	0;1;4;5;6;7	0	C=C(CO)C(=O)O[C@H]1CC(=C)[C@@H]2C[C@H](O)[C@](O)(CCl)[C@@H]2[C@H]2OC(=O)C(=C)[C@@H]21
Mol_05523	Mol_05523::M02	acrylate_ester	michael_acceptor	25;24;22;23;21;20	25	C=C(CO)C(=O)O[C@H]1CC(=C)[C@@H]2C[C@H](O)[C@](O)(CCl)[C@@H]2[C@H]2OC(=O)C(=C)[C@@H]21
Mol_05523	Mol_05523::M03	methylene_butyrolactone	michael_acceptor	25;24;22;23;21	25	C=C(CO)C(=O)O[C@H]1CC(=C)[C@@H]2C[C@H](O)[C@](O)(CCl)[C@@H]2[C@H]2OC(=O)C(=C)[C@@H]21
Mol_05524	Mol_05524::M01	acrylate_ester	michael_acceptor	0;1;2;3;4;5	0	C=C1C(=O)O[C@H]2[C@H]1[C@@H](CC(=O)[C@@](C)(CCl)OC(C)=O)CC(=C)[C@@H]1C[C@H](OC(C)=O)C(=C)[C@H]21
Mol_05524	Mol_05524::M02	methylene_butyrolactone	michael_acceptor	0;1;2;3;4	0	C=C1C(=O)O[C@H]2[C@H]1[C@@H](CC(=O)[C@@](C)(CCl)OC(C)=O)CC(=C)[C@@H]1C[C@H](OC(C)=O)C(=C)[C@H]21
Mol_05525	Mol_05525::M01	acrylate_ester	michael_acceptor	0;1;2;3;4;5	0	C=C1C(=O)O[C@H]2[C@H]1[C@@H](OC(=O)C1(C)CO1)CC(=C)[C@@H]1C[C@H](OC(C)=O)[C@@]3(CO3)[C@H]21
Mol_05525	Mol_05525::M02	methylene_butyrolactone	michael_acceptor	0;1;2;3;4	0	C=C1C(=O)O[C@H]2[C@H]1[C@@H](OC(=O)C1(C)CO1)CC(=C)[C@@H]1C[C@H](OC(C)=O)[C@@]3(CO3)[C@H]21
Mol_05525	Mol_05525::M03	epoxide	sn2_ring_opening	11;14;13	11;13	C=C1C(=O)O[C@H]2[C@H]1[C@@H](OC(=O)C1(C)CO1)CC(=C)[C@@H]1C[C@H](OC(C)=O)[C@@]3(CO3)[C@H]21
Mol_05525	Mol_05525::M04	epoxide	sn2_ring_opening	25;27;26	25;26	C=C1C(=O)O[C@H]2[C@H]1[C@@H](OC(=O)C1(C)CO1)CC(=C)[C@@H]1C[C@H](OC(C)=O)[C@@]3(CO3)[C@H]21
Mol_05526	Mol_05526::M01	acrylate_ester	michael_acceptor	0;1;7;8;9;10	0	C=C(COC(C)=O)C(=O)O[C@H]1CC(=C)[C@@H]2C[C@H](OC(C)=O)C(=C)[C@@H]2[C@H]2OC(=O)C(=C)[C@@H]21
Mol_05526	Mol_05526::M02	acrylate_ester	michael_acceptor	29;28;26;27;25;24	29	C=C(COC(C)=O)C(=O)O[C@H]1CC(=C)[C@@H]2C[C@H](OC(C)=O)C(=C)[C@@H]2[C@H]2OC(=O)C(=C)[C@@H]21
Mol_05526	Mol_05526::M03	methylene_butyrolactone	michael_acceptor	29;28;26;27;25	29	C=C(COC(C)=O)C(=O)O[C@H]1CC(=C)[C@@H]2C[C@H](OC(C)=O)C(=C)[C@@H]2[C@H]2OC(=O)C(=C)[C@@H]21
Mol_05527	Mol_05527::M01	enone_ketone_acyclic	michael_acceptor	0;1;7;8;9	0	C=C(COC(C)=O)C(=O)C[C@H]1CC(=C)[C@@H]2C[C@H](OC(C)=O)[C@]3(CO3)[C@@H]2[C@H]2OC(=O)C(=C)[C@H]12
Mol_05527	Mol_05527::M02	acrylate_ester	michael_acceptor	30;29;27;28;26;25	30	C=C(COC(C)=O)C(=O)C[C@H]1CC(=C)[C@@H]2C[C@H](OC(C)=O)[C@]3(CO3)[C@@H]2[C@H]2OC(=O)C(=C)[C@H]12
Mol_05527	Mol_05527::M03	methylene_butyrolactone	michael_acceptor	30;29;27;28;26	30	C=C(COC(C)=O)C(=O)C[C@H]1CC(=C)[C@@H]2C[C@H](OC(C)=O)[C@]3(CO3)[C@@H]2[C@H]2OC(=O)C(=C)[C@H]12
Mol_05527	Mol_05527::M04	epoxide	sn2_ring_opening	21;23;22	21;22	C=C(COC(C)=O)C(=O)C[C@H]1CC(=C)[C@@H]2C[C@H](OC(C)=O)[C@]3(CO3)[C@@H]2[C@H]2OC(=O)C(=C)[C@H]12
Mol_05529	Mol_05529::M01	acrylate_ester	michael_acceptor	0;1;3;4;5;6	0	C=C(C)C(=O)O[C@H]1C/C(C)=C/CC/C(CO)=C/[C@H]2OC(=O)C(=C)[C@H]12
Mol_05529	Mol_05529::M02	acrylate_ester	michael_acceptor	22;21;19;20;18;17	22	C=C(C)C(=O)O[C@H]1C/C(C)=C/CC/C(CO)=C/[C@H]2OC(=O)C(=C)[C@H]12
Mol_05529	Mol_05529::M03	methylene_butyrolactone	michael_acceptor	22;21;19;20;18	22	C=C(C)C(=O)O[C@H]1C/C(C)=C/CC/C(CO)=C/[C@H]2OC(=O)C(=C)[C@H]12
Mol_05530	Mol_05530::M01	acrylate_ester	michael_acceptor	0;1;2;3;4;5	0	C=C1C(=O)O[C@@H]2/C=C(\CO)CC/C=C(\C)C[C@H](OC(=O)C(C)C)[C@@H]12
Mol_05530	Mol_05530::M02	methylene_butyrolactone	michael_acceptor	0;1;2;3;4	0	C=C1C(=O)O[C@@H]2/C=C(\CO)CC/C=C(\C)C[C@H](OC(=O)C(C)C)[C@@H]12
Mol_05532	Mol_05532::M01	acrylate_ester	michael_acceptor	0;1;2;3;4;5	0	C=C1C(=O)O[C@@H]2/C=C(\CO)CC/C=C(\C)C[C@H](OC(=O)/C(=C/C)CO)[C@@H]12
Mol_05532	Mol_05532::M02	acrylate_ester	michael_acceptor	21;20;18;19;17;16	21	C=C1C(=O)O[C@@H]2/C=C(\CO)CC/C=C(\C)C[C@H](OC(=O)/C(=C/C)CO)[C@@H]12
Mol_05532	Mol_05532::M03	methylene_butyrolactone	michael_acceptor	0;1;2;3;4	0	C=C1C(=O)O[C@@H]2/C=C(\CO)CC/C=C(\C)C[C@H](OC(=O)/C(=C/C)CO)[C@@H]12
Mol_05533	Mol_05533::M01	acrylate_ester	michael_acceptor	10;9;7;8;6;5	10	C=C[C@@]1(C)CC(OC(=O)C(=C)CO)[C@H]2C(=C)C(=O)O[C@@H]2[C@@H]1C(=C)CO
Mol_05533	Mol_05533::M02	acrylate_ester	michael_acceptor	15;14;16;17;18;19	15	C=C[C@@]1(C)CC(OC(=O)C(=C)CO)[C@H]2C(=C)C(=O)O[C@@H]2[C@@H]1C(=C)CO
Mol_05533	Mol_05533::M03	methylene_butyrolactone	michael_acceptor	15;14;16;17;18	15	C=C[C@@]1(C)CC(OC(=O)C(=C)CO)[C@H]2C(=C)C(=O)O[C@@H]2[C@@H]1C(=C)CO
Mol_05534	Mol_05534::M01	acrylate_ester	michael_acceptor	10;9;7;8;6;5	10	C=C[C@]1(C)C[C@H](OC(=O)C(=C)CO)[C@@H](C(=C)C(=O)OC)[C@H](O)[C@H]1C(=C)CO
Mol_05534	Mol_05534::M02	acrylate_ester	michael_acceptor	15;14;16;17;18;19	15	C=C[C@]1(C)C[C@H](OC(=O)C(=C)CO)[C@@H](C(=C)C(=O)OC)[C@H](O)[C@H]1C(=C)CO
Mol_05537	Mol_05537::M01	acrylic_acid	michael_acceptor	12;11;13;14;15	12	C=C1C(=O)C=C[C@]2(C)CC[C@@H](C(=C)C(=O)O)CC12
Mol_05537	Mol_05537::M02	enone_cyclic	michael_acceptor	5;4;2;3;1	5	C=C1C(=O)C=C[C@]2(C)CC[C@@H](C(=C)C(=O)O)CC12
Mol_05538	Mol_05538::M01	acrylic_acid	michael_acceptor	0;1;2;3;4	0	C=C(C(=O)O)[C@@H]1CC[C@@]2(C)C=C[C@H](O)C(=C)C2C1
Mol_05539	Mol_05539::M01	acrylate_ester	michael_acceptor	0;1;2;3;4;5	0	C=C1C(=O)O[C@@H]2[C@H]3[C@H](C=O)CC[C@@H](O)[C@]3(C)CC[C@@H]12
Mol_05539	Mol_05539::M02	methylene_butyrolactone	michael_acceptor	0;1;2;3;4	0	C=C1C(=O)O[C@@H]2[C@H]3[C@H](C=O)CC[C@@H](O)[C@]3(C)CC[C@@H]12
Mol_05539	Mol_05539::M03	aldehyde	reversible_carbonyl	7;8;9	8	C=C1C(=O)O[C@@H]2[C@H]3[C@H](C=O)CC[C@@H](O)[C@]3(C)CC[C@@H]12
Mol_05541	Mol_05541::M01	acrylate_ester	michael_acceptor	12;11;13;14;15;16	12	C=C1CC[C@H]2C(=C)C[C@H](O)[C@H]3C(=C)C(=O)O[C@@H]3[C@@H]12
Mol_05541	Mol_05541::M02	methylene_butyrolactone	michael_acceptor	12;11;13;14;15	12	C=C1CC[C@H]2C(=C)C[C@H](O)[C@H]3C(=C)C(=O)O[C@@H]3[C@@H]12
Mol_05542	Mol_05542::M01	acrylate_ester	michael_acceptor	0;1;2;3;4;5	0	C=C1C(=O)O[C@@H]2[C@H]3C(=C)[C@@H](O)C[C@H]3C(=C)C[C@H](OC(=O)C(C)C)[C@@H]12
Mol_05542	Mol_05542::M02	methylene_butyrolactone	michael_acceptor	0;1;2;3;4	0	C=C1C(=O)O[C@@H]2[C@H]3C(=C)[C@@H](O)C[C@H]3C(=C)C[C@H](OC(=O)C(C)C)[C@@H]12
Mol_05544	Mol_05544::M01	acrylate_ester	michael_acceptor	8;7;5;6;4;3	8	C=C1[C@@H]2C3OC(=O)C(=C)[C@@H]3[C@@H](O)CC(=C)[C@@H]2C[C@@H]1O
Mol_05544	Mol_05544::M02	methylene_butyrolactone	michael_acceptor	8;7;5;6;4	8	C=C1[C@@H]2C3OC(=O)C(=C)[C@@H]3[C@@H](O)CC(=C)[C@@H]2C[C@@H]1O
Mol_05546	Mol_05546::M01	acrylate_ester	michael_acceptor	0;1;2;3;4;5	0	C=C1C(=O)O[C@@H]2[C@H]3C(=C)[C@@H](O)C[C@H]3C(=C)C[C@H](OC(=O)C(C)CO)[C@@H]12
Mol_05546	Mol_05546::M02	methylene_butyrolactone	michael_acceptor	0;1;2;3;4	0	C=C1C(=O)O[C@@H]2[C@H]3C(=C)[C@@H](O)C[C@H]3C(=C)C[C@H](OC(=O)C(C)CO)[C@@H]12
Mol_05548	Mol_05548::M01	acrylate_ester	michael_acceptor	0;1;3;4;5;6	0	C=C(C)C(=O)O[C@H]1CC(=C)[C@@H]2C[C@H](O)C(=C)[C@@H]2[C@H]2OC(=O)[C@@H](C)[C@@H]21
Mol_05549	Mol_05549::M01	acrylate_ester	michael_acceptor	0;1;4;5;6;7	0	C=C(CO)C(=O)O[C@H]1CC(=C)[C@@H]2C[C@H](O)C(=C)[C@@H]2[C@H]2OC(=O)[C@H](C)[C@@H]21
Mol_05552	Mol_05552::M01	acrylic_acid	michael_acceptor	0;1;2;3;4	0	C=C(C(=O)O)[C@@H]1CC[C@@]2(C)CCC=C(C)C2C1
Mol_05553	Mol_05553::M01	acrylic_acid	michael_acceptor	11;10;12;13;14	11	C=C1CCC[C@]2(C)CC[C@@H](C(=C)C(=O)O)CC12
Mol_05554	Mol_05554::M01	acrylic_acid	michael_acceptor	0;1;2;3;4	0	C=C(C(=O)O)[C@@H]1CC[C@@]2(C)CCC[C@](C)(O)[C@@H]2C1
Mol_05572	Mol_05572::M01	acrylate_ester	michael_acceptor	0;1;2;3;4;5	0	C=C1C(=O)O[C@@H]2C3[C@H](C=O)CCC[C@]3(C)C[C@H](OC(=O)/C(=C\C)CO)[C@@H]12
Mol_05572	Mol_05572::M02	acrylate_ester	michael_acceptor	21;20;18;19;17;16	21	C=C1C(=O)O[C@@H]2C3[C@H](C=O)CCC[C@]3(C)C[C@H](OC(=O)/C(=C\C)CO)[C@@H]12
Mol_05572	Mol_05572::M03	methylene_butyrolactone	michael_acceptor	0;1;2;3;4	0	C=C1C(=O)O[C@@H]2C3[C@H](C=O)CCC[C@]3(C)C[C@H](OC(=O)/C(=C\C)CO)[C@@H]12
Mol_05572	Mol_05572::M04	aldehyde	reversible_carbonyl	7;8;9	8	C=C1C(=O)O[C@@H]2C3[C@H](C=O)CCC[C@]3(C)C[C@H](OC(=O)/C(=C\C)CO)[C@@H]12
Mol_05578	Mol_05578::M01	acrylate_ester	michael_acceptor	5;6;7;8;9;10	5	COc1cc(/C=C2/C(=O)OC[C@@H]2Cc2ccc(OC)c(OC)c2)ccc1O
Mol_05585	Mol_05585::M01	aldehyde	reversible_carbonyl	15;16;17	16	C[C@@H]1C(=O)O[C@H]2[C@H]1[C@@H](O)C[C@@]1(C)CCC[C@@H](C=O)[C@H]21
Mol_05586	Mol_05586::M01	enal	michael_acceptor	11;13;14;15	11	C=C1C(=O)O[C@H]2[C@H]1[C@@H](OC(=O)/C(C)=C/C=O)CC(=C)[C@@H]1C[C@H](O)[C@](O)(CCl)[C@H]21
Mol_05586	Mol_05586::M02	acrylate_ester	michael_acceptor	0;1;2;3;4;5	0	C=C1C(=O)O[C@H]2[C@H]1[C@@H](OC(=O)/C(C)=C/C=O)CC(=C)[C@@H]1C[C@H](O)[C@](O)(CCl)[C@H]21
Mol_05586	Mol_05586::M03	acrylate_ester	michael_acceptor	13;11;9;10;8;7	13	C=C1C(=O)O[C@H]2[C@H]1[C@@H](OC(=O)/C(C)=C/C=O)CC(=C)[C@@H]1C[C@H](O)[C@](O)(CCl)[C@H]21
Mol_05586	Mol_05586::M04	methylene_butyrolactone	michael_acceptor	0;1;2;3;4	0	C=C1C(=O)O[C@H]2[C@H]1[C@@H](OC(=O)/C(C)=C/C=O)CC(=C)[C@@H]1C[C@H](O)[C@](O)(CCl)[C@H]21
Mol_05586	Mol_05586::M05	aldehyde	reversible_carbonyl	13;14;15	14	C=C1C(=O)O[C@H]2[C@H]1[C@@H](OC(=O)/C(C)=C/C=O)CC(=C)[C@@H]1C[C@H](O)[C@](O)(CCl)[C@H]21
Mol_05587	Mol_05587::M01	acrylate_ester	michael_acceptor	0;1;2;3;4;5	0	C=C1C(=O)O[C@H]2[C@H]1[C@@H](OC(=O)/C(=C/C)CO)CC(=C)[C@@H]1C[C@H](O)[C@](O)(CCl)[C@H]21
Mol_05587	Mol_05587::M02	acrylate_ester	michael_acceptor	12;11;9;10;8;7	12	C=C1C(=O)O[C@H]2[C@H]1[C@@H](OC(=O)/C(=C/C)CO)CC(=C)[C@@H]1C[C@H](O)[C@](O)(CCl)[C@H]21
Mol_05587	Mol_05587::M03	methylene_butyrolactone	michael_acceptor	0;1;2;3;4	0	C=C1C(=O)O[C@H]2[C@H]1[C@@H](OC(=O)/C(=C/C)CO)CC(=C)[C@@H]1C[C@H](O)[C@](O)(CCl)[C@H]21
Mol_05588	Mol_05588::M01	acrylate_ester	michael_acceptor	0;1;2;3;4;5	0	C=C1C(=O)O[C@@H]2[C@H]3C(=C)[C@@H](OC(=O)c4ccccc4)C[C@H]3C(=C)C[C@H](O)[C@@H]12
Mol_05588	Mol_05588::M02	methylene_butyrolactone	michael_acceptor	0;1;2;3;4	0	C=C1C(=O)O[C@@H]2[C@H]3C(=C)[C@@H](OC(=O)c4ccccc4)C[C@H]3C(=C)C[C@H](O)[C@@H]12
Mol_05596	Mol_05596::M01	acrylate_ester	michael_acceptor	0;1;2;3;4;5	0	C=C1C(=O)O[C@@H]2[C@H]3C(=C)[C@@H](OC(=O)/C=C/CO)C[C@H]3C(=C)C[C@H](OC(=O)/C(C)=C/CO)[C@@H]12
Mol_05596	Mol_05596::M02	acrylate_ester	michael_acceptor	14;13;11;12;10;9	14	C=C1C(=O)O[C@@H]2[C@H]3C(=C)[C@@H](OC(=O)/C=C/CO)C[C@H]3C(=C)C[C@H](OC(=O)/C(C)=C/CO)[C@@H]12
Mol_05596	Mol_05596::M03	acrylate_ester	michael_acceptor	28;26;24;25;23;22	28	C=C1C(=O)O[C@@H]2[C@H]3C(=C)[C@@H](OC(=O)/C=C/CO)C[C@H]3C(=C)C[C@H](OC(=O)/C(C)=C/CO)[C@@H]12
Mol_05596	Mol_05596::M04	methylene_butyrolactone	michael_acceptor	0;1;2;3;4	0	C=C1C(=O)O[C@@H]2[C@H]3C(=C)[C@@H](OC(=O)/C=C/CO)C[C@H]3C(=C)C[C@H](OC(=O)/C(C)=C/CO)[C@@H]12
Mol_05597	Mol_05597::M01	acrylate_ester	michael_acceptor	0;1;2;3;4;5	0	C=C1C(=O)O[C@@H]2[C@H]3C(=C)[C@@H](O)C[C@H]3C(=C)C[C@H](OC(=O)/C(C)=C/CO)[C@@H]12
Mol_05597	Mol_05597::M02	acrylate_ester	michael_acceptor	22;20;18;19;17;16	22	C=C1C(=O)O[C@@H]2[C@H]3C(=C)[C@@H](O)C[C@H]3C(=C)C[C@H](OC(=O)/C(C)=C/CO)[C@@H]12
Mol_05597	Mol_05597::M03	methylene_butyrolactone	michael_acceptor	0;1;2;3;4	0	C=C1C(=O)O[C@@H]2[C@H]3C(=C)[C@@H](O)C[C@H]3C(=C)C[C@H](OC(=O)/C(C)=C/CO)[C@@H]12
Mol_05598	Mol_05598::M01	acrylate_ester	michael_acceptor	0;1;2;3;4;5	0	C=C1C(=O)O[C@H]2[C@H]1[C@@H](OC(=O)/C(C)=C/CO)CC(=C)[C@@H]1C[C@H](O)[C@]3(CO3)[C@H]21
Mol_05598	Mol_05598::M02	acrylate_ester	michael_acceptor	13;11;9;10;8;7	13	C=C1C(=O)O[C@H]2[C@H]1[C@@H](OC(=O)/C(C)=C/CO)CC(=C)[C@@H]1C[C@H](O)[C@]3(CO3)[C@H]21
Mol_05598	Mol_05598::M03	methylene_butyrolactone	michael_acceptor	0;1;2;3;4	0	C=C1C(=O)O[C@H]2[C@H]1[C@@H](OC(=O)/C(C)=C/CO)CC(=C)[C@@H]1C[C@H](O)[C@]3(CO3)[C@H]21
Mol_05598	Mol_05598::M04	epoxide	sn2_ring_opening	23;25;24	23;24	C=C1C(=O)O[C@H]2[C@H]1[C@@H](OC(=O)/C(C)=C/CO)CC(=C)[C@@H]1C[C@H](O)[C@]3(CO3)[C@H]21
Mol_05599	Mol_05599::M01	acrylate_ester	michael_acceptor	0;1;2;3;4;5	0	C=C1C(=O)O[C@H]2[C@H]1[C@@H](O)CC(=C)[C@@H]1C[C@H](O)[C@]3(CO3)[C@H]21
Mol_05599	Mol_05599::M02	methylene_butyrolactone	michael_acceptor	0;1;2;3;4	0	C=C1C(=O)O[C@H]2[C@H]1[C@@H](O)CC(=C)[C@@H]1C[C@H](O)[C@]3(CO3)[C@H]21
Mol_05599	Mol_05599::M03	epoxide	sn2_ring_opening	16;18;17	16;17	C=C1C(=O)O[C@H]2[C@H]1[C@@H](O)CC(=C)[C@@H]1C[C@H](O)[C@]3(CO3)[C@H]21
Mol_05600	Mol_05600::M01	acrylate_ester	michael_acceptor	0;1;2;3;4;5	0	C=C1C(=O)O[C@@H]2[C@H]3C(=C)[C@@H](O)C[C@H]3C(=C)C[C@H](OC(=O)/C(C)=C/C)[C@@H]12
Mol_05600	Mol_05600::M02	acrylate_ester	michael_acceptor	22;20;18;19;17;16	22	C=C1C(=O)O[C@@H]2[C@H]3C(=C)[C@@H](O)C[C@H]3C(=C)C[C@H](OC(=O)/C(C)=C/C)[C@@H]12
Mol_05600	Mol_05600::M03	methylene_butyrolactone	michael_acceptor	0;1;2;3;4	0	C=C1C(=O)O[C@@H]2[C@H]3C(=C)[C@@H](O)C[C@H]3C(=C)C[C@H](OC(=O)/C(C)=C/C)[C@@H]12
Mol_05601	Mol_05601::M01	acrylate_ester	michael_acceptor	0;1;2;3;4;5	0	C=C1C(=O)O[C@H]2[C@H]1[C@@H](OC(=O)/C(C)=C/CO)CC(=C)[C@@H]1C[C@H](O)[C@](O)(CCl)[C@H]21
Mol_05601	Mol_05601::M02	acrylate_ester	michael_acceptor	13;11;9;10;8;7	13	C=C1C(=O)O[C@H]2[C@H]1[C@@H](OC(=O)/C(C)=C/CO)CC(=C)[C@@H]1C[C@H](O)[C@](O)(CCl)[C@H]21
Mol_05601	Mol_05601::M03	methylene_butyrolactone	michael_acceptor	0;1;2;3;4	0	C=C1C(=O)O[C@H]2[C@H]1[C@@H](OC(=O)/C(C)=C/CO)CC(=C)[C@@H]1C[C@H](O)[C@](O)(CCl)[C@H]21
Mol_05602	Mol_05602::M01	acrylate_ester	michael_acceptor	0;1;2;3;4;5	0	C=C1C(=O)O[C@H]2[C@H]1[C@@H](OC(=O)[C@](C)(O)CCl)CC(=C)[C@@H]1C[C@@H](O)[C@](O)(CCl)[C@H]21
Mol_05602	Mol_05602::M02	methylene_butyrolactone	michael_acceptor	0;1;2;3;4	0	C=C1C(=O)O[C@H]2[C@H]1[C@@H](OC(=O)[C@](C)(O)CCl)CC(=C)[C@@H]1C[C@@H](O)[C@](O)(CCl)[C@H]21
Mol_05605	Mol_05605::M01	acrylate_ester	michael_acceptor	0;1;2;3;4;5	0	C=C1C(=O)O[C@H]2[C@H]1[C@@H](O)CC(=C)[C@@H]1C[C@H](O)[C@](O)(CCl)[C@H]21
Mol_05605	Mol_05605::M02	methylene_butyrolactone	michael_acceptor	0;1;2;3;4	0	C=C1C(=O)O[C@H]2[C@H]1[C@@H](O)CC(=C)[C@@H]1C[C@H](O)[C@](O)(CCl)[C@H]21
Mol_05615	Mol_05615::M01	acrylate_ester	michael_acceptor	0;1;2;3;4;5	0	C=C(C(=O)OC)[C@@H]1CC[C@@]2(C)CC[C@@H](O)[C@@H](O)[C@@H]2C1
Mol_05616	Mol_05616::M01	acrylic_acid	michael_acceptor	0;1;2;3;4	0	C=C(C(=O)O)[C@@H]1CC[C@@]2(C)C[C@@H](O)C[C@H](O)[C@@H]2C1
Mol_05617	Mol_05617::M01	acrylic_acid	michael_acceptor	0;1;2;3;4	0	C=C(C(=O)O)[C@@H]1CC[C@@]2(C)CCC=C[C@@H]2C1
Mol_05618	Mol_05618::M01	acrylic_acid	michael_acceptor	0;1;2;3;4	0	C=C(C(=O)O)[C@@H]1CC[C@@]2(C)CCCC(=C)[C@@H]2C1
Mol_05619	Mol_05619::M01	acrylic_acid	michael_acceptor	0;1;2;3;4	0	C=C(C(=O)O)[C@@H]1CC[C@@]2(C)C[C@@H](O)C=C[C@@H]2C1
Mol_05620	Mol_05620::M01	acrylic_acid	michael_acceptor	0;1;2;3;4	0	C=C(C(=O)O)[C@@H]1CC[C@@]2(C)CC[C@@H](O)C(=C)[C@@H]2C1
Mol_05621	Mol_05621::M01	acrylic_acid	michael_acceptor	0;1;2;3;4	0	C=C(C(=O)O)[C@@H]1CC[C@@]2(C)CCC[C@@](C)(O)[C@@H]2C1
Mol_05622	Mol_05622::M01	acrylate_ester	michael_acceptor	0;1;2;3;4;5	0	C=C1C(=O)O[C@@H]2C[C@H](C)C([C@@H](O)C(C)=O)=CC[C@H]12
Mol_05622	Mol_05622::M02	methylene_butyrolactone	michael_acceptor	0;1;2;3;4	0	C=C1C(=O)O[C@@H]2C[C@H](C)C([C@@H](O)C(C)=O)=CC[C@H]12
Mol_05623	Mol_05623::M01	acrylate_ester	michael_acceptor	0;1;2;3;4;5	0	C=C1C(=O)O[C@H]2C=C(C)[C@@H]3CC[C@](C)(O)[C@@H]3C[C@H]12
Mol_05623	Mol_05623::M02	methylene_butyrolactone	michael_acceptor	0;1;2;3;4	0	C=C1C(=O)O[C@H]2C=C(C)[C@@H]3CC[C@](C)(O)[C@@H]3C[C@H]12
Mol_05624	Mol_05624::M01	acrylate_ester	michael_acceptor	0;1;2;3;4;5	0	C=C1C(=O)O[C@H]2C[C@@H](C)[C@@H]3C=CC(=O)[C@@]3(C)[C@@H](O)[C@H]12
Mol_05624	Mol_05624::M02	enone_cyclic	michael_acceptor	10;11;12;13;14	10	C=C1C(=O)O[C@H]2C[C@@H](C)[C@@H]3C=CC(=O)[C@@]3(C)[C@@H](O)[C@H]12
Mol_05624	Mol_05624::M03	methylene_butyrolactone	michael_acceptor	0;1;2;3;4	0	C=C1C(=O)O[C@H]2C[C@@H](C)[C@@H]3C=CC(=O)[C@@]3(C)[C@@H](O)[C@H]12
Mol_05625	Mol_05625::M01	acrylate_ester	michael_acceptor	0;1;2;3;4;5	0	C=C1C(=O)O[C@H]2C[C@@H](C)[C@@H]3C=CC(=O)[C@@]3(C)[C@@H](OC(C)=O)[C@H]12
Mol_05625	Mol_05625::M02	enone_cyclic	michael_acceptor	10;11;12;13;14	10	C=C1C(=O)O[C@H]2C[C@@H](C)[C@@H]3C=CC(=O)[C@@]3(C)[C@@H](OC(C)=O)[C@H]12
Mol_05625	Mol_05625::M03	methylene_butyrolactone	michael_acceptor	0;1;2;3;4	0	C=C1C(=O)O[C@H]2C[C@@H](C)[C@@H]3C=CC(=O)[C@@]3(C)[C@@H](OC(C)=O)[C@H]12
Mol_05627	Mol_05627::M01	acrylic_acid	michael_acceptor	0;1;2;3;4	0	C=C(C(=O)O)[C@@H]1CC[C@@]2(C)CC[C@@H](O)[C@@](C)(O)[C@@H]2C1
Mol_05628	Mol_05628::M01	acrylate_ester	michael_acceptor	0;1;2;3;4;5	0	C=C(C(=O)OC)[C@@H]1CC[C@@]2(C)CC[C@@H](OC(C)=O)[C@@](C)(O)[C@@H]2C1
Mol_05629	Mol_05629::M01	acrylic_acid	michael_acceptor	0;1;2;3;4	0	C=C(C(=O)O)[C@@H]1CC[C@@]2(C)CC=C[C@@](C)(O)[C@@H]2C1
Mol_05632	Mol_05632::M01	enone_cyclic	michael_acceptor	6;5;17;18;16	6	CC(=O)CCC1=C(C)C[C@H]2OC(=O)[C@H](C)[C@H]2CC1=O
Mol_05633	Mol_05633::M01	enone_ketone_acyclic	michael_acceptor	10;11;12;14;13	10	C=C1C(=O)O[C@@H]2C[C@H](C)[C@]3(/C=C/C(C)=O)O[C@@H]3C[C@H]12
Mol_05633	Mol_05633::M02	acrylate_ester	michael_acceptor	0;1;2;3;4;5	0	C=C1C(=O)O[C@@H]2C[C@H](C)[C@]3(/C=C/C(C)=O)O[C@@H]3C[C@H]12
Mol_05633	Mol_05633::M03	methylene_butyrolactone	michael_acceptor	0;1;2;3;4	0	C=C1C(=O)O[C@@H]2C[C@H](C)[C@]3(/C=C/C(C)=O)O[C@@H]3C[C@H]12
Mol_05633	Mol_05633::M04	epoxide	sn2_ring_opening	9;15;16	9;16	C=C1C(=O)O[C@@H]2C[C@H](C)[C@]3(/C=C/C(C)=O)O[C@@H]3C[C@H]12
Mol_05634	Mol_05634::M01	acrylate_ester	michael_acceptor	0;1;2;3;4;5	0	C=C1C(=O)O[C@@H]2C[C@H](C)C(CCC(C)=O)=CC[C@H]12
Mol_05634	Mol_05634::M02	methylene_butyrolactone	michael_acceptor	0;1;2;3;4	0	C=C1C(=O)O[C@@H]2C[C@H](C)C(CCC(C)=O)=CC[C@H]12
Mol_05635	Mol_05635::M01	acrylate_ester	michael_acceptor	0;1;2;3;4;5	0	C=C1C(=O)O[C@@H]2C[C@H](C)C(/C=C/C(C)O)CC[C@H]12
Mol_05635	Mol_05635::M02	methylene_butyrolactone	michael_acceptor	0;1;2;3;4	0	C=C1C(=O)O[C@@H]2C[C@H](C)C(/C=C/C(C)O)CC[C@H]12
Mol_05636	Mol_05636::M01	acrylate_ester	michael_acceptor	0;1;2;3;4;5	0	C=C1C(=O)O[C@H]2C[C@@H](C)[C@@H]3CCC(=O)[C@@]3(C)C[C@H]12
Mol_05636	Mol_05636::M02	methylene_butyrolactone	michael_acceptor	0;1;2;3;4	0	C=C1C(=O)O[C@H]2C[C@@H](C)[C@@H]3CCC(=O)[C@@]3(C)C[C@H]12
Mol_05638	Mol_05638::M01	acrylate_ester	michael_acceptor	4;5;8;9;10;11	4	C[C@H]1CCC2=C(CO)C(=O)O[C@H]2[C@]2(C)C(=O)CC[C@@]12O
Mol_05638	Mol_05638::M02	unsat_lactone	michael_acceptor	10;8;9;5;4	4	C[C@H]1CCC2=C(CO)C(=O)O[C@H]2[C@]2(C)C(=O)CC[C@@]12O
Mol_05639	Mol_05639::M01	enone_cyclic	michael_acceptor	18;17;15;16;13	18	C[C@H]1CC[C@@H]2[C@@H](OC(=O)[C@]2(O)CO)[C@]2(C)C(=O)C=C[C@@]12O
Mol_05640	Mol_05640::M01	enone_cyclic	michael_acceptor	18;17;15;16;13	18	C[C@H]1CC[C@@H]2[C@@H](OC(=O)[C@@]2(O)CO)[C@]2(C)C(=O)C=C[C@@]12O
Mol_05641	Mol_05641::M01	acrylate_ester	michael_acceptor	4;5;27;28;29;30	4	C[C@H]1CCC2=C(CC[C@@]3(O)C(=O)O[C@@H]4[C@H]3CC[C@H](C)[C@]3(O)C=CC(=O)[C@@]43C)C(=O)O[C@H]2[C@]2(C)C(=O)C=C[C@@]12O
Mol_05641	Mol_05641::M02	enone_cyclic	michael_acceptor	21;22;23;24;25	21	C[C@H]1CCC2=C(CC[C@@]3(O)C(=O)O[C@@H]4[C@H]3CC[C@H](C)[C@]3(O)C=CC(=O)[C@@]43C)C(=O)O[C@H]2[C@]2(C)C(=O)C=C[C@@]12O
Mol_05641	Mol_05641::M03	enone_cyclic	michael_acceptor	36;35;33;34;31	36	C[C@H]1CCC2=C(CC[C@@]3(O)C(=O)O[C@@H]4[C@H]3CC[C@H](C)[C@]3(O)C=CC(=O)[C@@]43C)C(=O)O[C@H]2[C@]2(C)C(=O)C=C[C@@]12O
Mol_05641	Mol_05641::M04	unsat_lactone	michael_acceptor	29;27;28;5;4	4	C[C@H]1CCC2=C(CC[C@@]3(O)C(=O)O[C@@H]4[C@H]3CC[C@H](C)[C@]3(O)C=CC(=O)[C@@]43C)C(=O)O[C@H]2[C@]2(C)C(=O)C=C[C@@]12O
Mol_05642	Mol_05642::M01	acrylate_ester	michael_acceptor	4;5;27;28;29;30	4	C[C@H]1CCC2=C(CC[C@]3(O)C(=O)O[C@@H]4[C@H]3CC[C@H](C)[C@]3(O)C=CC(=O)[C@@]43C)C(=O)O[C@H]2[C@]2(C)C(=O)C=C[C@@]12O
Mol_05642	Mol_05642::M02	enone_cyclic	michael_acceptor	21;22;23;24;25	21	C[C@H]1CCC2=C(CC[C@]3(O)C(=O)O[C@@H]4[C@H]3CC[C@H](C)[C@]3(O)C=CC(=O)[C@@]43C)C(=O)O[C@H]2[C@]2(C)C(=O)C=C[C@@]12O
Mol_05642	Mol_05642::M03	enone_cyclic	michael_acceptor	36;35;33;34;31	36	C[C@H]1CCC2=C(CC[C@]3(O)C(=O)O[C@@H]4[C@H]3CC[C@H](C)[C@]3(O)C=CC(=O)[C@@]43C)C(=O)O[C@H]2[C@]2(C)C(=O)C=C[C@@]12O
Mol_05642	Mol_05642::M04	unsat_lactone	michael_acceptor	29;27;28;5;4	4	C[C@H]1CCC2=C(CC[C@]3(O)C(=O)O[C@@H]4[C@H]3CC[C@H](C)[C@]3(O)C=CC(=O)[C@@]43C)C(=O)O[C@H]2[C@]2(C)C(=O)C=C[C@@]12O
Mol_05644	Mol_05644::M01	acrylate_ester	michael_acceptor	4;5;8;9;10;11	4	C[C@H]1CCC2=C(CO)C(=O)O[C@H]2[C@]2(C)C(=O)C=C[C@@]12O
Mol_05644	Mol_05644::M02	enone_cyclic	michael_acceptor	17;16;14;15;12	17	C[C@H]1CCC2=C(CO)C(=O)O[C@H]2[C@]2(C)C(=O)C=C[C@@]12O
Mol_05644	Mol_05644::M03	unsat_lactone	michael_acceptor	10;8;9;5;4	4	C[C@H]1CCC2=C(CO)C(=O)O[C@H]2[C@]2(C)C(=O)C=C[C@@]12O
Mol_05655	Mol_05655::M01	acrylate_ester	michael_acceptor	3;2;1;0;12;13	3	O=C(/C=C\c1ccc(O)c(O)c1)O[C@H]1C[C@](OC(=O)/C=C/c2ccc(O)c(O)c2)(C(=O)O)C[C@H](O)[C@H]1O
Mol_05655	Mol_05655::M02	acrylate_ester	michael_acceptor	20;19;17;18;16;15	20	O=C(/C=C\c1ccc(O)c(O)c1)O[C@H]1C[C@](OC(=O)/C=C/c2ccc(O)c(O)c2)(C(=O)O)C[C@H](O)[C@H]1O
Mol_05656	Mol_05656::M01	acrylate_ester	michael_acceptor	3;2;1;0;12;13	3	O=C(/C=C/c1ccc(O)c(O)c1)O[C@@H]1C[C@](O)(C(=O)O)C[C@@H](OC(=O)/C=C/c2ccc(O)c(O)c2)[C@H]1O
Mol_05656	Mol_05656::M02	acrylate_ester	michael_acceptor	26;25;23;24;22;21	26	O=C(/C=C/c1ccc(O)c(O)c1)O[C@@H]1C[C@](O)(C(=O)O)C[C@@H](OC(=O)/C=C/c2ccc(O)c(O)c2)[C@H]1O
Mol_05658	Mol_05658::M01	acrylate_ester	michael_acceptor	19;18;16;17;15;14	19	O=C(O)CC(=O)OC(=O)[C@]1(O)C[C@@H](O)[C@@H](OC(=O)/C=C/c2ccc(O)c(O)c2)[C@@H](OC(=O)/C=C/c2ccc(O)c(O)c2)C1
Mol_05658	Mol_05658::M02	acrylate_ester	michael_acceptor	33;32;30;31;29;28	33	O=C(O)CC(=O)OC(=O)[C@]1(O)C[C@@H](O)[C@@H](OC(=O)/C=C/c2ccc(O)c(O)c2)[C@@H](OC(=O)/C=C/c2ccc(O)c(O)c2)C1
Mol_05662	Mol_05662::M01	epoxide	sn2_ring_opening	7;8;9	7;9	C=C[C@@]1(C)C[C@@](O)([C@H]2OC2(C)C)Oc2c1c(=O)oc1cccc(C)c21
Mol_05668	Mol_05668::M01	epoxide	sn2_ring_opening	8;10;11	8;11	C=C[C@@]1(C)C[C@@]2(OCC3(C)OC32)Oc2c1c(=O)oc1cccc(C)c21
Mol_05673	Mol_05673::M01	epoxide	sn2_ring_opening	18;19;20	18;20	C=CC(C)(CC(=O)c1c(C)cccc1O)CC(=O)C1OC1(C)C
Mol_05684	Mol_05684::M01	acrylate_ester	michael_acceptor	0;1;2;3;4;5	0	C=C1C(=O)O[C@@H]2C[C@H](C)C3=CC[C@@](C)(O)[C@@H]3C[C@H]12
Mol_05684	Mol_05684::M02	methylene_butyrolactone	michael_acceptor	0;1;2;3;4	0	C=C1C(=O)O[C@@H]2C[C@H](C)C3=CC[C@@](C)(O)[C@@H]3C[C@H]12
Mol_05685	Mol_05685::M01	acrylate_ester	michael_acceptor	0;1;2;3;4;5	0	C=C1C(=O)O[C@H]2CC(=C)[C@@H]3CC[C@@](C)(O)[C@@H]3CC12
Mol_05685	Mol_05685::M02	methylene_butyrolactone	michael_acceptor	0;1;2;3;4	0	C=C1C(=O)O[C@H]2CC(=C)[C@@H]3CC[C@@](C)(O)[C@@H]3CC12
Mol_05686	Mol_05686::M01	acrylate_ester	michael_acceptor	0;1;2;3;4;5	0	C=C1C(=O)O[C@H]2CC(=C)[C@H]3CC[C@@](C)(O)[C@@H]3CC12
Mol_05686	Mol_05686::M02	methylene_butyrolactone	michael_acceptor	0;1;2;3;4	0	C=C1C(=O)O[C@H]2CC(=C)[C@H]3CC[C@@](C)(O)[C@@H]3CC12
Mol_05687	Mol_05687::M01	enone_ketone_acyclic	michael_acceptor	10;11;12;14;13	10	C=C1C(=O)O[C@H]2C[C@H](C)C(/C=C/C(C)=O)=CC[C@H]12
Mol_05687	Mol_05687::M02	acrylate_ester	michael_acceptor	0;1;2;3;4;5	0	C=C1C(=O)O[C@H]2C[C@H](C)C(/C=C/C(C)=O)=CC[C@H]12
Mol_05687	Mol_05687::M03	methylene_butyrolactone	michael_acceptor	0;1;2;3;4	0	C=C1C(=O)O[C@H]2C[C@H](C)C(/C=C/C(C)=O)=CC[C@H]12
Mol_05688	Mol_05688::M01	enone_ketone_acyclic	michael_acceptor	10;11;12;14;13	10	C=C1C(=O)O[C@H]2C[C@H](C)C(/C=C/C(C)=O)=CCC12
Mol_05688	Mol_05688::M02	acrylate_ester	michael_acceptor	0;1;2;3;4;5	0	C=C1C(=O)O[C@H]2C[C@H](C)C(/C=C/C(C)=O)=CCC12
Mol_05688	Mol_05688::M03	methylene_butyrolactone	michael_acceptor	0;1;2;3;4	0	C=C1C(=O)O[C@H]2C[C@H](C)C(/C=C/C(C)=O)=CCC12
Mol_05690	Mol_05690::M01	acrylate_ester	michael_acceptor	0;1;2;3;4;5	0	C=C1C(=O)O[C@@H]2C[C@H](C)C(C(CC(C)OC(C)=O)OC(C)=O)=CC[C@H]12
Mol_05690	Mol_05690::M02	methylene_butyrolactone	michael_acceptor	0;1;2;3;4	0	C=C1C(=O)O[C@@H]2C[C@H](C)C(C(CC(C)OC(C)=O)OC(C)=O)=CC[C@H]12
Mol_05691	Mol_05691::M01	acrylate_ester	michael_acceptor	0;1;2;3;4;5	0	C=C1C(=O)O[C@H]2CC(C)C(CCC(C)=O)=CC[C@H]12
Mol_05691	Mol_05691::M02	methylene_butyrolactone	michael_acceptor	0;1;2;3;4	0	C=C1C(=O)O[C@H]2CC(C)C(CCC(C)=O)=CC[C@H]12
Mol_05692	Mol_05692::M01	acrylate_ester	michael_acceptor	0;1;2;3;4;5	0	C=C1C(=O)O[C@H]2C[C@H](C)C(C(O)CC(C)=O)=CC[C@H]12
Mol_05692	Mol_05692::M02	methylene_butyrolactone	michael_acceptor	0;1;2;3;4	0	C=C1C(=O)O[C@H]2C[C@H](C)C(C(O)CC(C)=O)=CC[C@H]12
Mol_05693	Mol_05693::M01	acrylate_ester	michael_acceptor	0;1;2;3;4;5	0	C=C1C(=O)O[C@H]2C[C@H](C)C(CCC(C)O)=CC[C@H]12
Mol_05693	Mol_05693::M02	methylene_butyrolactone	michael_acceptor	0;1;2;3;4	0	C=C1C(=O)O[C@H]2C[C@H](C)C(CCC(C)O)=CC[C@H]12
Mol_05694	Mol_05694::M01	acrylate_ester	michael_acceptor	0;1;2;3;4;5	0	C=C1C(=O)O[C@@H]2C[C@H](C)C(C(O)CC(C)OC(C)=O)=CC[C@H]12
Mol_05694	Mol_05694::M02	methylene_butyrolactone	michael_acceptor	0;1;2;3;4	0	C=C1C(=O)O[C@@H]2C[C@H](C)C(C(O)CC(C)OC(C)=O)=CC[C@H]12
Mol_05695	Mol_05695::M01	acrylate_ester	michael_acceptor	0;1;2;3;4;5	0	C=C1C(=O)O[C@@H]2C[C@H](C)C(C(CC(C)O)OC(C)=O)=CC[C@H]12
Mol_05695	Mol_05695::M02	methylene_butyrolactone	michael_acceptor	0;1;2;3;4	0	C=C1C(=O)O[C@@H]2C[C@H](C)C(C(CC(C)O)OC(C)=O)=CC[C@H]12
Mol_05696	Mol_05696::M01	acrylate_ester	michael_acceptor	0;1;2;3;4;5	0	C=C1C(=O)O[C@H]2C[C@]3(CO3)[C@@H]3CCC(=O)[C@@]3(C)C[C@H]12
Mol_05696	Mol_05696::M02	methylene_butyrolactone	michael_acceptor	0;1;2;3;4	0	C=C1C(=O)O[C@H]2C[C@]3(CO3)[C@@H]3CCC(=O)[C@@]3(C)C[C@H]12
Mol_05696	Mol_05696::M03	epoxide	sn2_ring_opening	7;9;8	7;8	C=C1C(=O)O[C@H]2C[C@]3(CO3)[C@@H]3CCC(=O)[C@@]3(C)C[C@H]12
Mol_05697	Mol_05697::M01	acrylate_ester	michael_acceptor	0;1;2;3;4;5	0	C=C1C(=O)O[C@H]2C[C@H](C)[C@@H]3CCC(=O)[C@@]3(C)C[C@H]12
Mol_05697	Mol_05697::M02	methylene_butyrolactone	michael_acceptor	0;1;2;3;4	0	C=C1C(=O)O[C@H]2C[C@H](C)[C@@H]3CCC(=O)[C@@]3(C)C[C@H]12
Mol_05698	Mol_05698::M01	acrylate_ester	michael_acceptor	0;1;2;3;4;5	0	C=C1C(=O)O[C@H]2C[C@@](C)(O)[C@@H]3CCC(=O)[C@@]3(C)C[C@H]12
Mol_05698	Mol_05698::M02	methylene_butyrolactone	michael_acceptor	0;1;2;3;4	0	C=C1C(=O)O[C@H]2C[C@@](C)(O)[C@@H]3CCC(=O)[C@@]3(C)C[C@H]12
Mol_05710	Mol_05710::M01	acrylate_ester	michael_acceptor	0;1;2;3;4;5	0	C=C1C(=O)O[C@@H]2CC(C)C3C(O)CC(O)[C@@]3(C)C[C@H]12
Mol_05710	Mol_05710::M02	methylene_butyrolactone	michael_acceptor	0;1;2;3;4	0	C=C1C(=O)O[C@@H]2CC(C)C3C(O)CC(O)[C@@]3(C)C[C@H]12
Mol_05711	Mol_05711::M01	acrylate_ester	michael_acceptor	0;1;2;3;4;5	0	C=C1C(=O)O[C@@H]2C[C@@H](C)C3[C@@H](O)C[C@@H](O)[C@@]3(C)[C@@H](O)[C@H]12
Mol_05711	Mol_05711::M02	methylene_butyrolactone	michael_acceptor	0;1;2;3;4	0	C=C1C(=O)O[C@@H]2C[C@@H](C)C3[C@@H](O)C[C@@H](O)[C@@]3(C)[C@@H](O)[C@H]12
Mol_05720	Mol_05720::M01	nitrile	addition_to_CN	2;1;0	1	N#CC(O[C@@H]1O[C@H](CO)[C@@H](O)[C@H](O)[C@H]1O)c1ccccc1
Mol_05723	Mol_05723::M01	acrylate_ester	michael_acceptor	14;15;17;18;19;2	14	CO[C@]12C[C@@]3(O)CCC[C@H](C)[C@@]3(C)CC1=C(C)C(=O)O2
Mol_05723	Mol_05723::M02	unsat_lactone	michael_acceptor	19;17;18;15;14	14	CO[C@]12C[C@@]3(O)CCC[C@H](C)[C@@]3(C)CC1=C(C)C(=O)O2
Mol_05724	Mol_05724::M01	acrylate_ester	michael_acceptor	3;4;6;7;8;9	3	CO[C@H]1C2=C(C)C(=O)O[C@@]2(OC)C[C@@]2(O)CCC[C@H](C)[C@@]12C
Mol_05724	Mol_05724::M02	unsat_lactone	michael_acceptor	8;6;7;4;3	3	CO[C@H]1C2=C(C)C(=O)O[C@@]2(OC)C[C@@]2(O)CCC[C@H](C)[C@@]12C
Mol_05725	Mol_05725::M01	acrylate_ester	michael_acceptor	1;2;4;5;6;7	1	C/C=C(/C)C(=O)O[C@H]1CC[C@]2(O)C[C@@H]3OC(=O)C(C)=C3C[C@]2(C)[C@H]1C
Mol_05725	Mol_05725::M02	acrylate_ester	michael_acceptor	19;17;15;16;14;13	19	C/C=C(/C)C(=O)O[C@H]1CC[C@]2(O)C[C@@H]3OC(=O)C(C)=C3C[C@]2(C)[C@H]1C
Mol_05725	Mol_05725::M03	unsat_lactone	michael_acceptor	14;15;16;17;19	19	C/C=C(/C)C(=O)O[C@H]1CC[C@]2(O)C[C@@H]3OC(=O)C(C)=C3C[C@]2(C)[C@H]1C
Mol_05726	Mol_05726::M01	acrylate_ester	michael_acceptor	2;1;16;17;15;14	2	CC1=C2C[C@]3(C)[C@@H](C)CCC[C@]3(O)C[C@@H]2OC1=O
Mol_05726	Mol_05726::M02	unsat_lactone	michael_acceptor	15;16;17;1;2	2	CC1=C2C[C@]3(C)[C@@H](C)CCC[C@]3(O)C[C@@H]2OC1=O
Mol_05727	Mol_05727::M01	acrylate_ester	michael_acceptor	2;1;17;18;16;14	2	CC1=C2C[C@]3(C)[C@@H](C)CCC[C@]3(O)C[C@]2(O)OC1=O
Mol_05727	Mol_05727::M02	unsat_lactone	michael_acceptor	16;17;18;1;2	2	CC1=C2C[C@]3(C)[C@@H](C)CCC[C@]3(O)C[C@]2(O)OC1=O
Mol_05733	Mol_05733::M01	acrylate_ester	michael_acceptor	0;1;2;3;4;5	0	C=C1C(=O)O[C@]23C[C@H]1CCC(CO)=C2C(=O)C=C3C
Mol_05733	Mol_05733::M02	enone_cyclic	michael_acceptor	10;13;14;15;16	10	C=C1C(=O)O[C@]23C[C@H]1CCC(CO)=C2C(=O)C=C3C
Mol_05733	Mol_05733::M03	enone_cyclic	michael_acceptor	17;16;14;15;13	17	C=C1C(=O)O[C@]23C[C@H]1CCC(CO)=C2C(=O)C=C3C
Mol_05734	Mol_05734::M01	enone_cyclic	michael_acceptor	1;2;3;4;5	1	CC1=CC(=O)C2=C(CO)CC[C@@H]3C[C@]12OC(=O)[C@@H]3C
Mol_05734	Mol_05734::M02	enone_cyclic	michael_acceptor	6;5;3;4;2	6	CC1=CC(=O)C2=C(CO)CC[C@@H]3C[C@]12OC(=O)[C@@H]3C
Mol_05735	Mol_05735::M01	acrylate_ester	michael_acceptor	0;1;2;3;4;5	0	C=C1C(=O)O[C@]23C[C@H]1CCC(CO[C@@H]1O[C@H](CO)[C@@H](O)[C@H](O)[C@H]1O)=C2C(=O)C=C3C
Mol_05735	Mol_05735::M02	enone_cyclic	michael_acceptor	10;24;25;26;27	10	C=C1C(=O)O[C@]23C[C@H]1CCC(CO[C@@H]1O[C@H](CO)[C@@H](O)[C@H](O)[C@H]1O)=C2C(=O)C=C3C
Mol_05735	Mol_05735::M03	enone_cyclic	michael_acceptor	28;27;25;26;24	28	C=C1C(=O)O[C@]23C[C@H]1CCC(CO[C@@H]1O[C@H](CO)[C@@H](O)[C@H](O)[C@H]1O)=C2C(=O)C=C3C
Mol_05736	Mol_05736::M01	enone_cyclic	michael_acceptor	1;2;3;4;5	1	CC1=CC(=O)C2=C(CO[C@@H]3O[C@H](CO)[C@@H](O)[C@H](O)[C@H]3O)CC[C@@H]3C[C@]12OC(=O)[C@@H]3C
Mol_05736	Mol_05736::M02	enone_cyclic	michael_acceptor	6;5;3;4;2	6	CC1=CC(=O)C2=C(CO[C@@H]3O[C@H](CO)[C@@H](O)[C@H](O)[C@H]3O)CC[C@@H]3C[C@]12OC(=O)[C@@H]3C
Mol_05740	Mol_05740::M01	acrylate_ester	michael_acceptor	15;16;18;19;20;2	15	CO[C@]12C[C@@]3(O)CCC[C@H](C)[C@@]3(C)[C@H](O)C1=C(C)C(=O)O2
Mol_05740	Mol_05740::M02	unsat_lactone	michael_acceptor	20;18;19;16;15	15	CO[C@]12C[C@@]3(O)CCC[C@H](C)[C@@]3(C)[C@H](O)C1=C(C)C(=O)O2
Mol_05741	Mol_05741::M01	acrylate_ester	michael_acceptor	1;2;4;5;6;7	1	C/C=C(/C)C(=O)O[C@H]1CC[C@]2(O)C[C@@]3(OC)OC(=O)C(C)=C3[C@@H](O)[C@]2(C)[C@H]1C
Mol_05741	Mol_05741::M02	acrylate_ester	michael_acceptor	21;19;17;18;16;13	21	C/C=C(/C)C(=O)O[C@H]1CC[C@]2(O)C[C@@]3(OC)OC(=O)C(C)=C3[C@@H](O)[C@]2(C)[C@H]1C
Mol_05741	Mol_05741::M03	unsat_lactone	michael_acceptor	16;17;18;19;21	21	C/C=C(/C)C(=O)O[C@H]1CC[C@]2(O)C[C@@]3(OC)OC(=O)C(C)=C3[C@@H](O)[C@]2(C)[C@H]1C
Mol_05742	Mol_05742::M01	acrylate_ester	michael_acceptor	1;2;4;5;6;7	1	C/C=C(/C)C(=O)O[C@H]1CC[C@]2(O)C[C@@]3(OC)OC(=O)C(C)=C3C[C@]2(C)[C@H]1C
Mol_05742	Mol_05742::M02	acrylate_ester	michael_acceptor	21;19;17;18;16;13	21	C/C=C(/C)C(=O)O[C@H]1CC[C@]2(O)C[C@@]3(OC)OC(=O)C(C)=C3C[C@]2(C)[C@H]1C
Mol_05742	Mol_05742::M03	unsat_lactone	michael_acceptor	16;17;18;19;21	21	C/C=C(/C)C(=O)O[C@H]1CC[C@]2(O)C[C@@]3(OC)OC(=O)C(C)=C3C[C@]2(C)[C@H]1C
Mol_05764	Mol_05764::M01	enone_cyclic	michael_acceptor	26;24;22;23;21	26	CC(=O)O[C@@H]1[C@@H](OC(C)=O)[C@H](OC(C)(C)[C@@H]2CC[C@@]3(C)CCC(=O)C(C)=C3C2)OC[C@H]1OC(C)=O
Mol_05769	Mol_05769::M01	acrylate_ester	michael_acceptor	1;2;4;5;6;7	1	C/C=C(/C)C(=O)O[C@@H]1C=C(C)CC[C@@]2(O)C(C(C)C)CC(=O)[C@]12C
Mol_05770	Mol_05770::M01	acrylate_ester	michael_acceptor	1;2;4;5;6;7	1	C/C=C(/C)C(=O)O[C@H]1CC=C(C)C2C3OC(=O)[C@H](C)C3C[C@@H](OC(C)=O)[C@]21C
Mol_05780	Mol_05780::M01	acrylate_ester	michael_acceptor	1;2;4;5;6;7	1	C/C=C(/C)C(=O)O[C@H]1CC=C(C)[C@H]2[C@@H]3OC(=O)[C@H](C)[C@@H]3C[C@H](OC(C)=O)[C@@]12C
Mol_05798	Mol_05798::M01	acrylate_ester	michael_acceptor	0;1;2;3;4;5	0	C=C1C(=O)O[C@@H]2C[C@H](C)[C@@H]3CCC(=O)[C@@]3(C)C[C@H]12
Mol_05798	Mol_05798::M02	methylene_butyrolactone	michael_acceptor	0;1;2;3;4	0	C=C1C(=O)O[C@@H]2C[C@H](C)[C@@H]3CCC(=O)[C@@]3(C)C[C@H]12
Mol_05799	Mol_05799::M01	acrylic_acid	michael_acceptor	0;1;2;3;4	0	C=C(C(=O)O)[C@H]1CC[C@@]2(C)CCCC(C)=C2C1
Mol_05806	Mol_05806::M01	acrylic_acid	michael_acceptor	0;1;2;3;4	0	C=C(C(=O)O)[C@H]1CC[C@@]2(C)CCC[C@@](C)(O)[C@@H]2C1
Mol_05807	Mol_05807::M01	acrylate_ester	michael_acceptor	0;1;2;3;4;5	0	C=C1C(=O)O[C@@H]2CC(C)=C3CC[C@@](C)(O)[C@@H]3C[C@H]12
Mol_05807	Mol_05807::M02	methylene_butyrolactone	michael_acceptor	0;1;2;3;4	0	C=C1C(=O)O[C@@H]2CC(C)=C3CC[C@@](C)(O)[C@@H]3C[C@H]12
Mol_05808	Mol_05808::M01	acrylate_ester	michael_acceptor	8;7;5;6;4;3	8	C=C1C[C@H]2OC(=O)C(=C)[C@H]2C[C@@H]2[C@@H]1CC[C@@]2(C)O
Mol_05808	Mol_05808::M02	methylene_butyrolactone	michael_acceptor	8;7;5;6;4	8	C=C1C[C@H]2OC(=O)C(=C)[C@H]2C[C@@H]2[C@@H]1CC[C@@]2(C)O
Mol_05809	Mol_05809::M01	acrylate_ester	michael_acceptor	0;1;2;3;4;5	0	C=C1C(=O)O[C@@H]2CC(=C)[C@@]3(O)CC[C@@](C)(O)[C@@H]3C[C@H]12
Mol_05809	Mol_05809::M02	methylene_butyrolactone	michael_acceptor	0;1;2;3;4	0	C=C1C(=O)O[C@@H]2CC(=C)[C@@]3(O)CC[C@@](C)(O)[C@@H]3C[C@H]12
Mol_05810	Mol_05810::M01	acrylate_ester	michael_acceptor	0;1;2;3;4;5	0	C=C1C(=O)O[C@H]2C[C@H](C)[C@H]3CC[C@](C)(O)[C@]3(O)C[C@H]12
Mol_05810	Mol_05810::M02	methylene_butyrolactone	michael_acceptor	0;1;2;3;4	0	C=C1C(=O)O[C@H]2C[C@H](C)[C@H]3CC[C@](C)(O)[C@]3(O)C[C@H]12
Mol_05811	Mol_05811::M01	acrylic_acid	michael_acceptor	0;1;2;3;4	0	C=C(C(=O)O)[C@@H]1CC[C@@]2(C)CCC(C(C)=O)[C@@]2(O)C1
Mol_05812	Mol_05812::M01	acrylic_acid	michael_acceptor	0;1;2;3;4	0	C=C(C(=O)O)[C@@H]1CC[C@@]2(C)CCC(C(C)=O)=C2C1
Mol_05815	Mol_05815::M01	acrylic_acid	michael_acceptor	0;1;2;3;4	0	C=C(C(=O)O)[C@@H]1CC[C@@]2(C)CCCC(=C)[C@@]2(O)C1
Mol_05820	Mol_05820::M01	acrylate_ester	michael_acceptor	0;1;2;3;4;5	0	C=C1C(=O)O[C@]23CC1CC[C@@]2(C)CCCC3=C
Mol_05821	Mol_05821::M01	enone_cyclic	michael_acceptor	15;13;11;12;10	15	COC(=O)[C@@H]1CC[C@@]2(C)CCC(=O)C(C)=C2[C@@H]1O
Mol_05823	Mol_05823::M01	acrylic_acid	michael_acceptor	0;1;2;3;4	0	C=C(C(=O)O)[C@@H]1CC[C@@]2(C)CC[C@H](O)[C@@]2(C(C)=O)C1
Mol_05835	Mol_05835::M01	epoxide	sn2_ring_opening	6;16;15	6;15	CCCCOCC1(c2ccc(C)cc2C)CO1
Mol_05867	Mol_05867::M01	epoxide	sn2_ring_opening	1;11;10	1;10	CC12CC[C@@H](C3(C)CO3)CC1O2
Mol_05867	Mol_05867::M02	epoxide	sn2_ring_opening	5;8;7	5;7	CC12CC[C@@H](C3(C)CO3)CC1O2
Mol_05869	Mol_05869::M01	aldehyde	reversible_carbonyl	5;6;7	6	CCCCCCC=O
Mol_05877	Mol_05877::M01	acrylate_ester	michael_acceptor	4;5;6;7;8;9	4	CCCC/C=C/C(=O)OCC
Mol_05879	Mol_05879::M01	aldehyde	reversible_carbonyl	16;17;18	17	CCCCCC/C=C/CCCCCCCCCC=O
Mol_05881	Mol_05881::M01	acrylate_ester	michael_acceptor	0;1;2;3;4;5	0	C=C1C(=O)O[C@@H]2[C@H]3C(CO)=CC(=O)C3=C(C)C[C@H](O)[C@@H]12
Mol_05881	Mol_05881::M02	enone_cyclic	michael_acceptor	7;10;11;12;13	7	C=C1C(=O)O[C@@H]2[C@H]3C(CO)=CC(=O)C3=C(C)C[C@H](O)[C@@H]12
Mol_05881	Mol_05881::M03	enone_cyclic	michael_acceptor	14;13;11;12;10	14	C=C1C(=O)O[C@@H]2[C@H]3C(CO)=CC(=O)C3=C(C)C[C@H](O)[C@@H]12
Mol_05881	Mol_05881::M04	methylene_butyrolactone	michael_acceptor	0;1;2;3;4	0	C=C1C(=O)O[C@@H]2[C@H]3C(CO)=CC(=O)C3=C(C)C[C@H](O)[C@@H]12
Mol_05882	Mol_05882::M01	acrylate_ester	michael_acceptor	0;1;2;3;4;5	0	C=C1C(=O)O[C@@H]2[C@H]3C(CO)=CC(=O)C3=C(C)C[C@@H](OC(C)=O)[C@@H]12
Mol_05882	Mol_05882::M02	enone_cyclic	michael_acceptor	7;10;11;12;13	7	C=C1C(=O)O[C@@H]2[C@H]3C(CO)=CC(=O)C3=C(C)C[C@@H](OC(C)=O)[C@@H]12
Mol_05882	Mol_05882::M03	enone_cyclic	michael_acceptor	14;13;11;12;10	14	C=C1C(=O)O[C@@H]2[C@H]3C(CO)=CC(=O)C3=C(C)C[C@@H](OC(C)=O)[C@@H]12
Mol_05882	Mol_05882::M04	methylene_butyrolactone	michael_acceptor	0;1;2;3;4	0	C=C1C(=O)O[C@@H]2[C@H]3C(CO)=CC(=O)C3=C(C)C[C@@H](OC(C)=O)[C@@H]12
Mol_05883	Mol_05883::M01	enone_cyclic	michael_acceptor	1;2;3;4;5	1	CC1=C2C(=O)C=C(CO)[C@@H]2[C@H]2OC(=O)[C@@H](C)[C@@H]2[C@@H](O)C1
Mol_05883	Mol_05883::M02	enone_cyclic	michael_acceptor	6;5;3;4;2	6	CC1=C2C(=O)C=C(CO)[C@@H]2[C@H]2OC(=O)[C@@H](C)[C@@H]2[C@@H](O)C1
Mol_05884	Mol_05884::M01	acrylate_ester	michael_acceptor	0;1;2;3;4;5	0	C=C1C(=O)O[C@@H]2[C@H]3C(COC(C)=O)=CC(=O)C3=C(C)C[C@H](O)[C@@H]12
Mol_05884	Mol_05884::M02	enone_cyclic	michael_acceptor	7;13;14;15;16	7	C=C1C(=O)O[C@@H]2[C@H]3C(COC(C)=O)=CC(=O)C3=C(C)C[C@H](O)[C@@H]12
Mol_05884	Mol_05884::M03	enone_cyclic	michael_acceptor	17;16;14;15;13	17	C=C1C(=O)O[C@@H]2[C@H]3C(COC(C)=O)=CC(=O)C3=C(C)C[C@H](O)[C@@H]12
Mol_05884	Mol_05884::M04	methylene_butyrolactone	michael_acceptor	0;1;2;3;4	0	C=C1C(=O)O[C@@H]2[C@H]3C(COC(C)=O)=CC(=O)C3=C(C)C[C@H](O)[C@@H]12
Mol_05931	Mol_05931::M01	acrylate_ester	michael_acceptor	0;1;2;3;4;5	0	C=C1C(=O)O[C@@H]2/C=C(\C)[C@@H](O[C@@H]3O[C@H](CO)[C@@H](O)[C@H](O)[C@H]3O)C/C=C(\CO)CCC12
Mol_05931	Mol_05931::M02	methylene_butyrolactone	michael_acceptor	0;1;2;3;4	0	C=C1C(=O)O[C@@H]2/C=C(\C)[C@@H](O[C@@H]3O[C@H](CO)[C@@H](O)[C@H](O)[C@H]3O)C/C=C(\CO)CCC12
Mol_05932	Mol_05932::M01	acrylate_ester	michael_acceptor	0;1;2;3;4;5	0	C=C1C(=O)O[C@@H]2/C=C(\C)[C@@H](O[C@@H]3O[C@H](CO)[C@@H](O)[C@H](O)[C@H]3O)C/C=C(\COC(=O)Cc3ccc(O)cc3)CCC12
Mol_05932	Mol_05932::M02	methylene_butyrolactone	michael_acceptor	0;1;2;3;4	0	C=C1C(=O)O[C@@H]2/C=C(\C)[C@@H](O[C@@H]3O[C@H](CO)[C@@H](O)[C@H](O)[C@H]3O)C/C=C(\COC(=O)Cc3ccc(O)cc3)CCC12
Mol_05933	Mol_05933::M01	acrylate_ester	michael_acceptor	0;1;2;3;4;5	0	C=C1C(=O)O[C@@H]2C3C(COC(=O)[C@@H](C)COS(=O)(=O)O)=CC(=O)C3=C(C)CC[C@@H]12
Mol_05933	Mol_05933::M02	enone_cyclic	michael_acceptor	7;20;21;22;23	7	C=C1C(=O)O[C@@H]2C3C(COC(=O)[C@@H](C)COS(=O)(=O)O)=CC(=O)C3=C(C)CC[C@@H]12
Mol_05933	Mol_05933::M03	enone_cyclic	michael_acceptor	24;23;21;22;20	24	C=C1C(=O)O[C@@H]2C3C(COC(=O)[C@@H](C)COS(=O)(=O)O)=CC(=O)C3=C(C)CC[C@@H]12
Mol_05933	Mol_05933::M04	methylene_butyrolactone	michael_acceptor	0;1;2;3;4	0	C=C1C(=O)O[C@@H]2C3C(COC(=O)[C@@H](C)COS(=O)(=O)O)=CC(=O)C3=C(C)CC[C@@H]12
Mol_05935	Mol_05935::M01	enone_cyclic	michael_acceptor	10;11;12;13;14	10	C[C@@H]1CC[C@]2(C)CC[C@]3(C)C(=CC(=O)C4[C@@]5(C)CC[C@H](O)C(C)(C)C5CC[C@]43C)C2[C@H]1C
Mol_05936	Mol_05936::M01	enone_cyclic	michael_acceptor	11;12;13;14;15	11	CC1(C)CC[C@]2(C)CC[C@]3(C)C(=CC(=O)C4[C@@]5(C)CC[C@H](O)C(C)(C)C5CC[C@]43C)C2C1
Mol_05946	Mol_05946::M01	acrylate_ester	michael_acceptor	0;1;2;3;4;5	0	C=C1C(=O)O[C@@H]2C3=C(C)CC[C@@H](O)[C@]3(C)CC[C@@H]12
Mol_05946	Mol_05946::M02	methylene_butyrolactone	michael_acceptor	0;1;2;3;4	0	C=C1C(=O)O[C@@H]2C3=C(C)CC[C@@H](O)[C@]3(C)CC[C@@H]12
Mol_05949	Mol_05949::M01	acrylate_ester	michael_acceptor	0;1;2;3;4;5	0	C=C1C(=O)O[C@H]2/C=C(\C)[C@@H](O[C@@H]3O[C@H](CO)[C@@H](O)[C@H](O)[C@H]3O)C/C=C(\C)CC[C@@H]12
Mol_05949	Mol_05949::M02	methylene_butyrolactone	michael_acceptor	0;1;2;3;4	0	C=C1C(=O)O[C@H]2/C=C(\C)[C@@H](O[C@@H]3O[C@H](CO)[C@@H](O)[C@H](O)[C@H]3O)C/C=C(\C)CC[C@@H]12
Mol_05951	Mol_05951::M01	acrylate_ester	michael_acceptor	0;1;2;3;4;5	0	C=C1C(=O)O[C@@H]2/C=C(\CO[C@@H]3O[C@H](CO)[C@@H](O)[C@H](O)[C@H]3O)CC/C=C(\C)CC[C@@H]12
Mol_05951	Mol_05951::M02	methylene_butyrolactone	michael_acceptor	0;1;2;3;4	0	C=C1C(=O)O[C@@H]2/C=C(\CO[C@@H]3O[C@H](CO)[C@@H](O)[C@H](O)[C@H]3O)CC/C=C(\C)CC[C@@H]12
Mol_05952	Mol_05952::M01	acrylate_ester	michael_acceptor	23;22;24;25;26;27	23	C=C1CC[C@H]2C(=C)[C@H](O[C@@H]3O[C@H](CO)[C@@H](O)[C@H](O)[C@H]3O)C[C@H]3C(=C)C(=O)O[C@@H]3[C@@H]12
Mol_05952	Mol_05952::M02	methylene_butyrolactone	michael_acceptor	23;22;24;25;26	23	C=C1CC[C@H]2C(=C)[C@H](O[C@@H]3O[C@H](CO)[C@@H](O)[C@H](O)[C@H]3O)C[C@H]3C(=C)C(=O)O[C@@H]3[C@@H]12
Mol_05953	Mol_05953::M01	acrylate_ester	michael_acceptor	0;1;2;3;4;5	0	C=C1C(=O)O[C@@H]2[C@H]3C(CO[C@@H]4O[C@H](CO)[C@@H](O)[C@H](O)[C@H]4O)=CC(=O)C3=C(C)CC[C@@H]12
Mol_05953	Mol_05953::M02	enone_cyclic	michael_acceptor	7;21;22;23;24	7	C=C1C(=O)O[C@@H]2[C@H]3C(CO[C@@H]4O[C@H](CO)[C@@H](O)[C@H](O)[C@H]4O)=CC(=O)C3=C(C)CC[C@@H]12
Mol_05953	Mol_05953::M03	enone_cyclic	michael_acceptor	25;24;22;23;21	25	C=C1C(=O)O[C@@H]2[C@H]3C(CO[C@@H]4O[C@H](CO)[C@@H](O)[C@H](O)[C@H]4O)=CC(=O)C3=C(C)CC[C@@H]12
Mol_05953	Mol_05953::M04	methylene_butyrolactone	michael_acceptor	0;1;2;3;4	0	C=C1C(=O)O[C@@H]2[C@H]3C(CO[C@@H]4O[C@H](CO)[C@@H](O)[C@H](O)[C@H]4O)=CC(=O)C3=C(C)CC[C@@H]12
Mol_05954	Mol_05954::M01	acrylate_ester	michael_acceptor	8;7;5;6;4;3	8	C=C1[C@@H]2[C@H]3OC(=O)C(=C)[C@@H]3C[C@@H](O)C(=C)[C@@H]2C[C@@H]1O[C@@H]1O[C@H](CO)[C@@H](O)[C@H](O)[C@H]1O
Mol_05954	Mol_05954::M02	methylene_butyrolactone	michael_acceptor	8;7;5;6;4	8	C=C1[C@@H]2[C@H]3OC(=O)C(=C)[C@@H]3C[C@@H](O)C(=C)[C@@H]2C[C@@H]1O[C@@H]1O[C@H](CO)[C@@H](O)[C@H](O)[C@H]1O
Mol_05955	Mol_05955::M01	enal	michael_acceptor	15;12;13;14	15	C/C1=C\[C@H]2OC(=O)[C@@H](C)[C@@H]2CC/C(C=O)=C/C[C@@H]1O
Mol_05955	Mol_05955::M02	aldehyde	reversible_carbonyl	12;13;14	13	C/C1=C\[C@H]2OC(=O)[C@@H](C)[C@@H]2CC/C(C=O)=C/C[C@@H]1O
Mol_05959	Mol_05959::M01	acrylate_ester	michael_acceptor	0;1;2;3;4;5	0	C=C1C(=O)O[C@@H]2[C@H]3C(CO)=CC(=O)C3=C(C)C[C@H](OC(=O)Cc3ccc(O)cc3)[C@@H]12
Mol_05959	Mol_05959::M02	enone_cyclic	michael_acceptor	7;10;11;12;13	7	C=C1C(=O)O[C@@H]2[C@H]3C(CO)=CC(=O)C3=C(C)C[C@H](OC(=O)Cc3ccc(O)cc3)[C@@H]12
Mol_05959	Mol_05959::M03	enone_cyclic	michael_acceptor	14;13;11;12;10	14	C=C1C(=O)O[C@@H]2[C@H]3C(CO)=CC(=O)C3=C(C)C[C@H](OC(=O)Cc3ccc(O)cc3)[C@@H]12
Mol_05959	Mol_05959::M04	methylene_butyrolactone	michael_acceptor	0;1;2;3;4	0	C=C1C(=O)O[C@@H]2[C@H]3C(CO)=CC(=O)C3=C(C)C[C@H](OC(=O)Cc3ccc(O)cc3)[C@@H]12
Mol_06033	Mol_06033::M01	enone_cyclic	michael_acceptor	9;10;11;12;13	9	C[C@]1(O)CC[C@H]2[C@@H]3CCC4=CC(=O)CCC4=C3C=C[C@@]21C
Mol_06036	Mol_06036::M01	epoxide	sn2_ring_opening	5;6;7	5;7	CC1=C[C@H](O)[C@@]23O[C@]2(C)CCC2C(C)C(=O)O[C@@H]2C13
Mol_06037	Mol_06037::M01	acrylate_ester	michael_acceptor	6;5;3;4;2;1	6	CCOC(=O)/C=C/c1ccc(O)c(O)c1
Mol_06047	Mol_06047::M01	enone_cyclic	michael_acceptor	2;1;12;13;11	2	CC1=CCC[C@@H]2C(=O)O[C@H]3[C@@H]2[C@H](C1=O)[C@@H]1C[C@@]13C
Mol_06053	Mol_06053::M01	acrylate_ester	michael_acceptor	0;1;2;3;4;5	0	C=C(C(=O)OC)[C@H]1[C@H](O)[C@H]2C(=O)CC[C@@H](O)[C@@H]2C[C@@H]1OC(=O)C(C)CO
Mol_06054	Mol_06054::M01	acrylate_ester	michael_acceptor	14;13;15;16;17;18	14	C=C[C@@H]1C[C@H](OC(=O)C(C)CO)C2C(=C)C(=O)O[C@@H]2[C@H]1C(=C)CO
Mol_06054	Mol_06054::M02	methylene_butyrolactone	michael_acceptor	14;13;15;16;17	14	C=C[C@@H]1C[C@H](OC(=O)C(C)CO)C2C(=C)C(=O)O[C@@H]2[C@H]1C(=C)CO
Mol_06055	Mol_06055::M01	acrylate_ester	michael_acceptor	1;2;4;5;6;7	1	C/C=C(/C)C(=O)O[C@H]1CC(C)=C2C(=O)C=C(C)[C@]2(O)[C@H]2OC(=O)[C@@H](C)[C@H]12
Mol_06055	Mol_06055::M02	enone_cyclic	michael_acceptor	9;11;12;13;14	9	C/C=C(/C)C(=O)O[C@H]1CC(C)=C2C(=O)C=C(C)[C@]2(O)[C@H]2OC(=O)[C@@H](C)[C@H]12
Mol_06055	Mol_06055::M03	enone_cyclic	michael_acceptor	15;14;12;13;11	15	C/C=C(/C)C(=O)O[C@H]1CC(C)=C2C(=O)C=C(C)[C@]2(O)[C@H]2OC(=O)[C@@H](C)[C@H]12
Mol_06056	Mol_06056::M01	enone_cyclic	michael_acceptor	1;2;3;4;5	1	CC1=CC(=O)C2=C(C)C[C@H](OC(C)(C)C)[C@H]3[C@H](C)C(=O)O[C@@H]3[C@@]12O
Mol_06056	Mol_06056::M02	enone_cyclic	michael_acceptor	6;5;3;4;2	6	CC1=CC(=O)C2=C(C)C[C@H](OC(C)(C)C)[C@H]3[C@H](C)C(=O)O[C@@H]3[C@@]12O
Mol_06057	Mol_06057::M01	enone_cyclic	michael_acceptor	1;2;3;4;5	1	CC1=CC(=O)C2=C(C)C[C@H](OC(=O)CC(C)C)[C@H]3[C@H](C)C(=O)O[C@@H]3[C@@]12O
Mol_06057	Mol_06057::M02	enone_cyclic	michael_acceptor	6;5;3;4;2	6	CC1=CC(=O)C2=C(C)C[C@H](OC(=O)CC(C)C)[C@H]3[C@H](C)C(=O)O[C@@H]3[C@@]12O
Mol_06058	Mol_06058::M01	enone_cyclic	michael_acceptor	9;11;12;13;14	9	CCC(C)C(=O)O[C@H]1CC(C)=C2C(=O)C=C(C)[C@]2(O)[C@H]2OC(=O)[C@@H](C)[C@H]12
Mol_06058	Mol_06058::M02	enone_cyclic	michael_acceptor	15;14;12;13;11	15	CCC(C)C(=O)O[C@H]1CC(C)=C2C(=O)C=C(C)[C@]2(O)[C@H]2OC(=O)[C@@H](C)[C@H]12
Mol_06059	Mol_06059::M01	acrylate_ester	michael_acceptor	1;2;4;5;6;7	1	C/C=C(/C)C(=O)O[C@H]1C[C@@](C)(O)[C@@]23O[C@@H]2[C@@H]2O[C@]2(C)[C@@H]3[C@H]2OC(=O)[C@@H](C)[C@@H]21
Mol_06059	Mol_06059::M02	epoxide	sn2_ring_opening	12;13;14	12;14	C/C=C(/C)C(=O)O[C@H]1C[C@@](C)(O)[C@@]23O[C@@H]2[C@@H]2O[C@]2(C)[C@@H]3[C@H]2OC(=O)[C@@H](C)[C@@H]21
Mol_06059	Mol_06059::M03	epoxide	sn2_ring_opening	15;16;17	15;17	C/C=C(/C)C(=O)O[C@H]1C[C@@](C)(O)[C@@]23O[C@@H]2[C@@H]2O[C@]2(C)[C@@H]3[C@H]2OC(=O)[C@@H](C)[C@@H]21
Mol_06060	Mol_06060::M01	epoxide	sn2_ring_opening	11;12;13	11;13	CC(C)C(=O)O[C@H]1C[C@@](C)(O)[C@@]23O[C@@H]2[C@@H]2O[C@]2(C)[C@@H]3[C@H]2OC(=O)[C@@H](C)[C@@H]21
Mol_06060	Mol_06060::M02	epoxide	sn2_ring_opening	14;15;16	14;16	CC(C)C(=O)O[C@H]1C[C@@](C)(O)[C@@]23O[C@@H]2[C@@H]2O[C@]2(C)[C@@H]3[C@H]2OC(=O)[C@@H](C)[C@@H]21
Mol_06061	Mol_06061::M01	epoxide	sn2_ring_opening	12;13;14	12;14	CC(C)CC(=O)O[C@H]1C[C@@](C)(O)[C@@]23O[C@@H]2[C@@H]2O[C@]2(C)[C@@H]3[C@H]2OC(=O)[C@@H](C)[C@@H]21
Mol_06061	Mol_06061::M02	epoxide	sn2_ring_opening	15;16;17	15;17	CC(C)CC(=O)O[C@H]1C[C@@](C)(O)[C@@]23O[C@@H]2[C@@H]2O[C@]2(C)[C@@H]3[C@H]2OC(=O)[C@@H](C)[C@@H]21
Mol_06062	Mol_06062::M01	epoxide	sn2_ring_opening	12;13;14	12;14	CCC(C)C(=O)O[C@H]1C[C@@](C)(O)[C@@]23O[C@@H]2[C@@H]2O[C@]2(C)[C@@H]3[C@H]2OC(=O)[C@@H](C)[C@@H]21
Mol_06062	Mol_06062::M02	epoxide	sn2_ring_opening	15;16;17	15;17	CCC(C)C(=O)O[C@H]1C[C@@](C)(O)[C@@]23O[C@@H]2[C@@H]2O[C@]2(C)[C@@H]3[C@H]2OC(=O)[C@@H](C)[C@@H]21
Mol_06063	Mol_06063::M01	acrylate_ester	michael_acceptor	1;2;4;5;6;7	1	C/C=C(/C)C(=O)O[C@H]1C[C@@](C)(O)[C@]23O[C@H]2[C@H]2O[C@@]2(C)[C@@H]3[C@H]2OC(=O)[C@@H](C)[C@@H]21
Mol_06063	Mol_06063::M02	epoxide	sn2_ring_opening	12;13;14	12;14	C/C=C(/C)C(=O)O[C@H]1C[C@@](C)(O)[C@]23O[C@H]2[C@H]2O[C@@]2(C)[C@@H]3[C@H]2OC(=O)[C@@H](C)[C@@H]21
Mol_06063	Mol_06063::M03	epoxide	sn2_ring_opening	15;16;17	15;17	C/C=C(/C)C(=O)O[C@H]1C[C@@](C)(O)[C@]23O[C@H]2[C@H]2O[C@@]2(C)[C@@H]3[C@H]2OC(=O)[C@@H](C)[C@@H]21
Mol_06064	Mol_06064::M01	epoxide	sn2_ring_opening	11;12;13	11;13	CC(C)C(=O)O[C@H]1C[C@@](C)(O)[C@]23O[C@H]2[C@H]2O[C@@]2(C)[C@@H]3[C@H]2OC(=O)[C@@H](C)[C@@H]21
Mol_06064	Mol_06064::M02	epoxide	sn2_ring_opening	14;15;16	14;16	CC(C)C(=O)O[C@H]1C[C@@](C)(O)[C@]23O[C@H]2[C@H]2O[C@@]2(C)[C@@H]3[C@H]2OC(=O)[C@@H](C)[C@@H]21
Mol_06065	Mol_06065::M01	epoxide	sn2_ring_opening	12;13;14	12;14	CC(C)CC(=O)O[C@H]1C[C@@](C)(O)[C@]23O[C@H]2[C@H]2O[C@@]2(C)[C@@H]3[C@H]2OC(=O)[C@@H](C)[C@@H]21
Mol_06065	Mol_06065::M02	epoxide	sn2_ring_opening	15;16;17	15;17	CC(C)CC(=O)O[C@H]1C[C@@](C)(O)[C@]23O[C@H]2[C@H]2O[C@@]2(C)[C@@H]3[C@H]2OC(=O)[C@@H](C)[C@@H]21
Mol_06066	Mol_06066::M01	epoxide	sn2_ring_opening	12;13;14	12;14	CCC(C)C(=O)O[C@H]1C[C@@](C)(O)[C@]23O[C@H]2[C@H]2O[C@@]2(C)[C@@H]3[C@H]2OC(=O)[C@@H](C)[C@@H]21
Mol_06066	Mol_06066::M02	epoxide	sn2_ring_opening	15;16;17	15;17	CCC(C)C(=O)O[C@H]1C[C@@](C)(O)[C@]23O[C@H]2[C@H]2O[C@@]2(C)[C@@H]3[C@H]2OC(=O)[C@@H](C)[C@@H]21
Mol_06067	Mol_06067::M01	acrylate_ester	michael_acceptor	1;2;4;5;6;7	1	C/C=C(/C)C(=O)O[C@H]1C[C@@](C)(O)[C@]2(O)C=C[C@@](C)(O)[C@@H]2[C@H]2OC(=O)[C@@H](C)[C@@H]21
Mol_06071	Mol_06071::M01	acrylate_ester	michael_acceptor	1;2;4;5;6;7	1	C/C=C(/C)C(=O)O[C@H]1C[C@@](C)(O)[C@]23O[C@H]2C[C@](C)(O)[C@]3(Cl)[C@H]2OC(=O)[C@@H](C)[C@H]12
Mol_06071	Mol_06071::M02	epoxide	sn2_ring_opening	12;13;14	12;14	C/C=C(/C)C(=O)O[C@H]1C[C@@](C)(O)[C@]23O[C@H]2C[C@](C)(O)[C@]3(Cl)[C@H]2OC(=O)[C@@H](C)[C@H]12
Mol_06072	Mol_06072::M01	epoxide	sn2_ring_opening	11;12;13	11;13	CC(C)C(=O)O[C@H]1C[C@@](C)(O)[C@]23O[C@H]2C[C@](C)(O)[C@]3(Cl)[C@H]2OC(=O)[C@@H](C)[C@H]12
Mol_06073	Mol_06073::M01	epoxide	sn2_ring_opening	12;13;14	12;14	CC(C)CC(=O)O[C@H]1C[C@@](C)(O)[C@]23O[C@H]2C[C@](C)(O)[C@]3(Cl)[C@H]2OC(=O)[C@@H](C)[C@H]12
Mol_06074	Mol_06074::M01	epoxide	sn2_ring_opening	12;13;14	12;14	CCC(C)C(=O)O[C@H]1C[C@@](C)(O)[C@]23O[C@H]2C[C@](C)(O)[C@]3(Cl)[C@H]2OC(=O)[C@@H](C)[C@H]12
Mol_06075	Mol_06075::M01	acrylate_ester	michael_acceptor	1;2;4;5;6;7	1	C/C=C(/C)C(=O)O[C@H]1C[C@@](C)(O)[C@]23O[C@H]2C[C@](C)(O)[C@]3(O)[C@H]2OC(=O)[C@@H](C)[C@H]12
Mol_06075	Mol_06075::M02	epoxide	sn2_ring_opening	12;13;14	12;14	C/C=C(/C)C(=O)O[C@H]1C[C@@](C)(O)[C@]23O[C@H]2C[C@](C)(O)[C@]3(O)[C@H]2OC(=O)[C@@H](C)[C@H]12
Mol_06076	Mol_06076::M01	epoxide	sn2_ring_opening	11;12;13	11;13	CC(C)C(=O)O[C@H]1C[C@@](C)(O)[C@]23O[C@H]2C[C@](C)(O)[C@]3(O)[C@H]2OC(=O)[C@@H](C)[C@H]12
Mol_06077	Mol_06077::M01	epoxide	sn2_ring_opening	12;13;14	12;14	CC(C)CC(=O)O[C@H]1C[C@@](C)(O)[C@]23O[C@H]2C[C@](C)(O)[C@]3(O)[C@H]2OC(=O)[C@@H](C)[C@H]12
Mol_06078	Mol_06078::M01	epoxide	sn2_ring_opening	12;13;14	12;14	CCC(C)C(=O)O[C@H]1C[C@@](C)(O)[C@]23O[C@H]2C[C@](C)(O)[C@]3(O)[C@H]2OC(=O)[C@@H](C)[C@H]12
Mol_06079	Mol_06079::M01	acrylate_ester	michael_acceptor	1;2;4;5;6;7	1	C/C=C(/C)C(=O)O[C@H]1C[C@@](C)(O)[C@@]23O[C@@H]2[C@H](O)[C@@](C)(O)[C@@H]3[C@H]2OC(=O)[C@@H](C)[C@@H]21
Mol_06079	Mol_06079::M02	epoxide	sn2_ring_opening	12;13;14	12;14	C/C=C(/C)C(=O)O[C@H]1C[C@@](C)(O)[C@@]23O[C@@H]2[C@H](O)[C@@](C)(O)[C@@H]3[C@H]2OC(=O)[C@@H](C)[C@@H]21
Mol_06080	Mol_06080::M01	epoxide	sn2_ring_opening	11;12;13	11;13	CC(C)C(=O)O[C@H]1C[C@@](C)(O)[C@@]23O[C@@H]2[C@H](O)[C@@](C)(O)[C@@H]3[C@H]2OC(=O)[C@@H](C)[C@@H]21
Mol_06081	Mol_06081::M01	epoxide	sn2_ring_opening	12;13;14	12;14	CC(C)CC(=O)O[C@H]1C[C@@](C)(O)[C@@]23O[C@@H]2[C@H](O)[C@@](C)(O)[C@@H]3[C@H]2OC(=O)[C@@H](C)[C@@H]21
Mol_06082	Mol_06082::M01	epoxide	sn2_ring_opening	10;11;12	10;12	CCC(=O)O[C@H]1C[C@@](C)(O)[C@@]23O[C@@H]2[C@H](O)[C@@](C)(O)[C@@H]3[C@H]2OC(=O)[C@@H](C)[C@@H]21
Mol_06083	Mol_06083::M01	epoxide	sn2_ring_opening	12;13;14	12;14	CCC(C)C(=O)O[C@H]1C[C@@](C)(O)[C@@]23O[C@@H]2[C@H](O)[C@@](C)(O)[C@@H]3[C@H]2OC(=O)[C@@H](C)[C@@H]21
Mol_06084	Mol_06084::M01	acrylate_ester	michael_acceptor	1;2;4;5;6;7	1	C/C=C(/C)C(=O)O[C@H]1C[C@@](C)(O)[C@@]23O[C@@H]2[C@H](OC(C)=O)[C@@](C)(O)[C@@H]3[C@H]2OC(=O)[C@@H](C)[C@@H]21
Mol_06084	Mol_06084::M02	epoxide	sn2_ring_opening	12;13;14	12;14	C/C=C(/C)C(=O)O[C@H]1C[C@@](C)(O)[C@@]23O[C@@H]2[C@H](OC(C)=O)[C@@](C)(O)[C@@H]3[C@H]2OC(=O)[C@@H](C)[C@@H]21
Mol_06085	Mol_06085::M01	acrylate_ester	michael_acceptor	1;2;4;5;6;7	1	C/C=C(/C)C(=O)O[C@H]1C[C@@](C)(OC(C)=O)[C@@]23O[C@@H]2[C@H](O)[C@@](C)(O)[C@@H]3[C@H]2OC(=O)[C@@H](C)[C@@H]21
Mol_06085	Mol_06085::M02	epoxide	sn2_ring_opening	15;16;17	15;17	C/C=C(/C)C(=O)O[C@H]1C[C@@](C)(OC(C)=O)[C@@]23O[C@@H]2[C@H](O)[C@@](C)(O)[C@@H]3[C@H]2OC(=O)[C@@H](C)[C@@H]21
Mol_06086	Mol_06086::M01	acrylate_ester	michael_acceptor	1;2;4;5;6;7	1	C/C=C(/C)C(=O)O[C@H]1C[C@@](C)(OC(C)=O)[C@@]23O[C@@H]2[C@H](OC(C)=O)[C@@](C)(O)[C@@H]3[C@H]2OC(=O)[C@@H](C)[C@@H]21
Mol_06086	Mol_06086::M02	epoxide	sn2_ring_opening	15;16;17	15;17	C/C=C(/C)C(=O)O[C@H]1C[C@@](C)(OC(C)=O)[C@@]23O[C@@H]2[C@H](OC(C)=O)[C@@](C)(O)[C@@H]3[C@H]2OC(=O)[C@@H](C)[C@@H]21
Mol_06087	Mol_06087::M01	acrylate_ester	michael_acceptor	1;2;4;5;6;7	1	C/C=C(/C)C(=O)O[C@H]1C[C@@](C)(O)[C@]2(O)[C@@H]3O[C@@H]3[C@@](C)(O)[C@@H]2[C@H]2OC(=O)[C@@H](C)[C@@H]21
Mol_06087	Mol_06087::M02	epoxide	sn2_ring_opening	14;15;16	14;16	C/C=C(/C)C(=O)O[C@H]1C[C@@](C)(O)[C@]2(O)[C@@H]3O[C@@H]3[C@@](C)(O)[C@@H]2[C@H]2OC(=O)[C@@H](C)[C@@H]21
Mol_06088	Mol_06088::M01	epoxide	sn2_ring_opening	13;14;15	13;15	CC(C)C(=O)O[C@H]1C[C@@](C)(O)[C@]2(O)[C@@H]3O[C@@H]3[C@@](C)(O)[C@@H]2[C@H]2OC(=O)[C@@H](C)[C@@H]21
Mol_06089	Mol_06089::M01	epoxide	sn2_ring_opening	14;15;16	14;16	CC(C)CC(=O)O[C@H]1C[C@@](C)(O)[C@]2(O)[C@@H]3O[C@@H]3[C@@](C)(O)[C@@H]2[C@H]2OC(=O)[C@@H](C)[C@@H]21
Mol_06090	Mol_06090::M01	epoxide	sn2_ring_opening	14;15;16	14;16	CCC(C)C(=O)O[C@H]1C[C@@](C)(O)[C@]2(O)[C@@H]3O[C@@H]3[C@@](C)(O)[C@@H]2[C@H]2OC(=O)[C@@H](C)[C@@H]21
Mol_06091	Mol_06091::M01	acrylate_ester	michael_acceptor	1;2;4;5;6;7	1	C/C=C(/C)C(=O)O[C@H]1C[C@@](C)(O)[C@@]23C=C[C@@](C)(OO2)[C@@H]3[C@H]2OC(=O)[C@@H](C)[C@@H]21
Mol_06095	Mol_06095::M01	enone_ketone_acyclic	michael_acceptor	4;3;1;2;0	4	CC(=O)/C=C/[C@H]1[C@H](C)C(=O)O[C@@H]1C1=C(C)C(O)CC1=O
Mol_06095	Mol_06095::M02	enone_cyclic	michael_acceptor	13;12;18;19;17	13	CC(=O)/C=C/[C@H]1[C@H](C)C(=O)O[C@@H]1C1=C(C)C(O)CC1=O
Mol_06101	Mol_06101::M01	acrylic_acid	michael_acceptor	8;9;10;11;12	8	C#CC#CCC/C=C/C=C/C(=O)O
Mol_06105	Mol_06105::M01	acrylate_ester	michael_acceptor	0;1;2;3;4;5	0	C=C1C(=O)O[C@@H]2[C@@H]3[C@@]4(C=C[C@]3(C)OO4)[C@](C)(O)CC[C@@H]12
Mol_06105	Mol_06105::M02	methylene_butyrolactone	michael_acceptor	0;1;2;3;4	0	C=C1C(=O)O[C@@H]2[C@@H]3[C@@]4(C=C[C@]3(C)OO4)[C@](C)(O)CC[C@@H]12
Mol_06106	Mol_06106::M01	enone_ketone_acyclic	michael_acceptor	16;15;13;14;12	16	C=CC(C)(O)CCC(OO)C(=C)CC(=O)C=C(C)C
Mol_06107	Mol_06107::M01	enone_ketone_acyclic	michael_acceptor	15;14;12;13;10	15	C=CC(C)(O)CC/C=C(\C)C(O)C(=O)C=C(C)C
Mol_06108	Mol_06108::M01	enone_ketone_acyclic	michael_acceptor	7;8;10;11;12	7	C=CC(C)(O)CC/C=C(\C)C(=O)/C=C/C(C)(C)OO
Mol_06108	Mol_06108::M02	enone_ketone_acyclic	michael_acceptor	13;12;10;11;8	13	C=CC(C)(O)CC/C=C(\C)C(=O)/C=C/C(C)(C)OO
Mol_06109	Mol_06109::M01	acrylate_ester	michael_acceptor	0;1;2;3;4;5	0	C=C1C(=O)O[C@@H]2C[C@@]3(C)C[C@@H](O)CC(=C)[C@]3(OO)C[C@H]12
Mol_06109	Mol_06109::M02	methylene_butyrolactone	michael_acceptor	0;1;2;3;4	0	C=C1C(=O)O[C@@H]2C[C@@]3(C)C[C@@H](O)CC(=C)[C@]3(OO)C[C@H]12
Mol_06110	Mol_06110::M01	acrylate_ester	michael_acceptor	0;1;2;3;4;5	0	C=C1C(=O)O[C@@H]2C[C@@]3(C)C[C@@H](O)CC(=C)[C@@H]3C[C@H]12
Mol_06110	Mol_06110::M02	methylene_butyrolactone	michael_acceptor	0;1;2;3;4	0	C=C1C(=O)O[C@@H]2C[C@@]3(C)C[C@@H](O)CC(=C)[C@@H]3C[C@H]12
Mol_06111	Mol_06111::M01	acrylate_ester	michael_acceptor	0;1;2;3;4;5	0	C=C1C(=O)OC2CC3(C)CC(O)CC(C)C3=CC12
Mol_06111	Mol_06111::M02	methylene_butyrolactone	michael_acceptor	0;1;2;3;4	0	C=C1C(=O)OC2CC3(C)CC(O)CC(C)C3=CC12
Mol_06112	Mol_06112::M01	acrylate_ester	michael_acceptor	0;1;2;3;4;5	0	C=C1C(=O)O[C@@H]2C[C@H](C)C([C@H](C[C@H](C)O)OC(C)=O)=CC[C@H]12
Mol_06112	Mol_06112::M02	methylene_butyrolactone	michael_acceptor	0;1;2;3;4	0	C=C1C(=O)O[C@@H]2C[C@H](C)C([C@H](C[C@H](C)O)OC(C)=O)=CC[C@H]12
Mol_06113	Mol_06113::M01	acrylate_ester	michael_acceptor	0;1;2;3;4;5	0	C=C1C(=O)O[C@@H]2C[C@H](C)C([C@@H](O)C[C@H](C)OC(C)=O)=CC[C@H]12
Mol_06113	Mol_06113::M02	methylene_butyrolactone	michael_acceptor	0;1;2;3;4	0	C=C1C(=O)O[C@@H]2C[C@H](C)C([C@@H](O)C[C@H](C)OC(C)=O)=CC[C@H]12
Mol_06114	Mol_06114::M01	acrylate_ester	michael_acceptor	0;1;2;3;4;5	0	C=C1C(=O)O[C@H]2C[C@H](C)C([C@H](C[C@H](C)O)OC(C)=O)=CC[C@H]12
Mol_06114	Mol_06114::M02	methylene_butyrolactone	michael_acceptor	0;1;2;3;4	0	C=C1C(=O)O[C@H]2C[C@H](C)C([C@H](C[C@H](C)O)OC(C)=O)=CC[C@H]12
Mol_06115	Mol_06115::M01	acrylate_ester	michael_acceptor	0;1;2;3;4;5	0	C=C1C(=O)O[C@H]2C[C@H](C)C([C@@H](O)C[C@H](C)OC(C)=O)=CC[C@H]12
Mol_06115	Mol_06115::M02	methylene_butyrolactone	michael_acceptor	0;1;2;3;4	0	C=C1C(=O)O[C@H]2C[C@H](C)C([C@@H](O)C[C@H](C)OC(C)=O)=CC[C@H]12
Mol_06116	Mol_06116::M01	acrylate_ester	michael_acceptor	0;1;2;3;4;5	0	C=C1C(=O)O[C@@H]2C[C@H](C)C(CCC(C)=O)=CCC12
Mol_06116	Mol_06116::M02	methylene_butyrolactone	michael_acceptor	0;1;2;3;4	0	C=C1C(=O)O[C@@H]2C[C@H](C)C(CCC(C)=O)=CCC12
Mol_06117	Mol_06117::M01	acrylate_ester	michael_acceptor	0;1;2;3;4;5	0	C=C1C(=O)O[C@H]2C[C@H](C)C(CCC(C)=O)=CCC12
Mol_06117	Mol_06117::M02	methylene_butyrolactone	michael_acceptor	0;1;2;3;4	0	C=C1C(=O)O[C@H]2C[C@H](C)C(CCC(C)=O)=CCC12
Mol_06118	Mol_06118::M01	acrylate_ester	michael_acceptor	0;1;2;3;4;5	0	C=C1C(=O)O[C@@H]2CC(C)=C3CC[C@@](C)(O)C3CC12
Mol_06118	Mol_06118::M02	methylene_butyrolactone	michael_acceptor	0;1;2;3;4	0	C=C1C(=O)O[C@@H]2CC(C)=C3CC[C@@](C)(O)C3CC12
Mol_06119	Mol_06119::M01	acrylate_ester	michael_acceptor	0;1;2;3;4;5	0	C=C1C(=O)O[C@@H]2CC(C)C3=CC[C@@](C)(O)C3CC12
Mol_06119	Mol_06119::M02	methylene_butyrolactone	michael_acceptor	0;1;2;3;4	0	C=C1C(=O)O[C@@H]2CC(C)C3=CC[C@@](C)(O)C3CC12
Mol_06120	Mol_06120::M01	acrylate_ester	michael_acceptor	0;1;2;3;4;5	0	C=C1C(=O)O[C@@H]2CC(=C)[C@@]3(O)CC[C@@](C)(O)C3CC12
Mol_06120	Mol_06120::M02	methylene_butyrolactone	michael_acceptor	0;1;2;3;4	0	C=C1C(=O)O[C@@H]2CC(=C)[C@@]3(O)CC[C@@](C)(O)C3CC12
Mol_06121	Mol_06121::M01	acrylate_ester	michael_acceptor	0;1;2;3;4;5	0	C=C1C(=O)O[C@@H]2C[C@](C)(O)C3=CC[C@](C)(O)C3CC12
Mol_06121	Mol_06121::M02	methylene_butyrolactone	michael_acceptor	0;1;2;3;4	0	C=C1C(=O)O[C@@H]2C[C@](C)(O)C3=CC[C@](C)(O)C3CC12
Mol_06130	Mol_06130::M01	acrylate_ester	michael_acceptor	0;1;2;3;4;5	0	C=C1C(=O)O[C@H]2[C@H]1C[C@@H](O)[C@@]1(C)[C@@H](OC(=O)/C(C)=C\C)C[C@@H]3O[C@]3(C)[C@H]21
Mol_06130	Mol_06130::M02	acrylate_ester	michael_acceptor	18;16;14;15;13;12	18	C=C1C(=O)O[C@H]2[C@H]1C[C@@H](O)[C@@]1(C)[C@@H](OC(=O)/C(C)=C\C)C[C@@H]3O[C@]3(C)[C@H]21
Mol_06130	Mol_06130::M03	methylene_butyrolactone	michael_acceptor	0;1;2;3;4	0	C=C1C(=O)O[C@H]2[C@H]1C[C@@H](O)[C@@]1(C)[C@@H](OC(=O)/C(C)=C\C)C[C@@H]3O[C@]3(C)[C@H]21
Mol_06130	Mol_06130::M04	epoxide	sn2_ring_opening	21;22;23	21;23	C=C1C(=O)O[C@H]2[C@H]1C[C@@H](O)[C@@]1(C)[C@@H](OC(=O)/C(C)=C\C)C[C@@H]3O[C@]3(C)[C@H]21
Mol_06131	Mol_06131::M01	acrylate_ester	michael_acceptor	0;1;2;3;4;5	0	C=C1C(=O)O[C@@H]2[C@@H]3[C@@H]([C@H](O)C[C@@H]12)[C@H](OC(=O)/C(C)=C\C)C[C@@H]1O[C@]31C
Mol_06131	Mol_06131::M02	acrylate_ester	michael_acceptor	18;16;14;15;13;12	18	C=C1C(=O)O[C@@H]2[C@@H]3[C@@H]([C@H](O)C[C@@H]12)[C@H](OC(=O)/C(C)=C\C)C[C@@H]1O[C@]31C
Mol_06131	Mol_06131::M03	methylene_butyrolactone	michael_acceptor	0;1;2;3;4	0	C=C1C(=O)O[C@@H]2[C@@H]3[C@@H]([C@H](O)C[C@@H]12)[C@H](OC(=O)/C(C)=C\C)C[C@@H]1O[C@]31C
Mol_06131	Mol_06131::M04	epoxide	sn2_ring_opening	21;22;23	21;23	C=C1C(=O)O[C@@H]2[C@@H]3[C@@H]([C@H](O)C[C@@H]12)[C@H](OC(=O)/C(C)=C\C)C[C@@H]1O[C@]31C
Mol_06143	Mol_06143::M01	acrylate_ester	michael_acceptor	0;1;2;3;4;5	0	C=C1C(=O)O[C@H]2C1C[C@@H](O)[C@]1(C)[C@@H]2C(C)=CC[C@H]1OC(=O)/C(C)=C\C
Mol_06143	Mol_06143::M02	acrylate_ester	michael_acceptor	23;21;19;20;18;17	23	C=C1C(=O)O[C@H]2C1C[C@@H](O)[C@]1(C)[C@@H]2C(C)=CC[C@H]1OC(=O)/C(C)=C\C
Mol_06143	Mol_06143::M03	methylene_butyrolactone	michael_acceptor	0;1;2;3;4	0	C=C1C(=O)O[C@H]2C1C[C@@H](O)[C@]1(C)[C@@H]2C(C)=CC[C@H]1OC(=O)/C(C)=C\C
Mol_06144	Mol_06144::M01	acrylate_ester	michael_acceptor	0;1;2;3;4;5	0	C=C1C(=O)O[C@H]2C1C[C@@H](O)[C@@]1(C)[C@H](O)CC=C(C)[C@H]21
Mol_06144	Mol_06144::M02	methylene_butyrolactone	michael_acceptor	0;1;2;3;4	0	C=C1C(=O)O[C@H]2C1C[C@@H](O)[C@@]1(C)[C@H](O)CC=C(C)[C@H]21
Mol_06146	Mol_06146::M01	acrylate_ester	michael_acceptor	1;2;4;5;6;7	1	C/C=C(/C)C(=O)O[C@H]1C[C@H]2O[C@@]2(C)[C@@H]2[C@H]3OC(=O)[C@@H](C)C3C[C@@H](O)[C@@]12C
Mol_06146	Mol_06146::M02	epoxide	sn2_ring_opening	9;10;11	9;11	C/C=C(/C)C(=O)O[C@H]1C[C@H]2O[C@@]2(C)[C@@H]2[C@H]3OC(=O)[C@@H](C)C3C[C@@H](O)[C@@]12C
Mol_06147	Mol_06147::M01	acrylate_ester	michael_acceptor	1;2;4;5;6;7	1	C/C=C(/C)C(=O)O[C@@H]1CC2[C@H](C)C(=O)O[C@@H]2[C@H]2[C@]3(C)O[C@@H]3C[C@H](O)[C@]12C
Mol_06147	Mol_06147::M02	epoxide	sn2_ring_opening	17;19;20	17;20	C/C=C(/C)C(=O)O[C@@H]1CC2[C@H](C)C(=O)O[C@@H]2[C@H]2[C@]3(C)O[C@@H]3C[C@H](O)[C@]12C
Mol_06148	Mol_06148::M01	epoxide	sn2_ring_opening	17;19;20	17;20	CC(C)CC(=O)O[C@@H]1CC2[C@H](C)C(=O)O[C@@H]2[C@H]2[C@]3(C)O[C@@H]3C[C@H](O)[C@]12C
Mol_06149	Mol_06149::M01	epoxide	sn2_ring_opening	18;20;21	18;21	CCC(C)CC(=O)O[C@@H]1CC2[C@H](C)C(=O)O[C@@H]2[C@H]2[C@]3(C)O[C@@H]3C[C@H](O)[C@]12C
Mol_06153	Mol_06153::M01	acrylate_ester	michael_acceptor	0;1;2;3;4;5	0	C=C1C(=O)O[C@@H]2/C=C(\C)CC/C=C(\C)C(O)C[C@@H]12
Mol_06153	Mol_06153::M02	methylene_butyrolactone	michael_acceptor	0;1;2;3;4	0	C=C1C(=O)O[C@@H]2/C=C(\C)CC/C=C(\C)C(O)C[C@@H]12
Mol_06154	Mol_06154::M01	acrylate_ester	michael_acceptor	0;1;2;3;4;5	0	C=C1C(=O)O[C@H]2C[C@](C)(OO)C3=CC[C@](C)(O)[C@@H]3C[C@H]12
Mol_06154	Mol_06154::M02	methylene_butyrolactone	michael_acceptor	0;1;2;3;4	0	C=C1C(=O)O[C@H]2C[C@](C)(OO)C3=CC[C@](C)(O)[C@@H]3C[C@H]12
Mol_06155	Mol_06155::M01	acrylate_ester	michael_acceptor	0;1;2;3;4;5	0	C=C1C(=O)O[C@H]2CC(=C)[C@@]3(OO)CC[C@@](C)(O)[C@@H]3C[C@H]12
Mol_06155	Mol_06155::M02	methylene_butyrolactone	michael_acceptor	0;1;2;3;4	0	C=C1C(=O)O[C@H]2CC(=C)[C@@]3(OO)CC[C@@](C)(O)[C@@H]3C[C@H]12
Mol_06156	Mol_06156::M01	acrylate_ester	michael_acceptor	0;1;2;3;4;5	0	C=C1C(=O)O[C@H]2C[C@@H](C)[C@]34C=C[C@](C)(OO3)[C@@H]4C[C@H]12
Mol_06156	Mol_06156::M02	methylene_butyrolactone	michael_acceptor	0;1;2;3;4	0	C=C1C(=O)O[C@H]2C[C@@H](C)[C@]34C=C[C@](C)(OO3)[C@@H]4C[C@H]12
Mol_06159	Mol_06159::M01	acrylate_ester	michael_acceptor	0;1;2;3;4;5	0	C=C1C(=O)O[C@H]2C[C@@](C)(OO)C3=CC[C@@](C)(O)[C@@H]3C[C@H]12
Mol_06159	Mol_06159::M02	methylene_butyrolactone	michael_acceptor	0;1;2;3;4	0	C=C1C(=O)O[C@H]2C[C@@](C)(OO)C3=CC[C@@](C)(O)[C@@H]3C[C@H]12
Mol_06160	Mol_06160::M01	acrylic_acid	michael_acceptor	0;1;2;3;4	0	C=C(C(=O)O)[C@@H]1CC[C@@]2(C)CCCC(CO)=C2C1
Mol_06161	Mol_06161::M01	acrylate_ester	michael_acceptor	0;1;2;3;4;5	0	C=C1C(=O)O[C@H]2C[C@H](C)C(CCC(C)=O)=CC[C@H]12
Mol_06161	Mol_06161::M02	methylene_butyrolactone	michael_acceptor	0;1;2;3;4	0	C=C1C(=O)O[C@H]2C[C@H](C)C(CCC(C)=O)=CC[C@H]12
Mol_06162	Mol_06162::M01	acrylate_ester	michael_acceptor	0;1;2;3;4;5	0	C=C1C(=O)OC2CC(C)C(C(O)CC(C)O)=CCC12
Mol_06162	Mol_06162::M02	methylene_butyrolactone	michael_acceptor	0;1;2;3;4	0	C=C1C(=O)OC2CC(C)C(C(O)CC(C)O)=CCC12
Mol_06163	Mol_06163::M01	acrylic_acid	michael_acceptor	0;1;2;3;4	0	C=C(C(=O)O)[C@@H]1CC[C@@]2(C)CCC[C@@](O)(C=O)[C@@]2(O)C1
Mol_06163	Mol_06163::M02	aldehyde	reversible_carbonyl	13;15;16	15	C=C(C(=O)O)[C@@H]1CC[C@@]2(C)CCC[C@@](O)(C=O)[C@@]2(O)C1
Mol_06164	Mol_06164::M01	acrylate_ester	michael_acceptor	0;1;2;3;4;5	0	C=C1C(=O)O[C@H]2CC(=C)[C@@]3(O)CC[C@](C)(O)[C@@H]3C[C@H]12
Mol_06164	Mol_06164::M02	methylene_butyrolactone	michael_acceptor	0;1;2;3;4	0	C=C1C(=O)O[C@H]2CC(=C)[C@@]3(O)CC[C@](C)(O)[C@@H]3C[C@H]12
Mol_06165	Mol_06165::M01	acrylate_ester	michael_acceptor	0;1;2;3;4;5	0	C=C1C(=O)O[C@H]2CC[C@@H]3CC[C@@](C)(O)[C@@H]3CC12
Mol_06165	Mol_06165::M02	methylene_butyrolactone	michael_acceptor	0;1;2;3;4	0	C=C1C(=O)O[C@H]2CC[C@@H]3CC[C@@](C)(O)[C@@H]3CC12
Mol_06168	Mol_06168::M01	acrylic_acid	michael_acceptor	0;1;2;3;4	0	C=C(C(=O)O)[C@H]1CC2=C(C)CC[C@]23O[C@H]1C[C@@H]3C
Mol_06175	Mol_06175::M01	epoxide	sn2_ring_opening	11;12;13	11;13	C/C1=C/[C@H]2OC(=O)[C@@H](C)[C@@H]2C[C@@H]2O[C@]2(C)[C@@H](O)C[C@@H]1O
Mol_06184	Mol_06184::M01	epoxide	sn2_ring_opening	13;14;15	13;15	C[C@@H]1C(=O)O[C@H]2[C@H]1[C@@H](O)C[C@@](C)(O)[C@@]13O[C@@H]1[C@H](C)[C@@](C)(O)[C@H]23
Mol_06195	Mol_06195::M01	acrylate_ester	michael_acceptor	12;11;9;10;8;7	12	COC(=O)[C@]1(O)C[C@@H](OC(=O)/C=C/c2ccc(O)c(O)c2)[C@@H](O)[C@H](OC(=O)/C=C/c2ccc(O)c(O)c2)C1
Mol_06195	Mol_06195::M02	acrylate_ester	michael_acceptor	28;27;25;26;24;23	28	COC(=O)[C@]1(O)C[C@@H](OC(=O)/C=C/c2ccc(O)c(O)c2)[C@@H](O)[C@H](OC(=O)/C=C/c2ccc(O)c(O)c2)C1
Mol_06196	Mol_06196::M01	acrylate_ester	michael_acceptor	12;11;9;10;8;7	12	COC(=O)[C@@]1(O)C[C@H](OC(=O)/C=C/c2ccc(O)c(O)c2)[C@H](OC(=O)/C=C/c2ccc(O)c(O)c2)[C@@H](O)C1
Mol_06196	Mol_06196::M02	acrylate_ester	michael_acceptor	26;25;23;24;22;21	26	COC(=O)[C@@]1(O)C[C@H](OC(=O)/C=C/c2ccc(O)c(O)c2)[C@H](OC(=O)/C=C/c2ccc(O)c(O)c2)[C@@H](O)C1
Mol_06205	Mol_06205::M01	enone_ketone_acyclic	michael_acceptor	5;3;1;2;0	5	CC(=O)/C(C)=C\C[C@H]1[C@H](C)C(=O)O[C@@H]1/C=C(/C)C=O
Mol_06205	Mol_06205::M02	enal	michael_acceptor	14;15;17;18	14	CC(=O)/C(C)=C\C[C@H]1[C@H](C)C(=O)O[C@@H]1/C=C(/C)C=O
Mol_06205	Mol_06205::M03	aldehyde	reversible_carbonyl	15;17;18	17	CC(=O)/C(C)=C\C[C@H]1[C@H](C)C(=O)O[C@@H]1/C=C(/C)C=O
Mol_06206	Mol_06206::M01	enone_ketone_acyclic	michael_acceptor	0;1;16;18;17	0	C=C(CC[C@H]1[C@H](C)C(=O)O[C@@H]1/C=C(\C)C=O)C(C)=O
Mol_06206	Mol_06206::M02	enal	michael_acceptor	11;12;14;15	11	C=C(CC[C@H]1[C@H](C)C(=O)O[C@@H]1/C=C(\C)C=O)C(C)=O
Mol_06206	Mol_06206::M03	aldehyde	reversible_carbonyl	12;14;15	14	C=C(CC[C@H]1[C@H](C)C(=O)O[C@@H]1/C=C(\C)C=O)C(C)=O
Mol_06209	Mol_06209::M01	epoxide	sn2_ring_opening	11;12;13	11;13	C/C1=C\[C@H]2OC(=O)[C@@H](C)[C@@H]2C[C@@H]2O[C@]2(C)[C@@H](O)C[C@@H]1O
Mol_06214	Mol_06214::M01	enone_cyclic	michael_acceptor	11;12;14;15;16	11	C=C1CC[C@H]2[C@H](C)C(=O)O[C@@H]2/C=C(/C)C(=O)C[C@H]1O
Mol_06215	Mol_06215::M01	epoxide	sn2_ring_opening	12;14;15	12;15	C/C1=C\[C@H]2OC(=O)C(C)C2CC[C@]2(C)O[C@@H]2C[C@@H]1O
Mol_06222	Mol_06222::M01	acrylate_ester	michael_acceptor	0;1;2;3;4;5	0	C=C1C(=O)O[C@]23C[C@H]1[C@@H](O)C[C@H](C)[C@@H]2CC[C@@]3(C)O
Mol_06229	Mol_06229::M01	enone_cyclic	michael_acceptor	4;5;8;9;10	4	C=C1CC/C=C(/CO)C(=O)CC2[C@@H]1C[C@]2(C)CC
Mol_06230	Mol_06230::M01	enone_cyclic	michael_acceptor	4;5;11;12;13	4	C=C1CC/C=C(/COC(C)=O)C(=O)CC2[C@@H]1C[C@]2(C)CC
Mol_06231	Mol_06231::M01	enone_cyclic	michael_acceptor	4;5;11;12;13	4	C=C1CC/C=C(/COC(C)=O)C(=O)CC2[C@@H]1C[C@]2(C)COC(C)=O
Mol_06232	Mol_06232::M01	enone_cyclic	michael_acceptor	4;5;8;9;10	4	C=C1CC/C=C(/CO)C(=O)CC2[C@@H]1C[C@]2(C)COC(C)=O
Mol_06235	Mol_06235::M01	enone_cyclic	michael_acceptor	4;5;9;10;11	4	C=C1CC/C=C(/COC)C(=O)CC2[C@@H]1C[C@]2(C)COC(C)=O
Mol_06236	Mol_06236::M01	enone_cyclic	michael_acceptor	4;5;24;25;26	4	C=C1CC/C=C(/COC/C2=C/CCC(=C)[C@H]3CC(C)(C)C3CC2=O)C(=O)CC2[C@@H]1CC2(C)C
Mol_06236	Mol_06236::M02	enone_cyclic	michael_acceptor	10;9;22;23;21	10	C=C1CC/C=C(/COC/C2=C/CCC(=C)[C@H]3CC(C)(C)C3CC2=O)C(=O)CC2[C@@H]1CC2(C)C
Mol_06254	Mol_06254::M01	acrylate_ester	michael_acceptor	0;1;2;3;4;5	0	C=C1C(=O)O[C@@H]2CC(=C)[C@@]3(OO)CC[C@@H](O)[C@@H]3CC12
Mol_06254	Mol_06254::M02	methylene_butyrolactone	michael_acceptor	0;1;2;3;4	0	C=C1C(=O)O[C@@H]2CC(=C)[C@@]3(OO)CC[C@@H](O)[C@@H]3CC12
Mol_06255	Mol_06255::M01	enal	michael_acceptor	16;13;14;15	16	C=C(C(=O)O)[C@@H]1CC[C@@]2(C)CCCC(C=O)=C2C1
Mol_06255	Mol_06255::M02	acrylic_acid	michael_acceptor	0;1;2;3;4	0	C=C(C(=O)O)[C@@H]1CC[C@@]2(C)CCCC(C=O)=C2C1
Mol_06255	Mol_06255::M03	aldehyde	reversible_carbonyl	13;14;15	14	C=C(C(=O)O)[C@@H]1CC[C@@]2(C)CCCC(C=O)=C2C1
Mol_06256	Mol_06256::M01	acrylic_acid	michael_acceptor	0;1;2;3;4	0	C=C(C(=O)O)[C@@H]1CC[C@@]2(C)CCC[C@@](O)(C=O)[C@]2(O)C1
Mol_06256	Mol_06256::M02	aldehyde	reversible_carbonyl	13;15;16	15	C=C(C(=O)O)[C@@H]1CC[C@@]2(C)CCC[C@@](O)(C=O)[C@]2(O)C1
Mol_06258	Mol_06258::M01	acrylate_ester	michael_acceptor	0;1;2;3;4;5	0	C=C1C(=O)O[C@@H]2[C@H]3C(C)=CC[C@@H](O)[C@]3(C)[C@H](O)C[C@@H]12
Mol_06258	Mol_06258::M02	methylene_butyrolactone	michael_acceptor	0;1;2;3;4	0	C=C1C(=O)O[C@@H]2[C@H]3C(C)=CC[C@@H](O)[C@]3(C)[C@H](O)C[C@@H]12
Mol_06259	Mol_06259::M01	acrylate_ester	michael_acceptor	0;1;2;3;4;5	0	C=C1C(=O)O[C@@H]2[C@H]3C(C)=CC[C@@H](OC(=O)/C(C)=C\C)[C@]3(C)[C@H](O)C[C@@H]12
Mol_06259	Mol_06259::M02	acrylate_ester	michael_acceptor	17;15;13;14;12;11	17	C=C1C(=O)O[C@@H]2[C@H]3C(C)=CC[C@@H](OC(=O)/C(C)=C\C)[C@]3(C)[C@H](O)C[C@@H]12
Mol_06259	Mol_06259::M03	methylene_butyrolactone	michael_acceptor	0;1;2;3;4	0	C=C1C(=O)O[C@@H]2[C@H]3C(C)=CC[C@@H](OC(=O)/C(C)=C\C)[C@]3(C)[C@H](O)C[C@@H]12
Mol_06260	Mol_06260::M01	acrylate_ester	michael_acceptor	13;12;14;15;16;17	13	C=C1CC[C@@H](O)[C@]2(C)[C@H](O)C[C@H]3C(=C)C(=O)O[C@@H]3[C@@H]12
Mol_06260	Mol_06260::M02	methylene_butyrolactone	michael_acceptor	13;12;14;15;16	13	C=C1CC[C@@H](O)[C@]2(C)[C@H](O)C[C@H]3C(=C)C(=O)O[C@@H]3[C@@H]12
Mol_06265	Mol_06265::M01	acrylic_acid	michael_acceptor	0;1;2;3;4	0	C=C(C(=O)O)C1CCC2(C)CCCC(CO)=C2C1
Mol_06266	Mol_06266::M01	enal	michael_acceptor	17;14;15;16	17	C=C(C(=O)OC)C1CCC2(C)CCCC(C=O)=C2C1
Mol_06266	Mol_06266::M02	acrylate_ester	michael_acceptor	0;1;2;3;4;5	0	C=C(C(=O)OC)C1CCC2(C)CCCC(C=O)=C2C1
Mol_06266	Mol_06266::M03	aldehyde	reversible_carbonyl	14;15;16	15	C=C(C(=O)OC)C1CCC2(C)CCCC(C=O)=C2C1
Mol_06267	Mol_06267::M01	acrylate_ester	michael_acceptor	0;1;2;3;4;5	0	C=C(C(=O)OC)C1CCC2(C)CCCC(CO)=C2C1
Mol_06268	Mol_06268::M01	acrylate_ester	michael_acceptor	0;1;2;3;4;5	0	C=C(C(=O)OC)C1CCC2(C)CCCC(COC)=C2C1
Mol_06269	Mol_06269::M01	enal	michael_acceptor	16;13;14;15	16	C=C(C(=O)O)C1CCC2(C)CCCC(C=O)=C2C1
Mol_06269	Mol_06269::M02	acrylic_acid	michael_acceptor	0;1;2;3;4	0	C=C(C(=O)O)C1CCC2(C)CCCC(C=O)=C2C1
Mol_06269	Mol_06269::M03	aldehyde	reversible_carbonyl	13;14;15	14	C=C(C(=O)O)C1CCC2(C)CCCC(C=O)=C2C1
Mol_06270	Mol_06270::M01	acrylate_ester	michael_acceptor	0;1;2;3;4;5	0	C=C1C(=O)OC2C1C[C@@H](O)[C@@]1(C)[C@@H]2C(C)=CC[C@@H]1O
Mol_06270	Mol_06270::M02	methylene_butyrolactone	michael_acceptor	0;1;2;3;4	0	C=C1C(=O)OC2C1C[C@@H](O)[C@@]1(C)[C@@H]2C(C)=CC[C@@H]1O
Mol_06271	Mol_06271::M01	acrylate_ester	michael_acceptor	0;1;2;3;4;5	0	C=C1C(=O)OC2C1C[C@@H](O)[C@]1(C)[C@H](O)CC=C(C)[C@H]21
Mol_06271	Mol_06271::M02	methylene_butyrolactone	michael_acceptor	0;1;2;3;4	0	C=C1C(=O)OC2C1C[C@@H](O)[C@]1(C)[C@H](O)CC=C(C)[C@H]21
Mol_06274	Mol_06274::M01	acrylate_ester	michael_acceptor	0;1;2;3;4;5	0	C=C1C(=O)O[C@H]2C1C[C@@H](O)C1(C)C(OC(=O)/C(C)=C\C)CC=C(C)[C@H]21
Mol_06274	Mol_06274::M02	acrylate_ester	michael_acceptor	18;16;14;15;13;12	18	C=C1C(=O)O[C@H]2C1C[C@@H](O)C1(C)C(OC(=O)/C(C)=C\C)CC=C(C)[C@H]21
Mol_06274	Mol_06274::M03	methylene_butyrolactone	michael_acceptor	0;1;2;3;4	0	C=C1C(=O)O[C@H]2C1C[C@@H](O)C1(C)C(OC(=O)/C(C)=C\C)CC=C(C)[C@H]21
Mol_06275	Mol_06275::M01	acrylate_ester	michael_acceptor	0;1;2;3;4;5	0	C=C1C(=O)O[C@H]2C1C[C@@H](OC(=O)CC(C)C)C1(C)[C@@H]2[C@]2(C)O[C@@H]2C[C@@H]1O
Mol_06275	Mol_06275::M02	methylene_butyrolactone	michael_acceptor	0;1;2;3;4	0	C=C1C(=O)O[C@H]2C1C[C@@H](OC(=O)CC(C)C)C1(C)[C@@H]2[C@]2(C)O[C@@H]2C[C@@H]1O
Mol_06275	Mol_06275::M03	epoxide	sn2_ring_opening	19;21;22	19;22	C=C1C(=O)O[C@H]2C1C[C@@H](OC(=O)CC(C)C)C1(C)[C@@H]2[C@]2(C)O[C@@H]2C[C@@H]1O
Mol_06276	Mol_06276::M01	acrylate_ester	michael_acceptor	0;1;2;3;4;5	0	C=C1C(=O)O[C@H]2C1C[C@@H](OC(=O)/C(C)=C\C)C1(C)[C@@H]2[C@]2(C)O[C@@H]2C[C@@H]1O
Mol_06276	Mol_06276::M02	acrylate_ester	michael_acceptor	14;12;10;11;9;8	14	C=C1C(=O)O[C@H]2C1C[C@@H](OC(=O)/C(C)=C\C)C1(C)[C@@H]2[C@]2(C)O[C@@H]2C[C@@H]1O
Mol_06276	Mol_06276::M03	methylene_butyrolactone	michael_acceptor	0;1;2;3;4	0	C=C1C(=O)O[C@H]2C1C[C@@H](OC(=O)/C(C)=C\C)C1(C)[C@@H]2[C@]2(C)O[C@@H]2C[C@@H]1O
Mol_06276	Mol_06276::M04	epoxide	sn2_ring_opening	19;21;22	19;22	C=C1C(=O)O[C@H]2C1C[C@@H](OC(=O)/C(C)=C\C)C1(C)[C@@H]2[C@]2(C)O[C@@H]2C[C@@H]1O
Mol_06294	Mol_06294::M01	acrylate_ester	michael_acceptor	0;1;2;3;4;5	0	C=C1C(=O)O[C@@H]2[C@H]3C(C)=CC(=O)C3=C(C)C[C@H](O[C@@H]3O[C@H](CO)[C@@H](O)[C@H](O)[C@H]3O)[C@@H]12
Mol_06294	Mol_06294::M02	enone_cyclic	michael_acceptor	7;9;10;11;12	7	C=C1C(=O)O[C@@H]2[C@H]3C(C)=CC(=O)C3=C(C)C[C@H](O[C@@H]3O[C@H](CO)[C@@H](O)[C@H](O)[C@H]3O)[C@@H]12
Mol_06294	Mol_06294::M03	enone_cyclic	michael_acceptor	13;12;10;11;9	13	C=C1C(=O)O[C@@H]2[C@H]3C(C)=CC(=O)C3=C(C)C[C@H](O[C@@H]3O[C@H](CO)[C@@H](O)[C@H](O)[C@H]3O)[C@@H]12
Mol_06294	Mol_06294::M04	methylene_butyrolactone	michael_acceptor	0;1;2;3;4	0	C=C1C(=O)O[C@@H]2[C@H]3C(C)=CC(=O)C3=C(C)C[C@H](O[C@@H]3O[C@H](CO)[C@@H](O)[C@H](O)[C@H]3O)[C@@H]12
Mol_06305	Mol_06305::M01	enal	michael_acceptor	12;13;14;15	12	C[C@@H]1C(=O)O[C@@H]2/C=C(/CO)CC/C=C(/C=O)C[C@H](O)[C@@H]12
Mol_06305	Mol_06305::M02	aldehyde	reversible_carbonyl	13;14;15	14	C[C@@H]1C(=O)O[C@@H]2/C=C(/CO)CC/C=C(/C=O)C[C@H](O)[C@@H]12
Mol_06306	Mol_06306::M01	enal	michael_acceptor	23;24;25;26	23	C[C@@H]1C(=O)O[C@@H]2/C=C(\COC3OC(CO)C(O)C(O)C3O)CC/C=C(/C=O)C[C@H](O)[C@@H]12
Mol_06306	Mol_06306::M02	aldehyde	reversible_carbonyl	24;25;26	25	C[C@@H]1C(=O)O[C@@H]2/C=C(\COC3OC(CO)C(O)C(O)C3O)CC/C=C(/C=O)C[C@H](O)[C@@H]12
Mol_06307	Mol_06307::M01	enal	michael_acceptor	23;24;25;26	23	C=C1C(=O)O[C@@H]2/C=C(\COC3OC(CO)C(O)C(O)C3O)CC/C=C(/C=O)C[C@H](O)[C@@H]12
Mol_06307	Mol_06307::M02	acrylate_ester	michael_acceptor	0;1;2;3;4;5	0	C=C1C(=O)O[C@@H]2/C=C(\COC3OC(CO)C(O)C(O)C3O)CC/C=C(/C=O)C[C@H](O)[C@@H]12
Mol_06307	Mol_06307::M03	methylene_butyrolactone	michael_acceptor	0;1;2;3;4	0	C=C1C(=O)O[C@@H]2/C=C(\COC3OC(CO)C(O)C(O)C3O)CC/C=C(/C=O)C[C@H](O)[C@@H]12
Mol_06307	Mol_06307::M04	aldehyde	reversible_carbonyl	24;25;26	25	C=C1C(=O)O[C@@H]2/C=C(\COC3OC(CO)C(O)C(O)C3O)CC/C=C(/C=O)C[C@H](O)[C@@H]12
Mol_06308	Mol_06308::M01	enal	michael_acceptor	33;34;35;36	33	C=C1C(=O)O[C@@H]2/C=C(\COC3OC(COC(=O)Cc4ccc(O)cc4)C(O)C(O)C3O)CC/C=C(/C=O)C[C@H](O)[C@@H]12
Mol_06308	Mol_06308::M02	acrylate_ester	michael_acceptor	0;1;2;3;4;5	0	C=C1C(=O)O[C@@H]2/C=C(\COC3OC(COC(=O)Cc4ccc(O)cc4)C(O)C(O)C3O)CC/C=C(/C=O)C[C@H](O)[C@@H]12
Mol_06308	Mol_06308::M03	methylene_butyrolactone	michael_acceptor	0;1;2;3;4	0	C=C1C(=O)O[C@@H]2/C=C(\COC3OC(COC(=O)Cc4ccc(O)cc4)C(O)C(O)C3O)CC/C=C(/C=O)C[C@H](O)[C@@H]12
Mol_06308	Mol_06308::M04	aldehyde	reversible_carbonyl	34;35;36	35	C=C1C(=O)O[C@@H]2/C=C(\COC3OC(COC(=O)Cc4ccc(O)cc4)C(O)C(O)C3O)CC/C=C(/C=O)C[C@H](O)[C@@H]12
Mol_06309	Mol_06309::M01	acrylate_ester	michael_acceptor	0;1;2;3;4;5	0	C=C1C(=O)O[C@@H]2/C=C(\COC3OC(COC(=O)Cc4ccc(O)cc4)C(O)C(O)C3O)CC/C=C3\C[C@H](OC3OC)[C@@H]12
Mol_06309	Mol_06309::M02	methylene_butyrolactone	michael_acceptor	0;1;2;3;4	0	C=C1C(=O)O[C@@H]2/C=C(\COC3OC(COC(=O)Cc4ccc(O)cc4)C(O)C(O)C3O)CC/C=C3\C[C@H](OC3OC)[C@@H]12
Mol_06310	Mol_06310::M01	enone_cyclic	michael_acceptor	7;8;9;10;3	7	CC(C)=C1C[C@@]2(C)C(=CC1=O)CCC[C@@H]2C
Mol_06311	Mol_06311::M01	enone_cyclic	michael_acceptor	7;8;9;10;3	7	CC(C)=C1C[C@@]2(C)C(=CC1=O)[C@H](O)CC[C@@H]2C
Mol_06312	Mol_06312::M01	enone_cyclic	michael_acceptor	7;8;9;10;3	7	CC(C)=C1C[C@@]2(C)C(=CC1=O)[C@@H](O)CC[C@@H]2C
Mol_06313	Mol_06313::M01	enone_cyclic	michael_acceptor	5;6;7;8;9	5	C[C@H]1CCCC2=CC(=O)C(C(C)(C)O)=C[C@@]21C
Mol_06313	Mol_06313::M02	enone_cyclic	michael_acceptor	14;9;7;8;6	14	C[C@H]1CCCC2=CC(=O)C(C(C)(C)O)=C[C@@]21C
Mol_06322	Mol_06322::M01	enone_cyclic	michael_acceptor	5;6;9;10;11	5	CC(=O)O[C@H]1C=C(CO)C(=O)[C@H](O)[C@H]1C(C)C
Mol_06323	Mol_06323::M01	acrylate_ester	michael_acceptor	1;2;4;5;6;7	1	C/C=C(\C)C(=O)O[C@H]1C(=O)C(CO)=C[C@H](O)[C@@H]1C(C)C
Mol_06323	Mol_06323::M02	enone_cyclic	michael_acceptor	13;10;8;9;7	13	C/C=C(\C)C(=O)O[C@H]1C(=O)C(CO)=C[C@H](O)[C@@H]1C(C)C
Mol_06324	Mol_06324::M01	acrylate_ester	michael_acceptor	1;2;4;5;6;7	1	C/C=C(\C)C(=O)O[C@H]1C=C(CO)C(=O)[C@H](OC(C)=O)[C@H]1C(C)C
Mol_06324	Mol_06324::M02	enone_cyclic	michael_acceptor	8;9;12;13;14	8	C/C=C(\C)C(=O)O[C@H]1C=C(CO)C(=O)[C@H](OC(C)=O)[C@H]1C(C)C
Mol_06325	Mol_06325::M01	acrylate_ester	michael_acceptor	0;1;5;6;7;8	0	C=C(CCO)C(=O)O[C@H]1C=C(CO)C(=O)[C@H](OC(C)=O)[C@H]1C(C)C
Mol_06325	Mol_06325::M02	enone_cyclic	michael_acceptor	9;10;13;14;15	9	C=C(CCO)C(=O)O[C@H]1C=C(CO)C(=O)[C@H](OC(C)=O)[C@H]1C(C)C
Mol_06326	Mol_06326::M01	acrylate_ester	michael_acceptor	1;2;4;5;6;7	1	C/C=C(\C)C(=O)O[C@H]1C=C(CO)[C@H](OC(=O)/C(C)=C/C)[C@H](OC(C)=O)[C@H]1C(C)C
Mol_06326	Mol_06326::M02	acrylate_ester	michael_acceptor	18;16;14;15;13;12	18	C/C=C(\C)C(=O)O[C@H]1C=C(CO)[C@H](OC(=O)/C(C)=C/C)[C@H](OC(C)=O)[C@H]1C(C)C
Mol_06333	Mol_06333::M01	acrylate_ester	michael_acceptor	0;1;2;3;4;5	0	C=C1C(=O)O[C@H]2C1CC[C@]1(C)[C@@H]2[C@H](C=O)CC[C@H]1O
Mol_06333	Mol_06333::M02	methylene_butyrolactone	michael_acceptor	0;1;2;3;4	0	C=C1C(=O)O[C@H]2C1CC[C@]1(C)[C@@H]2[C@H](C=O)CC[C@H]1O
Mol_06333	Mol_06333::M03	aldehyde	reversible_carbonyl	12;13;14	13	C=C1C(=O)O[C@H]2C1CC[C@]1(C)[C@@H]2[C@H](C=O)CC[C@H]1O
Mol_06334	Mol_06334::M01	aldehyde	reversible_carbonyl	12;13;14	13	CC1C(=O)O[C@H]2C1CC[C@]1(C)[C@@H]2[C@H](C=O)CC[C@H]1O
Mol_06335	Mol_06335::M01	acrylate_ester	michael_acceptor	0;1;2;3;4;5	0	C=C1C(=O)O[C@H]2C1CC[C@]1(C)[C@@H]2[C@H](CO)CC[C@H]1O
Mol_06335	Mol_06335::M02	methylene_butyrolactone	michael_acceptor	0;1;2;3;4	0	C=C1C(=O)O[C@H]2C1CC[C@]1(C)[C@@H]2[C@H](CO)CC[C@H]1O
Mol_06338	Mol_06338::M01	acrylate_ester	michael_acceptor	0;1;2;3;4;5	0	C=C1C(=O)O[C@@H]2C3=C(C)CC[C@@H]3[C@@](C)(O)CC12
Mol_06338	Mol_06338::M02	methylene_butyrolactone	michael_acceptor	0;1;2;3;4	0	C=C1C(=O)O[C@@H]2C3=C(C)CC[C@@H]3[C@@](C)(O)CC12
Mol_06352	Mol_06352::M01	acrylate_ester	michael_acceptor	11;10;12;13;14;15	11	C=C1CC[C@H]2C(=C)CC[C@H]3C(=C)C(=O)O[C@@H]3[C@@H]12
Mol_06352	Mol_06352::M02	methylene_butyrolactone	michael_acceptor	11;10;12;13;14	11	C=C1CC[C@H]2C(=C)CC[C@H]3C(=C)C(=O)O[C@@H]3[C@@H]12
Mol_06353	Mol_06353::M01	acrylate_ester	michael_acceptor	0;1;2;3;4;5	0	C=C1C(=O)O[C@@H]2/C=C(/C)C3=CC(=O)[C@@](C)(C[C@H](OC(=O)/C(C)=C\C)[C@@H]12)O3
Mol_06353	Mol_06353::M02	acrylate_ester	michael_acceptor	22;20;18;19;17;16	22	C=C1C(=O)O[C@@H]2/C=C(/C)C3=CC(=O)[C@@](C)(C[C@H](OC(=O)/C(C)=C\C)[C@@H]12)O3
Mol_06353	Mol_06353::M03	enone_cyclic	michael_acceptor	9;10;11;12;13	9	C=C1C(=O)O[C@@H]2/C=C(/C)C3=CC(=O)[C@@](C)(C[C@H](OC(=O)/C(C)=C\C)[C@@H]12)O3
Mol_06353	Mol_06353::M04	methylene_butyrolactone	michael_acceptor	0;1;2;3;4	0	C=C1C(=O)O[C@@H]2/C=C(/C)C3=CC(=O)[C@@](C)(C[C@H](OC(=O)/C(C)=C\C)[C@@H]12)O3
Mol_06354	Mol_06354::M01	enone_cyclic	michael_acceptor	11;12;13;14;8	11	C=C(C)[C@@]1(O)O[C@H]2C[C@@]3(C)OC(=CC3=O)/C(C)=C\[C@H]3OC(=O)[C@@]1(C)[C@H]23
Mol_06355	Mol_06355::M01	acrylate_ester	michael_acceptor	0;1;2;3;4;5	0	C=C1C(=O)O[C@@H]2CCN3CC=C(COC(=O)[C@](C)(O)[C@H](C)[C@H]1C)[C@H]23
Mol_06356	Mol_06356::M01	acrylate_ester	michael_acceptor	1;2;21;22;20;19	1	C/C=C1/C[C@@H](C)[C@@](C)(O)C(=O)OCC2=CCN3CC[C@@H](OC1=O)[C@@H]23
Mol_06357	Mol_06357::M01	acrylate_ester	michael_acceptor	4;3;6;7;8;9	4	C=C1C/C(=C/C)C(=O)O[C@@H]2CCN3CC=C(COC(=O)[C@]1(C)O)[C@H]23
Mol_06358	Mol_06358::M01	epoxide	sn2_ring_opening	4;24;22	4;22	CC1OCC23CC1(O)C(=O)O[C@H]1CCN4CC=C(COC(=O)C2(C)O3)[C@@H]14
Mol_06359	Mol_06359::M01	enone_cyclic	michael_acceptor	16;17;25;26;10	16	C[C@@H]1CC2(O[C@@H]2C)C(=O)O[C@@H]2CCN(C)CC=C(COC(=O)C1(C)O)C2=O
Mol_06359	Mol_06359::M02	epoxide	sn2_ring_opening	3;4;5	3;5	C[C@@H]1CC2(O[C@@H]2C)C(=O)O[C@@H]2CCN(C)CC=C(COC(=O)C1(C)O)C2=O
Mol_06360	Mol_06360::M01	enone_cyclic	michael_acceptor	16;15;26;27;22	16	CC(Cl)C1(O)C[C@H](C)[C@](C)(O)C(=O)OCC2=CCN(C)CC[C@H](OC1=O)C2=O
Mol_06361	Mol_06361::M01	enone_cyclic	michael_acceptor	11;10;28;29;17	11	CC(=O)O[C@@]1(C)C(=O)OCC2=CCN(C)CC[C@@H](OC(=O)C3(C[C@H]1C)O[C@H]3C)C2=O
Mol_06361	Mol_06361::M02	epoxide	sn2_ring_opening	21;25;26	21;26	CC(=O)O[C@@]1(C)C(=O)OCC2=CCN(C)CC[C@@H](OC(=O)C3(C[C@H]1C)O[C@H]3C)C2=O
Mol_06362	Mol_06362::M01	enone_cyclic	michael_acceptor	11;10;29;30;17	11	CC(=O)O[C@@]1(C)C(=O)OCC2=CCN(C)CC[C@@H](OC(=O)C(O)(C(C)O)C[C@H]1C)C2=O
Mol_06363	Mol_06363::M01	enone_cyclic	michael_acceptor	11;10;29;30;17	11	CC(=O)O[C@@]1(C)C(=O)OCC2=CCN(C)CC[C@@H](OC(=O)[C@@](O)([C@@H](C)Cl)C[C@H]1C)C2=O
Mol_06373	Mol_06373::M01	acrylate_ester	michael_acceptor	1;2;22;23;21;20	1	C/C=C1/C[C@@]2(CO)O[C@@]2(C)C(=O)OCC2=CCN3CC[C@@H](OC1=O)[C@@H]23
Mol_06373	Mol_06373::M02	epoxide	sn2_ring_opening	4;7;8	4;8	C/C=C1/C[C@@]2(CO)O[C@@]2(C)C(=O)OCC2=CCN3CC[C@@H](OC1=O)[C@@H]23
Mol_06376	Mol_06376::M01	acrylate_ester	michael_acceptor	1;2;22;23;21;20	1	C/C=C1/C[C@@H](C)[C@@](C)(O)C(=O)OCC2=CCN(C)CC[C@@H](OC1=O)C2=O
Mol_06376	Mol_06376::M02	enone_cyclic	michael_acceptor	14;13;24;25;20	14	C/C=C1/C[C@@H](C)[C@@](C)(O)C(=O)OCC2=CCN(C)CC[C@@H](OC1=O)C2=O
Mol_06377	Mol_06377::M01	acrylate_ester	michael_acceptor	4;3;6;7;8;9	4	C=C1C/C(=C/C)C(=O)O[C@@H]2CCN(C)CC=C(COC(=O)[C@]1(C)O)C2=O
Mol_06377	Mol_06377::M02	enone_cyclic	michael_acceptor	15;16;24;25;9	15	C=C1C/C(=C/C)C(=O)O[C@@H]2CCN(C)CC=C(COC(=O)[C@]1(C)O)C2=O
Mol_06380	Mol_06380::M01	acrylate_ester	michael_acceptor	4;3;6;7;8;9	4	C=C1C/C(=C\C)C(=O)O[C@H]2CCN3CC=C(COC(=O)[C@]1(C)O)C23
Mol_06381	Mol_06381::M01	acrylate_ester	michael_acceptor	1;2;21;22;20;19	1	C/C=C1\C[C@@H](C)[C@@](C)(O)C(=O)OCC2=CCN3CC[C@@H](OC1=O)[C@@H]23
Mol_06388	Mol_06388::M01	epoxide	sn2_ring_opening	3;4;5	3;5	C[C@@H]1C[C@@]2(O[C@H]2C)C(=O)O[C@@H]2CCN3CC=C(COC(=O)[C@]1(C)O)[C@H]23
Mol_06410	Mol_06410::M01	epoxide	sn2_ring_opening	3;4;5	3;5	C=C1C[C@@]2(O[C@H]2C)C(=O)O[C@@H]2CCN3CC=C(COC(=O)[C@]1(C)O)[C@H]23
Mol_06412	Mol_06412::M01	epoxide	sn2_ring_opening	1;2;3	1;3	C[C@@H]1OC12C[C@]1(CO1)[C@@](C)(O)C(=O)OCC1=CCN3CC[C@@H](OC2=O)[C@@H]13
Mol_06412	Mol_06412::M02	epoxide	sn2_ring_opening	5;7;6	5;6	C[C@@H]1OC12C[C@]1(CO1)[C@@](C)(O)C(=O)OCC1=CCN3CC[C@@H](OC2=O)[C@@H]13
Mol_06418	Mol_06418::M01	acrylate_ester	michael_acceptor	1;2;22;23;21;20	1	C/C=C1/C[C@@H](C)[C@@](C)(O)C(=O)OCC2=CCN(C)CC[C@H](OC1=O)C2=O
Mol_06418	Mol_06418::M02	enone_cyclic	michael_acceptor	14;13;24;25;20	14	C/C=C1/C[C@@H](C)[C@@](C)(O)C(=O)OCC2=CCN(C)CC[C@H](OC1=O)C2=O
Mol_06424	Mol_06424::M01	acrylate_ester	michael_acceptor	1;2;22;23;21;20	1	C/C=C1\C[C@@H](C)[C@](O)(CO)C(=O)OCC2=CCN3CC[C@@H](OC1=O)[C@@H]23
Mol_06455	Mol_06455::M01	acrylate_ester	michael_acceptor	1;2;25;26;24;23	1	C/C=C1/C[C@]2(COC(C)=O)O[C@@]2(C)C(=O)OCC2=CCN3CC[C@@H](OC1=O)[C@@H]23
Mol_06455	Mol_06455::M02	epoxide	sn2_ring_opening	4;10;11	4;11	C/C=C1/C[C@]2(COC(C)=O)O[C@@]2(C)C(=O)OCC2=CCN3CC[C@@H](OC1=O)[C@@H]23
Mol_06515	Mol_06515::M01	acrylate_ester	michael_acceptor	2;1;10;11;9;8	2	CC1=C2C[C@@]3(C)C(=C[C@H]2OC1=O)[C@H](O)CC[C@@H]3C
Mol_06515	Mol_06515::M02	unsat_lactone	michael_acceptor	9;10;11;1;2	2	CC1=C2C[C@@]3(C)C(=C[C@H]2OC1=O)[C@H](O)CC[C@@H]3C
Mol_06516	Mol_06516::M01	acrylate_ester	michael_acceptor	2;1;11;12;10;8	2	CC1=C2C[C@@]3(C)C(=C[C@@]2(O)OC1=O)[C@H](O)CC[C@@H]3C
Mol_06516	Mol_06516::M02	unsat_lactone	michael_acceptor	10;11;12;1;2	2	CC1=C2C[C@@]3(C)C(=C[C@@]2(O)OC1=O)[C@H](O)CC[C@@H]3C
Mol_06517	Mol_06517::M01	acrylate_ester	michael_acceptor	14;15;17;18;19;2	14	CO[C@@]12C=C3[C@H](O)CC[C@H](C)[C@@]3(C)CC1=C(C)C(=O)O2
Mol_06517	Mol_06517::M02	unsat_lactone	michael_acceptor	19;17;18;15;14	14	CO[C@@]12C=C3[C@H](O)CC[C@H](C)[C@@]3(C)CC1=C(C)C(=O)O2
Mol_06518	Mol_06518::M01	acrylamide	michael_acceptor	14;15;17;18;19	14	CO[C@@]12CC3C(=O)CC[C@H](C)[C@@]3(C)CC1=C(C)C(=O)N2
Mol_06519	Mol_06519::M01	acrylate_ester	michael_acceptor	2;1;17;18;16;14	2	CC1=C2C[C@]3(C)[C@@H](C)CC[C@H]4O[C@]43C[C@@]2(O)OC1=O
Mol_06519	Mol_06519::M02	unsat_lactone	michael_acceptor	16;17;18;1;2	2	CC1=C2C[C@]3(C)[C@@H](C)CC[C@H]4O[C@]43C[C@@]2(O)OC1=O
Mol_06519	Mol_06519::M03	epoxide	sn2_ring_opening	10;11;12	10;12	CC1=C2C[C@]3(C)[C@@H](C)CC[C@H]4O[C@]43C[C@@]2(O)OC1=O
Mol_06520	Mol_06520::M01	acrylate_ester	michael_acceptor	14;15;17;18;19;2	14	CO[C@@]12C[C@@]34O[C@@H]3CC[C@H](C)[C@@]4(C)CC1=C(C)C(=O)O2
Mol_06520	Mol_06520::M02	unsat_lactone	michael_acceptor	19;17;18;15;14	14	CO[C@@]12C[C@@]34O[C@@H]3CC[C@H](C)[C@@]4(C)CC1=C(C)C(=O)O2
Mol_06520	Mol_06520::M03	epoxide	sn2_ring_opening	4;5;6	4;6	CO[C@@]12C[C@@]34O[C@@H]3CC[C@H](C)[C@@]4(C)CC1=C(C)C(=O)O2
Mol_06521	Mol_06521::M01	acrylate_ester	michael_acceptor	2;1;16;17;15;14	2	CC1=C2C[C@@]3(C)[C@H](C)CCC(=O)[C@@H]3C[C@@H]2OC1=O
Mol_06521	Mol_06521::M02	unsat_lactone	michael_acceptor	15;16;17;1;2	2	CC1=C2C[C@@]3(C)[C@H](C)CCC(=O)[C@@H]3C[C@@H]2OC1=O
Mol_06522	Mol_06522::M01	acrylate_ester	michael_acceptor	2;1;17;18;16;15	2	CC1=C2C[C@]3(C)[C@@H](C)CCC(=O)[C@@]3(O)C[C@H]2OC1=O
Mol_06522	Mol_06522::M02	unsat_lactone	michael_acceptor	16;17;18;1;2	2	CC1=C2C[C@]3(C)[C@@H](C)CCC(=O)[C@@]3(O)C[C@H]2OC1=O
Mol_06523	Mol_06523::M01	acrylate_ester	michael_acceptor	2;1;17;18;16;14	2	CC1=C2C[C@@]3(C)[C@H](C)CCC(=O)[C@@H]3C[C@]2(O)OC1=O
Mol_06523	Mol_06523::M02	unsat_lactone	michael_acceptor	16;17;18;1;2	2	CC1=C2C[C@@]3(C)[C@H](C)CCC(=O)[C@@H]3C[C@]2(O)OC1=O
Mol_06712	Mol_06712::M01	acrylate_ester	michael_acceptor	0;1;2;3;4;5	0	C=C1C(=O)O[C@H](C2=C(C)[C@@H](OC)CC2=O)[C@H]1CCC(C)=O
Mol_06712	Mol_06712::M02	enone_cyclic	michael_acceptor	7;6;13;14;12	7	C=C1C(=O)O[C@H](C2=C(C)[C@@H](OC)CC2=O)[C@H]1CCC(C)=O
Mol_06712	Mol_06712::M03	methylene_butyrolactone	michael_acceptor	0;1;2;3;4	0	C=C1C(=O)O[C@H](C2=C(C)[C@@H](OC)CC2=O)[C@H]1CCC(C)=O
Mol_06719	Mol_06719::M01	acrylate_ester	michael_acceptor	0;1;2;3;4;5	0	C=C(C(=O)OC)[C@H]1CC[C@@]2(C)CC[C@@H](O)[C@@]2(C(C)=O)C1
Mol_06720	Mol_06720::M01	acrylate_ester	michael_acceptor	0;1;2;3;4;5	0	C=C(C(=O)OC)[C@@H]1CC[C@@]2(C)CCC[C@@](C)(O)[C@@H]2C1
Mol_06722	Mol_06722::M01	acrylic_acid	michael_acceptor	0;1;2;3;4	0	C=C(C(=O)O)[C@@H]1CC[C@@]2(C)C=CC(=O)[C@@H](C)[C@@H]2C1
Mol_06722	Mol_06722::M02	enone_cyclic	michael_acceptor	10;11;12;13;14	10	C=C(C(=O)O)[C@@H]1CC[C@@]2(C)C=CC(=O)[C@@H](C)[C@@H]2C1
Mol_06724	Mol_06724::M01	acrylic_acid	michael_acceptor	0;1;2;3;4	0	C=C(C(=O)O)[C@@H]1CC[C@@]2(C)CCC(=O)[C@@H](C)[C@@H]2C1
Mol_06758	Mol_06758::M01	enal	michael_acceptor	12;13;14;15	12	C=C1C(=O)O[C@@H]2/C=C(\CO)CC/C=C(/C=O)C[C@H](O)[C@@H]12
Mol_06758	Mol_06758::M02	acrylate_ester	michael_acceptor	0;1;2;3;4;5	0	C=C1C(=O)O[C@@H]2/C=C(\CO)CC/C=C(/C=O)C[C@H](O)[C@@H]12
Mol_06758	Mol_06758::M03	methylene_butyrolactone	michael_acceptor	0;1;2;3;4	0	C=C1C(=O)O[C@@H]2/C=C(\CO)CC/C=C(/C=O)C[C@H](O)[C@@H]12
Mol_06758	Mol_06758::M04	aldehyde	reversible_carbonyl	13;14;15	14	C=C1C(=O)O[C@@H]2/C=C(\CO)CC/C=C(/C=O)C[C@H](O)[C@@H]12
Mol_06759	Mol_06759::M01	enal	michael_acceptor	33;34;35;36	33	C=C1C(=O)O[C@@H]2/C=C(\COC3OC(CO)C(OC(=O)Cc4ccc(O)cc4)C(O)C3O)CC/C=C(/C=O)C[C@H](O)[C@@H]12
Mol_06759	Mol_06759::M02	acrylate_ester	michael_acceptor	0;1;2;3;4;5	0	C=C1C(=O)O[C@@H]2/C=C(\COC3OC(CO)C(OC(=O)Cc4ccc(O)cc4)C(O)C3O)CC/C=C(/C=O)C[C@H](O)[C@@H]12
Mol_06759	Mol_06759::M03	methylene_butyrolactone	michael_acceptor	0;1;2;3;4	0	C=C1C(=O)O[C@@H]2/C=C(\COC3OC(CO)C(OC(=O)Cc4ccc(O)cc4)C(O)C3O)CC/C=C(/C=O)C[C@H](O)[C@@H]12
Mol_06759	Mol_06759::M04	aldehyde	reversible_carbonyl	34;35;36	35	C=C1C(=O)O[C@@H]2/C=C(\COC3OC(CO)C(OC(=O)Cc4ccc(O)cc4)C(O)C3O)CC/C=C(/C=O)C[C@H](O)[C@@H]12
Mol_06760	Mol_06760::M01	enal	michael_acceptor	23;24;25;26	23	C=C1C(=O)O[C@@H]2/C=C(\CO[C@@H]3O[C@H](CO)[C@@H](O)[C@H](O)[C@H]3O)CC/C=C(/C=O)C[C@H](O)[C@@H]12
Mol_06760	Mol_06760::M02	acrylate_ester	michael_acceptor	0;1;2;3;4;5	0	C=C1C(=O)O[C@@H]2/C=C(\CO[C@@H]3O[C@H](CO)[C@@H](O)[C@H](O)[C@H]3O)CC/C=C(/C=O)C[C@H](O)[C@@H]12
Mol_06760	Mol_06760::M03	methylene_butyrolactone	michael_acceptor	0;1;2;3;4	0	C=C1C(=O)O[C@@H]2/C=C(\CO[C@@H]3O[C@H](CO)[C@@H](O)[C@H](O)[C@H]3O)CC/C=C(/C=O)C[C@H](O)[C@@H]12
Mol_06760	Mol_06760::M04	aldehyde	reversible_carbonyl	24;25;26	25	C=C1C(=O)O[C@@H]2/C=C(\CO[C@@H]3O[C@H](CO)[C@@H](O)[C@H](O)[C@H]3O)CC/C=C(/C=O)C[C@H](O)[C@@H]12
Mol_06763	Mol_06763::M01	enal	michael_acceptor	12;13;14;15	12	C[C@@H]1C(=O)O[C@@H]2/C=C(\CO)CC/C=C(/C=O)C[C@H](O)[C@@H]12
Mol_06763	Mol_06763::M02	aldehyde	reversible_carbonyl	13;14;15	14	C[C@@H]1C(=O)O[C@@H]2/C=C(\CO)CC/C=C(/C=O)C[C@H](O)[C@@H]12
Mol_06766	Mol_06766::M01	enal	michael_acceptor	12;13;14;15	12	C[C@H]1C(=O)O[C@@H]2/C=C(\CO)CC/C=C(/C=O)C[C@H](O)[C@H]21
Mol_06766	Mol_06766::M02	aldehyde	reversible_carbonyl	13;14;15	14	C[C@H]1C(=O)O[C@@H]2/C=C(\CO)CC/C=C(/C=O)C[C@H](O)[C@H]21
Mol_06767	Mol_06767::M01	acrylate_ester	michael_acceptor	12;13;17;18;16;15	12	C[C@@H]1C(=O)O[C@@H]2/C=C(\CO)CC/C=C3\C[C@H](OC3=O)[C@@H]12
Mol_06767	Mol_06767::M02	unsat_lactone	michael_acceptor	16;17;18;13;12	12	C[C@@H]1C(=O)O[C@@H]2/C=C(\CO)CC/C=C3\C[C@H](OC3=O)[C@@H]12
Mol_06768	Mol_06768::M01	acrylate_ester	michael_acceptor	0;1;2;3;4;5	0	C=C1C(=O)O[C@@H]2/C=C(\COC3OC(CO)C(O)C(O)C3O)CC/C=C3\C[C@H](OC3=O)[C@@H]12
Mol_06768	Mol_06768::M02	acrylate_ester	michael_acceptor	23;24;28;29;27;26	23	C=C1C(=O)O[C@@H]2/C=C(\COC3OC(CO)C(O)C(O)C3O)CC/C=C3\C[C@H](OC3=O)[C@@H]12
Mol_06768	Mol_06768::M03	unsat_lactone	michael_acceptor	27;28;29;24;23	23	C=C1C(=O)O[C@@H]2/C=C(\COC3OC(CO)C(O)C(O)C3O)CC/C=C3\C[C@H](OC3=O)[C@@H]12
Mol_06768	Mol_06768::M04	methylene_butyrolactone	michael_acceptor	0;1;2;3;4	0	C=C1C(=O)O[C@@H]2/C=C(\COC3OC(CO)C(O)C(O)C3O)CC/C=C3\C[C@H](OC3=O)[C@@H]12
Mol_06769	Mol_06769::M01	acrylate_ester	michael_acceptor	0;1;2;3;4;5	0	C=C1C(=O)O[C@@H]2/C=C(\COC3OC(COC(=O)Cc4ccc(O)cc4)C(O)C(O)C3O)CC/C=C3\C[C@H](OC3=O)[C@@H]12
Mol_06769	Mol_06769::M02	acrylate_ester	michael_acceptor	33;34;38;39;37;36	33	C=C1C(=O)O[C@@H]2/C=C(\COC3OC(COC(=O)Cc4ccc(O)cc4)C(O)C(O)C3O)CC/C=C3\C[C@H](OC3=O)[C@@H]12
Mol_06769	Mol_06769::M03	unsat_lactone	michael_acceptor	37;38;39;34;33	33	C=C1C(=O)O[C@@H]2/C=C(\COC3OC(COC(=O)Cc4ccc(O)cc4)C(O)C(O)C3O)CC/C=C3\C[C@H](OC3=O)[C@@H]12
Mol_06769	Mol_06769::M04	methylene_butyrolactone	michael_acceptor	0;1;2;3;4	0	C=C1C(=O)O[C@@H]2/C=C(\COC3OC(COC(=O)Cc4ccc(O)cc4)C(O)C(O)C3O)CC/C=C3\C[C@H](OC3=O)[C@@H]12
Mol_06770	Mol_06770::M01	enal	michael_acceptor	33;34;35;36	33	C=C1C(=O)O[C@@H]2/C=C(\COC3OC(CO)C(O)C(O)C3OC(=O)Cc3ccc(O)cc3)CC/C=C(/C=O)C[C@H](O)[C@@H]12
Mol_06770	Mol_06770::M02	acrylate_ester	michael_acceptor	0;1;2;3;4;5	0	C=C1C(=O)O[C@@H]2/C=C(\COC3OC(CO)C(O)C(O)C3OC(=O)Cc3ccc(O)cc3)CC/C=C(/C=O)C[C@H](O)[C@@H]12
Mol_06770	Mol_06770::M03	methylene_butyrolactone	michael_acceptor	0;1;2;3;4	0	C=C1C(=O)O[C@@H]2/C=C(\COC3OC(CO)C(O)C(O)C3OC(=O)Cc3ccc(O)cc3)CC/C=C(/C=O)C[C@H](O)[C@@H]12
Mol_06770	Mol_06770::M04	aldehyde	reversible_carbonyl	34;35;36	35	C=C1C(=O)O[C@@H]2/C=C(\COC3OC(CO)C(O)C(O)C3OC(=O)Cc3ccc(O)cc3)CC/C=C(/C=O)C[C@H](O)[C@@H]12
Mol_06771	Mol_06771::M01	acrylate_ester	michael_acceptor	0;1;2;3;4;5	0	C=C1C(=O)O[C@H]2C[C@](O)(CCl)[C@@H]3C[C@H](OC(=O)CC)C(=C)[C@@]3(O)C[C@H]12
Mol_06771	Mol_06771::M02	methylene_butyrolactone	michael_acceptor	0;1;2;3;4	0	C=C1C(=O)O[C@H]2C[C@](O)(CCl)[C@@H]3C[C@H](OC(=O)CC)C(=C)[C@@]3(O)C[C@H]12
Mol_06772	Mol_06772::M01	acrylate_ester	michael_acceptor	0;1;2;3;4;5	0	C=C1C(=O)O[C@H]2CC(=C)[C@@H]3C[C@@H](OC(C)=O)C(=C)[C@]3(O)C[C@H]12
Mol_06772	Mol_06772::M02	methylene_butyrolactone	michael_acceptor	0;1;2;3;4	0	C=C1C(=O)O[C@H]2CC(=C)[C@@H]3C[C@@H](OC(C)=O)C(=C)[C@]3(O)C[C@H]12
Mol_06773	Mol_06773::M01	acrylate_ester	michael_acceptor	0;1;2;3;4;5	0	C=C1C(=O)O[C@H]2CC3(CO3)[C@@H]3C[C@H](C(C)=O)C(=C)[C@]3(O)C[C@H]12
Mol_06773	Mol_06773::M02	methylene_butyrolactone	michael_acceptor	0;1;2;3;4	0	C=C1C(=O)O[C@H]2CC3(CO3)[C@@H]3C[C@H](C(C)=O)C(=C)[C@]3(O)C[C@H]12
Mol_06773	Mol_06773::M03	epoxide	sn2_ring_opening	7;9;8	7;8	C=C1C(=O)O[C@H]2CC3(CO3)[C@@H]3C[C@H](C(C)=O)C(=C)[C@]3(O)C[C@H]12
Mol_06774	Mol_06774::M01	acrylate_ester	michael_acceptor	0;1;2;3;4;5	0	C=C1C(=O)O[C@H]2C[C@](O)(CCl)[C@@H]3C[C@H](O)C(=C)[C@@]3(O)C[C@H]12
Mol_06774	Mol_06774::M02	methylene_butyrolactone	michael_acceptor	0;1;2;3;4	0	C=C1C(=O)O[C@H]2C[C@](O)(CCl)[C@@H]3C[C@H](O)C(=C)[C@@]3(O)C[C@H]12
Mol_06784	Mol_06784::M01	acrylate_ester	michael_acceptor	0;1;2;3;4;5	0	C=C(C(=O)O[C@H]1C=C2[C@@H]([C@@H]3OC(=O)C(=C)[C@@H]3CC[C@]2(C)O)[C@@]1(C)O)[C@@H]1CC[C@@]2(C)C=CC(=O)C(=C)[C@@H]2C1
Mol_06784	Mol_06784::M02	acrylate_ester	michael_acceptor	14;13;11;12;10;9	14	C=C(C(=O)O[C@H]1C=C2[C@@H]([C@@H]3OC(=O)C(=C)[C@@H]3CC[C@]2(C)O)[C@@]1(C)O)[C@@H]1CC[C@@]2(C)C=CC(=O)C(=C)[C@@H]2C1
Mol_06784	Mol_06784::M03	enone_cyclic	michael_acceptor	29;30;31;32;33	29	C=C(C(=O)O[C@H]1C=C2[C@@H]([C@@H]3OC(=O)C(=C)[C@@H]3CC[C@]2(C)O)[C@@]1(C)O)[C@@H]1CC[C@@]2(C)C=CC(=O)C(=C)[C@@H]2C1
Mol_06784	Mol_06784::M04	methylene_butyrolactone	michael_acceptor	14;13;11;12;10	14	C=C(C(=O)O[C@H]1C=C2[C@@H]([C@@H]3OC(=O)C(=C)[C@@H]3CC[C@]2(C)O)[C@@]1(C)O)[C@@H]1CC[C@@]2(C)C=CC(=O)C(=C)[C@@H]2C1
Mol_06785	Mol_06785::M01	acrylate_ester	michael_acceptor	0;1;2;3;4;5	0	C=C(C(=O)O[C@H]1C=C2[C@@H]([C@H]3OC(=O)C(=C)[C@@H]3CC[C@]2(C)O)[C@@]1(C)O)[C@@H]1CC[C@@]2(C)C=CC(=O)C(=C)[C@@H]2C1
Mol_06785	Mol_06785::M02	acrylate_ester	michael_acceptor	14;13;11;12;10;9	14	C=C(C(=O)O[C@H]1C=C2[C@@H]([C@H]3OC(=O)C(=C)[C@@H]3CC[C@]2(C)O)[C@@]1(C)O)[C@@H]1CC[C@@]2(C)C=CC(=O)C(=C)[C@@H]2C1
Mol_06785	Mol_06785::M03	enone_cyclic	michael_acceptor	29;30;31;32;33	29	C=C(C(=O)O[C@H]1C=C2[C@@H]([C@H]3OC(=O)C(=C)[C@@H]3CC[C@]2(C)O)[C@@]1(C)O)[C@@H]1CC[C@@]2(C)C=CC(=O)C(=C)[C@@H]2C1
Mol_06785	Mol_06785::M04	methylene_butyrolactone	michael_acceptor	14;13;11;12;10	14	C=C(C(=O)O[C@H]1C=C2[C@@H]([C@H]3OC(=O)C(=C)[C@@H]3CC[C@]2(C)O)[C@@]1(C)O)[C@@H]1CC[C@@]2(C)C=CC(=O)C(=C)[C@@H]2C1
Mol_06786	Mol_06786::M01	acrylate_ester	michael_acceptor	0;1;2;3;4;5	0	C=C1C(=O)O[C@@H]2[C@H]1CCC(C)=C1[C@H]3O[C@](C)([C@H]3O)[C@@H]12
Mol_06786	Mol_06786::M02	methylene_butyrolactone	michael_acceptor	0;1;2;3;4	0	C=C1C(=O)O[C@@H]2[C@H]1CCC(C)=C1[C@H]3O[C@](C)([C@H]3O)[C@@H]12
Mol_06787	Mol_06787::M01	acrylate_ester	michael_acceptor	0;1;2;3;4;5	0	C=C1C(=O)O[C@@H]2[C@H]1CCC(C)=C1[C@H]3O[C@](C)([C@H]3OC(=O)C(C)CC)[C@@H]12
Mol_06787	Mol_06787::M02	methylene_butyrolactone	michael_acceptor	0;1;2;3;4	0	C=C1C(=O)O[C@@H]2[C@H]1CCC(C)=C1[C@H]3O[C@](C)([C@H]3OC(=O)C(C)CC)[C@@H]12
Mol_06788	Mol_06788::M01	acrylate_ester	michael_acceptor	0;1;2;3;4;5	0	C=C1C(=O)O[C@@H]2[C@H]1[C@@H](OC(=O)C(C)C)[C@@H]1[C@](C)([C@H](O)CC[C@@]1(C)O)[C@@H]2OC(=O)/C(C)=C/C
Mol_06788	Mol_06788::M02	acrylate_ester	michael_acceptor	30;28;26;27;25;24	30	C=C1C(=O)O[C@@H]2[C@H]1[C@@H](OC(=O)C(C)C)[C@@H]1[C@](C)([C@H](O)CC[C@@]1(C)O)[C@@H]2OC(=O)/C(C)=C/C
Mol_06788	Mol_06788::M03	methylene_butyrolactone	michael_acceptor	0;1;2;3;4	0	C=C1C(=O)O[C@@H]2[C@H]1[C@@H](OC(=O)C(C)C)[C@@H]1[C@](C)([C@H](O)CC[C@@]1(C)O)[C@@H]2OC(=O)/C(C)=C/C
Mol_06789	Mol_06789::M01	acrylate_ester	michael_acceptor	0;1;2;3;4;5	0	C=C1C(=O)O[C@@H]2[C@H]1[C@@H](OC(=O)C(C)C)[C@@H]1[C@](C)([C@H](O)CC[C@@]1(C)O)[C@@H]2OC(=O)/C(C)=C\C
Mol_06789	Mol_06789::M02	acrylate_ester	michael_acceptor	30;28;26;27;25;24	30	C=C1C(=O)O[C@@H]2[C@H]1[C@@H](OC(=O)C(C)C)[C@@H]1[C@](C)([C@H](O)CC[C@@]1(C)O)[C@@H]2OC(=O)/C(C)=C\C
Mol_06789	Mol_06789::M03	methylene_butyrolactone	michael_acceptor	0;1;2;3;4	0	C=C1C(=O)O[C@@H]2[C@H]1[C@@H](OC(=O)C(C)C)[C@@H]1[C@](C)([C@H](O)CC[C@@]1(C)O)[C@@H]2OC(=O)/C(C)=C\C
Mol_06790	Mol_06790::M01	acrylate_ester	michael_acceptor	0;1;2;3;4;5	0	C=C1C(=O)O[C@@H]2[C@H]1[C@@H](OC(=O)C(C)C)[C@@H]1[C@](C)([C@H](O)CC[C@@]1(C)OC(C)=O)[C@@H]2OC(C)=O
Mol_06790	Mol_06790::M02	methylene_butyrolactone	michael_acceptor	0;1;2;3;4	0	C=C1C(=O)O[C@@H]2[C@H]1[C@@H](OC(=O)C(C)C)[C@@H]1[C@](C)([C@H](O)CC[C@@]1(C)OC(C)=O)[C@@H]2OC(C)=O
Mol_06791	Mol_06791::M01	acrylate_ester	michael_acceptor	0;1;2;3;4;5	0	C=C1C(=O)O[C@@H]2[C@H]1[C@@H](OC(=O)C(C)C)[C@@H]1[C@](C)([C@@H]3CC[C@@]1(C)O3)[C@@H]2OC(C)=O
Mol_06791	Mol_06791::M02	methylene_butyrolactone	michael_acceptor	0;1;2;3;4	0	C=C1C(=O)O[C@@H]2[C@H]1[C@@H](OC(=O)C(C)C)[C@@H]1[C@](C)([C@@H]3CC[C@@]1(C)O3)[C@@H]2OC(C)=O
Mol_06792	Mol_06792::M01	acrylate_ester	michael_acceptor	0;1;2;3;4;5	0	C=C1C(=O)O[C@@H]2[C@H]1[C@@H](OC(=O)C(C)C)[C@@H]1[C@](C)([C@@H]3CC[C@@]1(C)O3)[C@@H]2O
Mol_06792	Mol_06792::M02	methylene_butyrolactone	michael_acceptor	0;1;2;3;4	0	C=C1C(=O)O[C@@H]2[C@H]1[C@@H](OC(=O)C(C)C)[C@@H]1[C@](C)([C@@H]3CC[C@@]1(C)O3)[C@@H]2O
Mol_06795	Mol_06795::M01	acrylate_ester	michael_acceptor	0;1;2;3;4;5	0	C=C1C(=O)O[C@@H]2[C@H]1CCC(C)=C1[C@@H]3O[C@@](C)([C@H]3OC(=O)C(C)CC)[C@@H]12
Mol_06795	Mol_06795::M02	methylene_butyrolactone	michael_acceptor	0;1;2;3;4	0	C=C1C(=O)O[C@@H]2[C@H]1CCC(C)=C1[C@@H]3O[C@@](C)([C@H]3OC(=O)C(C)CC)[C@@H]12
Mol_06796	Mol_06796::M01	acrylate_ester	michael_acceptor	0;1;2;3;4;5	0	C=C1C(=O)O[C@@H]2[C@H]1CCC(C)=C1[C@@H]3O[C@@](C)([C@H]3O)[C@@H]12
Mol_06796	Mol_06796::M02	methylene_butyrolactone	michael_acceptor	0;1;2;3;4	0	C=C1C(=O)O[C@@H]2[C@H]1CCC(C)=C1[C@@H]3O[C@@](C)([C@H]3O)[C@@H]12
Mol_06797	Mol_06797::M01	acrylate_ester	michael_acceptor	0;1;2;3;4;5	0	C=C1C(=O)O[C@H]2[C@@H]3[C@@](O)(C(C)=CC[C@@H]12)[C@@H]1C[C@@]3(C)O1
Mol_06797	Mol_06797::M02	methylene_butyrolactone	michael_acceptor	0;1;2;3;4	0	C=C1C(=O)O[C@H]2[C@@H]3[C@@](O)(C(C)=CC[C@@H]12)[C@@H]1C[C@@]3(C)O1
Mol_06798	Mol_06798::M01	acrylate_ester	michael_acceptor	0;1;2;3;4;5	0	C=C1C(=O)O[C@H]2[C@@H]3[C@@](O)(C(=C)CC[C@@H]12)[C@@H]1C[C@@]3(C)O1
Mol_06798	Mol_06798::M02	methylene_butyrolactone	michael_acceptor	0;1;2;3;4	0	C=C1C(=O)O[C@H]2[C@@H]3[C@@](O)(C(=C)CC[C@@H]12)[C@@H]1C[C@@]3(C)O1
Mol_06803	Mol_06803::M01	acrylate_ester	michael_acceptor	0;1;2;3;4;5	0	C=C1C(=O)O[C@H]2C[C@H](C)C(C(=O)CC(C)OC(C)=O)=CC[C@H]12
Mol_06803	Mol_06803::M02	methylene_butyrolactone	michael_acceptor	0;1;2;3;4	0	C=C1C(=O)O[C@H]2C[C@H](C)C(C(=O)CC(C)OC(C)=O)=CC[C@H]12
Mol_06804	Mol_06804::M01	enone_ketone_acyclic	michael_acceptor	10;11;12;14;13	10	C=C1C(=O)O[C@H]2C[C@H](C)[C@]3(/C=C/C(C)=O)O[C@@H]3C[C@H]12
Mol_06804	Mol_06804::M02	acrylate_ester	michael_acceptor	0;1;2;3;4;5	0	C=C1C(=O)O[C@H]2C[C@H](C)[C@]3(/C=C/C(C)=O)O[C@@H]3C[C@H]12
Mol_06804	Mol_06804::M03	methylene_butyrolactone	michael_acceptor	0;1;2;3;4	0	C=C1C(=O)O[C@H]2C[C@H](C)[C@]3(/C=C/C(C)=O)O[C@@H]3C[C@H]12
Mol_06804	Mol_06804::M04	epoxide	sn2_ring_opening	9;15;16	9;16	C=C1C(=O)O[C@H]2C[C@H](C)[C@]3(/C=C/C(C)=O)O[C@@H]3C[C@H]12
Mol_06806	Mol_06806::M01	acrylate_ester	michael_acceptor	0;1;2;3;4;5	0	C=C1C(=O)O[C@H]2C[C@H](C)C(C(CC(C)=O)OC(C)=O)=CC[C@H]12
Mol_06806	Mol_06806::M02	methylene_butyrolactone	michael_acceptor	0;1;2;3;4	0	C=C1C(=O)O[C@H]2C[C@H](C)C(C(CC(C)=O)OC(C)=O)=CC[C@H]12
Mol_06807	Mol_06807::M01	acrylate_ester	michael_acceptor	0;1;2;3;4;5	0	C=C1C(=O)O[C@H]2C[C@H](C)C(C(O)CC(C)OC(C)=O)=CC[C@H]12
Mol_06807	Mol_06807::M02	methylene_butyrolactone	michael_acceptor	0;1;2;3;4	0	C=C1C(=O)O[C@H]2C[C@H](C)C(C(O)CC(C)OC(C)=O)=CC[C@H]12
Mol_06808	Mol_06808::M01	acrylate_ester	michael_acceptor	0;1;2;3;4;5	0	C=C1C(=O)O[C@H]2C[C@H](C)C(C(CC(C)O)OC(C)=O)=CC[C@H]12
Mol_06808	Mol_06808::M02	methylene_butyrolactone	michael_acceptor	0;1;2;3;4	0	C=C1C(=O)O[C@H]2C[C@H](C)C(C(CC(C)O)OC(C)=O)=CC[C@H]12
Mol_06812	Mol_06812::M01	acrylate_ester	michael_acceptor	7;8;10;11;12;13	7	Cc1cc2c(s1)=C1C(=C(O)C(=O)OC1/C=C\C=C\CCO)C=2
Mol_06812	Mol_06812::M02	unsat_lactone	michael_acceptor	12;10;11;8;7	7	Cc1cc2c(s1)=C1C(=C(O)C(=O)OC1/C=C\C=C\CCO)C=2
Mol_06816	Mol_06816::M01	acrylate_ester	michael_acceptor	0;1;2;3;4;5	0	C=C1C(=O)O[C@H]2C[C@H](C)C(C(O)CC(C)O)=CC[C@H]12
Mol_06816	Mol_06816::M02	methylene_butyrolactone	michael_acceptor	0;1;2;3;4	0	C=C1C(=O)O[C@H]2C[C@H](C)C(C(O)CC(C)O)=CC[C@H]12
Mol_06817	Mol_06817::M01	enone_ketone_acyclic	michael_acceptor	10;11;12;14;13	10	C=C1C(=O)O[C@@H]2C[C@H](C)C(/C=C/C(C)=O)=CC[C@H]12
Mol_06817	Mol_06817::M02	acrylate_ester	michael_acceptor	0;1;2;3;4;5	0	C=C1C(=O)O[C@@H]2C[C@H](C)C(/C=C/C(C)=O)=CC[C@H]12
Mol_06817	Mol_06817::M03	methylene_butyrolactone	michael_acceptor	0;1;2;3;4	0	C=C1C(=O)O[C@@H]2C[C@H](C)C(/C=C/C(C)=O)=CC[C@H]12
Mol_06819	Mol_06819::M01	enone_ketone_acyclic	michael_acceptor	29;30;31;33;32	29	C=C1C(=O)OC2CC(C)C3(O)C=C(C(C)=O)C4(OC3CC12)C(=O)OC1CC(C)C(/C=C/C(C)=O)=CCC14
Mol_06819	Mol_06819::M02	acrylate_ester	michael_acceptor	0;1;2;3;4;5	0	C=C1C(=O)OC2CC(C)C3(O)C=C(C(C)=O)C4(OC3CC12)C(=O)OC1CC(C)C(/C=C/C(C)=O)=CCC14
Mol_06819	Mol_06819::M03	methylene_butyrolactone	michael_acceptor	0;1;2;3;4	0	C=C1C(=O)OC2CC(C)C3(O)C=C(C(C)=O)C4(OC3CC12)C(=O)OC1CC(C)C(/C=C/C(C)=O)=CCC14
Mol_06820	Mol_06820::M01	enone_ketone_acyclic	michael_acceptor	29;30;31;33;32	29	C=C1C(=O)OC2CC(C)C3(O)C=C(C(C)=O)C4(OC3CC12)C(=O)OC1CC(C)C2(/C=C/C(C)=O)OC2CC14
Mol_06820	Mol_06820::M02	acrylate_ester	michael_acceptor	0;1;2;3;4;5	0	C=C1C(=O)OC2CC(C)C3(O)C=C(C(C)=O)C4(OC3CC12)C(=O)OC1CC(C)C2(/C=C/C(C)=O)OC2CC14
Mol_06820	Mol_06820::M03	methylene_butyrolactone	michael_acceptor	0;1;2;3;4	0	C=C1C(=O)OC2CC(C)C3(O)C=C(C(C)=O)C4(OC3CC12)C(=O)OC1CC(C)C2(/C=C/C(C)=O)OC2CC14
Mol_06820	Mol_06820::M04	epoxide	sn2_ring_opening	28;34;35	28;35	C=C1C(=O)OC2CC(C)C3(O)C=C(C(C)=O)C4(OC3CC12)C(=O)OC1CC(C)C2(/C=C/C(C)=O)OC2CC14
Mol_06822	Mol_06822::M01	acrylate_ester	michael_acceptor	0;1;2;3;4;5	0	C=C1C(=O)O[C@@H]2C[C@H](C)C(C(O)CC(C)=O)=CC[C@H]12
Mol_06822	Mol_06822::M02	methylene_butyrolactone	michael_acceptor	0;1;2;3;4	0	C=C1C(=O)O[C@@H]2C[C@H](C)C(C(O)CC(C)=O)=CC[C@H]12
Mol_06823	Mol_06823::M01	acrylate_ester	michael_acceptor	0;1;2;3;4;5	0	C=C1C(=O)O[C@@H]2C[C@H](C)C(C(CC(C)=O)OC(C)=O)=CC[C@H]12
Mol_06823	Mol_06823::M02	methylene_butyrolactone	michael_acceptor	0;1;2;3;4	0	C=C1C(=O)O[C@@H]2C[C@H](C)C(C(CC(C)=O)OC(C)=O)=CC[C@H]12
Mol_06824	Mol_06824::M01	acrylic_acid	michael_acceptor	0;1;2;3;4	0	C=C(C(=O)O)[C@H]1CC=C(CCC(C)=O)[C@@H](C)CC1
Mol_06825	Mol_06825::M01	acrylate_ester	michael_acceptor	0;1;2;3;4;5	0	C=C1C(=O)O[C@@H]2CC(C)C34OOC(C)(CC3OC(C)=O)OC4C[C@H]12
Mol_06825	Mol_06825::M02	methylene_butyrolactone	michael_acceptor	0;1;2;3;4	0	C=C1C(=O)O[C@@H]2CC(C)C34OOC(C)(CC3OC(C)=O)OC4C[C@H]12
Mol_06826	Mol_06826::M01	enone_ketone_acyclic	michael_acceptor	4;3;1;2;0	4	CC(=O)/C=C/[C@@]12O[C@@H]1C[C@@H]1[C@H](C)C(=O)O[C@@H]1C[C@@H]2C
Mol_06826	Mol_06826::M02	epoxide	sn2_ring_opening	5;6;7	5;7	CC(=O)/C=C/[C@@]12O[C@@H]1C[C@@H]1[C@H](C)C(=O)O[C@@H]1C[C@@H]2C
Mol_06828	Mol_06828::M01	acrylic_acid	michael_acceptor	0;1;2;3;4	0	C=C(C(=O)O)C1CC[C@H](C)[C@@H]2CC[C@H](O)[C@@]2(C)C1
Mol_06829	Mol_06829::M01	acrylic_acid	michael_acceptor	0;1;2;3;4	0	C=C(C(=O)O)[C@@H]1CC[C@]2(C)C(C1)C(C)=CC[C@H]2O
Mol_06830	Mol_06830::M01	acrylic_acid	michael_acceptor	0;1;2;3;4	0	C=C(C(=O)O)[C@@H]1CC[C@@]2(C)[C@H](O)CCC(=C)[C@@H]2C1
Mol_06831	Mol_06831::M01	enone_cyclic	michael_acceptor	14;13;11;12;9	14	C[C@@H]1C(=O)OC2[C@H]1CC[C@@]1(C)C(=O)C=C[C@@](C)(O)[C@H]21
Mol_06837	Mol_06837::M01	aldehyde	reversible_carbonyl	12;13;14	13	C[C@@H]1CC[C@@]2(OC1)O[C@H]1C[C@H]3[C@@H]4[C@@H](C=O)[C@]5(O)C[C@@H](O)CC[C@]5(C)[C@H]4CC[C@]3(C)[C@H]1[C@@H]2C
Mol_06839	Mol_06839::M01	epoxide	sn2_ring_opening	38;39;40	38;40	CC(=O)O[C@@H]1[C@H]2[C@H]3[C@H]([C@H](OC(C)=O)[C@H](OC(C)=O)[C@]2(C)[C@@H]2[C@@H]1[C@]1(C)C(=C[C@H]2C)OC(=O)[C@@]1(C)O)[C@]1(C)[C@H](C[C@@H]2O[C@@H]2[C@@H]1OC(C)=O)C(=O)[C@@H]3O
Mol_06840	Mol_06840::M01	epoxide	sn2_ring_opening	35;36;37	35;37	CC(=O)OC1C(OC(C)=O)[C@@]2(C)C(C(O)[C@@H]3C2C(C)C=C2OC(=O)[C@@](C)(O)[C@@]23C)[C@H]2C1[C@]1(C)C(C[C@@H]3O[C@@H]3C1OC(C)=O)C(=O)[C@@H]2O
Mol_06841	Mol_06841::M01	epoxide	sn2_ring_opening	13;14;15	13;15	CC(=O)O[C@@H]1[C@H]2[C@@H]3[C@@H](O)C(=O)[C@H]4C[C@@H]5O[C@@H]5[C@H](OC(C)=O)[C@]4(C)[C@H]3C[C@H](OC(C)=O)[C@]2(C)[C@@H]2[C@H]1[C@]1(C)C(=C[C@H]2C)OC(=O)[C@@]1(C)O
Mol_06842	Mol_06842::M01	epoxide	sn2_ring_opening	33;34;35	33;35	CC(=O)O[C@H]1C[C@H]2[C@H]([C@@H]3[C@@H](O)[C@H]4[C@H]([C@H](C)C=C5OC(=O)[C@@](C)(O)[C@@]54C)[C@]31C)[C@@H](O)C(=O)[C@H]1C[C@@H]3O[C@@H]3[C@H](OC(C)=O)[C@@]12C
Mol_06860	Mol_06860::M01	enone_ketone_acyclic	michael_acceptor	3;2;1;0;30	3	O=C(/C=C/c1ccc(Oc2cc(C(=O)/C=C/c3ccc(O)cc3)c(O)cc2O)cc1)c1ccc(O)cc1O
Mol_06860	Mol_06860::M02	enone_ketone_acyclic	michael_acceptor	15;14;12;13;11	15	O=C(/C=C/c1ccc(Oc2cc(C(=O)/C=C/c3ccc(O)cc3)c(O)cc2O)cc1)c1ccc(O)cc1O
Mol_06860	Mol_06860::M03	chalcone	michael_acceptor	11;12;13;14;15;16	15	O=C(/C=C/c1ccc(Oc2cc(C(=O)/C=C/c3ccc(O)cc3)c(O)cc2O)cc1)c1ccc(O)cc1O
Mol_06860	Mol_06860::M04	chalcone	michael_acceptor	30;1;0;2;3;4	3	O=C(/C=C/c1ccc(Oc2cc(C(=O)/C=C/c3ccc(O)cc3)c(O)cc2O)cc1)c1ccc(O)cc1O
Mol_06868	Mol_06868::M01	enone_cyclic	michael_acceptor	2;1;13;14;11	2	CC1=C(O)c2cccc(O)c2C(=O)C1=O
Mol_06868	Mol_06868::M02	ortho_quinone	michael_acceptor	12;11;13;14;1;2;4;10	1;2;4;10	CC1=C(O)c2cccc(O)c2C(=O)C1=O
Mol_06879	Mol_06879::M01	enone_cyclic	michael_acceptor	2;3;19;20;21	2	COC1=C(c2c(C)cc(OC)c3c(OC)cccc23)C(=O)C=C2C[C@H](C)NC(C)=C21
Mol_06879	Mol_06879::M02	enone_cyclic	michael_acceptor	22;21;19;20;3	22	COC1=C(c2c(C)cc(OC)c3c(OC)cccc23)C(=O)C=C2C[C@H](C)NC(C)=C21
Mol_06894	Mol_06894::M01	acrylate_ester	michael_acceptor	5;4;2;3;1;0	5	COC(=O)/C=C(\C)CC/C=C(\C)CC[C@H]1OC1(C)C
Mol_06894	Mol_06894::M02	epoxide	sn2_ring_opening	14;15;16	14;16	COC(=O)/C=C(\C)CC/C=C(\C)CC[C@H]1OC1(C)C
Mol_06895	Mol_06895::M01	acrylate_ester	michael_acceptor	5;4;2;3;1;0	5	COC(=O)/C=C(\C)CC/C=C(\C)CC[C@@H](O)C(C)(C)O
Mol_06897	Mol_06897::M01	acrylate_ester	michael_acceptor	5;4;2;3;1;0	5	COC(=O)/C=C/CC/C=C(\C)CC(C)[C@H](O)C(C)(C)O
Mol_06898	Mol_06898::M01	acrylate_ester	michael_acceptor	5;4;2;3;1;0	5	COC(=O)/C=C/CC/C=C(\C)CC(C)[C@@H](O)C(C)(C)O
Mol_06907	Mol_06907::M01	enone_cyclic	michael_acceptor	3;2;43;44;26	3	COC1=C(C(C)C)C2(OC)Oc3c(cc(OC)c(C(C)C)c3OC)CC2C2(CCc3cc(OC)c(C(C)C)c(OC)c3O2)C1=O
Mol_06909	Mol_06909::M01	enone_cyclic	michael_acceptor	6;10;13;14;1	6	C=C1C=C(OC)C(C(C)C)=C(OC)C1=O
Mol_06910	Mol_06910::M01	acrylate_ester	michael_acceptor	2;3;4;5;6;7	2	COC1=CC(=O)OC2(/C=C/c3ccccc3)[C@H]1[C@H](c1ccccc1)[C@H]2c1cc(OC)cc(=O)o1
Mol_06910	Mol_06910::M02	unsat_lactone	michael_acceptor	6;4;5;3;2	2	COC1=CC(=O)OC2(/C=C/c3ccccc3)[C@H]1[C@H](c1ccccc1)[C@H]2c1cc(OC)cc(=O)o1
Mol_06911	Mol_06911::M01	epoxide	sn2_ring_opening	5;6;7	5;7	COc1cc([C@H]2O[C@@H]2c2ccccc2)oc(=O)c1
Mol_06916	Mol_06916::M01	epoxide	sn2_ring_opening	14;15;16	14;16	CC(=O)OCC(c1c[nH]c2ccc(CC3OC3(C)C)cc12)C(C)(C)O
Mol_06917	Mol_06917::M01	enone_ketone_acyclic	michael_acceptor	1;3;4;5;6	1	CC(C)=CC(=O)c1ccc2[nH]cc(CC(O)C(C)(C)O)c2c1
Mol_06918	Mol_06918::M01	epoxide	sn2_ring_opening	1;3;4	1;4	CC1(C)O[C@H]1Cc1ccc2[nH]cc(C[C@H]3OC3(C)C)c2c1
Mol_06918	Mol_06918::M02	epoxide	sn2_ring_opening	14;15;16	14;16	CC1(C)O[C@H]1Cc1ccc2[nH]cc(C[C@H]3OC3(C)C)c2c1
Mol_06919	Mol_06919::M01	enone_ketone_acyclic	michael_acceptor	1;3;4;5;6	1	CC(C)=CC(=O)c1ccc2[nH]cc(C[C@H]3OC3(C)C)c2c1
Mol_06919	Mol_06919::M02	epoxide	sn2_ring_opening	14;15;16	14;16	CC(C)=CC(=O)c1ccc2[nH]cc(C[C@H]3OC3(C)C)c2c1
Mol_06923	Mol_06923::M01	aldehyde	reversible_carbonyl	2;1;0	1	O=Cc1ccc2[nH]ccc2c1
Mol_06926	Mol_06926::M01	enal	michael_acceptor	3;2;1;0	3	O=C/C=C/Cc1ccc2cc[nH]c2c1
Mol_06926	Mol_06926::M02	aldehyde	reversible_carbonyl	2;1;0	1	O=C/C=C/Cc1ccc2cc[nH]c2c1
Mol_06930	Mol_06930::M01	enone_ketone_acyclic	michael_acceptor	13;14;15;17;16	13	C/C=C/C(C)(C)c1c[nH]c2ccc(/C=C/C(C)=O)cc12
Mol_06936	Mol_06936::M01	enone_cyclic	michael_acceptor	5;6;7;8;9	5	COC(=O)C(C1=CC(=O)C=C(C/C=C(\C)CCC=C(C)C)C1=O)C(C(=O)OC)C1=CC(=O)C=C(C/C=C(\C)CCC=C(C)C)C1=O
Mol_06936	Mol_06936::M02	enone_cyclic	michael_acceptor	6;5;21;22;10	6	COC(=O)C(C1=CC(=O)C=C(C/C=C(\C)CCC=C(C)C)C1=O)C(C(=O)OC)C1=CC(=O)C=C(C/C=C(\C)CCC=C(C)C)C1=O
Mol_06936	Mol_06936::M03	enone_cyclic	michael_acceptor	9;10;21;22;5	9	COC(=O)C(C1=CC(=O)C=C(C/C=C(\C)CCC=C(C)C)C1=O)C(C(=O)OC)C1=CC(=O)C=C(C/C=C(\C)CCC=C(C)C)C1=O
Mol_06936	Mol_06936::M04	enone_cyclic	michael_acceptor	10;9;7;8;6	10	COC(=O)C(C1=CC(=O)C=C(C/C=C(\C)CCC=C(C)C)C1=O)C(C(=O)OC)C1=CC(=O)C=C(C/C=C(\C)CCC=C(C)C)C1=O
Mol_06936	Mol_06936::M05	enone_cyclic	michael_acceptor	28;29;30;31;32	28	COC(=O)C(C1=CC(=O)C=C(C/C=C(\C)CCC=C(C)C)C1=O)C(C(=O)OC)C1=CC(=O)C=C(C/C=C(\C)CCC=C(C)C)C1=O
Mol_06936	Mol_06936::M06	enone_cyclic	michael_acceptor	29;28;44;45;33	29	COC(=O)C(C1=CC(=O)C=C(C/C=C(\C)CCC=C(C)C)C1=O)C(C(=O)OC)C1=CC(=O)C=C(C/C=C(\C)CCC=C(C)C)C1=O
Mol_06936	Mol_06936::M07	enone_cyclic	michael_acceptor	32;33;44;45;28	32	COC(=O)C(C1=CC(=O)C=C(C/C=C(\C)CCC=C(C)C)C1=O)C(C(=O)OC)C1=CC(=O)C=C(C/C=C(\C)CCC=C(C)C)C1=O
Mol_06936	Mol_06936::M08	enone_cyclic	michael_acceptor	33;32;30;31;29	33	COC(=O)C(C1=CC(=O)C=C(C/C=C(\C)CCC=C(C)C)C1=O)C(C(=O)OC)C1=CC(=O)C=C(C/C=C(\C)CCC=C(C)C)C1=O
Mol_06936	Mol_06936::M09	para_quinone	michael_acceptor	8;7;6;5;21;22;10;9	5;6;9;10	COC(=O)C(C1=CC(=O)C=C(C/C=C(\C)CCC=C(C)C)C1=O)C(C(=O)OC)C1=CC(=O)C=C(C/C=C(\C)CCC=C(C)C)C1=O
Mol_06936	Mol_06936::M10	para_quinone	michael_acceptor	31;30;29;28;44;45;33;32	28;29;32;33	COC(=O)C(C1=CC(=O)C=C(C/C=C(\C)CCC=C(C)C)C1=O)C(C(=O)OC)C1=CC(=O)C=C(C/C=C(\C)CCC=C(C)C)C1=O
Mol_06938	Mol_06938::M01	enone_cyclic	michael_acceptor	10;11;12;13;14	10	CC(C)=CCC/C(C)=C/CC1=CC(=O)C=C(c2cc3cc(O)cc(C/C=C(\C)CCC=C(C)C)c3o2)C1=O
Mol_06938	Mol_06938::M02	enone_cyclic	michael_acceptor	11;10;36;37;15	11	CC(C)=CCC/C(C)=C/CC1=CC(=O)C=C(c2cc3cc(O)cc(C/C=C(\C)CCC=C(C)C)c3o2)C1=O
Mol_06938	Mol_06938::M03	enone_cyclic	michael_acceptor	14;15;36;37;10	14	CC(C)=CCC/C(C)=C/CC1=CC(=O)C=C(c2cc3cc(O)cc(C/C=C(\C)CCC=C(C)C)c3o2)C1=O
Mol_06938	Mol_06938::M04	enone_cyclic	michael_acceptor	15;14;12;13;11	15	CC(C)=CCC/C(C)=C/CC1=CC(=O)C=C(c2cc3cc(O)cc(C/C=C(\C)CCC=C(C)C)c3o2)C1=O
Mol_06938	Mol_06938::M05	para_quinone	michael_acceptor	13;12;11;10;36;37;15;14	10;11;14;15	CC(C)=CCC/C(C)=C/CC1=CC(=O)C=C(c2cc3cc(O)cc(C/C=C(\C)CCC=C(C)C)c3o2)C1=O
Mol_06940	Mol_06940::M01	enone_cyclic	michael_acceptor	8;19;20;21;22	8	COC(=O)C[C@]12C(=O)C(C/C=C(\C)CCC=C(C)C)=CC(=O)[C@H]1CC=C(C)C2CC=C(C)C
Mol_06940	Mol_06940::M02	enone_cyclic	michael_acceptor	19;8;6;7;5	19	COC(=O)C[C@]12C(=O)C(C/C=C(\C)CCC=C(C)C)=CC(=O)[C@H]1CC=C(C)C2CC=C(C)C
Mol_06944	Mol_06944::M01	enone_ketone_acyclic	michael_acceptor	14;13;11;12;10	14	O=Cc1c(O)c(C=O)c(O)c(C(=O)/C=C/c2ccccc2)c1O
Mol_06944	Mol_06944::M02	chalcone	michael_acceptor	10;11;12;13;14;15	14	O=Cc1c(O)c(C=O)c(O)c(C(=O)/C=C/c2ccccc2)c1O
Mol_06944	Mol_06944::M03	aldehyde	reversible_carbonyl	2;1;0	1	O=Cc1c(O)c(C=O)c(O)c(C(=O)/C=C/c2ccccc2)c1O
Mol_06944	Mol_06944::M04	aldehyde	reversible_carbonyl	5;6;7	6	O=Cc1c(O)c(C=O)c(O)c(C(=O)/C=C/c2ccccc2)c1O
Mol_06946	Mol_06946::M01	enone_ketone_acyclic	michael_acceptor	12;11;9;10;8	12	Cc1c(O)c(C)c(O)c(C(=O)/C=C/c2ccccc2)c1O
Mol_06946	Mol_06946::M02	chalcone	michael_acceptor	8;9;10;11;12;13	12	Cc1c(O)c(C)c(O)c(C(=O)/C=C/c2ccccc2)c1O
Mol_06947	Mol_06947::M01	epoxide	sn2_ring_opening	5;6;7	5;7	CC(=O)O[C@@H]1[C@H]2O[C@H]2[C@H]2O[C@@]2(COC(=O)c2ccccc2)[C@H]1OC(C)=O
Mol_06947	Mol_06947::M02	epoxide	sn2_ring_opening	8;9;10	8;10	CC(=O)O[C@@H]1[C@H]2O[C@H]2[C@H]2O[C@@]2(COC(=O)c2ccccc2)[C@H]1OC(C)=O
Mol_06949	Mol_06949::M01	aldehyde	reversible_carbonyl	4;5;6	5	Cc1c(O)c(C=O)c2c(c1O)C(=O)C[C@@H](c1ccccc1)O2
Mol_06965	Mol_06965::M01	aldehyde	reversible_carbonyl	6;7;8	7	CCCCCCC(C=O)Cc1ccccc1
Mol_06978	Mol_06978::M01	acrylamide	michael_acceptor	13;12;10;11;9	13	O=C1C=C[C@]2(O)CC(=O)N(C(=O)/C=C/c3ccccc3)[C@H]2C1
Mol_06978	Mol_06978::M02	enone_cyclic	michael_acceptor	3;2;1;0;21	3	O=C1C=C[C@]2(O)CC(=O)N(C(=O)/C=C/c3ccccc3)[C@H]2C1
Mol_06980	Mol_06980::M01	acrylamide	michael_acceptor	3;2;1;0;10	3	O=C(/C=C/c1ccccc1)N1C(=O)C[C@@]2(O)C=C[C@H](O)C[C@H]12
Mol_06982	Mol_06982::M01	acrylamide	michael_acceptor	12;11;9;10;8	12	O=C1C=C[C@]2(O)CCN(C(=O)/C=C/c3ccccc3)[C@@H]2C1
Mol_06982	Mol_06982::M02	enone_cyclic	michael_acceptor	3;2;1;0;20	3	O=C1C=C[C@]2(O)CCN(C(=O)/C=C/c3ccccc3)[C@@H]2C1
Mol_06984	Mol_06984::M01	acrylamide	michael_acceptor	12;11;9;10;8	12	O=C1C=C[C@]2(O)C[C@H](NC(=O)/C=C/c3ccccc3)O[C@H]2C1
Mol_06984	Mol_06984::M02	enone_cyclic	michael_acceptor	3;2;1;0;21	3	O=C1C=C[C@]2(O)C[C@H](NC(=O)/C=C/c3ccccc3)O[C@H]2C1
Mol_06986	Mol_06986::M01	acrylamide	michael_acceptor	17;16;14;15;13	17	COC(=O)C[C@@]1(O)C=CC(=O)C[C@@H]1NC(=O)/C=C/c1ccccc1
Mol_06986	Mol_06986::M02	enone_cyclic	michael_acceptor	7;8;9;10;11	7	COC(=O)C[C@@]1(O)C=CC(=O)C[C@@H]1NC(=O)/C=C/c1ccccc1
Mol_07004	Mol_07004::M01	acrylate_ester	michael_acceptor	36;35;40;41;39;37	36	CCCCCC[C@H](O)CCC[C@H](O)[C@H]1CC[C@H]([C@H]2CC[C@H]([C@H](O)CCCCCCCCCCCCC3=C[C@H](C)OC3=O)O2)O1
Mol_07004	Mol_07004::M02	unsat_lactone	michael_acceptor	39;40;41;35;36	36	CCCCCC[C@H](O)CCC[C@H](O)[C@H]1CC[C@H]([C@H]2CC[C@H]([C@H](O)CCCCCCCCCCCCC3=C[C@H](C)OC3=O)O2)O1
Mol_07005	Mol_07005::M01	acrylate_ester	michael_acceptor	35;34;39;40;38;36	35	CCCCCCCCCC[C@H](O)[C@H]1CC[C@H]([C@H]2CC[C@H]([C@H](O)CCCCCCCCCCCCC3=C[C@H](C)OC3=O)O2)O1
Mol_07005	Mol_07005::M02	unsat_lactone	michael_acceptor	38;39;40;34;35	35	CCCCCCCCCC[C@H](O)[C@H]1CC[C@H]([C@H]2CC[C@H]([C@H](O)CCCCCCCCCCCCC3=C[C@H](C)OC3=O)O2)O1
Mol_07006	Mol_07006::M01	acrylate_ester	michael_acceptor	36;35;40;41;39;37	36	CCCCCCCCCC[C@H](O)C1CC[C@@H]([C@@H]2CC[C@H]([C@H](O)CCCCCCCCCCC(O)CC3=CC(C)OC3=O)O2)O1
Mol_07006	Mol_07006::M02	unsat_lactone	michael_acceptor	39;40;41;35;36	36	CCCCCCCCCC[C@H](O)C1CC[C@@H]([C@@H]2CC[C@H]([C@H](O)CCCCCCCCCCC(O)CC3=CC(C)OC3=O)O2)O1
Mol_07007	Mol_07007::M01	acrylate_ester	michael_acceptor	35;34;39;40;38;36	35	CCCCCCCCCC/C=C/CCC1OC1CCC1OC1CCCCCCCCCCCCC1=CC(C)OC1=O
Mol_07007	Mol_07007::M02	unsat_lactone	michael_acceptor	38;39;40;34;35	35	CCCCCCCCCC/C=C/CCC1OC1CCC1OC1CCCCCCCCCCCCC1=CC(C)OC1=O
Mol_07007	Mol_07007::M03	epoxide	sn2_ring_opening	14;15;16	14;16	CCCCCCCCCC/C=C/CCC1OC1CCC1OC1CCCCCCCCCCCCC1=CC(C)OC1=O
Mol_07007	Mol_07007::M04	epoxide	sn2_ring_opening	19;20;21	19;21	CCCCCCCCCC/C=C/CCC1OC1CCC1OC1CCCCCCCCCCCCC1=CC(C)OC1=O
Mol_07008	Mol_07008::M01	acrylate_ester	michael_acceptor	34;33;38;39;37;35	34	CCCCCCCCCCCCC1OC1CCC1OC1CCCCCCCCCCCCCC1=CC(C)OC1=O
Mol_07008	Mol_07008::M02	unsat_lactone	michael_acceptor	37;38;39;33;34	34	CCCCCCCCCCCCC1OC1CCC1OC1CCCCCCCCCCCCCC1=CC(C)OC1=O
Mol_07008	Mol_07008::M03	epoxide	sn2_ring_opening	12;13;14	12;14	CCCCCCCCCCCCC1OC1CCC1OC1CCCCCCCCCCCCCC1=CC(C)OC1=O
Mol_07008	Mol_07008::M04	epoxide	sn2_ring_opening	17;18;19	17;19	CCCCCCCCCCCCC1OC1CCC1OC1CCCCCCCCCCCCCC1=CC(C)OC1=O
Mol_07009	Mol_07009::M01	acrylate_ester	michael_acceptor	35;34;39;40;38;36	35	CCCCCCCCCCC1OC1CCC1OC1CCCCCCCCCCCCCCCCC1=CC(C)OC1=O
Mol_07009	Mol_07009::M02	unsat_lactone	michael_acceptor	38;39;40;34;35	35	CCCCCCCCCCC1OC1CCC1OC1CCCCCCCCCCCCCCCCC1=CC(C)OC1=O
Mol_07009	Mol_07009::M03	epoxide	sn2_ring_opening	10;11;12	10;12	CCCCCCCCCCC1OC1CCC1OC1CCCCCCCCCCCCCCCCC1=CC(C)OC1=O
Mol_07009	Mol_07009::M04	epoxide	sn2_ring_opening	15;16;17	15;17	CCCCCCCCCCC1OC1CCC1OC1CCCCCCCCCCCCCCCCC1=CC(C)OC1=O
Mol_07010	Mol_07010::M01	acrylate_ester	michael_acceptor	34;33;38;39;37;35	34	CCCCCCCCCCCCCCC1OC1CCC1OC1CCCCCCCCCCCC1=CC(C)OC1=O
Mol_07010	Mol_07010::M02	unsat_lactone	michael_acceptor	37;38;39;33;34	34	CCCCCCCCCCCCCCC1OC1CCC1OC1CCCCCCCCCCCC1=CC(C)OC1=O
Mol_07010	Mol_07010::M03	epoxide	sn2_ring_opening	14;15;16	14;16	CCCCCCCCCCCCCCC1OC1CCC1OC1CCCCCCCCCCCC1=CC(C)OC1=O
Mol_07010	Mol_07010::M04	epoxide	sn2_ring_opening	19;20;21	19;21	CCCCCCCCCCCCCCC1OC1CCC1OC1CCCCCCCCCCCC1=CC(C)OC1=O
Mol_07011	Mol_07011::M01	enone_cyclic	michael_acceptor	2;3;5;6;7	2	COC1=C(C)C(=O)C(C)(C)c2oc(-c3ccccc3)cc(=O)c21
Mol_07013	Mol_07013::M01	enone_ketone_acyclic	michael_acceptor	11;10;8;9;7	11	COC1=C(C)C(O)=C(C(=O)/C=C/c2ccccc2)C(=O)C1(C)C
Mol_07013	Mol_07013::M02	enone_cyclic	michael_acceptor	5;7;18;19;20	5	COC1=C(C)C(O)=C(C(=O)/C=C/c2ccccc2)C(=O)C1(C)C
Mol_07015	Mol_07015::M01	enone_cyclic	michael_acceptor	2;1;20;21;17	2	CC1=C(O)c2c(oc(-c3ccccc3)cc2=O)C(C)(C)C1=O
Mol_07018	Mol_07018::M01	enone_ketone_acyclic	michael_acceptor	3;2;1;0;11	3	O=C(/C=C/c1ccc(O)cc1)CCc1ccc(O)cc1
Mol_07028	Mol_07028::M01	acrylate_ester	michael_acceptor	23;5;3;4;2;1	23	C=C1OC(=O)C(CCCCCC/C=C\C/C=C\C/C=C\CCO)=C1OC
Mol_07028	Mol_07028::M02	unsat_lactone	michael_acceptor	2;3;4;5;23	23	C=C1OC(=O)C(CCCCCC/C=C\C/C=C\C/C=C\CCO)=C1OC
Mol_07035	Mol_07035::M01	epoxide	sn2_ring_opening	11;12;13	11;13	CC1(C)C=Cc2ccc3c(CC4OC4(C)C)c[nH]c3c2O1
Mol_07037	Mol_07037::M01	epoxide	sn2_ring_opening	11;12;13	11;13	CC1(C)C=Cc2ccc3c(C[C@@H]4OC4(C)C)c[nH]c3c2O1
Mol_07038	Mol_07038::M01	epoxide	sn2_ring_opening	11;12;13	11;13	CC1(C)C=Cc2ccc3c(C[C@H]4OC4(C)C)c[nH]c3c2O1
Mol_07050	Mol_07050::M01	aldehyde	reversible_carbonyl	21;22;23	22	CC(=O)OC(OC(=O)c1ccccc1)[C@@]12C=C[C@@H](c3ccc(C=O)cc31)[C@H](O)[C@H]2OC(C)=O
Mol_07057	Mol_07057::M01	epoxide	sn2_ring_opening	4;5;6	4;6	O=C(OC[C@]12OC1C1OC1[C@H](OC(=O)c1ccccc1)[C@H]2O)c1ccccc1
Mol_07057	Mol_07057::M02	epoxide	sn2_ring_opening	7;8;9	7;9	O=C(OC[C@]12OC1C1OC1[C@H](OC(=O)c1ccccc1)[C@H]2O)c1ccccc1
Mol_07058	Mol_07058::M01	epoxide	sn2_ring_opening	4;5;6	4;6	O=C(OC[C@@]12O[C@@H]1[C@@H](Cl)[C@H](O)[C@H](OC(=O)c1ccccc1)[C@H]2O)c1ccccc1
Mol_07059	Mol_07059::M01	acrylate_ester	michael_acceptor	3;2;1;0;18;4	3	O=C1C=C/C(=C/[C@H](O)COC(=O)c2ccccc2)O1
Mol_07059	Mol_07059::M02	unsat_lactone	michael_acceptor	18;1;0;2;3	3	O=C1C=C/C(=C/[C@H](O)COC(=O)c2ccccc2)O1
Mol_07060	Mol_07060::M01	acrylate_ester	michael_acceptor	7;8;9;10;11;6	7	CC(=O)O[C@@H](/C=C1/C=CC(=O)O1)COC(=O)c1ccccc1
Mol_07060	Mol_07060::M02	unsat_lactone	michael_acceptor	11;9;10;8;7	7	CC(=O)O[C@@H](/C=C1/C=CC(=O)O1)COC(=O)c1ccccc1
Mol_07062	Mol_07062::M01	acrylamide	michael_acceptor	17;16;14;15;13	17	COC(=O)C[C@]1(O)C=CC(=O)CC1NC(=O)/C=C\c1ccccc1
Mol_07062	Mol_07062::M02	enone_cyclic	michael_acceptor	7;8;9;10;11	7	COC(=O)C[C@]1(O)C=CC(=O)CC1NC(=O)/C=C\c1ccccc1
Mol_07064	Mol_07064::M01	acrylamide	michael_acceptor	12;11;9;10;8	12	COC(=O)C[C@@]1(O)C(NC(=O)/C=C/c2ccccc2)CC(=O)C[C@H]1OC
Mol_07065	Mol_07065::M01	epoxide	sn2_ring_opening	15;16;17	15;17	CO[C@H]1[C@H](OC(=O)c2ccccc2)C=CC2O[C@]21COC(=O)c1ccccc1
Mol_07066	Mol_07066::M01	epoxide	sn2_ring_opening	4;5;6	4;6	O=C(OC[C@@]12OC1C=C[C@@H](OC(=O)c1ccccc1)[C@@H]2O)c1ccccc1
Mol_07070	Mol_07070::M01	acrylamide	michael_acceptor	12;11;9;10;8	12	COC(=O)C[C@@]1(O)C(NC(=O)/C=C/c2ccccc2)CC(=O)C[C@@H]1OC
Mol_07071	Mol_07071::M01	epoxide	sn2_ring_opening	13;14;15	13;15	CO[C@H]1[C@H](OC(=O)c2ccccc2)C2OC2C2O[C@]21COC(=O)c1ccccc1
Mol_07071	Mol_07071::M02	epoxide	sn2_ring_opening	16;17;18	16;18	CO[C@H]1[C@H](OC(=O)c2ccccc2)C2OC2C2O[C@]21COC(=O)c1ccccc1
Mol_07073	Mol_07073::M01	aldehyde	reversible_carbonyl	2;1;0	1	O=Cc1cccc(O)c1
Mol_07091	Mol_07091::M01	aldehyde	reversible_carbonyl	5;6;7	6	COc1ccc(C=O)c(O)c1
Mol_07092	Mol_07092::M01	aldehyde	reversible_carbonyl	5;6;7	6	COc1ccc(C=O)cc1O
Mol_07093	Mol_07093::M01	enone_cyclic	michael_acceptor	2;3;5;6;7	2	COC1=C(C)C(=O)c2ccc(O)c(OC)c2C1=O
Mol_07093	Mol_07093::M02	enone_cyclic	michael_acceptor	3;2;16;17;15	3	COC1=C(C)C(=O)c2ccc(O)c(OC)c2C1=O
Mol_07093	Mol_07093::M03	para_quinone	michael_acceptor	6;5;3;2;16;17;15;7	2;3;7;15	COC1=C(C)C(=O)c2ccc(O)c(OC)c2C1=O
Mol_07094	Mol_07094::M01	enone_cyclic	michael_acceptor	16;14;12;13;10	16	COc1ccc2c(c1OC)C(=O)C(=O)C(C)=C2O
Mol_07094	Mol_07094::M02	ortho_quinone	michael_acceptor	11;10;12;13;14;16;5;6	5;6;14;16	COc1ccc2c(c1OC)C(=O)C(=O)C(C)=C2O
Mol_07095	Mol_07095::M01	enone_cyclic	michael_acceptor	2;3;5;6;7	2	COC1=C(C)C(=O)c2c(O)ccc(O)c2C1=O
Mol_07095	Mol_07095::M02	enone_cyclic	michael_acceptor	3;2;15;16;14	3	COC1=C(C)C(=O)c2c(O)ccc(O)c2C1=O
Mol_07095	Mol_07095::M03	para_quinone	michael_acceptor	6;5;3;2;15;16;14;7	2;3;7;14	COC1=C(C)C(=O)c2c(O)ccc(O)c2C1=O
Mol_07096	Mol_07096::M01	enone_cyclic	michael_acceptor	16;15;13;14;11	16	COc1c(C)c(O)c2c(c1O)C(=O)C(=O)C=C2
Mol_07096	Mol_07096::M02	ortho_quinone	michael_acceptor	12;11;13;14;15;16;7;8	7;8;15;16	COc1c(C)c(O)c2c(c1O)C(=O)C(=O)C=C2
Mol_07098	Mol_07098::M01	enone_cyclic	michael_acceptor	10;12;14;15;6	10	COc1cccc2c1C(=O)C(O)=C(C)C2=O
Mol_07098	Mol_07098::M02	enone_cyclic	michael_acceptor	12;10;8;9;7	12	COc1cccc2c1C(=O)C(O)=C(C)C2=O
Mol_07098	Mol_07098::M03	para_quinone	michael_acceptor	9;8;7;6;14;15;12;10	6;7;10;12	COc1cccc2c1C(=O)C(O)=C(C)C2=O
Mol_07099	Mol_07099::M01	enone_cyclic	michael_acceptor	12;13;14;15;6	12	Cc1c(O)c(O)c2c(c1O)C(=O)C=CC2=O
Mol_07099	Mol_07099::M02	enone_cyclic	michael_acceptor	13;12;10;11;7	13	Cc1c(O)c(O)c2c(c1O)C(=O)C=CC2=O
Mol_07099	Mol_07099::M03	para_quinone	michael_acceptor	11;10;7;6;14;15;13;12	6;7;12;13	Cc1c(O)c(O)c2c(c1O)C(=O)C=CC2=O
Mol_07101	Mol_07101::M01	para_quinone	michael_acceptor	9;8;6;5;18;19;17;10	5;6;10;17	Cc1cc(O)c2c(c1)C(=O)c1c(O)ccc(O)c1C2=O
Mol_07102	Mol_07102::M01	para_quinone	michael_acceptor	13;12;9;8;21;22;20;14	8;9;14;20	COC(=O)c1c(O)cc2c(c1C)C(=O)c1c(O)cccc1C2=O
Mol_07103	Mol_07103::M01	para_quinone	michael_acceptor	9;8;7;6;17;18;16;10	6;7;10;16	Cc1cc(O)cc2c1C(=O)c1c(O)cccc1C2=O
Mol_07104	Mol_07104::M01	para_quinone	michael_acceptor	13;12;9;8;22;23;21;14	8;9;14;21	COC(=O)c1c(O)cc2c(c1C)C(=O)c1c(O)cc(O)cc1C2=O
Mol_07106	Mol_07106::M01	para_quinone	michael_acceptor	9;8;7;6;18;19;17;10	6;7;10;17	COc1cccc2c1C(=O)c1c(O)cc(C)cc1C2=O
Mol_07110	Mol_07110::M01	para_quinone	michael_acceptor	9;8;7;6;32;33;31;10	6;7;10;31	COc1cccc2c1C(=O)c1c(O)cc(C)c(-c3c(OC)cc(OC)c(C(C)=O)c3O)c1C2=O
Mol_07111	Mol_07111::M01	para_quinone	michael_acceptor	16;15;14;13;24;25;23;17	13;14;17;23	COc1cc(O)c(-c2c(C)cc(O)c3c2C(=O)c2cccc(O)c2C3=O)c(O)c1C(C)=O
Mol_07112	Mol_07112::M01	para_quinone	michael_acceptor	19;18;17;16;27;28;26;20	16;17;20;26	CCN(CC)Cc1c(O)c(-c2c(C)cc(O)c3c2C(=O)c2cccc(O)c2C3=O)c(O)c(C(C)=O)c1OC
Mol_07113	Mol_07113::M01	para_quinone	michael_acceptor	15;14;13;12;23;24;22;16	12;13;16;22	COc1c2c(c(-c3c(C)cc(O)c4c3C(=O)c3cccc(O)c3C4=O)c(O)c1C(C)=O)OCN(c1ccccc1)C2
Mol_07124	Mol_07124::M01	para_quinone	michael_acceptor	18;17;15;14;28;29;27;19	14;15;19;27	Cc1cc(O)c2c(c1)C(O)(c1cc(O)c3c(c1)C(=O)c1c(O)c(C)cc(O)c1C3=O)c1cccc(O)c1C2=O
Mol_07125	Mol_07125::M01	para_quinone	michael_acceptor	9;8;6;5;36;37;35;10	5;6;10;35	Cc1cc(O)c2c(c1)C(=O)c1cc(C3(O)c4cccc(O)c4C(=O)c4c(O)cc(C)cc43)cc(O)c1C2=O
Mol_07126	Mol_07126::M01	para_quinone	michael_acceptor	11;10;8;7;20;21;19;12	7;8;12;19	COC1(c2cc(O)c3c(c2)C(=O)c2cc(C)cc(O)c2C3=O)c2cccc(O)c2C(=O)c2c(O)cc(C)cc21
Mol_07127	Mol_07127::M01	para_quinone	michael_acceptor	9;8;6;5;36;37;35;10	5;6;10;35	Cc1cc(O)c2c(c1)C(=O)c1ccc(-c3c(C)cc(O)c4c3C(=O)c3cccc(O)c3C4=O)c(O)c1C2=O
Mol_07127	Mol_07127::M02	para_quinone	michael_acceptor	23;22;21;20;31;32;30;24	20;21;24;30	Cc1cc(O)c2c(c1)C(=O)c1ccc(-c3c(C)cc(O)c4c3C(=O)c3cccc(O)c3C4=O)c(O)c1C2=O
Mol_07129	Mol_07129::M01	para_quinone	michael_acceptor	22;21;20;19;30;31;29;23	19;20;23;29	COc1c(C(C)=O)c(O)cc(O)c1-c1c(C)cc(O)c2c1C(=O)c1cccc(O)c1C2=O
Mol_07133	Mol_07133::M01	para_quinone	michael_acceptor	16;15;14;13;55;56;54;17	13;14;17;54	COc1cc(O)c(-c2c(C)cc(O)c3c2C(=O)c2ccc([C@H]4c5cccc(O)c5C(=O)c5c(O)cc(C)c(-c6c(O)cc(OC)c(C(C)=O)c6O)c54)c(O)c2C3=O)c(O)c1C(C)=O
Mol_07139	Mol_07139::M01	acrylate_ester	michael_acceptor	3;2;1;0;11;12	3	O=C(/C=C/c1ccc(O)cc1)OC[C@H]1O[C@@H]([C@H]2c3cccc(O)c3C(=O)c3c(O)cc(CO)cc32)[C@H](O)[C@@H](O)[C@@H]1O
Mol_07141	Mol_07141::M01	enone_cyclic	michael_acceptor	2;3;5;6;7	2	COC1=C(C)C(=O)c2ccc(OC)c(O)c2C1=O
Mol_07141	Mol_07141::M02	enone_cyclic	michael_acceptor	3;2;16;17;15	3	COC1=C(C)C(=O)c2ccc(OC)c(O)c2C1=O
Mol_07141	Mol_07141::M03	para_quinone	michael_acceptor	6;5;3;2;16;17;15;7	2;3;7;15	COC1=C(C)C(=O)c2ccc(OC)c(O)c2C1=O
Mol_07145	Mol_07145::M01	para_quinone	michael_acceptor	11;10;7;6;20;21;19;12	6;7;12;19	COc1cc(O)c2c(c1O)C(=O)c1c(O)cc(C)cc1C2=O
Mol_07154	Mol_07154::M01	para_quinone	michael_acceptor	11;10;7;6;20;21;19;12	6;7;12;19	COC1(c2ccc3c(c2O)C(=O)c2c(O)cc(C)cc2C3=O)c2cccc(O)c2C(=O)c2c(O)cc(C)cc21
Mol_07156	Mol_07156::M01	enone_cyclic	michael_acceptor	1;2;3;4;5	1	CC1=CC(=O)c2c(c(-c3ccc4c(c3O)C(=O)c3c(O)cc(C)cc3C4=O)c3cccc(O)c3c2O)C1=O
Mol_07156	Mol_07156::M02	enone_cyclic	michael_acceptor	2;1;36;37;6	2	CC1=CC(=O)c2c(c(-c3ccc4c(c3O)C(=O)c3c(O)cc(C)cc3C4=O)c3cccc(O)c3c2O)C1=O
Mol_07156	Mol_07156::M03	para_quinone	michael_acceptor	4;3;2;1;36;37;6;5	1;2;5;6	CC1=CC(=O)c2c(c(-c3ccc4c(c3O)C(=O)c3c(O)cc(C)cc3C4=O)c3cccc(O)c3c2O)C1=O
Mol_07156	Mol_07156::M04	para_quinone	michael_acceptor	16;15;12;11;25;26;24;17	11;12;17;24	CC1=CC(=O)c2c(c(-c3ccc4c(c3O)C(=O)c3c(O)cc(C)cc3C4=O)c3cccc(O)c3c2O)C1=O
Mol_07158	Mol_07158::M01	para_quinone	michael_acceptor	9;8;6;5;36;37;35;10	5;6;10;35	Cc1cc(O)c2c(c1)C(=O)c1ccc([C@H]3c4cccc(O)c4C(=O)c4c(O)cc(C)c(O)c43)c(O)c1C2=O
Mol_07162	Mol_07162::M01	para_quinone	michael_acceptor	10;9;6;5;18;19;17;11	5;6;11;17	Cc1cc(O)c2c(c1O)C(=O)c1cccc(O)c1C2=O
Mol_07182	Mol_07182::M01	para_quinone	michael_acceptor	19;18;17;16;27;28;26;20	16;17;20;26	CC(=O)c1c(O)cc(O)c(-c2c(C)cc(O)c3c2C(=O)c2ccc(O)cc2C3=O)c1O
Mol_07183	Mol_07183::M01	para_quinone	michael_acceptor	23;22;21;20;31;32;30;24	20;21;24;30	COc1c(C(C)=O)c(O)cc(O)c1-c1c(CO)cc(O)c2c1C(=O)c1cccc(O)c1C2=O
Mol_07184	Mol_07184::M01	para_quinone	michael_acceptor	17;16;15;14;25;26;24;18	14;15;18;24	COc1cc(O)c(-c2c(CO)cc(O)c3c2C(=O)c2cccc(O)c2C3=O)c(O)c1C(C)=O
Mol_07185	Mol_07185::M01	para_quinone	michael_acceptor	30;29;28;27;38;39;37;31	27;28;31;37	CC(=O)c1c(OC2O[C@@H](CO)[C@H](O)[C@@H](O)[C@@H]2O)cc(O)c(-c2c(C)cc(O)c3c2C(=O)c2ccc(O)cc2C3=O)c1O
Mol_07187	Mol_07187::M01	acrylic_acid	michael_acceptor	4;3;1;0;2	4	O=C(O)/C=C/C1C=CC(O)=CC1
Mol_07189	Mol_07189::M01	para_quinone	michael_acceptor	7;6;5;4;16;17;15;8	4;5;8;15	Cc1occ2c1C(=O)c1c(O)ccc(O)c1C2=O
Mol_07214	Mol_07214::M01	para_quinone	michael_acceptor	9;8;6;5;37;38;36;10	5;6;10;36	Cc1cc(O)c2c(c1)C(=O)c1ccc(C3(O)c4cccc(O)c4C(=O)c4c(O)cc(CO)cc43)c(O)c1C2=O
Mol_07215	Mol_07215::M01	para_quinone	michael_acceptor	18;17;14;13;28;29;27;19	13;14;19;27	Cc1cc(O)c2c(c1)C(O)(c1ccc3c(c1O)C(=O)c1c(O)cc(C)c(O)c1C3=O)c1cccc(O)c1C2=O
Mol_07229	Mol_07229::M01	para_quinone	michael_acceptor	14;13;11;10;22;23;21;15	10;11;15;21	C[C@H]1OC(OCc2cc(O)c3c(c2)C(=O)c2cccc(O)c2C3=O)[C@@H](O)[C@@H](O)[C@@H]1O
Mol_07235	Mol_07235::M01	para_quinone	michael_acceptor	0;1;2;10;11;12;13;19	2;10;13;19	O=C1c2cc(CO)cc(O)c2C(=O)c2cccc(O)c21
Mol_07237	Mol_07237::M01	para_quinone	michael_acceptor	0;1;2;10;11;12;13;14	2;10;13;14	O=C1c2cc(CO)cc(O)c2C(=O)c2c1ccc(O)c2O
Mol_07240	Mol_07240::M01	para_quinone	michael_acceptor	9;8;6;5;18;19;17;10	5;6;10;17	Cc1cc(O)c2c(c1)C(=O)c1ccc(O)c(O)c1C2=O
Mol_07241	Mol_07241::M01	para_quinone	michael_acceptor	9;8;6;5;29;30;28;10	5;6;10;28	Cc1cc(O)c2c(c1)C(=O)c1ccc(OC3O[C@H](CO)[C@@H](O)[C@H](O)[C@H]3O)c(C)c1C2=O
Mol_07242	Mol_07242::M01	para_quinone	michael_acceptor	10;9;8;7;19;20;18;11	7;8;11;18	COc1c(O)ccc2c1C(=O)c1c(O)cc(C)cc1C2=O
Mol_07254	Mol_07254::M01	para_quinone	michael_acceptor	9;8;6;5;36;37;35;10	5;6;10;35	Cc1cc(O)c2c(c1)C(=O)c1ccc(C3(O)c4cccc(O)c4C(=O)c4c(O)cc(C)cc43)c(O)c1C2=O
Mol_07255	Mol_07255::M01	para_quinone	michael_acceptor	21;20;19;18;29;30;28;22	18;19;22;28	Cc1cc(O)c2c(c1)Cc1cc(-c3c(C)cc(O)c4c3C(=O)c3cccc(O)c3C4=O)c(O)cc1C2=O
Mol_07257	Mol_07257::M01	para_quinone	michael_acceptor	0;1;2;10;11;12;13;14	2;10;13;14	O=C1c2cc(CO)cc(O)c2C(=O)c2c1ccc(C1(OC3O[C@H](CO)[C@@H](O)[C@H](O)[C@H]3O)c3cccc(O)c3C(=O)c3c(O)cc(CO)cc31)c2O
Mol_07264	Mol_07264::M01	acrylate_ester	michael_acceptor	29;28;26;27;25;24	29	COc1c(O)ccc2c1C(=O)c1c(O)cc(CO)cc1C2C1OC(COC(=O)/C=C/c2ccccc2)C(O)C(O)C1O
Mol_07265	Mol_07265::M01	acrylate_ester	michael_acceptor	3;2;1;0;11;12	3	O=C(/C=C/c1ccc(O)cc1)OCC1OC(C2c3cc(CO)cc(O)c3C(=O)c3c2ccc(O)c3O)C(O)C(O)C1O
Mol_07278	Mol_07278::M01	acrylate_ester	michael_acceptor	3;2;1;0;12;13	3	O=C(/C=C/c1ccc(O)c(O)c1)OC[C@H]1O[C@@H]([C@@H]2c3cc(CO)cc(O)c3C(=O)c3c(O)ccc(O)c32)[C@H](O)[C@@H](O)[C@@H]1O
Mol_07281	Mol_07281::M01	acrylate_ester	michael_acceptor	5;4;2;3;1;0	5	COC(=O)/C=C/c1ccc(O)cc1
Mol_07286	Mol_07286::M01	acrylate_ester	michael_acceptor	13;12;10;11;9;8	13	CC1CC(OC2O[C@H](COC(=O)/C=C/c3ccc(O)cc3)[C@@H](OC(=O)/C=C/c3ccc(O)cc3)[C@H](O)[C@H]2O)Cc2cc(O)cc(O)c21
Mol_07286	Mol_07286::M02	acrylate_ester	michael_acceptor	26;25;23;24;22;21	26	CC1CC(OC2O[C@H](COC(=O)/C=C/c3ccc(O)cc3)[C@@H](OC(=O)/C=C/c3ccc(O)cc3)[C@H](O)[C@H]2O)Cc2cc(O)cc(O)c21
Mol_07291	Mol_07291::M01	enone_cyclic	michael_acceptor	1;2;3;4;5	1	CC1=C2C(=O)C3C(O)=CC=CC3CC2CO1
Mol_07293	Mol_07293::M01	acrylate_ester	michael_acceptor	29;28;26;27;25;24	29	CC(=O)Cc1cc(=O)c2c(C)cc(O)c([C@@H]3O[C@H](CO)[C@@H](O)[C@H](O)[C@H]3OC(=O)/C=C/c3ccc(O)cc3)c2o1
Mol_07295	Mol_07295::M01	acrylate_ester	michael_acceptor	40;39;37;38;36;35	40	CC(=O)Cc1cc(=O)c2c(C)cc(OC3O[C@H](CO)[C@@H](O)[C@H](O)[C@H]3O)c([C@H]3O[C@@H](CO)[C@H](O)[C@@H](O)[C@@H]3OC(=O)/C=C/c3ccc(O)cc3)c2o1
Mol_07296	Mol_07296::M01	acrylate_ester	michael_acceptor	32;31;29;30;28;27	32	COc1cc(C)c2c(=O)cc(C[C@@H](C)O)oc2c1[C@@H]1O[C@H](CO)[C@@H](O)[C@H](O)[C@H]1OC(=O)/C=C/c1ccc(O)cc1
Mol_07297	Mol_07297::M01	acrylate_ester	michael_acceptor	40;39;37;38;36;35	40	CC(=O)Cc1cc(=O)c2c(C)cc(OC3O[C@H](CO)[C@@H](O)[C@H](O)[C@H]3O)c([C@H]3O[C@@H](CO)[C@H](O)[C@@H](O)[C@@H]3OC(=O)/C=C/c3ccccc3)c2o1
Mol_07298	Mol_07298::M01	acrylate_ester	michael_acceptor	29;28;26;27;25;24	29	CC(=O)Cc1cc(=O)c2c(C)cc(O)c([C@H]3O[C@@H](CO)[C@H](O)[C@@H](O)[C@@H]3OC(=O)/C=C/c3ccccc3)c2o1
Mol_07303	Mol_07303::M01	acrylic_acid	michael_acceptor	4;3;1;0;2	4	O=C(O)/C=C/c1cc(=O)c2c(O)cc(O)cc2o1
Mol_07307	Mol_07307::M01	acrylate_ester	michael_acceptor	29;28;26;27;25;24	29	CC(=O)Cc1cc(=O)c2c(O)cc(O)c(C3O[C@@H](CO)[C@H](O)[C@@H](O)[C@@H]3OC(=O)/C=C\c3ccc(O)cc3)c2o1
Mol_07309	Mol_07309::M01	acrylate_ester	michael_acceptor	29;28;26;27;25;24	29	CC(=O)Cc1cc(=O)c2c(O)cc(O)c(C3O[C@@H](CO)[C@H](O)[C@@H](O)[C@@H]3OC(=O)/C=C\c3ccc(C)cc3)c2o1
Mol_07310	Mol_07310::M01	acrylate_ester	michael_acceptor	32;31;29;30;28;27	32	COc1cc(C)c2c(=O)cc(C[C@H](C)O)oc2c1[C@H]1O[C@@H](CO)[C@H](O)[C@@H](O)[C@@H]1OC(=O)/C=C/c1ccc(O)c(O)c1
Mol_07311	Mol_07311::M01	acrylate_ester	michael_acceptor	1;2;4;5;6;7	1	C/C=C(\C)C(=O)O[C@@H]1C(c2c(O)cc(O)c3c(=O)cc(CC(C)=O)oc23)O[C@@H](CO)[C@H](O)[C@H]1O
Mol_07318	Mol_07318::M01	acrylate_ester	michael_acceptor	39;38;36;37;35;34	39	COc1cc(-c2c(C)cc(O[C@@H]3O[C@H](CO)[C@@H](O)[C@H](O)[C@H]3O)cc2O[C@@H]2O[C@H](CO)[C@@H](O)[C@H](O)[C@H]2OC(=O)/C=C/c2ccc(O)cc2)oc(=O)c1
Mol_07319	Mol_07319::M01	acrylate_ester	michael_acceptor	28;27;25;26;24;23	28	COc1cc(-c2c(C)cc(O)cc2O[C@@H]2O[C@H](CO)[C@@H](O)[C@H](O)[C@H]2OC(=O)/C=C/c2ccc(O)cc2)oc(=O)c1
Mol_07327	Mol_07327::M01	enal	michael_acceptor	4;5;6;7	4	CCCC/C=C/C=O
Mol_07327	Mol_07327::M02	aldehyde	reversible_carbonyl	5;6;7	6	CCCC/C=C/C=O
Mol_07328	Mol_07328::M01	aldehyde	reversible_carbonyl	6;7;8	7	CCCCCCCC=O
Mol_07329	Mol_07329::M01	aldehyde	reversible_carbonyl	7;8;9	8	CCCCCCCCC=O
Mol_07330	Mol_07330::M01	aldehyde	reversible_carbonyl	8;9;10	9	CCCCCCCCCC=O
Mol_07331	Mol_07331::M01	enal	michael_acceptor	8;9;10;11	8	CCCCCCCC/C=C/C=O
Mol_07331	Mol_07331::M02	aldehyde	reversible_carbonyl	9;10;11	10	CCCCCCCC/C=C/C=O
Mol_07332	Mol_07332::M01	aldehyde	reversible_carbonyl	10;11;12	11	CCCCCCCCCCCC=O
Mol_07333	Mol_07333::M01	aldehyde	reversible_carbonyl	11;12;13	12	CCCCCCCCCCCCC=O
Mol_07334	Mol_07334::M01	aldehyde	reversible_carbonyl	12;13;14	13	CCCCCCCCCCCCCC=O
Mol_07335	Mol_07335::M01	aldehyde	reversible_carbonyl	13;14;15	14	CCCCCCCCCCCCCCC=O
Mol_07336	Mol_07336::M01	aldehyde	reversible_carbonyl	14;15;16	15	CCCCCCCCCCCCCCCC=O
Mol_07353	Mol_07353::M01	aldehyde	reversible_carbonyl	4;5;6	5	CCCCCC=O
Mol_07357	Mol_07357::M01	enal	michael_acceptor	6;7;8;9	6	CCCCCC/C=C/C=O
Mol_07357	Mol_07357::M02	aldehyde	reversible_carbonyl	7;8;9	8	CCCCCC/C=C/C=O
Mol_07388	Mol_07388::M01	aldehyde	reversible_carbonyl	2;1;0	1	O=CCc1ccccc1
Mol_07389	Mol_07389::M01	enone_ketone_acyclic	michael_acceptor	1;2;3;4;5	1	C/C=C/C(=O)CCCCC
Mol_07421	Mol_07421::M01	enal	michael_acceptor	6;7;8;9	6	CCCC/C=C/C=C/C=O
Mol_07421	Mol_07421::M02	aldehyde	reversible_carbonyl	7;8;9	8	CCCC/C=C/C=C/C=O
Mol_07428	Mol_07428::M01	enone_ketone_acyclic	michael_acceptor	1;2;3;4;5	1	C/C=C/C(=O)CCCC
Mol_07449	Mol_07449::M01	enal	michael_acceptor	6;7;8;9	6	CCCCCC/C=C\C=O
Mol_07449	Mol_07449::M02	aldehyde	reversible_carbonyl	7;8;9	8	CCCCCC/C=C\C=O
Mol_07523	Mol_07523::M01	enone_cyclic	michael_acceptor	1;2;3;4;5	1	C/C1=C\C(=O)c2c(C)coc2C/C(C)=C/CC1
Mol_07535	Mol_07535::M01	epoxide	sn2_ring_opening	5;7;8	5;8	C/C1=C/CCC2(C)OC2CC2(C(C)C)CCC(C)(O2)C(O)CC1
Mol_07537	Mol_07537::M01	enone_cyclic	michael_acceptor	18;17;15;16;14	18	CC(=O)O[C@@H]1CC[C@@]2(C)C(CC[C@]3(C)[C@@H]2C(=O)C=C2[C@@H]4[C@@H](C)[C@H](C)CC[C@]4(C)CC[C@]23C)[C@@]1(C)C(=O)O
Mol_07538	Mol_07538::M01	enone_cyclic	michael_acceptor	18;17;15;16;14	18	CC(=O)O[C@@H]1CC[C@@]2(C)[C@@H](CC[C@]3(C)[C@@H]2C(=O)C=C2[C@@H]4[C@@H](C)[C@H](C)CC[C@]4(C)CC[C@]23C)[C@@]1(C)C(=O)O
Mol_07562	Mol_07562::M01	enal	michael_acceptor	10;12;13;14	10	CC1=C(/C=C/C(C)=C\C=C\C(C)=C\C=O)C(C)(C)CCC1
Mol_07562	Mol_07562::M02	aldehyde	reversible_carbonyl	12;13;14	13	CC1=C(/C=C/C(C)=C\C=C\C(C)=C\C=O)C(C)(C)CCC1
Mol_07578	Mol_07578::M01	acrylate_ester	michael_acceptor	16;17;18;19;20;21	16	CC(=O)O[C@H]1CC(C)(C)[C@]2(O)CC[C@H]3[C@H](C)C4=CC(=O)OC4=C[C@@H]3[C@@]2(C)[C@H]1OC(C)=O
Mol_07578	Mol_07578::M02	unsat_lactone	michael_acceptor	20;18;19;17;16	16	CC(=O)O[C@H]1CC(C)(C)[C@]2(O)CC[C@H]3[C@H](C)C4=CC(=O)OC4=C[C@@H]3[C@@]2(C)[C@H]1OC(C)=O
Mol_07579	Mol_07579::M01	acrylate_ester	michael_acceptor	10;11;12;13;14;15	10	C=C1[C@@H](C)CC[C@@]2(C)[C@H]1CC=C1C(=O)OC[C@@H]12
Mol_07579	Mol_07579::M02	unsat_lactone	michael_acceptor	14;12;13;11;10	10	C=C1[C@@H](C)CC[C@@]2(C)[C@H]1CC=C1C(=O)OC[C@@H]12
Mol_07580	Mol_07580::M01	acrylate_ester	michael_acceptor	10;11;12;13;14;15	10	C=C1[C@@H](C)CC[C@@]2(C)[C@H]1CC=C1C(=O)OC[C@@]12O
Mol_07580	Mol_07580::M02	unsat_lactone	michael_acceptor	14;12;13;11;10	10	C=C1[C@@H](C)CC[C@@]2(C)[C@H]1CC=C1C(=O)OC[C@@]12O
Mol_07581	Mol_07581::M01	acrylate_ester	michael_acceptor	10;11;12;13;14;15	10	C=C1[C@@H](C)CC[C@@]2(C)[C@H]1CC=C1C(=O)O[C@@H](O)[C@@]12O
Mol_07581	Mol_07581::M02	unsat_lactone	michael_acceptor	14;12;13;11;10	10	C=C1[C@@H](C)CC[C@@]2(C)[C@H]1CC=C1C(=O)O[C@@H](O)[C@@]12O
Mol_07582	Mol_07582::M01	enal	michael_acceptor	10;11;12;13	10	C=C1[C@@H](C)CC[C@@]2(C)[C@H]1CC=C(C=O)[C@]2(O)C=O
Mol_07582	Mol_07582::M02	aldehyde	reversible_carbonyl	11;12;13	12	C=C1[C@@H](C)CC[C@@]2(C)[C@H]1CC=C(C=O)[C@]2(O)C=O
Mol_07582	Mol_07582::M03	aldehyde	reversible_carbonyl	14;16;17	16	C=C1[C@@H](C)CC[C@@]2(C)[C@H]1CC=C(C=O)[C@]2(O)C=O
Mol_07583	Mol_07583::M01	enal	michael_acceptor	5;6;7;8	5	C=C1[C@@H]2[C@@H](O)C=C(C=O)[C@](O)(C=O)[C@@]2(C)CC[C@@H]1C
Mol_07583	Mol_07583::M02	aldehyde	reversible_carbonyl	6;7;8	7	C=C1[C@@H]2[C@@H](O)C=C(C=O)[C@](O)(C=O)[C@@]2(C)CC[C@@H]1C
Mol_07583	Mol_07583::M03	aldehyde	reversible_carbonyl	9;11;12	11	C=C1[C@@H]2[C@@H](O)C=C(C=O)[C@](O)(C=O)[C@@]2(C)CC[C@@H]1C
Mol_07584	Mol_07584::M01	acrylate_ester	michael_acceptor	14;13;11;12;10;9	14	CC1(C)CCC[C@]2(C)[C@H]3COC(=O)C3=CC[C@@H]12
Mol_07584	Mol_07584::M02	unsat_lactone	michael_acceptor	10;11;12;13;14	14	CC1(C)CCC[C@]2(C)[C@H]3COC(=O)C3=CC[C@@H]12
Mol_07585	Mol_07585::M01	acrylate_ester	michael_acceptor	15;14;12;13;11;10	15	CC(=O)O[C@H]1CC[C@]2(C)[C@H]3COC(=O)C3=CC[C@H]2C1(C)C
Mol_07585	Mol_07585::M02	unsat_lactone	michael_acceptor	11;12;13;14;15	15	CC(=O)O[C@H]1CC[C@]2(C)[C@H]3COC(=O)C3=CC[C@H]2C1(C)C
Mol_07586	Mol_07586::M01	enal	michael_acceptor	11;12;13;14	11	CC1(C)CCC[C@@]2(C)[C@H]1[C@@H](O)C=C(C=O)[C@]2(O)C=O
Mol_07586	Mol_07586::M02	aldehyde	reversible_carbonyl	12;13;14	13	CC1(C)CCC[C@@]2(C)[C@H]1[C@@H](O)C=C(C=O)[C@]2(O)C=O
Mol_07586	Mol_07586::M03	aldehyde	reversible_carbonyl	15;17;18	17	CC1(C)CCC[C@@]2(C)[C@H]1[C@@H](O)C=C(C=O)[C@]2(O)C=O
Mol_07587	Mol_07587::M01	enal	michael_acceptor	5;6;7;8	5	COC(=O)C1C=C(C=O)[C@](O)(C=O)C2(C)CCCC(C)(C)C12
Mol_07587	Mol_07587::M02	aldehyde	reversible_carbonyl	6;7;8	7	COC(=O)C1C=C(C=O)[C@](O)(C=O)C2(C)CCCC(C)(C)C12
Mol_07587	Mol_07587::M03	aldehyde	reversible_carbonyl	9;11;12	11	COC(=O)C1C=C(C=O)[C@](O)(C=O)C2(C)CCCC(C)(C)C12
Mol_07588	Mol_07588::M01	acrylate_ester	michael_acceptor	9;8;12;13;11;10	9	CC1(C)CCC[C@]2(C)C3=C(COC3=O)[C@H](O)C[C@@H]12
Mol_07588	Mol_07588::M02	unsat_lactone	michael_acceptor	11;12;13;8;9	9	CC1(C)CCC[C@]2(C)C3=C(COC3=O)[C@H](O)C[C@@H]12
Mol_07589	Mol_07589::M01	acrylate_ester	michael_acceptor	9;8;12;13;11;10	9	C=C1[C@@H](C)CC[C@]2(C)C3=C(COC3=O)[C@@](C)(O)C[C@@H]12
Mol_07589	Mol_07589::M02	unsat_lactone	michael_acceptor	11;12;13;8;9	9	C=C1[C@@H](C)CC[C@]2(C)C3=C(COC3=O)[C@@](C)(O)C[C@@H]12
Mol_07590	Mol_07590::M01	acrylate_ester	michael_acceptor	7;8;9;10;11;12	7	CC(=O)O[C@@H]1[C@@H](O)C2=C(C(=O)OC2)[C@@]2(C)CCCC(C)(C)[C@H]12
Mol_07590	Mol_07590::M02	unsat_lactone	michael_acceptor	11;9;10;8;7	7	CC(=O)O[C@@H]1[C@@H](O)C2=C(C(=O)OC2)[C@@]2(C)CCCC(C)(C)[C@H]12
Mol_07592	Mol_07592::M01	enal	michael_acceptor	10;11;12;13	10	CC1(C)CCC[C@@]2(C)[C@H]1CC=C(C=O)[C@]2(O)C=O
Mol_07592	Mol_07592::M02	aldehyde	reversible_carbonyl	11;12;13	12	CC1(C)CCC[C@@]2(C)[C@H]1CC=C(C=O)[C@]2(O)C=O
Mol_07592	Mol_07592::M03	aldehyde	reversible_carbonyl	14;16;17	16	CC1(C)CCC[C@@]2(C)[C@H]1CC=C(C=O)[C@]2(O)C=O
Mol_07593	Mol_07593::M01	enal	michael_acceptor	14;11;12;13	14	CC1(C)CCC[C@]2(C)[C@@H](C=O)C(C=O)=CC[C@@H]12
Mol_07593	Mol_07593::M02	aldehyde	reversible_carbonyl	8;9;10	9	CC1(C)CCC[C@]2(C)[C@@H](C=O)C(C=O)=CC[C@@H]12
Mol_07593	Mol_07593::M03	aldehyde	reversible_carbonyl	11;12;13	12	CC1(C)CCC[C@]2(C)[C@@H](C=O)C(C=O)=CC[C@@H]12
Mol_07596	Mol_07596::M01	acrylate_ester	michael_acceptor	1;2;4;5;6;7	1	C/C=C(\C)C(=O)O[C@H]1C[C@@H](OC(C)=O)[C@@]2(C(=O)OC)CO[C@@H]3C2C12CO[C@](O)(C(=O)OC)[C@H]2[C@](C)(C12O[C@@]1(C)[C@H]1C[C@@H]2OC2OC=C[C@@]21O)[C@@H]3O
Mol_07596	Mol_07596::M02	epoxide	sn2_ring_opening	35;36;37	35;37	C/C=C(\C)C(=O)O[C@H]1C[C@@H](OC(C)=O)[C@@]2(C(=O)OC)CO[C@@H]3C2C12CO[C@](O)(C(=O)OC)[C@H]2[C@](C)(C12O[C@@]1(C)[C@H]1C[C@@H]2OC2OC=C[C@@]21O)[C@@H]3O
Mol_07597	Mol_07597::M01	acrylate_ester	michael_acceptor	10;11;12;13;14;15	10	CC(=O)O[C@@H]1[C@@H](OC(C)=O)C2=C(C(=O)OC2)[C@@]2(C)CCCC(C)(C)[C@H]12
Mol_07597	Mol_07597::M02	unsat_lactone	michael_acceptor	14;12;13;11;10	10	CC(=O)O[C@@H]1[C@@H](OC(C)=O)C2=C(C(=O)OC2)[C@@]2(C)CCCC(C)(C)[C@H]12
Mol_07598	Mol_07598::M01	acrylate_ester	michael_acceptor	8;9;13;14;15;16	8	CC1(C)CCC[C@]2(C)C3=C(C=C[C@@H]12)C(=O)OC3
Mol_07598	Mol_07598::M02	unsat_lactone	michael_acceptor	15;13;14;9;8	8	CC1(C)CCC[C@]2(C)C3=C(C=C[C@@H]12)C(=O)OC3
Mol_07605	Mol_07605::M01	enal	michael_acceptor	10;11;12;13	10	C=C1[C@@H](O)CC[C@@]2(C)[C@H]1CC=C(C=O)[C@]2(O)C=O
Mol_07605	Mol_07605::M02	aldehyde	reversible_carbonyl	11;12;13	12	C=C1[C@@H](O)CC[C@@]2(C)[C@H]1CC=C(C=O)[C@]2(O)C=O
Mol_07605	Mol_07605::M03	aldehyde	reversible_carbonyl	14;16;17	16	C=C1[C@@H](O)CC[C@@]2(C)[C@H]1CC=C(C=O)[C@]2(O)C=O
Mol_07606	Mol_07606::M01	enal	michael_acceptor	14;11;12;13	14	C=C1[C@@H](C)CC[C@]2(C)[C@@H](C=O)C(C=O)=CC[C@@H]12
Mol_07606	Mol_07606::M02	aldehyde	reversible_carbonyl	8;9;10	9	C=C1[C@@H](C)CC[C@]2(C)[C@@H](C=O)C(C=O)=CC[C@@H]12
Mol_07606	Mol_07606::M03	aldehyde	reversible_carbonyl	11;12;13	12	C=C1[C@@H](C)CC[C@]2(C)[C@@H](C=O)C(C=O)=CC[C@@H]12
Mol_07608	Mol_07608::M01	acrylate_ester	michael_acceptor	9;8;12;13;11;10	9	CC1(C)CCC[C@]2(C)C3=C(COC3=O)[C@H](O)[C@@H](O)[C@@H]12
Mol_07608	Mol_07608::M02	unsat_lactone	michael_acceptor	11;12;13;8;9	9	CC1(C)CCC[C@]2(C)C3=C(COC3=O)[C@H](O)[C@@H](O)[C@@H]12
Mol_07613	Mol_07613::M01	acrylate_ester	michael_acceptor	9;8;12;13;11;10	9	C=C1[C@@H](C)CC[C@]2(C)C3=C(COC3=O)[C@@H](O)C[C@@H]12
Mol_07613	Mol_07613::M02	unsat_lactone	michael_acceptor	11;12;13;8;9	9	C=C1[C@@H](C)CC[C@]2(C)C3=C(COC3=O)[C@@H](O)C[C@@H]12
Mol_07644	Mol_07644::M01	isothiocyanate	addition_to_CN	1;2;3	2	CN=C=S
Mol_07650	Mol_07650::M01	aldehyde	reversible_carbonyl	2;1;0	1	O=Cc1ccccc1
Mol_07658	Mol_07658::M01	nitrile	addition_to_CN	2;1;0	1	N#CCc1ccccc1
Mol_07661	Mol_07661::M01	enal	michael_acceptor	1;2;3;4	1	CC1=C(C=O)C(C)(C)CCC1
Mol_07661	Mol_07661::M02	aldehyde	reversible_carbonyl	2;3;4	3	CC1=C(C=O)C(C)(C)CCC1
Mol_07665	Mol_07665::M01	enone_ketone_acyclic	michael_acceptor	4;3;1;2;0	4	CC(=O)/C=C/C1C(C)=CCCC1(C)C
Mol_07676	Mol_07676::M01	aldehyde	reversible_carbonyl	16;17;18	17	C[C@H]1c2ccoc2C[C@H]2[C@H]1CC[C@H]1[C@@](CO)(CC=O)CCC[C@]21C
Mol_07680	Mol_07680::M01	enone_cyclic	michael_acceptor	14;15;16;17;18	14	C=C1CC[C@]2(C)CC[C@]3(C)C4=CC=C5C(=CC(=O)C(O)=C5C)[C@]4(C)CC[C@@]3(C)[C@@H]2C1
Mol_07680	Mol_07680::M02	enone_cyclic	michael_acceptor	20;18;16;17;15	20	C=C1CC[C@]2(C)CC[C@]3(C)C4=CC=C5C(=CC(=O)C(O)=C5C)[C@]4(C)CC[C@@]3(C)[C@@H]2C1
Mol_07681	Mol_07681::M01	enone_cyclic	michael_acceptor	1;2;4;5;6	1	CC1=C(O)C(=O)C=C2C1=CC=C1[C@@]2(C)CC[C@@]2(C)[C@@H]3C[C@@H](CO)CC[C@]3(C)CC[C@]12C
Mol_07681	Mol_07681::M02	enone_cyclic	michael_acceptor	7;6;4;5;2	7	CC1=C(O)C(=O)C=C2C1=CC=C1[C@@]2(C)CC[C@@]2(C)[C@@H]3C[C@@H](CO)CC[C@]3(C)CC[C@]12C
Mol_07683	Mol_07683::M01	enone_cyclic	michael_acceptor	1;2;4;5;6	1	CC1=C(O)C(=O)C=C2C1=CC=C1[C@@]2(C)CC[C@@]2(C)[C@@H]3C[C@H](CO)CC[C@]3(C)CC[C@]12C
Mol_07683	Mol_07683::M02	enone_cyclic	michael_acceptor	7;6;4;5;2	7	CC1=C(O)C(=O)C=C2C1=CC=C1[C@@]2(C)CC[C@@]2(C)[C@@H]3C[C@H](CO)CC[C@]3(C)CC[C@]12C
Mol_07684	Mol_07684::M01	enone_cyclic	michael_acceptor	10;11;12;13;14	10	C=C1CC[C@]2(C)CC[C@]3(C)C4=CC(=O)c5c(cc(O)c(O)c5C)[C@]4(C)CC[C@@]3(C)[C@@H]2C1
Mol_07685	Mol_07685::M01	enone_cyclic	michael_acceptor	1;2;4;5;6	1	CC1=C(O)C(=O)C=C2C1=CC=C1[C@@]2(C)CC[C@@]2(C)[C@@H]3C[C@@H](C)C(=O)[C@@H](O)[C@]3(C)CC[C@]12C
Mol_07685	Mol_07685::M02	enone_cyclic	michael_acceptor	7;6;4;5;2	7	CC1=C(O)C(=O)C=C2C1=CC=C1[C@@]2(C)CC[C@@]2(C)[C@@H]3C[C@@H](C)C(=O)[C@@H](O)[C@]3(C)CC[C@]12C
Mol_07688	Mol_07688::M01	enone_cyclic	michael_acceptor	20;22;24;25;26	20	COC(=O)[C@]1(C)CC[C@]2(C)CC[C@]3(C)C4CC[C@]5(C=O)C(C)=C(O)C(=O)CC5[C@]4(C)CC[C@@]3(C)C2C1
Mol_07688	Mol_07688::M02	aldehyde	reversible_carbonyl	17;18;19	18	COC(=O)[C@]1(C)CC[C@]2(C)CC[C@]3(C)C4CC[C@]5(C=O)C(C)=C(O)C(=O)CC5[C@]4(C)CC[C@@]3(C)C2C1
Mol_07698	Mol_07698::M01	enone_cyclic	michael_acceptor	47;36;34;35;13	47	C=C(C)CCC/C(C)=C/C[C@@]12C(=O)[C@@](CC=C(C)C)(C[C@H](C/C=C(\C)CCC=C(C)C)C1(C)C)C(=O)C(C(=O)c1ccc(O)c(O)c1)=C2O
Mol_07700	Mol_07700::M01	enone_cyclic	michael_acceptor	43;33;31;32;20	43	C=C(C)CCC(C[C@@]1(C/C=C(\C)CCC=C(C)C)C(=O)C(CC=C(C)C)(CC=C(C)C)C(=O)C(C(=O)c2cccc(O)c2)=C1O)C(=C)C
Mol_07702	Mol_07702::M01	enone_cyclic	michael_acceptor	44;33;31;32;20	44	C=C(C)CCC(C[C@@]1(C/C=C(\C)CCC=C(C)C)C(=O)C(CC=C(C)C)(CC=C(C)C)C(=O)C(C(=O)c2ccc(O)c(O)c2)=C1O)C(=C)C
Mol_07721	Mol_07721::M01	acrylate_ester	michael_acceptor	8;9;10;11;12;13	8	CC(=O)C[C@]1(O)C(=O)C=C2C(=O)O[C@H]3[C@H](OC(=O)c4cc(O)c(O)c(O)c4)O[C@@H]4COC(=O)c5cc(O)c(O)c(O)c5-c5c(cc(O)c(O)c5O)C(=O)O[C@H]3[C@@H]4OC(=O)c3cc(O)c(O)c4c3[C@H]2[C@@]1(O)O4
Mol_07721	Mol_07721::M02	enone_cyclic	michael_acceptor	9;8;6;7;4	9	CC(=O)C[C@]1(O)C(=O)C=C2C(=O)O[C@H]3[C@H](OC(=O)c4cc(O)c(O)c(O)c4)O[C@@H]4COC(=O)c5cc(O)c(O)c(O)c5-c5c(cc(O)c(O)c5O)C(=O)O[C@H]3[C@@H]4OC(=O)c3cc(O)c(O)c4c3[C@H]2[C@@]1(O)O4
Mol_07721	Mol_07721::M03	unsat_lactone	michael_acceptor	12;10;11;9;8	8	CC(=O)C[C@]1(O)C(=O)C=C2C(=O)O[C@H]3[C@H](OC(=O)c4cc(O)c(O)c(O)c4)O[C@@H]4COC(=O)c5cc(O)c(O)c(O)c5-c5c(cc(O)c(O)c5O)C(=O)O[C@H]3[C@@H]4OC(=O)c3cc(O)c(O)c4c3[C@H]2[C@@]1(O)O4
Mol_07744	Mol_07744::M01	epoxide	sn2_ring_opening	3;4;5	3;5	C[C@]12C[C@@H]3O[C@]3(C)[C@]3(CC(c4ccoc4)OC3=O)[C@]13CC[C@@]2(C)C(=O)O3
Mol_07760	Mol_07760::M01	acrylate_ester	michael_acceptor	1;2;4;5;6;7	1	C/C=C(\C)C(=O)O[C@@H]1C(=O)C(CO)=C[C@@H](OC(C)=O)C1C(C)C
Mol_07760	Mol_07760::M02	enone_cyclic	michael_acceptor	13;10;8;9;7	13	C/C=C(\C)C(=O)O[C@@H]1C(=O)C(CO)=C[C@@H](OC(C)=O)C1C(C)C
Mol_07761	Mol_07761::M01	acrylate_ester	michael_acceptor	1;2;4;5;6;7	1	C/C=C(\C)C(=O)O[C@@H]1C(=O)C(CO)=C[C@@H](O)C1C(C)C
Mol_07761	Mol_07761::M02	enone_cyclic	michael_acceptor	13;10;8;9;7	13	C/C=C(\C)C(=O)O[C@@H]1C(=O)C(CO)=C[C@@H](O)C1C(C)C
Mol_07762	Mol_07762::M01	enone_cyclic	michael_acceptor	5;6;9;10;11	5	CC(=O)O[C@@H]1C=C(CO)C(=O)[C@@H](O)C1C(C)C
Mol_07763	Mol_07763::M01	enone_cyclic	michael_acceptor	6;7;10;11;12	6	CC(C)C1[C@H](O)C=C(CO)C(=O)[C@H]1O
Mol_07767	Mol_07767::M01	enone_cyclic	michael_acceptor	5;6;9;10;11	5	CC(C)C1CC=C(CO)C(=O)[C@H]1OC1O[C@H](CO)[C@@H](O)[C@H](O)[C@H]1O
Mol_07776	Mol_07776::M01	epoxide	sn2_ring_opening	11;13;12	11;12	CC#CC#Cc1ccc(C#CC2CO2)s1
Mol_07796	Mol_07796::M01	epoxide	sn2_ring_opening	20;21;22	20;22	Cc1cccc2oc(=O)c3c(c12)O[C@@H](C)[C@@]3(C)CC(=O)[C@@H]1OC1(C)C
Mol_07798	Mol_07798::M01	epoxide	sn2_ring_opening	20;21;22	20;22	Cc1cccc2oc(=O)c3c(c12)O[C@H](C)[C@@]3(C)CC(=O)[C@@H]1OC1(C)C
Mol_07805	Mol_07805::M01	acrylate_ester	michael_acceptor	26;25;23;24;22;21	26	CCCCCCCCCCCCCCCCCCCCCCOC(=O)/C=C\c1ccc(O)cc1
Mol_07806	Mol_07806::M01	acrylate_ester	michael_acceptor	26;25;23;24;22;21	26	CCCCCCCCCCCCCCCCCCCCCCOC(=O)/C=C/c1ccc(O)cc1
Mol_07807	Mol_07807::M01	acrylate_ester	michael_acceptor	1;2;4;5;6;7	1	C/C=C(\C)C(=O)O[C@@H]1CCN2CC[C@H](CO)C12
Mol_07808	Mol_07808::M01	acrylate_ester	michael_acceptor	1;3;4;5;6;7	1	CC(C)=CC(=O)O[C@@H]1CCN2CC[C@H](CO)[C@H]12
Mol_07812	Mol_07812::M01	acrylate_ester	michael_acceptor	1;2;3;4;5;6	1	C/C1=C/C(=O)O[C@H]2CCN3CC[C@@H](COC(=O)[C@](C)(O)[C@@H](C)C1)C23
Mol_07812	Mol_07812::M02	unsat_lactone	michael_acceptor	5;3;4;2;1	1	C/C1=C/C(=O)O[C@H]2CCN3CC[C@@H](COC(=O)[C@](C)(O)[C@@H](C)C1)C23
Mol_07814	Mol_07814::M01	acrylate_ester	michael_acceptor	1;2;21;22;20;19	1	C/C=C1\C[C@@H](C)[C@@](C)(O)C(=O)OC[C@H]2CCN3CC[C@@H](OC1=O)[C@@H]23
Mol_07816	Mol_07816::M01	acrylate_ester	michael_acceptor	1;2;22;23;21;20	1	C/C=C1/CC2(CO)OC2(C)C(=O)OCC2=CCN3CC[C@@H](OC1=O)[C@@H]23
Mol_07816	Mol_07816::M02	epoxide	sn2_ring_opening	4;7;8	4;8	C/C=C1/CC2(CO)OC2(C)C(=O)OCC2=CCN3CC[C@@H](OC1=O)[C@@H]23
Mol_07817	Mol_07817::M01	acrylate_ester	michael_acceptor	1;2;22;23;21;20	1	C/C=C1/CC(C)C(O)(CO)C(=O)OCC2=CCN3CCC(OC1=O)C23
Mol_07819	Mol_07819::M01	acrylate_ester	michael_acceptor	4;3;7;8;9;10	4	C[C@H]1C/C(=C\CO)C(=O)OC2CCN3CC=C(COC(=O)[C@@]1(C)O)[C@@H]23
Mol_07854	Mol_07854::M01	enal	michael_acceptor	6;8;9;10	6	CC(C)=C/C=C/C(C)=C/C=O
Mol_07854	Mol_07854::M02	aldehyde	reversible_carbonyl	8;9;10	9	CC(C)=C/C=C/C(C)=C/C=O
Mol_07855	Mol_07855::M01	enal	michael_acceptor	6;8;9;10	6	CC(C)=C/C=C/C(C)=C\C=O
Mol_07855	Mol_07855::M02	aldehyde	reversible_carbonyl	8;9;10	9	CC(C)=C/C=C/C(C)=C\C=O
Mol_07861	Mol_07861::M01	acrylate_ester	michael_acceptor	0;1;2;3;4;5	0	C=C1C(=O)OCC1C/C=C(\C)CC1CC(C)C(=O)O1
Mol_07861	Mol_07861::M02	methylene_butyrolactone	michael_acceptor	0;1;2;3;4	0	C=C1C(=O)OCC1C/C=C(\C)CC1CC(C)C(=O)O1
Mol_07862	Mol_07862::M01	acrylate_ester	michael_acceptor	0;1;2;3;4;5	0	C=C1C(=O)OCC1/C=C/C(C)(O)CC1CC(C)C(=O)O1
Mol_07862	Mol_07862::M02	methylene_butyrolactone	michael_acceptor	0;1;2;3;4	0	C=C1C(=O)OCC1/C=C/C(C)(O)CC1CC(C)C(=O)O1
Mol_07864	Mol_07864::M01	enal	michael_acceptor	13;14;16;17	13	C=C1C(=O)OCC1C/C=C(\C)CC/C=C(\C)C=O
Mol_07864	Mol_07864::M02	acrylate_ester	michael_acceptor	0;1;2;3;4;5	0	C=C1C(=O)OCC1C/C=C(\C)CC/C=C(\C)C=O
Mol_07864	Mol_07864::M03	methylene_butyrolactone	michael_acceptor	0;1;2;3;4	0	C=C1C(=O)OCC1C/C=C(\C)CC/C=C(\C)C=O
Mol_07864	Mol_07864::M04	aldehyde	reversible_carbonyl	14;16;17	16	C=C1C(=O)OCC1C/C=C(\C)CC/C=C(\C)C=O
Mol_07875	Mol_07875::M01	acrylate_ester	michael_acceptor	1;2;4;5;6;7	1	C/C=C(/C)C(=O)O[C@@H]1CC[C@]2(C)CC(=O)C(=C(C)C)C[C@@]2(C)[C@]1(C)OC(C)=O
Mol_07882	Mol_07882::M01	acrylate_ester	michael_acceptor	0;1;3;4;5;6	0	C=C(C)C(=O)O[C@H]1C[C@@]23O[C@@H]2CC/C(=C/[C@H]2OC(=O)C(=C)[C@H]12)CO[C@H]3O
Mol_07882	Mol_07882::M02	acrylate_ester	michael_acceptor	20;19;17;18;16;15	20	C=C(C)C(=O)O[C@H]1C[C@@]23O[C@@H]2CC/C(=C/[C@H]2OC(=O)C(=C)[C@H]12)CO[C@H]3O
Mol_07882	Mol_07882::M03	methylene_butyrolactone	michael_acceptor	20;19;17;18;16	20	C=C(C)C(=O)O[C@H]1C[C@@]23O[C@@H]2CC/C(=C/[C@H]2OC(=O)C(=C)[C@H]12)CO[C@H]3O
Mol_07882	Mol_07882::M04	epoxide	sn2_ring_opening	8;9;10	8;10	C=C(C)C(=O)O[C@H]1C[C@@]23O[C@@H]2CC/C(=C/[C@H]2OC(=O)C(=C)[C@H]12)CO[C@H]3O
Mol_07883	Mol_07883::M01	acrylate_ester	michael_acceptor	8;7;5;6;4;3	8	C=C[C@@]12COC(=O)C(=C)[C@@H]1[C@@H](O)[C@H](C(=C)C(=O)OC)[C@@H](OC(=O)C(=C)CO)C2
Mol_07883	Mol_07883::M02	acrylate_ester	michael_acceptor	14;13;15;16;17;18	14	C=C[C@@]12COC(=O)C(=C)[C@@H]1[C@@H](O)[C@H](C(=C)C(=O)OC)[C@@H](OC(=O)C(=C)CO)C2
Mol_07883	Mol_07883::M03	acrylate_ester	michael_acceptor	24;23;21;22;20;19	24	C=C[C@@]12COC(=O)C(=C)[C@@H]1[C@@H](O)[C@H](C(=C)C(=O)OC)[C@@H](OC(=O)C(=C)CO)C2
Mol_07884	Mol_07884::M01	acrylate_ester	michael_acceptor	1;2;4;5;6;7	1	C/C=C(/C)C(=O)OC1CCC2(C)CC(=O)C(=C(C)C)CC2C1(C)OC(C)=O
Mol_07891	Mol_07891::M01	epoxide	sn2_ring_opening	5;6;7	5;7	CCCCC[C@H]1O[C@H]1C/C=C\CCCCCCCC(=O)OCC(COC(=O)CCCCCCC/C=C\C[C@@H]1O[C@@H]1CCCCC)OC(=O)CCCCCCC/C=C\C[C@@H]1O[C@@H]1CCCCC
Mol_07891	Mol_07891::M02	epoxide	sn2_ring_opening	37;38;39	37;39	CCCCC[C@H]1O[C@H]1C/C=C\CCCCCCCC(=O)OCC(COC(=O)CCCCCCC/C=C\C[C@@H]1O[C@@H]1CCCCC)OC(=O)CCCCCCC/C=C\C[C@@H]1O[C@@H]1CCCCC
Mol_07891	Mol_07891::M03	epoxide	sn2_ring_opening	58;59;60	58;60	CCCCC[C@H]1O[C@H]1C/C=C\CCCCCCCC(=O)OCC(COC(=O)CCCCCCC/C=C\C[C@@H]1O[C@@H]1CCCCC)OC(=O)CCCCCCC/C=C\C[C@@H]1O[C@@H]1CCCCC
Mol_07892	Mol_07892::M01	epoxide	sn2_ring_opening	5;6;7	5;7	CCCCC[C@H]1O[C@H]1C/C=C\CCCCCCCC(=O)O
Mol_07898	Mol_07898::M01	acrylate_ester	michael_acceptor	18;19;20;21;22;23	18	C=C1CCC2C(C)(C(=O)O)CCCC2(C)C1CCC1=CC(=O)OC1
Mol_07898	Mol_07898::M02	unsat_lactone	michael_acceptor	22;20;21;19;18	18	C=C1CCC2C(C)(C(=O)O)CCCC2(C)C1CCC1=CC(=O)OC1
Mol_07899	Mol_07899::M01	acrylate_ester	michael_acceptor	18;19;20;21;22;23	18	C=C1CCC2C(C)(C(=O)O)CCCC2(C)C1CCC1=CC(=O)OC1OC
Mol_07899	Mol_07899::M02	unsat_lactone	michael_acceptor	22;20;21;19;18	18	C=C1CCC2C(C)(C(=O)O)CCCC2(C)C1CCC1=CC(=O)OC1OC
Mol_07903	Mol_07903::M01	acrylate_ester	michael_acceptor	18;19;20;21;22;23	18	C=C1CCC2C(C)(C(=O)O)CCCC2(C)C1CCC1=CC(=O)OC1O
Mol_07903	Mol_07903::M02	unsat_lactone	michael_acceptor	22;20;21;19;18	18	C=C1CCC2C(C)(C(=O)O)CCCC2(C)C1CCC1=CC(=O)OC1O
Mol_07904	Mol_07904::M01	acrylic_acid	michael_acceptor	11;13;14;15;16	11	CC(C)=CCC/C(C)=C/CC/C(C)=C/C(=O)O
Mol_07906	Mol_07906::M01	acrylate_ester	michael_acceptor	0;1;3;4;5;6	0	C=C(C)C(=O)O[C@H]1C[C@@]2(C)O[C@@H]2[C@H]2O[C@H]2C(=C)[C@H](O)[C@H]2OC(=O)C(=C)[C@@H]21
Mol_07906	Mol_07906::M02	acrylate_ester	michael_acceptor	24;23;21;22;20;19	24	C=C(C)C(=O)O[C@H]1C[C@@]2(C)O[C@@H]2[C@H]2O[C@H]2C(=C)[C@H](O)[C@H]2OC(=O)C(=C)[C@@H]21
Mol_07906	Mol_07906::M03	methylene_butyrolactone	michael_acceptor	24;23;21;22;20	24	C=C(C)C(=O)O[C@H]1C[C@@]2(C)O[C@@H]2[C@H]2O[C@H]2C(=C)[C@H](O)[C@H]2OC(=O)C(=C)[C@@H]21
Mol_07906	Mol_07906::M04	epoxide	sn2_ring_opening	8;10;11	8;11	C=C(C)C(=O)O[C@H]1C[C@@]2(C)O[C@@H]2[C@H]2O[C@H]2C(=C)[C@H](O)[C@H]2OC(=O)C(=C)[C@@H]21
Mol_07906	Mol_07906::M05	epoxide	sn2_ring_opening	12;13;14	12;14	C=C(C)C(=O)O[C@H]1C[C@@]2(C)O[C@@H]2[C@H]2O[C@H]2C(=C)[C@H](O)[C@H]2OC(=O)C(=C)[C@@H]21
Mol_07907	Mol_07907::M01	acrylate_ester	michael_acceptor	0;1;2;3;4;5	0	C=C1C(=O)O[C@H]2[C@H]1[C@@H](OC(=O)/C(C)=C\C)C[C@@]1(C)O[C@@H]1[C@H]1O[C@H]1C(=C)[C@@H]2O
Mol_07907	Mol_07907::M02	acrylate_ester	michael_acceptor	13;11;9;10;8;7	13	C=C1C(=O)O[C@H]2[C@H]1[C@@H](OC(=O)/C(C)=C\C)C[C@@]1(C)O[C@@H]1[C@H]1O[C@H]1C(=C)[C@@H]2O
Mol_07907	Mol_07907::M03	methylene_butyrolactone	michael_acceptor	0;1;2;3;4	0	C=C1C(=O)O[C@H]2[C@H]1[C@@H](OC(=O)/C(C)=C\C)C[C@@]1(C)O[C@@H]1[C@H]1O[C@H]1C(=C)[C@@H]2O
Mol_07907	Mol_07907::M04	epoxide	sn2_ring_opening	16;18;19	16;19	C=C1C(=O)O[C@H]2[C@H]1[C@@H](OC(=O)/C(C)=C\C)C[C@@]1(C)O[C@@H]1[C@H]1O[C@H]1C(=C)[C@@H]2O
Mol_07907	Mol_07907::M05	epoxide	sn2_ring_opening	20;21;22	20;22	C=C1C(=O)O[C@H]2[C@H]1[C@@H](OC(=O)/C(C)=C\C)C[C@@]1(C)O[C@@H]1[C@H]1O[C@H]1C(=C)[C@@H]2O
Mol_07908	Mol_07908::M01	acrylate_ester	michael_acceptor	0;1;2;3;4;5	0	C=C1C(=O)O[C@@H]2/C=C(\CO)C[C@H](O)[C@H]3O[C@]3(C)C[C@H](OC(=O)/C(C)=C\C)[C@@H]12
Mol_07908	Mol_07908::M02	acrylate_ester	michael_acceptor	24;22;20;21;19;18	24	C=C1C(=O)O[C@@H]2/C=C(\CO)C[C@H](O)[C@H]3O[C@]3(C)C[C@H](OC(=O)/C(C)=C\C)[C@@H]12
Mol_07908	Mol_07908::M03	methylene_butyrolactone	michael_acceptor	0;1;2;3;4	0	C=C1C(=O)O[C@@H]2/C=C(\CO)C[C@H](O)[C@H]3O[C@]3(C)C[C@H](OC(=O)/C(C)=C\C)[C@@H]12
Mol_07908	Mol_07908::M04	epoxide	sn2_ring_opening	13;14;15	13;15	C=C1C(=O)O[C@@H]2/C=C(\CO)C[C@H](O)[C@H]3O[C@]3(C)C[C@H](OC(=O)/C(C)=C\C)[C@@H]12
Mol_07909	Mol_07909::M01	acrylate_ester	michael_acceptor	1;2;4;5;6;7	1	C/C=C(/C)C(=O)O[C@H]1C[C@@]2(C)O[C@@H]2[C@@H](O)C/C(CO)=C/[C@H]2OC(=O)C(C)[C@H]12
Mol_07909	Mol_07909::M02	epoxide	sn2_ring_opening	9;11;12	9;12	C/C=C(/C)C(=O)O[C@H]1C[C@@]2(C)O[C@@H]2[C@@H](O)C/C(CO)=C/[C@H]2OC(=O)C(C)[C@H]12
Mol_07910	Mol_07910::M01	acrylate_ester	michael_acceptor	0;1;2;3;4;5	0	C=C1C(=O)O[C@@H]2CC(C=O)C[C@H](O)[C@H]3O[C@]3(C)C[C@H](OC(=O)/C(C)=C\C)[C@@H]12
Mol_07910	Mol_07910::M02	acrylate_ester	michael_acceptor	24;22;20;21;19;18	24	C=C1C(=O)O[C@@H]2CC(C=O)C[C@H](O)[C@H]3O[C@]3(C)C[C@H](OC(=O)/C(C)=C\C)[C@@H]12
Mol_07910	Mol_07910::M03	methylene_butyrolactone	michael_acceptor	0;1;2;3;4	0	C=C1C(=O)O[C@@H]2CC(C=O)C[C@H](O)[C@H]3O[C@]3(C)C[C@H](OC(=O)/C(C)=C\C)[C@@H]12
Mol_07910	Mol_07910::M04	epoxide	sn2_ring_opening	13;14;15	13;15	C=C1C(=O)O[C@@H]2CC(C=O)C[C@H](O)[C@H]3O[C@]3(C)C[C@H](OC(=O)/C(C)=C\C)[C@@H]12
Mol_07910	Mol_07910::M05	aldehyde	reversible_carbonyl	7;8;9	8	C=C1C(=O)O[C@@H]2CC(C=O)C[C@H](O)[C@H]3O[C@]3(C)C[C@H](OC(=O)/C(C)=C\C)[C@@H]12
Mol_07922	Mol_07922::M01	enone_cyclic	michael_acceptor	27;22;20;21;19	27	CC(=O)OC1(C)C(OC(=O)C2(C)OC2C)CCC2(C)CC(=O)C(C(C)(C)C)=CC21
Mol_07922	Mol_07922::M02	epoxide	sn2_ring_opening	10;12;13	10;13	CC(=O)OC1(C)C(OC(=O)C2(C)OC2C)CCC2(C)CC(=O)C(C(C)(C)C)=CC21
Mol_07961	Mol_07961::M01	aldehyde	reversible_carbonyl	7;8;9	8	COc1cc(O)c2c(C=O)cccc2c1
Mol_07962	Mol_07962::M01	aldehyde	reversible_carbonyl	4;5;6	5	COc1cc(C=O)c2c(O)cccc2c1
Mol_07963	Mol_07963::M01	aldehyde	reversible_carbonyl	4;5;6	5	COc1cc(C=O)c2c(OC)cccc2c1O
Mol_07964	Mol_07964::M01	enone_ketone_acyclic	michael_acceptor	0;1;2;3;4	0	C=C(C(=O)[C@H](O)[C@@H](C)[C@H]1[C@@H](OC(C)=O)C[C@@]2(C)C3CCC4[C@H](C)OC(=O)C=C[C@@]45C[C@@]35CC[C@]12C)C(C)C
Mol_07964	Mol_07964::M02	acrylate_ester	michael_acceptor	27;26;24;25;23;21	27	C=C(C(=O)[C@H](O)[C@@H](C)[C@H]1[C@@H](OC(C)=O)C[C@@]2(C)C3CCC4[C@H](C)OC(=O)C=C[C@@]45C[C@@]35CC[C@]12C)C(C)C
Mol_07964	Mol_07964::M03	unsat_lactone	michael_acceptor	23;24;25;26;27	27	C=C(C(=O)[C@H](O)[C@@H](C)[C@H]1[C@@H](OC(C)=O)C[C@@]2(C)C3CCC4[C@H](C)OC(=O)C=C[C@@]45C[C@@]35CC[C@]12C)C(C)C
Mol_07965	Mol_07965::M01	enone_ketone_acyclic	michael_acceptor	0;1;2;3;4	0	C=C(C(=O)[C@H](OC(C)=O)[C@@H](C)[C@H]1[C@@H](OC(C)=O)C[C@@]2(C)C3CCC4[C@H](C)OC(=O)C=C[C@@]45C[C@@]35CC[C@]12C)C(C)C
Mol_07965	Mol_07965::M02	acrylate_ester	michael_acceptor	30;29;27;28;26;24	30	C=C(C(=O)[C@H](OC(C)=O)[C@@H](C)[C@H]1[C@@H](OC(C)=O)C[C@@]2(C)C3CCC4[C@H](C)OC(=O)C=C[C@@]45C[C@@]35CC[C@]12C)C(C)C
Mol_07965	Mol_07965::M03	unsat_lactone	michael_acceptor	26;27;28;29;30	30	C=C(C(=O)[C@H](OC(C)=O)[C@@H](C)[C@H]1[C@@H](OC(C)=O)C[C@@]2(C)C3CCC4[C@H](C)OC(=O)C=C[C@@]45C[C@@]35CC[C@]12C)C(C)C
Mol_07966	Mol_07966::M01	enone_ketone_acyclic	michael_acceptor	0;1;2;3;4	0	C=C(C(=O)[C@H](O)[C@@H](C)[C@H]1[C@@H](OC(C)=O)C[C@@]2(C)C3C[C@@H](O)C4[C@H](C)OC(=O)C=C[C@@]45C[C@@]35CC[C@]12C)C(C)C
Mol_07966	Mol_07966::M02	acrylate_ester	michael_acceptor	28;27;25;26;24;22	28	C=C(C(=O)[C@H](O)[C@@H](C)[C@H]1[C@@H](OC(C)=O)C[C@@]2(C)C3C[C@@H](O)C4[C@H](C)OC(=O)C=C[C@@]45C[C@@]35CC[C@]12C)C(C)C
Mol_07966	Mol_07966::M03	unsat_lactone	michael_acceptor	24;25;26;27;28	28	C=C(C(=O)[C@H](O)[C@@H](C)[C@H]1[C@@H](OC(C)=O)C[C@@]2(C)C3C[C@@H](O)C4[C@H](C)OC(=O)C=C[C@@]45C[C@@]35CC[C@]12C)C(C)C
Mol_07967	Mol_07967::M01	enone_ketone_acyclic	michael_acceptor	0;1;2;3;4	0	C=C(C(=O)[C@H](OC(C)=O)[C@@H](C)[C@H]1[C@@H](OC(C)=O)C[C@@]2(C)C3C[C@@H](O)C4[C@H](C)OC(=O)C=C[C@@]45C[C@@]35CC[C@]12C)C(C)C
Mol_07967	Mol_07967::M02	acrylate_ester	michael_acceptor	31;30;28;29;27;25	31	C=C(C(=O)[C@H](OC(C)=O)[C@@H](C)[C@H]1[C@@H](OC(C)=O)C[C@@]2(C)C3C[C@@H](O)C4[C@H](C)OC(=O)C=C[C@@]45C[C@@]35CC[C@]12C)C(C)C
Mol_07967	Mol_07967::M03	unsat_lactone	michael_acceptor	27;28;29;30;31	31	C=C(C(=O)[C@H](OC(C)=O)[C@@H](C)[C@H]1[C@@H](OC(C)=O)C[C@@]2(C)C3C[C@@H](O)C4[C@H](C)OC(=O)C=C[C@@]45C[C@@]35CC[C@]12C)C(C)C
Mol_07968	Mol_07968::M01	enone_ketone_acyclic	michael_acceptor	0;1;2;3;4	0	C=C(C(=O)[C@H](O)[C@@H](C)[C@H]1[C@@H](OC(C)=O)C[C@@]2(C)C3[C@H]4O[C@H]4C4[C@H](C)OC(=O)C=C[C@@]45C[C@@]35CC[C@]12C)C(C)C
Mol_07968	Mol_07968::M02	acrylate_ester	michael_acceptor	28;27;25;26;24;22	28	C=C(C(=O)[C@H](O)[C@@H](C)[C@H]1[C@@H](OC(C)=O)C[C@@]2(C)C3[C@H]4O[C@H]4C4[C@H](C)OC(=O)C=C[C@@]45C[C@@]35CC[C@]12C)C(C)C
Mol_07968	Mol_07968::M03	unsat_lactone	michael_acceptor	24;25;26;27;28	28	C=C(C(=O)[C@H](O)[C@@H](C)[C@H]1[C@@H](OC(C)=O)C[C@@]2(C)C3[C@H]4O[C@H]4C4[C@H](C)OC(=O)C=C[C@@]45C[C@@]35CC[C@]12C)C(C)C
Mol_07968	Mol_07968::M04	epoxide	sn2_ring_opening	18;19;20	18;20	C=C(C(=O)[C@H](O)[C@@H](C)[C@H]1[C@@H](OC(C)=O)C[C@@]2(C)C3[C@H]4O[C@H]4C4[C@H](C)OC(=O)C=C[C@@]45C[C@@]35CC[C@]12C)C(C)C
Mol_07969	Mol_07969::M01	enone_ketone_acyclic	michael_acceptor	0;1;2;3;4	0	C=C(C(=O)[C@H](OC(C)=O)[C@@H](C)[C@H]1[C@@H](OC(C)=O)C[C@@]2(C)C3[C@H]4O[C@H]4C4[C@H](C)OC(=O)C=C[C@@]45C[C@@]35CC[C@]12C)C(C)C
Mol_07969	Mol_07969::M02	acrylate_ester	michael_acceptor	31;30;28;29;27;25	31	C=C(C(=O)[C@H](OC(C)=O)[C@@H](C)[C@H]1[C@@H](OC(C)=O)C[C@@]2(C)C3[C@H]4O[C@H]4C4[C@H](C)OC(=O)C=C[C@@]45C[C@@]35CC[C@]12C)C(C)C
Mol_07969	Mol_07969::M03	unsat_lactone	michael_acceptor	27;28;29;30;31	31	C=C(C(=O)[C@H](OC(C)=O)[C@@H](C)[C@H]1[C@@H](OC(C)=O)C[C@@]2(C)C3[C@H]4O[C@H]4C4[C@H](C)OC(=O)C=C[C@@]45C[C@@]35CC[C@]12C)C(C)C
Mol_07969	Mol_07969::M04	epoxide	sn2_ring_opening	21;22;23	21;23	C=C(C(=O)[C@H](OC(C)=O)[C@@H](C)[C@H]1[C@@H](OC(C)=O)C[C@@]2(C)C3[C@H]4O[C@H]4C4[C@H](C)OC(=O)C=C[C@@]45C[C@@]35CC[C@]12C)C(C)C
Mol_07970	Mol_07970::M01	enone_ketone_acyclic	michael_acceptor	0;1;2;3;4	0	C=C(C(=O)[C@H](O)[C@@H](C)[C@H]1[C@@H](OC(C)=O)C[C@@]2(C)C3CCC4C(=C)OC(=O)C=C[C@@]45C[C@@]35CC[C@]12C)C(C)C
Mol_07970	Mol_07970::M02	acrylate_ester	michael_acceptor	27;26;24;25;23;21	27	C=C(C(=O)[C@H](O)[C@@H](C)[C@H]1[C@@H](OC(C)=O)C[C@@]2(C)C3CCC4C(=C)OC(=O)C=C[C@@]45C[C@@]35CC[C@]12C)C(C)C
Mol_07970	Mol_07970::M03	unsat_lactone	michael_acceptor	23;24;25;26;27	27	C=C(C(=O)[C@H](O)[C@@H](C)[C@H]1[C@@H](OC(C)=O)C[C@@]2(C)C3CCC4C(=C)OC(=O)C=C[C@@]45C[C@@]35CC[C@]12C)C(C)C
Mol_07974	Mol_07974::M01	enone_ketone_acyclic	michael_acceptor	0;1;2;3;4	0	C=C(C(=O)[C@H](O)[C@@H](C)[C@H]1[C@@H](OC(C)=O)C[C@@]2(C)[C@@H]3C[C@@H](O)[C@H]4[C@H](C)C(=O)C=C[C@@]45C[C@@]35CC[C@]12C)C(C)C
Mol_07974	Mol_07974::M02	enone_cyclic	michael_acceptor	27;26;24;25;22	27	C=C(C(=O)[C@H](O)[C@@H](C)[C@H]1[C@@H](OC(C)=O)C[C@@]2(C)[C@@H]3C[C@@H](O)[C@H]4[C@H](C)C(=O)C=C[C@@]45C[C@@]35CC[C@]12C)C(C)C
Mol_07975	Mol_07975::M01	enone_cyclic	michael_acceptor	33;31;29;30;27	33	C=C(C)[C@]12C[C@@H](C)C34OC(CCCCCCC)(O[C@@H]1[C@@H]3[C@@H]1O[C@]1(CO)[C@@H](O)[C@]1(O)C(=O)C(C)=C[C@@H]41)O2
Mol_07975	Mol_07975::M02	epoxide	sn2_ring_opening	20;21;22	20;22	C=C(C)[C@]12C[C@@H](C)C34OC(CCCCCCC)(O[C@@H]1[C@@H]3[C@@H]1O[C@]1(CO)[C@@H](O)[C@]1(O)C(=O)C(C)=C[C@@H]41)O2
Mol_07976	Mol_07976::M01	enone_cyclic	michael_acceptor	15;16;17;18;19	15	CC[C@H](CC[C@@H](C)[C@H]1CC[C@H]2[C@@H]3CC(O)C4=CC(=O)CC[C@]4(C)[C@H]3CC[C@]12C)C(C)C
Mol_07992	Mol_07992::M01	acrylate_ester	michael_acceptor	5;4;2;3;1;0	5	COC(=O)C1=CCC[C@@H]2[C@@](CCc3ccoc3)(C(=O)O)[C@H](C)CC[C@@]12C
Mol_07993	Mol_07993::M01	acrylate_ester	michael_acceptor	5;4;2;3;1;0	5	COC(=O)C1=CCC[C@H]2[C@@]13CC[C@@H](C)[C@@]2(CCc1ccoc1)C(=O)OC3
Mol_07994	Mol_07994::M01	acrylate_ester	michael_acceptor	5;4;2;3;1;0	5	COC(=O)C1=CC=C[C@H]2[C@@]13CC[C@@H](C)[C@@]2(CCc1ccoc1)C(=O)OC3
Mol_07995	Mol_07995::M01	acrylate_ester	michael_acceptor	5;4;2;3;1;0	5	COC(=O)C1=CCC[C@H]2[C@@]1(C(=O)OC)CC[C@@H](C)[C@]21C[C@H](c2ccoc2)OC1=O
Mol_07996	Mol_07996::M01	acrylate_ester	michael_acceptor	5;4;2;3;1;0	5	COC(=O)C1=CCC[C@H]2[C@@]1(C(=O)OC)CC[C@@H](C)[C@]21C[C@@H](c2ccoc2)OC1=O
Mol_07997	Mol_07997::M01	acrylate_ester	michael_acceptor	5;4;2;3;1;0	5	COC(=O)C1=CCC[C@H]2[C@@]1(C(=O)OC)CC[C@](C)(O)[C@]21C[C@@H](c2ccoc2)OC1=O
Mol_07998	Mol_07998::M01	acrylate_ester	michael_acceptor	5;4;2;3;1;0	5	COC(=O)C1=CC(=O)C[C@H]2[C@@]1(C(=O)OC)CC[C@@H](C)[C@]21C[C@@H](c2ccoc2)OC1=O
Mol_07998	Mol_07998::M02	enone_cyclic	michael_acceptor	4;5;6;7;8	4	COC(=O)C1=CC(=O)C[C@H]2[C@@]1(C(=O)OC)CC[C@@H](C)[C@]21C[C@@H](c2ccoc2)OC1=O
Mol_07999	Mol_07999::M01	acrylate_ester	michael_acceptor	5;4;2;3;1;0	5	COC(=O)C1=CC(=O)C=C2[C@@]1(C(=O)OC)CC[C@@H](C)[C@]21C[C@@H](c2ccoc2)OC1=O
Mol_07999	Mol_07999::M02	enone_cyclic	michael_acceptor	4;5;6;7;8	4	COC(=O)C1=CC(=O)C=C2[C@@]1(C(=O)OC)CC[C@@H](C)[C@]21C[C@@H](c2ccoc2)OC1=O
Mol_07999	Mol_07999::M03	enone_cyclic	michael_acceptor	9;8;6;7;5	9	COC(=O)C1=CC(=O)C=C2[C@@]1(C(=O)OC)CC[C@@H](C)[C@]21C[C@@H](c2ccoc2)OC1=O
Mol_08000	Mol_08000::M01	acrylate_ester	michael_acceptor	5;4;2;3;1;0	5	COC(=O)C1=CCC[C@@H]2[C@@]3(C[C@@H](c4ccoc4)OC3=O)C(C)=CC[C@@]12C(=O)OC
Mol_08011	Mol_08011::M01	aldehyde	reversible_carbonyl	1;2;3	2	C[C@]1(C=O)[C@H](O)CC[C@@]2(C)[C@@H]3C[C@@H]4[C@H]5C[C@@]3(CC[C@H]12)C[C@@]45C
Mol_08014	Mol_08014::M01	enone_cyclic	michael_acceptor	43;44;46;47;48	43	CCCCCCCCCC(=O)OCC1=C[C@H]2[C@@H]3C(C)(C)[C@]3(OC(C)=O)[C@H](OC(=O)CCCCCCCCC)[C@@H](C)[C@]2(O)[C@@H]2C=C(C)C(=O)[C@@H]2C1
Mol_08018	Mol_08018::M01	enone_cyclic	michael_acceptor	14;15;16;17;18	14	CCC(/C=C/[C@@H](C)[C@H]1CC[C@H]2[C@@H]3CCC4=CC(=O)CC[C@]4(C)[C@H]3CC[C@]12C)C(C)C
Mol_08019	Mol_08019::M01	epoxide	sn2_ring_opening	4;5;6	4;6	O=C(OC[C@@]12O[C@@H]1[C@@H]1O[C@@H]1[C@@H](O)[C@@H]2O)c1ccccc1
Mol_08019	Mol_08019::M02	epoxide	sn2_ring_opening	7;8;9	7;9	O=C(OC[C@@]12O[C@@H]1[C@@H]1O[C@@H]1[C@@H](O)[C@@H]2O)c1ccccc1
Mol_08020	Mol_08020::M01	epoxide	sn2_ring_opening	7;8;9	7;9	CC(=O)O[C@@H]1C=C[C@H]2O[C@@]2(COC(=O)c2ccccc2)[C@H]1OC(C)=O
Mol_08021	Mol_08021::M01	epoxide	sn2_ring_opening	7;8;9	7;9	CC(=O)O[C@@H]1C=C[C@@H]2O[C@]2(COC(=O)c2ccccc2)[C@H]1OC(C)=O
Mol_08029	Mol_08029::M01	acrylic_acid	michael_acceptor	10;6;7;8;9	10	C[C@H]1CC[C@]2(C)C(C(=O)O)=CCC[C@H]2[C@]1(C)CCc1ccoc1
Mol_08033	Mol_08033::M01	enone_cyclic	michael_acceptor	8;9;10;11;12	8	Cc1cc2c(cc1O)C1=CC(=O)C(C)(C)C1=CC2=O
Mol_08033	Mol_08033::M02	enone_cyclic	michael_acceptor	15;16;17;18;3	15	Cc1cc2c(cc1O)C1=CC(=O)C(C)(C)C1=CC2=O
Mol_08036	Mol_08036::M01	enone_cyclic	michael_acceptor	35;33;31;32;29	35	C=C(C)[C@]12C[C@@H](C)[C@@]34O[C@](CCCCCCCCC)(O[C@@H]1[C@@H]3[C@@H]1O[C@]1(CO)[C@@H](O)[C@]1(O)C(=O)C(C)=C[C@H]14)O2
Mol_08036	Mol_08036::M02	epoxide	sn2_ring_opening	22;23;24	22;24	C=C(C)[C@]12C[C@@H](C)[C@@]34O[C@](CCCCCCCCC)(O[C@@H]1[C@@H]3[C@@H]1O[C@]1(CO)[C@@H](O)[C@]1(O)C(=O)C(C)=C[C@H]14)O2
Mol_08037	Mol_08037::M01	enone_cyclic	michael_acceptor	37;35;33;34;31	37	C=C(C)[C@]12C[C@@H](C)[C@@]34OC(CCCCCCCCCCC)(O[C@@H]1[C@@H]3[C@@H]1O[C@]1(CO)[C@@H](O)[C@]1(O)C(=O)C(C)=C[C@H]14)O2
Mol_08037	Mol_08037::M02	epoxide	sn2_ring_opening	24;25;26	24;26	C=C(C)[C@]12C[C@@H](C)[C@@]34OC(CCCCCCCCCCC)(O[C@@H]1[C@@H]3[C@@H]1O[C@]1(CO)[C@@H](O)[C@]1(O)C(=O)C(C)=C[C@H]14)O2
Mol_08043	Mol_08043::M01	acrylate_ester	michael_acceptor	5;4;2;3;1;0	5	COC(=O)C1=CC=C[C@H]2[C@@H]1CC(O)=C1C(=O)O[C@@H](c3ccoc3)C[C@@]12C
Mol_08043	Mol_08043::M02	acrylate_ester	michael_acceptor	11;13;14;15;16;17	11	COC(=O)C1=CC=C[C@H]2[C@@H]1CC(O)=C1C(=O)O[C@@H](c3ccoc3)C[C@@]12C
Mol_08043	Mol_08043::M03	unsat_lactone	michael_acceptor	16;14;15;13;11	11	COC(=O)C1=CC=C[C@H]2[C@@H]1CC(O)=C1C(=O)O[C@@H](c3ccoc3)C[C@@]12C
Mol_08059	Mol_08059::M01	enal	michael_acceptor	7;8;9;10	7	CC(C)C1=C2[C@H]3CC=C(C=O)[C@@H]4[C@H](O[C@@H]5OC[C@@H](O)C(=O)[C@@]54O)[C@]3(C)CC[C@@]2(C)CC1
Mol_08059	Mol_08059::M02	aldehyde	reversible_carbonyl	8;9;10	9	CC(C)C1=C2[C@H]3CC=C(C=O)[C@@H]4[C@H](O[C@@H]5OC[C@@H](O)C(=O)[C@@]54O)[C@]3(C)CC[C@@]2(C)CC1
Mol_08061	Mol_08061::M01	enal	michael_acceptor	14;11;12;13	14	CC(=O)O[C@@H]1CO[C@H]2O[C@H]3[C@@H](C(C=O)=C[C@H](O)[C@@H]4C5=C(C(C)C)CC[C@]5(C)CC[C@@]34C)[C@@]2(O)C1=O
Mol_08061	Mol_08061::M02	aldehyde	reversible_carbonyl	11;12;13	12	CC(=O)O[C@@H]1CO[C@H]2O[C@H]3[C@@H](C(C=O)=C[C@H](O)[C@@H]4C5=C(C(C)C)CC[C@]5(C)CC[C@@]34C)[C@@]2(O)C1=O
Mol_08062	Mol_08062::M01	acrylate_ester	michael_acceptor	18;19;20;21;22;23	18	CC(=O)OC[C@@]12[C@@H](OC(C)=O)C[C@@H](C)[C@](C)(CCC3=CC(=O)OC3)[C@H]1CCC[C@]21CO1
Mol_08062	Mol_08062::M02	unsat_lactone	michael_acceptor	22;20;21;19;18	18	CC(=O)OC[C@@]12[C@@H](OC(C)=O)C[C@@H](C)[C@](C)(CCC3=CC(=O)OC3)[C@H]1CCC[C@]21CO1
Mol_08062	Mol_08062::M03	epoxide	sn2_ring_opening	28;30;29	28;29	CC(=O)OC[C@@]12[C@@H](OC(C)=O)C[C@@H](C)[C@](C)(CCC3=CC(=O)OC3)[C@H]1CCC[C@]21CO1
Mol_08106	Mol_08106::M01	aldehyde	reversible_carbonyl	6;7;8	7	CC(C)c1ccc(C=O)cc1
Mol_08139	Mol_08139::M01	enone_cyclic	michael_acceptor	4;5;6;7;8	4	C=C[C@]1(C)C=C2C(=O)C[C@H]3C(C)(C)C(OC4OC(CO)C(O)C(O)C4OC4OC(C)C(O)C(O)C4O)CC[C@]3(C)[C@H]2CC1
Mol_08140	Mol_08140::M01	enone_cyclic	michael_acceptor	4;5;6;7;8	4	C=C[C@]1(C)C=C2C(=O)C[C@H]3C(C)(C)C(OC4OC(COC(C)=O)C(OC(C)=O)C(O)C4OC4OC(C)C(OC(C)=O)C(OC(C)=O)C4OC(C)=O)CC[C@]3(C)[C@H]2CC1
Mol_08141	Mol_08141::M01	enone_cyclic	michael_acceptor	4;5;6;7;8	4	C=C[C@]1(C)C=C2C(=O)C[C@H]3C(C)(C)C(OC4OC(COC)C(OC)C(O)C4OC4OC(C)C(OC)C(OC)C4OC)CC[C@]3(C)[C@H]2CC1
Mol_08142	Mol_08142::M01	enone_cyclic	michael_acceptor	4;5;6;7;8	4	C=C[C@]1(C)C=C2C(=O)C[C@H]3C(C)(C)[C@@H](O)CC[C@]3(C)[C@H]2CC1
Mol_08143	Mol_08143::M01	enone_cyclic	michael_acceptor	4;5;6;7;8	4	C=C[C@]1(C)C=C2C(=O)C[C@H]3C(C)(C)[C@@H](OC(C)=O)CC[C@]3(C)[C@H]2CC1
Mol_08144	Mol_08144::M01	enone_cyclic	michael_acceptor	4;5;6;7;8	4	C=C[C@]1(C)C=C2C(=O)C[C@H]3C(C)(C)C(=O)CC[C@]3(C)[C@H]2CC1
Mol_08148	Mol_08148::M01	aldehyde	reversible_carbonyl	4;5;6	5	COc1cc(C=O)c2c(OC)c(C)c(=O)oc2c1OC
Mol_08179	Mol_08179::M01	acrylate_ester	michael_acceptor	7;6;4;5;3;2	7	CCCOC(=O)/C=C/c1ccc(O)c(OC)c1
Mol_08180	Mol_08180::M01	acrylate_ester	michael_acceptor	7;6;4;5;3;2	7	CCCOC(=O)/C=C/c1ccc(O)c(O)c1
Mol_08181	Mol_08181::M01	acrylate_ester	michael_acceptor	5;6;7;8;9;10	5	COc1cc(/C=C/C(=O)OCCCO)ccc1O
Mol_08188	Mol_08188::M01	enone_ketone_acyclic	michael_acceptor	18;17;15;16;14	18	CC(C)=CCC/C(C)=C/COc1ccc(C(=O)/C=C/c2ccc(O)cc2)c(O)c1
Mol_08188	Mol_08188::M02	chalcone	michael_acceptor	14;15;16;17;18;19	18	CC(C)=CCC/C(C)=C/COc1ccc(C(=O)/C=C/c2ccc(O)cc2)c(O)c1
Mol_08205	Mol_08205::M01	enone_ketone_acyclic	michael_acceptor	14;13;11;12;10	14	CC(C)=CCc1c(O)ccc(C(=O)/C=C/c2ccc(O)cc2)c1O
Mol_08205	Mol_08205::M02	chalcone	michael_acceptor	10;11;12;13;14;15	14	CC(C)=CCc1c(O)ccc(C(=O)/C=C/c2ccc(O)cc2)c1O
Mol_08206	Mol_08206::M01	acrylate_ester	michael_acceptor	32;31;29;30;28;27	32	CCCCCCCCCCCCCCCCCCCCCCCCCCCCOC(=O)/C=C/c1ccc(O)c(OC)c1
Mol_08254	Mol_08254::M01	aldehyde	reversible_carbonyl	21;22;23	22	COc1c(O)cc(C2COc3cc(O)cc(O)c3C2=O)cc1C=O
Mol_08256	Mol_08256::M01	enone_cyclic	michael_acceptor	2;3;4;5;6	2	COC1=CC(=O)c2c(c(-c3c(OC)cc4cc5c(c(O)c4c3O)C(=O)CC(C)(O)C5)c3cc(C)cc(O)c3c2O)C1=O
Mol_08256	Mol_08256::M02	enone_cyclic	michael_acceptor	3;2;40;41;7	3	COC1=CC(=O)c2c(c(-c3c(OC)cc4cc5c(c(O)c4c3O)C(=O)CC(C)(O)C5)c3cc(C)cc(O)c3c2O)C1=O
Mol_08256	Mol_08256::M03	para_quinone	michael_acceptor	5;4;3;2;40;41;7;6	2;3;6;7	COC1=CC(=O)c2c(c(-c3c(OC)cc4cc5c(c(O)c4c3O)C(=O)CC(C)(O)C5)c3cc(C)cc(O)c3c2O)C1=O
Mol_08258	Mol_08258::M01	para_quinone	michael_acceptor	10;9;7;6;19;20;18;11	6;7;11;18	COc1cc(O)c2c(c1)C(=O)c1cc(C)cc(O)c1C2=O
Mol_08260	Mol_08260::M01	para_quinone	michael_acceptor	11;10;7;6;20;21;19;12	6;7;12;19	COc1cc(O)c2c(c1O)C(=O)c1cc(C)cc(O)c1C2=O
Mol_08261	Mol_08261::M01	para_quinone	michael_acceptor	19;18;17;16;28;29;27;20	16;17;20;27	COc1cc2c(c(O)c1-c1c(OC)cc(O)c3c1C(=O)c1cc(C)cc(O)c1C3=O)C(=O)c1c(O)cc(C)cc1C2=O
Mol_08261	Mol_08261::M02	para_quinone	michael_acceptor	31;30;5;4;40;41;39;32	4;5;32;39	COc1cc2c(c(O)c1-c1c(OC)cc(O)c3c1C(=O)c1cc(C)cc(O)c1C3=O)C(=O)c1c(O)cc(C)cc1C2=O
Mol_08262	Mol_08262::M01	enone_cyclic	michael_acceptor	37;39;40;41;9	37	COc1cc(O)c2c(O)c3c(c(-c4c(OC)cc5c(c4O)C(=O)c4c(O)cc(C)cc4C5=O)c2c1)C(=O)C(C)=CC3=O
Mol_08262	Mol_08262::M02	enone_cyclic	michael_acceptor	39;37;35;36;10	39	COc1cc(O)c2c(O)c3c(c(-c4c(OC)cc5c(c4O)C(=O)c4c(O)cc(C)cc4C5=O)c2c1)C(=O)C(C)=CC3=O
Mol_08262	Mol_08262::M03	para_quinone	michael_acceptor	22;21;18;17;31;32;30;23	17;18;23;30	COc1cc(O)c2c(O)c3c(c(-c4c(OC)cc5c(c4O)C(=O)c4c(O)cc(C)cc4C5=O)c2c1)C(=O)C(C)=CC3=O
Mol_08262	Mol_08262::M04	para_quinone	michael_acceptor	36;35;10;9;40;41;39;37	9;10;37;39	COc1cc(O)c2c(O)c3c(c(-c4c(OC)cc5c(c4O)C(=O)c4c(O)cc(C)cc4C5=O)c2c1)C(=O)C(C)=CC3=O
Mol_08263	Mol_08263::M01	enone_cyclic	michael_acceptor	2;3;4;5;6	2	COC1=CC(=O)c2c(c(-c3c(OC)cc4c(c3O)C(=O)c3c(O)cc(C)cc3C4=O)c3cc(C)cc(O)c3c2O)C1=O
Mol_08263	Mol_08263::M02	enone_cyclic	michael_acceptor	3;2;40;41;7	3	COC1=CC(=O)c2c(c(-c3c(OC)cc4c(c3O)C(=O)c3c(O)cc(C)cc3C4=O)c3cc(C)cc(O)c3c2O)C1=O
Mol_08263	Mol_08263::M03	para_quinone	michael_acceptor	5;4;3;2;40;41;7;6	2;3;6;7	COC1=CC(=O)c2c(c(-c3c(OC)cc4c(c3O)C(=O)c3c(O)cc(C)cc3C4=O)c3cc(C)cc(O)c3c2O)C1=O
Mol_08263	Mol_08263::M04	para_quinone	michael_acceptor	19;18;15;14;28;29;27;20	14;15;20;27	COC1=CC(=O)c2c(c(-c3c(OC)cc4c(c3O)C(=O)c3c(O)cc(C)cc3C4=O)c3cc(C)cc(O)c3c2O)C1=O
Mol_08264	Mol_08264::M01	para_quinone	michael_acceptor	22;21;18;17;31;32;30;23	17;18;23;30	COc1cc(O)c2c(O)c3c(c(-c4c(OC)cc5c(c4O)C(=O)c4c(O)cc(C)cc4C5=O)c2c1)CC[C@@](C)(O)C3=O
Mol_08265	Mol_08265::M01	para_quinone	michael_acceptor	22;21;18;17;31;32;30;23	17;18;23;30	COc1cc(O)c2c(O)c3c(c(-c4c(OC)cc5c(c4O)C(=O)c4c(O)cc(C)cc4C5=O)c2c1)CC[C@](C)(O)C3=O
Mol_08269	Mol_08269::M01	para_quinone	michael_acceptor	30;29;5;4;39;40;38;31	4;5;31;38	COc1cc2c(c(O)c1-c1c(OC)cc(O)c3c1Cc1cc(C)cc(O)c1C3=O)C(=O)c1c(O)cc(C)cc1C2=O
Mol_08270	Mol_08270::M01	para_quinone	michael_acceptor	9;8;6;5;18;19;17;10	5;6;10;17	Cc1cc(O)c2c(c1)C(=O)c1cc(O)cc(O)c1C2=O
Mol_08274	Mol_08274::M01	para_quinone	michael_acceptor	22;21;18;17;31;32;30;23	17;18;23;30	COc1cc2c(c(O)c1C)C(O)(c1c(OC)cc3c(c1O)C(=O)c1c(O)cc(C)cc1C3=O)c1c(O)cc(C)cc1C2=O
Mol_08275	Mol_08275::M01	enone_cyclic	michael_acceptor	23;24;26;27;10	23	COc1cc2c(c(O)c1-c1c3c(c(O)c4c(O)cccc14)C(=O)C=C(C)C3=O)C(=O)c1c(O)cc(C)cc1C2=O
Mol_08275	Mol_08275::M02	enone_cyclic	michael_acceptor	24;23;21;22;11	24	COc1cc2c(c(O)c1-c1c3c(c(O)c4c(O)cccc14)C(=O)C=C(C)C3=O)C(=O)c1c(O)cc(C)cc1C2=O
Mol_08275	Mol_08275::M03	para_quinone	michael_acceptor	22;21;11;10;26;27;24;23	10;11;23;24	COc1cc2c(c(O)c1-c1c3c(c(O)c4c(O)cccc14)C(=O)C=C(C)C3=O)C(=O)c1c(O)cc(C)cc1C2=O
Mol_08275	Mol_08275::M04	para_quinone	michael_acceptor	29;28;5;4;38;39;37;30	4;5;30;37	COc1cc2c(c(O)c1-c1c3c(c(O)c4c(O)cccc14)C(=O)C=C(C)C3=O)C(=O)c1c(O)cc(C)cc1C2=O
Mol_08284	Mol_08284::M01	para_quinone	michael_acceptor	19;18;17;16;28;29;27;20	16;17;20;27	COc1cc2c(c(O)c1-c1c(OC)cc(O)c3c1C(=O)c1cc(C)cc(O)c1C3=O)C(=O)c1c(O)cc(CO)cc1C2=O
Mol_08284	Mol_08284::M02	para_quinone	michael_acceptor	31;30;5;4;41;42;40;32	4;5;32;40	COc1cc2c(c(O)c1-c1c(OC)cc(O)c3c1C(=O)c1cc(C)cc(O)c1C3=O)C(=O)c1c(O)cc(CO)cc1C2=O
Mol_08285	Mol_08285::M01	para_quinone	michael_acceptor	10;9;7;6;30;31;29;11	6;7;11;29	COc1cc(O)c2c(c1)C(=O)c1cc(C)cc(O[C@@H]3O[C@H](CO)[C@H](O)[C@H](O)[C@H]3O)c1C2=O
Mol_08290	Mol_08290::M01	para_quinone	michael_acceptor	11;10;8;7;19;20;18;12	7;8;12;18	O=C(O)c1cc(O)c2c(c1)C(=O)c1cccc(O)c1C2=O
Mol_08293	Mol_08293::M01	para_quinone	michael_acceptor	31;30;5;4;40;41;39;32	4;5;32;39	COc1cc2c(c(O)c1-c1c(OC)cc(O)c3c(O)c4c(cc13)C[C@](C)(O)CC4=O)C(=O)c1c(O)cc(C)cc1C2=O
Mol_08294	Mol_08294::M01	para_quinone	michael_acceptor	22;21;18;17;31;32;30;23	17;18;23;30	COc1cc(O)c2c(O)c3c(c(-c4c(OC)cc5c(c4O)C(=O)c4c(O)cc(C)cc4C5=O)c2c1)CC(C)(O)CC3=O
Mol_08310	Mol_08310::M01	enone_ketone_acyclic	michael_acceptor	8;9;10;11;12	8	CC(C)=CCc1cc(/C=C/C(=O)c2ccc(O)cc2O)cc(O)c1O
Mol_08310	Mol_08310::M02	chalcone	michael_acceptor	12;10;11;9;8;7	8	CC(C)=CCc1cc(/C=C/C(=O)c2ccc(O)cc2O)cc(O)c1O
Mol_08312	Mol_08312::M01	enone_ketone_acyclic	michael_acceptor	5;6;7;8;9	5	COc1cc(/C=C/C(=O)c2ccc(O)cc2O)ccc1O
Mol_08312	Mol_08312::M02	chalcone	michael_acceptor	9;7;8;6;5;4	5	COc1cc(/C=C/C(=O)c2ccc(O)cc2O)ccc1O
Mol_08313	Mol_08313::M01	enone_ketone_acyclic	michael_acceptor	8;9;10;11;12	8	CC(C)=CCc1cc(/C=C/C(=O)c2ccc(O)cc2O)ccc1O
Mol_08313	Mol_08313::M02	chalcone	michael_acceptor	12;10;11;9;8;7	8	CC(C)=CCc1cc(/C=C/C(=O)c2ccc(O)cc2O)ccc1O
Mol_08338	Mol_08338::M01	enone_ketone_acyclic	michael_acceptor	8;9;10;11;12	8	CC(C)=CCc1cc(/C=C/C(=O)c2ccc(O)cc2O)cc(CC=C(C)C)c1O
Mol_08338	Mol_08338::M02	chalcone	michael_acceptor	12;10;11;9;8;7	8	CC(C)=CCc1cc(/C=C/C(=O)c2ccc(O)cc2O)cc(CC=C(C)C)c1O
Mol_08381	Mol_08381::M01	enone_cyclic	michael_acceptor	22;21;27;28;24	22	COc1cc(OC)c2c(=O)cc(-c3ccccc3)oc2c1C1=COC(C)(C)C1=O
Mol_08422	Mol_08422::M01	enone_ketone_acyclic	michael_acceptor	6;7;8;9;10	6	COc1ccc(/C=C/C(=O)c2c(O)cc(OC)c(OC)c2OC)cc1
Mol_08422	Mol_08422::M02	chalcone	michael_acceptor	10;8;9;7;6;5	6	COc1ccc(/C=C/C(=O)c2c(O)cc(OC)c(OC)c2OC)cc1
Mol_08448	Mol_08448::M01	acrylate_ester	michael_acceptor	5;6;7;8;9;10	5	COc1cc(/C=C/C(=O)O[C@H]2[C@H](O)[C@H](O)C(OC[C@H]3OC(Oc4c(-c5ccc(O)cc5)oc5cc(OC6O[C@H](C)[C@@H](O)[C@H](O)[C@@H]6O)c(OC)c(O)c5c4=O)[C@H](OC4O[C@H](C)[C@@H](O)[C@H](O)[C@@H]4O)[C@@H](O)[C@H]3O)O[C@@H]2C)ccc1O
Mol_08474	Mol_08474::M01	enone_ketone_acyclic	michael_acceptor	12;11;9;10;8	12	COc1cc2c(c(O)c1C(=O)/C=C/c1ccccc1)C=CC(C)(C)O2
Mol_08474	Mol_08474::M02	chalcone	michael_acceptor	8;9;10;11;12;13	12	COc1cc2c(c(O)c1C(=O)/C=C/c1ccccc1)C=CC(C)(C)O2
Mol_08507	Mol_08507::M01	aldehyde	reversible_carbonyl	20;21;22	21	COc1ccc(-c2coc3cc(O)cc(O)c3c2=O)cc1C=O
Mol_08589	Mol_08589::M01	acrylate_ester	michael_acceptor	1;2;20;21;19;18	1	C/C=C1\C[C@@H](C)[C@@](C)(O)C(=O)OCC2=CCN3C[C@@H](OC1=O)[C@@H](O)C23
Mol_08590	Mol_08590::M01	acrylate_ester	michael_acceptor	1;2;22;23;21;20	1	C/C=C1/C[C@@H](C)[C@@](C)(O)C(=O)OCC2=CCN3C[C@@H](O)[C@@H](OC1=O)[C@@H]23
Mol_08593	Mol_08593::M01	acrylate_ester	michael_acceptor	1;2;4;5;6;7	1	C/C=C(/C)C(=O)O[C@]1(C)C(=O)OCC2=CCN3CC[C@H](OC(=O)/C(=C\C)C[C@@H]1C)C23
Mol_08593	Mol_08593::M02	acrylate_ester	michael_acceptor	24;23;21;22;20;19	24	C/C=C(/C)C(=O)O[C@]1(C)C(=O)OCC2=CCN3CC[C@H](OC(=O)/C(=C\C)C[C@@H]1C)C23
Mol_08613	Mol_08613::M01	acrylate_ester	michael_acceptor	1;2;4;5;6;7	1	C/C=C(\C)C(=O)OC1CCN2CC=C(C(O)O)C12
Mol_08615	Mol_08615::M01	acrylate_ester	michael_acceptor	0;1;2;3;4;5	0	C=C1C(=O)O[C@H]2CCN3CC=C(COC(=O)[C@@](C)(OC(C)=O)[C@H](C)[C@@H]1C)C23
Mol_08623	Mol_08623::M01	acrylate_ester	michael_acceptor	1;2;23;24;22;21	1	C/C=C1/C[C@@H](C)[C@](O)(CO)C(=O)OCC2=CC[N+]3(C)CC[C@@H](OC1=O)[C@@]23O
Mol_08631	Mol_08631::M01	acrylate_ester	michael_acceptor	1;2;4;5;6;7	1	C/C=C(/C)C(=O)OCC1=CC[N+]2([O-])CC[C@@H](O)[C@@H]12
Mol_08654	Mol_08654::M01	enone_cyclic	michael_acceptor	2;3;6;7;8	2	COC1=C(OC)C(=O)C(C2COc3c(ccc(O)c3OC)C2)=CC1=O
Mol_08654	Mol_08654::M02	enone_cyclic	michael_acceptor	3;2;23;24;22	3	COC1=C(OC)C(=O)C(C2COc3c(ccc(O)c3OC)C2)=CC1=O
Mol_08654	Mol_08654::M03	enone_cyclic	michael_acceptor	8;22;23;24;2	8	COC1=C(OC)C(=O)C(C2COc3c(ccc(O)c3OC)C2)=CC1=O
Mol_08654	Mol_08654::M04	enone_cyclic	michael_acceptor	22;8;6;7;3	22	COC1=C(OC)C(=O)C(C2COc3c(ccc(O)c3OC)C2)=CC1=O
Mol_08654	Mol_08654::M05	para_quinone	michael_acceptor	7;6;3;2;23;24;22;8	2;3;8;22	COC1=C(OC)C(=O)C(C2COc3c(ccc(O)c3OC)C2)=CC1=O
Mol_08655	Mol_08655::M01	enone_cyclic	michael_acceptor	2;3;6;7;8	2	COC1=C(OC)C(=O)C(C2COc3cc(O)ccc3C2)=CC1=O
Mol_08655	Mol_08655::M02	enone_cyclic	michael_acceptor	3;2;21;22;20	3	COC1=C(OC)C(=O)C(C2COc3cc(O)ccc3C2)=CC1=O
Mol_08655	Mol_08655::M03	enone_cyclic	michael_acceptor	8;20;21;22;2	8	COC1=C(OC)C(=O)C(C2COc3cc(O)ccc3C2)=CC1=O
Mol_08655	Mol_08655::M04	enone_cyclic	michael_acceptor	20;8;6;7;3	20	COC1=C(OC)C(=O)C(C2COc3cc(O)ccc3C2)=CC1=O
Mol_08655	Mol_08655::M05	para_quinone	michael_acceptor	7;6;3;2;21;22;20;8	2;3;8;20	COC1=C(OC)C(=O)C(C2COc3cc(O)ccc3C2)=CC1=O
Mol_08662	Mol_08662::M01	vinyl_nitrile	michael_acceptor	3;2;1;0	3	N#C/C=C1/C=C[C@@H](O)[C@H](O)[C@H]1O[C@@H]1O[C@H](CO)[C@@H](O)[C@H](O)[C@H]1O
Mol_08662	Mol_08662::M02	nitrile	addition_to_CN	2;1;0	1	N#C/C=C1/C=C[C@@H](O)[C@H](O)[C@H]1O[C@@H]1O[C@H](CO)[C@@H](O)[C@H](O)[C@H]1O
Mol_08692	Mol_08692::M01	para_quinone	michael_acceptor	10;9;7;6;20;21;19;11	6;7;11;19	COc1cc(O)c2c(c1)C(=O)c1cc(CO)cc(O)c1C2=O
Mol_08694	Mol_08694::M01	para_quinone	michael_acceptor	12;11;9;8;20;21;19;13	8;9;13;19	COC(=O)c1cc(O)c2c(c1)C(=O)c1cccc(O)c1C2=O
Mol_08695	Mol_08695::M01	para_quinone	michael_acceptor	10;9;7;6;21;22;20;11	6;7;11;20	COc1cc(O)c2c(c1)C(=O)c1cc(C(=O)O)cc(O)c1C2=O
Mol_08696	Mol_08696::M01	para_quinone	michael_acceptor	12;11;9;8;22;23;21;13	8;9;13;21	COC(=O)c1cc(O)c2c(c1)C(=O)c1cc(OC)cc(O)c1C2=O
Mol_08706	Mol_08706::M01	enone_cyclic	michael_acceptor	19;18;16;17;13	19	COc1cc2c(cc1C)C(=O)CC1C(C)(C)C(=O)C=C[C@]21C
Mol_08707	Mol_08707::M01	enone_cyclic	michael_acceptor	29;30;31;32;33	29	CC1(C)C(=O)CC[C@@]2(C)C3=C(CC[C@H]12)[C@@H]1[C@H]2[C@]4(CC[C@@H]5C(C)(C)[C@@H](O)CC[C@@]5(C)C4=CC(=O)[C@@]2(C)O)[C@@H]3C(=O)C1(C)O
Mol_08708	Mol_08708::M01	enone_cyclic	michael_acceptor	8;9;10;11;12	8	C=C[C@]1(C)CC[C@@]2(C)C3=CC(=O)[C@H](O)C(C)(C)[C@@H]3CC[C@@H]2C1
Mol_08710	Mol_08710::M01	enone_cyclic	michael_acceptor	8;9;10;11;12	8	C=C[C@]1(C)CC[C@@]2(C)C3=CC(=O)[C@H](O)C(C)(CO)[C@@H]3CC[C@@H]2C1
Mol_08711	Mol_08711::M01	enone_cyclic	michael_acceptor	8;9;10;11;12	8	C=C[C@@]1(C)CC[C@]2(C)C3=CC(=O)[C@@H](O)[C@@H](CO)[C@H]3CC[C@H]2C1
Mol_08714	Mol_08714::M01	enone_cyclic	michael_acceptor	29;30;31;32;33	29	CC1(C)C(=O)CC[C@]2(C)C3=C(CC[C@@H]12)[C@H]1[C@@H]2[C@]4(CC[C@H]5C(C)(C)[C@H](O)CC[C@]5(C)C4=CC(=O)[C@]2(C)O)[C@@H]3C(=O)[C@]1(C)O
Mol_08717	Mol_08717::M01	enone_cyclic	michael_acceptor	9;10;11;12;13	9	CC1(C)[C@H](O)CC[C@]2(C)C3=CC(=O)[C@](C)(O)[C@@H]4[C@@H]5C6=C([C@@H](C(=O)[C@]5(C)O)[C@]34CC[C@@H]12)[C@@]1(C)CC[C@H](O)C(C)(C)[C@@H]1CC6
Mol_08727	Mol_08727::M01	acrylate_ester	michael_acceptor	17;18;19;20;21;22	17	C=C[C@@H]1[C@@H](O[C@@H]2O[C@H](CO)[C@@H](O)[C@H](O)[C@H]2O)OC=C(C(=O)OC2C[C@@H]3C(C(=O)OC)=COC(O[C@@H]4O[C@H](CO)[C@@H](O)[C@H](O)[C@H]4O)[C@@H]3[C@H]2C)[C@@H]1CC(OC)OC
Mol_08727	Mol_08727::M02	acrylate_ester	michael_acceptor	30;25;26;27;28;29	30	C=C[C@@H]1[C@@H](O[C@@H]2O[C@H](CO)[C@@H](O)[C@H](O)[C@H]2O)OC=C(C(=O)OC2C[C@@H]3C(C(=O)OC)=COC(O[C@@H]4O[C@H](CO)[C@@H](O)[C@H](O)[C@H]4O)[C@@H]3[C@H]2C)[C@@H]1CC(OC)OC
Mol_08730	Mol_08730::M01	acrylic_acid	michael_acceptor	17;18;19;20;21	17	C[C@@H]1[C@H]2[C@H](O[C@@H]3O[C@H](CO)[C@@H](O)[C@H](O)[C@H]3O)OC=C(C(=O)O)[C@H]2C[C@@H]1O
Mol_08731	Mol_08731::M01	acrylate_ester	michael_acceptor	5;4;2;3;1;0	5	COC(=O)C1=CO[C@@H](O[C@@H]2O[C@H](CO)[C@@H](O)[C@H](O)[C@H]2O)[C@@H]2[C@H](C)OC(O)C[C@H]12
Mol_08732	Mol_08732::M01	acrylate_ester	michael_acceptor	5;4;2;3;1;0	5	COC(=O)C1=COC2OC3CC1C2C(C)O3
Mol_08741	Mol_08741::M01	aldehyde	reversible_carbonyl	12;13;14	13	Cc1cc2c(C(C)C)c(O)c(O)c(C=O)c2c(O)c1-c1c(C)cc2c(C(C)C)c(O)c(O)c(C=O)c2c1O
Mol_08741	Mol_08741::M02	aldehyde	reversible_carbonyl	32;33;34	33	Cc1cc2c(C(C)C)c(O)c(O)c(C=O)c2c(O)c1-c1c(C)cc2c(C(C)C)c(O)c(O)c(C=O)c2c1O
Mol_08742	Mol_08742::M01	aldehyde	reversible_carbonyl	5;6;7	6	COc1c(O)c(C=O)c2c(O)c(-c3c(C)cc4c(C(C)C)c(O)c(O)c(C=O)c4c3O)c(C)cc2c1C(C)C
Mol_08742	Mol_08742::M02	aldehyde	reversible_carbonyl	25;26;27	26	COc1c(O)c(C=O)c2c(O)c(-c3c(C)cc4c(C(C)C)c(O)c(O)c(C=O)c4c3O)c(C)cc2c1C(C)C
Mol_08743	Mol_08743::M01	aldehyde	reversible_carbonyl	5;6;7	6	COc1c(O)c(C=O)c2c(O)c(-c3c(C)cc4c(C(C)C)c(OC)c(O)c(C=O)c4c3O)c(C)cc2c1C(C)C
Mol_08743	Mol_08743::M02	aldehyde	reversible_carbonyl	26;27;28	27	COc1c(O)c(C=O)c2c(O)c(-c3c(C)cc4c(C(C)C)c(OC)c(O)c(C=O)c4c3O)c(C)cc2c1C(C)C
Mol_08744	Mol_08744::M01	acrylate_ester	michael_acceptor	26;25;23;24;22;21	26	CCCCCCCCCCCCCCCCCCCCCCOC(=O)/C=C/c1ccc(O)c(O)c1
Mol_08751	Mol_08751::M01	acrylate_ester	michael_acceptor	1;2;4;5;6;7	1	C/C=C(\C)C(=O)O[C@H]1C[C@@H](OC(C)=O)[C@@](C)(OC(C)=O)C2C[C@@H](OC(C)=O)[C@]3(C)C([C@@H](OC(C)=O)[C@H](OC(=O)C(C)C)[C@@]4(C)[C@H](c5ccoc5)C[C@H]5O[C@]543)[C@]21C
Mol_08751	Mol_08751::M02	epoxide	sn2_ring_opening	51;52;53	51;53	C/C=C(\C)C(=O)O[C@H]1C[C@@H](OC(C)=O)[C@@](C)(OC(C)=O)C2C[C@@H](OC(C)=O)[C@]3(C)C([C@@H](OC(C)=O)[C@H](OC(=O)C(C)C)[C@@]4(C)[C@H](c5ccoc5)C[C@H]5O[C@]543)[C@]21C
Mol_08753	Mol_08753::M01	epoxide	sn2_ring_opening	22;23;24	22;24	CC(=O)O[C@@H]1[C@@H]2[C@@]34CC(=O)C[C@@H]3OC(C)(C)[C@@H]4CC(=O)[C@@]2(C)[C@@]23O[C@@H]2C[C@@H](c2ccoc2)[C@]3(C)[C@H]1OC(C)=O
Mol_08754	Mol_08754::M01	epoxide	sn2_ring_opening	34;35;36	34;36	CC(=O)OC1C[C@H]2C(C)(C)O[C@H]3CC(=O)C[C@]32[C@H]2[C@@H](O)[C@H](OC(C)=O)[C@@]3(C)[C@H](c4ccoc4)C[C@H]4O[C@]43[C@]12C
Mol_08756	Mol_08756::M01	epoxide	sn2_ring_opening	19;20;21	19;21	CC(=O)OC1C(OC(C)=O)[C@@]2(C)[C@H](c3ccoc3)C[C@H]3O[C@]32[C@]2(C)C(=O)C[C@H]3C(C)(C)O[C@H]4C(=O)CC[C@]43[C@@H]12
Mol_08759	Mol_08759::M01	epoxide	sn2_ring_opening	29;30;31	29;31	CC1(C)C(=O)CC[C@@]2(C)C1CC(=O)[C@]1(C)C2CC[C@@]2(C)[C@H](c3ccoc3)OC(=O)[C@H]3O[C@]321
Mol_08760	Mol_08760::M01	acrylate_ester	michael_acceptor	1;2;4;5;6;7	1	C/C=C(/C)C(=O)O[C@@H]1C2CC3=C4CC(=O)O[C@@H](c5ccoc5)[C@]4(C)CCC3C(C2=O)[C@@H](CC(=O)OC)C1(C)C
Mol_08773	Mol_08773::M01	enone_cyclic	michael_acceptor	13;14;15;16;17	13	CC1(C)CC[C@]2(C(=O)O)CC[C@]3(C)C(=CC(=O)[C@@H]4[C@@]5(C)CCC(=O)C(C)(C)C5CC[C@]43C)[C@H]2C1
Mol_08778	Mol_08778::M01	enone_cyclic	michael_acceptor	13;12;10;11;7	13	CC(=O)O[C@H]1C[C@@H]2C(C)(C)C(=O)C=C[C@@]2(C)[C@@H]2CC[C@]3(C)[C@@H](c4ccoc4)CC(=O)[C@@H]3[C@@]12C
Mol_08790	Mol_08790::M01	acrylate_ester	michael_acceptor	30;29;34;35;33;31	30	CC(=O)O[C@H]1C[C@@H]2[C@@]3(C)C=CC(=O)C(C)(C)[C@@H]3C[C@@H](OC(C)=O)[C@@]2(C)C2=CC[C@@H](C3=CC(O)OC3=O)[C@@]21C
Mol_08790	Mol_08790::M02	enone_cyclic	michael_acceptor	9;10;11;12;13	9	CC(=O)O[C@H]1C[C@@H]2[C@@]3(C)C=CC(=O)C(C)(C)[C@@H]3C[C@@H](OC(C)=O)[C@@]2(C)C2=CC[C@@H](C3=CC(O)OC3=O)[C@@]21C
Mol_08790	Mol_08790::M03	unsat_lactone	michael_acceptor	33;34;35;29;30	30	CC(=O)O[C@H]1C[C@@H]2[C@@]3(C)C=CC(=O)C(C)(C)[C@@H]3C[C@@H](OC(C)=O)[C@@]2(C)C2=CC[C@@H](C3=CC(O)OC3=O)[C@@]21C
Mol_08791	Mol_08791::M01	acrylate_ester	michael_acceptor	27;26;31;32;30;28	27	CC(=O)O[C@H]1C[C@@H]2[C@@]3(C)C=CC(=O)C(C)(C)[C@@H]3C[C@@H](O)[C@@]2(C)C2=CC[C@@H](C3=CC(O)OC3=O)[C@@]21C
Mol_08791	Mol_08791::M02	enone_cyclic	michael_acceptor	9;10;11;12;13	9	CC(=O)O[C@H]1C[C@@H]2[C@@]3(C)C=CC(=O)C(C)(C)[C@@H]3C[C@@H](O)[C@@]2(C)C2=CC[C@@H](C3=CC(O)OC3=O)[C@@]21C
Mol_08791	Mol_08791::M03	unsat_lactone	michael_acceptor	30;31;32;26;27	27	CC(=O)O[C@H]1C[C@@H]2[C@@]3(C)C=CC(=O)C(C)(C)[C@@H]3C[C@@H](O)[C@@]2(C)C2=CC[C@@H](C3=CC(O)OC3=O)[C@@]21C
Mol_08793	Mol_08793::M01	acrylate_ester	michael_acceptor	26;27;28;29;30;31	26	CC(=O)O[C@H]1C[C@@H]2[C@@]3(C)C=CC(=O)C(C)(C)[C@@H]3C[C@@H](O)[C@@]2(C)C2=CC[C@@H](C3=CC(=O)OC3O)[C@@]21C
Mol_08793	Mol_08793::M02	enone_cyclic	michael_acceptor	9;10;11;12;13	9	CC(=O)O[C@H]1C[C@@H]2[C@@]3(C)C=CC(=O)C(C)(C)[C@@H]3C[C@@H](O)[C@@]2(C)C2=CC[C@@H](C3=CC(=O)OC3O)[C@@]21C
Mol_08793	Mol_08793::M03	unsat_lactone	michael_acceptor	30;28;29;27;26	26	CC(=O)O[C@H]1C[C@@H]2[C@@]3(C)C=CC(=O)C(C)(C)[C@@H]3C[C@@H](O)[C@@]2(C)C2=CC[C@@H](C3=CC(=O)OC3O)[C@@]21C
Mol_08795	Mol_08795::M01	acrylate_ester	michael_acceptor	29;30;31;32;33;34	29	CC(=O)O[C@H]1C[C@@H]2[C@@]3(C)C=CC(=O)C(C)(C)[C@@H]3C[C@@H](OC(C)=O)[C@@]2(C)C2=CC[C@@H](C3=CC(=O)OC3O)[C@@]21C
Mol_08795	Mol_08795::M02	enone_cyclic	michael_acceptor	9;10;11;12;13	9	CC(=O)O[C@H]1C[C@@H]2[C@@]3(C)C=CC(=O)C(C)(C)[C@@H]3C[C@@H](OC(C)=O)[C@@]2(C)C2=CC[C@@H](C3=CC(=O)OC3O)[C@@]21C
Mol_08795	Mol_08795::M03	unsat_lactone	michael_acceptor	33;31;32;30;29	29	CC(=O)O[C@H]1C[C@@H]2[C@@]3(C)C=CC(=O)C(C)(C)[C@@H]3C[C@@H](OC(C)=O)[C@@]2(C)C2=CC[C@@H](C3=CC(=O)OC3O)[C@@]21C
Mol_08797	Mol_08797::M01	acrylate_ester	michael_acceptor	29;30;31;32;33;34	29	COC(=O)C[C@H]1C(C)(C)C(=O)C=C[C@]1(C)[C@H]1[C@@H](OC(C)=O)[C@H](OC(C)=O)[C@@]2(C)[C@H](C3=CC(=O)OC3O)C[C@H]3O[C@]32C1(C)C
Mol_08797	Mol_08797::M02	enone_cyclic	michael_acceptor	12;11;9;10;6	12	COC(=O)C[C@H]1C(C)(C)C(=O)C=C[C@]1(C)[C@H]1[C@@H](OC(C)=O)[C@H](OC(C)=O)[C@@]2(C)[C@H](C3=CC(=O)OC3O)C[C@H]3O[C@]32C1(C)C
Mol_08797	Mol_08797::M03	unsat_lactone	michael_acceptor	33;31;32;30;29	29	COC(=O)C[C@H]1C(C)(C)C(=O)C=C[C@]1(C)[C@H]1[C@@H](OC(C)=O)[C@H](OC(C)=O)[C@@]2(C)[C@H](C3=CC(=O)OC3O)C[C@H]3O[C@]32C1(C)C
Mol_08797	Mol_08797::M04	epoxide	sn2_ring_opening	37;38;39	37;39	COC(=O)C[C@H]1C(C)(C)C(=O)C=C[C@]1(C)[C@H]1[C@@H](OC(C)=O)[C@H](OC(C)=O)[C@@]2(C)[C@H](C3=CC(=O)OC3O)C[C@H]3O[C@]32C1(C)C
Mol_08798	Mol_08798::M01	acrylate_ester	michael_acceptor	30;29;34;35;33;31	30	COC(=O)C[C@H]1C(C)(C)C(=O)C=C[C@]1(C)[C@H]1[C@@H](OC(C)=O)[C@H](OC(C)=O)[C@@]2(C)[C@H](C3=CC(O)OC3=O)C[C@H]3O[C@]32C1(C)C
Mol_08798	Mol_08798::M02	enone_cyclic	michael_acceptor	12;11;9;10;6	12	COC(=O)C[C@H]1C(C)(C)C(=O)C=C[C@]1(C)[C@H]1[C@@H](OC(C)=O)[C@H](OC(C)=O)[C@@]2(C)[C@H](C3=CC(O)OC3=O)C[C@H]3O[C@]32C1(C)C
Mol_08798	Mol_08798::M03	unsat_lactone	michael_acceptor	33;34;35;29;30	30	COC(=O)C[C@H]1C(C)(C)C(=O)C=C[C@]1(C)[C@H]1[C@@H](OC(C)=O)[C@H](OC(C)=O)[C@@]2(C)[C@H](C3=CC(O)OC3=O)C[C@H]3O[C@]32C1(C)C
Mol_08798	Mol_08798::M04	epoxide	sn2_ring_opening	37;38;39	37;39	COC(=O)C[C@H]1C(C)(C)C(=O)C=C[C@]1(C)[C@H]1[C@@H](OC(C)=O)[C@H](OC(C)=O)[C@@]2(C)[C@H](C3=CC(O)OC3=O)C[C@H]3O[C@]32C1(C)C
Mol_08799	Mol_08799::M01	acrylamide	michael_acceptor	27;26;30;31;29	27	CC(=O)O[C@H]1C[C@@H]2[C@@]3(C)C=CC(=O)C(C)(C)[C@@H]3C[C@@H](O)[C@@]2(C)C2=CC[C@@H](C3=CCNC3=O)[C@@]21C
Mol_08799	Mol_08799::M02	enone_cyclic	michael_acceptor	9;10;11;12;13	9	CC(=O)O[C@H]1C[C@@H]2[C@@]3(C)C=CC(=O)C(C)(C)[C@@H]3C[C@@H](O)[C@@]2(C)C2=CC[C@@H](C3=CCNC3=O)[C@@]21C
Mol_08816	Mol_08816::M01	enone_cyclic	michael_acceptor	13;12;10;11;7	13	CC(=O)O[C@@H]1C[C@H]2C(C)(C)C(=O)C=C[C@]2(C)[C@H]2CC[C@]3(C)C(=CC[C@H]3c3ccoc3)[C@@]21C
Mol_08817	Mol_08817::M01	enone_cyclic	michael_acceptor	10;11;12;13;14	10	CC(=O)O[C@]12CC[C@H]3[C@]4(C)C=CC(=O)C(C)(C)[C@H]4C[C@H](O)[C@]3(C)C1=CC[C@@H]2c1ccoc1
Mol_08819	Mol_08819::M01	enone_cyclic	michael_acceptor	5;6;7;8;9	5	C=C1[C@@H]([C@@]2(C)C=CC(=O)C(C)(C)[C@@H]2CC(=O)OC)[C@@H](OC(C)=O)[C@H](OC(C)=O)[C@@]2(C)[C@H](c3ccoc3)C[C@H]3O[C@]132
Mol_08819	Mol_08819::M02	epoxide	sn2_ring_opening	37;38;39	37;39	C=C1[C@@H]([C@@]2(C)C=CC(=O)C(C)(C)[C@@H]2CC(=O)OC)[C@@H](OC(C)=O)[C@H](OC(C)=O)[C@@]2(C)[C@H](c3ccoc3)C[C@H]3O[C@]132
Mol_08820	Mol_08820::M01	acrylate_ester	michael_acceptor	26;25;30;31;29;27	26	CC(=O)O[C@@H]1C[C@H]2C(C)(C)C(=O)C=C[C@]2(C)[C@H]2CC[C@]3(C)C(=CC[C@H]3C3=CC(O)OC3=O)[C@@]21C
Mol_08820	Mol_08820::M02	enone_cyclic	michael_acceptor	13;12;10;11;7	13	CC(=O)O[C@@H]1C[C@H]2C(C)(C)C(=O)C=C[C@]2(C)[C@H]2CC[C@]3(C)C(=CC[C@H]3C3=CC(O)OC3=O)[C@@]21C
Mol_08820	Mol_08820::M03	unsat_lactone	michael_acceptor	29;30;31;25;26	26	CC(=O)O[C@@H]1C[C@H]2C(C)(C)C(=O)C=C[C@]2(C)[C@H]2CC[C@]3(C)C(=CC[C@H]3C3=CC(O)OC3=O)[C@@]21C
Mol_08825	Mol_08825::M01	acrylate_ester	michael_acceptor	1;2;4;5;6;7	1	C/C=C(\C)C(=O)O[C@H]1[C@H]2OC[C@@]3(C)C(OC(C)=O)C[C@@H](OC(C)=O)[C@@](C)([C@@H]4CC[C@@]5(C)C(=CC[C@@H]5c5ccoc5)[C@]41C)[C@H]23
Mol_08826	Mol_08826::M01	epoxide	sn2_ring_opening	5;6;7	5;7	C[C@@H](C[C@@H](O)[C@@H]1OC1(C)C)[C@@H]1CC[C@]2(C)C3=CC[C@H]4C(C)(C)C(=O)CC[C@]4(C)[C@H]3CC[C@@]12C
Mol_08937	Mol_08937::M01	aldehyde	reversible_carbonyl	2;1;0	1	O=Cc1ccc(OC2OC(CO)C(O)C(O)C2O)cc1
Mol_08952	Mol_08952::M01	enone_cyclic	michael_acceptor	11;12;14;15;16	11	CCCCCCCCCCCC1=C(O)C(=O)C(C(C)C2=C(O)C(=O)C(CCCCCCCCCCC)=C(O)C2=O)=C(O)C1=O
Mol_08952	Mol_08952::M02	enone_cyclic	michael_acceptor	12;11;42;43;40	12	CCCCCCCCCCCC1=C(O)C(=O)C(C(C)C2=C(O)C(=O)C(CCCCCCCCCCC)=C(O)C2=O)=C(O)C1=O
Mol_08952	Mol_08952::M03	enone_cyclic	michael_acceptor	16;40;42;43;11	16	CCCCCCCCCCCC1=C(O)C(=O)C(C(C)C2=C(O)C(=O)C(CCCCCCCCCCC)=C(O)C2=O)=C(O)C1=O
Mol_08952	Mol_08952::M04	enone_cyclic	michael_acceptor	19;20;22;23;24	19	CCCCCCCCCCCC1=C(O)C(=O)C(C(C)C2=C(O)C(=O)C(CCCCCCCCCCC)=C(O)C2=O)=C(O)C1=O
Mol_08952	Mol_08952::M05	enone_cyclic	michael_acceptor	20;19;38;39;36	20	CCCCCCCCCCCC1=C(O)C(=O)C(C(C)C2=C(O)C(=O)C(CCCCCCCCCCC)=C(O)C2=O)=C(O)C1=O
Mol_08952	Mol_08952::M06	enone_cyclic	michael_acceptor	24;36;38;39;19	24	CCCCCCCCCCCC1=C(O)C(=O)C(C(C)C2=C(O)C(=O)C(CCCCCCCCCCC)=C(O)C2=O)=C(O)C1=O
Mol_08952	Mol_08952::M07	enone_cyclic	michael_acceptor	36;24;22;23;20	36	CCCCCCCCCCCC1=C(O)C(=O)C(C(C)C2=C(O)C(=O)C(CCCCCCCCCCC)=C(O)C2=O)=C(O)C1=O
Mol_08952	Mol_08952::M08	enone_cyclic	michael_acceptor	40;16;14;15;12	40	CCCCCCCCCCCC1=C(O)C(=O)C(C(C)C2=C(O)C(=O)C(CCCCCCCCCCC)=C(O)C2=O)=C(O)C1=O
Mol_08952	Mol_08952::M09	para_quinone	michael_acceptor	15;14;12;11;42;43;40;16	11;12;16;40	CCCCCCCCCCCC1=C(O)C(=O)C(C(C)C2=C(O)C(=O)C(CCCCCCCCCCC)=C(O)C2=O)=C(O)C1=O
Mol_08952	Mol_08952::M10	para_quinone	michael_acceptor	23;22;20;19;38;39;36;24	19;20;24;36	CCCCCCCCCCCC1=C(O)C(=O)C(C(C)C2=C(O)C(=O)C(CCCCCCCCCCC)=C(O)C2=O)=C(O)C1=O
Mol_08953	Mol_08953::M01	enone_cyclic	michael_acceptor	11;12;14;15;16	11	CCCCCCCCCCCC1=C(O)C(=O)C(C)=C(O)C1=O
Mol_08953	Mol_08953::M02	enone_cyclic	michael_acceptor	12;11;20;21;18	12	CCCCCCCCCCCC1=C(O)C(=O)C(C)=C(O)C1=O
Mol_08953	Mol_08953::M03	enone_cyclic	michael_acceptor	16;18;20;21;11	16	CCCCCCCCCCCC1=C(O)C(=O)C(C)=C(O)C1=O
Mol_08953	Mol_08953::M04	enone_cyclic	michael_acceptor	18;16;14;15;12	18	CCCCCCCCCCCC1=C(O)C(=O)C(C)=C(O)C1=O
Mol_08953	Mol_08953::M05	para_quinone	michael_acceptor	15;14;12;11;20;21;18;16	11;12;16;18	CCCCCCCCCCCC1=C(O)C(=O)C(C)=C(O)C1=O
Mol_08955	Mol_08955::M01	enone_cyclic	michael_acceptor	11;12;14;15;16	11	CCCCCCCCCCCC1=C(O)C(=O)C(C)=C(OC)C1=O
Mol_08955	Mol_08955::M02	enone_cyclic	michael_acceptor	12;11;21;22;18	12	CCCCCCCCCCCC1=C(O)C(=O)C(C)=C(OC)C1=O
Mol_08955	Mol_08955::M03	enone_cyclic	michael_acceptor	16;18;21;22;11	16	CCCCCCCCCCCC1=C(O)C(=O)C(C)=C(OC)C1=O
Mol_08955	Mol_08955::M04	enone_cyclic	michael_acceptor	18;16;14;15;12	18	CCCCCCCCCCCC1=C(O)C(=O)C(C)=C(OC)C1=O
Mol_08955	Mol_08955::M05	para_quinone	michael_acceptor	15;14;12;11;21;22;18;16	11;12;16;18	CCCCCCCCCCCC1=C(O)C(=O)C(C)=C(OC)C1=O
Mol_08983	Mol_08983::M01	enone_cyclic	michael_acceptor	15;16;18;19;20	15	CCCC/C=C\CCCCCCCCCC1=C(O)C(=O)C=C(OC)C1=O
Mol_08983	Mol_08983::M02	enone_cyclic	michael_acceptor	16;15;24;25;21	16	CCCC/C=C\CCCCCCCCCC1=C(O)C(=O)C=C(OC)C1=O
Mol_08983	Mol_08983::M03	enone_cyclic	michael_acceptor	20;21;24;25;15	20	CCCC/C=C\CCCCCCCCCC1=C(O)C(=O)C=C(OC)C1=O
Mol_08983	Mol_08983::M04	enone_cyclic	michael_acceptor	21;20;18;19;16	21	CCCC/C=C\CCCCCCCCCC1=C(O)C(=O)C=C(OC)C1=O
Mol_08983	Mol_08983::M05	para_quinone	michael_acceptor	19;18;16;15;24;25;21;20	15;16;20;21	CCCC/C=C\CCCCCCCCCC1=C(O)C(=O)C=C(OC)C1=O
Mol_08984	Mol_08984::M01	enone_cyclic	michael_acceptor	15;16;18;19;20	15	CCCC/C=C\CCCCCCCCCC1=C(O)C(=O)C(C)=C(O)C1=O
Mol_08984	Mol_08984::M02	enone_cyclic	michael_acceptor	16;15;24;25;22	16	CCCC/C=C\CCCCCCCCCC1=C(O)C(=O)C(C)=C(O)C1=O
Mol_08984	Mol_08984::M03	enone_cyclic	michael_acceptor	20;22;24;25;15	20	CCCC/C=C\CCCCCCCCCC1=C(O)C(=O)C(C)=C(O)C1=O
Mol_08984	Mol_08984::M04	enone_cyclic	michael_acceptor	22;20;18;19;16	22	CCCC/C=C\CCCCCCCCCC1=C(O)C(=O)C(C)=C(O)C1=O
Mol_08984	Mol_08984::M05	para_quinone	michael_acceptor	19;18;16;15;24;25;22;20	15;16;20;22	CCCC/C=C\CCCCCCCCCC1=C(O)C(=O)C(C)=C(O)C1=O
Mol_09001	Mol_09001::M01	enone_ketone_acyclic	michael_acceptor	13;12;10;11;9	13	COC1=CC(O)=CC(O)C1C(=O)/C=C/c1ccccc1
Mol_09004	Mol_09004::M01	enone_ketone_acyclic	michael_acceptor	12;11;9;10;8	12	COc1c(O)c(OC)c(C(=O)/C=C/c2ccccc2)c(O)c1OC
Mol_09004	Mol_09004::M02	chalcone	michael_acceptor	8;9;10;11;12;13	12	COc1c(O)c(OC)c(C(=O)/C=C/c2ccccc2)c(O)c1OC
Mol_09006	Mol_09006::M01	enone_ketone_acyclic	michael_acceptor	15;14;12;13;11	15	COc1cc(O)c(OC)c(O)c1C(=O)/C=C/c1ccccc1
Mol_09006	Mol_09006::M02	chalcone	michael_acceptor	11;12;13;14;15;16	15	COc1cc(O)c(OC)c(O)c1C(=O)/C=C/c1ccccc1
Mol_09007	Mol_09007::M01	enone_ketone_acyclic	michael_acceptor	10;9;7;8;6	10	COc1cc(O)c(C(=O)/C=C/c2ccccc2)c(O)c1OC
Mol_09007	Mol_09007::M02	chalcone	michael_acceptor	6;7;8;9;10;11	10	COc1cc(O)c(C(=O)/C=C/c2ccccc2)c(O)c1OC
Mol_09008	Mol_09008::M01	enone_ketone_acyclic	michael_acceptor	11;9;7;8;6	11	COc1cc(O)c(C(=O)/C(O)=C/c2ccccc2)c(OC)c1
Mol_09008	Mol_09008::M02	chalcone	michael_acceptor	6;7;8;9;11;12	11	COc1cc(O)c(C(=O)/C(O)=C/c2ccccc2)c(OC)c1
Mol_09009	Mol_09009::M01	enone_ketone_acyclic	michael_acceptor	13;12;10;11;9	13	COc1cc(O)cc(O)c1C(=O)/C=C/c1ccccc1
Mol_09009	Mol_09009::M02	chalcone	michael_acceptor	9;10;11;12;13;14	13	COc1cc(O)cc(O)c1C(=O)/C=C/c1ccccc1
Mol_09011	Mol_09011::M01	enone_ketone_acyclic	michael_acceptor	10;9;7;8;6	10	COC1=CC(O)C(C(=O)/C=C/c2ccccc2)C(O)=C1
Mol_09018	Mol_09018::M01	para_quinone	michael_acceptor	0;1;2;7;8;9;10;11	2;7;10;11	O=C1c2ccccc2C(=O)c2c1ccc(O)c2O
Mol_09022	Mol_09022::M01	para_quinone	michael_acceptor	10;9;6;5;17;18;16;11	5;6;11;16	Cc1c(O)cc2c(c1O)C(=O)c1ccccc1C2=O
Mol_09030	Mol_09030::M01	para_quinone	michael_acceptor	31;30;28;27;40;41;39;32	27;28;32;39	CC(=O)O[C@@H]1[C@@H](O)[C@H](C)O[C@@H](Oc2cc(O[C@@H]3O[C@H](CO)[C@@H](O)[C@H](O)[C@H]3O)c3c(c2)C(=O)c2cc(C)cc(O)c2C3=O)[C@@H]1OC(C)=O
Mol_09031	Mol_09031::M01	para_quinone	michael_acceptor	9;8;6;5;39;40;38;10	5;6;10;38	Cc1cc(O)c2c(c1)C(=O)c1cc(O[C@@H]3O[C@@H](C)[C@H](O)[C@@H](O)[C@H]3O)cc(O[C@@H]3O[C@H](CO)[C@@H](O)[C@H](O)[C@H]3O)c1C2=O
Mol_09032	Mol_09032::M01	para_quinone	michael_acceptor	9;8;6;5;29;30;28;10	5;6;10;28	Cc1cc(O)c2c(c1)C(=O)c1cc(O)cc(OC3O[C@H](CO)[C@@H](O)[C@H](O)[C@H]3O)c1C2=O
Mol_09035	Mol_09035::M01	para_quinone	michael_acceptor	9;8;6;5;29;30;28;10	5;6;10;28	Cc1cc(O)c2c(c1)C(=O)c1cc(O)cc(O[C@@H]3O[C@H](CO)[C@@H](O)[C@H](O)[C@H]3O)c1C2=O
Mol_09067	Mol_09067::M01	enone_cyclic	michael_acceptor	19;13;11;12;9	19	COc1c(C)c(O)c(CC2(C)C(=O)C(C(=O)C(C)C)=C(O)C(C)=C2O)c(O)c1C(=O)C(C)C
Mol_09086	Mol_09086::M01	enone_cyclic	michael_acceptor	2;1;10;11;9	2	CC1=C(O)C(C)(C)C(O)CC1=O
Mol_09098	Mol_09098::M01	para_quinone	michael_acceptor	31;30;29;28;38;39;37;32	28;29;32;37	COc1c(C)c(OC2O[C@H](COC3OC[C@@H](O)[C@H](O)[C@H]3O)[C@@H](O)[C@H](O)[C@H]2O)cc2c1C(=O)c1ccccc1C2=O
Mol_09099	Mol_09099::M01	para_quinone	michael_acceptor	32;31;30;29;39;40;38;33	29;30;33;38	COc1c(CO)c(OC2O[C@H](COC3OC[C@@H](O)[C@H](O)[C@H]3O)[C@@H](O)[C@H](O)[C@H]2O)cc2c1C(=O)c1ccccc1C2=O
Mol_09100	Mol_09100::M01	para_quinone	michael_acceptor	0;1;2;7;8;9;10;11	2;7;10;11	O=C1c2ccccc2C(=O)c2c1cc(O[C@H]1O[C@H](CO[C@@H]3OC[C@@H](O)[C@H](O)[C@H]3O)[C@@H](O)[C@H](O)[C@H]1O)c(CO)c2O
Mol_09103	Mol_09103::M01	para_quinone	michael_acceptor	12;11;10;9;19;20;18;13	9;10;13;18	COc1c(CO)c(O)cc2c1C(=O)c1ccccc1C2=O
Mol_09105	Mol_09105::M01	para_quinone	michael_acceptor	11;10;9;8;18;19;17;12	8;9;12;17	COc1c(C)c(O)cc2c1C(=O)c1ccccc1C2=O
Mol_09111	Mol_09111::M01	para_quinone	michael_acceptor	13;12;9;8;20;21;19;14	8;9;14;19	COCOc1c(O)cc2c(c1O)C(=O)c1ccccc1C2=O
Mol_09113	Mol_09113::M01	para_quinone	michael_acceptor	13;12;5;4;20;21;19;14	4;5;14;19	COc1cc2c(c(OC)c1CO)C(=O)c1ccccc1C2=O
Mol_09126	Mol_09126::M01	para_quinone	michael_acceptor	30;29;26;25;37;38;36;31	25;26;31;36	Cc1c(O[C@@H]2O[C@H](CO[C@@H]3OC[C@@H](O)[C@H](O)[C@H]3O)[C@@H](O)[C@H](O)[C@H]2O)cc2c(c1O)C(=O)c1ccccc1C2=O
Mol_09129	Mol_09129::M01	para_quinone	michael_acceptor	9;8;7;6;16;17;15;10	6;7;10;15	Cc1cc(O)cc2c1C(=O)c1ccccc1C2=O
Mol_09130	Mol_09130::M01	para_quinone	michael_acceptor	10;9;7;6;17;18;16;11	6;7;11;16	COc1cc(C)c2c(c1)C(=O)c1ccccc1C2=O
Mol_09140	Mol_09140::M01	enone_cyclic	michael_acceptor	4;5;22;23;11	4	COC1=C/C(=C2/C=C(OC)c3c(ccc4c3C=CC(C)(C)O4)C2=O)C(=O)c2ccc3c(c21)C=CC(C)(C)O3
Mol_09140	Mol_09140::M02	enone_cyclic	michael_acceptor	5;4;24;25;26	5	COC1=C/C(=C2/C=C(OC)c3c(ccc4c3C=CC(C)(C)O4)C2=O)C(=O)c2ccc3c(c21)C=CC(C)(C)O3
Mol_09144	Mol_09144::M01	enal	michael_acceptor	18;19;21;22	18	COc1cc(C(=O)O)c(O)c2ccc3c(c12)C=C1/C(=C(\C)C=O)CCC1(C)O3
Mol_09144	Mol_09144::M02	aldehyde	reversible_carbonyl	19;21;22	21	COc1cc(C(=O)O)c(O)c2ccc3c(c12)C=C1/C(=C(\C)C=O)CCC1(C)O3
Mol_09154	Mol_09154::M01	enone_cyclic	michael_acceptor	5;6;7;8;9	5	CO[C@H]1OCC2=C(C(=O)c3ccccc3C2=O)[C@@H]1[C@H]1C2=C(CO[C@@H]1OC)C(=O)c1ccccc1C2=O
Mol_09154	Mol_09154::M02	enone_cyclic	michael_acceptor	6;5;15;16;14	6	CO[C@H]1OCC2=C(C(=O)c3ccccc3C2=O)[C@@H]1[C@H]1C2=C(CO[C@@H]1OC)C(=O)c1ccccc1C2=O
Mol_09154	Mol_09154::M03	enone_cyclic	michael_acceptor	19;20;26;27;28	19	CO[C@H]1OCC2=C(C(=O)c3ccccc3C2=O)[C@@H]1[C@H]1C2=C(CO[C@@H]1OC)C(=O)c1ccccc1C2=O
Mol_09154	Mol_09154::M04	enone_cyclic	michael_acceptor	20;19;34;35;33	20	CO[C@H]1OCC2=C(C(=O)c3ccccc3C2=O)[C@@H]1[C@H]1C2=C(CO[C@@H]1OC)C(=O)c1ccccc1C2=O
Mol_09154	Mol_09154::M05	para_quinone	michael_acceptor	8;7;6;5;15;16;14;9	5;6;9;14	CO[C@H]1OCC2=C(C(=O)c3ccccc3C2=O)[C@@H]1[C@H]1C2=C(CO[C@@H]1OC)C(=O)c1ccccc1C2=O
Mol_09154	Mol_09154::M06	para_quinone	michael_acceptor	27;26;20;19;34;35;33;28	19;20;28;33	CO[C@H]1OCC2=C(C(=O)c3ccccc3C2=O)[C@@H]1[C@H]1C2=C(CO[C@@H]1OC)C(=O)c1ccccc1C2=O
Mol_09155	Mol_09155::M01	enone_cyclic	michael_acceptor	5;4;21;22;20	5	CCC(=O)C1=C2C(OC(C)(C)C(O)C2O)c2ccccc2C1=O
Mol_09156	Mol_09156::M01	enone_cyclic	michael_acceptor	2;3;8;9;10	2	O=C1C2=C(COC=C2)C(=O)c2ccccc21
Mol_09156	Mol_09156::M02	enone_cyclic	michael_acceptor	3;2;1;0;15	3	O=C1C2=C(COC=C2)C(=O)c2ccccc21
Mol_09156	Mol_09156::M03	para_quinone	michael_acceptor	0;1;2;3;8;9;10;15	2;3;10;15	O=C1C2=C(COC=C2)C(=O)c2ccccc21
Mol_09159	Mol_09159::M01	epoxide	sn2_ring_opening	5;6;7	5;7	CC(C)=CCC12OC1(C(=O)O)C(=O)c1cccc(C)c1C2=O
Mol_09160	Mol_09160::M01	para_quinone	michael_acceptor	8;7;5;4;15;16;14;9	4;5;9;14	Cc1ccc2c(c1)C(=O)c1ccccc1C2=O
Mol_09163	Mol_09163::M01	acrylate_ester	michael_acceptor	5;4;2;3;1;0	5	COC(=O)C1=C(CC=C(C)C)C(=O)c2ccccc2C1=O
Mol_09163	Mol_09163::M02	enone_cyclic	michael_acceptor	4;5;11;12;13	4	COC(=O)C1=C(CC=C(C)C)C(=O)c2ccccc2C1=O
Mol_09163	Mol_09163::M03	enone_cyclic	michael_acceptor	5;4;19;20;18	5	COC(=O)C1=C(CC=C(C)C)C(=O)c2ccccc2C1=O
Mol_09163	Mol_09163::M04	para_quinone	michael_acceptor	12;11;5;4;19;20;18;13	4;5;13;18	COC(=O)C1=C(CC=C(C)C)C(=O)c2ccccc2C1=O
Mol_09165	Mol_09165::M01	para_quinone	michael_acceptor	10;9;5;4;17;18;16;11	4;5;11;16	COc1cc2c(cc1C)C(=O)c1ccccc1C2=O
Mol_09199	Mol_09199::M01	epoxide	sn2_ring_opening	16;17;18	16;18	COc1c2ccoc2nc2c(OC)c(OCC3OC3(C)C)ccc12
Mol_09204	Mol_09204::M01	epoxide	sn2_ring_opening	30;31;32	30;32	CC(=O)O[C@@H]1C[C@H]2C(C)(C)O[C@H]3CC(=O)OC[C@]32[C@H]2CC[C@@]3(C)[C@H](c4ccoc4)C[C@H]4O[C@]43[C@@]21C
Mol_09205	Mol_09205::M01	epoxide	sn2_ring_opening	31;32;33	31;33	CC(=O)O[C@@H]1C[C@H]2C(C)(C)O[C@H]3CC(=O)OC[C@]32[C@H]2CC[C@@]3(C)[C@H](c4ccoc4)C(=O)[C@H]4O[C@]43[C@@]21C
Mol_09208	Mol_09208::M01	epoxide	sn2_ring_opening	7;8;9	7;9	CC(=O)O[C@@H]1O[C@@H]([C@@H]2OC2(C)C)C[C@H]1[C@@H]1CC=C2[C@]3(C)[C@H](O)C[C@H]4C(C)(C)C(=O)CC[C@]4(C)[C@H]3CC[C@]21C
Mol_09210	Mol_09210::M01	epoxide	sn2_ring_opening	32;33;34	32;34	CC(=O)O[C@@H]1C[C@H]2C(C)(C)O[C@H]3CC(=O)OC[C@]32[C@H]2CC[C@@]3(C)[C@H](c4ccoc4)OC(=O)[C@H]4O[C@]43[C@]21C
Mol_09211	Mol_09211::M01	epoxide	sn2_ring_opening	30;31;32	30;32	COC(=O)C[C@@H]1OC(C)(C)[C@@H]2CC(=O)[C@]3(C)[C@H](CC[C@@]4(C)[C@H](c5ccoc5)OC(=O)[C@H]5O[C@]543)[C@@]12CO
Mol_09215	Mol_09215::M01	acrylate_ester	michael_acceptor	14;13;11;12;10;7	14	CC(=O)OC1C[C@H]2C(C)(C)OC(=O)C=C[C@]2(C)[C@H]2CC[C@]3(C)C(=CC[C@H]3[C@@H]3COC(=O)C3)[C@]12C
Mol_09215	Mol_09215::M02	unsat_lactone	michael_acceptor	10;11;12;13;14	14	CC(=O)OC1C[C@H]2C(C)(C)OC(=O)C=C[C@]2(C)[C@H]2CC[C@]3(C)C(=CC[C@H]3[C@@H]3COC(=O)C3)[C@]12C
Mol_09223	Mol_09223::M01	enal	michael_acceptor	5;6;7;8	5	COc1cc(/C=C/C=O)cc(CC2OC2(C)C)c1O
Mol_09223	Mol_09223::M02	epoxide	sn2_ring_opening	12;13;14	12;14	COc1cc(/C=C/C=O)cc(CC2OC2(C)C)c1O
Mol_09223	Mol_09223::M03	aldehyde	reversible_carbonyl	6;7;8	7	COc1cc(/C=C/C=O)cc(CC2OC2(C)C)c1O
Mol_09231	Mol_09231::M01	epoxide	sn2_ring_opening	25;26;27	25;27	CC1(C)O[C@H]2CC(=O)OC[C@]23[C@H]2CC[C@@]4(C)[C@H](c5ccoc5)OC(=O)[C@H]5O[C@]54[C@]2(C)C(=O)C[C@@H]13
Mol_09238	Mol_09238::M01	aldehyde	reversible_carbonyl	4;5;6	5	COc1cc(C=O)cc(OC)c1O
Mol_09239	Mol_09239::M01	epoxide	sn2_ring_opening	16;17;18	16;18	CC1=CCC[C@@]2(C)[C@H](c3ccoc3)OC(=O)[C@H]3O[C@]132
Mol_09241	Mol_09241::M01	enone_cyclic	michael_acceptor	11;12;14;15;16	11	CC1(C)O[C@H]2CC(=O)OC[C@@]23C1=C(O)C(=O)[C@]1(C)[C@@H]3CC[C@@]2(C)[C@@H](c3ccoc3)OC(=O)[C@H]3O[C@]321
Mol_09241	Mol_09241::M02	epoxide	sn2_ring_opening	32;33;34	32;34	CC1(C)O[C@H]2CC(=O)OC[C@@]23C1=C(O)C(=O)[C@]1(C)[C@@H]3CC[C@@]2(C)[C@@H](c3ccoc3)OC(=O)[C@H]3O[C@]321
Mol_09267	Mol_09267::M01	epoxide	sn2_ring_opening	19;20;21	19;21	COc1cc2nc3occc3c(OC)c2cc1OCC1OC1(C)C
Mol_09290	Mol_09290::M01	acrylate_ester	michael_acceptor	3;4;23;24;25;2	3	COC1C=C(CC[C@@]2(C)[C@H](C)CC[C@@]34COC(=O)C3=CCC[C@@H]42)C(=O)O1
Mol_09290	Mol_09290::M02	acrylate_ester	michael_acceptor	19;18;16;17;15;14	19	COC1C=C(CC[C@@]2(C)[C@H](C)CC[C@@]34COC(=O)C3=CCC[C@@H]42)C(=O)O1
Mol_09290	Mol_09290::M03	unsat_lactone	michael_acceptor	15;16;17;18;19	19	COC1C=C(CC[C@@]2(C)[C@H](C)CC[C@@]34COC(=O)C3=CCC[C@@H]42)C(=O)O1
Mol_09290	Mol_09290::M04	unsat_lactone	michael_acceptor	25;23;24;4;3	3	COC1C=C(CC[C@@]2(C)[C@H](C)CC[C@@]34COC(=O)C3=CCC[C@@H]42)C(=O)O1
Mol_09292	Mol_09292::M01	acrylate_ester	michael_acceptor	10;9;7;8;6;5	10	C[C@@H]1CC[C@@]23COC(=O)C2=CCC[C@@H]3[C@@]1(C)CCC1=CCOC1=O
Mol_09292	Mol_09292::M02	acrylate_ester	michael_acceptor	19;18;22;23;21;20	19	C[C@@H]1CC[C@@]23COC(=O)C2=CCC[C@@H]3[C@@]1(C)CCC1=CCOC1=O
Mol_09292	Mol_09292::M03	unsat_lactone	michael_acceptor	6;7;8;9;10	10	C[C@@H]1CC[C@@]23COC(=O)C2=CCC[C@@H]3[C@@]1(C)CCC1=CCOC1=O
Mol_09292	Mol_09292::M04	unsat_lactone	michael_acceptor	21;22;23;18;19	19	C[C@@H]1CC[C@@]23COC(=O)C2=CCC[C@@H]3[C@@]1(C)CCC1=CCOC1=O
Mol_09299	Mol_09299::M01	acrylic_acid	michael_acceptor	11;7;8;9;10	11	C[C@@H]1CC[C@@]2(CO)C(C(=O)O)=CCC[C@@H]2[C@@]1(C)CCc1ccoc1
Mol_09313	Mol_09313::M01	acrylic_acid	michael_acceptor	11;7;8;9;10	11	C[C@H]1C[C@@H](O)[C@]2(C)C(C(=O)O)=C[C@H](O)C[C@H]2[C@]1(C)CCc1ccoc1
Mol_09314	Mol_09314::M01	acrylic_acid	michael_acceptor	10;6;7;8;9	10	C[C@@H]1CC[C@@]2(C)C(C(=O)O)=C[C@@H](O)C[C@@H]2[C@@]1(C)CCc1ccoc1
Mol_09321	Mol_09321::M01	acrylic_acid	michael_acceptor	11;7;8;9;10	11	CC1CC(O)C2(C)C(C(=O)O)=CCCC2C1(C)CCc1ccoc1
Mol_09342	Mol_09342::M01	epoxide	sn2_ring_opening	35;38;39	35;39	C=C(C)[C@@]12C[C@H](C)[C@]34O[C@]5(/C=C/C=C/C=C\CCCCCCCC[C@@H](C)C6[C@@H](C)C(=O)[C@](O)([C@@H](O)[C@]7(CO)O[C@@H]7[C@@H]3[C@@H]1O5)[C@H]64)O2
Mol_09343	Mol_09343::M01	enone_cyclic	michael_acceptor	41;39;37;38;35	41	C=C(C)[C@]12C[C@@H](C)[C@@]34OC(/C=C/CCCCCCCCCCCCC)(O[C@@H]1C3[C@@H]1O[C@]1(CO)[C@@H](O)[C@]1(O)C(=O)C(C)=C[C@H]14)O2
Mol_09343	Mol_09343::M02	epoxide	sn2_ring_opening	28;29;30	28;30	C=C(C)[C@]12C[C@@H](C)[C@@]34OC(/C=C/CCCCCCCCCCCCC)(O[C@@H]1C3[C@@H]1O[C@]1(CO)[C@@H](O)[C@]1(O)C(=O)C(C)=C[C@H]14)O2
Mol_09344	Mol_09344::M01	epoxide	sn2_ring_opening	31;34;35	31;35	C=C(C)[C@]12O[C@]34/C=C/C=C/C=C\CCCCCCCC[C@@H](C)C5[C@@H](C)C(=O)[C@]6(O)[C@@H](O)[C@]7(CO)O[C@@H]7[C@H]([C@@H]1O3)[C@@](O4)([C@@H](C)[C@H]2OC(C)=O)[C@@H]56
Mol_09345	Mol_09345::M01	enone_cyclic	michael_acceptor	31;29;27;28;25	31	C=C(C)[C@@]12O[C@@]3(/C=C/C=C/C=C\CCC)O[C@@H]1[C@@H]1[C@@H]4O[C@]4(CO)[C@@H](O)[C@]4(O)C(=O)C(C)=C[C@H]4[C@@]1(O3)[C@H](C)[C@H]2OC(C)=O
Mol_09345	Mol_09345::M02	epoxide	sn2_ring_opening	18;19;20	18;20	C=C(C)[C@@]12O[C@@]3(/C=C/C=C/C=C\CCC)O[C@@H]1[C@@H]1[C@@H]4O[C@]4(CO)[C@@H](O)[C@]4(O)C(=O)C(C)=C[C@H]4[C@@]1(O3)[C@H](C)[C@H]2OC(C)=O
Mol_09346	Mol_09346::M01	enone_cyclic	michael_acceptor	31;29;27;28;25	31	C=C(C)[C@@]12O[C@@]3(/C=C/C=C/CCCCC)O[C@@H]1[C@@H]1[C@@H]4O[C@]4(CO)[C@@H](O)[C@]4(O)C(=O)C(C)=C[C@H]4[C@@]1(O3)[C@H](C)[C@H]2OC(C)=O
Mol_09346	Mol_09346::M02	epoxide	sn2_ring_opening	18;19;20	18;20	C=C(C)[C@@]12O[C@@]3(/C=C/C=C/CCCCC)O[C@@H]1[C@@H]1[C@@H]4O[C@]4(CO)[C@@H](O)[C@]4(O)C(=O)C(C)=C[C@H]4[C@@]1(O3)[C@H](C)[C@H]2OC(C)=O
Mol_09347	Mol_09347::M01	epoxide	sn2_ring_opening	36;39;40	36;40	C=C(C)[C@@]12C[C@H](C)[C@]34O[C@]5(/C=C/C=C/C=C\CCCCCCCC[C@](C)(O)C6[C@@H](C)C(=O)[C@](O)([C@@H](O)[C@]7(CO)O[C@@H]7[C@@H]3[C@@H]1O5)[C@H]64)O2
Mol_09349	Mol_09349::M01	enone_cyclic	michael_acceptor	37;35;33;34;31	37	C=C(C)[C@@]12O[C@@]3(/C=C/CCCCCCCCCCCCC)O[C@@H]1[C@@H]1[C@@H]4O[C@]4(CO)[C@@H](O)[C@]4(O)C(=O)C(C)=C[C@H]4[C@@]1(O3)[C@H](C)[C@H]2OC(C)=O
Mol_09349	Mol_09349::M02	epoxide	sn2_ring_opening	24;25;26	24;26	C=C(C)[C@@]12O[C@@]3(/C=C/CCCCCCCCCCCCC)O[C@@H]1[C@@H]1[C@@H]4O[C@]4(CO)[C@@H](O)[C@]4(O)C(=O)C(C)=C[C@H]4[C@@]1(O3)[C@H](C)[C@H]2OC(C)=O
Mol_09350	Mol_09350::M01	enone_cyclic	michael_acceptor	35;33;31;32;29	35	C=C(C)[C@@]12OC3(/C=C/C=C/CCCCCCCCC)O[C@@H]1C1C4O[C@]4(CO)[C@@H](O)[C@]4(O)C(=O)C(C)=CC4[C@@]1(O3)[C@H](C)[C@H]2OC(C)=O
Mol_09350	Mol_09350::M02	epoxide	sn2_ring_opening	22;23;24	22;24	C=C(C)[C@@]12OC3(/C=C/C=C/CCCCCCCCC)O[C@@H]1C1C4O[C@]4(CO)[C@@H](O)[C@]4(O)C(=O)C(C)=CC4[C@@]1(O3)[C@H](C)[C@H]2OC(C)=O
Mol_09351	Mol_09351::M01	enone_cyclic	michael_acceptor	35;33;31;32;29	35	C=C(C)[C@]12C[C@@H](C)C34OC(/C=C/C=C/CCCCC)(O[C@@H]1[C@@H]3[C@@H]1O[C@]1(CO)[C@@H](O)[C@]1(O)C(=O)C(C)=C[C@@H]41)O2
Mol_09351	Mol_09351::M02	epoxide	sn2_ring_opening	22;23;24	22;24	C=C(C)[C@]12C[C@@H](C)C34OC(/C=C/C=C/CCCCC)(O[C@@H]1[C@@H]3[C@@H]1O[C@]1(CO)[C@@H](O)[C@]1(O)C(=O)C(C)=C[C@@H]41)O2
Mol_09363	Mol_09363::M01	enone_cyclic	michael_acceptor	3;4;6;7;8	3	CC(C)C1=C(O)C(=O)C2=C(CC[C@H]3C(C)(C)C(=O)CC[C@]23C)C1=O
Mol_09363	Mol_09363::M02	enone_cyclic	michael_acceptor	4;3;22;23;9	4	CC(C)C1=C(O)C(=O)C2=C(CC[C@H]3C(C)(C)C(=O)CC[C@]23C)C1=O
Mol_09363	Mol_09363::M03	enone_cyclic	michael_acceptor	8;9;22;23;3	8	CC(C)C1=C(O)C(=O)C2=C(CC[C@H]3C(C)(C)C(=O)CC[C@]23C)C1=O
Mol_09363	Mol_09363::M04	enone_cyclic	michael_acceptor	9;8;6;7;4	9	CC(C)C1=C(O)C(=O)C2=C(CC[C@H]3C(C)(C)C(=O)CC[C@]23C)C1=O
Mol_09363	Mol_09363::M05	para_quinone	michael_acceptor	7;6;4;3;22;23;9;8	3;4;8;9	CC(C)C1=C(O)C(=O)C2=C(CC[C@H]3C(C)(C)C(=O)CC[C@]23C)C1=O
Mol_09364	Mol_09364::M01	enone_cyclic	michael_acceptor	4;3;10;11;8	4	CC(C)C1=C(O)C2=C(C(=O)C1=O)[C@@]1(C)CCCC(C)(C)[C@@H]1CC2
Mol_09364	Mol_09364::M02	enone_cyclic	michael_acceptor	6;7;8;9;10	6	CC(C)C1=C(O)C2=C(C(=O)C1=O)[C@@]1(C)CCCC(C)(C)[C@@H]1CC2
Mol_09364	Mol_09364::M03	ortho_quinone	michael_acceptor	9;8;10;11;3;4;6;7	3;4;6;7	CC(C)C1=C(O)C2=C(C(=O)C1=O)[C@@]1(C)CCCC(C)(C)[C@@H]1CC2
Mol_09365	Mol_09365::M01	enone_cyclic	michael_acceptor	4;3;21;22;19	4	CC(C)C1=CC2=CC(=O)[C@H]3C(C)(C)CCC[C@]3(C)C2=C(O)C1=O
Mol_09365	Mol_09365::M02	enone_cyclic	michael_acceptor	5;6;7;8;9	5	CC(C)C1=CC2=CC(=O)[C@H]3C(C)(C)CCC[C@]3(C)C2=C(O)C1=O
Mol_09365	Mol_09365::M03	enone_cyclic	michael_acceptor	18;19;21;22;3	18	CC(C)C1=CC2=CC(=O)[C@H]3C(C)(C)CCC[C@]3(C)C2=C(O)C1=O
Mol_09366	Mol_09366::M01	enone_cyclic	michael_acceptor	4;3;20;21;18	4	CC(C)C1=CC2=CC[C@H]3C(C)(C)CCC[C@]3(C)C2=C(O)C1=O
Mol_09366	Mol_09366::M02	enone_cyclic	michael_acceptor	17;18;20;21;3	17	CC(C)C1=CC2=CC[C@H]3C(C)(C)CCC[C@]3(C)C2=C(O)C1=O
Mol_09370	Mol_09370::M01	enone_cyclic	michael_acceptor	20;21;23;24;6	20	CC(CO)c1cc2c(c(O)c1O)[C@]1(C)CCCC(C)(C)C1=C(O)C2=O
Mol_09371	Mol_09371::M01	enone_cyclic	michael_acceptor	4;5;6;7;8	4	CC1=C(C)C2=CC(=O)c3c(O)c4c(c(O)c3[C@@]2(C)CC1)O[C@@H](C)C4
Mol_09374	Mol_09374::M01	acrylate_ester	michael_acceptor	5;4;2;3;1;0	5	COC(=O)C1=CO[C@@H](O[C@@H]2O[C@H](CO)[C@@H](O)[C@H](O)[C@H]2O)[C@H]2[C@@H]1C(=O)C[C@@H]2C
Mol_09379	Mol_09379::M01	epoxide	sn2_ring_opening	6;8;9	6;9	C=C(C)[C@@H]1CCC2(C)OC2C1
Mol_09449	Mol_09449::M01	enone_cyclic	michael_acceptor	35;36;37;38;39	35	CC1(O)C(=O)[C@@H]2C3=C(CC[C@@H]4C(C)(C)[C@@H](O)CC[C@@]34C)[C@@H]1[C@H]1[C@]23CC[C@@H]2C(C)(C)[C@@H](O)CC[C@@]2(C)C3=CC(=O)[C@@]1(C)O
Mol_09455	Mol_09455::M01	aldehyde	reversible_carbonyl	75;76;77	76	CC(=O)O[C@H]1CC(C)(C)CC2C3=CCC4[C@@]5(C)CC[C@H](OC6OC[C@@H](O)[C@@H](OC7O[C@H](COC8O[C@H](C)[C@@H](O)[C@H](O)[C@@H]8O)[C@@H](O)[C@H](O)[C@H]7O)[C@@H]6OC6O[C@@H](CO)[C@H](O)[C@@H](O)[C@@H]6O)C(C)(C)C5CC[C@@]4(C)[C@]3(C)CC(O)[C@]21C=O
Mol_09456	Mol_09456::M01	acrylate_ester	michael_acceptor	56;55;53;54;52;51	56	CC(=O)O[C@H]1[C@H](O)C(C)(C)CC2[C@]13C(=O)O[C@@]21CCC2[C@@]4(C)CC[C@H](OC5O[C@H](COC6O[C@H](CO)[C@@H](O)[C@H](O)[C@H]6O)[C@@H](O)[C@H](O)[C@H]5OC5O[C@H](COC(=O)/C=C/c6ccc(O)cc6)[C@@H](O)[C@H](O)[C@H]5O)C(C)(C)C4CC[C@@]2(C)[C@]1(C)CC3O
Mol_09457	Mol_09457::M01	acrylate_ester	michael_acceptor	74;72;70;71;69;68	74	C=C(C)OC1C[C@]2(C)[C@@]3(CCC4[C@@]5(C)CC[C@H](OC6O[C@H](CO)[C@@H](OC7O[C@H](CO)[C@@H](O)[C@H](O)[C@H]7O)[C@H](O)[C@H]6OC6O[C@H](CO)[C@@H](O)[C@H](O)[C@H]6O)C(C)(C)C5CC[C@]42C)OC(=O)[C@]12C3CC(C)(C)[C@@H](OC(=O)/C(C)=C/C)[C@@H]2OC(C)=O
Mol_09458	Mol_09458::M01	acrylate_ester	michael_acceptor	1;2;4;5;6;7	1	C/C=C(\C)C(=O)O[C@H]1[C@H](O)[C@]2(CO)C(O)C[C@]3(C)C(=CCC4[C@@]5(C)CC[C@H](OC6OC[C@@H](O)[C@H](O)[C@H]6OC6O[C@H](COC7O[C@H](C)[C@@H](O)[C@H](O)[C@@H]7O)[C@@H](O)[C@H](O)[C@H]6O)C(C)(C)C5CC[C@]43C)C2CC1(C)C
Mol_09459	Mol_09459::M01	acrylate_ester	michael_acceptor	1;2;4;5;6;7	1	C/C=C(\C)C(=O)O[C@H]1[C@H](OC(C)=O)[C@]2(CO)C(O)C[C@]3(C)C(=CCC4[C@@]5(C)CC[C@H](OC6OC[C@@H](OC7O[C@H](C)[C@@H](O)[C@H](O)[C@@H]7O)[C@@H](O)[C@@H]6OC6O[C@@H](CO)[C@@H](O)[C@@H](O)[C@@H]6O)C(C)(C)C5CC[C@]43C)C2CC1(C)C
Mol_09503	Mol_09503::M01	enone_cyclic	michael_acceptor	11;12;14;15;16	11	CCCCCCCCCCCC1=C(O)C(=O)C2=C(OC3=C(C(=O)C(O)=C(CCCCCCCCCCC)C3=O)C2C)C1=O
Mol_09503	Mol_09503::M02	enone_cyclic	michael_acceptor	12;11;41;42;17	12	CCCCCCCCCCCC1=C(O)C(=O)C2=C(OC3=C(C(=O)C(O)=C(CCCCCCCCCCC)C3=O)C2C)C1=O
Mol_09503	Mol_09503::M03	enone_cyclic	michael_acceptor	16;17;41;42;11	16	CCCCCCCCCCCC1=C(O)C(=O)C2=C(OC3=C(C(=O)C(O)=C(CCCCCCCCCCC)C3=O)C2C)C1=O
Mol_09503	Mol_09503::M04	enone_cyclic	michael_acceptor	17;16;14;15;12	17	CCCCCCCCCCCC1=C(O)C(=O)C2=C(OC3=C(C(=O)C(O)=C(CCCCCCCCCCC)C3=O)C2C)C1=O
Mol_09503	Mol_09503::M05	enone_cyclic	michael_acceptor	19;20;21;22;23	19	CCCCCCCCCCCC1=C(O)C(=O)C2=C(OC3=C(C(=O)C(O)=C(CCCCCCCCCCC)C3=O)C2C)C1=O
Mol_09503	Mol_09503::M06	enone_cyclic	michael_acceptor	20;19;37;38;25	20	CCCCCCCCCCCC1=C(O)C(=O)C2=C(OC3=C(C(=O)C(O)=C(CCCCCCCCCCC)C3=O)C2C)C1=O
Mol_09503	Mol_09503::M07	enone_cyclic	michael_acceptor	23;25;37;38;19	23	CCCCCCCCCCCC1=C(O)C(=O)C2=C(OC3=C(C(=O)C(O)=C(CCCCCCCCCCC)C3=O)C2C)C1=O
Mol_09503	Mol_09503::M08	enone_cyclic	michael_acceptor	25;23;21;22;20	25	CCCCCCCCCCCC1=C(O)C(=O)C2=C(OC3=C(C(=O)C(O)=C(CCCCCCCCCCC)C3=O)C2C)C1=O
Mol_09503	Mol_09503::M09	para_quinone	michael_acceptor	15;14;12;11;41;42;17;16	11;12;16;17	CCCCCCCCCCCC1=C(O)C(=O)C2=C(OC3=C(C(=O)C(O)=C(CCCCCCCCCCC)C3=O)C2C)C1=O
Mol_09503	Mol_09503::M10	para_quinone	michael_acceptor	22;21;20;19;37;38;25;23	19;20;23;25	CCCCCCCCCCCC1=C(O)C(=O)C2=C(OC3=C(C(=O)C(O)=C(CCCCCCCCCCC)C3=O)C2C)C1=O
Mol_09504	Mol_09504::M01	enone_cyclic	michael_acceptor	19;20;22;23;24	19	CCCC/C=C/CCCCCCCCCCCCCC1=C(O)C(=O)C=C(O)C1=O
Mol_09504	Mol_09504::M02	enone_cyclic	michael_acceptor	20;19;27;28;25	20	CCCC/C=C/CCCCCCCCCCCCCC1=C(O)C(=O)C=C(O)C1=O
Mol_09504	Mol_09504::M03	enone_cyclic	michael_acceptor	24;25;27;28;19	24	CCCC/C=C/CCCCCCCCCCCCCC1=C(O)C(=O)C=C(O)C1=O
Mol_09504	Mol_09504::M04	enone_cyclic	michael_acceptor	25;24;22;23;20	25	CCCC/C=C/CCCCCCCCCCCCCC1=C(O)C(=O)C=C(O)C1=O
Mol_09504	Mol_09504::M05	para_quinone	michael_acceptor	23;22;20;19;27;28;25;24	19;20;24;25	CCCC/C=C/CCCCCCCCCCCCCC1=C(O)C(=O)C=C(O)C1=O
Mol_09505	Mol_09505::M01	enone_cyclic	michael_acceptor	1;2;3;4;5	1	CC1=CC(=O)C(=O)C(CCCCCCCCCCCCCCC2=C(O)C(=O)C=C(O)C2=O)=C1O
Mol_09505	Mol_09505::M02	enone_cyclic	michael_acceptor	22;23;25;26;27	22	CC1=CC(=O)C(=O)C(CCCCCCCCCCCCCCC2=C(O)C(=O)C=C(O)C2=O)=C1O
Mol_09505	Mol_09505::M03	enone_cyclic	michael_acceptor	23;22;30;31;28	23	CC1=CC(=O)C(=O)C(CCCCCCCCCCCCCCC2=C(O)C(=O)C=C(O)C2=O)=C1O
Mol_09505	Mol_09505::M04	enone_cyclic	michael_acceptor	27;28;30;31;22	27	CC1=CC(=O)C(=O)C(CCCCCCCCCCCCCCC2=C(O)C(=O)C=C(O)C2=O)=C1O
Mol_09505	Mol_09505::M05	enone_cyclic	michael_acceptor	28;27;25;26;23	28	CC1=CC(=O)C(=O)C(CCCCCCCCCCCCCCC2=C(O)C(=O)C=C(O)C2=O)=C1O
Mol_09505	Mol_09505::M06	enone_cyclic	michael_acceptor	32;7;5;6;3	32	CC1=CC(=O)C(=O)C(CCCCCCCCCCCCCCC2=C(O)C(=O)C=C(O)C2=O)=C1O
Mol_09505	Mol_09505::M07	para_quinone	michael_acceptor	26;25;23;22;30;31;28;27	22;23;27;28	CC1=CC(=O)C(=O)C(CCCCCCCCCCCCCCC2=C(O)C(=O)C=C(O)C2=O)=C1O
Mol_09505	Mol_09505::M08	ortho_quinone	michael_acceptor	4;3;5;6;7;32;1;2	1;2;7;32	CC1=CC(=O)C(=O)C(CCCCCCCCCCCCCCC2=C(O)C(=O)C=C(O)C2=O)=C1O
Mol_09506	Mol_09506::M01	enone_cyclic	michael_acceptor	19;20;22;23;24	19	CCCC/C=C/CCCCCCCCCCCCCC1=C(O)C(=O)C(C)=C(O)C1=O
Mol_09506	Mol_09506::M02	enone_cyclic	michael_acceptor	20;19;28;29;26	20	CCCC/C=C/CCCCCCCCCCCCCC1=C(O)C(=O)C(C)=C(O)C1=O
Mol_09506	Mol_09506::M03	enone_cyclic	michael_acceptor	24;26;28;29;19	24	CCCC/C=C/CCCCCCCCCCCCCC1=C(O)C(=O)C(C)=C(O)C1=O
Mol_09506	Mol_09506::M04	enone_cyclic	michael_acceptor	26;24;22;23;20	26	CCCC/C=C/CCCCCCCCCCCCCC1=C(O)C(=O)C(C)=C(O)C1=O
Mol_09506	Mol_09506::M05	para_quinone	michael_acceptor	23;22;20;19;28;29;26;24	19;20;24;26	CCCC/C=C/CCCCCCCCCCCCCC1=C(O)C(=O)C(C)=C(O)C1=O
Mol_09530	Mol_09530::M01	enone_ketone_acyclic	michael_acceptor	11;10;8;9;7	11	COc1cc(OC)c(C(=O)/C=C/c2ccccc2)c(O)c1OC
Mol_09530	Mol_09530::M02	chalcone	michael_acceptor	7;8;9;10;11;12	11	COc1cc(OC)c(C(=O)/C=C/c2ccccc2)c(O)c1OC
Mol_09539	Mol_09539::M01	enone_cyclic	michael_acceptor	1;2;4;5;6	1	CC1=C(O)C(=O)C=C(O)C1=O
Mol_09539	Mol_09539::M02	enone_cyclic	michael_acceptor	2;1;9;10;7	2	CC1=C(O)C(=O)C=C(O)C1=O
Mol_09539	Mol_09539::M03	enone_cyclic	michael_acceptor	6;7;9;10;1	6	CC1=C(O)C(=O)C=C(O)C1=O
Mol_09539	Mol_09539::M04	enone_cyclic	michael_acceptor	7;6;4;5;2	7	CC1=C(O)C(=O)C=C(O)C1=O
Mol_09539	Mol_09539::M05	para_quinone	michael_acceptor	5;4;2;1;9;10;7;6	1;2;6;7	CC1=C(O)C(=O)C=C(O)C1=O
Mol_09541	Mol_09541::M01	acrylate_ester	michael_acceptor	25;24;22;23;21;20	25	CC(C)[C@@]12C[C@@H](OC(=O)CO)[C@@](C)(O1)[C@@H]1CC[C@@H](C)[C@H]1[C@@H]2OC(=O)/C=C/c1ccccc1
Mol_09542	Mol_09542::M01	acrylate_ester	michael_acceptor	21;20;18;19;17;16	21	CC(C)[C@]12C[C@H](O)[C@](C)(O1)[C@H]1CC[C@H](C)[C@@H]1[C@H]2OC(=O)/C=C/c1ccccc1
Mol_09557	Mol_09557::M01	enone_cyclic	michael_acceptor	19;20;25;26;27	19	CCCC/C=C/CCCCCCCCCCCCCC1=C(OC(C)=O)C(=O)C(C)=C(OC(C)=O)C1=O
Mol_09557	Mol_09557::M02	enone_cyclic	michael_acceptor	20;19;34;35;29	20	CCCC/C=C/CCCCCCCCCCCCCC1=C(OC(C)=O)C(=O)C(C)=C(OC(C)=O)C1=O
Mol_09557	Mol_09557::M03	enone_cyclic	michael_acceptor	27;29;34;35;19	27	CCCC/C=C/CCCCCCCCCCCCCC1=C(OC(C)=O)C(=O)C(C)=C(OC(C)=O)C1=O
Mol_09557	Mol_09557::M04	enone_cyclic	michael_acceptor	29;27;25;26;20	29	CCCC/C=C/CCCCCCCCCCCCCC1=C(OC(C)=O)C(=O)C(C)=C(OC(C)=O)C1=O
Mol_09557	Mol_09557::M05	para_quinone	michael_acceptor	26;25;20;19;34;35;29;27	19;20;27;29	CCCC/C=C/CCCCCCCCCCCCCC1=C(OC(C)=O)C(=O)C(C)=C(OC(C)=O)C1=O
Mol_09571	Mol_09571::M01	enone_ketone_acyclic	michael_acceptor	13;14;15;16;17	13	COc1cc(OC)c(OC)c(O)c1/C=C/C(=O)c1ccccc1
Mol_09571	Mol_09571::M02	chalcone	michael_acceptor	17;15;16;14;13;12	13	COc1cc(OC)c(OC)c(O)c1/C=C/C(=O)c1ccccc1
Mol_09572	Mol_09572::M01	epoxide	sn2_ring_opening	4;5;6	4;6	O=C(OC[C@]12OC1C=C[C@H](OC(=O)c1ccccc1)C2O)c1ccccc1
Mol_09576	Mol_09576::M01	para_quinone	michael_acceptor	13;12;10;9;21;22;20;14	9;10;14;20	CC(=O)OCc1cc(O)c2c(c1)C(=O)c1cccc(O)c1C2=O
Mol_09626	Mol_09626::M01	enone_cyclic	michael_acceptor	4;3;29;30;27	4	CC(C)C1=CC2=CC=C3C(C)(C)[C@@H](OC(=O)c4ccccc4)CC[C@]3(C)C2=C(O)C1=O
Mol_09626	Mol_09626::M02	enone_cyclic	michael_acceptor	26;27;29;30;3	26	CC(C)C1=CC2=CC=C3C(C)(C)[C@@H](OC(=O)c4ccccc4)CC[C@]3(C)C2=C(O)C1=O
Mol_09627	Mol_09627::M01	acrylate_ester	michael_acceptor	17;16;14;15;13;12	17	CC(C)C1=CC2=CC=C3C(C)(C)[C@@H](OC(=O)/C=C/c4ccccc4)CC[C@]3(C)C2=C(O)C1=O
Mol_09627	Mol_09627::M02	enone_cyclic	michael_acceptor	4;3;31;32;29	4	CC(C)C1=CC2=CC=C3C(C)(C)[C@@H](OC(=O)/C=C/c4ccccc4)CC[C@]3(C)C2=C(O)C1=O
Mol_09627	Mol_09627::M03	enone_cyclic	michael_acceptor	28;29;31;32;3	28	CC(C)C1=CC2=CC=C3C(C)(C)[C@@H](OC(=O)/C=C/c4ccccc4)CC[C@]3(C)C2=C(O)C1=O
Mol_09629	Mol_09629::M01	enone_cyclic	michael_acceptor	4;3;9;10;7	4	CC(C)C1=CC2=C(C(=O)C1=O)C1=CC[C@@H](OC(=O)c3ccccc3)C(C)(C)[C@]1(C)C=C2
Mol_09629	Mol_09629::M02	enone_cyclic	michael_acceptor	5;6;7;8;9	5	CC(C)C1=CC2=C(C(=O)C1=O)C1=CC[C@@H](OC(=O)c3ccccc3)C(C)(C)[C@]1(C)C=C2
Mol_09629	Mol_09629::M03	ortho_quinone	michael_acceptor	8;7;9;10;3;4;5;6	3;4;5;6	CC(C)C1=CC2=C(C(=O)C1=O)C1=CC[C@@H](OC(=O)c3ccccc3)C(C)(C)[C@]1(C)C=C2
Mol_09631	Mol_09631::M01	enone_cyclic	michael_acceptor	13;14;19;20;21	13	CC(=O)O[C@H]1CC[C@@]2(C)C(=CC=C3C=C(C(C)(C)O)C(=O)C(O)=C32)C1(C)C
Mol_09631	Mol_09631::M02	enone_cyclic	michael_acceptor	23;21;19;20;14	23	CC(=O)O[C@H]1CC[C@@]2(C)C(=CC=C3C=C(C(C)(C)O)C(=O)C(O)=C32)C1(C)C
Mol_09634	Mol_09634::M01	para_quinone	michael_acceptor	11;10;7;6;20;21;19;12	6;7;12;19	CO[C@@]1(c2ccc3c(c2O)C(=O)c2c(O)cc(C)cc2C3=O)c2cccc(O)c2C(=O)c2c(O)cc(C)cc21
Mol_09635	Mol_09635::M01	para_quinone	michael_acceptor	11;10;7;6;20;21;19;12	6;7;12;19	CO[C@]1(c2ccc3c(c2O)C(=O)c2c(O)cc(C)cc2C3=O)c2cccc(O)c2C(=O)c2c(O)cc(C)cc21
Mol_09636	Mol_09636::M01	para_quinone	michael_acceptor	9;8;6;5;36;37;35;10	5;6;10;35	Cc1cc(O)c2c(c1)C(=O)c1ccc([C@]3(O)c4cccc(O)c4C(=O)c4c(O)cc(C)cc43)c(O)c1C2=O
Mol_09637	Mol_09637::M01	para_quinone	michael_acceptor	9;8;6;5;36;37;35;10	5;6;10;35	Cc1cc(O)c2c(c1)C(=O)c1ccc([C@@]3(O)c4cccc(O)c4C(=O)c4c(O)cc(C)cc43)c(O)c1C2=O
Mol_09645	Mol_09645::M01	epoxide	sn2_ring_opening	17;18;19	17;19	CC(=O)O[C@H]1[C@H](OC(=O)c2ccccc2)C=C[C@@H]2O[C@@]21COC(=O)c1ccccc1
Mol_09646	Mol_09646::M01	epoxide	sn2_ring_opening	4;5;6	4;6	O=C(OC[C@@]12O[C@@H]1C=C[C@@H](OC(=O)c1ccccc1)[C@@H]2O)c1ccccc1
Mol_09648	Mol_09648::M01	para_quinone	michael_acceptor	9;8;7;6;34;35;33;10	6;7;10;33	COc1cccc2c1C(=O)c1c(OC)cc(C)c(-c3c(OC)cc(OC)c(C(C)=O)c3OC)c1C2=O
Mol_09649	Mol_09649::M01	para_quinone	michael_acceptor	22;21;20;19;33;34;32;23	19;20;23;32	COc1cc(OC(C)=O)c(-c2c(C)cc(OC(C)=O)c3c2C(=O)c2cccc(OC(C)=O)c2C3=O)c(OC(C)=O)c1C(C)=O
Mol_09654	Mol_09654::M01	nitrile	addition_to_CN	6;7;8	7	C[C@@H]1OC2(CCC(C#N)C2)O[C@@H]1C
Mol_09658	Mol_09658::M01	nitrile	addition_to_CN	11;12;13	12	C[C@@H]1[C@H](C)Sc2ccccc2[C@H]1C#N
Mol_09667	Mol_09667::M01	enone_ketone_acyclic	michael_acceptor	2;4;5;6;7	2	C=C/C(C)=C\C(=O)CC(C)C
Mol_09668	Mol_09668::M01	enone_ketone_acyclic	michael_acceptor	2;4;5;6;7	2	C=C/C(C)=C/C(=O)CC(C)C
Mol_09670	Mol_09670::M01	enone_ketone_acyclic	michael_acceptor	2;4;5;6;7	2	C=C/C(C)=C/C(=O)C=C(C)C
Mol_09670	Mol_09670::M02	enone_ketone_acyclic	michael_acceptor	8;7;5;6;4	8	C=C/C(C)=C/C(=O)C=C(C)C
Mol_09683	Mol_09683::M01	acrylic_acid	michael_acceptor	6;7;8;9;10	6	COc1ccc(/C=C/C(=O)O)cc1O
Mol_09736	Mol_09736::M01	aldehyde	reversible_carbonyl	9;11;12	11	C=C[C@]1(C)C=C2CC[C@H]3[C@](C)(C=O)[C@@H](O)CC[C@]3(C)[C@H]2C[C@H]1O
Mol_09740	Mol_09740::M01	enal	michael_acceptor	6;7;8;9	6	COc1ccc(/C=C/C=O)cc1OC
Mol_09740	Mol_09740::M02	aldehyde	reversible_carbonyl	7;8;9	8	COc1ccc(/C=C/C=O)cc1OC
Mol_09755	Mol_09755::M01	acrylate_ester	michael_acceptor	37;36;34;35;33;32	37	COC(=O)C[C@H]1[C@]2(C)C3=C(C)[C@H](c4ccoc4)C[C@H]3O[C@@H]2[C@@H]2OC[C@]3(C)[C@H](OC(C)=O)C[C@H](OC(=O)/C=C/c4ccccc4)[C@@]1(C)[C@@H]23
Mol_09756	Mol_09756::M01	acrylate_ester	michael_acceptor	38;37;35;36;34;33	38	CC(=O)O[C@H]1C[C@H]2[C@](C)(C3=CC[C@@H](c4ccoc4)[C@@]31C)[C@H](O)[C@@H]1OC[C@]3(C)[C@H](OC(C)=O)C[C@H](OC(=O)/C=C/c4ccccc4)[C@@]2(C)[C@@H]13
Mol_09757	Mol_09757::M01	acrylate_ester	michael_acceptor	1;2;4;5;6;7	1	C/C=C(\C)C(=O)O[C@@H]1C[C@H](OC(C)=O)[C@]2(C)CO[C@H]3[C@H]2[C@]1(C)[C@@H]1C[C@@H](OC(C)=O)[C@@]2(C)C(=CC[C@H]2c2ccoc2)[C@@]1(C)[C@H]3O
Mol_09768	Mol_09768::M01	aldehyde	reversible_carbonyl	7;8;9	8	CC(=O)O[C@H]1CC[C@]2(C=O)[C@H]3CC[C@]4(C)[C@@H](c5ccc(=O)oc5)CC[C@]4(O)[C@@H]3CC[C@]2(O)C1
Mol_09769	Mol_09769::M01	aldehyde	reversible_carbonyl	7;8;9	8	CC(=O)O[C@H]1CC[C@]2(C=O)[C@H]3CC[C@]4(C)[C@@H](c5ccc(=O)oc5)CC[C@]4(O)[C@@H]3CC[C@]2(OC(C)=O)C1
Mol_09772	Mol_09772::M01	aldehyde	reversible_carbonyl	15;16;17	16	C[C@]12CC[C@H]3[C@@H](CC[C@]4(O)C[C@@H](O)CC[C@]34C=O)[C@@]1(O)CC[C@@H]2c1ccc(=O)oc1
Mol_09779	Mol_09779::M01	acrylate_ester	michael_acceptor	0;1;4;5;6;7	0	C=C(CO)C(=O)O[C@H]1C[C@@]2(C)OC(=O)[C@H](CC)[C@]2(O)CC[C@@]2(C)O[C@@H]2[C@H]2OC(=O)C(COC(C)=O)=C12
Mol_09779	Mol_09779::M02	acrylate_ester	michael_acceptor	35;29;27;28;26;25	35	C=C(CO)C(=O)O[C@H]1C[C@@]2(C)OC(=O)[C@H](CC)[C@]2(O)CC[C@@]2(C)O[C@@H]2[C@H]2OC(=O)C(COC(C)=O)=C12
Mol_09779	Mol_09779::M03	unsat_lactone	michael_acceptor	26;27;28;29;35	35	C=C(CO)C(=O)O[C@H]1C[C@@]2(C)OC(=O)[C@H](CC)[C@]2(O)CC[C@@]2(C)O[C@@H]2[C@H]2OC(=O)C(COC(C)=O)=C12
Mol_09779	Mol_09779::M04	epoxide	sn2_ring_opening	21;23;24	21;24	C=C(CO)C(=O)O[C@H]1C[C@@]2(C)OC(=O)[C@H](CC)[C@]2(O)CC[C@@]2(C)O[C@@H]2[C@H]2OC(=O)C(COC(C)=O)=C12
Mol_09801	Mol_09801::M01	enone_cyclic	michael_acceptor	14;12;10;11;9	14	C=C(C)[C@@H]1CC[C@@]2(C)CCC(=O)C(C)=C2C1
Mol_09807	Mol_09807::M01	acrylamide	michael_acceptor	8;7;5;6;4	8	CC(C)CNC(=O)/C=C/c1ccc2c(c1)OCO2
Mol_09811	Mol_09811::M01	acrylate_ester	michael_acceptor	3;2;1;0;9;8	3	O=C1C=C2C=C[C@@H]3C[C@@]2(O1)[C@H]1CCCCN31
Mol_09811	Mol_09811::M02	unsat_lactone	michael_acceptor	9;1;0;2;3	3	O=C1C=C2C=C[C@@H]3C[C@@]2(O1)[C@H]1CCCCN31
Mol_09816	Mol_09816::M01	para_quinone	michael_acceptor	17;16;13;12;27;28;26;18	12;13;18;26	Cc1cc(O)c2c(c1)[C@H](c1ccc3c(c1O)C(=O)c1c(O)cc(C)c(C)c1C3=O)c1cccc(O)c1C2=O
Mol_09817	Mol_09817::M01	para_quinone	michael_acceptor	17;16;13;12;27;28;26;18	12;13;18;26	Cc1cc(O)c2c(c1)[C@@H](c1ccc3c(c1O)C(=O)c1c(O)cc(C)c(C)c1C3=O)c1cccc(O)c1C2=O
Mol_09818	Mol_09818::M01	para_quinone	michael_acceptor	18;17;14;13;28;29;27;19	13;14;19;27	Cc1cc(O)c2c(c1)[C@](O)(c1ccc3c(c1O)C(=O)c1c(O)cc(C)c(C)c1C3=O)c1cccc(O)c1C2=O
Mol_09819	Mol_09819::M01	para_quinone	michael_acceptor	18;17;14;13;28;29;27;19	13;14;19;27	Cc1cc(O)c2c(c1)[C@@](O)(c1ccc3c(c1O)C(=O)c1c(O)cc(C)c(C)c1C3=O)c1cccc(O)c1C2=O
Mol_09832	Mol_09832::M01	enone_ketone_acyclic	michael_acceptor	24;23;21;22;20	24	COC1=CC(O)=CC(OC2O[C@H](CO)[C@@H](O)[C@H](O)[C@H]2O)C1C(=O)/C=C/c1ccccc1
Mol_09834	Mol_09834::M01	enone_cyclic	michael_acceptor	11;12;14;15;16	11	CCCCCCCCCCCC1=C(O)C(=O)C(=C2C(=O)C(O)=C(CCCCCCCCCCC)C(O)=C2O)C(=O)C1=O
Mol_09834	Mol_09834::M02	enone_cyclic	michael_acceptor	12;11;40;41;38	12	CCCCCCCCCCCC1=C(O)C(=O)C(=C2C(=O)C(O)=C(CCCCCCCCCCC)C(O)=C2O)C(=O)C1=O
Mol_09834	Mol_09834::M03	enone_cyclic	michael_acceptor	16;17;18;19;20	16	CCCCCCCCCCCC1=C(O)C(=O)C(=C2C(=O)C(O)=C(CCCCCCCCCCC)C(O)=C2O)C(=O)C1=O
Mol_09834	Mol_09834::M04	enone_cyclic	michael_acceptor	17;16;14;15;12	17	CCCCCCCCCCCC1=C(O)C(=O)C(=C2C(=O)C(O)=C(CCCCCCCCCCC)C(O)=C2O)C(=O)C1=O
Mol_09834	Mol_09834::M05	enone_cyclic	michael_acceptor	17;16;38;39;40	17	CCCCCCCCCCCC1=C(O)C(=O)C(=C2C(=O)C(O)=C(CCCCCCCCCCC)C(O)=C2O)C(=O)C1=O
Mol_09834	Mol_09834::M06	enone_cyclic	michael_acceptor	22;20;18;19;17	22	CCCCCCCCCCCC1=C(O)C(=O)C(=C2C(=O)C(O)=C(CCCCCCCCCCC)C(O)=C2O)C(=O)C1=O
Mol_09840	Mol_09840::M01	enone_cyclic	michael_acceptor	11;12;13;14;15	11	CCCCCCCCCCCC1=CC(=O)C(O)=C(O)C1=O
Mol_09840	Mol_09840::M02	enone_cyclic	michael_acceptor	12;11;19;20;17	12	CCCCCCCCCCCC1=CC(=O)C(O)=C(O)C1=O
Mol_09840	Mol_09840::M03	enone_cyclic	michael_acceptor	15;17;19;20;11	15	CCCCCCCCCCCC1=CC(=O)C(O)=C(O)C1=O
Mol_09840	Mol_09840::M04	enone_cyclic	michael_acceptor	17;15;13;14;12	17	CCCCCCCCCCCC1=CC(=O)C(O)=C(O)C1=O
Mol_09840	Mol_09840::M05	para_quinone	michael_acceptor	14;13;12;11;19;20;17;15	11;12;15;17	CCCCCCCCCCCC1=CC(=O)C(O)=C(O)C1=O
Mol_09843	Mol_09843::M01	enone_cyclic	michael_acceptor	19;20;22;23;24	19	CCCC/C=C/CCCCCCCCCCCCCC1=C(O)C(=O)C(C)=C(OC(C)=O)C1=O
Mol_09843	Mol_09843::M02	enone_cyclic	michael_acceptor	20;19;31;32;26	20	CCCC/C=C/CCCCCCCCCCCCCC1=C(O)C(=O)C(C)=C(OC(C)=O)C1=O
Mol_09843	Mol_09843::M03	enone_cyclic	michael_acceptor	24;26;31;32;19	24	CCCC/C=C/CCCCCCCCCCCCCC1=C(O)C(=O)C(C)=C(OC(C)=O)C1=O
Mol_09843	Mol_09843::M04	enone_cyclic	michael_acceptor	26;24;22;23;20	26	CCCC/C=C/CCCCCCCCCCCCCC1=C(O)C(=O)C(C)=C(OC(C)=O)C1=O
Mol_09843	Mol_09843::M05	para_quinone	michael_acceptor	23;22;20;19;31;32;26;24	19;20;24;26	CCCC/C=C/CCCCCCCCCCCCCC1=C(O)C(=O)C(C)=C(OC(C)=O)C1=O
Mol_09846	Mol_09846::M01	enone_cyclic	michael_acceptor	15;16;18;19;20	15	CCCCCCCCCCCCCCCC1=C(O)C(=O)C=C(O)C1=O
Mol_09846	Mol_09846::M02	enone_cyclic	michael_acceptor	16;15;23;24;21	16	CCCCCCCCCCCCCCCC1=C(O)C(=O)C=C(O)C1=O
Mol_09846	Mol_09846::M03	enone_cyclic	michael_acceptor	20;21;23;24;15	20	CCCCCCCCCCCCCCCC1=C(O)C(=O)C=C(O)C1=O
Mol_09846	Mol_09846::M04	enone_cyclic	michael_acceptor	21;20;18;19;16	21	CCCCCCCCCCCCCCCC1=C(O)C(=O)C=C(O)C1=O
Mol_09846	Mol_09846::M05	para_quinone	michael_acceptor	19;18;16;15;23;24;21;20	15;16;20;21	CCCCCCCCCCCCCCCC1=C(O)C(=O)C=C(O)C1=O
Mol_09847	Mol_09847::M01	enone_cyclic	michael_acceptor	15;16;18;19;20	15	CCCC/C=C/CCCCCCCCCC1=C(O)C(=O)C=C(O)C1=O
Mol_09847	Mol_09847::M02	enone_cyclic	michael_acceptor	16;15;23;24;21	16	CCCC/C=C/CCCCCCCCCC1=C(O)C(=O)C=C(O)C1=O
Mol_09847	Mol_09847::M03	enone_cyclic	michael_acceptor	20;21;23;24;15	20	CCCC/C=C/CCCCCCCCCC1=C(O)C(=O)C=C(O)C1=O
Mol_09847	Mol_09847::M04	enone_cyclic	michael_acceptor	21;20;18;19;16	21	CCCC/C=C/CCCCCCCCCC1=C(O)C(=O)C=C(O)C1=O
Mol_09847	Mol_09847::M05	para_quinone	michael_acceptor	19;18;16;15;23;24;21;20	15;16;20;21	CCCC/C=C/CCCCCCCCCC1=C(O)C(=O)C=C(O)C1=O
Mol_09861	Mol_09861::M01	acrylamide	michael_acceptor	12;8;6;7;5	12	CC[C@H](C)[C@@H]1NC(=O)C(C(C)=O)=C1O
Mol_09863	Mol_09863::M01	enone_cyclic	michael_acceptor	3;2;33;34;25	3	COC1=C2[C@@H]3CC[C@]4(OC(C)=O)[C@@H]5O[C@@H]5CC[C@]4(C=O)[C@H]3CC[C@]2(C)[C@@H](c2ccc(=O)oc2)C1=O
Mol_09863	Mol_09863::M02	epoxide	sn2_ring_opening	12;13;14	12;14	COC1=C2[C@@H]3CC[C@]4(OC(C)=O)[C@@H]5O[C@@H]5CC[C@]4(C=O)[C@H]3CC[C@]2(C)[C@@H](c2ccc(=O)oc2)C1=O
Mol_09863	Mol_09863::M03	aldehyde	reversible_carbonyl	17;18;19	18	COC1=C2[C@@H]3CC[C@]4(OC(C)=O)[C@@H]5O[C@@H]5CC[C@]4(C=O)[C@H]3CC[C@]2(C)[C@@H](c2ccc(=O)oc2)C1=O
Mol_09864	Mol_09864::M01	enone_cyclic	michael_acceptor	18;19;20;21;22	18	C[C@]12CC[C@H]3[C@@H](CC[C@]4(O)[C@@H]5O[C@@H]5CC[C@]34C=O)C1=CC(=O)[C@@H]2c1ccc(=O)oc1
Mol_09864	Mol_09864::M02	epoxide	sn2_ring_opening	10;11;12	10;12	C[C@]12CC[C@H]3[C@@H](CC[C@]4(O)[C@@H]5O[C@@H]5CC[C@]34C=O)C1=CC(=O)[C@@H]2c1ccc(=O)oc1
Mol_09864	Mol_09864::M03	aldehyde	reversible_carbonyl	15;16;17	16	C[C@]12CC[C@H]3[C@@H](CC[C@]4(O)[C@@H]5O[C@@H]5CC[C@]34C=O)C1=CC(=O)[C@@H]2c1ccc(=O)oc1
Mol_09865	Mol_09865::M01	epoxide	sn2_ring_opening	9;10;11	9;11	COC1=C2[C@@H]3CC[C@]4(O)[C@@H]5O[C@@H]5CC[C@]4(CO)[C@H]3CC[C@]2(C)[C@@H](c2ccc(=O)oc2)C1
Mol_09866	Mol_09866::M01	enone_cyclic	michael_acceptor	3;2;37;38;29	3	COC1=C2[C@@H]3CC[C@]4(O)C[C@@H](OC(C)=O)C[C@@H](OC(C)=O)[C@]4(C=O)[C@H]3CC[C@]2(C)[C@@H](c2ccc(=O)oc2)C1=O
Mol_09866	Mol_09866::M02	aldehyde	reversible_carbonyl	21;22;23	22	COC1=C2[C@@H]3CC[C@]4(O)C[C@@H](OC(C)=O)C[C@@H](OC(C)=O)[C@]4(C=O)[C@H]3CC[C@]2(C)[C@@H](c2ccc(=O)oc2)C1=O
Mol_09884	Mol_09884::M01	enal	michael_acceptor	14;11;12;13	14	CC1(C)CCC[C@]2(C)[C@H](C=O)C(C=O)=CC[C@@H]12
Mol_09884	Mol_09884::M02	aldehyde	reversible_carbonyl	8;9;10	9	CC1(C)CCC[C@]2(C)[C@H](C=O)C(C=O)=CC[C@@H]12
Mol_09884	Mol_09884::M03	aldehyde	reversible_carbonyl	11;12;13	12	CC1(C)CCC[C@]2(C)[C@H](C=O)C(C=O)=CC[C@@H]12
Mol_09907	Mol_09907::M01	acrylate_ester	michael_acceptor	12;13;15;16;17;11	12	C=C([C@H]1CC=C(C)CC1)[C@H](O)[C@H]1C=C(C)C(=O)O1
Mol_09907	Mol_09907::M02	unsat_lactone	michael_acceptor	17;15;16;13;12	12	C=C([C@H]1CC=C(C)CC1)[C@H](O)[C@H]1C=C(C)C(=O)O1
Mol_09909	Mol_09909::M01	acrylic_acid	michael_acceptor	13;14;16;17;18	13	C=C([C@H]1CC=C(C)CC1)[C@H](O)[C@@H](O)/C=C(\C)C(=O)O
Mol_09910	Mol_09910::M01	acrylic_acid	michael_acceptor	11;12;14;15;16	11	CC1=CC[C@H]([C@@](C)(O)[C@@H](O)C/C=C(\C)C(=O)O)CC1
Mol_09911	Mol_09911::M01	acrylic_acid	michael_acceptor	2;1;17;18;19	2	C/C(=C\C[C@H](O)[C@](C)(O)[C@H]1CC=C(CO)CC1)C(=O)O
Mol_09912	Mol_09912::M01	acrylic_acid	michael_acceptor	12;13;15;16;17	12	CC1=CC[C@H]([C@@](C)(O)[C@@H](O)[C@@H](O)/C=C(\C)C(=O)O)CC1
Mol_09913	Mol_09913::M01	acrylate_ester	michael_acceptor	10;11;13;14;15;9	10	CC1=CC[C@H]([C@@]2(C)O[C@@H]2[C@H]2C=C(C)C(=O)O2)CC1
Mol_09913	Mol_09913::M02	unsat_lactone	michael_acceptor	15;13;14;11;10	10	CC1=CC[C@H]([C@@]2(C)O[C@@H]2[C@H]2C=C(C)C(=O)O2)CC1
Mol_09913	Mol_09913::M03	epoxide	sn2_ring_opening	5;7;8	5;8	CC1=CC[C@H]([C@@]2(C)O[C@@H]2[C@H]2C=C(C)C(=O)O2)CC1
Mol_09914	Mol_09914::M01	epoxide	sn2_ring_opening	5;7;8	5;8	CC1=CC[C@H]([C@@]2(C)O[C@@H]2[C@H]2C[C@@H](C)C(=O)O2)CC1
Mol_09922	Mol_09922::M01	acrylic_acid	michael_acceptor	4;3;1;0;2	4	O=C(O)C1=C[C@@H](O)[C@@H](O)[C@H](O)C1
Mol_09927	Mol_09927::M01	enone_cyclic	michael_acceptor	3;2;1;0;15	3	O=C1C=C(/C=C/c2ccc(O)c(O)c2)OC12C(c1cc(O)cc(=O)o1)=Cc1cc(O)c(O)cc12
Mol_09931	Mol_09931::M01	acrylic_acid	michael_acceptor	11;13;14;15;16	11	C=C1CCCC(C)(C)[C@@H]1/C=C/C(C)=C/C(=O)O
Mol_09932	Mol_09932::M01	acrylic_acid	michael_acceptor	11;13;14;15;16	11	C=C1CCCC(C)(C)[C@@H]1CC/C(C)=C/C(=O)O
Mol_09933	Mol_09933::M01	acrylic_acid	michael_acceptor	12;14;15;16;17	12	C=C1CCCC(C)(C)[C@@H]1[C@H]1O[C@@H]1/C(C)=C/C(=O)O
Mol_09933	Mol_09933::M02	epoxide	sn2_ring_opening	9;10;11	9;11	C=C1CCCC(C)(C)[C@@H]1[C@H]1O[C@@H]1/C(C)=C/C(=O)O
Mol_09934	Mol_09934::M01	acrylic_acid	michael_acceptor	12;14;15;16;17	12	C=C1CCCC(C)(C)[C@@H]1C[C@@H](O)/C(C)=C/C(=O)O
Mol_09960	Mol_09960::M01	enone_ketone_acyclic	michael_acceptor	3;2;1;0;12	3	O=C(/C=C/c1ccc(O)c(O)c1)c1ccc(O)cc1O
Mol_09960	Mol_09960::M02	chalcone	michael_acceptor	12;1;0;2;3;4	3	O=C(/C=C/c1ccc(O)c(O)c1)c1ccc(O)cc1O
Mol_09991	Mol_09991::M01	acrylate_ester	michael_acceptor	3;2;1;0;11;12	3	O=C(/C=C/c1ccc(O)cc1)OC[C@H]1O[C@@H](Oc2c(-c3ccc(O)c(O)c3)oc3cc(O)cc(O)c3c2=O)C(O)C(O)[C@@H]1O
Mol_10022	Mol_10022::M01	epoxide	sn2_ring_opening	9;10;11	9;11	C=C(C)C#CC1=C[C@H](O)[C@@H]2O[C@]2(CC=C(C)C)[C@@H]1O
Mol_10023	Mol_10023::M01	epoxide	sn2_ring_opening	9;10;11	9;11	C=C(C)C#CC1=C[C@@H](O)[C@@H]2O[C@]2(CC=C(C)C)[C@@H]1O
Mol_10024	Mol_10024::M01	epoxide	sn2_ring_opening	9;10;11	9;11	C=C(C)C#CC1=C[C@@H](O)[C@@H]2O[C@]2(C/C=C(/C)CO)[C@@H]1O
Mol_10026	Mol_10026::M01	acrylate_ester	michael_acceptor	2;1;11;12;10;9	2	CC1=C(CCCC(=O)O)COC1=O
Mol_10026	Mol_10026::M02	unsat_lactone	michael_acceptor	10;11;12;1;2	2	CC1=C(CCCC(=O)O)COC1=O
Mol_10028	Mol_10028::M01	epoxide	sn2_ring_opening	9;10;11	9;11	C=C(C)C#CC1=C[C@@H](O)[C@@H]2O[C@]2(CCC(C)CO)[C@@H]1O
Mol_10033	Mol_10033::M01	enone_cyclic	michael_acceptor	23;22;20;21;19	23	C=C(CC[C@@H](C)C1CCC2C3C(CC[C@@]21C)[C@@]1(C)CCC(=O)C=C1C[C@H]3O)C(C)C
Mol_10035	Mol_10035::M01	enone_cyclic	michael_acceptor	14;15;16;17;18	14	C=C(CC[C@](C)(O)C1CCC2C3C=CC4=CC(=O)CC[C@]4(C)C3CC[C@@]21C)C(C)C
Mol_10036	Mol_10036::M01	enone_cyclic	michael_acceptor	24;23;21;22;20	24	C=C(CC[C@](C)(O)C1CCC2C3C(CC[C@@]21C)[C@@]1(C)CCC(=O)C=C1C[C@H]3O)C(C)C
Mol_10037	Mol_10037::M01	enone_cyclic	michael_acceptor	24;23;21;22;20	24	C=C(CC[C@](C)(O)C1CC[C@H]2[C@H]3C(CC[C@]12C)[C@@]1(C)CCC(=O)C=C1C[C@H]3O)C(C)C
Mol_10039	Mol_10039::M01	acrylic_acid	michael_acceptor	2;1;30;31;32	2	C/C(=C\CC[C@@H](C)[C@H]1CC[C@@]2(C)[C@@H]3CC[C@H]4C(C)(C)[C@@H](O)CC[C@@]45C[C@@]35CC[C@]12C)C(=O)O
Mol_10040	Mol_10040::M01	acrylic_acid	michael_acceptor	2;1;31;32;33	2	C/C(=C\C[C@H](O)[C@@H](C)[C@H]1CC[C@@]2(C)[C@@H]3CC[C@H]4C(C)(C)[C@@H](O)CC[C@@]45C[C@@]35CC[C@]12C)C(=O)O
Mol_10051	Mol_10051::M01	enone_cyclic	michael_acceptor	14;13;11;12;10	14	C=C(CC[C@@H](C)[C@H]1CC[C@H]2[C@@H]3C(=O)C=C4C[C@@H](O)CC[C@]4(C)[C@H]3CC[C@]12C)C(C)C
Mol_10056	Mol_10056::M01	enone_cyclic	michael_acceptor	13;14;15;16;17	13	C=C(CC[C@@H](C)[C@H]1CC[C@H]2[C@@H]3C=CC4=CC(=O)CC[C@]4(C)[C@H]3CC[C@]12C)C(C)C
Mol_10257	Mol_10257::M01	acrylamide	michael_acceptor	16;17;18;19;20	16	COc1cc(O)cc(C2Oc3c(OC)cc(/C=C/C(=O)NCCc4ccc(O)cc4)cc3C2C(=O)NCCc2ccc(O)cc2)c1
Mol_10264	Mol_10264::M01	nitrile	addition_to_CN	22;23;24	23	COc1cc2c(cc1OC)[C@@H]1Cc3ccc(OC)c(OC)c3C(C#N)N1CC2
Mol_10267	Mol_10267::M01	acrylamide	michael_acceptor	15;17;26;27;24	15	C/C=C/[C@@H]1C=C[C@@H]2C[C@@H](C)CC[C@@H]2[C@]1(C)/C(O)=C1\C(=O)C(C(C)O)N(C)C1=O
Mol_10304	Mol_10304::M01	acrylate_ester	michael_acceptor	34;33;31;32;30;29	34	CCCCCCCCCCCCCCCCCCCCCCCCCCCCCCOC(=O)/C=C/c1ccc(O)cc1
Mol_10305	Mol_10305::M01	acrylic_acid	michael_acceptor	9;5;6;7;8	9	C[C@H]1CC[C@@H]2C(C(=O)O)=CC[C@@H]3[C@H]([C@@H]21)[C@@]3(C)C(=O)O
Mol_10306	Mol_10306::M01	acrylic_acid	michael_acceptor	9;5;6;7;8	9	C[C@H]1CC[C@@H]2C(C(=O)O)=CC[C@@H]3[C@H]([C@@H]21)[C@@]3(C)C=O
Mol_10306	Mol_10306::M02	aldehyde	reversible_carbonyl	14;16;17	16	C[C@H]1CC[C@@H]2C(C(=O)O)=CC[C@@H]3[C@H]([C@@H]21)[C@@]3(C)C=O
Mol_10346	Mol_10346::M01	acrylic_acid	michael_acceptor	10;11;12;13;14	10	CCC(C(=O)O)[C@@H]1O[C@H]2OC=C(C(=O)O)[C@H]3C=C[C@]1(O)[C@@H]23
Mol_10347	Mol_10347::M01	acrylate_ester	michael_acceptor	9;10;14;15;16;8	9	COC(=O)[C@@H]1[C@H]2C=C[C@@]3(C=C([C@H](C)O)C(=O)O3)[C@H]2CO[C@H]1O
Mol_10347	Mol_10347::M02	unsat_lactone	michael_acceptor	16;14;15;10;9	9	COC(=O)[C@@H]1[C@H]2C=C[C@@]3(C=C([C@H](C)O)C(=O)O3)[C@H]2CO[C@H]1O
Mol_10348	Mol_10348::M01	acrylate_ester	michael_acceptor	10;11;12;13;14;15	10	CCC(C(=O)O)[C@@H]1O[C@H]2OC=C(C(=O)OC)[C@H]3C=C[C@]1(O)[C@@H]23
Mol_10349	Mol_10349::M01	acrylate_ester	michael_acceptor	9;10;14;15;16;8	9	COC(=O)[C@@H]1[C@H]2C=C[C@@]3(C=C([C@H](C)O)C(=O)O3)[C@H]2CO[C@@H]1O
Mol_10349	Mol_10349::M02	unsat_lactone	michael_acceptor	16;14;15;10;9	9	COC(=O)[C@@H]1[C@H]2C=C[C@@]3(C=C([C@H](C)O)C(=O)O3)[C@H]2CO[C@@H]1O
Mol_10350	Mol_10350::M01	acrylate_ester	michael_acceptor	1;2;3;4;5;6	1	C/C=C1\C(=O)O[C@]23C=C[C@@H]4C(C(=O)OC)=CO[C@H](O[C@@H]12)[C@@H]43
Mol_10350	Mol_10350::M02	acrylate_ester	michael_acceptor	15;10;11;12;13;14	15	C/C=C1\C(=O)O[C@]23C=C[C@@H]4C(C(=O)OC)=CO[C@H](O[C@@H]12)[C@@H]43
Mol_10351	Mol_10351::M01	acrylate_ester	michael_acceptor	1;2;3;4;5;6	1	C/C=C1/C(=O)O[C@]23C=C[C@@H]4C(C(=O)OC)=CO[C@H](O[C@@H]12)[C@@H]43
Mol_10351	Mol_10351::M02	acrylate_ester	michael_acceptor	15;10;11;12;13;14	15	C/C=C1/C(=O)O[C@]23C=C[C@@H]4C(C(=O)OC)=CO[C@H](O[C@@H]12)[C@@H]43
Mol_10352	Mol_10352::M01	acrylate_ester	michael_acceptor	15;10;11;12;13;14	15	CC[C@@H]1C(=O)O[C@]23C=C[C@@H]4C(C(=O)OC)=CO[C@H](OC12)[C@@H]43
Mol_10353	Mol_10353::M01	acrylate_ester	michael_acceptor	1;2;3;4;5;6	1	C/C=C1\C(=O)OC23C=CC4CC(O)OC(OC12)C43
Mol_10354	Mol_10354::M01	acrylate_ester	michael_acceptor	1;2;3;4;5;6	1	C/C=C1/C(=O)O[C@]23C=C[C@@H]4[C@H](C(=O)OC)[C@@H](O)O[C@H](O[C@@H]12)[C@@H]43
Mol_10357	Mol_10357::M01	enone_cyclic	michael_acceptor	2;3;4;5;6	2	COC1=CC(=O)C=C(OC)C1=O
Mol_10357	Mol_10357::M02	enone_cyclic	michael_acceptor	3;2;10;11;7	3	COC1=CC(=O)C=C(OC)C1=O
Mol_10357	Mol_10357::M03	enone_cyclic	michael_acceptor	6;7;10;11;2	6	COC1=CC(=O)C=C(OC)C1=O
Mol_10357	Mol_10357::M04	enone_cyclic	michael_acceptor	7;6;4;5;3	7	COC1=CC(=O)C=C(OC)C1=O
Mol_10357	Mol_10357::M05	para_quinone	michael_acceptor	5;4;3;2;10;11;7;6	2;3;6;7	COC1=CC(=O)C=C(OC)C1=O
Mol_10363	Mol_10363::M01	acrylate_ester	michael_acceptor	5;4;2;3;1;0	5	COC(=O)C1=CO[C@@H](C)[C@H]2CN3CCc4c([nH]c5ccc(OC)cc45)[C@H]3C[C@@H]12
Mol_10364	Mol_10364::M01	acrylate_ester	michael_acceptor	5;4;2;3;1;0	5	COC(=O)C1=CO[C@@H](C)[C@H]2C[N+]3(C)CCc4c([n-]c5ccc(OC)cc45)[C@@H]3C[C@H]12
Mol_10370	Mol_10370::M01	aldehyde	reversible_carbonyl	23;24;25	24	CC(=O)O[C@@H]1C2C3C[C@H]4C5=Nc6ccccc6[C@]51C[C@@H]2N4[C@@H](C)[C@@H]3C=O
Mol_10373	Mol_10373::M01	acrylate_ester	michael_acceptor	5;4;2;3;1;0	5	COC(=O)C1=CO[C@@H](C)[C@@H]2CN3CCc4c([nH]c5ccc(OC)cc45)[C@@H]3C[C@H]12
Mol_10374	Mol_10374::M01	acrylate_ester	michael_acceptor	5;4;2;3;1;0	5	COC(=O)C1=CO[C@@H](C)[C@@H]2CN3CCc4c([nH]c5cc(OC)c(OC)cc45)[C@@H]3C[C@H]12
Mol_10375	Mol_10375::M01	acrylate_ester	michael_acceptor	5;4;2;3;1;0	5	COC(=O)C1=CO[C@@H](C)[C@@H]2CN3CCc4c([nH]c5cc(OC)c(OC)cc45)[C@H]3C[C@H]12
Mol_10376	Mol_10376::M01	acrylate_ester	michael_acceptor	5;4;2;3;1;0	5	COC(=O)C1=CO[C@@H](C)[C@H]2C[N+]3(C)CCc4c([nH]c5ccccc45)[C@@H]3C[C@H]12
Mol_10377	Mol_10377::M01	acrylate_ester	michael_acceptor	3;4;5;6;7;8	3	C=C1OC=C(C(=O)OC)[C@H]2C[C@@H]3c4[nH]c5cc(OC)c(OC)cc5c4CCN3C[C@@H]12
Mol_10378	Mol_10378::M01	acrylate_ester	michael_acceptor	5;4;2;3;1;0	5	COC(=O)C1=CO[C@H](C)[C@H]2CN3CCc4c([nH]c5ccccc45)[C@@H]3C[C@H]12
Mol_10379	Mol_10379::M01	acrylate_ester	michael_acceptor	5;4;2;3;1;0	5	COC(=O)C1=CO[C@H](C)[C@@H]2CN3CCc4c([nH]c5cc(OC)c(OC)cc45)[C@H]3C[C@H]12
Mol_10386	Mol_10386::M01	acrylate_ester	michael_acceptor	5;4;2;3;1;0	5	COC(=O)C1=COC(C)C2CN3CCc4c([nH]c5cc(OC)ccc45)C3CC12
Mol_10388	Mol_10388::M01	acrylate_ester	michael_acceptor	5;4;2;3;1;0	5	COC(=O)/C=C/c1cc(OC)c(OC)c(OC)c1
Mol_10396	Mol_10396::M01	acrylamide	michael_acceptor	17;16;19;20;12	17	C=C1c2[nH]c3ccccc3c2CN2CC[C@H]1/C(=C\C)C2=O
Mol_10407	Mol_10407::M01	aldehyde	reversible_carbonyl	23;24;25	24	C/C=C1/C[N@+]2(C)[C@H](C(=O)[O-])Cc3c([nH]c4ccccc34)[C@@H]2C[C@@H]1CC=O
Mol_10408	Mol_10408::M01	aldehyde	reversible_carbonyl	23;24;25	24	C/C=C1/C[N@@+]2(C)[C@H](C(=O)[O-])Cc3c([nH]c4ccccc34)[C@@H]2C[C@@H]1CC=O
Mol_10481	Mol_10481::M01	enone_cyclic	michael_acceptor	19;18;16;17;15	19	C[C@@H]1CC[C@@]2(OC1)O[C@H]1C[C@H]3[C@@H]4CC[C@H]5CC(=O)C=C[C@]5(C)[C@H]4CC[C@]3(C)[C@H]1[C@@H]2C
Mol_10488	Mol_10488::M01	para_quinone	michael_acceptor	9;8;6;5;36;37;35;10	5;6;10;35	Cc1cc(O)c2c(c1)C(=O)c1ccc(-c3c(C)cc4c(c3O)C(=O)c3c(O)cccc3C4=O)c(O)c1C2=O
Mol_10488	Mol_10488::M02	para_quinone	michael_acceptor	23;22;19;18;31;32;30;24	18;19;24;30	Cc1cc(O)c2c(c1)C(=O)c1ccc(-c3c(C)cc4c(c3O)C(=O)c3c(O)cccc3C4=O)c(O)c1C2=O
Mol_10508	Mol_10508::M01	acrylate_ester	michael_acceptor	1;2;4;5;6;7	1	C/C=C(/C)C(=O)O[C@@H]1C[C@@H](C)[C@]2(C[C@@H](C3=CC(O)OC3=O)OC2=O)[C@H]2CC[C@@H]3O[C@]3(C)[C@]21C
Mol_10508	Mol_10508::M02	acrylate_ester	michael_acceptor	15;14;19;20;18;16	15	C/C=C(/C)C(=O)O[C@@H]1C[C@@H](C)[C@]2(C[C@@H](C3=CC(O)OC3=O)OC2=O)[C@H]2CC[C@@H]3O[C@]3(C)[C@]21C
Mol_10508	Mol_10508::M03	unsat_lactone	michael_acceptor	18;19;20;14;15	15	C/C=C(/C)C(=O)O[C@@H]1C[C@@H](C)[C@]2(C[C@@H](C3=CC(O)OC3=O)OC2=O)[C@H]2CC[C@@H]3O[C@]3(C)[C@]21C
Mol_10508	Mol_10508::M04	epoxide	sn2_ring_opening	27;28;29	27;29	C/C=C(/C)C(=O)O[C@@H]1C[C@@H](C)[C@]2(C[C@@H](C3=CC(O)OC3=O)OC2=O)[C@H]2CC[C@@H]3O[C@]3(C)[C@]21C
Mol_10509	Mol_10509::M01	acrylate_ester	michael_acceptor	15;14;19;20;18;16	15	CCC(C)C(=O)O[C@@H]1C[C@@H](C)[C@]2(C[C@@H](C3=CC(O)OC3=O)OC2=O)[C@H]2CC[C@@H]3O[C@]3(C)[C@]21C
Mol_10509	Mol_10509::M02	unsat_lactone	michael_acceptor	18;19;20;14;15	15	CCC(C)C(=O)O[C@@H]1C[C@@H](C)[C@]2(C[C@@H](C3=CC(O)OC3=O)OC2=O)[C@H]2CC[C@@H]3O[C@]3(C)[C@]21C
Mol_10509	Mol_10509::M03	epoxide	sn2_ring_opening	27;28;29	27;29	CCC(C)C(=O)O[C@@H]1C[C@@H](C)[C@]2(C[C@@H](C3=CC(O)OC3=O)OC2=O)[C@H]2CC[C@@H]3O[C@]3(C)[C@]21C
Mol_10510	Mol_10510::M01	epoxide	sn2_ring_opening	10;11;12	10;12	C[C@@H]1CC(=O)[C@@]2(C)[C@H](CC[C@@H]3O[C@@]32C)[C@@]12C[C@@H](c1ccoc1)OC2=O
Mol_10511	Mol_10511::M01	epoxide	sn2_ring_opening	11;12;13	11;13	C[C@@H]1CC(=O)[C@@]2(C)[C@](O)(CC[C@@H]3O[C@@]32C)[C@@]12C[C@@H](c1ccoc1)OC2=O
Mol_10520	Mol_10520::M01	acrylate_ester	michael_acceptor	20;19;23;24;22;21	20	C[C@@H]1CC[C@@]2(CO)C(CO)=C[C@@H](O)C[C@@H]2[C@@]1(C)CCC1=CCOC1=O
Mol_10520	Mol_10520::M02	unsat_lactone	michael_acceptor	22;23;24;19;20	20	C[C@@H]1CC[C@@]2(CO)C(CO)=C[C@@H](O)C[C@@H]2[C@@]1(C)CCC1=CCOC1=O
Mol_10531	Mol_10531::M01	acrylate_ester	michael_acceptor	3;2;1;0;12;13	3	O=C(/C=C/c1ccc(O)c(O)c1)O[C@H]1[C@@H](OC(=O)/C=C/c2ccc(O)c(O)c2)C[C@](O)(C(=O)O)C[C@@H]1O
Mol_10531	Mol_10531::M02	acrylate_ester	michael_acceptor	19;18;16;17;15;14	19	O=C(/C=C/c1ccc(O)c(O)c1)O[C@H]1[C@@H](OC(=O)/C=C/c2ccc(O)c(O)c2)C[C@](O)(C(=O)O)C[C@@H]1O
Mol_10532	Mol_10532::M01	acrylate_ester	michael_acceptor	3;2;1;0;12;13	3	O=C(C=Cc1ccc(O)c(O)c1)OCC1OC(Oc2coccc2=O)C(O)C(O)C1O
Mol_10534	Mol_10534::M01	acrylate_ester	michael_acceptor	3;2;1;0;12;13	3	O=C(/C=C/c1ccc(O)c(O)c1)O[C@@H]1[C@@H](OC(=O)/C=C/c2ccc(O)c(O)c2)C[C@@](O)(C(=O)O)C[C@@H]1O
Mol_10534	Mol_10534::M02	acrylate_ester	michael_acceptor	19;18;16;17;15;14	19	O=C(/C=C/c1ccc(O)c(O)c1)O[C@@H]1[C@@H](OC(=O)/C=C/c2ccc(O)c(O)c2)C[C@@](O)(C(=O)O)C[C@@H]1O
Mol_10539	Mol_10539::M01	aldehyde	reversible_carbonyl	2;1;0	1	O=Cc1ccccc1O
Mol_10554	Mol_10554::M01	acrylate_ester	michael_acceptor	0;1;2;3;4;5	0	C=C1C(=O)O[C@@H]2/C=C(/C)C(=O)/C=C/[C@](C)(O)C[C@@H](OC(=O)C(C)C)[C@@H]12
Mol_10554	Mol_10554::M02	enone_cyclic	michael_acceptor	6;7;9;10;11	6	C=C1C(=O)O[C@@H]2/C=C(/C)C(=O)/C=C/[C@](C)(O)C[C@@H](OC(=O)C(C)C)[C@@H]12
Mol_10554	Mol_10554::M03	enone_cyclic	michael_acceptor	12;11;9;10;7	12	C=C1C(=O)O[C@@H]2/C=C(/C)C(=O)/C=C/[C@](C)(O)C[C@@H](OC(=O)C(C)C)[C@@H]12
Mol_10554	Mol_10554::M04	methylene_butyrolactone	michael_acceptor	0;1;2;3;4	0	C=C1C(=O)O[C@@H]2/C=C(/C)C(=O)/C=C/[C@](C)(O)C[C@@H](OC(=O)C(C)C)[C@@H]12
Mol_10561	Mol_10561::M01	acrylate_ester	michael_acceptor	21;18;16;17;15;14	21	C[C@H]1C[C@@H]2O[C@](O)(CC1=O)[C@@](C)(O)C=C1OC(=O)C(CO)=C12
Mol_10561	Mol_10561::M02	unsat_lactone	michael_acceptor	15;16;17;18;21	21	C[C@H]1C[C@@H]2O[C@](O)(CC1=O)[C@@](C)(O)C=C1OC(=O)C(CO)=C12
Mol_10563	Mol_10563::M01	acrylate_ester	michael_acceptor	23;22;26;27;25;24	23	CC(=O)OCC1=C[C@H](O)C[C@H]2[C@]1(CO)CC[C@@H](C)[C@]2(C)CCC1=CCOC1=O
Mol_10563	Mol_10563::M02	unsat_lactone	michael_acceptor	25;26;27;22;23	23	CC(=O)OCC1=C[C@H](O)C[C@H]2[C@]1(CO)CC[C@@H](C)[C@]2(C)CCC1=CCOC1=O
Mol_10569	Mol_10569::M01	acrylate_ester	michael_acceptor	20;19;23;24;22;21	20	C[C@@H]1CC[C@@]2(CO)C(CO)=C[C@H](O)C[C@@H]2[C@@]1(C)CCC1=CCOC1=O
Mol_10569	Mol_10569::M02	unsat_lactone	michael_acceptor	22;23;24;19;20	20	C[C@@H]1CC[C@@]2(CO)C(CO)=C[C@H](O)C[C@@H]2[C@@]1(C)CCC1=CCOC1=O
Mol_10579	Mol_10579::M01	epoxide	sn2_ring_opening	3;31;32	3;32	CC(C)[C@@]1([C@@H](O)C[C@@H](C)[C@@H]2[C@@H](O)C[C@H]3[C@@H]4C(=O)C[C@H]5C[C@@H](O)CC[C@]5(C)[C@H]4CC[C@]23C)O[C@H]1C
Mol_10580	Mol_10580::M01	epoxide	sn2_ring_opening	3;32;33	3;33	CC(C)[C@@]1([C@@H](O)C[C@@H](C)[C@@H]2[C@@H](O)C[C@H]3[C@@H]4C(=O)[C@H](O)[C@H]5C[C@@H](O)CC[C@]5(C)[C@H]4CC[C@]23C)O[C@H]1C
Mol_10581	Mol_10581::M01	epoxide	sn2_ring_opening	3;42;43	3;43	CC(C)[C@@]1([C@@H](O)C[C@@H](C)[C@@H]2[C@@H](O)C[C@H]3[C@@H]4C(=O)C[C@H]5C[C@@H](OC6O[C@H](CO)[C@@H](O)[C@H](O)[C@H]6O)CC[C@]5(C)[C@H]4CC[C@]23C)O[C@H]1C
Mol_10582	Mol_10582::M01	epoxide	sn2_ring_opening	3;43;44	3;44	CC(C)[C@@]1([C@@H](O)C[C@@H](C)[C@@H]2[C@@H](O)C[C@H]3[C@@H]4C(=O)[C@H](O)[C@H]5C[C@@H](OC6O[C@H](CO)[C@@H](O)[C@H](O)[C@H]6O)CC[C@]5(C)[C@H]4CC[C@]23C)O[C@H]1C
Mol_10589	Mol_10589::M01	para_quinone	michael_acceptor	9;8;6;5;16;17;15;10	5;6;10;15	CC(=O)c1cc2c(o1)C(=O)c1ccccc1C2=O
Mol_10590	Mol_10590::M01	para_quinone	michael_acceptor	9;8;6;5;18;19;17;10	5;6;10;17	COc1ccc2c(c1)C(=O)c1cc(C(C)=O)oc1C2=O
Mol_10593	Mol_10593::M01	enone_cyclic	michael_acceptor	6;5;16;17;14	6	CC(C)=CCC1=C(O)c2ccccc2C(=O)C1=O
Mol_10593	Mol_10593::M02	ortho_quinone	michael_acceptor	15;14;16;17;5;6;8;13	5;6;8;13	CC(C)=CCC1=C(O)c2ccccc2C(=O)C1=O
Mol_10594	Mol_10594::M01	enone_cyclic	michael_acceptor	10;12;1;0;2	10	O=C1C(=O)c2ccccc2C(O)=C1C1CCC(c2ccc(Cl)cc2)CC1
Mol_10594	Mol_10594::M02	ortho_quinone	michael_acceptor	0;1;2;3;4;9;10;12	4;9;10;12	O=C1C(=O)c2ccccc2C(O)=C1C1CCC(c2ccc(Cl)cc2)CC1
Mol_10596	Mol_10596::M01	para_quinone	michael_acceptor	9;8;6;5;16;17;15;10	5;6;10;15	C=C(C)c1cc2c(o1)C(=O)c1ccccc1C2=O
Mol_10597	Mol_10597::M01	enone_cyclic	michael_acceptor	5;6;8;9;10	5	C=C(C)C1CC2=C(O1)C(=O)c1ccccc1C2=O
Mol_10597	Mol_10597::M02	enone_cyclic	michael_acceptor	6;5;16;17;15	6	C=C(C)C1CC2=C(O1)C(=O)c1ccccc1C2=O
Mol_10597	Mol_10597::M03	para_quinone	michael_acceptor	9;8;6;5;16;17;15;10	5;6;10;15	C=C(C)C1CC2=C(O1)C(=O)c1ccccc1C2=O
Mol_10599	Mol_10599::M01	enone_cyclic	michael_acceptor	6;7;9;10;11	6	CC(=O)O/C=C/C1=C(O)C(=O)c2ccccc2C1=O
Mol_10599	Mol_10599::M02	enone_cyclic	michael_acceptor	7;6;17;18;16	7	CC(=O)O/C=C/C1=C(O)C(=O)c2ccccc2C1=O
Mol_10599	Mol_10599::M03	para_quinone	michael_acceptor	10;9;7;6;17;18;16;11	6;7;11;16	CC(=O)O/C=C/C1=C(O)C(=O)c2ccccc2C1=O
Mol_10600	Mol_10600::M01	enone_cyclic	michael_acceptor	5;6;8;9;10	5	CC1(C)C=CC2=C(O1)C(=O)c1ccccc1C2=O
Mol_10600	Mol_10600::M02	enone_cyclic	michael_acceptor	6;5;16;17;15	6	CC1(C)C=CC2=C(O1)C(=O)c1ccccc1C2=O
Mol_10600	Mol_10600::M03	para_quinone	michael_acceptor	9;8;6;5;16;17;15;10	5;6;10;15	CC1(C)C=CC2=C(O1)C(=O)c1ccccc1C2=O
Mol_10601	Mol_10601::M01	enone_cyclic	michael_acceptor	9;10;12;13;14	9	CC(C)(O[N+](=O)[O-])C1CC2=C(O1)C(=O)c1ccccc1C2=O
Mol_10601	Mol_10601::M02	enone_cyclic	michael_acceptor	10;9;20;21;19	10	CC(C)(O[N+](=O)[O-])C1CC2=C(O1)C(=O)c1ccccc1C2=O
Mol_10601	Mol_10601::M03	para_quinone	michael_acceptor	13;12;10;9;20;21;19;14	9;10;14;19	CC(C)(O[N+](=O)[O-])C1CC2=C(O1)C(=O)c1ccccc1C2=O
Mol_10603	Mol_10603::M01	enone_cyclic	michael_acceptor	8;9;11;12;13	8	Cc1cc2c(cc1OC1=C(O)C(=O)c3ccccc3C1=O)C(=O)c1ccccc1C2=O
Mol_10603	Mol_10603::M02	enone_cyclic	michael_acceptor	9;8;19;20;18	9	Cc1cc2c(cc1OC1=C(O)C(=O)c3ccccc3C1=O)C(=O)c1ccccc1C2=O
Mol_10603	Mol_10603::M03	para_quinone	michael_acceptor	12;11;9;8;19;20;18;13	8;9;13;18	Cc1cc2c(cc1OC1=C(O)C(=O)c3ccccc3C1=O)C(=O)c1ccccc1C2=O
Mol_10603	Mol_10603::M04	para_quinone	michael_acceptor	22;21;4;3;29;30;28;23	3;4;23;28	Cc1cc2c(cc1OC1=C(O)C(=O)c3ccccc3C1=O)C(=O)c1ccccc1C2=O
Mol_10604	Mol_10604::M01	enone_cyclic	michael_acceptor	8;7;18;19;16	8	Cc1ccc2c(c1C1=C(O)c3ccccc3C(=O)C1=O)C(=O)c1ccccc1C2=O
Mol_10604	Mol_10604::M02	para_quinone	michael_acceptor	21;20;5;4;28;29;27;22	4;5;22;27	Cc1ccc2c(c1C1=C(O)c3ccccc3C(=O)C1=O)C(=O)c1ccccc1C2=O
Mol_10604	Mol_10604::M03	ortho_quinone	michael_acceptor	17;16;18;19;7;8;10;15	7;8;10;15	Cc1ccc2c(c1C1=C(O)c3ccccc3C(=O)C1=O)C(=O)c1ccccc1C2=O
Mol_10608	Mol_10608::M01	enone_cyclic	michael_acceptor	2;3;6;7;8	2	COC1=C(OC)C(=O)C=CC1=O
Mol_10608	Mol_10608::M02	enone_cyclic	michael_acceptor	3;2;10;11;9	3	COC1=C(OC)C(=O)C=CC1=O
Mol_10608	Mol_10608::M03	enone_cyclic	michael_acceptor	8;9;10;11;2	8	COC1=C(OC)C(=O)C=CC1=O
Mol_10608	Mol_10608::M04	enone_cyclic	michael_acceptor	9;8;6;7;3	9	COC1=C(OC)C(=O)C=CC1=O
Mol_10608	Mol_10608::M05	para_quinone	michael_acceptor	7;6;3;2;10;11;9;8	2;3;8;9	COC1=C(OC)C(=O)C=CC1=O
Mol_10612	Mol_10612::M01	enone_cyclic	michael_acceptor	5;6;8;9;10	5	C=C(C)C1CC2=C(O1)C(=O)c1cc(O)cc(O)c1C2=O
Mol_10612	Mol_10612::M02	enone_cyclic	michael_acceptor	6;5;18;19;17	6	C=C(C)C1CC2=C(O1)C(=O)c1cc(O)cc(O)c1C2=O
Mol_10612	Mol_10612::M03	para_quinone	michael_acceptor	9;8;6;5;18;19;17;10	5;6;10;17	C=C(C)C1CC2=C(O1)C(=O)c1cc(O)cc(O)c1C2=O
Mol_10618	Mol_10618::M01	para_quinone	michael_acceptor	12;11;5;4;19;20;18;13	4;5;13;18	COc1cc2c(c(C=O)c1O)C(=O)c1ccccc1C2=O
Mol_10618	Mol_10618::M02	aldehyde	reversible_carbonyl	6;7;8	7	COc1cc2c(c(C=O)c1O)C(=O)c1ccccc1C2=O
Mol_10627	Mol_10627::M01	para_quinone	michael_acceptor	8;7;6;5;15;16;14;9	5;6;9;14	Cc1c2c(cc3c1C(=O)c1ccccc1C3=O)C(C)(O)CC2
Mol_10628	Mol_10628::M01	para_quinone	michael_acceptor	13;12;9;8;20;21;19;14	8;9;14;19	CC1(O)CCc2ccc3c(c2C1)C(=O)c1ccccc1C3=O
Mol_10629	Mol_10629::M01	para_quinone	michael_acceptor	13;12;9;8;20;21;19;14	8;9;14;19	CC(=O)CCc1ccc2c(c1C)C(=O)c1ccccc1C2=O
Mol_10633	Mol_10633::M01	acrylamide	michael_acceptor	4;2;1;0;15	4	O=C1C(O)=C(c2ccccc2)[C@@H]2CCCN12
Mol_10634	Mol_10634::M01	acrylamide	michael_acceptor	4;2;1;0;16	4	O=C1C(O)=C(c2ccc(O)cc2)[C@@H]2CCCN12
Mol_10636	Mol_10636::M01	acrylic_acid	michael_acceptor	5;6;7;8;9	5	CCCCC/C=C(/C(=O)O)C(C)C(=O)O
Mol_10637	Mol_10637::M01	acrylic_acid	michael_acceptor	18;20;21;22;23	18	C=C1CC[C@@H]2[C@](C)(CCC[C@]2(C)C(=O)O)[C@H]1CC/C(C)=C/C(=O)O
Mol_10639	Mol_10639::M01	acrylamide	michael_acceptor	2;3;4;5;6	2	O=C(/C=C/C(=O)Nc1ccccc1C(=O)O)Nc1ccccc1C(=O)O
Mol_10639	Mol_10639::M02	acrylamide	michael_acceptor	3;2;1;0;16	3	O=C(/C=C/C(=O)Nc1ccccc1C(=O)O)Nc1ccccc1C(=O)O
Mol_10644	Mol_10644::M01	enone_ketone_acyclic	michael_acceptor	1;2;3;4;5	1	C/C(=C\C(=O)[C@H]1OC1(C)C)[C@H]1CC[C@]2(C)[C@@H]1C[C@@H](O)[C@@H]1[C@]34CC[C@](O)(OC3)C(C)(C)[C@@H]4CC[C@]12C
Mol_10644	Mol_10644::M02	epoxide	sn2_ring_opening	5;6;7	5;7	C/C(=C\C(=O)[C@H]1OC1(C)C)[C@H]1CC[C@]2(C)[C@@H]1C[C@@H](O)[C@@H]1[C@]34CC[C@](O)(OC3)C(C)(C)[C@@H]4CC[C@]12C
Mol_10650	Mol_10650::M01	aldehyde	reversible_carbonyl	12;13;14	13	COc1cc2c(c(O)c1C)Oc1c(C=O)c(O)cc(C)c1C(=O)O2
Mol_10660	Mol_10660::M01	acrylate_ester	michael_acceptor	5;4;2;3;1;0	5	COC(=O)C1=COC(OC2OC=C(C(=O)OC)C3C(O)CC(C)(OC)C23)C2C1C(O)CC2(C)O
Mol_10660	Mol_10660::M02	acrylate_ester	michael_acceptor	11;12;13;14;15;16	11	COC(=O)C1=COC(OC2OC=C(C(=O)OC)C3C(O)CC(C)(OC)C23)C2C1C(O)CC2(C)O
Mol_10679	Mol_10679::M01	acrylic_acid	michael_acceptor	2;1;30;31;32	2	C/C(=C\CCC(C)C1CCC2(C)C3=CCC4C(C)(C)C(=O)CCC4(C)C3CCC12C)C(=O)O
Mol_10699	Mol_10699::M01	acrylate_ester	michael_acceptor	3;2;1;0;13;4	3	O=C1C=CC2(CCC23C=CC(=O)O3)O1
Mol_10699	Mol_10699::M02	acrylate_ester	michael_acceptor	8;9;10;11;12;7	8	O=C1C=CC2(CCC23C=CC(=O)O3)O1
Mol_10699	Mol_10699::M03	unsat_lactone	michael_acceptor	12;10;11;9;8	8	O=C1C=CC2(CCC23C=CC(=O)O3)O1
Mol_10699	Mol_10699::M04	unsat_lactone	michael_acceptor	13;1;0;2;3	3	O=C1C=CC2(CCC23C=CC(=O)O3)O1
Mol_10707	Mol_10707::M01	acrylate_ester	michael_acceptor	5;6;7;8;9;10	5	COc1cc(/C=C/C(=O)O[C@H]2[C@H](O)C[C@@]3(C)C(CC[C@]4(C)[C@@H]3CC=C3C5[C@](C(=O)O)(CC[C@@H](C)[C@@]5(C)O)CC[C@]34C)C2(C)C)ccc1O
Mol_10708	Mol_10708::M01	acrylate_ester	michael_acceptor	5;6;7;8;9;10	5	COc1cc(/C=C/C(=O)O[C@H]2[C@H](O)C[C@@]3(C)C(CC[C@]4(C)[C@@H]3CC=C3C5[C@](C(=O)O)(CC[C@@H](C)[C@@]5(C)OC)CC[C@]34C)C2(C)C)ccc1O
Mol_10709	Mol_10709::M01	acrylate_ester	michael_acceptor	5;6;7;8;9;10	5	COc1cc(/C=C/C(=O)O[C@H]2[C@H](OC(C)=O)C[C@@]3(C)C(CC[C@]4(C)[C@@H]3CC=C3C5[C@](C(=O)O)(CC[C@@H](C)[C@@]5(C)O)CC[C@]34C)C2(C)C)ccc1O
Mol_10710	Mol_10710::M01	acrylate_ester	michael_acceptor	5;6;7;8;9;10	5	COc1cc(/C=C/C(=O)O[C@H]2[C@H](OC(C)=O)C[C@@]3(C)C(CC[C@]4(C)[C@@H]3CC=C3C5[C@](C(=O)O)(CC[C@@H](C)[C@@]5(C)OC)CC[C@]34C)C2(C)C)ccc1C=O
Mol_10710	Mol_10710::M02	aldehyde	reversible_carbonyl	50;51;52	51	COc1cc(/C=C/C(=O)O[C@H]2[C@H](OC(C)=O)C[C@@]3(C)C(CC[C@]4(C)[C@@H]3CC=C3C5[C@](C(=O)O)(CC[C@@H](C)[C@@]5(C)OC)CC[C@]34C)C2(C)C)ccc1C=O
Mol_10711	Mol_10711::M01	acrylate_ester	michael_acceptor	6;7;8;9;10;11	6	COc1ccc(/C=C/C(=O)OCC(Cc2ccc(OC)c(OC)c2)C(COC(=O)/C=C/c2ccc(OC)cc2)Cc2ccc(OC)c(OC)c2)cc1
Mol_10711	Mol_10711::M02	acrylate_ester	michael_acceptor	30;29;27;28;26;25	30	COc1ccc(/C=C/C(=O)OCC(Cc2ccc(OC)c(OC)c2)C(COC(=O)/C=C/c2ccc(OC)cc2)Cc2ccc(OC)c(OC)c2)cc1
Mol_10712	Mol_10712::M01	acrylate_ester	michael_acceptor	3;2;1;0;11;12	3	O=C(/C=C/c1ccc(O)cc1)OCC(Cc1ccc(O)c(O)c1)C(COC(=O)/C=C/c1ccc(O)cc1)Cc1ccc(O)c(O)c1
Mol_10712	Mol_10712::M02	acrylate_ester	michael_acceptor	29;28;26;27;25;24	29	O=C(/C=C/c1ccc(O)cc1)OCC(Cc1ccc(O)c(O)c1)C(COC(=O)/C=C/c1ccc(O)cc1)Cc1ccc(O)c(O)c1
Mol_10721	Mol_10721::M01	acrylate_ester	michael_acceptor	11;10;8;9;7;6	11	CC(=O)O[C@H]1[C@@H]2[C@@H](OC(=O)/C=C/c3ccccc3)[C@@]3(OC2(C)C)[C@](C)([C@H]1OC(=O)c1ccccc1)[C@@H](OC(C)=O)[C@H](OC(C)=O)C[C@]3(C)O
Mol_10726	Mol_10726::M01	acrylate_ester	michael_acceptor	20;21;22;23;24;25	20	CC1C[C@H]2OCO[C@]23O[C@@H]2C[C@]4(C)C5CC(=O)[C@]6(C)[C@@H](C7=CC(=O)OC7)CC[C@]6(O)[C@]5(O)C[C@H]5O[C@]54[C@@H](O)[C@H]2O[C@@H]3O1
Mol_10726	Mol_10726::M02	unsat_lactone	michael_acceptor	24;22;23;21;20	20	CC1C[C@H]2OCO[C@]23O[C@@H]2C[C@]4(C)C5CC(=O)[C@]6(C)[C@@H](C7=CC(=O)OC7)CC[C@]6(O)[C@]5(O)C[C@H]5O[C@]54[C@@H](O)[C@H]2O[C@@H]3O1
Mol_10726	Mol_10726::M03	epoxide	sn2_ring_opening	33;34;35	33;35	CC1C[C@H]2OCO[C@]23O[C@@H]2C[C@]4(C)C5CC(=O)[C@]6(C)[C@@H](C7=CC(=O)OC7)CC[C@]6(O)[C@]5(O)C[C@H]5O[C@]54[C@@H](O)[C@H]2O[C@@H]3O1
Mol_10727	Mol_10727::M01	acrylate_ester	michael_acceptor	3;4;5;6;7;8	3	C[C@@]12[C@@H](C3=CC(=O)OC3)CC[C@]1(O)[C@]13C[C@H]4O[C@]45[C@@H](O)[C@H]4O[C@@H]6OC=C[C@H]7OCO[C@@]67O[C@@H]4C[C@]5(C)C1[C@@]2(O)C(=O)O3
Mol_10727	Mol_10727::M02	unsat_lactone	michael_acceptor	7;5;6;4;3	3	C[C@@]12[C@@H](C3=CC(=O)OC3)CC[C@]1(O)[C@]13C[C@H]4O[C@]45[C@@H](O)[C@H]4O[C@@H]6OC=C[C@H]7OCO[C@@]67O[C@@H]4C[C@]5(C)C1[C@@]2(O)C(=O)O3
Mol_10727	Mol_10727::M03	epoxide	sn2_ring_opening	15;16;17	15;17	C[C@@]12[C@@H](C3=CC(=O)OC3)CC[C@]1(O)[C@]13C[C@H]4O[C@]45[C@@H](O)[C@H]4O[C@@H]6OC=C[C@H]7OCO[C@@]67O[C@@H]4C[C@]5(C)C1[C@@]2(O)C(=O)O3
Mol_10728	Mol_10728::M01	acrylate_ester	michael_acceptor	31;32;33;34;35;36	31	C[C@]12C[C@H]3O[C@@]45OCO[C@@H]4C=CO[C@H]5O[C@@H]3C=C1[C@H](O)C[C@]1(O)C2[C@H](O)C(=O)[C@]2(C)[C@@H](C3=CC(=O)OC3)CC[C@]12O
Mol_10728	Mol_10728::M02	unsat_lactone	michael_acceptor	35;33;34;32;31	31	C[C@]12C[C@H]3O[C@@]45OCO[C@@H]4C=CO[C@H]5O[C@@H]3C=C1[C@H](O)C[C@]1(O)C2[C@H](O)C(=O)[C@]2(C)[C@@H](C3=CC(=O)OC3)CC[C@]12O
Mol_10729	Mol_10729::M01	acrylate_ester	michael_acceptor	23;24;25;26;27;28	23	C[C@]12[C@H](O)C[C@H]3[C@@H](CCC4=C[C@@H](O)[C@H](O)C[C@@]43C)[C@@]1(O)CC[C@@H]2C1=CC(=O)OC1
Mol_10729	Mol_10729::M02	unsat_lactone	michael_acceptor	27;25;26;24;23	23	C[C@]12[C@H](O)C[C@H]3[C@@H](CCC4=C[C@@H](O)[C@H](O)C[C@@]43C)[C@@]1(O)CC[C@@H]2C1=CC(=O)OC1
Mol_10730	Mol_10730::M01	acrylate_ester	michael_acceptor	21;22;23;24;25;26	21	COC1CCOC(O[C@@H]2C=C3CC[C@@H]4[C@H](C[C@@H](O)[C@]5(C)[C@@H](C6=CC(=O)OC6)CC[C@]45O)[C@@]3(C)C[C@H]2O)C1O
Mol_10730	Mol_10730::M02	unsat_lactone	michael_acceptor	25;23;24;22;21	21	COC1CCOC(O[C@@H]2C=C3CC[C@@H]4[C@H](C[C@@H](O)[C@]5(C)[C@@H](C6=CC(=O)OC6)CC[C@]45O)[C@@]3(C)C[C@H]2O)C1O
Mol_10732	Mol_10732::M01	acrylate_ester	michael_acceptor	20;21;22;23;24;25	20	CO[C@H]1CCO[C@H]2O[C@@H]3C=C4CC[C@@H]5[C@H](CC[C@]6(C)[C@@H](C7=CC(=O)OC7)CC[C@]56O)[C@@]4(C)C[C@H]3O[C@]21O
Mol_10732	Mol_10732::M02	unsat_lactone	michael_acceptor	24;22;23;21;20	20	CO[C@H]1CCO[C@H]2O[C@@H]3C=C4CC[C@@H]5[C@H](CC[C@]6(C)[C@@H](C7=CC(=O)OC7)CC[C@]56O)[C@@]4(C)C[C@H]3O[C@]21O
Mol_10733	Mol_10733::M01	acrylate_ester	michael_acceptor	21;22;23;24;25;26	21	CO[C@H]1CC(C)O[C@H]2O[C@@H]3C=C4CCC5C(CC[C@]6(C)[C@@H](C7=CC(=O)OC7)CC[C@]56O)[C@@]4(C)C[C@H]3O[C@]21O
Mol_10733	Mol_10733::M02	unsat_lactone	michael_acceptor	25;23;24;22;21	21	CO[C@H]1CC(C)O[C@H]2O[C@@H]3C=C4CCC5C(CC[C@]6(C)[C@@H](C7=CC(=O)OC7)CC[C@]56O)[C@@]4(C)C[C@H]3O[C@]21O
Mol_10734	Mol_10734::M01	acrylate_ester	michael_acceptor	21;22;23;24;25;26	21	CC1C[C@H]2OCO[C@]23O[C@@H]2C[C@]4(C)C5[C@H](O)C(=O)[C@]6(C)[C@@H](C7=CC(=O)OC7)CC[C@]6(O)[C@]5(O)C[C@H]5O[C@]54[C@@H](O)[C@H]2O[C@@H]3O1
Mol_10734	Mol_10734::M02	unsat_lactone	michael_acceptor	25;23;24;22;21	21	CC1C[C@H]2OCO[C@]23O[C@@H]2C[C@]4(C)C5[C@H](O)C(=O)[C@]6(C)[C@@H](C7=CC(=O)OC7)CC[C@]6(O)[C@]5(O)C[C@H]5O[C@]54[C@@H](O)[C@H]2O[C@@H]3O1
Mol_10734	Mol_10734::M03	epoxide	sn2_ring_opening	34;35;36	34;36	CC1C[C@H]2OCO[C@]23O[C@@H]2C[C@]4(C)C5[C@H](O)C(=O)[C@]6(C)[C@@H](C7=CC(=O)OC7)CC[C@]6(O)[C@]5(O)C[C@H]5O[C@]54[C@@H](O)[C@H]2O[C@@H]3O1
Mol_10740	Mol_10740::M01	acrylate_ester	michael_acceptor	31;32;33;34;35;36	31	C[C@]12C[C@H]3O[C@@]45OCO[C@@H]4C=CO[C@H]5O[C@@H]3[C@H](O)[C@]13O[C@@H]3C[C@]1(O)C2CC(=O)[C@]2(C)[C@@H](C3=CC(=O)OC3)CC[C@]12O
Mol_10740	Mol_10740::M02	unsat_lactone	michael_acceptor	35;33;34;32;31	31	C[C@]12C[C@H]3O[C@@]45OCO[C@@H]4C=CO[C@H]5O[C@@H]3[C@H](O)[C@]13O[C@@H]3C[C@]1(O)C2CC(=O)[C@]2(C)[C@@H](C3=CC(=O)OC3)CC[C@]12O
Mol_10740	Mol_10740::M03	epoxide	sn2_ring_opening	18;19;20	18;20	C[C@]12C[C@H]3O[C@@]45OCO[C@@H]4C=CO[C@H]5O[C@@H]3[C@H](O)[C@]13O[C@@H]3C[C@]1(O)C2CC(=O)[C@]2(C)[C@@H](C3=CC(=O)OC3)CC[C@]12O
Mol_10741	Mol_10741::M01	acrylate_ester	michael_acceptor	32;33;34;35;36;37	32	C[C@]12C[C@H]3O[C@@]45OCO[C@@H]4C=CO[C@H]5O[C@@H]3[C@H](O)[C@]13O[C@@H]3C[C@]1(O)C2[C@H](O)C(=O)[C@]2(C)[C@@H](C3=CC(=O)OC3)CC[C@]12O
Mol_10741	Mol_10741::M02	unsat_lactone	michael_acceptor	36;34;35;33;32	32	C[C@]12C[C@H]3O[C@@]45OCO[C@@H]4C=CO[C@H]5O[C@@H]3[C@H](O)[C@]13O[C@@H]3C[C@]1(O)C2[C@H](O)C(=O)[C@]2(C)[C@@H](C3=CC(=O)OC3)CC[C@]12O
Mol_10741	Mol_10741::M03	epoxide	sn2_ring_opening	18;19;20	18;20	C[C@]12C[C@H]3O[C@@]45OCO[C@@H]4C=CO[C@H]5O[C@@H]3[C@H](O)[C@]13O[C@@H]3C[C@]1(O)C2[C@H](O)C(=O)[C@]2(C)[C@@H](C3=CC(=O)OC3)CC[C@]12O
Mol_10742	Mol_10742::M01	acrylate_ester	michael_acceptor	31;32;33;34;35;36	31	C[C@]12C[C@H]3O[C@@]45OCO[C@@H]4CCO[C@H]5O[C@@H]3[C@H](O)[C@]13O[C@@H]3C[C@]1(O)C2CC(=O)[C@]2(C)[C@@H](C3=CC(=O)OC3)CC[C@]12O
Mol_10742	Mol_10742::M02	unsat_lactone	michael_acceptor	35;33;34;32;31	31	C[C@]12C[C@H]3O[C@@]45OCO[C@@H]4CCO[C@H]5O[C@@H]3[C@H](O)[C@]13O[C@@H]3C[C@]1(O)C2CC(=O)[C@]2(C)[C@@H](C3=CC(=O)OC3)CC[C@]12O
Mol_10742	Mol_10742::M03	epoxide	sn2_ring_opening	18;19;20	18;20	C[C@]12C[C@H]3O[C@@]45OCO[C@@H]4CCO[C@H]5O[C@@H]3[C@H](O)[C@]13O[C@@H]3C[C@]1(O)C2CC(=O)[C@]2(C)[C@@H](C3=CC(=O)OC3)CC[C@]12O
Mol_10743	Mol_10743::M01	acrylate_ester	michael_acceptor	30;31;32;33;34;35	30	C[C@]12C[C@H]3O[C@@]45OCO[C@@H]4CCO[C@H]5O[C@@H]3[C@H](O)[C@]13O[C@@H]3C[C@]1(O)C2CC[C@]2(C)[C@@H](C3=CC(=O)OC3)CC[C@]12O
Mol_10743	Mol_10743::M02	unsat_lactone	michael_acceptor	34;32;33;31;30	30	C[C@]12C[C@H]3O[C@@]45OCO[C@@H]4CCO[C@H]5O[C@@H]3[C@H](O)[C@]13O[C@@H]3C[C@]1(O)C2CC[C@]2(C)[C@@H](C3=CC(=O)OC3)CC[C@]12O
Mol_10743	Mol_10743::M03	epoxide	sn2_ring_opening	18;19;20	18;20	C[C@]12C[C@H]3O[C@@]45OCO[C@@H]4CCO[C@H]5O[C@@H]3[C@H](O)[C@]13O[C@@H]3C[C@]1(O)C2CC[C@]2(C)[C@@H](C3=CC(=O)OC3)CC[C@]12O
Mol_10744	Mol_10744::M01	acrylate_ester	michael_acceptor	28;29;30;31;32;33	28	C[C@]12C[C@H]3O[C@@]45OCO[C@@H]4CCO[C@H]5O[C@@H]3C=C1[C@@H](O)C[C@@H]1[C@@H]2CC[C@]2(C)[C@@H](C3=CC(=O)OC3)CC[C@]12O
Mol_10744	Mol_10744::M02	unsat_lactone	michael_acceptor	32;30;31;29;28	28	C[C@]12C[C@H]3O[C@@]45OCO[C@@H]4CCO[C@H]5O[C@@H]3C=C1[C@@H](O)C[C@@H]1[C@@H]2CC[C@]2(C)[C@@H](C3=CC(=O)OC3)CC[C@]12O
Mol_10745	Mol_10745::M01	acrylate_ester	michael_acceptor	26;27;28;29;30;31	26	C[C@]12C[C@H]3O[C@]4(O)[C@@H](OCC[C@H]4O)O[C@@H]3C=C1CC[C@@H]1[C@@H]2CC[C@]2(C)[C@@H](C3=CC(=O)OC3)CC[C@]12O
Mol_10745	Mol_10745::M02	unsat_lactone	michael_acceptor	30;28;29;27;26	26	C[C@]12C[C@H]3O[C@]4(O)[C@@H](OCC[C@H]4O)O[C@@H]3C=C1CC[C@@H]1[C@@H]2CC[C@]2(C)[C@@H](C3=CC(=O)OC3)CC[C@]12O
Mol_10746	Mol_10746::M01	acrylate_ester	michael_acceptor	18;19;20;21;22;23	18	C[C@]12C[C@@H](O)C(=O)C=C1CC[C@@H]1[C@@H]2CC[C@]2(C)[C@@H](C3=CC(=O)OC3)CC[C@]12O
Mol_10746	Mol_10746::M02	enone_cyclic	michael_acceptor	8;7;5;6;3	8	C[C@]12C[C@@H](O)C(=O)C=C1CC[C@@H]1[C@@H]2CC[C@]2(C)[C@@H](C3=CC(=O)OC3)CC[C@]12O
Mol_10746	Mol_10746::M03	unsat_lactone	michael_acceptor	22;20;21;19;18	18	C[C@]12C[C@@H](O)C(=O)C=C1CC[C@@H]1[C@@H]2CC[C@]2(C)[C@@H](C3=CC(=O)OC3)CC[C@]12O
Mol_10750	Mol_10750::M01	acrylate_ester	michael_acceptor	20;21;22;23;24;25	20	CO[C@H]1CCO[C@@H](O[C@@H]2C=C3CC[C@@H]4[C@H](CC[C@]5(C)[C@@H](C6=CC(=O)OC6)CC[C@]45O)[C@@]3(C)C[C@H]2O)[C@H]1O
Mol_10750	Mol_10750::M02	unsat_lactone	michael_acceptor	24;22;23;21;20	20	CO[C@H]1CCO[C@@H](O[C@@H]2C=C3CC[C@@H]4[C@H](CC[C@]5(C)[C@@H](C6=CC(=O)OC6)CC[C@]45O)[C@@]3(C)C[C@H]2O)[C@H]1O
Mol_10751	Mol_10751::M01	acrylate_ester	michael_acceptor	18;19;20;21;22;23	18	C[C@]12C[C@@H](O)[C@H](O)C=C1CC[C@@H]1[C@@H]2CC[C@]2(C)[C@@H](C3=CC(=O)OC3)CC[C@]12O
Mol_10751	Mol_10751::M02	unsat_lactone	michael_acceptor	22;20;21;19;18	18	C[C@]12C[C@@H](O)[C@H](O)C=C1CC[C@@H]1[C@@H]2CC[C@]2(C)[C@@H](C3=CC(=O)OC3)CC[C@]12O
Mol_10752	Mol_10752::M01	acrylate_ester	michael_acceptor	5;4;2;3;1;0	5	COC(=O)C1=CC=C[C@@H](C[C@@H](O)C(=O)OC)C1
Mol_10753	Mol_10753::M01	acrylate_ester	michael_acceptor	5;4;2;3;1;0	5	COC(=O)C1=C[C@H]2O[C@](C)(C(=O)OC)O[C@@H]2CC1
Mol_10754	Mol_10754::M01	acrylate_ester	michael_acceptor	14;12;10;11;9;6	14	COC(=O)CCC1(OC)OC(=O)C(O)=C1c1ccccc1
Mol_10754	Mol_10754::M02	unsat_lactone	michael_acceptor	9;10;11;12;14	14	COC(=O)CCC1(OC)OC(=O)C(O)=C1c1ccccc1
Mol_10755	Mol_10755::M01	acrylate_ester	michael_acceptor	13;11;9;10;8;6	13	COC(=O)CCC1(O)OC(=O)C(O)=C1c1ccccc1
Mol_10755	Mol_10755::M02	unsat_lactone	michael_acceptor	8;9;10;11;13	13	COC(=O)CCC1(O)OC(=O)C(O)=C1c1ccccc1
Mol_10756	Mol_10756::M01	acrylate_ester	michael_acceptor	13;11;9;10;8;2	13	COC1(CCC(=O)O)OC(=O)C(O)=C1c1ccccc1
Mol_10756	Mol_10756::M02	unsat_lactone	michael_acceptor	8;9;10;11;13	13	COC1(CCC(=O)O)OC(=O)C(O)=C1c1ccccc1
Mol_10757	Mol_10757::M01	acrylate_ester	michael_acceptor	11;9;7;8;6;5	11	O=C(O)CCC1OC(=O)C(O)=C1c1ccccc1
Mol_10757	Mol_10757::M02	unsat_lactone	michael_acceptor	6;7;8;9;11	11	O=C(O)CCC1OC(=O)C(O)=C1c1ccccc1
Mol_10758	Mol_10758::M01	acrylate_ester	michael_acceptor	12;10;8;9;7;6	12	COC(=O)CCC1OC(=O)C(O)=C1c1ccccc1
Mol_10758	Mol_10758::M02	unsat_lactone	michael_acceptor	7;8;9;10;12	12	COC(=O)CCC1OC(=O)C(O)=C1c1ccccc1
Mol_10777	Mol_10777::M01	enone_cyclic	michael_acceptor	7;8;13;14;15	7	CC(C)=CC[C@@H]1CC2=C(OC1(C)C)C(=O)[C@]1(CC=C(C)C)C[C@H](CC=C(C)C)C(C)(C)[C@@]2(C(=O)c2ccc(O)c(O)c2)C1=O
Mol_10780	Mol_10780::M01	enone_cyclic	michael_acceptor	37;26;24;25;18	37	CC(C)=CC[C@H]1C[C@@]23C[C@@H](CC=C(C)C)C(C)(C)[C@@](CC=C(C)C)(C(=O)C(C(=O)c4ccc(O)c(O)c4)=C2OC1(C)C)C3=O
Mol_10799	Mol_10799::M01	enone_cyclic	michael_acceptor	35;24;22;23;16	35	C=C(C)[C@@H]1C[C@]23C[C@H](CC=C(C)C)C(C)(C)[C@](CC=C(C)C)(C(=O)C(C(=O)c4ccc(O)c(O)c4)=C2O[C@H]1C=C(C)C)C3=O
Mol_10807	Mol_10807::M01	enone_cyclic	michael_acceptor	32;23;21;22;15	32	CC(C)=CC[C@@H]1C[C@@]2(CC=C(C)C)C(=O)[C@](CC=C(C)C)(C(=O)C(C(=O)c3ccccc3)=C2O)C1(C)C
Mol_10809	Mol_10809::M01	enone_cyclic	michael_acceptor	37;26;24;25;18	37	CC(C)=CC[C@@H]1C[C@]23C[C@H](CC=C(C)C)C(C)(C)[C@](CC=C(C)C)(C(=O)C(C(=O)c4ccc(O)c(O)c4)=C2OC1(C)C)C3=O
Mol_10831	Mol_10831::M01	para_quinone	michael_acceptor	18;17;15;14;27;28;26;19	14;15;19;26	CC(C)=CC/C(C)=C/COc1cc(O)c2c(c1)C(=O)c1cc(C)cc(O)c1C2=O
Mol_10832	Mol_10832::M01	para_quinone	michael_acceptor	15;14;5;4;24;25;23;16	4;5;16;23	COc1cc2c(c(O)c1/C=C/C(C)C)C(=O)c1c(O)cc(C)cc1C2=O
Mol_10833	Mol_10833::M01	para_quinone	michael_acceptor	16;15;5;4;25;26;24;17	4;5;17;24	COc1cc2c(c(O)c1CC(=O)C(C)C)C(=O)c1c(O)cc(C)cc1C2=O
Mol_10835	Mol_10835::M01	enone_cyclic	michael_acceptor	27;28;39;40;41	27	CC(C)=CCC[C@]1(C)[C@@H](CC=C(C)C)CC23CC(CC=C(C)C)C(C)(C)OC2=C(C(=O)c2ccc(O)c(O)c2)C(=O)C1(CC=C(C)C)C3=O
Mol_10836	Mol_10836::M01	enone_cyclic	michael_acceptor	27;28;39;40;41	27	C=C(C)CCC[C@]1(C)[C@@H](CC=C(C)C)CC23CC(CC=C(C)C)C(C)(C)OC2=C(C(=O)c2ccc(O)c(O)c2)C(=O)C1(CC=C(C)C)C3=O
Mol_10837	Mol_10837::M01	enone_cyclic	michael_acceptor	21;20;28;29;26	21	CC(C)=CCC/C(C)=C/CC/C(C)=C/CC[C@@]1(C)CCC2=C(O1)[C@@](C)(O)[C@@H](O)C2=O
Mol_10838	Mol_10838::M01	enone_cyclic	michael_acceptor	42;31;29;30;23	42	CC(C)=CCC[C@]1(C)[C@@H](CC=C(C)C)CC2(CC=C(C)C)C(=O)C1(CC=C(C)C)C(=O)C(C(=O)c1ccc(O)c(O)c1)=C2O
Mol_10856	Mol_10856::M01	enone_cyclic	michael_acceptor	24;25;26;27;28	24	CC1(C)CC[C@]2(C(=O)O[C@@H]3O[C@H](CO)[C@@H](O)[C@H](O)[C@H]3O)CC[C@]3(C)C(=CC(=O)[C@@H]4[C@@]5(C)C[C@@H](O)[C@H](O)[C@](C)(CO)[C@@H]5CC[C@]43C)[C@@H]2[C@H]1O
Mol_10862	Mol_10862::M01	enone_ketone_acyclic	michael_acceptor	13;12;10;11;9	13	COc1cc(O)cc(O)c1C(=O)C=Cc1ccc(O)cc1
Mol_10862	Mol_10862::M02	chalcone	michael_acceptor	9;10;11;12;13;14	13	COc1cc(O)cc(O)c1C(=O)C=Cc1ccc(O)cc1
Mol_10863	Mol_10863::M01	enone_ketone_acyclic	michael_acceptor	24;23;21;22;20	24	COc1cc(O[C@@H]2O[C@H](CO)[C@@H](O)[C@H](O)[C@H]2O)cc(O)c1C(=O)/C=C/c1ccc(O)cc1
Mol_10863	Mol_10863::M02	chalcone	michael_acceptor	20;21;22;23;24;25	24	COc1cc(O[C@@H]2O[C@H](CO)[C@@H](O)[C@H](O)[C@H]2O)cc(O)c1C(=O)/C=C/c1ccc(O)cc1
Mol_10877	Mol_10877::M01	acrylate_ester	michael_acceptor	0;1;4;5;6;7	0	C=C(CO)C(=O)O[C@]1(C)CC[C@@H](O)[C@H]2C[C@H]3OC(=O)[C@@H](C)[C@H]3C(=C)[C@H]21
Mol_10887	Mol_10887::M01	enone_cyclic	michael_acceptor	1;2;4;5;6	1	CC1=C(O)C(=O)[C@H]2[C@]3(O)C(=O)C(O)=C(C)[C@]24COC(=O)[C@@]42COC[C@]123
Mol_10887	Mol_10887::M02	enone_cyclic	michael_acceptor	13;11;9;10;7	13	CC1=C(O)C(=O)[C@H]2[C@]3(O)C(=O)C(O)=C(C)[C@]24COC(=O)[C@@]42COC[C@]123
Mol_10888	Mol_10888::M01	aldehyde	reversible_carbonyl	8;9;10	9	Cc1c(O)c(O)c2c(c1C=O)[C@H]1O[C@@H](O2)c2c(O)c(O)c(O)c(C)c2C1=O
Mol_10890	Mol_10890::M01	aldehyde	reversible_carbonyl	8;9;10	9	Cc1c(O)c(O)c(O)c(C=O)c1C=O
Mol_10890	Mol_10890::M02	aldehyde	reversible_carbonyl	11;12;13	12	Cc1c(O)c(O)c(O)c(C=O)c1C=O
Mol_10891	Mol_10891::M01	enone_cyclic	michael_acceptor	14;15;22;23;24	14	C/C=C/C=C\C=C\c1cc(O)c2c3c1C1=C(CO[C@H](CO)C1)C(=O)[C@@]3(C)OC2=O
Mol_10892	Mol_10892::M01	acrylamide	michael_acceptor	28;30;37;38;35	28	CC(CCCCCCCCCCCCCCO[C@@H]1O[C@H](CO)[C@@H](O)[C@H](O)[C@@H]1O)/C(O)=C1/C(=O)C(C)N(C)C1=O
Mol_10894	Mol_10894::M01	aldehyde	reversible_carbonyl	20;21;22	21	COc1cc2c(c(O)c1O)C1(C)Oc3c(O)c(OC)cc(C=O)c3C(C)(O1)C2=O
Mol_10927	Mol_10927::M01	acrylate_ester	michael_acceptor	25;24;22;23;21;20	25	CCCCCCCCCCCCCCCCCCCCCOC(=O)/C=C/c1ccc(O)c(OC)c1
Mol_10956	Mol_10956::M01	acrylic_acid	michael_acceptor	3;4;9;10;11	3	O=C(O)/C=C(\CC(=O)O)C(=O)O
Mol_10956	Mol_10956::M02	acrylic_acid	michael_acceptor	4;3;1;0;2	4	O=C(O)/C=C(\CC(=O)O)C(=O)O
Mol_10957	Mol_10957::M01	acrylate_ester	michael_acceptor	5;4;2;3;1;0	5	COC(=O)/C=C(\CC(=O)O)C(=O)O
Mol_10957	Mol_10957::M02	acrylic_acid	michael_acceptor	4;5;10;11;12	4	COC(=O)/C=C(\CC(=O)O)C(=O)O
Mol_11034	Mol_11034::M01	acrylate_ester	michael_acceptor	5;6;7;8;9;10	5	COc1cc(/C=C/C(=O)OCC2(O)CO[C@H](OC[C@@H]3OC(O)[C@@H](O)[C@H](O)[C@H]3O)[C@H]2O)ccc1O
Mol_11038	Mol_11038::M01	acrylate_ester	michael_acceptor	6;7;8;9;10;11	6	COc1ccc(/C=C\C(=O)OCC2(O)CO[C@H](OC[C@@H]3OC(O)[C@@H](O)[C@H](O)[C@H]3O)[C@H]2O)cc1OC
Mol_11039	Mol_11039::M01	acrylate_ester	michael_acceptor	6;7;8;9;10;11	6	COc1ccc(/C=C/C(=O)OCC2(O)CO[C@H](OC[C@@H]3OC(O)[C@@H](O)[C@H](O)[C@H]3O)[C@H]2O)cc1OC
Mol_11042	Mol_11042::M01	acrylate_ester	michael_acceptor	5;6;7;8;9;10	5	COc1cc(/C=C/C(=O)OCC2(O)CO[C@H](OC[C@@H]3OC(Oc4cc(=O)oc5cccc(C)c45)[C@@H](O)[C@H](O)[C@H]3O)[C@H]2O)ccc1O
Mol_11043	Mol_11043::M01	acrylate_ester	michael_acceptor	6;7;8;9;10;11	6	COc1ccc(/C=C/C(=O)OCC2(O)CO[C@H](OC[C@@H]3OC(Oc4cc(=O)oc5cccc(C)c45)[C@@H](O)[C@H](O)[C@H]3O)[C@H]2O)cc1OC
Mol_11045	Mol_11045::M01	enone_cyclic	michael_acceptor	1;2;16;17;18	1	CC1=C(c2c(O)c3c(C)cccc3oc2=O)C(=O)c2c(O)cccc2C1=O
Mol_11045	Mol_11045::M02	enone_cyclic	michael_acceptor	2;1;25;26;24	2	CC1=C(c2c(O)c3c(C)cccc3oc2=O)C(=O)c2c(O)cccc2C1=O
Mol_11045	Mol_11045::M03	chalcone	michael_acceptor	24;25;26;1;2;3	2	CC1=C(c2c(O)c3c(C)cccc3oc2=O)C(=O)c2c(O)cccc2C1=O
Mol_11045	Mol_11045::M04	para_quinone	michael_acceptor	17;16;2;1;25;26;24;18	1;2;18;24	CC1=C(c2c(O)c3c(C)cccc3oc2=O)C(=O)c2c(O)cccc2C1=O
Mol_11046	Mol_11046::M01	enone_cyclic	michael_acceptor	1;2;3;4;5	1	CC1=CC(=O)c2c(O)cccc2C1=O
Mol_11046	Mol_11046::M02	enone_cyclic	michael_acceptor	2;1;12;13;11	2	CC1=CC(=O)c2c(O)cccc2C1=O
Mol_11046	Mol_11046::M03	para_quinone	michael_acceptor	4;3;2;1;12;13;11;5	1;2;5;11	CC1=CC(=O)c2c(O)cccc2C1=O
Mol_11047	Mol_11047::M01	enone_cyclic	michael_acceptor	10;24;38;39;5	10	Cc1cc(O)c2c(c1)C(=O)C(c1c(O)c3c(C)cccc3oc1=O)=C(c1c(O)c3c(C)cccc3oc1=O)C2=O
Mol_11047	Mol_11047::M02	enone_cyclic	michael_acceptor	24;10;8;9;6	24	Cc1cc(O)c2c(c1)C(=O)C(c1c(O)c3c(C)cccc3oc1=O)=C(c1c(O)c3c(C)cccc3oc1=O)C2=O
Mol_11047	Mol_11047::M03	chalcone	michael_acceptor	5;38;39;24;10;11	10	Cc1cc(O)c2c(c1)C(=O)C(c1c(O)c3c(C)cccc3oc1=O)=C(c1c(O)c3c(C)cccc3oc1=O)C2=O
Mol_11047	Mol_11047::M04	chalcone	michael_acceptor	6;8;9;10;24;25	24	Cc1cc(O)c2c(c1)C(=O)C(c1c(O)c3c(C)cccc3oc1=O)=C(c1c(O)c3c(C)cccc3oc1=O)C2=O
Mol_11047	Mol_11047::M05	para_quinone	michael_acceptor	9;8;6;5;38;39;24;10	5;6;10;24	Cc1cc(O)c2c(c1)C(=O)C(c1c(O)c3c(C)cccc3oc1=O)=C(c1c(O)c3c(C)cccc3oc1=O)C2=O
Mol_11048	Mol_11048::M01	enone_cyclic	michael_acceptor	10;24;26;27;6	10	COc1cccc2c1C(=O)C(c1c(O)c3c(C)cccc3oc1=O)=C(C)C2=O
Mol_11048	Mol_11048::M02	enone_cyclic	michael_acceptor	24;10;8;9;7	24	COc1cccc2c1C(=O)C(c1c(O)c3c(C)cccc3oc1=O)=C(C)C2=O
Mol_11048	Mol_11048::M03	chalcone	michael_acceptor	6;26;27;24;10;11	10	COc1cccc2c1C(=O)C(c1c(O)c3c(C)cccc3oc1=O)=C(C)C2=O
Mol_11048	Mol_11048::M04	para_quinone	michael_acceptor	9;8;7;6;26;27;24;10	6;7;10;24	COc1cccc2c1C(=O)C(c1c(O)c3c(C)cccc3oc1=O)=C(C)C2=O
Mol_11057	Mol_11057::M01	enone_cyclic	michael_acceptor	24;23;21;22;20	24	C=C(CC[C@](C)(O)[C@H]1CC[C@H]2[C@H]3C(CC[C@@]21C)[C@@]1(C)CCC(=O)C=C1C[C@H]3O)C(C)C
Mol_11063	Mol_11063::M01	para_quinone	michael_acceptor	9;8;6;5;25;26;11;10	5;6;10;11	Cc1cc(O)c2c(c1)C(=O)c1c(oc3c1c(=O)oc1cccc(C)c13)C2=O
Mol_11066	Mol_11066::M01	enone_cyclic	michael_acceptor	14;15;16;17;18	14	Cc1cccc2oc(=O)c3c(c12)OCC1=C3C(=O)c2c(O)cccc2C1=O
Mol_11066	Mol_11066::M02	enone_cyclic	michael_acceptor	15;14;25;26;24	15	Cc1cccc2oc(=O)c3c(c12)OCC1=C3C(=O)c2c(O)cccc2C1=O
Mol_11066	Mol_11066::M03	chalcone	michael_acceptor	24;25;26;14;15;9	15	Cc1cccc2oc(=O)c3c(c12)OCC1=C3C(=O)c2c(O)cccc2C1=O
Mol_11066	Mol_11066::M04	para_quinone	michael_acceptor	17;16;15;14;25;26;24;18	14;15;18;24	Cc1cccc2oc(=O)c3c(c12)OCC1=C3C(=O)c2c(O)cccc2C1=O
Mol_11090	Mol_11090::M01	acrylate_ester	michael_acceptor	5;4;2;3;1;0	5	COC(=O)C1=CC(=O)C=C2[C@@]1(C(=O)OC)CC[C@@H](C)[C@]21CC(c2ccoc2)OC1=O
Mol_11090	Mol_11090::M02	enone_cyclic	michael_acceptor	4;5;6;7;8	4	COC(=O)C1=CC(=O)C=C2[C@@]1(C(=O)OC)CC[C@@H](C)[C@]21CC(c2ccoc2)OC1=O
Mol_11090	Mol_11090::M03	enone_cyclic	michael_acceptor	9;8;6;7;5	9	COC(=O)C1=CC(=O)C=C2[C@@]1(C(=O)OC)CC[C@@H](C)[C@]21CC(c2ccoc2)OC1=O
Mol_11091	Mol_11091::M01	acrylate_ester	michael_acceptor	5;4;2;3;1;0	5	COC(=O)C1=CC(=O)C=C2[C@@]1(C(=O)OC)CC[C@@H](C)[C@]21C[C@@H](C2=CCOC2=O)OC1=O
Mol_11091	Mol_11091::M02	acrylate_ester	michael_acceptor	23;22;26;27;25;24	23	COC(=O)C1=CC(=O)C=C2[C@@]1(C(=O)OC)CC[C@@H](C)[C@]21C[C@@H](C2=CCOC2=O)OC1=O
Mol_11091	Mol_11091::M03	enone_cyclic	michael_acceptor	4;5;6;7;8	4	COC(=O)C1=CC(=O)C=C2[C@@]1(C(=O)OC)CC[C@@H](C)[C@]21C[C@@H](C2=CCOC2=O)OC1=O
Mol_11091	Mol_11091::M04	enone_cyclic	michael_acceptor	9;8;6;7;5	9	COC(=O)C1=CC(=O)C=C2[C@@]1(C(=O)OC)CC[C@@H](C)[C@]21C[C@@H](C2=CCOC2=O)OC1=O
Mol_11091	Mol_11091::M05	unsat_lactone	michael_acceptor	25;26;27;22;23	23	COC(=O)C1=CC(=O)C=C2[C@@]1(C(=O)OC)CC[C@@H](C)[C@]21C[C@@H](C2=CCOC2=O)OC1=O
Mol_11095	Mol_11095::M01	acrylate_ester	michael_acceptor	31;30;28;29;27;25	31	CCCCCCCCCCCCCCCCCCCCCCCCCC(C)OC(=O)/C=C/c1ccc(O)c(OC)c1
Mol_11097	Mol_11097::M01	acrylate_ester	michael_acceptor	5;4;2;3;1;0	5	COC(=O)C1=CCC[C@H]2[C@@]1(C(=O)O)CC[C@@H](C)[C@]21C[C@@H](c2ccoc2)OC1=O
Mol_11104	Mol_11104::M01	acrylate_ester	michael_acceptor	5;4;2;3;1;0	5	COC(=O)C1=CC=C[C@H]2[C@@]1(C(=O)OC)CC[C@@H](C)[C@]21C[C@H](c2ccoc2)OC1=O
Mol_11105	Mol_11105::M01	acrylate_ester	michael_acceptor	5;4;2;3;1;0	5	COC(=O)C1=CC=C[C@H]2[C@@]1(C(=O)OC)CC[C@@H](C)[C@@]2(CCc1ccoc1)C(=O)OC
Mol_11106	Mol_11106::M01	acrylate_ester	michael_acceptor	5;4;2;3;1;0	5	COC(=O)C1=CC[C@@H]2OC(=O)[C@]13CC[C@@H](C)[C@]1(C[C@H](c4ccoc4)OC1=O)[C@@H]23
Mol_11125	Mol_11125::M01	enone_cyclic	michael_acceptor	15;14;12;13;11	15	CC[C@H](/C=C/[C@@H](C)C1CCC2C3C(=O)C=C4C[C@@H](O)CC[C@]4(C)C3CC[C@@]21C)C(C)C
Mol_11126	Mol_11126::M01	acrylic_acid	michael_acceptor	4;3;1;0;2	4	O=C(O)/C(=C/C(O)C(O)C(O)CO)Cc1ccccc1
Mol_11127	Mol_11127::M01	enone_cyclic	michael_acceptor	2;4;6;7;8	2	O=C1C(O)=C(O)C(=O)C2=C1Cc1ccccc1C2
Mol_11127	Mol_11127::M02	enone_cyclic	michael_acceptor	4;2;1;0;9	4	O=C1C(O)=C(O)C(=O)C2=C1Cc1ccccc1C2
Mol_11127	Mol_11127::M03	enone_cyclic	michael_acceptor	8;9;1;0;2	8	O=C1C(O)=C(O)C(=O)C2=C1Cc1ccccc1C2
Mol_11127	Mol_11127::M04	enone_cyclic	michael_acceptor	9;8;6;7;4	9	O=C1C(O)=C(O)C(=O)C2=C1Cc1ccccc1C2
Mol_11127	Mol_11127::M05	para_quinone	michael_acceptor	0;1;2;4;6;7;8;9	2;4;8;9	O=C1C(O)=C(O)C(=O)C2=C1Cc1ccccc1C2
Mol_11139	Mol_11139::M01	acrylate_ester	michael_acceptor	25;24;22;23;21;20	25	CC1(C)CC[C@]2(C)CC[C@]3(C)C(=CC(=O)C4[C@@]5(C)CC[C@H](OC(=O)/C=C/c6cc(O)cc(O)c6)C(C)(C)C5CC[C@]43C)C2C1
Mol_11139	Mol_11139::M02	enone_cyclic	michael_acceptor	11;12;13;14;15	11	CC1(C)CC[C@]2(C)CC[C@]3(C)C(=CC(=O)C4[C@@]5(C)CC[C@H](OC(=O)/C=C/c6cc(O)cc(O)c6)C(C)(C)C5CC[C@]43C)C2C1
Mol_11157	Mol_11157::M01	enone_cyclic	michael_acceptor	11;10;8;9;4	11	Cc1cc2c(cc1O)C(=O)C=C1C2=C(C2=C3C(=CC(=O)c4cc(C)c(O)cc43)C(C)(C)C2=O)C(=O)C1(C)C
Mol_11157	Mol_11157::M02	enone_cyclic	michael_acceptor	12;13;33;34;35	12	Cc1cc2c(cc1O)C(=O)C=C1C2=C(C2=C3C(=CC(=O)c4cc(C)c(O)cc43)C(C)(C)C2=O)C(=O)C1(C)C
Mol_11157	Mol_11157::M03	enone_cyclic	michael_acceptor	15;14;31;32;28	15	Cc1cc2c(cc1O)C(=O)C=C1C2=C(C2=C3C(=CC(=O)c4cc(C)c(O)cc43)C(C)(C)C2=O)C(=O)C1(C)C
Mol_11157	Mol_11157::M04	enone_cyclic	michael_acceptor	16;17;18;19;20	16	Cc1cc2c(cc1O)C(=O)C=C1C2=C(C2=C3C(=CC(=O)c4cc(C)c(O)cc43)C(C)(C)C2=O)C(=O)C1(C)C
Mol_11177	Mol_11177::M01	enone_cyclic	michael_acceptor	14;15;16;17;18	14	CC[C@H](/C=C/[C@@H](C)[C@H]1CC[C@H]2[C@@H]3CCC4=CC(=O)CC[C@]4(C)[C@H]3CC[C@]12C)C(C)C
Mol_11179	Mol_11179::M01	aldehyde	reversible_carbonyl	25;26;27	26	C[C@H]1C(=O)CC[C@@H]2[C@]1(C)CC[C@H]1[C@@]2(C)CC[C@@]2(C)[C@@H]3CC(C)(C)CC[C@]3(C=O)CC[C@]12C
Mol_11183	Mol_11183::M01	acrylate_ester	michael_acceptor	3;2;1;0;12;13	3	O=C(/C=C/c1ccc(O)c(O)c1)O[C@@H](C(=O)O)[C@@H](OC(=O)/C=C/c1ccc(O)c(O)c1)C(=O)O
Mol_11183	Mol_11183::M02	acrylate_ester	michael_acceptor	22;21;19;20;18;17	22	O=C(/C=C/c1ccc(O)c(O)c1)O[C@@H](C(=O)O)[C@@H](OC(=O)/C=C/c1ccc(O)c(O)c1)C(=O)O
Mol_11206	Mol_11206::M01	acrylate_ester	michael_acceptor	8;9;12;13;14;15	8	C=CCC[C@](C)(CC/C=C(\CO)C(=O)O[C@H]1C[C@]2(C(=O)OC3OC(CO)[C@H](O)C(O)[C@H]3O[C@H]3OC(C)[C@H](O[C@@H]4O[C@H](COC(C)=O)[C@@H](O)[C@@H]4O)[C@@H](OC4OC[C@@H](O)C(O)[C@@H]4O)C3O)[C@H](C)C[C@]3(C)C(=CCC4[C@@]5(C)CC[C@H](O[C@@H]6OC(CO[C@@H]7OC(C)[C@H](O)C(O)[C@@H]7O[C@@H]7OC(CO)[C@@H](O)C(O)[C@@H]7O)[C@@H](O)C(O)[C@@H]6O)C(C)(C)[C@@H]5CC[C@]43C)[C@H]2CC1(C)C)O[C@@H]1OC(C)[C@@H](OC(=O)/C(C)=C/CC[C@@](C)(CC=C)O[C@@H]2OC(C)[C@@H](O)C(O)[C@@H]2O)C(O)[C@@H]1O
Mol_11206	Mol_11206::M02	acrylate_ester	michael_acceptor	134;132;130;131;129;128	134	C=CCC[C@](C)(CC/C=C(\CO)C(=O)O[C@H]1C[C@]2(C(=O)OC3OC(CO)[C@H](O)C(O)[C@H]3O[C@H]3OC(C)[C@H](O[C@@H]4O[C@H](COC(C)=O)[C@@H](O)[C@@H]4O)[C@@H](OC4OC[C@@H](O)C(O)[C@@H]4O)C3O)[C@H](C)C[C@]3(C)C(=CCC4[C@@]5(C)CC[C@H](O[C@@H]6OC(CO[C@@H]7OC(C)[C@H](O)C(O)[C@@H]7O[C@@H]7OC(CO)[C@@H](O)C(O)[C@@H]7O)[C@@H](O)C(O)[C@@H]6O)C(C)(C)[C@@H]5CC[C@]43C)[C@H]2CC1(C)C)O[C@@H]1OC(C)[C@@H](OC(=O)/C(C)=C/CC[C@@](C)(CC=C)O[C@@H]2OC(C)[C@@H](O)C(O)[C@@H]2O)C(O)[C@@H]1O
Mol_11207	Mol_11207::M01	acrylate_ester	michael_acceptor	8;9;12;13;14;15	8	C=CCC[C@](C)(CC/C=C(\CO)C(=O)O[C@H]1C[C@]2(C(=O)OC3OC(CO)[C@H](O)C(O)[C@H]3O[C@H]3OC(C)[C@H](O[C@@H]4O[C@H](CO)[C@@H](O)[C@@H]4O)[C@@H](OC4OC[C@@H](O)C(O)[C@@H]4O)C3O)[C@H](C)C[C@]3(C)C(=CCC4[C@@]5(C)CC[C@H](O[C@@H]6OC(CO[C@@H]7OC(C)[C@H](O)C(O)[C@@H]7O[C@@H]7OC(CO)[C@@H](O)C(O)[C@@H]7O)[C@@H](O)C(O)[C@@H]6O)C(C)(C)[C@@H]5CC[C@]43C)[C@H]2CC1(C)C)O[C@@H]1OC(C)[C@@H](OC(=O)/C(C)=C/CC[C@@](C)(CC=C)O[C@@H]2OC(C)[C@@H](O)C(O)[C@@H]2O)C(O)[C@@H]1O
Mol_11207	Mol_11207::M02	acrylate_ester	michael_acceptor	131;129;127;128;126;125	131	C=CCC[C@](C)(CC/C=C(\CO)C(=O)O[C@H]1C[C@]2(C(=O)OC3OC(CO)[C@H](O)C(O)[C@H]3O[C@H]3OC(C)[C@H](O[C@@H]4O[C@H](CO)[C@@H](O)[C@@H]4O)[C@@H](OC4OC[C@@H](O)C(O)[C@@H]4O)C3O)[C@H](C)C[C@]3(C)C(=CCC4[C@@]5(C)CC[C@H](O[C@@H]6OC(CO[C@@H]7OC(C)[C@H](O)C(O)[C@@H]7O[C@@H]7OC(CO)[C@@H](O)C(O)[C@@H]7O)[C@@H](O)C(O)[C@@H]6O)C(C)(C)[C@@H]5CC[C@]43C)[C@H]2CC1(C)C)O[C@@H]1OC(C)[C@@H](OC(=O)/C(C)=C/CC[C@@](C)(CC=C)O[C@@H]2OC(C)[C@@H](O)C(O)[C@@H]2O)C(O)[C@@H]1O
Mol_11208	Mol_11208::M01	acrylate_ester	michael_acceptor	8;9;12;13;14;15	8	C=CCC[C@](C)(CC/C=C(\CO)C(=O)O[C@H]1C[C@]2(C(=O)OC3OC(CO)[C@H](O)C(O)[C@H]3O[C@H]3OC(C)[C@H](O[C@@H]4O[C@H](CO)[C@@H](O)[C@@H]4O)[C@@H](OC4OC[C@@H](O)C(O)[C@@H]4O)C3O)[C@H](C)C[C@]3(C)C(=CCC4[C@@]5(C)CC[C@H](O[C@@H]6OC(CO[C@@H]7OC(C)[C@H](O)C(O)[C@@H]7O[C@@H]7OC(CO)[C@@H](O)C(O)[C@@H]7O)[C@@H](O)C(O)[C@@H]6O)C(C)(C)[C@@H]5CC[C@]43C)[C@H]2CC1(C)C)O[C@@H]1OC(C)[C@@H](OC(=O)/C(C)=C/CCC(C)(CC=C)OC2OC(C)[C@H](OC(=C)/C(C)=C\CC[C@@](C)(C=C)O[C@@H]3OC(C)C(O)C(O)C3O)C(O)[C@H]2O)C(O)[C@@H]1O
Mol_11208	Mol_11208::M02	acrylate_ester	michael_acceptor	131;129;127;128;126;125	131	C=CCC[C@](C)(CC/C=C(\CO)C(=O)O[C@H]1C[C@]2(C(=O)OC3OC(CO)[C@H](O)C(O)[C@H]3O[C@H]3OC(C)[C@H](O[C@@H]4O[C@H](CO)[C@@H](O)[C@@H]4O)[C@@H](OC4OC[C@@H](O)C(O)[C@@H]4O)C3O)[C@H](C)C[C@]3(C)C(=CCC4[C@@]5(C)CC[C@H](O[C@@H]6OC(CO[C@@H]7OC(C)[C@H](O)C(O)[C@@H]7O[C@@H]7OC(CO)[C@@H](O)C(O)[C@@H]7O)[C@@H](O)C(O)[C@@H]6O)C(C)(C)[C@@H]5CC[C@]43C)[C@H]2CC1(C)C)O[C@@H]1OC(C)[C@@H](OC(=O)/C(C)=C/CCC(C)(CC=C)OC2OC(C)[C@H](OC(=C)/C(C)=C\CC[C@@](C)(C=C)O[C@@H]3OC(C)C(O)C(O)C3O)C(O)[C@H]2O)C(O)[C@@H]1O
Mol_11219	Mol_11219::M01	chalcone	michael_acceptor	16;17;18;7;6;5	6	COc1ccc(/C=C2/COc3cc(O)ccc3C2=O)cc1
Mol_11220	Mol_11220::M01	chalcone	michael_acceptor	16;17;18;7;6;5	6	COc1ccc(/C=C2\COc3cc(O)ccc3C2=O)cc1
Mol_11221	Mol_11221::M01	chalcone	michael_acceptor	11;18;19;7;6;5	6	COc1ccc(/C=C2\COc3c(ccc(O)c3O)C2=O)cc1
Mol_11224	Mol_11224::M01	acrylate_ester	michael_acceptor	14;13;11;12;10;8	14	CC(=O)O[C@@H]1[C@@H]2[C@H](C[C@@]3(O)OC(=O)C=C3[C@@]2(C)O)[C@@]2(C)[C@@H](OC(C)=O)CCC(C)(C)[C@]2(O)[C@H]1OC(C)=O
Mol_11224	Mol_11224::M02	unsat_lactone	michael_acceptor	10;11;12;13;14	14	CC(=O)O[C@@H]1[C@@H]2[C@H](C[C@@]3(O)OC(=O)C=C3[C@@]2(C)O)[C@@]2(C)[C@@H](OC(C)=O)CCC(C)(C)[C@]2(O)[C@H]1OC(C)=O
Mol_11225	Mol_11225::M01	acrylate_ester	michael_acceptor	22;21;19;20;18;16	22	CC(=O)O[C@H]1CC(C)(C)[C@]2(O)CC[C@@H]3[C@H](C[C@@]4(O)OC(=O)C=C4[C@@]3(C)O)[C@@]2(C)[C@H]1OC(C)=O
Mol_11225	Mol_11225::M02	unsat_lactone	michael_acceptor	18;19;20;21;22	22	CC(=O)O[C@H]1CC(C)(C)[C@]2(O)CC[C@@H]3[C@H](C[C@@]4(O)OC(=O)C=C4[C@@]3(C)O)[C@@]2(C)[C@H]1OC(C)=O
Mol_11232	Mol_11232::M01	acrylate_ester	michael_acceptor	44;43;41;42;40;39	44	CCCCCCCCCCCCCCCCCCCCCCCCCCCCCCCCCCCCCCCCOC(=O)/C=C/c1ccc(O)c(O)c1
Mol_11265	Mol_11265::M01	acrylamide	michael_acceptor	2;3;4;5;6	2	CS/C=C/C(=O)NCCO
Mol_11269	Mol_11269::M01	enone_cyclic	michael_acceptor	11;2;1;0;20	11	O=C1C(c2ccc(O)c(O)c2)=COC2CC(O)CC(O)C12
Mol_11275	Mol_11275::M01	epoxide	sn2_ring_opening	2;3;4	2;4	OCC1OC1c1ccc2c(c1)OCO2
Mol_11276	Mol_11276::M01	acrylate_ester	michael_acceptor	32;31;29;30;28;27	32	CCCCCCCCCCCCCCCCCCCCCCCCCCCCOC(=O)/C=C/c1ccc(OC)c(O)c1
Mol_11277	Mol_11277::M01	acrylate_ester	michael_acceptor	32;31;29;30;28;27	32	CCCCCCCCCCCCCCCCCCCCCCCCCCCCOC(=O)C=Cc1ccc(O)c(OC)c1
Mol_11286	Mol_11286::M01	epoxide	sn2_ring_opening	11;12;13	11;13	CCC1(C)C=Cc2c(c(C(O)C3OC3(C)C)c3occ(-c4ccc(OC)cc4)c(=O)c3c2O)O1
Mol_11287	Mol_11287::M01	enal	michael_acceptor	4;1;2;3	4	C/C(C=O)=C\Cc1c2c(c(O)c3c(=O)c(-c4ccc(O)cc4)coc13)C=CC(C)(C)O2
Mol_11287	Mol_11287::M02	aldehyde	reversible_carbonyl	1;2;3	2	C/C(C=O)=C\Cc1c2c(c(O)c3c(=O)c(-c4ccc(O)cc4)coc13)C=CC(C)(C)O2
Mol_11296	Mol_11296::M01	acrylate_ester	michael_acceptor	30;29;27;28;26;25	30	CCCCCCCCCCCCCCCCCCCCCCCCCCOC(=O)/C=C/c1ccc(O)c(O)c1
Mol_11301	Mol_11301::M01	enone_cyclic	michael_acceptor	11;10;8;9;7	11	Cc1nc(N)nc2c1C(=O)C1=C2CC(O)CC1(C)C
Mol_11301	Mol_11301::M02	chalcone	michael_acceptor	7;8;9;10;11;6	11	Cc1nc(N)nc2c1C(=O)C1=C2CC(O)CC1(C)C
Mol_11310	Mol_11310::M01	acrylate_ester	michael_acceptor	2;1;27;28;26;4	2	CC1=C(O)/C(=C/C(C)CCC/C(C)=C/CC/C(C)=C/CCc2ccoc2)OC1=O
Mol_11310	Mol_11310::M02	unsat_lactone	michael_acceptor	26;27;28;1;2	2	CC1=C(O)/C(=C/C(C)CCC/C(C)=C/CC/C(C)=C/CCc2ccoc2)OC1=O
Mol_11316	Mol_11316::M01	enone_cyclic	michael_acceptor	1;2;4;5;6	1	CC1=C(O)C(=O)C2Oc3cc(O)c4c(=O)cc(-c5ccc(O)cc5)oc4c3C12
Mol_11331	Mol_11331::M01	acrylate_ester	michael_acceptor	45;44;42;43;41;40	45	CC1O[C@@H](OCC2O[C@@H](Oc3c(-c4ccc(O)cc4)oc4cc(O[C@@H]5OC(C)[C@H](O)[C@H](O)C5O)cc(O)c4c3=O)C(OC(=O)/C=C/c3ccc(O)cc3)[C@@H](O)[C@@H]2O)C(O)[C@@H](O)[C@H]1O
Mol_11343	Mol_11343::M01	chalcone	michael_acceptor	6;26;27;10;11;12	11	COc1cc(O)c2c(c1)O/C(=C/c1ccc(O)c(OC)c1CC=C(C)C)C2=O
Mol_11346	Mol_11346::M01	enone_ketone_acyclic	michael_acceptor	2;1;5;6;7	2	C/C(=C\CO)C(=O)C[C@@H]1C(C)(C)C(=O)C=C[C@]1(C)O
Mol_11346	Mol_11346::M02	enone_cyclic	michael_acceptor	15;14;12;13;9	15	C/C(=C\CO)C(=O)C[C@@H]1C(C)(C)C(=O)C=C[C@]1(C)O
Mol_11347	Mol_11347::M01	enone_cyclic	michael_acceptor	6;5;3;4;1	6	CC1(C)C(=O)C=C[C@](C)(O)[C@@H]1CC(=O)O
Mol_11353	Mol_11353::M01	enone_cyclic	michael_acceptor	33;31;29;30;18	33	CC(C)=CCc1c(O)cc2oc3c(c(=O)c2c1O)C(CC=C(C)C)(CC=C(C)C)C(=O)C(O)=C3
Mol_11369	Mol_11369::M01	enone_cyclic	michael_acceptor	17;18;20;21;22	17	CC(C)=CCc1c(O)cc2c(c1O)C(=O)C1C(C=C(O)C(=O)C1(CC=C(C)C)CC=C(C)C)O2
Mol_11375	Mol_11375::M01	enone_cyclic	michael_acceptor	37;26;24;25;18	37	CC(C)=CC[C@H]1C[C@@]23C[C@H](CCC(C)C)C(C)(C)C(CC=C(C)C)(C(=O)C(C(=O)c4ccc(O)c(O)c4)=C2OC1(C)C)C3=O
Mol_11376	Mol_11376::M01	enone_cyclic	michael_acceptor	37;26;24;25;18	37	CC(C)=CC[C@H]1C[C@@]23C[C@H](CC=C(C)C)C(C)(C)C(CC=C(C)C)(C(=O)C(C(=O)c4ccc(O)c(O)c4)=C2OC1(C)C)C3=O
Mol_11412	Mol_11412::M01	enone_cyclic	michael_acceptor	26;25;23;24;22	26	CC(C)C(C)/C=C/C(C)C1CCC2C3=C(CCC21C)C1(C)CCC(=O)C=C1C=C3
Mol_11430	Mol_11430::M01	enone_cyclic	michael_acceptor	19;20;31;32;33	19	CC(C)=CCC1C[C@]23C[C@@H](CC=C(C)C)C(C)(C)OC2=C(C(=O)c2ccc(O)c(O)c2)C(=O)[C@@](CC=C(C)C)(C3=O)C1(C)C
Mol_11432	Mol_11432::M01	enone_cyclic	michael_acceptor	14;15;16;17;18	14	CCC(CC[C@@H](C)C1CCC2C3CCC4=CC(=O)CC[C@]4(C)C3CC[C@@]21C)C(C)C
Mol_11434	Mol_11434::M01	enone_cyclic	michael_acceptor	15;16;17;18;19	15	CCC(CC[C@@H](C)C1CCC2C3CC(=O)C4=CC(=O)CC[C@]4(C)C3CC[C@@]21C)C(C)C
Mol_11434	Mol_11434::M02	enone_cyclic	michael_acceptor	16;15;13;14;12	16	CCC(CC[C@@H](C)C1CCC2C3CC(=O)C4=CC(=O)CC[C@]4(C)C3CC[C@@]21C)C(C)C
Mol_11435	Mol_11435::M01	enone_cyclic	michael_acceptor	16;17;18;19;20	16	CC(C)[C@@H](C)/C=C/[C@@H](C)[C@H]1CCC2=C3C=CC4=CC(=O)CC[C@]4(C)[C@H]3CC[C@@]21C
Mol_11437	Mol_11437::M01	enone_cyclic	michael_acceptor	1;2;3;4;5	1	CC1=CC(=O)CC(C)(C)[C@@]1(O)CC[C@@H](C)O
Mol_11448	Mol_11448::M01	para_quinone	michael_acceptor	17;16;13;12;31;32;19;18	12;13;18;19	COC(=O)c1c(COC(C)=O)cc2c(c1O)C(=O)c1c(cc3c(c1O)C=CC(C)(C)O3)C2=O
Mol_11459	Mol_11459::M01	para_quinone	michael_acceptor	13;12;9;8;27;28;15;14	8;9;14;15	COC(=O)c1c(C)cc2c(c1O)C(=O)c1c(cc3c(c1O)C=CC(C)(C)O3)C2=O
Mol_11470	Mol_11470::M01	para_quinone	michael_acceptor	13;12;9;8;27;28;15;14	8;9;14;15	COC(=O)c1c(C)cc2c(c1O)C(=O)c1c(cc(O)c(CC=C(C)C)c1O)C2=O
Mol_11476	Mol_11476::M01	aldehyde	reversible_carbonyl	10;11;12	11	COC(=O)c1c(C)cc(O)c(C=O)c1O
Mol_11477	Mol_11477::M01	enone_cyclic	michael_acceptor	6;5;28;29;26	6	CC(C)=CCC1=C(O)c2c(cc3c(CC=C(C)C)c(C)cc(O)c3c2O)C(=O)C1=O
Mol_11477	Mol_11477::M02	ortho_quinone	michael_acceptor	27;26;28;29;5;6;8;9	5;6;8;9	CC(C)=CCC1=C(O)c2c(cc3c(CC=C(C)C)c(C)cc(O)c3c2O)C(=O)C1=O
Mol_11481	Mol_11481::M01	para_quinone	michael_acceptor	14;13;11;10;23;24;22;15	10;11;15;22	CC(C)=CCOc1cc(O)c2c(c1)C(=O)c1cc(C)cc(O)c1C2=O
Mol_11484	Mol_11484::M01	enone_cyclic	michael_acceptor	32;31;29;30;18	32	CC(C)=CCc1c(C)cc(O)c2c(O)c3c(cc12)C(CC=C(C)C)(CC=C(C)C)C(=O)C=C3O
Mol_11487	Mol_11487::M01	enone_cyclic	michael_acceptor	11;12;13;14;15	11	CC(C)=CCC1(CC=C(C)C)C2=C(C(=O)c3c1cc1cc(C)cc(O)c1c3O)C(C)C(C)(C)O2
Mol_11489	Mol_11489::M01	enone_cyclic	michael_acceptor	16;15;13;14;10	16	CC(C)=CCc1c(C)c2c3c(c1O)C(=O)C1=C(C4C=CC(C)(C)OC4C=C1O)[C@]31O[C@H](C2)C(C)(C)O1
Mol_11491	Mol_11491::M01	enone_cyclic	michael_acceptor	18;20;21;22;23	18	CC(C)=CCc1c(C)cc2cc3c(c(O)c2c1O)C(O)=CC(=O)C3(CC=C(C)C)CC=C(C)C
Mol_11501	Mol_11501::M01	enone_cyclic	michael_acceptor	10;9;7;8;6	10	CC[C@H](C)C(=O)[C@@]12C(=O)C3=C(OC(C)(C)C=C3)[C@@](CC=C(C)C)(C[C@H](CC=C(C)C)C1(C)C)C2=O
Mol_11502	Mol_11502::M01	enone_cyclic	michael_acceptor	24;23;21;22;15	24	CC(C)=CC[C@H]1C[C@@]2(CC=C(C)C)C(=O)[C@](C(=O)C(C)C)(C(=O)C3=C2OC(C)(C)C=C3)C1(C)C
Mol_11503	Mol_11503::M01	para_quinone	michael_acceptor	18;17;15;14;27;28;26;19	14;15;19;26	CC(C)=CCC/C(C)=C/Oc1cc(O)c2c(c1)C(=O)c1cc(O)cc(O)c1C2=O
Mol_11509	Mol_11509::M01	enone_ketone_acyclic	michael_acceptor	9;8;6;7;5	9	C=CC(C)(C)C(C(=O)/C=C(/O)c1ccccc1)C(=O)OC
Mol_11510	Mol_11510::M01	enone_ketone_acyclic	michael_acceptor	10;9;7;8;5	10	C=CC(C)(C)C(=O)C(=O)/C=C(\O)c1ccccc1
Mol_11514	Mol_11514::M01	enone_cyclic	michael_acceptor	30;24;22;23;9	30	CC(C)=CC[C@]1(C)C(=O)[C@]2(C[C@@H]3[C@H](CC[C@]3(C)O)[C@@](C)(O)C2)C(=O)C(C(=O)C(C)C)=C1O
Mol_11515	Mol_11515::M01	enone_cyclic	michael_acceptor	32;26;24;25;13	32	C=C(C)C1CC[C@H](O)[C@@H]1CC1=C(O)C(CC=C(C)C)(CC=C(C)C)C(=O)C(C(=O)C(C)C)=C1O
Mol_11516	Mol_11516::M01	acrylate_ester	michael_acceptor	3;2;17;18;16;4	3	COC1=CC(CC=C(C)C)(c2ccccc2)OC1=O
Mol_11516	Mol_11516::M02	unsat_lactone	michael_acceptor	16;17;18;2;3	3	COC1=CC(CC=C(C)C)(c2ccccc2)OC1=O
Mol_11518	Mol_11518::M01	enone_cyclic	michael_acceptor	18;19;21;22;23	18	C=CC(C)(C)c1c(O)cc(O)c2c(=O)c3c(oc12)C=C(O)C(=O)C3(CC=C(C)C)CC=C(C)C
Mol_11540	Mol_11540::M01	acrylate_ester	michael_acceptor	5;6;7;8;9;10	5	COc1cc(/C=C/C(=O)OCC(Cc2ccc(O)c(OC)c2)C(COC(=O)/C=C/c2ccc(O)c(OC)c2)Cc2ccc(O)c(OC)c2)ccc1O
Mol_11540	Mol_11540::M02	acrylate_ester	michael_acceptor	28;27;25;26;24;23	28	COc1cc(/C=C/C(=O)OCC(Cc2ccc(O)c(OC)c2)C(COC(=O)/C=C/c2ccc(O)c(OC)c2)Cc2ccc(O)c(OC)c2)ccc1O
Mol_11570	Mol_11570::M01	enone_cyclic	michael_acceptor	6;5;32;33;21	6	CC(C)=CCC1=C(O)c2c(cc3cc(C)cc(O)c3c2O)C(CC=C(C)C)(CC=C(C)C)C1=O
Mol_11571	Mol_11571::M01	enone_cyclic	michael_acceptor	14;13;11;12;5	14	CC(C)=CCC1(CC=C(C)C)C(=O)C=C(O)c2c1cc1cc(C)cc(O)c1c2O
Mol_11573	Mol_11573::M01	para_quinone	michael_acceptor	11;10;9;8;19;20;18;12	8;9;12;18	CCCc1cc(O)cc2c1C(=O)c1c(O)cccc1C2=O
Mol_11578	Mol_11578::M01	enone_ketone_acyclic	michael_acceptor	6;8;9;10;11	6	CC(C)=CCC/C(C)=C/C(=O)c1c(O)cc2c(c1O)C(=O)c1c(O)cc(C)cc1C2=O
Mol_11578	Mol_11578::M02	para_quinone	michael_acceptor	20;19;16;15;29;30;28;21	15;16;21;28	CC(C)=CCC/C(C)=C/C(=O)c1c(O)cc2c(c1O)C(=O)c1c(O)cc(C)cc1C2=O
Mol_11581	Mol_11581::M01	para_quinone	michael_acceptor	19;18;16;15;28;29;27;20	15;16;20;27	CC(C)=CCC/C(C)=C/COc1cc(O)c2c(c1)C(=O)c1cc(C)cc(O)c1C2=O
Mol_11584	Mol_11584::M01	para_quinone	michael_acceptor	15;14;5;4;24;25;23;16	4;5;16;23	COc1cc2c(c(O)c1CC=C(C)C)C(=O)c1c(O)cc(C)cc1C2=O
Mol_11608	Mol_11608::M01	enone_cyclic	michael_acceptor	10;11;12;13;6	10	COc1cccc2c1C(=O)C1=C(C2=O)[C@@H](O)[C@H](C)O[C@@H]1C
Mol_11608	Mol_11608::M02	enone_cyclic	michael_acceptor	11;10;8;9;7	11	COc1cccc2c1C(=O)C1=C(C2=O)[C@@H](O)[C@H](C)O[C@@H]1C
Mol_11608	Mol_11608::M03	para_quinone	michael_acceptor	9;8;7;6;12;13;11;10	6;7;10;11	COc1cccc2c1C(=O)C1=C(C2=O)[C@@H](O)[C@H](C)O[C@@H]1C
Mol_11609	Mol_11609::M01	enone_cyclic	michael_acceptor	10;14;19;20;6	10	COc1cccc2c1C(=O)C([C@@H](C)O)=C(CC(C)=O)C2=O
Mol_11609	Mol_11609::M02	enone_cyclic	michael_acceptor	14;10;8;9;7	14	COc1cccc2c1C(=O)C([C@@H](C)O)=C(CC(C)=O)C2=O
Mol_11609	Mol_11609::M03	para_quinone	michael_acceptor	9;8;7;6;19;20;14;10	6;7;10;14	COc1cccc2c1C(=O)C([C@@H](C)O)=C(CC(C)=O)C2=O
Mol_11613	Mol_11613::M01	enone_cyclic	michael_acceptor	10;11;18;19;6	10	COc1cccc2c1C(=O)C1=C(C[C@H](C)O[C@@H]1C)C2=O
Mol_11613	Mol_11613::M02	enone_cyclic	michael_acceptor	11;10;8;9;7	11	COc1cccc2c1C(=O)C1=C(C[C@H](C)O[C@@H]1C)C2=O
Mol_11613	Mol_11613::M03	para_quinone	michael_acceptor	9;8;7;6;18;19;11;10	6;7;10;11	COc1cccc2c1C(=O)C1=C(C[C@H](C)O[C@@H]1C)C2=O
Mol_11614	Mol_11614::M01	enone_cyclic	michael_acceptor	10;11;18;19;6	10	COc1cccc2c1C(=O)C1=C(CC(C)OC1C)C2=O
Mol_11614	Mol_11614::M02	enone_cyclic	michael_acceptor	11;10;8;9;7	11	COc1cccc2c1C(=O)C1=C(CC(C)OC1C)C2=O
Mol_11614	Mol_11614::M03	para_quinone	michael_acceptor	9;8;7;6;18;19;11;10	6;7;10;11	COc1cccc2c1C(=O)C1=C(CC(C)OC1C)C2=O
Mol_11634	Mol_11634::M01	enone_cyclic	michael_acceptor	5;6;8;9;10	5	COC(C)CC1=C(O)C(=O)C2=C(C=C[C@H]3C(C)(C)C[C@@H](O)C[C@]23C)C1=O
Mol_11634	Mol_11634::M02	enone_cyclic	michael_acceptor	6;5;24;25;11	6	COC(C)CC1=C(O)C(=O)C2=C(C=C[C@H]3C(C)(C)C[C@@H](O)C[C@]23C)C1=O
Mol_11634	Mol_11634::M03	enone_cyclic	michael_acceptor	10;11;24;25;5	10	COC(C)CC1=C(O)C(=O)C2=C(C=C[C@H]3C(C)(C)C[C@@H](O)C[C@]23C)C1=O
Mol_11634	Mol_11634::M04	enone_cyclic	michael_acceptor	11;10;8;9;6	11	COC(C)CC1=C(O)C(=O)C2=C(C=C[C@H]3C(C)(C)C[C@@H](O)C[C@]23C)C1=O
Mol_11634	Mol_11634::M05	para_quinone	michael_acceptor	9;8;6;5;24;25;11;10	5;6;10;11	COC(C)CC1=C(O)C(=O)C2=C(C=C[C@H]3C(C)(C)C[C@@H](O)C[C@]23C)C1=O
Mol_11635	Mol_11635::M01	enone_cyclic	michael_acceptor	5;6;8;9;10	5	COC(C)CC1=C(O)C(=O)C2=C(C1=O)[C@H](OC)[C@@H](O)[C@H]1[C@@](C)(CO)[C@@H](OC(C)=O)CC[C@]21C
Mol_11635	Mol_11635::M02	enone_cyclic	michael_acceptor	6;5;12;13;11	6	COC(C)CC1=C(O)C(=O)C2=C(C1=O)[C@H](OC)[C@@H](O)[C@H]1[C@@](C)(CO)[C@@H](OC(C)=O)CC[C@]21C
Mol_11635	Mol_11635::M03	enone_cyclic	michael_acceptor	10;11;12;13;5	10	COC(C)CC1=C(O)C(=O)C2=C(C1=O)[C@H](OC)[C@@H](O)[C@H]1[C@@](C)(CO)[C@@H](OC(C)=O)CC[C@]21C
Mol_11635	Mol_11635::M04	enone_cyclic	michael_acceptor	11;10;8;9;6	11	COC(C)CC1=C(O)C(=O)C2=C(C1=O)[C@H](OC)[C@@H](O)[C@H]1[C@@](C)(CO)[C@@H](OC(C)=O)CC[C@]21C
Mol_11635	Mol_11635::M05	para_quinone	michael_acceptor	9;8;6;5;12;13;11;10	5;6;10;11	COC(C)CC1=C(O)C(=O)C2=C(C1=O)[C@H](OC)[C@@H](O)[C@H]1[C@@](C)(CO)[C@@H](OC(C)=O)CC[C@]21C
Mol_11636	Mol_11636::M01	enone_cyclic	michael_acceptor	3;4;5;6;7	3	CO[C@H]1C2=C(C(=O)C(O)=C(CC(C)O)C2=O)[C@@]2(C)CC[C@H](OC(C)=O)[C@](C)(CO)[C@@H]2[C@@H]1O
Mol_11636	Mol_11636::M02	enone_cyclic	michael_acceptor	4;3;14;15;9	4	CO[C@H]1C2=C(C(=O)C(O)=C(CC(C)O)C2=O)[C@@]2(C)CC[C@H](OC(C)=O)[C@](C)(CO)[C@@H]2[C@@H]1O
Mol_11636	Mol_11636::M03	enone_cyclic	michael_acceptor	7;9;14;15;3	7	CO[C@H]1C2=C(C(=O)C(O)=C(CC(C)O)C2=O)[C@@]2(C)CC[C@H](OC(C)=O)[C@](C)(CO)[C@@H]2[C@@H]1O
Mol_11636	Mol_11636::M04	enone_cyclic	michael_acceptor	9;7;5;6;4	9	CO[C@H]1C2=C(C(=O)C(O)=C(CC(C)O)C2=O)[C@@]2(C)CC[C@H](OC(C)=O)[C@](C)(CO)[C@@H]2[C@@H]1O
Mol_11636	Mol_11636::M05	para_quinone	michael_acceptor	6;5;4;3;14;15;9;7	3;4;7;9	CO[C@H]1C2=C(C(=O)C(O)=C(CC(C)O)C2=O)[C@@]2(C)CC[C@H](OC(C)=O)[C@](C)(CO)[C@@H]2[C@@H]1O
Mol_11658	Mol_11658::M01	acrylic_acid	michael_acceptor	17;13;14;15;16	17	CCCCCCCC[C@@H]1[C@H]2C=C[C@H]3C(C(=O)O)=C[C@H](O)[C@@H]4C[C@@H]1[C@@H]2[C@H]43
Mol_11659	Mol_11659::M01	acrylic_acid	michael_acceptor	18;14;15;16;17	18	CCCCCCCC[C@@H]1[C@H]2C=C[C@@]3(O)C(C(=O)O)=C[C@H](O)[C@@H]4C[C@@H]1[C@@H]2[C@H]43
Mol_11660	Mol_11660::M01	acrylic_acid	michael_acceptor	17;13;14;15;16	17	CCCCCCCC[C@@H]1[C@H]2C=C[C@H]3C(C(=O)O)=C[C@@H](O)[C@@H]4C[C@@H]1[C@@H]2[C@H]43
Mol_11663	Mol_11663::M01	acrylic_acid	michael_acceptor	17;13;14;15;16	17	CCCCCCCC[C@@H]1[C@H]2C=C[C@H]3C(C(=O)O)=CC[C@@H]4C[C@@H]1[C@@H]2[C@H]43
Mol_11666	Mol_11666::M01	acrylamide	michael_acceptor	8;7;5;6;4	8	CC(C)CNC(=O)/C=C/[C@H]1[C@@H]2CCCC[C@@H]2C=C[C@@H]1c1ccc2c(c1)OCO2
Mol_11679	Mol_11679::M01	acrylamide	michael_acceptor	3;2;1;0;10	3	O=C(/C=C/c1ccccc1)NCCc1ccc2c(c1)OCO2
Mol_11680	Mol_11680::M01	acrylamide	michael_acceptor	8;7;5;6;4	8	CC(C)CNC(=O)/C=C/C=C/CCCCCC/C=C/c1ccc2c(c1)OCO2
Mol_11690	Mol_11690::M01	acrylamide	michael_acceptor	6;7;8;9;10	6	COc1ccc(/C=C/C(=O)NCCC(=C/C=C\C2OC(CO)C(O)C(O)C2O)CCNC(=O)/C=C/c2ccc(OC)c(O)c2)cc1O
Mol_11690	Mol_11690::M02	acrylamide	michael_acceptor	34;33;31;32;30	34	COc1ccc(/C=C/C(=O)NCCC(=C/C=C\C2OC(CO)C(O)C(O)C2O)CCNC(=O)/C=C/c2ccc(OC)c(O)c2)cc1O
Mol_11696	Mol_11696::M01	para_quinone	michael_acceptor	10;9;8;7;19;20;18;11	7;8;11;18	COc1cc(O)cc2c1C(=O)c1c(O)cc(C)cc1C2=O
Mol_11698	Mol_11698::M01	para_quinone	michael_acceptor	9;8;6;5;18;19;17;10	5;6;10;17	COc1ccc2c(c1)C(=O)c1c(O)cc(C)cc1C2=O
Mol_11699	Mol_11699::M01	para_quinone	michael_acceptor	11;10;5;4;20;21;19;12	4;5;12;19	COc1cc2c(c(O)c1C)C(=O)c1c(O)cc(C)cc1C2=O
Mol_11701	Mol_11701::M01	para_quinone	michael_acceptor	11;10;9;8;19;20;18;12	8;9;12;18	COc1c(O)c(C)cc2c1C(=O)c1c(O)cccc1C2=O
Mol_11702	Mol_11702::M01	para_quinone	michael_acceptor	10;9;7;6;19;20;18;11	6;7;11;18	COc1cc(O)c2c(c1)C(=O)c1c(O)cc(C)cc1C2=O
Mol_11703	Mol_11703::M01	para_quinone	michael_acceptor	20;19;17;16;28;29;27;21	16;17;21;27	Cc1cc(O[C@@H]2O[C@H](CO)[C@@H](O)[C@H](O)[C@H]2O)c2c(c1)C(=O)c1cccc(O)c1C2=O
Mol_11708	Mol_11708::M01	para_quinone	michael_acceptor	22;21;20;19;30;31;29;23	19;20;23;29	COc1c(O[C@@H]2O[C@H](CO)[C@@H](O)[C@H](O)[C@H]2O)c(C)cc2c1C(=O)c1c(O)cccc1C2=O
Mol_11709	Mol_11709::M01	para_quinone	michael_acceptor	22;21;18;17;33;34;24;23	17;18;23;24	COc1c(O[C@@H]2O[C@H](CO)[C@@H](O)[C@H](O)[C@H]2O)cc2c(c1O)C(=O)c1c(cc(C)c(O)c1OC)C2=O
Mol_11710	Mol_11710::M01	para_quinone	michael_acceptor	13;12;5;4;35;36;15;14	4;5;14;15	COc1cc2c(c(OC)c1OC)C(=O)c1c(cc(C)c(O[C@@H]3O[C@H](CO)[C@@H](O)[C@H](O)[C@H]3O)c1OC)C2=O
Mol_11712	Mol_11712::M01	enone_cyclic	michael_acceptor	11;12;13;14;15	11	CC1(C)CC[C@]2(C)CC[C@]3(C)C(=CC(=O)[C@@H]4[C@@]5(C)CCC(=O)C(C)(C)[C@@H]5CC[C@]43C)[C@@H]2C1
Mol_11723	Mol_11723::M01	acrylate_ester	michael_acceptor	5;4;2;3;1;0	5	COC(=O)/C=C(/C)CC[C@]1(C)[C@H]2CCC=C(C(=O)O)[C@]2(C)CC[C@@H]1C
Mol_11723	Mol_11723::M02	acrylic_acid	michael_acceptor	14;15;16;17;18	14	COC(=O)/C=C(/C)CC[C@]1(C)[C@H]2CCC=C(C(=O)O)[C@]2(C)CC[C@@H]1C
Mol_11724	Mol_11724::M01	acrylate_ester	michael_acceptor	5;4;2;3;1;0	5	COC(=O)/C=C(\C)CC[C@]1(C)[C@H]2CCC=C(C(=O)O)[C@]2(C)CC[C@@H]1C
Mol_11724	Mol_11724::M02	acrylic_acid	michael_acceptor	14;15;16;17;18	14	COC(=O)/C=C(\C)CC[C@]1(C)[C@H]2CCC=C(C(=O)O)[C@]2(C)CC[C@@H]1C
Mol_11725	Mol_11725::M01	acrylate_ester	michael_acceptor	5;4;2;3;1;0	5	COC(=O)C1=CCC[C@@H]2[C@@](C)(CC/C(C)=C/C(=O)O)[C@@H](C)CC[C@@]12C
Mol_11725	Mol_11725::M02	acrylic_acid	michael_acceptor	13;15;16;17;18	13	COC(=O)C1=CCC[C@@H]2[C@@](C)(CC/C(C)=C/C(=O)O)[C@@H](C)CC[C@@]12C
Mol_11726	Mol_11726::M01	acrylic_acid	michael_acceptor	10;6;7;8;9	10	C[C@@H]1CC[C@@]2(C)C(C(=O)O)=CCC[C@@H]2[C@@]1(C)CC(=O)O
Mol_11736	Mol_11736::M01	enal	michael_acceptor	9;6;7;8	9	COc1ccc(/C(C=O)=C\c2ccc(O)cc2OC)c(O)c1
Mol_11736	Mol_11736::M02	aldehyde	reversible_carbonyl	6;7;8	7	COc1ccc(/C(C=O)=C\c2ccc(O)cc2OC)c(O)c1
Mol_11747	Mol_11747::M01	enone_cyclic	michael_acceptor	17;16;14;15;11	17	COc1cc2c(cc1O)[C@]13C[C@@H](OC)C(=O)C=C1CCN3CC2
Mol_11801	Mol_11801::M01	acrylate_ester	michael_acceptor	27;26;24;25;23;22	27	C=C(CO)[C@@H]1CC[C@]2(CO)CC[C@]3(C)[C@H](CC[C@@H]4[C@@]5(C)CC[C@H](OC(=O)/C=C/c6cc(O)cc(O)c6)C(C)(C)[C@@H]5CC[C@]43C)[C@@H]12
Mol_11802	Mol_11802::M01	enone_cyclic	michael_acceptor	1;2;3;4;5	1	C/C1=C/C(=O)[C@@H](O)/C(C)=C/[C@H](O)C(=O)/C(C)=C/[C@@H]2[C@H](CC1)C2(C)C
Mol_11802	Mol_11802::M02	enone_cyclic	michael_acceptor	16;14;12;13;10	16	C/C1=C/C(=O)[C@@H](O)/C(C)=C/[C@H](O)C(=O)/C(C)=C/[C@@H]2[C@H](CC1)C2(C)C
Mol_11809	Mol_11809::M01	acrylic_acid	michael_acceptor	16;18;19;20;21	16	C=C1CC[C@@H]2C(C)(C)CCC[C@@]2(C)[C@@H]1CC/C(C)=C/C(=O)O
Mol_11810	Mol_11810::M01	acrylic_acid	michael_acceptor	20;22;23;24;25	20	C=C1CCC2C(C)(C)C(OC(C)=O)CC[C@@]2(C)[C@@H]1CC/C(C)=C\C(=O)O
Mol_11814	Mol_11814::M01	acrylate_ester	michael_acceptor	5;4;2;3;1;0	5	COC(=O)/C(=C/C[C@H]1[C@@]2(CCC3C(C)(C)[C@@H](O)CC[C@@]31C)CO2)C1CO1
Mol_11814	Mol_11814::M02	epoxide	sn2_ring_opening	8;22;21	8;21	COC(=O)/C(=C/C[C@H]1[C@@]2(CCC3C(C)(C)[C@@H](O)CC[C@@]31C)CO2)C1CO1
Mol_11814	Mol_11814::M03	epoxide	sn2_ring_opening	23;25;24	23;24	COC(=O)/C(=C/C[C@H]1[C@@]2(CCC3C(C)(C)[C@@H](O)CC[C@@]31C)CO2)C1CO1
Mol_11815	Mol_11815::M01	acrylate_ester	michael_acceptor	5;4;2;3;1;0	5	COC(=O)/C(=C/C[C@H]1[C@]2(CO2)C[C@@H](O)[C@H]2C(C)(C)[C@@H](O)CC[C@@]21C)C1CO1
Mol_11815	Mol_11815::M02	epoxide	sn2_ring_opening	8;10;9	8;9	COC(=O)/C(=C/C[C@H]1[C@]2(CO2)C[C@@H](O)[C@H]2C(C)(C)[C@@H](O)CC[C@@]21C)C1CO1
Mol_11815	Mol_11815::M03	epoxide	sn2_ring_opening	24;26;25	24;25	COC(=O)/C(=C/C[C@H]1[C@]2(CO2)C[C@@H](O)[C@H]2C(C)(C)[C@@H](O)CC[C@@]21C)C1CO1
Mol_11824	Mol_11824::M01	acrylamide	michael_acceptor	43;42;40;41;39	43	C/C=C1/CN2[C@@H]([C@@H]3C(=O)N4c5ccccc5[C@@]56CCN7CC8=CCO[C@@H]3[C@@H]([C@H]45)[C@H]8C[C@H]76)C[C@]34c5ccccc5N5C(=O)C=CC([C@H]53)[C@H]1C[C@H]24
Mol_11825	Mol_11825::M01	acrylamide	michael_acceptor	7;6;11;12;10	7	C/C=C1/CN2[C@@H](C3=C[C@@H]4[C@@H]5N(C3=O)c3ccccc3[C@@]53CCN5C/C(=C/C)[C@@H]4C[C@H]53)C[C@@]34c5ccccc5N5C=C6[C@H]7C[C@@H]8N(CC[C@@]89c8ccccc8N(C=C([C@H]1C[C@H]23)[C@H]54)[C@@H]69)C/C7=C/C
Mol_11826	Mol_11826::M01	acrylamide	michael_acceptor	14;15;16;17;18	14	CN1CC[C@]23C(=O)C[C@@]4(O)C(=CCOC5=CC(=O)N(c6c(O)cccc62)[C@H]3[C@H]54)C1
Mol_11834	Mol_11834::M01	acrylamide	michael_acceptor	31;30;28;29;27	31	CC=C1CN2CCC34c5ccccc5N5C(=O)C(C6CC78c9ccccc9N9C(=O)C=C[C@H]([C@H]97)[C@H]7C[C@@H]8N6CC7=CC)=C[C@H]([C@H]53)[C@H]1C[C@H]24
Mol_11834	Mol_11834::M02	acrylamide	michael_acceptor	42;17;15;16;14	42	CC=C1CN2CCC34c5ccccc5N5C(=O)C(C6CC78c9ccccc9N9C(=O)C=C[C@H]([C@H]97)[C@H]7C[C@@H]8N6CC7=CC)=C[C@H]([C@H]53)[C@H]1C[C@H]24
Mol_11835	Mol_11835::M01	acrylamide	michael_acceptor	7;6;11;12;10	7	C/C=C1/CN2[C@@H](C3=C[C@@H]4[C@@H]5N(C3=O)c3ccccc3[C@@]53CCN5C/C(=C/C)[C@@H]4C[C@H]53)C[C@@]34c5ccccc5N5C(=O)CC=C([C@H]1C[C@H]23)[C@H]54
Mol_11891	Mol_11891::M01	enone_cyclic	michael_acceptor	17;18;19;20;21	17	CC(C)[C@]1(CO)CC[C@@](C)([C@H]2CC[C@H]3[C@@H]4C=CC5=CC(=O)CC[C@]5(C)[C@H]4CC[C@@]32C)O1
Mol_11892	Mol_11892::M01	enone_cyclic	michael_acceptor	14;15;16;17;18	14	C=C(CC[C@](C)(O)[C@H]1CC[C@H]2[C@@H]3CCC4=CC(=O)CC[C@]4(C)[C@H]3CC[C@@]21C)C(C)C
Mol_11893	Mol_11893::M01	enone_cyclic	michael_acceptor	14;15;16;17;18	14	C=C(CC[C@](C)(O)[C@H]1CC[C@H]2[C@@H]3C=CC4=CC(=O)CC[C@]4(C)[C@H]3CC[C@@]21C)C(C)C
Mol_11897	Mol_11897::M01	enone_cyclic	michael_acceptor	13;12;10;11;7	13	CC(=O)O[C@@H]1C[C@H]2C(C)(C)C(=O)C=C[C@]2(C)[C@H]2CC[C@]3(C)C(=CC[C@H]3[C@@H]3C[C@H]([C@H](O)C(C)(C)O)OC3=O)[C@@]21C
Mol_11898	Mol_11898::M01	enone_cyclic	michael_acceptor	25;24;22;23;19	25	CC(C)(O)[C@H](O)[C@H]1C[C@@H]([C@@H]2CC=C3[C@]4(C)[C@H](O)C[C@H]5C(C)(C)C(=O)C=C[C@]5(C)[C@H]4CC[C@]32C)C(=O)O1
Mol_11899	Mol_11899::M01	enone_cyclic	michael_acceptor	13;12;10;11;7	13	CC(=O)O[C@@H]1C[C@H]2C(C)(C)C(=O)C=C[C@]2(C)[C@H]2CC[C@]3(C)C(=CC[C@H]3[C@@H]3C[C@H]([C@@H]4OC4(C)C)OC3=O)[C@@]21C
Mol_11899	Mol_11899::M02	epoxide	sn2_ring_opening	28;29;30	28;30	CC(=O)O[C@@H]1C[C@H]2C(C)(C)C(=O)C=C[C@]2(C)[C@H]2CC[C@]3(C)C(=CC[C@H]3[C@@H]3C[C@H]([C@@H]4OC4(C)C)OC3=O)[C@@]21C
Mol_11902	Mol_11902::M01	acrylate_ester	michael_acceptor	1;3;4;5;6;7	1	CC(C)=CC(=O)O[C@H]1CC[C@]2(C)[C@H]3CC[C@]45C[C@]4(CC[C@H]5[C@@H]4C[C@H]([C@H](O)C(C)(C)O)O[C@H]4O)[C@]3(C)[C@H](O)C[C@H]2C1(C)C
Mol_11903	Mol_11903::M01	acrylate_ester	michael_acceptor	1;3;4;5;6;7	1	CC(C)=CC(=O)O[C@H]1CC[C@]2(C)[C@H]3CC[C@]45C[C@]4(CC[C@H]5[C@@H]4C[C@H]([C@@H]5O[C@@]5(C)CO)O[C@H]4O)[C@]3(C)[C@H](O)C[C@H]2C1(C)C
Mol_11903	Mol_11903::M02	epoxide	sn2_ring_opening	24;25;26	24;26	CC(C)=CC(=O)O[C@H]1CC[C@]2(C)[C@H]3CC[C@]45C[C@]4(CC[C@H]5[C@@H]4C[C@H]([C@@H]5O[C@@]5(C)CO)O[C@H]4O)[C@]3(C)[C@H](O)C[C@H]2C1(C)C
Mol_11906	Mol_11906::M01	acrylamide	michael_acceptor	14;13;22;23;21	14	C=C(C)[C@@H]1CC=C2[C@H](CC[C@@]3(C)[C@H](C4=C/C(=C/C(C)(C)O)NC4=O)CC[C@]23C)[C@@]1(C)CCC(=O)O
Mol_11907	Mol_11907::M01	enone_ketone_acyclic	michael_acceptor	1;3;4;5;6	1	CC(C)=CC(=O)C[C@H](C(=O)O)[C@@H]1CC[C@]2(C)C3=CC[C@H]4C(C)(C)[C@H](O)CC[C@]4(C)[C@H]3CC[C@@]12C
Mol_11909	Mol_11909::M01	epoxide	sn2_ring_opening	9;10;11	9;11	Oc1cccc2c1[C@@H](O)[C@H]1O[C@H]1C21Oc2cccc3cccc(c23)O1
Mol_11912	Mol_11912::M01	enone_cyclic	michael_acceptor	14;15;19;20;21	14	C=C(C)[C@@H]1CC=C2[C@H](CC[C@@]3(C)[C@H](C4C=C(C(C)C)C(=O)C4)CC[C@]23C)[C@@]1(C)CCC(=O)O
Mol_11913	Mol_11913::M01	enone_cyclic	michael_acceptor	14;15;19;20;21	14	C=C(C)[C@@H]1CC=C2[C@H](CC[C@@]3(C)[C@H](C4C=C(C(C)C)C(=O)C4)CC[C@]23C)[C@@]1(C)CCC(=O)OC
Mol_11914	Mol_11914::M01	enone_ketone_acyclic	michael_acceptor	20;19;17;18;16	20	C=C(C)[C@@H]1CC=C2[C@H](CC[C@@]3(C)[C@H]([C@@H](C=O)CC(=O)C=C(C)C)CC[C@]23C)[C@@]1(C)CCC(=O)O
Mol_11914	Mol_11914::M02	aldehyde	reversible_carbonyl	13;14;15	14	C=C(C)[C@@H]1CC=C2[C@H](CC[C@@]3(C)[C@H]([C@@H](C=O)CC(=O)C=C(C)C)CC[C@]23C)[C@@]1(C)CCC(=O)O
Mol_11915	Mol_11915::M01	acrylate_ester	michael_acceptor	9;8;13;14;12;10	9	C=C1[C@@H]2CC[C@@]3(C)[C@H](C4=CC(O)OC4=O)OC(=O)C[C@]13O[C@H]1CC(=O)C(C)(C)[C@H](CC(=O)OC)C12
Mol_11915	Mol_11915::M02	unsat_lactone	michael_acceptor	12;13;14;8;9	9	C=C1[C@@H]2CC[C@@]3(C)[C@H](C4=CC(O)OC4=O)OC(=O)C[C@]13O[C@H]1CC(=O)C(C)(C)[C@H](CC(=O)OC)C12
Mol_11916	Mol_11916::M01	acrylate_ester	michael_acceptor	8;9;10;11;12;13	8	C=C1[C@@H]2CC[C@@]3(C)[C@H](C4=CC(=O)OC4O)OC(=O)C[C@]13O[C@H]1CC(=O)C(C)(C)[C@H](CC(=O)OC)C12
Mol_11916	Mol_11916::M02	unsat_lactone	michael_acceptor	12;10;11;9;8	8	C=C1[C@@H]2CC[C@@]3(C)[C@H](C4=CC(=O)OC4O)OC(=O)C[C@]13O[C@H]1CC(=O)C(C)(C)[C@H](CC(=O)OC)C12
Mol_11917	Mol_11917::M01	enone_cyclic	michael_acceptor	15;16;17;18;19	15	C=C(CC[C@@](C)(O)[C@H]1CC[C@H]2[C@@H]3[C@H](O)CC4=CC(=O)CC[C@]4(C)[C@H]3CC[C@@]21C)C(C)C
Mol_11923	Mol_11923::M01	enone_ketone_acyclic	michael_acceptor	1;3;4;5;6	1	CC(C)=CC(=O)C[C@H](C=O)[C@@H]1CC[C@]2(C)C3=CC[C@H]4C(C)(C)C(=O)CC[C@]4(C)[C@H]3CC[C@@]12C
Mol_11923	Mol_11923::M02	aldehyde	reversible_carbonyl	7;8;9	8	CC(C)=CC(=O)C[C@H](C=O)[C@@H]1CC[C@]2(C)C3=CC[C@H]4C(C)(C)C(=O)CC[C@]4(C)[C@H]3CC[C@@]12C
Mol_11938	Mol_11938::M01	epoxide	sn2_ring_opening	29;30;31	29;31	C/C(=C\CC/C=C(\C)CC[C@H](O)[C@@]1(C)CC[C@@H](C(C)(C)O)O1)CC/C=C(\C)CCC1OC1(C)C
Mol_11945	Mol_11945::M01	acrylate_ester	michael_acceptor	27;28;29;30;31;32	27	COC(=O)C[C@H]1C2(C)C[C@]3(O)[C@](OC(C)=O)([C@H]4OC5(C)O[C@@]6(C[C@H](O)[C@]7(C)C(=CC(=O)O[C@H]7c7ccoc7)[C@@]46O5)[C@]13C)[C@H]2OC(C)=O
Mol_11945	Mol_11945::M02	unsat_lactone	michael_acceptor	31;29;30;28;27	27	COC(=O)C[C@H]1C2(C)C[C@]3(O)[C@](OC(C)=O)([C@H]4OC5(C)O[C@@]6(C[C@H](O)[C@]7(C)C(=CC(=O)O[C@H]7c7ccoc7)[C@@]46O5)[C@]13C)[C@H]2OC(C)=O
Mol_11949	Mol_11949::M01	epoxide	sn2_ring_opening	34;35;36	34;36	CC(=O)O[C@H]1C[C@@H](O)C(C)(C)C2C[C@@H](OC(C)=O)[C@]3(C)C(CC[C@@]4(C)[C@H](c5ccoc5)OC(=O)C5OC543)[C@]21C
Mol_11950	Mol_11950::M01	epoxide	sn2_ring_opening	31;32;33	31;33	CC(=O)O[C@H]1C[C@@H](O)C(C)(C)C2C[C@@H](O)[C@]3(C)[C@H](CC[C@@]4(C)[C@H](c5ccoc5)OC(=O)[C@H]5O[C@@]534)[C@]21C
Mol_11951	Mol_11951::M01	epoxide	sn2_ring_opening	24;25;26	24;26	CC1(C)[C@H](O)C[C@H](O)[C@]2(C)[C@H]3CC[C@@]4(C)[C@H](c5ccoc5)OC(=O)[C@H]5O[C@]54[C@]3(C)[C@H](O)C[C@@H]12
Mol_11952	Mol_11952::M01	enone_cyclic	michael_acceptor	6;5;3;4;1	6	CC1(C)C(=O)C=CC2(C)C1CC(=O)C1(C)C2CCC2(C)C(c3ccoc3)OC(=O)C3OC321
Mol_11952	Mol_11952::M02	epoxide	sn2_ring_opening	29;30;31	29;31	CC1(C)C(=O)C=CC2(C)C1CC(=O)C1(C)C2CCC2(C)C(c3ccoc3)OC(=O)C3OC321
Mol_11957	Mol_11957::M01	enone_cyclic	michael_acceptor	5;6;7;8;9	5	C=C1[C@@H]([C@@]2(C)C=CC(=O)C(C)(C)[C@@H]2CC(=O)OC)CC[C@@]2(C)C(c3ccoc3)OC(=O)[C@H]3O[C@]132
Mol_11957	Mol_11957::M02	epoxide	sn2_ring_opening	31;32;33	31;33	C=C1[C@@H]([C@@]2(C)C=CC(=O)C(C)(C)[C@@H]2CC(=O)OC)CC[C@@]2(C)C(c3ccoc3)OC(=O)[C@H]3O[C@]132
Mol_11958	Mol_11958::M01	epoxide	sn2_ring_opening	32;33;34	32;34	C=C1C([C@@]2(C)CCC(=O)C(C)(C)C2CCC(=O)OC)CC[C@@]2(C)[C@H](c3ccoc3)OC(=O)[C@@H]3O[C@@]132
Mol_11961	Mol_11961::M01	enone_cyclic	michael_acceptor	6;5;3;4;1	6	CC1(C)C(=O)C=C[C@]2(C)[C@H]3C(=O)C[C@@]4(C)[C@H](c5ccoc5)OC(=O)[C@H]5O[C@]54[C@]3(C)CC[C@@H]12
Mol_11961	Mol_11961::M02	epoxide	sn2_ring_opening	24;25;26	24;26	CC1(C)C(=O)C=C[C@]2(C)[C@H]3C(=O)C[C@@]4(C)[C@H](c5ccoc5)OC(=O)[C@H]5O[C@]54[C@]3(C)CC[C@@H]12
Mol_11962	Mol_11962::M01	enone_cyclic	michael_acceptor	6;5;3;4;1	6	CC1(C)C(=O)C=C[C@]2(C)[C@H]3C(=O)C[C@@]4(C)[C@H](c5ccoc5)OC(=O)[C@H]5O[C@]54[C@]3(C)C(O)(O)C[C@@H]12
Mol_11962	Mol_11962::M02	epoxide	sn2_ring_opening	24;25;26	24;26	CC1(C)C(=O)C=C[C@]2(C)[C@H]3C(=O)C[C@@]4(C)[C@H](c5ccoc5)OC(=O)[C@H]5O[C@]54[C@]3(C)C(O)(O)C[C@@H]12
Mol_11972	Mol_11972::M01	enone_cyclic	michael_acceptor	5;6;7;8;9	5	C=C1[C@H]([C@@]2(C)C=CC(=O)C(C)(C)[C@@H]2CC(=O)OC)CC[C@@]2(C)[C@H](c3ccoc3)OC(=O)[C@H]3O[C@]132
Mol_11972	Mol_11972::M02	epoxide	sn2_ring_opening	31;32;33	31;33	C=C1[C@H]([C@@]2(C)C=CC(=O)C(C)(C)[C@@H]2CC(=O)OC)CC[C@@]2(C)[C@H](c3ccoc3)OC(=O)[C@H]3O[C@]132
Mol_11973	Mol_11973::M01	enone_cyclic	michael_acceptor	6;5;3;4;1	6	CC1(C)C(=O)C=C[C@]2(C)[C@H]3CC[C@@]4(C)[C@H](c5ccoc5)OC(=O)[C@H]5O[C@]54[C@]3(C)[C@H](O)C[C@@H]12
Mol_11973	Mol_11973::M02	epoxide	sn2_ring_opening	23;24;25	23;25	CC1(C)C(=O)C=C[C@]2(C)[C@H]3CC[C@@]4(C)[C@H](c5ccoc5)OC(=O)[C@H]5O[C@]54[C@]3(C)[C@H](O)C[C@@H]12
Mol_11980	Mol_11980::M01	acrylate_ester	michael_acceptor	3;4;31;32;33;2	3	COC1C=C([C@@H]2C[C@H]3O[C@@]34[C@@]2(C)C(O)CC2[C@@]3(C)C=CC(=O)C(C)(C)[C@@H]3CC(=O)[C@]24C)C(=O)O1
Mol_11980	Mol_11980::M02	enone_cyclic	michael_acceptor	18;19;20;21;22	18	COC1C=C([C@@H]2C[C@H]3O[C@@]34[C@@]2(C)C(O)CC2[C@@]3(C)C=CC(=O)C(C)(C)[C@@H]3CC(=O)[C@]24C)C(=O)O1
Mol_11980	Mol_11980::M03	unsat_lactone	michael_acceptor	33;31;32;4;3	3	COC1C=C([C@@H]2C[C@H]3O[C@@]34[C@@]2(C)C(O)CC2[C@@]3(C)C=CC(=O)C(C)(C)[C@@H]3CC(=O)[C@]24C)C(=O)O1
Mol_11980	Mol_11980::M04	epoxide	sn2_ring_opening	7;8;9	7;9	COC1C=C([C@@H]2C[C@H]3O[C@@]34[C@@]2(C)C(O)CC2[C@@]3(C)C=CC(=O)C(C)(C)[C@@H]3CC(=O)[C@]24C)C(=O)O1
Mol_11981	Mol_11981::M01	epoxide	sn2_ring_opening	9;10;11	9;11	CCCCCCCCCC1OC1CCCCCC/C=C\CCCCc1ccccc1
Mol_11986	Mol_11986::M01	enone_cyclic	michael_acceptor	25;24;22;23;20	25	C[C@]12[C@@H]3O[C@]14[C@H](O)C[C@@H](c1ccoc1)[C@]4(C)C[C@@H]1O[C@@]12[C@@]1(C)C(=O)C=C[C@@]2(C)CO[C@@H]3[C@@H]21
Mol_11986	Mol_11986::M02	epoxide	sn2_ring_opening	17;18;19	17;19	C[C@]12[C@@H]3O[C@]14[C@H](O)C[C@@H](c1ccoc1)[C@]4(C)C[C@@H]1O[C@@]12[C@@]1(C)C(=O)C=C[C@@]2(C)CO[C@@H]3[C@@H]21
Mol_11987	Mol_11987::M01	acrylate_ester	michael_acceptor	24;23;28;29;27;25	24	C[C@@]12[C@H](O)[C@@H]3OC[C@]4(C)C=CC(=O)[C@@](C)([C@@H]34)[C@@]13O[C@H]3C[C@@]1(C)[C@H](C3=CC(O)OC3=O)CC3O[C@@]321
Mol_11987	Mol_11987::M02	enone_cyclic	michael_acceptor	9;10;11;12;13	9	C[C@@]12[C@H](O)[C@@H]3OC[C@]4(C)C=CC(=O)[C@@](C)([C@@H]34)[C@@]13O[C@H]3C[C@@]1(C)[C@H](C3=CC(O)OC3=O)CC3O[C@@]321
Mol_11987	Mol_11987::M03	unsat_lactone	michael_acceptor	27;28;29;23;24	24	C[C@@]12[C@H](O)[C@@H]3OC[C@]4(C)C=CC(=O)[C@@](C)([C@@H]34)[C@@]13O[C@H]3C[C@@]1(C)[C@H](C3=CC(O)OC3=O)CC3O[C@@]321
Mol_11987	Mol_11987::M04	epoxide	sn2_ring_opening	16;17;18	16;18	C[C@@]12[C@H](O)[C@@H]3OC[C@]4(C)C=CC(=O)[C@@](C)([C@@H]34)[C@@]13O[C@H]3C[C@@]1(C)[C@H](C3=CC(O)OC3=O)CC3O[C@@]321
Mol_11987	Mol_11987::M05	epoxide	sn2_ring_opening	31;32;33	31;33	C[C@@]12[C@H](O)[C@@H]3OC[C@]4(C)C=CC(=O)[C@@](C)([C@@H]34)[C@@]13O[C@H]3C[C@@]1(C)[C@H](C3=CC(O)OC3=O)CC3O[C@@]321
Mol_11988	Mol_11988::M01	enone_cyclic	michael_acceptor	5;4;2;3;1	5	C[C@]12C(=O)C=C[C@@]3(C)COC(=C13)C1C34[C@H](O)C[C@@H](c5ccoc5)[C@]3(C)C[C@@H]3O[C@]32[C@@]14C
Mol_11988	Mol_11988::M02	epoxide	sn2_ring_opening	26;27;28	26;28	C[C@]12C(=O)C=C[C@@]3(C)COC(=C13)C1C34[C@H](O)C[C@@H](c5ccoc5)[C@]3(C)C[C@@H]3O[C@]32[C@@]14C
Mol_11989	Mol_11989::M01	acrylate_ester	michael_acceptor	23;22;27;28;26;24	23	C[C@@]12C=C3OC[C@]4(C)C=CC(=O)[C@@](C)([C@@H]34)[C@@]13O[C@H]3C[C@@]1(C)[C@H](C3=CC(O)OC3=O)C[C@H]3O[C@@]321
Mol_11989	Mol_11989::M02	enone_cyclic	michael_acceptor	8;9;10;11;12	8	C[C@@]12C=C3OC[C@]4(C)C=CC(=O)[C@@](C)([C@@H]34)[C@@]13O[C@H]3C[C@@]1(C)[C@H](C3=CC(O)OC3=O)C[C@H]3O[C@@]321
Mol_11989	Mol_11989::M03	unsat_lactone	michael_acceptor	26;27;28;22;23	23	C[C@@]12C=C3OC[C@]4(C)C=CC(=O)[C@@](C)([C@@H]34)[C@@]13O[C@H]3C[C@@]1(C)[C@H](C3=CC(O)OC3=O)C[C@H]3O[C@@]321
Mol_11989	Mol_11989::M04	epoxide	sn2_ring_opening	15;16;17	15;17	C[C@@]12C=C3OC[C@]4(C)C=CC(=O)[C@@](C)([C@@H]34)[C@@]13O[C@H]3C[C@@]1(C)[C@H](C3=CC(O)OC3=O)C[C@H]3O[C@@]321
Mol_11989	Mol_11989::M05	epoxide	sn2_ring_opening	30;31;32	30;32	C[C@@]12C=C3OC[C@]4(C)C=CC(=O)[C@@](C)([C@@H]34)[C@@]13O[C@H]3C[C@@]1(C)[C@H](C3=CC(O)OC3=O)C[C@H]3O[C@@]321
Mol_11990	Mol_11990::M01	enone_cyclic	michael_acceptor	5;4;2;3;1	5	C[C@@]12C(=O)C3=C4[C@](C)(C(=O)C=C[C@]4(C)CO3)[C@H]1CC[C@]1(C)C2=CC[C@H]1c1ccoc1
Mol_11990	Mol_11990::M02	enone_cyclic	michael_acceptor	11;10;8;9;6	11	C[C@@]12C(=O)C3=C4[C@](C)(C(=O)C=C[C@]4(C)CO3)[C@H]1CC[C@]1(C)C2=CC[C@H]1c1ccoc1
Mol_11991	Mol_11991::M01	enone_cyclic	michael_acceptor	21;20;18;19;16	21	C[C@@]12C(=CC[C@]3(C)C1=CC[C@H]3c1ccoc1)[C@@]1(C)C(=O)C=C[C@]3(C)CO[C@@H]([C@H]2O)[C@H]13
Mol_11992	Mol_11992::M01	enone_cyclic	michael_acceptor	26;27;28;29;30	26	CC(=O)O[C@H]1C[C@]2(C)C(=CC[C@H]2c2ccoc2)[C@]2(C)C(=O)[C@@H]3OC[C@@]4(C)C=CC(=O)[C@@](C)([C@@H]34)[C@@H]12
Mol_11993	Mol_11993::M01	enone_cyclic	michael_acceptor	9;10;11;12;13	9	C[C@@]12C(=O)[C@@H]3OC[C@]4(C)C=CC(=O)[C@](C)(C1CC[C@]1(C)C2=CC[C@H]1c1ccoc1)[C@@H]34
Mol_11994	Mol_11994::M01	enone_cyclic	michael_acceptor	22;21;19;20;17	22	CC(=O)O[C@H]1C[C@]2(C)C(=CC[C@H]2c2ccoc2)[C@]2(C)C(=O)C3=C4[C@](C)(C(=O)C=C[C@@]4(C)CO3)C12
Mol_11994	Mol_11994::M02	enone_cyclic	michael_acceptor	28;27;25;26;23	28	CC(=O)O[C@H]1C[C@]2(C)C(=CC[C@H]2c2ccoc2)[C@]2(C)C(=O)C3=C4[C@](C)(C(=O)C=C[C@@]4(C)CO3)C12
Mol_11995	Mol_11995::M01	enone_cyclic	michael_acceptor	2;3;4;5;6	2	C[C@@]12C=CC(=O)[C@@]3(C)[C@H]1[C@@H](OC2)[C@@H](O)[C@@]1(C)C2=CC[C@@H](c4ccoc4)[C@]2(C)C[C@@H]2O[C@]231
Mol_11995	Mol_11995::M02	epoxide	sn2_ring_opening	28;29;30	28;30	C[C@@]12C=CC(=O)[C@@]3(C)[C@H]1[C@@H](OC2)[C@@H](O)[C@@]1(C)C2=CC[C@@H](c4ccoc4)[C@]2(C)C[C@@H]2O[C@]231
Mol_12000	Mol_12000::M01	enone_cyclic	michael_acceptor	21;20;18;19;16	21	C[C@@]12C(=CC[C@]3(C)C1=CC[C@H]3c1ccoc1)[C@@]1(C)C(=O)C=C[C@@]3(C)CO[C@@H]([C@H]2O)[C@H]13
Mol_12002	Mol_12002::M01	enone_cyclic	michael_acceptor	26;27;28;29;30	26	CC(=O)O[C@H]1C[C@]2(C)C(=CC[C@H]2c2ccoc2)[C@]2(C)C(=O)[C@@H]3OC[C@]4(C)C=CC(=O)[C@@](C)([C@@H]34)[C@@H]12
Mol_12003	Mol_12003::M01	epoxide	sn2_ring_opening	2;3;4	2;4	C=C1[C@@]23O[C@@H]2C[C@@H](c2ccoc2)[C@]3(C)[C@@H](OC(=O)C(O)C(C)CC)[C@H](C(=O)O)[C@]1(C)[C@](C)(C1CC(=O)O[C@]1(C)CO)[C@H](CC(=O)OC)OC(C)=O
Mol_12004	Mol_12004::M01	epoxide	sn2_ring_opening	48;49;50	48;50	C=C1[C@@H]([C@@]2(C)[C@@H](OC(C)=O)CC(=O)OC[C@@]3(C)OC(=O)C[C@H]23)[C@@H](OC=O)[C@H](OC(=O)[C@H](OC(C)=O)[C@H](C)CC)[C@@]2(C)[C@H](c3ccoc3)C[C@H]3O[C@]132
Mol_12008	Mol_12008::M01	epoxide	sn2_ring_opening	2;3;4	2;4	C=C1[C@@]23O[C@@H]2C[C@@H](c2ccoc2)[C@]3(C)[C@@H](OC(=O)C(O)C(C)CC)[C@@H]2O[C@H]3CC(=O)O[C@]4(C)COC(=O)CC4[C@@]3(C)[C@]12C
Mol_12009	Mol_12009::M01	enone_cyclic	michael_acceptor	12;13;14;15;16	12	CC(C)[C@@]1(O)C(=O)C[C@H]2C3CCC4=CC(=O)CC[C@]4(C)[C@H]3CC[C@@]21C
Mol_12010	Mol_12010::M01	enone_cyclic	michael_acceptor	12;13;14;15;16	12	CC(C)[C@@]1(O)C(=O)C[C@H]2C3CCC4=CC(=O)C=C[C@]4(C)[C@H]3CC[C@@]21C
Mol_12010	Mol_12010::M02	enone_cyclic	michael_acceptor	17;16;14;15;13	17	CC(C)[C@@]1(O)C(=O)C[C@H]2C3CCC4=CC(=O)C=C[C@]4(C)[C@H]3CC[C@@]21C
Mol_12016	Mol_12016::M01	acrylic_acid	michael_acceptor	16;17;21;22;23	16	C=C1CC[C@@H]2[C@](C)(CO)CCC[C@@]2(C)[C@@H]1C/C=C(/CCO)C(=O)O
Mol_12017	Mol_12017::M01	enal	michael_acceptor	15;16;17;18	15	C=C1CC[C@@H]2C(C)(C)CCC[C@@]2(C)[C@@H]1C/C=C(\C=O)CCO
Mol_12017	Mol_12017::M02	aldehyde	reversible_carbonyl	16;17;18	17	C=C1CC[C@@H]2C(C)(C)CCC[C@@]2(C)[C@@H]1C/C=C(\C=O)CCO
Mol_12018	Mol_12018::M01	acrylate_ester	michael_acceptor	17;18;19;20;21;22	17	C=C1CC[C@@H]2[C@](C)(CO)CCC[C@@]2(C)[C@@H]1CCC1=CC(=O)OC1
Mol_12018	Mol_12018::M02	unsat_lactone	michael_acceptor	21;19;20;18;17	17	C=C1CC[C@@H]2[C@](C)(CO)CCC[C@@]2(C)[C@@H]1CCC1=CC(=O)OC1
Mol_12019	Mol_12019::M01	acrylate_ester	michael_acceptor	20;21;22;23;24;25	20	C=C1CC[C@@H]2[C@](C)(COC(C)=O)CCC[C@@]2(C)[C@@H]1CCC1=CC(=O)OC1
Mol_12019	Mol_12019::M02	unsat_lactone	michael_acceptor	24;22;23;21;20	20	C=C1CC[C@@H]2[C@](C)(COC(C)=O)CCC[C@@]2(C)[C@@H]1CCC1=CC(=O)OC1
Mol_12020	Mol_12020::M01	acrylate_ester	michael_acceptor	19;20;21;22;23;24	19	C=C1CC[C@H]2[C@@](C)(CCC[C@@]2(C)C(=O)OC)[C@@H]1CCC1=CC(=O)OC1
Mol_12020	Mol_12020::M02	unsat_lactone	michael_acceptor	23;21;22;20;19	19	C=C1CC[C@H]2[C@@](C)(CCC[C@@]2(C)C(=O)OC)[C@@H]1CCC1=CC(=O)OC1
Mol_12026	Mol_12026::M01	acrylate_ester	michael_acceptor	1;2;4;5;6;7	1	C/C=C(\C)C(=O)O[C@@H]1[C@@H]2OC[C@@]3(C)C2[C@@](C)(C2C[C@H](O)OC4C[C@H](c5ccoc5)C(C)=C4[C@@]21C)[C@@H](OC(C)=O)C[C@H]3OC(C)=O
Mol_12028	Mol_12028::M01	enone_cyclic	michael_acceptor	13;12;10;11;7	13	CC(=O)O[C@@H]1CC2C(C)(C)C(=O)C=C[C@]2(C)C2CC[C@]3(C)C(=CCC3C3COC(O)(C(C)(C)O)[C@H](O)C3)[C@@]21C
Mol_12030	Mol_12030::M01	enal	michael_acceptor	15;16;17;18	15	C=C1CC[C@H]2C(C)(C)CCC[C@]2(C)[C@H]1C/C=C(C=O)\C=C/OC(C)=O
Mol_12030	Mol_12030::M02	aldehyde	reversible_carbonyl	16;17;18	17	C=C1CC[C@H]2C(C)(C)CCC[C@]2(C)[C@H]1C/C=C(C=O)\C=C/OC(C)=O
Mol_12054	Mol_12054::M01	acrylate_ester	michael_acceptor	6;7;9;10;11;12	6	C=C[C@](C)(CC/C=C(\C)C(=O)O[C@@H]1C(C)O[C@@H](O[C@](C)(C=C)CC/C=C(\C)C(=O)O[C@@H]2C(C)O[C@@H](O[C@](C)(C=C)CC/C=C(\CO)C(=O)O[C@H]3C[C@@]4(C(=O)O[C@@H]5OC(CO)[C@@H](O)[C@H](O)C5O[C@@H]5OC(C)[C@H](O[C@@H]6O[C@@H](CO)[C@@H](O)C6O)[C@H](O[C@@H]6OC(CO)[C@@H](O)[C@H](O)C6O)C5O)C(CC3(C)C)C3=CCC5[C@@]6(C)CC[C@H](O[C@@H]7OC(CO[C@@H]8OC(C)[C@H](O)[C@H](O)C8O[C@@H]8OC[C@@H](O)[C@H](O)C8O)[C@@H](O)[C@H](O)C7O[C@@H]7OC(CO)[C@@H](O)C(O)[C@@H]7O)C(C)(C)C6CC[C@@]5(C)[C@]3(C)C[C@H]4O)C(O)[C@H]2O)C(O)[C@H]1O)O[C@@H]1OC(C)[C@@H](O)[C@H](O)C1O
Mol_12054	Mol_12054::M02	acrylate_ester	michael_acceptor	24;25;27;28;29;30	24	C=C[C@](C)(CC/C=C(\C)C(=O)O[C@@H]1C(C)O[C@@H](O[C@](C)(C=C)CC/C=C(\C)C(=O)O[C@@H]2C(C)O[C@@H](O[C@](C)(C=C)CC/C=C(\CO)C(=O)O[C@H]3C[C@@]4(C(=O)O[C@@H]5OC(CO)[C@@H](O)[C@H](O)C5O[C@@H]5OC(C)[C@H](O[C@@H]6O[C@@H](CO)[C@@H](O)C6O)[C@H](O[C@@H]6OC(CO)[C@@H](O)[C@H](O)C6O)C5O)C(CC3(C)C)C3=CCC5[C@@]6(C)CC[C@H](O[C@@H]7OC(CO[C@@H]8OC(C)[C@H](O)[C@H](O)C8O[C@@H]8OC[C@@H](O)[C@H](O)C8O)[C@@H](O)[C@H](O)C7O[C@@H]7OC(CO)[C@@H](O)C(O)[C@@H]7O)C(C)(C)C6CC[C@@]5(C)[C@]3(C)C[C@H]4O)C(O)[C@H]2O)C(O)[C@H]1O)O[C@@H]1OC(C)[C@@H](O)[C@H](O)C1O
Mol_12054	Mol_12054::M03	acrylate_ester	michael_acceptor	42;43;46;47;48;49	42	C=C[C@](C)(CC/C=C(\C)C(=O)O[C@@H]1C(C)O[C@@H](O[C@](C)(C=C)CC/C=C(\C)C(=O)O[C@@H]2C(C)O[C@@H](O[C@](C)(C=C)CC/C=C(\CO)C(=O)O[C@H]3C[C@@]4(C(=O)O[C@@H]5OC(CO)[C@@H](O)[C@H](O)C5O[C@@H]5OC(C)[C@H](O[C@@H]6O[C@@H](CO)[C@@H](O)C6O)[C@H](O[C@@H]6OC(CO)[C@@H](O)[C@H](O)C6O)C5O)C(CC3(C)C)C3=CCC5[C@@]6(C)CC[C@H](O[C@@H]7OC(CO[C@@H]8OC(C)[C@H](O)[C@H](O)C8O[C@@H]8OC[C@@H](O)[C@H](O)C8O)[C@@H](O)[C@H](O)C7O[C@@H]7OC(CO)[C@@H](O)C(O)[C@@H]7O)C(C)(C)C6CC[C@@]5(C)[C@]3(C)C[C@H]4O)C(O)[C@H]2O)C(O)[C@H]1O)O[C@@H]1OC(C)[C@@H](O)[C@H](O)C1O
Mol_12055	Mol_12055::M01	acrylate_ester	michael_acceptor	6;7;9;10;11;12	6	C=C[C@](C)(CC/C=C(\C)C(=O)O[C@@H]1C(C)O[C@@H](O[C@](C)(C=C)CC/C=C(\C)C(=O)O[C@@H]2C(C)O[C@@H](O[C@](C)(C=C)CC/C=C(\CO)C(=O)O[C@H]3C[C@@]4(C(=O)O[C@@H]5OC(CO)[C@@H](O)[C@H](O)C5O[C@@H]5OC(C)[C@H](O[C@@H]6O[C@@H](CO)[C@@H](O)C6O)[C@H](O[C@@H]6OC(CO)[C@@H](O)[C@H](O)C6O)C5O)C(CC3(C)C)C3=CCC5[C@@]6(C)CC[C@H](O[C@@H]7OC(CO[C@@H]8OC(C)[C@H](O)[C@H](O)C8O[C@@H]8OC[C@@H](O)[C@H](O)C8O)[C@@H](O)[C@H](O)C7O)C(C)(C)C6CC[C@@]5(C)[C@]3(C)C[C@H]4O)C(O)[C@H]2O)C(O)[C@H]1O)O[C@@H]1OC(C)[C@@H](O)[C@H](O)C1O
Mol_12055	Mol_12055::M02	acrylate_ester	michael_acceptor	24;25;27;28;29;30	24	C=C[C@](C)(CC/C=C(\C)C(=O)O[C@@H]1C(C)O[C@@H](O[C@](C)(C=C)CC/C=C(\C)C(=O)O[C@@H]2C(C)O[C@@H](O[C@](C)(C=C)CC/C=C(\CO)C(=O)O[C@H]3C[C@@]4(C(=O)O[C@@H]5OC(CO)[C@@H](O)[C@H](O)C5O[C@@H]5OC(C)[C@H](O[C@@H]6O[C@@H](CO)[C@@H](O)C6O)[C@H](O[C@@H]6OC(CO)[C@@H](O)[C@H](O)C6O)C5O)C(CC3(C)C)C3=CCC5[C@@]6(C)CC[C@H](O[C@@H]7OC(CO[C@@H]8OC(C)[C@H](O)[C@H](O)C8O[C@@H]8OC[C@@H](O)[C@H](O)C8O)[C@@H](O)[C@H](O)C7O)C(C)(C)C6CC[C@@]5(C)[C@]3(C)C[C@H]4O)C(O)[C@H]2O)C(O)[C@H]1O)O[C@@H]1OC(C)[C@@H](O)[C@H](O)C1O
Mol_12055	Mol_12055::M03	acrylate_ester	michael_acceptor	42;43;46;47;48;49	42	C=C[C@](C)(CC/C=C(\C)C(=O)O[C@@H]1C(C)O[C@@H](O[C@](C)(C=C)CC/C=C(\C)C(=O)O[C@@H]2C(C)O[C@@H](O[C@](C)(C=C)CC/C=C(\CO)C(=O)O[C@H]3C[C@@]4(C(=O)O[C@@H]5OC(CO)[C@@H](O)[C@H](O)C5O[C@@H]5OC(C)[C@H](O[C@@H]6O[C@@H](CO)[C@@H](O)C6O)[C@H](O[C@@H]6OC(CO)[C@@H](O)[C@H](O)C6O)C5O)C(CC3(C)C)C3=CCC5[C@@]6(C)CC[C@H](O[C@@H]7OC(CO[C@@H]8OC(C)[C@H](O)[C@H](O)C8O[C@@H]8OC[C@@H](O)[C@H](O)C8O)[C@@H](O)[C@H](O)C7O)C(C)(C)C6CC[C@@]5(C)[C@]3(C)C[C@H]4O)C(O)[C@H]2O)C(O)[C@H]1O)O[C@@H]1OC(C)[C@@H](O)[C@H](O)C1O
Mol_12056	Mol_12056::M01	acrylate_ester	michael_acceptor	6;7;9;10;11;12	6	C=C[C@](C)(CC/C=C(\C)C(=O)O[C@H]1[C@@H](O)[C@@H](O)[C@H](O[C@](C)(C=C)CC/C=C(\CO)C(=O)O[C@H]2C[C@]3(C(=O)O[C@@H]4O[C@H](CO)[C@H](O)[C@H](O)[C@H]4O[C@@H]4O[C@@H](C)[C@H](O[C@@H]5O[C@@H](CO)[C@H](O)[C@H]5O)[C@@H](O[C@@H]5O[C@H](CO)[C@H](O)[C@H](O)[C@H]5O)[C@H]4O)[C@H](O)C[C@]4(C)C(=CC[C@@H]5[C@@]6(C)CC[C@H](O[C@@H]7O[C@H](CO[C@@H]8O[C@H](C)[C@H](O)[C@H](O)[C@H]8O[C@@H]8OC[C@@H](O)[C@H](O)[C@H]8O)[C@H](O)[C@H](O)[C@H]7O)C(C)(C)[C@@H]6CC[C@]54C)[C@@H]3CC2(C)C)O[C@@H]1C)O[C@@H]1O[C@H](C)[C@@H](O)[C@H](O)[C@H]1O
Mol_12056	Mol_12056::M02	acrylate_ester	michael_acceptor	25;26;29;30;31;32	25	C=C[C@](C)(CC/C=C(\C)C(=O)O[C@H]1[C@@H](O)[C@@H](O)[C@H](O[C@](C)(C=C)CC/C=C(\CO)C(=O)O[C@H]2C[C@]3(C(=O)O[C@@H]4O[C@H](CO)[C@H](O)[C@H](O)[C@H]4O[C@@H]4O[C@@H](C)[C@H](O[C@@H]5O[C@@H](CO)[C@H](O)[C@H]5O)[C@@H](O[C@@H]5O[C@H](CO)[C@H](O)[C@H](O)[C@H]5O)[C@H]4O)[C@H](O)C[C@]4(C)C(=CC[C@@H]5[C@@]6(C)CC[C@H](O[C@@H]7O[C@H](CO[C@@H]8O[C@H](C)[C@H](O)[C@H](O)[C@H]8O[C@@H]8OC[C@@H](O)[C@H](O)[C@H]8O)[C@H](O)[C@H](O)[C@H]7O)C(C)(C)[C@@H]6CC[C@]54C)[C@@H]3CC2(C)C)O[C@@H]1C)O[C@@H]1O[C@H](C)[C@@H](O)[C@H](O)[C@H]1O
Mol_12065	Mol_12065::M01	acrylate_ester	michael_acceptor	7;8;10;11;12;13	7	C=C[C@@](C)(O)CC/C=C(\C)C(=O)O[C@H]1C[C@]2(C(=O)O)CC[C@]3(C)C(=CCC4[C@@]5(C)CC[C@H](OC6OC(CO)C(OC7OCC(O)C(O)C7O)C(O)C6OC6OCC(OC7OCC(O)C(O)C7O)C(OC7OC(CO)C(O)C(O)C7O)C6O)C(C)(C)C5CC[C@]43C)C2CC1(C)C
Mol_12066	Mol_12066::M01	acrylate_ester	michael_acceptor	7;8;10;11;12;13	7	C=C[C@@](C)(O)CC/C=C(\C)C(=O)O[C@H]1C[C@]2(C(=O)O)CC[C@]3(C)C(=CCC4[C@@]5(C)CC[C@H](OC6OC(CO)C(O)C(O)C6OC6OCC(OC7OCC(O)C(O)C7O)C(OC7OC(CO)C(O)C(O)C7O)C6O)C(C)(C)C5CC[C@]43C)C2CC1(C)C
Mol_12077	Mol_12077::M01	acrylate_ester	michael_acceptor	6;7;9;10;11;12	6	C=C[C@](C)(CC/C=C(\C)C(=O)O[C@H]1[C@H](O)[C@@H](O)[C@H](O[C@](C)(C=C)CC/C=C(\C)C(=O)O[C@H]2[C@H](O)[C@@H](O)[C@H](O[C@](C)(C=C)CC/C=C(/C)C(=O)O[C@H]3C[C@]4(C(=O)O[C@@H]5O[C@H](CO)[C@@H](O)[C@H](O)[C@H]5O[C@@H]5O[C@@H](C)[C@H](O[C@@H]6O[C@@H](CO)[C@H](O)[C@H]6O)[C@@H](O[C@@H]6O[C@H](CO)[C@@H](O)[C@H](O)[C@H]6O)[C@H]5O)[C@H](O)C[C@]5(C)C(=CC[C@@H]6[C@@]7(C)CC[C@H](O[C@@H]8O[C@H](CO[C@@H]9O[C@H](C)[C@H](O)[C@H](O)[C@H]9O)[C@@H](O)[C@H](O)[C@H]8O[C@@H]8O[C@H](CO)[C@@H](O)[C@H](O)[C@H]8O)C(C)(C)C7CC[C@]65C)[C@@H]4CC3(C)C)O[C@@H]2C)O[C@@H]1C)O[C@@H]1O[C@H](C)[C@@H](O)[C@@H](O)[C@H]1O
Mol_12077	Mol_12077::M02	acrylate_ester	michael_acceptor	25;26;28;29;30;31	25	C=C[C@](C)(CC/C=C(\C)C(=O)O[C@H]1[C@H](O)[C@@H](O)[C@H](O[C@](C)(C=C)CC/C=C(\C)C(=O)O[C@H]2[C@H](O)[C@@H](O)[C@H](O[C@](C)(C=C)CC/C=C(/C)C(=O)O[C@H]3C[C@]4(C(=O)O[C@@H]5O[C@H](CO)[C@@H](O)[C@H](O)[C@H]5O[C@@H]5O[C@@H](C)[C@H](O[C@@H]6O[C@@H](CO)[C@H](O)[C@H]6O)[C@@H](O[C@@H]6O[C@H](CO)[C@@H](O)[C@H](O)[C@H]6O)[C@H]5O)[C@H](O)C[C@]5(C)C(=CC[C@@H]6[C@@]7(C)CC[C@H](O[C@@H]8O[C@H](CO[C@@H]9O[C@H](C)[C@H](O)[C@H](O)[C@H]9O)[C@@H](O)[C@H](O)[C@H]8O[C@@H]8O[C@H](CO)[C@@H](O)[C@H](O)[C@H]8O)C(C)(C)C7CC[C@]65C)[C@@H]4CC3(C)C)O[C@@H]2C)O[C@@H]1C)O[C@@H]1O[C@H](C)[C@@H](O)[C@@H](O)[C@H]1O
Mol_12077	Mol_12077::M03	acrylate_ester	michael_acceptor	44;45;47;48;49;50	44	C=C[C@](C)(CC/C=C(\C)C(=O)O[C@H]1[C@H](O)[C@@H](O)[C@H](O[C@](C)(C=C)CC/C=C(\C)C(=O)O[C@H]2[C@H](O)[C@@H](O)[C@H](O[C@](C)(C=C)CC/C=C(/C)C(=O)O[C@H]3C[C@]4(C(=O)O[C@@H]5O[C@H](CO)[C@@H](O)[C@H](O)[C@H]5O[C@@H]5O[C@@H](C)[C@H](O[C@@H]6O[C@@H](CO)[C@H](O)[C@H]6O)[C@@H](O[C@@H]6O[C@H](CO)[C@@H](O)[C@H](O)[C@H]6O)[C@H]5O)[C@H](O)C[C@]5(C)C(=CC[C@@H]6[C@@]7(C)CC[C@H](O[C@@H]8O[C@H](CO[C@@H]9O[C@H](C)[C@H](O)[C@H](O)[C@H]9O)[C@@H](O)[C@H](O)[C@H]8O[C@@H]8O[C@H](CO)[C@@H](O)[C@H](O)[C@H]8O)C(C)(C)C7CC[C@]65C)[C@@H]4CC3(C)C)O[C@@H]2C)O[C@@H]1C)O[C@@H]1O[C@H](C)[C@@H](O)[C@@H](O)[C@H]1O
Mol_12078	Mol_12078::M01	acrylate_ester	michael_acceptor	7;8;10;11;12;13	7	C=C[C@@](C)(O)CC/C=C(\C)C(=O)O[C@H]1[C@H](O)[C@@H](O)[C@H](O[C@](C)(C=C)CC/C=C(\C)C(=O)O[C@H]2[C@H](O)[C@@H](O)[C@H](O[C@](C)(C=C)CC/C=C(\C)C(=O)O[C@H]3C[C@]4(C(=O)O[C@@H]5O[C@H](CO)[C@@H](O)[C@H](O)[C@H]5O[C@@H]5O[C@@H](C)[C@H](O[C@@H]6OC[C@@H](O)[C@H](O)[C@H]6O)[C@@H](O)[C@H]5O)[C@H](O)C[C@]5(C)C(=CC[C@@H]6[C@@]7(C)CC[C@H](O[C@@H]8O[C@H](CO[C@@H]9O[C@H](C)[C@H](O)[C@H](O)[C@H]9O)[C@@H](O)[C@H](O)[C@H]8O[C@@H]8O[C@H](CO)[C@@H](O)[C@H](O)[C@H]8O)C(C)(C)[C@@H]7CC[C@]65C)[C@@H]4CC3(C)C)O[C@@H]2C)O[C@@H]1C
Mol_12078	Mol_12078::M02	acrylate_ester	michael_acceptor	26;27;29;30;31;32	26	C=C[C@@](C)(O)CC/C=C(\C)C(=O)O[C@H]1[C@H](O)[C@@H](O)[C@H](O[C@](C)(C=C)CC/C=C(\C)C(=O)O[C@H]2[C@H](O)[C@@H](O)[C@H](O[C@](C)(C=C)CC/C=C(\C)C(=O)O[C@H]3C[C@]4(C(=O)O[C@@H]5O[C@H](CO)[C@@H](O)[C@H](O)[C@H]5O[C@@H]5O[C@@H](C)[C@H](O[C@@H]6OC[C@@H](O)[C@H](O)[C@H]6O)[C@@H](O)[C@H]5O)[C@H](O)C[C@]5(C)C(=CC[C@@H]6[C@@]7(C)CC[C@H](O[C@@H]8O[C@H](CO[C@@H]9O[C@H](C)[C@H](O)[C@H](O)[C@H]9O)[C@@H](O)[C@H](O)[C@H]8O[C@@H]8O[C@H](CO)[C@@H](O)[C@H](O)[C@H]8O)C(C)(C)[C@@H]7CC[C@]65C)[C@@H]4CC3(C)C)O[C@@H]2C)O[C@@H]1C
Mol_12078	Mol_12078::M03	acrylate_ester	michael_acceptor	45;46;48;49;50;51	45	C=C[C@@](C)(O)CC/C=C(\C)C(=O)O[C@H]1[C@H](O)[C@@H](O)[C@H](O[C@](C)(C=C)CC/C=C(\C)C(=O)O[C@H]2[C@H](O)[C@@H](O)[C@H](O[C@](C)(C=C)CC/C=C(\C)C(=O)O[C@H]3C[C@]4(C(=O)O[C@@H]5O[C@H](CO)[C@@H](O)[C@H](O)[C@H]5O[C@@H]5O[C@@H](C)[C@H](O[C@@H]6OC[C@@H](O)[C@H](O)[C@H]6O)[C@@H](O)[C@H]5O)[C@H](O)C[C@]5(C)C(=CC[C@@H]6[C@@]7(C)CC[C@H](O[C@@H]8O[C@H](CO[C@@H]9O[C@H](C)[C@H](O)[C@H](O)[C@H]9O)[C@@H](O)[C@H](O)[C@H]8O[C@@H]8O[C@H](CO)[C@@H](O)[C@H](O)[C@H]8O)C(C)(C)[C@@H]7CC[C@]65C)[C@@H]4CC3(C)C)O[C@@H]2C)O[C@@H]1C
Mol_12079	Mol_12079::M01	acrylate_ester	michael_acceptor	6;7;9;10;11;12	6	C=C[C@](C)(CC/C=C(\C)C(=O)O[C@H]1[C@H](O)[C@@H](O)[C@H](O[C@](C)(C=C)CC/C=C(\C)C(=O)O[C@H]2[C@H](O)[C@@H](O)[C@H](O[C@](C)(C=C)CC/C=C(/C)C(=O)O[C@H]3C[C@]4(C(=O)O[C@@H]5O[C@H](CO)[C@@H](O)[C@H](O)[C@H]5O[C@@H]5O[C@@H](C)[C@H](O[C@@H]6OC[C@@H](O)[C@H](O)[C@H]6O)[C@@H](O)[C@H]5O)[C@H](O)C[C@]5(C)C(=CC[C@@H]6[C@@]7(C)CC[C@H](O[C@@H]8O[C@H](CO[C@@H]9O[C@H](C)[C@H](O)[C@H](O)[C@H]9O)[C@@H](O)[C@H](O)[C@H]8O[C@@H]8O[C@H](CO)[C@@H](O)[C@H](O)[C@H]8O)C(C)(C)C7CC[C@]65C)[C@@H]4CC3(C)C)O[C@@H]2C)O[C@@H]1C)O[C@@H]1O[C@H](C)[C@@H](O)[C@H](O)[C@H]1O
Mol_12079	Mol_12079::M02	acrylate_ester	michael_acceptor	25;26;28;29;30;31	25	C=C[C@](C)(CC/C=C(\C)C(=O)O[C@H]1[C@H](O)[C@@H](O)[C@H](O[C@](C)(C=C)CC/C=C(\C)C(=O)O[C@H]2[C@H](O)[C@@H](O)[C@H](O[C@](C)(C=C)CC/C=C(/C)C(=O)O[C@H]3C[C@]4(C(=O)O[C@@H]5O[C@H](CO)[C@@H](O)[C@H](O)[C@H]5O[C@@H]5O[C@@H](C)[C@H](O[C@@H]6OC[C@@H](O)[C@H](O)[C@H]6O)[C@@H](O)[C@H]5O)[C@H](O)C[C@]5(C)C(=CC[C@@H]6[C@@]7(C)CC[C@H](O[C@@H]8O[C@H](CO[C@@H]9O[C@H](C)[C@H](O)[C@H](O)[C@H]9O)[C@@H](O)[C@H](O)[C@H]8O[C@@H]8O[C@H](CO)[C@@H](O)[C@H](O)[C@H]8O)C(C)(C)C7CC[C@]65C)[C@@H]4CC3(C)C)O[C@@H]2C)O[C@@H]1C)O[C@@H]1O[C@H](C)[C@@H](O)[C@H](O)[C@H]1O
Mol_12079	Mol_12079::M03	acrylate_ester	michael_acceptor	44;45;47;48;49;50	44	C=C[C@](C)(CC/C=C(\C)C(=O)O[C@H]1[C@H](O)[C@@H](O)[C@H](O[C@](C)(C=C)CC/C=C(\C)C(=O)O[C@H]2[C@H](O)[C@@H](O)[C@H](O[C@](C)(C=C)CC/C=C(/C)C(=O)O[C@H]3C[C@]4(C(=O)O[C@@H]5O[C@H](CO)[C@@H](O)[C@H](O)[C@H]5O[C@@H]5O[C@@H](C)[C@H](O[C@@H]6OC[C@@H](O)[C@H](O)[C@H]6O)[C@@H](O)[C@H]5O)[C@H](O)C[C@]5(C)C(=CC[C@@H]6[C@@]7(C)CC[C@H](O[C@@H]8O[C@H](CO[C@@H]9O[C@H](C)[C@H](O)[C@H](O)[C@H]9O)[C@@H](O)[C@H](O)[C@H]8O[C@@H]8O[C@H](CO)[C@@H](O)[C@H](O)[C@H]8O)C(C)(C)C7CC[C@]65C)[C@@H]4CC3(C)C)O[C@@H]2C)O[C@@H]1C)O[C@@H]1O[C@H](C)[C@@H](O)[C@H](O)[C@H]1O
Mol_12091	Mol_12091::M01	acrylate_ester	michael_acceptor	6;7;9;10;11;12	6	C=C[C@@](C)(CC/C=C(\C)C(=O)O[C@H]1[C@H](O)[C@@H](O)[C@H](O[C@](C)(C=C)CC/C=C(\CO)C(=O)O[C@H]2C[C@]3(C(=O)O[C@@H]4O[C@H](CO)[C@@H](O)[C@H](O)[C@H]4O[C@@H]4O[C@@H](C)[C@H](O[C@@H]5O[C@@H](CO)[C@H](O)[C@H]5O)[C@@H](O[C@@H]5O[C@H](CO)[C@@H](O)[C@H](O)[C@H]5O)[C@H]4O)[C@H](O)C[C@]4(C)C(=CC[C@@H]5[C@@]6(C)CC[C@H](O[C@@H]7O[C@H](CO[C@@H]8OC[C@H](O)[C@H](O)[C@H]8O[C@@H]8OC[C@@H](O)[C@H](O)[C@H]8O)[C@@H](O)[C@H](O)[C@H]7O)C(C)(C)[C@@H]6CC[C@]54C)[C@@H]3CC2(C)C)O[C@@H]1C)O[C@@H]1O[C@H](C)[C@@H](O)[C@H](O)[C@H]1O
Mol_12091	Mol_12091::M02	acrylate_ester	michael_acceptor	25;26;29;30;31;32	25	C=C[C@@](C)(CC/C=C(\C)C(=O)O[C@H]1[C@H](O)[C@@H](O)[C@H](O[C@](C)(C=C)CC/C=C(\CO)C(=O)O[C@H]2C[C@]3(C(=O)O[C@@H]4O[C@H](CO)[C@@H](O)[C@H](O)[C@H]4O[C@@H]4O[C@@H](C)[C@H](O[C@@H]5O[C@@H](CO)[C@H](O)[C@H]5O)[C@@H](O[C@@H]5O[C@H](CO)[C@@H](O)[C@H](O)[C@H]5O)[C@H]4O)[C@H](O)C[C@]4(C)C(=CC[C@@H]5[C@@]6(C)CC[C@H](O[C@@H]7O[C@H](CO[C@@H]8OC[C@H](O)[C@H](O)[C@H]8O[C@@H]8OC[C@@H](O)[C@H](O)[C@H]8O)[C@@H](O)[C@H](O)[C@H]7O)C(C)(C)[C@@H]6CC[C@]54C)[C@@H]3CC2(C)C)O[C@@H]1C)O[C@@H]1O[C@H](C)[C@@H](O)[C@H](O)[C@H]1O
Mol_12092	Mol_12092::M01	acrylate_ester	michael_acceptor	6;7;9;10;11;12	6	C=C[C@](C)(CC/C=C(\C)C(=O)OC1C(C)OC(O[C@](C)(C=C)CC/C=C(\C)C(=O)OC2C(C)OC(O[C@](C)(C=C)CC/C=C(\CO)C(=O)O[C@H]3C[C@@]4(C(=O)OC5OC(CO)C(O)C(O)C5OC5OC(C)C(OC6OC(CO)C(O)C6O)C(OC6OC(CO)C(O)C(O)C6O)C5O)C(CC3(C)C)C3=CCC5[C@@]6(C)CC[C@H](OC7OC(COC8OC(C)C(O)C(O)C8OC8OCC(O)C(O)C8O)C(O)C(O)C7O)C(C)(C)C6CC[C@@]5(C)[C@]3(C)C[C@H]4O)C(O)C2O)C(O)C1O)OC1OC(C)C(O)C(O)C1O
Mol_12092	Mol_12092::M02	acrylate_ester	michael_acceptor	24;25;27;28;29;30	24	C=C[C@](C)(CC/C=C(\C)C(=O)OC1C(C)OC(O[C@](C)(C=C)CC/C=C(\C)C(=O)OC2C(C)OC(O[C@](C)(C=C)CC/C=C(\CO)C(=O)O[C@H]3C[C@@]4(C(=O)OC5OC(CO)C(O)C(O)C5OC5OC(C)C(OC6OC(CO)C(O)C6O)C(OC6OC(CO)C(O)C(O)C6O)C5O)C(CC3(C)C)C3=CCC5[C@@]6(C)CC[C@H](OC7OC(COC8OC(C)C(O)C(O)C8OC8OCC(O)C(O)C8O)C(O)C(O)C7O)C(C)(C)C6CC[C@@]5(C)[C@]3(C)C[C@H]4O)C(O)C2O)C(O)C1O)OC1OC(C)C(O)C(O)C1O
Mol_12092	Mol_12092::M03	acrylate_ester	michael_acceptor	42;43;46;47;48;49	42	C=C[C@](C)(CC/C=C(\C)C(=O)OC1C(C)OC(O[C@](C)(C=C)CC/C=C(\C)C(=O)OC2C(C)OC(O[C@](C)(C=C)CC/C=C(\CO)C(=O)O[C@H]3C[C@@]4(C(=O)OC5OC(CO)C(O)C(O)C5OC5OC(C)C(OC6OC(CO)C(O)C6O)C(OC6OC(CO)C(O)C(O)C6O)C5O)C(CC3(C)C)C3=CCC5[C@@]6(C)CC[C@H](OC7OC(COC8OC(C)C(O)C(O)C8OC8OCC(O)C(O)C8O)C(O)C(O)C7O)C(C)(C)C6CC[C@@]5(C)[C@]3(C)C[C@H]4O)C(O)C2O)C(O)C1O)OC1OC(C)C(O)C(O)C1O
Mol_12093	Mol_12093::M01	acrylate_ester	michael_acceptor	6;7;9;10;11;12	6	C=C[C@](C)(CC/C=C(\C)C(=O)OC1C(C)OC(O[C@](C)(C=C)CC/C=C(\C)C(=O)O[C@H]2C[C@@]3(C(=O)OC4OC(CO)C(O)C(O)C4OC4OC(C)C(OC5OCC(O)C(O)C5O)C(OC5OC(CO)C(O)C(O)C5O)C4O)C(CC2(C)C)C2=CCC4[C@@]5(C)CC[C@H](OC6OC(COC7OC(C)C(O)C(O)C7OC7OCC(O)C(O)C7O)C(O)C(O)C6O)C(C)(C)C5CC[C@@]4(C)[C@]2(C)C[C@H]3O)C(O)C1O)OC1OC(C)C(O)C(O)C1O
Mol_12093	Mol_12093::M02	acrylate_ester	michael_acceptor	24;25;27;28;29;30	24	C=C[C@](C)(CC/C=C(\C)C(=O)OC1C(C)OC(O[C@](C)(C=C)CC/C=C(\C)C(=O)O[C@H]2C[C@@]3(C(=O)OC4OC(CO)C(O)C(O)C4OC4OC(C)C(OC5OCC(O)C(O)C5O)C(OC5OC(CO)C(O)C(O)C5O)C4O)C(CC2(C)C)C2=CCC4[C@@]5(C)CC[C@H](OC6OC(COC7OC(C)C(O)C(O)C7OC7OCC(O)C(O)C7O)C(O)C(O)C6O)C(C)(C)C5CC[C@@]4(C)[C@]2(C)C[C@H]3O)C(O)C1O)OC1OC(C)C(O)C(O)C1O
Mol_12094	Mol_12094::M01	acrylate_ester	michael_acceptor	6;7;9;10;11;12	6	C=C[C@](C)(CC/C=C(\C)C(=O)OC1C(C)OC(O[C@](C)(C=C)CC/C=C(\C)C(=O)OC2C(C)OC(O[C@](C)(C=C)CC/C=C(\C)C(=O)O[C@H]3C[C@@]4(C(=O)OC5OC(CO)C(O)C(O)C5OC5OC(C)C(OC6OC(CO)C(O)C6O)C(OC6OC(C)C(O)C(O)C6O)C5O)C(CC3(C)C)C3=CCC5[C@@]6(C)CC[C@H](OC7OC(COC8OC(C)C(O)C(O)C8OC8OCC(O)C(O)C8O)C(O)C(O)C7OC7OC(CO)C(O)C(O)C7O)C(C)(C)C6CC[C@@]5(C)[C@]3(C)C[C@H]4O)C(O)C2O)C(O)C1O)OC1OC(C)C(O)C(O)C1O
Mol_12094	Mol_12094::M02	acrylate_ester	michael_acceptor	24;25;27;28;29;30	24	C=C[C@](C)(CC/C=C(\C)C(=O)OC1C(C)OC(O[C@](C)(C=C)CC/C=C(\C)C(=O)OC2C(C)OC(O[C@](C)(C=C)CC/C=C(\C)C(=O)O[C@H]3C[C@@]4(C(=O)OC5OC(CO)C(O)C(O)C5OC5OC(C)C(OC6OC(CO)C(O)C6O)C(OC6OC(C)C(O)C(O)C6O)C5O)C(CC3(C)C)C3=CCC5[C@@]6(C)CC[C@H](OC7OC(COC8OC(C)C(O)C(O)C8OC8OCC(O)C(O)C8O)C(O)C(O)C7OC7OC(CO)C(O)C(O)C7O)C(C)(C)C6CC[C@@]5(C)[C@]3(C)C[C@H]4O)C(O)C2O)C(O)C1O)OC1OC(C)C(O)C(O)C1O
Mol_12094	Mol_12094::M03	acrylate_ester	michael_acceptor	42;43;45;46;47;48	42	C=C[C@](C)(CC/C=C(\C)C(=O)OC1C(C)OC(O[C@](C)(C=C)CC/C=C(\C)C(=O)OC2C(C)OC(O[C@](C)(C=C)CC/C=C(\C)C(=O)O[C@H]3C[C@@]4(C(=O)OC5OC(CO)C(O)C(O)C5OC5OC(C)C(OC6OC(CO)C(O)C6O)C(OC6OC(C)C(O)C(O)C6O)C5O)C(CC3(C)C)C3=CCC5[C@@]6(C)CC[C@H](OC7OC(COC8OC(C)C(O)C(O)C8OC8OCC(O)C(O)C8O)C(O)C(O)C7OC7OC(CO)C(O)C(O)C7O)C(C)(C)C6CC[C@@]5(C)[C@]3(C)C[C@H]4O)C(O)C2O)C(O)C1O)OC1OC(C)C(O)C(O)C1O
Mol_12103	Mol_12103::M01	acrylate_ester	michael_acceptor	6;7;9;10;11;12	6	C=C[C@](C)(CC/C=C(\C)C(=O)O[C@H]1C[C@@]2(C(=O)OC3OC(CO)C(O)C(O)C3OC3OC(C)C(OC4OC(CO)C(O)C4O)C(OC4OC(CO)C(O)C(O)C4O)C3O)C(CC1(C)C)C1=CCC3[C@@]4(C)CC[C@H](OC5OC(COC6OCC(O)C(O)C6O)C(O)C(O)C5OC5OC(CO)C(O)C(O)C5O)C(C)(C)C4CC[C@@]3(C)[C@]1(C)C[C@H]2O)OC1OC(C)C(O)C(O)C1O
Mol_12104	Mol_12104::M01	acrylate_ester	michael_acceptor	6;7;9;10;11;12	6	C=C[C@](C)(CC/C=C(\C)C(=O)O[C@H]1C[C@@]2(C(=O)OC3OC(CO)C(O)C(O)C3OC3OC(C)C(OC4OC(CO)C(O)C4O)C(OC4OC(CO)C(O)C(O)C4O)C3O)C(CC1(C)C)C1=CCC3[C@@]4(C)CC[C@H](OC5OC(COC6OC(C)C(O)C(O)C6O)C(O)C(O)C5OC5OC(CO)C(O)C(O)C5O)C(C)(C)C4CC[C@@]3(C)[C@]1(C)C[C@H]2O)OC1OC(C)C(O)C(O)C1O
Mol_12115	Mol_12115::M01	acrylate_ester	michael_acceptor	22;21;19;20;18;17	22	CCCCCCCCCCCCCCCCCCOC(=O)/C=C/c1ccc(O)cc1
Mol_12116	Mol_12116::M01	acrylate_ester	michael_acceptor	22;21;19;20;18;17	22	CCCCCCCCCCCCCCCCCCOC(=O)/C=C/c1ccc(O)c(OC)c1
Mol_12133	Mol_12133::M01	enone_ketone_acyclic	michael_acceptor	24;23;21;22;20	24	CC(C)=CCc1c(O)ccc(C(=O)[C@@H]2[C@@H](c3c(O)ccc(C(=O)/C=C/c4ccc(O)cc4)c3O)C=C(C)C[C@H]2c2ccc(O)cc2)c1O
Mol_12133	Mol_12133::M02	chalcone	michael_acceptor	20;21;22;23;24;25	24	CC(C)=CCc1c(O)ccc(C(=O)[C@@H]2[C@@H](c3c(O)ccc(C(=O)/C=C/c4ccc(O)cc4)c3O)C=C(C)C[C@H]2c2ccc(O)cc2)c1O
Mol_12135	Mol_12135::M01	enone_ketone_acyclic	michael_acceptor	11;10;8;9;7	11	CC(C)=CCc1cc(C(=O)/C=C/c2ccc(O)cc2)c(O)c(CC=C(C)C)c1O
Mol_12135	Mol_12135::M02	chalcone	michael_acceptor	7;8;9;10;11;12	11	CC(C)=CCc1cc(C(=O)/C=C/c2ccc(O)cc2)c(O)c(CC=C(C)C)c1O
Mol_12139	Mol_12139::M01	enone_ketone_acyclic	michael_acceptor	8;9;10;11;12	8	CC(C)=CCc1cc(/C=C/C(=O)c2cc(CC=C(C)C)c(O)cc2O)ccc1O
Mol_12139	Mol_12139::M02	chalcone	michael_acceptor	12;10;11;9;8;7	8	CC(C)=CCc1cc(/C=C/C(=O)c2cc(CC=C(C)C)c(O)cc2O)ccc1O
Mol_12150	Mol_12150::M01	enone_ketone_acyclic	michael_acceptor	13;12;10;11;9	13	CC1(C)C=Cc2c(ccc(C(=O)/C=C/c3ccc(O)cc3)c2O)O1
Mol_12150	Mol_12150::M02	chalcone	michael_acceptor	9;10;11;12;13;14	13	CC1(C)C=Cc2c(ccc(C(=O)/C=C/c3ccc(O)cc3)c2O)O1
Mol_12154	Mol_12154::M01	enone_ketone_acyclic	michael_acceptor	8;9;10;11;12	8	CC1(C)CCc2cc(/C=C/C(=O)c3cc4c(cc3O)OC(C)(C)CC4)ccc2O1
Mol_12154	Mol_12154::M02	chalcone	michael_acceptor	12;10;11;9;8;7	8	CC1(C)CCc2cc(/C=C/C(=O)c3cc4c(cc3O)OC(C)(C)CC4)ccc2O1
Mol_12163	Mol_12163::M01	enone_ketone_acyclic	michael_acceptor	6;7;8;9;10	6	COc1ccc(/C=C/C(=O)c2ccc3c(c2O)C=CC(C)(C)O3)cc1
Mol_12163	Mol_12163::M02	chalcone	michael_acceptor	10;8;9;7;6;5	6	COc1ccc(/C=C/C(=O)c2ccc3c(c2O)C=CC(C)(C)O3)cc1
Mol_12167	Mol_12167::M01	enone_ketone_acyclic	michael_acceptor	13;12;10;11;9	13	CC1(C)CCc2c(ccc(C(=O)/C=C/c3ccc(O)cc3)c2O)O1
Mol_12167	Mol_12167::M02	chalcone	michael_acceptor	9;10;11;12;13;14	13	CC1(C)CCc2c(ccc(C(=O)/C=C/c3ccc(O)cc3)c2O)O1
Mol_12188	Mol_12188::M01	enone_ketone_acyclic	michael_acceptor	12;13;14;15;16	12	CC(C)=CCCC1(C)C=Cc2c(/C=C/C(=O)c3ccc(O)c(CC=C(C)C)c3O)ccc(O)c2O1
Mol_12188	Mol_12188::M02	chalcone	michael_acceptor	16;14;15;13;12;11	12	CC(C)=CCCC1(C)C=Cc2c(/C=C/C(=O)c3ccc(O)c(CC=C(C)C)c3O)ccc(O)c2O1
Mol_12221	Mol_12221::M01	acrylate_ester	michael_acceptor	26;25;23;24;22;21	26	C[C@@H]1CC[C@]2(C(=O)O)CC[C@]3(C)C(=CC[C@@H]4[C@@]5(C)C[C@@H](O)[C@H](OC(=O)/C=C/c6ccc(O)cc6)C(C)(C)[C@@H]5CC[C@]43C)[C@@H]2[C@]1(C)O
Mol_12261	Mol_12261::M01	acrylate_ester	michael_acceptor	34;33;31;32;30;29	34	CCCCCCCCCCCCCCCCCCCCCCCCCCCCCCOC(=O)/C=C/c1ccc(O)c(OC)c1
Mol_12270	Mol_12270::M01	enone_cyclic	michael_acceptor	13;12;10;11;9	13	CC(=O)O[C@H]1CC[C@]2(C)[C@H]3C(=O)C=C4[C@@H]5[C@@H](C)[C@H](C)CC[C@]5(C)CC[C@@]4(C)[C@]3(C)CC[C@H]2C1(C)C
Mol_12271	Mol_12271::M01	epoxide	sn2_ring_opening	10;11;12	10;12	CC(=O)O[C@H]1CC[C@]2(C)[C@H]3[C@@H]4O[C@@H]4[C@]4(C)C(=CC[C@@]5(C)CCC(C)(C)C[C@H]54)[C@]3(C)CC[C@H]2C1(C)C
Mol_12275	Mol_12275::M01	enone_ketone_acyclic	michael_acceptor	14;13;11;12;10	14	CC(C)=CCc1c(O)ccc(C(=O)/C=C/c2ccc(O)cc2O)c1O
Mol_12275	Mol_12275::M02	chalcone	michael_acceptor	10;11;12;13;14;15	14	CC(C)=CCc1c(O)ccc(C(=O)/C=C/c2ccc(O)cc2O)c1O
Mol_12338	Mol_12338::M01	acrylate_ester	michael_acceptor	3;2;1;0;12;13	3	O=C(/C=C/c1ccc(O)c(O)c1)Oc1ccc(C(=O)O)cc1O
Mol_12367	Mol_12367::M01	enone_cyclic	michael_acceptor	26;28;30;31;22	26	C=C1CC[C@@H]2[C@](C)(CCC[C@@]2(C)C(=O)O)[C@H]1Cc1c(C)ccc2c1C(=O)C(O)=C(C)C2=O
Mol_12367	Mol_12367::M02	enone_cyclic	michael_acceptor	28;26;24;25;23	28	C=C1CC[C@@H]2[C@](C)(CCC[C@@]2(C)C(=O)O)[C@H]1Cc1c(C)ccc2c1C(=O)C(O)=C(C)C2=O
Mol_12367	Mol_12367::M03	para_quinone	michael_acceptor	25;24;23;22;30;31;28;26	22;23;26;28	C=C1CC[C@@H]2[C@](C)(CCC[C@@]2(C)C(=O)O)[C@H]1Cc1c(C)ccc2c1C(=O)C(O)=C(C)C2=O
Mol_12368	Mol_12368::M01	acrylic_acid	michael_acceptor	7;6;28;29;30	7	CC(C)=CCC/C(=C/CC/C(C)=C/CCC1(C)C=Cc2cc(O)cc(C)c2O1)C(=O)O
Mol_12378	Mol_12378::M01	enone_cyclic	michael_acceptor	2;3;5;6;7	2	COC1=C(C)C(=O)C(O)=C(CCCCCCCCCCCC2=C(O)C(=O)C(C)=C(O)C2=O)C1=O
Mol_12378	Mol_12378::M02	enone_cyclic	michael_acceptor	3;2;32;33;9	3	COC1=C(C)C(=O)C(O)=C(CCCCCCCCCCCC2=C(O)C(=O)C(C)=C(O)C2=O)C1=O
Mol_12378	Mol_12378::M03	enone_cyclic	michael_acceptor	7;9;32;33;2	7	COC1=C(C)C(=O)C(O)=C(CCCCCCCCCCCC2=C(O)C(=O)C(C)=C(O)C2=O)C1=O
Mol_12378	Mol_12378::M04	enone_cyclic	michael_acceptor	9;7;5;6;3	9	COC1=C(C)C(=O)C(O)=C(CCCCCCCCCCCC2=C(O)C(=O)C(C)=C(O)C2=O)C1=O
Mol_12378	Mol_12378::M05	enone_cyclic	michael_acceptor	21;22;24;25;26	21	COC1=C(C)C(=O)C(O)=C(CCCCCCCCCCCC2=C(O)C(=O)C(C)=C(O)C2=O)C1=O
Mol_12378	Mol_12378::M06	enone_cyclic	michael_acceptor	22;21;30;31;28	22	COC1=C(C)C(=O)C(O)=C(CCCCCCCCCCCC2=C(O)C(=O)C(C)=C(O)C2=O)C1=O
Mol_12378	Mol_12378::M07	enone_cyclic	michael_acceptor	26;28;30;31;21	26	COC1=C(C)C(=O)C(O)=C(CCCCCCCCCCCC2=C(O)C(=O)C(C)=C(O)C2=O)C1=O
Mol_12378	Mol_12378::M08	enone_cyclic	michael_acceptor	28;26;24;25;22	28	COC1=C(C)C(=O)C(O)=C(CCCCCCCCCCCC2=C(O)C(=O)C(C)=C(O)C2=O)C1=O
Mol_12378	Mol_12378::M09	para_quinone	michael_acceptor	6;5;3;2;32;33;9;7	2;3;7;9	COC1=C(C)C(=O)C(O)=C(CCCCCCCCCCCC2=C(O)C(=O)C(C)=C(O)C2=O)C1=O
Mol_12378	Mol_12378::M10	para_quinone	michael_acceptor	25;24;22;21;30;31;28;26	21;22;26;28	COC1=C(C)C(=O)C(O)=C(CCCCCCCCCCCC2=C(O)C(=O)C(C)=C(O)C2=O)C1=O
Mol_12379	Mol_12379::M01	enone_cyclic	michael_acceptor	2;3;5;6;7	2	COC1=C(C)C(=O)C(O)=C(CCCCCCCCCCCC2=C(OC)C(=O)C(C)=C(O)C2=O)C1=O
Mol_12379	Mol_12379::M02	enone_cyclic	michael_acceptor	3;2;33;34;9	3	COC1=C(C)C(=O)C(O)=C(CCCCCCCCCCCC2=C(OC)C(=O)C(C)=C(O)C2=O)C1=O
Mol_12379	Mol_12379::M03	enone_cyclic	michael_acceptor	7;9;33;34;2	7	COC1=C(C)C(=O)C(O)=C(CCCCCCCCCCCC2=C(OC)C(=O)C(C)=C(O)C2=O)C1=O
Mol_12379	Mol_12379::M04	enone_cyclic	michael_acceptor	9;7;5;6;3	9	COC1=C(C)C(=O)C(O)=C(CCCCCCCCCCCC2=C(OC)C(=O)C(C)=C(O)C2=O)C1=O
Mol_12379	Mol_12379::M05	enone_cyclic	michael_acceptor	21;22;25;26;27	21	COC1=C(C)C(=O)C(O)=C(CCCCCCCCCCCC2=C(OC)C(=O)C(C)=C(O)C2=O)C1=O
Mol_12379	Mol_12379::M06	enone_cyclic	michael_acceptor	22;21;31;32;29	22	COC1=C(C)C(=O)C(O)=C(CCCCCCCCCCCC2=C(OC)C(=O)C(C)=C(O)C2=O)C1=O
Mol_12379	Mol_12379::M07	enone_cyclic	michael_acceptor	27;29;31;32;21	27	COC1=C(C)C(=O)C(O)=C(CCCCCCCCCCCC2=C(OC)C(=O)C(C)=C(O)C2=O)C1=O
Mol_12379	Mol_12379::M08	enone_cyclic	michael_acceptor	29;27;25;26;22	29	COC1=C(C)C(=O)C(O)=C(CCCCCCCCCCCC2=C(OC)C(=O)C(C)=C(O)C2=O)C1=O
Mol_12379	Mol_12379::M09	para_quinone	michael_acceptor	6;5;3;2;33;34;9;7	2;3;7;9	COC1=C(C)C(=O)C(O)=C(CCCCCCCCCCCC2=C(OC)C(=O)C(C)=C(O)C2=O)C1=O
Mol_12379	Mol_12379::M10	para_quinone	michael_acceptor	26;25;22;21;31;32;29;27	21;22;27;29	COC1=C(C)C(=O)C(O)=C(CCCCCCCCCCCC2=C(OC)C(=O)C(C)=C(O)C2=O)C1=O
Mol_12381	Mol_12381::M01	enone_cyclic	michael_acceptor	3;2;33;34;10	3	COC1=C(C)C(OC)C(O)=C(CCCCCCCCCCCC2=C(O)C(=O)C(C)=C(O)C2=O)C1=O
Mol_12381	Mol_12381::M02	enone_cyclic	michael_acceptor	8;10;33;34;2	8	COC1=C(C)C(OC)C(O)=C(CCCCCCCCCCCC2=C(O)C(=O)C(C)=C(O)C2=O)C1=O
Mol_12381	Mol_12381::M03	enone_cyclic	michael_acceptor	22;23;25;26;27	22	COC1=C(C)C(OC)C(O)=C(CCCCCCCCCCCC2=C(O)C(=O)C(C)=C(O)C2=O)C1=O
Mol_12381	Mol_12381::M04	enone_cyclic	michael_acceptor	23;22;31;32;29	23	COC1=C(C)C(OC)C(O)=C(CCCCCCCCCCCC2=C(O)C(=O)C(C)=C(O)C2=O)C1=O
Mol_12381	Mol_12381::M05	enone_cyclic	michael_acceptor	27;29;31;32;22	27	COC1=C(C)C(OC)C(O)=C(CCCCCCCCCCCC2=C(O)C(=O)C(C)=C(O)C2=O)C1=O
Mol_12381	Mol_12381::M06	enone_cyclic	michael_acceptor	29;27;25;26;23	29	COC1=C(C)C(OC)C(O)=C(CCCCCCCCCCCC2=C(O)C(=O)C(C)=C(O)C2=O)C1=O
Mol_12381	Mol_12381::M07	para_quinone	michael_acceptor	26;25;23;22;31;32;29;27	22;23;27;29	COC1=C(C)C(OC)C(O)=C(CCCCCCCCCCCC2=C(O)C(=O)C(C)=C(O)C2=O)C1=O
Mol_12384	Mol_12384::M01	enone_cyclic	michael_acceptor	15;16;18;19;20	15	CCCCCCCCCCCCCCCC1=C(O)C(=O)C(C)=C(O)C1=O
Mol_12384	Mol_12384::M02	enone_cyclic	michael_acceptor	16;15;24;25;22	16	CCCCCCCCCCCCCCCC1=C(O)C(=O)C(C)=C(O)C1=O
Mol_12384	Mol_12384::M03	enone_cyclic	michael_acceptor	20;22;24;25;15	20	CCCCCCCCCCCCCCCC1=C(O)C(=O)C(C)=C(O)C1=O
Mol_12384	Mol_12384::M04	enone_cyclic	michael_acceptor	22;20;18;19;16	22	CCCCCCCCCCCCCCCC1=C(O)C(=O)C(C)=C(O)C1=O
Mol_12384	Mol_12384::M05	para_quinone	michael_acceptor	19;18;16;15;24;25;22;20	15;16;20;22	CCCCCCCCCCCCCCCC1=C(O)C(=O)C(C)=C(O)C1=O
Mol_12398	Mol_12398::M01	enone_cyclic	michael_acceptor	7;8;10;11;12	7	CC(=O)OC[C@@H](C)C1=C(O)C(=O)[C@@]2(C)C/C=C(\C)CC/C=C(\C)CC[C@H](O)/C(C)=C/C[C@H]12
Mol_12411	Mol_12411::M01	vinyl_nitrile	michael_acceptor	3;2;1;0	3	N#C/C=C1\[C@H](O[C@@H]2OC(CO)[C@@H](O)[C@H](O)C2O)C[C@H](O)[C@H](OC(=O)c2ccccc2)[C@H]1O
Mol_12411	Mol_12411::M02	nitrile	addition_to_CN	2;1;0	1	N#C/C=C1\[C@H](O[C@@H]2OC(CO)[C@@H](O)[C@H](O)C2O)C[C@H](O)[C@H](OC(=O)c2ccccc2)[C@H]1O
Mol_12422	Mol_12422::M01	vinyl_nitrile	michael_acceptor	3;2;1;0	3	N#C/C=C1/C=C[C@@H](O)C[C@H]1O[C@@H]1O[C@H](CO)[C@@H](O)[C@H](O)[C@H]1O
Mol_12422	Mol_12422::M02	nitrile	addition_to_CN	2;1;0	1	N#C/C=C1/C=C[C@@H](O)C[C@H]1O[C@@H]1O[C@H](CO)[C@@H](O)[C@H](O)[C@H]1O
Mol_12424	Mol_12424::M01	nitrile	addition_to_CN	2;1;0	1	N#C[C@@H](O[C@@H]1O[C@H](CO)[C@@H](O)[C@H](O)[C@H]1O)c1ccc(O)cc1
Mol_12426	Mol_12426::M01	vinyl_nitrile	michael_acceptor	3;2;1;0	3	N#C/C=C1/[C@H](O[C@@H]2O[C@H](CO)[C@@H](O)[C@H](O)[C@H]2O)C[C@H](O)[C@H](OC(=O)c2ccccc2)[C@H]1O
Mol_12426	Mol_12426::M02	nitrile	addition_to_CN	2;1;0	1	N#C/C=C1/[C@H](O[C@@H]2O[C@H](CO)[C@@H](O)[C@H](O)[C@H]2O)C[C@H](O)[C@H](OC(=O)c2ccccc2)[C@H]1O
Mol_12446	Mol_12446::M01	acrylic_acid	michael_acceptor	5;6;7;8;9	5	COc1cc(/C=C/C(=O)O)c(O[C@@H]2O[C@H](CO)[C@@H](O)[C@H](O)[C@H]2O)cc1OC
Mol_12450	Mol_12450::M01	acrylamide	michael_acceptor	5;6;7;8;9	5	COc1cc(/C=C/C(=O)NCCc2c[nH]c3ccccc23)ccc1O
Mol_12464	Mol_12464::M01	acrylate_ester	michael_acceptor	5;4;2;3;1;0	5	COC(=O)C1=CO[C@@H](O[C@@H]2O[C@H](CO)[C@@H](O)[C@H](O)[C@H]2O)[C@H]2[C@@H]1[C@H](O)C[C@]2(C)O
Mol_12471	Mol_12471::M01	acrylate_ester	michael_acceptor	6;7;8;9;10;11	6	COc1ccc(/C=C/C(=O)O[C@@H]2[C@H](O)[C@@H](O[C@@H]3O[C@@H](C)[C@H](O[C@@H]4OC[C@@H](O)[C@H](O[C@@H]5OC[C@H](O)[C@H](O)[C@H]5O)[C@H]4O)[C@@H](O)[C@H]3O)[C@H](OC(=O)[C@]34CCC(C)(C)C[C@@H]3C3=CC[C@@H]5[C@@]6(C)CC[C@H](O[C@@H]7O[C@H](CO)[C@@H](O)[C@H](O)[C@H]7O)[C@@](C)(C(=O)O)[C@@H]6CC[C@@]5(C)[C@]3(CO)CC4)O[C@@H]2C)cc1OC
Mol_12472	Mol_12472::M01	acrylate_ester	michael_acceptor	6;7;8;9;10;11	6	COc1ccc(/C=C/C(=O)OC2C(C)OC(OC(=O)[C@]34CCC(C)(C)CC3C3=CCC5[C@@]6(C)C[C@H](O)[C@H](OC7OC(CO)C(O)C(O)C7O)C(C)(C)C6CC[C@@]5(C)[C@]3(CO)C[C@H]4O)C(OC3OC(C)C(OC4OCC(OC5OC(CO)C(O)C(O)C5O)C(OC5OC(CO)C(O)C(O)C5O)C4O)C(O)C3O)C2O)cc1OC
Mol_12474	Mol_12474::M01	enone_ketone_acyclic	michael_acceptor	14;13;11;12;10	14	COc1cc(O)cc(OC)c1C(=O)C=Cc1ccccc1
Mol_12474	Mol_12474::M02	chalcone	michael_acceptor	10;11;12;13;14;15	14	COc1cc(O)cc(OC)c1C(=O)C=Cc1ccccc1
Mol_12479	Mol_12479::M01	para_quinone	michael_acceptor	9;8;6;5;29;30;28;10	5;6;10;28	Cc1cc(O)c2c(c1)C(=O)c1cc(O)cc(OC3OC(CO)C(O)C(O)C3O)c1C2=O
Mol_12480	Mol_12480::M01	para_quinone	michael_acceptor	21;20;18;17;30;31;29;22	17;18;22;29	COc1cc(OC2OC(CO)C(O)C(O)C2O)c2c(c1)C(=O)c1cc(C)cc(O)c1C2=O
Mol_12483	Mol_12483::M01	enone_cyclic	michael_acceptor	17;18;20;21;22	17	CCCC/C=C\CCCCCCCCCCCC1=C(O)C(=O)C(C)=C(O)C1=O
Mol_12483	Mol_12483::M02	enone_cyclic	michael_acceptor	18;17;26;27;24	18	CCCC/C=C\CCCCCCCCCCCC1=C(O)C(=O)C(C)=C(O)C1=O
Mol_12483	Mol_12483::M03	enone_cyclic	michael_acceptor	22;24;26;27;17	22	CCCC/C=C\CCCCCCCCCCCC1=C(O)C(=O)C(C)=C(O)C1=O
Mol_12483	Mol_12483::M04	enone_cyclic	michael_acceptor	24;22;20;21;18	24	CCCC/C=C\CCCCCCCCCCCC1=C(O)C(=O)C(C)=C(O)C1=O
Mol_12483	Mol_12483::M05	para_quinone	michael_acceptor	21;20;18;17;26;27;24;22	17;18;22;24	CCCC/C=C\CCCCCCCCCCCC1=C(O)C(=O)C(C)=C(O)C1=O
Mol_12484	Mol_12484::M01	enone_cyclic	michael_acceptor	11;12;14;15;16	11	CCCC/C=C\CCCCCC1=C(O)C(=O)C(C)=C(O)C1=O
Mol_12484	Mol_12484::M02	enone_cyclic	michael_acceptor	12;11;20;21;18	12	CCCC/C=C\CCCCCC1=C(O)C(=O)C(C)=C(O)C1=O
Mol_12484	Mol_12484::M03	enone_cyclic	michael_acceptor	16;18;20;21;11	16	CCCC/C=C\CCCCCC1=C(O)C(=O)C(C)=C(O)C1=O
Mol_12484	Mol_12484::M04	enone_cyclic	michael_acceptor	18;16;14;15;12	18	CCCC/C=C\CCCCCC1=C(O)C(=O)C(C)=C(O)C1=O
Mol_12484	Mol_12484::M05	para_quinone	michael_acceptor	15;14;12;11;20;21;18;16	11;12;16;18	CCCC/C=C\CCCCCC1=C(O)C(=O)C(C)=C(O)C1=O
Mol_12486	Mol_12486::M01	enone_cyclic	michael_acceptor	13;14;16;17;18	13	CCCCCCCCCCCCCC1=C(O)C(=O)C(C)=C(O)C1=O
Mol_12486	Mol_12486::M02	enone_cyclic	michael_acceptor	14;13;22;23;20	14	CCCCCCCCCCCCCC1=C(O)C(=O)C(C)=C(O)C1=O
Mol_12486	Mol_12486::M03	enone_cyclic	michael_acceptor	18;20;22;23;13	18	CCCCCCCCCCCCCC1=C(O)C(=O)C(C)=C(O)C1=O
Mol_12486	Mol_12486::M04	enone_cyclic	michael_acceptor	20;18;16;17;14	20	CCCCCCCCCCCCCC1=C(O)C(=O)C(C)=C(O)C1=O
Mol_12486	Mol_12486::M05	para_quinone	michael_acceptor	17;16;14;13;22;23;20;18	13;14;18;20	CCCCCCCCCCCCCC1=C(O)C(=O)C(C)=C(O)C1=O
Mol_12504	Mol_12504::M01	acrylate_ester	michael_acceptor	3;2;1;0;11;12	3	O=C(/C=C/c1ccc(O)cc1)OC[C@H]1O[C@@H](Oc2c(-c3ccc(O)cc3)oc3cc(O)cc(O)c3c2=O)[C@H](OC(=O)/C=C/c2ccc(O)cc2)[C@@H](O)[C@@H]1O
Mol_12504	Mol_12504::M02	acrylate_ester	michael_acceptor	42;41;39;40;38;37	42	O=C(/C=C/c1ccc(O)cc1)OC[C@H]1O[C@@H](Oc2c(-c3ccc(O)cc3)oc3cc(O)cc(O)c3c2=O)[C@H](OC(=O)/C=C/c2ccc(O)cc2)[C@@H](O)[C@@H]1O
Mol_12510	Mol_12510::M01	aldehyde	reversible_carbonyl	10;11;12	11	Cc1oc2c(=O)n3c(cc2c1C=O)-c1[nH]c2ccccc2c1CC3
Mol_12511	Mol_12511::M01	acrylamide	michael_acceptor	5;6;7;8;9	5	C/C=C1/COC=C2C(=O)N3CCc4c([nH]c5ccccc45)[C@@H]3C[C@H]21
Mol_12512	Mol_12512::M01	aldehyde	reversible_carbonyl	2;1;0	1	O=Cc1cccc2c(=O)n3c(cc12)-c1[nH]c2ccccc2c1CC3
Mol_12519	Mol_12519::M01	acrylamide	michael_acceptor	17;18;19;20;21	17	C=C[C@H]1[C@H](O[C@@H]2O[C@H](CO)[C@@H](O)[C@H](O)[C@H]2O)OC=C2C(=O)N3CCc4c([nH]c5ccccc45)[C@@H]3C[C@H]21
Mol_12520	Mol_12520::M01	acrylamide	michael_acceptor	42;41;39;40;38	42	C[C@@H]1CC[C@]2(C(=O)O)CC[C@]3(C)C(=CCC4[C@@]5(C)CC[C@@H]6OC(C7[C@@H]8C[C@H]9c%10[nH]c%11ccccc%11c%10CCN9C(=O)C8=CO[C@@H]7C)OC[C@]6(CO)C5CC[C@]43C)C2[C@]1(C)O
Mol_12521	Mol_12521::M01	enal	michael_acceptor	1;2;3;4	1	C/C=C(\C=O)c1cc2n(c(=O)c1O)CCc1c-2[nH]c2ccccc12
Mol_12521	Mol_12521::M02	aldehyde	reversible_carbonyl	2;3;4	3	C/C=C(\C=O)c1cc2n(c(=O)c1O)CCc1c-2[nH]c2ccccc12
Mol_12525	Mol_12525::M01	acrylamide	michael_acceptor	3;4;5;6;7	3	C[C@H]1OC=C2C(=O)N3CCc4c([nH]c5ccccc45)[C@@H]3C[C@H]2C1C=O
Mol_12525	Mol_12525::M02	aldehyde	reversible_carbonyl	22;23;24	23	C[C@H]1OC=C2C(=O)N3CCc4c([nH]c5ccccc45)[C@@H]3C[C@H]2C1C=O
Mol_12531	Mol_12531::M01	para_quinone	michael_acceptor	17;16;11;10;24;25;23;18	10;11;18;23	Cc1cc2c(cc1Oc1cc3c(c(O)c1C)C(=O)c1ccccc1C3=O)C(=O)c1ccccc1C2=O
Mol_12531	Mol_12531::M02	para_quinone	michael_acceptor	27;26;4;3;34;35;33;28	3;4;28;33	Cc1cc2c(cc1Oc1cc3c(c(O)c1C)C(=O)c1ccccc1C3=O)C(=O)c1ccccc1C2=O
Mol_12532	Mol_12532::M01	para_quinone	michael_acceptor	0;1;2;7;8;9;10;34	2;7;10;34	O=C1c2ccccc2C(=O)c2cc(Cc3cc4c(cc3O)C(=O)c3ccccc3C4=O)c(O)cc21
Mol_12532	Mol_12532::M02	para_quinone	michael_acceptor	22;21;17;16;29;30;28;23	16;17;23;28	O=C1c2ccccc2C(=O)c2cc(Cc3cc4c(cc3O)C(=O)c3ccccc3C4=O)c(O)cc21
Mol_12533	Mol_12533::M01	para_quinone	michael_acceptor	0;1;2;7;8;9;10;17	2;7;10;17	O=C1c2ccccc2C(=O)c2cc(CO)ccc21
Mol_12536	Mol_12536::M01	acrylate_ester	michael_acceptor	5;4;2;3;1;0	5	COC(=O)C1=COC(O)[C@@H]2C(CO)=CC(=O)[C@H]12
Mol_12536	Mol_12536::M02	enone_cyclic	michael_acceptor	10;13;14;15;16	10	COC(=O)C1=COC(O)[C@@H]2C(CO)=CC(=O)[C@H]12
Mol_12538	Mol_12538::M01	acrylate_ester	michael_acceptor	5;4;2;3;1;0	5	COC(=O)C1=CO[C@@H]2OC[C@]3(O)C=C[C@H]1[C@H]23
Mol_12539	Mol_12539::M01	acrylate_ester	michael_acceptor	5;4;2;3;1;0	5	COC(=O)C1=CNC2OCC3(O)C=CC1C23
Mol_12540	Mol_12540::M01	acrylate_ester	michael_acceptor	5;4;2;3;1;0	5	COC(=O)C1=CNC(=O)[C@@H]2C(CO)=CC[C@H]12
Mol_12541	Mol_12541::M01	acrylate_ester	michael_acceptor	5;4;2;3;1;0	5	COC(=O)C1=CO[C@@H](O[C@@H]2O[C@H](CO)[C@@H](O)[C@H](O)[C@H]2O)[C@H]2[C@@H]1C=C[C@]2(O)CO
Mol_12542	Mol_12542::M01	acrylate_ester	michael_acceptor	5;4;2;3;1;0	5	COC(=O)C1=COC(OC2OC(CO)C(O)C(O)C2O)[C@@H]2C(CO)=C[C@H](O)[C@H]12
Mol_12543	Mol_12543::M01	acrylate_ester	michael_acceptor	5;4;2;3;1;0	5	COC(=O)C1=COC(OC2OC(CO)C(O)C(O)C2O)[C@H]2C(CO)=CC(O)[C@@H]12
Mol_12544	Mol_12544::M01	acrylic_acid	michael_acceptor	4;3;1;0;2	4	O=C(O)C1=COC(OC2OC(CO)C(O)C(O)C2O)[C@@H]2C(CO)=C[C@H](O)[C@H]12
Mol_12555	Mol_12555::M01	acrylate_ester	michael_acceptor	5;4;2;3;1;0	5	COC(=O)C1=CO[C@@H](O[C@@H]2O[C@H](CO)[C@@H](O)[C@H](O)[C@H]2O)[C@@H]2C(CO)=C[C@H](O)[C@H]12
Mol_12560	Mol_12560::M01	acrylate_ester	michael_acceptor	5;4;2;3;1;0	5	COC(=O)C1=CO[C@@H](O)[C@@H]2C(COC(=O)C3=CO[C@@H](O)[C@@H]4C(COC(C)=O)=CC[C@H]34)=CC[C@H]12
Mol_12560	Mol_12560::M02	acrylate_ester	michael_acceptor	16;15;13;14;12;11	16	COC(=O)C1=CO[C@@H](O)[C@@H]2C(COC(=O)C3=CO[C@@H](O)[C@@H]4C(COC(C)=O)=CC[C@H]34)=CC[C@H]12
Mol_12561	Mol_12561::M01	acrylate_ester	michael_acceptor	5;4;2;3;1;0	5	COC(=O)C1=CO[C@@H](O)[C@@H]2C(COC(=O)C3=CO[C@@H](OC4OC(CO)C(O)C(O)C4O)[C@@H]4C(COC(C)=O)=CC[C@H]34)=CC[C@H]12
Mol_12561	Mol_12561::M02	acrylate_ester	michael_acceptor	16;15;13;14;12;11	16	COC(=O)C1=CO[C@@H](O)[C@@H]2C(COC(=O)C3=CO[C@@H](OC4OC(CO)C(O)C(O)C4O)[C@@H]4C(COC(C)=O)=CC[C@H]34)=CC[C@H]12
Mol_12562	Mol_12562::M01	acrylate_ester	michael_acceptor	5;4;2;3;1;0	5	COC(=O)C1=CO[C@@H](OC2OC(CO)C(O)C(O)C2O)[C@@H]2C(COC(=O)C3=CO[C@@H](OC4OC(CO)C(O)C(O)C4O)[C@@H]4C(COC(C)=O)=CC[C@H]34)=CC[C@H]12
Mol_12562	Mol_12562::M02	acrylate_ester	michael_acceptor	27;26;24;25;23;22	27	COC(=O)C1=CO[C@@H](OC2OC(CO)C(O)C(O)C2O)[C@@H]2C(COC(=O)C3=CO[C@@H](OC4OC(CO)C(O)C(O)C4O)[C@@H]4C(COC(C)=O)=CC[C@H]34)=CC[C@H]12
Mol_12563	Mol_12563::M01	acrylate_ester	michael_acceptor	5;4;2;3;1;0	5	COC(=O)C1=CO[C@@H](OC2OC(CO)C(O)C(O)C2O)[C@@H]2C(COC(=O)C3=CO[C@@H](OC4OC(CO)C(O)C(O)C4O)[C@@H]4C(CO)=CC[C@H]34)=CC[C@H]12
Mol_12563	Mol_12563::M02	acrylate_ester	michael_acceptor	27;26;24;25;23;22	27	COC(=O)C1=CO[C@@H](OC2OC(CO)C(O)C(O)C2O)[C@@H]2C(COC(=O)C3=CO[C@@H](OC4OC(CO)C(O)C(O)C4O)[C@@H]4C(CO)=CC[C@H]34)=CC[C@H]12
Mol_12564	Mol_12564::M01	acrylate_ester	michael_acceptor	5;4;2;3;1;0	5	COC(=O)C1=CO[C@@H](OC2OC(COC(C)=O)C(OC(C)=O)C(OC(C)=O)C2OC(C)=O)[C@@H]2C(COC(=O)C3=CO[C@@H](OC(C)=O)[C@@H]4[C@H](C)CC[C@H]34)=CC[C@H]12
Mol_12564	Mol_12564::M02	acrylate_ester	michael_acceptor	39;38;36;37;35;34	39	COC(=O)C1=CO[C@@H](OC2OC(COC(C)=O)C(OC(C)=O)C(OC(C)=O)C2OC(C)=O)[C@@H]2C(COC(=O)C3=CO[C@@H](OC(C)=O)[C@@H]4[C@H](C)CC[C@H]34)=CC[C@H]12
Mol_12565	Mol_12565::M01	acrylate_ester	michael_acceptor	5;4;2;3;1;0	5	COC(=O)C1=COC(OC2OC(CO)C(O)C(O)C2O)[C@H]2[C@@H]1[C@H](O)C[C@]2(C)O
Mol_12566	Mol_12566::M01	acrylate_ester	michael_acceptor	5;4;2;3;1;0	5	COC(=O)C1=COC(O)[C@H]2[C@@H]1[C@H](O)C[C@]2(C)O
Mol_12567	Mol_12567::M01	acrylate_ester	michael_acceptor	5;4;2;3;1;0	5	COC(=O)C1=CO[C@@H](O)[C@H]2[C@@H]1CC[C@]2(C)O
Mol_12568	Mol_12568::M01	acrylate_ester	michael_acceptor	5;4;2;3;1;0	5	COC(=O)C1=CO[C@H](O)[C@H]2[C@@H]1CC[C@]2(C)O
Mol_12569	Mol_12569::M01	acrylate_ester	michael_acceptor	5;4;2;3;1;0	5	COC(=O)C1=CO[C@@H](O[C@@H]2O[C@H](CO)[C@@H](O)[C@H](O)[C@H]2O)[C@H]2[C@@H]1CC[C@]2(C)O
Mol_12575	Mol_12575::M01	acrylate_ester	michael_acceptor	5;4;2;3;1;0	5	COC(=O)/C=C\c1cc(OC)c2c(c1)[C@H](CO)[C@@H](c1ccc(O)c(OC)c1)O2
Mol_12576	Mol_12576::M01	acrylate_ester	michael_acceptor	5;4;2;3;1;0	5	COC(=O)/C=C\c1cc(OC)c2c(c1)[C@@H](CO)[C@H](c1ccc(OC)c(O)c1)O2
Mol_12577	Mol_12577::M01	acrylate_ester	michael_acceptor	5;4;2;3;1;0	5	COC(=O)/C=C/c1cc(OC)c2c(c1)[C@H](CO)[C@@H](c1ccc(O)c(OC)c1)O2
Mol_12578	Mol_12578::M01	acrylate_ester	michael_acceptor	5;4;2;3;1;0	5	COC(=O)/C=C/c1cc(OC)c2c(c1)[C@@H](CO)[C@H](c1ccc(OC)c(O)c1)O2
Mol_12579	Mol_12579::M01	acrylate_ester	michael_acceptor	6;4;2;3;1;0	6	COC(=O)/C(C)=C(/C)c1cc(OC)c2c(c1)[C@@H](CO)[C@@H](c1ccc(O)c(OC)c1)O2
Mol_12580	Mol_12580::M01	acrylate_ester	michael_acceptor	5;4;2;3;1;0	5	COC(=O)/C=C\c1cc(OC)c2c(c1)[C@H](CO)[C@H](c1ccc(OC)c(O)c1)O2
Mol_12581	Mol_12581::M01	acrylate_ester	michael_acceptor	5;4;2;3;1;0	5	COC(=O)/C=C/c1cc(OC)c2c(c1)[C@@H](CO)[C@@H](c1ccc(O)c(OC)c1)O2
Mol_12582	Mol_12582::M01	acrylate_ester	michael_acceptor	5;4;2;3;1;0	5	COC(=O)/C=C/c1cc(OC)c2c(c1)[C@H](CO)[C@H](c1ccc(OC)c(O)c1)O2
Mol_12588	Mol_12588::M01	para_quinone	michael_acceptor	10;9;8;7;20;21;19;11	7;8;11;19	COc1c(O)ccc2c1C(=O)c1ccc(CO)c(O)c1C2=O
Mol_12589	Mol_12589::M01	para_quinone	michael_acceptor	11;10;6;5;18;19;17;12	5;6;12;17	COc1ccc2c(c1OC)C(=O)c1ccccc1C2=O
Mol_12590	Mol_12590::M01	para_quinone	michael_acceptor	10;9;8;7;19;20;18;11	7;8;11;18	COc1c(O)ccc2c1C(=O)c1ccc(C)c(O)c1C2=O
Mol_12592	Mol_12592::M01	enone_cyclic	michael_acceptor	4;5;9;10;11	4	C[C@]1(O)CC2=C(C[C@H]1O)C(=O)c1cc(O)ccc1C2=O
Mol_12592	Mol_12592::M02	enone_cyclic	michael_acceptor	5;4;18;19;17	5	C[C@]1(O)CC2=C(C[C@H]1O)C(=O)c1cc(O)ccc1C2=O
Mol_12592	Mol_12592::M03	para_quinone	michael_acceptor	10;9;5;4;18;19;17;11	4;5;11;17	C[C@]1(O)CC2=C(C[C@H]1O)C(=O)c1cc(O)ccc1C2=O
Mol_12593	Mol_12593::M01	para_quinone	michael_acceptor	12;11;7;6;20;21;19;13	6;7;13;19	COc1c(O)cc2c(c1OC)C(=O)c1ccc(O)cc1C2=O
Mol_12595	Mol_12595::M01	para_quinone	michael_acceptor	11;10;7;6;19;20;18;12	6;7;12;18	COc1c(O)cc2c(c1O)C(=O)c1ccc(O)cc1C2=O
Mol_12596	Mol_12596::M01	para_quinone	michael_acceptor	11;10;7;6;21;22;20;12	6;7;12;20	COCc1ccc2c(c1O)C(=O)c1ccc(O)c(OC)c1C2=O
Mol_12597	Mol_12597::M01	para_quinone	michael_acceptor	12;11;7;6;22;23;21;13	6;7;13;21	COCc1ccc2c(c1OC)C(=O)c1ccc(O)c(OC)c1C2=O
Mol_12598	Mol_12598::M01	para_quinone	michael_acceptor	10;9;6;5;19;20;18;11	5;6;11;18	COc1ccc2c(c1O)C(=O)c1ccc(C)c(O)c1C2=O
Mol_12599	Mol_12599::M01	para_quinone	michael_acceptor	10;9;8;7;17;18;16;11	7;8;11;16	COc1cc(C)cc2c1C(=O)c1ccccc1C2=O
Mol_12600	Mol_12600::M01	para_quinone	michael_acceptor	11;10;9;8;18;19;17;12	8;9;12;17	COc1c(O)c(C)cc2c1C(=O)c1ccccc1C2=O
Mol_12601	Mol_12601::M01	para_quinone	michael_acceptor	0;1;2;7;8;9;10;18	2;7;10;18	O=C1c2ccccc2C(=O)c2cc(CO)c(O)cc21
Mol_12602	Mol_12602::M01	para_quinone	michael_acceptor	9;8;4;3;16;17;15;10	3;4;10;15	Cc1cc2c(cc1O)C(=O)c1ccccc1C2=O
Mol_12603	Mol_12603::M01	para_quinone	michael_acceptor	10;9;8;7;17;18;16;11	7;8;11;16	COc1c(O)ccc2c1C(=O)c1ccccc1C2=O
Mol_12604	Mol_12604::M01	para_quinone	michael_acceptor	0;1;2;8;9;10;11;19	2;8;11;19	O=C1c2cc(O)ccc2C(=O)c2cc(CO)c(O)cc21
Mol_12607	Mol_12607::M01	acrylamide	michael_acceptor	3;4;5;6;7	3	C[C@H]1OC=C2C(=O)N3CCc4c([nH]c5ccccc45)[C@@H]3C[C@H]2C1C1OC[C@]2(CO)C3CC[C@]4(C)C(CC=C5C6[C@](C(=O)O)(CCC[C@@]6(C)O)CC[C@]54C)[C@@]3(C)CC[C@@H]2O1
Mol_12608	Mol_12608::M01	enal	michael_acceptor	1;2;3;4	1	C/C=C(/C=O)c1cc2n(c(=O)c1O)CCc1c-2[nH]c2ccccc12
Mol_12608	Mol_12608::M02	aldehyde	reversible_carbonyl	2;3;4	3	C/C=C(/C=O)c1cc2n(c(=O)c1O)CCc1c-2[nH]c2ccccc12
Mol_12610	Mol_12610::M01	acrylamide	michael_acceptor	6;7;8;9;10	6	COC(C[C@H]1OC=C2C(=O)N3CCc4c([nH]c5ccccc45)[C@@H]3C[C@H]2[C@@H]1C=O)OC
Mol_12610	Mol_12610::M02	aldehyde	reversible_carbonyl	25;26;27	26	COC(C[C@H]1OC=C2C(=O)N3CCc4c([nH]c5ccccc45)[C@@H]3C[C@H]2[C@@H]1C=O)OC
Mol_12613	Mol_12613::M01	acrylamide	michael_acceptor	3;4;5;6;7	3	C[C@H]1OC=C2C(=O)N3CCc4c([nH]c5ccccc45)[C@@H]3C[C@H]2[C@@H]1C=O
Mol_12613	Mol_12613::M02	aldehyde	reversible_carbonyl	22;23;24	23	C[C@H]1OC=C2C(=O)N3CCc4c([nH]c5ccccc45)[C@@H]3C[C@H]2[C@@H]1C=O
Mol_12623	Mol_12623::M01	enone_cyclic	michael_acceptor	13;12;10;11;9	13	CC(=O)OC1CC[C@]2(C)[C@H]3C(=O)C=C4[C@@H]5[C@@H](C)[C@H](C)CC[C@]5(C)CC[C@@]4(C)[C@]3(C)CC[C@H]2C1(C)C
Mol_12631	Mol_12631::M01	para_quinone	michael_acceptor	12;11;10;9;19;20;18;13	9;10;13;18	COc1c(C=O)c(O)cc2c1C(=O)c1ccccc1C2=O
Mol_12631	Mol_12631::M02	aldehyde	reversible_carbonyl	3;4;5	4	COc1c(C=O)c(O)cc2c1C(=O)c1ccccc1C2=O
Mol_12632	Mol_12632::M01	para_quinone	michael_acceptor	21;20;18;17;29;30;28;22	17;18;22;28	CC(CO)(CO)C(=O)NCCC(=O)Nc1ccc2c(c1)C(=O)c1cc(Cl)ccc1C2=O
Mol_12642	Mol_12642::M01	para_quinone	michael_acceptor	10;9;6;5;17;18;16;11	5;6;11;16	COc1ccc2c(c1O)C(=O)c1ccccc1C2=O
Mol_12643	Mol_12643::M01	para_quinone	michael_acceptor	15;14;9;8;22;23;21;16	8;9;16;21	CC(C)=CCOc1cc2c(cc1CO)C(=O)c1ccccc1C2=O
Mol_12650	Mol_12650::M01	acrylate_ester	michael_acceptor	5;4;2;3;1;0	5	COC(=O)C1=CO[C@H](OC2OC(CO)C(O)C(O)C2O)[C@@H]2C(CO)=C[C@H](O)[C@H]12
Mol_12722	Mol_12722::M01	aldehyde	reversible_carbonyl	2;1;0	1	O=Cc1cc2ccc(=O)oc2cc1O
Mol_12723	Mol_12723::M01	acrylate_ester	michael_acceptor	18;17;22;23;21;19	18	CC1(C)O[C@H]2CC(=O)OC[C@]23[C@H]2CC[C@@]4(C)[C@H](C5=CC(O)OC5=O)OC(=O)[C@H]5O[C@]54[C@]2(C)C(=O)C[C@@H]13
Mol_12723	Mol_12723::M02	unsat_lactone	michael_acceptor	21;22;23;17;18	18	CC1(C)O[C@H]2CC(=O)OC[C@]23[C@H]2CC[C@@]4(C)[C@H](C5=CC(O)OC5=O)OC(=O)[C@H]5O[C@]54[C@]2(C)C(=O)C[C@@H]13
Mol_12723	Mol_12723::M03	epoxide	sn2_ring_opening	27;28;29	27;29	CC1(C)O[C@H]2CC(=O)OC[C@]23[C@H]2CC[C@@]4(C)[C@H](C5=CC(O)OC5=O)OC(=O)[C@H]5O[C@]54[C@]2(C)C(=O)C[C@@H]13
Mol_12727	Mol_12727::M01	enone_cyclic	michael_acceptor	6;5;3;4;2	6	C[C@@H]1CC(=O)C2=C(O1)[C@H]1[C@H](CCN3CCC[C@@H]13)O[C@@H]2C
Mol_12744	Mol_12744::M01	aldehyde	reversible_carbonyl	6;7;8	7	COc1cc(O)c(C=O)cc1OC
Mol_12761	Mol_12761::M01	aldehyde	reversible_carbonyl	4;5;6	5	COc1cc(C=O)c(CC=C(C)C)c2c1[nH]c1ccccc12
Mol_12769	Mol_12769::M01	epoxide	sn2_ring_opening	6;8;9	6;9	CC1(O)CC(CC2(C)OC2COc2ccc3ccc(=O)oc3c2)OC1=O
Mol_12778	Mol_12778::M01	epoxide	sn2_ring_opening	29;30;31	29;31	CO[C@@]1(C)OC(C)(C)[C@@H]2CC(=O)[C@]3(C)C([C@@H](O)C[C@@]4(C)[C@H](c5ccoc5)OC(=O)[C@H]5O[C@]543)[C@]21C
Mol_12788	Mol_12788::M01	acrylate_ester	michael_acceptor	2;1;22;23;21;3	2	CC1=C[C@H](C/C(C)=C/COc2ccc3ccc(=O)oc3c2)OC1=O
Mol_12788	Mol_12788::M02	unsat_lactone	michael_acceptor	21;22;23;1;2	2	CC1=C[C@H](C/C(C)=C/COc2ccc3ccc(=O)oc3c2)OC1=O
Mol_12800	Mol_12800::M01	acrylamide	michael_acceptor	8;7;5;6;4	8	CC(C)CNC(=O)/C=C/c1cc(O)c2c(c1)OCO2
Mol_12808	Mol_12808::M01	acrylate_ester	michael_acceptor	16;15;1;0;2;3	16	O=C1OC[C@H](Cc2ccc3c(c2)OCO3)/C1=C\c1ccc2c(c1)OCO2
Mol_12822	Mol_12822::M01	epoxide	sn2_ring_opening	20;21;22	20;22	COc1c2ccoc2nc2c(OCC=C(C)C)c(OC[C@@H]3OC3(C)C)ccc12
Mol_12823	Mol_12823::M01	epoxide	sn2_ring_opening	15;16;17	15;17	COc1c2ccoc2nc2c(O)c(OC[C@@H]3OC3(C)C)ccc12
Mol_12856	Mol_12856::M01	aldehyde	reversible_carbonyl	5;7;8	7	C[C@]12CCC[C@@](C)(C=O)[C@@H]1CC[C@]13C[C@H](CC[C@@H]12)[C@@](C)(O)C3
Mol_12899	Mol_12899::M01	enone_cyclic	michael_acceptor	15;14;12;13;11	15	CC[C@H](/C=C/[C@@H](C)[C@H]1CC[C@H]2[C@@H]3C(=O)C=C4C[C@@H](O[C@@H]5O[C@H](CO)[C@@H](O)[C@H](O)[C@H]5O)CC[C@]4(C)[C@H]3CC[C@]12C)C(C)C
Mol_12915	Mol_12915::M01	acrylamide	michael_acceptor	3;2;1;0;18	3	O=C1C=C(CO[C@@H]2OC(CO)[C@@H](O)[C@H](O)C2O)CN1
Mol_12916	Mol_12916::M01	acrylate_ester	michael_acceptor	1;2;15;16;17;18	1	CC1=C(O[C@@H]2OC(CO)[C@@H](O)[C@H](O)C2O)C(=O)OC1
Mol_12916	Mol_12916::M02	unsat_lactone	michael_acceptor	17;15;16;2;1	1	CC1=C(O[C@@H]2OC(CO)[C@@H](O)[C@H](O)C2O)C(=O)OC1
Mol_12930	Mol_12930::M01	enone_ketone_acyclic	michael_acceptor	1;2;4;5;6	1	C/C=C(\C)C(=O)c1c(OC)c2c(c3c(-c4ccccc4)cc(=O)oc13)OC(C)(C)C=C2
Mol_12932	Mol_12932::M01	acrylic_acid	michael_acceptor	7;8;9;10;11	7	C[C@H]1Oc2c3c(c(/C(=C\C(=O)O)c4ccccc4)c(O)c2C(=O)[C@@H]1C)OC(C)(C)C=C3
Mol_12933	Mol_12933::M01	acrylic_acid	michael_acceptor	7;8;9;10;11	7	C[C@@H]1C(=O)c2cc(/C(=C\C(=O)O)c3ccccc3)c3c(c2O[C@@H]1C)C=CC(C)(C)O3
Mol_12950	Mol_12950::M01	enone_cyclic	michael_acceptor	32;31;29;30;28	32	CCCCCCCCCCCCCCCC(=O)O[C@@H]1CC[C@@]2(C)C(CC[C@]3(C)[C@@H]2C(=O)C=C2C4CC(C)(C)CC[C@]4(CO)CC[C@]23C)C1(C)C
Mol_12963	Mol_12963::M01	acrylate_ester	michael_acceptor	7;8;10;11;12;6	7	CC(=O)O[C@H]1O[C@@]2(C=C(C)C(=O)O2)C[C@@H]1[C@H]1CC[C@@]2(C)C3=C(CC[C@]12C)[C@@]1(C)CCC(=O)C(C)(C)[C@@H]1CC3
Mol_12963	Mol_12963::M02	unsat_lactone	michael_acceptor	12;10;11;8;7	7	CC(=O)O[C@H]1O[C@@]2(C=C(C)C(=O)O2)C[C@@H]1[C@H]1CC[C@@]2(C)C3=C(CC[C@]12C)[C@@]1(C)CCC(=O)C(C)(C)[C@@H]1CC3
Mol_12978	Mol_12978::M01	acrylate_ester	michael_acceptor	25;24;22;23;21;20	25	C=C(C)[C@@H]1CC[C@]2(C)CC[C@]3(C)[C@H](CC[C@@H]4[C@@]5(C)CC[C@H](OC(=O)/C=C\c6ccccc6)C(C)(C)[C@@H]5CC[C@]43C)[C@@H]12
Mol_12979	Mol_12979::M01	acrylate_ester	michael_acceptor	24;23;21;22;20;19	24	CC1(C)CC[C@]2(C)CC[C@]3(C)[C@H](CC[C@@H]4[C@@]5(C)CCC(OC(=O)/C=C/c6ccccc6)C(C)(C)[C@@H]5CC[C@]43C)[C@@H]2C1
Mol_12981	Mol_12981::M01	acrylate_ester	michael_acceptor	25;24;22;23;21;20	25	C=C(C)[C@@H]1CC[C@]2(C)CC[C@]3(C)[C@H](CC[C@@H]4[C@@]5(C)CC[C@H](OC(=O)/C=C/c6ccccc6)C(C)(C)[C@@H]5CC[C@]43C)[C@@H]12
Mol_12987	Mol_12987::M01	acrylate_ester	michael_acceptor	27;26;24;25;23;22	27	C=C(C)[C@@H]1CC[C@]2(C(=O)O)CC[C@]3(C)[C@H](CC[C@@H]4[C@@]5(C)CC[C@H](OC(=O)/C=C/c6ccccc6)C(C)(C)[C@@H]5CC[C@]43C)[C@@H]12
Mol_12990	Mol_12990::M01	enal	michael_acceptor	0;1;2;3	0	C=C(C=O)[C@@H]1CC[C@]2(C(=O)O)CC[C@]3(C)[C@H](CC[C@@H]4[C@@]5(C)CC[C@H](O)C(C)(C)[C@@H]5CC[C@]43C)[C@@H]12
Mol_12990	Mol_12990::M02	aldehyde	reversible_carbonyl	1;2;3	2	C=C(C=O)[C@@H]1CC[C@]2(C(=O)O)CC[C@]3(C)[C@H](CC[C@@H]4[C@@]5(C)CC[C@H](O)C(C)(C)[C@@H]5CC[C@]43C)[C@@H]12
Mol_12991	Mol_12991::M01	enal	michael_acceptor	9;10;11;12	9	C=C(C)[C@@H]1CC[C@]2(CO/C=C\C=O)CC[C@]3(C)[C@H](CC[C@@H]4[C@@]5(C)CC[C@H](O)C(C)(C)[C@@H]5CC[C@]43C)C12
Mol_12991	Mol_12991::M02	aldehyde	reversible_carbonyl	10;11;12	11	C=C(C)[C@@H]1CC[C@]2(CO/C=C\C=O)CC[C@]3(C)[C@H](CC[C@@H]4[C@@]5(C)CC[C@H](O)C(C)(C)[C@@H]5CC[C@]43C)C12
Mol_12992	Mol_12992::M01	enal	michael_acceptor	10;11;12;13	10	C=C(C)[C@@H]1CC[C@]2(C(=O)O/C=C/C=O)CC[C@]3(C)[C@H](CC[C@@H]4[C@@]5(C)CC[C@H](OC(=O)/C=C/c6ccccc6)C(C)(C)[C@@H]5CC[C@]43C)[C@@H]12
Mol_12992	Mol_12992::M02	acrylate_ester	michael_acceptor	31;30;28;29;27;26	31	C=C(C)[C@@H]1CC[C@]2(C(=O)O/C=C/C=O)CC[C@]3(C)[C@H](CC[C@@H]4[C@@]5(C)CC[C@H](OC(=O)/C=C/c6ccccc6)C(C)(C)[C@@H]5CC[C@]43C)[C@@H]12
Mol_12992	Mol_12992::M03	aldehyde	reversible_carbonyl	11;12;13	12	C=C(C)[C@@H]1CC[C@]2(C(=O)O/C=C/C=O)CC[C@]3(C)[C@H](CC[C@@H]4[C@@]5(C)CC[C@H](OC(=O)/C=C/c6ccccc6)C(C)(C)[C@@H]5CC[C@]43C)[C@@H]12
Mol_12994	Mol_12994::M01	enal	michael_acceptor	8;9;10;11	8	C=C(C)[C@@H]1CC[C@]2(C/C=C/C=O)CC[C@]3(C)[C@H](CC[C@@H]4[C@@]5(C)CC[C@H](OC(=O)/C=C/c6ccccc6)C(C)(C)[C@@H]5CC[C@]43C)C12
Mol_12994	Mol_12994::M02	acrylate_ester	michael_acceptor	29;28;26;27;25;24	29	C=C(C)[C@@H]1CC[C@]2(C/C=C/C=O)CC[C@]3(C)[C@H](CC[C@@H]4[C@@]5(C)CC[C@H](OC(=O)/C=C/c6ccccc6)C(C)(C)[C@@H]5CC[C@]43C)C12
Mol_12994	Mol_12994::M03	aldehyde	reversible_carbonyl	9;10;11	10	C=C(C)[C@@H]1CC[C@]2(C/C=C/C=O)CC[C@]3(C)[C@H](CC[C@@H]4[C@@]5(C)CC[C@H](OC(=O)/C=C/c6ccccc6)C(C)(C)[C@@H]5CC[C@]43C)C12
Mol_13006	Mol_13006::M01	enone_ketone_acyclic	michael_acceptor	1;3;4;5;6	1	CC(C)=CC(=O)c1c[nH]c2ccccc12
Mol_13029	Mol_13029::M01	enone_cyclic	michael_acceptor	31;29;27;28;25	31	C=C(C)[C@@]12O[C@@]3(CCCCCCCCC)O[C@@H]1[C@@H]1[C@@H]4O[C@]4(CO)[C@@H](O)[C@]4(O)C(=O)C(C)=CC4[C@@]1(O3)[C@H](C)[C@H]2OC(=O)c1ccccc1
Mol_13029	Mol_13029::M02	epoxide	sn2_ring_opening	18;19;20	18;20	C=C(C)[C@@]12O[C@@]3(CCCCCCCCC)O[C@@H]1[C@@H]1[C@@H]4O[C@]4(CO)[C@@H](O)[C@]4(O)C(=O)C(C)=CC4[C@@]1(O3)[C@H](C)[C@H]2OC(=O)c1ccccc1
Mol_13030	Mol_13030::M01	enone_cyclic	michael_acceptor	31;29;27;28;25	31	C=C(C)[C@@]12OC3(/C=C/C=C/CCCCC)O[C@@H]1[C@@H]1[C@@H]4O[C@]4(CO)[C@@H](O)[C@]4(O)C(=O)C(C)=C[C@H]4[C@@]1(O3)[C@H](C)[C@H]2OC(=O)c1ccccc1
Mol_13030	Mol_13030::M02	epoxide	sn2_ring_opening	18;19;20	18;20	C=C(C)[C@@]12OC3(/C=C/C=C/CCCCC)O[C@@H]1[C@@H]1[C@@H]4O[C@]4(CO)[C@@H](O)[C@]4(O)C(=O)C(C)=C[C@H]4[C@@]1(O3)[C@H](C)[C@H]2OC(=O)c1ccccc1
Mol_13031	Mol_13031::M01	enone_cyclic	michael_acceptor	35;33;31;32;29	35	C=C(C)C12CC(C)C34OC(/C=C/C=C/CCCCC)(OC1C3C1OC1(CO)C(O)C1(O)C(=O)C(C)=CC14)O2
Mol_13031	Mol_13031::M02	epoxide	sn2_ring_opening	22;23;24	22;24	C=C(C)C12CC(C)C34OC(/C=C/C=C/CCCCC)(OC1C3C1OC1(CO)C(O)C1(O)C(=O)C(C)=CC14)O2
Mol_13032	Mol_13032::M01	epoxide	sn2_ring_opening	36;39;40	36;40	C=C(C)[C@]12C[C@@H](C)[C@@]34OC5(CCCCCCC[C@@H](C)[C@H]6[C@H](C)[C@H](OC(=O)c7ccccc7)[C@@](O)([C@H](O)[C@@]7(CO)O[C@H]7[C@H]3[C@H]1O5)[C@@H]64)O2
Mol_13033	Mol_13033::M01	epoxide	sn2_ring_opening	13;14;15	13;15	C=C(C)C12CC(C)C34OC5(OC1C3C1OC1(CO)C(O)C1(O)C(OC(=O)c3ccccc3)C(C)C(C(C)CCCCCCC5O)C14)O2
Mol_13037	Mol_13037::M01	acrylamide	michael_acceptor	3;2;1;0;11	3	O=C(/C=C/c1ccc(O)cc1)NCCc1ccc(O)cc1
Mol_13040	Mol_13040::M01	epoxide	sn2_ring_opening	14;15;16	14;16	C[C@H]1CC[C@@]2(C)CC=C3[C@@](C)(C2[C@@H]1C)[C@@H]1O[C@@H]1C1[C@]2(C)CC[C@@H](O)C(C)(C)[C@H]2CC[C@]31C
Mol_13049	Mol_13049::M01	acrylate_ester	michael_acceptor	4;5;7;8;9;10	4	CCC(C)/C=C(\C)C(=O)Oc1c(C)cc(C)c(O)c1C
Mol_13050	Mol_13050::M01	enone_cyclic	michael_acceptor	2;3;6;7;8	2	CCC1=C(CC)C(=O)[C@](C)(/C=C(\C)[C@@H](C)[C@@H](C)CC)O1
Mol_13051	Mol_13051::M01	enal	michael_acceptor	23;20;21;22	23	C=C(C)[C@H]1CC[C@@]2(C)CC[C@]3(C)C[C@@H]4[C@@H](C(=O)C[C@@H]4C)C(C=O)=CC[C@H]3[C@H]12
Mol_13051	Mol_13051::M02	aldehyde	reversible_carbonyl	20;21;22	21	C=C(C)[C@H]1CC[C@@]2(C)CC[C@]3(C)C[C@@H]4[C@@H](C(=O)C[C@@H]4C)C(C=O)=CC[C@H]3[C@H]12
Mol_13063	Mol_13063::M01	acrylate_ester	michael_acceptor	15;16;17;18;19;1	15	CC1CCC/C=C/[C@@H]2C[C@@H](O)C[C@H]2[C@H](O)/C=C/C(=O)O1
Mol_13063	Mol_13063::M02	unsat_lactone	michael_acceptor	19;17;18;16;15	15	CC1CCC/C=C/[C@@H]2C[C@@H](O)C[C@H]2[C@H](O)/C=C/C(=O)O1
Mol_13069	Mol_13069::M01	acrylate_ester	michael_acceptor	15;16;17;18;19;1	15	C[C@H]1CCC/C=C/[C@@H]2C[C@H](O)C[C@H]2[C@H](O)/C=C/C(=O)O1
Mol_13069	Mol_13069::M02	unsat_lactone	michael_acceptor	19;17;18;16;15	15	C[C@H]1CCC/C=C/[C@@H]2C[C@H](O)C[C@H]2[C@H](O)/C=C/C(=O)O1
Mol_13073	Mol_13073::M01	acrylate_ester	michael_acceptor	29;28;26;27;25;24	29	CC1O[C@@H](O[C@@H]2[C@@H](O)[C@H](OCCc3ccc(O)c(O)c3)OC(CO)[C@H]2OC(=O)/C=C/c2ccc(O)c(O)c2)[C@@H](O)[C@@H](O)[C@H]1O
Mol_13075	Mol_13075::M01	para_quinone	michael_acceptor	12;11;7;6;20;21;19;13	6;7;13;19	CC(=O)Oc1cc2c(cc1C)C(=O)c1c(O)cccc1C2=O
Mol_13076	Mol_13076::M01	para_quinone	michael_acceptor	8;7;5;4;17;18;16;9	4;5;9;16	Cc1ccc2c(c1)C(=O)c1c(O)ccc(O)c1C2=O
Mol_13077	Mol_13077::M01	enone_cyclic	michael_acceptor	6;5;18;19;16	6	CC(C)=CCC1=C(O)c2c(O)ccc(O)c2C(=O)C1=O
Mol_13077	Mol_13077::M02	ortho_quinone	michael_acceptor	17;16;18;19;5;6;8;15	5;6;8;15	CC(C)=CCC1=C(O)c2c(O)ccc(O)c2C(=O)C1=O
Mol_13079	Mol_13079::M01	para_quinone	michael_acceptor	0;1;2;7;8;9;10;17	2;7;10;17	O=C1c2ccccc2C(=O)c2c(O)ccc(O)c21
Mol_13080	Mol_13080::M01	enone_cyclic	michael_acceptor	6;7;9;10;11	6	Cc1cc2c(c(C3=C(O)C(=O)c4c(O)ccc(O)c4C3=O)c1)C(=O)c1c(O)c3c(c(O)c1C2=O)C=CC(C)(C)O3
Mol_13080	Mol_13080::M02	enone_cyclic	michael_acceptor	7;6;19;20;18	7	Cc1cc2c(c(C3=C(O)C(=O)c4c(O)ccc(O)c4C3=O)c1)C(=O)c1c(O)c3c(c(O)c1C2=O)C=CC(C)(C)O3
Mol_13080	Mol_13080::M03	chalcone	michael_acceptor	11;9;10;7;6;5	6	Cc1cc2c(c(C3=C(O)C(=O)c4c(O)ccc(O)c4C3=O)c1)C(=O)c1c(O)c3c(c(O)c1C2=O)C=CC(C)(C)O3
Mol_13080	Mol_13080::M04	para_quinone	michael_acceptor	10;9;7;6;19;20;18;11	6;7;11;18	Cc1cc2c(c(C3=C(O)C(=O)c4c(O)ccc(O)c4C3=O)c1)C(=O)c1c(O)c3c(c(O)c1C2=O)C=CC(C)(C)O3
Mol_13080	Mol_13080::M05	para_quinone	michael_acceptor	23;22;4;3;32;33;31;24	3;4;24;31	Cc1cc2c(c(C3=C(O)C(=O)c4c(O)ccc(O)c4C3=O)c1)C(=O)c1c(O)c3c(c(O)c1C2=O)C=CC(C)(C)O3
Mol_13121	Mol_13121::M01	para_quinone	michael_acceptor	17;16;13;12;25;26;24;18	12;13;18;24	Cc1cc2c(c(O)c1-c1c(C)cc3c(c1O)C(=O)c1c(O)cccc1C3=O)C(=O)c1c(O)cccc1C2=O
Mol_13121	Mol_13121::M02	para_quinone	michael_acceptor	28;27;4;3;36;37;35;29	3;4;29;35	Cc1cc2c(c(O)c1-c1c(C)cc3c(c1O)C(=O)c1c(O)cccc1C3=O)C(=O)c1c(O)cccc1C2=O
Mol_13123	Mol_13123::M01	para_quinone	michael_acceptor	9;8;6;5;36;37;35;10	5;6;10;35	Cc1cc(O)c2c(c1)C(=O)c1ccc(-c3ccc4c(c3O)C(=O)c3c(O)cc(C)cc3C4=O)c(O)c1C2=O
Mol_13123	Mol_13123::M02	para_quinone	michael_acceptor	22;21;18;17;31;32;30;23	17;18;23;30	Cc1cc(O)c2c(c1)C(=O)c1ccc(-c3ccc4c(c3O)C(=O)c3c(O)cc(C)cc3C4=O)c(O)c1C2=O
Mol_13135	Mol_13135::M01	acrylate_ester	michael_acceptor	3;2;1;0;18;5	3	O=C1C=CC[C@H](C[C@@H](O)CCc2ccc(O)cc2)O1
Mol_13135	Mol_13135::M02	unsat_lactone	michael_acceptor	18;1;0;2;3	3	O=C1C=CC[C@H](C[C@@H](O)CCc2ccc(O)cc2)O1
Mol_13143	Mol_13143::M01	acrylate_ester	michael_acceptor	28;27;1;0;2;3	28	O=C1O[C@H](c2ccc3c(c2)OCO3)[C@H](COC2OC(CO)C(O)C(O)C2O)/C1=C/c1ccc2c(c1)OCO2
Mol_13144	Mol_13144::M01	acrylate_ester	michael_acceptor	16;15;1;0;2;3	16	O=C1OC[C@H](Cc2ccc3c(c2)OCO3)/C1=C/c1cc2c(cc1OC1OC(CO)C(O)C(O)C1O)OCO2
Mol_13145	Mol_13145::M01	acrylate_ester	michael_acceptor	16;15;1;0;2;3	16	O=C1OC[C@H](Cc2ccc3c(c2)OCO3)/C1=C\c1cc2c(cc1O[C@@H]1O[C@H](CO)[C@@H](O)[C@H](O)[C@@H]1O)OCO2
Mol_13161	Mol_13161::M01	acrylate_ester	michael_acceptor	7;8;9;10;11;6	7	CC(=O)O[C@H](/C=C1\C=CC(=O)O1)COC(=O)c1ccccc1
Mol_13161	Mol_13161::M02	unsat_lactone	michael_acceptor	11;9;10;8;7	7	CC(=O)O[C@H](/C=C1\C=CC(=O)O1)COC(=O)c1ccccc1
Mol_13162	Mol_13162::M01	acrylate_ester	michael_acceptor	20;19;17;18;16;15	20	CC(=O)O[C@@H](COC(=O)c1ccccc1)C1OC(=O)C=C[C@H]1OC(C)=O
Mol_13162	Mol_13162::M02	unsat_lactone	michael_acceptor	16;17;18;19;20	20	CC(=O)O[C@@H](COC(=O)c1ccccc1)C1OC(=O)C=C[C@H]1OC(C)=O
Mol_13169	Mol_13169::M01	acrylate_ester	michael_acceptor	10;9;7;8;6;5	10	C/C1=C/C(=O)C2OC(=O)/C(=C\C(C)=C\C1=O)CC2C
Mol_13169	Mol_13169::M02	enone_cyclic	michael_acceptor	1;2;3;4;5	1	C/C1=C/C(=O)C2OC(=O)/C(=C\C(C)=C\C1=O)CC2C
Mol_13169	Mol_13169::M03	enone_cyclic	michael_acceptor	2;1;14;15;13	2	C/C1=C/C(=O)C2OC(=O)/C(=C\C(C)=C\C1=O)CC2C
Mol_13169	Mol_13169::M04	enone_cyclic	michael_acceptor	11;13;14;15;1	11	C/C1=C/C(=O)C2OC(=O)/C(=C\C(C)=C\C1=O)CC2C
Mol_13169	Mol_13169::M05	unsat_lactone	michael_acceptor	6;7;8;9;10	10	C/C1=C/C(=O)C2OC(=O)/C(=C\C(C)=C\C1=O)CC2C
Mol_13173	Mol_13173::M01	enone_ketone_acyclic	michael_acceptor	4;3;1;2;0	4	CC(=O)/C=C/c1ccc2[nH]ccc2c1
Mol_13182	Mol_13182::M01	acrylate_ester	michael_acceptor	8;7;5;6;4;3	8	C[C@](O)(COC(=O)/C=C/c1ccccc1)[C@@H](O)COC(=O)c1ccccc1
Mol_13183	Mol_13183::M01	acrylate_ester	michael_acceptor	9;10;11;12;13;8	9	CC(=O)OC[C@@H](O)/C=C1/C=CC(=O)O1
Mol_13183	Mol_13183::M02	unsat_lactone	michael_acceptor	13;11;12;10;9	9	CC(=O)OC[C@@H](O)/C=C1/C=CC(=O)O1
Mol_13184	Mol_13184::M01	acrylate_ester	michael_acceptor	7;8;9;10;11;6	7	CC(=O)O[C@@H](/C=C1/C=CC(=O)O1)COC(=O)c1ccccc1O
Mol_13184	Mol_13184::M02	unsat_lactone	michael_acceptor	11;9;10;8;7	7	CC(=O)O[C@@H](/C=C1/C=CC(=O)O1)COC(=O)c1ccccc1O
Mol_13188	Mol_13188::M01	acrylate_ester	michael_acceptor	3;2;1;0;10;4	3	O=C1C=C/C(=C/[C@H](O)CO)O1
Mol_13188	Mol_13188::M02	unsat_lactone	michael_acceptor	10;1;0;2;3	3	O=C1C=C/C(=C/[C@H](O)CO)O1
Mol_13191	Mol_13191::M01	enone_ketone_acyclic	michael_acceptor	4;5;6;7;8	4	COC(=O)/C=C/C(=O)C[C@H](O)COC(=O)c1ccccc1
Mol_13191	Mol_13191::M02	acrylate_ester	michael_acceptor	5;4;2;3;1;0	5	COC(=O)/C=C/C(=O)C[C@H](O)COC(=O)c1ccccc1
Mol_13194	Mol_13194::M01	epoxide	sn2_ring_opening	27;38;39	27;39	CO[C@@H]1[C@H]2C=C[C@](COC(=O)c3ccccc3)(C3C2[C@@H](OC)[C@H](OC(C)=O)[C@@]2(COC(=O)c4ccccc4)O[C@@H]32)[C@H]1OC(C)=O
Mol_13208	Mol_13208::M01	acrylate_ester	michael_acceptor	1;2;4;5;6;7	1	CC=C(C)C(=O)OCC1CCN2CCC(O)C12
Mol_13210	Mol_13210::M01	acrylate_ester	michael_acceptor	1;2;4;5;6;7	1	CC=C(C)C(=O)OCC1=CCN2CCC(O)C12
Mol_13226	Mol_13226::M01	acrylate_ester	michael_acceptor	5;6;7;8;9;10	5	COc1cc(/C=C/C(=O)O[C@@H]2O[C@H](CO)[C@@H](O)[C@H](O)[C@H]2O)cc(OC)c1O
Mol_13238	Mol_13238::M01	enone_cyclic	michael_acceptor	18;5;3;4;1	18	CC1(C)C(=O)C(OC2O[C@H](CO)[C@@H](O)[C@H](O)[C@H]2O)=C[C@@H]2C1=CC[C@@H]1[C@@]2(C)C(=O)C[C@]2(C)C(C(C)(C)O)[C@H](O)C[C@@]12C
Mol_13271	Mol_13271::M01	aldehyde	reversible_carbonyl	2;1;0	1	O=Cc1c(O)ccc2c1O[C@H]1c3ccc(O)cc3OC[C@@H]21
Mol_13282	Mol_13282::M01	enone_ketone_acyclic	michael_acceptor	15;16;17;18;19	15	C=C(C)CCC/C(C)=C/COc1ccc(/C=C/C(=O)c2ccc(O)cc2O)cc1
Mol_13282	Mol_13282::M02	chalcone	michael_acceptor	19;17;18;16;15;14	15	C=C(C)CCC/C(C)=C/COc1ccc(/C=C/C(=O)c2ccc(O)cc2O)cc1
Mol_13285	Mol_13285::M01	enone_ketone_acyclic	michael_acceptor	9;8;6;7;5	9	COc1ccc(C(=O)/C=C/c2ccc(O)cc2)c(O)c1CC=C(C)C
Mol_13285	Mol_13285::M02	chalcone	michael_acceptor	5;6;7;8;9;10	9	COc1ccc(C(=O)/C=C/c2ccc(O)cc2)c(O)c1CC=C(C)C
Mol_13336	Mol_13336::M01	epoxide	sn2_ring_opening	16;17;18	16;18	COc1cc2c(cc1OC)C13CCN(C)CC45OC4COC4CC(=O)N2C1C4C5(O)CC3=O
Mol_13337	Mol_13337::M01	epoxide	sn2_ring_opening	16;17;18	16;18	COc1cc2c(cc1OC)[C@@]13CCN(C)C[C@@]45O[C@@H]4CO[C@H]4CC(=O)N2[C@H]1[C@H]4[C@H]5CC3=O
Mol_13346	Mol_13346::M01	acrylic_acid	michael_acceptor	35;36;37;38;39	35	CCc1c[n+]2ccc3c([nH]c4cccc(OC)c43)c2cc1C1=CN2c3ccccc3[C@]34CCN5C/C(=C\C(=O)O)[C@H](C[C@H]53)[C@@H]([C@@H]1O)[C@H]24
Mol_13347	Mol_13347::M01	enal	michael_acceptor	1;2;3;4	1	C/C=C(/C=O)[C@@H]1C[C@H]2c3c(c4ccccc4n3[C@@H](O)C1)CCN2C
Mol_13347	Mol_13347::M02	aldehyde	reversible_carbonyl	2;3;4	3	C/C=C(/C=O)[C@@H]1C[C@H]2c3c(c4ccccc4n3[C@@H](O)C1)CCN2C
Mol_13348	Mol_13348::M01	acrylic_acid	michael_acceptor	17;18;19;20;21	17	C=C[C@H]1[C@H](O[C@@H]2O[C@H](CO)[C@@H](O)[C@H](O)[C@H]2O)OC=C(C(=O)O)[C@H]1C[C@H]1c2[nH]c3ccccc3c2CCN1C
Mol_13350	Mol_13350::M01	acrylate_ester	michael_acceptor	14;13;11;12;10;9	14	O=C(O)CC(O)(C(=O)O)C(OC(=O)/C=C/c1ccc(O)c(O)c1)C(=O)O
Mol_13358	Mol_13358::M01	nitrile	addition_to_CN	2;1;0	1	N#CCC(=O)NC(N)=O
Mol_13366	Mol_13366::M01	enone_ketone_acyclic	michael_acceptor	3;2;1;0;30	3	O=C(/C=C/c1ccc(O)c(-c2cc(/C=C/C(=O)c3ccc(O)cc3O)ccc2O)c1)c1ccc(O)cc1O
Mol_13366	Mol_13366::M02	enone_ketone_acyclic	michael_acceptor	13;14;15;16;17	13	O=C(/C=C/c1ccc(O)c(-c2cc(/C=C/C(=O)c3ccc(O)cc3O)ccc2O)c1)c1ccc(O)cc1O
Mol_13366	Mol_13366::M03	chalcone	michael_acceptor	17;15;16;14;13;12	13	O=C(/C=C/c1ccc(O)c(-c2cc(/C=C/C(=O)c3ccc(O)cc3O)ccc2O)c1)c1ccc(O)cc1O
Mol_13366	Mol_13366::M04	chalcone	michael_acceptor	30;1;0;2;3;4	3	O=C(/C=C/c1ccc(O)c(-c2cc(/C=C/C(=O)c3ccc(O)cc3O)ccc2O)c1)c1ccc(O)cc1O
Mol_13367	Mol_13367::M01	enone_ketone_acyclic	michael_acceptor	3;2;1;0;30	3	O=C(/C=C/c1ccc(O)c(Oc2ccc(CCC(=O)c3ccc(O)cc3O)cc2)c1)c1ccc(O)cc1O
Mol_13367	Mol_13367::M02	chalcone	michael_acceptor	30;1;0;2;3;4	3	O=C(/C=C/c1ccc(O)c(Oc2ccc(CCC(=O)c3ccc(O)cc3O)cc2)c1)c1ccc(O)cc1O
Mol_13377	Mol_13377::M01	enone_ketone_acyclic	michael_acceptor	3;2;1;0;11	3	O=C(/C=C/c1ccc(O)cc1)c1c(O)cc(O)c2c1O[C@H](c1ccc(O)cc1)[C@H]2C(=O)c1ccc(O)cc1O
Mol_13377	Mol_13377::M02	chalcone	michael_acceptor	11;1;0;2;3;4	3	O=C(/C=C/c1ccc(O)cc1)c1c(O)cc(O)c2c1O[C@H](c1ccc(O)cc1)[C@H]2C(=O)c1ccc(O)cc1O
Mol_13378	Mol_13378::M01	enone_ketone_acyclic	michael_acceptor	3;2;1;0;11	3	O=C(/C=C/c1ccc(O)cc1)c1c(O)cc(O)c2c(C(=O)c3ccc(O)cc3O)c(-c3ccc(O)cc3)oc12
Mol_13378	Mol_13378::M02	chalcone	michael_acceptor	11;1;0;2;3;4	3	O=C(/C=C/c1ccc(O)cc1)c1c(O)cc(O)c2c(C(=O)c3ccc(O)cc3O)c(-c3ccc(O)cc3)oc12
Mol_13383	Mol_13383::M01	enone_ketone_acyclic	michael_acceptor	3;2;1;0;11	3	O=C(/C=C/c1ccc(O)cc1)c1c(O)cc(O)c2c1OC(c1ccc(O)cc1)[C@@]21OC(c2ccc(O)cc2)CC1=O
Mol_13383	Mol_13383::M02	chalcone	michael_acceptor	11;1;0;2;3;4	3	O=C(/C=C/c1ccc(O)cc1)c1c(O)cc(O)c2c1OC(c1ccc(O)cc1)[C@@]21OC(c2ccc(O)cc2)CC1=O
Mol_13409	Mol_13409::M01	acrylate_ester	michael_acceptor	5;6;7;8;9;10	5	COc1cc(C=CC(=O)OCC2OC(OC3C(c4c(OC)cc5oc(-c6ccc(O)cc6)cc(=O)c5c4O)OC(CO)C(O)C3O)C(O)C(O)C2O)cc(OC)c1O
Mol_13410	Mol_13410::M01	acrylate_ester	michael_acceptor	5;6;7;8;9;10	5	COc1cc(C=CC(=O)OCC2OC(OC3C(c4c(OC)cc5oc(-c6ccc(O)cc6)cc(=O)c5c4O)OC(CO)C(O)C3O)C(O)C(O)C2O)ccc1O
Mol_13415	Mol_13415::M01	acrylate_ester	michael_acceptor	5;4;2;3;1;0	5	COC(=O)C1=CO[C@@H](O[C@@H]2O[C@H](CO)[C@@H](O)[C@H](O)[C@H]2O)[C@H]2[C@@H]1[C@H](O)C[C@]2(C)OC(C)=O
Mol_13416	Mol_13416::M01	acrylate_ester	michael_acceptor	5;4;2;3;1;0	5	COC(=O)C1=CO[C@H](O)[C@H]2[C@@H]1[C@H](O)C[C@]2(C)OC(C)=O
Mol_13417	Mol_13417::M01	acrylate_ester	michael_acceptor	5;4;2;3;1;0	5	COC(=O)C1=CO[C@@H](O)[C@H]2[C@@H]1[C@H](O)C[C@]2(C)OC(C)=O
Mol_13418	Mol_13418::M01	acrylamide	michael_acceptor	5;6;7;8;9	5	COc1cc(/C=C/C(=O)NCC(C)C)ccc1OCC=C(C)C
Mol_13443	Mol_13443::M01	epoxide	sn2_ring_opening	21;22;23	21;23	CO[C@H]1[C@@H]2C=CO[C@@H](OC3OC(CO)C(O)C(O)C3O)[C@@H]2[C@H]2O[C@@H]12
Mol_13444	Mol_13444::M01	acrylate_ester	michael_acceptor	6;7;8;9;10;11	6	COc1ccc(/C=C/C(=O)OC2C(CO)OC(OCCc3ccc(O)c(O)c3)C(O)C2OC2OC(C)C(O)C(O)C2O)cc1OC
Mol_13447	Mol_13447::M01	enone_cyclic	michael_acceptor	29;30;38;39;25	29	COc1cc(O)c2c(c1)C(=O)c1cc(C)c(O)c(-c3c(OC)cc(O)c4c3C(=O)C3=C(C[C@@H](O)[C@@](C)(O)C3)C4=O)c1C2=O
Mol_13447	Mol_13447::M02	enone_cyclic	michael_acceptor	30;29;27;28;26	30	COc1cc(O)c2c(c1)C(=O)c1cc(C)c(O)c(-c3c(OC)cc(O)c4c3C(=O)C3=C(C[C@@H](O)[C@@](C)(O)C3)C4=O)c1C2=O
Mol_13447	Mol_13447::M03	para_quinone	michael_acceptor	10;9;7;6;41;42;40;11	6;7;11;40	COc1cc(O)c2c(c1)C(=O)c1cc(C)c(O)c(-c3c(OC)cc(O)c4c3C(=O)C3=C(C[C@@H](O)[C@@](C)(O)C3)C4=O)c1C2=O
Mol_13447	Mol_13447::M04	para_quinone	michael_acceptor	28;27;26;25;38;39;30;29	25;26;29;30	COc1cc(O)c2c(c1)C(=O)c1cc(C)c(O)c(-c3c(OC)cc(O)c4c3C(=O)C3=C(C[C@@H](O)[C@@](C)(O)C3)C4=O)c1C2=O
Mol_13450	Mol_13450::M01	enone_cyclic	michael_acceptor	11;12;20;21;6	11	COc1cc(O)c2c(c1)C(=O)C1=C(C[C@@H](O)[C@@](C)(O)C1)C2=O
Mol_13450	Mol_13450::M02	enone_cyclic	michael_acceptor	12;11;9;10;7	12	COc1cc(O)c2c(c1)C(=O)C1=C(C[C@@H](O)[C@@](C)(O)C1)C2=O
Mol_13450	Mol_13450::M03	para_quinone	michael_acceptor	10;9;7;6;20;21;12;11	6;7;11;12	COc1cc(O)c2c(c1)C(=O)C1=C(C[C@@H](O)[C@@](C)(O)C1)C2=O
Mol_13451	Mol_13451::M01	enone_cyclic	michael_acceptor	11;12;13;14;6	11	COc1cc(O)c2c(c1)C(=O)C1=C(C2=O)[C@H](O)[C@@H](OC(C)=O)[C@@](C)(O)[C@@H]1O
Mol_13451	Mol_13451::M02	enone_cyclic	michael_acceptor	12;11;9;10;7	12	COc1cc(O)c2c(c1)C(=O)C1=C(C2=O)[C@H](O)[C@@H](OC(C)=O)[C@@](C)(O)[C@@H]1O
Mol_13451	Mol_13451::M03	para_quinone	michael_acceptor	10;9;7;6;13;14;12;11	6;7;11;12	COc1cc(O)c2c(c1)C(=O)C1=C(C2=O)[C@H](O)[C@@H](OC(C)=O)[C@@](C)(O)[C@@H]1O
Mol_13452	Mol_13452::M01	para_quinone	michael_acceptor	10;9;7;6;18;19;17;11	6;7;11;17	COc1cc(O)c2c(c1)C(=O)c1cc(C)ccc1C2=O
Mol_13454	Mol_13454::M01	para_quinone	michael_acceptor	10;9;7;6;40;41;39;11	6;7;11;39	COc1cc(O)c2c(c1)C(=O)c1cc(C)c(O)c(-c3c(OC)cc(O)c4c3C(=O)c3cc(C)c(O)cc3C4=O)c1C2=O
Mol_13454	Mol_13454::M02	para_quinone	michael_acceptor	28;27;26;25;37;38;36;29	25;26;29;36	COc1cc(O)c2c(c1)C(=O)c1cc(C)c(O)c(-c3c(OC)cc(O)c4c3C(=O)c3cc(C)c(O)cc3C4=O)c1C2=O
Mol_13455	Mol_13455::M01	para_quinone	michael_acceptor	19;18;17;16;28;29;27;20	16;17;20;27	COc1cc(O)c2c(c1-c1c(OC)cc(O)c3c1C(=O)c1cc(C)c(O)cc1C3=O)C(=O)c1cc(C)c(O)cc1C2=O
Mol_13455	Mol_13455::M02	para_quinone	michael_acceptor	31;30;7;6;40;41;39;32	6;7;32;39	COc1cc(O)c2c(c1-c1c(OC)cc(O)c3c1C(=O)c1cc(C)c(O)cc1C3=O)C(=O)c1cc(C)c(O)cc1C2=O
Mol_13456	Mol_13456::M01	para_quinone	michael_acceptor	10;9;7;6;40;41;39;11	6;7;11;39	COc1cc(O)c2c(c1)C(=O)c1cc(C)c(O)c(-c3c(O)c(C)cc4c3C(=O)c3c(O)cc(OC)cc3C4=O)c1C2=O
Mol_13456	Mol_13456::M02	para_quinone	michael_acceptor	27;26;25;24;37;38;36;28	24;25;28;36	COc1cc(O)c2c(c1)C(=O)c1cc(C)c(O)c(-c3c(O)c(C)cc4c3C(=O)c3c(O)cc(OC)cc3C4=O)c1C2=O
Mol_13457	Mol_13457::M01	acrylic_acid	michael_acceptor	18;17;27;28;29	18	CCCCCCCCCCCCCCCCC/C(=C\c1ccc(O)c(O)c1)C(=O)O
Mol_13458	Mol_13458::M01	acrylate_ester	michael_acceptor	13;12;10;11;9;7	13	CC1(C)C[C@H](O)C[C@]2(C)OC(=O)C=C12
Mol_13458	Mol_13458::M02	unsat_lactone	michael_acceptor	9;10;11;12;13	13	CC1(C)C[C@H](O)C[C@]2(C)OC(=O)C=C12
Mol_13459	Mol_13459::M01	acrylic_acid	michael_acceptor	1;5;9;10;11	1	C/C(C(=O)O)=C(/CCO)C(=O)O
Mol_13459	Mol_13459::M02	acrylic_acid	michael_acceptor	5;1;2;3;4	5	C/C(C(=O)O)=C(/CCO)C(=O)O
Mol_13460	Mol_13460::M01	enone_cyclic	michael_acceptor	5;2;1;0;11	5	O=C1C(CO)=Cc2ccccc21
Mol_13460	Mol_13460::M02	chalcone	michael_acceptor	11;1;0;2;5;6	5	O=C1C(CO)=Cc2ccccc21
Mol_13473	Mol_13473::M01	enone_cyclic	michael_acceptor	10;5;3;4;2	10	C[C@@H]1CC(=O)C(C(C)(C)O)=C[C@@]2(O)[C@@H](C)CC[C@@H]12
Mol_13474	Mol_13474::M01	enone_cyclic	michael_acceptor	10;5;3;4;2	10	C[C@@H]1CC(=O)C(C(C)(C)O)=C[C@@]2(OO)[C@@H](C)CC[C@@H]12
Mol_13478	Mol_13478::M01	enone_cyclic	michael_acceptor	12;11;24;25;22	12	CC(C)CC[C@@H](C)[C@H]1CC[C@@H](C2=C[C@H](O)[C@]3(C)C[C@@H](O)CC[C@]3(C)C2=O)[C@]1(C)CCO
Mol_13480	Mol_13480::M01	acrylate_ester	michael_acceptor	24;25;39;40;41;23	24	CC(=O)O[C@H]1CC(C)(C)C(=C=C/C(C)=C/C=C/C=C/C=C(C)/C=C2C=C(/C=C/[C@@]34O[C@]3(C)C[C@@H](O)CC4(C)C)C(=O)O/2)[C@](C)(O)C1
Mol_13480	Mol_13480::M02	unsat_lactone	michael_acceptor	41;39;40;25;24	24	CC(=O)O[C@H]1CC(C)(C)C(=C=C/C(C)=C/C=C/C=C/C=C(C)/C=C2C=C(/C=C/[C@@]34O[C@]3(C)C[C@@H](O)CC4(C)C)C(=O)O/2)[C@](C)(O)C1
Mol_13480	Mol_13480::M03	epoxide	sn2_ring_opening	28;29;30	28;30	CC(=O)O[C@H]1CC(C)(C)C(=C=C/C(C)=C/C=C/C=C/C=C(C)/C=C2C=C(/C=C/[C@@]34O[C@]3(C)C[C@@H](O)CC4(C)C)C(=O)O/2)[C@](C)(O)C1
Mol_13483	Mol_13483::M01	acrylate_ester	michael_acceptor	2;1;24;25;23;22	2	CC1=C2CC[C@@](C)(OO)/C=C/C[C@](C)(O)[C@@H](O)CC/C(C)=C/[C@@H]2OC1=O
Mol_13483	Mol_13483::M02	unsat_lactone	michael_acceptor	23;24;25;1;2	2	CC1=C2CC[C@@](C)(OO)/C=C/C[C@](C)(O)[C@@H](O)CC/C(C)=C/[C@@H]2OC1=O
Mol_13484	Mol_13484::M01	acrylate_ester	michael_acceptor	2;1;24;25;23;22	2	CC1=C2CC[C@](C)(O)[C@H](O)CC[C@](C)(O)C(=O)CC/C(C)=C/[C@H]2OC1=O
Mol_13484	Mol_13484::M02	unsat_lactone	michael_acceptor	23;24;25;1;2	2	CC1=C2CC[C@](C)(O)[C@H](O)CC[C@](C)(O)C(=O)CC/C(C)=C/[C@H]2OC1=O
Mol_13485	Mol_13485::M01	acrylate_ester	michael_acceptor	2;1;23;24;22;21	2	CC1=C2CC[C@@](C)(O)/C=C/C[C@@](C)(O)[C@@H](O)CC/C(C)=C/[C@@H]2OC1=O
Mol_13485	Mol_13485::M02	unsat_lactone	michael_acceptor	22;23;24;1;2	2	CC1=C2CC[C@@](C)(O)/C=C/C[C@@](C)(O)[C@@H](O)CC/C(C)=C/[C@@H]2OC1=O
Mol_13486	Mol_13486::M01	acrylate_ester	michael_acceptor	2;1;22;23;21;20	2	CC1=C2CC[C@@](C)(O)[C@@H]3CC[C@@](C)(O)[C@@H](CC/C(C)=C/[C@H]2OC1=O)O3
Mol_13486	Mol_13486::M02	unsat_lactone	michael_acceptor	21;22;23;1;2	2	CC1=C2CC[C@@](C)(O)[C@@H]3CC[C@@](C)(O)[C@@H](CC/C(C)=C/[C@H]2OC1=O)O3
Mol_13488	Mol_13488::M01	acrylate_ester	michael_acceptor	2;1;21;22;20;19	2	CC1=C2CC/C(C)=C/CC[C@@H](C)C(=O)CC/C(C)=C/[C@@H]2OC1=O
Mol_13488	Mol_13488::M02	unsat_lactone	michael_acceptor	20;21;22;1;2	2	CC1=C2CC/C(C)=C/CC[C@@H](C)C(=O)CC/C(C)=C/[C@@H]2OC1=O
Mol_13489	Mol_13489::M01	acrylate_ester	michael_acceptor	2;1;18;19;17;16	2	CC1=C2CC/C(C)=C/CC[C@]3(C)O[C@](C)(/C=C\2OC1=O)CC[C@H]3O
Mol_13489	Mol_13489::M02	unsat_lactone	michael_acceptor	17;18;19;1;2	2	CC1=C2CC/C(C)=C/CC[C@]3(C)O[C@](C)(/C=C\2OC1=O)CC[C@H]3O
Mol_13492	Mol_13492::M01	epoxide	sn2_ring_opening	17;19;20	17;20	C/C1=C\[C@H]2O[C@](C)(CC[C@H]2C(C)C)[C@@H](O)CC[C@]2(C)O[C@H]2CC1
Mol_13496	Mol_13496::M01	acrylate_ester	michael_acceptor	9;8;13;14;12;10	9	C#C[C@@H](O)/C=C/CCC1=C[C@H](C)OC1=O
Mol_13496	Mol_13496::M02	unsat_lactone	michael_acceptor	12;13;14;8;9	9	C#C[C@@H](O)/C=C/CCC1=C[C@H](C)OC1=O
Mol_13503	Mol_13503::M01	aldehyde	reversible_carbonyl	24;26;27	26	C=C(C)C1CC[C@]2(C(=O)O)CC[C@]3(C)C(CC[C@@H]4[C@@]5(C)CC[C@H](O)[C@@](C)(C=O)C5CC[C@]43C)C12
Mol_13504	Mol_13504::M01	aldehyde	reversible_carbonyl	22;24;25	24	C=C1CC[C@]2(C(=O)O)CC[C@]3(C)C(=CC[C@@H]4[C@@]5(C)CC[C@H](O)[C@](C)(C=O)[C@@H]5CC[C@]43C)[C@@H]2C1
Mol_13508	Mol_13508::M01	aldehyde	reversible_carbonyl	48;50;51	50	C=C(C)C1CC[C@]2(C(=O)OC3OC(CO)C(O)C(O)C3O)CC[C@]3(C)C(CC[C@@H]4[C@@]5(C)CC[C@H](OC6OC(CC(=O)O)C(O)C(O)C6O)[C@@](C)(C=O)C5CC[C@]43C)C12
Mol_13509	Mol_13509::M01	acrylamide	michael_acceptor	14;13;11;12;10	14	CC(C)CC(=O)NCCCNC(=O)/C=C/c1ccc(O)c(O)c1
Mol_13510	Mol_13510::M01	acrylamide	michael_acceptor	5;6;7;8;9	5	COc1cc(/C=C/C(=O)NCCc2ccc(O)c(OC)c2)ccc1O
Mol_13511	Mol_13511::M01	acrylamide	michael_acceptor	5;6;7;8;9	5	COc1cc(/C=C/C(=O)NC[C@@H](O)c2ccc(O)c(OC)c2)ccc1O
Mol_13512	Mol_13512::M01	acrylamide	michael_acceptor	3;2;1;0;12	3	O=C(/C=C/c1ccc(O)c(O)c1)NC[C@@H](O)c1ccc(O)cc1
Mol_13513	Mol_13513::M01	acrylamide	michael_acceptor	5;6;7;8;9	5	COc1cc(C=CC(=O)NCC(O)c2ccc(O)cc2)ccc1O
Mol_13520	Mol_13520::M01	acrylamide	michael_acceptor	5;6;8;9;10	5	COc1cc(/C=C(\Cl)C(=O)NCCc2ccc(O)cc2)ccc1O
Mol_13521	Mol_13521::M01	acrylamide	michael_acceptor	5;6;8;9;10	5	COc1cc(/C=C(/Cl)C(=O)NCCc2ccc(O)cc2)ccc1O
Mol_13545	Mol_13545::M01	acrylate_ester	michael_acceptor	16;17;18;19;20;21	16	CC1=CCCC2[C@@]1(C)CC[C@@H](C)[C@]2(C)CCC1=CC(=O)OC1O
Mol_13545	Mol_13545::M02	unsat_lactone	michael_acceptor	20;18;19;17;16	16	CC1=CCCC2[C@@]1(C)CC[C@@H](C)[C@]2(C)CCC1=CC(=O)OC1O
Mol_13546	Mol_13546::M01	acrylate_ester	michael_acceptor	16;17;18;19;20;21	16	CC(=O)C1=C(C)[C@]2(C)CC[C@@H](C)[C@](C)(CCC3=CC(=O)OC3O)C2C1
Mol_13546	Mol_13546::M02	unsat_lactone	michael_acceptor	20;18;19;17;16	16	CC(=O)C1=C(C)[C@]2(C)CC[C@@H](C)[C@](C)(CCC3=CC(=O)OC3O)C2C1
Mol_13548	Mol_13548::M01	acrylate_ester	michael_acceptor	11;12;13;14;15;16	11	CC1=CC(=O)C[C@H]2[C@](C)(CCC3=CC(=O)OC3O)[C@@H](C)CC[C@]12C
Mol_13548	Mol_13548::M02	enone_cyclic	michael_acceptor	1;2;3;4;5	1	CC1=CC(=O)C[C@H]2[C@](C)(CCC3=CC(=O)OC3O)[C@@H](C)CC[C@]12C
Mol_13548	Mol_13548::M03	unsat_lactone	michael_acceptor	15;13;14;12;11	11	CC1=CC(=O)C[C@H]2[C@](C)(CCC3=CC(=O)OC3O)[C@@H](C)CC[C@]12C
Mol_13558	Mol_13558::M01	enone_cyclic	michael_acceptor	3;2;1;0;42	3	O=C1C=C(c2ccc(OC3O[C@@H](CO)[C@H](O)[C@@H](O)[C@@H]3O)c(O)c2)Cc2cc(OC3O[C@H](CO)[C@@H](O)[C@H](O)[C@H]3O)cc(O)c21
Mol_13558	Mol_13558::M02	chalcone	michael_acceptor	42;1;0;2;3;4	3	O=C1C=C(c2ccc(OC3O[C@@H](CO)[C@H](O)[C@@H](O)[C@@H]3O)c(O)c2)Cc2cc(OC3O[C@H](CO)[C@@H](O)[C@H](O)[C@H]3O)cc(O)c21
Mol_13559	Mol_13559::M01	acrylate_ester	michael_acceptor	3;2;1;0;12;13	3	O=C(/C=C/c1ccc(O)c(O)c1)OCC1O[C@@H](Oc2cc(O)c3c(=O)cc(-c4ccc(O)cc4)oc3c2)C(O)[C@@H](O)[C@@H]1O
Mol_13560	Mol_13560::M01	acrylic_acid	michael_acceptor	18;19;20;21;22	18	CCCCCC(O)C(O)CCC(O)CCC/C=C/C=C/C(=O)O
Mol_13561	Mol_13561::M01	enone_cyclic	michael_acceptor	9;11;17;18;19	9	CC(C)=CCC(=O)C1(O)C(O)=C(C(=O)C(C)C)C(=O)C1CC=C(C)C
Mol_13562	Mol_13562::M01	acrylic_acid	michael_acceptor	4;3;1;0;2	4	O=C(O)C=CC=CCCCCCCCCCCCCC(O)(O)O
Mol_13565	Mol_13565::M01	acrylic_acid	michael_acceptor	4;3;1;0;2	4	O=C(O)/C=C\C=C\CCCCCCCCCCCCCO
Mol_13566	Mol_13566::M01	acrylate_ester	michael_acceptor	9;8;6;7;5;4	9	CCCC[C@@H]1OC(=O)C2=C1CCC=C2
Mol_13566	Mol_13566::M02	unsat_lactone	michael_acceptor	5;6;7;8;9	9	CCCC[C@@H]1OC(=O)C2=C1CCC=C2
Mol_13570	Mol_13570::M01	aldehyde	reversible_carbonyl	52;54;55	54	CC1OC(OC2C(COC3OC(CO)C(O)C(O)C3O)OC(O[C@H]3CC[C@@]4(C)C(CC[C@]5(C)C4CC=C4C6CC(C)(C)CC[C@]6(CO)[C@@H](O)C[C@]45C)[C@]3(C)C=O)C(OC3OC(CO)C(O)C(O)C3O)C2O)C(O)C(O)C1O
Mol_13576	Mol_13576::M01	acrylate_ester	michael_acceptor	1;2;4;5;6;7	1	C/C=C(/C)C(=O)O[C@H]1/C=C(\C)CC/C=C(\C)C[C@H](OC(=O)/C(C)=C/C)[C@H]1C(C)(C)O
Mol_13576	Mol_13576::M02	acrylate_ester	michael_acceptor	23;21;19;20;18;17	23	C/C=C(/C)C(=O)O[C@H]1/C=C(\C)CC/C=C(\C)C[C@H](OC(=O)/C(C)=C/C)[C@H]1C(C)(C)O
Mol_13577	Mol_13577::M01	acrylate_ester	michael_acceptor	1;2;4;5;6;7	1	C/C=C(/C)C(=O)O[C@H]1/C=C(\C)CC/C=C(\C)C[C@H](OC(=O)C=C(C)C)[C@H]1C(C)(C)O
Mol_13577	Mol_13577::M02	acrylate_ester	michael_acceptor	22;21;19;20;18;17	22	C/C=C(/C)C(=O)O[C@H]1/C=C(\C)CC/C=C(\C)C[C@H](OC(=O)C=C(C)C)[C@H]1C(C)(C)O
Mol_13578	Mol_13578::M01	acrylate_ester	michael_acceptor	22;20;18;19;17;16	22	C=C1C[C@H](OC(=O)C(C)CC)[C@@H](C(C)(C)O)[C@@H](OC(=O)/C(C)=C/C)/C=C(\C)CC[C@@H]1O
Mol_13579	Mol_13579::M01	acrylate_ester	michael_acceptor	22;20;18;19;17;16	22	C=C1C[C@H](OC(=O)CC(C)C)[C@@H](C(C)(C)O)[C@@H](OC(=O)/C(C)=C/C)/C=C(\C)CC[C@@H]1O
Mol_13580	Mol_13580::M01	acrylate_ester	michael_acceptor	9;7;5;6;4;3	9	C=C1C[C@H](OC(=O)/C(C)=C/C)[C@@H](C(C)(C)O)[C@@H](OC(=O)C(C)C)/C=C(\C)CC[C@@H]1O
Mol_13581	Mol_13581::M01	acrylate_ester	michael_acceptor	8;7;5;6;4;3	8	C=C1C[C@H](OC(=O)C=C(C)C)[C@@H](C(C)(C)O)[C@@H](OC(=O)/C(C)=C/C)/C=C(\C)CC[C@@H]1O
Mol_13581	Mol_13581::M02	acrylate_ester	michael_acceptor	22;20;18;19;17;16	22	C=C1C[C@H](OC(=O)C=C(C)C)[C@@H](C(C)(C)O)[C@@H](OC(=O)/C(C)=C/C)/C=C(\C)CC[C@@H]1O
Mol_13582	Mol_13582::M01	acrylate_ester	michael_acceptor	1;2;4;5;6;7	1	C/C=C(/C)C(=O)O[C@]1(C)C(=O)O[C@H]2C/C(C)=C/CC/C(C)=C/[C@H](OC(=O)[C@@]3(C)O[C@H]3C)[C@@H]21
Mol_13582	Mol_13582::M02	epoxide	sn2_ring_opening	26;28;29	26;29	C/C=C(/C)C(=O)O[C@]1(C)C(=O)O[C@H]2C/C(C)=C/CC/C(C)=C/[C@H](OC(=O)[C@@]3(C)O[C@H]3C)[C@@H]21
Mol_13587	Mol_13587::M01	epoxide	sn2_ring_opening	1;3;4	1;4	CC1(C)OC1COc1c2occc2cc2ccc(=O)oc12
Mol_13588	Mol_13588::M01	epoxide	sn2_ring_opening	11;12;13	11;13	COc1c2ccoc2c(OCC2OC2(C)C)c2oc(=O)ccc12
Mol_13601	Mol_13601::M01	acrylate_ester	michael_acceptor	12;13;14;15;16;17	12	C[C@]12[C@H](CC[C@@H]3[C@@H]1CC[C@]1(C)[C@@H](C4=CC(=O)OC4)CC[C@]31O)C[C@@H](O)C[C@H]2O
Mol_13601	Mol_13601::M02	unsat_lactone	michael_acceptor	16;14;15;13;12	12	C[C@]12[C@H](CC[C@@H]3[C@@H]1CC[C@]1(C)[C@@H](C4=CC(=O)OC4)CC[C@]31O)C[C@@H](O)C[C@H]2O
Mol_13602	Mol_13602::M01	acrylate_ester	michael_acceptor	17;18;19;20;21;22	17	COC1C(O)C(OC2C[C@H]3CC[C@H]4C5=CC[C@H](C6=CC(=O)OC6)[C@@]5(C)CC[C@@H]4[C@@]3(C)[C@H](O)C2)OC(C)C1OC1OC(CO)C(O)C(O)C1O
Mol_13602	Mol_13602::M02	unsat_lactone	michael_acceptor	21;19;20;18;17	17	COC1C(O)C(OC2C[C@H]3CC[C@H]4C5=CC[C@H](C6=CC(=O)OC6)[C@@]5(C)CC[C@@H]4[C@@]3(C)[C@H](O)C2)OC(C)C1OC1OC(CO)C(O)C(O)C1O
Mol_13604	Mol_13604::M01	acrylate_ester	michael_acceptor	26;27;28;29;30;31	26	C[C@]12CCC(OC3OC(CO)C(O)C(O)C3O)C[C@H]1CC[C@H]1C3=CC[C@H](C4=CC(=O)OC4)[C@@]3(C)CC[C@@H]12
Mol_13604	Mol_13604::M02	unsat_lactone	michael_acceptor	30;28;29;27;26	26	C[C@]12CCC(OC3OC(CO)C(O)C(O)C3O)C[C@H]1CC[C@H]1C3=CC[C@H](C4=CC(=O)OC4)[C@@]3(C)CC[C@@H]12
Mol_13605	Mol_13605::M01	acrylate_ester	michael_acceptor	33;34;35;36;37;38	33	CO[C@@H]1C(O[C@@H]2O[C@H](CO)[C@@H](O)[C@H](O)[C@H]2O)[C@H](C)OC(O[C@@H]2C[C@H]3CC[C@@H]4[C@H](CC[C@]5(C)[C@@H](C6=CC(=O)OC6)CC[C@]45O)[C@@]3(C)[C@H](OC(C)=O)C2)[C@H]1O
Mol_13605	Mol_13605::M02	unsat_lactone	michael_acceptor	37;35;36;34;33	33	CO[C@@H]1C(O[C@@H]2O[C@H](CO)[C@@H](O)[C@H](O)[C@H]2O)[C@H](C)OC(O[C@@H]2C[C@H]3CC[C@@H]4[C@H](CC[C@]5(C)[C@@H](C6=CC(=O)OC6)CC[C@]45O)[C@@]3(C)[C@H](OC(C)=O)C2)[C@H]1O
Mol_13607	Mol_13607::M01	acrylate_ester	michael_acceptor	19;20;21;22;23;24	19	CO[C@H]1[C@@H](O)[C@H](O[C@@H]2C[C@H]3CC[C@@H]4[C@H](CC[C@]5(C)[C@@H](C6=CC(=O)OC6)CC[C@]45O)[C@@]3(C)[C@H](O)C2)O[C@@H](C)[C@H]1O
Mol_13607	Mol_13607::M02	unsat_lactone	michael_acceptor	23;21;22;20;19	19	CO[C@H]1[C@@H](O)[C@H](O[C@@H]2C[C@H]3CC[C@@H]4[C@H](CC[C@]5(C)[C@@H](C6=CC(=O)OC6)CC[C@]45O)[C@@]3(C)[C@H](O)C2)O[C@@H](C)[C@H]1O
Mol_13608	Mol_13608::M01	acrylate_ester	michael_acceptor	23;24;25;26;27;28	23	CC1CC(O)C2(O)OC3CC4(C=O)C(CCC5C4CCC4(C)C(C6=CC(=O)OC6)CC(O)C54O)CC3OC2O1
Mol_13608	Mol_13608::M02	unsat_lactone	michael_acceptor	27;25;26;24;23	23	CC1CC(O)C2(O)OC3CC4(C=O)C(CCC5C4CCC4(C)C(C6=CC(=O)OC6)CC(O)C54O)CC3OC2O1
Mol_13608	Mol_13608::M03	aldehyde	reversible_carbonyl	10;11;12	11	CC1CC(O)C2(O)OC3CC4(C=O)C(CCC5C4CCC4(C)C(C6=CC(=O)OC6)CC(O)C54O)CC3OC2O1
Mol_13609	Mol_13609::M01	acrylate_ester	michael_acceptor	22;23;24;25;26;27	22	C[C@@H]1C[C@@H](O)[C@]2(O)O[C@@H]3C[C@@]4(C)[C@@H](CC[C@@H]5[C@@H]4CC[C@]4(C)[C@@H](C6=CC(=O)OC6)C[C@@H](O)[C@]54O)C[C@H]3O[C@@H]2O1
Mol_13609	Mol_13609::M02	unsat_lactone	michael_acceptor	26;24;25;23;22	22	C[C@@H]1C[C@@H](O)[C@]2(O)O[C@@H]3C[C@@]4(C)[C@@H](CC[C@@H]5[C@@H]4CC[C@]4(C)[C@@H](C6=CC(=O)OC6)C[C@@H](O)[C@]54O)C[C@H]3O[C@@H]2O1
Mol_13610	Mol_13610::M01	acrylate_ester	michael_acceptor	26;27;28;29;30;31	26	C[C@@H]1C[C@@]2(N=CCS2)[C@]2(O)O[C@@H]3C[C@@]4(C=O)[C@@H](CC[C@@H]5[C@@H]4CC[C@]4(C)[C@@H](C6=CC(=O)OC6)CC[C@]54O)C[C@H]3O[C@@H]2O1
Mol_13610	Mol_13610::M02	unsat_lactone	michael_acceptor	30;28;29;27;26	26	C[C@@H]1C[C@@]2(N=CCS2)[C@]2(O)O[C@@H]3C[C@@]4(C=O)[C@@H](CC[C@@H]5[C@@H]4CC[C@]4(C)[C@@H](C6=CC(=O)OC6)CC[C@]54O)C[C@H]3O[C@@H]2O1
Mol_13610	Mol_13610::M03	aldehyde	reversible_carbonyl	13;14;15	14	C[C@@H]1C[C@@]2(N=CCS2)[C@]2(O)O[C@@H]3C[C@@]4(C=O)[C@@H](CC[C@@H]5[C@@H]4CC[C@]4(C)[C@@H](C6=CC(=O)OC6)CC[C@]54O)C[C@H]3O[C@@H]2O1
Mol_13611	Mol_13611::M01	acrylate_ester	michael_acceptor	22;23;24;25;26;27	22	C[C@@H]1C[C@@]2(N=CCS2)[C@]2(O)OC3C[C@]4(C=O)C5CC[C@]6(C)[C@@H](C7=CC(=O)OC7)C[C@@H](O)[C@]6(O)[C@@H]5CC[C@H]4CC3O[C@@H]2O1
Mol_13611	Mol_13611::M02	unsat_lactone	michael_acceptor	26;24;25;23;22	22	C[C@@H]1C[C@@]2(N=CCS2)[C@]2(O)OC3C[C@]4(C=O)C5CC[C@]6(C)[C@@H](C7=CC(=O)OC7)C[C@@H](O)[C@]6(O)[C@@H]5CC[C@H]4CC3O[C@@H]2O1
Mol_13611	Mol_13611::M03	aldehyde	reversible_carbonyl	13;14;15	14	C[C@@H]1C[C@@]2(N=CCS2)[C@]2(O)OC3C[C@]4(C=O)C5CC[C@]6(C)[C@@H](C7=CC(=O)OC7)C[C@@H](O)[C@]6(O)[C@@H]5CC[C@H]4CC3O[C@@H]2O1
Mol_13612	Mol_13612::M01	acrylate_ester	michael_acceptor	17;18;19;20;21;22	17	CC1OC2OC3CC4CCC5C(CCC6(C)C(C7=CC(=O)OC7)CCC56O)C4(C=O)CC3OC2(O)C(O)C1O
Mol_13612	Mol_13612::M02	unsat_lactone	michael_acceptor	21;19;20;18;17	17	CC1OC2OC3CC4CCC5C(CCC6(C)C(C7=CC(=O)OC7)CCC56O)C4(C=O)CC3OC2(O)C(O)C1O
Mol_13612	Mol_13612::M03	aldehyde	reversible_carbonyl	27;28;29	28	CC1OC2OC3CC4CCC5C(CCC6(C)C(C7=CC(=O)OC7)CCC56O)C4(C=O)CC3OC2(O)C(O)C1O
Mol_13613	Mol_13613::M01	acrylate_ester	michael_acceptor	23;24;25;26;27;28	23	C[C@]12[C@H](O)C[C@H]3[C@@H](CC[C@H]4C[C@@H](O)CC[C@@]43CO)[C@@]1(O)CC[C@@H]2C1=CC(=O)OC1
Mol_13613	Mol_13613::M02	unsat_lactone	michael_acceptor	27;25;26;24;23	23	C[C@]12[C@H](O)C[C@H]3[C@@H](CC[C@H]4C[C@@H](O)CC[C@@]43CO)[C@@]1(O)CC[C@@H]2C1=CC(=O)OC1
Mol_13614	Mol_13614::M01	acrylate_ester	michael_acceptor	18;19;20;21;22;23	18	C[C@@H]1C[C@@H](O)[C@]2(O)OC3C[C@]4(C)C5CC[C@]6(C)[C@@H](C7=CC(=O)OC7)C[C@@H](O)[C@]6(O)[C@@H]5CC[C@H]4CC3O[C@@H]2O1
Mol_13614	Mol_13614::M02	unsat_lactone	michael_acceptor	22;20;21;19;18	18	C[C@@H]1C[C@@H](O)[C@]2(O)OC3C[C@]4(C)C5CC[C@]6(C)[C@@H](C7=CC(=O)OC7)C[C@@H](O)[C@]6(O)[C@@H]5CC[C@H]4CC3O[C@@H]2O1
Mol_13615	Mol_13615::M01	acrylate_ester	michael_acceptor	21;22;23;24;25;26	21	CO[C@@H]1C[C@@H](C)O[C@H]2OC3C[C@@H]4CC[C@@H]5C(CC[C@]6(C)[C@@H](C7=CC(=O)OC7)C[C@@H](O)[C@]56O)[C@@]4(C=O)CC3O[C@]21O
Mol_13615	Mol_13615::M02	unsat_lactone	michael_acceptor	25;23;24;22;21	21	CO[C@@H]1C[C@@H](C)O[C@H]2OC3C[C@@H]4CC[C@@H]5C(CC[C@]6(C)[C@@H](C7=CC(=O)OC7)C[C@@H](O)[C@]56O)[C@@]4(C=O)CC3O[C@]21O
Mol_13615	Mol_13615::M03	aldehyde	reversible_carbonyl	32;33;34	33	CO[C@@H]1C[C@@H](C)O[C@H]2OC3C[C@@H]4CC[C@@H]5C(CC[C@]6(C)[C@@H](C7=CC(=O)OC7)C[C@@H](O)[C@]56O)[C@@]4(C=O)CC3O[C@]21O
Mol_13616	Mol_13616::M01	acrylate_ester	michael_acceptor	23;24;25;26;27;28	23	C[C@]12[C@H](O)CC3[C@@H](CC[C@H]4C[C@H](O)CC[C@]34CO)[C@@]1(O)CC[C@@H]2C1=CC(=O)OC1
Mol_13616	Mol_13616::M02	unsat_lactone	michael_acceptor	27;25;26;24;23	23	C[C@]12[C@H](O)CC3[C@@H](CC[C@H]4C[C@H](O)CC[C@]34CO)[C@@]1(O)CC[C@@H]2C1=CC(=O)OC1
Mol_13617	Mol_13617::M01	acrylate_ester	michael_acceptor	23;24;25;26;27;28	23	C[C@]12[C@H](O)CC3[C@@H](CC[C@H]4C[C@H](O)CC[C@]34C=O)[C@@]1(O)CC[C@@H]2C1=CC(=O)OC1
Mol_13617	Mol_13617::M02	unsat_lactone	michael_acceptor	27;25;26;24;23	23	C[C@]12[C@H](O)CC3[C@@H](CC[C@H]4C[C@H](O)CC[C@]34C=O)[C@@]1(O)CC[C@@H]2C1=CC(=O)OC1
Mol_13617	Mol_13617::M03	aldehyde	reversible_carbonyl	15;16;17	16	C[C@]12[C@H](O)CC3[C@@H](CC[C@H]4C[C@H](O)CC[C@]34C=O)[C@@]1(O)CC[C@@H]2C1=CC(=O)OC1
Mol_13624	Mol_13624::M01	acrylate_ester	michael_acceptor	5;4;2;3;1;0	5	COC(=O)C1=COC(C)C2CN3CCc4c([nH]c5ccccc45)C3CC12
Mol_13625	Mol_13625::M01	acrylate_ester	michael_acceptor	5;4;2;3;1;0	5	COC(=O)C1=CO[C@@H](C)[C@H]2C[n+]3ccc4c([nH]c5ccccc54)c3C[C@H]12
Mol_13629	Mol_13629::M01	acrylate_ester	michael_acceptor	22;23;24;25;26;27	22	C[C@@H]1C[C@@H](O)[C@]2(O)O[C@@H]3C[C@@]4(C)[C@@H](CC[C@@H]5[C@@H]4CC[C@]4(C)[C@@H](C6=CC(=O)OC6)CC[C@]54O)C[C@H]3O[C@@H]2O1
Mol_13629	Mol_13629::M02	unsat_lactone	michael_acceptor	26;24;25;23;22	22	C[C@@H]1C[C@@H](O)[C@]2(O)O[C@@H]3C[C@@]4(C)[C@@H](CC[C@@H]5[C@@H]4CC[C@]4(C)[C@@H](C6=CC(=O)OC6)CC[C@]54O)C[C@H]3O[C@@H]2O1
Mol_13638	Mol_13638::M01	acrylate_ester	michael_acceptor	5;4;2;3;1;0	5	COC(=O)C1=CO[C@@H](C)[C@@H]2Cn3ccc4c5cc(OC)c(OC)cc5nc-4c3C[C@H]12
Mol_13643	Mol_13643::M01	enone_cyclic	michael_acceptor	13;14;15;16;17	13	CC(=O)[C@@H]1C[C@@]2(C)CC[C@H]3[C@@H](CCC4=CC(=O)CC[C@@]43C)[C@@]2(O)[C@@H]1OC1OC(CO)C(O)C(O)C1O
Mol_13644	Mol_13644::M01	acrylate_ester	michael_acceptor	5;6;7;8;9;10	5	COc1cc(/C=C/C(=O)OC/C=C/c2cc(OC)c(OC3OC(CO)C(O)C(O)C3OC3OC(C)C(O)C(O)C3O)c(OC)c2)ccc1OC1OC(CO)C(O)C(O)C1OC1OC(C)C(O)C(O)C1O
Mol_13651	Mol_13651::M01	acrylate_ester	michael_acceptor	20;19;17;18;16;15	20	C=CC(=C)CC[C@H]1C(=C)[C@@H](O)C[C@H]2[C@@](C)(COC(=O)/C=C/c3ccc(O)cc3)CCC[C@]12C
Mol_13652	Mol_13652::M01	acrylate_ester	michael_acceptor	20;19;17;18;16;15	20	C=CC(=C)CC[C@H]1C(=C)[C@@H](O)CC2[C@@](C)(COC(=O)/C=C\c3ccc(O)cc3)CCC[C@@]21C
Mol_13653	Mol_13653::M01	acrylate_ester	michael_acceptor	20;19;17;18;16;15	20	C=CC(=C)CC[C@H]1C(=C)[C@@H](O)C[C@H]2[C@@](C)(COC(=O)/C=C/c3ccc(OC)cc3)CCC[C@]12C
Mol_13654	Mol_13654::M01	acrylate_ester	michael_acceptor	20;19;17;18;16;15	20	C=CC(=C)CC[C@H]1C(=C)[C@@H](O)CC2[C@@](C)(COC(=O)/C=C\c3ccc(OC)cc3)CCC[C@@]21C
Mol_13656	Mol_13656::M01	enone_cyclic	michael_acceptor	13;12;10;11;9	13	CC(=O)O[C@@H]1CC[C@]2(C)C3C(=O)C=C4[C@@H]5[C@@H](C)[C@H](C)CC[C@]5(C)CC[C@@]4(C)[C@]3(C)CC[C@H]2[C@@]1(C)C(=O)O
Mol_13663	Mol_13663::M01	acrylic_acid	michael_acceptor	4;3;1;0;2	4	O=C(O)/C=C/c1cccc(O)c1
Mol_13664	Mol_13664::M01	enal	michael_acceptor	8;5;6;7	8	C[C@@H]1CC[C@@H]2C(C=O)=CNC[C@H]12
Mol_13664	Mol_13664::M02	aldehyde	reversible_carbonyl	5;6;7	6	C[C@@H]1CC[C@@H]2C(C=O)=CNC[C@H]12
Mol_13672	Mol_13672::M01	acrylic_acid	michael_acceptor	13;15;16;17;18	13	CC1=CC(=O)CC(C)(C)C1(O)/C=C/C(C)=C\C(=O)O
Mol_13672	Mol_13672::M02	enone_cyclic	michael_acceptor	1;2;3;4;5	1	CC1=CC(=O)CC(C)(C)C1(O)/C=C/C(C)=C\C(=O)O
Mol_13691	Mol_13691::M01	enone_cyclic	michael_acceptor	3;2;1;0;36	3	O=C1C=C(/C=C/c2cc(O)cc(O)c2)C2C(c3cc(O)cc(O)c3)=C(c3cc(O)c(O)c(O)c3)C(=O)[C@]12O
Mol_13691	Mol_13691::M02	enone_cyclic	michael_acceptor	15;24;34;35;36	15	O=C1C=C(/C=C/c2cc(O)cc(O)c2)C2C(c3cc(O)cc(O)c3)=C(c3cc(O)c(O)c(O)c3)C(=O)[C@]12O
Mol_13698	Mol_13698::M01	acrylic_acid	michael_acceptor	16;18;20;21;22	16	CCCCCCCCCCCCC/C=C(O)/C(O)=C(\O)C(=O)O
Mol_13703	Mol_13703::M01	enone_ketone_acyclic	michael_acceptor	7;8;9;10;11	7	CCCCC/C=C\C=C\C(=O)CCCCCCCC(=O)O
Mol_13716	Mol_13716::M01	acrylic_acid	michael_acceptor	0;1;2;3;4	0	C=C(C(=O)O)[C@@H]1CC[C@H](C)C2CCC(=O)[C@@]2(C)C1
Mol_13717	Mol_13717::M01	acrylate_ester	michael_acceptor	4;5;26;27;28;29	4	C[C@H]1CCC2=C(CC[C@]3(O)C(=O)O[C@@H]4[C@H]3CC[C@H](C)[C@@H]3CCC(=O)[C@@]43C)C(=O)O[C@H]2[C@]2(C)C(=O)CC[C@@H]12
Mol_13717	Mol_13717::M02	unsat_lactone	michael_acceptor	28;26;27;5;4	4	C[C@H]1CCC2=C(CC[C@]3(O)C(=O)O[C@@H]4[C@H]3CC[C@H](C)[C@@H]3CCC(=O)[C@@]43C)C(=O)O[C@H]2[C@]2(C)C(=O)CC[C@@H]12
Mol_13730	Mol_13730::M01	acrylate_ester	michael_acceptor	0;1;2;3;4;5	0	C=C1C(=O)O[C@H]2[C@H]1C[C@H](O)/C(C)=C/CC[C@@]1(C)O[C@@H]21
Mol_13730	Mol_13730::M02	methylene_butyrolactone	michael_acceptor	0;1;2;3;4	0	C=C1C(=O)O[C@H]2[C@H]1C[C@H](O)/C(C)=C/CC[C@@]1(C)O[C@@H]21
Mol_13730	Mol_13730::M03	epoxide	sn2_ring_opening	15;17;18	15;18	C=C1C(=O)O[C@H]2[C@H]1C[C@H](O)/C(C)=C/CC[C@@]1(C)O[C@@H]21
Mol_13736	Mol_13736::M01	epoxide	sn2_ring_opening	5;7;8	5;8	C/C1=C\CC[C@@]2(C)O[C@H]2[C@H]2OC(=O)[C@@H](C)[C@@H]2C[C@@H]1O[C@H]1OC(CO)[C@H](O)C(O)[C@H]1O
Mol_13737	Mol_13737::M01	epoxide	sn2_ring_opening	5;7;8	5;8	C/C1=C\CC[C@@]2(C)O[C@H]2[C@H]2OC(=O)[C@@H](C)[C@@H]2C[C@H]1O[C@H]1OC(CO)[C@H](O)C(O)[C@H]1O
Mol_13741	Mol_13741::M01	enone_ketone_acyclic	michael_acceptor	14;13;11;12;10	14	C[C@@](O)(C(=O)O)[C@H](O)COCC(=O)/C=C/c1ccc(O)c(O)c1
Mol_13742	Mol_13742::M01	acrylate_ester	michael_acceptor	16;15;13;14;12;11	16	COC(=O)[C@]1(O)C[C@@H](O)[C@@H](O)[C@H](OC(=O)/C=C/c2ccc(O)c(O)c2)C1
Mol_13743	Mol_13743::M01	acrylate_ester	michael_acceptor	3;2;1;0;12;13	3	O=C(/C=C/c1ccc(O)c(O)c1)O[C@@H]1CC(C(=O)O)=C[C@@H](O)[C@H]1O
Mol_13743	Mol_13743::M02	acrylic_acid	michael_acceptor	19;15;16;17;18	19	O=C(/C=C/c1ccc(O)c(O)c1)O[C@@H]1CC(C(=O)O)=C[C@@H](O)[C@H]1O
Mol_13744	Mol_13744::M01	acrylate_ester	michael_acceptor	2;4;5;6;7;8	2	CC/C(C)=C/C(=O)O[C@H]1[C@H](O[C@@]2(C)CCC3[C@H](C4C2CC[C@H]4C)C3(C)C)O[C@H](C)[C@@H](O)[C@@H]1O
Mol_13745	Mol_13745::M01	acrylate_ester	michael_acceptor	2;4;5;6;7;8	2	CC/C(C)=C/C(=O)O[C@H]1[C@H](O[C@@]2(C)CCC3[C@H](C4C2CC[C@H]4C)C3(C)C)O[C@H](C)[C@H](O)[C@@H]1O
Mol_13747	Mol_13747::M01	acrylate_ester	michael_acceptor	12;11;13;14;15;16	12	C=C[C@]1(C)C[C@H](OC(C)=O)[C@H]2C(=C)C(=O)O[C@@H]2C1C(=C)CO
Mol_13747	Mol_13747::M02	methylene_butyrolactone	michael_acceptor	12;11;13;14;15	12	C=C[C@]1(C)C[C@H](OC(C)=O)[C@H]2C(=C)C(=O)O[C@@H]2C1C(=C)CO
Mol_13748	Mol_13748::M01	acrylate_ester	michael_acceptor	10;9;7;8;6;5	10	C=C[C@]1(C)C[C@H](OC(=O)C(=C)C(O)CO)[C@H]2C(=C)C(=O)O[C@@H]2C1C(=C)CO
Mol_13748	Mol_13748::M02	acrylate_ester	michael_acceptor	17;16;18;19;20;21	17	C=C[C@]1(C)C[C@H](OC(=O)C(=C)C(O)CO)[C@H]2C(=C)C(=O)O[C@@H]2C1C(=C)CO
Mol_13748	Mol_13748::M03	methylene_butyrolactone	michael_acceptor	17;16;18;19;20	17	C=C[C@]1(C)C[C@H](OC(=O)C(=C)C(O)CO)[C@H]2C(=C)C(=O)O[C@@H]2C1C(=C)CO
Mol_13749	Mol_13749::M01	enal	michael_acceptor	24;23;25;26	24	C=C[C@]1(C)C[C@H](OC(=O)C(=C)C(O)CO)[C@H]2C(=C)C(=O)O[C@@H]2C1C(=C)C=O
Mol_13749	Mol_13749::M02	acrylate_ester	michael_acceptor	10;9;7;8;6;5	10	C=C[C@]1(C)C[C@H](OC(=O)C(=C)C(O)CO)[C@H]2C(=C)C(=O)O[C@@H]2C1C(=C)C=O
Mol_13749	Mol_13749::M03	acrylate_ester	michael_acceptor	17;16;18;19;20;21	17	C=C[C@]1(C)C[C@H](OC(=O)C(=C)C(O)CO)[C@H]2C(=C)C(=O)O[C@@H]2C1C(=C)C=O
Mol_13749	Mol_13749::M04	methylene_butyrolactone	michael_acceptor	17;16;18;19;20	17	C=C[C@]1(C)C[C@H](OC(=O)C(=C)C(O)CO)[C@H]2C(=C)C(=O)O[C@@H]2C1C(=C)C=O
Mol_13749	Mol_13749::M05	aldehyde	reversible_carbonyl	23;25;26	25	C=C[C@]1(C)C[C@H](OC(=O)C(=C)C(O)CO)[C@H]2C(=C)C(=O)O[C@@H]2C1C(=C)C=O
Mol_13750	Mol_13750::M01	acrylate_ester	michael_acceptor	9;8;10;11;12;13	9	C=C[C@]1(C)C[C@H](O)C(C(=C)C(=O)OC)[C@H](O)C1C(=C)CO
Mol_13751	Mol_13751::M01	acrylate_ester	michael_acceptor	10;9;7;8;6;5	10	C=C[C@]1(C)C[C@H](OC(=O)C(=C)C(O)CO)C(C(=C)C(=O)OC)C(O)C1C(=C)CO
Mol_13751	Mol_13751::M02	acrylate_ester	michael_acceptor	17;16;18;19;20;21	17	C=C[C@]1(C)C[C@H](OC(=O)C(=C)C(O)CO)C(C(=C)C(=O)OC)C(O)C1C(=C)CO
Mol_13752	Mol_13752::M01	acrylate_ester	michael_acceptor	0;1;2;3;4;5	0	C=C1C(=O)O[C@H]2[C@H]1[C@@H](OC(=O)C(=C)[C@@H](O)CO)C[C@]1(C)[C@@H]2[C@@H](C=O)CC[C@H]1O
Mol_13752	Mol_13752::M02	acrylate_ester	michael_acceptor	12;11;9;10;8;7	12	C=C1C(=O)O[C@H]2[C@H]1[C@@H](OC(=O)C(=C)[C@@H](O)CO)C[C@]1(C)[C@@H]2[C@@H](C=O)CC[C@H]1O
Mol_13752	Mol_13752::M03	methylene_butyrolactone	michael_acceptor	0;1;2;3;4	0	C=C1C(=O)O[C@H]2[C@H]1[C@@H](OC(=O)C(=C)[C@@H](O)CO)C[C@]1(C)[C@@H]2[C@@H](C=O)CC[C@H]1O
Mol_13752	Mol_13752::M04	aldehyde	reversible_carbonyl	21;22;23	22	C=C1C(=O)O[C@H]2[C@H]1[C@@H](OC(=O)C(=C)[C@@H](O)CO)C[C@]1(C)[C@@H]2[C@@H](C=O)CC[C@H]1O
Mol_13753	Mol_13753::M01	acrylate_ester	michael_acceptor	0;1;2;3;4;5	0	C=C1C(=O)O[C@H]2[C@H]1[C@@H](OC(=O)C(=C)[C@@H](O)CO)C[C@]1(C)[C@@H]2[C@H](C=O)CC[C@H]1O
Mol_13753	Mol_13753::M02	acrylate_ester	michael_acceptor	12;11;9;10;8;7	12	C=C1C(=O)O[C@H]2[C@H]1[C@@H](OC(=O)C(=C)[C@@H](O)CO)C[C@]1(C)[C@@H]2[C@H](C=O)CC[C@H]1O
Mol_13753	Mol_13753::M03	methylene_butyrolactone	michael_acceptor	0;1;2;3;4	0	C=C1C(=O)O[C@H]2[C@H]1[C@@H](OC(=O)C(=C)[C@@H](O)CO)C[C@]1(C)[C@@H]2[C@H](C=O)CC[C@H]1O
Mol_13753	Mol_13753::M04	aldehyde	reversible_carbonyl	21;22;23	22	C=C1C(=O)O[C@H]2[C@H]1[C@@H](OC(=O)C(=C)[C@@H](O)CO)C[C@]1(C)[C@@H]2[C@H](C=O)CC[C@H]1O
Mol_13754	Mol_13754::M01	acrylate_ester	michael_acceptor	0;1;2;3;4;5	0	C=C(C(=O)O[C@H]1C[C@]2(C)C([C@H]3OC(=O)C(=C)C31)[C@H](C=O)CC[C@H]2O)C(O)COC(C)=O
Mol_13754	Mol_13754::M02	acrylate_ester	michael_acceptor	15;14;12;13;11;10	15	C=C(C(=O)O[C@H]1C[C@]2(C)C([C@H]3OC(=O)C(=C)C31)[C@H](C=O)CC[C@H]2O)C(O)COC(C)=O
Mol_13754	Mol_13754::M03	methylene_butyrolactone	michael_acceptor	15;14;12;13;11	15	C=C(C(=O)O[C@H]1C[C@]2(C)C([C@H]3OC(=O)C(=C)C31)[C@H](C=O)CC[C@H]2O)C(O)COC(C)=O
Mol_13754	Mol_13754::M04	aldehyde	reversible_carbonyl	17;18;19	18	C=C(C(=O)O[C@H]1C[C@]2(C)C([C@H]3OC(=O)C(=C)C31)[C@H](C=O)CC[C@H]2O)C(O)COC(C)=O
Mol_13755	Mol_13755::M01	acrylate_ester	michael_acceptor	0;1;2;3;4;5	0	C=C(C(=O)O[C@H]1C[C@]2(C)C([C@H]3OC(=O)C(=C)C31)[C@@H](C=O)CC[C@H]2O)C(O)COC(C)=O
Mol_13755	Mol_13755::M02	acrylate_ester	michael_acceptor	15;14;12;13;11;10	15	C=C(C(=O)O[C@H]1C[C@]2(C)C([C@H]3OC(=O)C(=C)C31)[C@@H](C=O)CC[C@H]2O)C(O)COC(C)=O
Mol_13755	Mol_13755::M03	methylene_butyrolactone	michael_acceptor	15;14;12;13;11	15	C=C(C(=O)O[C@H]1C[C@]2(C)C([C@H]3OC(=O)C(=C)C31)[C@@H](C=O)CC[C@H]2O)C(O)COC(C)=O
Mol_13755	Mol_13755::M04	aldehyde	reversible_carbonyl	17;18;19	18	C=C(C(=O)O[C@H]1C[C@]2(C)C([C@H]3OC(=O)C(=C)C31)[C@@H](C=O)CC[C@H]2O)C(O)COC(C)=O
Mol_13756	Mol_13756::M01	acrylate_ester	michael_acceptor	0;1;2;3;4;5	0	C=C1C(=O)O[C@H]2[C@H]1[C@@H](OC(=O)/C(C)=C/COC(C)=O)CC(=C)[C@@H]1C[C@H](O)[C@](O)(CCl)[C@H]21
Mol_13756	Mol_13756::M02	acrylate_ester	michael_acceptor	13;11;9;10;8;7	13	C=C1C(=O)O[C@H]2[C@H]1[C@@H](OC(=O)/C(C)=C/COC(C)=O)CC(=C)[C@@H]1C[C@H](O)[C@](O)(CCl)[C@H]21
Mol_13756	Mol_13756::M03	methylene_butyrolactone	michael_acceptor	0;1;2;3;4	0	C=C1C(=O)O[C@H]2[C@H]1[C@@H](OC(=O)/C(C)=C/COC(C)=O)CC(=C)[C@@H]1C[C@H](O)[C@](O)(CCl)[C@H]21
Mol_13757	Mol_13757::M01	acrylate_ester	michael_acceptor	0;1;2;3;4;5	0	C=C1C(=O)O[C@@H]2[C@@H]3[C@@H](C[C@H](O)[C@]3(O)CCl)C(=C)[C@H](OC(=O)/C(C)=C/CO)C[C@@H]12
Mol_13757	Mol_13757::M02	acrylate_ester	michael_acceptor	23;21;19;20;18;17	23	C=C1C(=O)O[C@@H]2[C@@H]3[C@@H](C[C@H](O)[C@]3(O)CCl)C(=C)[C@H](OC(=O)/C(C)=C/CO)C[C@@H]12
Mol_13757	Mol_13757::M03	methylene_butyrolactone	michael_acceptor	0;1;2;3;4	0	C=C1C(=O)O[C@@H]2[C@@H]3[C@@H](C[C@H](O)[C@]3(O)CCl)C(=C)[C@H](OC(=O)/C(C)=C/CO)C[C@@H]12
Mol_13758	Mol_13758::M01	acrylate_ester	michael_acceptor	0;1;2;3;4;5	0	C=C1C(=O)O[C@@H]2[C@@H]3[C@@H](C[C@H](O)[C@]3(O)CCl)C(=C)[C@H](O)C[C@@H]12
Mol_13758	Mol_13758::M02	methylene_butyrolactone	michael_acceptor	0;1;2;3;4	0	C=C1C(=O)O[C@@H]2[C@@H]3[C@@H](C[C@H](O)[C@]3(O)CCl)C(=C)[C@H](O)C[C@@H]12
Mol_13759	Mol_13759::M01	acrylate_ester	michael_acceptor	0;1;4;5;6;7	0	C=C(CO)C(=O)O[C@H]1CC(=C)[C@@H]2C[C@H](O)[C@](O)(CCl)[C@@H]2[C@H]2OC(=O)[C@@H](CC(C)C)[C@@H]21
Mol_13760	Mol_13760::M01	enone_cyclic	michael_acceptor	2;1;15;16;14	2	CC1=C2[C@@H](O)[C@H](C(=O)O)CC[C@@]2(C)CCC1=O
Mol_13761	Mol_13761::M01	acrylic_acid	michael_acceptor	0;1;2;3;4	0	C=C(C(=O)O)[C@@H]1CC[C@@]2(C)CCC(=O)C(C)=C2[C@H]1O
Mol_13761	Mol_13761::M02	enone_cyclic	michael_acceptor	16;14;12;13;11	16	C=C(C(=O)O)[C@@H]1CC[C@@]2(C)CCC(=O)C(C)=C2[C@H]1O
Mol_13766	Mol_13766::M01	acrylate_ester	michael_acceptor	10;9;7;8;6;5	10	C=C[C@@]1(C)C[C@H]2OC(=O)C(=C)[C@H]2C[C@@H]1C(=C)C
Mol_13766	Mol_13766::M02	methylene_butyrolactone	michael_acceptor	10;9;7;8;6	10	C=C[C@@]1(C)C[C@H]2OC(=O)C(=C)[C@H]2C[C@@H]1C(=C)C
Mol_13769	Mol_13769::M01	acrylate_ester	michael_acceptor	0;1;2;3;4;5	0	C=C1C(=O)O[C@H]([C@H]2C(=O)C=C[C@@]2(C)O)[C@H]1CCC(C)=O
Mol_13769	Mol_13769::M02	enone_cyclic	michael_acceptor	10;9;7;8;6	10	C=C1C(=O)O[C@H]([C@H]2C(=O)C=C[C@@]2(C)O)[C@H]1CCC(C)=O
Mol_13769	Mol_13769::M03	methylene_butyrolactone	michael_acceptor	0;1;2;3;4	0	C=C1C(=O)O[C@H]([C@H]2C(=O)C=C[C@@]2(C)O)[C@H]1CCC(C)=O
Mol_13770	Mol_13770::M01	acrylate_ester	michael_acceptor	0;1;2;3;4;5	0	C=C1C(=O)O[C@H]([C@H]2C(=O)C=C[C@H]2O)[C@@H]1CC(C)=O
Mol_13770	Mol_13770::M02	enone_cyclic	michael_acceptor	10;9;7;8;6	10	C=C1C(=O)O[C@H]([C@H]2C(=O)C=C[C@H]2O)[C@@H]1CC(C)=O
Mol_13770	Mol_13770::M03	methylene_butyrolactone	michael_acceptor	0;1;2;3;4	0	C=C1C(=O)O[C@H]([C@H]2C(=O)C=C[C@H]2O)[C@@H]1CC(C)=O
Mol_13771	Mol_13771::M01	acrylate_ester	michael_acceptor	0;1;2;3;4;5	0	C=C1C(=O)O[C@H]([C@H]2C(=O)C=C[C@@H]2O)[C@@H]1CC(C)=O
Mol_13771	Mol_13771::M02	enone_cyclic	michael_acceptor	10;9;7;8;6	10	C=C1C(=O)O[C@H]([C@H]2C(=O)C=C[C@@H]2O)[C@@H]1CC(C)=O
Mol_13771	Mol_13771::M03	methylene_butyrolactone	michael_acceptor	0;1;2;3;4	0	C=C1C(=O)O[C@H]([C@H]2C(=O)C=C[C@@H]2O)[C@@H]1CC(C)=O
Mol_13772	Mol_13772::M01	acrylate_ester	michael_acceptor	0;1;2;3;4;5	0	C=C1C(=O)O[C@H](C2=C(C)[C@@H](O)CC2=O)C1CCC(C)=O
Mol_13772	Mol_13772::M02	enone_cyclic	michael_acceptor	7;6;12;13;11	7	C=C1C(=O)O[C@H](C2=C(C)[C@@H](O)CC2=O)C1CCC(C)=O
Mol_13772	Mol_13772::M03	methylene_butyrolactone	michael_acceptor	0;1;2;3;4	0	C=C1C(=O)O[C@H](C2=C(C)[C@@H](O)CC2=O)C1CCC(C)=O
Mol_13773	Mol_13773::M01	acrylate_ester	michael_acceptor	0;1;2;3;4;5	0	C=C1C(=O)O[C@H]2[C@H]1CC[C@@](C)(O)[C@@]13O[C@@H]1[C@@H]1O[C@]1(C)[C@H]23
Mol_13773	Mol_13773::M02	methylene_butyrolactone	michael_acceptor	0;1;2;3;4	0	C=C1C(=O)O[C@H]2[C@H]1CC[C@@](C)(O)[C@@]13O[C@@H]1[C@@H]1O[C@]1(C)[C@H]23
Mol_13773	Mol_13773::M03	epoxide	sn2_ring_opening	12;13;14	12;14	C=C1C(=O)O[C@H]2[C@H]1CC[C@@](C)(O)[C@@]13O[C@@H]1[C@@H]1O[C@]1(C)[C@H]23
Mol_13773	Mol_13773::M04	epoxide	sn2_ring_opening	15;16;17	15;17	C=C1C(=O)O[C@H]2[C@H]1CC[C@@](C)(O)[C@@]13O[C@@H]1[C@@H]1O[C@]1(C)[C@H]23
Mol_13778	Mol_13778::M01	acrylate_ester	michael_acceptor	3;2;1;0;12;13	3	O=C(C=Cc1ccc(O)c(O)c1)OC(=O)C=Cc1ccc(O)c(O)c1
Mol_13778	Mol_13778::M02	acrylate_ester	michael_acceptor	16;15;13;14;12;1	16	O=C(C=Cc1ccc(O)c(O)c1)OC(=O)C=Cc1ccc(O)c(O)c1
Mol_13783	Mol_13783::M01	enone_cyclic	michael_acceptor	4;5;8;9;10	4	C=C1CC/C=C(\CO)C(=O)C[C@@H]2[C@@H]1CC2(C)C
Mol_13784	Mol_13784::M01	enone_cyclic	michael_acceptor	4;5;8;9;10	4	C=C1CC/C=C(\CO)C(=O)C[C@@H]2[C@@H]1C[C@]2(C)OC(C)=O
Mol_13785	Mol_13785::M01	enone_cyclic	michael_acceptor	4;5;8;9;10	4	C=C1CC/C=C(\CO)C(=O)C[C@@H]2[C@@H]1C[C@]2(C)CO
Mol_13802	Mol_13802::M01	acrylate_ester	michael_acceptor	0;1;4;5;6;7	0	C=C(CO)C(=O)O[C@H]1CC(=C)[C@@H]2CC(=O)C(C)[C@@H]2[C@H]2OC(=O)C(=C)C12
Mol_13802	Mol_13802::M02	acrylate_ester	michael_acceptor	23;22;20;21;19;18	23	C=C(CO)C(=O)O[C@H]1CC(=C)[C@@H]2CC(=O)C(C)[C@@H]2[C@H]2OC(=O)C(=C)C12
Mol_13802	Mol_13802::M03	methylene_butyrolactone	michael_acceptor	23;22;20;21;19	23	C=C(CO)C(=O)O[C@H]1CC(=C)[C@@H]2CC(=O)C(C)[C@@H]2[C@H]2OC(=O)C(=C)C12
Mol_13804	Mol_13804::M01	acrylate_ester	michael_acceptor	0;1;4;5;6;7	0	C=C(CO)C(=O)O[C@H]1CC(=C)[C@@H]2C[C@H](OC(C)=O)C(=C)[C@@H]2[C@H]2OC(=O)C(=C)[C@@H]21
Mol_13804	Mol_13804::M02	acrylate_ester	michael_acceptor	26;25;23;24;22;21	26	C=C(CO)C(=O)O[C@H]1CC(=C)[C@@H]2C[C@H](OC(C)=O)C(=C)[C@@H]2[C@H]2OC(=O)C(=C)[C@@H]21
Mol_13804	Mol_13804::M03	methylene_butyrolactone	michael_acceptor	26;25;23;24;22	26	C=C(CO)C(=O)O[C@H]1CC(=C)[C@@H]2C[C@H](OC(C)=O)C(=C)[C@@H]2[C@H]2OC(=O)C(=C)[C@@H]21
Mol_13809	Mol_13809::M01	acrylate_ester	michael_acceptor	12;7;8;9;10;11	12	C=C1[C@@H](O)C[C@]2(O)C(C(=O)OC)=CO[C@@H](OC3OC(COC(=O)/C=C/c4ccc(O)c(O)c4)C(O)C(O)C3O)[C@H]12
Mol_13809	Mol_13809::M02	acrylate_ester	michael_acceptor	24;23;21;22;20;19	24	C=C1[C@@H](O)C[C@]2(O)C(C(=O)OC)=CO[C@@H](OC3OC(COC(=O)/C=C/c4ccc(O)c(O)c4)C(O)C(O)C3O)[C@H]12
Mol_13812	Mol_13812::M01	acrylate_ester	michael_acceptor	5;4;2;3;1;0	5	COC(=O)C1=CO[C@@H](O[C@@H]2O[C@H](CO)[C@@H](O)[C@H](O)[C@H]2O)[C@@H]2C(CO)=CC[C@]12O
Mol_13814	Mol_13814::M01	acrylate_ester	michael_acceptor	11;10;8;9;7;6	11	CC1O[C@@H](OC2[C@H](OC(=O)/C=C/c3ccc(O)c(O)c3)C(CO)O[C@@H](OCCc3ccc(O)cc3)[C@H]2O)[C@@H](O)C(O[C@@H]2OCC(O)(CO)[C@@H]2O)[C@H]1O
Mol_13815	Mol_13815::M01	acrylate_ester	michael_acceptor	47;46;44;45;43;42	47	CC(=O)OCC1O[C@@H](OCCc2ccc(O)c(O)c2)[C@@H](O)C(O[C@@H]2OC(C)[C@H](O)C(O[C@@H]3OCC(O)(CO)[C@@H]3O)[C@@H]2O)[C@@H]1OC(=O)/C=C/c1ccc(O)c(O)c1
Mol_13817	Mol_13817::M01	acrylate_ester	michael_acceptor	29;28;26;27;25;24	29	C[C@@H]1O[C@@H](O[C@@H]2[C@@H](O)[C@H](OCCc3ccc(O)c(O)c3)O[C@H](CO)[C@H]2OC(=O)/C=C/c2ccc(O)c(O)c2)[C@H](O)[C@H](O[C@@H]2OC[C@](O)(CO)[C@H]2O)[C@H]1O
Mol_13818	Mol_13818::M01	acrylate_ester	michael_acceptor	38;37;35;36;34;33	38	CC(=O)OCC1O[C@@H](OCCc2ccc(O)c(O)c2)C(O)[C@@H](O[C@@H]2OC(C)[C@@H](O)[C@H](O)C2O)[C@@H]1OC(=O)/C=C/c1ccc(O)c(O)c1
Mol_13819	Mol_13819::M01	acrylate_ester	michael_acceptor	38;37;35;36;34;33	38	CC1O[C@@H](O[C@@H]2C(O[C@H]3OC[C@](O)(CO)C3O)[C@H](OCCc3ccc(O)c(O)c3)OC(CO)[C@H]2OC(=O)/C=C/c2ccc(O)c(O)c2)C(O)[C@@H](O)[C@H]1O
Mol_13830	Mol_13830::M01	acrylate_ester	michael_acceptor	17;18;19;20;21;22	17	COc1cc([C@@H]2c3c(cc(OC)c(O)c3OC)C=C3C(=O)OC[C@H]4O[C@@](CO)(O[C@H]5O[C@H](COC(=O)/C=C/c6ccc(O[C@@H]7O[C@H](C)[C@@H](O)[C@H](O)[C@@H]7O)cc6)[C@@H](O)[C@H](O)[C@H]5O)[C@@H](OC(=O)[C@@H]32)[C@@H]4O)ccc1O
Mol_13830	Mol_13830::M02	acrylate_ester	michael_acceptor	37;36;34;35;33;32	37	COc1cc([C@@H]2c3c(cc(OC)c(O)c3OC)C=C3C(=O)OC[C@H]4O[C@@](CO)(O[C@H]5O[C@H](COC(=O)/C=C/c6ccc(O[C@@H]7O[C@H](C)[C@@H](O)[C@H](O)[C@@H]7O)cc6)[C@@H](O)[C@H](O)[C@H]5O)[C@@H](OC(=O)[C@@H]32)[C@@H]4O)ccc1O
Mol_13830	Mol_13830::M03	unsat_lactone	michael_acceptor	21;19;20;18;17	17	COc1cc([C@@H]2c3c(cc(OC)c(O)c3OC)C=C3C(=O)OC[C@H]4O[C@@](CO)(O[C@H]5O[C@H](COC(=O)/C=C/c6ccc(O[C@@H]7O[C@H](C)[C@@H](O)[C@H](O)[C@@H]7O)cc6)[C@@H](O)[C@H](O)[C@H]5O)[C@@H](OC(=O)[C@@H]32)[C@@H]4O)ccc1O
Mol_13831	Mol_13831::M01	acrylate_ester	michael_acceptor	32;31;29;30;28;27	32	COc1cc2c(c(OC)c1O)[C@@H](c1ccc(O)cc1)[C@H]1C(=O)O[C@H]3[C@H](O)[C@@H](COC(=O)C1=C2)O[C@@]3(CO)O[C@H]1O[C@H](COC(=O)/C=C/c2ccc(O[C@@H]3O[C@H](C)[C@@H](O)[C@H](O)[C@@H]3O)cc2)[C@@H](O)[C@H](O)[C@H]1O
Mol_13831	Mol_13831::M02	acrylate_ester	michael_acceptor	46;45;43;44;42;41	46	COc1cc2c(c(OC)c1O)[C@@H](c1ccc(O)cc1)[C@H]1C(=O)O[C@H]3[C@H](O)[C@@H](COC(=O)C1=C2)O[C@@]3(CO)O[C@H]1O[C@H](COC(=O)/C=C/c2ccc(O[C@@H]3O[C@H](C)[C@@H](O)[C@H](O)[C@@H]3O)cc2)[C@@H](O)[C@H](O)[C@H]1O
Mol_13831	Mol_13831::M03	unsat_lactone	michael_acceptor	28;29;30;31;32	32	COc1cc2c(c(OC)c1O)[C@@H](c1ccc(O)cc1)[C@H]1C(=O)O[C@H]3[C@H](O)[C@@H](COC(=O)C1=C2)O[C@@]3(CO)O[C@H]1O[C@H](COC(=O)/C=C/c2ccc(O[C@@H]3O[C@H](C)[C@@H](O)[C@H](O)[C@@H]3O)cc2)[C@@H](O)[C@H](O)[C@H]1O
Mol_13832	Mol_13832::M01	acrylate_ester	michael_acceptor	31;5;6;7;8;9	31	COC(=O)[C@H]1C(C(=O)OC[C@H]2O[C@@](CO)(O[C@H]3O[C@H](CO)[C@@H](O)[C@H](O)[C@H]3O)[C@@H](O)[C@@H]2O)=Cc2cc(OC)c(O)c(OC)c2[C@H]1c1ccc(O)cc1
Mol_13833	Mol_13833::M01	acrylate_ester	michael_acceptor	31;5;6;7;8;9	31	COC(=O)[C@H]1C(C(=O)OC[C@H]2O[C@@](CO)(O[C@H]3O[C@H](CO)[C@@H](O)[C@H](O)[C@H]3O)[C@@H](O)[C@@H]2O)=Cc2cc(OC)c(O)c(OC)c2[C@H]1c1ccc(O)c(OC)c1
Mol_13834	Mol_13834::M01	acrylate_ester	michael_acceptor	17;18;19;20;21;22	17	COc1cc([C@@H]2c3c(cc(OC)c(O)c3OC)C=C3C(=O)O[C@H]4[C@H](O)[C@@H](COC(=O)[C@@H]32)O[C@@]4(CO)O[C@H]2O[C@H](COC(C)=O)[C@@H](O)[C@H](O)[C@H]2O)ccc1O
Mol_13834	Mol_13834::M02	unsat_lactone	michael_acceptor	21;19;20;18;17	17	COc1cc([C@@H]2c3c(cc(OC)c(O)c3OC)C=C3C(=O)O[C@H]4[C@H](O)[C@@H](COC(=O)[C@@H]32)O[C@@]4(CO)O[C@H]2O[C@H](COC(C)=O)[C@@H](O)[C@H](O)[C@H]2O)ccc1O
Mol_13835	Mol_13835::M01	acrylate_ester	michael_acceptor	1;2;4;5;6;7	1	C/C=C(/C)C(=O)O[C@@H]1CC[N+]2([O-])CC=C(COC(=O)[C@](O)(C(C)C)[C@H](C)O)[C@H]12
Mol_13836	Mol_13836::M01	acrylate_ester	michael_acceptor	1;2;4;5;6;7	1	C/C=C(/C)C(=O)O[C@@H]1CC[N+]2([O-])CC=C(COC(=O)[C@@](O)([C@H](C)O)C(C)(C)O)[C@H]12
Mol_13837	Mol_13837::M01	enone_ketone_acyclic	michael_acceptor	4;3;1;2;0	4	CC(=O)/C=C/C1C(C)=CC(O)CC1(C)C
Mol_13838	Mol_13838::M01	enone_ketone_acyclic	michael_acceptor	4;3;1;2;0	4	CC(=O)/C=C/C1=C(C)C[C@@H](O)CC1(C)C
Mol_13839	Mol_13839::M01	enone_ketone_acyclic	michael_acceptor	4;3;1;2;0	4	CC(=O)/C=C/[C@@]1(O)C(C)=CC(=O)CC1(C)C
Mol_13839	Mol_13839::M02	enone_cyclic	michael_acceptor	7;9;10;11;12	7	CC(=O)/C=C/[C@@]1(O)C(C)=CC(=O)CC1(C)C
Mol_13840	Mol_13840::M01	enone_ketone_acyclic	michael_acceptor	4;3;1;2;0	4	CC(=O)/C=C/[C@]1(O)C(C)(C)C[C@H](O)C[C@@]1(C)O
Mol_13842	Mol_13842::M01	enone_cyclic	michael_acceptor	1;2;3;4;5	1	CC1=CC(=O)CC(C)(C)C1/C=C/C(C)O
Mol_13849	Mol_13849::M01	acrylate_ester	michael_acceptor	18;17;15;16;14;4	18	COC(=O)[C@@H](Cc1ccc(O)c(O)c1)OC(=O)C=Cc1ccc(O)c(O)c1
Mol_13850	Mol_13850::M01	acrylate_ester	michael_acceptor	1;2;4;5;6;7	1	C/C=C(/C)C(=O)O[C@H]1CC[N+]2([O-])CC=C(COC(=O)[C@](O)(C(C)C)[C@H](C)O)[C@H]12
Mol_13851	Mol_13851::M01	acrylate_ester	michael_acceptor	1;2;4;5;6;7	1	C/C=C(/C)C(=O)O[C@H]1CC[N+]2([O-])CC=C(COC(=O)[C@](O)([C@H](C)OC(C)=O)C(C)(C)O)[C@H]12
Mol_13852	Mol_13852::M01	acrylate_ester	michael_acceptor	1;2;4;5;6;7	1	C/C=C(/C)C(=O)O[C@H]1CC[N+]2([O-])CC=C(COC(=O)[C@](O)([C@H](C)O)C(C)(C)O)[C@H]12
Mol_13853	Mol_13853::M01	enone_cyclic	michael_acceptor	5;6;7;8;9	5	C[C@@H]1CCC/C=C/C(=O)CC(=O)O1
Mol_13857	Mol_13857::M01	enone_cyclic	michael_acceptor	12;11;9;10;8	12	CCC(C)C(=O)C1OC12C(=O)C=C(C)NC2=O
Mol_13857	Mol_13857::M02	epoxide	sn2_ring_opening	6;7;8	6;8	CCC(C)C(=O)C1OC12C(=O)C=C(C)NC2=O
Mol_13863	Mol_13863::M01	acrylate_ester	michael_acceptor	6;5;3;4;2;1	6	C[C@@H]1OC(=O)/C(=C/[C@H]2O[C@@H]2C)[C@H]1O
Mol_13863	Mol_13863::M02	epoxide	sn2_ring_opening	7;8;9	7;9	C[C@@H]1OC(=O)/C(=C/[C@H]2O[C@@H]2C)[C@H]1O
Mol_13864	Mol_13864::M01	acrylate_ester	michael_acceptor	6;5;3;4;2;1	6	C[C@@H]1OC(=O)/C(=C/[C@@H]2O[C@@H]2C)[C@H]1O
Mol_13864	Mol_13864::M02	epoxide	sn2_ring_opening	7;8;9	7;9	C[C@@H]1OC(=O)/C(=C/[C@@H]2O[C@@H]2C)[C@H]1O
Mol_13873	Mol_13873::M01	enone_ketone_acyclic	michael_acceptor	4;5;6;8;7	4	CC/C=C/C=C/C(C)=O
Mol_13875	Mol_13875::M01	aldehyde	reversible_carbonyl	8;9;10	9	CC(C)CCCCCCC=O
Mol_13884	Mol_13884::M01	aldehyde	reversible_carbonyl	14;15;16	15	COc1cc2oc(=O)ccc2cc1O[C@@H](C=O)[C@@H](O)[C@H](O)[C@H](O)CO
Mol_13919	Mol_13919::M01	acrylate_ester	michael_acceptor	5;6;7;8;9;10	5	COc1cc(/C=C/C(=O)O[C@H]2[C@H](Oc3cc(O)c4c(=O)c(O[C@@H]5O[C@H](CO)[C@@H](O)[C@H](O)[C@H]5O[C@@H]5O[C@H](CO)[C@@H](O)[C@H](O)[C@H]5O)c(-c5ccc(O)cc5)oc4c3)O[C@H](CO)[C@@H](O)[C@@H]2O)ccc1O
Mol_13950	Mol_13950::M01	acrylate_ester	michael_acceptor	19;18;16;17;15;14	19	COc1cc(O)c2c(=O)c(OC3O[C@H](COC(=O)/C=C/c4ccc(O)cc4)[C@@H](O)[C@H](O)[C@H]3O)c(-c3ccc(O)cc3)oc2c1
Mol_13954	Mol_13954::M01	enal	michael_acceptor	18;19;20;21	18	C=C(C)C1C/C=C(\C)CC/C=C(\C(=O)OC)CC/C=C(/C=O)CC1
Mol_13954	Mol_13954::M02	acrylate_ester	michael_acceptor	10;11;12;13;14;15	10	C=C(C)C1C/C=C(\C)CC/C=C(\C(=O)OC)CC/C=C(/C=O)CC1
Mol_13954	Mol_13954::M03	aldehyde	reversible_carbonyl	19;20;21	20	C=C(C)C1C/C=C(\C)CC/C=C(\C(=O)OC)CC/C=C(/C=O)CC1
Mol_13962	Mol_13962::M01	acrylate_ester	michael_acceptor	7;8;9;10;11;5	7	CC(=O)OC1(C2(C)C=CC(=O)O2)CCC2(C)C1CCC1C3(C)C=CC(=O)C(C)(C)C3CCC12C
Mol_13962	Mol_13962::M02	enone_cyclic	michael_acceptor	22;23;24;25;26	22	CC(=O)OC1(C2(C)C=CC(=O)O2)CCC2(C)C1CCC1C3(C)C=CC(=O)C(C)(C)C3CCC12C
Mol_13962	Mol_13962::M03	unsat_lactone	michael_acceptor	11;9;10;8;7	7	CC(=O)OC1(C2(C)C=CC(=O)O2)CCC2(C)C1CCC1C3(C)C=CC(=O)C(C)(C)C3CCC12C
Mol_13965	Mol_13965::M01	acrylate_ester	michael_acceptor	10;11;12;13;14;8	10	CC(=O)O[C@@H]1CC2C([C@]3(C)C=CC(=O)O3)CC[C@@]2(C)[C@]2(C)CCC3C(C)(C)OC(=O)C[C@@H](OC(C)=O)[C@]3(C)C12
Mol_13965	Mol_13965::M02	unsat_lactone	michael_acceptor	14;12;13;11;10	10	CC(=O)O[C@@H]1CC2C([C@]3(C)C=CC(=O)O3)CC[C@@]2(C)[C@]2(C)CCC3C(C)(C)OC(=O)C[C@@H](OC(C)=O)[C@]3(C)C12
Mol_13966	Mol_13966::M01	acrylate_ester	michael_acceptor	23;24;25;26;27;21	23	CC1(C)OC(=O)C[C@@H](O)[C@@]2(C)C1CC[C@]1(C)C2CCC2C([C@]3(C)C=CC(=O)O3)CC[C@]21C
Mol_13966	Mol_13966::M02	unsat_lactone	michael_acceptor	27;25;26;24;23	23	CC1(C)OC(=O)C[C@@H](O)[C@@]2(C)C1CC[C@]1(C)C2CCC2C([C@]3(C)C=CC(=O)O3)CC[C@]21C
Mol_14009	Mol_14009::M01	acrylate_ester	michael_acceptor	36;35;33;34;32;31	36	CC(=O)OCC1O[C@@H](Oc2c(-c3ccc(O)cc3)oc3cc(O)cc(O)c3c2=O)[C@@H](C)C(OC(=O)/C=C/c2ccc(O)cc2)[C@@H]1O
Mol_14010	Mol_14010::M01	acrylate_ester	michael_acceptor	10;9;7;8;6;5	10	C=C[C@@H]1C(CCOC(=O)/C=C/c2ccc(O)c(O)c2)C(C(=O)O[C@H]2CC3C(C(=O)OC)=CO[C@@H](O[C@@H]4OC(CO)[C@@H](O)[C@H](O)C4O)C3[C@H]2C)=CO[C@H]1O[C@@H]1OC(CO)[C@@H](O)[C@H](O)C1O
Mol_14010	Mol_14010::M02	acrylate_ester	michael_acceptor	31;26;27;28;29;30	31	C=C[C@@H]1C(CCOC(=O)/C=C/c2ccc(O)c(O)c2)C(C(=O)O[C@H]2CC3C(C(=O)OC)=CO[C@@H](O[C@@H]4OC(CO)[C@@H](O)[C@H](O)C4O)C3[C@H]2C)=CO[C@H]1O[C@@H]1OC(CO)[C@@H](O)[C@H](O)C1O
Mol_14010	Mol_14010::M03	acrylate_ester	michael_acceptor	49;19;20;21;22;23	49	C=C[C@@H]1C(CCOC(=O)/C=C/c2ccc(O)c(O)c2)C(C(=O)O[C@H]2CC3C(C(=O)OC)=CO[C@@H](O[C@@H]4OC(CO)[C@@H](O)[C@H](O)C4O)C3[C@H]2C)=CO[C@H]1O[C@@H]1OC(CO)[C@@H](O)[C@H](O)C1O
Mol_14011	Mol_14011::M01	acrylate_ester	michael_acceptor	17;18;19;20;21;22	17	C=C[C@H]1[C@H](O[C@@H]2OC(CO)[C@@H](O)[C@H](O)C2O)OC=C(C(=O)O[C@H]2CC3C(C(=O)OC)=CO[C@@H](O[C@@H]4OC(CO)[C@@H](O)[C@H](O)C4O)C3[C@H]2C)[C@H]1CCOC(=O)/C=C/c1ccc(O)cc1
Mol_14011	Mol_14011::M02	acrylate_ester	michael_acceptor	30;25;26;27;28;29	30	C=C[C@H]1[C@H](O[C@@H]2OC(CO)[C@@H](O)[C@H](O)C2O)OC=C(C(=O)O[C@H]2CC3C(C(=O)OC)=CO[C@@H](O[C@@H]4OC(CO)[C@@H](O)[C@H](O)C4O)C3[C@H]2C)[C@H]1CCOC(=O)/C=C/c1ccc(O)cc1
Mol_14011	Mol_14011::M03	acrylate_ester	michael_acceptor	55;54;52;53;51;50	55	C=C[C@H]1[C@H](O[C@@H]2OC(CO)[C@@H](O)[C@H](O)C2O)OC=C(C(=O)O[C@H]2CC3C(C(=O)OC)=CO[C@@H](O[C@@H]4OC(CO)[C@@H](O)[C@H](O)C4O)C3[C@H]2C)[C@H]1CCOC(=O)/C=C/c1ccc(O)cc1
Mol_14012	Mol_14012::M01	acrylate_ester	michael_acceptor	17;18;19;20;21;22	17	C=C[C@H]1[C@H](O[C@@H]2O[C@H](CO)[C@@H](O)[C@H](O)[C@H]2O)OC=C(C(=O)O[C@H]2C[C@@H]3C(C(=O)OC)=CO[C@@H](O[C@@H]4O[C@H](CO)[C@@H](O)[C@H](O)[C@H]4O)[C@@H]3[C@H]2C)[C@H]1CCO
Mol_14012	Mol_14012::M02	acrylate_ester	michael_acceptor	30;25;26;27;28;29	30	C=C[C@H]1[C@H](O[C@@H]2O[C@H](CO)[C@@H](O)[C@H](O)[C@H]2O)OC=C(C(=O)O[C@H]2C[C@@H]3C(C(=O)OC)=CO[C@@H](O[C@@H]4O[C@H](CO)[C@@H](O)[C@H](O)[C@H]4O)[C@@H]3[C@H]2C)[C@H]1CCO
Mol_14013	Mol_14013::M01	acrylate_ester	michael_acceptor	29;30;31;32;33;34	29	C[C@@H]1C2C(C[C@@H]1O)C(C(=O)OC[C@@H](O)C1[C@@H](O[C@@H]3OC(CO)[C@@H](O)[C@H](O)C3O)OC=C3C(=O)OCC[C@@]31O)=CO[C@H]2O[C@@H]1OC(CO)[C@@H](O)[C@H](O)C1O
Mol_14013	Mol_14013::M02	acrylate_ester	michael_acceptor	38;7;8;9;10;11	38	C[C@@H]1C2C(C[C@@H]1O)C(C(=O)OC[C@@H](O)C1[C@@H](O[C@@H]3OC(CO)[C@@H](O)[C@H](O)C3O)OC=C3C(=O)OCC[C@@]31O)=CO[C@H]2O[C@@H]1OC(CO)[C@@H](O)[C@H](O)C1O
Mol_14013	Mol_14013::M03	unsat_lactone	michael_acceptor	33;31;32;30;29	29	C[C@@H]1C2C(C[C@@H]1O)C(C(=O)OC[C@@H](O)C1[C@@H](O[C@@H]3OC(CO)[C@@H](O)[C@H](O)C3O)OC=C3C(=O)OCC[C@@]31O)=CO[C@H]2O[C@@H]1OC(CO)[C@@H](O)[C@H](O)C1O
Mol_14014	Mol_14014::M01	acrylate_ester	michael_acceptor	8;7;1;0;2;3	8	O=C1OCC[C@]2(O)C1=CO[C@@H](O[C@@H]1OC(CO)[C@@H](O)C(O)[C@@H]1O)[C@@H]2C(O)CO
Mol_14014	Mol_14014::M02	unsat_lactone	michael_acceptor	2;1;0;7;8	8	O=C1OCC[C@]2(O)C1=CO[C@@H](O[C@@H]1OC(CO)[C@@H](O)C(O)[C@@H]1O)[C@@H]2C(O)CO
Mol_14015	Mol_14015::M01	acrylate_ester	michael_acceptor	8;7;1;0;2;3	8	O=C1OCC[C@]2(O)C1=CO[C@@H](O[C@@H]1O[C@H](CO)[C@@H](O)[C@H](O)[C@H]1O)[C@@H]2[C@H]1CO1
Mol_14015	Mol_14015::M02	unsat_lactone	michael_acceptor	2;1;0;7;8	8	O=C1OCC[C@]2(O)C1=CO[C@@H](O[C@@H]1O[C@H](CO)[C@@H](O)[C@H](O)[C@H]1O)[C@@H]2[C@H]1CO1
Mol_14015	Mol_14015::M03	epoxide	sn2_ring_opening	24;26;25	24;25	O=C1OCC[C@]2(O)C1=CO[C@@H](O[C@@H]1O[C@H](CO)[C@@H](O)[C@H](O)[C@H]1O)[C@@H]2[C@H]1CO1
Mol_14034	Mol_14034::M01	aldehyde	reversible_carbonyl	67;69;70	69	CC(=O)OC1[C@H](O)C(CO)O[C@@H](O[C@H]2C(O[C@@H]3OC(CO)[C@@H](O)C(O)[C@@H]3O)[C@@H](O)C(C)O[C@H]2OC(=O)[C@]23CCC(C)(C)C[C@H]2C2=CCC4[C@@]5(C)CC[C@H](O[C@@H]6OC(CC(=O)O)[C@@H](O)C(O)[C@@H]6O)[C@@](C)(C=O)C5CC[C@@]4(C)[C@]2(C)C[C@H]3O)[C@H]1O
Mol_14046	Mol_14046::M01	acrylic_acid	michael_acceptor	6;7;8;9;10	6	COc1ccc(/C=C/C(=O)O)cc1
Mol_14048	Mol_14048::M01	acrylic_acid	michael_acceptor	0;1;2;3;4	0	C=C(C(=O)O)[C@@H]1CC[C@]2(C)[C@H](CC=C3[C@@H]4CC(C)(C)CC[C@]4(C(=O)O[C@@H]4O[C@H](CO[C@@H]5O[C@H](CO)[C@@H](O)[C@H](O)[C@H]5O[C@@H]5O[C@H](CO)[C@@H](O)[C@H](O)[C@H]5O)[C@@H](O)[C@H](O[C@@H]5O[C@H](CO)[C@@H](O)[C@H](O)[C@H]5O)[C@H]4O)CC[C@]32C)[C@@]1(C)CCCO
Mol_14049	Mol_14049::M01	aldehyde	reversible_carbonyl	82;84;85	84	CC(=O)O[C@@H]1[C@H](O[C@@H]2O[C@H](CO)[C@@H](O)[C@@H]2O)[C@@H](O[C@@H]2O[C@@H](C)[C@H](O[C@@H]3OC[C@@H](O)[C@H](O)[C@H]3O)[C@@H](O)[C@H]2O)[C@H](OC(=O)[C@]23CCC(C)(C)C[C@H]2C2=CC[C@@H]4[C@@]5(C)CC[C@H](O[C@@H]6O[C@H](C(=O)O)[C@@H](O)[C@H](O)[C@H]6O[C@@H]6O[C@H](CO)[C@H](O)[C@H](O)[C@H]6O)[C@@](C)(C=O)[C@@H]5CC[C@@]4(C)[C@]2(C)C[C@H]3O)O[C@@H]1C
Mol_14050	Mol_14050::M01	acrylate_ester	michael_acceptor	13;15;16;17;18;19	13	CC1=CC(=O)CC(C)(C)[C@@]1(O)/C=C/C(C)=C\C(=O)O[C@@H]1O[C@H](CO)[C@@H](O)[C@H](O)[C@H]1O
Mol_14050	Mol_14050::M02	enone_cyclic	michael_acceptor	1;2;3;4;5	1	CC1=CC(=O)CC(C)(C)[C@@]1(O)/C=C/C(C)=C\C(=O)O[C@@H]1O[C@H](CO)[C@@H](O)[C@H](O)[C@H]1O
Mol_14052	Mol_14052::M01	enone_cyclic	michael_acceptor	23;22;20;21;19	23	CC1=C(C)[C@H]2[C@H](Cc3c[nH]c4ccccc34)NC(=O)[C@]23C(=O)/C=C/[C@H](O)[C@H](O)/C(C)=C/[C@@H](C)C/C=C/[C@H]3[C@@H]1O
Mol_14053	Mol_14053::M01	enone_cyclic	michael_acceptor	16;17;18;19;20	16	CC1=C[C@@H]2/C=C/C[C@H](C)/C=C(\C)[C@@H](O)[C@@H](O)/C=C/C(=O)[C@]23C(=O)N[C@@H](Cc2c[nH]c4ccccc24)[C@@H]3[C@@H]1C
Mol_14054	Mol_14054::M01	enone_ketone_acyclic	michael_acceptor	1;2;4;5;6	1	C/C=C(\C)C(=O)C1=C2C3=COC(/C=C/[C@@H](C)CC)=CC3=C(Cl)C(=O)[C@@]2(C)OC1=O
Mol_14054	Mol_14054::M02	acrylate_ester	michael_acceptor	7;6;27;28;26;24	7	C/C=C(\C)C(=O)C1=C2C3=COC(/C=C/[C@@H](C)CC)=CC3=C(Cl)C(=O)[C@@]2(C)OC1=O
Mol_14054	Mol_14054::M03	enone_cyclic	michael_acceptor	19;20;22;23;24	19	C/C=C(\C)C(=O)C1=C2C3=COC(/C=C/[C@@H](C)CC)=CC3=C(Cl)C(=O)[C@@]2(C)OC1=O
Mol_14054	Mol_14054::M04	unsat_lactone	michael_acceptor	26;27;28;6;7	7	C/C=C(\C)C(=O)C1=C2C3=COC(/C=C/[C@@H](C)CC)=CC3=C(Cl)C(=O)[C@@]2(C)OC1=O
Mol_14056	Mol_14056::M01	chalcone	michael_acceptor	19;1;0;2;3;4	3	O=C1C(=Cc2cccc(Cl)c2Cl)COc2ccccc21
Mol_14058	Mol_14058::M01	enone_cyclic	michael_acceptor	3;4;8;9;10	3	C/C=C/C1=C(/C=C/C)C(=O)[C@@]2(C1)C[C@@H](O)C(=O)O2
Mol_14065	Mol_14065::M01	enone_cyclic	michael_acceptor	2;1;36;37;34	2	CC1=C[C@@H](C)CC=C[C@H]2C=C(C)[C@@H](C)[C@H]3[C@H](Cc4c[nH]c5ccccc45)NC(=O)[C@@]23C(=O)CC[C@H](O)C1=O
Mol_14067	Mol_14067::M01	enone_cyclic	michael_acceptor	2;1;35;36;33	2	CC1=C[C@@H](C)CC=C[C@H]2[C@H](O)[C@@]3(C)O[C@@]4(Cc5c[nH]c6ccccc56)NC(=O)[C@]2(C(=O)CCC(=O)C1=O)[C@H]4[C@@H]3C
Mol_14068	Mol_14068::M01	enone_cyclic	michael_acceptor	5;6;7;8;9	5	C/C=C/C1=CC2=CC(=O)[C@](C)(O)[C@H](OC(=O)c3c(C)cc(O)cc3O)[C@H]2CO1
Mol_14073	Mol_14073::M01	enone_cyclic	michael_acceptor	12;13;20;21;7	12	COc1cc(OC)c2c(c1)C(=O)C1=C(COC(C)(O)C1)C2=O
Mol_14073	Mol_14073::M02	enone_cyclic	michael_acceptor	13;12;10;11;8	13	COc1cc(OC)c2c(c1)C(=O)C1=C(COC(C)(O)C1)C2=O
Mol_14073	Mol_14073::M03	para_quinone	michael_acceptor	11;10;8;7;20;21;13;12	7;8;12;13	COc1cc(OC)c2c(c1)C(=O)C1=C(COC(C)(O)C1)C2=O
Mol_14074	Mol_14074::M01	enone_cyclic	michael_acceptor	12;13;19;20;7	12	COc1cc(OC)c2c(c1)C(=O)C1=C(COC(C)=C1)C2=O
Mol_14074	Mol_14074::M02	enone_cyclic	michael_acceptor	13;12;10;11;8	13	COc1cc(OC)c2c(c1)C(=O)C1=C(COC(C)=C1)C2=O
Mol_14074	Mol_14074::M03	para_quinone	michael_acceptor	11;10;8;7;19;20;13;12	7;8;12;13	COc1cc(OC)c2c(c1)C(=O)C1=C(COC(C)=C1)C2=O
Mol_14076	Mol_14076::M01	acrylamide	michael_acceptor	3;2;1;0;11	3	O=C(/C=C/c1cccc(O)c1)NCCc1ccc(O)cc1
Mol_14084	Mol_14084::M01	acrylamide	michael_acceptor	5;6;7;8;9	5	COc1cc(/C=C/C(=O)NC[C@H](O)c2ccc(O)cc2)ccc1O
Mol_14090	Mol_14090::M01	acrylate_ester	michael_acceptor	5;6;7;8;9;10	5	COc1cc(/C=C/C(=O)OC2C(OC3C(Oc4c(-c5ccc(O)cc5)oc5cc(O)cc(O)c5c4=O)OC(COC4OC(CO)C(O)C(O)C4O)C(O)C3O)OC(C)C(O)C2OC2OC(CO)C(O)C(O)C2O)ccc1O
Mol_14098	Mol_14098::M01	aldehyde	reversible_carbonyl	10;11;12	11	COC(=O)CCCCCCCC=O
Mol_14106	Mol_14106::M01	acrylate_ester	michael_acceptor	5;4;2;3;1;0	5	COC(=O)/C=C/CCCCCCCCC(=O)OC
Mol_14137	Mol_14137::M01	acrylate_ester	michael_acceptor	12;11;9;10;8;6	12	CC1(C)CCCC2(C)OC(=O)C=C12
Mol_14137	Mol_14137::M02	unsat_lactone	michael_acceptor	8;9;10;11;12	12	CC1(C)CCCC2(C)OC(=O)C=C12
Mol_14141	Mol_14141::M01	acrylate_ester	michael_acceptor	5;4;2;3;1;0	5	COC(=O)/C=C/c1ccc(O)c(OC)c1
Mol_14145	Mol_14145::M01	enone_cyclic	michael_acceptor	14;15;16;17;18	14	CCC(CCC(C)C1CCC2C3CCC4=CC(=O)CCC4(C)C3CCC12C)C(C)C
Mol_14166	Mol_14166::M01	aldehyde	reversible_carbonyl	20;21;22	21	CC(=O)OCC(OC(C)=O)[C@@H](OC(C)=O)[C@H](OC(C)=O)[C@H](C=O)OC(C)=O
Mol_14195	Mol_14195::M01	acrylate_ester	michael_acceptor	12;11;9;10;8;7	12	CCCCC(CC)COC(=O)/C=C/c1ccc(OC)cc1
Mol_14196	Mol_14196::M01	acrylate_ester	michael_acceptor	14;11;9;10;8;7	14	CCCCC(CC)COC(=O)C(C#N)=C(c1ccccc1)c1ccccc1
Mol_14196	Mol_14196::M02	vinyl_nitrile	michael_acceptor	14;11;12;13	14	CCCCC(CC)COC(=O)C(C#N)=C(c1ccccc1)c1ccccc1
Mol_14196	Mol_14196::M03	nitrile	addition_to_CN	11;12;13	12	CCCCC(CC)COC(=O)C(C#N)=C(c1ccccc1)c1ccccc1
Mol_14200	Mol_14200::M01	acrylate_ester	michael_acceptor	5;6;7;8;9;10	5	COc1cc(/C=C/C(=O)OC2C(OC3C(Oc4cc(O)c5c(=O)c(OC6OC(COC7CC(C)C(O)C(O)C7O)C(O)C(O)C6O)c(-c6ccc(O)cc6)oc5c4)OC(CO)C(O)C3O)OC(CO)C(O)C2O)ccc1O
Mol_14202	Mol_14202::M01	acrylate_ester	michael_acceptor	5;4;2;3;1;0	5	COC(=O)/C=C\c1ccc(O)c(OC)c1
Mol_14209	Mol_14209::M01	acrylate_ester	michael_acceptor	14;13;11;12;10;9	14	CC1(C)[C@@H]2CC[C@@]1(C)CC2OC(=O)/C=C/c1ccc(O)c(O)c1
Mol_14233	Mol_14233::M01	acrylate_ester	michael_acceptor	3;2;1;0;11;12	3	O=C(/C=C/c1ccc(O)cc1)OCC1O[C@@H](Oc2cc(-c3oc4cc(O)cc(O)c4c(=O)c3O)cc(O)c2O)C(O)[C@@H](O)[C@@H]1O
Mol_14235	Mol_14235::M01	acrylate_ester	michael_acceptor	3;2;1;0;10;11	3	O=C(/C=C/c1ccccc1)OCC1O[C@H](OOc2cc(-c3oc4cc(O)cc(O)c4c(=O)c3O)ccc2O)[C@H](O)[C@@H](O)[C@@H]1O
Mol_14237	Mol_14237::M01	acrylate_ester	michael_acceptor	42;41;39;40;38;37	42	O=C(/C=C/c1ccc(O)cc1)OO[C@H]1O[C@@H](Oc2c(-c3ccc(O)cc3)oc3cc(O)cc(O)c3c2=O)[C@H](OC(=O)/C=C/c2ccc(O)cc2)[C@@H](O)[C@@H]1O
Mol_14256	Mol_14256::M01	acrylate_ester	michael_acceptor	5;6;7;8;9;10	5	COc1cc(/C=C/C(=O)OCC2O[C@@H](Oc3cc4c(c(O)c3C3O[C@H](CO)[C@@H](O)[C@H](O)[C@H]3O)C(=O)CC(c3ccc(O)c(O)c3)O4)C(O)[C@@H](O)[C@@H]2O)ccc1O
Mol_14260	Mol_14260::M01	acrylic_acid	michael_acceptor	3;4;10;11;12	3	O=C(O)/C=C(/CCC(=O)O)C(=O)O
Mol_14260	Mol_14260::M02	acrylic_acid	michael_acceptor	4;3;1;0;2	4	O=C(O)/C=C(/CCC(=O)O)C(=O)O
Mol_14262	Mol_14262::M01	enone_cyclic	michael_acceptor	12;11;9;10;8	12	C[C@]12C[C@H](O)[C@H](O)CC1C(=O)C=C1C2[C@H](O)C[C@]2(C)[C@@H](O)CC[C@@]12O
Mol_14288	Mol_14288::M01	acrylate_ester	michael_acceptor	0;1;5;6;7;8	0	C=C(CCO)C(=O)O[C@@H]1C=C(CO)[C@@](O)(CC(C)=O)[C@@H](OC(C)=O)C1C(=C)C
Mol_14290	Mol_14290::M01	acrylate_ester	michael_acceptor	3;2;1;0;12;13	3	O=C(/C=C/c1ccc(O)c(O)c1)OC1OC(CO)C(O)C(O)C1O
Mol_14291	Mol_14291::M01	acrylate_ester	michael_acceptor	3;2;1;0;12;13	3	O=C(/C=C/c1ccc(O)c(O)c1)OC1[C@H](O)CC(OC(=O)/C=C/c2ccc(O)c(O)c2)(C(=O)O)C[C@H]1O
Mol_14291	Mol_14291::M02	acrylate_ester	michael_acceptor	22;21;19;20;18;17	22	O=C(/C=C/c1ccc(O)c(O)c1)OC1[C@H](O)CC(OC(=O)/C=C/c2ccc(O)c(O)c2)(C(=O)O)C[C@H]1O
Mol_14297	Mol_14297::M01	enal	michael_acceptor	24;21;22;23	24	C=Cc1c(C)c2cc3nc(c4c5[nH]c(cc6nc(cc1[nH]2)C(C=O)=C6CC)c(C)c5C(=O)[C@@H]4C(=O)OC)[C@@H](CCC(=O)O)[C@@H]3C
Mol_14297	Mol_14297::M02	aldehyde	reversible_carbonyl	21;22;23	22	C=Cc1c(C)c2cc3nc(c4c5[nH]c(cc6nc(cc1[nH]2)C(C=O)=C6CC)c(C)c5C(=O)[C@@H]4C(=O)OC)[C@@H](CCC(=O)O)[C@@H]3C
Mol_14298	Mol_14298::M01	acrylate_ester	michael_acceptor	29;31;32;33;34;35	29	C=Cc1c(C)c2cc3nc(c4c5[nH]c(cc6nc(cc1[nH]2)C(C)=C6CC)c(C)c5C(O)=C4C(=O)OC)C(/C=C/C(=O)O)=C3C
Mol_14298	Mol_14298::M02	acrylic_acid	michael_acceptor	37;38;39;40;41	37	C=Cc1c(C)c2cc3nc(c4c5[nH]c(cc6nc(cc1[nH]2)C(C)=C6CC)c(C)c5C(O)=C4C(=O)OC)C(/C=C/C(=O)O)=C3C
Mol_14299	Mol_14299::M01	enone_cyclic	michael_acceptor	2;1;44;45;40	2	CC1=C(/C=C/C(C)=C/C=C/C(C)=C/C=C/C=C(C)/C=C/C=C(C)/C=C/C2=C(C)C(=O)[C@@H](C(=O)O)C2(C)C)C(C)(C)[C@H](C(=O)O)C1=O
Mol_14299	Mol_14299::M02	enone_cyclic	michael_acceptor	25;26;28;29;30	25	CC1=C(/C=C/C(C)=C/C=C/C(C)=C/C=C/C=C(C)/C=C/C=C(C)/C=C/C2=C(C)C(=O)[C@@H](C(=O)O)C2(C)C)C(C)(C)[C@H](C(=O)O)C1=O
Mol_14300	Mol_14300::M01	enone_cyclic	michael_acceptor	23;22;25;26;27	23	C=CC1=C(C)C2=NC/1=C\C1=NC(=C(CC)C/1=C/O)/C=C1N=C3C(=C\1C)C(=O)[C@H](C(=O)OC)/C3=C1/N/C(=C\2)[C@@H](C)[C@@H]1CCC(=O)O
Mol_14302	Mol_14302::M01	enone_cyclic	michael_acceptor	25;26;28;29;30	25	CC1=C(/C=C/C(C)=C/C=C/C(C)=C/C=C/C=C(C)/C=C/C=C(C)/C=C/C2=C(C)C(=O)CCC2(C)C)C(C)(C)CCC1
Mol_14305	Mol_14305::M01	enal	michael_acceptor	24;21;22;23	24	C=Cc1c(C)c2cc3nc(c4c5[nH]c(cc6nc(cc1[nH]2)C(C=O)=C6CC)c(C)c5C(=O)[C@@H]4C(=O)OC)[C@@H](CCC(=O)OC/C=C(\C)CCC[C@H](C)CCC[C@H](C)CCCC(C)C)[C@@H]3C
Mol_14305	Mol_14305::M02	aldehyde	reversible_carbonyl	21;22;23	22	C=Cc1c(C)c2cc3nc(c4c5[nH]c(cc6nc(cc1[nH]2)C(C=O)=C6CC)c(C)c5C(=O)[C@@H]4C(=O)OC)[C@@H](CCC(=O)OC/C=C(\C)CCC[C@H](C)CCC[C@H](C)CCCC(C)C)[C@@H]3C
Mol_14306	Mol_14306::M01	enone_cyclic	michael_acceptor	23;22;25;26;27	23	C=CC1=C(C)C2=NC/1=C\C1=NC(=C(CC)C/1=C\O)/C=C1N=C3C(=C\1C)C(=O)[C@H](C(=O)OC)/C3=C1/N/C(=C\2)[C@@H](C)[C@@H]1CCC(=O)OC/C=C(\C)CCC[C@H](C)CCC[C@H](C)CCCC(C)C
Mol_14308	Mol_14308::M01	epoxide	sn2_ring_opening	20;21;22	20;22	C/C(=C/C=C/C(C)=C/C=C/C=C(C)/C=C/C=C(C)/C=C/C12OC1(C)CC(O)CC2(C)C)C1C=C2C(C)(C)CC(O)CC2(C)O1
Mol_14309	Mol_14309::M01	epoxide	sn2_ring_opening	9;10;11	9;11	CC(/C=C/C=C(C)/C=C/[C@@]12O[C@]1(C)C[C@@H](O)CC2(C)C)=C\C=C\C=C(C)\C=C\C=C(/C)C1C=C2C(C)(C)C[C@H](O)C[C@@]2(C)O1
Mol_14312	Mol_14312::M01	acrylate_ester	michael_acceptor	11;10;8;9;7;6	11	CCCCO[C@@H]1[C@H](OC(=O)/C=C/c2ccc(O)c(O)c2)C[C@@]1(O)[C@H](O)CC(=O)O
Mol_14317	Mol_14317::M01	nitrile	addition_to_CN	2;1;0	1	N#C[C@H](O[C@@H]1O[C@H](CO[C@@H]2O[C@H](CO)[C@@H](O)[C@H](O)[C@H]2O)[C@@H](O)[C@H](O)[C@H]1O)c1ccccc1
Mol_14319	Mol_14319::M01	acrylic_acid	michael_acceptor	4;3;1;0;2	4	O=C(O)/C=C\c1ccc(O)cc1
Mol_14331	Mol_14331::M01	acrylate_ester	michael_acceptor	8;10;1;0;2;3	8	O=C1O[C@H]([C@@H](O)CO)C(O)=C1O
Mol_14331	Mol_14331::M02	unsat_lactone	michael_acceptor	2;1;0;10;8	8	O=C1O[C@H]([C@@H](O)CO)C(O)=C1O
Mol_14336	Mol_14336::M01	enone_ketone_acyclic	michael_acceptor	7;8;9;10;11	7	CC(=O)OC(C)(C)/C=C/C(=O)[C@](C)(O)[C@H]1[C@H](O)C[C@@]2(C)[C@@H]3CC=C4[C@@H](C[C@H](O)C(=O)C4(C)C)[C@]3(C)C(=O)C[C@]12C
Mol_14337	Mol_14337::M01	enone_ketone_acyclic	michael_acceptor	4;5;6;7;8	4	CC(C)(O)/C=C/C(=O)[C@](C)(O)[C@H]1[C@H](O)C[C@@]2(C)[C@@H]3CC=C4[C@@H](C[C@H](O)C(=O)C4(C)C)[C@]3(C)C(=O)C[C@]12C
Mol_14340	Mol_14340::M01	enone_cyclic	michael_acceptor	7;5;3;4;1	7	CC1(C)C(=O)C(O)=C[C@@H]2C1=CC[C@@H]1[C@@]2(C)C(=O)C[C@]2(C)[C@@H]([C@@](C)(O)C(=O)CC(O)C(C)(C)O)[C@H](O)C[C@@]12C
Mol_14343	Mol_14343::M01	enone_cyclic	michael_acceptor	25;26;28;29;30	25	CC(=O)OC(C)(C)CCC(=O)[C@](C)(O)[C@H]1[C@H](O)C[C@@]2(C)[C@@H]3CC=C4[C@@H](C=C(O)C(=O)C4(C)C)[C@]3(C)C(=O)C[C@]12C
Mol_14344	Mol_14344::M01	enone_ketone_acyclic	michael_acceptor	7;8;9;10;11	7	CC(=O)OC(C)(C)/C=C/C(=O)[C@](C)(O)[C@H]1[C@H](O)C[C@@]2(C)[C@@H]3CC=C4[C@@H](CC(O)C(=O)C4(C)C)[C@]3(C)C(=O)C[C@]12C
Mol_14345	Mol_14345::M01	enone_ketone_acyclic	michael_acceptor	4;5;6;7;8	4	CC(C)(O)/C=C\C(=O)[C@](C)(O)C1[C@H](O)C[C@@]2(C)[C@@H]3CC=C4[C@@H](CC(=O)[C@H](O)C4(C)C)[C@]3(C)C(=O)C[C@]12C
Mol_14347	Mol_14347::M01	enone_ketone_acyclic	michael_acceptor	7;8;9;10;11	7	CC(=O)OC(C)(C)/C=C/C(=O)[C@](C)(O)[C@H]1[C@H](O)C[C@@]2(C)C3CC=C4[C@@H](CC(O)C(=O)C4(C)C)[C@]3(C)C(=O)CC12C
Mol_14348	Mol_14348::M01	enone_ketone_acyclic	michael_acceptor	4;5;6;7;8	4	CC(C)(O)/C=C/C(=O)[C@](C)(O)[C@H]1[C@H](O)C[C@@]2(C)C3CC=C4[C@@H](CC(O)C(=O)C4(C)C)[C@]3(C)C(=O)CC12C
Mol_14349	Mol_14349::M01	enone_ketone_acyclic	michael_acceptor	7;8;9;10;11	7	CC(=O)OC(C)(C)/C=C/C(=O)[C@](C)(O)[C@H]1[C@H](O)C[C@@]2(C)C3CC=C4[C@@H](C=C(O)C(=O)C4(C)C)[C@]3(C)C(=O)CC12C
Mol_14349	Mol_14349::M02	enone_cyclic	michael_acceptor	25;26;28;29;30	25	CC(=O)OC(C)(C)/C=C/C(=O)[C@](C)(O)[C@H]1[C@H](O)C[C@@]2(C)C3CC=C4[C@@H](C=C(O)C(=O)C4(C)C)[C@]3(C)C(=O)CC12C
Mol_14350	Mol_14350::M01	enone_cyclic	michael_acceptor	7;5;3;4;1	7	CC1(C)C(=O)C(O)=C[C@@H]2C1=CCC1[C@]3(C)C[C@@H](O)[C@H]([C@@](C)(O)C(=O)CC(O)C(C)(C)O)C3(C)CC(=O)[C@]12C
Mol_14351	Mol_14351::M01	enone_ketone_acyclic	michael_acceptor	7;8;9;10;11	7	CC(=O)OC(C)(C)/C=C/C(=O)[C@](C)(O)[C@H]1[C@H](O)C[C@@]2(C)[C@@H]3[C@@H](O)C=C4[C@@H](C=C(O[C@@H]5O[C@H](CO)[C@@H](O)[C@H](O)[C@H]5O)C(=O)C4(C)C)[C@]3(C)C(=O)C[C@]12C
Mol_14351	Mol_14351::M02	enone_cyclic	michael_acceptor	26;27;40;41;42	26	CC(=O)OC(C)(C)/C=C/C(=O)[C@](C)(O)[C@H]1[C@H](O)C[C@@]2(C)[C@@H]3[C@@H](O)C=C4[C@@H](C=C(O[C@@H]5O[C@H](CO)[C@@H](O)[C@H](O)[C@H]5O)C(=O)C4(C)C)[C@]3(C)C(=O)C[C@]12C
Mol_14352	Mol_14352::M01	enone_cyclic	michael_acceptor	18;19;42;43;44	18	C/C(=C\[C@@H]1C[C@](C)(O)[C@H]2[C@@H](C[C@@]3(C)[C@@H]4CC=C5[C@@H](C=C(O[C@@H]6O[C@H](CO)[C@@H](O)[C@H](O)[C@H]6O[C@@H]6O[C@@H](C)[C@H](O)[C@@H](O)[C@H]6O)C(=O)C5(C)C)[C@]4(C)C(=O)C[C@]23C)O1)CO
Mol_14353	Mol_14353::M01	enone_ketone_acyclic	michael_acceptor	7;8;9;10;11	7	CC(=O)OC(C)(C)/C=C/C(=O)C(C)(O)C1C(O)CC2(C)C3CC=C4C(C=C(OC5OC(CO)C(O)C(O)C5O)C(=O)C4(C)C)C3(C)C(=O)CC12C
Mol_14353	Mol_14353::M02	enone_cyclic	michael_acceptor	25;26;39;40;41	25	CC(=O)OC(C)(C)/C=C/C(=O)C(C)(O)C1C(O)CC2(C)C3CC=C4C(C=C(OC5OC(CO)C(O)C(O)C5O)C(=O)C4(C)C)C3(C)C(=O)CC12C
Mol_14354	Mol_14354::M01	enone_ketone_acyclic	michael_acceptor	4;5;6;7;8	4	CC(C)(O)/C=C/C(=O)[C@](C)(O)[C@H]1[C@H](O)C[C@@]2(C)[C@@H]3CC=C4[C@@H](C=C(O[C@@H]5O[C@H](CO)[C@@H](O)[C@H](O)[C@H]5O)C(=O)C4(C)C)[C@]3(C)C(=O)C[C@]12C
Mol_14354	Mol_14354::M02	enone_cyclic	michael_acceptor	22;23;36;37;38	22	CC(C)(O)/C=C/C(=O)[C@](C)(O)[C@H]1[C@H](O)C[C@@]2(C)[C@@H]3CC=C4[C@@H](C=C(O[C@@H]5O[C@H](CO)[C@@H](O)[C@H](O)[C@H]5O)C(=O)C4(C)C)[C@]3(C)C(=O)C[C@]12C
Mol_14355	Mol_14355::M01	enone_cyclic	michael_acceptor	18;5;3;4;1	18	CC1(C)C(=O)C(O[C@@H]2O[C@H](CO)[C@@H](O)[C@H](O)[C@H]2O)=C[C@@H]2C1=CC[C@@H]1[C@@]2(C)C(=O)C[C@]2(C)[C@@H]([C@@](C)(O)C(=O)C[C@@H](O)C(C)(C)O)[C@H](O)C[C@@]12C
Mol_14356	Mol_14356::M01	enone_cyclic	michael_acceptor	18;5;3;4;1	18	CC1(C)C(=O)C(O[C@@H]2O[C@H](CO)[C@@H](O)[C@H](O)[C@H]2O)=C[C@@H]2C1=CC[C@@H]1[C@@]2(C)C(=O)C[C@]2(C)[C@@H]([C@@](C)(O)C(=O)C[C@H](O)C(C)(C)O)[C@H](O)C[C@@]12C
Mol_14357	Mol_14357::M01	enone_cyclic	michael_acceptor	22;23;36;37;38	22	CC(C)(O)CCC(=O)C(C)(O)C1[C@H](O)C[C@@]2(C)[C@@H]3CC=C4[C@@H](C=C(OC5OC(CO)C(O)C(O)C5O)C(=O)C4(C)C)[C@]3(C)C(=O)C[C@]12C
Mol_14358	Mol_14358::M01	enone_cyclic	michael_acceptor	22;23;36;37;38	22	CC(C)(O)/C=C/[C@H](O)[C@](C)(O)[C@H]1[C@H](O)C[C@@]2(C)[C@@H]3CC=C4[C@@H](C=C(O[C@@H]5O[C@H](CO)[C@@H](O)[C@H](O)[C@H]5O)C(=O)C4(C)C)[C@]3(C)C(=O)C[C@]12C
Mol_14359	Mol_14359::M01	enone_cyclic	michael_acceptor	14;15;28;29;30	14	CC(=O)[C@H]1[C@H](O)C[C@@]2(C)C3CC=C4[C@@H](C=C(OC5OC(CO)C(O)C(O)C5O)C(=O)C4(C)C)[C@]3(C)C(=O)C[C@]12C
Mol_14362	Mol_14362::M01	aldehyde	reversible_carbonyl	2;1;0	1	O=Cc1ccc(O[C@@H]2O[C@H](CO)[C@@H](O)[C@H](O)[C@H]2O)cc1
Mol_14367	Mol_14367::M01	enone_ketone_acyclic	michael_acceptor	7;8;9;10;11	7	CC(=O)OC(C)(C)/C=C/C(=O)[C@](C)(O)[C@H]1[C@H](O)C[C@@]2(C)C3CC=C4[C@@H](C[C@H](O)[C@@H](O)C4(C)C)C3(C)C(=O)CC12C
Mol_14422	Mol_14422::M01	aldehyde	reversible_carbonyl	2;1;0	1	O=CCC(O)C(=O)O
Mol_14424	Mol_14424::M01	acrylate_ester	michael_acceptor	6;7;8;9;10;11	6	C=CC1C(O)OC=C(C(=O)OC)C1Cc1nc(C(=O)O)cc2c1[nH]c1ccc(O)cc12
Mol_14447	Mol_14447::M01	acrylic_acid	michael_acceptor	17;19;20;21;22	17	CC(C)=CC[C@H](O)/C(C)=C/CC/C(C)=C/CC/C(C)=C/C(=O)O
Mol_14451	Mol_14451::M01	enone_cyclic	michael_acceptor	16;17;18;19;20	16	CC(C)CCCC(C)[C@H]1CCC2C3C[C@H](O)C4=CC(=O)CC[C@]4(C)C3CC[C@@]21C
Mol_14452	Mol_14452::M01	enone_cyclic	michael_acceptor	16;17;18;19;20	16	CC(C)C/C=C/C(C)[C@H]1CCC2C3C[C@H](O)C4=CC(=O)CC[C@]4(C)C3CC[C@@]21C
Mol_14465	Mol_14465::M01	enone_ketone_acyclic	michael_acceptor	17;16;14;15;13	17	COc1cc(O)c(Cc2c(O)ccc(C(=O)/C=C/c3ccccc3)c2O)cc1CCC(=O)c1ccccc1
Mol_14465	Mol_14465::M02	chalcone	michael_acceptor	13;14;15;16;17;18	17	COc1cc(O)c(Cc2c(O)ccc(C(=O)/C=C/c3ccccc3)c2O)cc1CCC(=O)c1ccccc1
Mol_14469	Mol_14469::M01	enone_ketone_acyclic	michael_acceptor	9;10;11;12;13	9	COC1C=C(O)C=CC1C=CC(=O)c1ccc(O)cc1
Mol_14470	Mol_14470::M01	enone_ketone_acyclic	michael_acceptor	3;2;1;0;10	3	O=C(/C=C/c1ccccc1)c1ccc(O)cc1O
Mol_14470	Mol_14470::M02	chalcone	michael_acceptor	10;1;0;2;3;4	3	O=C(/C=C/c1ccccc1)c1ccc(O)cc1O
Mol_14471	Mol_14471::M01	enone_ketone_acyclic	michael_acceptor	12;11;9;10;8	12	COc1cc(O)ccc1C(=O)/C=C/c1ccc(O)cc1
Mol_14471	Mol_14471::M02	chalcone	michael_acceptor	8;9;10;11;12;13	12	COc1cc(O)ccc1C(=O)/C=C/c1ccc(O)cc1
Mol_14472	Mol_14472::M01	enal	michael_acceptor	5;6;7;8	5	COc1cc(/C=C/C=O)cc(OC)c1O
Mol_14472	Mol_14472::M02	aldehyde	reversible_carbonyl	6;7;8	7	COc1cc(/C=C/C=O)cc(OC)c1O
Mol_14483	Mol_14483::M01	nitrile	addition_to_CN	9;10;11	10	COc1ccn(C)c(=O)c1C#N
Mol_14490	Mol_14490::M01	enone_cyclic	michael_acceptor	10;11;13;14;15	10	CC(=O)O[C@@H]1[C@@H](C)[C@]2(O)C3C=C(C)C(=O)C3CC(C)=CC2C2C(C)(C)[C@@]21OC(=O)C(C)C
Mol_14502	Mol_14502::M01	acrylic_acid	michael_acceptor	3;4;5;6;7	3	CC(C)C1=C(C(=O)O)CC(=O)OC1
Mol_14521	Mol_14521::M01	acrylate_ester	michael_acceptor	3;2;1;0;11;12	3	O=C(/C=C\c1ccc(O)cc1)O[C@@H]1O[C@H](CO)[C@@H](O)[C@H](O)[C@H]1O
Mol_14523	Mol_14523::M01	acrylate_ester	michael_acceptor	14;13;11;12;10;9	14	COC(=O)C1(O)C[C@@H](O)C(OC(=O)/C=C/c2ccc(O)c(O)c2)[C@H](O)C1
Mol_14524	Mol_14524::M01	acrylate_ester	michael_acceptor	5;6;7;8;9;10	5	COc1cc(/C=C/C(=O)O[C@H]2[C@H](O)C[C@](O)(C(=O)OC)C[C@H]2O)ccc1O
Mol_14525	Mol_14525::M01	acrylate_ester	michael_acceptor	16;15;13;14;12;11	16	COC(=O)[C@]1(O)C[C@@H](O)[C@@H](O)[C@H](OC(=O)/C=C/c2ccc(O)c(OC)c2)C1
Mol_14534	Mol_14534::M01	enone_cyclic	michael_acceptor	14;15;16;17;18	14	CC(C)C(=O)CCC(C)[C@@H]1CC[C@]2(C)C3=C(C(=O)C[C@@]12C)[C@@]1(C)CCC(=O)C(C)(C)C1CC3
Mol_14535	Mol_14535::M01	acrylate_ester	michael_acceptor	7;8;9;10;11;12	7	CCCCC/C=C/C=C/C(=O)O[C@H]1CC[C@]23C[C@]24CC[C@]2(C)[C@@H]([C@H](C)CCC=C(C)C)CC[C@@]2(C)C4CCC3[C@@]1(C)CC
Mol_14536	Mol_14536::M01	acrylate_ester	michael_acceptor	7;8;9;10;11;12	7	CCCCC/C=C\C=C\C(=O)O[C@H]1CC[C@]23C[C@]24CC[C@]2(C)[C@@H]([C@H](C)CCC=C(C)C)CC[C@@]2(C)C4CCC3[C@@]1(C)CC
Mol_14537	Mol_14537::M01	acrylate_ester	michael_acceptor	23;22;20;21;19;18	23	C=C(CC[C@@H](C)[C@H]1CC[C@@]2(C)C3CCC4C(C)(C)[C@@H](OC(=O)/C=C/C=C\CCCCCCCCC)CC[C@@]45C[C@@]35CC[C@]12C)C(C)C
Mol_14538	Mol_14538::M01	acrylate_ester	michael_acceptor	13;14;15;16;17;18	13	CCCCCCCCCCC/C=C\C=C\C(=O)O[C@H]1CC[C@]23C[C@]24CC[C@]2(C)[C@@H]([C@H](C)CCC(=O)C(C)C)CC[C@@]2(C)C4CCC3[C@@H]1C
Mol_14582	Mol_14582::M01	enone_cyclic	michael_acceptor	30;31;33;34;35	30	CC1=C[C@H]2[C@@H]3C(C)(C)[C@]3(OC(=O)C(C)C)[C@H](OC(=O)c3ccccc3)[C@@H](C)[C@]2(O)[C@@H]2C=C(C)C(=O)[C@H]2C1
Mol_14583	Mol_14583::M01	enone_cyclic	michael_acceptor	30;31;33;34;35	30	CC1=C[C@H]2[C@@H]3C(C)(C)[C@]3(OC(=O)C(C)C)[C@H](OC(=O)c3ccccc3)[C@@H](C)[C@]2(O)[C@@H]2C=C(C)C(=O)[C@@H]2C1
Mol_14598	Mol_14598::M01	enone_ketone_acyclic	michael_acceptor	4;3;1;2;0	4	CC(=O)/C=C/[C@@]12O[C@]1(C)C[C@@H](O[C@@H]1O[C@H](CO)[C@@H](O)[C@H](O)[C@H]1O)CC2(C)C
Mol_14598	Mol_14598::M02	epoxide	sn2_ring_opening	5;6;7	5;7	CC(=O)/C=C/[C@@]12O[C@]1(C)C[C@@H](O[C@@H]1O[C@H](CO)[C@@H](O)[C@H](O)[C@H]1O)CC2(C)C
Mol_14602	Mol_14602::M01	enone_ketone_acyclic	michael_acceptor	3;2;1;0;11	3	O=C(/C=C\c1ccc(O)cc1)[C@@]1(O)O[C@H](CO)[C@@H](O)[C@H](O)[C@H]1O
Mol_14621	Mol_14621::M01	nitrile	addition_to_CN	6;7;8	7	Cn1ccc(O)c(C#N)c1=O
Mol_14622	Mol_14622::M01	nitrile	addition_to_CN	11;12;13	12	CC(=O)Oc1ccn(C)c(=O)c1C#N
Mol_14623	Mol_14623::M01	nitrile	addition_to_CN	10;11;12	11	COc1c(Br)cn(C)c(=O)c1C#N
Mol_14637	Mol_14637::M01	acrylate_ester	michael_acceptor	58;57;55;56;54;53	58	CC1OC(OC2C(Oc3c(-c4ccc(O)cc4)oc4cc(O)cc(O)c4c3=O)OC(COC3OC(C)C(O)C(OC4OCC(O)C(O)C4O)C3O)C(O)C2OC(=O)/C=C/c2ccc(O)cc2)C(O)C(O)C1O
Mol_14638	Mol_14638::M01	acrylate_ester	michael_acceptor	5;6;7;8;9;10	5	COc1cc(/C=C/C(=O)OC2C(O)C(COC3OC(C)C(O)C(OC4OCC(O)C(O)C4O)C3O)OC(Oc3c(-c4ccc(O)cc4)oc4cc(O)cc(O)c4c3=O)C2OC2OC(C)C(O)C(O)C2O)ccc1O
Mol_14639	Mol_14639::M01	acrylate_ester	michael_acceptor	56;55;53;54;52;51	56	CC1OC(OC2C(Oc3c(-c4ccc(O)cc4)oc4cc(O)cc(O)c4c3=O)OC(COC3OC(C)C(O)C(OC4OCC(O)C(O)C4O)C3O)C(OC(=O)/C=C/c3ccc(O)cc3)C2O)C(O)C(O)C1O
Mol_14640	Mol_14640::M01	acrylate_ester	michael_acceptor	5;6;7;8;9;10	5	COc1cc(/C=C/C(=O)OC2C(COC3OC(C)C(O)C(OC4OCC(O)C(O)C4O)C3O)OC(Oc3c(-c4ccc(O)cc4)oc4cc(O)cc(O)c4c3=O)C(OC3OC(C)C(O)C(O)C3O)C2O)ccc1O
Mol_14655	Mol_14655::M01	acrylic_acid	michael_acceptor	4;3;1;0;2	4	O=C(O)/C=C/c1ccc(O)cc1O
Mol_14665	Mol_14665::M01	enone_cyclic	michael_acceptor	13;12;10;11;9	13	CC1(C)[C@@H](O)CC[C@]2(C)[C@H]3C(=O)C=C4[C@@H]5C[C@@](C)(C(=O)O)CC[C@]5(C)CC[C@@]4(C)[C@]3(C)CC[C@@H]12
Mol_14667	Mol_14667::M01	enone_cyclic	michael_acceptor	14;15;16;17;18	14	COC(=O)[C@@]1(C)CC[C@]2(C)CC[C@]3(C)C(=CC(=O)[C@@H]4[C@@]5(C)CC[C@H](O)C(C)(C)C5CC[C@]43C)[C@@H]2C1
Mol_14668	Mol_14668::M01	enone_cyclic	michael_acceptor	19;18;16;17;15	19	CC(C)(C)O[C@H]1CC[C@@]2(C)C(CC[C@]3(C)[C@@H]2C(=O)C=C2[C@@H]4C[C@@](C)(C(=O)O)CC[C@]4(C)CC[C@]23C)C1(C)C
Mol_14669	Mol_14669::M01	enone_cyclic	michael_acceptor	14;15;16;17;18	14	COC(=O)[C@@]1(C)CC[C@]2(C)CC[C@]3(C)C(=CC(=O)[C@@H]4[C@@]5(C)CC[C@H](OC)C(C)(C)C5CC[C@]43C)[C@@H]2C1
Mol_14670	Mol_14670::M01	enone_cyclic	michael_acceptor	18;17;15;16;14	18	CC(=O)O[C@H]1CC[C@@]2(C)C(CC[C@]3(C)[C@@H]2C(=O)C=C2[C@@H]4C[C@@](C)(C(=O)O)CC[C@]4(C)CC[C@]23C)C1(C)C
Mol_14671	Mol_14671::M01	enone_cyclic	michael_acceptor	14;15;16;17;18	14	COC(=O)[C@@]1(C)CC[C@]2(C)CC[C@]3(C)C(=CC(=O)[C@@H]4[C@@]5(C)CCC(C(C)C)=C5CC[C@]43C)[C@@H]2C1
Mol_14672	Mol_14672::M01	enone_cyclic	michael_acceptor	13;12;10;11;9	13	CC(=O)O[C@H]1CC[C@]2(C)[C@H]3C(=O)C=C4[C@@H]5C[C@@](C)(C(=O)O)CC[C@]5(C)CC[C@@]4(C)[C@]3(C)CC[C@H]2C1(C)C
Mol_14673	Mol_14673::M01	enone_cyclic	michael_acceptor	14;15;16;17;18	14	COC(=O)[C@@]1(C)CC[C@]2(C)CC[C@]3(C)C(=CC(=O)[C@@H]4[C@@]5(C)CC[C@H](OOC(C)=O)C(C)(C)C5CC[C@]43C)[C@@H]2C1
Mol_14674	Mol_14674::M01	enone_cyclic	michael_acceptor	16;17;18;19;20	16	C=CCOC(=O)[C@@]1(C)CC[C@]2(C)CC[C@]3(C)C(=CC(=O)[C@@H]4[C@@]5(C)CC[C@H](O)C(C)(C)C5CC[C@]43C)[C@@H]2C1
Mol_14675	Mol_14675::M01	enone_cyclic	michael_acceptor	12;11;9;10;8	12	CC1(C)C2CC[C@]3(C)[C@H](C(=O)C=C4[C@@H]5C[C@@](C)(C(=O)O)CC[C@]5(C)CC[C@]43C)[C@@]2(C)CC[C@@H]1OC(=O)Nc1ccccc1
Mol_14676	Mol_14676::M01	enone_cyclic	michael_acceptor	18;17;15;16;14	18	CC(=O)O[C@H]1CC[C@@]2(C)C(CC[C@]3(C)[C@@H]2C(=O)C=C2[C@@H]4C[C@@](C)(C(=O)ONc5ccccc5)CC[C@]4(C)CC[C@]23C)C1(C)C
Mol_14677	Mol_14677::M01	enone_cyclic	michael_acceptor	18;17;15;16;14	18	CC(=O)O[C@H]1CC[C@@]2(C)C(CC[C@]3(C)[C@@H]2C(=O)C=C2[C@@H]4C[C@@](C)(C(=O)ONCCO)CC[C@]4(C)CC[C@]23C)C1(C)C
Mol_14678	Mol_14678::M01	enone_cyclic	michael_acceptor	18;19;20;21;22	18	CCCCNOC(=O)[C@@]1(C)CC[C@]2(C)CC[C@]3(C)C(=CC(=O)[C@@H]4[C@@]5(C)CC[C@H](OC(C)=O)C(C)(C)C5CC[C@]43C)[C@@H]2C1
Mol_14679	Mol_14679::M01	enone_cyclic	michael_acceptor	18;19;20;21;22	18	CC(C)=CCOC(=O)[C@@]1(C)CC[C@]2(C)CC[C@]3(C)C(=CC(=O)[C@@H]4[C@@]5(C)CC[C@H](O)C(C)(C)C5CC[C@]43C)[C@@H]2C1
Mol_14682	Mol_14682::M01	enone_cyclic	michael_acceptor	15;14;12;13;11	15	C=CCCN1C[C@H]2C[C@H](C1)C1CC(=O)C=CN1C2
Mol_14683	Mol_14683::M01	enone_cyclic	michael_acceptor	3;2;1;0;17	3	O=C1C=CN2C[C@@H]3C[C@@H](CN4CCCC[C@@H]34)[C@H]2C1
Mol_14684	Mol_14684::M01	enone_cyclic	michael_acceptor	3;2;1;0;18	3	O=C1C=CN2C[C@@H]3C[C@@H](CN4CC[C@H](O)C[C@@H]34)[C@H]2C1
Mol_14715	Mol_14715::M01	acrylate_ester	michael_acceptor	3;2;1;0;33;24	3	O=C1C=C(c2ccc(O)cc2OO[C@H]2C(O)O[C@H](CO)[C@@H](O)[C@@H]2O)C(Cc2ccc(O)cc2)O1
Mol_14715	Mol_14715::M02	unsat_lactone	michael_acceptor	33;1;0;2;3	3	O=C1C=C(c2ccc(O)cc2OO[C@H]2C(O)O[C@H](CO)[C@@H](O)[C@@H]2O)C(Cc2ccc(O)cc2)O1
Mol_14716	Mol_14716::M01	acrylate_ester	michael_acceptor	6;7;8;9;10;11	6	COc1ccc(C2=CC(=O)OC2Cc2ccc(O)cc2)c(OO[C@H]2C(O)O[C@H](CO)[C@@H](O)[C@@H]2O)c1
Mol_14716	Mol_14716::M02	unsat_lactone	michael_acceptor	10;8;9;7;6	6	COc1ccc(C2=CC(=O)OC2Cc2ccc(O)cc2)c(OO[C@H]2C(O)O[C@H](CO)[C@@H](O)[C@@H]2O)c1
Mol_14717	Mol_14717::M01	acrylate_ester	michael_acceptor	3;2;1;0;21;12	3	O=C1C=C(c2ccc(O)cc2O)C(Cc2ccc(O)cc2)O1
Mol_14717	Mol_14717::M02	unsat_lactone	michael_acceptor	21;1;0;2;3	3	O=C1C=C(c2ccc(O)cc2O)C(Cc2ccc(O)cc2)O1
Mol_14730	Mol_14730::M01	acrylate_ester	michael_acceptor	7;6;4;5;3;2	7	C=CCOC(=O)C=C(c1ccc(OC(C)=O)c(OC)c1)c1ccc(OC(C)=O)c(OC)c1
Mol_14734	Mol_14734::M01	enone_cyclic	michael_acceptor	20;19;25;26;22	20	COc1ccc2c(=O)cc(-c3ccccc3)oc2c1C1=COC(C)(C)C1=O
Mol_14753	Mol_14753::M01	acrylate_ester	michael_acceptor	3;2;1;0;11;12	3	O=C(/C=C/c1ccc(O)cc1)OC[C@H]1O[C@@H](Oc2c(-c3ccc(O)cc3)oc3cc(OC4O[C@H](COC5O[C@H](CO)[C@@H](O)[C@H](O)[C@H]5O)[C@@H](O)[C@H](O)[C@H]4O)cc(O)c3c2=O)[C@H](O)[C@@H](O)[C@@H]1O
Mol_14754	Mol_14754::M01	acrylate_ester	michael_acceptor	3;2;1;0;11;12	3	O=C(/C=C/c1ccc(O)cc1)OC[C@H]1O[C@@H](Oc2c(-c3ccc(O)c(O)c3)oc3cc(OC4O[C@H](COC5O[C@H](CO)[C@@H](O)[C@H](O)[C@H]5O)[C@@H](O)[C@H](O)[C@H]4O)cc(O)c3c2=O)[C@H](O)[C@@H](O)[C@@H]1O
Mol_14803	Mol_14803::M01	aldehyde	reversible_carbonyl	2;1;0	1	O=CCCCCCCCC(=O)O
Mol_14816	Mol_14816::M01	epoxide	sn2_ring_opening	10;11;12	10;12	O=C(O)CCCCCCCC1OC1CCCCCCCCO
Mol_14825	Mol_14825::M01	alpha_halo_carbonyl	sn2_alkylation	14;12;13;10;11	10	O=C(O)CCCCCCCC(Br)C(=O)O
Mol_14835	Mol_14835::M01	acrylate_ester	michael_acceptor	13;12;10;11;9;8	13	CC(=O)O[C@H]1[C@H](O)[C@@H](COC(=O)/C=C/c2ccc(O)cc2)O[C@@H](Oc2c(-c3ccc(O)cc3)oc3cc(O)cc(O)c3c2=O)[C@@H]1OC(=O)/C=C/c1ccc(O)cc1
Mol_14835	Mol_14835::M02	acrylate_ester	michael_acceptor	49;48;46;47;45;44	49	CC(=O)O[C@H]1[C@H](O)[C@@H](COC(=O)/C=C/c2ccc(O)cc2)O[C@@H](Oc2c(-c3ccc(O)cc3)oc3cc(O)cc(O)c3c2=O)[C@@H]1OC(=O)/C=C/c1ccc(O)cc1
Mol_14836	Mol_14836::M01	acrylate_ester	michael_acceptor	10;9;7;8;6;5	10	CC(=O)O[C@@H]1[C@@H](OC(=O)/C=C/c2ccc(O)cc2)[C@H](Oc2c(-c3ccc(O)cc3)oc3cc(O)cc(O)c3c2=O)O[C@H](COC(=O)/C=C/c2ccc(O)cc2)[C@H]1OC(C)=O
Mol_14836	Mol_14836::M02	acrylate_ester	michael_acceptor	47;46;44;45;43;42	47	CC(=O)O[C@@H]1[C@@H](OC(=O)/C=C/c2ccc(O)cc2)[C@H](Oc2c(-c3ccc(O)cc3)oc3cc(O)cc(O)c3c2=O)O[C@H](COC(=O)/C=C/c2ccc(O)cc2)[C@H]1OC(C)=O
Mol_14854	Mol_14854::M01	acrylic_acid	michael_acceptor	5;6;8;9;10	5	C=C(C(O)C/C=C(\C)C(=O)O)[C@H]1C[C@@H](O)[C@@]2(C)C3=C(C(=O)C[C@]12C)[C@@]1(C)CCC(=O)[C@](C)(CO)[C@@H]1CC3=O
Mol_14854	Mol_14854::M02	enone_cyclic	michael_acceptor	17;18;19;20;21	17	C=C(C(O)C/C=C(\C)C(=O)O)[C@H]1C[C@@H](O)[C@@]2(C)C3=C(C(=O)C[C@]12C)[C@@]1(C)CCC(=O)[C@](C)(CO)[C@@H]1CC3=O
Mol_14854	Mol_14854::M03	enone_cyclic	michael_acceptor	18;17;36;37;35	18	C=C(C(O)C/C=C(\C)C(=O)O)[C@H]1C[C@@H](O)[C@@]2(C)C3=C(C(=O)C[C@]12C)[C@@]1(C)CCC(=O)[C@](C)(CO)[C@@H]1CC3=O
Mol_14855	Mol_14855::M01	acrylic_acid	michael_acceptor	2;1;35;36;37	2	C/C(=C\CCC(C)(O)[C@H]1C[C@@H](O)[C@@]2(C)C3=C(C(=O)C[C@]12C)[C@@]1(C)CCC(=O)[C@](C)(CO)[C@@H]1CC3=O)C(=O)O
Mol_14855	Mol_14855::M02	enone_cyclic	michael_acceptor	14;15;16;17;18	14	C/C(=C\CCC(C)(O)[C@H]1C[C@@H](O)[C@@]2(C)C3=C(C(=O)C[C@]12C)[C@@]1(C)CCC(=O)[C@](C)(CO)[C@@H]1CC3=O)C(=O)O
Mol_14855	Mol_14855::M03	enone_cyclic	michael_acceptor	15;14;33;34;32	15	C/C(=C\CCC(C)(O)[C@H]1C[C@@H](O)[C@@]2(C)C3=C(C(=O)C[C@]12C)[C@@]1(C)CCC(=O)[C@](C)(CO)[C@@H]1CC3=O)C(=O)O
Mol_14856	Mol_14856::M01	acrylic_acid	michael_acceptor	11;10;21;22;23	11	C/C(=C\CC/C(C)=C/CC/C(=C/Cc1cc(O)ccc1O)C(=O)O)CO
Mol_14859	Mol_14859::M01	acrylate_ester	michael_acceptor	39;38;36;37;35;34	39	CC1OC(OCC2O[C@@H](Oc3c(-c4ccc(O)cc4)oc4cc(O)cc(O)c4c3=O)[C@@H](O)[C@@H](O)[C@H]2OC(=O)/C=C/c2ccc(O)cc2)C(O)C(O)C1OC1OC(O)C(O[C@@H]2OC(CO)[C@@H](O)[C@H](O)[C@@H]2O)C(O)C1O
Mol_14860	Mol_14860::M01	acrylate_ester	michael_acceptor	40;39;37;38;36;35	40	CC1OC(OCC2O[C@@H](Oc3c(-c4ccc(O)c(O)c4)oc4cc(O)cc(O)c4c3=O)[C@@H](O)[C@@H](O)[C@H]2OC(=O)/C=C/c2ccc(O)cc2)C(O)C(O)C1OC1OC(O)C(O[C@@H]2OC(CO)[C@@H](O)[C@H](O)[C@@H]2O)C(O)C1O
Mol_14861	Mol_14861::M01	enone_cyclic	michael_acceptor	2;1;42;43;40	2	CC1=C(/C=C/C(C)=C/C=C/C(C)=C/C=C/C=C(C)/C=C/C=C(C)/C=C/C2=C(C)C(=O)[C@@H](O)CC2(C)C)C(C)(C)C[C@H](O)C1=O
Mol_14861	Mol_14861::M02	enone_cyclic	michael_acceptor	25;26;28;29;30	25	CC1=C(/C=C/C(C)=C/C=C/C(C)=C/C=C/C=C(C)/C=C/C=C(C)/C=C/C2=C(C)C(=O)[C@@H](O)CC2(C)C)C(C)(C)C[C@H](O)C1=O
Mol_14864	Mol_14864::M01	enone_cyclic	michael_acceptor	2;1;40;41;39	2	CC1=C(/C=C/C(C)=C/C=C/C(C)=C/C=C/C=C(C)/C=C/C=C(C)/C=C/C2=C(C)C(=O)CCC2(C)C)C(C)(C)CCC1=O
Mol_14864	Mol_14864::M02	enone_cyclic	michael_acceptor	25;26;28;29;30	25	CC1=C(/C=C/C(C)=C/C=C/C(C)=C/C=C/C=C(C)/C=C/C=C(C)/C=C/C2=C(C)C(=O)CCC2(C)C)C(C)(C)CCC1=O
Mol_14892	Mol_14892::M01	enal	michael_acceptor	10;7;8;9	10	C=C1[C@@H](O)C[C@]2(O)C(C=O)=CO[C@@H](O[C@@H]3OC(CO)[C@@H](O)[C@H](O)C3O)[C@H]12
Mol_14892	Mol_14892::M02	aldehyde	reversible_carbonyl	7;8;9	8	C=C1[C@@H](O)C[C@]2(O)C(C=O)=CO[C@@H](O[C@@H]3OC(CO)[C@@H](O)[C@H](O)C3O)[C@H]12
Mol_14893	Mol_14893::M01	enal	michael_acceptor	22;19;20;21	22	C=C1[C@@H](OC(=O)/C(C)=C/CC/C(C)=C/CO)C[C@]2(O)C(C=O)=CO[C@@H](O[C@@H]3OC(CO)[C@@H](O)[C@H](O)C3O)[C@H]12
Mol_14893	Mol_14893::M02	acrylate_ester	michael_acceptor	8;6;4;5;3;2	8	C=C1[C@@H](OC(=O)/C(C)=C/CC/C(C)=C/CO)C[C@]2(O)C(C=O)=CO[C@@H](O[C@@H]3OC(CO)[C@@H](O)[C@H](O)C3O)[C@H]12
Mol_14893	Mol_14893::M03	aldehyde	reversible_carbonyl	19;20;21	20	C=C1[C@@H](OC(=O)/C(C)=C/CC/C(C)=C/CO)C[C@]2(O)C(C=O)=CO[C@@H](O[C@@H]3OC(CO)[C@@H](O)[C@H](O)C3O)[C@H]12
Mol_14894	Mol_14894::M01	enal	michael_acceptor	10;7;8;9	10	C[C@]1(O)CC[C@]2(O)C(C=O)=CO[C@@H](O[C@@H]3O[C@H](CO)[C@@H](O)[C@H](O)[C@H]3O)[C@H]12
Mol_14894	Mol_14894::M02	aldehyde	reversible_carbonyl	7;8;9	8	C[C@]1(O)CC[C@]2(O)C(C=O)=CO[C@@H](O[C@@H]3O[C@H](CO)[C@@H](O)[C@H](O)[C@H]3O)[C@H]12
Mol_14895	Mol_14895::M01	enal	michael_acceptor	20;17;18;19	20	C=C1[C@@H](OC(=O)/C=C/c2ccccc2)C[C@]2(O)C(C=O)=CO[C@@H](O[C@@H]3OC(CO)[C@@H](O)[C@H](O)C3O)[C@H]12
Mol_14895	Mol_14895::M02	acrylate_ester	michael_acceptor	7;6;4;5;3;2	7	C=C1[C@@H](OC(=O)/C=C/c2ccccc2)C[C@]2(O)C(C=O)=CO[C@@H](O[C@@H]3OC(CO)[C@@H](O)[C@H](O)C3O)[C@H]12
Mol_14895	Mol_14895::M03	aldehyde	reversible_carbonyl	17;18;19	18	C=C1[C@@H](OC(=O)/C=C/c2ccccc2)C[C@]2(O)C(C=O)=CO[C@@H](O[C@@H]3OC(CO)[C@@H](O)[C@H](O)C3O)[C@H]12
Mol_14900	Mol_14900::M01	acrylate_ester	michael_acceptor	3;2;1;0;11;12	3	O=C(/C=C/c1ccc(O)cc1)OCC1O[C@@H](Oc2cc(O)c3c(=O)cc(-c4ccc(O)cc4)oc3c2)C(O)[C@@H](O)[C@@H]1O
Mol_14933	Mol_14933::M01	acrylate_ester	michael_acceptor	3;2;1;0;12;13	3	O=C(/C=C/c1ccc(O)c(O)c1)OCC1OC(OC(=O)c2c[nH]c3ccccc23)C(O)C(O)C1O
Mol_14952	Mol_14952::M01	acrylate_ester	michael_acceptor	3;2;1;0;11;12	3	O=C(/C=C/c1ccc(O)cc1)O[C@@H]1C(O)[C@H](Oc2cc(O)c3c(=O)cc(-c4ccc(O)cc4)oc3c2)OC(CO)[C@H]1O
Mol_14965	Mol_14965::M01	enone_cyclic	michael_acceptor	15;17;18;19;20	15	C=CC(=C)CC[C@@]1(C)[C@H](C)[C@H](O)C[C@@]2(C)C(C)=CC(=O)C[C@H]12
Mol_14966	Mol_14966::M01	enone_cyclic	michael_acceptor	15;17;18;19;20	15	C=C/C(C)=C/C[C@@]1(C)[C@H](C)[C@H](O)C[C@@]2(C)C(C)=CC(=O)C[C@H]12
Mol_14967	Mol_14967::M01	enone_cyclic	michael_acceptor	1;2;3;4;5	1	CC1=CC(=O)C[C@@H]2[C@@](C)(CCC3=CCOOC3)[C@H](C)[C@H](O)C[C@@]12C
Mol_14968	Mol_14968::M01	enone_cyclic	michael_acceptor	13;12;10;11;9	13	C=CC(=C)CC[C@]1(C)C2CC(=O)C=C(C)[C@]2(C)C[C@@H](O)[C@H]1C
Mol_14969	Mol_14969::M01	enone_cyclic	michael_acceptor	13;12;10;11;9	13	C=C/C(C)=C/C[C@]1(C)C2CC(=O)C=C(C)[C@]2(C)C[C@@H](O)[C@H]1C
Mol_14970	Mol_14970::M01	enone_cyclic	michael_acceptor	1;2;3;4;5	1	CC1=CC(=O)CC2[C@@]1(C)C[C@@H](O)[C@@H](C)[C@]2(C)CCC1=CCOOC1
Mol_14974	Mol_14974::M01	acrylate_ester	michael_acceptor	3;2;1;0;11;12	3	O=C(/C=C/c1ccc(O)cc1)OCC1OC(Oc2cc(O)c3c(=O)cc(-c4ccc(O)cc4)oc3c2)C(O)C(O)C1O
Mol_14978	Mol_14978::M01	acrylate_ester	michael_acceptor	5;4;2;3;1;0	5	COC(=O)/C=C/c1ccc(O)c(O)c1
Mol_14979	Mol_14979::M01	acrylate_ester	michael_acceptor	3;2;1;0;12;13	3	O=C(/C=C/c1ccc(O)c(O)c1)O/C=C\c1ccc(O)c(O)c1
Mol_14986	Mol_14986::M01	aldehyde	reversible_carbonyl	20;21;22	21	CC(=O)O[C@H]1CC[C@]2(C)[C@H]3CC=C4[C@@H]5CC(C)(C)CC[C@]5(C=O)CC[C@@]4(C)[C@]3(C)CC[C@H]2C1(C)C
Mol_14988	Mol_14988::M01	enone_cyclic	michael_acceptor	2;1;23;24;22	2	CC1=C(C)C2=CC(=O)c3c(O)c(C(C)C)c(O)c(O)c3[C@@]2(C)CC1=O
Mol_14988	Mol_14988::M02	enone_cyclic	michael_acceptor	4;5;6;7;8	4	CC1=C(C)C2=CC(=O)c3c(O)c(C(C)C)c(O)c(O)c3[C@@]2(C)CC1=O
Mol_14989	Mol_14989::M01	enone_ketone_acyclic	michael_acceptor	0;1;2;4;3	0	C=C(C(C)=O)[C@@H]1CC(=O)c2c(O)c(C(C)C)c(O)c(O)c2[C@@]1(C)CC(=O)O
Mol_14990	Mol_14990::M01	enone_cyclic	michael_acceptor	2;1;23;24;22	2	CC1=C(C)[C@@H]2CC(=O)c3c(O)c(C(C)C)c(O)c(O)c3[C@@]2(C)CC1=O
Mol_14995	Mol_14995::M01	enone_cyclic	michael_acceptor	12;11;20;21;19	12	CC(C)c1cc2c(c(O)c1O)C1=C(CC2)C(C)(C)CCC1=O
Mol_15004	Mol_15004::M01	aldehyde	reversible_carbonyl	6;7;8	7	C[C@H]1[C@H](C)CC[C@]2(C=O)CC[C@]3(C)C(=CC=C4[C@@]5(C)[C@H](O)C[C@H](O)C(C)(C)[C@@H]5CC[C@]43C)[C@H]12
Mol_15006	Mol_15006::M01	aldehyde	reversible_carbonyl	27;28;29	28	C[C@@H]1[C@H]2[C@H]3C=C[C@@H]4[C@@]5(C)[C@H](O)C[C@H](O)C(C)(C)[C@@H]5CC[C@@]4(C)[C@]3(C)[C@@H](O)C[C@@]2(C=O)CC[C@H]1C
Mol_15012	Mol_15012::M01	acrylate_ester	michael_acceptor	71;70;68;69;67;66	71	CC(=O)OCC1OC(OCCc2ccc(OC(C)=O)c(OC(C)=O)c2)C(OC(C)=O)C(OC2OC(C)C(OC(C)=O)C(OC(C)=O)C2OC2OCC(OC(C)=O)C(OC(C)=O)C2OC(C)=O)C1OC(=O)/C=C/c1ccc(OC(C)=O)c(OC(C)=O)c1
Mol_15013	Mol_15013::M01	acrylate_ester	michael_acceptor	29;28;26;27;25;24	29	CC1OC(OC2C(O)C(OCCc3ccc(O)c(O)c3)OC(CO)C2OC(=O)/C=C/c2ccc(O)c(O)c2)C(OC2OCC(O)C(O)C2O)C(O)C1O
Mol_15033	Mol_15033::M01	acrylate_ester	michael_acceptor	5;6;7;8;9;10	5	COc1cc(/C=C/C(=O)OC2C(O)[C@H](O[C@H]3C4C=CO[C@@H](O[C@@H]5OC(CO)[C@@H](O)C(O)[C@H]5O)C4[C@@]4(CO)O[C@@H]34)O[C@@H](C)[C@@H]2O)ccc1O
Mol_15033	Mol_15033::M02	epoxide	sn2_ring_opening	34;37;38	34;38	COc1cc(/C=C/C(=O)OC2C(O)[C@H](O[C@H]3C4C=CO[C@@H](O[C@@H]5OC(CO)[C@@H](O)C(O)[C@H]5O)C4[C@@]4(CO)O[C@@H]34)O[C@@H](C)[C@@H]2O)ccc1O
Mol_15034	Mol_15034::M01	acrylate_ester	michael_acceptor	10;9;7;8;6;5	10	CC(=O)OC1C(OC(=O)/C=C/c2ccccc2)[C@@H](OC(=O)/C=C/c2ccccc2)[C@H](C)O[C@H]1O[C@H]1C2C=CO[C@@H](O[C@@H]3OC(CO)[C@@H](O)C(O)[C@H]3O)C2[C@@]2(CO)O[C@@H]12
Mol_15034	Mol_15034::M02	acrylate_ester	michael_acceptor	22;21;19;20;18;17	22	CC(=O)OC1C(OC(=O)/C=C/c2ccccc2)[C@@H](OC(=O)/C=C/c2ccccc2)[C@H](C)O[C@H]1O[C@H]1C2C=CO[C@@H](O[C@@H]3OC(CO)[C@@H](O)C(O)[C@H]3O)C2[C@@]2(CO)O[C@@H]12
Mol_15034	Mol_15034::M03	epoxide	sn2_ring_opening	53;56;57	53;57	CC(=O)OC1C(OC(=O)/C=C/c2ccccc2)[C@@H](OC(=O)/C=C/c2ccccc2)[C@H](C)O[C@H]1O[C@H]1C2C=CO[C@@H](O[C@@H]3OC(CO)[C@@H](O)C(O)[C@H]3O)C2[C@@]2(CO)O[C@@H]12
Mol_15041	Mol_15041::M01	acrylate_ester	michael_acceptor	38;37;35;36;34;33	38	C[C@@H]1O[C@@H](O[C@@H]2[C@@H](O)[C@H](OCCc3ccc(O)c(O)c3)O[C@H](CO[C@@H]3OC[C@](O)(CO)[C@H]3O)[C@H]2OC(=O)/C=C/c2ccc(O)c(O)c2)[C@H](O)[C@H](O)[C@H]1O
Mol_15044	Mol_15044::M01	acrylate_ester	michael_acceptor	46;45;43;44;42;41	46	CC1OC(Oc2c(-c3ccc(O)cc3)oc3cc(OC4OC(CO)C(O)C(O)C4O)cc(O)c3c2=O)C(OC2OC(COC(=O)/C=C/c3ccc(O)cc3)C(O)C(O)C2O)C(O)C1O
Mol_15045	Mol_15045::M01	acrylate_ester	michael_acceptor	48;47;45;46;44;43	48	CC1OC(Oc2c(-c3ccc(O)cc3)oc3cc(OC4OC(CO)C(O)C(O)C4O)cc(O)c3c2=O)C(OC2OC(CO)C(OC(=O)/C=C/c3ccc(O)cc3)C(O)C2O)C(O)C1O
Mol_15046	Mol_15046::M01	epoxide	sn2_ring_opening	6;8;9	6;9	CC(C)=C1CCC2(C)OC2C1=O
Mol_15055	Mol_15055::M01	acrylate_ester	michael_acceptor	27;26;24;25;23;22	27	COc1cc(-c2cc(=O)c3c(O)cc(OC4OC(CO)C(O)C(OC(=O)/C=C/c5ccc(O)cc5)C4O)cc3o2)ccc1O
Mol_15056	Mol_15056::M01	acrylate_ester	michael_acceptor	6;7;8;9;10;11	6	COc1ccc(/C=C/C(=O)O[C@@H]2[C@@H](O[C@H]3C4C=CO[C@@H](O[C@@H]5O[C@H](CO)[C@@H](O)[C@H](O)[C@H]5O)C4[C@@]4(CO)O[C@@H]34)O[C@H](C)[C@@H](O)[C@@H]2OC(=O)/C=C/c2ccc(OC)cc2)cc1
Mol_15056	Mol_15056::M02	acrylate_ester	michael_acceptor	48;47;45;46;44;43	48	COc1ccc(/C=C/C(=O)O[C@@H]2[C@@H](O[C@H]3C4C=CO[C@@H](O[C@@H]5O[C@H](CO)[C@@H](O)[C@H](O)[C@H]5O)C4[C@@]4(CO)O[C@@H]34)O[C@H](C)[C@@H](O)[C@@H]2OC(=O)/C=C/c2ccc(OC)cc2)cc1
Mol_15056	Mol_15056::M03	epoxide	sn2_ring_opening	33;36;37	33;37	COc1ccc(/C=C/C(=O)O[C@@H]2[C@@H](O[C@H]3C4C=CO[C@@H](O[C@@H]5O[C@H](CO)[C@@H](O)[C@H](O)[C@H]5O)C4[C@@]4(CO)O[C@@H]34)O[C@H](C)[C@@H](O)[C@@H]2OC(=O)/C=C/c2ccc(OC)cc2)cc1
Mol_15057	Mol_15057::M01	acrylate_ester	michael_acceptor	34;33;31;32;30;29	34	C[C@H]1O[C@H](O[C@H]2C3C=CO[C@@H](O[C@@H]4O[C@H](CO)[C@@H](O)[C@H](O)[C@H]4O)C3[C@@]3(CO)O[C@@H]23)[C@@H](OC(=O)/C=C/c2ccc(O)cc2)[C@@H](OC(=O)/C=C/c2ccc(O)cc2)[C@@H]1O
Mol_15057	Mol_15057::M02	acrylate_ester	michael_acceptor	47;46;44;45;43;42	47	C[C@H]1O[C@H](O[C@H]2C3C=CO[C@@H](O[C@@H]4O[C@H](CO)[C@@H](O)[C@H](O)[C@H]4O)C3[C@@]3(CO)O[C@@H]23)[C@@H](OC(=O)/C=C/c2ccc(O)cc2)[C@@H](OC(=O)/C=C/c2ccc(O)cc2)[C@@H]1O
Mol_15057	Mol_15057::M03	epoxide	sn2_ring_opening	24;27;28	24;28	C[C@H]1O[C@H](O[C@H]2C3C=CO[C@@H](O[C@@H]4O[C@H](CO)[C@@H](O)[C@H](O)[C@H]4O)C3[C@@]3(CO)O[C@@H]23)[C@@H](OC(=O)/C=C/c2ccc(O)cc2)[C@@H](OC(=O)/C=C/c2ccc(O)cc2)[C@@H]1O
Mol_15058	Mol_15058::M01	acrylate_ester	michael_acceptor	36;35;33;34;32;31	36	C[C@H]1O[C@H](O[C@H]2[C@@H]3C=CO[C@@H](O[C@@H]4O[C@H](CO)[C@@H](O)[C@H](O)[C@H]4O)[C@@H]3[C@@]3(CO)O[C@@H]23)[C@@H](O)[C@@H](OC(=O)/C=C/c2ccc(O)cc2)[C@@H]1OC(=O)/C=C/c1ccc(O)c(O)c1
Mol_15058	Mol_15058::M02	acrylate_ester	michael_acceptor	49;48;46;47;45;44	49	C[C@H]1O[C@H](O[C@H]2[C@@H]3C=CO[C@@H](O[C@@H]4O[C@H](CO)[C@@H](O)[C@H](O)[C@H]4O)[C@@H]3[C@@]3(CO)O[C@@H]23)[C@@H](O)[C@@H](OC(=O)/C=C/c2ccc(O)cc2)[C@@H]1OC(=O)/C=C/c1ccc(O)c(O)c1
Mol_15058	Mol_15058::M03	epoxide	sn2_ring_opening	24;27;28	24;28	C[C@H]1O[C@H](O[C@H]2[C@@H]3C=CO[C@@H](O[C@@H]4O[C@H](CO)[C@@H](O)[C@H](O)[C@H]4O)[C@@H]3[C@@]3(CO)O[C@@H]23)[C@@H](O)[C@@H](OC(=O)/C=C/c2ccc(O)cc2)[C@@H]1OC(=O)/C=C/c1ccc(O)c(O)c1
Mol_15059	Mol_15059::M01	acrylate_ester	michael_acceptor	6;7;8;9;10;11	6	COc1ccc(/C=C/C(=O)O[C@@H]2[C@H](O)[C@@H](O[C@H]3C4C=CO[C@@H](O[C@@H]5O[C@H](CO)[C@@H](O)[C@H](O)[C@H]5O)C4[C@@]4(CO)O[C@@H]34)O[C@H](C)[C@H]2OC(=O)/C=C/c2ccc(OC)cc2)cc1
Mol_15059	Mol_15059::M02	acrylate_ester	michael_acceptor	48;47;45;46;44;43	48	COc1ccc(/C=C/C(=O)O[C@@H]2[C@H](O)[C@@H](O[C@H]3C4C=CO[C@@H](O[C@@H]5O[C@H](CO)[C@@H](O)[C@H](O)[C@H]5O)C4[C@@]4(CO)O[C@@H]34)O[C@H](C)[C@H]2OC(=O)/C=C/c2ccc(OC)cc2)cc1
Mol_15059	Mol_15059::M03	epoxide	sn2_ring_opening	35;38;39	35;39	COc1ccc(/C=C/C(=O)O[C@@H]2[C@H](O)[C@@H](O[C@H]3C4C=CO[C@@H](O[C@@H]5O[C@H](CO)[C@@H](O)[C@H](O)[C@H]5O)C4[C@@]4(CO)O[C@@H]34)O[C@H](C)[C@H]2OC(=O)/C=C/c2ccc(OC)cc2)cc1
Mol_15060	Mol_15060::M01	acrylate_ester	michael_acceptor	36;35;33;34;32;31	36	C[C@H]1O[C@H](O[C@H]2C3C=CO[C@@H](O[C@@H]4O[C@H](CO)[C@@H](O)[C@H](O)[C@H]4O)C3[C@@]3(CO)O[C@@H]23)[C@@H](O)[C@@H](OC(=O)/C=C/c2ccc(O)cc2)[C@@H]1OC(=O)/C=C/c1ccc(O)cc1
Mol_15060	Mol_15060::M02	acrylate_ester	michael_acceptor	49;48;46;47;45;44	49	C[C@H]1O[C@H](O[C@H]2C3C=CO[C@@H](O[C@@H]4O[C@H](CO)[C@@H](O)[C@H](O)[C@H]4O)C3[C@@]3(CO)O[C@@H]23)[C@@H](O)[C@@H](OC(=O)/C=C/c2ccc(O)cc2)[C@@H]1OC(=O)/C=C/c1ccc(O)cc1
Mol_15060	Mol_15060::M03	epoxide	sn2_ring_opening	24;27;28	24;28	C[C@H]1O[C@H](O[C@H]2C3C=CO[C@@H](O[C@@H]4O[C@H](CO)[C@@H](O)[C@H](O)[C@H]4O)C3[C@@]3(CO)O[C@@H]23)[C@@H](O)[C@@H](OC(=O)/C=C/c2ccc(O)cc2)[C@@H]1OC(=O)/C=C/c1ccc(O)cc1
Mol_15061	Mol_15061::M01	acrylate_ester	michael_acceptor	34;33;31;32;30;29	34	C[C@H]1O[C@H](O[C@H]2C3C=CO[C@@H](O[C@@H]4O[C@H](CO)[C@@H](O)[C@H](O)[C@H]4O)C3[C@@]3(CO)O[C@@H]23)[C@@H](OC(=O)/C=C/c2ccc(O)cc2)[C@@H](OC(=O)/C=C/c2ccc(O)c(O)c2)[C@@H]1O
Mol_15061	Mol_15061::M02	acrylate_ester	michael_acceptor	47;46;44;45;43;42	47	C[C@H]1O[C@H](O[C@H]2C3C=CO[C@@H](O[C@@H]4O[C@H](CO)[C@@H](O)[C@H](O)[C@H]4O)C3[C@@]3(CO)O[C@@H]23)[C@@H](OC(=O)/C=C/c2ccc(O)cc2)[C@@H](OC(=O)/C=C/c2ccc(O)c(O)c2)[C@@H]1O
Mol_15061	Mol_15061::M03	epoxide	sn2_ring_opening	24;27;28	24;28	C[C@H]1O[C@H](O[C@H]2C3C=CO[C@@H](O[C@@H]4O[C@H](CO)[C@@H](O)[C@H](O)[C@H]4O)C3[C@@]3(CO)O[C@@H]23)[C@@H](OC(=O)/C=C/c2ccc(O)cc2)[C@@H](OC(=O)/C=C/c2ccc(O)c(O)c2)[C@@H]1O
Mol_15062	Mol_15062::M01	acrylate_ester	michael_acceptor	5;6;7;8;9;10	5	COc1cc(/C=C/C(=O)O[C@@H]2[C@@H](O[C@H]3C4C=CO[C@@H](O[C@@H]5O[C@H](CO)[C@@H](O)[C@H](O)[C@H]5O)C4[C@@]4(CO)O[C@@H]34)O[C@H](C)[C@@H](O)[C@@H]2OC(=O)/C=C/c2ccc(O)cc2)ccc1O
Mol_15062	Mol_15062::M02	acrylate_ester	michael_acceptor	47;46;44;45;43;42	47	COc1cc(/C=C/C(=O)O[C@@H]2[C@@H](O[C@H]3C4C=CO[C@@H](O[C@@H]5O[C@H](CO)[C@@H](O)[C@H](O)[C@H]5O)C4[C@@]4(CO)O[C@@H]34)O[C@H](C)[C@@H](O)[C@@H]2OC(=O)/C=C/c2ccc(O)cc2)ccc1O
Mol_15062	Mol_15062::M03	epoxide	sn2_ring_opening	32;35;36	32;36	COc1cc(/C=C/C(=O)O[C@@H]2[C@@H](O[C@H]3C4C=CO[C@@H](O[C@@H]5O[C@H](CO)[C@@H](O)[C@H](O)[C@H]5O)C4[C@@]4(CO)O[C@@H]34)O[C@H](C)[C@@H](O)[C@@H]2OC(=O)/C=C/c2ccc(O)cc2)ccc1O
Mol_15063	Mol_15063::M01	acrylate_ester	michael_acceptor	6;7;8;9;10;11	6	COc1ccc(/C=C/C(=O)O[C@H]2[C@H](O)[C@H](O)[C@@H](O[C@H]3C4C=CO[C@@H](O[C@@H]5O[C@H](CO)[C@@H](O)[C@H](O)[C@H]5O)C4[C@@]4(CO)O[C@@H]34)O[C@@H]2C)cc1
Mol_15063	Mol_15063::M02	epoxide	sn2_ring_opening	37;40;41	37;41	COc1ccc(/C=C/C(=O)O[C@H]2[C@H](O)[C@H](O)[C@@H](O[C@H]3C4C=CO[C@@H](O[C@@H]5O[C@H](CO)[C@@H](O)[C@H](O)[C@H]5O)C4[C@@]4(CO)O[C@@H]34)O[C@@H]2C)cc1
Mol_15064	Mol_15064::M01	acrylate_ester	michael_acceptor	8;7;5;6;4;3	8	C[C@@H]1O[C@@H](OC(=O)/C=C/c2ccc(O)cc2)[C@H](OC(=O)/C=C/c2ccc(O)c(O)c2)[C@H](O)[C@H]1O
Mol_15064	Mol_15064::M02	acrylate_ester	michael_acceptor	21;20;18;19;17;16	21	C[C@@H]1O[C@@H](OC(=O)/C=C/c2ccc(O)cc2)[C@H](OC(=O)/C=C/c2ccc(O)c(O)c2)[C@H](O)[C@H]1O
Mol_15069	Mol_15069::M01	acrylate_ester	michael_acceptor	34;33;31;32;30;29	34	C[C@H]1O[C@H](O[C@H]2C3C=CO[C@@H](O[C@@H]4O[C@H](CO)[C@@H](O)[C@H](O)[C@H]4O)C3[C@@]3(CO)O[C@@H]23)[C@@H](OC(=O)/C=C/c2ccc(O)c(O)c2)[C@@H](OC(=O)/C=C/c2ccc(O)c(O)c2)[C@@H]1O
Mol_15069	Mol_15069::M02	acrylate_ester	michael_acceptor	48;47;45;46;44;43	48	C[C@H]1O[C@H](O[C@H]2C3C=CO[C@@H](O[C@@H]4O[C@H](CO)[C@@H](O)[C@H](O)[C@H]4O)C3[C@@]3(CO)O[C@@H]23)[C@@H](OC(=O)/C=C/c2ccc(O)c(O)c2)[C@@H](OC(=O)/C=C/c2ccc(O)c(O)c2)[C@@H]1O
Mol_15069	Mol_15069::M03	epoxide	sn2_ring_opening	24;27;28	24;28	C[C@H]1O[C@H](O[C@H]2C3C=CO[C@@H](O[C@@H]4O[C@H](CO)[C@@H](O)[C@H](O)[C@H]4O)C3[C@@]3(CO)O[C@@H]23)[C@@H](OC(=O)/C=C/c2ccc(O)c(O)c2)[C@@H](OC(=O)/C=C/c2ccc(O)c(O)c2)[C@@H]1O
Mol_15071	Mol_15071::M01	acrylate_ester	michael_acceptor	34;33;31;32;30;29	34	C[C@H]1O[C@H](O[C@H]2C3C=CO[C@@H](O[C@@H]4O[C@H](CO)[C@@H](O)[C@H](O)[C@H]4O)C3[C@@]3(CO)O[C@@H]23)[C@@H](OC(=O)/C=C/c2ccc(O)c(O)c2)[C@@H](O)[C@@H]1O
Mol_15071	Mol_15071::M02	epoxide	sn2_ring_opening	24;27;28	24;28	C[C@H]1O[C@H](O[C@H]2C3C=CO[C@@H](O[C@@H]4O[C@H](CO)[C@@H](O)[C@H](O)[C@H]4O)C3[C@@]3(CO)O[C@@H]23)[C@@H](OC(=O)/C=C/c2ccc(O)c(O)c2)[C@@H](O)[C@@H]1O
Mol_15072	Mol_15072::M01	acrylate_ester	michael_acceptor	36;35;33;34;32;31	36	C[C@H]1O[C@H](O[C@H]2C3C=CO[C@@H](O[C@@H]4O[C@H](CO)[C@@H](O)[C@H](O)[C@H]4O)C3[C@@]3(CO)O[C@@H]23)[C@@H](O)[C@@H](OC(=O)/C=C/c2ccc(O)c(O)c2)[C@@H]1O
Mol_15072	Mol_15072::M02	epoxide	sn2_ring_opening	24;27;28	24;28	C[C@H]1O[C@H](O[C@H]2C3C=CO[C@@H](O[C@@H]4O[C@H](CO)[C@@H](O)[C@H](O)[C@H]4O)C3[C@@]3(CO)O[C@@H]23)[C@@H](O)[C@@H](OC(=O)/C=C/c2ccc(O)c(O)c2)[C@@H]1O
Mol_15075	Mol_15075::M01	acrylate_ester	michael_acceptor	34;33;31;32;30;29	34	C[C@H]1O[C@H](O[C@H]2C3C=CO[C@@H](O[C@@H]4O[C@H](CO)[C@@H](O)[C@H](O)[C@H]4O)C3[C@@]3(CO)O[C@@H]23)[C@@H](OC(=O)/C=C/c2ccc(O)c(O)c2)[C@@H](OC(=O)/C=C/c2ccc(O)cc2)[C@@H]1O
Mol_15075	Mol_15075::M02	acrylate_ester	michael_acceptor	48;47;45;46;44;43	48	C[C@H]1O[C@H](O[C@H]2C3C=CO[C@@H](O[C@@H]4O[C@H](CO)[C@@H](O)[C@H](O)[C@H]4O)C3[C@@]3(CO)O[C@@H]23)[C@@H](OC(=O)/C=C/c2ccc(O)c(O)c2)[C@@H](OC(=O)/C=C/c2ccc(O)cc2)[C@@H]1O
Mol_15075	Mol_15075::M03	epoxide	sn2_ring_opening	24;27;28	24;28	C[C@H]1O[C@H](O[C@H]2C3C=CO[C@@H](O[C@@H]4O[C@H](CO)[C@@H](O)[C@H](O)[C@H]4O)C3[C@@]3(CO)O[C@@H]23)[C@@H](OC(=O)/C=C/c2ccc(O)c(O)c2)[C@@H](OC(=O)/C=C/c2ccc(O)cc2)[C@@H]1O
Mol_15082	Mol_15082::M01	acrylate_ester	michael_acceptor	12;11;9;10;8;7	12	CC(CCCC(C)COC(=O)C1=CO[C@@H](O[C@@H]2O[C@H](CO)[C@@H](O)[C@H](O)[C@H]2O)[C@H]2[C@@H]1CC[C@]2(C)O)CCOC(=O)C1=CO[C@@H](O[C@@H]2O[C@H](CO)[C@@H](O)[C@H](O)[C@H]2O)[C@H]2[C@@H]1CC[C@]2(C)O
Mol_15082	Mol_15082::M02	acrylate_ester	michael_acceptor	40;39;37;38;36;35	40	CC(CCCC(C)COC(=O)C1=CO[C@@H](O[C@@H]2O[C@H](CO)[C@@H](O)[C@H](O)[C@H]2O)[C@H]2[C@@H]1CC[C@]2(C)O)CCOC(=O)C1=CO[C@@H](O[C@@H]2O[C@H](CO)[C@@H](O)[C@H](O)[C@H]2O)[C@H]2[C@@H]1CC[C@]2(C)O
Mol_15083	Mol_15083::M01	acrylate_ester	michael_acceptor	12;11;9;10;8;7	12	CC(CCCC(C)COC(=O)C1=CO[C@@H](O[C@@H]2O[C@H](CO)[C@@H](O)[C@H](O)[C@H]2O)[C@@H]2[C@H](C)[C@@H](O)C[C@H]12)CCOC(=O)C1=CO[C@@H](O[C@@H]2O[C@H](CO)[C@@H](O)[C@H](O)[C@H]2O)[C@H]2[C@@H]1CC[C@]2(C)O
Mol_15083	Mol_15083::M02	acrylate_ester	michael_acceptor	40;39;37;38;36;35	40	CC(CCCC(C)COC(=O)C1=CO[C@@H](O[C@@H]2O[C@H](CO)[C@@H](O)[C@H](O)[C@H]2O)[C@@H]2[C@H](C)[C@@H](O)C[C@H]12)CCOC(=O)C1=CO[C@@H](O[C@@H]2O[C@H](CO)[C@@H](O)[C@H](O)[C@H]2O)[C@H]2[C@@H]1CC[C@]2(C)O
Mol_15084	Mol_15084::M01	acrylate_ester	michael_acceptor	17;18;19;20;21;22	17	C=C1[C@H]2[C@H](O[C@@H]3O[C@H](CO)[C@@H](O)[C@H](O)[C@H]3O)OC=C(C(=O)OCC(C)CCCC(C)CCOC(=O)C3=CO[C@@H](O[C@@H]4O[C@H](CO)[C@@H](O)[C@H](O)[C@H]4O)[C@H]4[C@@H]3CC[C@]4(C)O)[C@H]2C[C@@H]1O
Mol_15084	Mol_15084::M02	acrylate_ester	michael_acceptor	36;35;33;34;32;31	36	C=C1[C@H]2[C@H](O[C@@H]3O[C@H](CO)[C@@H](O)[C@H](O)[C@H]3O)OC=C(C(=O)OCC(C)CCCC(C)CCOC(=O)C3=CO[C@@H](O[C@@H]4O[C@H](CO)[C@@H](O)[C@H](O)[C@H]4O)[C@H]4[C@@H]3CC[C@]4(C)O)[C@H]2C[C@@H]1O
Mol_15085	Mol_15085::M01	acrylate_ester	michael_acceptor	5;6;7;8;9;10	5	COc1cc(/C=C/C(=O)O[C@@H]2[C@@H](O[C@H]3C4C=CO[C@@H](O[C@@H]5O[C@H](CO)[C@@H](O)[C@H](O)[C@H]5O)C4[C@@]4(CO)O[C@@H]34)O[C@H](C)[C@@H](O)[C@@H]2OC(=O)/C=C/c2ccc(O)c(O)c2)ccc1O
Mol_15085	Mol_15085::M02	acrylate_ester	michael_acceptor	47;46;44;45;43;42	47	COc1cc(/C=C/C(=O)O[C@@H]2[C@@H](O[C@H]3C4C=CO[C@@H](O[C@@H]5O[C@H](CO)[C@@H](O)[C@H](O)[C@H]5O)C4[C@@]4(CO)O[C@@H]34)O[C@H](C)[C@@H](O)[C@@H]2OC(=O)/C=C/c2ccc(O)c(O)c2)ccc1O
Mol_15085	Mol_15085::M03	epoxide	sn2_ring_opening	32;35;36	32;36	COc1cc(/C=C/C(=O)O[C@@H]2[C@@H](O[C@H]3C4C=CO[C@@H](O[C@@H]5O[C@H](CO)[C@@H](O)[C@H](O)[C@H]5O)C4[C@@]4(CO)O[C@@H]34)O[C@H](C)[C@@H](O)[C@@H]2OC(=O)/C=C/c2ccc(O)c(O)c2)ccc1O
Mol_15089	Mol_15089::M01	enal	michael_acceptor	5;6;7;8	5	COc1cc(/C=C/C=O)ccc1Oc1c(OC)cc(C=O)cc1OC
Mol_15089	Mol_15089::M02	aldehyde	reversible_carbonyl	6;7;8	7	COc1cc(/C=C/C=O)ccc1Oc1c(OC)cc(C=O)cc1OC
Mol_15089	Mol_15089::M03	aldehyde	reversible_carbonyl	18;19;20	19	COc1cc(/C=C/C=O)ccc1Oc1c(OC)cc(C=O)cc1OC
Mol_15091	Mol_15091::M01	aldehyde	reversible_carbonyl	4;5;6	5	COc1cc(C=O)cc(OC)c1
Mol_15093	Mol_15093::M01	aldehyde	reversible_carbonyl	2;1;0	1	O=C[C@H](O)[C@@H](O)[C@H](O)[C@H](O)COC(=O)c1cc(O)cc(O)c1
Mol_15096	Mol_15096::M01	acrylic_acid	michael_acceptor	4;3;1;0;2	4	O=C(O)/C=C/c1ccc(O)c(OC2OC(CO)C(O)C(O)C2O)c1
Mol_15097	Mol_15097::M01	acrylic_acid	michael_acceptor	4;3;1;0;2	4	O=C(O)/C=C/c1ccc(OC2OC(CO)C(O)C(O)C2O)cc1
Mol_15101	Mol_15101::M01	acrylate_ester	michael_acceptor	3;2;1;0;11;12	3	O=C(/C=C/c1ccc(O)cc1)OC1[C@H](O)CC(O)(C(=O)O)C[C@H]1O
Mol_15107	Mol_15107::M01	acrylate_ester	michael_acceptor	3;2;1;0;12;13	3	O=C(/C=C/c1ccc(O)c(O)c1)O[C@H](Cc1ccc(O)c(O)c1)C(=O)O[C@@H]1O[C@H](CO)[C@@H](O)[C@H](O)[C@H]1O
Mol_15110	Mol_15110::M01	acrylate_ester	michael_acceptor	3;2;1;0;38;39	3	O=C(/C=C/c1ccc(O)c2c1[C@H](C(=O)O[C@H](Cc1ccc(O)c(O)c1)C(=O)O)[C@@H](c1ccc(O)c(O)c1)O2)O[C@H](Cc1ccc(O)c(O)c1)C(=O)O
Mol_15120	Mol_15120::M01	acrylate_ester	michael_acceptor	5;6;7;8;9;10	5	COc1cc(/C=C/C(=O)OC[C@@H]2CC(O)C(O)[C@@H](Oc3cc4oc(-c5ccc(O)c(O)c5)cc(=O)c4c(O)c3OC)O2)ccc1O
Mol_15131	Mol_15131::M01	acrylic_acid	michael_acceptor	8;9;10;11;12	8	CC(C)=CCc1cc(/C=C/C(=O)O)cc(CC=C(C)C)c1O
Mol_15133	Mol_15133::M01	aldehyde	reversible_carbonyl	5;6;7	6	CC(C)c1cc(C=O)c2c(c1O)OC(=O)[C@@]21CCCC(C)(C)[C@@H]1C=O
Mol_15133	Mol_15133::M02	aldehyde	reversible_carbonyl	22;23;24	23	CC(C)c1cc(C=O)c2c(c1O)OC(=O)[C@@]21CCCC(C)(C)[C@@H]1C=O
Mol_15140	Mol_15140::M01	aldehyde	reversible_carbonyl	5;6;7	6	CC(C)c1cc(C=O)c2c(c1O)OC(=O)C1C(C)(C)CCCC21C=O
Mol_15140	Mol_15140::M02	aldehyde	reversible_carbonyl	22;23;24	23	CC(C)c1cc(C=O)c2c(c1O)OC(=O)C1C(C)(C)CCCC21C=O
Mol_15142	Mol_15142::M01	enone_cyclic	michael_acceptor	13;11;9;10;7	13	CC(C)c1ccc2c(c1)C(=O)C(O)=C1C(C)(C)CCCC12C
Mol_15146	Mol_15146::M01	enone_cyclic	michael_acceptor	4;3;13;14;11	4	CC(C)C1=Cc2ccc3c(c2C(=O)C1=O)CCCC3(C)C
Mol_15146	Mol_15146::M02	ortho_quinone	michael_acceptor	12;11;13;14;3;4;5;10	3;4;5;10	CC(C)C1=Cc2ccc3c(c2C(=O)C1=O)CCCC3(C)C
Mol_15148	Mol_15148::M01	enone_ketone_acyclic	michael_acceptor	8;9;10;11;12	8	CCCCCCCC/C=C/C(=O)CCc1ccc(O)c(OC)c1
Mol_15151	Mol_15151::M01	acrylate_ester	michael_acceptor	3;2;1;0;12;13	3	O=C(/C=C/c1ccc(O)c(O)c1)OC[C@H]1O[C@@H](OC(=O)c2c[nH]c3ccccc23)C(O)C(O)C1O
Mol_15167	Mol_15167::M01	enone_cyclic	michael_acceptor	16;18;19;20;21	16	C=CC(C)(O)CC[C@@]1(C)[C@H](C)[C@H](O)C[C@@]2(C)C(C)=CC(=O)C[C@H]12
Mol_15171	Mol_15171::M01	epoxide	sn2_ring_opening	1;2;3	1;3	C[C@@]12O[C@@H]1[C@H](O)[C@]1(O)C=CO[C@H](O[C@@H]3O[C@H](CO)[C@@H](O)[C@H](O)[C@H]3O)[C@@H]12
Mol_15173	Mol_15173::M01	enone_cyclic	michael_acceptor	1;2;3;4;5	1	CC1=CC(=O)[C@@](CCO)(O[C@@H]2O[C@@H](C)[C@H](O)[C@@H](O)[C@H]2O)/C1=C/O[C@@H]1O[C@H](CO)[C@@H](O)[C@H](O)[C@H]1O
Mol_15177	Mol_15177::M01	epoxide	sn2_ring_opening	10;11;12	10;12	C=C1CC[C@@H](C(C)C)[C@@H](O)[C@H]2O[C@@]2(C)CC[C@H]1OO
Mol_15179	Mol_15179::M01	epoxide	sn2_ring_opening	10;11;12	10;12	C=C1CC[C@@H](C(C)C)[C@H](O)[C@H]2O[C@]2(C)CC[C@H]1OO
Mol_15180	Mol_15180::M01	epoxide	sn2_ring_opening	6;8;9	6;9	CC(C)[C@@H]1CC[C@@]2(C)O[C@@H]2CC[C@]2(C)O[C@H]2[C@@H]1O
Mol_15180	Mol_15180::M02	epoxide	sn2_ring_opening	12;14;15	12;15	CC(C)[C@@H]1CC[C@@]2(C)O[C@@H]2CC[C@]2(C)O[C@H]2[C@@H]1O
Mol_15188	Mol_15188::M01	para_quinone	michael_acceptor	0;1;2;8;9;10;11;17	2;8;11;17	O=C1c2cccc(O)c2C(=O)c2c(O)cccc21
Mol_15189	Mol_15189::M01	para_quinone	michael_acceptor	9;8;6;5;36;37;35;10	5;6;10;35	Cc1cc(O)c2c(c1)C(=O)c1c(-c3ccc(O)c4c3C(=O)c3cc(C)cc(O)c3C4=O)ccc(O)c1C2=O
Mol_15189	Mol_15189::M02	para_quinone	michael_acceptor	20;19;18;17;29;30;28;21	17;18;21;28	Cc1cc(O)c2c(c1)C(=O)c1c(-c3ccc(O)c4c3C(=O)c3cc(C)cc(O)c3C4=O)ccc(O)c1C2=O
Mol_15191	Mol_15191::M01	para_quinone	michael_acceptor	9;8;6;5;28;29;27;10	5;6;10;27	Cc1cc(O)c2c(c1)C(=O)c1cccc(O[C@@H]3O[C@H](CO)[C@@H](O)[C@H](O)[C@H]3O)c1C2=O
Mol_15192	Mol_15192::M01	acrylic_acid	michael_acceptor	6;7;8;9;10	6	COc1ccc(C=CC(=O)O)cc1O
Mol_15200	Mol_15200::M01	acrylate_ester	michael_acceptor	0;1;2;3;4;5	0	C=C1C(=O)O[C@@H]2[C@H]3O[C@@]3(C)CC[C@@H]3O[C@]3(C)CC[C@@H]12
Mol_15200	Mol_15200::M02	methylene_butyrolactone	michael_acceptor	0;1;2;3;4	0	C=C1C(=O)O[C@@H]2[C@H]3O[C@@]3(C)CC[C@@H]3O[C@]3(C)CC[C@@H]12
Mol_15200	Mol_15200::M03	epoxide	sn2_ring_opening	6;7;8	6;8	C=C1C(=O)O[C@@H]2[C@H]3O[C@@]3(C)CC[C@@H]3O[C@]3(C)CC[C@@H]12
Mol_15200	Mol_15200::M04	epoxide	sn2_ring_opening	12;13;14	12;14	C=C1C(=O)O[C@@H]2[C@H]3O[C@@]3(C)CC[C@@H]3O[C@]3(C)CC[C@@H]12
Mol_15201	Mol_15201::M01	acrylate_ester	michael_acceptor	0;1;2;3;4;5	0	C=C1C(=O)O[C@@H]2[C@@H]3[C@@H](CC[C@@]3(C)O)[C@](C)(O)CC[C@@H]12
Mol_15201	Mol_15201::M02	methylene_butyrolactone	michael_acceptor	0;1;2;3;4	0	C=C1C(=O)O[C@@H]2[C@@H]3[C@@H](CC[C@@]3(C)O)[C@](C)(O)CC[C@@H]12
Mol_15202	Mol_15202::M01	enone_cyclic	michael_acceptor	11;10;8;9;5	11	C=CCC12C[C@@H](OC)C(=O)C=C1OC(Cc1ccc3c(c1)OCO3)[C@H]2C
Mol_15203	Mol_15203::M01	enone_cyclic	michael_acceptor	4;3;10;11;9	4	C=CCC1=C[C@]2(OC)C(=CC1=O)O[C@H](c1ccc3c(c1)OCO3)[C@H]2C
Mol_15203	Mol_15203::M02	enone_cyclic	michael_acceptor	8;9;10;11;3	8	C=CCC1=C[C@]2(OC)C(=CC1=O)O[C@H](c1ccc3c(c1)OCO3)[C@H]2C
Mol_15204	Mol_15204::M01	enone_cyclic	michael_acceptor	4;3;10;11;9	4	C=CCC1=C[C@]2(OC)C(=CC1=O)O[C@H](c1ccc(OC)c(OC)c1)[C@H]2C
Mol_15204	Mol_15204::M02	enone_cyclic	michael_acceptor	8;9;10;11;3	8	C=CCC1=C[C@]2(OC)C(=CC1=O)O[C@H](c1ccc(OC)c(OC)c1)[C@H]2C
Mol_15205	Mol_15205::M01	enone_cyclic	michael_acceptor	4;5;10;11;12	4	CC1(OO)C=C(C(C)(C)C)C(=O)C(C(C)(C)C)=C1
Mol_15205	Mol_15205::M02	enone_cyclic	michael_acceptor	17;12;10;11;5	17	CC1(OO)C=C(C(C)(C)C)C(=O)C(C(C)(C)C)=C1
Mol_15206	Mol_15206::M01	acrylate_ester	michael_acceptor	1;2;21;22;20;19	1	C/C=C1/C[C@H](C)[C@@](C)(O)C(=O)OCC2=CCN3CC[C@@H](OC1=O)[C@@H]23
Mol_15229	Mol_15229::M01	enone_cyclic	michael_acceptor	1;2;3;4;5	1	CC1=CC(=O)CC(C)(C)C1=O
Mol_15229	Mol_15229::M02	enone_cyclic	michael_acceptor	2;1;9;10;6	2	CC1=CC(=O)CC(C)(C)C1=O
Mol_15233	Mol_15233::M01	enone_cyclic	michael_acceptor	1;2;3;4;5	1	CC1=CC(=O)CC(C)(C)[C@@H]1O
Mol_15234	Mol_15234::M01	enone_cyclic	michael_acceptor	2;1;9;10;6	2	CC1=C[C@@H](O)CC(C)(C)C1=O
Mol_15235	Mol_15235::M01	acrylamide	michael_acceptor	9;10;12;13;6	9	COc1ccc(N2C(=O)C=C(C)C2=O)cc1
Mol_15235	Mol_15235::M02	acrylamide	michael_acceptor	10;9;7;8;6	10	COc1ccc(N2C(=O)C=C(C)C2=O)cc1
Mol_15236	Mol_15236::M01	acrylamide	michael_acceptor	1;2;3;4;5	1	CC1=CC(=O)N(Cc2ccccc2)C1=O
Mol_15236	Mol_15236::M02	acrylamide	michael_acceptor	2;1;13;14;5	2	CC1=CC(=O)N(Cc2ccccc2)C1=O
Mol_15237	Mol_15237::M01	acrylamide	michael_acceptor	1;2;4;5;6	1	CC1=C(C)C(=O)N(c2ccccc2)C1=O
Mol_15237	Mol_15237::M02	acrylamide	michael_acceptor	2;1;13;14;6	2	CC1=C(C)C(=O)N(c2ccccc2)C1=O
Mol_15238	Mol_15238::M01	acrylamide	michael_acceptor	9;11;13;14;6	9	COc1ccc(N2C(=O)C(C)=C(C)C2=O)cc1
Mol_15238	Mol_15238::M02	acrylamide	michael_acceptor	11;9;7;8;6	11	COc1ccc(N2C(=O)C(C)=C(C)C2=O)cc1
Mol_15239	Mol_15239::M01	acrylamide	michael_acceptor	0;1;12;13;5	0	C=C1CC(=O)N(c2ccccc2)C1=O
Mol_15249	Mol_15249::M01	acrylate_ester	michael_acceptor	8;7;5;6;4;3	8	C[C@H]1O[C@H](OC(=O)/C=C/c2ccccc2)[C@@H](O)[C@@H](O)[C@@H]1O
Mol_15259	Mol_15259::M01	enone_cyclic	michael_acceptor	7;8;9;10;11	7	COc1ccc([C@@]23C=CC(=O)C[C@@H]2N(C)CC3)cc1
Mol_15261	Mol_15261::M01	enone_cyclic	michael_acceptor	12;13;14;15;16	12	COc1ccc(C2(CCN(C)C)C=CC(=O)CC2)cc1
Mol_15264	Mol_15264::M01	acrylate_ester	michael_acceptor	5;6;7;8;9;10	5	C/C=C/[C@@H]1OC2=C(C(=O)O[C@]2(C)O)[C@H](O)[C@H]1O
Mol_15264	Mol_15264::M02	unsat_lactone	michael_acceptor	9;7;8;6;5	5	C/C=C/[C@@H]1OC2=C(C(=O)O[C@]2(C)O)[C@H](O)[C@H]1O
Mol_15265	Mol_15265::M01	acrylate_ester	michael_acceptor	6;5;3;4;2;1	6	C=C1OC(=O)C2=C1O[C@@H](/C=C/C)[C@H](O)[C@H]2O
Mol_15265	Mol_15265::M02	unsat_lactone	michael_acceptor	2;3;4;5;6	6	C=C1OC(=O)C2=C1O[C@@H](/C=C/C)[C@H](O)[C@H]2O
Mol_15266	Mol_15266::M01	acrylate_ester	michael_acceptor	9;11;12;13;14;15	9	CC/C=C\C=C\[C@]1(C)OC(C)=C(C(=O)OC)C1=O
Mol_15266	Mol_15266::M02	enone_cyclic	michael_acceptor	9;11;16;17;6	9	CC/C=C\C=C\[C@]1(C)OC(C)=C(C(=O)OC)C1=O
Mol_15267	Mol_15267::M01	acrylate_ester	michael_acceptor	9;16;17;18;19;20	9	CC/C=C\C=C\[C@@]1(C)OC(/C=C/C[C@H](C)O)=C(C(=O)OC)C1=O
Mol_15267	Mol_15267::M02	enone_cyclic	michael_acceptor	9;16;21;22;6	9	CC/C=C\C=C\[C@@]1(C)OC(/C=C/C[C@H](C)O)=C(C(=O)OC)C1=O
Mol_15283	Mol_15283::M01	isothiocyanate	addition_to_CN	10;11;12	11	C[C@@H]1O[C@@H](Oc2ccc(CN=C=S)cc2)[C@H](O)[C@H](O)[C@H]1O
Mol_15285	Mol_15285::M01	isothiocyanate	addition_to_CN	4;5;6	5	CCC(C)N=C=S
Mol_15286	Mol_15286::M01	isothiocyanate	addition_to_CN	4;5;6	5	CC(C)CN=C=S
Mol_15305	Mol_15305::M01	enal	michael_acceptor	5;6;7;8	5	CC(C)C1CC=C(C=O)CC1
Mol_15305	Mol_15305::M02	aldehyde	reversible_carbonyl	6;7;8	7	CC(C)C1CC=C(C=O)CC1
Mol_15313	Mol_15313::M01	acrylic_acid	michael_acceptor	4;3;1;0;2	4	O=C(O)C1=C(C(=O)c2cc(O)c(O)c(O)c2)[C@@H](O)[C@@H](O)[C@H](O)C1
Mol_15315	Mol_15315::M01	acrylate_ester	michael_acceptor	20;19;17;18;16;15	20	CC1(O)CC(=O)c2c(O)cc(O[C@@H]3O[C@H](COC(=O)C4=CC[C@H](C(C)(C)O)CC4)[C@@H](O)[C@H](O)[C@H]3O)cc2O1
Mol_15316	Mol_15316::M01	aldehyde	reversible_carbonyl	2;1;0	1	O=C[C@@H](OC(=O)c1cc(O)c(O)c(O)c1)[C@H](OCc1ccccc1)[C@@H](O)[C@@H](O)CO
Mol_15321	Mol_15321::M01	aldehyde	reversible_carbonyl	2;1;0	1	O=C[C@@H]1OC(=O)c2cc(O)c(O)c(O)c2-c2c(cc(O)c(O)c2O)C(=O)O[C@H]1[C@@H]1OC(=O)c2cc(O)c(O)c(O)c2-c2c(cc(O)c(O)c2O)C(=O)OC[C@H]1O
Mol_15394	Mol_15394::M01	aldehyde	reversible_carbonyl	2;1;0	1	O=C[C@H](OC(=O)c1cc(O)c(O)c(O)c1)[C@@H](O)[C@H](O)[C@H](O)COC(=O)c1cc(O)c(O)c(O)c1
Mol_15417	Mol_15417::M01	enone_cyclic	michael_acceptor	7;8;19;20;21	7	COc1c(O)cc(C2=C(O[C@H]3OC[C@H](O)[C@@H](O)[C@@H]3O)C(=O)c3c(O)cc(O)cc3C2)cc1O
Mol_15417	Mol_15417::M02	chalcone	michael_acceptor	21;19;20;8;7;6	7	COc1c(O)cc(C2=C(O[C@H]3OC[C@H](O)[C@@H](O)[C@@H]3O)C(=O)c3c(O)cc(O)cc3C2)cc1O
Mol_15427	Mol_15427::M01	nitrile	addition_to_CN	2;1;0	1	N#C[C@H](OC1OC(COC(=O)c2cc(O)c(O)c(O)c2)C(O)C(O)C1O)c1ccc(O)cc1
Mol_15433	Mol_15433::M01	acrylate_ester	michael_acceptor	5;6;7;8;9;10	5	COc1cc(/C=C/C(=O)O[C@H]2O[C@@H](CO)[C@H](O)[C@@H](O)[C@@H]2O)ccc1O
Mol_15450	Mol_15450::M01	acrylamide	michael_acceptor	9;11;12;13;14	9	CCCCCCCCC/C(C)=C\C(=O)NCCc1c[nH]c2ccccc12
Mol_15453	Mol_15453::M01	acrylamide	michael_acceptor	31;32;34;35;36	31	CC[C@H](C)[C@H]1C(=O)N2CCC[C@H]2C(=O)O[C@H](C(C)(C)C)C[C@@H](C)C[C@H](O)[C@@H](C)C2=N[C@@H](/C=C(\C)C(=O)N[C@@H](Cc3ccc(OC)cc3)C(=O)N(C)[C@@H](C)C(=O)N1C)CS2
Mol_15454	Mol_15454::M01	acrylamide	michael_acceptor	29;27;25;26;24	29	CC[C@H](C)[C@@H]1NC(=O)[C@H](C)N(C)C(=O)[C@H](Cc2ccc(OC)cc2)NC(=O)/C(C)=C/[C@H]2CSC(=N2)[C@@H](C)[C@@H](O)C[C@H](C)C[C@@H](C(C)(C)C)OC(=O)[C@@H]2CCCN2C1=O
Mol_15455	Mol_15455::M01	acrylamide	michael_acceptor	30;31;33;34;35	30	CC[C@H](C)[C@H]1C(=O)N2CCC[C@H]2C(=O)O[C@H](C(C)C)C[C@@H](C)C[C@H](O)[C@H](C)C2=N[C@@H](/C=C(\C)C(=O)N[C@@H](Cc3ccc(OC)cc3)C(=O)N(C)[C@@H](C)C(=O)N1C)CS2
Mol_15456	Mol_15456::M01	acrylamide	michael_acceptor	30;31;33;34;35	30	CC[C@H](C)[C@H]1C(=O)N(C)[C@@H](C)C(=O)O[C@H](C(C)(C)C)C[C@@H](C)C[C@H](O)[C@H](C)C2=NC(/C=C(/C)C(=O)N[C@@H](Cc3ccc(OC)cc3)C(=O)N(C)[C@@H](C)C(=O)N1C)CS2
Mol_15457	Mol_15457::M01	acrylamide	michael_acceptor	13;11;9;10;8	13	COc1ccc(C[C@@H]2NC(=O)/C(C)=C\C3CSC(=N3)[C@@H](C)[C@@H](O)C[C@H](C)C[C@@H](C(C)(C)C)OC(=O)[C@H](C)N(C)C(=O)[C@H](C(C)C)N(C)C(=O)[C@H](C)N(C)C2=O)cc1
Mol_15458	Mol_15458::M01	acrylamide	michael_acceptor	32;33;35;36;37	32	CC[C@H](C)[C@H]1C(=O)N2CCCC[C@H]2C(=O)O[C@H](C(C)(C)C)C[C@@H](C)C[C@H](O)[C@H](C)C2=N[C@@H](C=C(C)C(=O)N[C@@H](Cc3ccc(OC)cc3)C(=O)N(C)[C@@H](C)C(=O)N1C)CS2
Mol_15461	Mol_15461::M01	acrylate_ester	michael_acceptor	2;1;14;15;13;3	2	CC1=C/C(=C2/CCCN3CCC[C@H]23)OC1=O
Mol_15461	Mol_15461::M02	unsat_lactone	michael_acceptor	13;14;15;1;2	2	CC1=C/C(=C2/CCCN3CCC[C@H]23)OC1=O
Mol_15462	Mol_15462::M01	acrylate_ester	michael_acceptor	2;1;14;15;13;3	2	CC1=C/C(=C2\CCCN3CCC[C@H]23)OC1=O
Mol_15462	Mol_15462::M02	unsat_lactone	michael_acceptor	13;14;15;1;2	2	CC1=C/C(=C2\CCCN3CCC[C@H]23)OC1=O
Mol_15486	Mol_15486::M01	enone_cyclic	michael_acceptor	5;6;7;8;9	5	CC(C)C1(O)C=C2C(=O)C[C@H]3[C@](C)(C(=O)O)CCC[C@]3(C)C2CC1
Mol_15493	Mol_15493::M01	acrylic_acid	michael_acceptor	26;27;29;30;31	26	COc1c(O)cc(C)c2c1CC[C@@](C)(CC/C=C(\C)CC/C=C(\C)CC/C=C(\C)C(=O)O)O2
Mol_15495	Mol_15495::M01	acrylic_acid	michael_acceptor	25;26;28;29;30	25	C/C(=C\CC/C(C)=C/CC[C@]1(C)CCc2cc(O)cc(C)c2O1)CC/C=C(\C)C(=O)O
Mol_15497	Mol_15497::M01	acrylate_ester	michael_acceptor	3;2;1;0;10;11	3	O=C(/C=C/c1ccccc1)OC[C@H]1O[C@H](Oc2c(-c3ccc(O)cc3)oc3cc(O)cc(O)c3c2=O)[C@H](O)[C@@H](OC(=O)/C=C/c2ccccc2)[C@@H]1O
Mol_15497	Mol_15497::M02	acrylate_ester	michael_acceptor	43;42;40;41;39;38	43	O=C(/C=C/c1ccccc1)OC[C@H]1O[C@H](Oc2c(-c3ccc(O)cc3)oc3cc(O)cc(O)c3c2=O)[C@H](O)[C@@H](OC(=O)/C=C/c2ccccc2)[C@@H]1O
Mol_15512	Mol_15512::M01	acrylate_ester	michael_acceptor	17;16;14;15;13;12	17	CCC(C)(OC(C)=O)C(=O)OC1C(OC(=O)C=C(C)C)[C@@]2(CO)C(CC1(C)C)C1=CCC3[C@@]4(C)CC[C@H](O[C@@H]5OC(C(=O)O)[C@@H](O[C@H]6C[C@H](O)[C@H](CO)O6)[C@H](O[C@@H]6OC[C@H](O)[C@H](O)C6O)C5O[C@@H]5OC(CO)[C@@H](O)[C@H](O)C5O)C(C)(C)C4CC[C@@]3(C)[C@]1(C)[C@@H](O)[C@H]2O
Mol_15513	Mol_15513::M01	acrylate_ester	michael_acceptor	1;2;4;5;6;7	1	C/C=C(/C)C(=O)OC1C(OC(=O)C(C)(CC)OC(C)=O)C(C)(C)CC2C3=CCC4[C@@]5(C)CC[C@H](O[C@@H]6OC(C(=O)O)[C@@H](O[C@H]7C[C@H](O)[C@H](CO)O7)[C@H](O[C@@H]7OC[C@H](O)[C@H](O)C7O)C6O[C@@H]6OC(CO)[C@@H](O)[C@H](O)C6O)C(C)(C)C5CC[C@@]4(C)[C@]3(C)[C@@H](O)[C@@H](O)[C@]21COC(C)=O
Mol_15516	Mol_15516::M01	acrylate_ester	michael_acceptor	7;8;10;11;12;13	7	C/C(=C/CO)CC/C=C(\C)C(=O)O[C@@H]1C2O[C@]2(C)C2C(O[C@@H]3OC(CO)[C@@H](O)C(O)[C@@H]3O)OC=C[C@]21OC(=O)/C(C)=C/CC/C(C)=C\CO
Mol_15516	Mol_15516::M02	acrylate_ester	michael_acceptor	41;39;37;38;36;35	41	C/C(=C/CO)CC/C=C(\C)C(=O)O[C@@H]1C2O[C@]2(C)C2C(O[C@@H]3OC(CO)[C@@H](O)C(O)[C@@H]3O)OC=C[C@]21OC(=O)/C(C)=C/CC/C(C)=C\CO
Mol_15516	Mol_15516::M03	epoxide	sn2_ring_opening	14;15;16	14;16	C/C(=C/CO)CC/C=C(\C)C(=O)O[C@@H]1C2O[C@]2(C)C2C(O[C@@H]3OC(CO)[C@@H](O)C(O)[C@@H]3O)OC=C[C@]21OC(=O)/C(C)=C/CC/C(C)=C\CO
Mol_15517	Mol_15517::M01	acrylate_ester	michael_acceptor	7;8;10;11;12;13	7	C/C(=C/CO)CC/C=C(\C)C(=O)O[C@@H]1C2O[C@]2(CO)C2C(O[C@@H]3OC(CO)[C@@H](O)C(O)[C@@H]3O)OC=C[C@]21OC(=O)/C(C)=C/CC/C(C)=C\CO
Mol_15517	Mol_15517::M02	acrylate_ester	michael_acceptor	42;40;38;39;37;36	42	C/C(=C/CO)CC/C=C(\C)C(=O)O[C@@H]1C2O[C@]2(CO)C2C(O[C@@H]3OC(CO)[C@@H](O)C(O)[C@@H]3O)OC=C[C@]21OC(=O)/C(C)=C/CC/C(C)=C\CO
Mol_15517	Mol_15517::M03	epoxide	sn2_ring_opening	14;15;16	14;16	C/C(=C/CO)CC/C=C(\C)C(=O)O[C@@H]1C2O[C@]2(CO)C2C(O[C@@H]3OC(CO)[C@@H](O)C(O)[C@@H]3O)OC=C[C@]21OC(=O)/C(C)=C/CC/C(C)=C\CO
Mol_15518	Mol_15518::M01	acrylate_ester	michael_acceptor	7;8;10;11;12;13	7	C=C[C@@](C)(O)CC/C=C(\C)C(=O)O[C@@]12C=COC(O[C@@H]3OC(CO)[C@@H](O)C(O)[C@@H]3O)C1[C@@]1(C)OC1[C@H]2OC(=O)/C(C)=C/CC/C(C)=C\CO
Mol_15518	Mol_15518::M02	acrylate_ester	michael_acceptor	41;39;37;38;36;35	41	C=C[C@@](C)(O)CC/C=C(\C)C(=O)O[C@@]12C=COC(O[C@@H]3OC(CO)[C@@H](O)C(O)[C@@H]3O)C1[C@@]1(C)OC1[C@H]2OC(=O)/C(C)=C/CC/C(C)=C\CO
Mol_15518	Mol_15518::M03	epoxide	sn2_ring_opening	31;33;34	31;34	C=C[C@@](C)(O)CC/C=C(\C)C(=O)O[C@@]12C=COC(O[C@@H]3OC(CO)[C@@H](O)C(O)[C@@H]3O)C1[C@@]1(C)OC1[C@H]2OC(=O)/C(C)=C/CC/C(C)=C\CO
Mol_15519	Mol_15519::M01	acrylate_ester	michael_acceptor	7;8;10;11;12;13	7	C=C[C@@](C)(O)CC/C=C(\C)C(=O)O[C@@]12C=COC(O[C@@H]3OC(CO)[C@@H](O)C(O)[C@@H]3O)C1[C@@]1(CO)OC1[C@H]2OC(=O)/C(C)=C/CC/C(C)=C\CO
Mol_15519	Mol_15519::M02	acrylate_ester	michael_acceptor	42;40;38;39;37;36	42	C=C[C@@](C)(O)CC/C=C(\C)C(=O)O[C@@]12C=COC(O[C@@H]3OC(CO)[C@@H](O)C(O)[C@@H]3O)C1[C@@]1(CO)OC1[C@H]2OC(=O)/C(C)=C/CC/C(C)=C\CO
Mol_15519	Mol_15519::M03	epoxide	sn2_ring_opening	31;34;35	31;35	C=C[C@@](C)(O)CC/C=C(\C)C(=O)O[C@@]12C=COC(O[C@@H]3OC(CO)[C@@H](O)C(O)[C@@H]3O)C1[C@@]1(CO)OC1[C@H]2OC(=O)/C(C)=C/CC/C(C)=C\CO
Mol_15520	Mol_15520::M01	acrylate_ester	michael_acceptor	7;8;10;11;12;13	7	C/C(=C/CO)CC/C=C(\C)C(=O)O[C@@H]1C2O[C@]2(CO)C2C(O[C@@H]3OC(CO)[C@@H](O)C(O)[C@@H]3O)OC=C[C@]21O
Mol_15520	Mol_15520::M02	epoxide	sn2_ring_opening	14;15;16	14;16	C/C(=C/CO)CC/C=C(\C)C(=O)O[C@@H]1C2O[C@]2(CO)C2C(O[C@@H]3OC(CO)[C@@H](O)C(O)[C@@H]3O)OC=C[C@]21O
Mol_15521	Mol_15521::M01	acrylate_ester	michael_acceptor	9;8;6;7;5;4	9	C[C@]12OC1[C@@H](OC(=O)/C=C/c1ccccc1)[C@]1(O)C=COC(O[C@@H]3OC(CO)[C@@H](O)C(O)[C@@H]3O)C21
Mol_15521	Mol_15521::M02	epoxide	sn2_ring_opening	1;2;3	1;3	C[C@]12OC1[C@@H](OC(=O)/C=C/c1ccccc1)[C@]1(O)C=COC(O[C@@H]3OC(CO)[C@@H](O)C(O)[C@@H]3O)C21
Mol_15522	Mol_15522::M01	acrylate_ester	michael_acceptor	3;2;1;0;10;11	3	O=C(/C=C/c1ccccc1)OCC1O[C@@H](OC2OC=C[C@]3(O)C2[C@@]2(CO)OC2[C@H]3O)[C@@H](O)C(O)[C@@H]1O
Mol_15522	Mol_15522::M02	epoxide	sn2_ring_opening	23;26;27	23;27	O=C(/C=C/c1ccccc1)OCC1O[C@@H](OC2OC=C[C@]3(O)C2[C@@]2(CO)OC2[C@H]3O)[C@@H](O)C(O)[C@@H]1O
Mol_15523	Mol_15523::M01	acrylate_ester	michael_acceptor	7;8;10;11;12;13	7	C/C(=C/CO)CC/C=C(\C)C(=O)OCC1O[C@@H](OC2OC=C(C(=O)OC3COC(O)(CO)C(O)C3O)C3CC[C@](C)(O)C23)[C@@H](O)C(O)[C@@H]1O
Mol_15523	Mol_15523::M02	acrylate_ester	michael_acceptor	20;21;22;23;24;25	20	C/C(=C/CO)CC/C=C(\C)C(=O)OCC1O[C@@H](OC2OC=C(C(=O)OC3COC(O)(CO)C(O)C3O)C3CC[C@](C)(O)C23)[C@@H](O)C(O)[C@@H]1O
Mol_15524	Mol_15524::M01	acrylate_ester	michael_acceptor	7;8;10;11;12;13	7	C=C[C@](C)(O)CC/C=C(\C)C(=O)OCC1O[C@@H](OC2OC=C(C(=O)OC3COC(O)(CO)C(O)C3O)C3CC[C@](C)(O)C23)[C@@H](O)C(O)[C@@H]1O
Mol_15524	Mol_15524::M02	acrylate_ester	michael_acceptor	20;21;22;23;24;25	20	C=C[C@](C)(O)CC/C=C(\C)C(=O)OCC1O[C@@H](OC2OC=C(C(=O)OC3COC(O)(CO)C(O)C3O)C3CC[C@](C)(O)C23)[C@@H](O)C(O)[C@@H]1O
Mol_15525	Mol_15525::M01	acrylate_ester	michael_acceptor	21;6;7;8;9;10	21	C[C@]1(O)CCC2C(C(=O)OC3COC(O)(CO)C(O)C3O)=COC(O[C@@H]3OC(COC(=O)/C=C\c4ccc(O)cc4)[C@@H](O)C(O)[C@@H]3O)C21
Mol_15525	Mol_15525::M02	acrylate_ester	michael_acceptor	33;32;30;31;29;28	33	C[C@]1(O)CCC2C(C(=O)OC3COC(O)(CO)C(O)C3O)=COC(O[C@@H]3OC(COC(=O)/C=C\c4ccc(O)cc4)[C@@H](O)C(O)[C@@H]3O)C21
Mol_15526	Mol_15526::M01	acrylate_ester	michael_acceptor	18;19;21;22;23;24	18	C/C(=C\CO[C@H]1O[C@@H](CO)[C@H](O)[C@@H](O)[C@@H]1O)CC/C=C(\C)C(=O)O[C@@H]1OC(CO)[C@@H](O)C(O)[C@@H]1O
Mol_15527	Mol_15527::M01	acrylate_ester	michael_acceptor	7;8;10;11;12;13	7	C/C(=C\CO)CC/C=C(\C)C(=O)OCC1OC(O)[C@@H](O)C(O)[C@@H]1O
Mol_15528	Mol_15528::M01	acrylate_ester	michael_acceptor	2;1;10;11;12;13	2	C/C(=C/CC/C(C)=C/CO)C(=O)OCC1OC(O)C(O)C(O)C1O
Mol_15529	Mol_15529::M01	acrylate_ester	michael_acceptor	7;8;10;11;12;13	7	C/C(=C\CO)CC/C=C(\C)C(=O)O[C@H]1[C@@H]2O[C@]2(C)[C@@H]2C(OC3OC(CO)C(O)C(O)C3O)OC=C[C@]21O
Mol_15529	Mol_15529::M02	epoxide	sn2_ring_opening	14;15;16	14;16	C/C(=C\CO)CC/C=C(\C)C(=O)O[C@H]1[C@@H]2O[C@]2(C)[C@@H]2C(OC3OC(CO)C(O)C(O)C3O)OC=C[C@]21O
Mol_15531	Mol_15531::M01	acrylate_ester	michael_acceptor	16;15;13;14;12;11	16	C[C@]12O[C@H]1[C@@H](O)[C@]1(O)C=CO[C@@H](OC(=O)/C=C/c3ccc(O)cc3)[C@@H]12
Mol_15531	Mol_15531::M02	epoxide	sn2_ring_opening	1;2;3	1;3	C[C@]12O[C@H]1[C@@H](O)[C@]1(O)C=CO[C@@H](OC(=O)/C=C/c3ccc(O)cc3)[C@@H]12
Mol_15532	Mol_15532::M01	acrylate_ester	michael_acceptor	16;15;13;14;12;11	16	C[C@]12O[C@H]1[C@@H](O)[C@]1(O)C=CO[C@@H](OC(=O)/C=C\c3ccc(O)cc3)[C@@H]12
Mol_15532	Mol_15532::M02	epoxide	sn2_ring_opening	1;2;3	1;3	C[C@]12O[C@H]1[C@@H](O)[C@]1(O)C=CO[C@@H](OC(=O)/C=C\c3ccc(O)cc3)[C@@H]12
Mol_15533	Mol_15533::M01	acrylate_ester	michael_acceptor	7;8;10;11;12;13	7	C=C[C@@](C)(O)CC/C=C(\C)C(=O)O[C@@H]1OC(CO)[C@@H](O)C(O)[C@@H]1O
Mol_15534	Mol_15534::M01	acrylate_ester	michael_acceptor	7;8;10;11;12;13	7	C/C(=C\CO)CC/C=C(\C)C(=O)O[C@@H]1OC(CO)[C@@H](O)C(O)[C@@H]1O
Mol_15535	Mol_15535::M01	acrylate_ester	michael_acceptor	7;8;10;11;12;13	7	C=C[C@@](C)(O)CC/C=C(\C)C(=O)OC1O[C@@H](CO)[C@H](O)[C@@H](O)[C@@H]1O
Mol_15536	Mol_15536::M01	acrylate_ester	michael_acceptor	7;8;10;11;12;13	7	C/C(=C\CO)CC/C=C(\C)C(=O)OC1O[C@H](CO)[C@@H](O)[C@H](O)[C@H]1O
Mol_15537	Mol_15537::M01	acrylic_acid	michael_acceptor	7;8;10;11;12	7	C=C[C@@](C)(O)CC/C=C(\C)C(=O)O
Mol_15538	Mol_15538::M01	acrylic_acid	michael_acceptor	7;8;10;11;12	7	CC(=CCO)CCC=C(C)C(=O)O
Mol_15539	Mol_15539::M01	acrylate_ester	michael_acceptor	7;8;10;11;12;13	7	C/C(=C\CO)CC/C=C(\C)C(=O)O[C@@H]1[C@@H]2O[C@]2(C)C2[C@H](O[C@@H]3OC(COC(=O)/C=C/c4ccccc4)[C@@H](O)C(O)[C@@H]3O)OC=C[C@]21O
Mol_15539	Mol_15539::M02	acrylate_ester	michael_acceptor	29;28;26;27;25;24	29	C/C(=C\CO)CC/C=C(\C)C(=O)O[C@@H]1[C@@H]2O[C@]2(C)C2[C@H](O[C@@H]3OC(COC(=O)/C=C/c4ccccc4)[C@@H](O)C(O)[C@@H]3O)OC=C[C@]21O
Mol_15539	Mol_15539::M03	epoxide	sn2_ring_opening	14;15;16	14;16	C/C(=C\CO)CC/C=C(\C)C(=O)O[C@@H]1[C@@H]2O[C@]2(C)C2[C@H](O[C@@H]3OC(COC(=O)/C=C/c4ccccc4)[C@@H](O)C(O)[C@@H]3O)OC=C[C@]21O
Mol_15540	Mol_15540::M01	acrylate_ester	michael_acceptor	13;12;10;11;9;8	13	C=C1[C@H]2[C@H](O[C@@H]3OC(COC(=O)C4=CO[C@@H](O[C@@H]5OC(COC(=O)/C=C/c6ccccc6)[C@@H](O)C(O)[C@@H]5O)[C@@H]5[C@H]4CC[C@]5(C)O)[C@@H](O)C(O)[C@@H]3O)OC=C[C@H]2C[C@@H]1O
Mol_15540	Mol_15540::M02	acrylate_ester	michael_acceptor	25;24;22;23;21;20	25	C=C1[C@H]2[C@H](O[C@@H]3OC(COC(=O)C4=CO[C@@H](O[C@@H]5OC(COC(=O)/C=C/c6ccccc6)[C@@H](O)C(O)[C@@H]5O)[C@@H]5[C@H]4CC[C@]5(C)O)[C@@H](O)C(O)[C@@H]3O)OC=C[C@H]2C[C@@H]1O
Mol_15542	Mol_15542::M01	acrylate_ester	michael_acceptor	13;12;10;11;9;8	13	C=C1[C@H]2[C@H](OC3OC(COC(=O)C4=CO[C@H](O[C@H]5O[C@@H](COC(=O)/C=C/c6ccc(O)cc6)[C@H](O)[C@@H](O)[C@@H]5O)[C@@H]5[C@H]4CC[C@]5(C)O)C(O)C(O)C3O)OC=C[C@H]2C[C@@H]1O
Mol_15542	Mol_15542::M02	acrylate_ester	michael_acceptor	25;24;22;23;21;20	25	C=C1[C@H]2[C@H](OC3OC(COC(=O)C4=CO[C@H](O[C@H]5O[C@@H](COC(=O)/C=C/c6ccc(O)cc6)[C@H](O)[C@@H](O)[C@@H]5O)[C@@H]5[C@H]4CC[C@]5(C)O)C(O)C(O)C3O)OC=C[C@H]2C[C@@H]1O
Mol_15543	Mol_15543::M01	epoxide	sn2_ring_opening	14;15;16	14;16	OC[C@H]1O[C@@H](O[C@@H]2OC=C[C@@]3(O)[C@H](O)[C@@H]4O[C@]4(O)[C@@H]23)[C@H](O)[C@@H](O)[C@@H]1O
Mol_15549	Mol_15549::M01	acrylate_ester	michael_acceptor	1;3;4;5;6;7	1	CC(C)=CC(=O)O[C@@H]1[C@@H]2O[C@]2(C)[C@H]2[C@H](O[C@@H]3OC(CO)[C@@H](O)C(O)[C@@H]3O)OC=C[C@@]12O
Mol_15549	Mol_15549::M02	epoxide	sn2_ring_opening	8;9;10	8;10	CC(C)=CC(=O)O[C@@H]1[C@@H]2O[C@]2(C)[C@H]2[C@H](O[C@@H]3OC(CO)[C@@H](O)C(O)[C@@H]3O)OC=C[C@@]12O
Mol_15551	Mol_15551::M01	acrylate_ester	michael_acceptor	1;2;4;5;6;7	1	C/C=C(/C)C(=O)O[C@@H]1[C@@H]2O[C@]2(C)[C@H]2[C@H](O[C@@H]3OC(CO)[C@@H](O)C(O)[C@@H]3O)OC=C[C@@]12O
Mol_15551	Mol_15551::M02	epoxide	sn2_ring_opening	8;9;10	8;10	C/C=C(/C)C(=O)O[C@@H]1[C@@H]2O[C@]2(C)[C@H]2[C@H](O[C@@H]3OC(CO)[C@@H](O)C(O)[C@@H]3O)OC=C[C@@]12O
Mol_15555	Mol_15555::M01	acrylate_ester	michael_acceptor	17;16;14;15;13;12	17	COc1ccc(CCO[C@@H]2O[C@H](COC(=O)/C=C/c3ccc(O)c(OC)c3)[C@@H](O)[C@H](O[C@@H]3O[C@@H](C)[C@H](O)[C@@H](O)[C@H]3O)[C@H]2O)cc1O
Mol_15556	Mol_15556::M01	acrylate_ester	michael_acceptor	19;18;16;17;15;14	19	COc1ccc(CCO[C@@H]2O[C@H](CO)[C@@H](OC(=O)/C=C\c3ccc(O)c(OC)c3)[C@H](O[C@@H]3O[C@@H](C)[C@H](O)[C@@H](O)[C@H]3O)[C@H]2O)cc1O
Mol_15602	Mol_15602::M01	enal	michael_acceptor	3;4;5;6	3	CC1=C(C=CC=O)C(C)(C)CCC1
Mol_15602	Mol_15602::M02	aldehyde	reversible_carbonyl	4;5;6	5	CC1=C(C=CC=O)C(C)(C)CCC1
Mol_15604	Mol_15604::M01	para_quinone	michael_acceptor	9;8;6;5;29;30;28;10	5;6;10;28	Cc1cc(O)c2c(c1)C(=O)c1cc(O[C@@H]3OC(CO)[C@@H](O)C(O)[C@@H]3O)cc(O)c1C2=O
Mol_15609	Mol_15609::M01	enone_cyclic	michael_acceptor	1;2;4;5;6	1	CC1=C(O)C(=O)[C@]2(O)C[C@H]3CC(C)(C)[C@H](O)[C@H]3[C@]12C
Mol_15610	Mol_15610::M01	enone_cyclic	michael_acceptor	6;7;8;9;10	6	CC1(C)C[C@@H]2CC3=CC(=O)[C@@](O)(CO)[C@@]3(C)[C@@H]2[C@H]1O
Mol_15617	Mol_15617::M01	acrylic_acid	michael_acceptor	4;3;1;0;2	4	O=C(O)/C=C/c1ccc(O)c(OS(=O)(=O)O)c1
Mol_15618	Mol_15618::M01	epoxide	sn2_ring_opening	6;7;8	6;8	O=S(=O)(O)OC[C@]12O[C@H]1[C@@H](O)[C@@H]1C=CO[C@@H](O[C@@H]3O[C@H](CO)[C@@H](O)[C@H](O)[C@H]3O)[C@@H]12
Mol_15619	Mol_15619::M01	enone_ketone_acyclic	michael_acceptor	12;11;9;10;8	12	COc1cc(C(=O)O)c(C(=O)/C=C/c2ccc(O)cc2)c(OC)c1O
Mol_15619	Mol_15619::M02	chalcone	michael_acceptor	8;9;10;11;12;13	12	COc1cc(C(=O)O)c(C(=O)/C=C/c2ccc(O)cc2)c(OC)c1O
Mol_15623	Mol_15623::M01	acrylate_ester	michael_acceptor	3;2;1;0;30;31	3	O=C(/C=C/c1ccc(O)c(-c2cc(O)c3c(=O)cc(-c4ccc(O)cc4)oc3c2)c1)OC1OC(CO)C(O)C1O
Mol_15632	Mol_15632::M01	enone_cyclic	michael_acceptor	20;21;22;23;17	20	NC(=O)NCCCOc1c(Br)cc(CCNC=C2C(=O)C=CC2=O)cc1Br
Mol_15632	Mol_15632::M02	enone_cyclic	michael_acceptor	21;20;18;19;17	21	NC(=O)NCCCOc1c(Br)cc(CCNC=C2C(=O)C=CC2=O)cc1Br
Mol_15636	Mol_15636::M01	enone_cyclic	michael_acceptor	31;30;35;36;34	31	COC1=C(Br)C[C@]2(OC=C1Br)ON=C(C(=O)NCCCOc1c(Br)cc(CC/N=C/C3=C(O)C=CC3=O)cc1Br)[C@@H]2O
Mol_15636	Mol_15636::M02	enone_cyclic	michael_acceptor	33;34;35;36;30	33	COC1=C(Br)C[C@]2(OC=C1Br)ON=C(C(=O)NCCCOc1c(Br)cc(CC/N=C/C3=C(O)C=CC3=O)cc1Br)[C@@H]2O
Mol_15640	Mol_15640::M01	acrylate_ester	michael_acceptor	3;2;1;0;11;12	3	O=C(/C=C/c1ccc(O)cc1)OC1C(CO)OC(Oc2cc(O)c3c(=O)cc(-c4ccc(O)cc4)oc3c2)C(O)C1O
Mol_15641	Mol_15641::M01	aldehyde	reversible_carbonyl	14;15;16	15	CC(=O)N[C@H]1[C@@H](O[C@@H]([C@@H](O)[C@H](O)CO)[C@H](C=O)O[C@@H]2O[C@@H](C)[C@@H](O)[C@@H](O)[C@@H]2O)O[C@H](CO)[C@H](O)[C@@H]1O
Mol_15644	Mol_15644::M01	acrylate_ester	michael_acceptor	27;26;24;25;23;22	27	C[C@H]1O[C@H](Oc2cc(O)c3c(=O)c(O[C@H]4O[C@@H](CO[C@H]5O[C@@H](COC(=O)/C=C/c6ccc(O)cc6)[C@H](O)[C@@H](O)[C@@H]5O)[C@H](O)[C@@H](O)[C@@H]4O)c(-c4ccc(O)c(O)c4)oc3c2)[C@@H](O)[C@@H](O)[C@@H]1O
Mol_15651	Mol_15651::M01	acrylate_ester	michael_acceptor	27;26;24;25;23;22	27	CC1O[C@H](Oc2c(-c3ccc(O)cc3)oc3cc(O[C@@H]4OC(COC(=O)/C=C/c5ccc(O)cc5)[C@@H](O)C(O)[C@@H]4O)cc(O)c3c2=O)C(O[C@@H]2OC(CO)[C@@H](O)C(O)[C@@H]2O)[C@H](O)[C@@H]1O
Mol_15657	Mol_15657::M01	para_quinone	michael_acceptor	31;30;17;16;50;51;49;32	16;17;32;49	Cc1cc(O[C@H]2O[C@@H](CO)[C@H](O)[C@@H](O)[C@@H]2O)c2c(c1O[C@@H]1O[C@@H](C)[C@H](O)[C@@H](O)[C@H]1O)C(=O)c1cc(O[C@@H]3O[C@@H](C)[C@H](O)[C@@H](O)[C@H]3O)cc(O)c1C2=O
Mol_15658	Mol_15658::M01	para_quinone	michael_acceptor	10;9;4;3;30;31;29;11	3;4;11;29	Cc1cc2c(c(O)c1O)C(=O)c1c(O[C@H]3O[C@@H](CO)[C@H](O)[C@@H](O)[C@@H]3O)cc(O)cc1C2=O
Mol_15659	Mol_15659::M01	para_quinone	michael_acceptor	16;15;13;12;25;26;24;17	12;13;17;24	CCCCCC(C)COc1ccc2c(c1)C(=O)c1cc(C)cc(O)c1C2=O
Mol_15660	Mol_15660::M01	para_quinone	michael_acceptor	31;30;28;27;40;41;39;32	27;28;32;39	COc1cc(O[C@@H]2O[C@H](CO[C@@H]3O[C@@H](C)[C@H](O)[C@@H](O)[C@H]3O)[C@@H](O)[C@H](O)[C@H]2O)c2c(c1)C(=O)c1cc(C)cc(O)c1C2=O
Mol_15661	Mol_15661::M01	para_quinone	michael_acceptor	9;8;6;5;28;29;27;10	5;6;10;27	Cc1cc(O)c2c(c1)C(=O)c1cc(O[C@@H]3O[C@@H](C)[C@H](O)[C@@H](O)[C@H]3O)cc(O)c1C2=O
Mol_15723	Mol_15723::M01	acrylate_ester	michael_acceptor	3;2;1;0;12;13	3	O=C(/C=C/c1ccc(O)c(O)c1)O[C@H]1C[C@@](O)(C(=O)O)C[C@H](O)[C@@H]1O
Mol_15743	Mol_15743::M01	acrylate_ester	michael_acceptor	3;2;1;0;12;13	3	O=C(/C=C/c1ccc(O)c(O)c1)O[C@@H](C(=O)O)[C@@H](O)C(=O)O
Mol_15753	Mol_15753::M01	acrylate_ester	michael_acceptor	23;22;20;21;19;18	23	CC(=O)OC[C@H]1O[C@H](O[C@]2(CO)O[C@H](CO)[C@@H](O)[C@@H]2OC(=O)/C=C/c2ccc(O)c(O)c2)[C@H](OC(C)=O)[C@@H](OC(C)=O)[C@@H]1OC(C)=O
Mol_15754	Mol_15754::M01	acrylate_ester	michael_acceptor	3;2;1;0;12;13	3	O=C(/C=C/c1ccc(O)c(O)c1)OC[C@H]1OC(O)[C@H](O)[C@@H](O)[C@@H]1O
Mol_15756	Mol_15756::M01	acrylate_ester	michael_acceptor	3;2;1;0;12;13	3	O=C(/C=C/c1ccc(O)c(O)c1)OC1[C@H](O)C(O)OC(COC(=O)CCc2ccc(O)c(O)c2)[C@H]1O
Mol_15757	Mol_15757::M01	acrylate_ester	michael_acceptor	3;2;1;0;12;13	3	O=C(/C=C/c1ccc(O)c(O)c1)O[C@@H]1OC[C@@H](O)C(O)[C@@H]1O
Mol_15773	Mol_15773::M01	acrylate_ester	michael_acceptor	3;2;1;0;11;12	3	O=C(/C=C/c1ccc(O)cc1)O[C@H]1[C@H](Oc2c(-c3ccc(O)cc3)oc3cc(O)cc(O)c3c2=O)O[C@H](CO)[C@@H](O)[C@@H]1O
Mol_15786	Mol_15786::M01	enone_ketone_acyclic	michael_acceptor	7;8;9;10;11	7	CC(=O)OC(C)(C)/C=C/C(=O)[C@](C)(O)C1[C@H](O)C[C@@]2(C)[C@@H]3CC=C4[C@@H](C[C@H](O[C@@H]5O[C@H](CO)[C@@H](O)[C@H](O)[C@H]5O)C(=O)C4(C)C)[C@]3(C)C(=O)C[C@]12C
Mol_15789	Mol_15789::M01	acrylate_ester	michael_acceptor	5;4;2;3;1;0	5	COC(=O)C1=CO[C@@H](O[C@@H]2O[C@H](CO)[C@@H](O)[C@H](O)[C@H]2O)[C@@H]2C(COC(C)=O)=C[C@H](O)[C@H]12
Mol_15790	Mol_15790::M01	acrylate_ester	michael_acceptor	5;4;2;3;1;0	5	COC(=O)C1=CO[C@@H](O[C@@H]2O[C@H](CO)[C@@H](O)[C@H](O)[C@H]2O)[C@@H]2C(COC(=O)/C=C/c3ccc(O)cc3)=C[C@@H](O)[C@H]12
Mol_15790	Mol_15790::M02	acrylate_ester	michael_acceptor	27;26;24;25;23;22	27	COC(=O)C1=CO[C@@H](O[C@@H]2O[C@H](CO)[C@@H](O)[C@H](O)[C@H]2O)[C@@H]2C(COC(=O)/C=C/c3ccc(O)cc3)=C[C@@H](O)[C@H]12
Mol_15791	Mol_15791::M01	acrylate_ester	michael_acceptor	12;11;9;10;8;7	12	CC(=O)OCC1=C[C@@H]2OC(=O)C3=CO[C@@H](O[C@@H]4O[C@H](CO)[C@@H](O)[C@H](O)[C@H]4O)[C@H]1[C@@H]32
Mol_15791	Mol_15791::M02	unsat_lactone	michael_acceptor	8;9;10;11;12	12	CC(=O)OCC1=C[C@@H]2OC(=O)C3=CO[C@@H](O[C@@H]4O[C@H](CO)[C@@H](O)[C@H](O)[C@H]4O)[C@H]1[C@@H]32
Mol_15792	Mol_15792::M01	acrylic_acid	michael_acceptor	4;3;1;0;2	4	O=C(O)C1=CO[C@H](O[C@H]2O[C@@H](CO)[C@H](O)[C@@H](O)[C@@H]2O)[C@H]2C(CO)=C[C@@H](O)[C@@H]12
Mol_15800	Mol_15800::M01	acrylate_ester	michael_acceptor	5;4;2;3;1;0	5	COC(=O)C1=CO[C@H](O[C@H]2O[C@@H](CO)[C@H](O)[C@@H](O)[C@@H]2O)[C@H]2C(CO)=C[C@@H](O)[C@@H]12
Mol_15801	Mol_15801::M01	para_quinone	michael_acceptor	12;11;5;4;20;21;19;13	4;5;13;19	COc1cc2c(c(OC)c1O)C(=O)c1ccc(O)cc1C2=O
Mol_15804	Mol_15804::M01	para_quinone	michael_acceptor	12;11;7;6;19;20;18;13	6;7;13;18	COc1c(O)cc2c(c1OC)C(=O)c1ccccc1C2=O
Mol_15805	Mol_15805::M01	para_quinone	michael_acceptor	12;11;5;4;20;21;19;13	4;5;13;19	COc1cc2c(c(OC)c1O)C(=O)c1cc(C)ccc1C2=O
Mol_15806	Mol_15806::M01	para_quinone	michael_acceptor	11;10;7;6;19;20;18;12	6;7;12;18	COc1c(O)cc2c(c1O)C(=O)c1cc(C)ccc1C2=O
Mol_15807	Mol_15807::M01	para_quinone	michael_acceptor	11;10;5;4;19;20;18;12	4;5;12;18	COc1cc2c(c(O)c1O)C(=O)c1ccc(C)cc1C2=O
Mol_15808	Mol_15808::M01	para_quinone	michael_acceptor	12;11;5;4;20;21;19;13	4;5;13;19	COc1cc2c(c(O)c1OC)C(=O)c1c(O)cccc1C2=O
Mol_15809	Mol_15809::M01	para_quinone	michael_acceptor	12;11;5;4;21;22;20;13	4;5;13;20	COc1cc2c(c(OC)c1O)C(=O)c1cc(C=O)ccc1C2=O
Mol_15809	Mol_15809::M02	aldehyde	reversible_carbonyl	15;16;17	16	COc1cc2c(c(OC)c1O)C(=O)c1cc(C=O)ccc1C2=O
Mol_15810	Mol_15810::M01	para_quinone	michael_acceptor	12;11;5;4;21;22;20;13	4;5;13;20	COc1cc2c(c(OC)c1O)C(=O)c1ccc(C)c(O)c1C2=O
Mol_15811	Mol_15811::M01	para_quinone	michael_acceptor	10;9;6;5;22;23;21;11	5;6;11;21	COc1ccc2c(c1O)C(=O)c1cc(OC)c(OC)c(O)c1C2=O
Mol_15812	Mol_15812::M01	para_quinone	michael_acceptor	13;12;9;8;22;23;21;14	8;9;14;21	CCOCc1c(O)cc2c(c1O)C(=O)c1ccc(OC)cc1C2=O
Mol_15813	Mol_15813::M01	para_quinone	michael_acceptor	0;1;2;8;9;10;11;18	2;8;11;18	O=C1c2cc(O)ccc2C(=O)c2c(O)cc(O)cc21
Mol_15814	Mol_15814::M01	enone_cyclic	michael_acceptor	1;2;3;4;5	1	CC1=CC(=O)c2c(c(C3=C(C)C(=O)c4cc5ccccc5c(O)c4C3=O)c3ccccc3c2O)C1=O
Mol_15814	Mol_15814::M02	enone_cyclic	michael_acceptor	2;1;34;35;6	2	CC1=CC(=O)c2c(c(C3=C(C)C(=O)c4cc5ccccc5c(O)c4C3=O)c3ccccc3c2O)C1=O
Mol_15814	Mol_15814::M03	enone_cyclic	michael_acceptor	8;9;11;12;13	8	CC1=CC(=O)c2c(c(C3=C(C)C(=O)c4cc5ccccc5c(O)c4C3=O)c3ccccc3c2O)C1=O
Mol_15814	Mol_15814::M04	enone_cyclic	michael_acceptor	9;8;24;25;23	9	CC1=CC(=O)c2c(c(C3=C(C)C(=O)c4cc5ccccc5c(O)c4C3=O)c3ccccc3c2O)C1=O
Mol_15814	Mol_15814::M05	chalcone	michael_acceptor	13;11;12;9;8;7	8	CC1=CC(=O)c2c(c(C3=C(C)C(=O)c4cc5ccccc5c(O)c4C3=O)c3ccccc3c2O)C1=O
Mol_15814	Mol_15814::M06	para_quinone	michael_acceptor	4;3;2;1;34;35;6;5	1;2;5;6	CC1=CC(=O)c2c(c(C3=C(C)C(=O)c4cc5ccccc5c(O)c4C3=O)c3ccccc3c2O)C1=O
Mol_15814	Mol_15814::M07	para_quinone	michael_acceptor	12;11;9;8;24;25;23;13	8;9;13;23	CC1=CC(=O)c2c(c(C3=C(C)C(=O)c4cc5ccccc5c(O)c4C3=O)c3ccccc3c2O)C1=O
Mol_15815	Mol_15815::M01	para_quinone	michael_acceptor	11;10;5;4;20;21;19;12	4;5;12;19	COc1cc2c(cc1OC)C(=O)c1c(O)cc(O)cc1C2=O
Mol_15816	Mol_15816::M01	para_quinone	michael_acceptor	10;9;5;4;20;21;19;11	4;5;11;19	COc1cc2c(cc1O)C(=O)c1cc(O)c(C)c(O)c1C2=O
Mol_15817	Mol_15817::M01	para_quinone	michael_acceptor	12;11;5;4;22;23;21;13	4;5;13;21	COc1cc2c(c(OC)c1O)C(=O)c1ccc(CO)c(O)c1C2=O
Mol_15818	Mol_15818::M01	para_quinone	michael_acceptor	12;11;5;4;22;23;21;13	4;5;13;21	COc1cc2c(c(OC)c1O)C(=O)c1cc(C(=O)O)ccc1C2=O
Mol_15819	Mol_15819::M01	para_quinone	michael_acceptor	22;21;20;19;29;30;28;23	19;20;23;28	COc1c(O)c(O[C@H]2O[C@@H](CO)[C@H](O)[C@@H](O)[C@@H]2O)cc2c1C(=O)c1ccccc1C2=O
Mol_15820	Mol_15820::M01	para_quinone	michael_acceptor	32;31;30;29;39;40;38;33	29;30;33;38	COc1c(O)c(O[C@H]2O[C@@H](COC3O[C@@H](C)[C@H](O)[C@@H](O)[C@H]3O)[C@H](O)[C@@H](O)[C@@H]2O)cc2c1C(=O)c1ccccc1C2=O
Mol_15821	Mol_15821::M01	para_quinone	michael_acceptor	19;18;13;12;26;27;25;20	12;13;20;25	C[C@@H]1OC(OC[C@@H]2O[C@H](Oc3cc4c(c(O)c3O)C(=O)c3ccccc3C4=O)[C@@H](O)[C@H](O)[C@H]2O)[C@H](O)[C@H](O)[C@H]1O
Mol_15822	Mol_15822::M01	para_quinone	michael_acceptor	30;29;28;27;37;38;36;31	27;28;31;36	COc1c(O[C@H]2O[C@@H](COC3OC[C@H](O)[C@@H](O)[C@@H]3O)[C@H](O)[C@@H](O)[C@@H]2O)ccc2c1C(=O)c1ccccc1C2=O
Mol_15824	Mol_15824::M01	para_quinone	michael_acceptor	12;11;5;4;21;22;20;13	4;5;13;20	COc1cc2c(c(OC)c1O)C(=O)c1cc(CO)ccc1C2=O
Mol_15828	Mol_15828::M01	acrylamide	michael_acceptor	2;1;62;63;64	2	C/C(=C\C=C\[C@@H](C)[C@H]1CC[C@@]2(C)[C@@H]3CC[C@H]4C(C)(C)[C@@H](O[C@@H]5O[C@H](CO)[C@@H](O)[C@H](O)[C@H]5O[C@@H]5O[C@H](CO)[C@@H](O)[C@H](O)[C@H]5O[C@@H]5O[C@@H](C)[C@H](O)[C@@H](O)[C@H]5O)CC[C@@]45C[C@@]35CC[C@]12C)C(=O)N[C@@H]1C(=O)O[C@H](C)[C@@H]1C
Mol_15829	Mol_15829::M01	acrylamide	michael_acceptor	2;1;73;74;75	2	C/C(=C\C=C\[C@@H](C)[C@H]1CC[C@@]2(C)[C@@H]3CC[C@H]4C(C)(C)[C@@H](O[C@@H]5O[C@H](CO)[C@@H](O[C@@H]6O[C@H](CO)[C@@H](O)[C@H](O)[C@H]6O)[C@H](O)[C@H]5O[C@@H]5O[C@H](CO)[C@@H](O)[C@H](O)[C@H]5O[C@@H]5O[C@@H](C)[C@H](O)[C@@H](O)[C@H]5O)CC[C@@]45C[C@@]35CC[C@]12C)C(=O)N[C@@H]1C(=O)O[C@H](C)[C@@H]1C
Mol_15830	Mol_15830::M01	acrylamide	michael_acceptor	2;1;63;64;65	2	C/C(=C\C=C\[C@@H](C)[C@H]1CC[C@@]2(C)[C@@H]3CC[C@H]4C(C)(C)[C@@H](O[C@@H]5O[C@H](CO)[C@@H](O)[C@H](O)[C@H]5O[C@@H]5O[C@H](CO)[C@@H](O)[C@H](O)[C@H]5O[C@@H]5O[C@@H](C)[C@H](O)[C@@H](O)[C@H]5O)[C@H](O)C[C@@]45C[C@@]35CC[C@]12C)C(=O)N[C@@H]1C(=O)O[C@H](C)[C@@H]1C
Mol_15831	Mol_15831::M01	acrylamide	michael_acceptor	2;1;64;65;66	2	C/C(=C\C=C\[C@@H](C)[C@H]1CC[C@@]2(C)[C@@H]3CC[C@H]4C(C)(C)[C@@H](O[C@@H]5O[C@H](CO)[C@@H](O[C@@H]6O[C@H](CO)[C@@H](O)[C@H](O)[C@H]6O)[C@H](O)[C@H]5O[C@@H]5O[C@H](CO)[C@@H](O)[C@H](O)[C@H]5O)[C@H](O)C[C@@]45C[C@@]35CC[C@]12C)C(=O)N[C@@H]1C(=O)O[C@H](C)[C@@H]1C
Mol_15832	Mol_15832::M01	acrylamide	michael_acceptor	2;1;74;75;76	2	C/C(=C\C=C\[C@@H](C)[C@H]1CC[C@@]2(C)C3=C(CC[C@]12CO)[C@@]1(C)CC[C@H](O[C@@H]2O[C@H](CO)[C@@H](O[C@@H]4O[C@H](CO)[C@@H](O)[C@H](O)[C@H]4O)[C@H](O)[C@H]2O[C@@H]2O[C@H](CO)[C@@H](O)[C@H](O)[C@H]2O[C@@H]2O[C@@H](C)[C@H](O)[C@@H](O)[C@H]2O)C(C)(C)[C@@H]1CC3)C(=O)N[C@@H]1C(=O)O[C@H](C)[C@@H]1C
Mol_15834	Mol_15834::M01	acrylamide	michael_acceptor	17;18;19;20;21	17	C=C[C@H]1[C@H](O[C@@H]2OC(CO)[C@@H](O)C(O)[C@@H]2O)OC=C2C(=O)N3Cc4c([nH]c5ccc(OC)cc5c4=O)[C@]3(C)C[C@]21C
Mol_15835	Mol_15835::M01	acrylate_ester	michael_acceptor	17;18;19;20;21;22	17	C=C[C@@H]1[C@@H](O[C@@H]2OC(CO)[C@@H](O)C(O)[C@@H]2O)OC=C(C(=O)OC)[C@@H]1C[C@@H]1NCCc2c1[nH]c1ccc(OC)cc21
Mol_15836	Mol_15836::M01	acrylate_ester	michael_acceptor	5;4;2;3;1;0	5	COC(=O)C1=CO[C@H](O[C@H]2O[C@H](CO)[C@@H](O)[C@H](O)[C@H]2O)[C@@]2(C)[C@@H](C)OC(O)C[C@@]12C
Mol_15837	Mol_15837::M01	acrylate_ester	michael_acceptor	5;4;2;3;1;0	5	COC(=O)C1=CO[C@@H](O[C@@H]2O[C@H](CO)[C@@H](O)[C@H](O)[C@H]2O)[C@@H]2[C@@H](C)[C@H](O)C[C@H]12
Mol_15838	Mol_15838::M01	acrylate_ester	michael_acceptor	5;4;2;3;1;0	5	COC(=O)C1=CO[C@H](O[C@@H]2O[C@H](CO)[C@@H](O)[C@H](O)[C@H]2O)[C@@]2(C)[C@@H](C)OC(OC)C[C@@]12C
Mol_15839	Mol_15839::M01	acrylate_ester	michael_acceptor	17;18;19;20;21;22	17	C=C[C@H]1[C@H](O[C@@H]2O[C@H](CO)[C@@H](O)[C@H](O)[C@H]2O)OC=C(C(=O)OC)[C@H]1C[C@@H]1N[C@H](C(=O)O)Cc2c1[nH]c1ccccc21
Mol_15841	Mol_15841::M01	para_quinone	michael_acceptor	0;1;2;8;9;10;11;12	2;8;11;12	O=C1c2cccc(O)c2C(=O)c2c1cc(OC1O[C@@H](CO)[C@H](O)[C@@H](O)[C@@H]1O)c(CO)c2O
Mol_15842	Mol_15842::M01	para_quinone	michael_acceptor	0;1;2;21;22;23;24;30	2;21;24;30	O=C1c2cc(OC3O[C@@H](CO)[C@H](O)[C@@H](O)[C@@H]3O)c(CO)cc2C(=O)c2c(O)cccc21
Mol_15844	Mol_15844::M01	para_quinone	michael_acceptor	11;10;6;5;18;19;17;12	5;6;12;17	COCc1cc2c(cc1O)C(=O)c1ccccc1C2=O
Mol_15845	Mol_15845::M01	para_quinone	michael_acceptor	0;1;2;7;8;9;10;11	2;7;10;11	O=C1c2ccccc2C(=O)c2c1cc(O[C@@H]1O[C@H](CO[C@@H]3OC[C@@H](O)[C@H](O)[C@H]3O)[C@@H](O)[C@H](O)[C@H]1O)c(CO)c2O
Mol_15846	Mol_15846::M01	acrylate_ester	michael_acceptor	13;12;10;11;9;7	13	CC(=O)OCC1=C[C@]2(C)OC(=O)C3=CO[C@@H](O[C@@H]4O[C@H](CO)[C@@H](O)[C@H](O)[C@H]4O)[C@@]1(C)[C@@]32C
Mol_15846	Mol_15846::M02	unsat_lactone	michael_acceptor	9;10;11;12;13	13	CC(=O)OCC1=C[C@]2(C)OC(=O)C3=CO[C@@H](O[C@@H]4O[C@H](CO)[C@@H](O)[C@H](O)[C@H]4O)[C@@]1(C)[C@@]32C
Mol_15864	Mol_15864::M01	acrylate_ester	michael_acceptor	3;2;1;0;12;13	3	O=C(/C=C/c1ccc(O)c(O)c1)O[C@]1(C(=O)O)C[C@H](O)[C@H](O)[C@@H](O)C1
Mol_15886	Mol_15886::M01	acrylate_ester	michael_acceptor	3;2;1;0;12;13	3	O=C(/C=C/c1ccc(O)c(O)c1)OC[C@H]1O[C@@H](Oc2ccccc2O)[C@H](O)[C@@H](O)[C@@H]1O
Mol_15892	Mol_15892::M01	acrylate_ester	michael_acceptor	1;2;4;5;6;7	1	C/C=C(\C)C(=O)O[C@H]1CC(C)(C)C[C@@]2(C)C3=CCC4[C@@]5(C)CC[C@H](OC6OC(C(=O)O)C(O)C(OC7OC(CO)C(O)C7O)C6OC6OC(CO)C(O)C(O)C6O)[C@](C)(CO)C5CC[C@@]4(C)[C@]3(C)C[C@@H](O)[C@@]12CO
Mol_15902	Mol_15902::M01	acrylate_ester	michael_acceptor	1;2;4;5;6;7	1	C/C=C(\C)C(=O)O[C@H]1CC(C)(C)CC2C3=CCC4[C@@]5(C)CC[C@H](OC6OC(CO)C(O)C(O)C6OC6OC(C)C(O)C(OC7OC(CO)C(O)C(O)C7O)C6O)C(C)(C)C5CC[C@@]4(C)[C@]3(C)CC(O)C21CO
Mol_15903	Mol_15903::M01	acrylate_ester	michael_acceptor	1;2;4;5;6;7	1	C/C=C(\C)C(=O)O[C@H]1CC(C)(C)CC2C3=CCC4[C@@]5(C)CC[C@H](OC6OC(CO)C(O)C(O)C6OC6OC(C)C(O)C(O)C6O)C(C)(C)C5CC[C@@]4(C)[C@]3(C)CC(O)C21CO
Mol_15967	Mol_15967::M01	acrylate_ester	michael_acceptor	5;6;7;8;9;10	5	COc1cc(/C=C/C(=O)OC[C@H]2O[C@@H](Oc3ccc([C@@H]4OC[C@@H]5[C@H]4CO[C@H]5c4ccc(O)c(OC)c4)cc3OC)[C@H](O)[C@@H](O)[C@@H]2O)ccc1O
Mol_15969	Mol_15969::M01	acrylate_ester	michael_acceptor	5;6;7;8;9;10	5	COc1cc(/C=C/C(=O)O[C@@H]2C(CO)O[C@@H](OCCc3ccc(O)c(O)c3)[C@@H](O)C2O[C@@H]2OC(C)[C@H](O)[C@H](O)C2O)ccc1O
Mol_15970	Mol_15970::M01	acrylate_ester	michael_acceptor	30;29;27;28;26;25	30	C[C@@H]1O[C@@H](O[C@@H]2[C@@H](O)[C@H](OCC(O)c3ccc(O)c(O)c3)O[C@H](CO)[C@H]2OC(=O)/C=C/c2ccc(O)c(O)c2)[C@H](O)[C@H](O)[C@H]1O
Mol_15977	Mol_15977::M01	epoxide	sn2_ring_opening	13;14;15	13;15	OC[C@H]1O[C@@H](O[C@@H]2OC=C[C@H]3[C@H](O)[C@@H]4O[C@]4(CO)[C@@H]23)[C@H](O)[C@@H](O)[C@@H]1O
Mol_15978	Mol_15978::M01	epoxide	sn2_ring_opening	22;25;26	22;26	O=C(O[C@H]1[C@@H]2C=CO[C@@H](O[C@@H]3O[C@H](CO)[C@@H](O)[C@H](O)[C@H]3O)[C@@H]2[C@@]2(CO)O[C@@H]12)c1ccccc1
Mol_15979	Mol_15979::M01	epoxide	sn2_ring_opening	27;30;31	27;31	COc1cc(C(=O)O[C@H]2C3C=COC(O[C@@H]4O[C@H](CO)[C@@H](O)[C@H](O)[C@H]4O)C3[C@@]3(CO)O[C@@H]23)ccc1O
Mol_15980	Mol_15980::M01	epoxide	sn2_ring_opening	22;25;26	22;26	O=C(O[C@H]1[C@@H]2C=CO[C@@H](O[C@@H]3O[C@H](CO)[C@@H](O)[C@H](O)[C@H]3O)[C@@H]2[C@@]2(CO)O[C@@H]12)c1ccc(O)cc1
Mol_15981	Mol_15981::M01	epoxide	sn2_ring_opening	22;25;26	22;26	O=C(O[C@H]1[C@@H]2C=CO[C@@H](O[C@@H]3O[C@H](CO)[C@@H](O)[C@H](O)[C@H]3O)[C@@H]2[C@@]2(CO)O[C@@H]12)c1ccc(O)c(O)c1
Mol_15982	Mol_15982::M01	acrylate_ester	michael_acceptor	6;7;8;9;10;11	6	COc1ccc(/C=C/C(=O)O[C@H]2[C@@H]3C=CO[C@@H](O[C@@H]4O[C@H](CO)[C@@H](O)[C@H](O)[C@H]4O)[C@@H]3[C@@]3(CO)O[C@@H]23)cc1O
Mol_15982	Mol_15982::M02	epoxide	sn2_ring_opening	30;33;34	30;34	COc1ccc(/C=C/C(=O)O[C@H]2[C@@H]3C=CO[C@@H](O[C@@H]4O[C@H](CO)[C@@H](O)[C@H](O)[C@H]4O)[C@@H]3[C@@]3(CO)O[C@@H]23)cc1O
Mol_15983	Mol_15983::M01	acrylic_acid	michael_acceptor	20;16;17;18;19	20	C[C@H]1C2C(C[C@@H]1C(=O)Oc1ccc(O)cc1)C(C(=O)O)=CO[C@H]2OC1O[C@H](CO)[C@@H](O)[C@H](O)[C@H]1O
Mol_15984	Mol_15984::M01	acrylic_acid	michael_acceptor	20;16;17;18;19	20	C=C1C2C(C[C@@H]1C(=O)Oc1ccc(O)cc1)C(C(=O)O)=CO[C@H]2OC1O[C@H](CO)[C@@H](O)[C@H](O)[C@H]1O
Mol_15985	Mol_15985::M01	epoxide	sn2_ring_opening	28;31;32	28;32	COc1ccc(C(=O)O[C@H]2[C@@H]3C=CO[C@@H](O[C@@H]4O[C@H](CO)[C@@H](O)[C@H](O)[C@H]4O)[C@@H]3[C@@]3(CO)O[C@@H]23)cc1OC
Mol_15986	Mol_15986::M01	epoxide	sn2_ring_opening	19;22;23	19;23	COc1cc(C(=O)OC[C@@H]2O[C@H](O[C@@H]3OC=CC4C3[C@@]3(CO)O[C@H]3[C@H]4O)[C@@H](O)[C@H](O)[C@H]2O)ccc1O
Mol_16010	Mol_16010::M01	acrylate_ester	michael_acceptor	49;48;46;47;45;44	49	CC1O[C@@H](O[C@H]2C(C)O[C@@H](Oc3c(-c4ccc(O)cc4)oc4cc(O)cc(O)c4c3=O)C(O)[C@H]2O)C(O)[C@@H](O)[C@H]1O[C@@H]1OC(COC(=O)/C=C/c2ccc(O)cc2)[C@@H](O)[C@H](O)C1O
Mol_16022	Mol_16022::M01	enone_cyclic	michael_acceptor	12;11;9;10;8	12	C/C=C/[C@H]1OC[C@]2(C)CC(=O)C=C(C)[C@H]12
Mol_16025	Mol_16025::M01	enone_cyclic	michael_acceptor	1;2;3;4;5	1	CC1=CC(=O)C[C@@H](C)[C@@]12CCC([C@](C)(O)CO)C2
Mol_16026	Mol_16026::M01	enone_cyclic	michael_acceptor	1;2;3;4;5	1	CC1=CC(=O)C=C(C)C12CCC([C@@](C)(O)CO)C2
Mol_16026	Mol_16026::M02	enone_cyclic	michael_acceptor	6;5;3;4;2	6	CC1=CC(=O)C=C(C)C12CCC([C@@](C)(O)CO)C2
Mol_16028	Mol_16028::M01	acrylate_ester	michael_acceptor	26;25;23;24;22;21	26	CCCCCCCCCCCCCCCCCCCCCCOC(=O)/C=C/c1ccc(O)c(OC)c1
Mol_16029	Mol_16029::M01	acrylate_ester	michael_acceptor	26;25;23;24;22;21	26	CCCCCCCCCCCCCCCCCCCCCCOC(=O)/C=C\c1ccc(O)c(OC)c1
Mol_16030	Mol_16030::M01	acrylamide	michael_acceptor	3;2;1;0;10	3	O=C(/C=C/c1ccccc1)NCCc1ccc(O)cc1
Mol_16054	Mol_16054::M01	acrylate_ester	michael_acceptor	9;8;6;7;5;3	9	C=C(C)C1(O)OC(=O)C=C1OC
Mol_16054	Mol_16054::M02	unsat_lactone	michael_acceptor	5;6;7;8;9	9	C=C(C)C1(O)OC(=O)C=C1OC
Mol_16075	Mol_16075::M01	acrylate_ester	michael_acceptor	1;2;4;5;6;7	1	CC1=C(C)C(=O)OC([C@](C)(O)[C@]2(O)CC[C@@]3(O)C4C[C@H](O)[C@]5(O)CC=CC(=O)[C@]5(C)C4CC[C@]23C)C1
Mol_16075	Mol_16075::M02	enone_cyclic	michael_acceptor	24;25;26;27;28	24	CC1=C(C)C(=O)OC([C@](C)(O)[C@]2(O)CC[C@@]3(O)C4C[C@H](O)[C@]5(O)CC=CC(=O)[C@]5(C)C4CC[C@]23C)C1
Mol_16075	Mol_16075::M03	unsat_lactone	michael_acceptor	6;4;5;2;1	1	CC1=C(C)C(=O)OC([C@](C)(O)[C@]2(O)CC[C@@]3(O)C4C[C@H](O)[C@]5(O)CC=CC(=O)[C@]5(C)C4CC[C@]23C)C1
Mol_16076	Mol_16076::M01	acrylate_ester	michael_acceptor	2;1;34;35;33;6	2	CC1=C(C)[C@H](O)[C@H]([C@@H](C)[C@@]2(O)CC[C@@]3(O)C4C5O[C@@H]5[C@@]5(O)CC=CC(=O)[C@]5(C)C4CC[C@@]32C)OC1=O
Mol_16076	Mol_16076::M02	enone_cyclic	michael_acceptor	22;23;24;25;26	22	CC1=C(C)[C@H](O)[C@H]([C@@H](C)[C@@]2(O)CC[C@@]3(O)C4C5O[C@@H]5[C@@]5(O)CC=CC(=O)[C@]5(C)C4CC[C@@]32C)OC1=O
Mol_16076	Mol_16076::M03	unsat_lactone	michael_acceptor	33;34;35;1;2	2	CC1=C(C)[C@H](O)[C@H]([C@@H](C)[C@@]2(O)CC[C@@]3(O)C4C5O[C@@H]5[C@@]5(O)CC=CC(=O)[C@]5(C)C4CC[C@@]32C)OC1=O
Mol_16076	Mol_16076::M04	epoxide	sn2_ring_opening	16;17;18	16;18	CC1=C(C)[C@H](O)[C@H]([C@@H](C)[C@@]2(O)CC[C@@]3(O)C4C5O[C@@H]5[C@@]5(O)CC=CC(=O)[C@]5(C)C4CC[C@@]32C)OC1=O
Mol_16077	Mol_16077::M01	acrylate_ester	michael_acceptor	0;1;22;23;24;25	0	C=C(CNC(=O)CCCCCC/C=C\CCCCCC(C)C)C(=O)OC
Mol_16078	Mol_16078::M01	acrylate_ester	michael_acceptor	0;1;22;23;24;25	0	C=C(CNC(=O)CCCCCCC1CC1CCCCCCC)C(=O)OC
Mol_16079	Mol_16079::M01	acrylate_ester	michael_acceptor	0;1;24;25;26;27	0	C=C(CNC(=O)CCCCCCC1CC1CCCCCCCCC)C(=O)OC
Mol_16080	Mol_16080::M01	acrylic_acid	michael_acceptor	14;15;16;17;18	14	CC1=C(C[C@H](C)O)[C@H](/C=C(C)/C=C(C)/C=C/C(=O)O)[C@@H]2C(=C1)C[C@@H](C)C(=O)[C@H]2C
Mol_16081	Mol_16081::M01	acrylic_acid	michael_acceptor	24;25;26;27;28	24	CC(=O)CC1=C(C)C=C2C[C@@H](C)[C@@H](O)[C@@H](C)[C@@H]2[C@H]1/C=C(C)/C=C(C)/C=C/C(=O)O
Mol_16082	Mol_16082::M01	acrylic_acid	michael_acceptor	24;25;26;27;28	24	CC(=O)CC1=C(C)C=C2C[C@@H](C)C(=O)[C@@H](C)[C@@H]2[C@H]1/C=C(C)/C=C(C)/C=C/C(=O)O
Mol_16083	Mol_16083::M01	acrylic_acid	michael_acceptor	24;25;26;27;28	24	CC(=O)CC1=C(C)C=C2C[C@@H](C)C(=O)[C@@H](C)[C@@H]2[C@H]1/C=C(C)/C=C(C)\C=C\C(=O)O
Mol_16084	Mol_16084::M01	acrylate_ester	michael_acceptor	5;4;2;3;1;0	5	COC(=O)/C=C/C(C)=C/C(C)=C/[C@H]1C(C[C@H](C)O)=C(C)C=C2C[C@@H](C)C(=O)[C@@H](C)[C@@H]21
Mol_16085	Mol_16085::M01	acrylate_ester	michael_acceptor	5;4;2;3;1;0	5	COC(=O)/C=C/C(C)=C/C(C)=C/[C@H]1C(CC(C)=O)=C(C)C=C2C[C@@H](C)C(=O)[C@@H](C)[C@@H]21
Mol_16087	Mol_16087::M01	acrylate_ester	michael_acceptor	14;15;16;17;18;19	14	CC1=C[C@@H]2/C=C(\C)C[C@H](CO)C[C@H](O)/C=C\C(=O)O[C@]23C(=O)N[C@@H](CC(C)C)[C@@H]3[C@@H]1C
Mol_16087	Mol_16087::M02	unsat_lactone	michael_acceptor	18;16;17;15;14	14	CC1=C[C@@H]2/C=C(\C)C[C@H](CO)C[C@H](O)/C=C\C(=O)O[C@]23C(=O)N[C@@H](CC(C)C)[C@@H]3[C@@H]1C
Mol_16090	Mol_16090::M01	acrylic_acid	michael_acceptor	12;13;15;16;17	12	COC1CC(CC(O)CCC(C)/C=C(\C)C(=O)O)OC2(OC(C)(C3CCC(C)(C4OC(C5OC(O)(CO)C(C)CC5C)CC4C)O3)CC2C)C1C
Mol_16094	Mol_16094::M01	acrylate_ester	michael_acceptor	9;8;6;7;5;4	9	CC(C)=CCOC(=O)/C=C/c1ccc(O)c(O)c1
Mol_16095	Mol_16095::M01	acrylate_ester	michael_acceptor	3;2;1;0;12;13	3	O=C(/C=C/c1ccc(O)c(O)c1)Oc1ccc(O)cc1
Mol_16113	Mol_16113::M01	acrylic_acid	michael_acceptor	6;7;8;9;10	6	COc1ccc(/C=C/C(=O)O)cc1O[C@@H]1[C@@H](Oc2c(-c3ccc(O)c(O)c3)oc3cc(O)cc(O)c3c2=O)O[C@@H](C(=O)O)[C@H](O)[C@H]1O
Mol_16121	Mol_16121::M01	aldehyde	reversible_carbonyl	2;1;0	1	O=CC(O)C(O)C(O)C(O)COC(=O)c1cc(O)c(O)c(O)c1
Mol_16133	Mol_16133::M01	aldehyde	reversible_carbonyl	2;1;0	1	O=CC(OC(=O)c1cc(O)c(O)c(O)c1)C(OC(=O)c1cc(O)c(O)c(O)c1)C(O)C(COC(=O)c1cc(O)c(O)c(O)c1)OC(=O)c1cc(O)c(O)c(O)c1
Mol_16134	Mol_16134::M01	enone_ketone_acyclic	michael_acceptor	7;6;4;5;3	7	O=C(OC1(C(=O)/C=C/c2ccc(O)cc2)O[C@H](CO)[C@@H](O)[C@H](O)[C@H]1O)c1cc(O)c(O)c(O)c1
Mol_16137	Mol_16137::M01	enone_cyclic	michael_acceptor	9;8;26;27;25	9	O=C(OCC1OC(OC2=C(c3ccc(O)cc3)Cc3cc(O)cc(O)c3C2=O)C(O)C(O)C1O)c1cc(O)c(O)c(O)c1
Mol_16137	Mol_16137::M02	chalcone	michael_acceptor	25;26;27;8;9;10	9	O=C(OCC1OC(OC2=C(c3ccc(O)cc3)Cc3cc(O)cc(O)c3C2=O)C(O)C(O)C1O)c1cc(O)c(O)c(O)c1
Mol_16162	Mol_16162::M01	acrylate_ester	michael_acceptor	35;34;32;33;31;30	35	CCCCCCCCCCCCCCCCCCCCCCCCC(=O)OCC(O)COC(=O)/C=C/c1ccc(O)c(OC)c1
Mol_16163	Mol_16163::M01	enal	michael_acceptor	6;7;8;9	6	COc1ccc(/C=C/C=O)cc1O
Mol_16163	Mol_16163::M02	aldehyde	reversible_carbonyl	7;8;9	8	COc1ccc(/C=C/C=O)cc1O
Mol_16185	Mol_16185::M01	acrylate_ester	michael_acceptor	19;18;16;17;15;14	19	CCCCOC(=O)[C@]1(O)C[C@@H](O)[C@@H](O)[C@H](OC(=O)C=Cc2ccc(O)c(O)c2)C1
Mol_16186	Mol_16186::M01	acrylate_ester	michael_acceptor	3;2;1;0;11;12	3	O=C(/C=C/c1ccc(O)cc1)OC1OC(Oc2c(-c3ccc(O)cc3)oc3cc(O)cc(O)c3c2=O)C(O)C(OC(=O)/C=C/c2ccc(O)cc2)C1O
Mol_16186	Mol_16186::M02	acrylate_ester	michael_acceptor	43;42;40;41;39;38	43	O=C(/C=C/c1ccc(O)cc1)OC1OC(Oc2c(-c3ccc(O)cc3)oc3cc(O)cc(O)c3c2=O)C(O)C(OC(=O)/C=C/c2ccc(O)cc2)C1O
Mol_16187	Mol_16187::M01	acrylate_ester	michael_acceptor	3;2;1;0;11;12	3	O=C(/C=C\c1ccc(O)cc1)OCC1O[C@@H](Oc2c(-c3ccc(O)cc3)oc3cc(O)cc(O)c3c2=O)C(O)[C@@H](OC(=O)/C=C\c2ccc(O)cc2)[C@@H]1O
Mol_16187	Mol_16187::M02	acrylate_ester	michael_acceptor	44;43;41;42;40;39	44	O=C(/C=C\c1ccc(O)cc1)OCC1O[C@@H](Oc2c(-c3ccc(O)cc3)oc3cc(O)cc(O)c3c2=O)C(O)[C@@H](OC(=O)/C=C\c2ccc(O)cc2)[C@@H]1O
Mol_16188	Mol_16188::M01	enone_cyclic	michael_acceptor	1;2;3;4;5	1	CC1=CC(=O)CC(C)(C)/C1=C\CC(C)O[C@@H]1O[C@H](CO)[C@@H](O)[C@H](O)[C@H]1O
Mol_16189	Mol_16189::M01	enone_cyclic	michael_acceptor	1;2;3;4;5	1	CC1=CC(=O)CC(C)(C)C1/C=C/C(C)O[C@@H]1O[C@H](CO)[C@@H](O)[C@H](O)[C@H]1O
Mol_16190	Mol_16190::M01	enone_cyclic	michael_acceptor	1;2;3;4;5	1	CC1=CC(=O)CC(C)(C)[C@@H]1CC[C@@H](C)O[C@H]1O[C@@H](CO)[C@H](O)[C@@H](O)[C@@H]1O
Mol_16191	Mol_16191::M01	enone_cyclic	michael_acceptor	1;2;3;4;5	1	CC1=CC(=O)CC(C)(C)C1(O)/C=C/C(C)O[C@@H]1O[C@H](CO)[C@@H](O)[C@H](O)[C@H]1O
Mol_16200	Mol_16200::M01	alpha_halo_carbonyl	sn2_alkylation	6;7;8;9;10	9	CC(=O)OC[C@H]1NC(=O)[C@@H](Cl)[C@H]1Oc1ccc(O)cc1
Mol_16201	Mol_16201::M01	alpha_halo_carbonyl	sn2_alkylation	2;1;0;15;16	15	O=C1N[C@H](CO)[C@H](Oc2ccc(O)cc2)[C@@H]1Cl
Mol_16202	Mol_16202::M01	enal	michael_acceptor	22;19;20;21	22	C=C(C)[C@@H]1CC[C@]2(C)CC[C@@]3(C)C[C@@H]4[C@H](C)CC[C@@H]4C(C=O)=CC[C@@H]3[C@@H]12
Mol_16202	Mol_16202::M02	aldehyde	reversible_carbonyl	19;20;21	20	C=C(C)[C@@H]1CC[C@]2(C)CC[C@@]3(C)C[C@@H]4[C@H](C)CC[C@@H]4C(C=O)=CC[C@@H]3[C@@H]12
Mol_16209	Mol_16209::M01	acrylamide	michael_acceptor	19;20;27;28;26	19	C=CC(C)(C)c1[nH]c2cc(CC=C(C)C)ccc2c1/C=C1\NC(=O)[C@H](C)NC1=O
Mol_16210	Mol_16210::M01	acrylamide	michael_acceptor	14;15;23;24;22	14	C=CC(C)(C)c1[nH]c2ccccc2c1/C=C1\NC(=O)C(C)(O)NC1=O
Mol_16213	Mol_16213::M01	enone_cyclic	michael_acceptor	1;2;3;4;5	1	CC1=CC(=O)CC(C)(C)[C@@]1(O)/C=C/C(C)O
Mol_16227	Mol_16227::M01	enone_cyclic	michael_acceptor	1;2;4;5;6	1	CC1=C(O)C(=O)C=CC1=O
Mol_16227	Mol_16227::M02	enone_cyclic	michael_acceptor	2;1;8;9;7	2	CC1=C(O)C(=O)C=CC1=O
Mol_16227	Mol_16227::M03	enone_cyclic	michael_acceptor	6;7;8;9;1	6	CC1=C(O)C(=O)C=CC1=O
Mol_16227	Mol_16227::M04	enone_cyclic	michael_acceptor	7;6;4;5;2	7	CC1=C(O)C(=O)C=CC1=O
Mol_16227	Mol_16227::M05	para_quinone	michael_acceptor	5;4;2;1;8;9;7;6	1;2;6;7	CC1=C(O)C(=O)C=CC1=O
Mol_16230	Mol_16230::M01	enone_cyclic	michael_acceptor	1;2;4;5;6	1	CC1=C(O)C(=O)[C@@H]2O[C@@H]2C1=O
Mol_16230	Mol_16230::M02	enone_cyclic	michael_acceptor	2;1;9;10;8	2	CC1=C(O)C(=O)[C@@H]2O[C@@H]2C1=O
Mol_16230	Mol_16230::M03	epoxide	sn2_ring_opening	6;7;8	6;8	CC1=C(O)C(=O)[C@@H]2O[C@@H]2C1=O
Mol_16231	Mol_16231::M01	enone_cyclic	michael_acceptor	2;1;9;10;8	2	CC1=C(O)[C@@H](O)[C@@H]2O[C@@H]2C1=O
Mol_16231	Mol_16231::M02	epoxide	sn2_ring_opening	6;7;8	6;8	CC1=C(O)[C@@H](O)[C@@H]2O[C@@H]2C1=O
Mol_16232	Mol_16232::M01	enone_cyclic	michael_acceptor	2;1;9;10;7	2	CC1=C(O)C(O)CC(O)C1=O
Mol_16233	Mol_16233::M01	enone_cyclic	michael_acceptor	2;3;5;6;7	2	COC1=C(O)C(=O)C(C)=CC1=O
Mol_16233	Mol_16233::M02	enone_cyclic	michael_acceptor	3;2;10;11;9	3	COC1=C(O)C(=O)C(C)=CC1=O
Mol_16233	Mol_16233::M03	enone_cyclic	michael_acceptor	7;9;10;11;2	7	COC1=C(O)C(=O)C(C)=CC1=O
Mol_16233	Mol_16233::M04	enone_cyclic	michael_acceptor	9;7;5;6;3	9	COC1=C(O)C(=O)C(C)=CC1=O
Mol_16233	Mol_16233::M05	para_quinone	michael_acceptor	6;5;3;2;10;11;9;7	2;3;7;9	COC1=C(O)C(=O)C(C)=CC1=O
Mol_16234	Mol_16234::M01	acrylate_ester	michael_acceptor	5;4;11;12;10;8	5	C[C@@H]1O[C@H]1C1=C[C@H](O)[C@@H](C)OC1=O
Mol_16234	Mol_16234::M02	unsat_lactone	michael_acceptor	10;11;12;4;5	5	C[C@@H]1O[C@H]1C1=C[C@H](O)[C@@H](C)OC1=O
Mol_16234	Mol_16234::M03	epoxide	sn2_ring_opening	1;2;3	1;3	C[C@@H]1O[C@H]1C1=C[C@H](O)[C@@H](C)OC1=O
Mol_16243	Mol_16243::M01	aldehyde	reversible_carbonyl	19;20;21	20	CC(C)=CCc1cc(O)c(/C=C\C2C=CC(C)OO2)c(C=O)c1O
Mol_16248	Mol_16248::M01	aldehyde	reversible_carbonyl	10;11;12	11	CC(C)=CCc1cccc2c(C=O)c[nH]c12
Mol_16254	Mol_16254::M01	acrylate_ester	michael_acceptor	4;3;31;32;30;12	4	CCOC1=C(c2ccc(O)cc2)[C@](Cc2ccc(O)c(CC=C(C)C)c2)(C(=O)OC)OC1=O
Mol_16254	Mol_16254::M02	unsat_lactone	michael_acceptor	30;31;32;3;4	4	CCOC1=C(c2ccc(O)cc2)[C@](Cc2ccc(O)c(CC=C(C)C)c2)(C(=O)OC)OC1=O
Mol_16255	Mol_16255::M01	acrylate_ester	michael_acceptor	4;3;33;34;32;12	4	CCOC1=C(c2ccc(O)cc2)[C@](Cc2ccc(O)c(C[C@H](O)C(C)(C)O)c2)(C(=O)OC)OC1=O
Mol_16255	Mol_16255::M02	unsat_lactone	michael_acceptor	32;33;34;3;4	4	CCOC1=C(c2ccc(O)cc2)[C@](Cc2ccc(O)c(C[C@H](O)C(C)(C)O)c2)(C(=O)OC)OC1=O
Mol_16257	Mol_16257::M01	enone_cyclic	michael_acceptor	14;15;16;17;18	14	CC[C@H](C=C[C@@H](C)[C@H]1CCC2=C3C=CC4=CC(=O)CC[C@]4(C)[C@H]3CC[C@@]21C)C(C)C
Mol_16263	Mol_16263::M01	acrylate_ester	michael_acceptor	27;13;11;12;10;9	27	CC(C)=CCc1cc(/C=C2/OC(=O)C(c3cc(CC=C(C)C)c(O)cc3O)=C2O)ccc1O
Mol_16263	Mol_16263::M02	unsat_lactone	michael_acceptor	10;11;12;13;27	27	CC(C)=CCc1cc(/C=C2/OC(=O)C(c3cc(CC=C(C)C)c(O)cc3O)=C2O)ccc1O
Mol_16293	Mol_16293::M01	enone_cyclic	michael_acceptor	2;3;4;5;6	2	COC1=CC(=O)c2c(O)c3c(c(O)c2C1=O)CC(C)(O)OC3
Mol_16293	Mol_16293::M02	enone_cyclic	michael_acceptor	3;2;14;15;13	3	COC1=CC(=O)c2c(O)c3c(c(O)c2C1=O)CC(C)(O)OC3
Mol_16293	Mol_16293::M03	para_quinone	michael_acceptor	5;4;3;2;14;15;13;6	2;3;6;13	COC1=CC(=O)c2c(O)c3c(c(O)c2C1=O)CC(C)(O)OC3
Mol_16295	Mol_16295::M01	acrylic_acid	michael_acceptor	8;10;11;12;13	8	COc1cc(/C(C)=C/C(C)=C/C(=O)O)oc(=O)c1C
Mol_16297	Mol_16297::M01	acrylate_ester	michael_acceptor	3;4;5;6;7;8	3	C/C=C/C=C\C(=O)OCc1c(OC)c(CO)c(/C=C/CO)oc1=O
Mol_16305	Mol_16305::M01	acrylate_ester	michael_acceptor	24;22;20;21;19;4	24	COC(=O)[C@]1(Cc2ccc3c(c2)C[C@H](C(C)(C)O)O3)OC(=O)C(O)=C1c1ccc(O)cc1
Mol_16305	Mol_16305::M02	unsat_lactone	michael_acceptor	19;20;21;22;24	24	COC(=O)[C@]1(Cc2ccc3c(c2)C[C@H](C(C)(C)O)O3)OC(=O)C(O)=C1c1ccc(O)cc1
Mol_16322	Mol_16322::M01	para_quinone	michael_acceptor	11;10;8;7;20;21;19;12	7;8;12;19	COc1cc(OC)c2c(c1)C(=O)c1cc(C)cc(O)c1C2=O
Mol_16323	Mol_16323::M01	para_quinone	michael_acceptor	17;16;4;3;26;27;25;18	3;4;18;25	Cc1cc2c(c(O)c1C(=O)OCC(O)CO)C(=O)c1c(O)cc(O)cc1C2=O
Mol_16329	Mol_16329::M01	acrylamide	michael_acceptor	6;7;9;10;11	6	C=CC(C)(C)[C@@]12C=C(O)C(=O)N3/C(=C/c4cnc[nH]4)C(=O)N[C@]31N(OC)c1ccccc12
Mol_16329	Mol_16329::M02	acrylamide	michael_acceptor	13;12;19;20;21	13	C=CC(C)(C)[C@@]12C=C(O)C(=O)N3/C(=C/c4cnc[nH]4)C(=O)N[C@]31N(OC)c1ccccc12
Mol_16332	Mol_16332::M01	enone_cyclic	michael_acceptor	17;19;20;21;22	17	COC(=O)[C@@]12Oc3ccc(-c4ccc5c(c4O)C(O)=C4C(=O)C[C@H](C)[C@@H](O)[C@]4(C(=O)OC)O5)c(O)c3C(O)=C1C(=O)C[C@H](C)[C@H]2O
Mol_16332	Mol_16332::M02	enone_cyclic	michael_acceptor	36;38;39;40;41	36	COC(=O)[C@@]12Oc3ccc(-c4ccc5c(c4O)C(O)=C4C(=O)C[C@H](C)[C@@H](O)[C@]4(C(=O)OC)O5)c(O)c3C(O)=C1C(=O)C[C@H](C)[C@H]2O
Mol_16334	Mol_16334::M01	enone_cyclic	michael_acceptor	23;24;25;26;27	23	C=C1CC23C4OOC(=O)C2C1(C)[C@@H](OC(C)=O)C(O)[C@]3(C)[C@]1(C)C=CC(=O)C(C)(C)C1[C@H]4OC(C)=O
Mol_16337	Mol_16337::M01	acrylate_ester	michael_acceptor	21;20;18;19;17;16	21	CC[C@H](CC[C@@H](C)[C@H]1CC[C@H]2[C@@H]3CC=C4C[C@@H](OC(=O)/C=C/c5ccc(O)c(OC)c5)CC[C@]4(C)[C@H]3CC[C@]12C)C(C)C
Mol_16339	Mol_16339::M01	acrylamide	michael_acceptor	12;11;18;19;20	12	C=CC(C)(C)[C@@]12C[C@H]3C(=O)N/C(=C/c4cnc[nH]4)C(=O)N3[C@@H]1Nc1ccccc12
Mol_16340	Mol_16340::M01	enal	michael_acceptor	1;2;3;4	1	C/C=C(/C=O)[C@@H](CC=O)CC(=O)OCCc1ccc(O)cc1
Mol_16340	Mol_16340::M02	aldehyde	reversible_carbonyl	2;3;4	3	C/C=C(/C=O)[C@@H](CC=O)CC(=O)OCCc1ccc(O)cc1
Mol_16340	Mol_16340::M03	aldehyde	reversible_carbonyl	6;7;8	7	C/C=C(/C=O)[C@@H](CC=O)CC(=O)OCCc1ccc(O)cc1
Mol_16341	Mol_16341::M01	acrylamide	michael_acceptor	18;17;1;0;2	18	O=C1N[C@@H](CC2C=Nc3ccccc32)C(=O)N/C1=C/c1cnc[nH]1
Mol_16357	Mol_16357::M01	acrylic_acid	michael_acceptor	13;15;16;17;18	13	CC1=CC(=O)CC(C)(C)[C@@]1(O)/C=C/C(C)=C\C(=O)O
Mol_16357	Mol_16357::M02	enone_cyclic	michael_acceptor	1;2;3;4;5	1	CC1=CC(=O)CC(C)(C)[C@@]1(O)/C=C/C(C)=C\C(=O)O
Mol_16360	Mol_16360::M01	aldehyde	reversible_carbonyl	19;20;21	20	CCC/C=C/C=C/c1c(O)cc(CC=C(C)C)c(O)c1C=O
Mol_16361	Mol_16361::M01	aldehyde	reversible_carbonyl	19;20;21	20	CCCCC/C=C/c1c(O)cc(CC=C(C)C)c(O)c1C=O
Mol_16362	Mol_16362::M01	aldehyde	reversible_carbonyl	19;20;21	20	CC(C)=CCc1cc(O)c(/C=C/C(O)/C=C/C(C)O)c(C=O)c1O
Mol_16363	Mol_16363::M01	aldehyde	reversible_carbonyl	19;20;21	20	C/C=C/CCCCc1c(O)cc(CC=C(C)C)c(O)c1C=O
Mol_16364	Mol_16364::M01	aldehyde	reversible_carbonyl	19;20;21	20	CCCCCCCc1c(O)cc(CC=C(C)C)c(O)c1C=O
Mol_16371	Mol_16371::M01	acrylate_ester	michael_acceptor	1;2;4;5;6;7	1	C/C=C(/C)C(=O)O[C@]1(C)C(=O)O[C@H]2C[C@]3(C)O[C@H]3CC[C@]3(C)O[C@H]3[C@H](OC(=O)[C@@]3(C)O[C@H]3C)[C@@H]21
Mol_16371	Mol_16371::M02	epoxide	sn2_ring_opening	14;16;17	14;17	C/C=C(/C)C(=O)O[C@]1(C)C(=O)O[C@H]2C[C@]3(C)O[C@H]3CC[C@]3(C)O[C@H]3[C@H](OC(=O)[C@@]3(C)O[C@H]3C)[C@@H]21
Mol_16371	Mol_16371::M03	epoxide	sn2_ring_opening	20;22;23	20;23	C/C=C(/C)C(=O)O[C@]1(C)C(=O)O[C@H]2C[C@]3(C)O[C@H]3CC[C@]3(C)O[C@H]3[C@H](OC(=O)[C@@]3(C)O[C@H]3C)[C@@H]21
Mol_16371	Mol_16371::M04	epoxide	sn2_ring_opening	28;30;31	28;31	C/C=C(/C)C(=O)O[C@]1(C)C(=O)O[C@H]2C[C@]3(C)O[C@H]3CC[C@]3(C)O[C@H]3[C@H](OC(=O)[C@@]3(C)O[C@H]3C)[C@@H]21
Mol_16372	Mol_16372::M01	acrylate_ester	michael_acceptor	14;12;10;11;9;7	14	C=C1C[C@@H]2OC(=O)[C@@](C)(OC(=O)/C(C)=C\C)[C@H]2[C@@H](OC(=O)[C@@]2(C)O[C@H]2C)[C@@H]2O[C@@]2(C)CC[C@@H]1OO
Mol_16372	Mol_16372::M02	epoxide	sn2_ring_opening	21;23;24	21;24	C=C1C[C@@H]2OC(=O)[C@@](C)(OC(=O)/C(C)=C\C)[C@H]2[C@@H](OC(=O)[C@@]2(C)O[C@H]2C)[C@@H]2O[C@@]2(C)CC[C@@H]1OO
Mol_16372	Mol_16372::M03	epoxide	sn2_ring_opening	26;27;28	26;28	C=C1C[C@@H]2OC(=O)[C@@](C)(OC(=O)/C(C)=C\C)[C@H]2[C@@H](OC(=O)[C@@]2(C)O[C@H]2C)[C@@H]2O[C@@]2(C)CC[C@@H]1OO
Mol_16373	Mol_16373::M01	acrylate_ester	michael_acceptor	17;15;13;14;12;11	17	C=C1C[C@@H]2OC(=O)[C@@](C)(O)[C@H]2[C@@H](OC(=O)/C(C)=C\C)/C=C(\C)CC[C@@H]1OO
Mol_16374	Mol_16374::M01	acrylate_ester	michael_acceptor	9;7;5;6;4;3	9	C=C1C[C@H](OC(=O)/C(C)=C\C)[C@H]2[C@@H](OC(=O)[C@@]2(C)O)[C@H]2O[C@]2(C)CC[C@@H]1OO
Mol_16374	Mol_16374::M02	epoxide	sn2_ring_opening	19;20;21	19;21	C=C1C[C@H](OC(=O)/C(C)=C\C)[C@H]2[C@@H](OC(=O)[C@@]2(C)O)[C@H]2O[C@]2(C)CC[C@@H]1OO
Mol_16376	Mol_16376::M01	acrylate_ester	michael_acceptor	1;2;4;5;6;7	1	C/C=C(/C)C(=O)OCC1=C[C@@H](OC(=O)/C(C)=C\C)[C@@]2(C)C(=O)C[C@H](C(C)C)[C@@]2(O)CC1
Mol_16376	Mol_16376::M02	acrylate_ester	michael_acceptor	16;14;12;13;11;10	16	C/C=C(/C)C(=O)OCC1=C[C@@H](OC(=O)/C(C)=C\C)[C@@]2(C)C(=O)C[C@H](C(C)C)[C@@]2(O)CC1
Mol_16378	Mol_16378::M01	acrylate_ester	michael_acceptor	11;9;7;8;6;5	11	C=C[C@]1(C)C[C@H](OC(=O)/C(C)=C\C)[C@@H]2[C@H](OC(=O)[C@]2(C)O)[C@H]1C(=C)C
Mol_16380	Mol_16380::M01	acrylate_ester	michael_acceptor	1;2;4;5;6;7	1	C/C=C(/C)C(=O)O[C@H](c1cc(OC)c2c(c1)OCO2)[C@@H](C)OC(=O)C1(C)OC1C
Mol_16380	Mol_16380::M02	epoxide	sn2_ring_opening	24;26;27	24;27	C/C=C(/C)C(=O)O[C@H](c1cc(OC)c2c(c1)OCO2)[C@@H](C)OC(=O)C1(C)OC1C
Mol_16382	Mol_16382::M01	acrylate_ester	michael_acceptor	1;2;4;5;6;7	1	C/C=C(/C)C(=O)OCC1=C[C@H](OC(=O)/C(C)=C\C)[C@@]2(C)C(=O)C[C@H](C(C)C)[C@@]2(O)CC1
Mol_16382	Mol_16382::M02	acrylate_ester	michael_acceptor	16;14;12;13;11;10	16	C/C=C(/C)C(=O)OCC1=C[C@H](OC(=O)/C(C)=C\C)[C@@]2(C)C(=O)C[C@H](C(C)C)[C@@]2(O)CC1
Mol_16383	Mol_16383::M01	acrylate_ester	michael_acceptor	1;2;4;5;6;7	1	C/C=C(/C)C(=O)O[C@H]1/C=C(\C)CC[C@@H]2O[C@@]2(C)C[C@@H]2OC(=O)[C@@](C)(O)[C@@H]12
Mol_16383	Mol_16383::M02	epoxide	sn2_ring_opening	13;14;15	13;15	C/C=C(/C)C(=O)O[C@H]1/C=C(\C)CC[C@@H]2O[C@@]2(C)C[C@@H]2OC(=O)[C@@](C)(O)[C@@H]12
Mol_16384	Mol_16384::M01	acrylate_ester	michael_acceptor	1;2;4;5;6;7	1	C/C=C(/C)C(=O)O[C@@H]1[C@H]2[C@H](C/C(C)=C/CC[C@]3(C)O[C@@H]13)OC(=O)[C@@]2(C)O
Mol_16384	Mol_16384::M02	epoxide	sn2_ring_opening	16;18;19	16;19	C/C=C(/C)C(=O)O[C@@H]1[C@H]2[C@H](C/C(C)=C/CC[C@]3(C)O[C@@H]13)OC(=O)[C@@]2(C)O
Mol_16385	Mol_16385::M01	acrylate_ester	michael_acceptor	17;15;13;14;12;11	17	C=C1C[C@@H]2OC(=O)[C@@](C)(O)[C@H]2[C@@H](OC(=O)/C(C)=C\C)[C@@H]2O[C@@]2(C)CC[C@H]1OO
Mol_16385	Mol_16385::M02	epoxide	sn2_ring_opening	19;20;21	19;21	C=C1C[C@@H]2OC(=O)[C@@](C)(O)[C@H]2[C@@H](OC(=O)/C(C)=C\C)[C@@H]2O[C@@]2(C)CC[C@H]1OO
Mol_16386	Mol_16386::M01	acrylate_ester	michael_acceptor	9;7;5;6;4;3	9	C=C1C[C@H](OC(=O)/C(C)=C\C)[C@H]2[C@H](/C=C(\C)CC[C@@H]1O)OC(=O)[C@@]2(C)O
Mol_16387	Mol_16387::M01	acrylate_ester	michael_acceptor	1;2;4;5;6;7	1	C/C=C(/C)C(=O)O[C@]1(C)C(=O)O[C@H]2C[C@]3(C)O[C@H]3CC/C(C)=C/[C@H](OC(=O)[C@@]3(C)O[C@H]3C)[C@@H]21
Mol_16387	Mol_16387::M02	epoxide	sn2_ring_opening	14;16;17	14;17	C/C=C(/C)C(=O)O[C@]1(C)C(=O)O[C@H]2C[C@]3(C)O[C@H]3CC/C(C)=C/[C@H](OC(=O)[C@@]3(C)O[C@H]3C)[C@@H]21
Mol_16387	Mol_16387::M03	epoxide	sn2_ring_opening	27;29;30	27;30	C/C=C(/C)C(=O)O[C@]1(C)C(=O)O[C@H]2C[C@]3(C)O[C@H]3CC/C(C)=C/[C@H](OC(=O)[C@@]3(C)O[C@H]3C)[C@@H]21
Mol_16388	Mol_16388::M01	acrylate_ester	michael_acceptor	1;2;4;5;6;7	1	C/C=C(/C)C(=O)O[C@]1(C)C(=O)O[C@H]2C/C(C)=C/CC[C@]3(C)O[C@H]3[C@H](OC(=O)[C@@]3(C)O[C@H]3C)[C@@H]21
Mol_16388	Mol_16388::M02	epoxide	sn2_ring_opening	19;21;22	19;22	C/C=C(/C)C(=O)O[C@]1(C)C(=O)O[C@H]2C/C(C)=C/CC[C@]3(C)O[C@H]3[C@H](OC(=O)[C@@]3(C)O[C@H]3C)[C@@H]21
Mol_16388	Mol_16388::M03	epoxide	sn2_ring_opening	27;29;30	27;30	C/C=C(/C)C(=O)O[C@]1(C)C(=O)O[C@H]2C/C(C)=C/CC[C@]3(C)O[C@H]3[C@H](OC(=O)[C@@]3(C)O[C@H]3C)[C@@H]21
Mol_16390	Mol_16390::M01	acrylate_ester	michael_acceptor	14;12;10;11;9;7	14	C=C1C[C@@H]2OC(=O)[C@@](C)(OC(=O)/C(C)=C\C)[C@H]2[C@@H](OC(=O)[C@@]2(C)O[C@H]2C)/C=C(\C)CCC1=O
Mol_16390	Mol_16390::M02	epoxide	sn2_ring_opening	21;23;24	21;24	C=C1C[C@@H]2OC(=O)[C@@](C)(OC(=O)/C(C)=C\C)[C@H]2[C@@H](OC(=O)[C@@]2(C)O[C@H]2C)/C=C(\C)CCC1=O
Mol_16395	Mol_16395::M01	acrylate_ester	michael_acceptor	1;2;4;5;6;7	1	C/C=C(/C)C(=O)OC1=C(C)C=CC(C=O)C1(C)C
Mol_16395	Mol_16395::M02	aldehyde	reversible_carbonyl	12;13;14	13	C/C=C(/C)C(=O)OC1=C(C)C=CC(C=O)C1(C)C
Mol_16396	Mol_16396::M01	aldehyde	reversible_carbonyl	4;5;6	5	Cc1ccc(C=O)c(C)c1C
Mol_16397	Mol_16397::M01	enal	michael_acceptor	3;4;5;6	3	CO[C@H]1C=C(C=O)C(C)(C)C=C1C
Mol_16397	Mol_16397::M02	aldehyde	reversible_carbonyl	4;5;6	5	CO[C@H]1C=C(C=O)C(C)(C)C=C1C
Mol_16398	Mol_16398::M01	acrylate_ester	michael_acceptor	1;2;8;9;10;11	1	C/C=C(/COC(C)=O)C(=O)OC1=C(C)C=CC(C=O)C1(C)C
Mol_16398	Mol_16398::M02	aldehyde	reversible_carbonyl	16;17;18	17	C/C=C(/COC(C)=O)C(=O)OC1=C(C)C=CC(C=O)C1(C)C
Mol_16399	Mol_16399::M01	enal	michael_acceptor	9;6;7;8	9	CC1=CC(C)(C)C(C=O)=CC1O
Mol_16399	Mol_16399::M02	aldehyde	reversible_carbonyl	6;7;8	7	CC1=CC(C)(C)C(C=O)=CC1O
Mol_16401	Mol_16401::M01	enone_ketone_acyclic	michael_acceptor	8;9;10;11;12	8	C=CC(O)C#CC#C/C=C/C(=O)CCCCCCC
Mol_16405	Mol_16405::M01	epoxide	sn2_ring_opening	10;11;12	10;12	C=C[C@H](O)C#CC#CC(O)[C@H]1O[C@@H]1CCCCCCC
Mol_16407	Mol_16407::M01	aldehyde	reversible_carbonyl	12;13;14	13	COc1cc([C@@H]2Oc3c(OC)cc(C=O)cc3[C@H]2CO)ccc1O
Mol_16413	Mol_16413::M01	acrylate_ester	michael_acceptor	5;6;7;8;9;10	5	COc1cc(/C=C/C(=O)OC[C@@H](Cc2ccc(O)c(OC)c2)[C@@H](COC(=O)/C=C/c2ccc(O)c(OC)c2)Cc2ccc(O)c(OC)c2)ccc1O
Mol_16413	Mol_16413::M02	acrylate_ester	michael_acceptor	28;27;25;26;24;23	28	COc1cc(/C=C/C(=O)OC[C@@H](Cc2ccc(O)c(OC)c2)[C@@H](COC(=O)/C=C/c2ccc(O)c(OC)c2)Cc2ccc(O)c(OC)c2)ccc1O
Mol_16416	Mol_16416::M01	acrylate_ester	michael_acceptor	3;2;1;0;11;12	3	O=C(/C=C/c1ccc(O)cc1)OC[C@H]1OC(Oc2c(-c3ccc(O)cc3)oc3cc(O)cc(O)c3c2=O)[C@H](OC(=O)/C=C/c2ccc(O)cc2)[C@@H](O)[C@@H]1O
Mol_16416	Mol_16416::M02	acrylate_ester	michael_acceptor	42;41;39;40;38;37	42	O=C(/C=C/c1ccc(O)cc1)OC[C@H]1OC(Oc2c(-c3ccc(O)cc3)oc3cc(O)cc(O)c3c2=O)[C@H](OC(=O)/C=C/c2ccc(O)cc2)[C@@H](O)[C@@H]1O
Mol_16417	Mol_16417::M01	acrylate_ester	michael_acceptor	3;2;1;0;11;12	3	O=C(/C=C\c1ccc(O)cc1)OC[C@H]1OC(Oc2c(-c3ccc(O)cc3)oc3cc(O)cc(O)c3c2=O)[C@H](OC(=O)/C=C\c2ccc(O)cc2)[C@@H](O)[C@@H]1O
Mol_16417	Mol_16417::M02	acrylate_ester	michael_acceptor	42;41;39;40;38;37	42	O=C(/C=C\c1ccc(O)cc1)OC[C@H]1OC(Oc2c(-c3ccc(O)cc3)oc3cc(O)cc(O)c3c2=O)[C@H](OC(=O)/C=C\c2ccc(O)cc2)[C@@H](O)[C@@H]1O
Mol_16418	Mol_16418::M01	acrylate_ester	michael_acceptor	34;33;31;32;30;29	34	C[C@@H]1O[C@@H](Oc2c(-c3ccc(O)c(O)c3)oc3cc(O[C@@H]4O[C@H](CO)[C@@H](O)[C@H](O)[C@H]4OC(=O)/C=C/c4ccc(O)c(O)c4)cc(O)c3c2=O)[C@H](O)[C@H](O)[C@H]1O
Mol_16432	Mol_16432::M01	enone_ketone_acyclic	michael_acceptor	7;8;9;10;11	7	COc1cc(CC/C=C/C(=O)CCc2ccccc2)ccc1O
Mol_16454	Mol_16454::M01	aldehyde	reversible_carbonyl	33;34;35	34	CC1(C)CC[C@]2(C(=O)OC[C@H]3O[C@@H](OC[C@H]4O[C@@H](O)[C@H](O)[C@@H](O)[C@@H]4O)[C@H](O)[C@@H](O)[C@@H]3O)CC[C@]3(C=O)C(=CC[C@@H]4[C@@]5(C)CC[C@H](O[C@H]6OC[C@@H](O)[C@@H](O)[C@@H]6O[C@@H]6O[C@H](CO)[C@@H](O)[C@H](O)[C@H]6O)C(C)(C)[C@@H]5CC[C@]43C)[C@@H]2C1
Mol_16457	Mol_16457::M01	aldehyde	reversible_carbonyl	18;19;20	19	CC1=CCC[C@@H]2[C@@]3(C)CC[C@](C)([C@H](O)CO)C[C@@H]3C(C=O)(C=O)C[C@]12C
Mol_16457	Mol_16457::M02	aldehyde	reversible_carbonyl	18;21;22	21	CC1=CCC[C@@H]2[C@@]3(C)CC[C@](C)([C@H](O)CO)C[C@@H]3C(C=O)(C=O)C[C@]12C
Mol_16458	Mol_16458::M01	aldehyde	reversible_carbonyl	15;16;17	16	CC(=O)OC[C@@H](O)[C@@]1(C)CC[C@@]2(C)[C@H](C1)C(C=O)(C=O)C[C@]1(C)C(C)=CCC[C@H]21
Mol_16458	Mol_16458::M02	aldehyde	reversible_carbonyl	15;18;19	18	CC(=O)OC[C@@H](O)[C@@]1(C)CC[C@@]2(C)[C@H](C1)C(C=O)(C=O)C[C@]1(C)C(C)=CCC[C@H]21
Mol_16461	Mol_16461::M01	enone_cyclic	michael_acceptor	1;2;3;4;5	1	CC1=CC(=O)C[C@@H]2[C@@]3(C)CC[C@](C)([C@H](O)CO)C[C@@H]3C(=O)C[C@]12C
Mol_16462	Mol_16462::M01	enone_cyclic	michael_acceptor	20;22;23;24;25	20	CC(=O)OC[C@@H](O)[C@@]1(C)CC[C@@]2(C)[C@H](C1)C(=O)C[C@]1(C)C(C)=CC(=O)C[C@H]21
Mol_16463	Mol_16463::M01	enone_cyclic	michael_acceptor	23;25;26;27;28	23	CC(=O)OC[C@@H](OC(C)=O)[C@@]1(C)CC[C@@]2(C)[C@H](C1)C(=O)C[C@]1(C)C(C)=CC(=O)C[C@H]21
Mol_16464	Mol_16464::M01	enone_cyclic	michael_acceptor	8;10;11;12;13	8	CC(=O)O[C@H]1C[C@@]2(C)C(C)=CC(=O)C[C@@H]2[C@@]2(C)CC[C@](C)([C@H](O)CO)C[C@H]12
Mol_16465	Mol_16465::M01	enone_cyclic	michael_acceptor	1;2;3;4;5	1	CC1=CC(=O)C[C@@H]2[C@@]3(C)CC[C@](C)([C@H](O)CO)C[C@@H]3[C@@H](O)C[C@@]12C
Mol_16511	Mol_16511::M01	aldehyde	reversible_carbonyl	2;1;0	1	O=Cc1ccc(CO)o1
Mol_16513	Mol_16513::M01	enone_cyclic	michael_acceptor	17;18;19;20;21	17	CCCCCCCCCCCC/C=C\CCCC1=CC(=O)C=CC1=O
Mol_16513	Mol_16513::M02	enone_cyclic	michael_acceptor	18;17;23;24;22	18	CCCCCCCCCCCC/C=C\CCCC1=CC(=O)C=CC1=O
Mol_16513	Mol_16513::M03	enone_cyclic	michael_acceptor	21;22;23;24;17	21	CCCCCCCCCCCC/C=C\CCCC1=CC(=O)C=CC1=O
Mol_16513	Mol_16513::M04	enone_cyclic	michael_acceptor	22;21;19;20;18	22	CCCCCCCCCCCC/C=C\CCCC1=CC(=O)C=CC1=O
Mol_16513	Mol_16513::M05	para_quinone	michael_acceptor	20;19;18;17;23;24;22;21	17;18;21;22	CCCCCCCCCCCC/C=C\CCCC1=CC(=O)C=CC1=O
Mol_16515	Mol_16515::M01	acrylic_acid	michael_acceptor	2;1;30;31;32	2	C/C(=C/CC[C@H](C)[C@@H]1CC[C@]2(C)C3=CC[C@H]4C(C)(C)[C@@H](O)CC[C@]4(C)[C@H]3CC[C@@]12C)C(=O)O
Mol_16517	Mol_16517::M01	enone_ketone_acyclic	michael_acceptor	9;8;6;7;5	9	COc1ccc(C(=O)/C=C/c2ccc(Oc3cc(C(=O)/C=C/c4ccc(O)cc4)c(O)cc3OC)cc2)c(O)c1
Mol_16517	Mol_16517::M02	enone_ketone_acyclic	michael_acceptor	21;20;18;19;17	21	COc1ccc(C(=O)/C=C/c2ccc(Oc3cc(C(=O)/C=C/c4ccc(O)cc4)c(O)cc3OC)cc2)c(O)c1
Mol_16517	Mol_16517::M03	chalcone	michael_acceptor	5;6;7;8;9;10	9	COc1ccc(C(=O)/C=C/c2ccc(Oc3cc(C(=O)/C=C/c4ccc(O)cc4)c(O)cc3OC)cc2)c(O)c1
Mol_16517	Mol_16517::M04	chalcone	michael_acceptor	17;18;19;20;21;22	21	COc1ccc(C(=O)/C=C/c2ccc(Oc3cc(C(=O)/C=C/c4ccc(O)cc4)c(O)cc3OC)cc2)c(O)c1
Mol_16519	Mol_16519::M01	enone_ketone_acyclic	michael_acceptor	10;9;7;8;6	10	COc1cc(O)c(C(=O)/C=C/c2ccc(O)cc2)cc1Oc1ccc(/C=C/C(=O)c2ccc(O)cc2O)cc1
Mol_16519	Mol_16519::M02	enone_ketone_acyclic	michael_acceptor	25;26;27;28;29	25	COc1cc(O)c(C(=O)/C=C/c2ccc(O)cc2)cc1Oc1ccc(/C=C/C(=O)c2ccc(O)cc2O)cc1
Mol_16519	Mol_16519::M03	chalcone	michael_acceptor	6;7;8;9;10;11	10	COc1cc(O)c(C(=O)/C=C/c2ccc(O)cc2)cc1Oc1ccc(/C=C/C(=O)c2ccc(O)cc2O)cc1
Mol_16519	Mol_16519::M04	chalcone	michael_acceptor	29;27;28;26;25;24	25	COc1cc(O)c(C(=O)/C=C/c2ccc(O)cc2)cc1Oc1ccc(/C=C/C(=O)c2ccc(O)cc2O)cc1
Mol_16520	Mol_16520::M01	enone_ketone_acyclic	michael_acceptor	10;9;7;8;6	10	COc1cc(O)c(C(=O)/C=C/c2ccc(O)cc2)cc1Oc1ccc(C(=O)/C=C/c2ccc(O)cc2)c(O)c1
Mol_16520	Mol_16520::M02	enone_ketone_acyclic	michael_acceptor	28;27;25;26;24	28	COc1cc(O)c(C(=O)/C=C/c2ccc(O)cc2)cc1Oc1ccc(C(=O)/C=C/c2ccc(O)cc2)c(O)c1
Mol_16520	Mol_16520::M03	chalcone	michael_acceptor	6;7;8;9;10;11	10	COc1cc(O)c(C(=O)/C=C/c2ccc(O)cc2)cc1Oc1ccc(C(=O)/C=C/c2ccc(O)cc2)c(O)c1
Mol_16520	Mol_16520::M04	chalcone	michael_acceptor	24;25;26;27;28;29	28	COc1cc(O)c(C(=O)/C=C/c2ccc(O)cc2)cc1Oc1ccc(C(=O)/C=C/c2ccc(O)cc2)c(O)c1
Mol_16521	Mol_16521::M01	enone_ketone_acyclic	michael_acceptor	3;2;1;0;11	3	O=C(/C=C/c1ccc(O)cc1)c1cc(-c2cc(CCC(=O)c3ccc(O)cc3O)ccc2O)c(O)cc1O
Mol_16521	Mol_16521::M02	chalcone	michael_acceptor	11;1;0;2;3;4	3	O=C(/C=C/c1ccc(O)cc1)c1cc(-c2cc(CCC(=O)c3ccc(O)cc3O)ccc2O)c(O)cc1O
Mol_16522	Mol_16522::M01	enone_ketone_acyclic	michael_acceptor	3;2;1;0;30	3	O=C(/C=C/c1ccc(O)c(-c2cc(C(=O)/C=C/c3ccc(O)cc3)c(O)cc2O)c1)c1ccc(O)cc1O
Mol_16522	Mol_16522::M02	enone_ketone_acyclic	michael_acceptor	16;15;13;14;12	16	O=C(/C=C/c1ccc(O)c(-c2cc(C(=O)/C=C/c3ccc(O)cc3)c(O)cc2O)c1)c1ccc(O)cc1O
Mol_16522	Mol_16522::M03	chalcone	michael_acceptor	12;13;14;15;16;17	16	O=C(/C=C/c1ccc(O)c(-c2cc(C(=O)/C=C/c3ccc(O)cc3)c(O)cc2O)c1)c1ccc(O)cc1O
Mol_16522	Mol_16522::M04	chalcone	michael_acceptor	30;1;0;2;3;4	3	O=C(/C=C/c1ccc(O)c(-c2cc(C(=O)/C=C/c3ccc(O)cc3)c(O)cc2O)c1)c1ccc(O)cc1O
Mol_16530	Mol_16530::M01	aldehyde	reversible_carbonyl	14;15;16	15	C[C@]12CC[C@H]3[C@@H](CC[C@H]4C[C@@H](O)CC[C@@]43C=O)[C@@]1(O)CC[C@@H]2c1ccc(=O)oc1
Mol_16531	Mol_16531::M01	aldehyde	reversible_carbonyl	12;13;14	13	CC(=O)OC[C@H]1O[C@@H](O[C@H]2CC[C@@]3(C=O)[C@@H](CC[C@@H]4[C@@H]3CC[C@]3(C)[C@@H](c5ccc(=O)oc5)CC[C@]43O)C2)[C@H](OC(C)=O)[C@@H](OC(C)=O)[C@@H]1OC(C)=O
Mol_16532	Mol_16532::M01	aldehyde	reversible_carbonyl	25;26;27	26	C[C@]12CC[C@H]3[C@@H](CC[C@]4(O[C@@H]5O[C@H](CO)[C@@H](O)[C@H](O)[C@H]5O)C=CCC[C@]34C=O)[C@@]1(O)CC[C@@H]2c1ccc(=O)oc1
Mol_16533	Mol_16533::M01	aldehyde	reversible_carbonyl	25;26;27	26	CC12CCC3C(CCC4=CC(OC5OC(CO)C(O)C(O)C5O)CCC43C=O)C1(O)CCC2c1ccc(=O)oc1
Mol_16541	Mol_16541::M01	acrylate_ester	michael_acceptor	3;2;1;0;11;12	3	O=C(/C=C/c1ccc(O)cc1)OCCc1ccc(O)cc1
Mol_16542	Mol_16542::M01	aldehyde	reversible_carbonyl	8;9;10	9	C[C@@H]1O[C@@H](O[C@H]2CC[C@]3(C=O)[C@H]4CC[C@]5(C)[C@@H](c6ccc(=O)oc6)CC[C@]5(O)[C@@H]4CC[C@]3(O)C2)[C@H](O)[C@H](O)[C@H]1O
Mol_16547	Mol_16547::M01	acrylate_ester	michael_acceptor	5;6;7;8;9;10	5	COc1cc(/C=C/C(=O)OCCO)ccc1O
Mol_16548	Mol_16548::M01	aldehyde	reversible_carbonyl	25;26;27	26	C[C@]12CC[C@H]3[C@@H](CC[C@H]4C[C@@H](O[C@@H]5O[C@H](CO)[C@@H](O)[C@H](O)[C@H]5O)CC[C@@]43C=O)[C@@]1(O)CC[C@@H]2c1ccc(=O)oc1
Mol_16550	Mol_16550::M01	enone_ketone_acyclic	michael_acceptor	1;2;4;5;6	1	C/C=C(\C)C(=O)Cc1occ2c1C(=O)c1c(O)ccc(O)c1C2=O
Mol_16550	Mol_16550::M02	para_quinone	michael_acceptor	13;12;11;10;22;23;21;14	10;11;14;21	C/C=C(\C)C(=O)Cc1occ2c1C(=O)c1c(O)ccc(O)c1C2=O
Mol_16551	Mol_16551::M01	para_quinone	michael_acceptor	11;10;9;8;19;20;18;12	8;9;12;18	CC(=O)OCc1occ2c1C(=O)c1c(O)cccc1C2=O
Mol_16552	Mol_16552::M01	para_quinone	michael_acceptor	11;10;9;8;20;21;19;12	8;9;12;19	CC(=O)OCc1occ2c1C(=O)c1c(O)ccc(O)c1C2=O
Mol_16554	Mol_16554::M01	para_quinone	michael_acceptor	7;6;5;4;15;16;14;8	4;5;8;14	Cc1occ2c1C(=O)c1c(O)cccc1C2=O
Mol_16556	Mol_16556::M01	para_quinone	michael_acceptor	0;1;2;8;9;10;11;18	2;8;11;18	O=C1c2coc(CO)c2C(=O)c2c(O)ccc(O)c21
Mol_16557	Mol_16557::M01	para_quinone	michael_acceptor	10;9;8;7;17;18;16;11	7;8;11;16	COc1ccc(O)c2c1C(=O)c1coc(C)c1C2=O
Mol_16558	Mol_16558::M01	para_quinone	michael_acceptor	30;29;28;27;38;39;37;31	27;28;31;37	CC(=O)c1c(O[C@@H]2O[C@H](CO)[C@@H](O)[C@H](O)[C@H]2O)cc(O)c(-c2c(C)cc(O)c3c2C(=O)c2cccc(O)c2C3=O)c1O
Mol_16560	Mol_16560::M01	acrylate_ester	michael_acceptor	12;11;13;14;15;16	12	C=C1C(=O)C=C[C@]2(C)CC[C@H]3C(=C)C(=O)O[C@@H]3[C@@H]12
Mol_16560	Mol_16560::M02	enone_cyclic	michael_acceptor	5;4;2;3;1	5	C=C1C(=O)C=C[C@]2(C)CC[C@H]3C(=C)C(=O)O[C@@H]3[C@@H]12
Mol_16560	Mol_16560::M03	methylene_butyrolactone	michael_acceptor	12;11;13;14;15	12	C=C1C(=O)C=C[C@]2(C)CC[C@H]3C(=C)C(=O)O[C@@H]3[C@@H]12
Mol_16566	Mol_16566::M01	epoxide	sn2_ring_opening	2;3;4	2;4	C1#C[C@@H]2O[C@@H]2CCCC1
Mol_16586	Mol_16586::M01	aldehyde	reversible_carbonyl	4;5;6	5	CCCCC(C=O)CCC
Mol_16592	Mol_16592::M01	aldehyde	reversible_carbonyl	7;8;9	8	CC(=O)OCC(CCC=O)OC(=O)C(C)(C)C
Mol_16594	Mol_16594::M01	acrylate_ester	michael_acceptor	1;3;4;5;6;7	1	CC(C)=CC(=O)OC1CC(OC(=O)C=C(C)C)C2(C)C3C(=O)C=C(C)C2C3C1(C)C
Mol_16594	Mol_16594::M02	acrylate_ester	michael_acceptor	14;13;11;12;10;9	14	CC(C)=CC(=O)OC1CC(OC(=O)C=C(C)C)C2(C)C3C(=O)C=C(C)C2C3C1(C)C
Mol_16594	Mol_16594::M03	enone_cyclic	michael_acceptor	23;22;20;21;19	23	CC(C)=CC(=O)OC1CC(OC(=O)C=C(C)C)C2(C)C3C(=O)C=C(C)C2C3C1(C)C
Mol_16614	Mol_16614::M01	acrylate_ester	michael_acceptor	5;4;2;3;1;0	5	COC(=O)C1=CC=C[C@@H]2[C@@]3(C)C[C@@H](c4ccoc4)OC(=O)[C@@H]3CC[C@@]12C
Mol_16615	Mol_16615::M01	epoxide	sn2_ring_opening	9;10;11	9;11	C[C@@H]1CC[C@]2(C)[C@H](CC[C@@H]3O[C@@]32C)[C@@]1(C=O)CCc1ccoc1
Mol_16615	Mol_16615::M02	aldehyde	reversible_carbonyl	13;14;15	14	C[C@@H]1CC[C@]2(C)[C@H](CC[C@@H]3O[C@@]32C)[C@@]1(C=O)CCc1ccoc1
Mol_16616	Mol_16616::M01	epoxide	sn2_ring_opening	11;12;13	11;13	C[C@@H]1CC[C@]2(C(=O)O)[C@H](CC[C@@H]3O[C@@]32C)[C@]1(CCc1ccoc1)C(=O)O
Mol_16617	Mol_16617::M01	epoxide	sn2_ring_opening	20;21;22	20;22	C[C@@H]1CC[C@]23COC(=O)[C@@]1(CCc1ccoc1)[C@H]2CC[C@@H]1O[C@@]13C
Mol_16618	Mol_16618::M01	epoxide	sn2_ring_opening	23;24;25	23;25	COC(=O)[C@@]12CC[C@@H](C)[C@]3(C[C@H](c4ccoc4)OC3=O)[C@H]1CC[C@@H]1O[C@@]12C
Mol_16619	Mol_16619::M01	acrylate_ester	michael_acceptor	5;4;2;3;1;0	5	COC(=O)C1=CCC[C@@H]2[C@@](C)(CC(=O)c3ccoc3)[C@H](C)CC[C@@]12C
Mol_16620	Mol_16620::M01	acrylic_acid	michael_acceptor	10;6;7;8;9	10	C[C@@H]1CC[C@@]2(C)C(C(=O)O)=CCC[C@@H]2[C@@]1(C)CC(=O)c1ccoc1
Mol_16621	Mol_16621::M01	acrylic_acid	michael_acceptor	10;6;7;8;9	10	C[C@@H]1CC[C@@]2(C)C(C(=O)O)=CC=C[C@@H]2[C@@]1(C)CC(=O)c1ccoc1
Mol_16624	Mol_16624::M01	epoxide	sn2_ring_opening	14;16;17	14;17	C/C1=C\[C@@H]2[C@@H](C(C)C)CC[C@]23C=C(C[C@]2(C)O[C@H]2CC1)OC3=O
Mol_16625	Mol_16625::M01	acrylate_ester	michael_acceptor	9;10;19;20;21;8	9	CC1=C\C/C=C(\C)C[C@@H]2C=C(CC[C@H](C(C)C)\C=C\1)C(=O)O2
Mol_16625	Mol_16625::M02	unsat_lactone	michael_acceptor	21;19;20;10;9	9	CC1=C\C/C=C(\C)C[C@@H]2C=C(CC[C@H](C(C)C)\C=C\1)C(=O)O2
Mol_16626	Mol_16626::M01	acrylate_ester	michael_acceptor	17;16;21;22;20;18	17	C/C1=C\CC[C@](C)(O)/C=C/[C@@H](C(C)C)CCC2=C[C@@H](C1)OC2=O
Mol_16626	Mol_16626::M02	unsat_lactone	michael_acceptor	20;21;22;16;17	17	C/C1=C\CC[C@](C)(O)/C=C/[C@@H](C(C)C)CCC2=C[C@@H](C1)OC2=O
Mol_16627	Mol_16627::M01	acrylate_ester	michael_acceptor	17;16;21;22;20;18	17	C/C1=C\CC[C@@](C)(O)/C=C/[C@@H](C(C)C)CCC2=C[C@@H](C1)OC2=O
Mol_16627	Mol_16627::M02	unsat_lactone	michael_acceptor	20;21;22;16;17	17	C/C1=C\CC[C@@](C)(O)/C=C/[C@@H](C(C)C)CCC2=C[C@@H](C1)OC2=O
Mol_16638	Mol_16638::M01	enone_ketone_acyclic	michael_acceptor	22;23;24;26;25	22	COc1c(O)cc(-c2coc3cc(O)cc(O)c3c2=O)cc1/C=C/C(C)=O
Mol_16639	Mol_16639::M01	acrylate_ester	michael_acceptor	5;6;7;8;9;10	5	COc1cc(/C=C/C(=O)OCCCCCCCCCCCCCCCCCCCCCCCCCCO)ccc1O
Mol_16640	Mol_16640::M01	aldehyde	reversible_carbonyl	21;22;23	22	COc1c(O)cc(-c2coc3cc(O)cc(O)c3c2=O)cc1C=O
Mol_16653	Mol_16653::M01	enone_cyclic	michael_acceptor	7;6;17;18;16	7	COc1ccc(C2=COC3CC(O)CC(O)C3C2=O)cc1OC
Mol_16721	Mol_16721::M01	enone_ketone_acyclic	michael_acceptor	20;21;22;24;23	20	COc1cc(O)c2c(=O)cc(-c3ccccc3)oc2c1/C=C/C(C)=O
Mol_16727	Mol_16727::M01	enone_cyclic	michael_acceptor	23;22;20;21;13	23	CC(C)=CCC1(CC=C(C)C)C(=O)[C@](O)(CC=C(C)C)C(=O)C2=C1O[C@H](c1ccccc1)C[C@H]2O
Mol_16728	Mol_16728::M01	enone_cyclic	michael_acceptor	23;22;20;21;13	23	CC(C)=CCC1(CC=C(C)C)C(=O)[C@@](O)(CC=C(C)C)C(=O)C2=C1O[C@H](c1ccccc1)C[C@H]2O
Mol_16729	Mol_16729::M01	enone_cyclic	michael_acceptor	16;15;13;14;11	16	CC(C)=CCC1(CC=C(C)C)C(=O)C(=O)C2=C1O[C@H](c1ccccc1)C[C@H]2O
Mol_16743	Mol_16743::M01	enone_ketone_acyclic	michael_acceptor	3;2;1;0;12	3	O=C(/C=C/c1ccc(O)cc1O)c1ccccc1O
Mol_16743	Mol_16743::M02	chalcone	michael_acceptor	12;1;0;2;3;4	3	O=C(/C=C/c1ccc(O)cc1O)c1ccccc1O
Mol_16748	Mol_16748::M01	acrylate_ester	michael_acceptor	7;6;1;0;2;3	7	O=C1O[C@H]2[C@H](O/C1=C\c1ccc(O)cc1)O[C@H](CO)[C@@H](O)[C@@H]2O
Mol_16749	Mol_16749::M01	acrylate_ester	michael_acceptor	5;4;2;3;1;0	5	COC(=O)/C(=C/c1ccc(O)cc1)O[C@@H]1O[C@H](CO)[C@@H](O)[C@H](O)[C@H]1O
Mol_16750	Mol_16750::M01	acrylic_acid	michael_acceptor	4;3;1;0;2	4	O=C(O)/C(=C/c1ccc(O)cc1)O[C@@H]1O[C@H](CO)[C@@H](O)[C@H](O)[C@H]1O
Mol_16751	Mol_16751::M01	acrylic_acid	michael_acceptor	4;3;1;0;2	4	O=C(O)/C(=C\c1ccc(O)cc1)O[C@@H]1O[C@H](CO)[C@@H](O)[C@H](O)[C@H]1O
Mol_16776	Mol_16776::M01	chalcone	michael_acceptor	19;20;21;7;6;5	6	COc1ccc(/C=C2\COc3c(OC)c(O)cc(O)c3C2=O)cc1
Mol_16779	Mol_16779::M01	chalcone	michael_acceptor	17;18;19;7;6;5	6	COc1ccc(/C=C2\COc3cc(O)cc(O)c3C2=O)cc1
Mol_16800	Mol_16800::M01	chalcone	michael_acceptor	21;1;0;2;3;4	3	O=C1/C(=C/c2ccc(O)c(O)c2)COc2cc(O)cc(O)c21
Mol_16801	Mol_16801::M01	chalcone	michael_acceptor	10;11;12;13;14;15	14	CC(=O)Oc1cc(O)cc2c1C(=O)/C(=C/c1ccc(O)c(O)c1)CO2
Mol_16814	Mol_16814::M01	enone_ketone_acyclic	michael_acceptor	14;13;11;12;10	14	COc1cc(O)cc(OC)c1C(=O)/C=C/c1ccc(O)cc1
Mol_16814	Mol_16814::M02	chalcone	michael_acceptor	10;11;12;13;14;15	14	COc1cc(O)cc(OC)c1C(=O)/C=C/c1ccc(O)cc1
Mol_16815	Mol_16815::M01	acrylic_acid	michael_acceptor	2;1;14;15;16	2	C/C(=C/[C@]1(O)O[C@@H](CO)[C@@H](O)C[C@H]1O)C(=O)O
Mol_16820	Mol_16820::M01	aldehyde	reversible_carbonyl	17;18;19	18	CC(=O)O[C@H]1C[C@]2(O)[C@@H]3CCC4=C[C@@H](O)CC[C@]4(C=O)[C@H]3CC[C@]2(C)[C@H]1c1ccc(=O)oc1
Mol_16821	Mol_16821::M01	aldehyde	reversible_carbonyl	25;26;27	26	CC(=O)O[C@H]1C[C@@H]2[C@@H]3CCC4=C[C@H]5OC6O[C@@H](C)C[C@](O)(O[C@@H]5C[C@]4(CC=O)[C@H]3CC(=O)[C@]2(C)[C@H]1c1ccc(=O)oc1)[C@@H]6O
Mol_16827	Mol_16827::M01	enone_cyclic	michael_acceptor	13;12;10;11;7	13	CC(=O)O[C@@H]1C[C@H]2C(C)(C)C(=O)C=C[C@]2(C)[C@H]2CC[C@]3(C)C(=CC(=O)[C@H]3c3ccoc3)[C@@]21C
Mol_16827	Mol_16827::M02	enone_cyclic	michael_acceptor	21;22;23;24;25	21	CC(=O)O[C@@H]1C[C@H]2C(C)(C)C(=O)C=C[C@]2(C)[C@H]2CC[C@]3(C)C(=CC(=O)[C@H]3c3ccoc3)[C@@]21C
Mol_16828	Mol_16828::M01	enone_cyclic	michael_acceptor	14;13;11;12;8	14	CC(=O)O[C@@H]1[C@H](O)C2C(C)(C)C(=O)C=C[C@]2(C)[C@H]2CC[C@]3(C)C(=CC(=O)[C@H]3c3ccoc3)[C@]12C
Mol_16828	Mol_16828::M02	enone_cyclic	michael_acceptor	22;23;24;25;26	22	CC(=O)O[C@@H]1[C@H](O)C2C(C)(C)C(=O)C=C[C@]2(C)[C@H]2CC[C@]3(C)C(=CC(=O)[C@H]3c3ccoc3)[C@]12C
Mol_16829	Mol_16829::M01	acrylate_ester	michael_acceptor	1;2;4;5;6;7	1	C/C=C(/C)C(=O)O[C@@H]1[C@H](O)[C@H]2C(C)(C)C(=O)C=C[C@]2(C)[C@H]2CC[C@]3(C)C(=CC(=O)[C@H]3c3ccoc3)[C@]12C
Mol_16829	Mol_16829::M02	enone_cyclic	michael_acceptor	17;16;14;15;11	17	C/C=C(/C)C(=O)O[C@@H]1[C@H](O)[C@H]2C(C)(C)C(=O)C=C[C@]2(C)[C@H]2CC[C@]3(C)C(=CC(=O)[C@H]3c3ccoc3)[C@]12C
Mol_16829	Mol_16829::M03	enone_cyclic	michael_acceptor	25;26;27;28;29	25	C/C=C(/C)C(=O)O[C@@H]1[C@H](O)[C@H]2C(C)(C)C(=O)C=C[C@]2(C)[C@H]2CC[C@]3(C)C(=CC(=O)[C@H]3c3ccoc3)[C@]12C
Mol_16830	Mol_16830::M01	acrylate_ester	michael_acceptor	1;2;4;5;6;7	1	C/C=C(/C)C(=O)O[C@@H]1[C@H](O)[C@H]2C(C)(C)OC(=O)C[C@H](OC(C)=O)[C@]2(C)[C@H]2CC[C@]3(C)C(=CC(=O)[C@H]3c3ccoc3)[C@]12C
Mol_16830	Mol_16830::M02	enone_cyclic	michael_acceptor	30;31;32;33;34	30	C/C=C(/C)C(=O)O[C@@H]1[C@H](O)[C@H]2C(C)(C)OC(=O)C[C@H](OC(C)=O)[C@]2(C)[C@H]2CC[C@]3(C)C(=CC(=O)[C@H]3c3ccoc3)[C@]12C
Mol_16831	Mol_16831::M01	epoxide	sn2_ring_opening	1;3;4	1;4	CC1(C)OC1C1CC(C2CCC3(C)C4=CCC5C(C)(C)C(=O)CCC5(C)C4CCC23C)C(O)O1
Mol_16832	Mol_16832::M01	epoxide	sn2_ring_opening	1;3;4	1;4	CC1(C)OC1[C@H]1CC([C@H]2CC[C@]3(C)C4=CCC5C(C)(C)[C@@H](O)CC[C@]5(C)[C@H]4CC[C@@]23C)[C@H](O)O1
Mol_16836	Mol_16836::M01	acrylate_ester	michael_acceptor	1;2;4;5;6;7	1	C/C=C(\C)C(=O)O[C@H]1C(C)(C)[C@H](CC(=O)OC)[C@]2(C)C(=O)[C@@]1(O)[C@H]1O[C@]13[C@@H]1CC(=O)O[C@@H](c4ccoc4)[C@]1(C)CC[C@H]23
Mol_16836	Mol_16836::M02	epoxide	sn2_ring_opening	23;24;25	23;25	C/C=C(\C)C(=O)O[C@H]1C(C)(C)[C@H](CC(=O)OC)[C@]2(C)C(=O)[C@@]1(O)[C@H]1O[C@]13[C@@H]1CC(=O)O[C@@H](c4ccoc4)[C@]1(C)CC[C@H]23
Mol_16837	Mol_16837::M01	acrylate_ester	michael_acceptor	1;2;4;5;6;7	1	C/C=C(\C)C(=O)O[C@H]1C(C)(C)[C@H](CC(=O)OC)[C@]2(C)C(=O)[C@@]1(O)[C@H]1O[C@]13[C@@H]1CC(=O)O[C@@H](c4ccoc4)[C@]1(C)C[C@H]1O[C@]132
Mol_16837	Mol_16837::M02	epoxide	sn2_ring_opening	23;24;25	23;25	C/C=C(\C)C(=O)O[C@H]1C(C)(C)[C@H](CC(=O)OC)[C@]2(C)C(=O)[C@@]1(O)[C@H]1O[C@]13[C@@H]1CC(=O)O[C@@H](c4ccoc4)[C@]1(C)C[C@H]1O[C@]132
Mol_16837	Mol_16837::M03	epoxide	sn2_ring_opening	40;41;42	40;42	C/C=C(\C)C(=O)O[C@H]1C(C)(C)[C@H](CC(=O)OC)[C@]2(C)C(=O)[C@@]1(O)[C@H]1O[C@]13[C@@H]1CC(=O)O[C@@H](c4ccoc4)[C@]1(C)C[C@H]1O[C@]132
Mol_16838	Mol_16838::M01	acrylate_ester	michael_acceptor	1;2;4;5;6;7	1	C/C=C(\C)C(=O)O[C@H]1C(C)(C)[C@H](CC(=O)OC)[C@]2(C)C(=O)[C@@]1(O)[C@H]1O[C@@]13C2=CC[C@]1(C)[C@H]3CC(=O)O[C@H]1c1ccoc1
Mol_16838	Mol_16838::M02	epoxide	sn2_ring_opening	23;24;25	23;25	C/C=C(\C)C(=O)O[C@H]1C(C)(C)[C@H](CC(=O)OC)[C@]2(C)C(=O)[C@@]1(O)[C@H]1O[C@@]13C2=CC[C@]1(C)[C@H]3CC(=O)O[C@H]1c1ccoc1
Mol_16839	Mol_16839::M01	acrylate_ester	michael_acceptor	1;2;4;5;6;7	1	C/C=C(\C)C(=O)O[C@H]1C(C)(C)[C@H](CC(=O)OC)[C@]2(C)C(=O)[C@@]1(O)C=C1[C@@H]2CC[C@@](C)(C(=O)c2ccoc2)[C@@]1(O)CC(=O)OC
Mol_16840	Mol_16840::M01	enone_cyclic	michael_acceptor	26;27;28;29;30	26	C=C1C2=CC[C@H](c3ccoc3)[C@]2(C)[C@@H](OC(C)=O)[C@H](OC(C)=O)[C@@H]1[C@@]1(C)C=CC(=O)C(C)(C)[C@@H]1CC(=O)OC
Mol_16842	Mol_16842::M01	acrylate_ester	michael_acceptor	7;6;11;12;10;8	7	C=C1C2=CC[C@@H](C3=CC(O)OC3=O)[C@]2(C)[C@@H](OC(C)=O)[C@H](OC(C)=O)[C@@H]1[C@@]1(C)C=CC(=O)C(C)(C)[C@@H]1CC(=O)OC
Mol_16842	Mol_16842::M02	enone_cyclic	michael_acceptor	28;29;30;31;32	28	C=C1C2=CC[C@@H](C3=CC(O)OC3=O)[C@]2(C)[C@@H](OC(C)=O)[C@H](OC(C)=O)[C@@H]1[C@@]1(C)C=CC(=O)C(C)(C)[C@@H]1CC(=O)OC
Mol_16842	Mol_16842::M03	unsat_lactone	michael_acceptor	10;11;12;6;7	7	C=C1C2=CC[C@@H](C3=CC(O)OC3=O)[C@]2(C)[C@@H](OC(C)=O)[C@H](OC(C)=O)[C@@H]1[C@@]1(C)C=CC(=O)C(C)(C)[C@@H]1CC(=O)OC
Mol_16843	Mol_16843::M01	acrylate_ester	michael_acceptor	6;7;8;9;10;11	6	C=C1C2=CC[C@@H](C3=CC(=O)OC3O)[C@]2(C)[C@@H](OC(C)=O)[C@H](OC(C)=O)[C@@H]1[C@@]1(C)C=CC(=O)C(C)(C)[C@@H]1CC(=O)OC
Mol_16843	Mol_16843::M02	enone_cyclic	michael_acceptor	28;29;30;31;32	28	C=C1C2=CC[C@@H](C3=CC(=O)OC3O)[C@]2(C)[C@@H](OC(C)=O)[C@H](OC(C)=O)[C@@H]1[C@@]1(C)C=CC(=O)C(C)(C)[C@@H]1CC(=O)OC
Mol_16843	Mol_16843::M03	unsat_lactone	michael_acceptor	10;8;9;7;6	6	C=C1C2=CC[C@@H](C3=CC(=O)OC3O)[C@]2(C)[C@@H](OC(C)=O)[C@H](OC(C)=O)[C@@H]1[C@@]1(C)C=CC(=O)C(C)(C)[C@@H]1CC(=O)OC
Mol_16844	Mol_16844::M01	acrylate_ester	michael_acceptor	7;6;10;11;9;8	7	C=C1C2=CC[C@@H](C3=CCOC3=O)[C@]2(C)[C@@H](O)[C@H](OC(C)=O)[C@@H]1[C@@]1(C)C=CC(=O)C(C)(C)[C@@H]1CC(=O)OC
Mol_16844	Mol_16844::M02	enone_cyclic	michael_acceptor	24;25;26;27;28	24	C=C1C2=CC[C@@H](C3=CCOC3=O)[C@]2(C)[C@@H](O)[C@H](OC(C)=O)[C@@H]1[C@@]1(C)C=CC(=O)C(C)(C)[C@@H]1CC(=O)OC
Mol_16844	Mol_16844::M03	unsat_lactone	michael_acceptor	9;10;11;6;7	7	C=C1C2=CC[C@@H](C3=CCOC3=O)[C@]2(C)[C@@H](O)[C@H](OC(C)=O)[C@@H]1[C@@]1(C)C=CC(=O)C(C)(C)[C@@H]1CC(=O)OC
Mol_16853	Mol_16853::M01	acrylate_ester	michael_acceptor	7;6;4;5;3;1	7	CC1(C)OC(=O)C=C[C@]2(C)[C@H]3CC[C@@]4(C)C(=O)[C@]3(CC(=O)C[C@@H]12)O[C@@H]4c1ccoc1
Mol_16853	Mol_16853::M02	unsat_lactone	michael_acceptor	3;4;5;6;7	7	CC1(C)OC(=O)C=C[C@]2(C)[C@H]3CC[C@@]4(C)C(=O)[C@]3(CC(=O)C[C@@H]12)O[C@@H]4c1ccoc1
Mol_16854	Mol_16854::M01	acrylate_ester	michael_acceptor	7;6;4;5;3;1	7	CC1(C)OC(=O)C=C[C@]2(C)[C@H]3CC[C@@]4(C)C(=O)[C@]3(CC(=O)C[C@@H]12)O[C@@H]4C1=CC(=O)O[C@@H]1O
Mol_16854	Mol_16854::M02	acrylate_ester	michael_acceptor	25;26;27;28;29;30	25	CC1(C)OC(=O)C=C[C@]2(C)[C@H]3CC[C@@]4(C)C(=O)[C@]3(CC(=O)C[C@@H]12)O[C@@H]4C1=CC(=O)O[C@@H]1O
Mol_16854	Mol_16854::M03	unsat_lactone	michael_acceptor	3;4;5;6;7	7	CC1(C)OC(=O)C=C[C@]2(C)[C@H]3CC[C@@]4(C)C(=O)[C@]3(CC(=O)C[C@@H]12)O[C@@H]4C1=CC(=O)O[C@@H]1O
Mol_16854	Mol_16854::M04	unsat_lactone	michael_acceptor	29;27;28;26;25	25	CC1(C)OC(=O)C=C[C@]2(C)[C@H]3CC[C@@]4(C)C(=O)[C@]3(CC(=O)C[C@@H]12)O[C@@H]4C1=CC(=O)O[C@@H]1O
Mol_16855	Mol_16855::M01	acrylate_ester	michael_acceptor	13;12;10;11;9;8	13	CO[C@H]1C[C@@H](C)[C@@H]2C[C@H]3OC(=O)C=C4[C@](C)(CC5=CC(=O)OC5)C[C@@H](OC(C)=O)[C@@H]([C@]43C)[C@@]2(C)[C@@H]1O
Mol_16855	Mol_16855::M02	acrylate_ester	michael_acceptor	17;18;19;20;21;22	17	CO[C@H]1C[C@@H](C)[C@@H]2C[C@H]3OC(=O)C=C4[C@](C)(CC5=CC(=O)OC5)C[C@@H](OC(C)=O)[C@@H]([C@]43C)[C@@]2(C)[C@@H]1O
Mol_16855	Mol_16855::M03	unsat_lactone	michael_acceptor	9;10;11;12;13	13	CO[C@H]1C[C@@H](C)[C@@H]2C[C@H]3OC(=O)C=C4[C@](C)(CC5=CC(=O)OC5)C[C@@H](OC(C)=O)[C@@H]([C@]43C)[C@@]2(C)[C@@H]1O
Mol_16855	Mol_16855::M04	unsat_lactone	michael_acceptor	21;19;20;18;17	17	CO[C@H]1C[C@@H](C)[C@@H]2C[C@H]3OC(=O)C=C4[C@](C)(CC5=CC(=O)OC5)C[C@@H](OC(C)=O)[C@@H]([C@]43C)[C@@]2(C)[C@@H]1O
Mol_16867	Mol_16867::M01	enone_ketone_acyclic	michael_acceptor	10;9;7;8;6	10	COc1cc(O)c(C(=O)/C=C/c2ccccc2)c(OC)c1
Mol_16867	Mol_16867::M02	chalcone	michael_acceptor	6;7;8;9;10;11	10	COc1cc(O)c(C(=O)/C=C/c2ccccc2)c(OC)c1
Mol_16868	Mol_16868::M01	enone_ketone_acyclic	michael_acceptor	12;11;9;10;8	12	COc1cc2c(c(O)c1C(=O)/C=C/c1ccccc1)CC(O)C(C)(C)O2
Mol_16868	Mol_16868::M02	chalcone	michael_acceptor	8;9;10;11;12;13	12	COc1cc2c(c(O)c1C(=O)/C=C/c1ccccc1)CC(O)C(C)(C)O2
Mol_16869	Mol_16869::M01	enone_ketone_acyclic	michael_acceptor	12;11;9;10;8	12	COc1cc(O)c2c(c1C(=O)/C=C/c1ccccc1)OC(C)(C)C=C2
Mol_16869	Mol_16869::M02	chalcone	michael_acceptor	8;9;10;11;12;13	12	COc1cc(O)c2c(c1C(=O)/C=C/c1ccccc1)OC(C)(C)C=C2
Mol_16870	Mol_16870::M01	enone_ketone_acyclic	michael_acceptor	14;13;11;12;10	14	CC(C)=CCc1c(O)c2c(c(C(=O)/C=C/c3ccccc3)c1O)OC(C(C)(C)O)C2
Mol_16870	Mol_16870::M02	chalcone	michael_acceptor	10;11;12;13;14;15	14	CC(C)=CCc1c(O)c2c(c(C(=O)/C=C/c3ccccc3)c1O)OC(C(C)(C)O)C2
Mol_16874	Mol_16874::M01	acrylate_ester	michael_acceptor	27;28;29;30;31;25	27	CC1(C)O[C@@]2(C[C@@H]3[C@@H](CC[C@]45C[C@]34C(=O)O[C@H]5c3ccoc3)O2)C[C@@H]1[C@]1(C)C=CC(=O)O1
Mol_16874	Mol_16874::M02	unsat_lactone	michael_acceptor	31;29;30;28;27	27	CC1(C)O[C@@]2(C[C@@H]3[C@@H](CC[C@]45C[C@]34C(=O)O[C@H]5c3ccoc3)O2)C[C@@H]1[C@]1(C)C=CC(=O)O1
Mol_16875	Mol_16875::M01	acrylate_ester	michael_acceptor	27;28;29;30;31;25	27	CC1(C)O[C@]2(C[C@@H]3[C@@H](CC[C@]45C[C@]34C(=O)O[C@H]5c3ccoc3)O2)C[C@@H]1[C@]1(C)C=CC(=O)O1
Mol_16875	Mol_16875::M02	unsat_lactone	michael_acceptor	31;29;30;28;27	27	CC1(C)O[C@]2(C[C@@H]3[C@@H](CC[C@]45C[C@]34C(=O)O[C@H]5c3ccoc3)O2)C[C@@H]1[C@]1(C)C=CC(=O)O1
Mol_16876	Mol_16876::M01	enone_ketone_acyclic	michael_acceptor	15;14;12;13;10	15	CO[C@]1(CC=C(C)C)C(=O)[C@@](O)(C(=O)/C=C/c2ccccc2)C(=O)C(CC=C(C)C)=C1O
Mol_16876	Mol_16876::M02	enone_cyclic	michael_acceptor	30;24;22;23;10	30	CO[C@]1(CC=C(C)C)C(=O)[C@@](O)(C(=O)/C=C/c2ccccc2)C(=O)C(CC=C(C)C)=C1O
Mol_16883	Mol_16883::M01	epoxide	sn2_ring_opening	16;17;18	16;18	CC1(C)CC[C@@]23CC[C@]4(C)[C@](OC2=O)([C@@H]3C1)[C@H]1O[C@H]1[C@@H]1[C@@]2(C)CC[C@H](O)C(C)(C)[C@@H]2CC[C@]14C
Mol_16898	Mol_16898::M01	enone_cyclic	michael_acceptor	1;2;3;4;5	1	CC1=CC(=O)[C@@]2(C)[C@@H]1CC(=O)[C@@]13CO[C@]4(C)[C@@H](OC(=O)[C@@H]41)[C@H](O)[C@H]23
Mol_16899	Mol_16899::M01	enone_cyclic	michael_acceptor	1;2;4;5;6	1	CC1=C(Cl)C(=O)[C@@]2(C)C1=CC(=O)[C@@]13CO[C@]4(C)[C@@H](OC(=O)[C@@H]41)[C@H](O)[C@H]23
Mol_16899	Mol_16899::M02	enone_cyclic	michael_acceptor	8;9;10;11;12	8	CC1=C(Cl)C(=O)[C@@]2(C)C1=CC(=O)[C@@]13CO[C@]4(C)[C@@H](OC(=O)[C@@H]41)[C@H](O)[C@H]23
Mol_16900	Mol_16900::M01	enone_cyclic	michael_acceptor	9;10;11;12;13	9	COC(=O)[C@@]1(O)C=C(C)C2=CC(=O)[C@@]34CO[C@]5(C)[C@@H](OC(=O)[C@@H]53)[C@H](O)[C@@H]4[C@]21C
Mol_16902	Mol_16902::M01	enone_cyclic	michael_acceptor	1;2;3;4;5	1	CC1=CC(=O)[C@@]2(C)C1=CC(=O)[C@@]13CO[C@]4(C)[C@@H](OC(=O)[C@@H]41)[C@H](O)[C@H]23
Mol_16902	Mol_16902::M02	enone_cyclic	michael_acceptor	7;8;9;10;11	7	CC1=CC(=O)[C@@]2(C)C1=CC(=O)[C@@]13CO[C@]4(C)[C@@H](OC(=O)[C@@H]41)[C@H](O)[C@H]23
Mol_16903	Mol_16903::M01	enone_cyclic	michael_acceptor	1;2;3;4;5	1	CC1=CC(=O)[C@@H](O)[C@@]2(C)[C@H]1CC(=O)[C@@]13CO[C@]4(C)[C@@H](OC(=O)[C@@H]41)[C@H](O)[C@@H]32
Mol_16904	Mol_16904::M01	enone_cyclic	michael_acceptor	1;2;3;4;5	1	CC1=CC(=O)C(O)C2(C)C1CC(O)C13COC4(C)C(OC(=O)C41)C(O)C23
Mol_16909	Mol_16909::M01	acrylate_ester	michael_acceptor	10;9;7;8;6;5	10	CCCCCCOC(=O)/C=C/c1ccc(O)c(OC)c1
Mol_16911	Mol_16911::M01	acrylic_acid	michael_acceptor	4;3;1;0;2	4	O=C(O)/C=C\c1ccc(O[C@@H]2CC(CO)C(O)C(O)C2OC2OCC(O)(CO)C2O)cc1
Mol_16921	Mol_16921::M01	epoxide	sn2_ring_opening	26;27;28	26;28	CC(C)=CCC/C(C)=C/CC/C(C)=C/CC/C=C(\C)CC/C=C(\C)CCC1OC1(C)C
Mol_16925	Mol_16925::M01	epoxide	sn2_ring_opening	7;8;9	7;9	C=C1C(=O)C[C@H]2C[C@@H]3O[C@@]3(C)CC[C@@H]3O[C@@]3(C)C[C@@H](OC(C)=O)[C@H]1C2(C)C
Mol_16925	Mol_16925::M02	epoxide	sn2_ring_opening	13;14;15	13;15	C=C1C(=O)C[C@H]2C[C@@H]3O[C@@]3(C)CC[C@@H]3O[C@@]3(C)C[C@@H](OC(C)=O)[C@H]1C2(C)C
Mol_16926	Mol_16926::M01	acrylate_ester	michael_acceptor	0;1;2;3;4;5	0	C=C1C(=O)OC2/C=C(/C)C(O)C/C=C(/C)C(O)C(OC(=O)/C(C)=C/C)[C@@H]12
Mol_16926	Mol_16926::M02	acrylate_ester	michael_acceptor	23;21;19;20;18;17	23	C=C1C(=O)OC2/C=C(/C)C(O)C/C=C(/C)C(O)C(OC(=O)/C(C)=C/C)[C@@H]12
Mol_16926	Mol_16926::M03	methylene_butyrolactone	michael_acceptor	0;1;2;3;4	0	C=C1C(=O)OC2/C=C(/C)C(O)C/C=C(/C)C(O)C(OC(=O)/C(C)=C/C)[C@@H]12
Mol_16950	Mol_16950::M01	enone_cyclic	michael_acceptor	29;27;25;26;23	29	COc1ccc(-c2c(OC)cc(O)c3c2C[C@@H](C)N[C@@H]3C)c2c1C(=O)C(=O)C(C)=C2
Mol_16950	Mol_16950::M02	ortho_quinone	michael_acceptor	24;23;25;26;27;29;21;22	21;22;27;29	COc1ccc(-c2c(OC)cc(O)c3c2C[C@@H](C)N[C@@H]3C)c2c1C(=O)C(=O)C(C)=C2
Mol_16951	Mol_16951::M01	enone_cyclic	michael_acceptor	30;28;26;27;24	30	COc1ccc(-c2c(OC)cc(OC)c3c2C[C@@H](C)N[C@@H]3C)c2c1C(=O)C(=O)C(C)=C2
Mol_16951	Mol_16951::M02	ortho_quinone	michael_acceptor	25;24;26;27;28;30;22;23	22;23;28;30	COc1ccc(-c2c(OC)cc(OC)c3c2C[C@@H](C)N[C@@H]3C)c2c1C(=O)C(=O)C(C)=C2
Mol_16968	Mol_16968::M01	enone_cyclic	michael_acceptor	9;10;11;12;13	9	C[C@H]1[C@H]2CC[C@H]3[C@@H]4CCC5=CC(=O)C=C[C@]5(C)[C@H]4CC[C@]23CN1C
Mol_16968	Mol_16968::M02	enone_cyclic	michael_acceptor	14;13;11;12;10	14	C[C@H]1[C@H]2CC[C@H]3[C@@H]4CCC5=CC(=O)C=C[C@]5(C)[C@H]4CC[C@]23CN1C
Mol_16969	Mol_16969::M01	enone_cyclic	michael_acceptor	12;13;14;15;16	12	C[C@@H]1N=C[C@]23C[C@@H](O)[C@H]4[C@@H](CCC5=CC(=O)C=C[C@@]54C)[C@@H]2CC[C@H]13
Mol_16969	Mol_16969::M02	enone_cyclic	michael_acceptor	17;16;14;15;13	17	C[C@@H]1N=C[C@]23C[C@@H](O)[C@H]4[C@@H](CCC5=CC(=O)C=C[C@@]54C)[C@@H]2CC[C@H]13
Mol_16970	Mol_16970::M01	enone_cyclic	michael_acceptor	9;10;11;12;13	9	C[C@H]1[C@H]2CC[C@H]3[C@@H]4C=CC5=CC(=O)CC[C@]5(C)[C@H]4CC[C@]23CN1C
Mol_16971	Mol_16971::M01	enone_cyclic	michael_acceptor	10;9;7;8;6	10	C[C@H]1[C@H]2CC[C@H]3[C@@H]4C(=O)C=C5C=CCC[C@]5(C)[C@H]4CC[C@]23CN1C
Mol_16979	Mol_16979::M01	enone_cyclic	michael_acceptor	2;3;4;5;6	2	C[C@]12C=CC(=O)C=C1CC[C@@H]1[C@@H]2[C@H](O)C[C@]2(C)C(=O)CC[C@@H]12
Mol_16979	Mol_16979::M02	enone_cyclic	michael_acceptor	7;6;4;5;3	7	C[C@]12C=CC(=O)C=C1CC[C@@H]1[C@@H]2[C@H](O)C[C@]2(C)C(=O)CC[C@@H]12
Mol_16981	Mol_16981::M01	para_quinone	michael_acceptor	9;8;6;5;17;18;16;10	5;6;10;16	C[C@H](O)c1cc2c(o1)C(=O)c1c(O)cccc1C2=O
Mol_16982	Mol_16982::M01	enone_cyclic	michael_acceptor	6;7;8;9;10	6	C[C@]12CC[C@@H]3[C@H]1C=C1C(=O)c4cc(O)ccc4C(=O)C1(O2)[C@]3(C)C=O
Mol_16982	Mol_16982::M02	aldehyde	reversible_carbonyl	21;23;24	23	C[C@]12CC[C@@H]3[C@H]1C=C1C(=O)c4cc(O)ccc4C(=O)C1(O2)[C@]3(C)C=O
Mol_16991	Mol_16991::M01	acrylic_acid	michael_acceptor	1;2;3;4;5	1	CC(=C/C(=O)O)/C=C/[C@]1(O)[C@@]2(C)CO[C@]1(C)C[C@@H](O)C2
Mol_16996	Mol_16996::M01	acrylate_ester	michael_acceptor	16;15;13;14;12;11	16	CC1=C(c2ccc(O[C@@H]3O[C@H](COC(=O)/C=C/c4ccc(O)cc4)[C@@H](O)[C@H](O)[C@H]3O)cc2)CN2CCCC2C1
Mol_16997	Mol_16997::M01	acrylate_ester	michael_acceptor	18;17;15;16;14;13	18	CC1=C(c2ccc(OC3OC(CO)C(OC(=O)/C=C/c4ccc(O)cc4)C(O)C3O)cc2)CCN2CCCC12
Mol_17002	Mol_17002::M01	acrylate_ester	michael_acceptor	27;26;24;25;23;22	27	COc1cc(-c2oc3cc(O)cc(O)c3c(=O)c2O[C@H]2OC(COC(=O)/C=C/c3ccc(O)cc3)[C@H](O)C(O)[C@H]2O)ccc1O
Mol_17003	Mol_17003::M01	enone_cyclic	michael_acceptor	2;3;4;5;6	2	COC1=CC(=O)[C@]23[C@H](CC=C4[C@H](C)[C@@H]5CC[C@H]6C(C)(C)CCC[C@]6(C)[C@H]5[C@H](OOC25CC(=O)c2c(O)cc(OC)cc2O5)[C@H]43)C1=O
Mol_17003	Mol_17003::M02	enone_cyclic	michael_acceptor	3;2;44;45;7	3	COC1=CC(=O)[C@]23[C@H](CC=C4[C@H](C)[C@@H]5CC[C@H]6C(C)(C)CCC[C@]6(C)[C@H]5[C@H](OOC25CC(=O)c2c(O)cc(OC)cc2O5)[C@H]43)C1=O
Mol_17028	Mol_17028::M01	enone_ketone_acyclic	michael_acceptor	18;17;15;16;14	18	C=C(C)[C@@H]1CC=C2[C@H](CC[C@@]3(C)[C@H]([C@H](CC(=O)C=C(C)C)C(=O)OC)CC[C@]23C)[C@@]1(C)CCC(=O)O
Mol_17032	Mol_17032::M01	enal	michael_acceptor	2;3;4;5	2	C=CC1=C(C=O)[C@@H]2O[C@@H](O)C[C@H]3C(C)(C)CCC[C@]3(C)[C@H]2CC1
Mol_17032	Mol_17032::M02	aldehyde	reversible_carbonyl	3;4;5	4	C=CC1=C(C=O)[C@@H]2O[C@@H](O)C[C@H]3C(C)(C)CCC[C@]3(C)[C@H]2CC1
Mol_17043	Mol_17043::M01	aldehyde	reversible_carbonyl	23;24;25	24	CC[C@@H]1CN2CCC3=c4c(OC)cccc4=NC3=C2c2oc(O)c(C=O)c21
Mol_17045	Mol_17045::M01	acrylate_ester	michael_acceptor	22;21;25;26;27;28	22	C=C[C@H]1CN2CC[C@]3(C(=O)Nc4cccc(O)c43)[C@@H]2C[C@@H]1/C(=C\OC)C(=O)OC
Mol_17046	Mol_17046::M01	acrylate_ester	michael_acceptor	22;21;25;26;27;28	22	CC[C@@H]1CN2CCc3c([nH]c4cccc(OC)c34)[C@@H]2C[C@@H]1/C(=C\OC)C(=O)OC
Mol_17047	Mol_17047::M01	acrylate_ester	michael_acceptor	22;21;25;26;27;28	22	CCC1CN2CCc3c([nH]c4cccc(OC)c34)[C@H]2C[C@@H]1/C(=C\OC)C(=O)OC
Mol_17048	Mol_17048::M01	acrylate_ester	michael_acceptor	22;21;25;26;27;28	22	CC[C@H]1CN2CCc3c([nH]c4cccc(OC)c34)[C@@H]2C[C@@H]1/C(=C\OC)C(=O)OC
Mol_17049	Mol_17049::M01	acrylate_ester	michael_acceptor	22;21;25;26;27;28	22	CC[C@@H]1CN2CCc3c([nH]c4cccc(OC)c34)[C@H]2C[C@@H]1/C(=C\OC)C(=O)OC
Mol_17059	Mol_17059::M01	enone_cyclic	michael_acceptor	3;2;24;25;22	3	COC1=C[C@@H](C)[C@@H]2C[C@H]3OC(=O)C[C@H]4C(C)=C(OC)C(=O)[C@H]([C@@]2(C)C1=O)[C@@]34C
Mol_17059	Mol_17059::M02	enone_cyclic	michael_acceptor	14;16;19;20;21	14	COC1=C[C@@H](C)[C@@H]2C[C@H]3OC(=O)C[C@H]4C(C)=C(OC)C(=O)[C@H]([C@@]2(C)C1=O)[C@@]34C
Mol_17064	Mol_17064::M01	enone_cyclic	michael_acceptor	11;12;13;14;6	11	COc1cc(O)c2c(c1)C(=O)C1=C(C2=O)[C@H](O)[C@@H](O)[C@@](C)(O)C1
Mol_17064	Mol_17064::M02	enone_cyclic	michael_acceptor	12;11;9;10;7	12	COc1cc(O)c2c(c1)C(=O)C1=C(C2=O)[C@H](O)[C@@H](O)[C@@](C)(O)C1
Mol_17064	Mol_17064::M03	para_quinone	michael_acceptor	10;9;7;6;13;14;12;11	6;7;11;12	COc1cc(O)c2c(c1)C(=O)C1=C(C2=O)[C@H](O)[C@@H](O)[C@@](C)(O)C1
Mol_17065	Mol_17065::M01	acrylic_acid	michael_acceptor	1;16;17;18;19	1	CC(/C=C/[C@@]1(O)C(CO)=CC(=O)CC1(C)C)=C\C(=O)O
Mol_17065	Mol_17065::M02	enone_cyclic	michael_acceptor	6;9;10;11;12	6	CC(/C=C/[C@@]1(O)C(CO)=CC(=O)CC1(C)C)=C\C(=O)O
Mol_17066	Mol_17066::M01	acrylic_acid	michael_acceptor	13;15;16;17;18	13	CC1=CC(=O)CC(C)(C)[C@]1(O)/C=C/C(C)=C/C(=O)O
Mol_17066	Mol_17066::M02	enone_cyclic	michael_acceptor	1;2;3;4;5	1	CC1=CC(=O)CC(C)(C)[C@]1(O)/C=C/C(C)=C/C(=O)O
Mol_17069	Mol_17069::M01	enone_cyclic	michael_acceptor	10;11;12;13;14	10	Cc1coc2c1C[C@@H]1[C@@H](C)C=CC(=O)[C@@]1(C)C2
Mol_18014	Mol_18014::M01	acrylic_acid	michael_acceptor	12;13;14;15;16	12	CCCCCCCCCCCC/C=C/C(=O)O
Mol_18055	Mol_18055::M01	enone_ketone_acyclic	michael_acceptor	7;8;9;10;11	7	CC(=O)OC(C)(C)/C=C/C(=O)[C@](C)(O)[C@H]1[C@H](O)C[C@@]2(C)[C@@H]3CC=C4[C@@H](C=C(O)C(=O)C4(C)C)[C@]3(C)C(=O)C[C@]12C
Mol_18055	Mol_18055::M02	enone_cyclic	michael_acceptor	25;26;28;29;30	25	CC(=O)OC(C)(C)/C=C/C(=O)[C@](C)(O)[C@H]1[C@H](O)C[C@@]2(C)[C@@H]3CC=C4[C@@H](C=C(O)C(=O)C4(C)C)[C@]3(C)C(=O)C[C@]12C
Mol_18056	Mol_18056::M01	enone_cyclic	michael_acceptor	22;23;36;37;38	22	CC(C)(O)CCC(=O)[C@](C)(O)[C@H]1[C@H](O)C[C@@]2(C)[C@@H]3CC=C4[C@@H](C=C(O[C@@H]5O[C@H](CO)[C@@H](O)[C@H](O)[C@H]5O)C(=O)C4(C)C)[C@]3(C)C(=O)C[C@]12C
Mol_18138	Mol_18138::M01	acrylate_ester	michael_acceptor	17;18;19;20;21;22	17	C=C1CC[C@@H]2[C@](C)(CO)[C@H](O)CC[C@@]2(C)[C@@H]1C/C=C1/C(=O)OC[C@H]1O
Mol_18159	Mol_18159::M01	enone_cyclic	michael_acceptor	1;2;3;4;5	1	CC1=CC(=O)[C@@H]2C[C@H]1C2(C)C
Mol_18171	Mol_18171::M01	epoxide	sn2_ring_opening	2;3;4	2;4	CC1C2OC2C23CC1C(C)(C)C2CCC3C
Mol_18187	Mol_18187::M01	epoxide	sn2_ring_opening	9;10;11	9;11	CC1CCC2C1C1C(CC3OC32C)C1(C)C
Mol_18189	Mol_18189::M01	enone_cyclic	michael_acceptor	1;2;3;4;5	1	CC1=CC(=O)C2C3C1C2(C)CCCC3(C)C
Mol_18195	Mol_18195::M01	epoxide	sn2_ring_opening	5;30;26	5;26	C1CCCCC23CCCCCC45CCCCCCCCC4(CCCCCC2(CCC1)O3)O5
Mol_18195	Mol_18195::M02	epoxide	sn2_ring_opening	11;31;20	11;20	C1CCCCC23CCCCCC45CCCCCCCCC4(CCCCCC2(CCC1)O3)O5
Mol_18404	Mol_18404::M01	enone_cyclic	michael_acceptor	15;17;18;19;20	15	C=C[C@](C)(O)CC[C@@]1(C)[C@H](C)CC[C@@]2(C)C(C)=CC(=O)C[C@H]12
Mol_18406	Mol_18406::M01	acrylate_ester	michael_acceptor	9;8;6;7;5;4	9	C[C@@H]1[C@H](O)[C@@H]2OC(=O)C3=C2[C@H](CCC3)[C@@]12C[C@@H](c1ccoc1)OC2=O
Mol_18406	Mol_18406::M02	unsat_lactone	michael_acceptor	5;6;7;8;9	9	C[C@@H]1[C@H](O)[C@@H]2OC(=O)C3=C2[C@H](CCC3)[C@@]12C[C@@H](c1ccoc1)OC2=O
Mol_18408	Mol_18408::M01	epoxide	sn2_ring_opening	12;13;14	12;14	C[C@@H]1C[C@@H](O)[C@@]23COC(=O)[C@]2(O)[C@H]2O[C@H]2C[C@@H]3[C@@]12C[C@@H](c1ccoc1)OC2=O
Mol_18418	Mol_18418::M01	acrylate_ester	michael_acceptor	3;2;1;0;11;12	3	O=C(/C=C/c1ccc(O)cc1)O[C@H]1C(Oc2cc(O)c3c(=O)cc(-c4ccc(O)cc4)oc3c2)O[C@H](CO)[C@@H](O)[C@@H]1O
Mol_18419	Mol_18419::M01	acrylate_ester	michael_acceptor	3;2;1;0;11;12	3	O=C(/C=C/c1ccc(O)cc1)OC[C@H]1OC(Oc2cc(O)c3c(=O)cc(-c4ccc(O)cc4)oc3c2)[C@H](O)[C@@H](O)[C@@H]1O
Mol_18423	Mol_18423::M01	acrylate_ester	michael_acceptor	3;2;1;0;11;12	3	O=C(/C=C/c1ccc(O)cc1)OC[C@H]1O[C@@H](Oc2cc(O)c3c(c2)OC(c2ccc(O)cc2)CC3=O)[C@H](O)[C@@H](O)[C@@H]1O
Mol_18426	Mol_18426::M01	acrylate_ester	michael_acceptor	3;2;1;0;11;12	3	O=C(/C=C/c1ccc(O)cc1)OC[C@H]1O[C@@H](Oc2cc(O)c3c(=O)cc(-c4ccc(O)cc4)oc3c2)[C@H](O)[C@@H](O)[C@@H]1O
Mol_18430	Mol_18430::M01	acrylate_ester	michael_acceptor	3;2;1;0;11;12	3	O=C(/C=C/c1ccc(O)cc1)OC[C@H]1O[C@@H](Oc2cc(O)c3c(=O)cc(-c4ccc(O)c(O)c4)oc3c2)[C@H](O)[C@@H](O)[C@@H]1O
Mol_18433	Mol_18433::M01	acrylate_ester	michael_acceptor	24;23;21;22;20;19	24	COc1ccc(-c2cc(=O)c3c(O)cc(O[C@@H]4O[C@H](COC(=O)/C=C/c5ccc(O)cc5)[C@@H](O)[C@H](O)[C@H]4O)cc3o2)cc1O
Mol_18449	Mol_18449::M01	acrylate_ester	michael_acceptor	29;28;26;27;25;24	29	C[C@@H]1O[C@@H](O[C@@H]2[C@@H](O)[C@H](OCCc3ccc(O)c(O)c3)O[C@H](CO)[C@H]2OC(=O)/C=C/c2ccc(O)c(O)c2)[C@H](O[C@@H]2OC[C@H](O)[C@@H](O)[C@H]2O)[C@H](O)[C@H]1O
Mol_18464	Mol_18464::M01	acrylate_ester	michael_acceptor	39;38;36;37;35;34	39	CC1OC(OCC2OC(OCCc3ccc(O)c(O)c3)C(O)C(OC3OC(C)C(O)C(O)C3O)C2OC(=O)/C=C/c2ccc(O)c(O)c2)C(O)C(O)C1O
Mol_18505	Mol_18505::M01	epoxide	sn2_ring_opening	14;16;15	14;15	CC(=O)OC[C@@]12C(CC[C@H](OC(C)=O)[C@]13CO3)[C@@]1(C[C@@H](c3ccoc3)OC1=O)[C@H](C)C[C@@H]2O
Mol_18506	Mol_18506::M01	epoxide	sn2_ring_opening	11;13;12	11;12	CC(=O)OC[C@@]12[C@H](CC[C@H](O)[C@]13CO3)[C@@]1(C[C@@H](c3ccoc3)OC1=O)[C@H](C)C[C@@H]2O
Mol_18507	Mol_18507::M01	epoxide	sn2_ring_opening	30;32;31	30;31	CC(=O)OC[C@@]12[C@@H](OC(C)=O)C[C@@H](C)[C@]3(C[C@@H](c4ccoc4)O[C@@H]3O)[C@H]1CC[C@H](O)[C@]21CO1
Mol_18508	Mol_18508::M01	epoxide	sn2_ring_opening	14;16;15	14;15	CC(=O)OC[C@@]12[C@H](CC[C@H](OC(C)=O)[C@]13CO3)[C@@]1(C[C@@H](c3ccoc3)O[C@@H]1O)[C@H](C)C[C@@H]2O
Mol_18509	Mol_18509::M01	epoxide	sn2_ring_opening	11;13;12	11;12	CC(=O)OC[C@@]12[C@H](CC[C@H](O)[C@]13CO3)[C@@]1(C[C@@H](c3ccoc3)O[C@@H]1O)[C@H](C)C[C@@H]2O
Mol_18513	Mol_18513::M01	epoxide	sn2_ring_opening	29;31;30	29;30	CC(=O)OC[C@@]12[C@@H](OC(C)=O)C[C@@H](C)[C@]3(C[C@H](c4ccoc4)OC3=O)[C@H]1CCC[C@]21CO1
Mol_18538	Mol_18538::M01	enone_cyclic	michael_acceptor	19;20;21;22;23	19	C[C@@H]1C(=O)O[C@H](C)[C@H]1CC(=O)[C@](C)(O)[C@H]1CC[C@@]2(O)C3=CC(=O)[C@@H]4C[C@@H](O)[C@@H](O)C[C@]4(C)[C@H]3CC[C@]12C
Mol_18539	Mol_18539::M01	acrylate_ester	michael_acceptor	2;1;35;36;34;7	2	CC1=C([C@@H](C)O)C[C@H]([C@](C)(O)[C@H]2CC[C@@]3(O)C4=CC(=O)[C@@H]5C[C@@H](O)[C@@H](O)C[C@]5(C)[C@H]4CC[C@]23C)OC1=O
Mol_18539	Mol_18539::M02	enone_cyclic	michael_acceptor	16;17;18;19;20	16	CC1=C([C@@H](C)O)C[C@H]([C@](C)(O)[C@H]2CC[C@@]3(O)C4=CC(=O)[C@@H]5C[C@@H](O)[C@@H](O)C[C@]5(C)[C@H]4CC[C@]23C)OC1=O
Mol_18539	Mol_18539::M03	unsat_lactone	michael_acceptor	34;35;36;1;2	2	CC1=C([C@@H](C)O)C[C@H]([C@](C)(O)[C@H]2CC[C@@]3(O)C4=CC(=O)[C@@H]5C[C@@H](O)[C@@H](O)C[C@]5(C)[C@H]4CC[C@]23C)OC1=O
Mol_18541	Mol_18541::M01	enone_cyclic	michael_acceptor	13;14;15;16;17	13	C[C@H](C[C@@H](O)[C@](C)(O)[C@H]1CC[C@@]2(O)C3=CC(=O)[C@@H]4C[C@@H](O)[C@@H](O)C[C@]4(C)[C@H]3CC[C@]12C)C(C)(C)O
Mol_18543	Mol_18543::M01	enone_cyclic	michael_acceptor	19;20;21;22;23	19	C[C@@H]1C(=O)O[C@H](C)[C@H]1C[C@@H](O)[C@](C)(O)[C@H]1CC[C@@]2(O)C3=CC(=O)[C@@H]4C[C@@H](O)[C@@H](O)C[C@]4(C)[C@H]3CC[C@]12C
Mol_18555	Mol_18555::M01	enone_cyclic	michael_acceptor	4;3;10;11;8	4	CC(C)C1=C(O)C2=C(C(=O)C1=O)[C@@]1(C)CCCC(C)(C)[C@@H]1C[C@H]2O
Mol_18555	Mol_18555::M02	enone_cyclic	michael_acceptor	6;7;8;9;10	6	CC(C)C1=C(O)C2=C(C(=O)C1=O)[C@@]1(C)CCCC(C)(C)[C@@H]1C[C@H]2O
Mol_18555	Mol_18555::M03	ortho_quinone	michael_acceptor	9;8;10;11;3;4;6;7	3;4;6;7	CC(C)C1=C(O)C2=C(C(=O)C1=O)[C@@]1(C)CCCC(C)(C)[C@@H]1C[C@H]2O
Mol_18560	Mol_18560::M01	epoxide	sn2_ring_opening	10;12;11	10;11	CC(=O)OC[C@]12[C@H](CCC[C@]13CO3)[C@](C)(CC(O)c1ccoc1)[C@H](C)[C@@H](O)[C@@H]2OC(C)=O
Mol_18561	Mol_18561::M01	epoxide	sn2_ring_opening	29;31;30	29;30	CC(=O)OC[C@@]12[C@@H](OC(C)=O)C[C@@]3(C)O[C@@]4(c5ccoc5)C[C@]3(C)[C@]1(CCC(=O)[C@]21CO1)O4
Mol_18566	Mol_18566::M01	aldehyde	reversible_carbonyl	12;13;14	13	CO[C@@H]1C=C2[C@@H]3[C@@H](C)[C@H](C)CC[C@]3(C=O)C[C@H](O)[C@@]2(C)[C@]2(C)CCC3C(C)(C)[C@@H](O)C[C@@H](O)[C@]3(C)C12
Mol_18567	Mol_18567::M01	aldehyde	reversible_carbonyl	6;7;8	7	C[C@H]1[C@H](C)CC[C@]2(C=O)C[C@H](O)[C@]3(C)C(=CCC4[C@]5(C)C(CC[C@]43C)C(C)(C)[C@@H](O)C[C@H]5O)[C@H]12
Mol_18575	Mol_18575::M01	epoxide	sn2_ring_opening	1;2;3	1;3	C[C@@]12O[C@@H]1[C@H](O)[C@]1(O)C=CO[C@H](O[C@@H]3O[C@H](CO)[C@@H](O)[C@H](O)[C@H]3O)C21
Mol_18577	Mol_18577::M01	enone_cyclic	michael_acceptor	1;2;3;4;5	1	CC1=CC(=O)[C@H](CCO)[C@@H]1COC1O[C@H](CO)[C@@H](O)[C@H](O)[C@H]1O
Mol_18578	Mol_18578::M01	enone_cyclic	michael_acceptor	1;2;3;4;5	1	CC1=CC(=O)[C@H](CCOC2O[C@H](CO)[C@@H](O)[C@H](O)[C@H]2O)[C@@H]1CO
Mol_18579	Mol_18579::M01	enone_cyclic	michael_acceptor	1;2;3;4;5	1	CC1=CC(=O)[C@H](CCO)[C@@H]1CO
Mol_18588	Mol_18588::M01	enone_cyclic	michael_acceptor	1;2;3;4;5	1	CC1=CC(=O)[C@]2(O)C=CO[C@@H](O[C@H]3O[C@H](CO)[C@@H](O)[C@H](O)[C@H]3O)[C@H]12
Mol_18592	Mol_18592::M01	epoxide	sn2_ring_opening	10;11;12	10;12	C=C1CC[C@@H](C(C)C)[C@@H](O)[C@H]2O[C@@]2(C)CCC1=O
Mol_18594	Mol_18594::M01	epoxide	sn2_ring_opening	10;11;12	10;12	C=C1CC[C@@H](C(C)C)[C@@H](O)[C@@H]2O[C@@]2(C)CC[C@H]1OO
Mol_18595	Mol_18595::M01	epoxide	sn2_ring_opening	10;11;12	10;12	C=C1CC[C@@H](C(C)C)[C@H](O)[C@@H]2O[C@]2(C)CC[C@H]1OO
Mol_18596	Mol_18596::M01	epoxide	sn2_ring_opening	6;7;8	6;8	CC(C)[C@@H]1CC[C@@H]2O[C@@H]2CC[C@]2(C)O[C@@H]2[C@@H]1O
Mol_18596	Mol_18596::M02	epoxide	sn2_ring_opening	11;13;14	11;14	CC(C)[C@@H]1CC[C@@H]2O[C@@H]2CC[C@]2(C)O[C@@H]2[C@@H]1O
Mol_18600	Mol_18600::M01	enone_cyclic	michael_acceptor	9;8;6;7;5	9	CC(C)[C@@H]1CCC(=O)C2=C1[C@H](O)[C@](C)(O)CC2
Mol_18603	Mol_18603::M01	enone_ketone_acyclic	michael_acceptor	12;11;9;10;7	12	C=C[C@@]1(C)CC[C@@H](C(C)C(=O)/C=C/C(C)(C)OO)O1
Mol_18604	Mol_18604::M01	enone_cyclic	michael_acceptor	1;2;3;4;5	1	CC1=CC(=O)C2(OC3OC(C)C(O)C(O)C3O)C=COC(OC3OC(CO)C(O)C(O)C3O)C12
Mol_18620	Mol_18620::M01	enone_cyclic	michael_acceptor	8;9;19;20;21	8	CC1(C)CCC[C@]2(C)C3=C(C[C@@](C)(C(O)CO)CC3)C(=O)CC12
Mol_18621	Mol_18621::M01	enone_cyclic	michael_acceptor	8;9;20;21;22	8	CC1(C)CCC[C@]2(C)C3=C(C[C@@](CO)(C(O)CO)CC3)C(=O)CC12
Mol_18628	Mol_18628::M01	enone_cyclic	michael_acceptor	8;9;20;21;22	8	CC1(C)CCC[C@]2(C)C3=C(CC(C)([C@@H](O)CO)CC3=O)C(=O)CC12
Mol_18628	Mol_18628::M02	enone_cyclic	michael_acceptor	9;8;18;19;17	9	CC1(C)CCC[C@]2(C)C3=C(CC(C)([C@@H](O)CO)CC3=O)C(=O)CC12
Mol_18726	Mol_18726::M01	enone_cyclic	michael_acceptor	12;11;9;10;7	12	Cc1c2c(cc3c1C(=O)C(=O)C1=C3OC[C@@H]1C)C(C)(C)CCC2
Mol_18726	Mol_18726::M02	ortho_quinone	michael_acceptor	8;7;9;10;11;12;5;6	5;6;11;12	Cc1c2c(cc3c1C(=O)C(=O)C1=C3OC[C@@H]1C)C(C)(C)CCC2
Mol_18727	Mol_18727::M01	enone_cyclic	michael_acceptor	16;11;9;10;7	16	Cc1c2c(cc3c1C(=O)C(=O)C([C@@H](C)CO)=C3O)C(C)(C)CCC2
Mol_18727	Mol_18727::M02	ortho_quinone	michael_acceptor	8;7;9;10;11;16;5;6	5;6;11;16	Cc1c2c(cc3c1C(=O)C(=O)C([C@@H](C)CO)=C3O)C(C)(C)CCC2
Mol_18739	Mol_18739::M01	epoxide	sn2_ring_opening	26;28;27	26;27	CC(=O)OC[C@@]12[C@H](O)C[C@@H](C)[C@]3(C[C@H](c4ccoc4)OC3=O)[C@H]1CCC[C@]21CO1
Mol_18743	Mol_18743::M01	epoxide	sn2_ring_opening	26;28;27	26;27	CC(=O)OC[C@@]12[C@H](O)C[C@@H](C)[C@]3(C[C@@H](c4ccoc4)OC3=O)[C@H]1CCC[C@]21CO1
Mol_18748	Mol_18748::M01	acrylate_ester	michael_acceptor	5;6;7;8;9;10	5	COc1cc(/C=C/C(=O)O[C@H]2[C@H](O[C@@H]3O[C@@H](C)[C@H](O)[C@@H](O)[C@H]3O)[C@@H](O)[C@H](OCCc3ccc(O)c(O)c3)O[C@@H]2CO)ccc1O
Mol_18749	Mol_18749::M01	acrylate_ester	michael_acceptor	19;18;16;17;15;14	19	COc1ccc(CCO[C@@H]2O[C@H](CO)[C@@H](OC(=O)/C=C/c3ccc(O)c(OC)c3)[C@H](O[C@@H]3O[C@@H](C)[C@H](O)[C@@H](O)[C@H]3O)[C@H]2O)cc1O
Mol_18750	Mol_18750::M01	acrylate_ester	michael_acceptor	38;37;35;36;34;33	38	C[C@H]1O[C@H](O[C@@H]2[C@@H](O)[C@H](OCCc3ccc(O)c(O)c3)O[C@H](CO[C@H]3OCC(O)(CO)[C@@H]3O)[C@H]2OC(=O)/C=C/c2ccc(O)c(O)c2)[C@@H](O)[C@@H](O)[C@@H]1O
Mol_18751	Mol_18751::M01	acrylate_ester	michael_acceptor	5;6;7;8;9;10	5	COc1cc(/C=C/C(=O)O[C@@H]2[C@@H](CO[C@@H]3OC[C@](O)(CO)[C@H]3O)C[C@@H](OCCc3ccc(OC)c(O)c3)C[C@H]2O[C@@H]2O[C@@H](C)[C@H](O)[C@@H](O)[C@H]2O)ccc1C
Mol_18752	Mol_18752::M01	acrylate_ester	michael_acceptor	5;6;7;8;9;10	5	COc1cc(/C=C/C(=O)OC2C(COC3OCC(O)(CO)C3O)OC(OCCc3ccc(O)c(O)c3)C(O)C2OC2OC(C)C(O)C(O)C2O)ccc1O
Mol_18905	Mol_18905::M01	epoxide	sn2_ring_opening	24;26;25	24;25	C[C@@H]1C[C@@H](O)[C@]23CCC(=O)[C@@]1(C[C@H](O)c1ccoc1)[C@H]2CC[C@H](O)[C@]31CO1
Mol_18914	Mol_18914::M01	epoxide	sn2_ring_opening	6;8;9	6;9	CC(C)[C@H]1CC[C@]2(C)O[C@@H]2C1=O
Mol_18947	Mol_18947::M01	acrylic_acid	michael_acceptor	10;11;12;13;14	10	CCCCCCCCCC/C=C/C(=O)O
Mol_18962	Mol_18962::M01	enone_cyclic	michael_acceptor	3;4;6;7;8	3	CC(C)C1=C(O)C(=O)C2=C(C=C[C@H]3C(C)(C)CCC[C@]23C)C1=O
Mol_18962	Mol_18962::M02	enone_cyclic	michael_acceptor	4;3;21;22;9	4	CC(C)C1=C(O)C(=O)C2=C(C=C[C@H]3C(C)(C)CCC[C@]23C)C1=O
Mol_18962	Mol_18962::M03	enone_cyclic	michael_acceptor	8;9;21;22;3	8	CC(C)C1=C(O)C(=O)C2=C(C=C[C@H]3C(C)(C)CCC[C@]23C)C1=O
Mol_18962	Mol_18962::M04	enone_cyclic	michael_acceptor	9;8;6;7;4	9	CC(C)C1=C(O)C(=O)C2=C(C=C[C@H]3C(C)(C)CCC[C@]23C)C1=O
Mol_18962	Mol_18962::M05	para_quinone	michael_acceptor	7;6;4;3;21;22;9;8	3;4;8;9	CC(C)C1=C(O)C(=O)C2=C(C=C[C@H]3C(C)(C)CCC[C@]23C)C1=O
Mol_18965	Mol_18965::M01	enone_cyclic	michael_acceptor	21;17;15;16;13	21	Cc1ccc2c3c1CCCC(C)(C)[C@@]3(O)C(=O)C(C(C)C)=C2
Mol_18999	Mol_18999::M01	enone_cyclic	michael_acceptor	3;4;5;6;7	3	CC(C)C1=CC(=O)C(C)CC1
Mol_19061	Mol_19061::M01	acrylate_ester	michael_acceptor	38;37;35;36;34;33	38	C[C@@H]1OC(O[C@@H]2[C@@H](O)[C@H](OCCc3ccc(O)c(O)c3)O[C@H](CO[C@@H]3OC[C@](O)(CO)[C@H]3O)[C@H]2OC(=O)/C=C/c2ccc(O)c(O)c2)[C@H](O[C@@H]2OC[C@H](O)[C@H](O)[C@H]2O)[C@H](O)[C@H]1O
Mol_19074	Mol_19074::M01	acrylate_ester	michael_acceptor	5;4;2;3;1;0	5	COC(=O)C1=C2C[C@H](O)[C@@H](C)[C@H]2[C@H](O[C@@H]2O[C@H](CO)[C@@H](O)[C@H](O)[C@H]2O)O[C@H]1OC
Mol_19075	Mol_19075::M01	acrylate_ester	michael_acceptor	5;4;2;3;1;0	5	COC(=O)C1=C2C[C@H](O)[C@@H](C)[C@H]2[C@H](O[C@@H]2O[C@H](CO)[C@@H](O)[C@H](O)[C@H]2O)O[C@@H]1OC
Mol_19076	Mol_19076::M01	epoxide	sn2_ring_opening	4;5;6	4;6	C[C@H](/C=C/[C@]12O[C@@]1(C)C[C@@H](O)CC2(C)C)O[C@@H]1O[C@H](CO)[C@@H](O)[C@H](O)[C@H]1O
Mol_19078	Mol_19078::M01	acrylate_ester	michael_acceptor	5;4;2;3;1;0	5	COC(=O)C1=COC(O[C@@H]2O[C@H](CO)[C@@H](O)[C@H](O)[C@H]2O)C2[C@H](C)[C@@H](O)C[C@]12O
Mol_19079	Mol_19079::M01	acrylate_ester	michael_acceptor	5;4;2;3;1;0	5	COC(=O)C1=CO[C@@H](O[C@@H]2O[C@H](CO)[C@@H](O)[C@H](O)[C@H]2O)[C@@H]2[C@@](C)(O)[C@@H](O)C[C@]12O
Mol_19080	Mol_19080::M01	acrylate_ester	michael_acceptor	5;4;2;3;1;0	5	COC(=O)C1=CO[C@@H](O[C@@H]2O[C@H](CO)[C@@H](O)[C@H](O)[C@H]2O)[C@@H]2[C@H](C)[C@@H](O)C[C@H]12
Mol_19081	Mol_19081::M01	acrylate_ester	michael_acceptor	5;4;2;3;1;0	5	COC(=O)C1=CO[C@@H](O[C@@H]2O[C@H](CO)[C@@H](O)[C@H](O)[C@H]2O)[C@@H]2[C@@](C)(O)CC[C@]12O
Mol_19089	Mol_19089::M01	acrylate_ester	michael_acceptor	3;2;1;0;12;13	3	O=C(/C=C/c1ccc(O)c(O)c1)OCCc1ccc(O)c(O)c1
Mol_19090	Mol_19090::M01	acrylate_ester	michael_acceptor	27;26;24;25;23;22	27	C[C@@H]1O[C@@H](OC[C@H]2O[C@@H](O[C@@H]3[C@@H](O)[C@@H](O)[C@H](Oc4ccc(CCOC(=O)/C=C/c5ccc(O)c(O)c5)cc4O)O[C@H]3C)[C@H](O)[C@@H](O)[C@H]2O)[C@H](O)[C@H](O)[C@H]1O
Mol_19099	Mol_19099::M01	enone_cyclic	michael_acceptor	7;6;4;5;3	7	C[C@@]12CCC(=O)C=C1[C@@](C)(O)CCC2=O
Mol_19100	Mol_19100::M01	enone_cyclic	michael_acceptor	2;3;4;5;6	2	C[C@@]12C=CC(=O)C[C@H]1[C@@](C)(O)CC[C@H]2O
Mol_19103	Mol_19103::M01	enone_cyclic	michael_acceptor	2;1;15;16;14	2	CC1=C[C@@H]2[C@@H](C(C)C)CC[C@@](C)(O)[C@H]2CC1=O
Mol_19110	Mol_19110::M01	enal	michael_acceptor	3;4;5;6	3	CCC/C=C/C=O
Mol_19110	Mol_19110::M02	aldehyde	reversible_carbonyl	4;5;6	5	CCC/C=C/C=O
Mol_19152	Mol_19152::M01	epoxide	sn2_ring_opening	10;12;13	10;13	C/C1=C\CC(C)(C)/C=C/C[C@@]2(C)O[C@@H]2CC1
Mol_19198	Mol_19198::M01	enone_cyclic	michael_acceptor	4;5;6;7;8	4	CC(C)C1C=CC(=O)CC1
Mol_19209	Mol_19209::M01	enal	michael_acceptor	6;8;9;10	6	CC(C)=CCC/C(C)=C/C=O
Mol_19209	Mol_19209::M02	aldehyde	reversible_carbonyl	8;9;10	9	CC(C)=CCC/C(C)=C/C=O
Mol_19213	Mol_19213::M01	aldehyde	reversible_carbonyl	9;10;11	10	CCCCCCCCCCC=O
Mol_19214	Mol_19214::M01	enal	michael_acceptor	7;8;9;10	7	CCCCC/C=C/C=C/C=O
Mol_19214	Mol_19214::M02	aldehyde	reversible_carbonyl	8;9;10	9	CCCCC/C=C/C=C/C=O
Mol_19281	Mol_19281::M01	enal	michael_acceptor	11;13;14;15	11	CC(C)=CCC/C(C)=C/CC/C(C)=C/C=O
Mol_19281	Mol_19281::M02	aldehyde	reversible_carbonyl	13;14;15	14	CC(C)=CCC/C(C)=C/CC/C(C)=C/C=O
Mol_19307	Mol_19307::M01	epoxide	sn2_ring_opening	36;38;37	36;37	CC[C@H](C)C(=O)OC1[C@@H](O)C[C@@H]2[C@@](C)(C3C[C@H]4CCO[C@H]4O3)[C@H](C)C[C@H](OC(C)=O)[C@@]2(COC(C)=O)[C@@]12CO2
Mol_19331	Mol_19331::M01	aldehyde	reversible_carbonyl	6;7;8	7	CC(C)C12C=CC(C=O)C1C2
Mol_19356	Mol_19356::M01	acrylate_ester	michael_acceptor	1;2;4;5;6;7	1	C/C=C(/C)C(=O)O[C@@H]1C[C@@H]2CC[C@@]1(C)C2(C)C
Mol_19384	Mol_19384::M01	acrylate_ester	michael_acceptor	27;26;24;25;23;22	27	COc1cc(-c2cc(=O)c3c(O)cc(O[C@@H]4O[C@H](CO)[C@@H](O)[C@H](OC(=O)/C=C/c5ccc(O)cc5)[C@H]4O)cc3o2)ccc1O
Mol_19493	Mol_19493::M01	acrylate_ester	michael_acceptor	7;8;10;11;12;13	7	C=C[C@](C)(O)CC/C=C(\C)C(=O)OC[C@@H]1O[C@H](OC(=O)[C@]23CCC(C)(C)C[C@H]2C2=CCC4[C@@]5(C)CC[C@H](O[C@@H]6O[C@H](CO[C@H]7OC[C@@H](O)[C@@H](O)[C@@H]7O[C@H]7OC[C@H](O)[C@@H](O)[C@@H]7O)[C@@H](O)[C@H](O)[C@H]6O)C(C)(C)C5CC[C@@]4(C)[C@]2(C)C[C@H]3O)[C@@H](O[C@@H]2O[C@@H](C)[C@H](O[C@@H]3OC[C@@H](O)[C@H](O[C@@H]4OC[C@@H](O)[C@H](O)[C@H]4O)[C@H]3O)[C@@H](O)[C@H]2O)[C@H](O)[C@H]1O
Mol_19494	Mol_19494::M01	acrylate_ester	michael_acceptor	21;22;24;25;26;27	21	C=C[C@](C)(O)CC/C=C(\C)CO[C@H]1[C@H](O[C@@](C)(C=C)CC/C=C(\C)C(=O)OC[C@@H]2O[C@H](OC(=O)[C@]34CCC(C)(C)C[C@H]3C3=CCC5[C@@]6(C)CC[C@H](O[C@@H]7O[C@H](CO[C@H]8OC[C@@H](O)[C@@H](O)[C@@H]8O[C@H]8OC[C@H](O)[C@@H](O)[C@@H]8O)[C@@H](O)[C@H](O)[C@H]7O)C(C)(C)C6CC[C@@]5(C)[C@]3(C)CC4)[C@@H](O[C@@H]3O[C@@H](C)[C@H](O[C@@H]4OC[C@@H](O)[C@H](O[C@@H]5OC[C@@H](O)[C@H](O)[C@H]5O)[C@H]4O)[C@@H](O)[C@H]3O)[C@H](O)[C@H]2O)OC[C@H](O)[C@@H]1O
Mol_19495	Mol_19495::M01	acrylate_ester	michael_acceptor	7;8;9;10;11;12	7	C=C[C@](C)(O)CC/C=C\C(=O)O[C@@H]1[C@@H](O)[C@H](C)O[C@@H](OC[C@@H]2O[C@H](OC(=O)[C@]34CCC(C)(C)C[C@H]3C3=CCC5[C@@]6(C)CC[C@H](O[C@@H]7O[C@H](CO[C@H]8OC[C@@H](O)[C@@H](O)[C@@H]8O[C@H]8OC[C@H](O)[C@@H](O)[C@@H]8O)[C@@H](O)[C@H](O)[C@H]7O)C(C)(C)C6CC[C@@]5(C)[C@]3(C)CC4)[C@@H](O[C@@H]3O[C@@H](C)[C@H](O[C@@H]4OC[C@@H](O)[C@H](O[C@@H]5OC[C@@H](O)[C@H](O)[C@H]5O)[C@H]4O)[C@@H](O)[C@H]3O)[C@H](O)[C@H]2O)[C@@H]1OC(=O)/C=C\CC[C@@](C)(O)C=C
Mol_19495	Mol_19495::M02	acrylate_ester	michael_acceptor	125;124;122;123;121;120	125	C=C[C@](C)(O)CC/C=C\C(=O)O[C@@H]1[C@@H](O)[C@H](C)O[C@@H](OC[C@@H]2O[C@H](OC(=O)[C@]34CCC(C)(C)C[C@H]3C3=CCC5[C@@]6(C)CC[C@H](O[C@@H]7O[C@H](CO[C@H]8OC[C@@H](O)[C@@H](O)[C@@H]8O[C@H]8OC[C@H](O)[C@@H](O)[C@@H]8O)[C@@H](O)[C@H](O)[C@H]7O)C(C)(C)C6CC[C@@]5(C)[C@]3(C)CC4)[C@@H](O[C@@H]3O[C@@H](C)[C@H](O[C@@H]4OC[C@@H](O)[C@H](O[C@@H]5OC[C@@H](O)[C@H](O)[C@H]5O)[C@H]4O)[C@@H](O)[C@H]3O)[C@H](O)[C@H]2O)[C@@H]1OC(=O)/C=C\CC[C@@](C)(O)C=C
Mol_19496	Mol_19496::M01	acrylate_ester	michael_acceptor	7;8;9;10;11;12	7	C=C[C@](C)(O)CC/C=C\C(=O)O[C@@H]1[C@@H](O)[C@H](C)O[C@@H](OC[C@@H]2O[C@H](OC(=O)[C@]34CCC(C)(C)C[C@H]3C3=CCC5[C@@]6(C)CC[C@H](O[C@@H]7O[C@H](CO[C@H]8OC[C@@H](O)[C@@H](O)[C@@H]8O[C@H]8OC[C@H](O)[C@@H](O)[C@@H]8O)[C@@H](O)[C@H](O)[C@H]7O)C(C)(C)C6CC[C@@]5(C)[C@]3(C)C[C@H]4O)[C@@H](O[C@@H]3O[C@@H](C)[C@H](O[C@@H]4OC[C@@H](O)[C@H](O[C@@H]5OC[C@@H](O)[C@H](O)[C@H]5O)[C@H]4O)[C@@H](O)[C@H]3O)[C@H](O)[C@H]2O)[C@@H]1OC(=O)[C@@H](CO)[C@H]1CC[C@@](C)(C=C)O1
Mol_19497	Mol_19497::M01	acrylate_ester	michael_acceptor	7;8;9;10;11;12	7	C=C[C@](C)(O)CC/C=C\C(=O)O[C@@H]1[C@@H](O)[C@H](C)O[C@@H](OC[C@@H]2O[C@H](OC(=O)[C@]34CCC(C)(C)C[C@H]3C3=CCC5[C@@]6(C)CC[C@H](O[C@@H]7O[C@H](CO[C@H]8OC[C@@H](O)[C@@H](O)[C@@H]8O[C@H]8OC[C@H](O)[C@@H](O)[C@@H]8O)[C@@H](O)[C@H](O)[C@H]7O)C(C)(C)C6CC[C@@]5(C)[C@]3(C)C[C@H]4O)[C@@H](O[C@@H]3O[C@@H](C)[C@H](O[C@@H]4OC[C@@H](O)[C@H](O[C@@H]5OC[C@@H](O)[C@H](O)[C@H]5O)[C@H]4O)[C@@H](O)[C@H]3O)[C@H](O)[C@H]2O)[C@@H]1OC(=O)[C@@H](CO)[C@@H]1CC[C@@](C)(C=C)O1
Mol_19551	Mol_19551::M01	epoxide	sn2_ring_opening	17;18;19	17;19	C[C@@H]1O[C@@H](OC[C@H]2O[C@@H](O[C@@H]3OC=C[C@H]4[C@H](O)[C@@H]5O[C@]5(CO)[C@@H]34)[C@H](O)[C@@H](O)[C@@H]2O)[C@H](O)[C@H](O)[C@H]1O
Mol_19552	Mol_19552::M01	acrylate_ester	michael_acceptor	30;29;27;28;26;25	30	C[C@@H]1O[C@@H](O[C@H]2[C@@H]3C=CO[C@@H](O[C@@H]4O[C@H](CO)[C@@H](O)[C@H](O)[C@H]4O)[C@@H]3[C@@]3(COC(=O)/C=C/c4ccccc4)O[C@@H]23)[C@H](O)[C@H](O)[C@H]1O
Mol_19552	Mol_19552::M02	epoxide	sn2_ring_opening	24;37;38	24;38	C[C@@H]1O[C@@H](O[C@H]2[C@@H]3C=CO[C@@H](O[C@@H]4O[C@H](CO)[C@@H](O)[C@H](O)[C@H]4O)[C@@H]3[C@@]3(COC(=O)/C=C/c4ccccc4)O[C@@H]23)[C@H](O)[C@H](O)[C@H]1O
Mol_19553	Mol_19553::M01	acrylate_ester	michael_acceptor	37;36;34;35;33;32	37	CC(=O)O[C@@H]1[C@@H](O)[C@H](C)O[C@@H](O[C@H]2[C@@H]3C=CO[C@@H](O[C@@H]4O[C@H](CO)[C@@H](O)[C@H](O)[C@H]4O)[C@@H]3[C@@]3(COC(=O)/C=C/c4ccccc4)O[C@@H]23)[C@@H]1OC(C)=O
Mol_19553	Mol_19553::M02	epoxide	sn2_ring_opening	31;44;45	31;45	CC(=O)O[C@@H]1[C@@H](O)[C@H](C)O[C@@H](O[C@H]2[C@@H]3C=CO[C@@H](O[C@@H]4O[C@H](CO)[C@@H](O)[C@H](O)[C@H]4O)[C@@H]3[C@@]3(COC(=O)/C=C/c4ccccc4)O[C@@H]23)[C@@H]1OC(C)=O
Mol_19554	Mol_19554::M01	acrylate_ester	michael_acceptor	30;29;27;28;26;25	30	C[C@@H]1O[C@@H](O[C@H]2[C@@H]3C=CO[C@@H](O[C@@H]4O[C@H](CO)[C@@H](O)[C@H](O)[C@H]4O)[C@@H]3[C@@]3(COC(=O)/C=C/c4ccc(O)cc4)O[C@@H]23)[C@H](O)[C@H](O)[C@H]1O
Mol_19554	Mol_19554::M02	epoxide	sn2_ring_opening	24;38;39	24;39	C[C@@H]1O[C@@H](O[C@H]2[C@@H]3C=CO[C@@H](O[C@@H]4O[C@H](CO)[C@@H](O)[C@H](O)[C@H]4O)[C@@H]3[C@@]3(COC(=O)/C=C/c4ccc(O)cc4)O[C@@H]23)[C@H](O)[C@H](O)[C@H]1O
Mol_19555	Mol_19555::M01	acrylate_ester	michael_acceptor	30;29;27;28;26;25	30	C[C@@H]1O[C@@H](O[C@H]2[C@@H]3C=CO[C@@H](O[C@@H]4O[C@H](CO)[C@@H](O)[C@H](O)[C@H]4O)[C@@H]3[C@@]3(COC(=O)/C=C/c4ccc(O)c(O)c4)O[C@@H]23)[C@H](O)[C@H](O)[C@H]1O
Mol_19555	Mol_19555::M02	epoxide	sn2_ring_opening	24;39;40	24;40	C[C@@H]1O[C@@H](O[C@H]2[C@@H]3C=CO[C@@H](O[C@@H]4O[C@H](CO)[C@@H](O)[C@H](O)[C@H]4O)[C@@H]3[C@@]3(COC(=O)/C=C/c4ccc(O)c(O)c4)O[C@@H]23)[C@H](O)[C@H](O)[C@H]1O
Mol_19556	Mol_19556::M01	acrylate_ester	michael_acceptor	5;6;7;8;9;10	5	COc1cc(/C=C/C(=O)OC[C@]23O[C@H]2[C@@H](O[C@@H]2O[C@@H](C)[C@H](OC(C)=O)[C@@H](O)[C@H]2OC(C)=O)[C@@H]2C=CO[C@@H](O[C@@H]4O[C@H](CO)[C@@H](O)[C@H](O)[C@H]4O)[C@@H]23)ccc1O
Mol_19556	Mol_19556::M02	epoxide	sn2_ring_opening	11;12;13	11;13	COc1cc(/C=C/C(=O)OC[C@]23O[C@H]2[C@@H](O[C@@H]2O[C@@H](C)[C@H](OC(C)=O)[C@@H](O)[C@H]2OC(C)=O)[C@@H]2C=CO[C@@H](O[C@@H]4O[C@H](CO)[C@@H](O)[C@H](O)[C@H]4O)[C@@H]23)ccc1O
Mol_19557	Mol_19557::M01	epoxide	sn2_ring_opening	26;27;28	26;28	CC(=O)OC[C@H]1O[C@@H](O[C@@H]2OC=C[C@H]3[C@H](O[C@@H]4O[C@@H](C)[C@H](O)[C@@H](O)[C@H]4O)[C@@H]4O[C@]4(COC(=O)c4ccc(O)cc4)[C@@H]23)[C@H](O)[C@@H](O)[C@@H]1O
Mol_19558	Mol_19558::M01	acrylate_ester	michael_acceptor	5;6;7;8;9;10	5	COc1cc(/C=C/C(=O)O[C@@H]2[C@@H](O)[C@H](C)O[C@@H](O[C@H]3[C@@H]4C=CO[C@@H](O[C@@H]5O[C@H](CO)[C@@H](O)[C@H](O)[C@H]5O)[C@@H]4[C@@]4(CO)O[C@@H]34)[C@@H]2OC(=O)/C=C/c2ccc(O)c(OC)c2)ccc1O
Mol_19558	Mol_19558::M02	acrylate_ester	michael_acceptor	47;46;44;45;43;42	47	COc1cc(/C=C/C(=O)O[C@@H]2[C@@H](O)[C@H](C)O[C@@H](O[C@H]3[C@@H]4C=CO[C@@H](O[C@@H]5O[C@H](CO)[C@@H](O)[C@H](O)[C@H]5O)[C@@H]4[C@@]4(CO)O[C@@H]34)[C@@H]2OC(=O)/C=C/c2ccc(O)c(OC)c2)ccc1O
Mol_19558	Mol_19558::M03	epoxide	sn2_ring_opening	37;40;41	37;41	COc1cc(/C=C/C(=O)O[C@@H]2[C@@H](O)[C@H](C)O[C@@H](O[C@H]3[C@@H]4C=CO[C@@H](O[C@@H]5O[C@H](CO)[C@@H](O)[C@H](O)[C@H]5O)[C@@H]4[C@@]4(CO)O[C@@H]34)[C@@H]2OC(=O)/C=C/c2ccc(O)c(OC)c2)ccc1O
Mol_19559	Mol_19559::M01	acrylate_ester	michael_acceptor	5;6;7;8;9;10	5	COc1cc(/C=C/C(=O)O[C@@H]2[C@@H](OC(C)=O)[C@H](C)O[C@@H](O[C@H]3[C@@H]4C=CO[C@@H](O[C@@H]5O[C@H](CO)[C@@H](O)[C@H](O)[C@H]5O)[C@@H]4[C@@]4(CO)O[C@@H]34)[C@@H]2OC(=O)/C=C/c2ccc(O)c(OC)c2)ccc1O
Mol_19559	Mol_19559::M02	acrylate_ester	michael_acceptor	50;49;47;48;46;45	50	COc1cc(/C=C/C(=O)O[C@@H]2[C@@H](OC(C)=O)[C@H](C)O[C@@H](O[C@H]3[C@@H]4C=CO[C@@H](O[C@@H]5O[C@H](CO)[C@@H](O)[C@H](O)[C@H]5O)[C@@H]4[C@@]4(CO)O[C@@H]34)[C@@H]2OC(=O)/C=C/c2ccc(O)c(OC)c2)ccc1O
Mol_19559	Mol_19559::M03	epoxide	sn2_ring_opening	40;43;44	40;44	COc1cc(/C=C/C(=O)O[C@@H]2[C@@H](OC(C)=O)[C@H](C)O[C@@H](O[C@H]3[C@@H]4C=CO[C@@H](O[C@@H]5O[C@H](CO)[C@@H](O)[C@H](O)[C@H]5O)[C@@H]4[C@@]4(CO)O[C@@H]34)[C@@H]2OC(=O)/C=C/c2ccc(O)c(OC)c2)ccc1O
Mol_19560	Mol_19560::M01	acrylate_ester	michael_acceptor	34;33;31;32;30;29	34	C[C@@H]1O[C@@H](O[C@H]2[C@@H]3C=CO[C@@H](O[C@@H]4O[C@H](CO)[C@@H](O)[C@H](O)[C@H]4O)[C@@H]3[C@@]3(CO)O[C@@H]23)[C@H](OC(=O)/C=C/c2ccc(O)cc2)[C@H](O)[C@H]1OC(=O)/C=C/c1ccc(O)cc1
Mol_19560	Mol_19560::M02	acrylate_ester	michael_acceptor	49;48;46;47;45;44	49	C[C@@H]1O[C@@H](O[C@H]2[C@@H]3C=CO[C@@H](O[C@@H]4O[C@H](CO)[C@@H](O)[C@H](O)[C@H]4O)[C@@H]3[C@@]3(CO)O[C@@H]23)[C@H](OC(=O)/C=C/c2ccc(O)cc2)[C@H](O)[C@H]1OC(=O)/C=C/c1ccc(O)cc1
Mol_19560	Mol_19560::M03	epoxide	sn2_ring_opening	24;27;28	24;28	C[C@@H]1O[C@@H](O[C@H]2[C@@H]3C=CO[C@@H](O[C@@H]4O[C@H](CO)[C@@H](O)[C@H](O)[C@H]4O)[C@@H]3[C@@]3(CO)O[C@@H]23)[C@H](OC(=O)/C=C/c2ccc(O)cc2)[C@H](O)[C@H]1OC(=O)/C=C/c1ccc(O)cc1
Mol_19561	Mol_19561::M01	epoxide	sn2_ring_opening	24;27;28	24;28	C[C@@H]1O[C@@H](O[C@H]2[C@@H]3C=CO[C@@H](O[C@@H]4O[C@H](CO)[C@@H](O)[C@H](O)[C@H]4O)[C@@H]3[C@@]3(CO)O[C@@H]23)[C@H](OC(=O)c2ccc(O)cc2)[C@H](O)[C@H]1OC(=O)c1ccc(O)cc1
Mol_19562	Mol_19562::M01	epoxide	sn2_ring_opening	24;27;28	24;28	C[C@@H]1O[C@@H](O[C@H]2C3C=CO[C@@H](O[C@@H]4O[C@H](CO)[C@@H](O)[C@H](O)[C@H]4O)C3[C@@]3(CO)O[C@@H]23)[C@@H](O)[C@H](OC(=O)c2ccccc2)[C@H]1OC(=O)c1ccccc1
Mol_19563	Mol_19563::M01	acrylate_ester	michael_acceptor	41;40;38;39;37;36	41	CC(=O)O[C@H]1[C@H](O)[C@H](O[C@H]2C3C=CO[C@@H](O[C@@H]4O[C@H](CO)[C@@H](O)[C@H](O)[C@H]4O)C3[C@@]3(CO)O[C@@H]23)O[C@@H](C)[C@@H]1OC(=O)/C=C/c1ccccc1
Mol_19563	Mol_19563::M02	epoxide	sn2_ring_opening	28;31;32	28;32	CC(=O)O[C@H]1[C@H](O)[C@H](O[C@H]2C3C=CO[C@@H](O[C@@H]4O[C@H](CO)[C@@H](O)[C@H](O)[C@H]4O)C3[C@@]3(CO)O[C@@H]23)O[C@@H](C)[C@@H]1OC(=O)/C=C/c1ccccc1
Mol_19564	Mol_19564::M01	acrylate_ester	michael_acceptor	5;6;7;8;9;10	5	COc1cc(/C=C/C(=O)O[C@H]2[C@H](O)[C@H](O[C@H]3C4C=CO[C@@H](O[C@@H]5O[C@H](CO)[C@@H](O)[C@H](O)[C@H]5O)C4[C@@]4(CO)O[C@@H]34)O[C@@H](C)[C@@H]2O)ccc1O
Mol_19564	Mol_19564::M02	epoxide	sn2_ring_opening	34;37;38	34;38	COc1cc(/C=C/C(=O)O[C@H]2[C@H](O)[C@H](O[C@H]3C4C=CO[C@@H](O[C@@H]5O[C@H](CO)[C@@H](O)[C@H](O)[C@H]5O)C4[C@@]4(CO)O[C@@H]34)O[C@@H](C)[C@@H]2O)ccc1O
Mol_19565	Mol_19565::M01	acrylate_ester	michael_acceptor	39;38;36;37;35;34	39	CC(=O)O[C@@H]1[C@H](O[C@H]2C3C=CO[C@@H](O[C@@H]4O[C@H](CO)[C@@H](O)[C@H](O)[C@H]4O)C3[C@@]3(CO)O[C@@H]23)O[C@@H](C)[C@H](OC(=O)/C=C/c2ccccc2)[C@H]1OC(=O)/C=C/c1ccccc1
Mol_19565	Mol_19565::M02	acrylate_ester	michael_acceptor	51;50;48;49;47;46	51	CC(=O)O[C@@H]1[C@H](O[C@H]2C3C=CO[C@@H](O[C@@H]4O[C@H](CO)[C@@H](O)[C@H](O)[C@H]4O)C3[C@@]3(CO)O[C@@H]23)O[C@@H](C)[C@H](OC(=O)/C=C/c2ccccc2)[C@H]1OC(=O)/C=C/c1ccccc1
Mol_19565	Mol_19565::M03	epoxide	sn2_ring_opening	26;29;30	26;30	CC(=O)O[C@@H]1[C@H](O[C@H]2C3C=CO[C@@H](O[C@@H]4O[C@H](CO)[C@@H](O)[C@H](O)[C@H]4O)C3[C@@]3(CO)O[C@@H]23)O[C@@H](C)[C@H](OC(=O)/C=C/c2ccccc2)[C@H]1OC(=O)/C=C/c1ccccc1
