record_id	site_id	family	model_status	parent_smiles	core_atom_indices	retained_parent_atoms	mapped_fragment_smiles	fragment_smiles	adduct_smiles	electrophile_job	adduct_job	thiolate_job	status	dE_kcal	compound	pred_log10_kGSH	mean_ci_low	mean_ci_high	prediction_interval_low	prediction_interval_high	energy_range	structural_domain	selection_scope	fragment_group_id	family_model_evidence	energy_domain_status	structural_domain_status	prediction_use_status	fragment_fidelity_flags
Mol_00051	Mol_00051:atom2	enone	internally cross-validated candidate (in applicability domain)	CC1=C2C[C@@]3(C)O[C@]2(CC1=O)[C@]1(C)O[C@@H]1CC(=O)[C@H](C(C)(C)C)CC3=O	2;1;9;10	0;1;2;3;4;6;7;8;9;10;11	C[C@]12C[C:1003](=[O:1004])[C:1002](C)=[C:1001]1CCO2	CC1=C2CCO[C@@]2(C)CC1=O	CSC12CCO[C@@]1(C)CC([O-])=C2C	af026ba6827805e0fa9c	e1c8b57a908213532e1c	63873bf3cc344f2bc202	ok	-15.026799863611547	verticillarone	1.622382955533201	1.2504728741726707	1.9942930368937315	0.2906737921655022	2.9540921189009	within	no listed structural alert	enone or ester; within energy range; no listed structural alert	393	cross-validated calibration; fragment-group Q2 = 0.750	within calibration range	no listed structural alert	internally cross-validated candidate (in applicability domain)	ring severed by truncation
Mol_00088	Mol_00088:atom9	enone	internally cross-validated candidate (in applicability domain)	CCCCC1C(=O)C(C)=C(C)C1(O)/C=C/C(=O)OC	9;7;5;6	3;4;5;6;7;8;9;10;11;12;13	CC1C(C)(O)[C:1001](C)=[C:1002](C)[C:1003]1=[O:1004]	CC1=C(C)C(C)(O)C(C)C1=O	CSC1(C)C(C)=C([O-])C(C)C1(C)O	7aedf0560c163256a36e	09038a783e5df85f886b	63873bf3cc344f2bc202	ok	-10.883805746674376	(E)-methyl-3-(5-butyl-1-hydroxy-2,3-dimethyl-4-oxocyclopent-2-enyl)acrylate	-0.1657549800079465	-0.6590253824837766	0.3275154224678835	-1.5363197822477266	1.2048098222318335	within	no listed structural alert	enone or ester; within energy range; no listed structural alert	361	cross-validated calibration; fragment-group Q2 = 0.750	within calibration range	no listed structural alert	internally cross-validated candidate (in applicability domain)	none
Mol_00088	Mol_00088:atom13	ester	ranked hypothesis (in applicability domain)	CCCCC1C(=O)C(C)=C(C)C1(O)/C=C/C(=O)OC	13;14;15;16	4;9;11;12;13;14;15;16;17;18	CO[C:1003](/[CH:1002]=[CH:1001]/C(C)(C)O)=[O:1004]	COC(=O)/C=C/C(C)(C)O	COC([O-])=CC(SC)C(C)(C)O	feb28feb5b43b151959f	2690cf92e7c7f7334062	63873bf3cc344f2bc202	ok	-17.13253421000971	(E)-methyl-3-(5-butyl-1-hydroxy-2,3-dimethyl-4-oxocyclopent-2-enyl)acrylate	-0.0044188759705123	-0.3572818007918132	0.3484440488507884	-1.099524682345632	1.0906869304046072	within	no listed structural alert	enone or ester; within energy range; no listed structural alert	552	weak calibration; fragment-group Q2 = 0.287; ranked hypothesis only	within calibration range	no listed structural alert	ranked hypothesis (in applicability domain)	ring severed by truncation
Mol_00440	Mol_00440:atom1	enone	internally cross-validated candidate (in applicability domain)	C/C=C(\C)C(=O)C[C@@H]1C[C@H]2C(CC=C3C[C@@H](O[C@H]4CC(OC)[C@H](O[C@H]5CC(OC)[C@H](O[C@H]6OC(C)[C@@H](O[C@H]7OC(CO)[C@@H](O)C(O)[C@@H]7O)C(OC)[C@@H]6O)C(C)O5)C(C)O4)CC[C@@]32C)[C@@]2(O)CC[C@H]([C@@H](C)OC(C)=O)[C@@]12C	1;2;4;5	0;1;2;3;4;5;6;7	CC[C:1003](/[C:1002](C)=[CH:1001]/C)=[O:1004]	C/C=C(\C)C(=O)CC	CCC([O-])=C(C)C(C)SC	159cb747b76fc0a6b9df	446d2a2d6dfd26eab36e	63873bf3cc344f2bc202	ok	-11.338601075567173	russelioside H	0.0305370632695201	-0.4245709526112784	0.4856450791503186	-1.326760064591162	1.3878341911302023	within	no listed structural alert	enone or ester; within energy range; no listed structural alert	19	cross-validated calibration; fragment-group Q2 = 0.750	within calibration range	no listed structural alert	internally cross-validated candidate (in applicability domain)	ring severed by truncation
Mol_00450	Mol_00450:atom1	ester	ranked hypothesis (in applicability domain)	C/C=C(/C)C(=O)O[C@@H]1CC2[C@@]3(C)CC[C@H](OC4(C)CC(OC)C(OC5CC(OC)C(OC6OC(C)C(O)C(OC)C6O)C(C)O5)C(C)O4)CC3=CC[C@@]2(O)[C@@]2(O)CC[C@@](O)(C(C)OC(=O)c3ccccc3)[C@@]12C	1;2;4;5	0;1;2;3;4;5;6;7	CO[C:1003](/[C:1002](C)=[CH:1001]\C)=[O:1004]	C/C=C(/C)C(=O)OC	COC([O-])=C(C)C(C)SC	2f2cf585931c3a41315c	45b330041a48775c0812	63873bf3cc344f2bc202	ok	-12.87931274693731	stavaroside A	-1.6835133492610952	-2.254660141059235	-1.112366557462955	-2.8671320130309628	-0.4998946854912278	within	no listed structural alert	enone or ester; within energy range; no listed structural alert	14	weak calibration; fragment-group Q2 = 0.287; ranked hypothesis only	within calibration range	no listed structural alert	ranked hypothesis (in applicability domain)	ring severed by truncation
Mol_00451	Mol_00451:atom1	ester	ranked hypothesis (in applicability domain)	C/C=C(/C)C(=O)O[C@@H]1CC2[C@@]3(C)CC[C@H](OC4(C)CC(OC)C(OC5CC(OC)C(OC6OC(C)C(O)C(OC)C6O)C(C)O5)C(C)O4)CC3=CC[C@@]2(O)[C@@]2(O)CC[C@@](O)(C(C)OC(=O)/C(C)=C/C)[C@@]12C	1;2;4;5	0;1;2;3;4;5;6;7	CO[C:1003](/[C:1002](C)=[CH:1001]\C)=[O:1004]	C/C=C(/C)C(=O)OC	COC([O-])=C(C)C(C)SC	2f2cf585931c3a41315c	45b330041a48775c0812	63873bf3cc344f2bc202	ok	-12.87931274693731	stavaroside B	-1.6835133492610952	-2.254660141059235	-1.112366557462955	-2.8671320130309628	-0.4998946854912278	within	no listed structural alert	enone or ester; within energy range; no listed structural alert	14	weak calibration; fragment-group Q2 = 0.287; ranked hypothesis only	within calibration range	no listed structural alert	ranked hypothesis (in applicability domain)	ring severed by truncation
Mol_00451	Mol_00451:atom67	ester	ranked hypothesis (in applicability domain)	C/C=C(/C)C(=O)O[C@@H]1CC2[C@@]3(C)CC[C@H](OC4(C)CC(OC)C(OC5CC(OC)C(OC6OC(C)C(O)C(OC)C6O)C(C)O5)C(C)O4)CC3=CC[C@@]2(O)[C@@]2(O)CC[C@@](O)(C(C)OC(=O)/C(C)=C/C)[C@@]12C	67;65;63;64	60;62;63;64;65;66;67;68	CO[C:1003](/[C:1002](C)=[CH:1001]/C)=[O:1004]	C/C=C(\C)C(=O)OC	COC([O-])=C(C)C(C)SC	2d67f2c0c8fbe9e3fd3e	45b330041a48775c0812	63873bf3cc344f2bc202	ok	-11.93330027436887	stavaroside B	-2.056981866747176	-2.725064905864692	-1.3888988276296597	-3.290302356563004	-0.8236613769313474	within	no listed structural alert	enone or ester; within energy range; no listed structural alert	21	weak calibration; fragment-group Q2 = 0.287; ranked hypothesis only	within calibration range	no listed structural alert	ranked hypothesis (in applicability domain)	none
Mol_00453	Mol_00453:atom1	ester	ranked hypothesis (in applicability domain)	C/C=C(\C)C(=O)O[C@@H]1[C@@H](OC(C)=O)C2[C@@]3(C)CC[C@H](OC4(C)CC(OC)C(OC5CC(OC)C(OC6OC(C)C(O)C(OC)C6O)C(C)O5)C(C)O4)CC3=CC[C@@]2(O)[C@@]2(O)CC[C@@H](C(C)=O)[C@@]12C	1;2;4;5	0;1;2;3;4;5;6;7	CO[C:1003](/[C:1002](C)=[CH:1001]/C)=[O:1004]	C/C=C(\C)C(=O)OC	COC([O-])=C(C)C(C)SC	2d67f2c0c8fbe9e3fd3e	45b330041a48775c0812	63873bf3cc344f2bc202	ok	-11.93330027436887	stavaroside D	-2.056981866747176	-2.725064905864692	-1.3888988276296597	-3.290302356563004	-0.8236613769313474	within	no listed structural alert	enone or ester; within energy range; no listed structural alert	21	weak calibration; fragment-group Q2 = 0.287; ranked hypothesis only	within calibration range	no listed structural alert	ranked hypothesis (in applicability domain)	ring severed by truncation
Mol_00458	Mol_00458:atom1	ester	ranked hypothesis (in applicability domain)	C/C=C(/C)C(=O)O[C@@H]1C[C@]2(C)[C@H](C(C)=O)CC[C@]2(O)[C@]2(O)CC=C3C[C@@H](OC4(C)CC(OC)C(OC5CC(OC)C(OC6OC(C)C(O[C@]7(O)OC(CO)[C@@H](O)C(O)[C@@H]7O)C(OC)C6O)C(C)O5)C(C)O4)CC[C@]3(C)C12	1;2;4;5	0;1;2;3;4;5;6;7	CO[C:1003](/[C:1002](C)=[CH:1001]\C)=[O:1004]	C/C=C(/C)C(=O)OC	COC([O-])=C(C)C(C)SC	2f2cf585931c3a41315c	45b330041a48775c0812	63873bf3cc344f2bc202	ok	-12.87931274693731	stavaroside I	-1.6835133492610952	-2.254660141059235	-1.112366557462955	-2.8671320130309628	-0.4998946854912278	within	no listed structural alert	enone or ester; within energy range; no listed structural alert	14	weak calibration; fragment-group Q2 = 0.287; ranked hypothesis only	within calibration range	no listed structural alert	ranked hypothesis (in applicability domain)	ring severed by truncation
Mol_00459	Mol_00459:atom1	ester	ranked hypothesis (in applicability domain)	C/C=C(/C)C(=O)O[C@H]1C2[C@@]3(C)CC[C@H](OC4(C)CC(OC)C(OC5CC(OC)C(OC6OC(C)C(O[C@]7(O)OC(CO)[C@@H](O)C(O)[C@@H]7O)C(OC)C6O)C(C)O5)C(C)O4)CC3=CC[C@@]2(O)[C@@]2(O)CC[C@@H](C(C)=O)[C@@]2(C)[C@@H]1OC(=O)c1ccccc1	1;2;4;5	0;1;2;3;4;5;6;7	CO[C:1003](/[C:1002](C)=[CH:1001]\C)=[O:1004]	C/C=C(/C)C(=O)OC	COC([O-])=C(C)C(C)SC	2f2cf585931c3a41315c	45b330041a48775c0812	63873bf3cc344f2bc202	ok	-12.87931274693731	stavaroside J	-1.6835133492610952	-2.254660141059235	-1.112366557462955	-2.8671320130309628	-0.4998946854912278	within	no listed structural alert	enone or ester; within energy range; no listed structural alert	14	weak calibration; fragment-group Q2 = 0.287; ranked hypothesis only	within calibration range	no listed structural alert	ranked hypothesis (in applicability domain)	ring severed by truncation
Mol_00551	Mol_00551:atom1	ester	ranked hypothesis (in applicability domain)	C/C=C(\C)C(=O)O[C@@H]1C[C@@H]2[C@@]3(C)CC[C@H](O[C@H]4C[C@@H](OC)[C@H](O[C@H]5C[C@@H](OC)[C@H](O[C@@H]6OC(C)[C@@H](O[C@@H]7OC(CO)[C@@H](O)[C@H](O)C7O)[C@H](OC)C6O)C(C)O5)C(C)O4)CC3=CC[C@@]2(O)[C@@]2(O)CC[C@H]([C@@H](C)OC(C)=O)[C@@]12C	1;2;4;5	0;1;2;3;4;5;6;7	CO[C:1003](/[C:1002](C)=[CH:1001]/C)=[O:1004]	C/C=C(\C)C(=O)OC	COC([O-])=C(C)C(C)SC	2d67f2c0c8fbe9e3fd3e	45b330041a48775c0812	63873bf3cc344f2bc202	ok	-11.93330027436887	russelioside H	-2.056981866747176	-2.725064905864692	-1.3888988276296597	-3.290302356563004	-0.8236613769313474	within	no listed structural alert	enone or ester; within energy range; no listed structural alert	21	weak calibration; fragment-group Q2 = 0.287; ranked hypothesis only	within calibration range	no listed structural alert	ranked hypothesis (in applicability domain)	ring severed by truncation
Mol_00747	Mol_00747:atom17	enone	internally cross-validated candidate (in applicability domain)	CC(C)CCC[C@@H](C)[C@H]1CC[C@H]2[C@@H]3CC(=O)C4=C[C@@H](CCO)CC[C@]4(C)[C@H]3CC[C@]12C	17;16;14;15	12;13;14;15;16;17;18;19;22;23;24;25;26	C[C@H]1CC[C@]2(C)CCC[C:1003](=[O:1004])[C:1002]2=[CH:1001]1	C[C@@H]1C=C2C(=O)CCC[C@@]2(C)CC1	CSC1C2=C([O-])CCC[C@@]2(C)CC[C@@H]1C	cffaa78f55332632619d	a93fc07b8b1b9a0f232f	63873bf3cc344f2bc202	ok	-9.504752625278758	(24R)-3beta-hydroxy-ethylcholest-5-en-6-one	-0.7609615219175332	-1.385660827271133	-0.1362622165639332	-2.1841204762473616	0.6621974324122952	within	no listed structural alert	enone or ester; within energy range; no listed structural alert	619	cross-validated calibration; fragment-group Q2 = 0.750	within calibration range	no listed structural alert	internally cross-validated candidate (in applicability domain)	ring severed by truncation
Mol_00843	Mol_00843:atom1	ester	ranked hypothesis (in applicability domain)	C/C=C(/C)C(=O)O[C@@H]1CCN2CC=C(COC(=O)[C@@](O)([C@H](C)O)C(C)(C)O)[C@H]12	1;2;4;5	0;1;2;3;4;5;6;7	CO[C:1003](/[C:1002](C)=[CH:1001]\C)=[O:1004]	C/C=C(/C)C(=O)OC	COC([O-])=C(C)C(C)SC	2f2cf585931c3a41315c	45b330041a48775c0812	63873bf3cc344f2bc202	ok	-12.87931274693731	echimidine	-1.6835133492610952	-2.254660141059235	-1.112366557462955	-2.8671320130309628	-0.4998946854912278	within	no listed structural alert	enone or ester; within energy range; no listed structural alert	14	weak calibration; fragment-group Q2 = 0.287; ranked hypothesis only	within calibration range	no listed structural alert	ranked hypothesis (in applicability domain)	ring severed by truncation
Mol_00844	Mol_00844:atom1	ester	ranked hypothesis (in applicability domain)	C/C=C(\C)C(=O)O[C@@H]1CCN2CC=C(COC(=O)[C@@](O)([C@H](C)OC(C)=O)C(C)(C)O)[C@H]12	1;2;4;5	0;1;2;3;4;5;6;7	CO[C:1003](/[C:1002](C)=[CH:1001]/C)=[O:1004]	C/C=C(\C)C(=O)OC	COC([O-])=C(C)C(C)SC	2d67f2c0c8fbe9e3fd3e	45b330041a48775c0812	63873bf3cc344f2bc202	ok	-11.93330027436887	3'-acetylechimidine	-2.056981866747176	-2.725064905864692	-1.3888988276296597	-3.290302356563004	-0.8236613769313474	within	no listed structural alert	enone or ester; within energy range; no listed structural alert	21	weak calibration; fragment-group Q2 = 0.287; ranked hypothesis only	within calibration range	no listed structural alert	ranked hypothesis (in applicability domain)	ring severed by truncation
Mol_00846	Mol_00846:atom1	ester	ranked hypothesis (in applicability domain)	C/C=C(/C)C(=O)OCC1=CCN2CC(O)CC12	1;2;4;5	0;1;2;3;4;5;6;7	CO[C:1003](/[C:1002](C)=[CH:1001]\C)=[O:1004]	C/C=C(/C)C(=O)OC	COC([O-])=C(C)C(C)SC	2f2cf585931c3a41315c	45b330041a48775c0812	63873bf3cc344f2bc202	ok	-12.87931274693731	7-angeloylretronecine	-1.6835133492610952	-2.254660141059235	-1.112366557462955	-2.8671320130309628	-0.4998946854912278	within	no listed structural alert	enone or ester; within energy range; no listed structural alert	14	weak calibration; fragment-group Q2 = 0.287; ranked hypothesis only	within calibration range	no listed structural alert	ranked hypothesis (in applicability domain)	none
Mol_00847	Mol_00847:atom1	ester	ranked hypothesis (in applicability domain)	C/C=C(/C)C(=O)OCC1=CCN2CC[C@@H](O)[C@@H]12	1;2;4;5	0;1;2;3;4;5;6;7	CO[C:1003](/[C:1002](C)=[CH:1001]\C)=[O:1004]	C/C=C(/C)C(=O)OC	COC([O-])=C(C)C(C)SC	2f2cf585931c3a41315c	45b330041a48775c0812	63873bf3cc344f2bc202	ok	-12.87931274693731	9-angeloylretronecine	-1.6835133492610952	-2.254660141059235	-1.112366557462955	-2.8671320130309628	-0.4998946854912278	within	no listed structural alert	enone or ester; within energy range; no listed structural alert	14	weak calibration; fragment-group Q2 = 0.287; ranked hypothesis only	within calibration range	no listed structural alert	ranked hypothesis (in applicability domain)	none
Mol_00850	Mol_00850:atom1	ester	ranked hypothesis (in applicability domain)	C/C=C(\C)C(=O)OC1CC2C(CO)=CCN2C1	1;2;4;5	0;1;2;3;4;5;6;7	CO[C:1003](/[C:1002](C)=[CH:1001]/C)=[O:1004]	C/C=C(\C)C(=O)OC	COC([O-])=C(C)C(C)SC	2d67f2c0c8fbe9e3fd3e	45b330041a48775c0812	63873bf3cc344f2bc202	ok	-11.93330027436887	9 tigloylretronecine	-2.056981866747176	-2.725064905864692	-1.3888988276296597	-3.290302356563004	-0.8236613769313474	within	no listed structural alert	enone or ester; within energy range; no listed structural alert	21	weak calibration; fragment-group Q2 = 0.287; ranked hypothesis only	within calibration range	no listed structural alert	ranked hypothesis (in applicability domain)	ring severed by truncation
Mol_00853	Mol_00853:atom1	ester	ranked hypothesis (in applicability domain)	C/C(=C\C(=O)O[C@@H]1CCN2CC=C(COC(=O)[C@](O)(C(C)C)[C@H](C)O)[C@H]12)CO	1;2;3;4	0;1;2;3;4;5;6;26;27	CO[C:1003](/[CH:1002]=[C:1001](\C)CO)=[O:1004]	COC(=O)/C=C(\C)CO	COC([O-])=CC(C)(CO)SC	918a01c370d0cf34a24b	9f6f084c7a51f1f27d2b	63873bf3cc344f2bc202	ok	-16.263301848301953	pycnanthine	-0.3475760022148861	-0.6950267524312855	-0.0001252519984867	-1.4409499123064875	0.7457979078767152	within	no listed structural alert	enone or ester; within energy range; no listed structural alert	551	weak calibration; fragment-group Q2 = 0.287; ranked hypothesis only	within calibration range	no listed structural alert	ranked hypothesis (in applicability domain)	ring severed by truncation
Mol_00873	Mol_00873:atom1	ester	ranked hypothesis (in applicability domain)	C/C=C(\C)C(=O)O[C@H]1CCN2CC=C(CO)C12	1;2;4;5	0;1;2;3;4;5;6;7	CO[C:1003](/[C:1002](C)=[CH:1001]/C)=[O:1004]	C/C=C(\C)C(=O)OC	COC([O-])=C(C)C(C)SC	2d67f2c0c8fbe9e3fd3e	45b330041a48775c0812	63873bf3cc344f2bc202	ok	-11.93330027436887	7-angeloylheliotridine	-2.056981866747176	-2.725064905864692	-1.3888988276296597	-3.290302356563004	-0.8236613769313474	within	no listed structural alert	enone or ester; within energy range; no listed structural alert	21	weak calibration; fragment-group Q2 = 0.287; ranked hypothesis only	within calibration range	no listed structural alert	ranked hypothesis (in applicability domain)	ring severed by truncation
Mol_00877	Mol_00877:atom1	ester	ranked hypothesis (in applicability domain)	C/C=C(/C)C(=O)O[C@@H]1CCN2CC=C(COC(=O)[C@](O)(C(C)C)[C@H](C)O)C12	1;2;4;5	0;1;2;3;4;5;6;7	CO[C:1003](/[C:1002](C)=[CH:1001]\C)=[O:1004]	C/C=C(/C)C(=O)OC	COC([O-])=C(C)C(C)SC	2f2cf585931c3a41315c	45b330041a48775c0812	63873bf3cc344f2bc202	ok	-12.87931274693731	7-angeloylrinderine	-1.6835133492610952	-2.254660141059235	-1.112366557462955	-2.8671320130309628	-0.4998946854912278	within	no listed structural alert	enone or ester; within energy range; no listed structural alert	14	weak calibration; fragment-group Q2 = 0.287; ranked hypothesis only	within calibration range	no listed structural alert	ranked hypothesis (in applicability domain)	ring severed by truncation
Mol_00879	Mol_00879:atom1	ester	ranked hypothesis (in applicability domain)	C/C=C(/C)C(=O)O[C@H]1CCN2CC=C(COC(=O)[C@](O)([C@H](C)O)C(C)(C)O)[C@H]12	1;2;4;5	0;1;2;3;4;5;6;7	CO[C:1003](/[C:1002](C)=[CH:1001]\C)=[O:1004]	C/C=C(/C)C(=O)OC	COC([O-])=C(C)C(C)SC	2f2cf585931c3a41315c	45b330041a48775c0812	63873bf3cc344f2bc202	ok	-12.87931274693731	heliosupine	-1.6835133492610952	-2.254660141059235	-1.112366557462955	-2.8671320130309628	-0.4998946854912278	within	no listed structural alert	enone or ester; within energy range; no listed structural alert	14	weak calibration; fragment-group Q2 = 0.287; ranked hypothesis only	within calibration range	no listed structural alert	ranked hypothesis (in applicability domain)	ring severed by truncation
Mol_00904	Mol_00904:atom1	ester	ranked hypothesis (in applicability domain)	C/C=C(\C)C(=O)O[C@@H]1CCN2CC=C(CO)[C@H]12	1;2;4;5	0;1;2;3;4;5;6;7	CO[C:1003](/[C:1002](C)=[CH:1001]/C)=[O:1004]	C/C=C(\C)C(=O)OC	COC([O-])=C(C)C(C)SC	2d67f2c0c8fbe9e3fd3e	45b330041a48775c0812	63873bf3cc344f2bc202	ok	-11.93330027436887	7-tigloylretronecine	-2.056981866747176	-2.725064905864692	-1.3888988276296597	-3.290302356563004	-0.8236613769313474	within	no listed structural alert	enone or ester; within energy range; no listed structural alert	21	weak calibration; fragment-group Q2 = 0.287; ranked hypothesis only	within calibration range	no listed structural alert	ranked hypothesis (in applicability domain)	ring severed by truncation
Mol_00907	Mol_00907:atom1	ester	ranked hypothesis (in applicability domain)	C/C=C(\C)C(=O)OCC1=CCN2CC[C@@H](O)[C@@H]12	1;2;4;5	0;1;2;3;4;5;6;7	CO[C:1003](/[C:1002](C)=[CH:1001]/C)=[O:1004]	C/C=C(\C)C(=O)OC	COC([O-])=C(C)C(C)SC	2d67f2c0c8fbe9e3fd3e	45b330041a48775c0812	63873bf3cc344f2bc202	ok	-11.93330027436887	9-tigloylretronecine	-2.056981866747176	-2.725064905864692	-1.3888988276296597	-3.290302356563004	-0.8236613769313474	within	no listed structural alert	enone or ester; within energy range; no listed structural alert	21	weak calibration; fragment-group Q2 = 0.287; ranked hypothesis only	within calibration range	no listed structural alert	ranked hypothesis (in applicability domain)	none
Mol_00908	Mol_00908:atom19	ester	ranked hypothesis (in applicability domain)	C=C(O)C(=O)OC[C@H]1CCN2CC[C@@H](OC(=O)/C(C)=C\C)C12	19;17;15;16	13;14;15;16;17;18;19;20	CO[C:1003](/[C:1002](C)=[CH:1001]\C)=[O:1004]	C/C=C(/C)C(=O)OC	COC([O-])=C(C)C(C)SC	2f2cf585931c3a41315c	45b330041a48775c0812	63873bf3cc344f2bc202	ok	-12.87931274693731	7-angeloyl-9-(hydroxypropenoyl) retronecine	-1.6835133492610952	-2.254660141059235	-1.112366557462955	-2.8671320130309628	-0.4998946854912278	within	no listed structural alert	enone or ester; within energy range; no listed structural alert	14	weak calibration; fragment-group Q2 = 0.287; ranked hypothesis only	within calibration range	no listed structural alert	ranked hypothesis (in applicability domain)	ring severed by truncation
Mol_00909	Mol_00909:atom1	ester	ranked hypothesis (in applicability domain)	C/C=C(\C)C(=O)O[C@@H]1CCN2CC=C(COC(=O)/C=C\O)[C@H]12	1;2;4;5	0;1;2;3;4;5;6;7	CO[C:1003](/[C:1002](C)=[CH:1001]/C)=[O:1004]	C/C=C(\C)C(=O)OC	COC([O-])=C(C)C(C)SC	2d67f2c0c8fbe9e3fd3e	45b330041a48775c0812	63873bf3cc344f2bc202	ok	-11.93330027436887	7-tigloyl-9-(hydroxypropenoyl) retronecine	-2.056981866747176	-2.725064905864692	-1.3888988276296597	-3.290302356563004	-0.8236613769313474	within	no listed structural alert	enone or ester; within energy range; no listed structural alert	21	weak calibration; fragment-group Q2 = 0.287; ranked hypothesis only	within calibration range	no listed structural alert	ranked hypothesis (in applicability domain)	ring severed by truncation
Mol_00910	Mol_00910:atom1	ester	ranked hypothesis (in applicability domain)	C/C=C(/C)C(=O)O[C@@H]1CCN2CC[C@H](COC(=O)C(O)CO)C12	1;2;4;5	0;1;2;3;4;5;6;7	CO[C:1003](/[C:1002](C)=[CH:1001]\C)=[O:1004]	C/C=C(/C)C(=O)OC	COC([O-])=C(C)C(C)SC	2f2cf585931c3a41315c	45b330041a48775c0812	63873bf3cc344f2bc202	ok	-12.87931274693731	7-angeloyl-9-(2,3-dihydroxy propanoyl) retronecine	-1.6835133492610952	-2.254660141059235	-1.112366557462955	-2.8671320130309628	-0.4998946854912278	within	no listed structural alert	enone or ester; within energy range; no listed structural alert	14	weak calibration; fragment-group Q2 = 0.287; ranked hypothesis only	within calibration range	no listed structural alert	ranked hypothesis (in applicability domain)	ring severed by truncation
Mol_00911	Mol_00911:atom1	ester	ranked hypothesis (in applicability domain)	C/C=C(\C)C(=O)O[C@@H]1CCN2CC[C@H](COC(=O)C(O)CO)C12	1;2;4;5	0;1;2;3;4;5;6;7	CO[C:1003](/[C:1002](C)=[CH:1001]/C)=[O:1004]	C/C=C(\C)C(=O)OC	COC([O-])=C(C)C(C)SC	2d67f2c0c8fbe9e3fd3e	45b330041a48775c0812	63873bf3cc344f2bc202	ok	-11.93330027436887	7-tigloyl-9-(2,3-dihydroxy propanoyl) retronecine	-2.056981866747176	-2.725064905864692	-1.3888988276296597	-3.290302356563004	-0.8236613769313474	within	no listed structural alert	enone or ester; within energy range; no listed structural alert	21	weak calibration; fragment-group Q2 = 0.287; ranked hypothesis only	within calibration range	no listed structural alert	ranked hypothesis (in applicability domain)	ring severed by truncation
Mol_00912	Mol_00912:atom1	ester	ranked hypothesis (in applicability domain)	C/C=C(/C)C(=O)O[C@@H]1CCN2CC=C(COC(=O)/C(=C\C)CO)[C@H]12	1;2;4;5	0;1;2;3;4;5;6;7	CO[C:1003](/[C:1002](C)=[CH:1001]\C)=[O:1004]	C/C=C(/C)C(=O)OC	COC([O-])=C(C)C(C)SC	2f2cf585931c3a41315c	45b330041a48775c0812	63873bf3cc344f2bc202	ok	-12.87931274693731	triangularine	-1.6835133492610952	-2.254660141059235	-1.112366557462955	-2.8671320130309628	-0.4998946854912278	within	no listed structural alert	enone or ester; within energy range; no listed structural alert	14	weak calibration; fragment-group Q2 = 0.287; ranked hypothesis only	within calibration range	no listed structural alert	ranked hypothesis (in applicability domain)	ring severed by truncation
Mol_00912	Mol_00912:atom19	ester	ranked hypothesis (in applicability domain)	C/C=C(/C)C(=O)O[C@@H]1CCN2CC=C(COC(=O)/C(=C\C)CO)[C@H]12	19;18;16;17	14;15;16;17;18;19;20;21;22	CO[C:1003](/[C:1002](CO)=[CH:1001]\C)=[O:1004]	C/C=C(/CO)C(=O)OC	COC([O-])=C(CO)C(C)SC	b91c833351aff0883391	09ce75b23ad8d71ed054	63873bf3cc344f2bc202	ok	-17.578731669169965	triangularine	0.1717317651792855	-0.1962890827401331	0.5397526130987043	-0.9283517898047832	1.2718153201633542	within	no listed structural alert	enone or ester; within energy range; no listed structural alert	18	weak calibration; fragment-group Q2 = 0.287; ranked hypothesis only	within calibration range	no listed structural alert	ranked hypothesis (in applicability domain)	none
Mol_00913	Mol_00913:atom1	ester	ranked hypothesis (in applicability domain)	C/C=C(\C)C(=O)O[C@@H]1CCN2CC=C(COC(=O)/C(=C/C)CO)[C@@H]12	1;2;4;5	0;1;2;3;4;5;6;7	CO[C:1003](/[C:1002](C)=[CH:1001]/C)=[O:1004]	C/C=C(\C)C(=O)OC	COC([O-])=C(C)C(C)SC	2d67f2c0c8fbe9e3fd3e	45b330041a48775c0812	63873bf3cc344f2bc202	ok	-11.93330027436887	triangularicine	-2.056981866747176	-2.725064905864692	-1.3888988276296597	-3.290302356563004	-0.8236613769313474	within	no listed structural alert	enone or ester; within energy range; no listed structural alert	21	weak calibration; fragment-group Q2 = 0.287; ranked hypothesis only	within calibration range	no listed structural alert	ranked hypothesis (in applicability domain)	ring severed by truncation
Mol_00913	Mol_00913:atom19	ester	ranked hypothesis (in applicability domain)	C/C=C(\C)C(=O)O[C@@H]1CCN2CC=C(COC(=O)/C(=C/C)CO)[C@@H]12	19;18;16;17	14;15;16;17;18;19;20;21;22	CO[C:1003](/[C:1002](CO)=[CH:1001]/C)=[O:1004]	C/C=C(\CO)C(=O)OC	COC([O-])=C(CO)C(C)SC	047d3a6538e21b001743	09ce75b23ad8d71ed054	63873bf3cc344f2bc202	ok	-16.99396118734966	triangularicine	-0.0591249848613433	-0.4089230191092766	0.2906730493865899	-1.153247075035368	1.0349971053126814	within	no listed structural alert	enone or ester; within energy range; no listed structural alert	24	weak calibration; fragment-group Q2 = 0.287; ranked hypothesis only	within calibration range	no listed structural alert	ranked hypothesis (in applicability domain)	none
Mol_00914	Mol_00914:atom1	ester	ranked hypothesis (in applicability domain)	C/C=C(/C)C(=O)O[C@@H]1CCN2CC=C(COC(=O)C(O)(CO)C(C)O)C12	1;2;4;5	0;1;2;3;4;5;6;7	CO[C:1003](/[C:1002](C)=[CH:1001]\C)=[O:1004]	C/C=C(/C)C(=O)OC	COC([O-])=C(C)C(C)SC	2f2cf585931c3a41315c	45b330041a48775c0812	63873bf3cc344f2bc202	ok	-12.87931274693731	dihydroxytriangularine	-1.6835133492610952	-2.254660141059235	-1.112366557462955	-2.8671320130309628	-0.4998946854912278	within	no listed structural alert	enone or ester; within energy range; no listed structural alert	14	weak calibration; fragment-group Q2 = 0.287; ranked hypothesis only	within calibration range	no listed structural alert	ranked hypothesis (in applicability domain)	ring severed by truncation
Mol_00915	Mol_00915:atom1	ester	ranked hypothesis (in applicability domain)	C/C=C(\C)C(=O)O[C@@H]1CCN2CC=C(COC(=O)C(O)(CO)C(C)O)[C@@H]12	1;2;4;5	0;1;2;3;4;5;6;7	CO[C:1003](/[C:1002](C)=[CH:1001]/C)=[O:1004]	C/C=C(\C)C(=O)OC	COC([O-])=C(C)C(C)SC	2d67f2c0c8fbe9e3fd3e	45b330041a48775c0812	63873bf3cc344f2bc202	ok	-11.93330027436887	dihydroxytriangularicine	-2.056981866747176	-2.725064905864692	-1.3888988276296597	-3.290302356563004	-0.8236613769313474	within	no listed structural alert	enone or ester; within energy range; no listed structural alert	21	weak calibration; fragment-group Q2 = 0.287; ranked hypothesis only	within calibration range	no listed structural alert	ranked hypothesis (in applicability domain)	ring severed by truncation
Mol_00944	Mol_00944:atom4	enone	internally cross-validated candidate (in applicability domain)	C=C[C@]1(C)C=C2C(=O)C[C@H]3C(C)(C)CCC[C@]3(C(=O)O)[C@@]2(O)CC1	4;5;6;7	1;2;3;4;5;6;7;8;9;16;20;21;22;23	CC1(C)CC[C@]2(O)CCC[C:1003](=[O:1004])[C:1002]2=[CH:1001]1	CC1(C)C=C2C(=O)CCC[C@@]2(O)CC1	CSC1C2=C([O-])CCC[C@@]2(O)CCC1(C)C	56d0506ae37e0018c3d7	d9a620fa421f21b4d615	63873bf3cc344f2bc202	ok	-17.069636650573102	sphaeropsidin C	2.504082000180998	1.9821921188876408	3.025971881474355	1.1229588212515098	3.8852051791104856	within	no listed structural alert	enone or ester; within energy range; no listed structural alert	309	cross-validated calibration; fragment-group Q2 = 0.750	within calibration range	no listed structural alert	internally cross-validated candidate (in applicability domain)	ring severed by truncation
Mol_01263	Mol_01263:atom4	enone	internally cross-validated candidate (in applicability domain)	CC(=O)/C=C/[C@@]12O[C@]1(C)C[C@@H](O)[C@H](OC1O[C@@H](CO)[C@H](O)[C@@H](O)[C@@H]1O)C2(C)C	4;3;1;2	0;1;2;3;4;5;6;7;25	C[C@@]1(/[CH:1001]=[CH:1002]/[C:1003](C)=[O:1004])CO1	CC(=O)/C=C/[C@]1(C)CO1	CSC(C=C(C)[O-])[C@]1(C)CO1	d854ec8bc6c7160c45b2	0a3c467d7de3b3270f32	63873bf3cc344f2bc202	ok	-16.529043786343607	3beta-hydroxy-5alpha,6alpha-epoxy-beta-ionone-2alpha-O-beta-D-glucopyranoside	2.270759291790036	1.7964672697163349	2.7450513138637365	0.9069099198348114	3.63460866374526	within	no listed structural alert	enone or ester; within energy range; no listed structural alert	192	cross-validated calibration; fragment-group Q2 = 0.750	within calibration range	no listed structural alert	internally cross-validated candidate (in applicability domain)	ring severed by truncation
Mol_01421	Mol_01421:atom4	enone	internally cross-validated candidate (in applicability domain)	CC(=O)/C=C/C1=C(C)CCCC1(C)C	4;3;1;2	0;1;2;3;4;5;6;11	C=C(C)/[CH:1001]=[CH:1002]/[C:1003](C)=[O:1004]	C=C(C)/C=C/C(C)=O	C=C(C)C(C=C(C)[O-])SC	940e92ef98801d326c17	c3a21762d271085551fd	63873bf3cc344f2bc202	ok	-9.310014905108078	beta-ionone	-0.8450113407416602	-1.4896078731005438	-0.2004148083827764	-2.277015836792213	0.5869931553088925	within	no listed structural alert	enone or ester; within energy range; no listed structural alert	47	cross-validated calibration; fragment-group Q2 = 0.750	within calibration range	no listed structural alert	internally cross-validated candidate (in applicability domain)	ring severed by truncation
Mol_01523	Mol_01523:atom0	enone	internally cross-validated candidate (in applicability domain)	C=C1CCC2C(C)C(=O)O[C@@H]2/C=C(\C)CCC1=O	0;1;16;17	0;1;2;3;14;15;16;17	CC[C:1002](=[CH2:1001])[C:1003](CC)=[O:1004]	C=C(CC)C(=O)CC	CCC([O-])=C(CC)CSC	2c792c87386e8b047889	9a63a90923af441bf95d	63873bf3cc344f2bc202	ok	-16.669796768220532	anhydroverlotorin	2.3315090151376348	1.845226212578393	2.8177918176968766	0.9634435374485107	3.699574492826759	within	no listed structural alert	enone or ester; within energy range; no listed structural alert	65	cross-validated calibration; fragment-group Q2 = 0.750	within calibration range	no listed structural alert	internally cross-validated candidate (in applicability domain)	ring severed by truncation
Mol_01593	Mol_01593:atom0	enone	internally cross-validated candidate (in applicability domain)	C=C1C(=O)CC2CC1C2(C)C	0;1;2;3	0;1;2;3;4;5;6;7;8	C1C2CC1[C:1002](=[CH2:1001])[C:1003](=[O:1004])C2	C=C1C(=O)CC2CC1C2	CSCC1=C([O-])CC2CC1C2	43f4f3510e20f8d698fb	72d7d18fa85c56a80da5	63873bf3cc344f2bc202	ok	-16.836541872554342	pinocarvone	2.403477074519162	1.9026078535698887	2.904346295468436	1.030159134756402	3.776795014281922	within	no listed structural alert	enone or ester; within energy range; no listed structural alert	102	cross-validated calibration; fragment-group Q2 = 0.750	within calibration range	no listed structural alert	internally cross-validated candidate (in applicability domain)	none
Mol_01601	Mol_01601:atom2	enone	internally cross-validated candidate (in applicability domain)	C=C/C(C)=C\C(=O)C=C(C)C	2;4;5;6	0;1;2;3;4;5;6;7;8	C=C/[C:1001](C)=[CH:1002]\[C:1003](C=C)=[O:1004]	C=CC(=O)/C=C(/C)C=C	C=CC([O-])=CC(C)(C=C)SC	ed6332fcc3326ce17b6c	9430b8a0e3ba5d27d56b	63873bf3cc344f2bc202	ok	-9.997044242806831	cis-ocimenone	-0.5484858842978406	-1.1241400178548222	0.0271682492591408	-1.950808910087954	0.8538371414922727	within	no listed structural alert	enone or ester; within energy range; no listed structural alert	162	cross-validated calibration; fragment-group Q2 = 0.750	within calibration range	no listed structural alert	internally cross-validated candidate (in applicability domain)	none
Mol_01601	Mol_01601:atom8	enone	internally cross-validated candidate (in applicability domain)	C=C/C(C)=C\C(=O)C=C(C)C	8;7;5;6	2;4;5;6;7;8;9;10	C=C[C:1003]([CH:1002]=[C:1001](C)C)=[O:1004]	C=CC(=O)C=C(C)C	C=CC([O-])=CC(C)(C)SC	e31643b833087b72891e	73c7e022c03eb882a943	63873bf3cc344f2bc202	ok	-10.9601539622029	cis-ocimenone	-0.1328026907591377	-0.619439154247644	0.3538337727293684	-1.5009939181745529	1.2353885366562771	within	no listed structural alert	enone or ester; within energy range; no listed structural alert	166	cross-validated calibration; fragment-group Q2 = 0.750	within calibration range	no listed structural alert	internally cross-validated candidate (in applicability domain)	none
Mol_01614	Mol_01614:atom1	enone	internally cross-validated candidate (in applicability domain)	CC1=CC(=O)C2=C(C)CC[C@@H]3[C@H](OC(=O)[C@H]3C)[C@@H]12	1;2;3;4	0;1;2;3;4;5;6;11;17	C=C1[C@@H](C)[C:1001](C)=[CH:1002][C:1003]1=[O:1004]	C=C1C(=O)C=C(C)[C@@H]1C	C=C1C([O-])=CC(C)(SC)[C@@H]1C	afd7f513249848fca22e	c92a670ffbafcec1f28f	63873bf3cc344f2bc202	ok	-12.481936648863266	desacetoxymatricarin	0.5240066782290134	0.1458444778988468	0.90216887855918	-0.8094620454156221	1.8574754018736488	within	no listed structural alert	enone or ester; within energy range; no listed structural alert	93	cross-validated calibration; fragment-group Q2 = 0.750	within calibration range	no listed structural alert	internally cross-validated candidate (in applicability domain)	ring severed by truncation
Mol_01647	Mol_01647:atom6	enone	internally cross-validated candidate (in applicability domain)	C[C@@H]1C(=O)O[C@@H]2C3=C(C(=O)C[C@@]3(C)O)[C@@](C)(O)CC[C@@H]12	6;7;8;9	4;5;6;7;8;9;10;11;12;13;14;15;16;17;19	C[C@H](O)[C:1001]1=[C:1002](C(C)(C)O)[C:1003](=[O:1004])C[C@@]1(C)O	C[C@H](O)C1=C(C(C)(C)O)C(=O)C[C@@]1(C)O	CSC1([C@H](C)O)C(C(C)(C)O)=C([O-])C[C@@]1(C)O	cf277030ee01abef61f7	6795a4e1bba57e64a5fa	63873bf3cc344f2bc202	ok	-9.153417965986485	4alpha,10beta-dihydroxy-2-oxo-guaia-1(5)-en-6alpha,12-olide	-0.9125993989260048	-1.573373750885152	-0.2518250469668578	-2.35195860752785	0.5267598096758406	within	no listed structural alert	enone or ester; within energy range; no listed structural alert	648	cross-validated calibration; fragment-group Q2 = 0.750	within calibration range	no listed structural alert	internally cross-validated candidate (in applicability domain)	ring severed by truncation
Mol_01687	Mol_01687:atom12	enone	internally cross-validated candidate (in applicability domain)	C=C[C@@]1(C)CC[C@@H]([C@H](C)C(=O)/C=C/C(C)(C)O)O1	12;11;9;10	6;7;8;9;10;11;12;13;14;15;16	CC(C)[C:1003](/[CH:1002]=[CH:1001]/C(C)(C)O)=[O:1004]	CC(C)C(=O)/C=C/C(C)(C)O	CSC(C=C([O-])C(C)C)C(C)(C)O	cb61b571d48b191c3abc	85d951fd08fc055ef166	63873bf3cc344f2bc202	ok	-15.342229819876737	(S,E)-2-((2S,5R)-tetrahydro-5-methyl-5-vinylfuran-2-yl)-6-hydroxy-6-methylhept-4	1.7585241748745526	1.3699328155687531	2.147115534180352	0.4220603962007612	3.094987953548344	within	no listed structural alert	enone or ester; within energy range; no listed structural alert	241	cross-validated calibration; fragment-group Q2 = 0.750	within calibration range	no listed structural alert	internally cross-validated candidate (in applicability domain)	ring severed by truncation
Mol_01688	Mol_01688:atom12	enone	internally cross-validated candidate (in applicability domain)	C=C[C@@]1(C)CC[C@@H]([C@H](C)C(=O)/C=C/C(C)(C)OO)O1	12;11;9;10	6;7;8;9;10;11;12;13;14;15;16	CC(C)[C:1003](/[CH:1002]=[CH:1001]/C(C)(C)O)=[O:1004]	CC(C)C(=O)/C=C/C(C)(C)O	CSC(C=C([O-])C(C)C)C(C)(C)O	cb61b571d48b191c3abc	85d951fd08fc055ef166	63873bf3cc344f2bc202	ok	-15.342229819876737	(S,E)-2-((2S,5R)-tetrahydro-5-methyl-5-vinylfuran-2-yl)-6-hydroperoxy-6-methylhe	1.7585241748745526	1.3699328155687531	2.147115534180352	0.4220603962007612	3.094987953548344	within	no listed structural alert	enone or ester; within energy range; no listed structural alert	241	cross-validated calibration; fragment-group Q2 = 0.750	within calibration range	no listed structural alert	internally cross-validated candidate (in applicability domain)	ring severed by truncation
Mol_01700	Mol_01700:atom7	enone	internally cross-validated candidate (in applicability domain)	C=C1C(=O)O[C@H](C2=C(C)CCC2=O)[C@H]1[C@@H](O)CC(C)=O	7;6;11;12	4;5;6;7;8;9;10;11;12;13	C[C@H](O)[C:1002]1=[C:1001](C)CC[C:1003]1=[O:1004]	CC1=C([C@H](C)O)C(=O)CC1	CSC1(C)CCC([O-])=C1[C@H](C)O	33c202062cdf116963e3	7fa62ebef5e6f5ab3582	63873bf3cc344f2bc202	ok	-13.154844338952696	arteludovicinolide-A	0.8144371576852132	0.4633771254680702	1.1654971899023563	-0.5116002978190428	2.140474613189469	within	no listed structural alert	enone or ester; within energy range; no listed structural alert	379	cross-validated calibration; fragment-group Q2 = 0.750	within calibration range	no listed structural alert	internally cross-validated candidate (in applicability domain)	ring severed by truncation
Mol_01701	Mol_01701:atom1	enone	internally cross-validated candidate (in applicability domain)	CC1=CC(=O)C2=C(C)C[C@H](O)[C@@H]3[C@H](OC(=O)[C@H]3C)[C@@H]12	1;2;3;4	0;1;2;3;4;5;6;12;18	C=C1[C@@H](C)[C:1001](C)=[CH:1002][C:1003]1=[O:1004]	C=C1C(=O)C=C(C)[C@@H]1C	C=C1C([O-])=CC(C)(SC)[C@@H]1C	afd7f513249848fca22e	c92a670ffbafcec1f28f	63873bf3cc344f2bc202	ok	-12.481936648863266	austricin	0.5240066782290134	0.1458444778988468	0.90216887855918	-0.8094620454156221	1.8574754018736488	within	no listed structural alert	enone or ester; within energy range; no listed structural alert	93	cross-validated calibration; fragment-group Q2 = 0.750	within calibration range	no listed structural alert	internally cross-validated candidate (in applicability domain)	ring severed by truncation
Mol_01709	Mol_01709:atom12	enone	internally cross-validated candidate (in applicability domain)	CC(=O)O[C@H]1CC(C)=C2C(=O)C=C(C)[C@@H]2[C@H]2OC(=O)[C@@H](C)[C@@H]21	12;11;9;10	6;8;9;10;11;12;13;14;15	C=C1[C@@H](C)[C:1001](C)=[CH:1002][C:1003]1=[O:1004]	C=C1C(=O)C=C(C)[C@@H]1C	C=C1C([O-])=CC(C)(SC)[C@@H]1C	afd7f513249848fca22e	c92a670ffbafcec1f28f	63873bf3cc344f2bc202	ok	-12.481936648863266	matricarin	0.5240066782290134	0.1458444778988468	0.90216887855918	-0.8094620454156221	1.8574754018736488	within	no listed structural alert	enone or ester; within energy range; no listed structural alert	93	cross-validated calibration; fragment-group Q2 = 0.750	within calibration range	no listed structural alert	internally cross-validated candidate (in applicability domain)	ring severed by truncation
Mol_01710	Mol_01710:atom1	enone	internally cross-validated candidate (in applicability domain)	CC1=CC(=O)C2=C(C)CC[C@H]3[C@H](C)C(=O)O[C@@H]3[C@@]12O	1;2;3;4	0;1;2;3;4;5;6;16;17;18	C=C1[C@](C)(O)[C:1001](C)=[CH:1002][C:1003]1=[O:1004]	C=C1C(=O)C=C(C)[C@@]1(C)O	C=C1C([O-])=CC(C)(SC)[C@@]1(C)O	f379f6019ed3544a6b69	1e4e17dd1617ac6d196d	63873bf3cc344f2bc202	ok	-14.62828379287676	5-hydroxyleucodin	1.4503813345097845	1.0947505015109138	1.8060121675086551	0.1231264695500169	2.777636199469552	within	no listed structural alert	enone or ester; within energy range; no listed structural alert	94	cross-validated calibration; fragment-group Q2 = 0.750	within calibration range	no listed structural alert	internally cross-validated candidate (in applicability domain)	ring severed by truncation
Mol_01710	Mol_01710:atom6	enone	internally cross-validated candidate (in applicability domain)	CC1=CC(=O)C2=C(C)CC[C@H]3[C@H](C)C(=O)O[C@@H]3[C@@]12O	6;5;3;4	1;2;3;4;5;6;7;8;9;16;17;18	CC[C:1001](C)=[C:1002]1[C@](C)(O)C=C[C:1003]1=[O:1004]	CCC(C)=C1C(=O)C=C[C@@]1(C)O	CCC(C)(SC)C1=C([O-])C=C[C@@]1(C)O	2a0e45a5ebe43fa958f1	c7659535c055aef1fc04	63873bf3cc344f2bc202	ok	-8.53459706041725	5-hydroxyleucodin	-1.1796857392204765	-1.9057234514892405	-0.4536480269517127	-2.6501492534962847	0.2907777750553317	within	no listed structural alert	enone or ester; within energy range; no listed structural alert	484	cross-validated calibration; fragment-group Q2 = 0.750	within calibration range	no listed structural alert	internally cross-validated candidate (in applicability domain)	ring severed by truncation
Mol_01725	Mol_01725:atom1	enone	internally cross-validated candidate (in applicability domain)	CC1=CC(=O)C2=C(CO)CC[C@@H]3[C@H](OC(=O)[C@H]3C)[C@@H]12	1;2;3;4	0;1;2;3;4;5;6;12;18	C=C1[C@@H](C)[C:1001](C)=[CH:1002][C:1003]1=[O:1004]	C=C1C(=O)C=C(C)[C@@H]1C	C=C1C([O-])=CC(C)(SC)[C@@H]1C	afd7f513249848fca22e	c92a670ffbafcec1f28f	63873bf3cc344f2bc202	ok	-12.481936648863266	14-hydroxy-2-oxoguaia-1(10),3-dien-5alpha,11betaH-12,6alpha-olide	0.5240066782290134	0.1458444778988468	0.90216887855918	-0.8094620454156221	1.8574754018736488	within	no listed structural alert	enone or ester; within energy range; no listed structural alert	93	cross-validated calibration; fragment-group Q2 = 0.750	within calibration range	no listed structural alert	internally cross-validated candidate (in applicability domain)	ring severed by truncation
Mol_01725	Mol_01725:atom6	enone	internally cross-validated candidate (in applicability domain)	CC1=CC(=O)C2=C(CO)CC[C@@H]3[C@H](OC(=O)[C@H]3C)[C@@H]12	6;5;3;4	1;2;3;4;5;6;7;8;9;10;12;18	CC[C:1001](CO)=[C:1002]1[C@@H](C)C=C[C:1003]1=[O:1004]	CCC(CO)=C1C(=O)C=C[C@@H]1C	CCC(CO)(SC)C1=C([O-])C=C[C@@H]1C	f69c1cac86053d4ec449	6da281e666350eec0284	63873bf3cc344f2bc202	ok	-14.736156892165477	14-hydroxy-2-oxoguaia-1(10),3-dien-5alpha,11betaH-12,6alpha-olide	1.4969399285164666	1.1374705838391446	1.856409273193789	0.1686514067928752	2.8252284502400578	within	no listed structural alert	enone or ester; within energy range; no listed structural alert	488	cross-validated calibration; fragment-group Q2 = 0.750	within calibration range	no listed structural alert	internally cross-validated candidate (in applicability domain)	ring severed by truncation
Mol_01726	Mol_01726:atom1	enone	internally cross-validated candidate (in applicability domain)	CC1=CC(=O)C2=C(C)CC[C@@H]3[C@H](OC(=O)[C@@H]3C)[C@@H]12	1;2;3;4	0;1;2;3;4;5;6;11;17	C=C1[C@@H](C)[C:1001](C)=[CH:1002][C:1003]1=[O:1004]	C=C1C(=O)C=C(C)[C@@H]1C	C=C1C([O-])=CC(C)(SC)[C@@H]1C	afd7f513249848fca22e	c92a670ffbafcec1f28f	63873bf3cc344f2bc202	ok	-12.481936648863266	achillin	0.5240066782290134	0.1458444778988468	0.90216887855918	-0.8094620454156221	1.8574754018736488	within	no listed structural alert	enone or ester; within energy range; no listed structural alert	93	cross-validated calibration; fragment-group Q2 = 0.750	within calibration range	no listed structural alert	internally cross-validated candidate (in applicability domain)	ring severed by truncation
Mol_01727	Mol_01727:atom1	enone	internally cross-validated candidate (in applicability domain)	CC1=CC(=O)C2=C(CO)CC[C@@H]3[C@H](OC(=O)[C@@H]3C)[C@@H]12	1;2;3;4	0;1;2;3;4;5;6;12;18	C=C1[C@@H](C)[C:1001](C)=[CH:1002][C:1003]1=[O:1004]	C=C1C(=O)C=C(C)[C@@H]1C	C=C1C([O-])=CC(C)(SC)[C@@H]1C	afd7f513249848fca22e	c92a670ffbafcec1f28f	63873bf3cc344f2bc202	ok	-12.481936648863266	14-hydroxy-2-oxoguaia-1(10),3-dien-5alpha,11alphaH-12,6alpha-olide	0.5240066782290134	0.1458444778988468	0.90216887855918	-0.8094620454156221	1.8574754018736488	within	no listed structural alert	enone or ester; within energy range; no listed structural alert	93	cross-validated calibration; fragment-group Q2 = 0.750	within calibration range	no listed structural alert	internally cross-validated candidate (in applicability domain)	ring severed by truncation
Mol_01727	Mol_01727:atom6	enone	internally cross-validated candidate (in applicability domain)	CC1=CC(=O)C2=C(CO)CC[C@@H]3[C@H](OC(=O)[C@@H]3C)[C@@H]12	6;5;3;4	1;2;3;4;5;6;7;8;9;10;12;18	CC[C:1001](CO)=[C:1002]1[C@@H](C)C=C[C:1003]1=[O:1004]	CCC(CO)=C1C(=O)C=C[C@@H]1C	CCC(CO)(SC)C1=C([O-])C=C[C@@H]1C	f69c1cac86053d4ec449	6da281e666350eec0284	63873bf3cc344f2bc202	ok	-14.736156892165477	14-hydroxy-2-oxoguaia-1(10),3-dien-5alpha,11alphaH-12,6alpha-olide	1.4969399285164666	1.1374705838391446	1.856409273193789	0.1686514067928752	2.8252284502400578	within	no listed structural alert	enone or ester; within energy range; no listed structural alert	488	cross-validated calibration; fragment-group Q2 = 0.750	within calibration range	no listed structural alert	internally cross-validated candidate (in applicability domain)	ring severed by truncation
Mol_01728	Mol_01728:atom1	enone	internally cross-validated candidate (in applicability domain)	CC1=CC(=O)[C@@H]2[C@H]1[C@H]1OC(=O)[C@@H](C)[C@@H]1CC[C@H]2C=O	1;2;3;4	0;1;2;3;4;5;6;7;16	C[C@@H]1[C@H](C)[C:1003](=[O:1004])[CH:1002]=[C:1001]1C	CC1=CC(=O)[C@@H](C)[C@H]1C	CSC1(C)C=C([O-])[C@@H](C)[C@H]1C	83b0693408cc39f30835	3bf1b108c11f49c5d567	63873bf3cc344f2bc202	ok	-9.682980205924135	2,14-dioxoguaia-3-en-1alpha,5alpha,10beta,11betaH-12,6alpha-olide	-0.6840375656877038	-1.2907602750486022	-0.0773148563268054	-2.0993978142584093	0.7313226828830017	within	no listed structural alert	enone or ester; within energy range; no listed structural alert	417	cross-validated calibration; fragment-group Q2 = 0.750	within calibration range	no listed structural alert	internally cross-validated candidate (in applicability domain)	ring severed by truncation
Mol_01729	Mol_01729:atom1	enone	internally cross-validated candidate (in applicability domain)	CC1=CC(=O)[C@@H]2[C@H]1[C@H]1OC(=O)[C@@H](C)[C@@H]1CC[C@@H]2C=O	1;2;3;4	0;1;2;3;4;5;6;7;16	C[C@@H]1[C@H](C)[C:1003](=[O:1004])[CH:1002]=[C:1001]1C	CC1=CC(=O)[C@@H](C)[C@H]1C	CSC1(C)C=C([O-])[C@@H](C)[C@H]1C	83b0693408cc39f30835	3bf1b108c11f49c5d567	63873bf3cc344f2bc202	ok	-9.682980205924135	2,14-dioxoguaia-3-en-1alpha,5alpha,10alpha,11betaH-12,6alpha-olide	-0.6840375656877038	-1.2907602750486022	-0.0773148563268054	-2.0993978142584093	0.7313226828830017	within	no listed structural alert	enone or ester; within energy range; no listed structural alert	417	cross-validated calibration; fragment-group Q2 = 0.750	within calibration range	no listed structural alert	internally cross-validated candidate (in applicability domain)	ring severed by truncation
Mol_01760	Mol_01760:atom5	ester	ranked hypothesis (in applicability domain)	COC(=O)/C1=C\CC(C)(C)/C=C/C(=O)/C(C)=C/CC1	5;4;2;3	0;1;2;3;4;5;6;7;17;18	CC/[CH:1001]=[C:1002](/CC)[C:1003](OC)=[O:1004]	CC/C=C(/CC)C(=O)OC	CCC(=C([O-])OC)C(CC)SC	538910222b3813cc8e41	030adac212e8d07159c3	63873bf3cc344f2bc202	ok	-13.912623884947063	methyl-9-oxo-1(10)E,7E-alpha-humulene-15-oate	-1.2755809065031185	-1.7512845478541803	-0.7998772651520567	-2.4162116258149027	-0.1349501871913343	within	no listed structural alert	enone or ester; within energy range; no listed structural alert	284	weak calibration; fragment-group Q2 = 0.287; ranked hypothesis only	within calibration range	no listed structural alert	ranked hypothesis (in applicability domain)	ring severed by truncation
Mol_01761	Mol_01761:atom5	ester	ranked hypothesis (in applicability domain)	COC(=O)/C1=C/CC(C)(C)/C=C\C(=O)/C(C)=C/CC1	5;4;2;3	0;1;2;3;4;5;6;7;17;18	CC/[CH:1001]=[C:1002](\CC)[C:1003](OC)=[O:1004]	CC/C=C(\CC)C(=O)OC	CCC(=C([O-])OC)C(CC)SC	5155e48a098d4afbb240	030adac212e8d07159c3	63873bf3cc344f2bc202	ok	-12.351921266929851	methyl-9-oxo-1(10)E,7Z-alpha-humulene-15-oate	-1.8917179130322417	-2.516057051294286	-1.2673787747701972	-3.101901305336421	-0.6815345207280625	within	no listed structural alert	enone or ester; within energy range; no listed structural alert	290	weak calibration; fragment-group Q2 = 0.287; ranked hypothesis only	within calibration range	no listed structural alert	ranked hypothesis (in applicability domain)	ring severed by truncation
Mol_01762	Mol_01762:atom5	ester	ranked hypothesis (in applicability domain)	COC(=O)/C1=C/CC(C)(C)/C=C\C(=O)/C(C)=C\CC1	5;4;2;3	0;1;2;3;4;5;6;7;17;18	CC/[CH:1001]=[C:1002](\CC)[C:1003](OC)=[O:1004]	CC/C=C(\CC)C(=O)OC	CCC(=C([O-])OC)C(CC)SC	5155e48a098d4afbb240	030adac212e8d07159c3	63873bf3cc344f2bc202	ok	-12.351921266929851	methyl-9-oxo-1(10)Z,7Z-alpha-humulene-15-oate	-1.8917179130322417	-2.516057051294286	-1.2673787747701972	-3.101901305336421	-0.6815345207280625	within	no listed structural alert	enone or ester; within energy range; no listed structural alert	290	weak calibration; fragment-group Q2 = 0.287; ranked hypothesis only	within calibration range	no listed structural alert	ranked hypothesis (in applicability domain)	ring severed by truncation
Mol_01764	Mol_01764:atom5	ester	ranked hypothesis (in applicability domain)	COC(=O)/C1=C\[C@H](OC(C)=O)C(C)(C)/C=C/C(=O)/C(C)=C/CC1	5;4;2;3	0;1;2;3;4;5;6;7;11;21;22	CC/[C:1002](=[CH:1001]/[C@@H](C)O)[C:1003](OC)=[O:1004]	CC/C(=C/[C@@H](C)O)C(=O)OC	CCC(=C([O-])OC)C(SC)[C@@H](C)O	f4ed23d3388f1199bb40	bb179e4c2e61fa847362	63873bf3cc344f2bc202	ok	-15.376335702918754	methyl-6-acetoxy-9-oxo-1(10)E,7E-alpha-humulene-15-oate	-0.6977341037008493	-1.072821466785793	-0.3226467406159057	-1.80020179637446	0.4047335889727612	within	no listed structural alert	enone or ester; within energy range; no listed structural alert	263	weak calibration; fragment-group Q2 = 0.287; ranked hypothesis only	within calibration range	no listed structural alert	ranked hypothesis (in applicability domain)	ring severed by truncation
Mol_01765	Mol_01765:atom5	ester	ranked hypothesis (in applicability domain)	COC(=O)/C1=C/[C@H](OC(C)=O)C(C)(C)/C=C\C(=O)/C(C)=C/CC1	5;4;2;3	0;1;2;3;4;5;6;7;11;21;22	CC/[C:1002](=[CH:1001]\[C@@H](C)O)[C:1003](OC)=[O:1004]	CC/C(=C\[C@@H](C)O)C(=O)OC	CCC(=C([O-])OC)C(SC)[C@@H](C)O	8362e9335ae5cf5338e8	bb179e4c2e61fa847362	63873bf3cc344f2bc202	ok	-15.703723642116197	methyl-6-acetoxy-9-oxo-1(10)E,7Z-alpha-humulene-15-oate	-0.568487300048325	-0.9297581246971612	-0.2072164753994889	-1.666331137843805	0.529356537747155	within	no listed structural alert	enone or ester; within energy range; no listed structural alert	266	weak calibration; fragment-group Q2 = 0.287; ranked hypothesis only	within calibration range	no listed structural alert	ranked hypothesis (in applicability domain)	ring severed by truncation
Mol_01767	Mol_01767:atom5	ester	ranked hypothesis (in applicability domain)	COC(=O)/C1=C/[C@@H](OC(C)=O)C(C)(C)/C=C\C(=O)/C(C)=C\CC1	5;4;2;3	0;1;2;3;4;5;6;7;11;21;22	CC/[C:1002](=[CH:1001]\[C@H](C)O)[C:1003](OC)=[O:1004]	CC/C(=C\[C@H](C)O)C(=O)OC	CCC(=C([O-])OC)C(SC)[C@H](C)O	e8d9cfe328f6548537ac	6c2fae4fd6fdce8aeaaf	63873bf3cc344f2bc202	ok	-17.929946361824815	methyl-6-acetoxy-9-oxo-1(10)Z,7Z-alpha-humulene-15-oate	0.3103849377204613	-0.074746146498099	0.6955160219390216	-0.7955402114078249	1.4163100868487477	within	no listed structural alert	enone or ester; within energy range; no listed structural alert	267	weak calibration; fragment-group Q2 = 0.287; ranked hypothesis only	within calibration range	no listed structural alert	ranked hypothesis (in applicability domain)	ring severed by truncation
Mol_01768	Mol_01768:atom5	ester	ranked hypothesis (in applicability domain)	COC(=O)/C1=C\[C@@H](OC(C)=O)C(C)(C)/C=C\C(=O)/C(C)=C\CC1	5;4;2;3	0;1;2;3;4;5;6;7;11;21;22	CC/[C:1002](=[CH:1001]/[C@H](C)O)[C:1003](OC)=[O:1004]	CC/C(=C/[C@H](C)O)C(=O)OC	CCC(=C([O-])OC)C(SC)[C@H](C)O	c5fd9f4e2f03de0d8fd8	6c2fae4fd6fdce8aeaaf	63873bf3cc344f2bc202	ok	-17.977886864608877	methyl-6-acetoxy-9-oxo-1(10)Z,4E,7Z-alpha-humulene-15-oate	0.3293109762468784	-0.0584747649133026	0.7170967174070595	-0.7775414369005156	1.4361633893942725	within	no listed structural alert	enone or ester; within energy range; no listed structural alert	264	weak calibration; fragment-group Q2 = 0.287; ranked hypothesis only	within calibration range	no listed structural alert	ranked hypothesis (in applicability domain)	ring severed by truncation
Mol_01770	Mol_01770:atom5	ester	ranked hypothesis (in applicability domain)	COC(=O)/C1=C/[C@H](OC(C)=O)C(C)(C)/C=C\C(O)/C(C)=C/CC1	5;4;2;3	0;1;2;3;4;5;6;7;11;21;22	CC/[C:1002](=[CH:1001]\[C@@H](C)O)[C:1003](OC)=[O:1004]	CC/C(=C\[C@@H](C)O)C(=O)OC	CCC(=C([O-])OC)C(SC)[C@@H](C)O	8362e9335ae5cf5338e8	bb179e4c2e61fa847362	63873bf3cc344f2bc202	ok	-15.703723642116197	methyl-6-acetoxy-9-hydroxy-1(10)E,7Z-alpha-humulene-15-oate	-0.568487300048325	-0.9297581246971612	-0.2072164753994889	-1.666331137843805	0.529356537747155	within	no listed structural alert	enone or ester; within energy range; no listed structural alert	266	weak calibration; fragment-group Q2 = 0.287; ranked hypothesis only	within calibration range	no listed structural alert	ranked hypothesis (in applicability domain)	ring severed by truncation
Mol_01775	Mol_01775:atom12	enone	internally cross-validated candidate (in applicability domain)	CC1=CCC[C@@H]2C(=O)O[C@H]3[C@@H]2C(=CC3(C)C)C1=O	12;11;16;17	0;1;2;5;9;10;11;12;13;14;15;16;17	C=C(C)[C:1003]([C:1002]1=[CH:1001]C(C)(C)C[C@H]1C)=[O:1004]	C=C(C)C(=O)C1=CC(C)(C)C[C@H]1C	C=C(C)C([O-])=C1C(SC)C(C)(C)C[C@H]1C	db1306e9df3b31c34bcf	424097bada2b4a0ba72b	63873bf3cc344f2bc202	ok	-13.183541433348918	1,10,7,8-tetradehydro-asteriscanolide	0.8268229737596089	0.476542544077412	1.1771034034418058	-0.4990083000449596	2.152654247564177	within	no listed structural alert	enone or ester; within energy range; no listed structural alert	57	cross-validated calibration; fragment-group Q2 = 0.750	within calibration range	no listed structural alert	internally cross-validated candidate (in applicability domain)	ring severed by truncation
Mol_01804	Mol_01804:atom16	enone	internally cross-validated candidate (in applicability domain)	C[C@@H]1C(=O)O[C@H]2[C@H]1CC[C@]1(C)[C@@]3(C)C(=O)C=C[C@@]213	16;15;13;14	5;9;11;12;13;14;15;16;17	C[C@]12C[C@@]1(C)[C:1003](=[O:1004])[CH:1002]=[CH:1001]2	C[C@@]12C=CC(=O)[C@]1(C)C2	CSC1C=C([O-])[C@]2(C)C[C@]12C	e99d7465150c201650b7	f054da34b85eb33c1569	63873bf3cc344f2bc202	ok	-15.304657475211105	(1R,2S,5S,6S,9S,10R)-5,9,10-trimethyl-3-oxatetracyclo[7.4.0.01,10.02,6]tridec-12	1.7423077543517271	1.3558642008529025	2.128751307850552	0.4064668928638406	3.0781486158396136	within	no listed structural alert	enone or ester; within energy range; no listed structural alert	644	cross-validated calibration; fragment-group Q2 = 0.750	within calibration range	no listed structural alert	internally cross-validated candidate (in applicability domain)	strained ring fusion; ring severed by truncation
Mol_01805	Mol_01805:atom0	enone	internally cross-validated candidate (in applicability domain)	C=C(CCC(=O)O)C(=O)[C@]1(C)CC[C@H]2[C@H](C)C(=O)O[C@@H]21	0;1;7;8	0;1;2;3;7;8;9;10;11;19	CC[C:1002](=[CH2:1001])[C:1003](C(C)(C)C)=[O:1004]	C=C(CC)C(=O)C(C)(C)C	CCC(CSC)=C([O-])C(C)(C)C	7e9a8f607483001303e2	6c93d666e57dcf00cadc	63873bf3cc344f2bc202	ok	-12.942157612516937	4-[(3S,3aS,6R,6aS)-3,6-dimethyl-2-oxo-hexahydro-2H-cyclopenta[b]furan-6-carbonyl	0.7226404538542646	0.3647991082556147	1.0804817994529143	-0.6052084139766165	2.050489321685146	within	no listed structural alert	enone or ester; within energy range; no listed structural alert	64	cross-validated calibration; fragment-group Q2 = 0.750	within calibration range	no listed structural alert	internally cross-validated candidate (in applicability domain)	ring severed by truncation
Mol_01885	Mol_01885:atom1	enone	internally cross-validated candidate (in applicability domain)	CC1=CC(=O)C2=C(C)CC[C@H]3[C@H](C)C(=O)O[C@@H]3C12	1;2;3;4	0;1;2;3;4;5;6;16;17	C=C1C(C)[C:1001](C)=[CH:1002][C:1003]1=[O:1004]	C=C1C(=O)C=C(C)C1C	C=C1C([O-])=CC(C)(SC)C1C	13750782b68559ea7425	ea8059da5a87aabca811	63873bf3cc344f2bc202	ok	-12.474699678436805	quercetin 5-glucoside	0.5208831639316989	0.1423444159516892	0.8994219119117084	-0.8126923948208502	1.854458722684248	within	no listed structural alert	enone or ester; within energy range; no listed structural alert	92	cross-validated calibration; fragment-group Q2 = 0.750	within calibration range	no listed structural alert	internally cross-validated candidate (in applicability domain)	ring severed by truncation
Mol_01885	Mol_01885:atom6	enone	internally cross-validated candidate (in applicability domain)	CC1=CC(=O)C2=C(C)CC[C@H]3[C@H](C)C(=O)O[C@@H]3C12	6;5;3;4	1;2;3;4;5;6;7;8;9;16;17	CC[C:1001](C)=[C:1002]1C(C)C=C[C:1003]1=[O:1004]	CCC(C)=C1C(=O)C=CC1C	CCC(C)(SC)C1=C([O-])C=CC1C	b74c36cb4bfd6d8e9b59	13b35e57945b5e55a0d7	63873bf3cc344f2bc202	ok	-8.480589140664401	quercetin 5-glucoside	-1.2029958399360252	-1.9348183966631112	-0.4711732832089393	-2.67632419495892	0.2703325150868694	within	no listed structural alert	enone or ester; within energy range; no listed structural alert	482	cross-validated calibration; fragment-group Q2 = 0.750	within calibration range	no listed structural alert	internally cross-validated candidate (in applicability domain)	ring severed by truncation
Mol_01947	Mol_01947:atom0	ester	ranked hypothesis (in applicability domain)	C=C(C(=O)OC)[C@@H]1CC[C@@]2(C)CCCC(=C)[C@@H]2C1	0;1;2;3	0;1;2;3;4;5;6;7;17	CO[C:1003]([C:1002](C(C)C)=[CH2:1001])=[O:1004]	C=C(C(=O)OC)C(C)C	COC([O-])=C(CSC)C(C)C	1ed839339efbe7987294	42a2ab3233c3bee8c2c2	63873bf3cc344f2bc202	ok	-16.991922386392556	costic acid methyl ester	-0.0599298663961835	-0.4096888782228589	0.2898291454304917	-1.1540394814700257	1.0341797486776585	within	no listed structural alert	enone or ester; within energy range; no listed structural alert	35	weak calibration; fragment-group Q2 = 0.287; ranked hypothesis only	within calibration range	no listed structural alert	ranked hypothesis (in applicability domain)	ring severed by truncation
Mol_01958	Mol_01958:atom0	enone	internally cross-validated candidate (in applicability domain)	C=C1CCC2=C(COC(C)=O)C(=O)O[C@@H]2/C=C(/C)[C@H](OC(C)=O)CC1=O	0;1;24;25	0;1;2;3;18;23;24;25	CC[C:1002](=[CH2:1001])[C:1003](CC)=[O:1004]	C=C(CC)C(=O)CC	CCC([O-])=C(CC)CSC	2c792c87386e8b047889	9a63a90923af441bf95d	63873bf3cc344f2bc202	ok	-16.669796768220532	1-oxo-afraglaucolide	2.3315090151376348	1.845226212578393	2.8177918176968766	0.9634435374485107	3.699574492826759	within	no listed structural alert	enone or ester; within energy range; no listed structural alert	65	cross-validated calibration; fragment-group Q2 = 0.750	within calibration range	no listed structural alert	internally cross-validated candidate (in applicability domain)	ring severed by truncation
Mol_01959	Mol_01959:atom0	enone	internally cross-validated candidate (in applicability domain)	C=C1CCC2=C(CO)C(=O)O[C@@H]2/C=C(/C)[C@H](OC(C)=O)CC1=O	0;1;21;22	0;1;2;3;15;20;21;22	CC[C:1002](=[CH2:1001])[C:1003](CC)=[O:1004]	C=C(CC)C(=O)CC	CCC([O-])=C(CC)CSC	2c792c87386e8b047889	9a63a90923af441bf95d	63873bf3cc344f2bc202	ok	-16.669796768220532	13-O-desacetyl-1-oxo-afraglaucolide	2.3315090151376348	1.845226212578393	2.8177918176968766	0.9634435374485107	3.699574492826759	within	no listed structural alert	enone or ester; within energy range; no listed structural alert	65	cross-validated calibration; fragment-group Q2 = 0.750	within calibration range	no listed structural alert	internally cross-validated candidate (in applicability domain)	ring severed by truncation
Mol_02004	Mol_02004:atom1	ester	ranked hypothesis (in applicability domain)	C/C=C(\C)C(=O)OC1C(CO)OC(O/C(=C\C(C)C/C(C)=C/CO)CC/C=C(\C)CO)C(O)C1O	1;2;4;5	0;1;2;3;4;5;6;7	CO[C:1003](/[C:1002](C)=[CH:1001]/C)=[O:1004]	C/C=C(\C)C(=O)OC	COC([O-])=C(C)C(C)SC	2d67f2c0c8fbe9e3fd3e	45b330041a48775c0812	63873bf3cc344f2bc202	ok	-11.93330027436887	1,5,12-trihydroxy-5-O-(4'-O-angeloyl-beta-D-glucopyranosyl)-farsenol	-2.056981866747176	-2.725064905864692	-1.3888988276296597	-3.290302356563004	-0.8236613769313474	within	no listed structural alert	enone or ester; within energy range; no listed structural alert	21	weak calibration; fragment-group Q2 = 0.287; ranked hypothesis only	within calibration range	no listed structural alert	ranked hypothesis (in applicability domain)	ring severed by truncation
Mol_02005	Mol_02005:atom1	ester	ranked hypothesis (in applicability domain)	C/C=C(\C)C(=O)OC1C(CO)OC(O/C(=C\C(C)C/C(C)=C/CO)CC/C=C(\C)CO)C(O)C1OC(C)=O	1;2;4;5	0;1;2;3;4;5;6;7	CO[C:1003](/[C:1002](C)=[CH:1001]/C)=[O:1004]	C/C=C(\C)C(=O)OC	COC([O-])=C(C)C(C)SC	2d67f2c0c8fbe9e3fd3e	45b330041a48775c0812	63873bf3cc344f2bc202	ok	-11.93330027436887	1,5,12-trihydroxy-5-O-(3'-O-acetyl-4'-O-angeloyl-beta-D-glucopyranosyl)-farsenol	-2.056981866747176	-2.725064905864692	-1.3888988276296597	-3.290302356563004	-0.8236613769313474	within	no listed structural alert	enone or ester; within energy range; no listed structural alert	21	weak calibration; fragment-group Q2 = 0.287; ranked hypothesis only	within calibration range	no listed structural alert	ranked hypothesis (in applicability domain)	ring severed by truncation
Mol_02006	Mol_02006:atom1	ester	ranked hypothesis (in applicability domain)	C/C=C(\C)C(=O)OC1C(CO)OC(O/C(=C\C(C)C/C(C)=C/CO)CC/C=C(\C)CO)C(OC(C)=O)C1OC(C)=O	1;2;4;5	0;1;2;3;4;5;6;7	CO[C:1003](/[C:1002](C)=[CH:1001]/C)=[O:1004]	C/C=C(\C)C(=O)OC	COC([O-])=C(C)C(C)SC	2d67f2c0c8fbe9e3fd3e	45b330041a48775c0812	63873bf3cc344f2bc202	ok	-11.93330027436887	1,5,12-trihydroxy-5-O-(2',3'-O-diacetyl-4'-O-angeloyl-beta-D-glucopyranosyl)-far	-2.056981866747176	-2.725064905864692	-1.3888988276296597	-3.290302356563004	-0.8236613769313474	within	no listed structural alert	enone or ester; within energy range; no listed structural alert	21	weak calibration; fragment-group Q2 = 0.287; ranked hypothesis only	within calibration range	no listed structural alert	ranked hypothesis (in applicability domain)	ring severed by truncation
Mol_02007	Mol_02007:atom1	ester	ranked hypothesis (in applicability domain)	C/C=C(\C)C(=O)OC1C(COC(C)=O)OC(O/C(=C\C(C)C/C(C)=C/CO)CC/C=C(\C)CO)C(OC(C)=O)C1OC(C)=O	1;2;4;5	0;1;2;3;4;5;6;7	CO[C:1003](/[C:1002](C)=[CH:1001]/C)=[O:1004]	C/C=C(\C)C(=O)OC	COC([O-])=C(C)C(C)SC	2d67f2c0c8fbe9e3fd3e	45b330041a48775c0812	63873bf3cc344f2bc202	ok	-11.93330027436887	1,5,12-trihydroxy-5-O-(2',3',6'-O-triacetyl-4'-O-angeloyl-beta-D-glucopyranosyl)	-2.056981866747176	-2.725064905864692	-1.3888988276296597	-3.290302356563004	-0.8236613769313474	within	no listed structural alert	enone or ester; within energy range; no listed structural alert	21	weak calibration; fragment-group Q2 = 0.287; ranked hypothesis only	within calibration range	no listed structural alert	ranked hypothesis (in applicability domain)	ring severed by truncation
Mol_02014	Mol_02014:atom12	enone	internally cross-validated candidate (in applicability domain)	C=C1C(=O)O[C@@H]2[C@H]1CC[C@H](C)[C@@H]1C=CC(=O)[C@@]21C	12;13;14;15	5;9;11;12;13;14;15;16;17	C[C@H]1C(C)(C)[C:1003](=[O:1004])[CH:1002]=[CH:1001]1	C[C@@H]1C=CC(=O)C1(C)C	CSC1C=C([O-])C(C)(C)[C@@H]1C	05647e7097174ad32e4c	32f42aabb68d7b6dfa09	63873bf3cc344f2bc202	ok	-14.106205343561932	ambrosin	1.225049544456823	0.8815020354850538	1.5685970534285922	-0.0990188367458277	2.549117925659474	within	no listed structural alert	enone or ester; within energy range; no listed structural alert	620	cross-validated calibration; fragment-group Q2 = 0.750	within calibration range	no listed structural alert	internally cross-validated candidate (in applicability domain)	ring severed by truncation
Mol_02028	Mol_02028:atom0	enone	internally cross-validated candidate (in applicability domain)	C=C1CCC2[C@H](C)C(=O)O[C@@H]2/C=C(\C)CCC1=O	0;1;16;17	0;1;2;3;14;15;16;17	CC[C:1002](=[CH2:1001])[C:1003](CC)=[O:1004]	C=C(CC)C(=O)CC	CCC([O-])=C(CC)CSC	2c792c87386e8b047889	9a63a90923af441bf95d	63873bf3cc344f2bc202	ok	-16.669796768220532	1-oxo-germacr-4-en-12,6-olide	2.3315090151376348	1.845226212578393	2.8177918176968766	0.9634435374485107	3.699574492826759	within	no listed structural alert	enone or ester; within energy range; no listed structural alert	65	cross-validated calibration; fragment-group Q2 = 0.750	within calibration range	no listed structural alert	internally cross-validated candidate (in applicability domain)	ring severed by truncation
Mol_02038	Mol_02038:atom16	enone	internally cross-validated candidate (in applicability domain)	CC1C(=O)OC2C1CCC1(C)C3(C)C(=O)C=CC213	16;15;13;14	5;9;11;12;13;14;15;16;17	CC12CC1(C)[C:1003](=[O:1004])[CH:1002]=[CH:1001]2	CC12C=CC(=O)C1(C)C2	CSC1C=C([O-])C2(C)CC12C	e03e1b6369909eb159e4	0bbae2091238410ea649	63873bf3cc344f2bc202	ok	-14.462422509318865	lumisantonin	1.3787947367989777	1.0281945970414108	1.729394876556544	0.0528789607491089	2.704710512848846	within	no listed structural alert	enone or ester; within energy range; no listed structural alert	357	cross-validated calibration; fragment-group Q2 = 0.750	within calibration range	no listed structural alert	internally cross-validated candidate (in applicability domain)	strained ring fusion; ring severed by truncation
Mol_02059	Mol_02059:atom12	enone	internally cross-validated candidate (in applicability domain)	C=CC1(C)CCC(C(C)C(=O)/C=C/C(C)(C)OO)O1	12;11;9;10	6;7;8;9;10;11;12;13;14;15;16	CC(C)[C:1003](/[CH:1002]=[CH:1001]/C(C)(C)O)=[O:1004]	CC(C)C(=O)/C=C/C(C)(C)O	CSC(C=C([O-])C(C)C)C(C)(C)O	cb61b571d48b191c3abc	85d951fd08fc055ef166	63873bf3cc344f2bc202	ok	-15.342229819876737	(E)-2-(tetrahydro-5-methyl-5-vinylfuran-2-yl)-6-hydroperoxy-6-methylhept-4-en-3-	1.7585241748745526	1.3699328155687531	2.147115534180352	0.4220603962007612	3.094987953548344	within	no listed structural alert	enone or ester; within energy range; no listed structural alert	241	cross-validated calibration; fragment-group Q2 = 0.750	within calibration range	no listed structural alert	internally cross-validated candidate (in applicability domain)	ring severed by truncation
Mol_02067	Mol_02067:atom12	enone	internally cross-validated candidate (in applicability domain)	C=CC1(C)CCC(C(C)C(=O)/C=C/C(C)(C)O)O1	12;11;9;10	6;7;8;9;10;11;12;13;14;15;16	CC(C)[C:1003](/[CH:1002]=[CH:1001]/C(C)(C)O)=[O:1004]	CC(C)C(=O)/C=C/C(C)(C)O	CSC(C=C([O-])C(C)C)C(C)(C)O	cb61b571d48b191c3abc	85d951fd08fc055ef166	63873bf3cc344f2bc202	ok	-15.342229819876737	hydroxydavanone	1.7585241748745526	1.3699328155687531	2.147115534180352	0.4220603962007612	3.094987953548344	within	no listed structural alert	enone or ester; within energy range; no listed structural alert	241	cross-validated calibration; fragment-group Q2 = 0.750	within calibration range	no listed structural alert	internally cross-validated candidate (in applicability domain)	ring severed by truncation
Mol_02068	Mol_02068:atom0	enone	internally cross-validated candidate (in applicability domain)	C=C1C[C@H]2OC(=O)[C@@H](C)C2[C@@H](O)/C=C(\C)CCC1=O	0;1;17;18	0;1;2;3;15;16;17;18	CC[C:1002](=[CH2:1001])[C:1003](CC)=[O:1004]	C=C(CC)C(=O)CC	CCC([O-])=C(CC)CSC	2c792c87386e8b047889	9a63a90923af441bf95d	63873bf3cc344f2bc202	ok	-16.669796768220532	8alpha-hydroxy-3-oxo-6betaH,7alphaH,11betaH-germacran-4(14),9(10)-dien-6,12-olid	2.3315090151376348	1.845226212578393	2.8177918176968766	0.9634435374485107	3.699574492826759	within	no listed structural alert	enone or ester; within energy range; no listed structural alert	65	cross-validated calibration; fragment-group Q2 = 0.750	within calibration range	no listed structural alert	internally cross-validated candidate (in applicability domain)	ring severed by truncation
Mol_02094	Mol_02094:atom21	ester	ranked hypothesis (in applicability domain)	C=C1C(=O)O[C@H]2C/C(C)=C/CC/C(C)=C/[C@@H](OC(=O)/C(C)=C/C)[C@H]12	21;19;17;18	15;16;17;18;19;20;21;22	CO[C:1003](/[C:1002](C)=[CH:1001]/C)=[O:1004]	C/C=C(\C)C(=O)OC	COC([O-])=C(C)C(C)SC	2d67f2c0c8fbe9e3fd3e	45b330041a48775c0812	63873bf3cc344f2bc202	ok	-11.93330027436887	6alpha-angeloyloxygermacra-1(10),4,11(13)-trien-8alpha,12-olide	-2.056981866747176	-2.725064905864692	-1.3888988276296597	-3.290302356563004	-0.8236613769313474	within	no listed structural alert	enone or ester; within energy range; no listed structural alert	21	weak calibration; fragment-group Q2 = 0.287; ranked hypothesis only	within calibration range	no listed structural alert	ranked hypothesis (in applicability domain)	ring severed by truncation
Mol_02095	Mol_02095:atom22	ester	ranked hypothesis (in applicability domain)	C=C1C(=O)O[C@H]2C/C(C)=C/CC[C@]3(C)O[C@@H]3[C@@H](OC(=O)/C(C)=C/C)[C@H]12	22;20;18;19	16;17;18;19;20;21;22;23	CO[C:1003](/[C:1002](C)=[CH:1001]/C)=[O:1004]	C/C=C(\C)C(=O)OC	COC([O-])=C(C)C(C)SC	2d67f2c0c8fbe9e3fd3e	45b330041a48775c0812	63873bf3cc344f2bc202	ok	-11.93330027436887	6alpha-angeloyloxy-4alpha,5beta-epoxygermacra-1(10),4,11(13)-trien-8alpha,12-oli	-2.056981866747176	-2.725064905864692	-1.3888988276296597	-3.290302356563004	-0.8236613769313474	within	no listed structural alert	enone or ester; within energy range; no listed structural alert	21	weak calibration; fragment-group Q2 = 0.287; ranked hypothesis only	within calibration range	no listed structural alert	ranked hypothesis (in applicability domain)	ring severed by truncation
Mol_02096	Mol_02096:atom22	ester	ranked hypothesis (in applicability domain)	C=C1C(=O)O[C@H]2CC(=C)[C@@H](O)CC/C(C)=C/[C@@H](OC(=O)/C(C)=C/C)[C@H]12	22;20;18;19	16;17;18;19;20;21;22;23	CO[C:1003](/[C:1002](C)=[CH:1001]/C)=[O:1004]	C/C=C(\C)C(=O)OC	COC([O-])=C(C)C(C)SC	2d67f2c0c8fbe9e3fd3e	45b330041a48775c0812	63873bf3cc344f2bc202	ok	-11.93330027436887	1alpha-hydroxy-6-angeloyloxygermacra-4,10(14),11(13)-trien-8alpha,12-olide	-2.056981866747176	-2.725064905864692	-1.3888988276296597	-3.290302356563004	-0.8236613769313474	within	no listed structural alert	enone or ester; within energy range; no listed structural alert	21	weak calibration; fragment-group Q2 = 0.287; ranked hypothesis only	within calibration range	no listed structural alert	ranked hypothesis (in applicability domain)	ring severed by truncation
Mol_02098	Mol_02098:atom23	ester	ranked hypothesis (in applicability domain)	C=C1C(=O)O[C@H]2C[C@@]3(C)[C@H](O)CC[C@@](C)(O)[C@@H]3[C@@H](OC(=O)/C(C)=C/C)[C@H]12	23;21;19;20	17;18;19;20;21;22;23;24	CO[C:1003](/[C:1002](C)=[CH:1001]/C)=[O:1004]	C/C=C(\C)C(=O)OC	COC([O-])=C(C)C(C)SC	2d67f2c0c8fbe9e3fd3e	45b330041a48775c0812	63873bf3cc344f2bc202	ok	-11.93330027436887	6alpha-angeloyloxy-1beta,4alpha-dihydroxyeudesm-11(13)-en-8alpha,12-olide	-2.056981866747176	-2.725064905864692	-1.3888988276296597	-3.290302356563004	-0.8236613769313474	within	no listed structural alert	enone or ester; within energy range; no listed structural alert	21	weak calibration; fragment-group Q2 = 0.287; ranked hypothesis only	within calibration range	no listed structural alert	ranked hypothesis (in applicability domain)	ring severed by truncation
Mol_02108	Mol_02108:atom0	enone	internally cross-validated candidate (in applicability domain)	C=C1C[C@H](O)C2=C(CO)C(=O)O[C@@H]2/C=C(\C)CCC1=O	0;1;18;19	0;1;2;3;16;17;18;19	CC[C:1002](=[CH2:1001])[C:1003](CC)=[O:1004]	C=C(CC)C(=O)CC	CCC([O-])=C(CC)CSC	2c792c87386e8b047889	9a63a90923af441bf95d	63873bf3cc344f2bc202	ok	-16.669796768220532	8alpha,13-dihydroxy-1-oxo-germacra-4,7(11),10(14)-trien-6alpha,12-olide	2.3315090151376348	1.845226212578393	2.8177918176968766	0.9634435374485107	3.699574492826759	within	no listed structural alert	enone or ester; within energy range; no listed structural alert	65	cross-validated calibration; fragment-group Q2 = 0.750	within calibration range	no listed structural alert	internally cross-validated candidate (in applicability domain)	ring severed by truncation
Mol_02109	Mol_02109:atom0	enone	internally cross-validated candidate (in applicability domain)	C=C1C[C@H](O)C2=C(COC(C)=O)C(=O)O[C@@H]2/C=C(\C)CCC1=O	0;1;21;22	0;1;2;3;19;20;21;22	CC[C:1002](=[CH2:1001])[C:1003](CC)=[O:1004]	C=C(CC)C(=O)CC	CCC([O-])=C(CC)CSC	2c792c87386e8b047889	9a63a90923af441bf95d	63873bf3cc344f2bc202	ok	-16.669796768220532	8alpha-acetoxy,13-hydroxy-1-oxo-germacra-4,7(11),10(14)-trien-6alpha,12-olide	2.3315090151376348	1.845226212578393	2.8177918176968766	0.9634435374485107	3.699574492826759	within	no listed structural alert	enone or ester; within energy range; no listed structural alert	65	cross-validated calibration; fragment-group Q2 = 0.750	within calibration range	no listed structural alert	internally cross-validated candidate (in applicability domain)	ring severed by truncation
Mol_02110	Mol_02110:atom0	enone	internally cross-validated candidate (in applicability domain)	C=C1C[C@H](OC(C)=O)C2=C(COC(C)=O)C(=O)O[C@@H]2/C=C(\C)CCC1=O	0;1;24;25	0;1;2;3;22;23;24;25	CC[C:1002](=[CH2:1001])[C:1003](CC)=[O:1004]	C=C(CC)C(=O)CC	CCC([O-])=C(CC)CSC	2c792c87386e8b047889	9a63a90923af441bf95d	63873bf3cc344f2bc202	ok	-16.669796768220532	8alpha,13-diacetoxy-1-oxo-germacra-4,7(11),10(14)-trien-6alpha,12-olide	2.3315090151376348	1.845226212578393	2.8177918176968766	0.9634435374485107	3.699574492826759	within	no listed structural alert	enone or ester; within energy range; no listed structural alert	65	cross-validated calibration; fragment-group Q2 = 0.750	within calibration range	no listed structural alert	internally cross-validated candidate (in applicability domain)	ring severed by truncation
Mol_02190	Mol_02190:atom7	ester	ranked hypothesis (in applicability domain)	CCC(=O)O[C@@H](C/C=C(\C)C(=O)OC)[C@H](C(=O)OC)[C@@H](OC(C)=O)[C@@H](C[C@H](C)[C@H](OC(=O)CC(C)C)[C@@H]1C[C@H](C)C[C@]2(C[C@H](C)C[C@](CC(C)=O)(OC(C)=O)O2)O1)OC(=O)CC(C)C	7;8;10;11	5;6;7;8;9;10;11;12;13	CC/[CH:1001]=[C:1002](\C)[C:1003](OC)=[O:1004]	CC/C=C(\C)C(=O)OC	CCC(SC)C(C)=C([O-])OC	0559da15e67b3ad8310e	83750e0bdca84b2a835a	63873bf3cc344f2bc202	ok	-12.918920436864562	didemnaketal D	-1.6678769536879816	-2.235130489943316	-1.1006234174326472	-2.8496218744882533	-0.4861320328877101	within	no listed structural alert	enone or ester; within energy range; no listed structural alert	287	weak calibration; fragment-group Q2 = 0.287; ranked hypothesis only	within calibration range	no listed structural alert	ranked hypothesis (in applicability domain)	none
Mol_02191	Mol_02191:atom50	ester	ranked hypothesis (in applicability domain)	CCOC(=O)[C@H]([C@@H](OC(C)=O)[C@@H](C[C@H](C)[C@H](OC(=O)CC(C)C)[C@@H]1C[C@H](C)C[C@]2(C[C@H](C)C[C@@](O)(CC(C)=O)O2)O1)OC(=O)CC(C)C)[C@H](C/C=C(\C)C(=O)OC)OC(=O)CC	50;51;53;54	48;49;50;51;52;53;54;55;56	CC/[CH:1001]=[C:1002](\C)[C:1003](OC)=[O:1004]	CC/C=C(\C)C(=O)OC	CCC(SC)C(C)=C([O-])OC	0559da15e67b3ad8310e	83750e0bdca84b2a835a	63873bf3cc344f2bc202	ok	-12.918920436864562	didemnaketal E	-1.6678769536879816	-2.235130489943316	-1.1006234174326472	-2.8496218744882533	-0.4861320328877101	within	no listed structural alert	enone or ester; within energy range; no listed structural alert	287	weak calibration; fragment-group Q2 = 0.287; ranked hypothesis only	within calibration range	no listed structural alert	ranked hypothesis (in applicability domain)	none
Mol_02248	Mol_02248:atom6	ester	ranked hypothesis (in applicability domain)	CCC[C@@H]1O[C@@H]1/C=C/C(=O)O[C@@H]1C[C@H]2[C@@H](/C=C(\C)C(=O)[C@@]3(OC(C)=O)C[C@@H](C)[C@H](O)[C@@H]3/C=C/1C)C2(C)C	6;7;8;9	3;4;5;6;7;8;9;10;11	CO[C:1003](/[CH:1002]=[CH:1001]/[C@@H]1CO1)=[O:1004]	COC(=O)/C=C/[C@@H]1CO1	COC([O-])=CC(SC)[C@@H]1CO1	aca052646a86442c7885	cd812d9bdd0ac4a0574c	63873bf3cc344f2bc202	ok	-18.47603754837159	euphohelioscopin B	0.5259718055110278	0.1066138216773632	0.9453297893446924	-0.5923329839127205	1.6442765949347762	within	no listed structural alert	enone or ester; within energy range; no listed structural alert	556	weak calibration; fragment-group Q2 = 0.287; ranked hypothesis only	within calibration range	no listed structural alert	ranked hypothesis (in applicability domain)	ring severed by truncation
Mol_02265	Mol_02265:atom1	ester	ranked hypothesis (in applicability domain)	C/C=C(/C)C(=O)O[C@@H]1/C(C)=C/[C@@]23O[C@@]2(C[C@H](C)[C@@H]3O)C(=O)[C@H](C)[C@H](O)[C@@H]2[C@H]([C@@H]1OC)C2(C)C	1;2;4;5	0;1;2;3;4;5;6;7	CO[C:1003](/[C:1002](C)=[CH:1001]\C)=[O:1004]	C/C=C(/C)C(=O)OC	COC([O-])=C(C)C(C)SC	2f2cf585931c3a41315c	45b330041a48775c0812	63873bf3cc344f2bc202	ok	-12.87931274693731	euphornin J	-1.6835133492610952	-2.254660141059235	-1.112366557462955	-2.8671320130309628	-0.4998946854912278	within	no listed structural alert	enone or ester; within energy range; no listed structural alert	14	weak calibration; fragment-group Q2 = 0.287; ranked hypothesis only	within calibration range	no listed structural alert	ranked hypothesis (in applicability domain)	ring severed by truncation
Mol_02374	Mol_02374:atom0	enone	internally cross-validated candidate (in applicability domain)	C=C1CC[C@H]2[C@H](C(C)(C)O)CC[C@]2(C)C(OC(C)=O)/C=C(\COC(=O)CC(C)(O)CC(=O)O)CCC1=O	0;1;35;36	0;1;2;3;33;34;35;36	CC[C:1002](=[CH2:1001])[C:1003](CC)=[O:1004]	C=C(CC)C(=O)CC	CCC([O-])=C(CC)CSC	2c792c87386e8b047889	9a63a90923af441bf95d	63873bf3cc344f2bc202	ok	-16.669796768220532	(IR*,2R*,3E,11R*,12S*)-2-O-acetyl-16-O-(3-hydroxy-3-methylglutaryi)-2,16,18-trih	2.3315090151376348	1.845226212578393	2.8177918176968766	0.9634435374485107	3.699574492826759	within	no listed structural alert	enone or ester; within energy range; no listed structural alert	65	cross-validated calibration; fragment-group Q2 = 0.750	within calibration range	no listed structural alert	internally cross-validated candidate (in applicability domain)	ring severed by truncation
Mol_02399	Mol_02399:atom1	ester	ranked hypothesis (in applicability domain)	C/C=C(\C)C(=O)O[C@@H]1[C@@H](C)[C@@]2(O)[C@H](C=C(C)C[C@]3(O)C(=O)C(C)=C[C@@H]23)[C@@H]2C(C)(C)[C@]12OC(=O)/C(C)=C/C	1;2;4;5	0;1;2;3;4;5;6;7	CO[C:1003](/[C:1002](C)=[CH:1001]/C)=[O:1004]	C/C=C(\C)C(=O)OC	COC([O-])=C(C)C(C)SC	2d67f2c0c8fbe9e3fd3e	45b330041a48775c0812	63873bf3cc344f2bc202	ok	-11.93330027436887	synagrantol B	-2.056981866747176	-2.725064905864692	-1.3888988276296597	-3.290302356563004	-0.8236613769313474	within	no listed structural alert	enone or ester; within energy range; no listed structural alert	21	weak calibration; fragment-group Q2 = 0.287; ranked hypothesis only	within calibration range	no listed structural alert	ranked hypothesis (in applicability domain)	ring severed by truncation
Mol_02399	Mol_02399:atom23	enone	internally cross-validated candidate (in applicability domain)	C/C=C(\C)C(=O)O[C@@H]1[C@@H](C)[C@@]2(O)[C@H](C=C(C)C[C@]3(O)C(=O)C(C)=C[C@@H]23)[C@@H]2C(C)(C)[C@]12OC(=O)/C(C)=C/C	23;21;19;20	10;16;17;18;19;20;21;22;23;24	C[C@H]1[C@@](C)(O)[C:1003](=[O:1004])[C:1002](C)=[CH:1001]1	CC1=C[C@@H](C)[C@@](C)(O)C1=O	CSC1C(C)=C([O-])[C@](C)(O)[C@@H]1C	63dcc1daf7442126f055	02f4fa6a69ac38351420	63873bf3cc344f2bc202	ok	-16.705520264705136	synagrantol B	2.346927463113013	1.8575533914028008	2.836301534823225	0.9777601361430284	3.716094790082997	within	no listed structural alert	enone or ester; within energy range; no listed structural alert	435	cross-validated calibration; fragment-group Q2 = 0.750	within calibration range	no listed structural alert	internally cross-validated candidate (in applicability domain)	alpha-prime heteroatom; ring severed by truncation
Mol_02399	Mol_02399:atom35	ester	ranked hypothesis (in applicability domain)	C/C=C(\C)C(=O)O[C@@H]1[C@@H](C)[C@@]2(O)[C@H](C=C(C)C[C@]3(O)C(=O)C(C)=C[C@@H]23)[C@@H]2C(C)(C)[C@]12OC(=O)/C(C)=C/C	35;33;31;32	29;30;31;32;33;34;35;36	CO[C:1003](/[C:1002](C)=[CH:1001]/C)=[O:1004]	C/C=C(\C)C(=O)OC	COC([O-])=C(C)C(C)SC	2d67f2c0c8fbe9e3fd3e	45b330041a48775c0812	63873bf3cc344f2bc202	ok	-11.93330027436887	synagrantol B	-2.056981866747176	-2.725064905864692	-1.3888988276296597	-3.290302356563004	-0.8236613769313474	within	no listed structural alert	enone or ester; within energy range; no listed structural alert	21	weak calibration; fragment-group Q2 = 0.287; ranked hypothesis only	within calibration range	no listed structural alert	ranked hypothesis (in applicability domain)	ring severed by truncation
Mol_02404	Mol_02404:atom6	enone	internally cross-validated candidate (in applicability domain)	CC1=C2C(=O)C3=CC[C@H]4[C@@](C)(CCC5C[C@@]54C)[C@@H]3C[C@H]2OC1=O	6;5;3;4	1;2;3;4;5;6;7;8;9;17;18;19	C=C1CC[C@H]2CCC[CH:1001]=[C:1002]2[C:1003]1=[O:1004]	C=C1CC[C@H]2CCCC=C2C1=O	C=C1CC[C@H]2CCCC(SC)C2=C1[O-]	229fa1126f627c467868	87042227a02fe1c867a9	63873bf3cc344f2bc202	ok	-11.242632111993512	retusolide C	-0.010883643484342	-0.4737595183297185	0.4519922313610345	-1.3708050613220686	1.3490377743533846	within	no listed structural alert	enone or ester; within energy range; no listed structural alert	145	cross-validated calibration; fragment-group Q2 = 0.750	within calibration range	no listed structural alert	internally cross-validated candidate (in applicability domain)	ring severed by truncation
Mol_02406	Mol_02406:atom9	enone	internally cross-validated candidate (in applicability domain)	CC1C(=O)O[C@@H]2C[C@@H]3C(=CC[C@H]4[C@@]3(C)CCC3C[C@@]34C)C(=O)[C@H]12	9;8;20;21	1;5;6;7;8;9;10;11;12;20;21;22	C[C@@H]1CC[C@H]2CCC[CH:1001]=[C:1002]2[C:1003]1=[O:1004]	C[C@@H]1CC[C@H]2CCCC=C2C1=O	CSC1CCC[C@@H]2CC[C@@H](C)C([O-])=C12	0a6650978c8a2b9b0150	b8113c2bcc7b4e682b10	63873bf3cc344f2bc202	ok	-12.97484630802519	retusolide E	0.7367490658512503	0.3800628543300492	1.0934352773724514	-0.5907889715206538	2.0642871032231547	within	no listed structural alert	enone or ester; within energy range; no listed structural alert	628	cross-validated calibration; fragment-group Q2 = 0.750	within calibration range	no listed structural alert	internally cross-validated candidate (in applicability domain)	ring severed by truncation
Mol_02425	Mol_02425:atom1	ester	ranked hypothesis (in applicability domain)	C/C=C(\C)C(=O)O[C@@H]1C2C(C2(C)C)[C@@]2(OC(C)=O)C(=C[C@@]34O[C@@]3(CC(C)[C@@H]4OC(C)=O)C(=O)[C@H]2C)[C@H]1OC(C)=O	1;2;4;5	0;1;2;3;4;5;6;7	CO[C:1003](/[C:1002](C)=[CH:1001]/C)=[O:1004]	C/C=C(\C)C(=O)OC	COC([O-])=C(C)C(C)SC	2d67f2c0c8fbe9e3fd3e	45b330041a48775c0812	63873bf3cc344f2bc202	ok	-11.93330027436887	8-angelate-ingol-3,7,12-triacetate	-2.056981866747176	-2.725064905864692	-1.3888988276296597	-3.290302356563004	-0.8236613769313474	within	no listed structural alert	enone or ester; within energy range; no listed structural alert	21	weak calibration; fragment-group Q2 = 0.287; ranked hypothesis only	within calibration range	no listed structural alert	ranked hypothesis (in applicability domain)	ring severed by truncation
Mol_02429	Mol_02429:atom1	ester	ranked hypothesis (in applicability domain)	C/C=C(\C)C(=O)O[C@@H]1C2C(C2(C)C)[C@@]2(OC(C)=O)C(=C[C@@]34O[C@@]3(CC(C)[C@@H]4OC(C)=O)C(=O)[C@H]2C)[C@H]1O	1;2;4;5	0;1;2;3;4;5;6;7	CO[C:1003](/[C:1002](C)=[CH:1001]/C)=[O:1004]	C/C=C(\C)C(=O)OC	COC([O-])=C(C)C(C)SC	2d67f2c0c8fbe9e3fd3e	45b330041a48775c0812	63873bf3cc344f2bc202	ok	-11.93330027436887	8-angoyl-ingol-3,12-diacetate	-2.056981866747176	-2.725064905864692	-1.3888988276296597	-3.290302356563004	-0.8236613769313474	within	no listed structural alert	enone or ester; within energy range; no listed structural alert	21	weak calibration; fragment-group Q2 = 0.287; ranked hypothesis only	within calibration range	no listed structural alert	ranked hypothesis (in applicability domain)	ring severed by truncation
Mol_02472	Mol_02472:atom25	enone	internally cross-validated candidate (in applicability domain)	CCCCCCCCCCCCCCCC(=O)O[C@@]12C[C@@H](C)[C@]3(O)[C@@H]4C=C(C)C(=O)[C@@H]4CC(CO)=C[C@H]3[C@@H]1[C@@H]2C	25;26;28;29	22;24;25;26;27;28;29;30;31	C[C@@H]1[C@H](C)[CH:1001]=[C:1002](C)[C:1003]1=[O:1004]	CC1=C[C@@H](C)[C@@H](C)C1=O	CSC1C(C)=C([O-])[C@H](C)[C@@H]1C	bed5201af56cb2f84ccb	3f919977f0e51131296a	63873bf3cc344f2bc202	ok	-13.649692892024738	4,12-dideoxy(4alpha)phorbol-13-hexadecanoate	1.0280163820626598	0.6856614484091339	1.3703713157161856	-0.295743070321651	2.3517758344469706	within	no listed structural alert	enone or ester; within energy range; no listed structural alert	434	cross-validated calibration; fragment-group Q2 = 0.750	within calibration range	no listed structural alert	internally cross-validated candidate (in applicability domain)	ring severed by truncation
Mol_02497	Mol_02497:atom40	enone	internally cross-validated candidate (in applicability domain)	CCCCC/C=C\C/C=C\CCCCCCCC(=O)OCC1=C[C@H]2[C@@H]3C(C)(C)[C@]3(OC(C)=O)[C@H](O)[C@@H](C)[C@]2(O)[C@@H]2C=C(C)C(=O)[C@@]2(O)C1	40;41;43;44	37;39;40;41;42;43;44;45;46;47	C[C@H]1[C@@](C)(O)[C:1003](=[O:1004])[C:1002](C)=[CH:1001]1	CC1=C[C@@H](C)[C@@](C)(O)C1=O	CSC1C(C)=C([O-])[C@](C)(O)[C@@H]1C	63dcc1daf7442126f055	02f4fa6a69ac38351420	63873bf3cc344f2bc202	ok	-16.705520264705136	13-O-acetylphorbol-20-linoleate	2.346927463113013	1.8575533914028008	2.836301534823225	0.9777601361430284	3.716094790082997	within	no listed structural alert	enone or ester; within energy range; no listed structural alert	435	cross-validated calibration; fragment-group Q2 = 0.750	within calibration range	no listed structural alert	internally cross-validated candidate (in applicability domain)	alpha-prime heteroatom; ring severed by truncation
Mol_02498	Mol_02498:atom1	ester	ranked hypothesis (in applicability domain)	C/C=C(\C)C(=O)O[C@@]12[C@H](O)[C@@H](C)[C@@]3(O)[C@@H](C=C(COC(=O)CCCCCCC/C=C\C/C=C\CCCCC)C[C@]4(O)C(=O)C(C)=C[C@@H]34)[C@@H]1C2(C)C	1;2;4;5	0;1;2;3;4;5;6;7	CO[C:1003](/[C:1002](C)=[CH:1001]/C)=[O:1004]	C/C=C(\C)C(=O)OC	COC([O-])=C(C)C(C)SC	2d67f2c0c8fbe9e3fd3e	45b330041a48775c0812	63873bf3cc344f2bc202	ok	-11.93330027436887	13-O-tigloylphorbol-20-linoleate	-2.056981866747176	-2.725064905864692	-1.3888988276296597	-3.290302356563004	-0.8236613769313474	within	no listed structural alert	enone or ester; within energy range; no listed structural alert	21	weak calibration; fragment-group Q2 = 0.287; ranked hypothesis only	within calibration range	no listed structural alert	ranked hypothesis (in applicability domain)	ring severed by truncation
Mol_02498	Mol_02498:atom45	enone	internally cross-validated candidate (in applicability domain)	C/C=C(\C)C(=O)O[C@@]12[C@H](O)[C@@H](C)[C@@]3(O)[C@@H](C=C(COC(=O)CCCCCCC/C=C\C/C=C\CCCCC)C[C@]4(O)C(=O)C(C)=C[C@@H]34)[C@@H]1C2(C)C	45;43;41;42	12;38;39;40;41;42;43;44;45;46	C[C@H]1[C@@](C)(O)[C:1003](=[O:1004])[C:1002](C)=[CH:1001]1	CC1=C[C@@H](C)[C@@](C)(O)C1=O	CSC1C(C)=C([O-])[C@](C)(O)[C@@H]1C	63dcc1daf7442126f055	02f4fa6a69ac38351420	63873bf3cc344f2bc202	ok	-16.705520264705136	13-O-tigloylphorbol-20-linoleate	2.346927463113013	1.8575533914028008	2.836301534823225	0.9777601361430284	3.716094790082997	within	no listed structural alert	enone or ester; within energy range; no listed structural alert	435	cross-validated calibration; fragment-group Q2 = 0.750	within calibration range	no listed structural alert	internally cross-validated candidate (in applicability domain)	alpha-prime heteroatom; ring severed by truncation
Mol_02499	Mol_02499:atom1	ester	ranked hypothesis (in applicability domain)	C/C=C(/C)C(=O)O[C@]12C(C3C=C(CO)C[C@]4(O)C(=O)C(C)=CC4[C@@]3(O)[C@H](C)[C@H]1OC(C)=O)C2(C)C	1;2;4;5	0;1;2;3;4;5;6;7	CO[C:1003](/[C:1002](C)=[CH:1001]\C)=[O:1004]	C/C=C(/C)C(=O)OC	COC([O-])=C(C)C(C)SC	2f2cf585931c3a41315c	45b330041a48775c0812	63873bf3cc344f2bc202	ok	-12.87931274693731	12-O-acetylphorbol-13-tigliate	-1.6835133492610952	-2.254660141059235	-1.112366557462955	-2.8671320130309628	-0.4998946854912278	within	no listed structural alert	enone or ester; within energy range; no listed structural alert	14	weak calibration; fragment-group Q2 = 0.287; ranked hypothesis only	within calibration range	no listed structural alert	ranked hypothesis (in applicability domain)	ring severed by truncation
Mol_02499	Mol_02499:atom21	enone	internally cross-validated candidate (in applicability domain)	C/C=C(/C)C(=O)O[C@]12C(C3C=C(CO)C[C@]4(O)C(=O)C(C)=CC4[C@@]3(O)[C@H](C)[C@H]1OC(C)=O)C2(C)C	21;19;17;18	14;15;16;17;18;19;20;21;22;23	CC1[C@@](C)(O)[C:1003](=[O:1004])[C:1002](C)=[CH:1001]1	CC1=CC(C)[C@@](C)(O)C1=O	CSC1C(C)=C([O-])[C@](C)(O)C1C	61a7b6e607b911707f54	7988f03336ecfb21906d	63873bf3cc344f2bc202	ok	-16.502009180472367	12-O-acetylphorbol-13-tigliate	2.2590910144605703	1.787066289324361	2.73111573959678	0.8960284596525327	3.622153569268608	within	no listed structural alert	enone or ester; within energy range; no listed structural alert	429	cross-validated calibration; fragment-group Q2 = 0.750	within calibration range	no listed structural alert	internally cross-validated candidate (in applicability domain)	alpha-prime heteroatom; ring severed by truncation
Mol_02500	Mol_02500:atom29	enone	internally cross-validated candidate (in applicability domain)	CCCCCCCCCC(=O)O[C@@H]1[C@@H](C)[C@@]2(O)C(C=C(CO)C[C@]3(O)C(=O)C(C)=CC23)C2C(C)(C)[C@@]21OC(=O)C(C)CC	29;27;25;26	15;22;23;24;25;26;27;28;29;30	CC1[C@@](C)(O)[C:1003](=[O:1004])[C:1002](C)=[CH:1001]1	CC1=CC(C)[C@@](C)(O)C1=O	CSC1C(C)=C([O-])[C@](C)(O)C1C	61a7b6e607b911707f54	7988f03336ecfb21906d	63873bf3cc344f2bc202	ok	-16.502009180472367	12-O-decanoylphorbol-13-(2-methylbutyrate)	2.2590910144605703	1.787066289324361	2.73111573959678	0.8960284596525327	3.622153569268608	within	no listed structural alert	enone or ester; within energy range; no listed structural alert	429	cross-validated calibration; fragment-group Q2 = 0.750	within calibration range	no listed structural alert	internally cross-validated candidate (in applicability domain)	alpha-prime heteroatom; ring severed by truncation
Mol_02501	Mol_02501:atom1	ester	ranked hypothesis (in applicability domain)	C/C=C(\C)C(=O)O[C@@H]1[C@@H](C)[C@@]2(O)C(C=C(CO)C[C@]3(O)C(=O)C(C)=CC23)C2C(C)(C)[C@@]21OC(=O)C(C)CC	1;2;4;5	0;1;2;3;4;5;6;7	CO[C:1003](/[C:1002](C)=[CH:1001]/C)=[O:1004]	C/C=C(\C)C(=O)OC	COC([O-])=C(C)C(C)SC	2d67f2c0c8fbe9e3fd3e	45b330041a48775c0812	63873bf3cc344f2bc202	ok	-11.93330027436887	12-O-tigloylphorbol-13-(2-methylbutyrate)	-2.056981866747176	-2.725064905864692	-1.3888988276296597	-3.290302356563004	-0.8236613769313474	within	no listed structural alert	enone or ester; within energy range; no listed structural alert	21	weak calibration; fragment-group Q2 = 0.287; ranked hypothesis only	within calibration range	no listed structural alert	ranked hypothesis (in applicability domain)	ring severed by truncation
Mol_02501	Mol_02501:atom24	enone	internally cross-validated candidate (in applicability domain)	C/C=C(\C)C(=O)O[C@@H]1[C@@H](C)[C@@]2(O)C(C=C(CO)C[C@]3(O)C(=O)C(C)=CC23)C2C(C)(C)[C@@]21OC(=O)C(C)CC	24;22;20;21	10;17;18;19;20;21;22;23;24;25	CC1[C@@](C)(O)[C:1003](=[O:1004])[C:1002](C)=[CH:1001]1	CC1=CC(C)[C@@](C)(O)C1=O	CSC1C(C)=C([O-])[C@](C)(O)C1C	61a7b6e607b911707f54	7988f03336ecfb21906d	63873bf3cc344f2bc202	ok	-16.502009180472367	12-O-tigloylphorbol-13-(2-methylbutyrate)	2.2590910144605703	1.787066289324361	2.73111573959678	0.8960284596525327	3.622153569268608	within	no listed structural alert	enone or ester; within energy range; no listed structural alert	429	cross-validated calibration; fragment-group Q2 = 0.750	within calibration range	no listed structural alert	internally cross-validated candidate (in applicability domain)	alpha-prime heteroatom; ring severed by truncation
Mol_02502	Mol_02502:atom34	enone	internally cross-validated candidate (in applicability domain)	CCCCCCCCCC(=O)O[C@@]12[C@H](OC(C)=O)[C@@H](C)[C@@]3(O)[C@@H](C=C(CO)C[C@]4(O)C(=O)C(C)=C[C@@H]34)[C@@H]1C2(C)C	34;32;30;31	20;27;28;29;30;31;32;33;34;35	C[C@H]1[C@@](C)(O)[C:1003](=[O:1004])[C:1002](C)=[CH:1001]1	CC1=C[C@@H](C)[C@@](C)(O)C1=O	CSC1C(C)=C([O-])[C@](C)(O)[C@@H]1C	63dcc1daf7442126f055	02f4fa6a69ac38351420	63873bf3cc344f2bc202	ok	-16.705520264705136	12-O-acetylphorbol-13-decanoate	2.346927463113013	1.8575533914028008	2.836301534823225	0.9777601361430284	3.716094790082997	within	no listed structural alert	enone or ester; within energy range; no listed structural alert	435	cross-validated calibration; fragment-group Q2 = 0.750	within calibration range	no listed structural alert	internally cross-validated candidate (in applicability domain)	alpha-prime heteroatom; ring severed by truncation
Mol_02503	Mol_02503:atom28	enone	internally cross-validated candidate (in applicability domain)	CCCCCCCCCCCC(=O)OC12C(C3C=C(CO)C[C@]4(O)C(=O)C(C)=CC4[C@@]3(O)[C@H](C)[C@H]1OC(=O)C(C)CC)C2(C)C	28;26;24;25	21;22;23;24;25;26;27;28;29;30	CC1[C@@](C)(O)[C:1003](=[O:1004])[C:1002](C)=[CH:1001]1	CC1=CC(C)[C@@](C)(O)C1=O	CSC1C(C)=C([O-])[C@](C)(O)C1C	61a7b6e607b911707f54	7988f03336ecfb21906d	63873bf3cc344f2bc202	ok	-16.502009180472367	12-O-(2-methylbutyroyl)phorbol-13-dodecanoate	2.2590910144605703	1.787066289324361	2.73111573959678	0.8960284596525327	3.622153569268608	within	no listed structural alert	enone or ester; within energy range; no listed structural alert	429	cross-validated calibration; fragment-group Q2 = 0.750	within calibration range	no listed structural alert	internally cross-validated candidate (in applicability domain)	alpha-prime heteroatom; ring severed by truncation
Mol_02504	Mol_02504:atom33	enone	internally cross-validated candidate (in applicability domain)	CCCCCCCCCCCCCC(=O)O[C@@H]1[C@@H](C)[C@@]2(O)[C@@H](C=C(CO)C[C@]3(O)C(=O)C(C)=C[C@@H]23)[C@@H]2C(C)(C)[C@]12OC(C)=O	33;31;29;30	19;26;27;28;29;30;31;32;33;34	C[C@H]1[C@@](C)(O)[C:1003](=[O:1004])[C:1002](C)=[CH:1001]1	CC1=C[C@@H](C)[C@@](C)(O)C1=O	CSC1C(C)=C([O-])[C@](C)(O)[C@@H]1C	63dcc1daf7442126f055	02f4fa6a69ac38351420	63873bf3cc344f2bc202	ok	-16.705520264705136	12-O-tetradecanoylphorbol-13-acetate	2.346927463113013	1.8575533914028008	2.836301534823225	0.9777601361430284	3.716094790082997	within	no listed structural alert	enone or ester; within energy range; no listed structural alert	435	cross-validated calibration; fragment-group Q2 = 0.750	within calibration range	no listed structural alert	internally cross-validated candidate (in applicability domain)	alpha-prime heteroatom; ring severed by truncation
Mol_02505	Mol_02505:atom31	enone	internally cross-validated candidate (in applicability domain)	CC1=C[C@@H]2[C@](C)([C@H](C)[C@@H](OC(=O)c3ccccc3)[C@@]3(OC(=O)C(C)C)C(C)(C)[C@@]23C)[C@@H]2C=C(C)C(=O)[C@@H]2C1	31;32;34;35	4;30;31;32;33;34;35;36;37	C[C@@H]1[C@H](C)[CH:1001]=[C:1002](C)[C:1003]1=[O:1004]	CC1=C[C@@H](C)[C@@H](C)C1=O	CSC1C(C)=C([O-])[C@H](C)[C@@H]1C	bed5201af56cb2f84ccb	3f919977f0e51131296a	63873bf3cc344f2bc202	ok	-13.649692892024738	4,20-dideoxy(4lpha)phorbol-12-benzoate-13-isobutyrate	1.0280163820626598	0.6856614484091339	1.3703713157161856	-0.295743070321651	2.3517758344469706	within	no listed structural alert	enone or ester; within energy range; no listed structural alert	434	cross-validated calibration; fragment-group Q2 = 0.750	within calibration range	no listed structural alert	internally cross-validated candidate (in applicability domain)	ring severed by truncation
Mol_02644	Mol_02644:atom14	enone	internally cross-validated candidate (in applicability domain)	CCCCCCC(=O)O[C@H]1C(=O)C(C)=C(\C=C/C(C)=C/C=C/C(C)=C/C=C/C=C(C)/C=C/C=C(C)/C=C/C2=C(C)C(=O)[C@H](OC(=O)CCCCCC)C2(C)C)C1(C)C	14;12;10;11	8;9;10;11;12;13;14;15;16;55;56;57	C=C[C:1001]1=[C:1002](C)[C:1003](=[O:1004])[C@H](O)C1(C)C	C=CC1=C(C)C(=O)[C@H](O)C1(C)C	C=CC1(SC)C(C)=C([O-])[C@H](O)C1(C)C	94854ed97ca4dc5b2a3c	cda4f5c36aa7972b97f1	63873bf3cc344f2bc202	ok	-10.190016149990416	hurghadin	-0.46519819959705	-1.0221949454468962	0.091798546252796	-1.8599661236859355	0.9295697244918352	within	no listed structural alert	enone or ester; within energy range; no listed structural alert	172	cross-validated calibration; fragment-group Q2 = 0.750	within calibration range	no listed structural alert	internally cross-validated candidate (in applicability domain)	alpha-prime heteroatom
Mol_02644	Mol_02644:atom37	enone	internally cross-validated candidate (in applicability domain)	CCCCCCC(=O)O[C@H]1C(=O)C(C)=C(\C=C/C(C)=C/C=C/C(C)=C/C=C/C=C(C)/C=C/C=C(C)/C=C/C2=C(C)C(=O)[C@H](OC(=O)CCCCCC)C2(C)C)C1(C)C	37;38;40;41	35;36;37;38;39;40;41;42;43;52;53;54	C=C[C:1001]1=[C:1002](C)[C:1003](=[O:1004])[C@H](O)C1(C)C	C=CC1=C(C)C(=O)[C@H](O)C1(C)C	C=CC1(SC)C(C)=C([O-])[C@H](O)C1(C)C	94854ed97ca4dc5b2a3c	cda4f5c36aa7972b97f1	63873bf3cc344f2bc202	ok	-10.190016149990416	hurghadin	-0.46519819959705	-1.0221949454468962	0.091798546252796	-1.8599661236859355	0.9295697244918352	within	no listed structural alert	enone or ester; within energy range; no listed structural alert	172	cross-validated calibration; fragment-group Q2 = 0.750	within calibration range	no listed structural alert	internally cross-validated candidate (in applicability domain)	alpha-prime heteroatom
Mol_02945	Mol_02945:atom1	ester	ranked hypothesis (in applicability domain)	C/C=C(\C)C(=O)O[C@@H]1C2(OC(C)=O)[C@H]3OC4(C(C)C)OC35C3=CC(=O)O[C@@H](c6ccoc6)[C@]3(C)CCC5(O4)[C@]3(C)[C@@H](CC(=O)OC)[C@@]1(C)C[C@]23O	1;2;4;5	0;1;2;3;4;5;6;7	CO[C:1003](/[C:1002](C)=[CH:1001]/C)=[O:1004]	C/C=C(\C)C(=O)OC	COC([O-])=C(C)C(C)SC	2d67f2c0c8fbe9e3fd3e	45b330041a48775c0812	63873bf3cc344f2bc202	ok	-11.93330027436887	swietephragmin A	-2.056981866747176	-2.725064905864692	-1.3888988276296597	-3.290302356563004	-0.8236613769313474	within	no listed structural alert	enone or ester; within energy range; no listed structural alert	21	weak calibration; fragment-group Q2 = 0.287; ranked hypothesis only	within calibration range	no listed structural alert	ranked hypothesis (in applicability domain)	ring severed by truncation
Mol_02946	Mol_02946:atom1	ester	ranked hypothesis (in applicability domain)	C/C=C(\C)C(=O)O[C@@H]1C2(OC(C)=O)[C@H]3OC4(C(C)CC)OC35C3=CC(=O)O[C@@H](c6ccoc6)[C@]3(C)CCC5(O4)[C@]3(C)[C@@H](CC(=O)OC)[C@@]1(C)C[C@]23O	1;2;4;5	0;1;2;3;4;5;6;7	CO[C:1003](/[C:1002](C)=[CH:1001]/C)=[O:1004]	C/C=C(\C)C(=O)OC	COC([O-])=C(C)C(C)SC	2d67f2c0c8fbe9e3fd3e	45b330041a48775c0812	63873bf3cc344f2bc202	ok	-11.93330027436887	swietephragmin B	-2.056981866747176	-2.725064905864692	-1.3888988276296597	-3.290302356563004	-0.8236613769313474	within	no listed structural alert	enone or ester; within energy range; no listed structural alert	21	weak calibration; fragment-group Q2 = 0.287; ranked hypothesis only	within calibration range	no listed structural alert	ranked hypothesis (in applicability domain)	ring severed by truncation
Mol_02947	Mol_02947:atom1	ester	ranked hypothesis (in applicability domain)	C/C=C(\C)C(=O)O[C@@H]1C2(O)[C@H]3OC4(C(C)CC)OC35C3=CC(=O)O[C@@H](c6ccoc6)[C@]3(C)CCC5(O4)[C@]3(C)[C@@H](CC(=O)OC)[C@@]1(C)C[C@]23O	1;2;4;5	0;1;2;3;4;5;6;7	CO[C:1003](/[C:1002](C)=[CH:1001]/C)=[O:1004]	C/C=C(\C)C(=O)OC	COC([O-])=C(C)C(C)SC	2d67f2c0c8fbe9e3fd3e	45b330041a48775c0812	63873bf3cc344f2bc202	ok	-11.93330027436887	swietephragmin C	-2.056981866747176	-2.725064905864692	-1.3888988276296597	-3.290302356563004	-0.8236613769313474	within	no listed structural alert	enone or ester; within energy range; no listed structural alert	21	weak calibration; fragment-group Q2 = 0.287; ranked hypothesis only	within calibration range	no listed structural alert	ranked hypothesis (in applicability domain)	ring severed by truncation
Mol_02948	Mol_02948:atom1	ester	ranked hypothesis (in applicability domain)	C/C=C(\C)C(=O)O[C@@H]1C2(O)[C@H]3OC4(C(C)C)OC35C3=CC(=O)O[C@@H](c6ccoc6)[C@]3(C)CCC5(O4)[C@]3(C)[C@@H](CC(=O)OC)[C@@]1(C)C[C@]23O	1;2;4;5	0;1;2;3;4;5;6;7	CO[C:1003](/[C:1002](C)=[CH:1001]/C)=[O:1004]	C/C=C(\C)C(=O)OC	COC([O-])=C(C)C(C)SC	2d67f2c0c8fbe9e3fd3e	45b330041a48775c0812	63873bf3cc344f2bc202	ok	-11.93330027436887	swietephragmin D	-2.056981866747176	-2.725064905864692	-1.3888988276296597	-3.290302356563004	-0.8236613769313474	within	no listed structural alert	enone or ester; within energy range; no listed structural alert	21	weak calibration; fragment-group Q2 = 0.287; ranked hypothesis only	within calibration range	no listed structural alert	ranked hypothesis (in applicability domain)	ring severed by truncation
Mol_02949	Mol_02949:atom1	ester	ranked hypothesis (in applicability domain)	C/C=C(\C)C(=O)O[C@@H]1C2(O)[C@H]3OC4(C(C)CC)OC35C3=CC(=O)O[C@@H](c6ccoc6)[C@]3(C)CCC5(O4)[C@]3(C)[C@@H]([C@@H](O)C(=O)OC)[C@@]1(C)C[C@]23O	1;2;4;5	0;1;2;3;4;5;6;7	CO[C:1003](/[C:1002](C)=[CH:1001]/C)=[O:1004]	C/C=C(\C)C(=O)OC	COC([O-])=C(C)C(C)SC	2d67f2c0c8fbe9e3fd3e	45b330041a48775c0812	63873bf3cc344f2bc202	ok	-11.93330027436887	swietephragmin E	-2.056981866747176	-2.725064905864692	-1.3888988276296597	-3.290302356563004	-0.8236613769313474	within	no listed structural alert	enone or ester; within energy range; no listed structural alert	21	weak calibration; fragment-group Q2 = 0.287; ranked hypothesis only	within calibration range	no listed structural alert	ranked hypothesis (in applicability domain)	ring severed by truncation
Mol_02950	Mol_02950:atom1	ester	ranked hypothesis (in applicability domain)	C/C=C(\C)C(=O)O[C@@H]1C2(O)[C@H]3OC4(CC)OC35C3=CC(=O)O[C@@H](c6ccoc6)[C@]3(C)CCC5(O4)[C@]3(C)[C@@H](CC(=O)OC)[C@@]1(C)C[C@]23O	1;2;4;5	0;1;2;3;4;5;6;7	CO[C:1003](/[C:1002](C)=[CH:1001]/C)=[O:1004]	C/C=C(\C)C(=O)OC	COC([O-])=C(C)C(C)SC	2d67f2c0c8fbe9e3fd3e	45b330041a48775c0812	63873bf3cc344f2bc202	ok	-11.93330027436887	swietephragmin F	-2.056981866747176	-2.725064905864692	-1.3888988276296597	-3.290302356563004	-0.8236613769313474	within	no listed structural alert	enone or ester; within energy range; no listed structural alert	21	weak calibration; fragment-group Q2 = 0.287; ranked hypothesis only	within calibration range	no listed structural alert	ranked hypothesis (in applicability domain)	ring severed by truncation
Mol_02951	Mol_02951:atom1	ester	ranked hypothesis (in applicability domain)	C/C=C(\C)C(=O)O[C@H]1C(C)(C)[C@H]([C@@H](O)C(=O)OC)[C@]2(C)C(=O)[C@@]1(O)CC1=C3CC(=O)O[C@@H](c4ccoc4)[C@]3(C)CC[C@@H]12	1;2;4;5	0;1;2;3;4;5;6;7	CO[C:1003](/[C:1002](C)=[CH:1001]/C)=[O:1004]	C/C=C(\C)C(=O)OC	COC([O-])=C(C)C(C)SC	2d67f2c0c8fbe9e3fd3e	45b330041a48775c0812	63873bf3cc344f2bc202	ok	-11.93330027436887	2-hydroxy-3-O-tigloylswietenolide	-2.056981866747176	-2.725064905864692	-1.3888988276296597	-3.290302356563004	-0.8236613769313474	within	no listed structural alert	enone or ester; within energy range; no listed structural alert	21	weak calibration; fragment-group Q2 = 0.287; ranked hypothesis only	within calibration range	no listed structural alert	ranked hypothesis (in applicability domain)	ring severed by truncation
Mol_02954	Mol_02954:atom1	ester	ranked hypothesis (in applicability domain)	C/C=C(\C)C(=O)O[C@@H]1C2(O)[C@H]3OC4(C)OC35C3=CC(=O)O[C@@H](c6ccoc6)[C@]3(C)CCC5(O4)[C@]3(C)[C@@H](CC(=O)OC)[C@@]1(C)C[C@]23O	1;2;4;5	0;1;2;3;4;5;6;7	CO[C:1003](/[C:1002](C)=[CH:1001]/C)=[O:1004]	C/C=C(\C)C(=O)OC	COC([O-])=C(C)C(C)SC	2d67f2c0c8fbe9e3fd3e	45b330041a48775c0812	63873bf3cc344f2bc202	ok	-11.93330027436887	swietephragmin G	-2.056981866747176	-2.725064905864692	-1.3888988276296597	-3.290302356563004	-0.8236613769313474	within	no listed structural alert	enone or ester; within energy range; no listed structural alert	21	weak calibration; fragment-group Q2 = 0.287; ranked hypothesis only	within calibration range	no listed structural alert	ranked hypothesis (in applicability domain)	ring severed by truncation
Mol_02956	Mol_02956:atom1	ester	ranked hypothesis (in applicability domain)	C/C=C(\C)C(=O)O[C@H]1C(C)(C)[C@H]([C@@H](O)C(=O)OC)[C@]2(C)C(=O)[C@@]1(O)[C@H]1O[C@]13[C@@H]1CC(=O)O[C@@H](c4ccoc4)[C@]1(C)CC[C@H]23	1;2;4;5	0;1;2;3;4;5;6;7	CO[C:1003](/[C:1002](C)=[CH:1001]/C)=[O:1004]	C/C=C(\C)C(=O)OC	COC([O-])=C(C)C(C)SC	2d67f2c0c8fbe9e3fd3e	45b330041a48775c0812	63873bf3cc344f2bc202	ok	-11.93330027436887	swietemahonin G	-2.056981866747176	-2.725064905864692	-1.3888988276296597	-3.290302356563004	-0.8236613769313474	within	no listed structural alert	enone or ester; within energy range; no listed structural alert	21	weak calibration; fragment-group Q2 = 0.287; ranked hypothesis only	within calibration range	no listed structural alert	ranked hypothesis (in applicability domain)	ring severed by truncation
Mol_02960	Mol_02960:atom1	ester	ranked hypothesis (in applicability domain)	C/C=C(\C)C(=O)OC1[C@]2(C)C[C@@]3(O)[C@@](C)([C@H]2CC(=O)OC)[C@]24OC5(C(C)CC)O[C@@H]([C@]2(O5)C2=CC(=O)O[C@@H](c5ccoc5)[C@]2(C)C[C@H]4O)[C@@]13OC(C)=O	1;2;4;5	0;1;2;3;4;5;6;7	CO[C:1003](/[C:1002](C)=[CH:1001]/C)=[O:1004]	C/C=C(\C)C(=O)OC	COC([O-])=C(C)C(C)SC	2d67f2c0c8fbe9e3fd3e	45b330041a48775c0812	63873bf3cc344f2bc202	ok	-11.93330027436887	11-hydroxyswietephragmin B	-2.056981866747176	-2.725064905864692	-1.3888988276296597	-3.290302356563004	-0.8236613769313474	within	no listed structural alert	enone or ester; within energy range; no listed structural alert	21	weak calibration; fragment-group Q2 = 0.287; ranked hypothesis only	within calibration range	no listed structural alert	ranked hypothesis (in applicability domain)	ring severed by truncation
Mol_02961	Mol_02961:atom1	ester	ranked hypothesis (in applicability domain)	C/C=C(\C)C(=O)OC1C(C)(C)[C@H](CC(=O)OC)[C@]2(C)C(=O)[C@@]1(O)C=C1C3CC(=O)O[C@@H](c4ccoc4)[C@]3(C)CCC12	1;2;4;5	0;1;2;3;4;5;6;7	CO[C:1003](/[C:1002](C)=[CH:1001]/C)=[O:1004]	C/C=C(\C)C(=O)OC	COC([O-])=C(C)C(C)SC	2d67f2c0c8fbe9e3fd3e	45b330041a48775c0812	63873bf3cc344f2bc202	ok	-11.93330027436887	2-hydroxy-6-deacetoxyswietenine	-2.056981866747176	-2.725064905864692	-1.3888988276296597	-3.290302356563004	-0.8236613769313474	within	no listed structural alert	enone or ester; within energy range; no listed structural alert	21	weak calibration; fragment-group Q2 = 0.287; ranked hypothesis only	within calibration range	no listed structural alert	ranked hypothesis (in applicability domain)	ring severed by truncation
Mol_02962	Mol_02962:atom1	ester	ranked hypothesis (in applicability domain)	C/C=C(\C)C(=O)OC1C(C)(C)[C@H]([C@@H](OC(C)=O)C(=O)OC)[C@]2(C)C(=O)[C@@]1(O)C=C1C3CC(=O)O[C@@H](c4ccoc4)[C@]3(C)CCC12	1;2;4;5	0;1;2;3;4;5;6;7	CO[C:1003](/[C:1002](C)=[CH:1001]/C)=[O:1004]	C/C=C(\C)C(=O)OC	COC([O-])=C(C)C(C)SC	2d67f2c0c8fbe9e3fd3e	45b330041a48775c0812	63873bf3cc344f2bc202	ok	-11.93330027436887	6-O-acetyl-2-hydroxyswietenin	-2.056981866747176	-2.725064905864692	-1.3888988276296597	-3.290302356563004	-0.8236613769313474	within	no listed structural alert	enone or ester; within energy range; no listed structural alert	21	weak calibration; fragment-group Q2 = 0.287; ranked hypothesis only	within calibration range	no listed structural alert	ranked hypothesis (in applicability domain)	ring severed by truncation
Mol_02967	Mol_02967:atom1	ester	ranked hypothesis (in applicability domain)	C/C=C(/C)C(=O)O[C@@H]1C23O[C@](C)(OC)OC2C24OC5(C)OC2(C(O)C[C@@](C)([C@@H](OC(C)=O)c2ccoc2)C4(CC(=O)OC)O5)C2(C)C(CC(=O)OC)[C@@]1(C)CC32O	1;2;4;5	0;1;2;3;4;5;6;7	CO[C:1003](/[C:1002](C)=[CH:1001]\C)=[O:1004]	C/C=C(/C)C(=O)OC	COC([O-])=C(C)C(C)SC	2f2cf585931c3a41315c	45b330041a48775c0812	63873bf3cc344f2bc202	ok	-12.87931274693731	swietenialide A	-1.6835133492610952	-2.254660141059235	-1.112366557462955	-2.8671320130309628	-0.4998946854912278	within	no listed structural alert	enone or ester; within energy range; no listed structural alert	14	weak calibration; fragment-group Q2 = 0.287; ranked hypothesis only	within calibration range	no listed structural alert	ranked hypothesis (in applicability domain)	ring severed by truncation
Mol_02968	Mol_02968:atom1	ester	ranked hypothesis (in applicability domain)	C/C=C(/C)C(=O)O[C@@H]1C23O[C@](CC)(OC)OC2C24OC5(C)OC2(C(O)C[C@@](C)([C@@H](OC(C)=O)c2ccoc2)C4(CC(=O)OC)O5)C2(C)C(CC(=O)OC)[C@@]1(C)CC32O	1;2;4;5	0;1;2;3;4;5;6;7	CO[C:1003](/[C:1002](C)=[CH:1001]\C)=[O:1004]	C/C=C(/C)C(=O)OC	COC([O-])=C(C)C(C)SC	2f2cf585931c3a41315c	45b330041a48775c0812	63873bf3cc344f2bc202	ok	-12.87931274693731	swietenialide B	-1.6835133492610952	-2.254660141059235	-1.112366557462955	-2.8671320130309628	-0.4998946854912278	within	no listed structural alert	enone or ester; within energy range; no listed structural alert	14	weak calibration; fragment-group Q2 = 0.287; ranked hypothesis only	within calibration range	no listed structural alert	ranked hypothesis (in applicability domain)	ring severed by truncation
Mol_02972	Mol_02972:atom1	ester	ranked hypothesis (in applicability domain)	C/C=C(\C)C(=O)O[C@H]1C(C)(C)[C@H]([C@@H](O)C(=O)OC)[C@]2(C)C(=O)[C@@]1(O)C=C1[C@@H]3CC(=O)O[C@@H](c4ccoc4)[C@]3(C)CC[C@@H]12	1;2;4;5	0;1;2;3;4;5;6;7	CO[C:1003](/[C:1002](C)=[CH:1001]/C)=[O:1004]	C/C=C(\C)C(=O)OC	COC([O-])=C(C)C(C)SC	2d67f2c0c8fbe9e3fd3e	45b330041a48775c0812	63873bf3cc344f2bc202	ok	-11.93330027436887	2-hydroxyswietenin	-2.056981866747176	-2.725064905864692	-1.3888988276296597	-3.290302356563004	-0.8236613769313474	within	no listed structural alert	enone or ester; within energy range; no listed structural alert	21	weak calibration; fragment-group Q2 = 0.287; ranked hypothesis only	within calibration range	no listed structural alert	ranked hypothesis (in applicability domain)	ring severed by truncation
Mol_03043	Mol_03043:atom15	enone	internally cross-validated candidate (in applicability domain)	C=C1NC(=O)C(C)C(CCC(C)C(=O)/C=C/C(C)=C/CCC(C)CCCCCC)OC(=O)C(CCC(N)=O)NC(=O)C(C)CNC1=O	15;14;12;13	9;10;11;12;13;14;15;16;17;18	C=C(C)/[CH:1001]=[CH:1002]/[C:1003](C(C)C)=[O:1004]	C=C(C)/C=C/C(=O)C(C)C	C=C(C)C(C=C([O-])C(C)C)SC	05da9a2b0979c284bb90	b05d41b594779a04ecde	63873bf3cc344f2bc202	ok	-11.392440685344488	fusaristatin A	0.0537745205190907	-0.3970485885984982	0.5045976296366796	-1.3020918677708284	1.4096409088090098	within	no listed structural alert	enone or ester; within energy range; no listed structural alert	45	cross-validated calibration; fragment-group Q2 = 0.750	within calibration range	no listed structural alert	internally cross-validated candidate (in applicability domain)	none
Mol_03382	Mol_03382:atom0	enone	internally cross-validated candidate (in applicability domain)	C=C(CCCC(C)(C)O)C(=O)CC[C@@]1(C)CC[C@@H]([C@H](C)C(=O)OC)OO1	0;1;9;10	0;1;2;3;9;10;11;12	CC[C:1002](=[CH2:1001])[C:1003](CC)=[O:1004]	C=C(CC)C(=O)CC	CCC([O-])=C(CC)CSC	2c792c87386e8b047889	9a63a90923af441bf95d	63873bf3cc344f2bc202	ok	-16.669796768220532	aikupikoxide D	2.3315090151376348	1.845226212578393	2.8177918176968766	0.9634435374485107	3.699574492826759	within	no listed structural alert	enone or ester; within energy range; no listed structural alert	65	cross-validated calibration; fragment-group Q2 = 0.750	within calibration range	no listed structural alert	internally cross-validated candidate (in applicability domain)	none
Mol_03676	Mol_03676:atom19	enone	internally cross-validated candidate (in applicability domain)	COc1c(C)cc(O)cc1/C=C/C(C)(O)CC(=O)/C=C(/C)CCCC(C)C(=O)/C=C/C(C)(C)O	19;18;16;17	12;15;16;17;18;19;20;21;22	CC/[C:1001](C)=[CH:1002]\[C:1003](CC)=[O:1004]	CCC(=O)/C=C(/C)CC	CCC([O-])=CC(C)(CC)SC	fc406594cd792c8bf4bc	c3f8e5c5606056512c5f	63873bf3cc344f2bc202	ok	-8.893008995869387	cystodione A	-1.0249932727956177	-1.7129884461990446	-0.3369980993921904	-2.477050277808269	0.4270637322170343	within	no listed structural alert	enone or ester; within energy range; no listed structural alert	475	cross-validated calibration; fragment-group Q2 = 0.750	within calibration range	no listed structural alert	internally cross-validated candidate (in applicability domain)	none
Mol_03676	Mol_03676:atom29	enone	internally cross-validated candidate (in applicability domain)	COc1c(C)cc(O)cc1/C=C/C(C)(O)CC(=O)/C=C(/C)CCCC(C)C(=O)/C=C/C(C)(C)O	29;28;26;27	23;24;25;26;27;28;29;30;31;32;33	CC(C)[C:1003](/[CH:1002]=[CH:1001]/C(C)(C)O)=[O:1004]	CC(C)C(=O)/C=C/C(C)(C)O	CSC(C=C([O-])C(C)C)C(C)(C)O	cb61b571d48b191c3abc	85d951fd08fc055ef166	63873bf3cc344f2bc202	ok	-15.342229819876737	cystodione A	1.7585241748745526	1.3699328155687531	2.147115534180352	0.4220603962007612	3.094987953548344	within	no listed structural alert	enone or ester; within energy range; no listed structural alert	241	cross-validated calibration; fragment-group Q2 = 0.750	within calibration range	no listed structural alert	internally cross-validated candidate (in applicability domain)	none
Mol_03677	Mol_03677:atom19	enone	internally cross-validated candidate (in applicability domain)	COc1c(C)cc(O)cc1/C=C/C(C)(O)CC(=O)/C=C(\C)CCCC(C)C(=O)/C=C/C(C)(C)O	19;18;16;17	12;15;16;17;18;19;20;21;22	CC/[C:1001](C)=[CH:1002]/[C:1003](CC)=[O:1004]	CCC(=O)/C=C(\C)CC	CCC([O-])=CC(C)(CC)SC	de074114e3e290d3ac0a	c3f8e5c5606056512c5f	63873bf3cc344f2bc202	ok	-9.109098088222668	cystodione B	-0.9317280900346988	-1.5971080529960582	-0.2663481270733395	-2.3732074281767206	0.5097512481073225	within	no listed structural alert	enone or ester; within energy range; no listed structural alert	476	cross-validated calibration; fragment-group Q2 = 0.750	within calibration range	no listed structural alert	internally cross-validated candidate (in applicability domain)	none
Mol_03677	Mol_03677:atom29	enone	internally cross-validated candidate (in applicability domain)	COc1c(C)cc(O)cc1/C=C/C(C)(O)CC(=O)/C=C(\C)CCCC(C)C(=O)/C=C/C(C)(C)O	29;28;26;27	23;24;25;26;27;28;29;30;31;32;33	CC(C)[C:1003](/[CH:1002]=[CH:1001]/C(C)(C)O)=[O:1004]	CC(C)C(=O)/C=C/C(C)(C)O	CSC(C=C([O-])C(C)C)C(C)(C)O	cb61b571d48b191c3abc	85d951fd08fc055ef166	63873bf3cc344f2bc202	ok	-15.342229819876737	cystodione B	1.7585241748745526	1.3699328155687531	2.147115534180352	0.4220603962007612	3.094987953548344	within	no listed structural alert	enone or ester; within energy range; no listed structural alert	241	cross-validated calibration; fragment-group Q2 = 0.750	within calibration range	no listed structural alert	internally cross-validated candidate (in applicability domain)	none
Mol_03678	Mol_03678:atom19	enone	internally cross-validated candidate (in applicability domain)	COc1c(C)cc(O)cc1/C=C/C(C)(O)CC(=O)/C=C(/C)CCCC(C)=O	19;18;16;17	12;15;16;17;18;19;20;21;22	CC/[C:1001](C)=[CH:1002]\[C:1003](CC)=[O:1004]	CCC(=O)/C=C(/C)CC	CCC([O-])=CC(C)(CC)SC	fc406594cd792c8bf4bc	c3f8e5c5606056512c5f	63873bf3cc344f2bc202	ok	-8.893008995869387	cystodione C	-1.0249932727956177	-1.7129884461990446	-0.3369980993921904	-2.477050277808269	0.4270637322170343	within	no listed structural alert	enone or ester; within energy range; no listed structural alert	475	cross-validated calibration; fragment-group Q2 = 0.750	within calibration range	no listed structural alert	internally cross-validated candidate (in applicability domain)	none
Mol_03679	Mol_03679:atom19	enone	internally cross-validated candidate (in applicability domain)	COc1c(C)cc(O)cc1/C=C/C(C)(O)CC(=O)/C=C(\C)CCCC(C)=O	19;18;16;17	12;15;16;17;18;19;20;21;22	CC/[C:1001](C)=[CH:1002]/[C:1003](CC)=[O:1004]	CCC(=O)/C=C(\C)CC	CCC([O-])=CC(C)(CC)SC	de074114e3e290d3ac0a	c3f8e5c5606056512c5f	63873bf3cc344f2bc202	ok	-9.109098088222668	cystodione D	-0.9317280900346988	-1.5971080529960582	-0.2663481270733395	-2.3732074281767206	0.5097512481073225	within	no listed structural alert	enone or ester; within energy range; no listed structural alert	476	cross-validated calibration; fragment-group Q2 = 0.750	within calibration range	no listed structural alert	internally cross-validated candidate (in applicability domain)	none
Mol_03680	Mol_03680:atom18	enone	internally cross-validated candidate (in applicability domain)	COc1c(C)cc(O)cc1C/C=C(\C)CC(=O)/C=C(/C)CCC[C@]1(C)CC(=O)[C@@H](C(C)(C)O)O1	18;17;15;16	12;14;15;16;17;18;19;20;21	CC/[C:1001](C)=[CH:1002]\[C:1003](CC)=[O:1004]	CCC(=O)/C=C(/C)CC	CCC([O-])=CC(C)(CC)SC	fc406594cd792c8bf4bc	c3f8e5c5606056512c5f	63873bf3cc344f2bc202	ok	-8.893008995869387	cystodione E	-1.0249932727956177	-1.7129884461990446	-0.3369980993921904	-2.477050277808269	0.4270637322170343	within	no listed structural alert	enone or ester; within energy range; no listed structural alert	475	cross-validated calibration; fragment-group Q2 = 0.750	within calibration range	no listed structural alert	internally cross-validated candidate (in applicability domain)	none
Mol_03681	Mol_03681:atom18	enone	internally cross-validated candidate (in applicability domain)	COc1c(C)cc(O)cc1C/C=C(\C)CC(=O)/C=C(\C)CCC[C@]1(C)CC(=O)[C@@H](C(C)(C)O)O1	18;17;15;16	12;14;15;16;17;18;19;20;21	CC/[C:1001](C)=[CH:1002]/[C:1003](CC)=[O:1004]	CCC(=O)/C=C(\C)CC	CCC([O-])=CC(C)(CC)SC	de074114e3e290d3ac0a	c3f8e5c5606056512c5f	63873bf3cc344f2bc202	ok	-9.109098088222668	cystodione F	-0.9317280900346988	-1.5971080529960582	-0.2663481270733395	-2.3732074281767206	0.5097512481073225	within	no listed structural alert	enone or ester; within energy range; no listed structural alert	476	cross-validated calibration; fragment-group Q2 = 0.750	within calibration range	no listed structural alert	internally cross-validated candidate (in applicability domain)	none
Mol_03682	Mol_03682:atom18	enone	internally cross-validated candidate (in applicability domain)	COc1c(C)cc(O)cc1C/C=C(\C)CC(=O)/C=C(/C)CCCC(C)C(=O)/C=C/C(C)(C)O	18;17;15;16	12;14;15;16;17;18;19;20;21	CC/[C:1001](C)=[CH:1002]\[C:1003](CC)=[O:1004]	CCC(=O)/C=C(/C)CC	CCC([O-])=CC(C)(CC)SC	fc406594cd792c8bf4bc	c3f8e5c5606056512c5f	63873bf3cc344f2bc202	ok	-8.893008995869387	6-cis-amentadione-1'-methyl ether	-1.0249932727956177	-1.7129884461990446	-0.3369980993921904	-2.477050277808269	0.4270637322170343	within	no listed structural alert	enone or ester; within energy range; no listed structural alert	475	cross-validated calibration; fragment-group Q2 = 0.750	within calibration range	no listed structural alert	internally cross-validated candidate (in applicability domain)	none
Mol_03682	Mol_03682:atom28	enone	internally cross-validated candidate (in applicability domain)	COc1c(C)cc(O)cc1C/C=C(\C)CC(=O)/C=C(/C)CCCC(C)C(=O)/C=C/C(C)(C)O	28;27;25;26	22;23;24;25;26;27;28;29;30;31;32	CC(C)[C:1003](/[CH:1002]=[CH:1001]/C(C)(C)O)=[O:1004]	CC(C)C(=O)/C=C/C(C)(C)O	CSC(C=C([O-])C(C)C)C(C)(C)O	cb61b571d48b191c3abc	85d951fd08fc055ef166	63873bf3cc344f2bc202	ok	-15.342229819876737	6-cis-amentadione-1'-methyl ether	1.7585241748745526	1.3699328155687531	2.147115534180352	0.4220603962007612	3.094987953548344	within	no listed structural alert	enone or ester; within energy range; no listed structural alert	241	cross-validated calibration; fragment-group Q2 = 0.750	within calibration range	no listed structural alert	internally cross-validated candidate (in applicability domain)	none
Mol_03683	Mol_03683:atom18	enone	internally cross-validated candidate (in applicability domain)	COc1c(C)cc(O)cc1C/C=C(\C)CC(=O)/C=C(\C)CCCC(C)C(=O)/C=C/C(C)(C)O	18;17;15;16	12;14;15;16;17;18;19;20;21	CC/[C:1001](C)=[CH:1002]/[C:1003](CC)=[O:1004]	CCC(=O)/C=C(\C)CC	CCC([O-])=CC(C)(CC)SC	de074114e3e290d3ac0a	c3f8e5c5606056512c5f	63873bf3cc344f2bc202	ok	-9.109098088222668	amentadione-1'-methyl ether	-0.9317280900346988	-1.5971080529960582	-0.2663481270733395	-2.3732074281767206	0.5097512481073225	within	no listed structural alert	enone or ester; within energy range; no listed structural alert	476	cross-validated calibration; fragment-group Q2 = 0.750	within calibration range	no listed structural alert	internally cross-validated candidate (in applicability domain)	none
Mol_03683	Mol_03683:atom28	enone	internally cross-validated candidate (in applicability domain)	COc1c(C)cc(O)cc1C/C=C(\C)CC(=O)/C=C(\C)CCCC(C)C(=O)/C=C/C(C)(C)O	28;27;25;26	22;23;24;25;26;27;28;29;30;31;32	CC(C)[C:1003](/[CH:1002]=[CH:1001]/C(C)(C)O)=[O:1004]	CC(C)C(=O)/C=C/C(C)(C)O	CSC(C=C([O-])C(C)C)C(C)(C)O	cb61b571d48b191c3abc	85d951fd08fc055ef166	63873bf3cc344f2bc202	ok	-15.342229819876737	amentadione-1'-methyl ether	1.7585241748745526	1.3699328155687531	2.147115534180352	0.4220603962007612	3.094987953548344	within	no listed structural alert	enone or ester; within energy range; no listed structural alert	241	cross-validated calibration; fragment-group Q2 = 0.750	within calibration range	no listed structural alert	internally cross-validated candidate (in applicability domain)	none
Mol_03684	Mol_03684:atom18	enone	internally cross-validated candidate (in applicability domain)	COc1c(C)cc(O)cc1C/C=C(\C)CC(=O)/C=C(/C)CCCC(C)=O	18;17;15;16	12;14;15;16;17;18;19;20;21	CC/[C:1001](C)=[CH:1002]\[C:1003](CC)=[O:1004]	CCC(=O)/C=C(/C)CC	CCC([O-])=CC(C)(CC)SC	fc406594cd792c8bf4bc	c3f8e5c5606056512c5f	63873bf3cc344f2bc202	ok	-8.893008995869387	cystomexicone A	-1.0249932727956177	-1.7129884461990446	-0.3369980993921904	-2.477050277808269	0.4270637322170343	within	no listed structural alert	enone or ester; within energy range; no listed structural alert	475	cross-validated calibration; fragment-group Q2 = 0.750	within calibration range	no listed structural alert	internally cross-validated candidate (in applicability domain)	none
Mol_03685	Mol_03685:atom18	enone	internally cross-validated candidate (in applicability domain)	COc1c(C)cc(O)cc1C/C=C(\C)CC(=O)/C=C(\C)CCCC(C)=O	18;17;15;16	12;14;15;16;17;18;19;20;21	CC/[C:1001](C)=[CH:1002]/[C:1003](CC)=[O:1004]	CCC(=O)/C=C(\C)CC	CCC([O-])=CC(C)(CC)SC	de074114e3e290d3ac0a	c3f8e5c5606056512c5f	63873bf3cc344f2bc202	ok	-9.109098088222668	cystomexicone B	-0.9317280900346988	-1.5971080529960582	-0.2663481270733395	-2.3732074281767206	0.5097512481073225	within	no listed structural alert	enone or ester; within energy range; no listed structural alert	476	cross-validated calibration; fragment-group Q2 = 0.750	within calibration range	no listed structural alert	internally cross-validated candidate (in applicability domain)	none
Mol_03686	Mol_03686:atom18	enone	internally cross-validated candidate (in applicability domain)	COc1c(C)cc(O)cc1C/C=C(\C)CC(=O)/C=C(/C)CCCC(C)(O)C(=O)/C=C/C(C)(C)O	18;17;15;16	12;14;15;16;17;18;19;20;21	CC/[C:1001](C)=[CH:1002]\[C:1003](CC)=[O:1004]	CCC(=O)/C=C(/C)CC	CCC([O-])=CC(C)(CC)SC	fc406594cd792c8bf4bc	c3f8e5c5606056512c5f	63873bf3cc344f2bc202	ok	-8.893008995869387	usneoidone Z	-1.0249932727956177	-1.7129884461990446	-0.3369980993921904	-2.477050277808269	0.4270637322170343	within	no listed structural alert	enone or ester; within energy range; no listed structural alert	475	cross-validated calibration; fragment-group Q2 = 0.750	within calibration range	no listed structural alert	internally cross-validated candidate (in applicability domain)	none
Mol_03687	Mol_03687:atom18	enone	internally cross-validated candidate (in applicability domain)	COc1c(C)cc(O)cc1C/C=C(\C)CC(=O)/C=C(\C)CCCC1(C)OC(C)(C)C=CC1=O	18;17;15;16	12;14;15;16;17;18;19;20;21	CC/[C:1001](C)=[CH:1002]/[C:1003](CC)=[O:1004]	CCC(=O)/C=C(\C)CC	CCC([O-])=CC(C)(CC)SC	de074114e3e290d3ac0a	c3f8e5c5606056512c5f	63873bf3cc344f2bc202	ok	-9.109098088222668	usneoidone E	-0.9317280900346988	-1.5971080529960582	-0.2663481270733395	-2.3732074281767206	0.5097512481073225	within	no listed structural alert	enone or ester; within energy range; no listed structural alert	476	cross-validated calibration; fragment-group Q2 = 0.750	within calibration range	no listed structural alert	internally cross-validated candidate (in applicability domain)	none
Mol_03730	Mol_03730:atom1	ester	ranked hypothesis (in applicability domain)	C/C=C(\C)C(=O)OC1CC2C=CC(C1)N2C	1;2;4;5	0;1;2;3;4;5;6;7	CO[C:1003](/[C:1002](C)=[CH:1001]/C)=[O:1004]	C/C=C(\C)C(=O)OC	COC([O-])=C(C)C(C)SC	2d67f2c0c8fbe9e3fd3e	45b330041a48775c0812	63873bf3cc344f2bc202	ok	-11.93330027436887	6,7-dehydro-3-tigloyloxytropane	-2.056981866747176	-2.725064905864692	-1.3888988276296597	-3.290302356563004	-0.8236613769313474	within	no listed structural alert	enone or ester; within energy range; no listed structural alert	21	weak calibration; fragment-group Q2 = 0.287; ranked hypothesis only	within calibration range	no listed structural alert	ranked hypothesis (in applicability domain)	ring severed by truncation
Mol_03732	Mol_03732:atom1	ester	ranked hypothesis (in applicability domain)	C/C=C(\C)C(=O)OC1C[C@H]2CC[C@@H](C1)N2C	1;2;4;5	0;1;2;3;4;5;6;7	CO[C:1003](/[C:1002](C)=[CH:1001]/C)=[O:1004]	C/C=C(\C)C(=O)OC	COC([O-])=C(C)C(C)SC	2d67f2c0c8fbe9e3fd3e	45b330041a48775c0812	63873bf3cc344f2bc202	ok	-11.93330027436887	3alpha-tigloyloxytropane	-2.056981866747176	-2.725064905864692	-1.3888988276296597	-3.290302356563004	-0.8236613769313474	within	no listed structural alert	enone or ester; within energy range; no listed structural alert	21	weak calibration; fragment-group Q2 = 0.287; ranked hypothesis only	within calibration range	no listed structural alert	ranked hypothesis (in applicability domain)	ring severed by truncation
Mol_03734	Mol_03734:atom1	ester	ranked hypothesis (in applicability domain)	C/C=C(\C)C(=O)O[C@@H]1C[C@H]2CC[C@@H](C1)N2C	1;2;4;5	0;1;2;3;4;5;6;7	CO[C:1003](/[C:1002](C)=[CH:1001]/C)=[O:1004]	C/C=C(\C)C(=O)OC	COC([O-])=C(C)C(C)SC	2d67f2c0c8fbe9e3fd3e	45b330041a48775c0812	63873bf3cc344f2bc202	ok	-11.93330027436887	3beta-tigloyloxytropane	-2.056981866747176	-2.725064905864692	-1.3888988276296597	-3.290302356563004	-0.8236613769313474	within	no listed structural alert	enone or ester; within energy range; no listed structural alert	21	weak calibration; fragment-group Q2 = 0.287; ranked hypothesis only	within calibration range	no listed structural alert	ranked hypothesis (in applicability domain)	ring severed by truncation
Mol_03739	Mol_03739:atom1	ester	ranked hypothesis (in applicability domain)	C/C=C(\C)C(=O)OC1CC2C3OC3C(C1)N2C	1;2;4;5	0;1;2;3;4;5;6;7	CO[C:1003](/[C:1002](C)=[CH:1001]/C)=[O:1004]	C/C=C(\C)C(=O)OC	COC([O-])=C(C)C(C)SC	2d67f2c0c8fbe9e3fd3e	45b330041a48775c0812	63873bf3cc344f2bc202	ok	-11.93330027436887	3-tigloyloxy-6,7-epoxytropane	-2.056981866747176	-2.725064905864692	-1.3888988276296597	-3.290302356563004	-0.8236613769313474	within	no listed structural alert	enone or ester; within energy range; no listed structural alert	21	weak calibration; fragment-group Q2 = 0.287; ranked hypothesis only	within calibration range	no listed structural alert	ranked hypothesis (in applicability domain)	ring severed by truncation
Mol_03740	Mol_03740:atom1	ester	ranked hypothesis (in applicability domain)	C/C=C(\C)C(=O)OC1CC2CC(O)C(C1)N2C	1;2;4;5	0;1;2;3;4;5;6;7	CO[C:1003](/[C:1002](C)=[CH:1001]/C)=[O:1004]	C/C=C(\C)C(=O)OC	COC([O-])=C(C)C(C)SC	2d67f2c0c8fbe9e3fd3e	45b330041a48775c0812	63873bf3cc344f2bc202	ok	-11.93330027436887	3-tigloyloxy-6-hydroxytropane	-2.056981866747176	-2.725064905864692	-1.3888988276296597	-3.290302356563004	-0.8236613769313474	within	no listed structural alert	enone or ester; within energy range; no listed structural alert	21	weak calibration; fragment-group Q2 = 0.287; ranked hypothesis only	within calibration range	no listed structural alert	ranked hypothesis (in applicability domain)	ring severed by truncation
Mol_03741	Mol_03741:atom1	ester	ranked hypothesis (in applicability domain)	C/C=C(\C)C(=O)OCN1C2CC(O)C[C@@H]1C2	1;2;4;5	0;1;2;3;4;5;6;7	CO[C:1003](/[C:1002](C)=[CH:1001]/C)=[O:1004]	C/C=C(\C)C(=O)OC	COC([O-])=C(C)C(C)SC	2d67f2c0c8fbe9e3fd3e	45b330041a48775c0812	63873bf3cc344f2bc202	ok	-11.93330027436887	3alpha-hydroxy-6beta-tigloyloxytropane	-2.056981866747176	-2.725064905864692	-1.3888988276296597	-3.290302356563004	-0.8236613769313474	within	no listed structural alert	enone or ester; within energy range; no listed structural alert	21	weak calibration; fragment-group Q2 = 0.287; ranked hypothesis only	within calibration range	no listed structural alert	ranked hypothesis (in applicability domain)	none
Mol_03742	Mol_03742:atom1	ester	ranked hypothesis (in applicability domain)	C/C=C(\C)C(=O)O[C@@H]1C[C@H]2C[C@H](O)C[C@@H]1N2C	1;2;4;5	0;1;2;3;4;5;6;7	CO[C:1003](/[C:1002](C)=[CH:1001]/C)=[O:1004]	C/C=C(\C)C(=O)OC	COC([O-])=C(C)C(C)SC	2d67f2c0c8fbe9e3fd3e	45b330041a48775c0812	63873bf3cc344f2bc202	ok	-11.93330027436887	3beta-Hydroxy-6beta-tigloyloxytropane	-2.056981866747176	-2.725064905864692	-1.3888988276296597	-3.290302356563004	-0.8236613769313474	within	no listed structural alert	enone or ester; within energy range; no listed structural alert	21	weak calibration; fragment-group Q2 = 0.287; ranked hypothesis only	within calibration range	no listed structural alert	ranked hypothesis (in applicability domain)	ring severed by truncation
Mol_03743	Mol_03743:atom1	ester	ranked hypothesis (in applicability domain)	C/C=C(\C)C(=O)O[C@H]1C[C@@H]2C[C@@H](OC(C)=O)[C@H](C1)N2C	1;2;4;5	0;1;2;3;4;5;6;7	CO[C:1003](/[C:1002](C)=[CH:1001]/C)=[O:1004]	C/C=C(\C)C(=O)OC	COC([O-])=C(C)C(C)SC	2d67f2c0c8fbe9e3fd3e	45b330041a48775c0812	63873bf3cc344f2bc202	ok	-11.93330027436887	3-tigloyloxy-6-acetoxytropane	-2.056981866747176	-2.725064905864692	-1.3888988276296597	-3.290302356563004	-0.8236613769313474	within	no listed structural alert	enone or ester; within energy range; no listed structural alert	21	weak calibration; fragment-group Q2 = 0.287; ranked hypothesis only	within calibration range	no listed structural alert	ranked hypothesis (in applicability domain)	ring severed by truncation
Mol_03745	Mol_03745:atom1	ester	ranked hypothesis (in applicability domain)	C/C=C(\C)C(=O)OC1CC2C(O)C(OC(=O)CC)C(C1)N2C	1;2;4;5	0;1;2;3;4;5;6;7	CO[C:1003](/[C:1002](C)=[CH:1001]/C)=[O:1004]	C/C=C(\C)C(=O)OC	COC([O-])=C(C)C(C)SC	2d67f2c0c8fbe9e3fd3e	45b330041a48775c0812	63873bf3cc344f2bc202	ok	-11.93330027436887	3-tigloyloxy-6-propionyloxy-7-hydroxytropane	-2.056981866747176	-2.725064905864692	-1.3888988276296597	-3.290302356563004	-0.8236613769313474	within	no listed structural alert	enone or ester; within energy range; no listed structural alert	21	weak calibration; fragment-group Q2 = 0.287; ranked hypothesis only	within calibration range	no listed structural alert	ranked hypothesis (in applicability domain)	ring severed by truncation
Mol_03748	Mol_03748:atom1	ester	ranked hypothesis (in applicability domain)	C/C=C(\C)C(=O)OC1CC2CC(OC(=O)CC)C(C1)N2C	1;2;4;5	0;1;2;3;4;5;6;7	CO[C:1003](/[C:1002](C)=[CH:1001]/C)=[O:1004]	C/C=C(\C)C(=O)OC	COC([O-])=C(C)C(C)SC	2d67f2c0c8fbe9e3fd3e	45b330041a48775c0812	63873bf3cc344f2bc202	ok	-11.93330027436887	3-tigloyloxy-6-propionyloxytropane	-2.056981866747176	-2.725064905864692	-1.3888988276296597	-3.290302356563004	-0.8236613769313474	within	no listed structural alert	enone or ester; within energy range; no listed structural alert	21	weak calibration; fragment-group Q2 = 0.287; ranked hypothesis only	within calibration range	no listed structural alert	ranked hypothesis (in applicability domain)	ring severed by truncation
Mol_03751	Mol_03751:atom1	ester	ranked hypothesis (in applicability domain)	C/C=C(\C)C(=O)OC1CC2CC(OC(=O)C(C)C)C(C1)N2C	1;2;4;5	0;1;2;3;4;5;6;7	CO[C:1003](/[C:1002](C)=[CH:1001]/C)=[O:1004]	C/C=C(\C)C(=O)OC	COC([O-])=C(C)C(C)SC	2d67f2c0c8fbe9e3fd3e	45b330041a48775c0812	63873bf3cc344f2bc202	ok	-11.93330027436887	3-tigloyloxy-6-isobutyryloxytropane	-2.056981866747176	-2.725064905864692	-1.3888988276296597	-3.290302356563004	-0.8236613769313474	within	no listed structural alert	enone or ester; within energy range; no listed structural alert	21	weak calibration; fragment-group Q2 = 0.287; ranked hypothesis only	within calibration range	no listed structural alert	ranked hypothesis (in applicability domain)	ring severed by truncation
Mol_03752	Mol_03752:atom1	ester	ranked hypothesis (in applicability domain)	C/C=C(\C)C(=O)OC1CC2C(O)C(O)C(C1)N2C	1;2;4;5	0;1;2;3;4;5;6;7	CO[C:1003](/[C:1002](C)=[CH:1001]/C)=[O:1004]	C/C=C(\C)C(=O)OC	COC([O-])=C(C)C(C)SC	2d67f2c0c8fbe9e3fd3e	45b330041a48775c0812	63873bf3cc344f2bc202	ok	-11.93330027436887	3-tigloyloxy-6,7-dihydroxytropane	-2.056981866747176	-2.725064905864692	-1.3888988276296597	-3.290302356563004	-0.8236613769313474	within	no listed structural alert	enone or ester; within energy range; no listed structural alert	21	weak calibration; fragment-group Q2 = 0.287; ranked hypothesis only	within calibration range	no listed structural alert	ranked hypothesis (in applicability domain)	ring severed by truncation
Mol_03754	Mol_03754:atom1	ester	ranked hypothesis (in applicability domain)	C/C=C(\C)C(=O)OC1CC2C(O)C(C1)N2CO	1;2;4;5	0;1;2;3;4;5;6;7	CO[C:1003](/[C:1002](C)=[CH:1001]/C)=[O:1004]	C/C=C(\C)C(=O)OC	COC([O-])=C(C)C(C)SC	2d67f2c0c8fbe9e3fd3e	45b330041a48775c0812	63873bf3cc344f2bc202	ok	-11.93330027436887	3,7-dihydroxy-6-tigloyloxytropane	-2.056981866747176	-2.725064905864692	-1.3888988276296597	-3.290302356563004	-0.8236613769313474	within	no listed structural alert	enone or ester; within energy range; no listed structural alert	21	weak calibration; fragment-group Q2 = 0.287; ranked hypothesis only	within calibration range	no listed structural alert	ranked hypothesis (in applicability domain)	ring severed by truncation
Mol_03757	Mol_03757:atom1	ester	ranked hypothesis (in applicability domain)	C/C=C(\C)C(=O)OC1CC2CC(OC(=O)C(C)CC)C(C1)N2C	1;2;4;5	0;1;2;3;4;5;6;7	CO[C:1003](/[C:1002](C)=[CH:1001]/C)=[O:1004]	C/C=C(\C)C(=O)OC	COC([O-])=C(C)C(C)SC	2d67f2c0c8fbe9e3fd3e	45b330041a48775c0812	63873bf3cc344f2bc202	ok	-11.93330027436887	3-tigloyloxy-6-(2'-methylbutyryloxy)tropane	-2.056981866747176	-2.725064905864692	-1.3888988276296597	-3.290302356563004	-0.8236613769313474	within	no listed structural alert	enone or ester; within energy range; no listed structural alert	21	weak calibration; fragment-group Q2 = 0.287; ranked hypothesis only	within calibration range	no listed structural alert	ranked hypothesis (in applicability domain)	ring severed by truncation
Mol_03758	Mol_03758:atom1	ester	ranked hypothesis (in applicability domain)	C/C=C(\C)C(=O)OC1(OC(=O)CCC)CC2CC(C)C(C1)N2C	1;2;4;5	0;1;2;3;4;5;6;7	CO[C:1003](/[C:1002](C)=[CH:1001]/C)=[O:1004]	C/C=C(\C)C(=O)OC	COC([O-])=C(C)C(C)SC	2d67f2c0c8fbe9e3fd3e	45b330041a48775c0812	63873bf3cc344f2bc202	ok	-11.93330027436887	3-tigloyloxy-6-methylbutyryloxytropane	-2.056981866747176	-2.725064905864692	-1.3888988276296597	-3.290302356563004	-0.8236613769313474	within	no listed structural alert	enone or ester; within energy range; no listed structural alert	21	weak calibration; fragment-group Q2 = 0.287; ranked hypothesis only	within calibration range	no listed structural alert	ranked hypothesis (in applicability domain)	ring severed by truncation
Mol_03764	Mol_03764:atom1	ester	ranked hypothesis (in applicability domain)	C/C=C(\C)C(=O)OC1CC2C(O)C(OC(=O)C(C)C)C(C1)N2C	1;2;4;5	0;1;2;3;4;5;6;7	CO[C:1003](/[C:1002](C)=[CH:1001]/C)=[O:1004]	C/C=C(\C)C(=O)OC	COC([O-])=C(C)C(C)SC	2d67f2c0c8fbe9e3fd3e	45b330041a48775c0812	63873bf3cc344f2bc202	ok	-11.93330027436887	3-tigloyloxy-6-isobutyryloxy-7-hydroxytropane	-2.056981866747176	-2.725064905864692	-1.3888988276296597	-3.290302356563004	-0.8236613769313474	within	no listed structural alert	enone or ester; within energy range; no listed structural alert	21	weak calibration; fragment-group Q2 = 0.287; ranked hypothesis only	within calibration range	no listed structural alert	ranked hypothesis (in applicability domain)	ring severed by truncation
Mol_03768	Mol_03768:atom1	ester	ranked hypothesis (in applicability domain)	C/C=C(\C)C(=O)O[C@@H]1C[C@H]2C[C@H](OC(=O)/C(C)=C/C)[C@@H](C1)N2C	1;2;4;5	0;1;2;3;4;5;6;7	CO[C:1003](/[C:1002](C)=[CH:1001]/C)=[O:1004]	C/C=C(\C)C(=O)OC	COC([O-])=C(C)C(C)SC	2d67f2c0c8fbe9e3fd3e	45b330041a48775c0812	63873bf3cc344f2bc202	ok	-11.93330027436887	3,6-ditigloyloxytropane	-2.056981866747176	-2.725064905864692	-1.3888988276296597	-3.290302356563004	-0.8236613769313474	within	no listed structural alert	enone or ester; within energy range; no listed structural alert	21	weak calibration; fragment-group Q2 = 0.287; ranked hypothesis only	within calibration range	no listed structural alert	ranked hypothesis (in applicability domain)	ring severed by truncation
Mol_03768	Mol_03768:atom17	ester	ranked hypothesis (in applicability domain)	C/C=C(\C)C(=O)O[C@@H]1C[C@H]2C[C@H](OC(=O)/C(C)=C/C)[C@@H](C1)N2C	17;15;13;14	11;12;13;14;15;16;17;18	CO[C:1003](/[C:1002](C)=[CH:1001]/C)=[O:1004]	C/C=C(\C)C(=O)OC	COC([O-])=C(C)C(C)SC	2d67f2c0c8fbe9e3fd3e	45b330041a48775c0812	63873bf3cc344f2bc202	ok	-11.93330027436887	3,6-ditigloyloxytropane	-2.056981866747176	-2.725064905864692	-1.3888988276296597	-3.290302356563004	-0.8236613769313474	within	no listed structural alert	enone or ester; within energy range; no listed structural alert	21	weak calibration; fragment-group Q2 = 0.287; ranked hypothesis only	within calibration range	no listed structural alert	ranked hypothesis (in applicability domain)	ring severed by truncation
Mol_03770	Mol_03770:atom1	ester	ranked hypothesis (in applicability domain)	C/C=C(\C)C(=O)O[C@H]1CC2C(O)C(OC(=O)CC(C)C)C(C1)N2C	1;2;4;5	0;1;2;3;4;5;6;7	CO[C:1003](/[C:1002](C)=[CH:1001]/C)=[O:1004]	C/C=C(\C)C(=O)OC	COC([O-])=C(C)C(C)SC	2d67f2c0c8fbe9e3fd3e	45b330041a48775c0812	63873bf3cc344f2bc202	ok	-11.93330027436887	3alpha-tigloyloxy-6-isovaleroyloxy-7-hydroxytropane	-2.056981866747176	-2.725064905864692	-1.3888988276296597	-3.290302356563004	-0.8236613769313474	within	no listed structural alert	enone or ester; within energy range; no listed structural alert	21	weak calibration; fragment-group Q2 = 0.287; ranked hypothesis only	within calibration range	no listed structural alert	ranked hypothesis (in applicability domain)	ring severed by truncation
Mol_03771	Mol_03771:atom1	ester	ranked hypothesis (in applicability domain)	C/C=C(\C)C(=O)O[C@@H]1CC2C(O)C(OC(=O)CC(C)C)C(C1)N2C	1;2;4;5	0;1;2;3;4;5;6;7	CO[C:1003](/[C:1002](C)=[CH:1001]/C)=[O:1004]	C/C=C(\C)C(=O)OC	COC([O-])=C(C)C(C)SC	2d67f2c0c8fbe9e3fd3e	45b330041a48775c0812	63873bf3cc344f2bc202	ok	-11.93330027436887	3beta-tigloyloxy-6-isovaleroyloxy-7-hydroxytropane	-2.056981866747176	-2.725064905864692	-1.3888988276296597	-3.290302356563004	-0.8236613769313474	within	no listed structural alert	enone or ester; within energy range; no listed structural alert	21	weak calibration; fragment-group Q2 = 0.287; ranked hypothesis only	within calibration range	no listed structural alert	ranked hypothesis (in applicability domain)	ring severed by truncation
Mol_03777	Mol_03777:atom1	ester	ranked hypothesis (in applicability domain)	C/C=C(\C)C(=O)OC1CC2C(O)C(OC(=O)/C(C)=C/C)C(C1)N2C	1;2;4;5	0;1;2;3;4;5;6;7	CO[C:1003](/[C:1002](C)=[CH:1001]/C)=[O:1004]	C/C=C(\C)C(=O)OC	COC([O-])=C(C)C(C)SC	2d67f2c0c8fbe9e3fd3e	45b330041a48775c0812	63873bf3cc344f2bc202	ok	-11.93330027436887	3,6-ditigloyloxy-7-hydroxytropane	-2.056981866747176	-2.725064905864692	-1.3888988276296597	-3.290302356563004	-0.8236613769313474	within	no listed structural alert	enone or ester; within energy range; no listed structural alert	21	weak calibration; fragment-group Q2 = 0.287; ranked hypothesis only	within calibration range	no listed structural alert	ranked hypothesis (in applicability domain)	ring severed by truncation
Mol_03777	Mol_03777:atom18	ester	ranked hypothesis (in applicability domain)	C/C=C(\C)C(=O)OC1CC2C(O)C(OC(=O)/C(C)=C/C)C(C1)N2C	18;16;14;15	12;13;14;15;16;17;18;19	CO[C:1003](/[C:1002](C)=[CH:1001]/C)=[O:1004]	C/C=C(\C)C(=O)OC	COC([O-])=C(C)C(C)SC	2d67f2c0c8fbe9e3fd3e	45b330041a48775c0812	63873bf3cc344f2bc202	ok	-11.93330027436887	3,6-ditigloyloxy-7-hydroxytropane	-2.056981866747176	-2.725064905864692	-1.3888988276296597	-3.290302356563004	-0.8236613769313474	within	no listed structural alert	enone or ester; within energy range; no listed structural alert	21	weak calibration; fragment-group Q2 = 0.287; ranked hypothesis only	within calibration range	no listed structural alert	ranked hypothesis (in applicability domain)	ring severed by truncation
Mol_03784	Mol_03784:atom1	ester	ranked hypothesis (in applicability domain)	C/C=C(\C)C(=O)OC1CC2CC(OC(=O)C(CO)c3ccccc3)CC1N2C	1;2;4;5	0;1;2;3;4;5;6;7	CO[C:1003](/[C:1002](C)=[CH:1001]/C)=[O:1004]	C/C=C(\C)C(=O)OC	COC([O-])=C(C)C(C)SC	2d67f2c0c8fbe9e3fd3e	45b330041a48775c0812	63873bf3cc344f2bc202	ok	-11.93330027436887	3-tropoyloxy-6-tigloyloxytropane	-2.056981866747176	-2.725064905864692	-1.3888988276296597	-3.290302356563004	-0.8236613769313474	within	no listed structural alert	enone or ester; within energy range; no listed structural alert	21	weak calibration; fragment-group Q2 = 0.287; ranked hypothesis only	within calibration range	no listed structural alert	ranked hypothesis (in applicability domain)	ring severed by truncation
Mol_03842	Mol_03842:atom27	enone	internally cross-validated candidate (in applicability domain)	CC(=O)O[C@H]1CC(C)(C)C(=C=C/C(C)=C/C=C/C(C)=C/C=C/C=C(C)/C=C/C=C(\C)C(=O)C[C@@]23O[C@]2(C)C[C@@H](O)CC3(C)C)[C@](C)(O)C1	27;28;30;31	25;26;27;28;29;30;31;32;33	C=C/[CH:1001]=[C:1002](\C)[C:1003](CC)=[O:1004]	C=C/C=C(\C)C(=O)CC	C=CC(SC)C(C)=C([O-])CC	836f65741d7666127981	f75c95a5b62067e459ad	63873bf3cc344f2bc202	ok	-9.135734854324332	fucoxanthin	-0.9202315224311386	-1.582842070747445	-0.2576209741148322	-2.3604346073882345	0.5199715625259576	within	no listed structural alert	enone or ester; within energy range; no listed structural alert	84	cross-validated calibration; fragment-group Q2 = 0.750	within calibration range	no listed structural alert	internally cross-validated candidate (in applicability domain)	ring severed by truncation
Mol_03844	Mol_03844:atom4	enone	internally cross-validated candidate (in applicability domain)	CC(=O)/C=C/C=C(\C)C=C=C1C(C)(C)C[C@H](OC(C)=O)C[C@@]1(C)O	4;3;1;2	0;1;2;3;4;5;6	C=C/[CH:1001]=[CH:1002]/[C:1003](C)=[O:1004]	C=C/C=C/C(C)=O	C=CC(C=C(C)[O-])SC	367693f4c802c4d0b8a6	65729be8953467916693	63873bf3cc344f2bc202	ok	-10.089259611467549	apo-13'-fucoxanthinone	-0.5086852487458788	-1.0753796708811	0.058009173389342	-1.9073541714216748	0.8899836739299172	within	no listed structural alert	enone or ester; within energy range; no listed structural alert	88	cross-validated calibration; fragment-group Q2 = 0.750	within calibration range	no listed structural alert	internally cross-validated candidate (in applicability domain)	none
Mol_03967	Mol_03967:atom31	enone	internally cross-validated candidate (in applicability domain)	CC(=O)O[C@H]1C[C@H]2[C@@]3(C)CCCC(C)(C)[C@H]3CC[C@@]2(C)[C@@H]2C[C@@H](OC(C)=O)C(C(C)=O)=C[C@@]12C	31;27;28;30	4;20;21;22;23;27;28;29;30;31;32;33	CC1(C)CC[C@@H](O)[C:1002]([C:1003](C)=[O:1004])=[CH:1001]1	CC(=O)C1=CC(C)(C)CC[C@H]1O	CSC1C(=C(C)[O-])[C@H](O)CCC1(C)C	25e0c700067d2a05bd7e	2ca45d89e25a43f8db96	63873bf3cc344f2bc202	ok	-13.936532326337236	phyllospongin A	1.151817782553791	0.8097575853082846	1.4938779797992974	-0.1718654747700805	2.4755010398776625	within	no listed structural alert	enone or ester; within energy range; no listed structural alert	206	cross-validated calibration; fragment-group Q2 = 0.750	within calibration range	no listed structural alert	internally cross-validated candidate (in applicability domain)	ring severed by truncation
Mol_03968	Mol_03968:atom18	enone	internally cross-validated candidate (in applicability domain)	CC[C@@]1(C)CCC[C@]2(C)[C@@H]3C[C@H](OC(C)=O)[C@]4(C)C=C(C(C)=O)[C@H](OC(C)=O)C[C@H]4[C@]3(C)CC[C@H]12	18;19;20;22	11;16;17;18;19;20;21;22;23;24;28;29	CC1(C)CC[C@@H](O)[C:1002]([C:1003](C)=[O:1004])=[CH:1001]1	CC(=O)C1=CC(C)(C)CC[C@H]1O	CSC1C(=C(C)[O-])[C@H](O)CCC1(C)C	25e0c700067d2a05bd7e	2ca45d89e25a43f8db96	63873bf3cc344f2bc202	ok	-13.936532326337236	phyllospongin B	1.151817782553791	0.8097575853082846	1.4938779797992974	-0.1718654747700805	2.4755010398776625	within	no listed structural alert	enone or ester; within energy range; no listed structural alert	206	cross-validated calibration; fragment-group Q2 = 0.750	within calibration range	no listed structural alert	internally cross-validated candidate (in applicability domain)	ring severed by truncation
Mol_03969	Mol_03969:atom22	enone	internally cross-validated candidate (in applicability domain)	CC(=O)O[C@H]1C[C@@H]2[C@@](C)(CC[C@@H]3C(C)(C)CCC[C@]23C)[C@@H]2CC=C(C(C)=O)C[C@]21C	22;23;24;26	20;21;22;23;24;25;26;27;28	C[C:1003]([C:1002]1=[CH:1001]CCCC1)=[O:1004]	CC(=O)C1=CCCCC1	CSC1CCCCC1=C(C)[O-]	2129ba5538a12246c119	11103037c9f87cc9b18a	63873bf3cc344f2bc202	ok	-12.131701332248396	phyllospongin C	0.3728432832714787	-0.0253559827170753	0.7710425492600328	-0.966445648443304	1.7121322149862614	within	no listed structural alert	enone or ester; within energy range; no listed structural alert	210	cross-validated calibration; fragment-group Q2 = 0.750	within calibration range	no listed structural alert	internally cross-validated candidate (in applicability domain)	ring severed by truncation
Mol_03970	Mol_03970:atom22	enone	internally cross-validated candidate (in applicability domain)	CC(=O)O[C@H]1C[C@H]2[C@@]3(C)CCCC(C)(C)[C@H]3CC[C@@]2(C)[C@@H]2CC=C(C(C)=O)[C@@H]3[C@H](O)C[C@@]132	22;23;24;26	20;21;22;23;24;25;26;27;28;31	C[C@@H]1CCC[CH:1001]=[C:1002]1[C:1003](C)=[O:1004]	CC(=O)C1=CCCC[C@H]1C	CSC1CCC[C@@H](C)C1=C(C)[O-]	60bdad04f4359f4059fb	aaf12c6641cc29bd6191	63873bf3cc344f2bc202	ok	-10.109659002168057	phyllospongin D	-0.4998807649971857	-1.0646038767720811	0.0648423467777096	-1.897752139678212	0.8979906096838404	within	no listed structural alert	enone or ester; within energy range; no listed structural alert	211	cross-validated calibration; fragment-group Q2 = 0.750	within calibration range	no listed structural alert	internally cross-validated candidate (in applicability domain)	ring severed by truncation
Mol_03971	Mol_03971:atom22	enone	internally cross-validated candidate (in applicability domain)	CC(=O)O[C@H]1C[C@H]2[C@@]3(C)CCCC(C)(C)[C@H]3CC[C@@]2(C)[C@@H]2CC=C(C(C)=O)[C@@H]3[C@@H](O)C[C@@]132	22;23;24;26	20;21;22;23;24;25;26;27;28;31	C[C@@H]1CCC[CH:1001]=[C:1002]1[C:1003](C)=[O:1004]	CC(=O)C1=CCCC[C@H]1C	CSC1CCC[C@@H](C)C1=C(C)[O-]	60bdad04f4359f4059fb	aaf12c6641cc29bd6191	63873bf3cc344f2bc202	ok	-10.109659002168057	phyllospongin E	-0.4998807649971857	-1.0646038767720811	0.0648423467777096	-1.897752139678212	0.8979906096838404	within	no listed structural alert	enone or ester; within energy range; no listed structural alert	211	cross-validated calibration; fragment-group Q2 = 0.750	within calibration range	no listed structural alert	internally cross-validated candidate (in applicability domain)	ring severed by truncation
Mol_03972	Mol_03972:atom23	enone	internally cross-validated candidate (in applicability domain)	CC[C@@]1(C)CCC[C@]2(C)[C@@H]3C[C@H](OC(C)=O)[C@]4(C)CC(C(C)=O)=CC[C@H]4[C@]3(C)CC[C@H]12	23;19;20;22	16;18;19;20;21;22;23;24;25	C[C:1003]([C:1002]1=[CH:1001]CCCC1)=[O:1004]	CC(=O)C1=CCCCC1	CSC1CCCCC1=C(C)[O-]	2129ba5538a12246c119	11103037c9f87cc9b18a	63873bf3cc344f2bc202	ok	-12.131701332248396	12alpha-acetoxy-20,24-dimethyl-25-norscalar-16-en-24-one	0.3728432832714787	-0.0253559827170753	0.7710425492600328	-0.966445648443304	1.7121322149862614	within	no listed structural alert	enone or ester; within energy range; no listed structural alert	210	cross-validated calibration; fragment-group Q2 = 0.750	within calibration range	no listed structural alert	internally cross-validated candidate (in applicability domain)	ring severed by truncation
Mol_03973	Mol_03973:atom25	enone	internally cross-validated candidate (in applicability domain)	CC[C@@]1(C)CCC[C@]2(C)[C@@H]3C[C@H](OC(C)=O)[C@]45C[C@@H](O)[C@H]4C(C(C)=O)=CC[C@H]5[C@]3(C)CC[C@H]12	25;21;22;24	16;18;20;21;22;23;24;25;26;27	C[C@@H]1CCC[CH:1001]=[C:1002]1[C:1003](C)=[O:1004]	CC(=O)C1=CCCC[C@H]1C	CSC1CCC[C@@H](C)C1=C(C)[O-]	60bdad04f4359f4059fb	aaf12c6641cc29bd6191	63873bf3cc344f2bc202	ok	-10.109659002168057	12alpha-acetoxy-13beta,18beta-cyclobutan-20,24-dimethyl-24-oxoscalar-16-en-25bet	-0.4998807649971857	-1.0646038767720811	0.0648423467777096	-1.897752139678212	0.8979906096838404	within	no listed structural alert	enone or ester; within energy range; no listed structural alert	211	cross-validated calibration; fragment-group Q2 = 0.750	within calibration range	no listed structural alert	internally cross-validated candidate (in applicability domain)	ring severed by truncation
Mol_03980	Mol_03980:atom28	enone	internally cross-validated candidate (in applicability domain)	C=C(C)[C@@]12OC3(c4ccccc4)O[C@@H]1[C@@H]1[C@@H]4O[C@]4(CO)[C@@H](O)[C@]4(O)C(=O)C(C)=C[C@H]4[C@@]1(O3)[C@H](C)[C@H]2OC(=O)/C=C/c1ccccc1	28;26;24;25	20;22;23;24;25;26;27;28;29;30	C[C@H]1[C@@](C)(O)[C:1003](=[O:1004])[C:1002](C)=[CH:1001]1	CC1=C[C@@H](C)[C@@](C)(O)C1=O	CSC1C(C)=C([O-])[C@](C)(O)[C@@H]1C	63dcc1daf7442126f055	02f4fa6a69ac38351420	63873bf3cc344f2bc202	ok	-16.705520264705136	gnidicin	2.346927463113013	1.8575533914028008	2.836301534823225	0.9777601361430284	3.716094790082997	within	no listed structural alert	enone or ester; within energy range; no listed structural alert	435	cross-validated calibration; fragment-group Q2 = 0.750	within calibration range	no listed structural alert	internally cross-validated candidate (in applicability domain)	alpha-prime heteroatom; ring severed by truncation
Mol_03982	Mol_03982:atom28	enone	internally cross-validated candidate (in applicability domain)	C=C(C)[C@@]12O[C@@]3(c4ccccc4)O[C@@H]1[C@@H]1[C@@H]4O[C@]4(CO)[C@@H](O)[C@]4(O)C(=O)C(C)=C[C@H]4[C@@]1(O3)[C@H](C)[C@H]2OC(=O)c1ccccc1	28;26;24;25	20;22;23;24;25;26;27;28;29;30	C[C@H]1[C@@](C)(O)[C:1003](=[O:1004])[C:1002](C)=[CH:1001]1	CC1=C[C@@H](C)[C@@](C)(O)C1=O	CSC1C(C)=C([O-])[C@](C)(O)[C@@H]1C	63dcc1daf7442126f055	02f4fa6a69ac38351420	63873bf3cc344f2bc202	ok	-16.705520264705136	genkwadaphnin	2.346927463113013	1.8575533914028008	2.836301534823225	0.9777601361430284	3.716094790082997	within	no listed structural alert	enone or ester; within energy range; no listed structural alert	435	cross-validated calibration; fragment-group Q2 = 0.750	within calibration range	no listed structural alert	internally cross-validated candidate (in applicability domain)	alpha-prime heteroatom; ring severed by truncation
Mol_03983	Mol_03983:atom28	enone	internally cross-validated candidate (in applicability domain)	C=C(C)[C@@]12O[C@@]3(c4ccccc4)O[C@@H]1[C@@H]1[C@@H]4O[C@]4(CO)[C@@H](O)[C@]4(O)C(=O)C(C)=C[C@H]4[C@@]1(O3)[C@H](C)[C@H]2OC(=O)/C=C/CCCCCCCCCCCCCC	28;26;24;25	20;22;23;24;25;26;27;28;29;30	C[C@H]1[C@@](C)(O)[C:1003](=[O:1004])[C:1002](C)=[CH:1001]1	CC1=C[C@@H](C)[C@@](C)(O)C1=O	CSC1C(C)=C([O-])[C@](C)(O)[C@@H]1C	63dcc1daf7442126f055	02f4fa6a69ac38351420	63873bf3cc344f2bc202	ok	-16.705520264705136	12-O-heptadecenoyl-5-hydroxy-6,7-epoxy-resiniferonol-9,13,14-orthobenzoate	2.346927463113013	1.8575533914028008	2.836301534823225	0.9777601361430284	3.716094790082997	within	no listed structural alert	enone or ester; within energy range; no listed structural alert	435	cross-validated calibration; fragment-group Q2 = 0.750	within calibration range	no listed structural alert	internally cross-validated candidate (in applicability domain)	alpha-prime heteroatom; ring severed by truncation
Mol_03983	Mol_03983:atom39	ester	ranked hypothesis (in applicability domain)	C=C(C)[C@@]12O[C@@]3(c4ccccc4)O[C@@H]1[C@@H]1[C@@H]4O[C@]4(CO)[C@@H](O)[C@]4(O)C(=O)C(C)=C[C@H]4[C@@]1(O3)[C@H](C)[C@H]2OC(=O)/C=C/CCCCCCCCCCCCCC	39;38;36;37	34;35;36;37;38;39;40;41	CC/[CH:1001]=[CH:1002]/[C:1003](OC)=[O:1004]	CC/C=C/C(=O)OC	CCC(C=C([O-])OC)SC	2e12182d543c279e9b6f	5b50bbe4e40b156e2044	63873bf3cc344f2bc202	ok	-15.244595529546652	12-O-heptadecenoyl-5-hydroxy-6,7-epoxy-resiniferonol-9,13,14-orthobenzoate	-0.7497427279730609	-1.131462593411169	-0.3680228625349527	-1.854484570718752	0.3549991147726303	within	no listed structural alert	enone or ester; within energy range; no listed structural alert	294	weak calibration; fragment-group Q2 = 0.287; ranked hypothesis only	within calibration range	no listed structural alert	ranked hypothesis (in applicability domain)	ring severed by truncation
Mol_03984	Mol_03984:atom28	enone	internally cross-validated candidate (in applicability domain)	C=C(C)[C@@]12O[C@@]3(c4ccccc4)O[C@@H]1[C@@H]1[C@@H]4O[C@]4(CO)[C@@H](O)[C@]4(O)C(=O)C(C)=C[C@H]4[C@@]1(O3)[C@H](C)[C@H]2OC(=O)/C=C/CC	28;26;24;25	20;22;23;24;25;26;27;28;29;30	C[C@H]1[C@@](C)(O)[C:1003](=[O:1004])[C:1002](C)=[CH:1001]1	CC1=C[C@@H](C)[C@@](C)(O)C1=O	CSC1C(C)=C([O-])[C@](C)(O)[C@@H]1C	63dcc1daf7442126f055	02f4fa6a69ac38351420	63873bf3cc344f2bc202	ok	-16.705520264705136	12-O-butenyl-5-hydroxy-6,7-epoxy-resiniferonol-9,13-14-orthobenzoate	2.346927463113013	1.8575533914028008	2.836301534823225	0.9777601361430284	3.716094790082997	within	no listed structural alert	enone or ester; within energy range; no listed structural alert	435	cross-validated calibration; fragment-group Q2 = 0.750	within calibration range	no listed structural alert	internally cross-validated candidate (in applicability domain)	alpha-prime heteroatom; ring severed by truncation
Mol_03984	Mol_03984:atom39	ester	ranked hypothesis (in applicability domain)	C=C(C)[C@@]12O[C@@]3(c4ccccc4)O[C@@H]1[C@@H]1[C@@H]4O[C@]4(CO)[C@@H](O)[C@]4(O)C(=O)C(C)=C[C@H]4[C@@]1(O3)[C@H](C)[C@H]2OC(=O)/C=C/CC	39;38;36;37	34;35;36;37;38;39;40;41	CC/[CH:1001]=[CH:1002]/[C:1003](OC)=[O:1004]	CC/C=C/C(=O)OC	CCC(C=C([O-])OC)SC	2e12182d543c279e9b6f	5b50bbe4e40b156e2044	63873bf3cc344f2bc202	ok	-15.244595529546652	12-O-butenyl-5-hydroxy-6,7-epoxy-resiniferonol-9,13-14-orthobenzoate	-0.7497427279730609	-1.131462593411169	-0.3680228625349527	-1.854484570718752	0.3549991147726303	within	no listed structural alert	enone or ester; within energy range; no listed structural alert	294	weak calibration; fragment-group Q2 = 0.287; ranked hypothesis only	within calibration range	no listed structural alert	ranked hypothesis (in applicability domain)	ring severed by truncation
Mol_03986	Mol_03986:atom29	enone	internally cross-validated candidate (in applicability domain)	C=C(C)[C@@]12OC3(/C=C/CCCCC)O[C@@H]1[C@@H]1[C@@H]4O[C@]4(CO)[C@@H](O)[C@]4(O)C(=O)C(C)=C[C@H]4C1(O3)[C@H](C)[C@H]2OC(=O)/C=C/c1ccccc1	29;27;25;26	21;23;24;25;26;27;28;29;30;31	C[C@H]1[C@@](C)(O)[C:1003](=[O:1004])[C:1002](C)=[CH:1001]1	CC1=C[C@@H](C)[C@@](C)(O)C1=O	CSC1C(C)=C([O-])[C@](C)(O)[C@@H]1C	63dcc1daf7442126f055	02f4fa6a69ac38351420	63873bf3cc344f2bc202	ok	-16.705520264705136	hirsein A	2.346927463113013	1.8575533914028008	2.836301534823225	0.9777601361430284	3.716094790082997	within	no listed structural alert	enone or ester; within energy range; no listed structural alert	435	cross-validated calibration; fragment-group Q2 = 0.750	within calibration range	no listed structural alert	internally cross-validated candidate (in applicability domain)	alpha-prime heteroatom; ring severed by truncation
Mol_03987	Mol_03987:atom31	enone	internally cross-validated candidate (in applicability domain)	C=C(C)[C@@]12OC3(CCCCCCCCC)O[C@@H]1[C@@H]1[C@@H]4O[C@]4(CO)[C@@H](O)[C@]4(O)C(=O)C(C)=C[C@H]4C1(O3)[C@H](C)[C@H]2OC(=O)/C=C/c1ccc(O)cc1	31;29;27;28	23;25;26;27;28;29;30;31;32;33	C[C@H]1[C@@](C)(O)[C:1003](=[O:1004])[C:1002](C)=[CH:1001]1	CC1=C[C@@H](C)[C@@](C)(O)C1=O	CSC1C(C)=C([O-])[C@](C)(O)[C@@H]1C	63dcc1daf7442126f055	02f4fa6a69ac38351420	63873bf3cc344f2bc202	ok	-16.705520264705136	hirsein B	2.346927463113013	1.8575533914028008	2.836301534823225	0.9777601361430284	3.716094790082997	within	no listed structural alert	enone or ester; within energy range; no listed structural alert	435	cross-validated calibration; fragment-group Q2 = 0.750	within calibration range	no listed structural alert	internally cross-validated candidate (in applicability domain)	alpha-prime heteroatom; ring severed by truncation
Mol_04135	Mol_04135:atom3	enone	internally cross-validated candidate (in applicability domain)	C/C=C/C1=CC(=O)[C@H](O)[C@H]1O	3;4;5;6	1;2;3;4;5;6;7;8;9;10	C=C[C:1001]1=[CH:1002][C:1003](=[O:1004])[C@H](O)[C@H]1O	C=CC1=CC(=O)[C@H](O)[C@H]1O	C=CC1(SC)C=C([O-])[C@H](O)[C@H]1O	87dea31be5cc05de7a9b	f0f6a23ed814a1431028	63873bf3cc344f2bc202	ok	-17.24269055469259	terrien	2.57877297055542	2.0408473936543925	3.116698547456448	1.1915108779917245	3.966035063119115	within	no listed structural alert	enone or ester; within energy range; no listed structural alert	184	cross-validated calibration; fragment-group Q2 = 0.750	within calibration range	no listed structural alert	internally cross-validated candidate (in applicability domain)	alpha-prime heteroatom
Mol_04175	Mol_04175:atom20	enone	internally cross-validated candidate (in applicability domain)	CCCCCCCCCCCCCCCCCCCC/C=C/C(=O)CCCC	20;21;22;23	18;19;20;21;22;23;24;25	CC/[CH:1001]=[CH:1002]/[C:1003](CC)=[O:1004]	CC/C=C/C(=O)CC	CCC([O-])=CC(CC)SC	b27f1ff2c7aa5fc114eb	93a3a06e60d1d2615da6	63873bf3cc344f2bc202	ok	-14.625344530221332	(E)-6-heptacosen-5-one	1.4491127333705256	1.093580334002323	1.8046451327387285	0.1218842397868429	2.7763412269542083	within	no listed structural alert	enone or ester; within energy range; no listed structural alert	293	cross-validated calibration; fragment-group Q2 = 0.750	within calibration range	no listed structural alert	internally cross-validated candidate (in applicability domain)	none
Mol_04203	Mol_04203:atom1	ester	ranked hypothesis (in applicability domain)	C/C=C(/C)C(=O)O[C@]1(C)C(=O)O[C@H]2[C@@H]3C(C)=CC(=O)C3=C(C)C[C@H](OC(=O)CC(C)C)[C@H]21	1;2;4;5	0;1;2;3;4;5;6;7	CO[C:1003](/[C:1002](C)=[CH:1001]\C)=[O:1004]	C/C=C(/C)C(=O)OC	COC([O-])=C(C)C(C)SC	2f2cf585931c3a41315c	45b330041a48775c0812	63873bf3cc344f2bc202	ok	-12.87931274693731	daucoguaianolactone A	-1.6835133492610952	-2.254660141059235	-1.112366557462955	-2.8671320130309628	-0.4998946854912278	within	no listed structural alert	enone or ester; within energy range; no listed structural alert	14	weak calibration; fragment-group Q2 = 0.287; ranked hypothesis only	within calibration range	no listed structural alert	ranked hypothesis (in applicability domain)	ring severed by truncation
Mol_04203	Mol_04203:atom14	enone	internally cross-validated candidate (in applicability domain)	C/C=C(/C)C(=O)O[C@]1(C)C(=O)O[C@H]2[C@@H]3C(C)=CC(=O)C3=C(C)C[C@H](OC(=O)CC(C)C)[C@H]21	14;16;17;18	12;13;14;15;16;17;18;19;20	C=C1[C@H](C)[C:1001](C)=[CH:1002][C:1003]1=[O:1004]	C=C1C(=O)C=C(C)[C@H]1C	C=C1C([O-])=CC(C)(SC)[C@H]1C	403f040b6cdc1ebad750	1545ac8601adf62c62de	63873bf3cc344f2bc202	ok	-12.487808981910534	daucoguaianolactone A	0.5265412078941711	0.1486833294098551	0.9043990863784872	-0.8068412441849644	1.8599236599733069	within	no listed structural alert	enone or ester; within energy range; no listed structural alert	95	cross-validated calibration; fragment-group Q2 = 0.750	within calibration range	no listed structural alert	internally cross-validated candidate (in applicability domain)	ring severed by truncation
Mol_04204	Mol_04204:atom1	ester	ranked hypothesis (in applicability domain)	C/C=C(/C)C(=O)O[C@]1(C)C(=O)O[C@H]2[C@@H]3C(C)=CC(=O)C3=C(C)C[C@H](OC(=O)C=C(C)C)[C@H]21	1;2;4;5	0;1;2;3;4;5;6;7	CO[C:1003](/[C:1002](C)=[CH:1001]\C)=[O:1004]	C/C=C(/C)C(=O)OC	COC([O-])=C(C)C(C)SC	2f2cf585931c3a41315c	45b330041a48775c0812	63873bf3cc344f2bc202	ok	-12.87931274693731	daucoguaianolactone B	-1.6835133492610952	-2.254660141059235	-1.112366557462955	-2.8671320130309628	-0.4998946854912278	within	no listed structural alert	enone or ester; within energy range; no listed structural alert	14	weak calibration; fragment-group Q2 = 0.287; ranked hypothesis only	within calibration range	no listed structural alert	ranked hypothesis (in applicability domain)	ring severed by truncation
Mol_04204	Mol_04204:atom14	enone	internally cross-validated candidate (in applicability domain)	C/C=C(/C)C(=O)O[C@]1(C)C(=O)O[C@H]2[C@@H]3C(C)=CC(=O)C3=C(C)C[C@H](OC(=O)C=C(C)C)[C@H]21	14;16;17;18	12;13;14;15;16;17;18;19;20	C=C1[C@H](C)[C:1001](C)=[CH:1002][C:1003]1=[O:1004]	C=C1C(=O)C=C(C)[C@H]1C	C=C1C([O-])=CC(C)(SC)[C@H]1C	403f040b6cdc1ebad750	1545ac8601adf62c62de	63873bf3cc344f2bc202	ok	-12.487808981910534	daucoguaianolactone B	0.5265412078941711	0.1486833294098551	0.9043990863784872	-0.8068412441849644	1.8599236599733069	within	no listed structural alert	enone or ester; within energy range; no listed structural alert	95	cross-validated calibration; fragment-group Q2 = 0.750	within calibration range	no listed structural alert	internally cross-validated candidate (in applicability domain)	ring severed by truncation
Mol_04205	Mol_04205:atom1	ester	ranked hypothesis (in applicability domain)	C/C=C(/C)C(=O)O[C@]1(C)C(=O)O[C@H]2[C@@H]3C(C)=CC(=O)C3=C(C)C[C@H](OC(=O)CC)[C@H]21	1;2;4;5	0;1;2;3;4;5;6;7	CO[C:1003](/[C:1002](C)=[CH:1001]\C)=[O:1004]	C/C=C(/C)C(=O)OC	COC([O-])=C(C)C(C)SC	2f2cf585931c3a41315c	45b330041a48775c0812	63873bf3cc344f2bc202	ok	-12.87931274693731	daucoguaianolactone C	-1.6835133492610952	-2.254660141059235	-1.112366557462955	-2.8671320130309628	-0.4998946854912278	within	no listed structural alert	enone or ester; within energy range; no listed structural alert	14	weak calibration; fragment-group Q2 = 0.287; ranked hypothesis only	within calibration range	no listed structural alert	ranked hypothesis (in applicability domain)	ring severed by truncation
Mol_04205	Mol_04205:atom14	enone	internally cross-validated candidate (in applicability domain)	C/C=C(/C)C(=O)O[C@]1(C)C(=O)O[C@H]2[C@@H]3C(C)=CC(=O)C3=C(C)C[C@H](OC(=O)CC)[C@H]21	14;16;17;18	12;13;14;15;16;17;18;19;20	C=C1[C@H](C)[C:1001](C)=[CH:1002][C:1003]1=[O:1004]	C=C1C(=O)C=C(C)[C@H]1C	C=C1C([O-])=CC(C)(SC)[C@H]1C	403f040b6cdc1ebad750	1545ac8601adf62c62de	63873bf3cc344f2bc202	ok	-12.487808981910534	daucoguaianolactone C	0.5265412078941711	0.1486833294098551	0.9043990863784872	-0.8068412441849644	1.8599236599733069	within	no listed structural alert	enone or ester; within energy range; no listed structural alert	95	cross-validated calibration; fragment-group Q2 = 0.750	within calibration range	no listed structural alert	internally cross-validated candidate (in applicability domain)	ring severed by truncation
Mol_04206	Mol_04206:atom1	ester	ranked hypothesis (in applicability domain)	C/C=C(/C)C(=O)O[C@]1(C)C(=O)O[C@H]2[C@@H]3C(C)=CC(=O)C3=C(C)C[C@H](OC(=O)C(C)CC)[C@H]21	1;2;4;5	0;1;2;3;4;5;6;7	CO[C:1003](/[C:1002](C)=[CH:1001]\C)=[O:1004]	C/C=C(/C)C(=O)OC	COC([O-])=C(C)C(C)SC	2f2cf585931c3a41315c	45b330041a48775c0812	63873bf3cc344f2bc202	ok	-12.87931274693731	daucoguaianolactone D	-1.6835133492610952	-2.254660141059235	-1.112366557462955	-2.8671320130309628	-0.4998946854912278	within	no listed structural alert	enone or ester; within energy range; no listed structural alert	14	weak calibration; fragment-group Q2 = 0.287; ranked hypothesis only	within calibration range	no listed structural alert	ranked hypothesis (in applicability domain)	ring severed by truncation
Mol_04206	Mol_04206:atom14	enone	internally cross-validated candidate (in applicability domain)	C/C=C(/C)C(=O)O[C@]1(C)C(=O)O[C@H]2[C@@H]3C(C)=CC(=O)C3=C(C)C[C@H](OC(=O)C(C)CC)[C@H]21	14;16;17;18	12;13;14;15;16;17;18;19;20	C=C1[C@H](C)[C:1001](C)=[CH:1002][C:1003]1=[O:1004]	C=C1C(=O)C=C(C)[C@H]1C	C=C1C([O-])=CC(C)(SC)[C@H]1C	403f040b6cdc1ebad750	1545ac8601adf62c62de	63873bf3cc344f2bc202	ok	-12.487808981910534	daucoguaianolactone D	0.5265412078941711	0.1486833294098551	0.9043990863784872	-0.8068412441849644	1.8599236599733069	within	no listed structural alert	enone or ester; within energy range; no listed structural alert	95	cross-validated calibration; fragment-group Q2 = 0.750	within calibration range	no listed structural alert	internally cross-validated candidate (in applicability domain)	ring severed by truncation
Mol_04207	Mol_04207:atom1	ester	ranked hypothesis (in applicability domain)	C/C=C(/C)C(=O)O[C@H]1CC(C)=C2C(=O)C=C(C)[C@H]2[C@@H]2OC(=O)[C@@](C)(OC(=O)C(C)CC)[C@@H]21	1;2;4;5	0;1;2;3;4;5;6;7	CO[C:1003](/[C:1002](C)=[CH:1001]\C)=[O:1004]	C/C=C(/C)C(=O)OC	COC([O-])=C(C)C(C)SC	2f2cf585931c3a41315c	45b330041a48775c0812	63873bf3cc344f2bc202	ok	-12.87931274693731	daucoguaianolactone E	-1.6835133492610952	-2.254660141059235	-1.112366557462955	-2.8671320130309628	-0.4998946854912278	within	no listed structural alert	enone or ester; within energy range; no listed structural alert	14	weak calibration; fragment-group Q2 = 0.287; ranked hypothesis only	within calibration range	no listed structural alert	ranked hypothesis (in applicability domain)	ring severed by truncation
Mol_04207	Mol_04207:atom15	enone	internally cross-validated candidate (in applicability domain)	C/C=C(/C)C(=O)O[C@H]1CC(C)=C2C(=O)C=C(C)[C@H]2[C@@H]2OC(=O)[C@@](C)(OC(=O)C(C)CC)[C@@H]21	15;14;12;13	9;11;12;13;14;15;16;17;18	C=C1[C@H](C)[C:1001](C)=[CH:1002][C:1003]1=[O:1004]	C=C1C(=O)C=C(C)[C@H]1C	C=C1C([O-])=CC(C)(SC)[C@H]1C	403f040b6cdc1ebad750	1545ac8601adf62c62de	63873bf3cc344f2bc202	ok	-12.487808981910534	daucoguaianolactone E	0.5265412078941711	0.1486833294098551	0.9043990863784872	-0.8068412441849644	1.8599236599733069	within	no listed structural alert	enone or ester; within energy range; no listed structural alert	95	cross-validated calibration; fragment-group Q2 = 0.750	within calibration range	no listed structural alert	internally cross-validated candidate (in applicability domain)	ring severed by truncation
Mol_04208	Mol_04208:atom1	ester	ranked hypothesis (in applicability domain)	C/C=C(/C)C(=O)O[C@H]1CC(C)=C2C(=O)C=C(C)[C@H]2[C@@H]2OC(=O)[C@@](C)(OC(=O)C(C)C)[C@@H]21	1;2;4;5	0;1;2;3;4;5;6;7	CO[C:1003](/[C:1002](C)=[CH:1001]\C)=[O:1004]	C/C=C(/C)C(=O)OC	COC([O-])=C(C)C(C)SC	2f2cf585931c3a41315c	45b330041a48775c0812	63873bf3cc344f2bc202	ok	-12.87931274693731	daucoguaianolactone F	-1.6835133492610952	-2.254660141059235	-1.112366557462955	-2.8671320130309628	-0.4998946854912278	within	no listed structural alert	enone or ester; within energy range; no listed structural alert	14	weak calibration; fragment-group Q2 = 0.287; ranked hypothesis only	within calibration range	no listed structural alert	ranked hypothesis (in applicability domain)	ring severed by truncation
Mol_04208	Mol_04208:atom15	enone	internally cross-validated candidate (in applicability domain)	C/C=C(/C)C(=O)O[C@H]1CC(C)=C2C(=O)C=C(C)[C@H]2[C@@H]2OC(=O)[C@@](C)(OC(=O)C(C)C)[C@@H]21	15;14;12;13	9;11;12;13;14;15;16;17;18	C=C1[C@H](C)[C:1001](C)=[CH:1002][C:1003]1=[O:1004]	C=C1C(=O)C=C(C)[C@H]1C	C=C1C([O-])=CC(C)(SC)[C@H]1C	403f040b6cdc1ebad750	1545ac8601adf62c62de	63873bf3cc344f2bc202	ok	-12.487808981910534	daucoguaianolactone F	0.5265412078941711	0.1486833294098551	0.9043990863784872	-0.8068412441849644	1.8599236599733069	within	no listed structural alert	enone or ester; within energy range; no listed structural alert	95	cross-validated calibration; fragment-group Q2 = 0.750	within calibration range	no listed structural alert	internally cross-validated candidate (in applicability domain)	ring severed by truncation
Mol_04210	Mol_04210:atom1	ester	ranked hypothesis (in applicability domain)	C/C=C(/C)C(=O)O[C@]1(C)C(=O)O[C@H]2[C@@H]3C(C)=CC(=O)C3=C(C)C[C@H](OC(=O)c3ccc(OC)c(OC)c3)[C@H]21	1;2;4;5	0;1;2;3;4;5;6;7	CO[C:1003](/[C:1002](C)=[CH:1001]\C)=[O:1004]	C/C=C(/C)C(=O)OC	COC([O-])=C(C)C(C)SC	2f2cf585931c3a41315c	45b330041a48775c0812	63873bf3cc344f2bc202	ok	-12.87931274693731	talasin A	-1.6835133492610952	-2.254660141059235	-1.112366557462955	-2.8671320130309628	-0.4998946854912278	within	no listed structural alert	enone or ester; within energy range; no listed structural alert	14	weak calibration; fragment-group Q2 = 0.287; ranked hypothesis only	within calibration range	no listed structural alert	ranked hypothesis (in applicability domain)	ring severed by truncation
Mol_04210	Mol_04210:atom14	enone	internally cross-validated candidate (in applicability domain)	C/C=C(/C)C(=O)O[C@]1(C)C(=O)O[C@H]2[C@@H]3C(C)=CC(=O)C3=C(C)C[C@H](OC(=O)c3ccc(OC)c(OC)c3)[C@H]21	14;16;17;18	12;13;14;15;16;17;18;19;20	C=C1[C@H](C)[C:1001](C)=[CH:1002][C:1003]1=[O:1004]	C=C1C(=O)C=C(C)[C@H]1C	C=C1C([O-])=CC(C)(SC)[C@H]1C	403f040b6cdc1ebad750	1545ac8601adf62c62de	63873bf3cc344f2bc202	ok	-12.487808981910534	talasin A	0.5265412078941711	0.1486833294098551	0.9043990863784872	-0.8068412441849644	1.8599236599733069	within	no listed structural alert	enone or ester; within energy range; no listed structural alert	95	cross-validated calibration; fragment-group Q2 = 0.750	within calibration range	no listed structural alert	internally cross-validated candidate (in applicability domain)	ring severed by truncation
Mol_04211	Mol_04211:atom1	ester	ranked hypothesis (in applicability domain)	C/C=C(\C)C(=O)OC1(C)C(=O)OC2C3C(C)=CC(=O)C3=C(C)CC(OC(=O)C(C)C)C21	1;2;4;5	0;1;2;3;4;5;6;7	CO[C:1003](/[C:1002](C)=[CH:1001]/C)=[O:1004]	C/C=C(\C)C(=O)OC	COC([O-])=C(C)C(C)SC	2d67f2c0c8fbe9e3fd3e	45b330041a48775c0812	63873bf3cc344f2bc202	ok	-11.93330027436887	talasin B	-2.056981866747176	-2.725064905864692	-1.3888988276296597	-3.290302356563004	-0.8236613769313474	within	no listed structural alert	enone or ester; within energy range; no listed structural alert	21	weak calibration; fragment-group Q2 = 0.287; ranked hypothesis only	within calibration range	no listed structural alert	ranked hypothesis (in applicability domain)	ring severed by truncation
Mol_04211	Mol_04211:atom14	enone	internally cross-validated candidate (in applicability domain)	C/C=C(\C)C(=O)OC1(C)C(=O)OC2C3C(C)=CC(=O)C3=C(C)CC(OC(=O)C(C)C)C21	14;16;17;18	12;13;14;15;16;17;18;19;20	C=C1C(C)[C:1001](C)=[CH:1002][C:1003]1=[O:1004]	C=C1C(=O)C=C(C)C1C	C=C1C([O-])=CC(C)(SC)C1C	13750782b68559ea7425	ea8059da5a87aabca811	63873bf3cc344f2bc202	ok	-12.474699678436805	talasin B	0.5208831639316989	0.1423444159516892	0.8994219119117084	-0.8126923948208502	1.854458722684248	within	no listed structural alert	enone or ester; within energy range; no listed structural alert	92	cross-validated calibration; fragment-group Q2 = 0.750	within calibration range	no listed structural alert	internally cross-validated candidate (in applicability domain)	ring severed by truncation
Mol_04211	Mol_04211:atom20	enone	internally cross-validated candidate (in applicability domain)	C/C=C(\C)C(=O)OC1(C)C(=O)OC2C3C(C)=CC(=O)C3=C(C)CC(OC(=O)C(C)C)C21	20;19;17;18	12;13;14;16;17;18;19;20;21;22;23	CC[C:1001](C)=[C:1002]1C(C)C=C[C:1003]1=[O:1004]	CCC(C)=C1C(=O)C=CC1C	CCC(C)(SC)C1=C([O-])C=CC1C	b74c36cb4bfd6d8e9b59	13b35e57945b5e55a0d7	63873bf3cc344f2bc202	ok	-8.480589140664401	talasin B	-1.2029958399360252	-1.9348183966631112	-0.4711732832089393	-2.67632419495892	0.2703325150868694	within	no listed structural alert	enone or ester; within energy range; no listed structural alert	482	cross-validated calibration; fragment-group Q2 = 0.750	within calibration range	no listed structural alert	internally cross-validated candidate (in applicability domain)	ring severed by truncation
Mol_04212	Mol_04212:atom1	ester	ranked hypothesis (in applicability domain)	C/C=C(/C)C(=O)O[C@H]1CC(C)=C2C(=O)C=C(C)[C@H]2[C@@H]2OC(=O)[C@H](C)[C@@H]21	1;2;4;5	0;1;2;3;4;5;6;7	CO[C:1003](/[C:1002](C)=[CH:1001]\C)=[O:1004]	C/C=C(/C)C(=O)OC	COC([O-])=C(C)C(C)SC	2f2cf585931c3a41315c	45b330041a48775c0812	63873bf3cc344f2bc202	ok	-12.87931274693731	badkhysin	-1.6835133492610952	-2.254660141059235	-1.112366557462955	-2.8671320130309628	-0.4998946854912278	within	no listed structural alert	enone or ester; within energy range; no listed structural alert	14	weak calibration; fragment-group Q2 = 0.287; ranked hypothesis only	within calibration range	no listed structural alert	ranked hypothesis (in applicability domain)	ring severed by truncation
Mol_04212	Mol_04212:atom15	enone	internally cross-validated candidate (in applicability domain)	C/C=C(/C)C(=O)O[C@H]1CC(C)=C2C(=O)C=C(C)[C@H]2[C@@H]2OC(=O)[C@H](C)[C@@H]21	15;14;12;13	9;11;12;13;14;15;16;17;18	C=C1[C@H](C)[C:1001](C)=[CH:1002][C:1003]1=[O:1004]	C=C1C(=O)C=C(C)[C@H]1C	C=C1C([O-])=CC(C)(SC)[C@H]1C	403f040b6cdc1ebad750	1545ac8601adf62c62de	63873bf3cc344f2bc202	ok	-12.487808981910534	badkhysin	0.5265412078941711	0.1486833294098551	0.9043990863784872	-0.8068412441849644	1.8599236599733069	within	no listed structural alert	enone or ester; within energy range; no listed structural alert	95	cross-validated calibration; fragment-group Q2 = 0.750	within calibration range	no listed structural alert	internally cross-validated candidate (in applicability domain)	ring severed by truncation
Mol_04266	Mol_04266:atom1	ester	ranked hypothesis (in applicability domain)	C/C=C(/C)C(=O)O[C@@H]1C=C(CO)CC[C@]2(O)C(C(C)C)CC(=O)[C@]12C	1;2;4;5	0;1;2;3;4;5;6;7	CO[C:1003](/[C:1002](C)=[CH:1001]\C)=[O:1004]	C/C=C(/C)C(=O)OC	COC([O-])=C(C)C(C)SC	2f2cf585931c3a41315c	45b330041a48775c0812	63873bf3cc344f2bc202	ok	-12.87931274693731	5-p-hydroxybenzoyl ester of ferutiol	-1.6835133492610952	-2.254660141059235	-1.112366557462955	-2.8671320130309628	-0.4998946854912278	within	no listed structural alert	enone or ester; within energy range; no listed structural alert	14	weak calibration; fragment-group Q2 = 0.287; ranked hypothesis only	within calibration range	no listed structural alert	ranked hypothesis (in applicability domain)	ring severed by truncation
Mol_04269	Mol_04269:atom1	ester	ranked hypothesis (in applicability domain)	C/C=C(/C)C(=O)O[C@@H]1CC[C@@]2(C)C(COc3ccc4ccc(=O)oc4c3)[C@@](C)(O)CC[C@@H]2C1(C)C	1;2;4;5	0;1;2;3;4;5;6;7	CO[C:1003](/[C:1002](C)=[CH:1001]\C)=[O:1004]	C/C=C(/C)C(=O)OC	COC([O-])=C(C)C(C)SC	2f2cf585931c3a41315c	45b330041a48775c0812	63873bf3cc344f2bc202	ok	-12.87931274693731	isolancerotriol	-1.6835133492610952	-2.254660141059235	-1.112366557462955	-2.8671320130309628	-0.4998946854912278	within	no listed structural alert	enone or ester; within energy range; no listed structural alert	14	weak calibration; fragment-group Q2 = 0.287; ranked hypothesis only	within calibration range	no listed structural alert	ranked hypothesis (in applicability domain)	ring severed by truncation
Mol_04282	Mol_04282:atom1	ester	ranked hypothesis (in applicability domain)	C/C=C(/C)C(=O)O[C@H]1CC(C)=CC(=O)[C@]2(C)[C@@H]1[C@](O)(C(C)C)C[C@H]2OC(=O)/C(C)=C\C	1;2;4;5	0;1;2;3;4;5;6;7	CO[C:1003](/[C:1002](C)=[CH:1001]\C)=[O:1004]	C/C=C(/C)C(=O)OC	COC([O-])=C(C)C(C)SC	2f2cf585931c3a41315c	45b330041a48775c0812	63873bf3cc344f2bc202	ok	-12.87931274693731	santoline	-1.6835133492610952	-2.254660141059235	-1.112366557462955	-2.8671320130309628	-0.4998946854912278	within	no listed structural alert	enone or ester; within energy range; no listed structural alert	14	weak calibration; fragment-group Q2 = 0.287; ranked hypothesis only	within calibration range	no listed structural alert	ranked hypothesis (in applicability domain)	ring severed by truncation
Mol_04282	Mol_04282:atom29	ester	ranked hypothesis (in applicability domain)	C/C=C(/C)C(=O)O[C@H]1CC(C)=CC(=O)[C@]2(C)[C@@H]1[C@](O)(C(C)C)C[C@H]2OC(=O)/C(C)=C\C	29;27;25;26	23;24;25;26;27;28;29;30	CO[C:1003](/[C:1002](C)=[CH:1001]\C)=[O:1004]	C/C=C(/C)C(=O)OC	COC([O-])=C(C)C(C)SC	2f2cf585931c3a41315c	45b330041a48775c0812	63873bf3cc344f2bc202	ok	-12.87931274693731	santoline	-1.6835133492610952	-2.254660141059235	-1.112366557462955	-2.8671320130309628	-0.4998946854912278	within	no listed structural alert	enone or ester; within energy range; no listed structural alert	14	weak calibration; fragment-group Q2 = 0.287; ranked hypothesis only	within calibration range	no listed structural alert	ranked hypothesis (in applicability domain)	ring severed by truncation
Mol_04291	Mol_04291:atom1	ester	ranked hypothesis (in applicability domain)	C/C=C(\C)C(=O)O[C@H]1CC(C)=C[C@@H](O)[C@@]2(C)CC[C@@](O)(C(C)C)[C@H]12	1;2;4;5	0;1;2;3;4;5;6;7	CO[C:1003](/[C:1002](C)=[CH:1001]/C)=[O:1004]	C/C=C(\C)C(=O)OC	COC([O-])=C(C)C(C)SC	2d67f2c0c8fbe9e3fd3e	45b330041a48775c0812	63873bf3cc344f2bc202	ok	-11.93330027436887	6-angeloyl-10-hydroxy-jaeschkeanadlol	-2.056981866747176	-2.725064905864692	-1.3888988276296597	-3.290302356563004	-0.8236613769313474	within	no listed structural alert	enone or ester; within energy range; no listed structural alert	21	weak calibration; fragment-group Q2 = 0.287; ranked hypothesis only	within calibration range	no listed structural alert	ranked hypothesis (in applicability domain)	ring severed by truncation
Mol_04292	Mol_04292:atom1	ester	ranked hypothesis (in applicability domain)	C/C=C(/C)C(=O)O[C@@H]1C=C(C)C[C@H](OC(=O)c2ccc(O)cc2)[C@@H]2[C@]1(C)CC[C@@]2(O)C(C)C	1;2;4;5	0;1;2;3;4;5;6;7	CO[C:1003](/[C:1002](C)=[CH:1001]\C)=[O:1004]	C/C=C(/C)C(=O)OC	COC([O-])=C(C)C(C)SC	2f2cf585931c3a41315c	45b330041a48775c0812	63873bf3cc344f2bc202	ok	-12.87931274693731	10-angeloyloxy-6-p-hydroxybenzoyl-jaeschkeanadiol	-1.6835133492610952	-2.254660141059235	-1.112366557462955	-2.8671320130309628	-0.4998946854912278	within	no listed structural alert	enone or ester; within energy range; no listed structural alert	14	weak calibration; fragment-group Q2 = 0.287; ranked hypothesis only	within calibration range	no listed structural alert	ranked hypothesis (in applicability domain)	ring severed by truncation
Mol_04293	Mol_04293:atom1	ester	ranked hypothesis (in applicability domain)	C/C=C(/C)C(=O)O[C@@H]1C=C(C)C[C@H](OC(=O)c2ccc(OC)cc2)[C@@H]2[C@]1(C)CC[C@@]2(O)C(C)C	1;2;4;5	0;1;2;3;4;5;6;7	CO[C:1003](/[C:1002](C)=[CH:1001]\C)=[O:1004]	C/C=C(/C)C(=O)OC	COC([O-])=C(C)C(C)SC	2f2cf585931c3a41315c	45b330041a48775c0812	63873bf3cc344f2bc202	ok	-12.87931274693731	10-angeloyloxy-6-p-methoxybenzoyl-jaeschkeanadiol	-1.6835133492610952	-2.254660141059235	-1.112366557462955	-2.8671320130309628	-0.4998946854912278	within	no listed structural alert	enone or ester; within energy range; no listed structural alert	14	weak calibration; fragment-group Q2 = 0.287; ranked hypothesis only	within calibration range	no listed structural alert	ranked hypothesis (in applicability domain)	ring severed by truncation
Mol_04294	Mol_04294:atom1	ester	ranked hypothesis (in applicability domain)	C/C=C(\C)C(=O)O[C@H]1CC(C)=C[C@@H](OC(=O)c2ccc(OC)cc2)[C@@]2(C)CC[C@@](O)(C(C)C)[C@H]12	1;2;4;5	0;1;2;3;4;5;6;7	CO[C:1003](/[C:1002](C)=[CH:1001]/C)=[O:1004]	C/C=C(\C)C(=O)OC	COC([O-])=C(C)C(C)SC	2d67f2c0c8fbe9e3fd3e	45b330041a48775c0812	63873bf3cc344f2bc202	ok	-11.93330027436887	6-anjeloyloxy-10-p-methoxybenzoyl-jaeschkeanadiol	-2.056981866747176	-2.725064905864692	-1.3888988276296597	-3.290302356563004	-0.8236613769313474	within	no listed structural alert	enone or ester; within energy range; no listed structural alert	21	weak calibration; fragment-group Q2 = 0.287; ranked hypothesis only	within calibration range	no listed structural alert	ranked hypothesis (in applicability domain)	ring severed by truncation
Mol_04301	Mol_04301:atom1	enone	internally cross-validated candidate (in applicability domain)	CC(C)=CC(=O)C/C(C)=C\COc1ccc2ccc(=O)oc2c1	1;3;4;5	0;1;2;3;4;5;6;7	CC[C:1003]([CH:1002]=[C:1001](C)C)=[O:1004]	CCC(=O)C=C(C)C	CCC([O-])=CC(C)(C)SC	831eace156c08c9419b7	119016f1a2a0247ef191	63873bf3cc344f2bc202	ok	-9.019817338646698	diversinin	-0.9702621286368016	-1.644954455777524	-0.2955698014960793	-2.416063609989779	0.4755393527161755	within	no listed structural alert	enone or ester; within energy range; no listed structural alert	481	cross-validated calibration; fragment-group Q2 = 0.750	within calibration range	no listed structural alert	internally cross-validated candidate (in applicability domain)	none
Mol_04302	Mol_04302:atom1	enone	internally cross-validated candidate (in applicability domain)	CC(C)=CC(=O)/C=C(\C)CCOc1ccc2ccc(=O)oc2c1	1;3;4;5	0;1;2;3;4;5;6;7	C=C[C:1003]([CH:1002]=[C:1001](C)C)=[O:1004]	C=CC(=O)C=C(C)C	C=CC([O-])=CC(C)(C)SC	e31643b833087b72891e	73c7e022c03eb882a943	63873bf3cc344f2bc202	ok	-10.9601539622029	diversin	-0.1328026907591377	-0.619439154247644	0.3538337727293684	-1.5009939181745529	1.2353885366562771	within	no listed structural alert	enone or ester; within energy range; no listed structural alert	166	cross-validated calibration; fragment-group Q2 = 0.750	within calibration range	no listed structural alert	internally cross-validated candidate (in applicability domain)	none
Mol_04302	Mol_04302:atom7	enone	internally cross-validated candidate (in applicability domain)	CC(C)=CC(=O)/C=C(\C)CCOc1ccc2ccc(=O)oc2c1	7;6;4;5	1;3;4;5;6;7;8;9;10	C=C[C:1003](/[CH:1002]=[C:1001](\C)CC)=[O:1004]	C=CC(=O)/C=C(\C)CC	C=CC([O-])=CC(C)(CC)SC	ad55ee95e9c786c00d33	ad316a42abca110088d4	63873bf3cc344f2bc202	ok	-11.564043464965206	diversin	0.1278391779680756	-0.3096969092243693	0.5653752651605206	-1.22366739425996	1.4793457501961114	within	no listed structural alert	enone or ester; within energy range; no listed structural alert	164	cross-validated calibration; fragment-group Q2 = 0.750	within calibration range	no listed structural alert	internally cross-validated candidate (in applicability domain)	none
Mol_04303	Mol_04303:atom17	enone	internally cross-validated candidate (in applicability domain)	COc1ccc(C(=O)O[C@H]2CC(C)=C3C(=O)C=C(C)[C@H]3[C@@H]3OC(=O)[C@@](C)(OC(=O)C=C(C)C)[C@@H]32)cc1OC	17;16;14;15	11;13;14;15;16;17;18;19;20	C=C1[C@H](C)[C:1001](C)=[CH:1002][C:1003]1=[O:1004]	C=C1C(=O)C=C(C)[C@H]1C	C=C1C([O-])=CC(C)(SC)[C@H]1C	403f040b6cdc1ebad750	1545ac8601adf62c62de	63873bf3cc344f2bc202	ok	-12.487808981910534	malafil	0.5265412078941711	0.1486833294098551	0.9043990863784872	-0.8068412441849644	1.8599236599733069	within	no listed structural alert	enone or ester; within energy range; no listed structural alert	95	cross-validated calibration; fragment-group Q2 = 0.750	within calibration range	no listed structural alert	internally cross-validated candidate (in applicability domain)	ring severed by truncation
Mol_04304	Mol_04304:atom17	enone	internally cross-validated candidate (in applicability domain)	COc1ccc(C(=O)O[C@H]2CC(C)=C3C(=O)C=C(C)[C@H]3[C@@H]3OC(=O)[C@@](C)(OC(C)=O)[C@@H]32)cc1OC	17;16;14;15	11;13;14;15;16;17;18;19;20	C=C1[C@H](C)[C:1001](C)=[CH:1002][C:1003]1=[O:1004]	C=C1C(=O)C=C(C)[C@H]1C	C=C1C([O-])=CC(C)(SC)[C@H]1C	403f040b6cdc1ebad750	1545ac8601adf62c62de	63873bf3cc344f2bc202	ok	-12.487808981910534	malafilin	0.5265412078941711	0.1486833294098551	0.9043990863784872	-0.8068412441849644	1.8599236599733069	within	no listed structural alert	enone or ester; within energy range; no listed structural alert	95	cross-validated calibration; fragment-group Q2 = 0.750	within calibration range	no listed structural alert	internally cross-validated candidate (in applicability domain)	ring severed by truncation
Mol_04305	Mol_04305:atom11	enone	internally cross-validated candidate (in applicability domain)	CC(=O)O[C@]1(C)C(=O)O[C@H]2[C@@H]3C(C)=CC(=O)C3=C(C)C[C@H](OC(=O)c3ccccc3)[C@H]21	11;13;14;15	9;10;11;12;13;14;15;16;17	C=C1[C@H](C)[C:1001](C)=[CH:1002][C:1003]1=[O:1004]	C=C1C(=O)C=C(C)[C@H]1C	C=C1C([O-])=CC(C)(SC)[C@H]1C	403f040b6cdc1ebad750	1545ac8601adf62c62de	63873bf3cc344f2bc202	ok	-12.487808981910534	malafilinin	0.5265412078941711	0.1486833294098551	0.9043990863784872	-0.8068412441849644	1.8599236599733069	within	no listed structural alert	enone or ester; within energy range; no listed structural alert	95	cross-validated calibration; fragment-group Q2 = 0.750	within calibration range	no listed structural alert	internally cross-validated candidate (in applicability domain)	ring severed by truncation
Mol_04314	Mol_04314:atom1	ester	ranked hypothesis (in applicability domain)	C/C=C(/C)C(=O)O[C@@H](C)[C@H](OC(C)=O)c1cc(OC)c2c(c1)OCO2	1;2;4;5	0;1;2;3;4;5;6;7	CO[C:1003](/[C:1002](C)=[CH:1001]\C)=[O:1004]	C/C=C(/C)C(=O)OC	COC([O-])=C(C)C(C)SC	2f2cf585931c3a41315c	45b330041a48775c0812	63873bf3cc344f2bc202	ok	-12.87931274693731	(Z)-(1R,2S)-1-acetoxy-1-(4-methoxybenzo[d][1,3]dioxol-6-yl)propan-2-yl 2-methylb	-1.6835133492610952	-2.254660141059235	-1.112366557462955	-2.8671320130309628	-0.4998946854912278	within	no listed structural alert	enone or ester; within energy range; no listed structural alert	14	weak calibration; fragment-group Q2 = 0.287; ranked hypothesis only	within calibration range	no listed structural alert	ranked hypothesis (in applicability domain)	none
Mol_04315	Mol_04315:atom1	ester	ranked hypothesis (in applicability domain)	C/C=C(/C)C(=O)O[C@H](c1cc(OC)c2c(c1)OCO2)[C@H](C)OC(=O)C1(C)OC1C	1;2;4;5	0;1;2;3;4;5;6;7	CO[C:1003](/[C:1002](C)=[CH:1001]\C)=[O:1004]	C/C=C(/C)C(=O)OC	COC([O-])=C(C)C(C)SC	2f2cf585931c3a41315c	45b330041a48775c0812	63873bf3cc344f2bc202	ok	-12.87931274693731	(1R,2S)-1-((Z)-2-methylbut-2-enoyloxy)-1-(4-methoxybenzo[d][1,3]dioxol-6-yl)prop	-1.6835133492610952	-2.254660141059235	-1.112366557462955	-2.8671320130309628	-0.4998946854912278	within	no listed structural alert	enone or ester; within energy range; no listed structural alert	14	weak calibration; fragment-group Q2 = 0.287; ranked hypothesis only	within calibration range	no listed structural alert	ranked hypothesis (in applicability domain)	none
Mol_04318	Mol_04318:atom1	ester	ranked hypothesis (in applicability domain)	C/C=C(/C)C(=O)O[C@H](c1cc(OC)c2c(c1)OCO2)[C@H](C)OC(=O)C(C)(O)C(C)OC(=O)CC(C)C	1;2;4;5	0;1;2;3;4;5;6;7	CO[C:1003](/[C:1002](C)=[CH:1001]\C)=[O:1004]	C/C=C(/C)C(=O)OC	COC([O-])=C(C)C(C)SC	2f2cf585931c3a41315c	45b330041a48775c0812	63873bf3cc344f2bc202	ok	-12.87931274693731	Thapsia transtagana Phenylpropanoid 6	-1.6835133492610952	-2.254660141059235	-1.112366557462955	-2.8671320130309628	-0.4998946854912278	within	no listed structural alert	enone or ester; within energy range; no listed structural alert	14	weak calibration; fragment-group Q2 = 0.287; ranked hypothesis only	within calibration range	no listed structural alert	ranked hypothesis (in applicability domain)	none
Mol_04323	Mol_04323:atom5	ester	ranked hypothesis (in applicability domain)	C=C(C)C1CC=C(C(=O)OC)CC1	5;6;7;8	3;4;5;6;7;8;9;10;11;12	CO[C:1003]([C:1002]1=[CH:1001]CCCC1)=[O:1004]	COC(=O)C1=CCCCC1	COC([O-])=C1CCCCC1SC	3ba823df221c42f72385	62ca8c5ad515e361ecfb	63873bf3cc344f2bc202	ok	-12.506053705160246	(-)-methylperillate	-1.830869229878906	-2.439420252212884	-1.222318207544928	-3.032983546500578	-0.6287549132572343	within	no listed structural alert	enone or ester; within energy range; no listed structural alert	577	weak calibration; fragment-group Q2 = 0.287; ranked hypothesis only	within calibration range	no listed structural alert	ranked hypothesis (in applicability domain)	none
Mol_04324	Mol_04324:atom1	ester	ranked hypothesis (in applicability domain)	C/C=C(/C)C(=O)OC1CC2CCC1(C)C2(C)C	1;2;4;5	0;1;2;3;4;5;6;7	CO[C:1003](/[C:1002](C)=[CH:1001]\C)=[O:1004]	C/C=C(/C)C(=O)OC	COC([O-])=C(C)C(C)SC	2f2cf585931c3a41315c	45b330041a48775c0812	63873bf3cc344f2bc202	ok	-12.87931274693731	(+)-borneol angelate	-1.6835133492610952	-2.254660141059235	-1.112366557462955	-2.8671320130309628	-0.4998946854912278	within	no listed structural alert	enone or ester; within energy range; no listed structural alert	14	weak calibration; fragment-group Q2 = 0.287; ranked hypothesis only	within calibration range	no listed structural alert	ranked hypothesis (in applicability domain)	ring severed by truncation
Mol_04361	Mol_04361:atom1	ester	ranked hypothesis (in applicability domain)	C/C=C(/C)C(=O)O[C@H]1C[C@@]2(C)O[C@H]2[C@@H](OC(C)=O)[C@@]2(C)CC[C@@](O)(C(C)C)[C@H]12	1;2;4;5	0;1;2;3;4;5;6;7	CO[C:1003](/[C:1002](C)=[CH:1001]\C)=[O:1004]	C/C=C(/C)C(=O)OC	COC([O-])=C(C)C(C)SC	2f2cf585931c3a41315c	45b330041a48775c0812	63873bf3cc344f2bc202	ok	-12.87931274693731	lapiferin	-1.6835133492610952	-2.254660141059235	-1.112366557462955	-2.8671320130309628	-0.4998946854912278	within	no listed structural alert	enone or ester; within energy range; no listed structural alert	14	weak calibration; fragment-group Q2 = 0.287; ranked hypothesis only	within calibration range	no listed structural alert	ranked hypothesis (in applicability domain)	ring severed by truncation
Mol_04364	Mol_04364:atom1	ester	ranked hypothesis (in applicability domain)	C/C=C(/C)C(=O)O[C@H]1CC(C)=C[C@H](OC(=O)c2ccccc2)[C@@]2(C)[C@@H](OC(C)=O)C[C@@](O)(C(C)C)[C@H]12	1;2;4;5	0;1;2;3;4;5;6;7	CO[C:1003](/[C:1002](C)=[CH:1001]\C)=[O:1004]	C/C=C(/C)C(=O)OC	COC([O-])=C(C)C(C)SC	2f2cf585931c3a41315c	45b330041a48775c0812	63873bf3cc344f2bc202	ok	-12.87931274693731	2alpha-acetyloxy-4beta-hydroxy-6alpha-angeloyloxy-10beta-benzoyloxydauc-8-ene	-1.6835133492610952	-2.254660141059235	-1.112366557462955	-2.8671320130309628	-0.4998946854912278	within	no listed structural alert	enone or ester; within energy range; no listed structural alert	14	weak calibration; fragment-group Q2 = 0.287; ranked hypothesis only	within calibration range	no listed structural alert	ranked hypothesis (in applicability domain)	ring severed by truncation
Mol_04365	Mol_04365:atom1	ester	ranked hypothesis (in applicability domain)	C/C=C(/C)C(=O)O[C@H]1CC(C)=C[C@H](OC(=O)/C=C/c2ccccc2)[C@@]2(C)[C@@H](OC(C)=O)C[C@@](O)(C(C)C)[C@H]12	1;2;4;5	0;1;2;3;4;5;6;7	CO[C:1003](/[C:1002](C)=[CH:1001]\C)=[O:1004]	C/C=C(/C)C(=O)OC	COC([O-])=C(C)C(C)SC	2f2cf585931c3a41315c	45b330041a48775c0812	63873bf3cc344f2bc202	ok	-12.87931274693731	2alpha-acetyloxy-4beta-hydroxy-6alpha-angeloyloxy- 10beta-cinnamoyloxydauc-8-ene	-1.6835133492610952	-2.254660141059235	-1.112366557462955	-2.8671320130309628	-0.4998946854912278	within	no listed structural alert	enone or ester; within energy range; no listed structural alert	14	weak calibration; fragment-group Q2 = 0.287; ranked hypothesis only	within calibration range	no listed structural alert	ranked hypothesis (in applicability domain)	ring severed by truncation
Mol_04417	Mol_04417:atom1	ester	ranked hypothesis (in applicability domain)	C/C=C(\C)C(=O)OC1C=C(C)CCC2(O)C(C(C)C)CC(=O)C12C	1;2;4;5	0;1;2;3;4;5;6;7	CO[C:1003](/[C:1002](C)=[CH:1001]/C)=[O:1004]	C/C=C(\C)C(=O)OC	COC([O-])=C(C)C(C)SC	2d67f2c0c8fbe9e3fd3e	45b330041a48775c0812	63873bf3cc344f2bc202	ok	-11.93330027436887	vaginatin	-2.056981866747176	-2.725064905864692	-1.3888988276296597	-3.290302356563004	-0.8236613769313474	within	no listed structural alert	enone or ester; within energy range; no listed structural alert	21	weak calibration; fragment-group Q2 = 0.287; ranked hypothesis only	within calibration range	no listed structural alert	ranked hypothesis (in applicability domain)	ring severed by truncation
Mol_04433	Mol_04433:atom1	ester	ranked hypothesis (in applicability domain)	C/C=C(/C)C(=O)O[C@H]1CC(C)=C[C@@H](OC(=O)/C(C)=C\C)[C@@]2(C)CC[C@@](O)(C(C)C)[C@H]12	1;2;4;5	0;1;2;3;4;5;6;7	CO[C:1003](/[C:1002](C)=[CH:1001]\C)=[O:1004]	C/C=C(/C)C(=O)OC	COC([O-])=C(C)C(C)SC	2f2cf585931c3a41315c	45b330041a48775c0812	63873bf3cc344f2bc202	ok	-12.87931274693731	4beta-hydroxy-6alpha-angeloyloxy-10alpha-angeloyloxydauc-8-ene	-1.6835133492610952	-2.254660141059235	-1.112366557462955	-2.8671320130309628	-0.4998946854912278	within	no listed structural alert	enone or ester; within energy range; no listed structural alert	14	weak calibration; fragment-group Q2 = 0.287; ranked hypothesis only	within calibration range	no listed structural alert	ranked hypothesis (in applicability domain)	ring severed by truncation
Mol_04433	Mol_04433:atom18	ester	ranked hypothesis (in applicability domain)	C/C=C(/C)C(=O)O[C@H]1CC(C)=C[C@@H](OC(=O)/C(C)=C\C)[C@@]2(C)CC[C@@](O)(C(C)C)[C@H]12	18;16;14;15	12;13;14;15;16;17;18;19	CO[C:1003](/[C:1002](C)=[CH:1001]\C)=[O:1004]	C/C=C(/C)C(=O)OC	COC([O-])=C(C)C(C)SC	2f2cf585931c3a41315c	45b330041a48775c0812	63873bf3cc344f2bc202	ok	-12.87931274693731	4beta-hydroxy-6alpha-angeloyloxy-10alpha-angeloyloxydauc-8-ene	-1.6835133492610952	-2.254660141059235	-1.112366557462955	-2.8671320130309628	-0.4998946854912278	within	no listed structural alert	enone or ester; within energy range; no listed structural alert	14	weak calibration; fragment-group Q2 = 0.287; ranked hypothesis only	within calibration range	no listed structural alert	ranked hypothesis (in applicability domain)	ring severed by truncation
Mol_04463	Mol_04463:atom1	ester	ranked hypothesis (in applicability domain)	C/C=C(/C)C(=O)OC(C)(C)[C@@H]1Cc2c(cc3oc(=O)ccc3c2O)O1	1;2;4;5	0;1;2;3;4;5;6;7	CO[C:1003](/[C:1002](C)=[CH:1001]\C)=[O:1004]	C/C=C(/C)C(=O)OC	COC([O-])=C(C)C(C)SC	2f2cf585931c3a41315c	45b330041a48775c0812	63873bf3cc344f2bc202	ok	-12.87931274693731	(-)-5-hydroxydeltoin	-1.6835133492610952	-2.254660141059235	-1.112366557462955	-2.8671320130309628	-0.4998946854912278	within	no listed structural alert	enone or ester; within energy range; no listed structural alert	14	weak calibration; fragment-group Q2 = 0.287; ranked hypothesis only	within calibration range	no listed structural alert	ranked hypothesis (in applicability domain)	none
Mol_04465	Mol_04465:atom1	ester	ranked hypothesis (in applicability domain)	C/C=C(\C)C(=O)OC(C)(C)[C@@H]1Cc2cc3ccc(=O)oc3cc2O1	1;2;4;5	0;1;2;3;4;5;6;7	CO[C:1003](/[C:1002](C)=[CH:1001]/C)=[O:1004]	C/C=C(\C)C(=O)OC	COC([O-])=C(C)C(C)SC	2d67f2c0c8fbe9e3fd3e	45b330041a48775c0812	63873bf3cc344f2bc202	ok	-11.93330027436887	(-)-deltoin	-2.056981866747176	-2.725064905864692	-1.3888988276296597	-3.290302356563004	-0.8236613769313474	within	no listed structural alert	enone or ester; within energy range; no listed structural alert	21	weak calibration; fragment-group Q2 = 0.287; ranked hypothesis only	within calibration range	no listed structural alert	ranked hypothesis (in applicability domain)	none
Mol_04560	Mol_04560:atom15	ester	ranked hypothesis (in applicability domain)	C=C1CC[C@@]2(C)C(C)(C)[C@@H](OC(=O)/C(C)=C\C)CC[C@]2(C)[C@H]1COc1ccc2ccc(=O)oc2c1	15;13;11;12	9;10;11;12;13;14;15;16	CO[C:1003](/[C:1002](C)=[CH:1001]\C)=[O:1004]	C/C=C(/C)C(=O)OC	COC([O-])=C(C)C(C)SC	2f2cf585931c3a41315c	45b330041a48775c0812	63873bf3cc344f2bc202	ok	-12.87931274693731	3-angeloxycoladin	-1.6835133492610952	-2.254660141059235	-1.112366557462955	-2.8671320130309628	-0.4998946854912278	within	no listed structural alert	enone or ester; within energy range; no listed structural alert	14	weak calibration; fragment-group Q2 = 0.287; ranked hypothesis only	within calibration range	no listed structural alert	ranked hypothesis (in applicability domain)	ring severed by truncation
Mol_04575	Mol_04575:atom25	ester	ranked hypothesis (in applicability domain)	C=CC(C)(CCC=C(C)C)C1=CC(/C=C/OC)(C(O)COC(=O)/C(C)=C\C)OC1=O	25;23;21;22	19;20;21;22;23;24;25;26	CO[C:1003](/[C:1002](C)=[CH:1001]\C)=[O:1004]	C/C=C(/C)C(=O)OC	COC([O-])=C(C)C(C)SC	2f2cf585931c3a41315c	45b330041a48775c0812	63873bf3cc344f2bc202	ok	-12.87931274693731	thapsianolide	-1.6835133492610952	-2.254660141059235	-1.112366557462955	-2.8671320130309628	-0.4998946854912278	within	no listed structural alert	enone or ester; within energy range; no listed structural alert	14	weak calibration; fragment-group Q2 = 0.287; ranked hypothesis only	within calibration range	no listed structural alert	ranked hypothesis (in applicability domain)	none
Mol_04577	Mol_04577:atom1	ester	ranked hypothesis (in applicability domain)	C/C=C(/C)C(=O)O[C@@H]1C(C)=C2[C@H]3OC(=O)[C@](C)(O)[C@]3(O)[C@H](OC(=O)C(C)CC)C[C@@](C)(OC(C)=O)[C@@H]2[C@H]1OC(=O)CC(C)C	1;2;4;5	0;1;2;3;4;5;6;7	CO[C:1003](/[C:1002](C)=[CH:1001]\C)=[O:1004]	C/C=C(/C)C(=O)OC	COC([O-])=C(C)C(C)SC	2f2cf585931c3a41315c	45b330041a48775c0812	63873bf3cc344f2bc202	ok	-12.87931274693731	thapsitranstagin	-1.6835133492610952	-2.254660141059235	-1.112366557462955	-2.8671320130309628	-0.4998946854912278	within	no listed structural alert	enone or ester; within energy range; no listed structural alert	14	weak calibration; fragment-group Q2 = 0.287; ranked hypothesis only	within calibration range	no listed structural alert	ranked hypothesis (in applicability domain)	ring severed by truncation
Mol_04619	Mol_04619:atom1	ester	ranked hypothesis (in applicability domain)	C/C=C(/C)C(=O)O[C@H](C)[C@](C)(O)C(=O)O[C@H](c1cc(OC)c2c(c1)OCO2)[C@@H](C)OC(=O)[C@]1(C)O[C@@H]1C	1;2;4;5	0;1;2;3;4;5;6;7	CO[C:1003](/[C:1002](C)=[CH:1001]\C)=[O:1004]	C/C=C(/C)C(=O)OC	COC([O-])=C(C)C(C)SC	2f2cf585931c3a41315c	45b330041a48775c0812	63873bf3cc344f2bc202	ok	-12.87931274693731	glaberin A	-1.6835133492610952	-2.254660141059235	-1.112366557462955	-2.8671320130309628	-0.4998946854912278	within	no listed structural alert	enone or ester; within energy range; no listed structural alert	14	weak calibration; fragment-group Q2 = 0.287; ranked hypothesis only	within calibration range	no listed structural alert	ranked hypothesis (in applicability domain)	none
Mol_04621	Mol_04621:atom1	ester	ranked hypothesis (in applicability domain)	C/C=C(\C)C(=O)O[C@H](C)C(C)(O)C(=O)O[C@H](c1cc(OC)c2c(c1)OCO2)[C@@H](C)OC(=O)C1(C)OC1C	1;2;4;5	0;1;2;3;4;5;6;7	CO[C:1003](/[C:1002](C)=[CH:1001]/C)=[O:1004]	C/C=C(\C)C(=O)OC	COC([O-])=C(C)C(C)SC	2d67f2c0c8fbe9e3fd3e	45b330041a48775c0812	63873bf3cc344f2bc202	ok	-11.93330027436887	glaberin C	-2.056981866747176	-2.725064905864692	-1.3888988276296597	-3.290302356563004	-0.8236613769313474	within	no listed structural alert	enone or ester; within energy range; no listed structural alert	21	weak calibration; fragment-group Q2 = 0.287; ranked hypothesis only	within calibration range	no listed structural alert	ranked hypothesis (in applicability domain)	none
Mol_04645	Mol_04645:atom2	ester	ranked hypothesis (in applicability domain)	C/C(=C\CCC(C)CCO)C(=O)OCC1(O)COC(OC2C(OC3OC=C(C(=O)O)C4CC[C@](C)(O)C34)OC(CO)C(O)C2O)C1O	2;1;10;11	0;1;2;3;4;10;11;12;13	CC/[CH:1001]=[C:1002](\C)[C:1003](OC)=[O:1004]	CC/C=C(\C)C(=O)OC	CCC(SC)C(C)=C([O-])OC	0559da15e67b3ad8310e	83750e0bdca84b2a835a	63873bf3cc344f2bc202	ok	-12.918920436864562	inerminoside A	-1.6678769536879816	-2.235130489943316	-1.1006234174326472	-2.8496218744882533	-0.4861320328877101	within	no listed structural alert	enone or ester; within energy range; no listed structural alert	287	weak calibration; fragment-group Q2 = 0.287; ranked hypothesis only	within calibration range	no listed structural alert	ranked hypothesis (in applicability domain)	none
Mol_04646	Mol_04646:atom7	ester	ranked hypothesis (in applicability domain)	C/C(=C\CO)CC/C=C(\C)C(=O)OC[C@@]1(O)CO[C@@H](O[C@H]2[C@H](O[C@@H]3OC=C(C(=O)O)[C@H]4C[C@H](O)[C@@H](C)[C@H]34)O[C@H](CO)[C@@H](O)[C@@H]2O)[C@@H]1O	7;8;10;11	5;6;7;8;9;10;11;12;13	CC/[CH:1001]=[C:1002](\C)[C:1003](OC)=[O:1004]	CC/C=C(\C)C(=O)OC	CCC(SC)C(C)=C([O-])OC	0559da15e67b3ad8310e	83750e0bdca84b2a835a	63873bf3cc344f2bc202	ok	-12.918920436864562	inerminoside B	-1.6678769536879816	-2.235130489943316	-1.1006234174326472	-2.8496218744882533	-0.4861320328877101	within	no listed structural alert	enone or ester; within energy range; no listed structural alert	287	weak calibration; fragment-group Q2 = 0.287; ranked hypothesis only	within calibration range	no listed structural alert	ranked hypothesis (in applicability domain)	none
Mol_04648	Mol_04648:atom36	ester	ranked hypothesis (in applicability domain)	C=C1C(O)CC2C(C(=O)O)=COC(OC3OC(CO)C(O)C(O)C3OC3OCC(O)(COC(=O)/C(C)=C/CCC(C)CCO)C3O)C12	36;34;32;33	30;31;32;33;34;35;36;37;38	CC/[CH:1001]=[C:1002](\C)[C:1003](OC)=[O:1004]	CC/C=C(\C)C(=O)OC	CCC(SC)C(C)=C([O-])OC	0559da15e67b3ad8310e	83750e0bdca84b2a835a	63873bf3cc344f2bc202	ok	-12.918920436864562	inerminoside C	-1.6678769536879816	-2.235130489943316	-1.1006234174326472	-2.8496218744882533	-0.4861320328877101	within	no listed structural alert	enone or ester; within energy range; no listed structural alert	287	weak calibration; fragment-group Q2 = 0.287; ranked hypothesis only	within calibration range	no listed structural alert	ranked hypothesis (in applicability domain)	none
Mol_04726	Mol_04726:atom1	ester	ranked hypothesis (in applicability domain)	C/C=C(/C)C(=O)O[C@@H]1CC(C)(C)C[C@H]2C3=CC[C@@H]4[C@]56CC[C@](O)(OC5)C(C)(C)[C@@H]6CC[C@@]4(C)[C@]3(C)CC[C@@]12C(=O)O	1;2;4;5	0;1;2;3;4;5;6;7	CO[C:1003](/[C:1002](C)=[CH:1001]\C)=[O:1004]	C/C=C(/C)C(=O)OC	COC([O-])=C(C)C(C)SC	2f2cf585931c3a41315c	45b330041a48775c0812	63873bf3cc344f2bc202	ok	-12.87931274693731	camaric acid	-1.6835133492610952	-2.254660141059235	-1.112366557462955	-2.8671320130309628	-0.4998946854912278	within	no listed structural alert	enone or ester; within energy range; no listed structural alert	14	weak calibration; fragment-group Q2 = 0.287; ranked hypothesis only	within calibration range	no listed structural alert	ranked hypothesis (in applicability domain)	ring severed by truncation
Mol_04756	Mol_04756:atom1	enone	internally cross-validated candidate (in applicability domain)	CC(C)=CC(=O)CC(C)c1ccc(C)cc1	1;3;4;5	0;1;2;3;4;5;6;7	CC[C:1003]([CH:1002]=[C:1001](C)C)=[O:1004]	CCC(=O)C=C(C)C	CCC([O-])=CC(C)(C)SC	831eace156c08c9419b7	119016f1a2a0247ef191	63873bf3cc344f2bc202	ok	-9.019817338646698	ar-tumerone	-0.9702621286368016	-1.644954455777524	-0.2955698014960793	-2.416063609989779	0.4755393527161755	within	no listed structural alert	enone or ester; within energy range; no listed structural alert	481	cross-validated calibration; fragment-group Q2 = 0.750	within calibration range	no listed structural alert	internally cross-validated candidate (in applicability domain)	none
Mol_04758	Mol_04758:atom1	enone	internally cross-validated candidate (in applicability domain)	CC(C)=CC(=O)CC(C)C1C=CC(C)=CC1	1;3;4;5	0;1;2;3;4;5;6;7	CC[C:1003]([CH:1002]=[C:1001](C)C)=[O:1004]	CCC(=O)C=C(C)C	CCC([O-])=CC(C)(C)SC	831eace156c08c9419b7	119016f1a2a0247ef191	63873bf3cc344f2bc202	ok	-9.019817338646698	alpha-tumerone	-0.9702621286368016	-1.644954455777524	-0.2955698014960793	-2.416063609989779	0.4755393527161755	within	no listed structural alert	enone or ester; within energy range; no listed structural alert	481	cross-validated calibration; fragment-group Q2 = 0.750	within calibration range	no listed structural alert	internally cross-validated candidate (in applicability domain)	none
Mol_04777	Mol_04777:atom4	enone	internally cross-validated candidate (in applicability domain)	CC(=O)/C=C/C1=C(C)C(O[C@@H]2O[C@H](CO)[C@@H](O)[C@H](O)[C@H]2O)C(O)CC1(C)C	4;3;1;2	0;1;2;3;4;5;6;24	C=C(C)/[CH:1001]=[CH:1002]/[C:1003](C)=[O:1004]	C=C(C)/C=C/C(C)=O	C=C(C)C(C=C(C)[O-])SC	940e92ef98801d326c17	c3a21762d271085551fd	63873bf3cc344f2bc202	ok	-9.310014905108078	sonchuionoside A	-0.8450113407416602	-1.4896078731005438	-0.2004148083827764	-2.277015836792213	0.5869931553088925	within	no listed structural alert	enone or ester; within energy range; no listed structural alert	47	cross-validated calibration; fragment-group Q2 = 0.750	within calibration range	no listed structural alert	internally cross-validated candidate (in applicability domain)	ring severed by truncation
Mol_05045	Mol_05045:atom1	enone	internally cross-validated candidate (in applicability domain)	CC1=CC(=O)C2(C(C)C)CC12	1;2;3;4	0;1;2;3;4;5;6;9;10	CC12CC1[C:1001](C)=[CH:1002][C:1003]2=[O:1004]	CC1=CC(=O)C2(C)CC12	CSC1(C)C=C([O-])C2(C)CC12	21600a3c22ee3b7abf93	abc859044637d105ff1e	63873bf3cc344f2bc202	ok	-12.806878294352192	umbellulone	0.6642531924011026	0.3012100641678556	1.0272963206343495	-0.6650069402054846	1.9935133250076893	within	no listed structural alert	enone or ester; within energy range; no listed structural alert	401	cross-validated calibration; fragment-group Q2 = 0.750	within calibration range	no listed structural alert	internally cross-validated candidate (in applicability domain)	strained ring fusion
Mol_05108	Mol_05108:atom0	ester	ranked hypothesis (in applicability domain)	C=C(CCO)C(=O)O[C@H]1C/C(C)=C/CC/C(CO)=C/C2OC(=O)[C@@H](C)[C@@H]21	0;1;5;6	0;1;2;3;5;6;7;8	CC[C:1002](=[CH2:1001])[C:1003](OC)=[O:1004]	C=C(CC)C(=O)OC	CCC(CSC)=C([O-])OC	14e9bfcf809ddd001f57	b07ac12d43d3889e6b96	63873bf3cc344f2bc202	ok	-16.712595286224687	11beta,13-dihydro 19-desoxycnicin	-0.1702031249613167	-0.516315793247321	0.1759095433246875	-1.2631525577307912	0.9227463078081576	within	no listed structural alert	enone or ester; within energy range; no listed structural alert	66	weak calibration; fragment-group Q2 = 0.287; ranked hypothesis only	within calibration range	no listed structural alert	ranked hypothesis (in applicability domain)	ring severed by truncation
Mol_05142	Mol_05142:atom0	ester	ranked hypothesis (in applicability domain)	C=C(C(=O)OC[C@H]1OC(O)[C@H](O)[C@@H](O)[C@@H]1O)[C@@H]1CC[C@@]2(C)CCC(=O)C(C)=C2C1	0;1;2;3	0;1;2;3;4;5;16;17;28	CO[C:1003]([C:1002](C(C)C)=[CH2:1001])=[O:1004]	C=C(C(=O)OC)C(C)C	COC([O-])=C(CSC)C(C)C	1ed839339efbe7987294	42a2ab3233c3bee8c2c2	63873bf3cc344f2bc202	ok	-16.991922386392556	3-oxo-gamma-costic acid beta-D-glucopyranoside ester	-0.0599298663961835	-0.4096888782228589	0.2898291454304917	-1.1540394814700257	1.0341797486776585	within	no listed structural alert	enone or ester; within energy range; no listed structural alert	35	weak calibration; fragment-group Q2 = 0.287; ranked hypothesis only	within calibration range	no listed structural alert	ranked hypothesis (in applicability domain)	ring severed by truncation
Mol_05151	Mol_05151:atom0	ester	ranked hypothesis (in applicability domain)	C=C(C(=O)OC)[C@@H]1CC[C@@]2(C)CCC(=O)C(C)=C2C1	0;1;2;3	0;1;2;3;4;5;6;7;18	CO[C:1003]([C:1002](C(C)C)=[CH2:1001])=[O:1004]	C=C(C(=O)OC)C(C)C	COC([O-])=C(CSC)C(C)C	1ed839339efbe7987294	42a2ab3233c3bee8c2c2	63873bf3cc344f2bc202	ok	-16.991922386392556	3-oxo-gamma-costic acid methyl ester	-0.0599298663961835	-0.4096888782228589	0.2898291454304917	-1.1540394814700257	1.0341797486776585	within	no listed structural alert	enone or ester; within energy range; no listed structural alert	35	weak calibration; fragment-group Q2 = 0.287; ranked hypothesis only	within calibration range	no listed structural alert	ranked hypothesis (in applicability domain)	ring severed by truncation
Mol_05209	Mol_05209:atom4	enone	internally cross-validated candidate (in applicability domain)	CC(=O)/C=C/[C@H]1[C@H]2CCC(=O)[C@H]3OC(=O)[C@]1(C)[C@@H]23	4;3;1;2	0;1;2;3;4;5;6;15	CC(C)/[CH:1001]=[CH:1002]/[C:1003](C)=[O:1004]	CC(=O)/C=C/C(C)C	CSC(C=C(C)[O-])C(C)C	eb248bd0056afe651969	d22018e44751d333f2e1	63873bf3cc344f2bc202	ok	-14.80319523556314	maroccanin	1.5258740282476575	1.1638015406579094	1.8879465158374056	0.1968786657842181	2.854869390711097	within	no listed structural alert	enone or ester; within energy range; no listed structural alert	190	cross-validated calibration; fragment-group Q2 = 0.750	within calibration range	no listed structural alert	internally cross-validated candidate (in applicability domain)	ring severed by truncation
Mol_05211	Mol_05211:atom10	ester	ranked hypothesis (in applicability domain)	C=C[C@]1(C)C[C@H](OC(=O)/C(=C\C)CO)[C@H]2C(=C)C(=O)O[C@@H]2[C@H]1C(=C)CO	10;9;7;8	5;6;7;8;9;10;11;12;13	CO[C:1003](/[C:1002](CO)=[CH:1001]\C)=[O:1004]	C/C=C(/CO)C(=O)OC	COC([O-])=C(CO)C(C)SC	b91c833351aff0883391	09ce75b23ad8d71ed054	63873bf3cc344f2bc202	ok	-17.578731669169965	8alpha-[2'-hydroxymethyl-2'-butenoyloxy]-dehydromelitensin	0.1717317651792855	-0.1962890827401331	0.5397526130987043	-0.9283517898047832	1.2718153201633542	within	no listed structural alert	enone or ester; within energy range; no listed structural alert	18	weak calibration; fragment-group Q2 = 0.287; ranked hypothesis only	within calibration range	no listed structural alert	ranked hypothesis (in applicability domain)	ring severed by truncation
Mol_05213	Mol_05213:atom12	ester	ranked hypothesis (in applicability domain)	C=C1C(=O)O[C@H]2[C@H]1[C@@H](OC(=O)/C(=C\C)CO)C[C@]1(C)[C@@H]2[C@H](C=O)CC[C@H]1O	12;11;9;10	7;8;9;10;11;12;13;14;15	CO[C:1003](/[C:1002](CO)=[CH:1001]\C)=[O:1004]	C/C=C(/CO)C(=O)OC	COC([O-])=C(CO)C(C)SC	b91c833351aff0883391	09ce75b23ad8d71ed054	63873bf3cc344f2bc202	ok	-17.578731669169965	8alpha-[2'-hydroxymethyl-2'-butenoyloxy]-sonchucarpolide	0.1717317651792855	-0.1962890827401331	0.5397526130987043	-0.9283517898047832	1.2718153201633542	within	no listed structural alert	enone or ester; within energy range; no listed structural alert	18	weak calibration; fragment-group Q2 = 0.287; ranked hypothesis only	within calibration range	no listed structural alert	ranked hypothesis (in applicability domain)	ring severed by truncation
Mol_05260	Mol_05260:atom7	ester	ranked hypothesis (in applicability domain)	C/C=C/C#CC#C/C=C/C(=O)OC	7;8;9;10	5;6;7;8;9;10;11;12	C#C/[CH:1001]=[CH:1002]/[C:1003](OC)=[O:1004]	C#C/C=C/C(=O)OC	C#CC(C=C([O-])OC)SC	84411d8037888d70a70a	b7fbda1af51e74bb163b	63873bf3cc344f2bc202	ok	-12.74491545675386	maticaria ester	-1.736570954921076	-2.321041236868997	-1.1521006729731544	-2.926675989749238	-0.5464659200929138	within	no listed structural alert	enone or ester; within energy range; no listed structural alert	2	weak calibration; fragment-group Q2 = 0.287; ranked hypothesis only	within calibration range	no listed structural alert	ranked hypothesis (in applicability domain)	none
Mol_05265	Mol_05265:atom10	ester	ranked hypothesis (in applicability domain)	C=C[C@]1(C)C[C@H](OC(=O)C(=C)CCO)[C@@H]2[C@H](OC(=O)[C@H]2C)[C@H]1C(=C)CO	10;9;7;8	5;6;7;8;9;10;11;12	CC[C:1002](=[CH2:1001])[C:1003](OC)=[O:1004]	C=C(CC)C(=O)OC	CCC(CSC)=C([O-])OC	14e9bfcf809ddd001f57	b07ac12d43d3889e6b96	63873bf3cc344f2bc202	ok	-16.712595286224687	8alpha-O-(4-hydroxy-2-methylenebutanoyloxy)melitensin	-0.1702031249613167	-0.516315793247321	0.1759095433246875	-1.2631525577307912	0.9227463078081576	within	no listed structural alert	enone or ester; within energy range; no listed structural alert	66	weak calibration; fragment-group Q2 = 0.287; ranked hypothesis only	within calibration range	no listed structural alert	ranked hypothesis (in applicability domain)	ring severed by truncation
Mol_05285	Mol_05285:atom3	ester	ranked hypothesis (in applicability domain)	O=C(/C=C\C1=CC(=O)C(=O)C=C1)O[C@@H]1C[C@@](O)(C(=O)O)C[C@@H](O)[C@@H]1O	3;2;1;0	0;1;2;3;4;5;11;12;13	C=C(C)/[CH:1001]=[CH:1002]\[C:1003](OC)=[O:1004]	C=C(C)/C=C\C(=O)OC	C=C(C)C(C=C([O-])OC)SC	d907f950fcaad107d24e	c44e956dc6493a3ce76b	63873bf3cc344f2bc202	ok	-17.032008413008015	chlorogenoquinone	-0.044104632198862	-0.3946633780015919	0.3064541136038678	-1.1384701642318484	1.0502608998341243	within	no listed structural alert	enone or ester; within energy range; no listed structural alert	49	weak calibration; fragment-group Q2 = 0.287; ranked hypothesis only	within calibration range	no listed structural alert	ranked hypothesis (in applicability domain)	ring severed by truncation
Mol_05360	Mol_05360:atom0	ester	ranked hypothesis (in applicability domain)	C=C(C)C(=O)O[C@H]1CC(=C)[C@@H]2C[C@H](O)[C@@]3(CO3)[C@@H]2[C@H]2OC(=O)C(=C)[C@@H]21	0;1;3;4	0;1;2;3;4;5;6	CO[C:1003]([C:1002](C)=[CH2:1001])=[O:1004]	C=C(C)C(=O)OC	COC([O-])=C(C)CSC	a6a3a54dd9b87a8a365d	5f7f4f5f44997e3bb932	63873bf3cc344f2bc202	ok	-15.736774568104638	desoxy repin	-0.5554393956196098	-0.9155391170162018	-0.1953396742230176	-1.652898412072143	0.5420196208329235	within	no listed structural alert	enone or ester; within energy range; no listed structural alert	58	weak calibration; fragment-group Q2 = 0.287; ranked hypothesis only	within calibration range	no listed structural alert	ranked hypothesis (in applicability domain)	ring severed by truncation
Mol_05365	Mol_05365:atom0	ester	ranked hypothesis (in applicability domain)	C=C(C)C(=O)O[C@H]1CC(=C)[C@@H]2C[C@H](O)[C@](O)(CO)[C@@H]2[C@H]2OC(=O)C(=C)[C@@H]21	0;1;3;4	0;1;2;3;4;5;6	CO[C:1003]([C:1002](C)=[CH2:1001])=[O:1004]	C=C(C)C(=O)OC	COC([O-])=C(C)CSC	a6a3a54dd9b87a8a365d	5f7f4f5f44997e3bb932	63873bf3cc344f2bc202	ok	-15.736774568104638	repdiolide triol	-0.5554393956196098	-0.9155391170162018	-0.1953396742230176	-1.652898412072143	0.5420196208329235	within	no listed structural alert	enone or ester; within energy range; no listed structural alert	58	weak calibration; fragment-group Q2 = 0.287; ranked hypothesis only	within calibration range	no listed structural alert	ranked hypothesis (in applicability domain)	ring severed by truncation
Mol_05380	Mol_05380:atom22	ester	ranked hypothesis (in applicability domain)	C=C1C(=O)O[C@@H]2/C=C(\CO)CC/C=C(\C)C[C@H](OC(=O)/C(C)=C\CO)C12	22;20;18;19	16;17;18;19;20;21;22;23;24	CO[C:1003](/[C:1002](C)=[CH:1001]\CO)=[O:1004]	COC(=O)/C(C)=C\CO	COC([O-])=C(C)C(CO)SC	fe35ef29f39d4a55cadc	5154d8004f7aaff7b79d	63873bf3cc344f2bc202	ok	-14.333752020807225	salonitenolide-9-O-(4-hydroxy-2-methyl)but-2-enote	-1.1093271782152048	-1.5508542790253943	-0.667800077405015	-2.2361326912443653	0.0174783348139557	within	no listed structural alert	enone or ester; within energy range; no listed structural alert	550	weak calibration; fragment-group Q2 = 0.287; ranked hypothesis only	within calibration range	no listed structural alert	ranked hypothesis (in applicability domain)	ring severed by truncation
Mol_05381	Mol_05381:atom21	ester	ranked hypothesis (in applicability domain)	C=C1C(=O)O[C@@H]2/C=C(\CO)CC/C=C(\C)C[C@H](OC(=O)/C(=C/C)CO)C12	21;20;18;19	16;17;18;19;20;21;22;23;24	CO[C:1003](/[C:1002](CO)=[CH:1001]/C)=[O:1004]	C/C=C(\CO)C(=O)OC	COC([O-])=C(CO)C(C)SC	047d3a6538e21b001743	09ce75b23ad8d71ed054	63873bf3cc344f2bc202	ok	-16.99396118734966	salonitenolide-9-O-(2-hydroxymethyl)but-2-enoate	-0.0591249848613433	-0.4089230191092766	0.2906730493865899	-1.153247075035368	1.0349971053126814	within	no listed structural alert	enone or ester; within energy range; no listed structural alert	24	weak calibration; fragment-group Q2 = 0.287; ranked hypothesis only	within calibration range	no listed structural alert	ranked hypothesis (in applicability domain)	ring severed by truncation
Mol_05382	Mol_05382:atom22	ester	ranked hypothesis (in applicability domain)	C/C1=C\CC/C(CO)=C/[C@H]2OC(=O)[C@@H](C)C2[C@@H](OC(=O)/C(C)=C/CO)C1	22;20;18;19	16;17;18;19;20;21;22;23;24	CO[C:1003](/[C:1002](C)=[CH:1001]/CO)=[O:1004]	COC(=O)/C(C)=C/CO	COC([O-])=C(C)C(CO)SC	6563f7ef48788eee1422	5154d8004f7aaff7b79d	63873bf3cc344f2bc202	ok	-13.91818725427916	11,13-dihydro-salonitenolide-9-O-(4-hydroxy-2-methyl)but-2-enote	-1.2733845894809503	-1.7486155361772138	-0.7981536427846869	-2.4138182509189514	-0.1329509280429495	within	no listed structural alert	enone or ester; within energy range; no listed structural alert	549	weak calibration; fragment-group Q2 = 0.287; ranked hypothesis only	within calibration range	no listed structural alert	ranked hypothesis (in applicability domain)	ring severed by truncation
Mol_05389	Mol_05389:atom22	ester	ranked hypothesis (in applicability domain)	C=C1C(=O)O[C@@H]2/C=C(\CO)CC/C=C(\C)C[C@H](OC(=O)/C(C)=C\C)[C@@H]12	22;20;18;19	16;17;18;19;20;21;22;23	CO[C:1003](/[C:1002](C)=[CH:1001]\C)=[O:1004]	C/C=C(/C)C(=O)OC	COC([O-])=C(C)C(C)SC	2f2cf585931c3a41315c	45b330041a48775c0812	63873bf3cc344f2bc202	ok	-12.87931274693731	salonitenolide 8-O-(4'-acetoxy-5'-hydroxyangelate)	-1.6835133492610952	-2.254660141059235	-1.112366557462955	-2.8671320130309628	-0.4998946854912278	within	no listed structural alert	enone or ester; within energy range; no listed structural alert	14	weak calibration; fragment-group Q2 = 0.287; ranked hypothesis only	within calibration range	no listed structural alert	ranked hypothesis (in applicability domain)	ring severed by truncation
Mol_05424	Mol_05424:atom4	enone	internally cross-validated candidate (in applicability domain)	CC(=O)/C=C/[C@H]1C(C)=CCCC1(C)C	4;3;1;2	0;1;2;3;4;5;6;11	CC(C)/[CH:1001]=[CH:1002]/[C:1003](C)=[O:1004]	CC(=O)/C=C/C(C)C	CSC(C=C(C)[O-])C(C)C	eb248bd0056afe651969	d22018e44751d333f2e1	63873bf3cc344f2bc202	ok	-14.80319523556314	(E)-alpha-ionone	1.5258740282476575	1.1638015406579094	1.8879465158374056	0.1968786657842181	2.854869390711097	within	no listed structural alert	enone or ester; within energy range; no listed structural alert	190	cross-validated calibration; fragment-group Q2 = 0.750	within calibration range	no listed structural alert	internally cross-validated candidate (in applicability domain)	ring severed by truncation
Mol_05484	Mol_05484:atom0	ester	ranked hypothesis (in applicability domain)	C=C(CCO)C(=O)O[C@H]1C[C@]2(C)C([C@H](C=O)CC[C@H]2O)[C@H]2OC(=O)[C@@H](C)[C@H]12	0;1;5;6	0;1;2;3;5;6;7;8	CC[C:1002](=[CH2:1001])[C:1003](OC)=[O:1004]	C=C(CC)C(=O)OC	CCC(CSC)=C([O-])OC	14e9bfcf809ddd001f57	b07ac12d43d3889e6b96	63873bf3cc344f2bc202	ok	-16.712595286224687	8alphaO-(4-hydroxy-2-methylenebutanoyloxy)-11beta,13-dihydrosonchucarpolide	-0.1702031249613167	-0.516315793247321	0.1759095433246875	-1.2631525577307912	0.9227463078081576	within	no listed structural alert	enone or ester; within energy range; no listed structural alert	66	weak calibration; fragment-group Q2 = 0.287; ranked hypothesis only	within calibration range	no listed structural alert	ranked hypothesis (in applicability domain)	ring severed by truncation
Mol_05485	Mol_05485:atom0	ester	ranked hypothesis (in applicability domain)	C=C(CCO)C(=O)O[C@H]1C[C@]2(C)C([C@H]3OC(=O)[C@@H](C)[C@H]13)[C@@H](C=O)CC[C@H]2O	0;1;5;6	0;1;2;3;5;6;7;8	CC[C:1002](=[CH2:1001])[C:1003](OC)=[O:1004]	C=C(CC)C(=O)OC	CCC(CSC)=C([O-])OC	14e9bfcf809ddd001f57	b07ac12d43d3889e6b96	63873bf3cc344f2bc202	ok	-16.712595286224687	8alpha-O-(4-hydroxy-2-methylenebutanoyloxy)-11beta,13- dihydro-4-epi-sonchucarpo	-0.1702031249613167	-0.516315793247321	0.1759095433246875	-1.2631525577307912	0.9227463078081576	within	no listed structural alert	enone or ester; within energy range; no listed structural alert	66	weak calibration; fragment-group Q2 = 0.287; ranked hypothesis only	within calibration range	no listed structural alert	ranked hypothesis (in applicability domain)	ring severed by truncation
Mol_05486	Mol_05486:atom26	ester	ranked hypothesis (in applicability domain)	C=C1[C@H](O)CC[C@]2(C)CC[C@](O)(C(C)(C)OC3O[C@H](C)[C@H](OC(=O)/C(C)=C\C)[C@H](OC(C)=O)[C@H]3OC(=O)/C(C)=C\C)[C@H]3O[C@]132	26;24;22;23	20;21;22;23;24;25;26;27	CO[C:1003](/[C:1002](C)=[CH:1001]\C)=[O:1004]	C/C=C(/C)C(=O)OC	COC([O-])=C(C)C(C)SC	2f2cf585931c3a41315c	45b330041a48775c0812	63873bf3cc344f2bc202	ok	-12.87931274693731	3alpha,7beta-dihydroxy-5beta,6beta-epoxyeudesm-4(15)-ene-11-(O-beta-D-fucopyrano	-1.6835133492610952	-2.254660141059235	-1.112366557462955	-2.8671320130309628	-0.4998946854912278	within	no listed structural alert	enone or ester; within energy range; no listed structural alert	14	weak calibration; fragment-group Q2 = 0.287; ranked hypothesis only	within calibration range	no listed structural alert	ranked hypothesis (in applicability domain)	ring severed by truncation
Mol_05486	Mol_05486:atom39	ester	ranked hypothesis (in applicability domain)	C=C1[C@H](O)CC[C@]2(C)CC[C@](O)(C(C)(C)OC3O[C@H](C)[C@H](OC(=O)/C(C)=C\C)[C@H](OC(C)=O)[C@H]3OC(=O)/C(C)=C\C)[C@H]3O[C@]132	39;37;35;36	33;34;35;36;37;38;39;40	CO[C:1003](/[C:1002](C)=[CH:1001]\C)=[O:1004]	C/C=C(/C)C(=O)OC	COC([O-])=C(C)C(C)SC	2f2cf585931c3a41315c	45b330041a48775c0812	63873bf3cc344f2bc202	ok	-12.87931274693731	3alpha,7beta-dihydroxy-5beta,6beta-epoxyeudesm-4(15)-ene-11-(O-beta-D-fucopyrano	-1.6835133492610952	-2.254660141059235	-1.112366557462955	-2.8671320130309628	-0.4998946854912278	within	no listed structural alert	enone or ester; within energy range; no listed structural alert	14	weak calibration; fragment-group Q2 = 0.287; ranked hypothesis only	within calibration range	no listed structural alert	ranked hypothesis (in applicability domain)	ring severed by truncation
Mol_05487	Mol_05487:atom26	ester	ranked hypothesis (in applicability domain)	C=C1[C@H](O)CC[C@]2(C)CC[C@](O)(C(C)(C)OC3O[C@H](C)[C@H](OC(=O)/C(C)=C\C)[C@H](OC(=O)C(C)C)[C@H]3OC(=O)/C(C)=C\C)[C@H]3O[C@]132	26;24;22;23	20;21;22;23;24;25;26;27	CO[C:1003](/[C:1002](C)=[CH:1001]\C)=[O:1004]	C/C=C(/C)C(=O)OC	COC([O-])=C(C)C(C)SC	2f2cf585931c3a41315c	45b330041a48775c0812	63873bf3cc344f2bc202	ok	-12.87931274693731	3alpha,7beta-dihydroxy-5beta,6beta-epoxyeudesm-4(15)-ene-11-(O-beta-D-fucopyrano	-1.6835133492610952	-2.254660141059235	-1.112366557462955	-2.8671320130309628	-0.4998946854912278	within	no listed structural alert	enone or ester; within energy range; no listed structural alert	14	weak calibration; fragment-group Q2 = 0.287; ranked hypothesis only	within calibration range	no listed structural alert	ranked hypothesis (in applicability domain)	ring severed by truncation
Mol_05487	Mol_05487:atom41	ester	ranked hypothesis (in applicability domain)	C=C1[C@H](O)CC[C@]2(C)CC[C@](O)(C(C)(C)OC3O[C@H](C)[C@H](OC(=O)/C(C)=C\C)[C@H](OC(=O)C(C)C)[C@H]3OC(=O)/C(C)=C\C)[C@H]3O[C@]132	41;39;37;38	35;36;37;38;39;40;41;42	CO[C:1003](/[C:1002](C)=[CH:1001]\C)=[O:1004]	C/C=C(/C)C(=O)OC	COC([O-])=C(C)C(C)SC	2f2cf585931c3a41315c	45b330041a48775c0812	63873bf3cc344f2bc202	ok	-12.87931274693731	3alpha,7beta-dihydroxy-5beta,6beta-epoxyeudesm-4(15)-ene-11-(O-beta-D-fucopyrano	-1.6835133492610952	-2.254660141059235	-1.112366557462955	-2.8671320130309628	-0.4998946854912278	within	no listed structural alert	enone or ester; within energy range; no listed structural alert	14	weak calibration; fragment-group Q2 = 0.287; ranked hypothesis only	within calibration range	no listed structural alert	ranked hypothesis (in applicability domain)	ring severed by truncation
Mol_05488	Mol_05488:atom26	ester	ranked hypothesis (in applicability domain)	C=C1[C@H](O)CC[C@]2(C)CC[C@](O)(C(C)(C)OC3O[C@H](C)[C@H](OC(=O)/C(C)=C\C)[C@H](OC(=O)C(C)CC)[C@H]3OC(=O)/C(C)=C\C)[C@H]3O[C@]132	26;24;22;23	20;21;22;23;24;25;26;27	CO[C:1003](/[C:1002](C)=[CH:1001]\C)=[O:1004]	C/C=C(/C)C(=O)OC	COC([O-])=C(C)C(C)SC	2f2cf585931c3a41315c	45b330041a48775c0812	63873bf3cc344f2bc202	ok	-12.87931274693731	3alpha,7beta-dihydroxy-5beta,6beta-epoxyeudesm-4(15)-ene-11-(O-beta-D-fucopyrano	-1.6835133492610952	-2.254660141059235	-1.112366557462955	-2.8671320130309628	-0.4998946854912278	within	no listed structural alert	enone or ester; within energy range; no listed structural alert	14	weak calibration; fragment-group Q2 = 0.287; ranked hypothesis only	within calibration range	no listed structural alert	ranked hypothesis (in applicability domain)	ring severed by truncation
Mol_05488	Mol_05488:atom42	ester	ranked hypothesis (in applicability domain)	C=C1[C@H](O)CC[C@]2(C)CC[C@](O)(C(C)(C)OC3O[C@H](C)[C@H](OC(=O)/C(C)=C\C)[C@H](OC(=O)C(C)CC)[C@H]3OC(=O)/C(C)=C\C)[C@H]3O[C@]132	42;40;38;39	36;37;38;39;40;41;42;43	CO[C:1003](/[C:1002](C)=[CH:1001]\C)=[O:1004]	C/C=C(/C)C(=O)OC	COC([O-])=C(C)C(C)SC	2f2cf585931c3a41315c	45b330041a48775c0812	63873bf3cc344f2bc202	ok	-12.87931274693731	3alpha,7beta-dihydroxy-5beta,6beta-epoxyeudesm-4(15)-ene-11-(O-beta-D-fucopyrano	-1.6835133492610952	-2.254660141059235	-1.112366557462955	-2.8671320130309628	-0.4998946854912278	within	no listed structural alert	enone or ester; within energy range; no listed structural alert	14	weak calibration; fragment-group Q2 = 0.287; ranked hypothesis only	within calibration range	no listed structural alert	ranked hypothesis (in applicability domain)	ring severed by truncation
Mol_05489	Mol_05489:atom1	ester	ranked hypothesis (in applicability domain)	C/C=C(/C)C(=O)O[C@@H]1[C@H](OC(C)=O)[C@@H](OC(=O)/C(C)=C\C)C(OC(C)(C)[C@@]2(O)CC[C@@]3(C)CC[C@@H](O)C(COC(C)=O)=C3[C@@H]2O)O[C@@H]1C	1;2;4;5	0;1;2;3;4;5;6;7	CO[C:1003](/[C:1002](C)=[CH:1001]\C)=[O:1004]	C/C=C(/C)C(=O)OC	COC([O-])=C(C)C(C)SC	2f2cf585931c3a41315c	45b330041a48775c0812	63873bf3cc344f2bc202	ok	-12.87931274693731	3alpha,7beta-dihydroxy-15-acetoxyeudesm-4(5)-ene-11-(O-beta-D-fucopyranoside-2',	-1.6835133492610952	-2.254660141059235	-1.112366557462955	-2.8671320130309628	-0.4998946854912278	within	no listed structural alert	enone or ester; within energy range; no listed structural alert	14	weak calibration; fragment-group Q2 = 0.287; ranked hypothesis only	within calibration range	no listed structural alert	ranked hypothesis (in applicability domain)	ring severed by truncation
Mol_05489	Mol_05489:atom19	ester	ranked hypothesis (in applicability domain)	C/C=C(/C)C(=O)O[C@@H]1[C@H](OC(C)=O)[C@@H](OC(=O)/C(C)=C\C)C(OC(C)(C)[C@@]2(O)CC[C@@]3(C)CC[C@@H](O)C(COC(C)=O)=C3[C@@H]2O)O[C@@H]1C	19;17;15;16	13;14;15;16;17;18;19;20	CO[C:1003](/[C:1002](C)=[CH:1001]\C)=[O:1004]	C/C=C(/C)C(=O)OC	COC([O-])=C(C)C(C)SC	2f2cf585931c3a41315c	45b330041a48775c0812	63873bf3cc344f2bc202	ok	-12.87931274693731	3alpha,7beta-dihydroxy-15-acetoxyeudesm-4(5)-ene-11-(O-beta-D-fucopyranoside-2',	-1.6835133492610952	-2.254660141059235	-1.112366557462955	-2.8671320130309628	-0.4998946854912278	within	no listed structural alert	enone or ester; within energy range; no listed structural alert	14	weak calibration; fragment-group Q2 = 0.287; ranked hypothesis only	within calibration range	no listed structural alert	ranked hypothesis (in applicability domain)	ring severed by truncation
Mol_05490	Mol_05490:atom29	ester	ranked hypothesis (in applicability domain)	C=C1[C@H](OC(C)=O)CC[C@]2(C)CC[C@](O)(C(C)(C)OC3O[C@H](C)[C@H](OC(=O)/C(C)=C\C)[C@H](OC(C)=O)[C@H]3OC(=O)/C(C)=C\C)[C@H]3O[C@]132	29;27;25;26	23;24;25;26;27;28;29;30	CO[C:1003](/[C:1002](C)=[CH:1001]\C)=[O:1004]	C/C=C(/C)C(=O)OC	COC([O-])=C(C)C(C)SC	2f2cf585931c3a41315c	45b330041a48775c0812	63873bf3cc344f2bc202	ok	-12.87931274693731	7beta-hydroxy-3beta-acetoxy-5beta,6beta-epoxyeudesm-5(15)-ene-11-(O-beta-D-fucop	-1.6835133492610952	-2.254660141059235	-1.112366557462955	-2.8671320130309628	-0.4998946854912278	within	no listed structural alert	enone or ester; within energy range; no listed structural alert	14	weak calibration; fragment-group Q2 = 0.287; ranked hypothesis only	within calibration range	no listed structural alert	ranked hypothesis (in applicability domain)	ring severed by truncation
Mol_05490	Mol_05490:atom42	ester	ranked hypothesis (in applicability domain)	C=C1[C@H](OC(C)=O)CC[C@]2(C)CC[C@](O)(C(C)(C)OC3O[C@H](C)[C@H](OC(=O)/C(C)=C\C)[C@H](OC(C)=O)[C@H]3OC(=O)/C(C)=C\C)[C@H]3O[C@]132	42;40;38;39	36;37;38;39;40;41;42;43	CO[C:1003](/[C:1002](C)=[CH:1001]\C)=[O:1004]	C/C=C(/C)C(=O)OC	COC([O-])=C(C)C(C)SC	2f2cf585931c3a41315c	45b330041a48775c0812	63873bf3cc344f2bc202	ok	-12.87931274693731	7beta-hydroxy-3beta-acetoxy-5beta,6beta-epoxyeudesm-5(15)-ene-11-(O-beta-D-fucop	-1.6835133492610952	-2.254660141059235	-1.112366557462955	-2.8671320130309628	-0.4998946854912278	within	no listed structural alert	enone or ester; within energy range; no listed structural alert	14	weak calibration; fragment-group Q2 = 0.287; ranked hypothesis only	within calibration range	no listed structural alert	ranked hypothesis (in applicability domain)	ring severed by truncation
Mol_05503	Mol_05503:atom21	ester	ranked hypothesis (in applicability domain)	C=C1C(=O)O[C@H]2C/C(C)=C/CC/C(C)=C/[C@H](OC(=O)/C(C)=C\C)[C@H]12	21;19;17;18	15;16;17;18;19;20;21;22	CO[C:1003](/[C:1002](C)=[CH:1001]\C)=[O:1004]	C/C=C(/C)C(=O)OC	COC([O-])=C(C)C(C)SC	2f2cf585931c3a41315c	45b330041a48775c0812	63873bf3cc344f2bc202	ok	-12.87931274693731	desacyl laurenobiolide angelate	-1.6835133492610952	-2.254660141059235	-1.112366557462955	-2.8671320130309628	-0.4998946854912278	within	no listed structural alert	enone or ester; within energy range; no listed structural alert	14	weak calibration; fragment-group Q2 = 0.287; ranked hypothesis only	within calibration range	no listed structural alert	ranked hypothesis (in applicability domain)	ring severed by truncation
Mol_05504	Mol_05504:atom13	ester	ranked hypothesis (in applicability domain)	C=C1C(=O)O[C@@H]2C[C@H](OC(=O)/C(C)=C\C)/C=C(\C)CC[C@@H](O)/C(C)=C/12	13;11;9;10	7;8;9;10;11;12;13;14	CO[C:1003](/[C:1002](C)=[CH:1001]\C)=[O:1004]	C/C=C(/C)C(=O)OC	COC([O-])=C(C)C(C)SC	2f2cf585931c3a41315c	45b330041a48775c0812	63873bf3cc344f2bc202	ok	-12.87931274693731	6alpha-angeloyloxy-1alpha-hydroxygermacra-4E,9Z,11-trien-8alpha,12-olide	-1.6835133492610952	-2.254660141059235	-1.112366557462955	-2.8671320130309628	-0.4998946854912278	within	no listed structural alert	enone or ester; within energy range; no listed structural alert	14	weak calibration; fragment-group Q2 = 0.287; ranked hypothesis only	within calibration range	no listed structural alert	ranked hypothesis (in applicability domain)	ring severed by truncation
Mol_05518	Mol_05518:atom0	ester	ranked hypothesis (in applicability domain)	C=C(C)C(=O)O[C@H]1CC(=C)[C@@H]2C[C@H](O)C(=C)[C@@H]2[C@H]2OC(=O)C(=C)[C@@H]21	0;1;3;4	0;1;2;3;4;5;6	CO[C:1003]([C:1002](C)=[CH2:1001])=[O:1004]	C=C(C)C(=O)OC	COC([O-])=C(C)CSC	a6a3a54dd9b87a8a365d	5f7f4f5f44997e3bb932	63873bf3cc344f2bc202	ok	-15.736774568104638	aguerin B	-0.5554393956196098	-0.9155391170162018	-0.1953396742230176	-1.652898412072143	0.5420196208329235	within	no listed structural alert	enone or ester; within energy range; no listed structural alert	58	weak calibration; fragment-group Q2 = 0.287; ranked hypothesis only	within calibration range	no listed structural alert	ranked hypothesis (in applicability domain)	ring severed by truncation
Mol_05520	Mol_05520:atom0	ester	ranked hypothesis (in applicability domain)	C=C(C)C(=O)O[C@H]1CC(=C)[C@@H]2C[C@H](O)[C@](O)(CCl)[C@@H]2[C@H]2OC(=O)C(=C)[C@@H]21	0;1;3;4	0;1;2;3;4;5;6	CO[C:1003]([C:1002](C)=[CH2:1001])=[O:1004]	C=C(C)C(=O)OC	COC([O-])=C(C)CSC	a6a3a54dd9b87a8a365d	5f7f4f5f44997e3bb932	63873bf3cc344f2bc202	ok	-15.736774568104638	19-desoxy-15-chlorojanerin	-0.5554393956196098	-0.9155391170162018	-0.1953396742230176	-1.652898412072143	0.5420196208329235	within	no listed structural alert	enone or ester; within energy range; no listed structural alert	58	weak calibration; fragment-group Q2 = 0.287; ranked hypothesis only	within calibration range	no listed structural alert	ranked hypothesis (in applicability domain)	ring severed by truncation
Mol_05529	Mol_05529:atom0	ester	ranked hypothesis (in applicability domain)	C=C(C)C(=O)O[C@H]1C/C(C)=C/CC/C(CO)=C/[C@H]2OC(=O)C(=C)[C@H]12	0;1;3;4	0;1;2;3;4;5;6	CO[C:1003]([C:1002](C)=[CH2:1001])=[O:1004]	C=C(C)C(=O)OC	COC([O-])=C(C)CSC	a6a3a54dd9b87a8a365d	5f7f4f5f44997e3bb932	63873bf3cc344f2bc202	ok	-15.736774568104638	8alpha-(2-methylacrolyloyloxy)salonitenolide	-0.5554393956196098	-0.9155391170162018	-0.1953396742230176	-1.652898412072143	0.5420196208329235	within	no listed structural alert	enone or ester; within energy range; no listed structural alert	58	weak calibration; fragment-group Q2 = 0.287; ranked hypothesis only	within calibration range	no listed structural alert	ranked hypothesis (in applicability domain)	ring severed by truncation
Mol_05532	Mol_05532:atom21	ester	ranked hypothesis (in applicability domain)	C=C1C(=O)O[C@@H]2/C=C(\CO)CC/C=C(\C)C[C@H](OC(=O)/C(=C/C)CO)[C@@H]12	21;20;18;19	16;17;18;19;20;21;22;23;24	CO[C:1003](/[C:1002](CO)=[CH:1001]/C)=[O:1004]	C/C=C(\CO)C(=O)OC	COC([O-])=C(CO)C(C)SC	047d3a6538e21b001743	09ce75b23ad8d71ed054	63873bf3cc344f2bc202	ok	-16.99396118734966	8alpha-(2-(hydroxymethyl)but-2-enoyloxy)salonitenolide	-0.0591249848613433	-0.4089230191092766	0.2906730493865899	-1.153247075035368	1.0349971053126814	within	no listed structural alert	enone or ester; within energy range; no listed structural alert	24	weak calibration; fragment-group Q2 = 0.287; ranked hypothesis only	within calibration range	no listed structural alert	ranked hypothesis (in applicability domain)	ring severed by truncation
Mol_05534	Mol_05534:atom15	ester	ranked hypothesis (in applicability domain)	C=C[C@]1(C)C[C@H](OC(=O)C(=C)CO)[C@@H](C(=C)C(=O)OC)[C@H](O)[C@H]1C(=C)CO	15;14;16;17	5;13;14;15;16;17;18;19;20	CO[C:1003]([C:1002](C(C)C)=[CH2:1001])=[O:1004]	C=C(C(=O)OC)C(C)C	COC([O-])=C(CSC)C(C)C	1ed839339efbe7987294	42a2ab3233c3bee8c2c2	63873bf3cc344f2bc202	ok	-16.991922386392556	elemacarmanin	-0.0599298663961835	-0.4096888782228589	0.2898291454304917	-1.1540394814700257	1.0341797486776585	within	no listed structural alert	enone or ester; within energy range; no listed structural alert	35	weak calibration; fragment-group Q2 = 0.287; ranked hypothesis only	within calibration range	no listed structural alert	ranked hypothesis (in applicability domain)	ring severed by truncation
Mol_05537	Mol_05537:atom0	enone	internally cross-validated candidate (in applicability domain)	C=C1C(=O)C=C[C@]2(C)CC[C@@H](C(=C)C(=O)O)CC12	0;1;2;3	0;1;2;3;4;5;6;16;17	CC1CC=C[C:1003](=[O:1004])[C:1002]1=[CH2:1001]	C=C1C(=O)C=CCC1C	CSCC1=C([O-])C=CCC1C	fb1db39b3bad0f68a09b	f90cbb2fefa35ebb283e	63873bf3cc344f2bc202	ok	-16.636149533130588	2-((4aS,7R)-1,2,4a,5,6,7,8,8a-octahydro-4a-methyl-1-methylene-2-oxonaphthalen-7-	2.3169866924424536	1.8335980682280344	2.800375316656873	0.9499472821839896	3.684026102700917	within	no listed structural alert	enone or ester; within energy range; no listed structural alert	100	cross-validated calibration; fragment-group Q2 = 0.750	within calibration range	no listed structural alert	internally cross-validated candidate (in applicability domain)	ring severed by truncation
Mol_05548	Mol_05548:atom0	ester	ranked hypothesis (in applicability domain)	C=C(C)C(=O)O[C@H]1CC(=C)[C@@H]2C[C@H](O)C(=C)[C@@H]2[C@H]2OC(=O)[C@@H](C)[C@@H]21	0;1;3;4	0;1;2;3;4;5;6	CO[C:1003]([C:1002](C)=[CH2:1001])=[O:1004]	C=C(C)C(=O)OC	COC([O-])=C(C)CSC	a6a3a54dd9b87a8a365d	5f7f4f5f44997e3bb932	63873bf3cc344f2bc202	ok	-15.736774568104638	11beta,13-dihydroaguerin B	-0.5554393956196098	-0.9155391170162018	-0.1953396742230176	-1.652898412072143	0.5420196208329235	within	no listed structural alert	enone or ester; within energy range; no listed structural alert	58	weak calibration; fragment-group Q2 = 0.287; ranked hypothesis only	within calibration range	no listed structural alert	ranked hypothesis (in applicability domain)	ring severed by truncation
Mol_05572	Mol_05572:atom21	ester	ranked hypothesis (in applicability domain)	C=C1C(=O)O[C@@H]2C3[C@H](C=O)CCC[C@]3(C)C[C@H](OC(=O)/C(=C\C)CO)[C@@H]12	21;20;18;19	16;17;18;19;20;21;22;23;24	CO[C:1003](/[C:1002](CO)=[CH:1001]\C)=[O:1004]	C/C=C(/CO)C(=O)OC	COC([O-])=C(CO)C(C)SC	b91c833351aff0883391	09ce75b23ad8d71ed054	63873bf3cc344f2bc202	ok	-17.578731669169965	1beta-hydroxy-15-oxo-8alpha-(2-(hydroxymethyl)acrolyloyloxy)eudesm-11(13)-en-6al	0.1717317651792855	-0.1962890827401331	0.5397526130987043	-0.9283517898047832	1.2718153201633542	within	no listed structural alert	enone or ester; within energy range; no listed structural alert	18	weak calibration; fragment-group Q2 = 0.287; ranked hypothesis only	within calibration range	no listed structural alert	ranked hypothesis (in applicability domain)	ring severed by truncation
Mol_05587	Mol_05587:atom12	ester	ranked hypothesis (in applicability domain)	C=C1C(=O)O[C@H]2[C@H]1[C@@H](OC(=O)/C(=C/C)CO)CC(=C)[C@@H]1C[C@H](O)[C@](O)(CCl)[C@H]21	12;11;9;10	7;8;9;10;11;12;13;14;15	CO[C:1003](/[C:1002](CO)=[CH:1001]/C)=[O:1004]	C/C=C(\CO)C(=O)OC	COC([O-])=C(CO)C(C)SC	047d3a6538e21b001743	09ce75b23ad8d71ed054	63873bf3cc344f2bc202	ok	-16.99396118734966	(1R,3S,4S,5S,6S,7R,8S)-4beta-(chloromethyl)-3beta,4alpha-dihydroxy,8alpha-(sarra	-0.0591249848613433	-0.4089230191092766	0.2906730493865899	-1.153247075035368	1.0349971053126814	within	no listed structural alert	enone or ester; within energy range; no listed structural alert	24	weak calibration; fragment-group Q2 = 0.287; ranked hypothesis only	within calibration range	no listed structural alert	ranked hypothesis (in applicability domain)	ring severed by truncation
Mol_05596	Mol_05596:atom28	ester	ranked hypothesis (in applicability domain)	C=C1C(=O)O[C@@H]2[C@H]3C(=C)[C@@H](OC(=O)/C=C/CO)C[C@H]3C(=C)C[C@H](OC(=O)/C(C)=C/CO)[C@@H]12	28;26;24;25	22;23;24;25;26;27;28;29;30	CO[C:1003](/[C:1002](C)=[CH:1001]/CO)=[O:1004]	COC(=O)/C(C)=C/CO	COC([O-])=C(C)C(CO)SC	6563f7ef48788eee1422	5154d8004f7aaff7b79d	63873bf3cc344f2bc202	ok	-13.91818725427916	3beta,8alpha-O-di-(4-hydroxytigloyl)-1alphaH,5alphaH,6alphaH,7alphaH-guai-4(1s5)	-1.2733845894809503	-1.7486155361772138	-0.7981536427846869	-2.4138182509189514	-0.1329509280429495	within	no listed structural alert	enone or ester; within energy range; no listed structural alert	549	weak calibration; fragment-group Q2 = 0.287; ranked hypothesis only	within calibration range	no listed structural alert	ranked hypothesis (in applicability domain)	ring severed by truncation
Mol_05597	Mol_05597:atom22	ester	ranked hypothesis (in applicability domain)	C=C1C(=O)O[C@@H]2[C@H]3C(=C)[C@@H](O)C[C@H]3C(=C)C[C@H](OC(=O)/C(C)=C/CO)[C@@H]12	22;20;18;19	16;17;18;19;20;21;22;23;24	CO[C:1003](/[C:1002](C)=[CH:1001]/CO)=[O:1004]	COC(=O)/C(C)=C/CO	COC([O-])=C(C)C(CO)SC	6563f7ef48788eee1422	5154d8004f7aaff7b79d	63873bf3cc344f2bc202	ok	-13.91818725427916	cebellin F	-1.2733845894809503	-1.7486155361772138	-0.7981536427846869	-2.4138182509189514	-0.1329509280429495	within	no listed structural alert	enone or ester; within energy range; no listed structural alert	549	weak calibration; fragment-group Q2 = 0.287; ranked hypothesis only	within calibration range	no listed structural alert	ranked hypothesis (in applicability domain)	ring severed by truncation
Mol_05598	Mol_05598:atom13	ester	ranked hypothesis (in applicability domain)	C=C1C(=O)O[C@H]2[C@H]1[C@@H](OC(=O)/C(C)=C/CO)CC(=C)[C@@H]1C[C@H](O)[C@]3(CO3)[C@H]21	13;11;9;10	7;8;9;10;11;12;13;14;15	CO[C:1003](/[C:1002](C)=[CH:1001]/CO)=[O:1004]	COC(=O)/C(C)=C/CO	COC([O-])=C(C)C(CO)SC	6563f7ef48788eee1422	5154d8004f7aaff7b79d	63873bf3cc344f2bc202	ok	-13.91818725427916	8alpha,4'-(hydroxytiglinate)-8-desacyloxysubluteolide	-1.2733845894809503	-1.7486155361772138	-0.7981536427846869	-2.4138182509189514	-0.1329509280429495	within	no listed structural alert	enone or ester; within energy range; no listed structural alert	549	weak calibration; fragment-group Q2 = 0.287; ranked hypothesis only	within calibration range	no listed structural alert	ranked hypothesis (in applicability domain)	ring severed by truncation
Mol_05600	Mol_05600:atom22	ester	ranked hypothesis (in applicability domain)	C=C1C(=O)O[C@@H]2[C@H]3C(=C)[C@@H](O)C[C@H]3C(=C)C[C@H](OC(=O)/C(C)=C/C)[C@@H]12	22;20;18;19	16;17;18;19;20;21;22;23	CO[C:1003](/[C:1002](C)=[CH:1001]/C)=[O:1004]	C/C=C(\C)C(=O)OC	COC([O-])=C(C)C(C)SC	2d67f2c0c8fbe9e3fd3e	45b330041a48775c0812	63873bf3cc344f2bc202	ok	-11.93330027436887	(1S,3S,5R,6R,7R,8S)-8- angelyloxy-3-hydroxyguai-3(15),10(14),11(13)-trien-6,12-o	-2.056981866747176	-2.725064905864692	-1.3888988276296597	-3.290302356563004	-0.8236613769313474	within	no listed structural alert	enone or ester; within energy range; no listed structural alert	21	weak calibration; fragment-group Q2 = 0.287; ranked hypothesis only	within calibration range	no listed structural alert	ranked hypothesis (in applicability domain)	ring severed by truncation
Mol_05601	Mol_05601:atom13	ester	ranked hypothesis (in applicability domain)	C=C1C(=O)O[C@H]2[C@H]1[C@@H](OC(=O)/C(C)=C/CO)CC(=C)[C@@H]1C[C@H](O)[C@](O)(CCl)[C@H]21	13;11;9;10	7;8;9;10;11;12;13;14;15	CO[C:1003](/[C:1002](C)=[CH:1001]/CO)=[O:1004]	COC(=O)/C(C)=C/CO	COC([O-])=C(C)C(CO)SC	6563f7ef48788eee1422	5154d8004f7aaff7b79d	63873bf3cc344f2bc202	ok	-13.91818725427916	8-desacetylcentaurepensin-8-O-(4-hydroxytiglinate)	-1.2733845894809503	-1.7486155361772138	-0.7981536427846869	-2.4138182509189514	-0.1329509280429495	within	no listed structural alert	enone or ester; within energy range; no listed structural alert	549	weak calibration; fragment-group Q2 = 0.287; ranked hypothesis only	within calibration range	no listed structural alert	ranked hypothesis (in applicability domain)	ring severed by truncation
Mol_05615	Mol_05615:atom0	ester	ranked hypothesis (in applicability domain)	C=C(C(=O)OC)[C@@H]1CC[C@@]2(C)CC[C@@H](O)[C@@H](O)[C@@H]2C1	0;1;2;3	0;1;2;3;4;5;6;7;18	CO[C:1003]([C:1002](C(C)C)=[CH2:1001])=[O:1004]	C=C(C(=O)OC)C(C)C	COC([O-])=C(CSC)C(C)C	1ed839339efbe7987294	42a2ab3233c3bee8c2c2	63873bf3cc344f2bc202	ok	-16.991922386392556	3alpha-hydroxyilicic acid methyl ester	-0.0599298663961835	-0.4096888782228589	0.2898291454304917	-1.1540394814700257	1.0341797486776585	within	no listed structural alert	enone or ester; within energy range; no listed structural alert	35	weak calibration; fragment-group Q2 = 0.287; ranked hypothesis only	within calibration range	no listed structural alert	ranked hypothesis (in applicability domain)	ring severed by truncation
Mol_05624	Mol_05624:atom10	enone	internally cross-validated candidate (in applicability domain)	C=C1C(=O)O[C@H]2C[C@@H](C)[C@@H]3C=CC(=O)[C@@]3(C)[C@@H](O)[C@H]12	10;11;12;13	7;9;10;11;12;13;14;15;16	C[C@H]1C(C)(C)[C:1003](=[O:1004])[CH:1002]=[CH:1001]1	C[C@@H]1C=CC(=O)C1(C)C	CSC1C=C([O-])C(C)(C)[C@@H]1C	05647e7097174ad32e4c	32f42aabb68d7b6dfa09	63873bf3cc344f2bc202	ok	-14.106205343561932	8-epi-helenalin	1.225049544456823	0.8815020354850538	1.5685970534285922	-0.0990188367458277	2.549117925659474	within	no listed structural alert	enone or ester; within energy range; no listed structural alert	620	cross-validated calibration; fragment-group Q2 = 0.750	within calibration range	no listed structural alert	internally cross-validated candidate (in applicability domain)	ring severed by truncation
Mol_05625	Mol_05625:atom10	enone	internally cross-validated candidate (in applicability domain)	C=C1C(=O)O[C@H]2C[C@@H](C)[C@@H]3C=CC(=O)[C@@]3(C)[C@@H](OC(C)=O)[C@H]12	10;11;12;13	7;9;10;11;12;13;14;15;16	C[C@H]1C(C)(C)[C:1003](=[O:1004])[CH:1002]=[CH:1001]1	C[C@@H]1C=CC(=O)C1(C)C	CSC1C=C([O-])C(C)(C)[C@@H]1C	05647e7097174ad32e4c	32f42aabb68d7b6dfa09	63873bf3cc344f2bc202	ok	-14.106205343561932	bigelovin	1.225049544456823	0.8815020354850538	1.5685970534285922	-0.0990188367458277	2.549117925659474	within	no listed structural alert	enone or ester; within energy range; no listed structural alert	620	cross-validated calibration; fragment-group Q2 = 0.750	within calibration range	no listed structural alert	internally cross-validated candidate (in applicability domain)	ring severed by truncation
Mol_05628	Mol_05628:atom0	ester	ranked hypothesis (in applicability domain)	C=C(C(=O)OC)[C@@H]1CC[C@@]2(C)CC[C@@H](OC(C)=O)[C@@](C)(O)[C@@H]2C1	0;1;2;3	0;1;2;3;4;5;6;7;22	CO[C:1003]([C:1002](C(C)C)=[CH2:1001])=[O:1004]	C=C(C(=O)OC)C(C)C	COC([O-])=C(CSC)C(C)C	1ed839339efbe7987294	42a2ab3233c3bee8c2c2	63873bf3cc344f2bc202	ok	-16.991922386392556	3alpha-acetylilicic acid methyl ester	-0.0599298663961835	-0.4096888782228589	0.2898291454304917	-1.1540394814700257	1.0341797486776585	within	no listed structural alert	enone or ester; within energy range; no listed structural alert	35	weak calibration; fragment-group Q2 = 0.287; ranked hypothesis only	within calibration range	no listed structural alert	ranked hypothesis (in applicability domain)	ring severed by truncation
Mol_05633	Mol_05633:atom10	enone	internally cross-validated candidate (in applicability domain)	C=C1C(=O)O[C@@H]2C[C@H](C)[C@]3(/C=C/C(C)=O)O[C@@H]3C[C@H]12	10;11;12;14	7;9;10;11;12;13;14;15;16	C[C@@]1(/[CH:1001]=[CH:1002]/[C:1003](C)=[O:1004])CO1	CC(=O)/C=C/[C@]1(C)CO1	CSC(C=C(C)[O-])[C@]1(C)CO1	d854ec8bc6c7160c45b2	0a3c467d7de3b3270f32	63873bf3cc344f2bc202	ok	-16.529043786343607	8-epi-xanthatin-1beta,5beta-epoxide	2.270759291790036	1.7964672697163349	2.7450513138637365	0.9069099198348114	3.63460866374526	within	no listed structural alert	enone or ester; within energy range; no listed structural alert	192	cross-validated calibration; fragment-group Q2 = 0.750	within calibration range	no listed structural alert	internally cross-validated candidate (in applicability domain)	ring severed by truncation
Mol_05687	Mol_05687:atom10	enone	internally cross-validated candidate (in applicability domain)	C=C1C(=O)O[C@H]2C[C@H](C)C(/C=C/C(C)=O)=CC[C@H]12	10;11;12;14	7;9;10;11;12;13;14;15	C=C(C)/[CH:1001]=[CH:1002]/[C:1003](C)=[O:1004]	C=C(C)/C=C/C(C)=O	C=C(C)C(C=C(C)[O-])SC	940e92ef98801d326c17	c3a21762d271085551fd	63873bf3cc344f2bc202	ok	-9.310014905108078	xanthatin	-0.8450113407416602	-1.4896078731005438	-0.2004148083827764	-2.277015836792213	0.5869931553088925	within	no listed structural alert	enone or ester; within energy range; no listed structural alert	47	cross-validated calibration; fragment-group Q2 = 0.750	within calibration range	no listed structural alert	internally cross-validated candidate (in applicability domain)	ring severed by truncation
Mol_05688	Mol_05688:atom10	enone	internally cross-validated candidate (in applicability domain)	C=C1C(=O)O[C@H]2C[C@H](C)C(/C=C/C(C)=O)=CCC12	10;11;12;14	7;9;10;11;12;13;14;15	C=C(C)/[CH:1001]=[CH:1002]/[C:1003](C)=[O:1004]	C=C(C)/C=C/C(C)=O	C=C(C)C(C=C(C)[O-])SC	940e92ef98801d326c17	c3a21762d271085551fd	63873bf3cc344f2bc202	ok	-9.310014905108078	8-epi-xanthatin	-0.8450113407416602	-1.4896078731005438	-0.2004148083827764	-2.277015836792213	0.5869931553088925	within	no listed structural alert	enone or ester; within energy range; no listed structural alert	47	cross-validated calibration; fragment-group Q2 = 0.750	within calibration range	no listed structural alert	internally cross-validated candidate (in applicability domain)	ring severed by truncation
Mol_05725	Mol_05725:atom1	ester	ranked hypothesis (in applicability domain)	C/C=C(/C)C(=O)O[C@H]1CC[C@]2(O)C[C@@H]3OC(=O)C(C)=C3C[C@]2(C)[C@H]1C	1;2;4;5	0;1;2;3;4;5;6;7	CO[C:1003](/[C:1002](C)=[CH:1001]\C)=[O:1004]	C/C=C(/C)C(=O)OC	COC([O-])=C(C)C(C)SC	2f2cf585931c3a41315c	45b330041a48775c0812	63873bf3cc344f2bc202	ok	-12.87931274693731	3beta-angeloyloxy-10beta-hydroxyeremophilenolide	-1.6835133492610952	-2.254660141059235	-1.112366557462955	-2.8671320130309628	-0.4998946854912278	within	no listed structural alert	enone or ester; within energy range; no listed structural alert	14	weak calibration; fragment-group Q2 = 0.287; ranked hypothesis only	within calibration range	no listed structural alert	ranked hypothesis (in applicability domain)	ring severed by truncation
Mol_05733	Mol_05733:atom10	enone	internally cross-validated candidate (in applicability domain)	C=C1C(=O)O[C@]23C[C@H]1CCC(CO)=C2C(=O)C=C3C	10;13;14;15	4;5;6;8;9;10;11;12;13;14;15;16;17	CC[C:1001](CO)=[C:1002]1[C@@](C)(O)C=C[C:1003]1=[O:1004]	CCC(CO)=C1C(=O)C=C[C@]1(C)O	CCC(CO)(SC)C1=C([O-])C=C[C@]1(C)O	45fa131a4823859b74f2	783a192a18d74e28ec70	63873bf3cc344f2bc202	ok	-14.946655963601415	14-hydroxyhypocretenolide	1.5877924290044598	1.219607645476965	1.9559772125319543	0.2571188319112101	2.9184660260977093	within	no listed structural alert	enone or ester; within energy range; no listed structural alert	489	cross-validated calibration; fragment-group Q2 = 0.750	within calibration range	no listed structural alert	internally cross-validated candidate (in applicability domain)	ring severed by truncation
Mol_05733	Mol_05733:atom17	enone	internally cross-validated candidate (in applicability domain)	C=C1C(=O)O[C@]23C[C@H]1CCC(CO)=C2C(=O)C=C3C	17;16;14;15	4;5;6;10;13;14;15;16;17;18	C=C1[C@@](C)(O)[C:1001](C)=[CH:1002][C:1003]1=[O:1004]	C=C1C(=O)C=C(C)[C@]1(C)O	C=C1C([O-])=CC(C)(SC)[C@]1(C)O	1cdd457580d96431e916	27083aa79bbda6c2b88c	63873bf3cc344f2bc202	ok	-14.63181046842871	14-hydroxyhypocretenolide	1.451903466128318	1.09615409214255	1.807652840114086	0.1246168338325026	2.779190098424133	within	no listed structural alert	enone or ester; within energy range; no listed structural alert	96	cross-validated calibration; fragment-group Q2 = 0.750	within calibration range	no listed structural alert	internally cross-validated candidate (in applicability domain)	ring severed by truncation
Mol_05734	Mol_05734:atom1	enone	internally cross-validated candidate (in applicability domain)	CC1=CC(=O)C2=C(CO)CC[C@@H]3C[C@]12OC(=O)[C@@H]3C	1;2;3;4	0;1;2;3;4;5;6;12;13;14	C=C1[C@@](C)(O)[C:1001](C)=[CH:1002][C:1003]1=[O:1004]	C=C1C(=O)C=C(C)[C@]1(C)O	C=C1C([O-])=CC(C)(SC)[C@]1(C)O	1cdd457580d96431e916	27083aa79bbda6c2b88c	63873bf3cc344f2bc202	ok	-14.63181046842871	14-hydroxy-11,13-dihydrohypocretenolide	1.451903466128318	1.09615409214255	1.807652840114086	0.1246168338325026	2.779190098424133	within	no listed structural alert	enone or ester; within energy range; no listed structural alert	96	cross-validated calibration; fragment-group Q2 = 0.750	within calibration range	no listed structural alert	internally cross-validated candidate (in applicability domain)	ring severed by truncation
Mol_05734	Mol_05734:atom6	enone	internally cross-validated candidate (in applicability domain)	CC1=CC(=O)C2=C(CO)CC[C@@H]3C[C@]12OC(=O)[C@@H]3C	6;5;3;4	1;2;3;4;5;6;7;8;9;10;12;13;14	CC[C:1001](CO)=[C:1002]1[C@@](C)(O)C=C[C:1003]1=[O:1004]	CCC(CO)=C1C(=O)C=C[C@]1(C)O	CCC(CO)(SC)C1=C([O-])C=C[C@]1(C)O	45fa131a4823859b74f2	783a192a18d74e28ec70	63873bf3cc344f2bc202	ok	-14.946655963601415	14-hydroxy-11,13-dihydrohypocretenolide	1.5877924290044598	1.219607645476965	1.9559772125319543	0.2571188319112101	2.9184660260977093	within	no listed structural alert	enone or ester; within energy range; no listed structural alert	489	cross-validated calibration; fragment-group Q2 = 0.750	within calibration range	no listed structural alert	internally cross-validated candidate (in applicability domain)	ring severed by truncation
Mol_05735	Mol_05735:atom10	enone	internally cross-validated candidate (in applicability domain)	C=C1C(=O)O[C@]23C[C@H]1CCC(CO[C@@H]1O[C@H](CO)[C@@H](O)[C@H](O)[C@H]1O)=C2C(=O)C=C3C	10;24;25;26	4;5;6;8;9;10;11;12;24;25;26;27;28	CC[C:1001](CO)=[C:1002]1[C@@](C)(O)C=C[C:1003]1=[O:1004]	CCC(CO)=C1C(=O)C=C[C@]1(C)O	CCC(CO)(SC)C1=C([O-])C=C[C@]1(C)O	45fa131a4823859b74f2	783a192a18d74e28ec70	63873bf3cc344f2bc202	ok	-14.946655963601415	14-hydroxyhypocretenolide-beta-D-glucopyranoside	1.5877924290044598	1.219607645476965	1.9559772125319543	0.2571188319112101	2.9184660260977093	within	no listed structural alert	enone or ester; within energy range; no listed structural alert	489	cross-validated calibration; fragment-group Q2 = 0.750	within calibration range	no listed structural alert	internally cross-validated candidate (in applicability domain)	ring severed by truncation
Mol_05735	Mol_05735:atom28	enone	internally cross-validated candidate (in applicability domain)	C=C1C(=O)O[C@]23C[C@H]1CCC(CO[C@@H]1O[C@H](CO)[C@@H](O)[C@H](O)[C@H]1O)=C2C(=O)C=C3C	28;27;25;26	4;5;6;10;24;25;26;27;28;29	C=C1[C@@](C)(O)[C:1001](C)=[CH:1002][C:1003]1=[O:1004]	C=C1C(=O)C=C(C)[C@]1(C)O	C=C1C([O-])=CC(C)(SC)[C@]1(C)O	1cdd457580d96431e916	27083aa79bbda6c2b88c	63873bf3cc344f2bc202	ok	-14.63181046842871	14-hydroxyhypocretenolide-beta-D-glucopyranoside	1.451903466128318	1.09615409214255	1.807652840114086	0.1246168338325026	2.779190098424133	within	no listed structural alert	enone or ester; within energy range; no listed structural alert	96	cross-validated calibration; fragment-group Q2 = 0.750	within calibration range	no listed structural alert	internally cross-validated candidate (in applicability domain)	ring severed by truncation
Mol_05736	Mol_05736:atom1	enone	internally cross-validated candidate (in applicability domain)	CC1=CC(=O)C2=C(CO[C@@H]3O[C@H](CO)[C@@H](O)[C@H](O)[C@H]3O)CC[C@@H]3C[C@]12OC(=O)[C@@H]3C	1;2;3;4	0;1;2;3;4;5;6;23;24;25	C=C1[C@@](C)(O)[C:1001](C)=[CH:1002][C:1003]1=[O:1004]	C=C1C(=O)C=C(C)[C@]1(C)O	C=C1C([O-])=CC(C)(SC)[C@]1(C)O	1cdd457580d96431e916	27083aa79bbda6c2b88c	63873bf3cc344f2bc202	ok	-14.63181046842871	14-hydroxy-11,13-dihydrohypocretenoldi-beta-D-glucopyranoside	1.451903466128318	1.09615409214255	1.807652840114086	0.1246168338325026	2.779190098424133	within	no listed structural alert	enone or ester; within energy range; no listed structural alert	96	cross-validated calibration; fragment-group Q2 = 0.750	within calibration range	no listed structural alert	internally cross-validated candidate (in applicability domain)	ring severed by truncation
Mol_05736	Mol_05736:atom6	enone	internally cross-validated candidate (in applicability domain)	CC1=CC(=O)C2=C(CO[C@@H]3O[C@H](CO)[C@@H](O)[C@H](O)[C@H]3O)CC[C@@H]3C[C@]12OC(=O)[C@@H]3C	6;5;3;4	1;2;3;4;5;6;7;8;20;21;23;24;25	CC[C:1001](CO)=[C:1002]1[C@@](C)(O)C=C[C:1003]1=[O:1004]	CCC(CO)=C1C(=O)C=C[C@]1(C)O	CCC(CO)(SC)C1=C([O-])C=C[C@]1(C)O	45fa131a4823859b74f2	783a192a18d74e28ec70	63873bf3cc344f2bc202	ok	-14.946655963601415	14-hydroxy-11,13-dihydrohypocretenoldi-beta-D-glucopyranoside	1.5877924290044598	1.219607645476965	1.9559772125319543	0.2571188319112101	2.9184660260977093	within	no listed structural alert	enone or ester; within energy range; no listed structural alert	489	cross-validated calibration; fragment-group Q2 = 0.750	within calibration range	no listed structural alert	internally cross-validated candidate (in applicability domain)	ring severed by truncation
Mol_05741	Mol_05741:atom1	ester	ranked hypothesis (in applicability domain)	C/C=C(/C)C(=O)O[C@H]1CC[C@]2(O)C[C@@]3(OC)OC(=O)C(C)=C3[C@@H](O)[C@]2(C)[C@H]1C	1;2;4;5	0;1;2;3;4;5;6;7	CO[C:1003](/[C:1002](C)=[CH:1001]\C)=[O:1004]	C/C=C(/C)C(=O)OC	COC([O-])=C(C)C(C)SC	2f2cf585931c3a41315c	45b330041a48775c0812	63873bf3cc344f2bc202	ok	-12.87931274693731	3beta-angeloyloxy-6beta,10beta-dihydroxy-8beta-methoxyeremophilenolide	-1.6835133492610952	-2.254660141059235	-1.112366557462955	-2.8671320130309628	-0.4998946854912278	within	no listed structural alert	enone or ester; within energy range; no listed structural alert	14	weak calibration; fragment-group Q2 = 0.287; ranked hypothesis only	within calibration range	no listed structural alert	ranked hypothesis (in applicability domain)	ring severed by truncation
Mol_05742	Mol_05742:atom1	ester	ranked hypothesis (in applicability domain)	C/C=C(/C)C(=O)O[C@H]1CC[C@]2(O)C[C@@]3(OC)OC(=O)C(C)=C3C[C@]2(C)[C@H]1C	1;2;4;5	0;1;2;3;4;5;6;7	CO[C:1003](/[C:1002](C)=[CH:1001]\C)=[O:1004]	C/C=C(/C)C(=O)OC	COC([O-])=C(C)C(C)SC	2f2cf585931c3a41315c	45b330041a48775c0812	63873bf3cc344f2bc202	ok	-12.87931274693731	3beta-angeloyloxy-10beta-hydroxy-8beta-methoxyeremophilenolide	-1.6835133492610952	-2.254660141059235	-1.112366557462955	-2.8671320130309628	-0.4998946854912278	within	no listed structural alert	enone or ester; within energy range; no listed structural alert	14	weak calibration; fragment-group Q2 = 0.287; ranked hypothesis only	within calibration range	no listed structural alert	ranked hypothesis (in applicability domain)	ring severed by truncation
Mol_05769	Mol_05769:atom1	ester	ranked hypothesis (in applicability domain)	C/C=C(/C)C(=O)O[C@@H]1C=C(C)CC[C@@]2(O)C(C(C)C)CC(=O)[C@]12C	1;2;4;5	0;1;2;3;4;5;6;7	CO[C:1003](/[C:1002](C)=[CH:1001]\C)=[O:1004]	C/C=C(/C)C(=O)OC	COC([O-])=C(C)C(C)SC	2f2cf585931c3a41315c	45b330041a48775c0812	63873bf3cc344f2bc202	ok	-12.87931274693731	3,5-di-O-caffeoylquinic acid 1-methyl ether	-1.6835133492610952	-2.254660141059235	-1.112366557462955	-2.8671320130309628	-0.4998946854912278	within	no listed structural alert	enone or ester; within energy range; no listed structural alert	14	weak calibration; fragment-group Q2 = 0.287; ranked hypothesis only	within calibration range	no listed structural alert	ranked hypothesis (in applicability domain)	ring severed by truncation
Mol_05770	Mol_05770:atom1	ester	ranked hypothesis (in applicability domain)	C/C=C(/C)C(=O)O[C@H]1CC=C(C)C2C3OC(=O)[C@H](C)C3C[C@@H](OC(C)=O)[C@]21C	1;2;4;5	0;1;2;3;4;5;6;7	CO[C:1003](/[C:1002](C)=[CH:1001]\C)=[O:1004]	C/C=C(/C)C(=O)OC	COC([O-])=C(C)C(C)SC	2f2cf585931c3a41315c	45b330041a48775c0812	63873bf3cc344f2bc202	ok	-12.87931274693731	4,5-di-O-caffeoylquinic acid 1-methyl ether	-1.6835133492610952	-2.254660141059235	-1.112366557462955	-2.8671320130309628	-0.4998946854912278	within	no listed structural alert	enone or ester; within energy range; no listed structural alert	14	weak calibration; fragment-group Q2 = 0.287; ranked hypothesis only	within calibration range	no listed structural alert	ranked hypothesis (in applicability domain)	ring severed by truncation
Mol_05780	Mol_05780:atom1	ester	ranked hypothesis (in applicability domain)	C/C=C(/C)C(=O)O[C@H]1CC=C(C)[C@H]2[C@@H]3OC(=O)[C@H](C)[C@@H]3C[C@H](OC(C)=O)[C@@]12C	1;2;4;5	0;1;2;3;4;5;6;7	CO[C:1003](/[C:1002](C)=[CH:1001]\C)=[O:1004]	C/C=C(/C)C(=O)OC	COC([O-])=C(C)C(C)SC	2f2cf585931c3a41315c	45b330041a48775c0812	63873bf3cc344f2bc202	ok	-12.87931274693731	inucrithmolide	-1.6835133492610952	-2.254660141059235	-1.112366557462955	-2.8671320130309628	-0.4998946854912278	within	no listed structural alert	enone or ester; within energy range; no listed structural alert	14	weak calibration; fragment-group Q2 = 0.287; ranked hypothesis only	within calibration range	no listed structural alert	ranked hypothesis (in applicability domain)	ring severed by truncation
Mol_05877	Mol_05877:atom4	ester	ranked hypothesis (in applicability domain)	CCCC/C=C/C(=O)OCC	4;5;6;7	2;3;4;5;6;7;8;9	CC/[CH:1001]=[CH:1002]/[C:1003](OC)=[O:1004]	CC/C=C/C(=O)OC	CCC(C=C([O-])OC)SC	2e12182d543c279e9b6f	5b50bbe4e40b156e2044	63873bf3cc344f2bc202	ok	-15.244595529546652	(E)-2-heptenoic acid, ethyl ester	-0.7497427279730609	-1.131462593411169	-0.3680228625349527	-1.854484570718752	0.3549991147726303	within	no listed structural alert	enone or ester; within energy range; no listed structural alert	294	weak calibration; fragment-group Q2 = 0.287; ranked hypothesis only	within calibration range	no listed structural alert	ranked hypothesis (in applicability domain)	none
Mol_05881	Mol_05881:atom7	enone	internally cross-validated candidate (in applicability domain)	C=C1C(=O)O[C@@H]2[C@H]3C(CO)=CC(=O)C3=C(C)C[C@H](O)[C@@H]12	7;10;11;12	5;6;7;8;9;10;11;12;13;14	C=C1[C@@H](C)[C:1001](CO)=[CH:1002][C:1003]1=[O:1004]	C=C1C(=O)C=C(CO)[C@@H]1C	C=C1C([O-])=CC(CO)(SC)[C@@H]1C	d604003219c4e582e424	bff984eccf53c27b18d3	63873bf3cc344f2bc202	ok	-17.030560847109836	lactucin	2.4872166789755523	1.968898749776982	3.0055346081741225	1.1074392828320314	3.866994075119073	within	no listed structural alert	enone or ester; within energy range; no listed structural alert	98	cross-validated calibration; fragment-group Q2 = 0.750	within calibration range	no listed structural alert	internally cross-validated candidate (in applicability domain)	ring severed by truncation
Mol_05882	Mol_05882:atom7	enone	internally cross-validated candidate (in applicability domain)	C=C1C(=O)O[C@@H]2[C@H]3C(CO)=CC(=O)C3=C(C)C[C@@H](OC(C)=O)[C@@H]12	7;10;11;12	5;6;7;8;9;10;11;12;13;14	C=C1[C@@H](C)[C:1001](CO)=[CH:1002][C:1003]1=[O:1004]	C=C1C(=O)C=C(CO)[C@@H]1C	C=C1C([O-])=CC(CO)(SC)[C@@H]1C	d604003219c4e582e424	bff984eccf53c27b18d3	63873bf3cc344f2bc202	ok	-17.030560847109836	lactucin-8-O-acetate	2.4872166789755523	1.968898749776982	3.0055346081741225	1.1074392828320314	3.866994075119073	within	no listed structural alert	enone or ester; within energy range; no listed structural alert	98	cross-validated calibration; fragment-group Q2 = 0.750	within calibration range	no listed structural alert	internally cross-validated candidate (in applicability domain)	ring severed by truncation
Mol_05883	Mol_05883:atom6	enone	internally cross-validated candidate (in applicability domain)	CC1=C2C(=O)C=C(CO)[C@@H]2[C@H]2OC(=O)[C@@H](C)[C@@H]2[C@@H](O)C1	6;5;3;4	1;2;3;4;5;6;7;8;9;10	C=C1[C@@H](C)[C:1001](CO)=[CH:1002][C:1003]1=[O:1004]	C=C1C(=O)C=C(CO)[C@@H]1C	C=C1C([O-])=CC(CO)(SC)[C@@H]1C	d604003219c4e582e424	bff984eccf53c27b18d3	63873bf3cc344f2bc202	ok	-17.030560847109836	11beta,13-dihydrolactucin	2.4872166789755523	1.968898749776982	3.0055346081741225	1.1074392828320314	3.866994075119073	within	no listed structural alert	enone or ester; within energy range; no listed structural alert	98	cross-validated calibration; fragment-group Q2 = 0.750	within calibration range	no listed structural alert	internally cross-validated candidate (in applicability domain)	ring severed by truncation
Mol_05884	Mol_05884:atom7	enone	internally cross-validated candidate (in applicability domain)	C=C1C(=O)O[C@@H]2[C@H]3C(COC(C)=O)=CC(=O)C3=C(C)C[C@H](O)[C@@H]12	7;13;14;15	5;6;7;8;9;13;14;15;16;17	C=C1[C@@H](C)[C:1001](CO)=[CH:1002][C:1003]1=[O:1004]	C=C1C(=O)C=C(CO)[C@@H]1C	C=C1C([O-])=CC(CO)(SC)[C@@H]1C	d604003219c4e582e424	bff984eccf53c27b18d3	63873bf3cc344f2bc202	ok	-17.030560847109836	11beta,13-dihydrolactucin-8-O-acetate	2.4872166789755523	1.968898749776982	3.0055346081741225	1.1074392828320314	3.866994075119073	within	no listed structural alert	enone or ester; within energy range; no listed structural alert	98	cross-validated calibration; fragment-group Q2 = 0.750	within calibration range	no listed structural alert	internally cross-validated candidate (in applicability domain)	ring severed by truncation
Mol_05933	Mol_05933:atom7	enone	internally cross-validated candidate (in applicability domain)	C=C1C(=O)O[C@@H]2C3C(COC(=O)[C@@H](C)COS(=O)(=O)O)=CC(=O)C3=C(C)CC[C@@H]12	7;20;21;22	5;6;7;8;9;20;21;22;23;24	C=C1C(C)[C:1001](CO)=[CH:1002][C:1003]1=[O:1004]	C=C1C(=O)C=C(CO)C1C	C=C1C([O-])=CC(CO)(SC)C1C	d2cc47bd2ecfe02e9f1c	47b7c93a14fe261ebdb3	63873bf3cc344f2bc202	ok	-16.37572969329292	8-deoxy-15-(3'-hydroxy-2'-methyl-propanoyl)-lactucin-3'-sulfate	2.204588127144577	1.7429931046550022	2.6661831496341515	0.845102138997935	3.564074115291219	within	no listed structural alert	enone or ester; within energy range; no listed structural alert	97	cross-validated calibration; fragment-group Q2 = 0.750	within calibration range	no listed structural alert	internally cross-validated candidate (in applicability domain)	ring severed by truncation
Mol_05933	Mol_05933:atom24	enone	internally cross-validated candidate (in applicability domain)	C=C1C(=O)O[C@@H]2C3C(COC(=O)[C@@H](C)COS(=O)(=O)O)=CC(=O)C3=C(C)CC[C@@H]12	24;23;21;22	5;6;7;20;21;22;23;24;25;26;27	CC[C:1001](C)=[C:1002]1C(C)C=C[C:1003]1=[O:1004]	CCC(C)=C1C(=O)C=CC1C	CCC(C)(SC)C1=C([O-])C=CC1C	b74c36cb4bfd6d8e9b59	13b35e57945b5e55a0d7	63873bf3cc344f2bc202	ok	-8.480589140664401	8-deoxy-15-(3'-hydroxy-2'-methyl-propanoyl)-lactucin-3'-sulfate	-1.2029958399360252	-1.9348183966631112	-0.4711732832089393	-2.67632419495892	0.2703325150868694	within	no listed structural alert	enone or ester; within energy range; no listed structural alert	482	cross-validated calibration; fragment-group Q2 = 0.750	within calibration range	no listed structural alert	internally cross-validated candidate (in applicability domain)	ring severed by truncation
Mol_05953	Mol_05953:atom7	enone	internally cross-validated candidate (in applicability domain)	C=C1C(=O)O[C@@H]2[C@H]3C(CO[C@@H]4O[C@H](CO)[C@@H](O)[C@H](O)[C@H]4O)=CC(=O)C3=C(C)CC[C@@H]12	7;21;22;23	5;6;7;8;9;21;22;23;24;25	C=C1[C@@H](C)[C:1001](CO)=[CH:1002][C:1003]1=[O:1004]	C=C1C(=O)C=C(CO)[C@@H]1C	C=C1C([O-])=CC(CO)(SC)[C@@H]1C	d604003219c4e582e424	bff984eccf53c27b18d3	63873bf3cc344f2bc202	ok	-17.030560847109836	crepidiaside A	2.4872166789755523	1.968898749776982	3.0055346081741225	1.1074392828320314	3.866994075119073	within	no listed structural alert	enone or ester; within energy range; no listed structural alert	98	cross-validated calibration; fragment-group Q2 = 0.750	within calibration range	no listed structural alert	internally cross-validated candidate (in applicability domain)	ring severed by truncation
Mol_05959	Mol_05959:atom7	enone	internally cross-validated candidate (in applicability domain)	C=C1C(=O)O[C@@H]2[C@H]3C(CO)=CC(=O)C3=C(C)C[C@H](OC(=O)Cc3ccc(O)cc3)[C@@H]12	7;10;11;12	5;6;7;8;9;10;11;12;13;14	C=C1[C@@H](C)[C:1001](CO)=[CH:1002][C:1003]1=[O:1004]	C=C1C(=O)C=C(CO)[C@@H]1C	C=C1C([O-])=CC(CO)(SC)[C@@H]1C	d604003219c4e582e424	bff984eccf53c27b18d3	63873bf3cc344f2bc202	ok	-17.030560847109836	lactupicrin	2.4872166789755523	1.968898749776982	3.0055346081741225	1.1074392828320314	3.866994075119073	within	no listed structural alert	enone or ester; within energy range; no listed structural alert	98	cross-validated calibration; fragment-group Q2 = 0.750	within calibration range	no listed structural alert	internally cross-validated candidate (in applicability domain)	ring severed by truncation
Mol_06053	Mol_06053:atom0	ester	ranked hypothesis (in applicability domain)	C=C(C(=O)OC)[C@H]1[C@H](O)[C@H]2C(=O)CC[C@@H](O)[C@@H]2C[C@@H]1OC(=O)C(C)CO	0;1;2;3	0;1;2;3;4;5;6;7;18	CO[C:1003]([C:1002](C(C)C)=[CH2:1001])=[O:1004]	C=C(C(=O)OC)C(C)C	COC([O-])=C(CSC)C(C)C	1ed839339efbe7987294	42a2ab3233c3bee8c2c2	63873bf3cc344f2bc202	ok	-16.991922386392556	1beta,6alpha-dihydroxy-8-alpha-(3'-hydroxy-isobutanoyloxy)-11-carboxymethyl-eude	-0.0599298663961835	-0.4096888782228589	0.2898291454304917	-1.1540394814700257	1.0341797486776585	within	no listed structural alert	enone or ester; within energy range; no listed structural alert	35	weak calibration; fragment-group Q2 = 0.287; ranked hypothesis only	within calibration range	no listed structural alert	ranked hypothesis (in applicability domain)	ring severed by truncation
Mol_06055	Mol_06055:atom1	ester	ranked hypothesis (in applicability domain)	C/C=C(/C)C(=O)O[C@H]1CC(C)=C2C(=O)C=C(C)[C@]2(O)[C@H]2OC(=O)[C@@H](C)[C@H]12	1;2;4;5	0;1;2;3;4;5;6;7	CO[C:1003](/[C:1002](C)=[CH:1001]\C)=[O:1004]	C/C=C(/C)C(=O)OC	COC([O-])=C(C)C(C)SC	2f2cf585931c3a41315c	45b330041a48775c0812	63873bf3cc344f2bc202	ok	-12.87931274693731	8alpha-angeloyloxy-5-alpha-hydroxy-2-oxo-11,13-dehydroguaia-1(10),3-dien-6alpha,	-1.6835133492610952	-2.254660141059235	-1.112366557462955	-2.8671320130309628	-0.4998946854912278	within	no listed structural alert	enone or ester; within energy range; no listed structural alert	14	weak calibration; fragment-group Q2 = 0.287; ranked hypothesis only	within calibration range	no listed structural alert	ranked hypothesis (in applicability domain)	ring severed by truncation
Mol_06055	Mol_06055:atom9	enone	internally cross-validated candidate (in applicability domain)	C/C=C(/C)C(=O)O[C@H]1CC(C)=C2C(=O)C=C(C)[C@]2(O)[C@H]2OC(=O)[C@@H](C)[C@H]12	9;11;12;13	7;8;9;10;11;12;13;14;15;17;18;19	CC[C:1001](C)=[C:1002]1[C@](C)(O)C=C[C:1003]1=[O:1004]	CCC(C)=C1C(=O)C=C[C@@]1(C)O	CCC(C)(SC)C1=C([O-])C=C[C@@]1(C)O	2a0e45a5ebe43fa958f1	c7659535c055aef1fc04	63873bf3cc344f2bc202	ok	-8.53459706041725	8alpha-angeloyloxy-5-alpha-hydroxy-2-oxo-11,13-dehydroguaia-1(10),3-dien-6alpha,	-1.1796857392204765	-1.9057234514892405	-0.4536480269517127	-2.6501492534962847	0.2907777750553317	within	no listed structural alert	enone or ester; within energy range; no listed structural alert	484	cross-validated calibration; fragment-group Q2 = 0.750	within calibration range	no listed structural alert	internally cross-validated candidate (in applicability domain)	ring severed by truncation
Mol_06055	Mol_06055:atom15	enone	internally cross-validated candidate (in applicability domain)	C/C=C(/C)C(=O)O[C@H]1CC(C)=C2C(=O)C=C(C)[C@]2(O)[C@H]2OC(=O)[C@@H](C)[C@H]12	15;14;12;13	9;11;12;13;14;15;16;17;18;19	C=C1[C@](C)(O)[C:1001](C)=[CH:1002][C:1003]1=[O:1004]	C=C1C(=O)C=C(C)[C@@]1(C)O	C=C1C([O-])=CC(C)(SC)[C@@]1(C)O	f379f6019ed3544a6b69	1e4e17dd1617ac6d196d	63873bf3cc344f2bc202	ok	-14.62828379287676	8alpha-angeloyloxy-5-alpha-hydroxy-2-oxo-11,13-dehydroguaia-1(10),3-dien-6alpha,	1.4503813345097845	1.0947505015109138	1.8060121675086551	0.1231264695500169	2.777636199469552	within	no listed structural alert	enone or ester; within energy range; no listed structural alert	94	cross-validated calibration; fragment-group Q2 = 0.750	within calibration range	no listed structural alert	internally cross-validated candidate (in applicability domain)	ring severed by truncation
Mol_06056	Mol_06056:atom1	enone	internally cross-validated candidate (in applicability domain)	CC1=CC(=O)C2=C(C)C[C@H](OC(C)(C)C)[C@H]3[C@H](C)C(=O)O[C@@H]3[C@@]12O	1;2;3;4	0;1;2;3;4;5;6;21;22;23	C=C1[C@](C)(O)[C:1001](C)=[CH:1002][C:1003]1=[O:1004]	C=C1C(=O)C=C(C)[C@@]1(C)O	C=C1C([O-])=CC(C)(SC)[C@@]1(C)O	f379f6019ed3544a6b69	1e4e17dd1617ac6d196d	63873bf3cc344f2bc202	ok	-14.62828379287676	8alpha-isobutanoyloxy-5-alpha-hydroxy-2-oxo-11,13-dehydroguaia-1(10),3-dien-6alp	1.4503813345097845	1.0947505015109138	1.8060121675086551	0.1231264695500169	2.777636199469552	within	no listed structural alert	enone or ester; within energy range; no listed structural alert	94	cross-validated calibration; fragment-group Q2 = 0.750	within calibration range	no listed structural alert	internally cross-validated candidate (in applicability domain)	ring severed by truncation
Mol_06056	Mol_06056:atom6	enone	internally cross-validated candidate (in applicability domain)	CC1=CC(=O)C2=C(C)C[C@H](OC(C)(C)C)[C@H]3[C@H](C)C(=O)O[C@@H]3[C@@]12O	6;5;3;4	1;2;3;4;5;6;7;8;9;21;22;23	CC[C:1001](C)=[C:1002]1[C@](C)(O)C=C[C:1003]1=[O:1004]	CCC(C)=C1C(=O)C=C[C@@]1(C)O	CCC(C)(SC)C1=C([O-])C=C[C@@]1(C)O	2a0e45a5ebe43fa958f1	c7659535c055aef1fc04	63873bf3cc344f2bc202	ok	-8.53459706041725	8alpha-isobutanoyloxy-5-alpha-hydroxy-2-oxo-11,13-dehydroguaia-1(10),3-dien-6alp	-1.1796857392204765	-1.9057234514892405	-0.4536480269517127	-2.6501492534962847	0.2907777750553317	within	no listed structural alert	enone or ester; within energy range; no listed structural alert	484	cross-validated calibration; fragment-group Q2 = 0.750	within calibration range	no listed structural alert	internally cross-validated candidate (in applicability domain)	ring severed by truncation
Mol_06057	Mol_06057:atom1	enone	internally cross-validated candidate (in applicability domain)	CC1=CC(=O)C2=C(C)C[C@H](OC(=O)CC(C)C)[C@H]3[C@H](C)C(=O)O[C@@H]3[C@@]12O	1;2;3;4	0;1;2;3;4;5;6;23;24;25	C=C1[C@](C)(O)[C:1001](C)=[CH:1002][C:1003]1=[O:1004]	C=C1C(=O)C=C(C)[C@@]1(C)O	C=C1C([O-])=CC(C)(SC)[C@@]1(C)O	f379f6019ed3544a6b69	1e4e17dd1617ac6d196d	63873bf3cc344f2bc202	ok	-14.62828379287676	5-alpha-hydroxy-2-oxo-8alpha-isovaleryloxy-11,13-dehydroguaia-1(10),3-dien-6alph	1.4503813345097845	1.0947505015109138	1.8060121675086551	0.1231264695500169	2.777636199469552	within	no listed structural alert	enone or ester; within energy range; no listed structural alert	94	cross-validated calibration; fragment-group Q2 = 0.750	within calibration range	no listed structural alert	internally cross-validated candidate (in applicability domain)	ring severed by truncation
Mol_06057	Mol_06057:atom6	enone	internally cross-validated candidate (in applicability domain)	CC1=CC(=O)C2=C(C)C[C@H](OC(=O)CC(C)C)[C@H]3[C@H](C)C(=O)O[C@@H]3[C@@]12O	6;5;3;4	1;2;3;4;5;6;7;8;9;23;24;25	CC[C:1001](C)=[C:1002]1[C@](C)(O)C=C[C:1003]1=[O:1004]	CCC(C)=C1C(=O)C=C[C@@]1(C)O	CCC(C)(SC)C1=C([O-])C=C[C@@]1(C)O	2a0e45a5ebe43fa958f1	c7659535c055aef1fc04	63873bf3cc344f2bc202	ok	-8.53459706041725	5-alpha-hydroxy-2-oxo-8alpha-isovaleryloxy-11,13-dehydroguaia-1(10),3-dien-6alph	-1.1796857392204765	-1.9057234514892405	-0.4536480269517127	-2.6501492534962847	0.2907777750553317	within	no listed structural alert	enone or ester; within energy range; no listed structural alert	484	cross-validated calibration; fragment-group Q2 = 0.750	within calibration range	no listed structural alert	internally cross-validated candidate (in applicability domain)	ring severed by truncation
Mol_06058	Mol_06058:atom9	enone	internally cross-validated candidate (in applicability domain)	CCC(C)C(=O)O[C@H]1CC(C)=C2C(=O)C=C(C)[C@]2(O)[C@H]2OC(=O)[C@@H](C)[C@H]12	9;11;12;13	7;8;9;10;11;12;13;14;15;17;18;19	CC[C:1001](C)=[C:1002]1[C@](C)(O)C=C[C:1003]1=[O:1004]	CCC(C)=C1C(=O)C=C[C@@]1(C)O	CCC(C)(SC)C1=C([O-])C=C[C@@]1(C)O	2a0e45a5ebe43fa958f1	c7659535c055aef1fc04	63873bf3cc344f2bc202	ok	-8.53459706041725	5-alpha-hydroxy-8alpha-methylbutanoyloxy-2-oxo-11,13-dehydroguaia-1(10),3-dien-6	-1.1796857392204765	-1.9057234514892405	-0.4536480269517127	-2.6501492534962847	0.2907777750553317	within	no listed structural alert	enone or ester; within energy range; no listed structural alert	484	cross-validated calibration; fragment-group Q2 = 0.750	within calibration range	no listed structural alert	internally cross-validated candidate (in applicability domain)	ring severed by truncation
Mol_06058	Mol_06058:atom15	enone	internally cross-validated candidate (in applicability domain)	CCC(C)C(=O)O[C@H]1CC(C)=C2C(=O)C=C(C)[C@]2(O)[C@H]2OC(=O)[C@@H](C)[C@H]12	15;14;12;13	9;11;12;13;14;15;16;17;18;19	C=C1[C@](C)(O)[C:1001](C)=[CH:1002][C:1003]1=[O:1004]	C=C1C(=O)C=C(C)[C@@]1(C)O	C=C1C([O-])=CC(C)(SC)[C@@]1(C)O	f379f6019ed3544a6b69	1e4e17dd1617ac6d196d	63873bf3cc344f2bc202	ok	-14.62828379287676	5-alpha-hydroxy-8alpha-methylbutanoyloxy-2-oxo-11,13-dehydroguaia-1(10),3-dien-6	1.4503813345097845	1.0947505015109138	1.8060121675086551	0.1231264695500169	2.777636199469552	within	no listed structural alert	enone or ester; within energy range; no listed structural alert	94	cross-validated calibration; fragment-group Q2 = 0.750	within calibration range	no listed structural alert	internally cross-validated candidate (in applicability domain)	ring severed by truncation
Mol_06059	Mol_06059:atom1	ester	ranked hypothesis (in applicability domain)	C/C=C(/C)C(=O)O[C@H]1C[C@@](C)(O)[C@@]23O[C@@H]2[C@@H]2O[C@]2(C)[C@@H]3[C@H]2OC(=O)[C@@H](C)[C@@H]21	1;2;4;5	0;1;2;3;4;5;6;7	CO[C:1003](/[C:1002](C)=[CH:1001]\C)=[O:1004]	C/C=C(/C)C(=O)OC	COC([O-])=C(C)C(C)SC	2f2cf585931c3a41315c	45b330041a48775c0812	63873bf3cc344f2bc202	ok	-12.87931274693731	8alpha-angeloyloxy-10alpha-hydroxy-1beta,2beta,3beta,4beta-diepoxy-11,13-dehydro	-1.6835133492610952	-2.254660141059235	-1.112366557462955	-2.8671320130309628	-0.4998946854912278	within	no listed structural alert	enone or ester; within energy range; no listed structural alert	14	weak calibration; fragment-group Q2 = 0.287; ranked hypothesis only	within calibration range	no listed structural alert	ranked hypothesis (in applicability domain)	ring severed by truncation
Mol_06063	Mol_06063:atom1	ester	ranked hypothesis (in applicability domain)	C/C=C(/C)C(=O)O[C@H]1C[C@@](C)(O)[C@]23O[C@H]2[C@H]2O[C@@]2(C)[C@@H]3[C@H]2OC(=O)[C@@H](C)[C@@H]21	1;2;4;5	0;1;2;3;4;5;6;7	CO[C:1003](/[C:1002](C)=[CH:1001]\C)=[O:1004]	C/C=C(/C)C(=O)OC	COC([O-])=C(C)C(C)SC	2f2cf585931c3a41315c	45b330041a48775c0812	63873bf3cc344f2bc202	ok	-12.87931274693731	8alpha-angeloyloxy-10alpha-hydroxy-1alpha,2alpha,3alpha,4alpha-diepoxy-11,13-deh	-1.6835133492610952	-2.254660141059235	-1.112366557462955	-2.8671320130309628	-0.4998946854912278	within	no listed structural alert	enone or ester; within energy range; no listed structural alert	14	weak calibration; fragment-group Q2 = 0.287; ranked hypothesis only	within calibration range	no listed structural alert	ranked hypothesis (in applicability domain)	ring severed by truncation
Mol_06067	Mol_06067:atom1	ester	ranked hypothesis (in applicability domain)	C/C=C(/C)C(=O)O[C@H]1C[C@@](C)(O)[C@]2(O)C=C[C@@](C)(O)[C@@H]2[C@H]2OC(=O)[C@@H](C)[C@@H]21	1;2;4;5	0;1;2;3;4;5;6;7	CO[C:1003](/[C:1002](C)=[CH:1001]\C)=[O:1004]	C/C=C(/C)C(=O)OC	COC([O-])=C(C)C(C)SC	2f2cf585931c3a41315c	45b330041a48775c0812	63873bf3cc344f2bc202	ok	-12.87931274693731	8alpha-angeloyloxy-1alpha,4alpha,10alpha-trihydroxy-11,13-dehydroguaia-2-en-6alp	-1.6835133492610952	-2.254660141059235	-1.112366557462955	-2.8671320130309628	-0.4998946854912278	within	no listed structural alert	enone or ester; within energy range; no listed structural alert	14	weak calibration; fragment-group Q2 = 0.287; ranked hypothesis only	within calibration range	no listed structural alert	ranked hypothesis (in applicability domain)	ring severed by truncation
Mol_06071	Mol_06071:atom1	ester	ranked hypothesis (in applicability domain)	C/C=C(/C)C(=O)O[C@H]1C[C@@](C)(O)[C@]23O[C@H]2C[C@](C)(O)[C@]3(Cl)[C@H]2OC(=O)[C@@H](C)[C@H]12	1;2;4;5	0;1;2;3;4;5;6;7	CO[C:1003](/[C:1002](C)=[CH:1001]\C)=[O:1004]	C/C=C(/C)C(=O)OC	COC([O-])=C(C)C(C)SC	2f2cf585931c3a41315c	45b330041a48775c0812	63873bf3cc344f2bc202	ok	-12.87931274693731	8alpha-angeloyloxy-5alpha-chloro-4beta,10alpha-dihydroxy-1alpha,2alpha-epoxy-11,	-1.6835133492610952	-2.254660141059235	-1.112366557462955	-2.8671320130309628	-0.4998946854912278	within	no listed structural alert	enone or ester; within energy range; no listed structural alert	14	weak calibration; fragment-group Q2 = 0.287; ranked hypothesis only	within calibration range	no listed structural alert	ranked hypothesis (in applicability domain)	ring severed by truncation
Mol_06075	Mol_06075:atom1	ester	ranked hypothesis (in applicability domain)	C/C=C(/C)C(=O)O[C@H]1C[C@@](C)(O)[C@]23O[C@H]2C[C@](C)(O)[C@]3(O)[C@H]2OC(=O)[C@@H](C)[C@H]12	1;2;4;5	0;1;2;3;4;5;6;7	CO[C:1003](/[C:1002](C)=[CH:1001]\C)=[O:1004]	C/C=C(/C)C(=O)OC	COC([O-])=C(C)C(C)SC	2f2cf585931c3a41315c	45b330041a48775c0812	63873bf3cc344f2bc202	ok	-12.87931274693731	8alpha-angeloyloxy-4beta,5alpha,10alpha-trihydroxy-1alpha,2alpha-epoxy-11,13-deh	-1.6835133492610952	-2.254660141059235	-1.112366557462955	-2.8671320130309628	-0.4998946854912278	within	no listed structural alert	enone or ester; within energy range; no listed structural alert	14	weak calibration; fragment-group Q2 = 0.287; ranked hypothesis only	within calibration range	no listed structural alert	ranked hypothesis (in applicability domain)	ring severed by truncation
Mol_06079	Mol_06079:atom1	ester	ranked hypothesis (in applicability domain)	C/C=C(/C)C(=O)O[C@H]1C[C@@](C)(O)[C@@]23O[C@@H]2[C@H](O)[C@@](C)(O)[C@@H]3[C@H]2OC(=O)[C@@H](C)[C@@H]21	1;2;4;5	0;1;2;3;4;5;6;7	CO[C:1003](/[C:1002](C)=[CH:1001]\C)=[O:1004]	C/C=C(/C)C(=O)OC	COC([O-])=C(C)C(C)SC	2f2cf585931c3a41315c	45b330041a48775c0812	63873bf3cc344f2bc202	ok	-12.87931274693731	8alpha-angeloyloxy-3beta,4alpha,10alpha-trihydroxy-1beta,2beta-epoxy-11,13-dehyd	-1.6835133492610952	-2.254660141059235	-1.112366557462955	-2.8671320130309628	-0.4998946854912278	within	no listed structural alert	enone or ester; within energy range; no listed structural alert	14	weak calibration; fragment-group Q2 = 0.287; ranked hypothesis only	within calibration range	no listed structural alert	ranked hypothesis (in applicability domain)	ring severed by truncation
Mol_06084	Mol_06084:atom1	ester	ranked hypothesis (in applicability domain)	C/C=C(/C)C(=O)O[C@H]1C[C@@](C)(O)[C@@]23O[C@@H]2[C@H](OC(C)=O)[C@@](C)(O)[C@@H]3[C@H]2OC(=O)[C@@H](C)[C@@H]21	1;2;4;5	0;1;2;3;4;5;6;7	CO[C:1003](/[C:1002](C)=[CH:1001]\C)=[O:1004]	C/C=C(/C)C(=O)OC	COC([O-])=C(C)C(C)SC	2f2cf585931c3a41315c	45b330041a48775c0812	63873bf3cc344f2bc202	ok	-12.87931274693731	3beta-acetoxy-8alpha-angeloyloxy-4alpha,10alpha-dihydroxy-1beta,2beta-epoxy-11,1	-1.6835133492610952	-2.254660141059235	-1.112366557462955	-2.8671320130309628	-0.4998946854912278	within	no listed structural alert	enone or ester; within energy range; no listed structural alert	14	weak calibration; fragment-group Q2 = 0.287; ranked hypothesis only	within calibration range	no listed structural alert	ranked hypothesis (in applicability domain)	ring severed by truncation
Mol_06085	Mol_06085:atom1	ester	ranked hypothesis (in applicability domain)	C/C=C(/C)C(=O)O[C@H]1C[C@@](C)(OC(C)=O)[C@@]23O[C@@H]2[C@H](O)[C@@](C)(O)[C@@H]3[C@H]2OC(=O)[C@@H](C)[C@@H]21	1;2;4;5	0;1;2;3;4;5;6;7	CO[C:1003](/[C:1002](C)=[CH:1001]\C)=[O:1004]	C/C=C(/C)C(=O)OC	COC([O-])=C(C)C(C)SC	2f2cf585931c3a41315c	45b330041a48775c0812	63873bf3cc344f2bc202	ok	-12.87931274693731	10alpha-acetoxy-8alpha-angeloyloxy-3beta,4alpha-dihydroxy-1beta,2beta-epoxy-11,1	-1.6835133492610952	-2.254660141059235	-1.112366557462955	-2.8671320130309628	-0.4998946854912278	within	no listed structural alert	enone or ester; within energy range; no listed structural alert	14	weak calibration; fragment-group Q2 = 0.287; ranked hypothesis only	within calibration range	no listed structural alert	ranked hypothesis (in applicability domain)	ring severed by truncation
Mol_06086	Mol_06086:atom1	ester	ranked hypothesis (in applicability domain)	C/C=C(/C)C(=O)O[C@H]1C[C@@](C)(OC(C)=O)[C@@]23O[C@@H]2[C@H](OC(C)=O)[C@@](C)(O)[C@@H]3[C@H]2OC(=O)[C@@H](C)[C@@H]21	1;2;4;5	0;1;2;3;4;5;6;7	CO[C:1003](/[C:1002](C)=[CH:1001]\C)=[O:1004]	C/C=C(/C)C(=O)OC	COC([O-])=C(C)C(C)SC	2f2cf585931c3a41315c	45b330041a48775c0812	63873bf3cc344f2bc202	ok	-12.87931274693731	3beta,10alpha-acetoxy-8alpha-angeloyloxy-4alpha-hydroxy-1beta,2beta-epoxy-11,13-	-1.6835133492610952	-2.254660141059235	-1.112366557462955	-2.8671320130309628	-0.4998946854912278	within	no listed structural alert	enone or ester; within energy range; no listed structural alert	14	weak calibration; fragment-group Q2 = 0.287; ranked hypothesis only	within calibration range	no listed structural alert	ranked hypothesis (in applicability domain)	ring severed by truncation
Mol_06087	Mol_06087:atom1	ester	ranked hypothesis (in applicability domain)	C/C=C(/C)C(=O)O[C@H]1C[C@@](C)(O)[C@]2(O)[C@@H]3O[C@@H]3[C@@](C)(O)[C@@H]2[C@H]2OC(=O)[C@@H](C)[C@@H]21	1;2;4;5	0;1;2;3;4;5;6;7	CO[C:1003](/[C:1002](C)=[CH:1001]\C)=[O:1004]	C/C=C(/C)C(=O)OC	COC([O-])=C(C)C(C)SC	2f2cf585931c3a41315c	45b330041a48775c0812	63873bf3cc344f2bc202	ok	-12.87931274693731	8alpha-angeloyloxy-1alpha,4alpha,10alpha-trihydroxy-2beta,3beta-epoxy-11,13-dehy	-1.6835133492610952	-2.254660141059235	-1.112366557462955	-2.8671320130309628	-0.4998946854912278	within	no listed structural alert	enone or ester; within energy range; no listed structural alert	14	weak calibration; fragment-group Q2 = 0.287; ranked hypothesis only	within calibration range	no listed structural alert	ranked hypothesis (in applicability domain)	ring severed by truncation
Mol_06091	Mol_06091:atom1	ester	ranked hypothesis (in applicability domain)	C/C=C(/C)C(=O)O[C@H]1C[C@@](C)(O)[C@@]23C=C[C@@](C)(OO2)[C@@H]3[C@H]2OC(=O)[C@@H](C)[C@@H]21	1;2;4;5	0;1;2;3;4;5;6;7	CO[C:1003](/[C:1002](C)=[CH:1001]\C)=[O:1004]	C/C=C(/C)C(=O)OC	COC([O-])=C(C)C(C)SC	2f2cf585931c3a41315c	45b330041a48775c0812	63873bf3cc344f2bc202	ok	-12.87931274693731	8alpha-angeloyloxy-10alpha-hydroxy-1alpha,4alpha-peroxy-11,13-dehydroguaia-6alph	-1.6835133492610952	-2.254660141059235	-1.112366557462955	-2.8671320130309628	-0.4998946854912278	within	no listed structural alert	enone or ester; within energy range; no listed structural alert	14	weak calibration; fragment-group Q2 = 0.287; ranked hypothesis only	within calibration range	no listed structural alert	ranked hypothesis (in applicability domain)	ring severed by truncation
Mol_06095	Mol_06095:atom4	enone	internally cross-validated candidate (in applicability domain)	CC(=O)/C=C/[C@H]1[C@H](C)C(=O)O[C@@H]1C1=C(C)C(O)CC1=O	4;3;1;2	0;1;2;3;4;5;6;11	CC(C)/[CH:1001]=[CH:1002]/[C:1003](C)=[O:1004]	CC(=O)/C=C/C(C)C	CSC(C=C(C)[O-])C(C)C	eb248bd0056afe651969	d22018e44751d333f2e1	63873bf3cc344f2bc202	ok	-14.80319523556314	(3S,5S)-dihydro-5-(3-hydroxy-2-methyl-5-oxocyclopent-1-enyl)-3-methyl-4-((E)-3-o	1.5258740282476575	1.1638015406579094	1.8879465158374056	0.1968786657842181	2.854869390711097	within	no listed structural alert	enone or ester; within energy range; no listed structural alert	190	cross-validated calibration; fragment-group Q2 = 0.750	within calibration range	no listed structural alert	internally cross-validated candidate (in applicability domain)	ring severed by truncation
Mol_06095	Mol_06095:atom13	enone	internally cross-validated candidate (in applicability domain)	CC(=O)/C=C/[C@H]1[C@H](C)C(=O)O[C@@H]1C1=C(C)C(O)CC1=O	13;12;18;19	5;10;11;12;13;14;15;16;17;18;19	C[C@H](O)[C:1002]1=[C:1001](C)C(O)C[C:1003]1=[O:1004]	CC1=C([C@H](C)O)C(=O)CC1O	CSC1(C)C([C@H](C)O)=C([O-])CC1O	afb408db05b070346a6b	5fd0ed92f2b35ea890ff	63873bf3cc344f2bc202	ok	-15.155901808206467	(3S,5S)-dihydro-5-(3-hydroxy-2-methyl-5-oxocyclopent-1-enyl)-3-methyl-4-((E)-3-o	1.678104030235806	1.2997448586654357	2.0564632018061766	0.3445794335780177	3.011628626893595	within	no listed structural alert	enone or ester; within energy range; no listed structural alert	380	cross-validated calibration; fragment-group Q2 = 0.750	within calibration range	no listed structural alert	internally cross-validated candidate (in applicability domain)	ring severed by truncation
Mol_06106	Mol_06106:atom16	enone	internally cross-validated candidate (in applicability domain)	C=CC(C)(O)CCC(OO)C(=C)CC(=O)C=C(C)C	16;15;13;14	10;12;13;14;15;16;17;18	CC[C:1003]([CH:1002]=[C:1001](C)C)=[O:1004]	CCC(=O)C=C(C)C	CCC([O-])=CC(C)(C)SC	831eace156c08c9419b7	119016f1a2a0247ef191	63873bf3cc344f2bc202	ok	-9.019817338646698	8beta-(2-methylbutyryloxy)-11,13-dihydroartecanin	-0.9702621286368016	-1.644954455777524	-0.2955698014960793	-2.416063609989779	0.4755393527161755	within	no listed structural alert	enone or ester; within energy range; no listed structural alert	481	cross-validated calibration; fragment-group Q2 = 0.750	within calibration range	no listed structural alert	internally cross-validated candidate (in applicability domain)	none
Mol_06107	Mol_06107:atom15	enone	internally cross-validated candidate (in applicability domain)	C=CC(C)(O)CC/C=C(\C)C(O)C(=O)C=C(C)C	15;14;12;13	8;10;11;12;13;14;15;16;17	CC(O)[C:1003]([CH:1002]=[C:1001](C)C)=[O:1004]	CC(C)=CC(=O)C(C)O	CSC(C)(C)C=C([O-])C(C)O	81fa9de375a1bc1388e6	4cbac0c7cabb7fcc0c9c	63873bf3cc344f2bc202	ok	-15.15039681231758	8beta-hydroxytiglinoyloxy-11,13-dihydroartecanin	1.675728045209982	1.297654853917036	2.0538012365029275	0.3422845611603831	3.0091715292595804	within	no listed structural alert	enone or ester; within energy range; no listed structural alert	236	cross-validated calibration; fragment-group Q2 = 0.750	within calibration range	no listed structural alert	internally cross-validated candidate (in applicability domain)	alpha-prime heteroatom
Mol_06108	Mol_06108:atom7	enone	internally cross-validated candidate (in applicability domain)	C=CC(C)(O)CC/C=C(\C)C(=O)/C=C/C(C)(C)OO	7;8;10;11	5;6;7;8;9;10;11;12;13	C=C[C:1003](/[C:1002](C)=[CH:1001]/CC)=[O:1004]	C=CC(=O)/C(C)=C/CC	C=CC([O-])=C(C)C(CC)SC	4cd567fd9bd91651c3b1	9c772a31e11570fc7127	63873bf3cc344f2bc202	ok	-12.516749108229233	8beta-(2,3-dihydroxy-2-methylpropyloxy)-11,13-dihydroartecanin	0.5390319178177654	0.1626577157790136	0.9154061198565172	-0.7939308450305473	1.871994680666078	within	no listed structural alert	enone or ester; within energy range; no listed structural alert	158	cross-validated calibration; fragment-group Q2 = 0.750	within calibration range	no listed structural alert	internally cross-validated candidate (in applicability domain)	none
Mol_06130	Mol_06130:atom18	ester	ranked hypothesis (in applicability domain)	C=C1C(=O)O[C@H]2[C@H]1C[C@@H](O)[C@@]1(C)[C@@H](OC(=O)/C(C)=C\C)C[C@@H]3O[C@]3(C)[C@H]21	18;16;14;15	12;13;14;15;16;17;18;19	CO[C:1003](/[C:1002](C)=[CH:1001]\C)=[O:1004]	C/C=C(/C)C(=O)OC	COC([O-])=C(C)C(C)SC	2f2cf585931c3a41315c	45b330041a48775c0812	63873bf3cc344f2bc202	ok	-12.87931274693731	1beta-angeloyloxy-9alpha-hydroxy-alpha-cyclocostunolide	-1.6835133492610952	-2.254660141059235	-1.112366557462955	-2.8671320130309628	-0.4998946854912278	within	no listed structural alert	enone or ester; within energy range; no listed structural alert	14	weak calibration; fragment-group Q2 = 0.287; ranked hypothesis only	within calibration range	no listed structural alert	ranked hypothesis (in applicability domain)	ring severed by truncation
Mol_06131	Mol_06131:atom18	ester	ranked hypothesis (in applicability domain)	C=C1C(=O)O[C@@H]2[C@@H]3[C@@H]([C@H](O)C[C@@H]12)[C@H](OC(=O)/C(C)=C\C)C[C@@H]1O[C@]31C	18;16;14;15	12;13;14;15;16;17;18;19	CO[C:1003](/[C:1002](C)=[CH:1001]\C)=[O:1004]	C/C=C(/C)C(=O)OC	COC([O-])=C(C)C(C)SC	2f2cf585931c3a41315c	45b330041a48775c0812	63873bf3cc344f2bc202	ok	-12.87931274693731	1beta-angeloyloxy-9alpha-hydroxy-alpha-cyclocostunolide-3,4-oxide	-1.6835133492610952	-2.254660141059235	-1.112366557462955	-2.8671320130309628	-0.4998946854912278	within	no listed structural alert	enone or ester; within energy range; no listed structural alert	14	weak calibration; fragment-group Q2 = 0.287; ranked hypothesis only	within calibration range	no listed structural alert	ranked hypothesis (in applicability domain)	ring severed by truncation
Mol_06143	Mol_06143:atom23	ester	ranked hypothesis (in applicability domain)	C=C1C(=O)O[C@H]2C1C[C@@H](O)[C@]1(C)[C@@H]2C(C)=CC[C@H]1OC(=O)/C(C)=C\C	23;21;19;20	17;18;19;20;21;22;23;24	CO[C:1003](/[C:1002](C)=[CH:1001]\C)=[O:1004]	C/C=C(/C)C(=O)OC	COC([O-])=C(C)C(C)SC	2f2cf585931c3a41315c	45b330041a48775c0812	63873bf3cc344f2bc202	ok	-12.87931274693731	6-O-angeloyl-9alpha-hydroxysantamarin	-1.6835133492610952	-2.254660141059235	-1.112366557462955	-2.8671320130309628	-0.4998946854912278	within	no listed structural alert	enone or ester; within energy range; no listed structural alert	14	weak calibration; fragment-group Q2 = 0.287; ranked hypothesis only	within calibration range	no listed structural alert	ranked hypothesis (in applicability domain)	ring severed by truncation
Mol_06146	Mol_06146:atom1	ester	ranked hypothesis (in applicability domain)	C/C=C(/C)C(=O)O[C@H]1C[C@H]2O[C@@]2(C)[C@@H]2[C@H]3OC(=O)[C@@H](C)C3C[C@@H](O)[C@@]12C	1;2;4;5	0;1;2;3;4;5;6;7	CO[C:1003](/[C:1002](C)=[CH:1001]\C)=[O:1004]	C/C=C(/C)C(=O)OC	COC([O-])=C(C)C(C)SC	2f2cf585931c3a41315c	45b330041a48775c0812	63873bf3cc344f2bc202	ok	-12.87931274693731	6-O-angeloyl-9alpha-hydroxyludovicin A	-1.6835133492610952	-2.254660141059235	-1.112366557462955	-2.8671320130309628	-0.4998946854912278	within	no listed structural alert	enone or ester; within energy range; no listed structural alert	14	weak calibration; fragment-group Q2 = 0.287; ranked hypothesis only	within calibration range	no listed structural alert	ranked hypothesis (in applicability domain)	ring severed by truncation
Mol_06147	Mol_06147:atom1	ester	ranked hypothesis (in applicability domain)	C/C=C(/C)C(=O)O[C@@H]1CC2[C@H](C)C(=O)O[C@@H]2[C@H]2[C@]3(C)O[C@@H]3C[C@H](O)[C@]12C	1;2;4;5	0;1;2;3;4;5;6;7	CO[C:1003](/[C:1002](C)=[CH:1001]\C)=[O:1004]	C/C=C(/C)C(=O)OC	COC([O-])=C(C)C(C)SC	2f2cf585931c3a41315c	45b330041a48775c0812	63873bf3cc344f2bc202	ok	-12.87931274693731	9alpha-angeloyloxyludovicin A	-1.6835133492610952	-2.254660141059235	-1.112366557462955	-2.8671320130309628	-0.4998946854912278	within	no listed structural alert	enone or ester; within energy range; no listed structural alert	14	weak calibration; fragment-group Q2 = 0.287; ranked hypothesis only	within calibration range	no listed structural alert	ranked hypothesis (in applicability domain)	ring severed by truncation
Mol_06205	Mol_06205:atom5	enone	internally cross-validated candidate (in applicability domain)	CC(=O)/C(C)=C\C[C@H]1[C@H](C)C(=O)O[C@@H]1/C=C(/C)C=O	5;3;1;2	0;1;2;3;4;5;6;7	CC/[CH:1001]=[C:1002](/C)[C:1003](C)=[O:1004]	CC/C=C(/C)C(C)=O	CCC(SC)C(C)=C(C)[O-]	93cd19ac8548f1da6236	d9ae6ee3ae6073e6dfce	63873bf3cc344f2bc202	ok	-12.874001510923112	1,3-dioxo-7alpha,11betaH-2,3-secogermacra-4Z,9Z-dien-12,6alpha-olide	0.6932239238378974	0.3328457724707241	1.0536020752050708	-0.6353108326373411	2.021758680313136	within	no listed structural alert	enone or ester; within energy range; no listed structural alert	281	cross-validated calibration; fragment-group Q2 = 0.750	within calibration range	no listed structural alert	internally cross-validated candidate (in applicability domain)	ring severed by truncation
Mol_06206	Mol_06206:atom0	enone	internally cross-validated candidate (in applicability domain)	C=C(CC[C@H]1[C@H](C)C(=O)O[C@@H]1/C=C(\C)C=O)C(C)=O	0;1;16;18	0;1;2;3;16;17;18	CC[C:1002](=[CH2:1001])[C:1003](C)=[O:1004]	C=C(CC)C(C)=O	CCC(CSC)=C(C)[O-]	539a00d2bfbbe1818c52	6cf3d11bd7ed381e86a1	63873bf3cc344f2bc202	ok	-16.51423520032371	1,3-dioxo-7alpha,11betaH-2,3-secogermacra-4E,10(14)-dien-12,6alpha-olide	2.264367828590596	1.7913192184240638	2.7374164387571267	0.9009503669302324	3.627785290250958	within	no listed structural alert	enone or ester; within energy range; no listed structural alert	67	cross-validated calibration; fragment-group Q2 = 0.750	within calibration range	no listed structural alert	internally cross-validated candidate (in applicability domain)	none
Mol_06259	Mol_06259:atom17	ester	ranked hypothesis (in applicability domain)	C=C1C(=O)O[C@@H]2[C@H]3C(C)=CC[C@@H](OC(=O)/C(C)=C\C)[C@]3(C)[C@H](O)C[C@@H]12	17;15;13;14	11;12;13;14;15;16;17;18	CO[C:1003](/[C:1002](C)=[CH:1001]\C)=[O:1004]	C/C=C(/C)C(=O)OC	COC([O-])=C(C)C(C)SC	2f2cf585931c3a41315c	45b330041a48775c0812	63873bf3cc344f2bc202	ok	-12.87931274693731	1beta-angeloyloxy-9alpha-hydroxyeudesm-3,11(13)-dien-5alpha,7alphaH-12,6-olide	-1.6835133492610952	-2.254660141059235	-1.112366557462955	-2.8671320130309628	-0.4998946854912278	within	no listed structural alert	enone or ester; within energy range; no listed structural alert	14	weak calibration; fragment-group Q2 = 0.287; ranked hypothesis only	within calibration range	no listed structural alert	ranked hypothesis (in applicability domain)	ring severed by truncation
Mol_06266	Mol_06266:atom0	ester	ranked hypothesis (in applicability domain)	C=C(C(=O)OC)C1CCC2(C)CCCC(C=O)=C2C1	0;1;2;3	0;1;2;3;4;5;6;7;18	CO[C:1003]([C:1002](C(C)C)=[CH2:1001])=[O:1004]	C=C(C(=O)OC)C(C)C	COC([O-])=C(CSC)C(C)C	1ed839339efbe7987294	42a2ab3233c3bee8c2c2	63873bf3cc344f2bc202	ok	-16.991922386392556	methyl 15-oxo-eudesmane-4,11(13)-dien-12-oate	-0.0599298663961835	-0.4096888782228589	0.2898291454304917	-1.1540394814700257	1.0341797486776585	within	no listed structural alert	enone or ester; within energy range; no listed structural alert	35	weak calibration; fragment-group Q2 = 0.287; ranked hypothesis only	within calibration range	no listed structural alert	ranked hypothesis (in applicability domain)	ring severed by truncation
Mol_06267	Mol_06267:atom0	ester	ranked hypothesis (in applicability domain)	C=C(C(=O)OC)C1CCC2(C)CCCC(CO)=C2C1	0;1;2;3	0;1;2;3;4;5;6;7;18	CO[C:1003]([C:1002](C(C)C)=[CH2:1001])=[O:1004]	C=C(C(=O)OC)C(C)C	COC([O-])=C(CSC)C(C)C	1ed839339efbe7987294	42a2ab3233c3bee8c2c2	63873bf3cc344f2bc202	ok	-16.991922386392556	15-hydroxyisocostic acid methyl ester	-0.0599298663961835	-0.4096888782228589	0.2898291454304917	-1.1540394814700257	1.0341797486776585	within	no listed structural alert	enone or ester; within energy range; no listed structural alert	35	weak calibration; fragment-group Q2 = 0.287; ranked hypothesis only	within calibration range	no listed structural alert	ranked hypothesis (in applicability domain)	ring severed by truncation
Mol_06268	Mol_06268:atom0	ester	ranked hypothesis (in applicability domain)	C=C(C(=O)OC)C1CCC2(C)CCCC(COC)=C2C1	0;1;2;3	0;1;2;3;4;5;6;7;19	CO[C:1003]([C:1002](C(C)C)=[CH2:1001])=[O:1004]	C=C(C(=O)OC)C(C)C	COC([O-])=C(CSC)C(C)C	1ed839339efbe7987294	42a2ab3233c3bee8c2c2	63873bf3cc344f2bc202	ok	-16.991922386392556	15-methoxyisocostic acid methyl ester	-0.0599298663961835	-0.4096888782228589	0.2898291454304917	-1.1540394814700257	1.0341797486776585	within	no listed structural alert	enone or ester; within energy range; no listed structural alert	35	weak calibration; fragment-group Q2 = 0.287; ranked hypothesis only	within calibration range	no listed structural alert	ranked hypothesis (in applicability domain)	ring severed by truncation
Mol_06274	Mol_06274:atom18	ester	ranked hypothesis (in applicability domain)	C=C1C(=O)O[C@H]2C1C[C@@H](O)C1(C)C(OC(=O)/C(C)=C\C)CC=C(C)[C@H]21	18;16;14;15	12;13;14;15;16;17;18;19	CO[C:1003](/[C:1002](C)=[CH:1001]\C)=[O:1004]	C/C=C(/C)C(=O)OC	COC([O-])=C(C)C(C)SC	2f2cf585931c3a41315c	45b330041a48775c0812	63873bf3cc344f2bc202	ok	-12.87931274693731	1-angeloyloxy-9-alphahydroxy-eudesma-4,11(13)-dien-6alpha,12-olide	-1.6835133492610952	-2.254660141059235	-1.112366557462955	-2.8671320130309628	-0.4998946854912278	within	no listed structural alert	enone or ester; within energy range; no listed structural alert	14	weak calibration; fragment-group Q2 = 0.287; ranked hypothesis only	within calibration range	no listed structural alert	ranked hypothesis (in applicability domain)	ring severed by truncation
Mol_06276	Mol_06276:atom14	ester	ranked hypothesis (in applicability domain)	C=C1C(=O)O[C@H]2C1C[C@@H](OC(=O)/C(C)=C\C)C1(C)[C@@H]2[C@]2(C)O[C@@H]2C[C@@H]1O	14;12;10;11	8;9;10;11;12;13;14;15	CO[C:1003](/[C:1002](C)=[CH:1001]\C)=[O:1004]	C/C=C(/C)C(=O)OC	COC([O-])=C(C)C(C)SC	2f2cf585931c3a41315c	45b330041a48775c0812	63873bf3cc344f2bc202	ok	-12.87931274693731	3alpha,4alpha-epoxy-1alpha-hydroxy-9alpha-angeloyloxy-alpha-cyclocostunolide	-1.6835133492610952	-2.254660141059235	-1.112366557462955	-2.8671320130309628	-0.4998946854912278	within	no listed structural alert	enone or ester; within energy range; no listed structural alert	14	weak calibration; fragment-group Q2 = 0.287; ranked hypothesis only	within calibration range	no listed structural alert	ranked hypothesis (in applicability domain)	ring severed by truncation
Mol_06294	Mol_06294:atom7	enone	internally cross-validated candidate (in applicability domain)	C=C1C(=O)O[C@@H]2[C@H]3C(C)=CC(=O)C3=C(C)C[C@H](O[C@@H]3O[C@H](CO)[C@@H](O)[C@H](O)[C@H]3O)[C@@H]12	7;9;10;11	5;6;7;8;9;10;11;12;13	C=C1[C@@H](C)[C:1001](C)=[CH:1002][C:1003]1=[O:1004]	C=C1C(=O)C=C(C)[C@@H]1C	C=C1C([O-])=CC(C)(SC)[C@@H]1C	afd7f513249848fca22e	c92a670ffbafcec1f28f	63873bf3cc344f2bc202	ok	-12.481936648863266	15-desoxylactucin-alpha-D-glucopyranoside	0.5240066782290134	0.1458444778988468	0.90216887855918	-0.8094620454156221	1.8574754018736488	within	no listed structural alert	enone or ester; within energy range; no listed structural alert	93	cross-validated calibration; fragment-group Q2 = 0.750	within calibration range	no listed structural alert	internally cross-validated candidate (in applicability domain)	ring severed by truncation
Mol_06323	Mol_06323:atom1	ester	ranked hypothesis (in applicability domain)	C/C=C(\C)C(=O)O[C@H]1C(=O)C(CO)=C[C@H](O)[C@@H]1C(C)C	1;2;4;5	0;1;2;3;4;5;6;7	CO[C:1003](/[C:1002](C)=[CH:1001]/C)=[O:1004]	C/C=C(\C)C(=O)OC	COC([O-])=C(C)C(C)SC	2d67f2c0c8fbe9e3fd3e	45b330041a48775c0812	63873bf3cc344f2bc202	ok	-11.93330027436887	5alpha,7-dihydroxycarvotacetone	-2.056981866747176	-2.725064905864692	-1.3888988276296597	-3.290302356563004	-0.8236613769313474	within	no listed structural alert	enone or ester; within energy range; no listed structural alert	21	weak calibration; fragment-group Q2 = 0.287; ranked hypothesis only	within calibration range	no listed structural alert	ranked hypothesis (in applicability domain)	ring severed by truncation
Mol_06324	Mol_06324:atom1	ester	ranked hypothesis (in applicability domain)	C/C=C(\C)C(=O)O[C@H]1C=C(CO)C(=O)[C@H](OC(C)=O)[C@H]1C(C)C	1;2;4;5	0;1;2;3;4;5;6;7	CO[C:1003](/[C:1002](C)=[CH:1001]/C)=[O:1004]	C/C=C(\C)C(=O)OC	COC([O-])=C(C)C(C)SC	2d67f2c0c8fbe9e3fd3e	45b330041a48775c0812	63873bf3cc344f2bc202	ok	-11.93330027436887	5alpha-acetoxy-3beta-tigloyloxy-7-hydroxycarvotacetone	-2.056981866747176	-2.725064905864692	-1.3888988276296597	-3.290302356563004	-0.8236613769313474	within	no listed structural alert	enone or ester; within energy range; no listed structural alert	21	weak calibration; fragment-group Q2 = 0.287; ranked hypothesis only	within calibration range	no listed structural alert	ranked hypothesis (in applicability domain)	ring severed by truncation
Mol_06325	Mol_06325:atom0	ester	ranked hypothesis (in applicability domain)	C=C(CCO)C(=O)O[C@H]1C=C(CO)C(=O)[C@H](OC(C)=O)[C@H]1C(C)C	0;1;5;6	0;1;2;3;5;6;7;8	CC[C:1002](=[CH2:1001])[C:1003](OC)=[O:1004]	C=C(CC)C(=O)OC	CCC(CSC)=C([O-])OC	14e9bfcf809ddd001f57	b07ac12d43d3889e6b96	63873bf3cc344f2bc202	ok	-16.712595286224687	3beta-acetoxy-5alpha-(2alpha-hydroxyethyl)acryloyloxy-7- hydroxycarvotacetone	-0.1702031249613167	-0.516315793247321	0.1759095433246875	-1.2631525577307912	0.9227463078081576	within	no listed structural alert	enone or ester; within energy range; no listed structural alert	66	weak calibration; fragment-group Q2 = 0.287; ranked hypothesis only	within calibration range	no listed structural alert	ranked hypothesis (in applicability domain)	ring severed by truncation
Mol_06326	Mol_06326:atom1	ester	ranked hypothesis (in applicability domain)	C/C=C(\C)C(=O)O[C@H]1C=C(CO)[C@H](OC(=O)/C(C)=C/C)[C@H](OC(C)=O)[C@H]1C(C)C	1;2;4;5	0;1;2;3;4;5;6;7	CO[C:1003](/[C:1002](C)=[CH:1001]/C)=[O:1004]	C/C=C(\C)C(=O)OC	COC([O-])=C(C)C(C)SC	2d67f2c0c8fbe9e3fd3e	45b330041a48775c0812	63873bf3cc344f2bc202	ok	-11.93330027436887	3beta,6alpha-ditigloyloxy-5alpha,7-dihydroxy-8,9-dihydrolimonene	-2.056981866747176	-2.725064905864692	-1.3888988276296597	-3.290302356563004	-0.8236613769313474	within	no listed structural alert	enone or ester; within energy range; no listed structural alert	21	weak calibration; fragment-group Q2 = 0.287; ranked hypothesis only	within calibration range	no listed structural alert	ranked hypothesis (in applicability domain)	ring severed by truncation
Mol_06326	Mol_06326:atom18	ester	ranked hypothesis (in applicability domain)	C/C=C(\C)C(=O)O[C@H]1C=C(CO)[C@H](OC(=O)/C(C)=C/C)[C@H](OC(C)=O)[C@H]1C(C)C	18;16;14;15	12;13;14;15;16;17;18;19	CO[C:1003](/[C:1002](C)=[CH:1001]/C)=[O:1004]	C/C=C(\C)C(=O)OC	COC([O-])=C(C)C(C)SC	2d67f2c0c8fbe9e3fd3e	45b330041a48775c0812	63873bf3cc344f2bc202	ok	-11.93330027436887	3beta,6alpha-ditigloyloxy-5alpha,7-dihydroxy-8,9-dihydrolimonene	-2.056981866747176	-2.725064905864692	-1.3888988276296597	-3.290302356563004	-0.8236613769313474	within	no listed structural alert	enone or ester; within energy range; no listed structural alert	21	weak calibration; fragment-group Q2 = 0.287; ranked hypothesis only	within calibration range	no listed structural alert	ranked hypothesis (in applicability domain)	ring severed by truncation
Mol_06353	Mol_06353:atom22	ester	ranked hypothesis (in applicability domain)	C=C1C(=O)O[C@@H]2/C=C(/C)C3=CC(=O)[C@@](C)(C[C@H](OC(=O)/C(C)=C\C)[C@@H]12)O3	22;20;18;19	16;17;18;19;20;21;22;23	CO[C:1003](/[C:1002](C)=[CH:1001]\C)=[O:1004]	C/C=C(/C)C(=O)OC	COC([O-])=C(C)C(C)SC	2f2cf585931c3a41315c	45b330041a48775c0812	63873bf3cc344f2bc202	ok	-12.87931274693731	(-)-lychnopholide	-1.6835133492610952	-2.254660141059235	-1.112366557462955	-2.8671320130309628	-0.4998946854912278	within	no listed structural alert	enone or ester; within energy range; no listed structural alert	14	weak calibration; fragment-group Q2 = 0.287; ranked hypothesis only	within calibration range	no listed structural alert	ranked hypothesis (in applicability domain)	ring severed by truncation
Mol_06712	Mol_06712:atom7	enone	internally cross-validated candidate (in applicability domain)	C=C1C(=O)O[C@H](C2=C(C)[C@@H](OC)CC2=O)[C@H]1CCC(C)=O	7;6;13;14	4;5;6;7;8;9;10;12;13;14;15	C[C@H](O)[C:1002]1=[C:1001](C)[C@@H](O)C[C:1003]1=[O:1004]	CC1=C([C@H](C)O)C(=O)C[C@@H]1O	CSC1(C)C([C@H](C)O)=C([O-])C[C@@H]1O	366ae03526ce732f5ee5	c8eac1e4085473b24f78	63873bf3cc344f2bc202	ok	-14.860543091564988	iso-seco-tanapartholide-3-O-methyl ether	1.5506256629216324	1.1861971351207203	1.9150541907225445	0.2209864866579964	2.8802648391852683	within	no listed structural alert	enone or ester; within energy range; no listed structural alert	381	cross-validated calibration; fragment-group Q2 = 0.750	within calibration range	no listed structural alert	internally cross-validated candidate (in applicability domain)	ring severed by truncation
Mol_06719	Mol_06719:atom0	ester	ranked hypothesis (in applicability domain)	C=C(C(=O)OC)[C@H]1CC[C@@]2(C)CC[C@@H](O)[C@@]2(C(C)=O)C1	0;1;2;3	0;1;2;3;4;5;6;7;19	CO[C:1003]([C:1002](C(C)C)=[CH2:1001])=[O:1004]	C=C(C(=O)OC)C(C)C	COC([O-])=C(CSC)C(C)C	1ed839339efbe7987294	42a2ab3233c3bee8c2c2	63873bf3cc344f2bc202	ok	-16.991922386392556	3alpha-hydroxyisoiphion-11(13)-en-4-one	-0.0599298663961835	-0.4096888782228589	0.2898291454304917	-1.1540394814700257	1.0341797486776585	within	no listed structural alert	enone or ester; within energy range; no listed structural alert	35	weak calibration; fragment-group Q2 = 0.287; ranked hypothesis only	within calibration range	no listed structural alert	ranked hypothesis (in applicability domain)	ring severed by truncation
Mol_06720	Mol_06720:atom0	ester	ranked hypothesis (in applicability domain)	C=C(C(=O)OC)[C@@H]1CC[C@@]2(C)CCC[C@@](C)(O)[C@@H]2C1	0;1;2;3	0;1;2;3;4;5;6;7;18	CO[C:1003]([C:1002](C(C)C)=[CH2:1001])=[O:1004]	C=C(C(=O)OC)C(C)C	COC([O-])=C(CSC)C(C)C	1ed839339efbe7987294	42a2ab3233c3bee8c2c2	63873bf3cc344f2bc202	ok	-16.991922386392556	4alpha-hydroxy-4,15-dihydrocostic acid methyl ester	-0.0599298663961835	-0.4096888782228589	0.2898291454304917	-1.1540394814700257	1.0341797486776585	within	no listed structural alert	enone or ester; within energy range; no listed structural alert	35	weak calibration; fragment-group Q2 = 0.287; ranked hypothesis only	within calibration range	no listed structural alert	ranked hypothesis (in applicability domain)	ring severed by truncation
Mol_06784	Mol_06784:atom0	ester	ranked hypothesis (in applicability domain)	C=C(C(=O)O[C@H]1C=C2[C@@H]([C@@H]3OC(=O)C(=C)[C@@H]3CC[C@]2(C)O)[C@@]1(C)O)[C@@H]1CC[C@@]2(C)C=CC(=O)C(=C)[C@@H]2C1	0;1;2;3	0;1;2;3;4;5;24;25;36	CO[C:1003]([C:1002](C(C)C)=[CH2:1001])=[O:1004]	C=C(C(=O)OC)C(C)C	COC([O-])=C(CSC)C(C)C	1ed839339efbe7987294	42a2ab3233c3bee8c2c2	63873bf3cc344f2bc202	ok	-16.991922386392556	1,2-dihydro-3-oxo-costic acid guaianyl ester 3 beta-O- (1,2-didehydro-3-oxo-cost	-0.0599298663961835	-0.4096888782228589	0.2898291454304917	-1.1540394814700257	1.0341797486776585	within	no listed structural alert	enone or ester; within energy range; no listed structural alert	35	weak calibration; fragment-group Q2 = 0.287; ranked hypothesis only	within calibration range	no listed structural alert	ranked hypothesis (in applicability domain)	ring severed by truncation
Mol_06784	Mol_06784:atom34	enone	internally cross-validated candidate (in applicability domain)	C=C(C(=O)O[C@H]1C=C2[C@@H]([C@@H]3OC(=O)C(=C)[C@@H]3CC[C@]2(C)O)[C@@]1(C)O)[C@@H]1CC[C@@]2(C)C=CC(=O)C(=C)[C@@H]2C1	34;33;31;32	27;29;30;31;32;33;34;35;36	C[C@@H]1CC=C[C:1003](=[O:1004])[C:1002]1=[CH2:1001]	C=C1C(=O)C=CC[C@H]1C	CSCC1=C([O-])C=CC[C@H]1C	97f9a9e366db5fe7f53c	d7df28d1b373fa085652	63873bf3cc344f2bc202	ok	-16.631297179748902	1,2-dihydro-3-oxo-costic acid guaianyl ester 3 beta-O- (1,2-didehydro-3-oxo-cost	2.314892391337131	1.8319197308482869	2.797865051825976	0.9480000115355708	3.681784771138691	within	no listed structural alert	enone or ester; within energy range; no listed structural alert	101	cross-validated calibration; fragment-group Q2 = 0.750	within calibration range	no listed structural alert	internally cross-validated candidate (in applicability domain)	ring severed by truncation
Mol_06785	Mol_06785:atom0	ester	ranked hypothesis (in applicability domain)	C=C(C(=O)O[C@H]1C=C2[C@@H]([C@H]3OC(=O)C(=C)[C@@H]3CC[C@]2(C)O)[C@@]1(C)O)[C@@H]1CC[C@@]2(C)C=CC(=O)C(=C)[C@@H]2C1	0;1;2;3	0;1;2;3;4;5;24;25;36	CO[C:1003]([C:1002](C(C)C)=[CH2:1001])=[O:1004]	C=C(C(=O)OC)C(C)C	COC([O-])=C(CSC)C(C)C	1ed839339efbe7987294	42a2ab3233c3bee8c2c2	63873bf3cc344f2bc202	ok	-16.991922386392556	3beta-O-(1,2-didehydro-3-oxo-costoyloxy)- 4beta,10beta-dihydroxy-guaia-1(2)-en-6	-0.0599298663961835	-0.4096888782228589	0.2898291454304917	-1.1540394814700257	1.0341797486776585	within	no listed structural alert	enone or ester; within energy range; no listed structural alert	35	weak calibration; fragment-group Q2 = 0.287; ranked hypothesis only	within calibration range	no listed structural alert	ranked hypothesis (in applicability domain)	ring severed by truncation
Mol_06785	Mol_06785:atom34	enone	internally cross-validated candidate (in applicability domain)	C=C(C(=O)O[C@H]1C=C2[C@@H]([C@H]3OC(=O)C(=C)[C@@H]3CC[C@]2(C)O)[C@@]1(C)O)[C@@H]1CC[C@@]2(C)C=CC(=O)C(=C)[C@@H]2C1	34;33;31;32	27;29;30;31;32;33;34;35;36	C[C@@H]1CC=C[C:1003](=[O:1004])[C:1002]1=[CH2:1001]	C=C1C(=O)C=CC[C@H]1C	CSCC1=C([O-])C=CC[C@H]1C	97f9a9e366db5fe7f53c	d7df28d1b373fa085652	63873bf3cc344f2bc202	ok	-16.631297179748902	3beta-O-(1,2-didehydro-3-oxo-costoyloxy)- 4beta,10beta-dihydroxy-guaia-1(2)-en-6	2.314892391337131	1.8319197308482869	2.797865051825976	0.9480000115355708	3.681784771138691	within	no listed structural alert	enone or ester; within energy range; no listed structural alert	101	cross-validated calibration; fragment-group Q2 = 0.750	within calibration range	no listed structural alert	internally cross-validated candidate (in applicability domain)	ring severed by truncation
Mol_06788	Mol_06788:atom30	ester	ranked hypothesis (in applicability domain)	C=C1C(=O)O[C@@H]2[C@H]1[C@@H](OC(=O)C(C)C)[C@@H]1[C@](C)([C@H](O)CC[C@@]1(C)O)[C@@H]2OC(=O)/C(C)=C/C	30;28;26;27	24;25;26;27;28;29;30;31	CO[C:1003](/[C:1002](C)=[CH:1001]/C)=[O:1004]	C/C=C(\C)C(=O)OC	COC([O-])=C(C)C(C)SC	2d67f2c0c8fbe9e3fd3e	45b330041a48775c0812	63873bf3cc344f2bc202	ok	-11.93330027436887	6beta-isobutoyloxy-1beta,4alpha-dihydroxy-9-alpha-tigloyloxyeudesm-11(13)-en-5al	-2.056981866747176	-2.725064905864692	-1.3888988276296597	-3.290302356563004	-0.8236613769313474	within	no listed structural alert	enone or ester; within energy range; no listed structural alert	21	weak calibration; fragment-group Q2 = 0.287; ranked hypothesis only	within calibration range	no listed structural alert	ranked hypothesis (in applicability domain)	ring severed by truncation
Mol_06789	Mol_06789:atom30	ester	ranked hypothesis (in applicability domain)	C=C1C(=O)O[C@@H]2[C@H]1[C@@H](OC(=O)C(C)C)[C@@H]1[C@](C)([C@H](O)CC[C@@]1(C)O)[C@@H]2OC(=O)/C(C)=C\C	30;28;26;27	24;25;26;27;28;29;30;31	CO[C:1003](/[C:1002](C)=[CH:1001]\C)=[O:1004]	C/C=C(/C)C(=O)OC	COC([O-])=C(C)C(C)SC	2f2cf585931c3a41315c	45b330041a48775c0812	63873bf3cc344f2bc202	ok	-12.87931274693731	9-alpha-angeloyloxy-6beta-isobutoyloxy-1beta,4alpha-dihydroxy-eudesm-11(13)-en-5	-1.6835133492610952	-2.254660141059235	-1.112366557462955	-2.8671320130309628	-0.4998946854912278	within	no listed structural alert	enone or ester; within energy range; no listed structural alert	14	weak calibration; fragment-group Q2 = 0.287; ranked hypothesis only	within calibration range	no listed structural alert	ranked hypothesis (in applicability domain)	ring severed by truncation
Mol_06803	Mol_06803:atom19	enone	internally cross-validated candidate (in applicability domain)	C=C1C(=O)O[C@H]2C[C@H](C)C(C(=O)CC(C)OC(C)=O)=CC[C@H]12	19;9;10;11	6;7;8;9;10;11;12;13;19;20;21	CC[CH:1001]=[C:1002](C(C)C)[C:1003](CC)=[O:1004]	CCC=C(C(=O)CC)C(C)C	CCC([O-])=C(C(C)C)C(CC)SC	0734248a528ee8c145c9	bbd73e9aac5a81b19867	63873bf3cc344f2bc202	ok	-11.257363636712638	1alpha,5alpha-epoxy-1,5-dihydroxanthatin	-0.0045254403454713	-0.4661983575021369	0.4571474768111943	-1.3640378785437564	1.3549869978528135	within	no listed structural alert	enone or ester; within energy range; no listed structural alert	534	cross-validated calibration; fragment-group Q2 = 0.750	within calibration range	no listed structural alert	internally cross-validated candidate (in applicability domain)	ring severed by truncation
Mol_06804	Mol_06804:atom10	enone	internally cross-validated candidate (in applicability domain)	C=C1C(=O)O[C@H]2C[C@H](C)[C@]3(/C=C/C(C)=O)O[C@@H]3C[C@H]12	10;11;12;14	7;9;10;11;12;13;14;15;16	C[C@@]1(/[CH:1001]=[CH:1002]/[C:1003](C)=[O:1004])CO1	CC(=O)/C=C/[C@]1(C)CO1	CSC(C=C(C)[O-])[C@]1(C)CO1	d854ec8bc6c7160c45b2	0a3c467d7de3b3270f32	63873bf3cc344f2bc202	ok	-16.529043786343607	1beta,5beta-epoxy-1,5-dihydroxanthatin	2.270759291790036	1.7964672697163349	2.7450513138637365	0.9069099198348114	3.63460866374526	within	no listed structural alert	enone or ester; within energy range; no listed structural alert	192	cross-validated calibration; fragment-group Q2 = 0.750	within calibration range	no listed structural alert	internally cross-validated candidate (in applicability domain)	ring severed by truncation
Mol_06817	Mol_06817:atom10	enone	internally cross-validated candidate (in applicability domain)	C=C1C(=O)O[C@@H]2C[C@H](C)C(/C=C/C(C)=O)=CC[C@H]12	10;11;12;14	7;9;10;11;12;13;14;15	C=C(C)/[CH:1001]=[CH:1002]/[C:1003](C)=[O:1004]	C=C(C)/C=C/C(C)=O	C=C(C)C(C=C(C)[O-])SC	940e92ef98801d326c17	c3a21762d271085551fd	63873bf3cc344f2bc202	ok	-9.310014905108078	8-epixanthatin	-0.8450113407416602	-1.4896078731005438	-0.2004148083827764	-2.277015836792213	0.5869931553088925	within	no listed structural alert	enone or ester; within energy range; no listed structural alert	47	cross-validated calibration; fragment-group Q2 = 0.750	within calibration range	no listed structural alert	internally cross-validated candidate (in applicability domain)	ring severed by truncation
Mol_06819	Mol_06819:atom11	enone	internally cross-validated candidate (in applicability domain)	C=C1C(=O)OC2CC(C)C3(O)C=C(C(C)=O)C4(OC3CC12)C(=O)OC1CC(C)C(/C=C/C(C)=O)=CCC14	11;12;13;15	7;9;10;11;12;13;14;15;16;17;18;21;36	CC1(O)COC(C)(C)[C:1002]([C:1003](C)=[O:1004])=[CH:1001]1	CC(=O)C1=CC(C)(O)COC1(C)C	CSC1C(=C(C)[O-])C(C)(C)OCC1(C)O	fb594139b929b45ea261	17d745568f68989aa7f3	63873bf3cc344f2bc202	ok	-15.24995598239181	pungiolide A	1.7186983038721737	1.3353064391830871	2.10209016856126	0.383737065075453	3.053659542668894	within	no listed structural alert	enone or ester; within energy range; no listed structural alert	207	cross-validated calibration; fragment-group Q2 = 0.750	within calibration range	no listed structural alert	internally cross-validated candidate (in applicability domain)	ring severed by truncation
Mol_06819	Mol_06819:atom29	enone	internally cross-validated candidate (in applicability domain)	C=C1C(=O)OC2CC(C)C3(O)C=C(C(C)=O)C4(OC3CC12)C(=O)OC1CC(C)C(/C=C/C(C)=O)=CCC14	29;30;31;33	26;28;29;30;31;32;33;34	C=C(C)/[CH:1001]=[CH:1002]/[C:1003](C)=[O:1004]	C=C(C)/C=C/C(C)=O	C=C(C)C(C=C(C)[O-])SC	940e92ef98801d326c17	c3a21762d271085551fd	63873bf3cc344f2bc202	ok	-9.310014905108078	pungiolide A	-0.8450113407416602	-1.4896078731005438	-0.2004148083827764	-2.277015836792213	0.5869931553088925	within	no listed structural alert	enone or ester; within energy range; no listed structural alert	47	cross-validated calibration; fragment-group Q2 = 0.750	within calibration range	no listed structural alert	internally cross-validated candidate (in applicability domain)	ring severed by truncation
Mol_06820	Mol_06820:atom11	enone	internally cross-validated candidate (in applicability domain)	C=C1C(=O)OC2CC(C)C3(O)C=C(C(C)=O)C4(OC3CC12)C(=O)OC1CC(C)C2(/C=C/C(C)=O)OC2CC14	11;12;13;15	7;9;10;11;12;13;14;15;16;17;18;21;37	CC1(O)COC(C)(C)[C:1002]([C:1003](C)=[O:1004])=[CH:1001]1	CC(=O)C1=CC(C)(O)COC1(C)C	CSC1C(=C(C)[O-])C(C)(C)OCC1(C)O	fb594139b929b45ea261	17d745568f68989aa7f3	63873bf3cc344f2bc202	ok	-15.24995598239181	pungiolide B	1.7186983038721737	1.3353064391830871	2.10209016856126	0.383737065075453	3.053659542668894	within	no listed structural alert	enone or ester; within energy range; no listed structural alert	207	cross-validated calibration; fragment-group Q2 = 0.750	within calibration range	no listed structural alert	internally cross-validated candidate (in applicability domain)	ring severed by truncation
Mol_06820	Mol_06820:atom29	enone	internally cross-validated candidate (in applicability domain)	C=C1C(=O)OC2CC(C)C3(O)C=C(C(C)=O)C4(OC3CC12)C(=O)OC1CC(C)C2(/C=C/C(C)=O)OC2CC14	29;30;31;33	26;28;29;30;31;32;33;34;35	CC1(/[CH:1001]=[CH:1002]/[C:1003](C)=[O:1004])CO1	CC(=O)/C=C/C1(C)CO1	CSC(C=C(C)[O-])C1(C)CO1	ed21daa693b24b5fa6ad	ebe1e1a607bf7732328c	63873bf3cc344f2bc202	ok	-16.85136449282453	pungiolide B	2.4098745949744504	1.9076898311531296	2.912059358795771	1.0360763113118976	3.7836728786370033	within	no listed structural alert	enone or ester; within energy range; no listed structural alert	191	cross-validated calibration; fragment-group Q2 = 0.750	within calibration range	no listed structural alert	internally cross-validated candidate (in applicability domain)	ring severed by truncation
Mol_06826	Mol_06826:atom4	enone	internally cross-validated candidate (in applicability domain)	CC(=O)/C=C/[C@@]12O[C@@H]1C[C@@H]1[C@H](C)C(=O)O[C@@H]1C[C@@H]2C	4;3;1;2	0;1;2;3;4;5;6;7;17	C[C@@]1(/[CH:1001]=[CH:1002]/[C:1003](C)=[O:1004])CO1	CC(=O)/C=C/[C@]1(C)CO1	CSC(C=C(C)[O-])[C@]1(C)CO1	d854ec8bc6c7160c45b2	0a3c467d7de3b3270f32	63873bf3cc344f2bc202	ok	-16.529043786343607	1beta,5beta-epoxy-11alpha,13-dihydrotomentosin	2.270759291790036	1.7964672697163349	2.7450513138637365	0.9069099198348114	3.63460866374526	within	no listed structural alert	enone or ester; within energy range; no listed structural alert	192	cross-validated calibration; fragment-group Q2 = 0.750	within calibration range	no listed structural alert	internally cross-validated candidate (in applicability domain)	ring severed by truncation
Mol_06897	Mol_06897:atom5	ester	ranked hypothesis (in applicability domain)	COC(=O)/C=C/CC/C=C(\C)CC(C)[C@H](O)C(C)(C)O	5;4;2;3	0;1;2;3;4;5;6;7	CC/[CH:1001]=[CH:1002]/[C:1003](OC)=[O:1004]	CC/C=C/C(=O)OC	CCC(C=C([O-])OC)SC	2e12182d543c279e9b6f	5b50bbe4e40b156e2044	63873bf3cc344f2bc202	ok	-15.244595529546652	(S)-MTPA-ester or methyl (2E,6E,10R )-10,11-dihydroxy-7,9,11- trimethyl-2,6-dode	-0.7497427279730609	-1.131462593411169	-0.3680228625349527	-1.854484570718752	0.3549991147726303	within	no listed structural alert	enone or ester; within energy range; no listed structural alert	294	weak calibration; fragment-group Q2 = 0.287; ranked hypothesis only	within calibration range	no listed structural alert	ranked hypothesis (in applicability domain)	none
Mol_06898	Mol_06898:atom5	ester	ranked hypothesis (in applicability domain)	COC(=O)/C=C/CC/C=C(\C)CC(C)[C@@H](O)C(C)(C)O	5;4;2;3	0;1;2;3;4;5;6;7	CC/[CH:1001]=[CH:1002]/[C:1003](OC)=[O:1004]	CC/C=C/C(=O)OC	CCC(C=C([O-])OC)SC	2e12182d543c279e9b6f	5b50bbe4e40b156e2044	63873bf3cc344f2bc202	ok	-15.244595529546652	(R)-MTPA-ester or methyl (2E,6E,10R )-10,11-dihydroxy-7,9,11- trimethyl-2,6-dode	-0.7497427279730609	-1.131462593411169	-0.3680228625349527	-1.854484570718752	0.3549991147726303	within	no listed structural alert	enone or ester; within energy range; no listed structural alert	294	weak calibration; fragment-group Q2 = 0.287; ranked hypothesis only	within calibration range	no listed structural alert	ranked hypothesis (in applicability domain)	none
Mol_07311	Mol_07311:atom1	ester	ranked hypothesis (in applicability domain)	C/C=C(\C)C(=O)O[C@@H]1C(c2c(O)cc(O)c3c(=O)cc(CC(C)=O)oc23)O[C@@H](CO)[C@H](O)[C@H]1O	1;2;4;5	0;1;2;3;4;5;6;7	CO[C:1003](/[C:1002](C)=[CH:1001]/C)=[O:1004]	C/C=C(\C)C(=O)OC	COC([O-])=C(C)C(C)SC	2d67f2c0c8fbe9e3fd3e	45b330041a48775c0812	63873bf3cc344f2bc202	ok	-11.93330027436887	2'-O-tigloylaloesin	-2.056981866747176	-2.725064905864692	-1.3888988276296597	-3.290302356563004	-0.8236613769313474	within	no listed structural alert	enone or ester; within energy range; no listed structural alert	21	weak calibration; fragment-group Q2 = 0.287; ranked hypothesis only	within calibration range	no listed structural alert	ranked hypothesis (in applicability domain)	ring severed by truncation
Mol_07389	Mol_07389:atom1	enone	internally cross-validated candidate (in applicability domain)	C/C=C/C(=O)CCCCC	1;2;3;4	0;1;2;3;4;5;6	CC[C:1003](/[CH:1002]=[CH:1001]/C)=[O:1004]	C/C=C/C(=O)CC	CCC([O-])=CC(C)SC	34cf7384465fa39a2e82	cbd554d6d17827bc7eb7	63873bf3cc344f2bc202	ok	-12.811674665726844	2-nonen-4-one	0.6663233313793109	0.3034760406140824	1.0291706221445394	-0.6628833280967716	1.9955299908553927	within	no listed structural alert	enone or ester; within energy range; no listed structural alert	25	cross-validated calibration; fragment-group Q2 = 0.750	within calibration range	no listed structural alert	internally cross-validated candidate (in applicability domain)	none
Mol_07428	Mol_07428:atom1	enone	internally cross-validated candidate (in applicability domain)	C/C=C/C(=O)CCCC	1;2;3;4	0;1;2;3;4;5;6	CC[C:1003](/[CH:1002]=[CH:1001]/C)=[O:1004]	C/C=C/C(=O)CC	CCC([O-])=CC(C)SC	34cf7384465fa39a2e82	cbd554d6d17827bc7eb7	63873bf3cc344f2bc202	ok	-12.811674665726844	2-octen-4-one	0.6663233313793109	0.3034760406140824	1.0291706221445394	-0.6628833280967716	1.9955299908553927	within	no listed structural alert	enone or ester; within energy range; no listed structural alert	25	cross-validated calibration; fragment-group Q2 = 0.750	within calibration range	no listed structural alert	internally cross-validated candidate (in applicability domain)	none
Mol_07596	Mol_07596:atom1	ester	ranked hypothesis (in applicability domain)	C/C=C(\C)C(=O)O[C@H]1C[C@@H](OC(C)=O)[C@@]2(C(=O)OC)CO[C@@H]3C2C12CO[C@](O)(C(=O)OC)[C@H]2[C@](C)(C12O[C@@]1(C)[C@H]1C[C@@H]2OC2OC=C[C@@]21O)[C@@H]3O	1;2;4;5	0;1;2;3;4;5;6;7	CO[C:1003](/[C:1002](C)=[CH:1001]/C)=[O:1004]	C/C=C(\C)C(=O)OC	COC([O-])=C(C)C(C)SC	2d67f2c0c8fbe9e3fd3e	45b330041a48775c0812	63873bf3cc344f2bc202	ok	-11.93330027436887	azadirachtin	-2.056981866747176	-2.725064905864692	-1.3888988276296597	-3.290302356563004	-0.8236613769313474	within	no listed structural alert	enone or ester; within energy range; no listed structural alert	21	weak calibration; fragment-group Q2 = 0.287; ranked hypothesis only	within calibration range	no listed structural alert	ranked hypothesis (in applicability domain)	ring severed by truncation
Mol_07665	Mol_07665:atom4	enone	internally cross-validated candidate (in applicability domain)	CC(=O)/C=C/C1C(C)=CCCC1(C)C	4;3;1;2	0;1;2;3;4;5;6;11	CC(C)/[CH:1001]=[CH:1002]/[C:1003](C)=[O:1004]	CC(=O)/C=C/C(C)C	CSC(C=C(C)[O-])C(C)C	eb248bd0056afe651969	d22018e44751d333f2e1	63873bf3cc344f2bc202	ok	-14.80319523556314	alpha-ionone	1.5258740282476575	1.1638015406579094	1.8879465158374056	0.1968786657842181	2.854869390711097	within	no listed structural alert	enone or ester; within energy range; no listed structural alert	190	cross-validated calibration; fragment-group Q2 = 0.750	within calibration range	no listed structural alert	internally cross-validated candidate (in applicability domain)	ring severed by truncation
Mol_07760	Mol_07760:atom1	ester	ranked hypothesis (in applicability domain)	C/C=C(\C)C(=O)O[C@@H]1C(=O)C(CO)=C[C@@H](OC(C)=O)C1C(C)C	1;2;4;5	0;1;2;3;4;5;6;7	CO[C:1003](/[C:1002](C)=[CH:1001]/C)=[O:1004]	C/C=C(\C)C(=O)OC	COC([O-])=C(C)C(C)SC	2d67f2c0c8fbe9e3fd3e	45b330041a48775c0812	63873bf3cc344f2bc202	ok	-11.93330027436887	3-acetoxy-7-hydroxy-5-tigloyloxycarvotacetone	-2.056981866747176	-2.725064905864692	-1.3888988276296597	-3.290302356563004	-0.8236613769313474	within	no listed structural alert	enone or ester; within energy range; no listed structural alert	21	weak calibration; fragment-group Q2 = 0.287; ranked hypothesis only	within calibration range	no listed structural alert	ranked hypothesis (in applicability domain)	ring severed by truncation
Mol_07761	Mol_07761:atom1	ester	ranked hypothesis (in applicability domain)	C/C=C(\C)C(=O)O[C@@H]1C(=O)C(CO)=C[C@@H](O)C1C(C)C	1;2;4;5	0;1;2;3;4;5;6;7	CO[C:1003](/[C:1002](C)=[CH:1001]/C)=[O:1004]	C/C=C(\C)C(=O)OC	COC([O-])=C(C)C(C)SC	2d67f2c0c8fbe9e3fd3e	45b330041a48775c0812	63873bf3cc344f2bc202	ok	-11.93330027436887	3,7-dihydroxy-5-tigloyloxycarvotacetone	-2.056981866747176	-2.725064905864692	-1.3888988276296597	-3.290302356563004	-0.8236613769313474	within	no listed structural alert	enone or ester; within energy range; no listed structural alert	21	weak calibration; fragment-group Q2 = 0.287; ranked hypothesis only	within calibration range	no listed structural alert	ranked hypothesis (in applicability domain)	ring severed by truncation
Mol_07807	Mol_07807:atom1	ester	ranked hypothesis (in applicability domain)	C/C=C(\C)C(=O)O[C@@H]1CCN2CC[C@H](CO)C12	1;2;4;5	0;1;2;3;4;5;6;7	CO[C:1003](/[C:1002](C)=[CH:1001]/C)=[O:1004]	C/C=C(\C)C(=O)OC	COC([O-])=C(C)C(C)SC	2d67f2c0c8fbe9e3fd3e	45b330041a48775c0812	63873bf3cc344f2bc202	ok	-11.93330027436887	7-O-tigloylplatynecine	-2.056981866747176	-2.725064905864692	-1.3888988276296597	-3.290302356563004	-0.8236613769313474	within	no listed structural alert	enone or ester; within energy range; no listed structural alert	21	weak calibration; fragment-group Q2 = 0.287; ranked hypothesis only	within calibration range	no listed structural alert	ranked hypothesis (in applicability domain)	ring severed by truncation
Mol_07875	Mol_07875:atom1	ester	ranked hypothesis (in applicability domain)	C/C=C(/C)C(=O)O[C@@H]1CC[C@]2(C)CC(=O)C(=C(C)C)C[C@@]2(C)[C@]1(C)OC(C)=O	1;2;4;5	0;1;2;3;4;5;6;7	CO[C:1003](/[C:1002](C)=[CH:1001]\C)=[O:1004]	C/C=C(/C)C(=O)OC	COC([O-])=C(C)C(C)SC	2f2cf585931c3a41315c	45b330041a48775c0812	63873bf3cc344f2bc202	ok	-12.87931274693731	4-O-acetylcuauthemone-3-O-angelate	-1.6835133492610952	-2.254660141059235	-1.112366557462955	-2.8671320130309628	-0.4998946854912278	within	no listed structural alert	enone or ester; within energy range; no listed structural alert	14	weak calibration; fragment-group Q2 = 0.287; ranked hypothesis only	within calibration range	no listed structural alert	ranked hypothesis (in applicability domain)	ring severed by truncation
Mol_07882	Mol_07882:atom0	ester	ranked hypothesis (in applicability domain)	C=C(C)C(=O)O[C@H]1C[C@@]23O[C@@H]2CC/C(=C/[C@H]2OC(=O)C(=C)[C@H]12)CO[C@H]3O	0;1;3;4	0;1;2;3;4;5;6	CO[C:1003]([C:1002](C)=[CH2:1001])=[O:1004]	C=C(C)C(=O)OC	COC([O-])=C(C)CSC	a6a3a54dd9b87a8a365d	5f7f4f5f44997e3bb932	63873bf3cc344f2bc202	ok	-15.736774568104638	vernolide	-0.5554393956196098	-0.9155391170162018	-0.1953396742230176	-1.652898412072143	0.5420196208329235	within	no listed structural alert	enone or ester; within energy range; no listed structural alert	58	weak calibration; fragment-group Q2 = 0.287; ranked hypothesis only	within calibration range	no listed structural alert	ranked hypothesis (in applicability domain)	ring severed by truncation
Mol_07883	Mol_07883:atom14	ester	ranked hypothesis (in applicability domain)	C=C[C@@]12COC(=O)C(=C)[C@@H]1[C@@H](O)[C@H](C(=C)C(=O)OC)[C@@H](OC(=O)C(=C)CO)C2	14;13;15;16	10;12;13;14;15;16;17;18;19	CO[C:1003]([C:1002](C(C)C)=[CH2:1001])=[O:1004]	C=C(C(=O)OC)C(C)C	COC([O-])=C(CSC)C(C)C	1ed839339efbe7987294	42a2ab3233c3bee8c2c2	63873bf3cc344f2bc202	ok	-16.991922386392556	vernodalol	-0.0599298663961835	-0.4096888782228589	0.2898291454304917	-1.1540394814700257	1.0341797486776585	within	no listed structural alert	enone or ester; within energy range; no listed structural alert	35	weak calibration; fragment-group Q2 = 0.287; ranked hypothesis only	within calibration range	no listed structural alert	ranked hypothesis (in applicability domain)	ring severed by truncation
Mol_07884	Mol_07884:atom1	ester	ranked hypothesis (in applicability domain)	C/C=C(/C)C(=O)OC1CCC2(C)CC(=O)C(=C(C)C)CC2C1(C)OC(C)=O	1;2;4;5	0;1;2;3;4;5;6;7	CO[C:1003](/[C:1002](C)=[CH:1001]\C)=[O:1004]	C/C=C(/C)C(=O)OC	COC([O-])=C(C)C(C)SC	2f2cf585931c3a41315c	45b330041a48775c0812	63873bf3cc344f2bc202	ok	-12.87931274693731	4-O-acetylcuauthemone 3-O-angelate	-1.6835133492610952	-2.254660141059235	-1.112366557462955	-2.8671320130309628	-0.4998946854912278	within	no listed structural alert	enone or ester; within energy range; no listed structural alert	14	weak calibration; fragment-group Q2 = 0.287; ranked hypothesis only	within calibration range	no listed structural alert	ranked hypothesis (in applicability domain)	ring severed by truncation
Mol_07906	Mol_07906:atom0	ester	ranked hypothesis (in applicability domain)	C=C(C)C(=O)O[C@H]1C[C@@]2(C)O[C@@H]2[C@H]2O[C@H]2C(=C)[C@H](O)[C@H]2OC(=O)C(=C)[C@@H]21	0;1;3;4	0;1;2;3;4;5;6	CO[C:1003]([C:1002](C)=[CH2:1001])=[O:1004]	C=C(C)C(=O)OC	COC([O-])=C(C)CSC	a6a3a54dd9b87a8a365d	5f7f4f5f44997e3bb932	63873bf3cc344f2bc202	ok	-15.736774568104638	1beta,10alpha,2alpha,3alpha-bisepoxy-5beta-hydroxy-8alpha-methacryloyloxy-germac	-0.5554393956196098	-0.9155391170162018	-0.1953396742230176	-1.652898412072143	0.5420196208329235	within	no listed structural alert	enone or ester; within energy range; no listed structural alert	58	weak calibration; fragment-group Q2 = 0.287; ranked hypothesis only	within calibration range	no listed structural alert	ranked hypothesis (in applicability domain)	ring severed by truncation
Mol_07907	Mol_07907:atom13	ester	ranked hypothesis (in applicability domain)	C=C1C(=O)O[C@H]2[C@H]1[C@@H](OC(=O)/C(C)=C\C)C[C@@]1(C)O[C@@H]1[C@H]1O[C@H]1C(=C)[C@@H]2O	13;11;9;10	7;8;9;10;11;12;13;14	CO[C:1003](/[C:1002](C)=[CH:1001]\C)=[O:1004]	C/C=C(/C)C(=O)OC	COC([O-])=C(C)C(C)SC	2f2cf585931c3a41315c	45b330041a48775c0812	63873bf3cc344f2bc202	ok	-12.87931274693731	8alpha-angeloyloxy-1beta,10alpha,4alpha,5beta-bisepoxy-3beta-hydroxygermacr-11(1	-1.6835133492610952	-2.254660141059235	-1.112366557462955	-2.8671320130309628	-0.4998946854912278	within	no listed structural alert	enone or ester; within energy range; no listed structural alert	14	weak calibration; fragment-group Q2 = 0.287; ranked hypothesis only	within calibration range	no listed structural alert	ranked hypothesis (in applicability domain)	ring severed by truncation
Mol_07908	Mol_07908:atom24	ester	ranked hypothesis (in applicability domain)	C=C1C(=O)O[C@@H]2/C=C(\CO)C[C@H](O)[C@H]3O[C@]3(C)C[C@H](OC(=O)/C(C)=C\C)[C@@H]12	24;22;20;21	18;19;20;21;22;23;24;25	CO[C:1003](/[C:1002](C)=[CH:1001]\C)=[O:1004]	C/C=C(/C)C(=O)OC	COC([O-])=C(C)C(C)SC	2f2cf585931c3a41315c	45b330041a48775c0812	63873bf3cc344f2bc202	ok	-12.87931274693731	8alpha-angeloyloxy-1beta,10alpha-epoxy-2alpha,15-dihydroxygermacra-4Z,11(13)-die	-1.6835133492610952	-2.254660141059235	-1.112366557462955	-2.8671320130309628	-0.4998946854912278	within	no listed structural alert	enone or ester; within energy range; no listed structural alert	14	weak calibration; fragment-group Q2 = 0.287; ranked hypothesis only	within calibration range	no listed structural alert	ranked hypothesis (in applicability domain)	ring severed by truncation
Mol_07909	Mol_07909:atom1	ester	ranked hypothesis (in applicability domain)	C/C=C(/C)C(=O)O[C@H]1C[C@@]2(C)O[C@@H]2[C@@H](O)C/C(CO)=C/[C@H]2OC(=O)C(C)[C@H]12	1;2;4;5	0;1;2;3;4;5;6;7	CO[C:1003](/[C:1002](C)=[CH:1001]\C)=[O:1004]	C/C=C(/C)C(=O)OC	COC([O-])=C(C)C(C)SC	2f2cf585931c3a41315c	45b330041a48775c0812	63873bf3cc344f2bc202	ok	-12.87931274693731	8alpha-angeloyloxy-1beta,10alpha-epoxy-2alpha,15-dihydroxy-11betaH-germacr-4Z-en	-1.6835133492610952	-2.254660141059235	-1.112366557462955	-2.8671320130309628	-0.4998946854912278	within	no listed structural alert	enone or ester; within energy range; no listed structural alert	14	weak calibration; fragment-group Q2 = 0.287; ranked hypothesis only	within calibration range	no listed structural alert	ranked hypothesis (in applicability domain)	ring severed by truncation
Mol_07910	Mol_07910:atom24	ester	ranked hypothesis (in applicability domain)	C=C1C(=O)O[C@@H]2CC(C=O)C[C@H](O)[C@H]3O[C@]3(C)C[C@H](OC(=O)/C(C)=C\C)[C@@H]12	24;22;20;21	18;19;20;21;22;23;24;25	CO[C:1003](/[C:1002](C)=[CH:1001]\C)=[O:1004]	C/C=C(/C)C(=O)OC	COC([O-])=C(C)C(C)SC	2f2cf585931c3a41315c	45b330041a48775c0812	63873bf3cc344f2bc202	ok	-12.87931274693731	8alpha-angeloyloxy-1beta,10alpha-epoxy-2alpha-hydroxy-l5-oxo-germacr-11(13)-en-1	-1.6835133492610952	-2.254660141059235	-1.112366557462955	-2.8671320130309628	-0.4998946854912278	within	no listed structural alert	enone or ester; within energy range; no listed structural alert	14	weak calibration; fragment-group Q2 = 0.287; ranked hypothesis only	within calibration range	no listed structural alert	ranked hypothesis (in applicability domain)	ring severed by truncation
Mol_07975	Mol_07975:atom33	enone	internally cross-validated candidate (in applicability domain)	C=C(C)[C@]12C[C@@H](C)C34OC(CCCCCCC)(O[C@@H]1[C@@H]3[C@@H]1O[C@]1(CO)[C@@H](O)[C@]1(O)C(=O)C(C)=C[C@@H]41)O2	33;31;29;30	7;25;27;28;29;30;31;32;33;34	C[C@H]1[C@@](C)(O)[C:1003](=[O:1004])[C:1002](C)=[CH:1001]1	CC1=C[C@@H](C)[C@@](C)(O)C1=O	CSC1C(C)=C([O-])[C@](C)(O)[C@@H]1C	63dcc1daf7442126f055	02f4fa6a69ac38351420	63873bf3cc344f2bc202	ok	-16.705520264705136	mellerin B	2.346927463113013	1.8575533914028008	2.836301534823225	0.9777601361430284	3.716094790082997	within	no listed structural alert	enone or ester; within energy range; no listed structural alert	435	cross-validated calibration; fragment-group Q2 = 0.750	within calibration range	no listed structural alert	internally cross-validated candidate (in applicability domain)	alpha-prime heteroatom; ring severed by truncation
Mol_07999	Mol_07999:atom5	ester	ranked hypothesis (in applicability domain)	COC(=O)C1=CC(=O)C=C2[C@@]1(C(=O)OC)CC[C@@H](C)[C@]21C[C@@H](c2ccoc2)OC1=O	5;4;2;3	0;1;2;3;4;5;6;7;8;9;10;11;15	CO[C:1003]([C:1002]1=[CH:1001]C(=O)C=CC1(C)C)=[O:1004]	COC(=O)C1=CC(=O)C=CC1(C)C	COC([O-])=C1C(SC)C(=O)C=CC1(C)C	c38b1f52a480f9b1e172	68983f40a18a7b6bf61f	63873bf3cc344f2bc202	ok	-16.612878327007095	megalocarpoidolide D	-0.2095695667441646	-0.5552088821493442	0.136069748661015	-1.3023691914681208	0.8832300579797916	within	no listed structural alert	enone or ester; within energy range; no listed structural alert	570	weak calibration; fragment-group Q2 = 0.287; ranked hypothesis only	within calibration range	no listed structural alert	ranked hypothesis (in applicability domain)	ring severed by truncation
Mol_08014	Mol_08014:atom43	enone	internally cross-validated candidate (in applicability domain)	CCCCCCCCCC(=O)OCC1=C[C@H]2[C@@H]3C(C)(C)[C@]3(OC(C)=O)[C@H](OC(=O)CCCCCCCCC)[C@@H](C)[C@]2(O)[C@@H]2C=C(C)C(=O)[C@@H]2C1	43;44;46;47	40;42;43;44;45;46;47;48;49	C[C@@H]1[C@H](C)[CH:1001]=[C:1002](C)[C:1003]1=[O:1004]	CC1=C[C@@H](C)[C@@H](C)C1=O	CSC1C(C)=C([O-])[C@H](C)[C@@H]1C	bed5201af56cb2f84ccb	3f919977f0e51131296a	63873bf3cc344f2bc202	ok	-13.649692892024738	alienusolin	1.0280163820626598	0.6856614484091339	1.3703713157161856	-0.295743070321651	2.3517758344469706	within	no listed structural alert	enone or ester; within energy range; no listed structural alert	434	cross-validated calibration; fragment-group Q2 = 0.750	within calibration range	no listed structural alert	internally cross-validated candidate (in applicability domain)	ring severed by truncation
Mol_08036	Mol_08036:atom35	enone	internally cross-validated candidate (in applicability domain)	C=C(C)[C@]12C[C@@H](C)[C@@]34O[C@](CCCCCCCCC)(O[C@@H]1[C@@H]3[C@@H]1O[C@]1(CO)[C@@H](O)[C@]1(O)C(=O)C(C)=C[C@H]14)O2	35;33;31;32	7;27;29;30;31;32;33;34;35;36	C[C@H]1[C@@](C)(O)[C:1003](=[O:1004])[C:1002](C)=[CH:1001]1	CC1=C[C@@H](C)[C@@](C)(O)C1=O	CSC1C(C)=C([O-])[C@](C)(O)[C@@H]1C	63dcc1daf7442126f055	02f4fa6a69ac38351420	63873bf3cc344f2bc202	ok	-16.705520264705136	simplexin	2.346927463113013	1.8575533914028008	2.836301534823225	0.9777601361430284	3.716094790082997	within	no listed structural alert	enone or ester; within energy range; no listed structural alert	435	cross-validated calibration; fragment-group Q2 = 0.750	within calibration range	no listed structural alert	internally cross-validated candidate (in applicability domain)	alpha-prime heteroatom; ring severed by truncation
Mol_08037	Mol_08037:atom37	enone	internally cross-validated candidate (in applicability domain)	C=C(C)[C@]12C[C@@H](C)[C@@]34OC(CCCCCCCCCCC)(O[C@@H]1[C@@H]3[C@@H]1O[C@]1(CO)[C@@H](O)[C@]1(O)C(=O)C(C)=C[C@H]14)O2	37;35;33;34	7;29;31;32;33;34;35;36;37;38	C[C@H]1[C@@](C)(O)[C:1003](=[O:1004])[C:1002](C)=[CH:1001]1	CC1=C[C@@H](C)[C@@](C)(O)C1=O	CSC1C(C)=C([O-])[C@](C)(O)[C@@H]1C	63dcc1daf7442126f055	02f4fa6a69ac38351420	63873bf3cc344f2bc202	ok	-16.705520264705136	montanin	2.346927463113013	1.8575533914028008	2.836301534823225	0.9777601361430284	3.716094790082997	within	no listed structural alert	enone or ester; within energy range; no listed structural alert	435	cross-validated calibration; fragment-group Q2 = 0.750	within calibration range	no listed structural alert	internally cross-validated candidate (in applicability domain)	alpha-prime heteroatom; ring severed by truncation
Mol_08593	Mol_08593:atom1	ester	ranked hypothesis (in applicability domain)	C/C=C(/C)C(=O)O[C@]1(C)C(=O)OCC2=CCN3CC[C@H](OC(=O)/C(=C\C)C[C@@H]1C)C23	1;2;4;5	0;1;2;3;4;5;6;7	CO[C:1003](/[C:1002](C)=[CH:1001]\C)=[O:1004]	C/C=C(/C)C(=O)OC	COC([O-])=C(C)C(C)SC	2f2cf585931c3a41315c	45b330041a48775c0812	63873bf3cc344f2bc202	ok	-12.87931274693731	9-angeloylanacrotine	-1.6835133492610952	-2.254660141059235	-1.112366557462955	-2.8671320130309628	-0.4998946854912278	within	no listed structural alert	enone or ester; within energy range; no listed structural alert	14	weak calibration; fragment-group Q2 = 0.287; ranked hypothesis only	within calibration range	no listed structural alert	ranked hypothesis (in applicability domain)	ring severed by truncation
Mol_08613	Mol_08613:atom1	ester	ranked hypothesis (in applicability domain)	C/C=C(\C)C(=O)OC1CCN2CC=C(C(O)O)C12	1;2;4;5	0;1;2;3;4;5;6;7	CO[C:1003](/[C:1002](C)=[CH:1001]/C)=[O:1004]	C/C=C(\C)C(=O)OC	COC([O-])=C(C)C(C)SC	2d67f2c0c8fbe9e3fd3e	45b330041a48775c0812	63873bf3cc344f2bc202	ok	-11.93330027436887	7-tiglyl-9-dihydroxy-senecioylretronecine	-2.056981866747176	-2.725064905864692	-1.3888988276296597	-3.290302356563004	-0.8236613769313474	within	no listed structural alert	enone or ester; within energy range; no listed structural alert	21	weak calibration; fragment-group Q2 = 0.287; ranked hypothesis only	within calibration range	no listed structural alert	ranked hypothesis (in applicability domain)	ring severed by truncation
Mol_08631	Mol_08631:atom1	ester	ranked hypothesis (in applicability domain)	C/C=C(/C)C(=O)OCC1=CC[N+]2([O-])CC[C@@H](O)[C@@H]12	1;2;4;5	0;1;2;3;4;5;6;7	CO[C:1003](/[C:1002](C)=[CH:1001]\C)=[O:1004]	C/C=C(/C)C(=O)OC	COC([O-])=C(C)C(C)SC	2f2cf585931c3a41315c	45b330041a48775c0812	63873bf3cc344f2bc202	ok	-12.87931274693731	9-angeloylretronecine	-1.6835133492610952	-2.254660141059235	-1.112366557462955	-2.8671320130309628	-0.4998946854912278	within	no listed structural alert	enone or ester; within energy range; no listed structural alert	14	weak calibration; fragment-group Q2 = 0.287; ranked hypothesis only	within calibration range	no listed structural alert	ranked hypothesis (in applicability domain)	none
Mol_08751	Mol_08751:atom1	ester	ranked hypothesis (in applicability domain)	C/C=C(\C)C(=O)O[C@H]1C[C@@H](OC(C)=O)[C@@](C)(OC(C)=O)C2C[C@@H](OC(C)=O)[C@]3(C)C([C@@H](OC(C)=O)[C@H](OC(=O)C(C)C)[C@@]4(C)[C@H](c5ccoc5)C[C@H]5O[C@]543)[C@]21C	1;2;4;5	0;1;2;3;4;5;6;7	CO[C:1003](/[C:1002](C)=[CH:1001]/C)=[O:1004]	C/C=C(\C)C(=O)OC	COC([O-])=C(C)C(C)SC	2d67f2c0c8fbe9e3fd3e	45b330041a48775c0812	63873bf3cc344f2bc202	ok	-11.93330027436887	11beta-acetoxy-3,7-diacetyl-4alpha-carbomethoxy-12alpha-isobutyryloxy-28-nor-1-t	-2.056981866747176	-2.725064905864692	-1.3888988276296597	-3.290302356563004	-0.8236613769313474	within	no listed structural alert	enone or ester; within energy range; no listed structural alert	21	weak calibration; fragment-group Q2 = 0.287; ranked hypothesis only	within calibration range	no listed structural alert	ranked hypothesis (in applicability domain)	ring severed by truncation
Mol_08760	Mol_08760:atom1	ester	ranked hypothesis (in applicability domain)	C/C=C(/C)C(=O)O[C@@H]1C2CC3=C4CC(=O)O[C@@H](c5ccoc5)[C@]4(C)CCC3C(C2=O)[C@@H](CC(=O)OC)C1(C)C	1;2;4;5	0;1;2;3;4;5;6;7	CO[C:1003](/[C:1002](C)=[CH:1001]\C)=[O:1004]	C/C=C(/C)C(=O)OC	COC([O-])=C(C)C(C)SC	2f2cf585931c3a41315c	45b330041a48775c0812	63873bf3cc344f2bc202	ok	-12.87931274693731	ekeberin C2	-1.6835133492610952	-2.254660141059235	-1.112366557462955	-2.8671320130309628	-0.4998946854912278	within	no listed structural alert	enone or ester; within energy range; no listed structural alert	14	weak calibration; fragment-group Q2 = 0.287; ranked hypothesis only	within calibration range	no listed structural alert	ranked hypothesis (in applicability domain)	ring severed by truncation
Mol_08776	Mol_08776:atom1	enone	internally cross-validated candidate (in applicability domain)	C/C=C1\C(=O)C[C@H]2[C@@H]3CC=C4[C@@H](O)[C@@H](O)CC[C@]4(C)[C@H]3CC[C@]12C	1;2;3;4	0;1;2;3;4;5;6;21;22;23	CC1(C)CC[C:1003](=[O:1004])/[C:1002]1=[CH:1001]\C	C/C=C1\C(=O)CCC1(C)C	CSC(C)C1=C([O-])CCC1(C)C	5f7f2424f4fb05cba898	f73a0cfaf4243a42df85	63873bf3cc344f2bc202	ok	-11.537555751823271	(Z)- volkendousin	0.1164069424017268	-0.3231419784947964	0.5559558632982502	-1.2357526047824057	1.4685664895858592	within	no listed structural alert	enone or ester; within energy range; no listed structural alert	28	cross-validated calibration; fragment-group Q2 = 0.750	within calibration range	no listed structural alert	internally cross-validated candidate (in applicability domain)	ring severed by truncation
Mol_08825	Mol_08825:atom1	ester	ranked hypothesis (in applicability domain)	C/C=C(\C)C(=O)O[C@H]1[C@H]2OC[C@@]3(C)C(OC(C)=O)C[C@@H](OC(C)=O)[C@@](C)([C@@H]4CC[C@@]5(C)C(=CC[C@@H]5c5ccoc5)[C@]41C)[C@H]23	1;2;4;5	0;1;2;3;4;5;6;7	CO[C:1003](/[C:1002](C)=[CH:1001]/C)=[O:1004]	C/C=C(\C)C(=O)OC	COC([O-])=C(C)C(C)SC	2d67f2c0c8fbe9e3fd3e	45b330041a48775c0812	63873bf3cc344f2bc202	ok	-11.93330027436887	1alpha,3alpha-diacetyl-7alpha-tigloylvilasinin	-2.056981866747176	-2.725064905864692	-1.3888988276296597	-3.290302356563004	-0.8236613769313474	within	no listed structural alert	enone or ester; within energy range; no listed structural alert	21	weak calibration; fragment-group Q2 = 0.287; ranked hypothesis only	within calibration range	no listed structural alert	ranked hypothesis (in applicability domain)	ring severed by truncation
Mol_09064	Mol_09064:atom11	enone	internally cross-validated candidate (in applicability domain)	C=C[C@]1(C)C=C2CC[C@]3(C)C(=C)C(=O)CC[C@@H]3C2CC1	11;10;12;13	7;8;9;10;11;12;13;14;15;16	CC1(C)CCC[C:1003](=[O:1004])[C:1002]1=[CH2:1001]	C=C1C(=O)CCCC1(C)C	CSCC1=C([O-])CCCC1(C)C	2da565746531e6933a37	cd26ec987bdb01dc486f	63873bf3cc344f2bc202	ok	-16.548074693030813	erythroxyl-4(17),15(16)-dien-3-one	2.278973130679166	1.803077987449428	2.754868273908904	0.9145654296859644	3.643380831672367	within	no listed structural alert	enone or ester; within energy range; no listed structural alert	103	cross-validated calibration; fragment-group Q2 = 0.750	within calibration range	no listed structural alert	internally cross-validated candidate (in applicability domain)	ring severed by truncation
Mol_09343	Mol_09343:atom41	enone	internally cross-validated candidate (in applicability domain)	C=C(C)[C@]12C[C@@H](C)[C@@]34OC(/C=C/CCCCCCCCCCCCC)(O[C@@H]1C3[C@@H]1O[C@]1(CO)[C@@H](O)[C@]1(O)C(=O)C(C)=C[C@H]14)O2	41;39;37;38	7;33;35;36;37;38;39;40;41;42	C[C@H]1[C@@](C)(O)[C:1003](=[O:1004])[C:1002](C)=[CH:1001]1	CC1=C[C@@H](C)[C@@](C)(O)C1=O	CSC1C(C)=C([O-])[C@](C)(O)[C@@H]1C	63dcc1daf7442126f055	02f4fa6a69ac38351420	63873bf3cc344f2bc202	ok	-16.705520264705136	synaptolepis factor K7	2.346927463113013	1.8575533914028008	2.836301534823225	0.9777601361430284	3.716094790082997	within	no listed structural alert	enone or ester; within energy range; no listed structural alert	435	cross-validated calibration; fragment-group Q2 = 0.750	within calibration range	no listed structural alert	internally cross-validated candidate (in applicability domain)	alpha-prime heteroatom; ring severed by truncation
Mol_09345	Mol_09345:atom31	enone	internally cross-validated candidate (in applicability domain)	C=C(C)[C@@]12O[C@@]3(/C=C/C=C/C=C\CCC)O[C@@H]1[C@@H]1[C@@H]4O[C@]4(CO)[C@@H](O)[C@]4(O)C(=O)C(C)=C[C@H]4[C@@]1(O3)[C@H](C)[C@H]2OC(C)=O	31;29;27;28	23;25;26;27;28;29;30;31;32;33	C[C@H]1[C@@](C)(O)[C:1003](=[O:1004])[C:1002](C)=[CH:1001]1	CC1=C[C@@H](C)[C@@](C)(O)C1=O	CSC1C(C)=C([O-])[C@](C)(O)[C@@H]1C	63dcc1daf7442126f055	02f4fa6a69ac38351420	63873bf3cc344f2bc202	ok	-16.705520264705136	kirkinine D	2.346927463113013	1.8575533914028008	2.836301534823225	0.9777601361430284	3.716094790082997	within	no listed structural alert	enone or ester; within energy range; no listed structural alert	435	cross-validated calibration; fragment-group Q2 = 0.750	within calibration range	no listed structural alert	internally cross-validated candidate (in applicability domain)	alpha-prime heteroatom; ring severed by truncation
Mol_09346	Mol_09346:atom31	enone	internally cross-validated candidate (in applicability domain)	C=C(C)[C@@]12O[C@@]3(/C=C/C=C/CCCCC)O[C@@H]1[C@@H]1[C@@H]4O[C@]4(CO)[C@@H](O)[C@]4(O)C(=O)C(C)=C[C@H]4[C@@]1(O3)[C@H](C)[C@H]2OC(C)=O	31;29;27;28	23;25;26;27;28;29;30;31;32;33	C[C@H]1[C@@](C)(O)[C:1003](=[O:1004])[C:1002](C)=[CH:1001]1	CC1=C[C@@H](C)[C@@](C)(O)C1=O	CSC1C(C)=C([O-])[C@](C)(O)[C@@H]1C	63dcc1daf7442126f055	02f4fa6a69ac38351420	63873bf3cc344f2bc202	ok	-16.705520264705136	yuanhuandine	2.346927463113013	1.8575533914028008	2.836301534823225	0.9777601361430284	3.716094790082997	within	no listed structural alert	enone or ester; within energy range; no listed structural alert	435	cross-validated calibration; fragment-group Q2 = 0.750	within calibration range	no listed structural alert	internally cross-validated candidate (in applicability domain)	alpha-prime heteroatom; ring severed by truncation
Mol_09349	Mol_09349:atom37	enone	internally cross-validated candidate (in applicability domain)	C=C(C)[C@@]12O[C@@]3(/C=C/CCCCCCCCCCCCC)O[C@@H]1[C@@H]1[C@@H]4O[C@]4(CO)[C@@H](O)[C@]4(O)C(=O)C(C)=C[C@H]4[C@@]1(O3)[C@H](C)[C@H]2OC(C)=O	37;35;33;34	29;31;32;33;34;35;36;37;38;39	C[C@H]1[C@@](C)(O)[C:1003](=[O:1004])[C:1002](C)=[CH:1001]1	CC1=C[C@@H](C)[C@@](C)(O)C1=O	CSC1C(C)=C([O-])[C@](C)(O)[C@@H]1C	63dcc1daf7442126f055	02f4fa6a69ac38351420	63873bf3cc344f2bc202	ok	-16.705520264705136	kirkinine	2.346927463113013	1.8575533914028008	2.836301534823225	0.9777601361430284	3.716094790082997	within	no listed structural alert	enone or ester; within energy range; no listed structural alert	435	cross-validated calibration; fragment-group Q2 = 0.750	within calibration range	no listed structural alert	internally cross-validated candidate (in applicability domain)	alpha-prime heteroatom; ring severed by truncation
Mol_09350	Mol_09350:atom35	enone	internally cross-validated candidate (in applicability domain)	C=C(C)[C@@]12OC3(/C=C/C=C/CCCCCCCCC)O[C@@H]1C1C4O[C@]4(CO)[C@@H](O)[C@]4(O)C(=O)C(C)=CC4[C@@]1(O3)[C@H](C)[C@H]2OC(C)=O	35;33;31;32	27;29;30;31;32;33;34;35;36;37	CC1[C@@](C)(O)[C:1003](=[O:1004])[C:1002](C)=[CH:1001]1	CC1=CC(C)[C@@](C)(O)C1=O	CSC1C(C)=C([O-])[C@](C)(O)C1C	61a7b6e607b911707f54	7988f03336ecfb21906d	63873bf3cc344f2bc202	ok	-16.502009180472367	12beta-acetoxyhuratoxin	2.2590910144605703	1.787066289324361	2.73111573959678	0.8960284596525327	3.622153569268608	within	no listed structural alert	enone or ester; within energy range; no listed structural alert	429	cross-validated calibration; fragment-group Q2 = 0.750	within calibration range	no listed structural alert	internally cross-validated candidate (in applicability domain)	alpha-prime heteroatom; ring severed by truncation
Mol_09351	Mol_09351:atom35	enone	internally cross-validated candidate (in applicability domain)	C=C(C)[C@]12C[C@@H](C)C34OC(/C=C/C=C/CCCCC)(O[C@@H]1[C@@H]3[C@@H]1O[C@]1(CO)[C@@H](O)[C@]1(O)C(=O)C(C)=C[C@@H]41)O2	35;33;31;32	7;27;29;30;31;32;33;34;35;36	C[C@H]1[C@@](C)(O)[C:1003](=[O:1004])[C:1002](C)=[CH:1001]1	CC1=C[C@@H](C)[C@@](C)(O)C1=O	CSC1C(C)=C([O-])[C@](C)(O)[C@@H]1C	63dcc1daf7442126f055	02f4fa6a69ac38351420	63873bf3cc344f2bc202	ok	-16.705520264705136	excoecariatoxin	2.346927463113013	1.8575533914028008	2.836301534823225	0.9777601361430284	3.716094790082997	within	no listed structural alert	enone or ester; within energy range; no listed structural alert	435	cross-validated calibration; fragment-group Q2 = 0.750	within calibration range	no listed structural alert	internally cross-validated candidate (in applicability domain)	alpha-prime heteroatom; ring severed by truncation
Mol_09457	Mol_09457:atom74	ester	ranked hypothesis (in applicability domain)	C=C(C)OC1C[C@]2(C)[C@@]3(CCC4[C@@]5(C)CC[C@H](OC6O[C@H](CO)[C@@H](OC7O[C@H](CO)[C@@H](O)[C@H](O)[C@H]7O)[C@H](O)[C@H]6OC6O[C@H](CO)[C@@H](O)[C@H](O)[C@H]6O)C(C)(C)C5CC[C@]42C)OC(=O)[C@]12C3CC(C)(C)[C@@H](OC(=O)/C(C)=C/C)[C@@H]2OC(C)=O	74;72;70;71	68;69;70;71;72;73;74;75	CO[C:1003](/[C:1002](C)=[CH:1001]/C)=[O:1004]	C/C=C(\C)C(=O)OC	COC([O-])=C(C)C(C)SC	2d67f2c0c8fbe9e3fd3e	45b330041a48775c0812	63873bf3cc344f2bc202	ok	-11.93330027436887	16alpha,22alpha-diacetyl-21beta-angeloyloleanane-13beta:28-olide 3beta-O-[beta-g	-2.056981866747176	-2.725064905864692	-1.3888988276296597	-3.290302356563004	-0.8236613769313474	within	no listed structural alert	enone or ester; within energy range; no listed structural alert	21	weak calibration; fragment-group Q2 = 0.287; ranked hypothesis only	within calibration range	no listed structural alert	ranked hypothesis (in applicability domain)	ring severed by truncation
Mol_09458	Mol_09458:atom1	ester	ranked hypothesis (in applicability domain)	C/C=C(\C)C(=O)O[C@H]1[C@H](O)[C@]2(CO)C(O)C[C@]3(C)C(=CCC4[C@@]5(C)CC[C@H](OC6OC[C@@H](O)[C@H](O)[C@H]6OC6O[C@H](COC7O[C@H](C)[C@@H](O)[C@H](O)[C@@H]7O)[C@@H](O)[C@H](O)[C@H]6O)C(C)(C)C5CC[C@]43C)C2CC1(C)C	1;2;4;5	0;1;2;3;4;5;6;7	CO[C:1003](/[C:1002](C)=[CH:1001]/C)=[O:1004]	C/C=C(\C)C(=O)OC	COC([O-])=C(C)C(C)SC	2d67f2c0c8fbe9e3fd3e	45b330041a48775c0812	63873bf3cc344f2bc202	ok	-11.93330027436887	16alpha,22alpha,28-trihydroxy-21beta-angeloyloleanan-12-ene 3beta-O-[alpha-rhamn	-2.056981866747176	-2.725064905864692	-1.3888988276296597	-3.290302356563004	-0.8236613769313474	within	no listed structural alert	enone or ester; within energy range; no listed structural alert	21	weak calibration; fragment-group Q2 = 0.287; ranked hypothesis only	within calibration range	no listed structural alert	ranked hypothesis (in applicability domain)	ring severed by truncation
Mol_09459	Mol_09459:atom1	ester	ranked hypothesis (in applicability domain)	C/C=C(\C)C(=O)O[C@H]1[C@H](OC(C)=O)[C@]2(CO)C(O)C[C@]3(C)C(=CCC4[C@@]5(C)CC[C@H](OC6OC[C@@H](OC7O[C@H](C)[C@@H](O)[C@H](O)[C@@H]7O)[C@@H](O)[C@@H]6OC6O[C@@H](CO)[C@@H](O)[C@@H](O)[C@@H]6O)C(C)(C)C5CC[C@]43C)C2CC1(C)C	1;2;4;5	0;1;2;3;4;5;6;7	CO[C:1003](/[C:1002](C)=[CH:1001]/C)=[O:1004]	C/C=C(\C)C(=O)OC	COC([O-])=C(C)C(C)SC	2d67f2c0c8fbe9e3fd3e	45b330041a48775c0812	63873bf3cc344f2bc202	ok	-11.93330027436887	16alpha,28-dihydroxy-22alpha-acetyl-21beta-angeloylolean-12-ene 3-O-[beta-galact	-2.056981866747176	-2.725064905864692	-1.3888988276296597	-3.290302356563004	-0.8236613769313474	within	no listed structural alert	enone or ester; within energy range; no listed structural alert	21	weak calibration; fragment-group Q2 = 0.287; ranked hypothesis only	within calibration range	no listed structural alert	ranked hypothesis (in applicability domain)	ring severed by truncation
Mol_09670	Mol_09670:atom2	enone	internally cross-validated candidate (in applicability domain)	C=C/C(C)=C/C(=O)C=C(C)C	2;4;5;6	0;1;2;3;4;5;6;7;8	C=C/[C:1001](C)=[CH:1002]/[C:1003](C=C)=[O:1004]	C=CC(=O)/C=C(\C)C=C	C=CC([O-])=CC(C)(C=C)SC	69612f8f2e6a35851058	9430b8a0e3ba5d27d56b	63873bf3cc344f2bc202	ok	-9.86157280758841	(E)-ocimenone	-0.6069560644764573	-1.195910587779598	-0.0180015411733165	-2.0147911463305537	0.8008790173776388	within	no listed structural alert	enone or ester; within energy range; no listed structural alert	163	cross-validated calibration; fragment-group Q2 = 0.750	within calibration range	no listed structural alert	internally cross-validated candidate (in applicability domain)	none
Mol_09670	Mol_09670:atom8	enone	internally cross-validated candidate (in applicability domain)	C=C/C(C)=C/C(=O)C=C(C)C	8;7;5;6	2;4;5;6;7;8;9;10	C=C[C:1003]([CH:1002]=[C:1001](C)C)=[O:1004]	C=CC(=O)C=C(C)C	C=CC([O-])=CC(C)(C)SC	e31643b833087b72891e	73c7e022c03eb882a943	63873bf3cc344f2bc202	ok	-10.9601539622029	(E)-ocimenone	-0.1328026907591377	-0.619439154247644	0.3538337727293684	-1.5009939181745529	1.2353885366562771	within	no listed structural alert	enone or ester; within energy range; no listed structural alert	166	cross-validated calibration; fragment-group Q2 = 0.750	within calibration range	no listed structural alert	internally cross-validated candidate (in applicability domain)	none
Mol_09757	Mol_09757:atom1	ester	ranked hypothesis (in applicability domain)	C/C=C(\C)C(=O)O[C@@H]1C[C@H](OC(C)=O)[C@]2(C)CO[C@H]3[C@H]2[C@]1(C)[C@@H]1C[C@@H](OC(C)=O)[C@@]2(C)C(=CC[C@H]2c2ccoc2)[C@@]1(C)[C@H]3O	1;2;4;5	0;1;2;3;4;5;6;7	CO[C:1003](/[C:1002](C)=[CH:1001]/C)=[O:1004]	C/C=C(\C)C(=O)OC	COC([O-])=C(C)C(C)SC	2d67f2c0c8fbe9e3fd3e	45b330041a48775c0812	63873bf3cc344f2bc202	ok	-11.93330027436887	1-tigloyltrichilinin	-2.056981866747176	-2.725064905864692	-1.3888988276296597	-3.290302356563004	-0.8236613769313474	within	no listed structural alert	enone or ester; within energy range; no listed structural alert	21	weak calibration; fragment-group Q2 = 0.287; ranked hypothesis only	within calibration range	no listed structural alert	ranked hypothesis (in applicability domain)	ring severed by truncation
Mol_10508	Mol_10508:atom1	ester	ranked hypothesis (in applicability domain)	C/C=C(/C)C(=O)O[C@@H]1C[C@@H](C)[C@]2(C[C@@H](C3=CC(O)OC3=O)OC2=O)[C@H]2CC[C@@H]3O[C@]3(C)[C@]21C	1;2;4;5	0;1;2;3;4;5;6;7	CO[C:1003](/[C:1002](C)=[CH:1001]\C)=[O:1004]	C/C=C(/C)C(=O)OC	COC([O-])=C(C)C(C)SC	2f2cf585931c3a41315c	45b330041a48775c0812	63873bf3cc344f2bc202	ok	-12.87931274693731	microglodiolide A	-1.6835133492610952	-2.254660141059235	-1.112366557462955	-2.8671320130309628	-0.4998946854912278	within	no listed structural alert	enone or ester; within energy range; no listed structural alert	14	weak calibration; fragment-group Q2 = 0.287; ranked hypothesis only	within calibration range	no listed structural alert	ranked hypothesis (in applicability domain)	ring severed by truncation
Mol_10644	Mol_10644:atom1	enone	internally cross-validated candidate (in applicability domain)	C/C(=C\C(=O)[C@H]1OC1(C)C)[C@H]1CC[C@]2(C)[C@@H]1C[C@@H](O)[C@@H]1[C@]34CC[C@](O)(OC3)C(C)(C)[C@@H]4CC[C@]12C	1;2;3;4	0;1;2;3;4;5;6;7;10;11;15	CC(C)/[C:1001](C)=[CH:1002]/[C:1003]([C@@H]1CO1)=[O:1004]	C/C(=C\C(=O)[C@@H]1CO1)C(C)C	CSC(C)(C=C([O-])[C@@H]1CO1)C(C)C	f44fdb5e508fea1cf518	92512961481e4ef93fcc	63873bf3cc344f2bc202	ok	-15.571553380008533	cordialin A	1.8575014231667044	1.4549304910457932	2.260072355287616	0.51690620365837	3.198096642675039	within	no listed structural alert	enone or ester; within energy range; no listed structural alert	4	cross-validated calibration; fragment-group Q2 = 0.750	within calibration range	no listed structural alert	internally cross-validated candidate (in applicability domain)	alpha-prime heteroatom; ring severed by truncation
Mol_10753	Mol_10753:atom5	ester	ranked hypothesis (in applicability domain)	COC(=O)C1=C[C@H]2O[C@](C)(C(=O)OC)O[C@@H]2CC1	5;4;2;3	0;1;2;3;4;5;6;7;15;16;17	CO[C:1003]([C:1002]1=[CH:1001][C@@H](O)CCC1)=[O:1004]	COC(=O)C1=C[C@@H](O)CCC1	COC([O-])=C1CCC[C@H](O)C1SC	9d13497922d8e66ab978	8b60a1344ca782241c8b	63873bf3cc344f2bc202	ok	-17.663482926533856	shikimeran B	0.2051900200761141	-0.1665671956088746	0.5769472357611029	-0.896149124264499	1.3065291644167272	within	no listed structural alert	enone or ester; within energy range; no listed structural alert	588	weak calibration; fragment-group Q2 = 0.287; ranked hypothesis only	within calibration range	no listed structural alert	ranked hypothesis (in applicability domain)	ring severed by truncation
Mol_10977	Mol_10977:atom4	enone	internally cross-validated candidate (in applicability domain)	CC(=O)C1=CC[C@H]2[C@@H]3CC=C4C[C@@H](O)C[C@@H](O[C@@H]5OC(CO)[C@@H](O)C(O[C@@H]6OC[C@@H](O)C(O)[C@@H]6O)[C@@H]5O[C@@H]5OC(C)[C@H](O)[C@H](O)C5O)[C@]4(C)[C@H]3CC[C@]12C	4;3;1;2	0;1;2;3;4;5;6;51;52;53	CC1(C)CC[CH:1001]=[C:1002]1[C:1003](C)=[O:1004]	CC(=O)C1=CCCC1(C)C	CSC1CCC(C)(C)C1=C(C)[O-]	7660158cce93412e928a	1617ef3a93caaab9a69c	63873bf3cc344f2bc202	ok	-10.727366808166698	1-beta-2-beta-dihydroxypregna-5,16-dien-20-one-1-O-alpha-L-rhamnopyranosyl-(1→2)	-0.2332748443007233	-0.7403952930759193	0.2738456044744727	-1.6088850131879182	1.1423353245864716	within	no listed structural alert	enone or ester; within energy range; no listed structural alert	209	cross-validated calibration; fragment-group Q2 = 0.750	within calibration range	no listed structural alert	internally cross-validated candidate (in applicability domain)	ring severed by truncation
Mol_10978	Mol_10978:atom4	enone	internally cross-validated candidate (in applicability domain)	CC(=O)C1=CC[C@H]2[C@@H]3CC=C4C[C@@H](O)C[C@@H](O[C@@H]5OC[C@H](O)C(O[C@@H]6OC[C@@H](O)C(O)[C@@H]6O)[C@@H]5O[C@@H]5OC(C)[C@H](O)[C@H](O)C5O)[C@]4(C)[C@H]3CC[C@]12C	4;3;1;2	0;1;2;3;4;5;6;49;50;51	CC1(C)CC[CH:1001]=[C:1002]1[C:1003](C)=[O:1004]	CC(=O)C1=CCCC1(C)C	CSC1CCC(C)(C)C1=C(C)[O-]	7660158cce93412e928a	1617ef3a93caaab9a69c	63873bf3cc344f2bc202	ok	-10.727366808166698	1-beta-2-beta-dihydroxypregna-5,16-dien-20- one 1-O-alpha-L-rhamnopyranosyl-(1→2	-0.2332748443007233	-0.7403952930759193	0.2738456044744727	-1.6088850131879182	1.1423353245864716	within	no listed structural alert	enone or ester; within energy range; no listed structural alert	209	cross-validated calibration; fragment-group Q2 = 0.750	within calibration range	no listed structural alert	internally cross-validated candidate (in applicability domain)	ring severed by truncation
Mol_11090	Mol_11090:atom5	ester	ranked hypothesis (in applicability domain)	COC(=O)C1=CC(=O)C=C2[C@@]1(C(=O)OC)CC[C@@H](C)[C@]21CC(c2ccoc2)OC1=O	5;4;2;3	0;1;2;3;4;5;6;7;8;9;10;11;15	CO[C:1003]([C:1002]1=[CH:1001]C(=O)C=CC1(C)C)=[O:1004]	COC(=O)C1=CC(=O)C=CC1(C)C	COC([O-])=C1C(SC)C(=O)C=CC1(C)C	c38b1f52a480f9b1e172	68983f40a18a7b6bf61f	63873bf3cc344f2bc202	ok	-16.612878327007095	12-epi-megalocarpodolide D	-0.2095695667441646	-0.5552088821493442	0.136069748661015	-1.3023691914681208	0.8832300579797916	within	no listed structural alert	enone or ester; within energy range; no listed structural alert	570	weak calibration; fragment-group Q2 = 0.287; ranked hypothesis only	within calibration range	no listed structural alert	ranked hypothesis (in applicability domain)	ring severed by truncation
Mol_11091	Mol_11091:atom5	ester	ranked hypothesis (in applicability domain)	COC(=O)C1=CC(=O)C=C2[C@@]1(C(=O)OC)CC[C@@H](C)[C@]21C[C@@H](C2=CCOC2=O)OC1=O	5;4;2;3	0;1;2;3;4;5;6;7;8;9;10;11;15	CO[C:1003]([C:1002]1=[CH:1001]C(=O)C=CC1(C)C)=[O:1004]	COC(=O)C1=CC(=O)C=CC1(C)C	COC([O-])=C1C(SC)C(=O)C=CC1(C)C	c38b1f52a480f9b1e172	68983f40a18a7b6bf61f	63873bf3cc344f2bc202	ok	-16.612878327007095	crotonolin A	-0.2095695667441646	-0.5552088821493442	0.136069748661015	-1.3023691914681208	0.8832300579797916	within	no listed structural alert	enone or ester; within energy range; no listed structural alert	570	weak calibration; fragment-group Q2 = 0.287; ranked hypothesis only	within calibration range	no listed structural alert	ranked hypothesis (in applicability domain)	ring severed by truncation
Mol_11206	Mol_11206:atom134	ester	ranked hypothesis (in applicability domain)	C=CCC[C@](C)(CC/C=C(\CO)C(=O)O[C@H]1C[C@]2(C(=O)OC3OC(CO)[C@H](O)C(O)[C@H]3O[C@H]3OC(C)[C@H](O[C@@H]4O[C@H](COC(C)=O)[C@@H](O)[C@@H]4O)[C@@H](OC4OC[C@@H](O)C(O)[C@@H]4O)C3O)[C@H](C)C[C@]3(C)C(=CCC4[C@@]5(C)CC[C@H](O[C@@H]6OC(CO[C@@H]7OC(C)[C@H](O)C(O)[C@@H]7O[C@@H]7OC(CO)[C@@H](O)C(O)[C@@H]7O)[C@@H](O)C(O)[C@@H]6O)C(C)(C)[C@@H]5CC[C@]43C)[C@H]2CC1(C)C)O[C@@H]1OC(C)[C@@H](OC(=O)/C(C)=C/CC[C@@](C)(CC=C)O[C@@H]2OC(C)[C@@H](O)C(O)[C@@H]2O)C(O)[C@@H]1O	134;132;130;131	128;129;130;131;132;133;134;135;136	CC/[CH:1001]=[C:1002](\C)[C:1003](OC)=[O:1004]	CC/C=C(\C)C(=O)OC	CCC(SC)C(C)=C([O-])OC	0559da15e67b3ad8310e	83750e0bdca84b2a835a	63873bf3cc344f2bc202	ok	-12.918920436864562	adianthifolioside G	-1.6678769536879816	-2.235130489943316	-1.1006234174326472	-2.8496218744882533	-0.4861320328877101	within	no listed structural alert	enone or ester; within energy range; no listed structural alert	287	weak calibration; fragment-group Q2 = 0.287; ranked hypothesis only	within calibration range	no listed structural alert	ranked hypothesis (in applicability domain)	ring severed by truncation
Mol_11207	Mol_11207:atom131	ester	ranked hypothesis (in applicability domain)	C=CCC[C@](C)(CC/C=C(\CO)C(=O)O[C@H]1C[C@]2(C(=O)OC3OC(CO)[C@H](O)C(O)[C@H]3O[C@H]3OC(C)[C@H](O[C@@H]4O[C@H](CO)[C@@H](O)[C@@H]4O)[C@@H](OC4OC[C@@H](O)C(O)[C@@H]4O)C3O)[C@H](C)C[C@]3(C)C(=CCC4[C@@]5(C)CC[C@H](O[C@@H]6OC(CO[C@@H]7OC(C)[C@H](O)C(O)[C@@H]7O[C@@H]7OC(CO)[C@@H](O)C(O)[C@@H]7O)[C@@H](O)C(O)[C@@H]6O)C(C)(C)[C@@H]5CC[C@]43C)[C@H]2CC1(C)C)O[C@@H]1OC(C)[C@@H](OC(=O)/C(C)=C/CC[C@@](C)(CC=C)O[C@@H]2OC(C)[C@@H](O)C(O)[C@@H]2O)C(O)[C@@H]1O	131;129;127;128	125;126;127;128;129;130;131;132;133	CC/[CH:1001]=[C:1002](\C)[C:1003](OC)=[O:1004]	CC/C=C(\C)C(=O)OC	CCC(SC)C(C)=C([O-])OC	0559da15e67b3ad8310e	83750e0bdca84b2a835a	63873bf3cc344f2bc202	ok	-12.918920436864562	adianthifolioside H	-1.6678769536879816	-2.235130489943316	-1.1006234174326472	-2.8496218744882533	-0.4861320328877101	within	no listed structural alert	enone or ester; within energy range; no listed structural alert	287	weak calibration; fragment-group Q2 = 0.287; ranked hypothesis only	within calibration range	no listed structural alert	ranked hypothesis (in applicability domain)	ring severed by truncation
Mol_11208	Mol_11208:atom131	ester	ranked hypothesis (in applicability domain)	C=CCC[C@](C)(CC/C=C(\CO)C(=O)O[C@H]1C[C@]2(C(=O)OC3OC(CO)[C@H](O)C(O)[C@H]3O[C@H]3OC(C)[C@H](O[C@@H]4O[C@H](CO)[C@@H](O)[C@@H]4O)[C@@H](OC4OC[C@@H](O)C(O)[C@@H]4O)C3O)[C@H](C)C[C@]3(C)C(=CCC4[C@@]5(C)CC[C@H](O[C@@H]6OC(CO[C@@H]7OC(C)[C@H](O)C(O)[C@@H]7O[C@@H]7OC(CO)[C@@H](O)C(O)[C@@H]7O)[C@@H](O)C(O)[C@@H]6O)C(C)(C)[C@@H]5CC[C@]43C)[C@H]2CC1(C)C)O[C@@H]1OC(C)[C@@H](OC(=O)/C(C)=C/CCC(C)(CC=C)OC2OC(C)[C@H](OC(=C)/C(C)=C\CC[C@@](C)(C=C)O[C@@H]3OC(C)C(O)C(O)C3O)C(O)[C@H]2O)C(O)[C@@H]1O	131;129;127;128	125;126;127;128;129;130;131;132;133	CC/[CH:1001]=[C:1002](\C)[C:1003](OC)=[O:1004]	CC/C=C(\C)C(=O)OC	CCC(SC)C(C)=C([O-])OC	0559da15e67b3ad8310e	83750e0bdca84b2a835a	63873bf3cc344f2bc202	ok	-12.918920436864562	adianthifolioside I	-1.6678769536879816	-2.235130489943316	-1.1006234174326472	-2.8496218744882533	-0.4861320328877101	within	no listed structural alert	enone or ester; within energy range; no listed structural alert	287	weak calibration; fragment-group Q2 = 0.287; ranked hypothesis only	within calibration range	no listed structural alert	ranked hypothesis (in applicability domain)	ring severed by truncation
Mol_11434	Mol_11434:atom16	enone	internally cross-validated candidate (in applicability domain)	CCC(CC[C@@H](C)C1CCC2C3CC(=O)C4=CC(=O)CC[C@]4(C)C3CC[C@@]21C)C(C)C	16;15;13;14	11;12;13;14;15;16;17;18;19;20;21;22;23	C[C@@]12CCC[C:1003](=[O:1004])[C:1002]1=[CH:1001]C(=O)CC2	C[C@@]12CCCC(=O)C1=CC(=O)CC2	CSC1C(=O)CC[C@]2(C)CCCC([O-])=C12	10c05331d0351df5a056	3415cd507e027e494566	63873bf3cc344f2bc202	ok	-17.739995196893357	stigmasta-4-en-3,6-dione	2.7934122558502086	2.2076611197139435	3.3791633919864736	1.386914271256976	4.199910240443441	within	no listed structural alert	enone or ester; within energy range; no listed structural alert	645	cross-validated calibration; fragment-group Q2 = 0.750	within calibration range	no listed structural alert	internally cross-validated candidate (in applicability domain)	ring severed by truncation
Mol_11811	Mol_11811:atom0	enone	internally cross-validated candidate (in applicability domain)	C=C1C(=O)[C@@]23CC[C@H]4[C@@](C)(CCC[C@@]4(C)C(=O)O)[C@@H]2CC[C@@H]1C3	0;1;2;3	0;1;2;3;4;5;18;20;21;22	C[C@@H]1CC(C)(C)[C:1003](=[O:1004])[C:1002]1=[CH2:1001]	C=C1C(=O)C(C)(C)C[C@H]1C	CSCC1=C([O-])C(C)(C)C[C@H]1C	c5c75653006441bdc8f6	18cb84dab99a77d17fed	63873bf3cc344f2bc202	ok	-16.816202996988977	ent-15-oxo-kaur-16-en-19-oic acid	2.394698709419391	1.8956297198171268	2.8937676990216548	1.0220363170000002	3.767361101838781	within	no listed structural alert	enone or ester; within energy range; no listed structural alert	91	cross-validated calibration; fragment-group Q2 = 0.750	within calibration range	no listed structural alert	internally cross-validated candidate (in applicability domain)	ring severed by truncation
Mol_11907	Mol_11907:atom1	enone	internally cross-validated candidate (in applicability domain)	CC(C)=CC(=O)C[C@H](C(=O)O)[C@@H]1CC[C@]2(C)C3=CC[C@H]4C(C)(C)[C@H](O)CC[C@]4(C)[C@H]3CC[C@@]12C	1;3;4;5	0;1;2;3;4;5;6;7	CC[C:1003]([CH:1002]=[C:1001](C)C)=[O:1004]	CCC(=O)C=C(C)C	CCC([O-])=CC(C)(C)SC	831eace156c08c9419b7	119016f1a2a0247ef191	63873bf3cc344f2bc202	ok	-9.019817338646698	congoensin B	-0.9702621286368016	-1.644954455777524	-0.2955698014960793	-2.416063609989779	0.4755393527161755	within	no listed structural alert	enone or ester; within energy range; no listed structural alert	481	cross-validated calibration; fragment-group Q2 = 0.750	within calibration range	no listed structural alert	internally cross-validated candidate (in applicability domain)	none
Mol_11912	Mol_11912:atom14	enone	internally cross-validated candidate (in applicability domain)	C=C(C)[C@@H]1CC=C2[C@H](CC[C@@]3(C)[C@H](C4C=C(C(C)C)C(=O)C4)CC[C@]23C)[C@@]1(C)CCC(=O)O	14;15;19;20	12;13;14;15;16;17;18;19;20;21	CC1C[C:1003](=[O:1004])[C:1002](C(C)C)=[CH:1001]1	CC1C=C(C(C)C)C(=O)C1	CSC1C(C(C)C)=C([O-])CC1C	ecfb64c81ed74c5a8940	ff845e21f2dbd005538b	63873bf3cc344f2bc202	ok	-11.835729708257446	seco-tiaminic acid B	0.2451003819387605	-0.1726567251045781	0.6628574889820991	-1.10013312480463	1.590333888682151	within	no listed structural alert	enone or ester; within energy range; no listed structural alert	452	cross-validated calibration; fragment-group Q2 = 0.750	within calibration range	no listed structural alert	internally cross-validated candidate (in applicability domain)	ring severed by truncation
Mol_11913	Mol_11913:atom14	enone	internally cross-validated candidate (in applicability domain)	C=C(C)[C@@H]1CC=C2[C@H](CC[C@@]3(C)[C@H](C4C=C(C(C)C)C(=O)C4)CC[C@]23C)[C@@]1(C)CCC(=O)OC	14;15;19;20	12;13;14;15;16;17;18;19;20;21	CC1C[C:1003](=[O:1004])[C:1002](C(C)C)=[CH:1001]1	CC1C=C(C(C)C)C(=O)C1	CSC1C(C(C)C)=C([O-])CC1C	ecfb64c81ed74c5a8940	ff845e21f2dbd005538b	63873bf3cc344f2bc202	ok	-11.835729708257446	seco-tiaminic acid C	0.2451003819387605	-0.1726567251045781	0.6628574889820991	-1.10013312480463	1.590333888682151	within	no listed structural alert	enone or ester; within energy range; no listed structural alert	452	cross-validated calibration; fragment-group Q2 = 0.750	within calibration range	no listed structural alert	internally cross-validated candidate (in applicability domain)	ring severed by truncation
Mol_11914	Mol_11914:atom20	enone	internally cross-validated candidate (in applicability domain)	C=C(C)[C@@H]1CC=C2[C@H](CC[C@@]3(C)[C@H]([C@@H](C=O)CC(=O)C=C(C)C)CC[C@]23C)[C@@]1(C)CCC(=O)O	20;19;17;18	13;16;17;18;19;20;21;22	CC[C:1003]([CH:1002]=[C:1001](C)C)=[O:1004]	CCC(=O)C=C(C)C	CCC([O-])=CC(C)(C)SC	831eace156c08c9419b7	119016f1a2a0247ef191	63873bf3cc344f2bc202	ok	-9.019817338646698	3,4-secotirucalla-21-formyl-23-oxo-4(28),7,24-trien-3-oic acid	-0.9702621286368016	-1.644954455777524	-0.2955698014960793	-2.416063609989779	0.4755393527161755	within	no listed structural alert	enone or ester; within energy range; no listed structural alert	481	cross-validated calibration; fragment-group Q2 = 0.750	within calibration range	no listed structural alert	internally cross-validated candidate (in applicability domain)	none
Mol_11923	Mol_11923:atom1	enone	internally cross-validated candidate (in applicability domain)	CC(C)=CC(=O)C[C@H](C=O)[C@@H]1CC[C@]2(C)C3=CC[C@H]4C(C)(C)C(=O)CC[C@]4(C)[C@H]3CC[C@@]12C	1;3;4;5	0;1;2;3;4;5;6;7	CC[C:1003]([CH:1002]=[C:1001](C)C)=[O:1004]	CCC(=O)C=C(C)C	CCC([O-])=CC(C)(C)SC	831eace156c08c9419b7	119016f1a2a0247ef191	63873bf3cc344f2bc202	ok	-9.019817338646698	3,23-dioxotirucalla-7,24-dien-21-al	-0.9702621286368016	-1.644954455777524	-0.2955698014960793	-2.416063609989779	0.4755393527161755	within	no listed structural alert	enone or ester; within energy range; no listed structural alert	481	cross-validated calibration; fragment-group Q2 = 0.750	within calibration range	no listed structural alert	internally cross-validated candidate (in applicability domain)	none
Mol_12026	Mol_12026:atom1	ester	ranked hypothesis (in applicability domain)	C/C=C(\C)C(=O)O[C@@H]1[C@@H]2OC[C@@]3(C)C2[C@@](C)(C2C[C@H](O)OC4C[C@H](c5ccoc5)C(C)=C4[C@@]21C)[C@@H](OC(C)=O)C[C@H]3OC(C)=O	1;2;4;5	0;1;2;3;4;5;6;7	CO[C:1003](/[C:1002](C)=[CH:1001]/C)=[O:1004]	C/C=C(\C)C(=O)OC	COC([O-])=C(C)C(C)SC	2d67f2c0c8fbe9e3fd3e	45b330041a48775c0812	63873bf3cc344f2bc202	ok	-11.93330027436887	nimbolinin B	-2.056981866747176	-2.725064905864692	-1.3888988276296597	-3.290302356563004	-0.8236613769313474	within	no listed structural alert	enone or ester; within energy range; no listed structural alert	21	weak calibration; fragment-group Q2 = 0.287; ranked hypothesis only	within calibration range	no listed structural alert	ranked hypothesis (in applicability domain)	ring severed by truncation
Mol_12054	Mol_12054:atom6	ester	ranked hypothesis (in applicability domain)	C=C[C@](C)(CC/C=C(\C)C(=O)O[C@@H]1C(C)O[C@@H](O[C@](C)(C=C)CC/C=C(\C)C(=O)O[C@@H]2C(C)O[C@@H](O[C@](C)(C=C)CC/C=C(\CO)C(=O)O[C@H]3C[C@@]4(C(=O)O[C@@H]5OC(CO)[C@@H](O)[C@H](O)C5O[C@@H]5OC(C)[C@H](O[C@@H]6O[C@@H](CO)[C@@H](O)C6O)[C@H](O[C@@H]6OC(CO)[C@@H](O)[C@H](O)C6O)C5O)C(CC3(C)C)C3=CCC5[C@@]6(C)CC[C@H](O[C@@H]7OC(CO[C@@H]8OC(C)[C@H](O)[C@H](O)C8O[C@@H]8OC[C@@H](O)[C@H](O)C8O)[C@@H](O)[C@H](O)C7O[C@@H]7OC(CO)[C@@H](O)C(O)[C@@H]7O)C(C)(C)C6CC[C@@]5(C)[C@]3(C)C[C@H]4O)C(O)[C@H]2O)C(O)[C@H]1O)O[C@@H]1OC(C)[C@@H](O)[C@H](O)C1O	6;7;9;10	4;5;6;7;8;9;10;11;12	CC/[CH:1001]=[C:1002](\C)[C:1003](OC)=[O:1004]	CC/C=C(\C)C(=O)OC	CCC(SC)C(C)=C([O-])OC	0559da15e67b3ad8310e	83750e0bdca84b2a835a	63873bf3cc344f2bc202	ok	-12.918920436864562	gummiferaoside D	-1.6678769536879816	-2.235130489943316	-1.1006234174326472	-2.8496218744882533	-0.4861320328877101	within	no listed structural alert	enone or ester; within energy range; no listed structural alert	287	weak calibration; fragment-group Q2 = 0.287; ranked hypothesis only	within calibration range	no listed structural alert	ranked hypothesis (in applicability domain)	ring severed by truncation
Mol_12054	Mol_12054:atom24	ester	ranked hypothesis (in applicability domain)	C=C[C@](C)(CC/C=C(\C)C(=O)O[C@@H]1C(C)O[C@@H](O[C@](C)(C=C)CC/C=C(\C)C(=O)O[C@@H]2C(C)O[C@@H](O[C@](C)(C=C)CC/C=C(\CO)C(=O)O[C@H]3C[C@@]4(C(=O)O[C@@H]5OC(CO)[C@@H](O)[C@H](O)C5O[C@@H]5OC(C)[C@H](O[C@@H]6O[C@@H](CO)[C@@H](O)C6O)[C@H](O[C@@H]6OC(CO)[C@@H](O)[C@H](O)C6O)C5O)C(CC3(C)C)C3=CCC5[C@@]6(C)CC[C@H](O[C@@H]7OC(CO[C@@H]8OC(C)[C@H](O)[C@H](O)C8O[C@@H]8OC[C@@H](O)[C@H](O)C8O)[C@@H](O)[C@H](O)C7O[C@@H]7OC(CO)[C@@H](O)C(O)[C@@H]7O)C(C)(C)C6CC[C@@]5(C)[C@]3(C)C[C@H]4O)C(O)[C@H]2O)C(O)[C@H]1O)O[C@@H]1OC(C)[C@@H](O)[C@H](O)C1O	24;25;27;28	22;23;24;25;26;27;28;29;30	CC/[CH:1001]=[C:1002](\C)[C:1003](OC)=[O:1004]	CC/C=C(\C)C(=O)OC	CCC(SC)C(C)=C([O-])OC	0559da15e67b3ad8310e	83750e0bdca84b2a835a	63873bf3cc344f2bc202	ok	-12.918920436864562	gummiferaoside D	-1.6678769536879816	-2.235130489943316	-1.1006234174326472	-2.8496218744882533	-0.4861320328877101	within	no listed structural alert	enone or ester; within energy range; no listed structural alert	287	weak calibration; fragment-group Q2 = 0.287; ranked hypothesis only	within calibration range	no listed structural alert	ranked hypothesis (in applicability domain)	ring severed by truncation
Mol_12055	Mol_12055:atom6	ester	ranked hypothesis (in applicability domain)	C=C[C@](C)(CC/C=C(\C)C(=O)O[C@@H]1C(C)O[C@@H](O[C@](C)(C=C)CC/C=C(\C)C(=O)O[C@@H]2C(C)O[C@@H](O[C@](C)(C=C)CC/C=C(\CO)C(=O)O[C@H]3C[C@@]4(C(=O)O[C@@H]5OC(CO)[C@@H](O)[C@H](O)C5O[C@@H]5OC(C)[C@H](O[C@@H]6O[C@@H](CO)[C@@H](O)C6O)[C@H](O[C@@H]6OC(CO)[C@@H](O)[C@H](O)C6O)C5O)C(CC3(C)C)C3=CCC5[C@@]6(C)CC[C@H](O[C@@H]7OC(CO[C@@H]8OC(C)[C@H](O)[C@H](O)C8O[C@@H]8OC[C@@H](O)[C@H](O)C8O)[C@@H](O)[C@H](O)C7O)C(C)(C)C6CC[C@@]5(C)[C@]3(C)C[C@H]4O)C(O)[C@H]2O)C(O)[C@H]1O)O[C@@H]1OC(C)[C@@H](O)[C@H](O)C1O	6;7;9;10	4;5;6;7;8;9;10;11;12	CC/[CH:1001]=[C:1002](\C)[C:1003](OC)=[O:1004]	CC/C=C(\C)C(=O)OC	CCC(SC)C(C)=C([O-])OC	0559da15e67b3ad8310e	83750e0bdca84b2a835a	63873bf3cc344f2bc202	ok	-12.918920436864562	gummiferaoside E	-1.6678769536879816	-2.235130489943316	-1.1006234174326472	-2.8496218744882533	-0.4861320328877101	within	no listed structural alert	enone or ester; within energy range; no listed structural alert	287	weak calibration; fragment-group Q2 = 0.287; ranked hypothesis only	within calibration range	no listed structural alert	ranked hypothesis (in applicability domain)	ring severed by truncation
Mol_12055	Mol_12055:atom24	ester	ranked hypothesis (in applicability domain)	C=C[C@](C)(CC/C=C(\C)C(=O)O[C@@H]1C(C)O[C@@H](O[C@](C)(C=C)CC/C=C(\C)C(=O)O[C@@H]2C(C)O[C@@H](O[C@](C)(C=C)CC/C=C(\CO)C(=O)O[C@H]3C[C@@]4(C(=O)O[C@@H]5OC(CO)[C@@H](O)[C@H](O)C5O[C@@H]5OC(C)[C@H](O[C@@H]6O[C@@H](CO)[C@@H](O)C6O)[C@H](O[C@@H]6OC(CO)[C@@H](O)[C@H](O)C6O)C5O)C(CC3(C)C)C3=CCC5[C@@]6(C)CC[C@H](O[C@@H]7OC(CO[C@@H]8OC(C)[C@H](O)[C@H](O)C8O[C@@H]8OC[C@@H](O)[C@H](O)C8O)[C@@H](O)[C@H](O)C7O)C(C)(C)C6CC[C@@]5(C)[C@]3(C)C[C@H]4O)C(O)[C@H]2O)C(O)[C@H]1O)O[C@@H]1OC(C)[C@@H](O)[C@H](O)C1O	24;25;27;28	22;23;24;25;26;27;28;29;30	CC/[CH:1001]=[C:1002](\C)[C:1003](OC)=[O:1004]	CC/C=C(\C)C(=O)OC	CCC(SC)C(C)=C([O-])OC	0559da15e67b3ad8310e	83750e0bdca84b2a835a	63873bf3cc344f2bc202	ok	-12.918920436864562	gummiferaoside E	-1.6678769536879816	-2.235130489943316	-1.1006234174326472	-2.8496218744882533	-0.4861320328877101	within	no listed structural alert	enone or ester; within energy range; no listed structural alert	287	weak calibration; fragment-group Q2 = 0.287; ranked hypothesis only	within calibration range	no listed structural alert	ranked hypothesis (in applicability domain)	ring severed by truncation
Mol_12056	Mol_12056:atom6	ester	ranked hypothesis (in applicability domain)	C=C[C@](C)(CC/C=C(\C)C(=O)O[C@H]1[C@@H](O)[C@@H](O)[C@H](O[C@](C)(C=C)CC/C=C(\CO)C(=O)O[C@H]2C[C@]3(C(=O)O[C@@H]4O[C@H](CO)[C@H](O)[C@H](O)[C@H]4O[C@@H]4O[C@@H](C)[C@H](O[C@@H]5O[C@@H](CO)[C@H](O)[C@H]5O)[C@@H](O[C@@H]5O[C@H](CO)[C@H](O)[C@H](O)[C@H]5O)[C@H]4O)[C@H](O)C[C@]4(C)C(=CC[C@@H]5[C@@]6(C)CC[C@H](O[C@@H]7O[C@H](CO[C@@H]8O[C@H](C)[C@H](O)[C@H](O)[C@H]8O[C@@H]8OC[C@@H](O)[C@H](O)[C@H]8O)[C@H](O)[C@H](O)[C@H]7O)C(C)(C)[C@@H]6CC[C@]54C)[C@@H]3CC2(C)C)O[C@@H]1C)O[C@@H]1O[C@H](C)[C@@H](O)[C@H](O)[C@H]1O	6;7;9;10	4;5;6;7;8;9;10;11;12	CC/[CH:1001]=[C:1002](\C)[C:1003](OC)=[O:1004]	CC/C=C(\C)C(=O)OC	CCC(SC)C(C)=C([O-])OC	0559da15e67b3ad8310e	83750e0bdca84b2a835a	63873bf3cc344f2bc202	ok	-12.918920436864562	julibroside J8	-1.6678769536879816	-2.235130489943316	-1.1006234174326472	-2.8496218744882533	-0.4861320328877101	within	no listed structural alert	enone or ester; within energy range; no listed structural alert	287	weak calibration; fragment-group Q2 = 0.287; ranked hypothesis only	within calibration range	no listed structural alert	ranked hypothesis (in applicability domain)	ring severed by truncation
Mol_12065	Mol_12065:atom7	ester	ranked hypothesis (in applicability domain)	C=C[C@@](C)(O)CC/C=C(\C)C(=O)O[C@H]1C[C@]2(C(=O)O)CC[C@]3(C)C(=CCC4[C@@]5(C)CC[C@H](OC6OC(CO)C(OC7OCC(O)C(O)C7O)C(O)C6OC6OCC(OC7OCC(O)C(O)C7O)C(OC7OC(CO)C(O)C(O)C7O)C6O)C(C)(C)C5CC[C@]43C)C2CC1(C)C	7;8;10;11	5;6;7;8;9;10;11;12;13	CC/[CH:1001]=[C:1002](\C)[C:1003](OC)=[O:1004]	CC/C=C(\C)C(=O)OC	CCC(SC)C(C)=C([O-])OC	0559da15e67b3ad8310e	83750e0bdca84b2a835a	63873bf3cc344f2bc202	ok	-12.918920436864562	senegaloside B	-1.6678769536879816	-2.235130489943316	-1.1006234174326472	-2.8496218744882533	-0.4861320328877101	within	no listed structural alert	enone or ester; within energy range; no listed structural alert	287	weak calibration; fragment-group Q2 = 0.287; ranked hypothesis only	within calibration range	no listed structural alert	ranked hypothesis (in applicability domain)	ring severed by truncation
Mol_12066	Mol_12066:atom7	ester	ranked hypothesis (in applicability domain)	C=C[C@@](C)(O)CC/C=C(\C)C(=O)O[C@H]1C[C@]2(C(=O)O)CC[C@]3(C)C(=CCC4[C@@]5(C)CC[C@H](OC6OC(CO)C(O)C(O)C6OC6OCC(OC7OCC(O)C(O)C7O)C(OC7OC(CO)C(O)C(O)C7O)C6O)C(C)(C)C5CC[C@]43C)C2CC1(C)C	7;8;10;11	5;6;7;8;9;10;11;12;13	CC/[CH:1001]=[C:1002](\C)[C:1003](OC)=[O:1004]	CC/C=C(\C)C(=O)OC	CCC(SC)C(C)=C([O-])OC	0559da15e67b3ad8310e	83750e0bdca84b2a835a	63873bf3cc344f2bc202	ok	-12.918920436864562	senegaloside C	-1.6678769536879816	-2.235130489943316	-1.1006234174326472	-2.8496218744882533	-0.4861320328877101	within	no listed structural alert	enone or ester; within energy range; no listed structural alert	287	weak calibration; fragment-group Q2 = 0.287; ranked hypothesis only	within calibration range	no listed structural alert	ranked hypothesis (in applicability domain)	ring severed by truncation
Mol_12077	Mol_12077:atom6	ester	ranked hypothesis (in applicability domain)	C=C[C@](C)(CC/C=C(\C)C(=O)O[C@H]1[C@H](O)[C@@H](O)[C@H](O[C@](C)(C=C)CC/C=C(\C)C(=O)O[C@H]2[C@H](O)[C@@H](O)[C@H](O[C@](C)(C=C)CC/C=C(/C)C(=O)O[C@H]3C[C@]4(C(=O)O[C@@H]5O[C@H](CO)[C@@H](O)[C@H](O)[C@H]5O[C@@H]5O[C@@H](C)[C@H](O[C@@H]6O[C@@H](CO)[C@H](O)[C@H]6O)[C@@H](O[C@@H]6O[C@H](CO)[C@@H](O)[C@H](O)[C@H]6O)[C@H]5O)[C@H](O)C[C@]5(C)C(=CC[C@@H]6[C@@]7(C)CC[C@H](O[C@@H]8O[C@H](CO[C@@H]9O[C@H](C)[C@H](O)[C@H](O)[C@H]9O)[C@@H](O)[C@H](O)[C@H]8O[C@@H]8O[C@H](CO)[C@@H](O)[C@H](O)[C@H]8O)C(C)(C)C7CC[C@]65C)[C@@H]4CC3(C)C)O[C@@H]2C)O[C@@H]1C)O[C@@H]1O[C@H](C)[C@@H](O)[C@@H](O)[C@H]1O	6;7;9;10	4;5;6;7;8;9;10;11;12	CC/[CH:1001]=[C:1002](\C)[C:1003](OC)=[O:1004]	CC/C=C(\C)C(=O)OC	CCC(SC)C(C)=C([O-])OC	0559da15e67b3ad8310e	83750e0bdca84b2a835a	63873bf3cc344f2bc202	ok	-12.918920436864562	coriarioside A	-1.6678769536879816	-2.235130489943316	-1.1006234174326472	-2.8496218744882533	-0.4861320328877101	within	no listed structural alert	enone or ester; within energy range; no listed structural alert	287	weak calibration; fragment-group Q2 = 0.287; ranked hypothesis only	within calibration range	no listed structural alert	ranked hypothesis (in applicability domain)	ring severed by truncation
Mol_12077	Mol_12077:atom25	ester	ranked hypothesis (in applicability domain)	C=C[C@](C)(CC/C=C(\C)C(=O)O[C@H]1[C@H](O)[C@@H](O)[C@H](O[C@](C)(C=C)CC/C=C(\C)C(=O)O[C@H]2[C@H](O)[C@@H](O)[C@H](O[C@](C)(C=C)CC/C=C(/C)C(=O)O[C@H]3C[C@]4(C(=O)O[C@@H]5O[C@H](CO)[C@@H](O)[C@H](O)[C@H]5O[C@@H]5O[C@@H](C)[C@H](O[C@@H]6O[C@@H](CO)[C@H](O)[C@H]6O)[C@@H](O[C@@H]6O[C@H](CO)[C@@H](O)[C@H](O)[C@H]6O)[C@H]5O)[C@H](O)C[C@]5(C)C(=CC[C@@H]6[C@@]7(C)CC[C@H](O[C@@H]8O[C@H](CO[C@@H]9O[C@H](C)[C@H](O)[C@H](O)[C@H]9O)[C@@H](O)[C@H](O)[C@H]8O[C@@H]8O[C@H](CO)[C@@H](O)[C@H](O)[C@H]8O)C(C)(C)C7CC[C@]65C)[C@@H]4CC3(C)C)O[C@@H]2C)O[C@@H]1C)O[C@@H]1O[C@H](C)[C@@H](O)[C@@H](O)[C@H]1O	25;26;28;29	23;24;25;26;27;28;29;30;31	CC/[CH:1001]=[C:1002](\C)[C:1003](OC)=[O:1004]	CC/C=C(\C)C(=O)OC	CCC(SC)C(C)=C([O-])OC	0559da15e67b3ad8310e	83750e0bdca84b2a835a	63873bf3cc344f2bc202	ok	-12.918920436864562	coriarioside A	-1.6678769536879816	-2.235130489943316	-1.1006234174326472	-2.8496218744882533	-0.4861320328877101	within	no listed structural alert	enone or ester; within energy range; no listed structural alert	287	weak calibration; fragment-group Q2 = 0.287; ranked hypothesis only	within calibration range	no listed structural alert	ranked hypothesis (in applicability domain)	ring severed by truncation
Mol_12077	Mol_12077:atom44	ester	ranked hypothesis (in applicability domain)	C=C[C@](C)(CC/C=C(\C)C(=O)O[C@H]1[C@H](O)[C@@H](O)[C@H](O[C@](C)(C=C)CC/C=C(\C)C(=O)O[C@H]2[C@H](O)[C@@H](O)[C@H](O[C@](C)(C=C)CC/C=C(/C)C(=O)O[C@H]3C[C@]4(C(=O)O[C@@H]5O[C@H](CO)[C@@H](O)[C@H](O)[C@H]5O[C@@H]5O[C@@H](C)[C@H](O[C@@H]6O[C@@H](CO)[C@H](O)[C@H]6O)[C@@H](O[C@@H]6O[C@H](CO)[C@@H](O)[C@H](O)[C@H]6O)[C@H]5O)[C@H](O)C[C@]5(C)C(=CC[C@@H]6[C@@]7(C)CC[C@H](O[C@@H]8O[C@H](CO[C@@H]9O[C@H](C)[C@H](O)[C@H](O)[C@H]9O)[C@@H](O)[C@H](O)[C@H]8O[C@@H]8O[C@H](CO)[C@@H](O)[C@H](O)[C@H]8O)C(C)(C)C7CC[C@]65C)[C@@H]4CC3(C)C)O[C@@H]2C)O[C@@H]1C)O[C@@H]1O[C@H](C)[C@@H](O)[C@@H](O)[C@H]1O	44;45;47;48	42;43;44;45;46;47;48;49;50	CC/[CH:1001]=[C:1002](/C)[C:1003](OC)=[O:1004]	CC/C=C(/C)C(=O)OC	CCC(SC)C(C)=C([O-])OC	6fe00a1cc276d5b83f8a	83750e0bdca84b2a835a	63873bf3cc344f2bc202	ok	-13.416469070447066	coriarioside A	-1.4714538028845032	-1.9912525936670589	-0.9516550121019476	-2.631167244361347	-0.3117403614076592	within	no listed structural alert	enone or ester; within energy range; no listed structural alert	280	weak calibration; fragment-group Q2 = 0.287; ranked hypothesis only	within calibration range	no listed structural alert	ranked hypothesis (in applicability domain)	ring severed by truncation
Mol_12078	Mol_12078:atom7	ester	ranked hypothesis (in applicability domain)	C=C[C@@](C)(O)CC/C=C(\C)C(=O)O[C@H]1[C@H](O)[C@@H](O)[C@H](O[C@](C)(C=C)CC/C=C(\C)C(=O)O[C@H]2[C@H](O)[C@@H](O)[C@H](O[C@](C)(C=C)CC/C=C(\C)C(=O)O[C@H]3C[C@]4(C(=O)O[C@@H]5O[C@H](CO)[C@@H](O)[C@H](O)[C@H]5O[C@@H]5O[C@@H](C)[C@H](O[C@@H]6OC[C@@H](O)[C@H](O)[C@H]6O)[C@@H](O)[C@H]5O)[C@H](O)C[C@]5(C)C(=CC[C@@H]6[C@@]7(C)CC[C@H](O[C@@H]8O[C@H](CO[C@@H]9O[C@H](C)[C@H](O)[C@H](O)[C@H]9O)[C@@H](O)[C@H](O)[C@H]8O[C@@H]8O[C@H](CO)[C@@H](O)[C@H](O)[C@H]8O)C(C)(C)[C@@H]7CC[C@]65C)[C@@H]4CC3(C)C)O[C@@H]2C)O[C@@H]1C	7;8;10;11	5;6;7;8;9;10;11;12;13	CC/[CH:1001]=[C:1002](\C)[C:1003](OC)=[O:1004]	CC/C=C(\C)C(=O)OC	CCC(SC)C(C)=C([O-])OC	0559da15e67b3ad8310e	83750e0bdca84b2a835a	63873bf3cc344f2bc202	ok	-12.918920436864562	coriarioside B	-1.6678769536879816	-2.235130489943316	-1.1006234174326472	-2.8496218744882533	-0.4861320328877101	within	no listed structural alert	enone or ester; within energy range; no listed structural alert	287	weak calibration; fragment-group Q2 = 0.287; ranked hypothesis only	within calibration range	no listed structural alert	ranked hypothesis (in applicability domain)	ring severed by truncation
Mol_12078	Mol_12078:atom26	ester	ranked hypothesis (in applicability domain)	C=C[C@@](C)(O)CC/C=C(\C)C(=O)O[C@H]1[C@H](O)[C@@H](O)[C@H](O[C@](C)(C=C)CC/C=C(\C)C(=O)O[C@H]2[C@H](O)[C@@H](O)[C@H](O[C@](C)(C=C)CC/C=C(\C)C(=O)O[C@H]3C[C@]4(C(=O)O[C@@H]5O[C@H](CO)[C@@H](O)[C@H](O)[C@H]5O[C@@H]5O[C@@H](C)[C@H](O[C@@H]6OC[C@@H](O)[C@H](O)[C@H]6O)[C@@H](O)[C@H]5O)[C@H](O)C[C@]5(C)C(=CC[C@@H]6[C@@]7(C)CC[C@H](O[C@@H]8O[C@H](CO[C@@H]9O[C@H](C)[C@H](O)[C@H](O)[C@H]9O)[C@@H](O)[C@H](O)[C@H]8O[C@@H]8O[C@H](CO)[C@@H](O)[C@H](O)[C@H]8O)C(C)(C)[C@@H]7CC[C@]65C)[C@@H]4CC3(C)C)O[C@@H]2C)O[C@@H]1C	26;27;29;30	24;25;26;27;28;29;30;31;32	CC/[CH:1001]=[C:1002](\C)[C:1003](OC)=[O:1004]	CC/C=C(\C)C(=O)OC	CCC(SC)C(C)=C([O-])OC	0559da15e67b3ad8310e	83750e0bdca84b2a835a	63873bf3cc344f2bc202	ok	-12.918920436864562	coriarioside B	-1.6678769536879816	-2.235130489943316	-1.1006234174326472	-2.8496218744882533	-0.4861320328877101	within	no listed structural alert	enone or ester; within energy range; no listed structural alert	287	weak calibration; fragment-group Q2 = 0.287; ranked hypothesis only	within calibration range	no listed structural alert	ranked hypothesis (in applicability domain)	ring severed by truncation
Mol_12078	Mol_12078:atom45	ester	ranked hypothesis (in applicability domain)	C=C[C@@](C)(O)CC/C=C(\C)C(=O)O[C@H]1[C@H](O)[C@@H](O)[C@H](O[C@](C)(C=C)CC/C=C(\C)C(=O)O[C@H]2[C@H](O)[C@@H](O)[C@H](O[C@](C)(C=C)CC/C=C(\C)C(=O)O[C@H]3C[C@]4(C(=O)O[C@@H]5O[C@H](CO)[C@@H](O)[C@H](O)[C@H]5O[C@@H]5O[C@@H](C)[C@H](O[C@@H]6OC[C@@H](O)[C@H](O)[C@H]6O)[C@@H](O)[C@H]5O)[C@H](O)C[C@]5(C)C(=CC[C@@H]6[C@@]7(C)CC[C@H](O[C@@H]8O[C@H](CO[C@@H]9O[C@H](C)[C@H](O)[C@H](O)[C@H]9O)[C@@H](O)[C@H](O)[C@H]8O[C@@H]8O[C@H](CO)[C@@H](O)[C@H](O)[C@H]8O)C(C)(C)[C@@H]7CC[C@]65C)[C@@H]4CC3(C)C)O[C@@H]2C)O[C@@H]1C	45;46;48;49	43;44;45;46;47;48;49;50;51	CC/[CH:1001]=[C:1002](\C)[C:1003](OC)=[O:1004]	CC/C=C(\C)C(=O)OC	CCC(SC)C(C)=C([O-])OC	0559da15e67b3ad8310e	83750e0bdca84b2a835a	63873bf3cc344f2bc202	ok	-12.918920436864562	coriarioside B	-1.6678769536879816	-2.235130489943316	-1.1006234174326472	-2.8496218744882533	-0.4861320328877101	within	no listed structural alert	enone or ester; within energy range; no listed structural alert	287	weak calibration; fragment-group Q2 = 0.287; ranked hypothesis only	within calibration range	no listed structural alert	ranked hypothesis (in applicability domain)	ring severed by truncation
Mol_12079	Mol_12079:atom6	ester	ranked hypothesis (in applicability domain)	C=C[C@](C)(CC/C=C(\C)C(=O)O[C@H]1[C@H](O)[C@@H](O)[C@H](O[C@](C)(C=C)CC/C=C(\C)C(=O)O[C@H]2[C@H](O)[C@@H](O)[C@H](O[C@](C)(C=C)CC/C=C(/C)C(=O)O[C@H]3C[C@]4(C(=O)O[C@@H]5O[C@H](CO)[C@@H](O)[C@H](O)[C@H]5O[C@@H]5O[C@@H](C)[C@H](O[C@@H]6OC[C@@H](O)[C@H](O)[C@H]6O)[C@@H](O)[C@H]5O)[C@H](O)C[C@]5(C)C(=CC[C@@H]6[C@@]7(C)CC[C@H](O[C@@H]8O[C@H](CO[C@@H]9O[C@H](C)[C@H](O)[C@H](O)[C@H]9O)[C@@H](O)[C@H](O)[C@H]8O[C@@H]8O[C@H](CO)[C@@H](O)[C@H](O)[C@H]8O)C(C)(C)C7CC[C@]65C)[C@@H]4CC3(C)C)O[C@@H]2C)O[C@@H]1C)O[C@@H]1O[C@H](C)[C@@H](O)[C@H](O)[C@H]1O	6;7;9;10	4;5;6;7;8;9;10;11;12	CC/[CH:1001]=[C:1002](\C)[C:1003](OC)=[O:1004]	CC/C=C(\C)C(=O)OC	CCC(SC)C(C)=C([O-])OC	0559da15e67b3ad8310e	83750e0bdca84b2a835a	63873bf3cc344f2bc202	ok	-12.918920436864562	gummiferaoside C	-1.6678769536879816	-2.235130489943316	-1.1006234174326472	-2.8496218744882533	-0.4861320328877101	within	no listed structural alert	enone or ester; within energy range; no listed structural alert	287	weak calibration; fragment-group Q2 = 0.287; ranked hypothesis only	within calibration range	no listed structural alert	ranked hypothesis (in applicability domain)	ring severed by truncation
Mol_12079	Mol_12079:atom25	ester	ranked hypothesis (in applicability domain)	C=C[C@](C)(CC/C=C(\C)C(=O)O[C@H]1[C@H](O)[C@@H](O)[C@H](O[C@](C)(C=C)CC/C=C(\C)C(=O)O[C@H]2[C@H](O)[C@@H](O)[C@H](O[C@](C)(C=C)CC/C=C(/C)C(=O)O[C@H]3C[C@]4(C(=O)O[C@@H]5O[C@H](CO)[C@@H](O)[C@H](O)[C@H]5O[C@@H]5O[C@@H](C)[C@H](O[C@@H]6OC[C@@H](O)[C@H](O)[C@H]6O)[C@@H](O)[C@H]5O)[C@H](O)C[C@]5(C)C(=CC[C@@H]6[C@@]7(C)CC[C@H](O[C@@H]8O[C@H](CO[C@@H]9O[C@H](C)[C@H](O)[C@H](O)[C@H]9O)[C@@H](O)[C@H](O)[C@H]8O[C@@H]8O[C@H](CO)[C@@H](O)[C@H](O)[C@H]8O)C(C)(C)C7CC[C@]65C)[C@@H]4CC3(C)C)O[C@@H]2C)O[C@@H]1C)O[C@@H]1O[C@H](C)[C@@H](O)[C@H](O)[C@H]1O	25;26;28;29	23;24;25;26;27;28;29;30;31	CC/[CH:1001]=[C:1002](\C)[C:1003](OC)=[O:1004]	CC/C=C(\C)C(=O)OC	CCC(SC)C(C)=C([O-])OC	0559da15e67b3ad8310e	83750e0bdca84b2a835a	63873bf3cc344f2bc202	ok	-12.918920436864562	gummiferaoside C	-1.6678769536879816	-2.235130489943316	-1.1006234174326472	-2.8496218744882533	-0.4861320328877101	within	no listed structural alert	enone or ester; within energy range; no listed structural alert	287	weak calibration; fragment-group Q2 = 0.287; ranked hypothesis only	within calibration range	no listed structural alert	ranked hypothesis (in applicability domain)	ring severed by truncation
Mol_12079	Mol_12079:atom44	ester	ranked hypothesis (in applicability domain)	C=C[C@](C)(CC/C=C(\C)C(=O)O[C@H]1[C@H](O)[C@@H](O)[C@H](O[C@](C)(C=C)CC/C=C(\C)C(=O)O[C@H]2[C@H](O)[C@@H](O)[C@H](O[C@](C)(C=C)CC/C=C(/C)C(=O)O[C@H]3C[C@]4(C(=O)O[C@@H]5O[C@H](CO)[C@@H](O)[C@H](O)[C@H]5O[C@@H]5O[C@@H](C)[C@H](O[C@@H]6OC[C@@H](O)[C@H](O)[C@H]6O)[C@@H](O)[C@H]5O)[C@H](O)C[C@]5(C)C(=CC[C@@H]6[C@@]7(C)CC[C@H](O[C@@H]8O[C@H](CO[C@@H]9O[C@H](C)[C@H](O)[C@H](O)[C@H]9O)[C@@H](O)[C@H](O)[C@H]8O[C@@H]8O[C@H](CO)[C@@H](O)[C@H](O)[C@H]8O)C(C)(C)C7CC[C@]65C)[C@@H]4CC3(C)C)O[C@@H]2C)O[C@@H]1C)O[C@@H]1O[C@H](C)[C@@H](O)[C@H](O)[C@H]1O	44;45;47;48	42;43;44;45;46;47;48;49;50	CC/[CH:1001]=[C:1002](/C)[C:1003](OC)=[O:1004]	CC/C=C(/C)C(=O)OC	CCC(SC)C(C)=C([O-])OC	6fe00a1cc276d5b83f8a	83750e0bdca84b2a835a	63873bf3cc344f2bc202	ok	-13.416469070447066	gummiferaoside C	-1.4714538028845032	-1.9912525936670589	-0.9516550121019476	-2.631167244361347	-0.3117403614076592	within	no listed structural alert	enone or ester; within energy range; no listed structural alert	280	weak calibration; fragment-group Q2 = 0.287; ranked hypothesis only	within calibration range	no listed structural alert	ranked hypothesis (in applicability domain)	ring severed by truncation
Mol_12091	Mol_12091:atom6	ester	ranked hypothesis (in applicability domain)	C=C[C@@](C)(CC/C=C(\C)C(=O)O[C@H]1[C@H](O)[C@@H](O)[C@H](O[C@](C)(C=C)CC/C=C(\CO)C(=O)O[C@H]2C[C@]3(C(=O)O[C@@H]4O[C@H](CO)[C@@H](O)[C@H](O)[C@H]4O[C@@H]4O[C@@H](C)[C@H](O[C@@H]5O[C@@H](CO)[C@H](O)[C@H]5O)[C@@H](O[C@@H]5O[C@H](CO)[C@@H](O)[C@H](O)[C@H]5O)[C@H]4O)[C@H](O)C[C@]4(C)C(=CC[C@@H]5[C@@]6(C)CC[C@H](O[C@@H]7O[C@H](CO[C@@H]8OC[C@H](O)[C@H](O)[C@H]8O[C@@H]8OC[C@@H](O)[C@H](O)[C@H]8O)[C@@H](O)[C@H](O)[C@H]7O)C(C)(C)[C@@H]6CC[C@]54C)[C@@H]3CC2(C)C)O[C@@H]1C)O[C@@H]1O[C@H](C)[C@@H](O)[C@H](O)[C@H]1O	6;7;9;10	4;5;6;7;8;9;10;11;12	CC/[CH:1001]=[C:1002](\C)[C:1003](OC)=[O:1004]	CC/C=C(\C)C(=O)OC	CCC(SC)C(C)=C([O-])OC	0559da15e67b3ad8310e	83750e0bdca84b2a835a	63873bf3cc344f2bc202	ok	-12.918920436864562	julibroside J	-1.6678769536879816	-2.235130489943316	-1.1006234174326472	-2.8496218744882533	-0.4861320328877101	within	no listed structural alert	enone or ester; within energy range; no listed structural alert	287	weak calibration; fragment-group Q2 = 0.287; ranked hypothesis only	within calibration range	no listed structural alert	ranked hypothesis (in applicability domain)	ring severed by truncation
Mol_12092	Mol_12092:atom6	ester	ranked hypothesis (in applicability domain)	C=C[C@](C)(CC/C=C(\C)C(=O)OC1C(C)OC(O[C@](C)(C=C)CC/C=C(\C)C(=O)OC2C(C)OC(O[C@](C)(C=C)CC/C=C(\CO)C(=O)O[C@H]3C[C@@]4(C(=O)OC5OC(CO)C(O)C(O)C5OC5OC(C)C(OC6OC(CO)C(O)C6O)C(OC6OC(CO)C(O)C(O)C6O)C5O)C(CC3(C)C)C3=CCC5[C@@]6(C)CC[C@H](OC7OC(COC8OC(C)C(O)C(O)C8OC8OCC(O)C(O)C8O)C(O)C(O)C7O)C(C)(C)C6CC[C@@]5(C)[C@]3(C)C[C@H]4O)C(O)C2O)C(O)C1O)OC1OC(C)C(O)C(O)C1O	6;7;9;10	4;5;6;7;8;9;10;11;12	CC/[CH:1001]=[C:1002](\C)[C:1003](OC)=[O:1004]	CC/C=C(\C)C(=O)OC	CCC(SC)C(C)=C([O-])OC	0559da15e67b3ad8310e	83750e0bdca84b2a835a	63873bf3cc344f2bc202	ok	-12.918920436864562	lebbeckoside A	-1.6678769536879816	-2.235130489943316	-1.1006234174326472	-2.8496218744882533	-0.4861320328877101	within	no listed structural alert	enone or ester; within energy range; no listed structural alert	287	weak calibration; fragment-group Q2 = 0.287; ranked hypothesis only	within calibration range	no listed structural alert	ranked hypothesis (in applicability domain)	ring severed by truncation
Mol_12092	Mol_12092:atom24	ester	ranked hypothesis (in applicability domain)	C=C[C@](C)(CC/C=C(\C)C(=O)OC1C(C)OC(O[C@](C)(C=C)CC/C=C(\C)C(=O)OC2C(C)OC(O[C@](C)(C=C)CC/C=C(\CO)C(=O)O[C@H]3C[C@@]4(C(=O)OC5OC(CO)C(O)C(O)C5OC5OC(C)C(OC6OC(CO)C(O)C6O)C(OC6OC(CO)C(O)C(O)C6O)C5O)C(CC3(C)C)C3=CCC5[C@@]6(C)CC[C@H](OC7OC(COC8OC(C)C(O)C(O)C8OC8OCC(O)C(O)C8O)C(O)C(O)C7O)C(C)(C)C6CC[C@@]5(C)[C@]3(C)C[C@H]4O)C(O)C2O)C(O)C1O)OC1OC(C)C(O)C(O)C1O	24;25;27;28	22;23;24;25;26;27;28;29;30	CC/[CH:1001]=[C:1002](\C)[C:1003](OC)=[O:1004]	CC/C=C(\C)C(=O)OC	CCC(SC)C(C)=C([O-])OC	0559da15e67b3ad8310e	83750e0bdca84b2a835a	63873bf3cc344f2bc202	ok	-12.918920436864562	lebbeckoside A	-1.6678769536879816	-2.235130489943316	-1.1006234174326472	-2.8496218744882533	-0.4861320328877101	within	no listed structural alert	enone or ester; within energy range; no listed structural alert	287	weak calibration; fragment-group Q2 = 0.287; ranked hypothesis only	within calibration range	no listed structural alert	ranked hypothesis (in applicability domain)	ring severed by truncation
Mol_12093	Mol_12093:atom6	ester	ranked hypothesis (in applicability domain)	C=C[C@](C)(CC/C=C(\C)C(=O)OC1C(C)OC(O[C@](C)(C=C)CC/C=C(\C)C(=O)O[C@H]2C[C@@]3(C(=O)OC4OC(CO)C(O)C(O)C4OC4OC(C)C(OC5OCC(O)C(O)C5O)C(OC5OC(CO)C(O)C(O)C5O)C4O)C(CC2(C)C)C2=CCC4[C@@]5(C)CC[C@H](OC6OC(COC7OC(C)C(O)C(O)C7OC7OCC(O)C(O)C7O)C(O)C(O)C6O)C(C)(C)C5CC[C@@]4(C)[C@]2(C)C[C@H]3O)C(O)C1O)OC1OC(C)C(O)C(O)C1O	6;7;9;10	4;5;6;7;8;9;10;11;12	CC/[CH:1001]=[C:1002](\C)[C:1003](OC)=[O:1004]	CC/C=C(\C)C(=O)OC	CCC(SC)C(C)=C([O-])OC	0559da15e67b3ad8310e	83750e0bdca84b2a835a	63873bf3cc344f2bc202	ok	-12.918920436864562	lebbeckoside B	-1.6678769536879816	-2.235130489943316	-1.1006234174326472	-2.8496218744882533	-0.4861320328877101	within	no listed structural alert	enone or ester; within energy range; no listed structural alert	287	weak calibration; fragment-group Q2 = 0.287; ranked hypothesis only	within calibration range	no listed structural alert	ranked hypothesis (in applicability domain)	ring severed by truncation
Mol_12093	Mol_12093:atom24	ester	ranked hypothesis (in applicability domain)	C=C[C@](C)(CC/C=C(\C)C(=O)OC1C(C)OC(O[C@](C)(C=C)CC/C=C(\C)C(=O)O[C@H]2C[C@@]3(C(=O)OC4OC(CO)C(O)C(O)C4OC4OC(C)C(OC5OCC(O)C(O)C5O)C(OC5OC(CO)C(O)C(O)C5O)C4O)C(CC2(C)C)C2=CCC4[C@@]5(C)CC[C@H](OC6OC(COC7OC(C)C(O)C(O)C7OC7OCC(O)C(O)C7O)C(O)C(O)C6O)C(C)(C)C5CC[C@@]4(C)[C@]2(C)C[C@H]3O)C(O)C1O)OC1OC(C)C(O)C(O)C1O	24;25;27;28	22;23;24;25;26;27;28;29;30	CC/[CH:1001]=[C:1002](\C)[C:1003](OC)=[O:1004]	CC/C=C(\C)C(=O)OC	CCC(SC)C(C)=C([O-])OC	0559da15e67b3ad8310e	83750e0bdca84b2a835a	63873bf3cc344f2bc202	ok	-12.918920436864562	lebbeckoside B	-1.6678769536879816	-2.235130489943316	-1.1006234174326472	-2.8496218744882533	-0.4861320328877101	within	no listed structural alert	enone or ester; within energy range; no listed structural alert	287	weak calibration; fragment-group Q2 = 0.287; ranked hypothesis only	within calibration range	no listed structural alert	ranked hypothesis (in applicability domain)	ring severed by truncation
Mol_12094	Mol_12094:atom6	ester	ranked hypothesis (in applicability domain)	C=C[C@](C)(CC/C=C(\C)C(=O)OC1C(C)OC(O[C@](C)(C=C)CC/C=C(\C)C(=O)OC2C(C)OC(O[C@](C)(C=C)CC/C=C(\C)C(=O)O[C@H]3C[C@@]4(C(=O)OC5OC(CO)C(O)C(O)C5OC5OC(C)C(OC6OC(CO)C(O)C6O)C(OC6OC(C)C(O)C(O)C6O)C5O)C(CC3(C)C)C3=CCC5[C@@]6(C)CC[C@H](OC7OC(COC8OC(C)C(O)C(O)C8OC8OCC(O)C(O)C8O)C(O)C(O)C7OC7OC(CO)C(O)C(O)C7O)C(C)(C)C6CC[C@@]5(C)[C@]3(C)C[C@H]4O)C(O)C2O)C(O)C1O)OC1OC(C)C(O)C(O)C1O	6;7;9;10	4;5;6;7;8;9;10;11;12	CC/[CH:1001]=[C:1002](\C)[C:1003](OC)=[O:1004]	CC/C=C(\C)C(=O)OC	CCC(SC)C(C)=C([O-])OC	0559da15e67b3ad8310e	83750e0bdca84b2a835a	63873bf3cc344f2bc202	ok	-12.918920436864562	lebbeckoside C	-1.6678769536879816	-2.235130489943316	-1.1006234174326472	-2.8496218744882533	-0.4861320328877101	within	no listed structural alert	enone or ester; within energy range; no listed structural alert	287	weak calibration; fragment-group Q2 = 0.287; ranked hypothesis only	within calibration range	no listed structural alert	ranked hypothesis (in applicability domain)	ring severed by truncation
Mol_12094	Mol_12094:atom24	ester	ranked hypothesis (in applicability domain)	C=C[C@](C)(CC/C=C(\C)C(=O)OC1C(C)OC(O[C@](C)(C=C)CC/C=C(\C)C(=O)OC2C(C)OC(O[C@](C)(C=C)CC/C=C(\C)C(=O)O[C@H]3C[C@@]4(C(=O)OC5OC(CO)C(O)C(O)C5OC5OC(C)C(OC6OC(CO)C(O)C6O)C(OC6OC(C)C(O)C(O)C6O)C5O)C(CC3(C)C)C3=CCC5[C@@]6(C)CC[C@H](OC7OC(COC8OC(C)C(O)C(O)C8OC8OCC(O)C(O)C8O)C(O)C(O)C7OC7OC(CO)C(O)C(O)C7O)C(C)(C)C6CC[C@@]5(C)[C@]3(C)C[C@H]4O)C(O)C2O)C(O)C1O)OC1OC(C)C(O)C(O)C1O	24;25;27;28	22;23;24;25;26;27;28;29;30	CC/[CH:1001]=[C:1002](\C)[C:1003](OC)=[O:1004]	CC/C=C(\C)C(=O)OC	CCC(SC)C(C)=C([O-])OC	0559da15e67b3ad8310e	83750e0bdca84b2a835a	63873bf3cc344f2bc202	ok	-12.918920436864562	lebbeckoside C	-1.6678769536879816	-2.235130489943316	-1.1006234174326472	-2.8496218744882533	-0.4861320328877101	within	no listed structural alert	enone or ester; within energy range; no listed structural alert	287	weak calibration; fragment-group Q2 = 0.287; ranked hypothesis only	within calibration range	no listed structural alert	ranked hypothesis (in applicability domain)	ring severed by truncation
Mol_12094	Mol_12094:atom42	ester	ranked hypothesis (in applicability domain)	C=C[C@](C)(CC/C=C(\C)C(=O)OC1C(C)OC(O[C@](C)(C=C)CC/C=C(\C)C(=O)OC2C(C)OC(O[C@](C)(C=C)CC/C=C(\C)C(=O)O[C@H]3C[C@@]4(C(=O)OC5OC(CO)C(O)C(O)C5OC5OC(C)C(OC6OC(CO)C(O)C6O)C(OC6OC(C)C(O)C(O)C6O)C5O)C(CC3(C)C)C3=CCC5[C@@]6(C)CC[C@H](OC7OC(COC8OC(C)C(O)C(O)C8OC8OCC(O)C(O)C8O)C(O)C(O)C7OC7OC(CO)C(O)C(O)C7O)C(C)(C)C6CC[C@@]5(C)[C@]3(C)C[C@H]4O)C(O)C2O)C(O)C1O)OC1OC(C)C(O)C(O)C1O	42;43;45;46	40;41;42;43;44;45;46;47;48	CC/[CH:1001]=[C:1002](\C)[C:1003](OC)=[O:1004]	CC/C=C(\C)C(=O)OC	CCC(SC)C(C)=C([O-])OC	0559da15e67b3ad8310e	83750e0bdca84b2a835a	63873bf3cc344f2bc202	ok	-12.918920436864562	lebbeckoside C	-1.6678769536879816	-2.235130489943316	-1.1006234174326472	-2.8496218744882533	-0.4861320328877101	within	no listed structural alert	enone or ester; within energy range; no listed structural alert	287	weak calibration; fragment-group Q2 = 0.287; ranked hypothesis only	within calibration range	no listed structural alert	ranked hypothesis (in applicability domain)	ring severed by truncation
Mol_12103	Mol_12103:atom6	ester	ranked hypothesis (in applicability domain)	C=C[C@](C)(CC/C=C(\C)C(=O)O[C@H]1C[C@@]2(C(=O)OC3OC(CO)C(O)C(O)C3OC3OC(C)C(OC4OC(CO)C(O)C4O)C(OC4OC(CO)C(O)C(O)C4O)C3O)C(CC1(C)C)C1=CCC3[C@@]4(C)CC[C@H](OC5OC(COC6OCC(O)C(O)C6O)C(O)C(O)C5OC5OC(CO)C(O)C(O)C5O)C(C)(C)C4CC[C@@]3(C)[C@]1(C)C[C@H]2O)OC1OC(C)C(O)C(O)C1O	6;7;9;10	4;5;6;7;8;9;10;11;12	CC/[CH:1001]=[C:1002](\C)[C:1003](OC)=[O:1004]	CC/C=C(\C)C(=O)OC	CCC(SC)C(C)=C([O-])OC	0559da15e67b3ad8310e	83750e0bdca84b2a835a	63873bf3cc344f2bc202	ok	-12.918920436864562	zygiaoside C	-1.6678769536879816	-2.235130489943316	-1.1006234174326472	-2.8496218744882533	-0.4861320328877101	within	no listed structural alert	enone or ester; within energy range; no listed structural alert	287	weak calibration; fragment-group Q2 = 0.287; ranked hypothesis only	within calibration range	no listed structural alert	ranked hypothesis (in applicability domain)	ring severed by truncation
Mol_12104	Mol_12104:atom6	ester	ranked hypothesis (in applicability domain)	C=C[C@](C)(CC/C=C(\C)C(=O)O[C@H]1C[C@@]2(C(=O)OC3OC(CO)C(O)C(O)C3OC3OC(C)C(OC4OC(CO)C(O)C4O)C(OC4OC(CO)C(O)C(O)C4O)C3O)C(CC1(C)C)C1=CCC3[C@@]4(C)CC[C@H](OC5OC(COC6OC(C)C(O)C(O)C6O)C(O)C(O)C5OC5OC(CO)C(O)C(O)C5O)C(C)(C)C4CC[C@@]3(C)[C@]1(C)C[C@H]2O)OC1OC(C)C(O)C(O)C1O	6;7;9;10	4;5;6;7;8;9;10;11;12	CC/[CH:1001]=[C:1002](\C)[C:1003](OC)=[O:1004]	CC/C=C(\C)C(=O)OC	CCC(SC)C(C)=C([O-])OC	0559da15e67b3ad8310e	83750e0bdca84b2a835a	63873bf3cc344f2bc202	ok	-12.918920436864562	zygiaoside D	-1.6678769536879816	-2.235130489943316	-1.1006234174326472	-2.8496218744882533	-0.4861320328877101	within	no listed structural alert	enone or ester; within energy range; no listed structural alert	287	weak calibration; fragment-group Q2 = 0.287; ranked hypothesis only	within calibration range	no listed structural alert	ranked hypothesis (in applicability domain)	ring severed by truncation
Mol_12536	Mol_12536:atom10	enone	internally cross-validated candidate (in applicability domain)	COC(=O)C1=COC(O)[C@@H]2C(CO)=CC(=O)[C@H]12	10;13;14;15	4;7;9;10;11;12;13;14;15;16	C[C@@H]1[C@H](C)[C:1001](CO)=[CH:1002][C:1003]1=[O:1004]	C[C@@H]1C(CO)=CC(=O)[C@@H]1C	CSC1(CO)C=C([O-])[C@H](C)[C@@H]1C	cca478c880e47234efb3	6ce4fcd50b1e4b8d56c3	63873bf3cc344f2bc202	ok	-13.364122930768216	6-oxo-genipin	0.9047628927839186	0.5586249266725526	1.2509008588952848	-0.4199799799138788	2.229505765481716	within	no listed structural alert	enone or ester; within energy range; no listed structural alert	617	cross-validated calibration; fragment-group Q2 = 0.750	within calibration range	no listed structural alert	internally cross-validated candidate (in applicability domain)	ring severed by truncation
Mol_13029	Mol_13029:atom31	enone	internally cross-validated candidate (in applicability domain)	C=C(C)[C@@]12O[C@@]3(CCCCCCCCC)O[C@@H]1[C@@H]1[C@@H]4O[C@]4(CO)[C@@H](O)[C@]4(O)C(=O)C(C)=CC4[C@@]1(O3)[C@H](C)[C@H]2OC(=O)c1ccccc1	31;29;27;28	23;25;26;27;28;29;30;31;32;33	CC1[C@@](C)(O)[C:1003](=[O:1004])[C:1002](C)=[CH:1001]1	CC1=CC(C)[C@@](C)(O)C1=O	CSC1C(C)=C([O-])[C@](C)(O)C1C	61a7b6e607b911707f54	7988f03336ecfb21906d	63873bf3cc344f2bc202	ok	-16.502009180472367	gnidilatin	2.2590910144605703	1.787066289324361	2.73111573959678	0.8960284596525327	3.622153569268608	within	no listed structural alert	enone or ester; within energy range; no listed structural alert	429	cross-validated calibration; fragment-group Q2 = 0.750	within calibration range	no listed structural alert	internally cross-validated candidate (in applicability domain)	alpha-prime heteroatom; ring severed by truncation
Mol_13030	Mol_13030:atom31	enone	internally cross-validated candidate (in applicability domain)	C=C(C)[C@@]12OC3(/C=C/C=C/CCCCC)O[C@@H]1[C@@H]1[C@@H]4O[C@]4(CO)[C@@H](O)[C@]4(O)C(=O)C(C)=C[C@H]4[C@@]1(O3)[C@H](C)[C@H]2OC(=O)c1ccccc1	31;29;27;28	23;25;26;27;28;29;30;31;32;33	C[C@H]1[C@@](C)(O)[C:1003](=[O:1004])[C:1002](C)=[CH:1001]1	CC1=C[C@@H](C)[C@@](C)(O)C1=O	CSC1C(C)=C([O-])[C@](C)(O)[C@@H]1C	63dcc1daf7442126f055	02f4fa6a69ac38351420	63873bf3cc344f2bc202	ok	-16.705520264705136	gnidilatidin	2.346927463113013	1.8575533914028008	2.836301534823225	0.9777601361430284	3.716094790082997	within	no listed structural alert	enone or ester; within energy range; no listed structural alert	435	cross-validated calibration; fragment-group Q2 = 0.750	within calibration range	no listed structural alert	internally cross-validated candidate (in applicability domain)	alpha-prime heteroatom; ring severed by truncation
Mol_13576	Mol_13576:atom1	ester	ranked hypothesis (in applicability domain)	C/C=C(/C)C(=O)O[C@H]1/C=C(\C)CC/C=C(\C)C[C@H](OC(=O)/C(C)=C/C)[C@H]1C(C)(C)O	1;2;4;5	0;1;2;3;4;5;6;7	CO[C:1003](/[C:1002](C)=[CH:1001]\C)=[O:1004]	C/C=C(/C)C(=O)OC	COC([O-])=C(C)C(C)SC	2f2cf585931c3a41315c	45b330041a48775c0812	63873bf3cc344f2bc202	ok	-12.87931274693731	6-O-angeloyl-8-O-tigloyl-beta,8alpha,11-trihydroxygermacra-1(10)E,4E-diene	-1.6835133492610952	-2.254660141059235	-1.112366557462955	-2.8671320130309628	-0.4998946854912278	within	no listed structural alert	enone or ester; within energy range; no listed structural alert	14	weak calibration; fragment-group Q2 = 0.287; ranked hypothesis only	within calibration range	no listed structural alert	ranked hypothesis (in applicability domain)	ring severed by truncation
Mol_13576	Mol_13576:atom23	ester	ranked hypothesis (in applicability domain)	C/C=C(/C)C(=O)O[C@H]1/C=C(\C)CC/C=C(\C)C[C@H](OC(=O)/C(C)=C/C)[C@H]1C(C)(C)O	23;21;19;20	17;18;19;20;21;22;23;24	CO[C:1003](/[C:1002](C)=[CH:1001]/C)=[O:1004]	C/C=C(\C)C(=O)OC	COC([O-])=C(C)C(C)SC	2d67f2c0c8fbe9e3fd3e	45b330041a48775c0812	63873bf3cc344f2bc202	ok	-11.93330027436887	6-O-angeloyl-8-O-tigloyl-beta,8alpha,11-trihydroxygermacra-1(10)E,4E-diene	-2.056981866747176	-2.725064905864692	-1.3888988276296597	-3.290302356563004	-0.8236613769313474	within	no listed structural alert	enone or ester; within energy range; no listed structural alert	21	weak calibration; fragment-group Q2 = 0.287; ranked hypothesis only	within calibration range	no listed structural alert	ranked hypothesis (in applicability domain)	ring severed by truncation
Mol_13577	Mol_13577:atom1	ester	ranked hypothesis (in applicability domain)	C/C=C(/C)C(=O)O[C@H]1/C=C(\C)CC/C=C(\C)C[C@H](OC(=O)C=C(C)C)[C@H]1C(C)(C)O	1;2;4;5	0;1;2;3;4;5;6;7	CO[C:1003](/[C:1002](C)=[CH:1001]\C)=[O:1004]	C/C=C(/C)C(=O)OC	COC([O-])=C(C)C(C)SC	2f2cf585931c3a41315c	45b330041a48775c0812	63873bf3cc344f2bc202	ok	-12.87931274693731	6-O-angeloyl-8-O-senecioyl-6beta,8alpha,11-trihydroxygermacra-1(10)E,4E-diene	-1.6835133492610952	-2.254660141059235	-1.112366557462955	-2.8671320130309628	-0.4998946854912278	within	no listed structural alert	enone or ester; within energy range; no listed structural alert	14	weak calibration; fragment-group Q2 = 0.287; ranked hypothesis only	within calibration range	no listed structural alert	ranked hypothesis (in applicability domain)	ring severed by truncation
Mol_13578	Mol_13578:atom22	ester	ranked hypothesis (in applicability domain)	C=C1C[C@H](OC(=O)C(C)CC)[C@@H](C(C)(C)O)[C@@H](OC(=O)/C(C)=C/C)/C=C(\C)CC[C@@H]1O	22;20;18;19	16;17;18;19;20;21;22;23	CO[C:1003](/[C:1002](C)=[CH:1001]/C)=[O:1004]	C/C=C(\C)C(=O)OC	COC([O-])=C(C)C(C)SC	2d67f2c0c8fbe9e3fd3e	45b330041a48775c0812	63873bf3cc344f2bc202	ok	-11.93330027436887	6-O-tigloyl-8-O-2-methylbutyryl 1alpha,6beta,8alpha,11-tetrahydroxygermacra-4E,1	-2.056981866747176	-2.725064905864692	-1.3888988276296597	-3.290302356563004	-0.8236613769313474	within	no listed structural alert	enone or ester; within energy range; no listed structural alert	21	weak calibration; fragment-group Q2 = 0.287; ranked hypothesis only	within calibration range	no listed structural alert	ranked hypothesis (in applicability domain)	ring severed by truncation
Mol_13579	Mol_13579:atom22	ester	ranked hypothesis (in applicability domain)	C=C1C[C@H](OC(=O)CC(C)C)[C@@H](C(C)(C)O)[C@@H](OC(=O)/C(C)=C/C)/C=C(\C)CC[C@@H]1O	22;20;18;19	16;17;18;19;20;21;22;23	CO[C:1003](/[C:1002](C)=[CH:1001]/C)=[O:1004]	C/C=C(\C)C(=O)OC	COC([O-])=C(C)C(C)SC	2d67f2c0c8fbe9e3fd3e	45b330041a48775c0812	63873bf3cc344f2bc202	ok	-11.93330027436887	6-O-tigloyl-8-O-isovaleryl-1alpha-6beta,8alpha,11-tetrahydroxygermacra-4E,10 (14	-2.056981866747176	-2.725064905864692	-1.3888988276296597	-3.290302356563004	-0.8236613769313474	within	no listed structural alert	enone or ester; within energy range; no listed structural alert	21	weak calibration; fragment-group Q2 = 0.287; ranked hypothesis only	within calibration range	no listed structural alert	ranked hypothesis (in applicability domain)	ring severed by truncation
Mol_13580	Mol_13580:atom9	ester	ranked hypothesis (in applicability domain)	C=C1C[C@H](OC(=O)/C(C)=C/C)[C@@H](C(C)(C)O)[C@@H](OC(=O)C(C)C)/C=C(\C)CC[C@@H]1O	9;7;5;6	3;4;5;6;7;8;9;10	CO[C:1003](/[C:1002](C)=[CH:1001]/C)=[O:1004]	C/C=C(\C)C(=O)OC	COC([O-])=C(C)C(C)SC	2d67f2c0c8fbe9e3fd3e	45b330041a48775c0812	63873bf3cc344f2bc202	ok	-11.93330027436887	6-O-isobutyryl-8-O-tigloyl-1alpha,6beta,8alpha,11-tetrahydroxygermacra-4E,10 (14	-2.056981866747176	-2.725064905864692	-1.3888988276296597	-3.290302356563004	-0.8236613769313474	within	no listed structural alert	enone or ester; within energy range; no listed structural alert	21	weak calibration; fragment-group Q2 = 0.287; ranked hypothesis only	within calibration range	no listed structural alert	ranked hypothesis (in applicability domain)	ring severed by truncation
Mol_13581	Mol_13581:atom22	ester	ranked hypothesis (in applicability domain)	C=C1C[C@H](OC(=O)C=C(C)C)[C@@H](C(C)(C)O)[C@@H](OC(=O)/C(C)=C/C)/C=C(\C)CC[C@@H]1O	22;20;18;19	16;17;18;19;20;21;22;23	CO[C:1003](/[C:1002](C)=[CH:1001]/C)=[O:1004]	C/C=C(\C)C(=O)OC	COC([O-])=C(C)C(C)SC	2d67f2c0c8fbe9e3fd3e	45b330041a48775c0812	63873bf3cc344f2bc202	ok	-11.93330027436887	6-O-tigloyl-8-O-senecioyl-1alpha,6beta,8alpha,11-tetrahydroxygermacra-4E,10(14)-	-2.056981866747176	-2.725064905864692	-1.3888988276296597	-3.290302356563004	-0.8236613769313474	within	no listed structural alert	enone or ester; within energy range; no listed structural alert	21	weak calibration; fragment-group Q2 = 0.287; ranked hypothesis only	within calibration range	no listed structural alert	ranked hypothesis (in applicability domain)	ring severed by truncation
Mol_13582	Mol_13582:atom1	ester	ranked hypothesis (in applicability domain)	C/C=C(/C)C(=O)O[C@]1(C)C(=O)O[C@H]2C/C(C)=C/CC/C(C)=C/[C@H](OC(=O)[C@@]3(C)O[C@H]3C)[C@@H]21	1;2;4;5	0;1;2;3;4;5;6;7	CO[C:1003](/[C:1002](C)=[CH:1001]\C)=[O:1004]	C/C=C(/C)C(=O)OC	COC([O-])=C(C)C(C)SC	2f2cf585931c3a41315c	45b330041a48775c0812	63873bf3cc344f2bc202	ok	-12.87931274693731	daucovirgolide G	-1.6835133492610952	-2.254660141059235	-1.112366557462955	-2.8671320130309628	-0.4998946854912278	within	no listed structural alert	enone or ester; within energy range; no listed structural alert	14	weak calibration; fragment-group Q2 = 0.287; ranked hypothesis only	within calibration range	no listed structural alert	ranked hypothesis (in applicability domain)	ring severed by truncation
Mol_13691	Mol_13691:atom3	enone	internally cross-validated candidate (in applicability domain)	O=C1C=C(/C=C/c2cc(O)cc(O)c2)C2C(c3cc(O)cc(O)c3)=C(c3cc(O)c(O)c(O)c3)C(=O)[C@]12O	3;2;1;0	0;1;2;3;4;5;14;15;34;36;37	C=C[C:1001]1=[CH:1002][C:1003](=[O:1004])[C@](C)(O)C1C	C=CC1=CC(=O)[C@](C)(O)C1C	C=CC1(SC)C=C([O-])[C@](C)(O)C1C	0f960c4d8a5ed7bbdd3f	2eeeecacb816790786a0	63873bf3cc344f2bc202	ok	-13.56271258600096	syagrusin B	0.9904752269327846	0.6473335500502275	1.3336169038153416	-0.3334879136393665	2.314438367504936	within	no listed structural alert	enone or ester; within energy range; no listed structural alert	185	cross-validated calibration; fragment-group Q2 = 0.750	within calibration range	no listed structural alert	internally cross-validated candidate (in applicability domain)	alpha-prime heteroatom; ring severed by truncation
Mol_13703	Mol_13703:atom7	enone	internally cross-validated candidate (in applicability domain)	CCCCC/C=C\C=C\C(=O)CCCCCCCC(=O)O	7;8;9;10	5;6;7;8;9;10;11;12	C=C/[CH:1001]=[CH:1002]/[C:1003](CC)=[O:1004]	C=C/C=C/C(=O)CC	C=CC(C=C([O-])CC)SC	2575f26b278e7a8b7493	0454b260d16ace688e3f	63873bf3cc344f2bc202	ok	-11.607117110745271	9-oxo-10E,12Z-octadecadienoic acid	0.1464299888327405	-0.2878636871796302	0.5807236648451112	-1.2040303712683025	1.4968903489337837	within	no listed structural alert	enone or ester; within energy range; no listed structural alert	86	cross-validated calibration; fragment-group Q2 = 0.750	within calibration range	no listed structural alert	internally cross-validated candidate (in applicability domain)	none
Mol_13750	Mol_13750:atom9	ester	ranked hypothesis (in applicability domain)	C=C[C@]1(C)C[C@H](O)C(C(=C)C(=O)OC)[C@H](O)C1C(=C)CO	9;8;10;11	5;7;8;9;10;11;12;13;14	CO[C:1003]([C:1002](C(C)C)=[CH2:1001])=[O:1004]	C=C(C(=O)OC)C(C)C	COC([O-])=C(CSC)C(C)C	1ed839339efbe7987294	42a2ab3233c3bee8c2c2	63873bf3cc344f2bc202	ok	-16.991922386392556	6alpha,8alpha,15-trihydroxyelema-1,3,11(13)-trien-12-olide methyl ester	-0.0599298663961835	-0.4096888782228589	0.2898291454304917	-1.1540394814700257	1.0341797486776585	within	no listed structural alert	enone or ester; within energy range; no listed structural alert	35	weak calibration; fragment-group Q2 = 0.287; ranked hypothesis only	within calibration range	no listed structural alert	ranked hypothesis (in applicability domain)	ring severed by truncation
Mol_13751	Mol_13751:atom17	ester	ranked hypothesis (in applicability domain)	C=C[C@]1(C)C[C@H](OC(=O)C(=C)C(O)CO)C(C(=C)C(=O)OC)C(O)C1C(=C)CO	17;16;18;19	5;15;16;17;18;19;20;21;22	CO[C:1003]([C:1002](C(C)C)=[CH2:1001])=[O:1004]	C=C(C(=O)OC)C(C)C	COC([O-])=C(CSC)C(C)C	1ed839339efbe7987294	42a2ab3233c3bee8c2c2	63873bf3cc344f2bc202	ok	-16.991922386392556	8alpha-O-(3',4'-dihydroxy-methylenebutanoyloxy)-dehydromelitensin methylester	-0.0599298663961835	-0.4096888782228589	0.2898291454304917	-1.1540394814700257	1.0341797486776585	within	no listed structural alert	enone or ester; within energy range; no listed structural alert	35	weak calibration; fragment-group Q2 = 0.287; ranked hypothesis only	within calibration range	no listed structural alert	ranked hypothesis (in applicability domain)	ring severed by truncation
Mol_13756	Mol_13756:atom13	ester	ranked hypothesis (in applicability domain)	C=C1C(=O)O[C@H]2[C@H]1[C@@H](OC(=O)/C(C)=C/COC(C)=O)CC(=C)[C@@H]1C[C@H](O)[C@](O)(CCl)[C@H]21	13;11;9;10	7;8;9;10;11;12;13;14;15	CO[C:1003](/[C:1002](C)=[CH:1001]/CO)=[O:1004]	COC(=O)/C(C)=C/CO	COC([O-])=C(C)C(CO)SC	6563f7ef48788eee1422	5154d8004f7aaff7b79d	63873bf3cc344f2bc202	ok	-13.91818725427916	chloroscoparin	-1.2733845894809503	-1.7486155361772138	-0.7981536427846869	-2.4138182509189514	-0.1329509280429495	within	no listed structural alert	enone or ester; within energy range; no listed structural alert	549	weak calibration; fragment-group Q2 = 0.287; ranked hypothesis only	within calibration range	no listed structural alert	ranked hypothesis (in applicability domain)	ring severed by truncation
Mol_13757	Mol_13757:atom23	ester	ranked hypothesis (in applicability domain)	C=C1C(=O)O[C@@H]2[C@@H]3[C@@H](C[C@H](O)[C@]3(O)CCl)C(=C)[C@H](OC(=O)/C(C)=C/CO)C[C@@H]12	23;21;19;20	17;18;19;20;21;22;23;24;25	CO[C:1003](/[C:1002](C)=[CH:1001]/CO)=[O:1004]	COC(=O)/C(C)=C/CO	COC([O-])=C(C)C(CO)SC	6563f7ef48788eee1422	5154d8004f7aaff7b79d	63873bf3cc344f2bc202	ok	-13.91818725427916	8-O-(4-hydroxy)-tiglate	-1.2733845894809503	-1.7486155361772138	-0.7981536427846869	-2.4138182509189514	-0.1329509280429495	within	no listed structural alert	enone or ester; within energy range; no listed structural alert	549	weak calibration; fragment-group Q2 = 0.287; ranked hypothesis only	within calibration range	no listed structural alert	ranked hypothesis (in applicability domain)	ring severed by truncation
Mol_13769	Mol_13769:atom10	enone	internally cross-validated candidate (in applicability domain)	C=C1C(=O)O[C@H]([C@H]2C(=O)C=C[C@@]2(C)O)[C@H]1CCC(C)=O	10;9;7;8	5;6;7;8;9;10;11;12;13	C[C@@H]1[C@](C)(O)[CH:1001]=[CH:1002][C:1003]1=[O:1004]	C[C@H]1C(=O)C=C[C@@]1(C)O	CSC1C=C([O-])[C@H](C)[C@]1(C)O	3e465253e8d09cbf7d19	f39329508128cadbc757	63873bf3cc344f2bc202	ok	-17.299438549894447	5-betaH-seco-tanapartholide	2.6032657021698604	2.0600082398405952	3.1465231644991256	1.2139274217081388	3.9926039826315822	within	no listed structural alert	enone or ester; within energy range; no listed structural alert	657	cross-validated calibration; fragment-group Q2 = 0.750	within calibration range	no listed structural alert	internally cross-validated candidate (in applicability domain)	ring severed by truncation
Mol_13772	Mol_13772:atom7	enone	internally cross-validated candidate (in applicability domain)	C=C1C(=O)O[C@H](C2=C(C)[C@@H](O)CC2=O)C1CCC(C)=O	7;6;12;13	4;5;6;7;8;9;10;11;12;13;14	C[C@H](O)[C:1002]1=[C:1001](C)[C@@H](O)C[C:1003]1=[O:1004]	CC1=C([C@H](C)O)C(=O)C[C@@H]1O	CSC1(C)C([C@H](C)O)=C([O-])C[C@@H]1O	366ae03526ce732f5ee5	c8eac1e4085473b24f78	63873bf3cc344f2bc202	ok	-14.860543091564988	iso-seco-tanapartholide	1.5506256629216324	1.1861971351207203	1.9150541907225445	0.2209864866579964	2.8802648391852683	within	no listed structural alert	enone or ester; within energy range; no listed structural alert	381	cross-validated calibration; fragment-group Q2 = 0.750	within calibration range	no listed structural alert	internally cross-validated candidate (in applicability domain)	ring severed by truncation
Mol_13835	Mol_13835:atom1	ester	ranked hypothesis (in applicability domain)	C/C=C(/C)C(=O)O[C@@H]1CC[N+]2([O-])CC=C(COC(=O)[C@](O)(C(C)C)[C@H](C)O)[C@H]12	1;2;4;5	0;1;2;3;4;5;6;7	CO[C:1003](/[C:1002](C)=[CH:1001]\C)=[O:1004]	C/C=C(/C)C(=O)OC	COC([O-])=C(C)C(C)SC	2f2cf585931c3a41315c	45b330041a48775c0812	63873bf3cc344f2bc202	ok	-12.87931274693731	7-O-angeloyllycopsamine N-oxide	-1.6835133492610952	-2.254660141059235	-1.112366557462955	-2.8671320130309628	-0.4998946854912278	within	no listed structural alert	enone or ester; within energy range; no listed structural alert	14	weak calibration; fragment-group Q2 = 0.287; ranked hypothesis only	within calibration range	no listed structural alert	ranked hypothesis (in applicability domain)	ring severed by truncation
Mol_13836	Mol_13836:atom1	ester	ranked hypothesis (in applicability domain)	C/C=C(/C)C(=O)O[C@@H]1CC[N+]2([O-])CC=C(COC(=O)[C@@](O)([C@H](C)O)C(C)(C)O)[C@H]12	1;2;4;5	0;1;2;3;4;5;6;7	CO[C:1003](/[C:1002](C)=[CH:1001]\C)=[O:1004]	C/C=C(/C)C(=O)OC	COC([O-])=C(C)C(C)SC	2f2cf585931c3a41315c	45b330041a48775c0812	63873bf3cc344f2bc202	ok	-12.87931274693731	echimidine N-oxide	-1.6835133492610952	-2.254660141059235	-1.112366557462955	-2.8671320130309628	-0.4998946854912278	within	no listed structural alert	enone or ester; within energy range; no listed structural alert	14	weak calibration; fragment-group Q2 = 0.287; ranked hypothesis only	within calibration range	no listed structural alert	ranked hypothesis (in applicability domain)	ring severed by truncation
Mol_13837	Mol_13837:atom4	enone	internally cross-validated candidate (in applicability domain)	CC(=O)/C=C/C1C(C)=CC(O)CC1(C)C	4;3;1;2	0;1;2;3;4;5;6;12	CC(C)/[CH:1001]=[CH:1002]/[C:1003](C)=[O:1004]	CC(=O)/C=C/C(C)C	CSC(C=C(C)[O-])C(C)C	eb248bd0056afe651969	d22018e44751d333f2e1	63873bf3cc344f2bc202	ok	-14.80319523556314	3-hydroxy-alpha-ionone	1.5258740282476575	1.1638015406579094	1.8879465158374056	0.1968786657842181	2.854869390711097	within	no listed structural alert	enone or ester; within energy range; no listed structural alert	190	cross-validated calibration; fragment-group Q2 = 0.750	within calibration range	no listed structural alert	internally cross-validated candidate (in applicability domain)	ring severed by truncation
Mol_13838	Mol_13838:atom4	enone	internally cross-validated candidate (in applicability domain)	CC(=O)/C=C/C1=C(C)C[C@@H](O)CC1(C)C	4;3;1;2	0;1;2;3;4;5;6;12	C=C(C)/[CH:1001]=[CH:1002]/[C:1003](C)=[O:1004]	C=C(C)/C=C/C(C)=O	C=C(C)C(C=C(C)[O-])SC	940e92ef98801d326c17	c3a21762d271085551fd	63873bf3cc344f2bc202	ok	-9.310014905108078	(−)-3-hydroxy-beta-ionone	-0.8450113407416602	-1.4896078731005438	-0.2004148083827764	-2.277015836792213	0.5869931553088925	within	no listed structural alert	enone or ester; within energy range; no listed structural alert	47	cross-validated calibration; fragment-group Q2 = 0.750	within calibration range	no listed structural alert	internally cross-validated candidate (in applicability domain)	ring severed by truncation
Mol_13850	Mol_13850:atom1	ester	ranked hypothesis (in applicability domain)	C/C=C(/C)C(=O)O[C@H]1CC[N+]2([O-])CC=C(COC(=O)[C@](O)(C(C)C)[C@H](C)O)[C@H]12	1;2;4;5	0;1;2;3;4;5;6;7	CO[C:1003](/[C:1002](C)=[CH:1001]\C)=[O:1004]	C/C=C(/C)C(=O)OC	COC([O-])=C(C)C(C)SC	2f2cf585931c3a41315c	45b330041a48775c0812	63873bf3cc344f2bc202	ok	-12.87931274693731	7-angeloylechinatine N-oxide	-1.6835133492610952	-2.254660141059235	-1.112366557462955	-2.8671320130309628	-0.4998946854912278	within	no listed structural alert	enone or ester; within energy range; no listed structural alert	14	weak calibration; fragment-group Q2 = 0.287; ranked hypothesis only	within calibration range	no listed structural alert	ranked hypothesis (in applicability domain)	ring severed by truncation
Mol_13851	Mol_13851:atom1	ester	ranked hypothesis (in applicability domain)	C/C=C(/C)C(=O)O[C@H]1CC[N+]2([O-])CC=C(COC(=O)[C@](O)([C@H](C)OC(C)=O)C(C)(C)O)[C@H]12	1;2;4;5	0;1;2;3;4;5;6;7	CO[C:1003](/[C:1002](C)=[CH:1001]\C)=[O:1004]	C/C=C(/C)C(=O)OC	COC([O-])=C(C)C(C)SC	2f2cf585931c3a41315c	45b330041a48775c0812	63873bf3cc344f2bc202	ok	-12.87931274693731	3′-acetylheliosupine N-oxide	-1.6835133492610952	-2.254660141059235	-1.112366557462955	-2.8671320130309628	-0.4998946854912278	within	no listed structural alert	enone or ester; within energy range; no listed structural alert	14	weak calibration; fragment-group Q2 = 0.287; ranked hypothesis only	within calibration range	no listed structural alert	ranked hypothesis (in applicability domain)	ring severed by truncation
Mol_13852	Mol_13852:atom1	ester	ranked hypothesis (in applicability domain)	C/C=C(/C)C(=O)O[C@H]1CC[N+]2([O-])CC=C(COC(=O)[C@](O)([C@H](C)O)C(C)(C)O)[C@H]12	1;2;4;5	0;1;2;3;4;5;6;7	CO[C:1003](/[C:1002](C)=[CH:1001]\C)=[O:1004]	C/C=C(/C)C(=O)OC	COC([O-])=C(C)C(C)SC	2f2cf585931c3a41315c	45b330041a48775c0812	63873bf3cc344f2bc202	ok	-12.87931274693731	heliosupine N-oxide	-1.6835133492610952	-2.254660141059235	-1.112366557462955	-2.8671320130309628	-0.4998946854912278	within	no listed structural alert	enone or ester; within energy range; no listed structural alert	14	weak calibration; fragment-group Q2 = 0.287; ranked hypothesis only	within calibration range	no listed structural alert	ranked hypothesis (in applicability domain)	ring severed by truncation
Mol_13873	Mol_13873:atom4	enone	internally cross-validated candidate (in applicability domain)	CC/C=C/C=C/C(C)=O	4;5;6;8	2;3;4;5;6;7;8	C=C/[CH:1001]=[CH:1002]/[C:1003](C)=[O:1004]	C=C/C=C/C(C)=O	C=CC(C=C(C)[O-])SC	367693f4c802c4d0b8a6	65729be8953467916693	63873bf3cc344f2bc202	ok	-10.089259611467549	3,5-octadien-2-one	-0.5086852487458788	-1.0753796708811	0.058009173389342	-1.9073541714216748	0.8899836739299172	within	no listed structural alert	enone or ester; within energy range; no listed structural alert	88	cross-validated calibration; fragment-group Q2 = 0.750	within calibration range	no listed structural alert	internally cross-validated candidate (in applicability domain)	none
Mol_13954	Mol_13954:atom10	ester	ranked hypothesis (in applicability domain)	C=C(C)C1C/C=C(\C)CC/C=C(\C(=O)OC)CC/C=C(/C=O)CC1	10;11;12;13	8;9;10;11;12;13;14;15;16;17	CC/[CH:1001]=[C:1002](/CC)[C:1003](OC)=[O:1004]	CC/C=C(/CC)C(=O)OC	CCC(=C([O-])OC)C(CC)SC	538910222b3813cc8e41	030adac212e8d07159c3	63873bf3cc344f2bc202	ok	-13.912623884947063	methy1-(3E,7Z,11E)-20-oxo-cembra-3,7,1l,15-tetraen-19-oate	-1.2755809065031185	-1.7512845478541803	-0.7998772651520567	-2.4162116258149027	-0.1349501871913343	within	no listed structural alert	enone or ester; within energy range; no listed structural alert	284	weak calibration; fragment-group Q2 = 0.287; ranked hypothesis only	within calibration range	no listed structural alert	ranked hypothesis (in applicability domain)	ring severed by truncation
Mol_14058	Mol_14058:atom3	enone	internally cross-validated candidate (in applicability domain)	C/C=C/C1=C(/C=C/C)C(=O)[C@@]2(C1)C[C@@H](O)C(=O)O2	3;4;8;9	1;2;3;4;5;6;8;9;10;11;12;17	C=C[C:1001]1=[C:1002](C=C)[C:1003](=[O:1004])[C@@](C)(O)C1	C=CC1=C(C=C)C(=O)[C@@](C)(O)C1	C=CC1=C([O-])[C@@](C)(O)CC1(C=C)SC	be0b2cb3fc4938f195c4	789ddae874da4668d1ca	63873bf3cc344f2bc202	ok	-17.55590537920351	chaetospirolactone	2.7139581274428464	2.146187831361318	3.281728423524375	1.3148529504484912	4.113063304437201	within	no listed structural alert	enone or ester; within energy range; no listed structural alert	173	cross-validated calibration; fragment-group Q2 = 0.750	within calibration range	no listed structural alert	internally cross-validated candidate (in applicability domain)	alpha-prime heteroatom; ring severed by truncation
Mol_14106	Mol_14106:atom5	ester	ranked hypothesis (in applicability domain)	COC(=O)/C=C/CCCCCCCCC(=O)OC	5;4;2;3	0;1;2;3;4;5;6;7	CC/[CH:1001]=[CH:1002]/[C:1003](OC)=[O:1004]	CC/C=C/C(=O)OC	CCC(C=C([O-])OC)SC	2e12182d543c279e9b6f	5b50bbe4e40b156e2044	63873bf3cc344f2bc202	ok	-15.244595529546652	2-dodecendioic acid dimethyl ester	-0.7497427279730609	-1.131462593411169	-0.3680228625349527	-1.854484570718752	0.3549991147726303	within	no listed structural alert	enone or ester; within energy range; no listed structural alert	294	weak calibration; fragment-group Q2 = 0.287; ranked hypothesis only	within calibration range	no listed structural alert	ranked hypothesis (in applicability domain)	none
Mol_14288	Mol_14288:atom0	ester	ranked hypothesis (in applicability domain)	C=C(CCO)C(=O)O[C@@H]1C=C(CO)[C@@](O)(CC(C)=O)[C@@H](OC(C)=O)C1C(=C)C	0;1;5;6	0;1;2;3;5;6;7;8	CC[C:1002](=[CH2:1001])[C:1003](OC)=[O:1004]	C=C(CC)C(=O)OC	CCC(CSC)=C([O-])OC	14e9bfcf809ddd001f57	b07ac12d43d3889e6b96	63873bf3cc344f2bc202	ok	-16.712595286224687	3beta-acetoxy-5alpha-(2alpha-hydroxyethyl)acryloyloxy-7-hydroxycarvotacetone	-0.1702031249613167	-0.516315793247321	0.1759095433246875	-1.2631525577307912	0.9227463078081576	within	no listed structural alert	enone or ester; within energy range; no listed structural alert	66	weak calibration; fragment-group Q2 = 0.287; ranked hypothesis only	within calibration range	no listed structural alert	ranked hypothesis (in applicability domain)	ring severed by truncation
Mol_14490	Mol_14490:atom10	enone	internally cross-validated candidate (in applicability domain)	CC(=O)O[C@@H]1[C@@H](C)[C@]2(O)C3C=C(C)C(=O)C3CC(C)=CC2C2C(C)(C)[C@@]21OC(=O)C(C)C	10;11;13;14	7;9;10;11;12;13;14;15;16	CC1C(C)[C:1003](=[O:1004])[C:1002](C)=[CH:1001]1	CC1=CC(C)C(C)C1=O	CSC1C(C)=C([O-])C(C)C1C	894c64741c2ea9d36c46	e968c1db09437f89a279	63873bf3cc344f2bc202	ok	-10.126211918391393	4,20-dideoxy-alpha-phorbol-12beta-acetate-13alpha-isobutyrate	-0.4927364397562259	-1.0558628628099438	0.070389983297492	-1.889963534941964	0.904490655429512	within	no listed structural alert	enone or ester; within energy range; no listed structural alert	428	cross-validated calibration; fragment-group Q2 = 0.750	within calibration range	no listed structural alert	internally cross-validated candidate (in applicability domain)	ring severed by truncation
Mol_14582	Mol_14582:atom30	enone	internally cross-validated candidate (in applicability domain)	CC1=C[C@H]2[C@@H]3C(C)(C)[C@]3(OC(=O)C(C)C)[C@H](OC(=O)c3ccccc3)[C@@H](C)[C@]2(O)[C@@H]2C=C(C)C(=O)[C@H]2C1	30;31;33;34	27;29;30;31;32;33;34;35;36	C[C@H]1[C@H](C)[C:1003](=[O:1004])[C:1002](C)=[CH:1001]1	CC1=C[C@@H](C)[C@H](C)C1=O	CSC1C(C)=C([O-])[C@@H](C)[C@@H]1C	4e259639797104336ee6	beabeb66dedf2ce359e2	63873bf3cc344f2bc202	ok	-10.178286891762854	4,20-dideoxy(4alpha)phorbol-12-benzoate-13-isobutyrate	-0.4702606088113716	-1.0283811890499108	0.0878599714271676	-1.8654777135179128	0.9249564958951696	within	no listed structural alert	enone or ester; within energy range; no listed structural alert	436	cross-validated calibration; fragment-group Q2 = 0.750	within calibration range	no listed structural alert	internally cross-validated candidate (in applicability domain)	ring severed by truncation
Mol_14583	Mol_14583:atom30	enone	internally cross-validated candidate (in applicability domain)	CC1=C[C@H]2[C@@H]3C(C)(C)[C@]3(OC(=O)C(C)C)[C@H](OC(=O)c3ccccc3)[C@@H](C)[C@]2(O)[C@@H]2C=C(C)C(=O)[C@@H]2C1	30;31;33;34	27;29;30;31;32;33;34;35;36	C[C@@H]1[C@H](C)[CH:1001]=[C:1002](C)[C:1003]1=[O:1004]	CC1=C[C@@H](C)[C@@H](C)C1=O	CSC1C(C)=C([O-])[C@H](C)[C@@H]1C	bed5201af56cb2f84ccb	3f919977f0e51131296a	63873bf3cc344f2bc202	ok	-13.649692892024738	4,12,20-trideoxyphorbol-13-(2,3-dimethyl) butyrate	1.0280163820626598	0.6856614484091339	1.3703713157161856	-0.295743070321651	2.3517758344469706	within	no listed structural alert	enone or ester; within energy range; no listed structural alert	434	cross-validated calibration; fragment-group Q2 = 0.750	within calibration range	no listed structural alert	internally cross-validated candidate (in applicability domain)	ring severed by truncation
Mol_14598	Mol_14598:atom4	enone	internally cross-validated candidate (in applicability domain)	CC(=O)/C=C/[C@@]12O[C@]1(C)C[C@@H](O[C@@H]1O[C@H](CO)[C@@H](O)[C@H](O)[C@H]1O)CC2(C)C	4;3;1;2	0;1;2;3;4;5;6;7;24	C[C@@]1(/[CH:1001]=[CH:1002]/[C:1003](C)=[O:1004])CO1	CC(=O)/C=C/[C@]1(C)CO1	CSC(C=C(C)[O-])[C@]1(C)CO1	d854ec8bc6c7160c45b2	0a3c467d7de3b3270f32	63873bf3cc344f2bc202	ok	-16.529043786343607	icariside B2	2.270759291790036	1.7964672697163349	2.7450513138637365	0.9069099198348114	3.63460866374526	within	no listed structural alert	enone or ester; within energy range; no listed structural alert	192	cross-validated calibration; fragment-group Q2 = 0.750	within calibration range	no listed structural alert	internally cross-validated candidate (in applicability domain)	ring severed by truncation
Mol_14893	Mol_14893:atom8	ester	ranked hypothesis (in applicability domain)	C=C1[C@@H](OC(=O)/C(C)=C/CC/C(C)=C/CO)C[C@]2(O)C(C=O)=CO[C@@H](O[C@@H]3OC(CO)[C@@H](O)[C@H](O)C3O)[C@H]12	8;6;4;5	2;3;4;5;6;7;8;9;10	CC/[CH:1001]=[C:1002](\C)[C:1003](OC)=[O:1004]	CC/C=C(\C)C(=O)OC	CCC(SC)C(C)=C([O-])OC	0559da15e67b3ad8310e	83750e0bdca84b2a835a	63873bf3cc344f2bc202	ok	-12.918920436864562	myricoidoside B	-1.6678769536879816	-2.235130489943316	-1.1006234174326472	-2.8496218744882533	-0.4861320328877101	within	no listed structural alert	enone or ester; within energy range; no listed structural alert	287	weak calibration; fragment-group Q2 = 0.287; ranked hypothesis only	within calibration range	no listed structural alert	ranked hypothesis (in applicability domain)	ring severed by truncation
Mol_14989	Mol_14989:atom0	enone	internally cross-validated candidate (in applicability domain)	C=C(C(C)=O)[C@@H]1CC(=O)c2c(O)c(C(C)C)c(O)c(O)c2[C@@]1(C)CC(=O)O	0;1;2;4	0;1;2;3;4;5;6;21	CC(C)[C:1002](=[CH2:1001])[C:1003](C)=[O:1004]	C=C(C(C)=O)C(C)C	CSCC(=C(C)[O-])C(C)C	b0f1289db9466abec41e	52a7c2bf054ffa510758	63873bf3cc344f2bc202	ok	-15.724752025117017	salvimulticaoic acid	1.9236227598763265	1.5109318695201563	2.336313650232496	0.5799539174293236	3.267291602323329	within	no listed structural alert	enone or ester; within energy range; no listed structural alert	41	cross-validated calibration; fragment-group Q2 = 0.750	within calibration range	no listed structural alert	internally cross-validated candidate (in applicability domain)	ring severed by truncation
Mol_15046	Mol_15046:atom1	enone	internally cross-validated candidate (in applicability domain)	CC(C)=C1CCC2(C)OC2C1=O	1;3;10;11	0;1;2;3;4;5;6;8;9;10;11	C[C:1001](C)=[C:1002]1CCC2OC2[C:1003]1=[O:1004]	CC(C)=C1CCC2OC2C1=O	CSC(C)(C)C1=C([O-])C2OC2CC1	8323ae3a6b758eed3860	4721d22fdecd0c287453	63873bf3cc344f2bc202	ok	-10.546112422901588	piperitenone oxide	-0.3115051852395947	-0.8350742293907963	0.2120638589116069	-1.69326374995823	1.0702533794790408	within	no listed structural alert	enone or ester; within energy range; no listed structural alert	233	cross-validated calibration; fragment-group Q2 = 0.750	within calibration range	no listed structural alert	internally cross-validated candidate (in applicability domain)	alpha-prime heteroatom
Mol_15148	Mol_15148:atom8	enone	internally cross-validated candidate (in applicability domain)	CCCCCCCC/C=C/C(=O)CCc1ccc(O)c(OC)c1	8;9;10;11	6;7;8;9;10;11;12;13	CC/[CH:1001]=[CH:1002]/[C:1003](CC)=[O:1004]	CC/C=C/C(=O)CC	CCC([O-])=CC(CC)SC	b27f1ff2c7aa5fc114eb	93a3a06e60d1d2615da6	63873bf3cc344f2bc202	ok	-14.625344530221332	[9]-shogaol	1.4491127333705256	1.093580334002323	1.8046451327387285	0.1218842397868429	2.7763412269542083	within	no listed structural alert	enone or ester; within energy range; no listed structural alert	293	cross-validated calibration; fragment-group Q2 = 0.750	within calibration range	no listed structural alert	internally cross-validated candidate (in applicability domain)	none
Mol_15173	Mol_15173:atom1	enone	internally cross-validated candidate (in applicability domain)	CC1=CC(=O)[C@@](CCO)(O[C@@H]2O[C@@H](C)[C@H](O)[C@@H](O)[C@H]2O)/C1=C/O[C@@H]1O[C@H](CO)[C@@H](O)[C@H](O)[C@H]1O	1;2;3;4	0;1;2;3;4;5;6;9;20;21	C=C1[C@](C)(O)[C:1003](=[O:1004])[CH:1002]=[C:1001]1C	C=C1C(C)=CC(=O)[C@@]1(C)O	C=C1C(C)(SC)C=C([O-])[C@@]1(C)O	16bd900406a5bec224bb	5a61c7bf83f2787af6b1	63873bf3cc344f2bc202	ok	-14.260171752192855	4-[(beta-D-glucopyranosyloxy)methylene]-5alpha-(2-hydroxyethyl)-5-(alpha-L-rhamn	1.291502251919396	0.9455499937679336	1.6374545100708584	-0.0331921098486294	2.6161966136874213	within	no listed structural alert	enone or ester; within energy range; no listed structural alert	113	cross-validated calibration; fragment-group Q2 = 0.750	within calibration range	no listed structural alert	internally cross-validated candidate (in applicability domain)	alpha-prime heteroatom
Mol_15315	Mol_15315:atom20	ester	ranked hypothesis (in applicability domain)	CC1(O)CC(=O)c2c(O)cc(O[C@@H]3O[C@H](COC(=O)C4=CC[C@H](C(C)(C)O)CC4)[C@@H](O)[C@H](O)[C@H]3O)cc2O1	20;19;17;18	15;16;17;18;19;20;21;22;27;28	CO[C:1003]([C:1002]1=[CH:1001]CCCC1)=[O:1004]	COC(=O)C1=CCCCC1	COC([O-])=C1CCCCC1SC	3ba823df221c42f72385	62ca8c5ad515e361ecfb	63873bf3cc344f2bc202	ok	-12.506053705160246	cypellocarpin B	-1.830869229878906	-2.439420252212884	-1.222318207544928	-3.032983546500578	-0.6287549132572343	within	no listed structural alert	enone or ester; within energy range; no listed structural alert	577	weak calibration; fragment-group Q2 = 0.287; ranked hypothesis only	within calibration range	no listed structural alert	ranked hypothesis (in applicability domain)	none
Mol_15486	Mol_15486:atom5	enone	internally cross-validated candidate (in applicability domain)	CC(C)C1(O)C=C2C(=O)C[C@H]3[C@](C)(C(=O)O)CCC[C@]3(C)C2CC1	5;6;7;8	1;3;4;5;6;7;8;9;10;19;21;22;23	CC1(O)CCC2CCC[C:1003](=[O:1004])[C:1002]2=[CH:1001]1	CC1(O)C=C2C(=O)CCCC2CC1	CSC1C2=C([O-])CCCC2CCC1(C)O	cb63ea5382245dc1c3f8	6bb6260029bd889facff	63873bf3cc344f2bc202	ok	-17.56746463318309	13beta-hydroxy-7oxo-8(14)-abieten-18-oic acid	2.718947161934337	2.150056877266042	3.287837446602632	1.3193871084997322	4.1185072153689415	within	no listed structural alert	enone or ester; within energy range; no listed structural alert	353	cross-validated calibration; fragment-group Q2 = 0.750	within calibration range	no listed structural alert	internally cross-validated candidate (in applicability domain)	ring severed by truncation
Mol_15513	Mol_15513:atom1	ester	ranked hypothesis (in applicability domain)	C/C=C(/C)C(=O)OC1C(OC(=O)C(C)(CC)OC(C)=O)C(C)(C)CC2C3=CCC4[C@@]5(C)CC[C@H](O[C@@H]6OC(C(=O)O)[C@@H](O[C@H]7C[C@H](O)[C@H](CO)O7)[C@H](O[C@@H]7OC[C@H](O)[C@H](O)C7O)C6O[C@@H]6OC(CO)[C@@H](O)[C@H](O)C6O)C(C)(C)C5CC[C@@]4(C)[C@]3(C)[C@@H](O)[C@@H](O)[C@]21COC(C)=O	1;2;4;5	0;1;2;3;4;5;6;7	CO[C:1003](/[C:1002](C)=[CH:1001]\C)=[O:1004]	C/C=C(/C)C(=O)OC	COC([O-])=C(C)C(C)SC	2f2cf585931c3a41315c	45b330041a48775c0812	63873bf3cc344f2bc202	ok	-12.87931274693731	3-O-[beta-D-glucopyranosyl(1→2)]-[alpha-L-arabinopyranosyl(1→3)]-[alpha-L-arabin	-1.6835133492610952	-2.254660141059235	-1.112366557462955	-2.8671320130309628	-0.4998946854912278	within	no listed structural alert	enone or ester; within energy range; no listed structural alert	14	weak calibration; fragment-group Q2 = 0.287; ranked hypothesis only	within calibration range	no listed structural alert	ranked hypothesis (in applicability domain)	ring severed by truncation
Mol_15516	Mol_15516:atom7	ester	ranked hypothesis (in applicability domain)	C/C(=C/CO)CC/C=C(\C)C(=O)O[C@@H]1C2O[C@]2(C)C2C(O[C@@H]3OC(CO)[C@@H](O)C(O)[C@@H]3O)OC=C[C@]21OC(=O)/C(C)=C/CC/C(C)=C\CO	7;8;10;11	5;6;7;8;9;10;11;12;13	CC/[CH:1001]=[C:1002](\C)[C:1003](OC)=[O:1004]	CC/C=C(\C)C(=O)OC	CCC(SC)C(C)=C([O-])OC	0559da15e67b3ad8310e	83750e0bdca84b2a835a	63873bf3cc344f2bc202	ok	-12.918920436864562	5,6-O-difoliamenthoylantirrinoside	-1.6678769536879816	-2.235130489943316	-1.1006234174326472	-2.8496218744882533	-0.4861320328877101	within	no listed structural alert	enone or ester; within energy range; no listed structural alert	287	weak calibration; fragment-group Q2 = 0.287; ranked hypothesis only	within calibration range	no listed structural alert	ranked hypothesis (in applicability domain)	ring severed by truncation
Mol_15516	Mol_15516:atom41	ester	ranked hypothesis (in applicability domain)	C/C(=C/CO)CC/C=C(\C)C(=O)O[C@@H]1C2O[C@]2(C)C2C(O[C@@H]3OC(CO)[C@@H](O)C(O)[C@@H]3O)OC=C[C@]21OC(=O)/C(C)=C/CC/C(C)=C\CO	41;39;37;38	35;36;37;38;39;40;41;42;43	CC/[CH:1001]=[C:1002](\C)[C:1003](OC)=[O:1004]	CC/C=C(\C)C(=O)OC	CCC(SC)C(C)=C([O-])OC	0559da15e67b3ad8310e	83750e0bdca84b2a835a	63873bf3cc344f2bc202	ok	-12.918920436864562	5,6-O-difoliamenthoylantirrinoside	-1.6678769536879816	-2.235130489943316	-1.1006234174326472	-2.8496218744882533	-0.4861320328877101	within	no listed structural alert	enone or ester; within energy range; no listed structural alert	287	weak calibration; fragment-group Q2 = 0.287; ranked hypothesis only	within calibration range	no listed structural alert	ranked hypothesis (in applicability domain)	ring severed by truncation
Mol_15517	Mol_15517:atom7	ester	ranked hypothesis (in applicability domain)	C/C(=C/CO)CC/C=C(\C)C(=O)O[C@@H]1C2O[C@]2(CO)C2C(O[C@@H]3OC(CO)[C@@H](O)C(O)[C@@H]3O)OC=C[C@]21OC(=O)/C(C)=C/CC/C(C)=C\CO	7;8;10;11	5;6;7;8;9;10;11;12;13	CC/[CH:1001]=[C:1002](\C)[C:1003](OC)=[O:1004]	CC/C=C(\C)C(=O)OC	CCC(SC)C(C)=C([O-])OC	0559da15e67b3ad8310e	83750e0bdca84b2a835a	63873bf3cc344f2bc202	ok	-12.918920436864562	5,6-O-difoliamenthoylmacfadienoside	-1.6678769536879816	-2.235130489943316	-1.1006234174326472	-2.8496218744882533	-0.4861320328877101	within	no listed structural alert	enone or ester; within energy range; no listed structural alert	287	weak calibration; fragment-group Q2 = 0.287; ranked hypothesis only	within calibration range	no listed structural alert	ranked hypothesis (in applicability domain)	ring severed by truncation
Mol_15517	Mol_15517:atom42	ester	ranked hypothesis (in applicability domain)	C/C(=C/CO)CC/C=C(\C)C(=O)O[C@@H]1C2O[C@]2(CO)C2C(O[C@@H]3OC(CO)[C@@H](O)C(O)[C@@H]3O)OC=C[C@]21OC(=O)/C(C)=C/CC/C(C)=C\CO	42;40;38;39	36;37;38;39;40;41;42;43;44	CC/[CH:1001]=[C:1002](\C)[C:1003](OC)=[O:1004]	CC/C=C(\C)C(=O)OC	CCC(SC)C(C)=C([O-])OC	0559da15e67b3ad8310e	83750e0bdca84b2a835a	63873bf3cc344f2bc202	ok	-12.918920436864562	5,6-O-difoliamenthoylmacfadienoside	-1.6678769536879816	-2.235130489943316	-1.1006234174326472	-2.8496218744882533	-0.4861320328877101	within	no listed structural alert	enone or ester; within energy range; no listed structural alert	287	weak calibration; fragment-group Q2 = 0.287; ranked hypothesis only	within calibration range	no listed structural alert	ranked hypothesis (in applicability domain)	ring severed by truncation
Mol_15518	Mol_15518:atom7	ester	ranked hypothesis (in applicability domain)	C=C[C@@](C)(O)CC/C=C(\C)C(=O)O[C@@]12C=COC(O[C@@H]3OC(CO)[C@@H](O)C(O)[C@@H]3O)C1[C@@]1(C)OC1[C@H]2OC(=O)/C(C)=C/CC/C(C)=C\CO	7;8;10;11	5;6;7;8;9;10;11;12;13	CC/[CH:1001]=[C:1002](\C)[C:1003](OC)=[O:1004]	CC/C=C(\C)C(=O)OC	CCC(SC)C(C)=C([O-])OC	0559da15e67b3ad8310e	83750e0bdca84b2a835a	63873bf3cc344f2bc202	ok	-12.918920436864562	5-O-menthiafoloyl-6-O-foliamenthoylantirrinoside	-1.6678769536879816	-2.235130489943316	-1.1006234174326472	-2.8496218744882533	-0.4861320328877101	within	no listed structural alert	enone or ester; within energy range; no listed structural alert	287	weak calibration; fragment-group Q2 = 0.287; ranked hypothesis only	within calibration range	no listed structural alert	ranked hypothesis (in applicability domain)	ring severed by truncation
Mol_15518	Mol_15518:atom41	ester	ranked hypothesis (in applicability domain)	C=C[C@@](C)(O)CC/C=C(\C)C(=O)O[C@@]12C=COC(O[C@@H]3OC(CO)[C@@H](O)C(O)[C@@H]3O)C1[C@@]1(C)OC1[C@H]2OC(=O)/C(C)=C/CC/C(C)=C\CO	41;39;37;38	35;36;37;38;39;40;41;42;43	CC/[CH:1001]=[C:1002](\C)[C:1003](OC)=[O:1004]	CC/C=C(\C)C(=O)OC	CCC(SC)C(C)=C([O-])OC	0559da15e67b3ad8310e	83750e0bdca84b2a835a	63873bf3cc344f2bc202	ok	-12.918920436864562	5-O-menthiafoloyl-6-O-foliamenthoylantirrinoside	-1.6678769536879816	-2.235130489943316	-1.1006234174326472	-2.8496218744882533	-0.4861320328877101	within	no listed structural alert	enone or ester; within energy range; no listed structural alert	287	weak calibration; fragment-group Q2 = 0.287; ranked hypothesis only	within calibration range	no listed structural alert	ranked hypothesis (in applicability domain)	ring severed by truncation
Mol_15519	Mol_15519:atom7	ester	ranked hypothesis (in applicability domain)	C=C[C@@](C)(O)CC/C=C(\C)C(=O)O[C@@]12C=COC(O[C@@H]3OC(CO)[C@@H](O)C(O)[C@@H]3O)C1[C@@]1(CO)OC1[C@H]2OC(=O)/C(C)=C/CC/C(C)=C\CO	7;8;10;11	5;6;7;8;9;10;11;12;13	CC/[CH:1001]=[C:1002](\C)[C:1003](OC)=[O:1004]	CC/C=C(\C)C(=O)OC	CCC(SC)C(C)=C([O-])OC	0559da15e67b3ad8310e	83750e0bdca84b2a835a	63873bf3cc344f2bc202	ok	-12.918920436864562	5-O-menthiafoloyl-6-O-foliamenthoylmacfadienoside	-1.6678769536879816	-2.235130489943316	-1.1006234174326472	-2.8496218744882533	-0.4861320328877101	within	no listed structural alert	enone or ester; within energy range; no listed structural alert	287	weak calibration; fragment-group Q2 = 0.287; ranked hypothesis only	within calibration range	no listed structural alert	ranked hypothesis (in applicability domain)	ring severed by truncation
Mol_15519	Mol_15519:atom42	ester	ranked hypothesis (in applicability domain)	C=C[C@@](C)(O)CC/C=C(\C)C(=O)O[C@@]12C=COC(O[C@@H]3OC(CO)[C@@H](O)C(O)[C@@H]3O)C1[C@@]1(CO)OC1[C@H]2OC(=O)/C(C)=C/CC/C(C)=C\CO	42;40;38;39	36;37;38;39;40;41;42;43;44	CC/[CH:1001]=[C:1002](\C)[C:1003](OC)=[O:1004]	CC/C=C(\C)C(=O)OC	CCC(SC)C(C)=C([O-])OC	0559da15e67b3ad8310e	83750e0bdca84b2a835a	63873bf3cc344f2bc202	ok	-12.918920436864562	5-O-menthiafoloyl-6-O-foliamenthoylmacfadienoside	-1.6678769536879816	-2.235130489943316	-1.1006234174326472	-2.8496218744882533	-0.4861320328877101	within	no listed structural alert	enone or ester; within energy range; no listed structural alert	287	weak calibration; fragment-group Q2 = 0.287; ranked hypothesis only	within calibration range	no listed structural alert	ranked hypothesis (in applicability domain)	ring severed by truncation
Mol_15520	Mol_15520:atom7	ester	ranked hypothesis (in applicability domain)	C/C(=C/CO)CC/C=C(\C)C(=O)O[C@@H]1C2O[C@]2(CO)C2C(O[C@@H]3OC(CO)[C@@H](O)C(O)[C@@H]3O)OC=C[C@]21O	7;8;10;11	5;6;7;8;9;10;11;12;13	CC/[CH:1001]=[C:1002](\C)[C:1003](OC)=[O:1004]	CC/C=C(\C)C(=O)OC	CCC(SC)C(C)=C([O-])OC	0559da15e67b3ad8310e	83750e0bdca84b2a835a	63873bf3cc344f2bc202	ok	-12.918920436864562	6-O-foliamenthoylmacfadienoside	-1.6678769536879816	-2.235130489943316	-1.1006234174326472	-2.8496218744882533	-0.4861320328877101	within	no listed structural alert	enone or ester; within energy range; no listed structural alert	287	weak calibration; fragment-group Q2 = 0.287; ranked hypothesis only	within calibration range	no listed structural alert	ranked hypothesis (in applicability domain)	ring severed by truncation
Mol_15523	Mol_15523:atom7	ester	ranked hypothesis (in applicability domain)	C/C(=C/CO)CC/C=C(\C)C(=O)OCC1O[C@@H](OC2OC=C(C(=O)OC3COC(O)(CO)C(O)C3O)C3CC[C@](C)(O)C23)[C@@H](O)C(O)[C@@H]1O	7;8;10;11	5;6;7;8;9;10;11;12;13	CC/[CH:1001]=[C:1002](\C)[C:1003](OC)=[O:1004]	CC/C=C(\C)C(=O)OC	CCC(SC)C(C)=C([O-])OC	0559da15e67b3ad8310e	83750e0bdca84b2a835a	63873bf3cc344f2bc202	ok	-12.918920436864562	11-(5-O-beta-D-fructopyranosyl) ester	-1.6678769536879816	-2.235130489943316	-1.1006234174326472	-2.8496218744882533	-0.4861320328877101	within	no listed structural alert	enone or ester; within energy range; no listed structural alert	287	weak calibration; fragment-group Q2 = 0.287; ranked hypothesis only	within calibration range	no listed structural alert	ranked hypothesis (in applicability domain)	none
Mol_15524	Mol_15524:atom7	ester	ranked hypothesis (in applicability domain)	C=C[C@](C)(O)CC/C=C(\C)C(=O)OCC1O[C@@H](OC2OC=C(C(=O)OC3COC(O)(CO)C(O)C3O)C3CC[C@](C)(O)C23)[C@@H](O)C(O)[C@@H]1O	7;8;10;11	5;6;7;8;9;10;11;12;13	CC/[CH:1001]=[C:1002](\C)[C:1003](OC)=[O:1004]	CC/C=C(\C)C(=O)OC	CCC(SC)C(C)=C([O-])OC	0559da15e67b3ad8310e	83750e0bdca84b2a835a	63873bf3cc344f2bc202	ok	-12.918920436864562	6′-O-menthiafoloylmussaenosidic acid-11-(5-O-beta-D-fructopyranosyl) ester	-1.6678769536879816	-2.235130489943316	-1.1006234174326472	-2.8496218744882533	-0.4861320328877101	within	no listed structural alert	enone or ester; within energy range; no listed structural alert	287	weak calibration; fragment-group Q2 = 0.287; ranked hypothesis only	within calibration range	no listed structural alert	ranked hypothesis (in applicability domain)	none
Mol_15526	Mol_15526:atom18	ester	ranked hypothesis (in applicability domain)	C/C(=C\CO[C@H]1O[C@@H](CO)[C@H](O)[C@@H](O)[C@@H]1O)CC/C=C(\C)C(=O)O[C@@H]1OC(CO)[C@@H](O)C(O)[C@@H]1O	18;19;21;22	16;17;18;19;20;21;22;23;24	CC/[CH:1001]=[C:1002](\C)[C:1003](OC)=[O:1004]	CC/C=C(\C)C(=O)OC	CCC(SC)C(C)=C([O-])OC	0559da15e67b3ad8310e	83750e0bdca84b2a835a	63873bf3cc344f2bc202	ok	-12.918920436864562	6′-O-(trans-p-coumaroyl)mussaenosidic acid-11-(5-O-beta-D-fructopyranosyl) ester	-1.6678769536879816	-2.235130489943316	-1.1006234174326472	-2.8496218744882533	-0.4861320328877101	within	no listed structural alert	enone or ester; within energy range; no listed structural alert	287	weak calibration; fragment-group Q2 = 0.287; ranked hypothesis only	within calibration range	no listed structural alert	ranked hypothesis (in applicability domain)	ring severed by truncation
Mol_15527	Mol_15527:atom7	ester	ranked hypothesis (in applicability domain)	C/C(=C\CO)CC/C=C(\C)C(=O)OCC1OC(O)[C@@H](O)C(O)[C@@H]1O	7;8;10;11	5;6;7;8;9;10;11;12;13	CC/[CH:1001]=[C:1002](\C)[C:1003](OC)=[O:1004]	CC/C=C(\C)C(=O)OC	CCC(SC)C(C)=C([O-])OC	0559da15e67b3ad8310e	83750e0bdca84b2a835a	63873bf3cc344f2bc202	ok	-12.918920436864562	foliamenthoic acid 1-O-beta-D-glucopyranosyl ester 8-O-beta-D-glucopyranoside	-1.6678769536879816	-2.235130489943316	-1.1006234174326472	-2.8496218744882533	-0.4861320328877101	within	no listed structural alert	enone or ester; within energy range; no listed structural alert	287	weak calibration; fragment-group Q2 = 0.287; ranked hypothesis only	within calibration range	no listed structural alert	ranked hypothesis (in applicability domain)	none
Mol_15528	Mol_15528:atom2	ester	ranked hypothesis (in applicability domain)	C/C(=C/CC/C(C)=C/CO)C(=O)OCC1OC(O)C(O)C(O)C1O	2;1;10;11	0;1;2;3;4;10;11;12;13	CC/[CH:1001]=[C:1002](/C)[C:1003](OC)=[O:1004]	CC/C=C(/C)C(=O)OC	CCC(SC)C(C)=C([O-])OC	6fe00a1cc276d5b83f8a	83750e0bdca84b2a835a	63873bf3cc344f2bc202	ok	-13.416469070447066	6-O-foliamenthoyl-alpha,beta-D-glucopyranose	-1.4714538028845032	-1.9912525936670589	-0.9516550121019476	-2.631167244361347	-0.3117403614076592	within	no listed structural alert	enone or ester; within energy range; no listed structural alert	280	weak calibration; fragment-group Q2 = 0.287; ranked hypothesis only	within calibration range	no listed structural alert	ranked hypothesis (in applicability domain)	none
Mol_15529	Mol_15529:atom7	ester	ranked hypothesis (in applicability domain)	C/C(=C\CO)CC/C=C(\C)C(=O)O[C@H]1[C@@H]2O[C@]2(C)[C@@H]2C(OC3OC(CO)C(O)C(O)C3O)OC=C[C@]21O	7;8;10;11	5;6;7;8;9;10;11;12;13	CC/[CH:1001]=[C:1002](\C)[C:1003](OC)=[O:1004]	CC/C=C(\C)C(=O)OC	CCC(SC)C(C)=C([O-])OC	0559da15e67b3ad8310e	83750e0bdca84b2a835a	63873bf3cc344f2bc202	ok	-12.918920436864562	6-O-nerol-8-oylantirrinoside	-1.6678769536879816	-2.235130489943316	-1.1006234174326472	-2.8496218744882533	-0.4861320328877101	within	no listed structural alert	enone or ester; within energy range; no listed structural alert	287	weak calibration; fragment-group Q2 = 0.287; ranked hypothesis only	within calibration range	no listed structural alert	ranked hypothesis (in applicability domain)	ring severed by truncation
Mol_15533	Mol_15533:atom7	ester	ranked hypothesis (in applicability domain)	C=C[C@@](C)(O)CC/C=C(\C)C(=O)O[C@@H]1OC(CO)[C@@H](O)C(O)[C@@H]1O	7;8;10;11	5;6;7;8;9;10;11;12;13	CC/[CH:1001]=[C:1002](\C)[C:1003](OC)=[O:1004]	CC/C=C(\C)C(=O)OC	CCC(SC)C(C)=C([O-])OC	0559da15e67b3ad8310e	83750e0bdca84b2a835a	63873bf3cc344f2bc202	ok	-12.918920436864562	6′-O-cinnamoyl antirrinoside	-1.6678769536879816	-2.235130489943316	-1.1006234174326472	-2.8496218744882533	-0.4861320328877101	within	no listed structural alert	enone or ester; within energy range; no listed structural alert	287	weak calibration; fragment-group Q2 = 0.287; ranked hypothesis only	within calibration range	no listed structural alert	ranked hypothesis (in applicability domain)	ring severed by truncation
Mol_15534	Mol_15534:atom7	ester	ranked hypothesis (in applicability domain)	C/C(=C\CO)CC/C=C(\C)C(=O)O[C@@H]1OC(CO)[C@@H](O)C(O)[C@@H]1O	7;8;10;11	5;6;7;8;9;10;11;12;13	CC/[CH:1001]=[C:1002](\C)[C:1003](OC)=[O:1004]	CC/C=C(\C)C(=O)OC	CCC(SC)C(C)=C([O-])OC	0559da15e67b3ad8310e	83750e0bdca84b2a835a	63873bf3cc344f2bc202	ok	-12.918920436864562	agnucastoside A	-1.6678769536879816	-2.235130489943316	-1.1006234174326472	-2.8496218744882533	-0.4861320328877101	within	no listed structural alert	enone or ester; within energy range; no listed structural alert	287	weak calibration; fragment-group Q2 = 0.287; ranked hypothesis only	within calibration range	no listed structural alert	ranked hypothesis (in applicability domain)	ring severed by truncation
Mol_15535	Mol_15535:atom7	ester	ranked hypothesis (in applicability domain)	C=C[C@@](C)(O)CC/C=C(\C)C(=O)OC1O[C@@H](CO)[C@H](O)[C@@H](O)[C@@H]1O	7;8;10;11	5;6;7;8;9;10;11;12;13	CC/[CH:1001]=[C:1002](\C)[C:1003](OC)=[O:1004]	CC/C=C(\C)C(=O)OC	CCC(SC)C(C)=C([O-])OC	0559da15e67b3ad8310e	83750e0bdca84b2a835a	63873bf3cc344f2bc202	ok	-12.918920436864562	(6S)-2E-2,6-dimethyl-6-hydroxyocta-2,7-dienoic acid beta-glucopyranosyl ester	-1.6678769536879816	-2.235130489943316	-1.1006234174326472	-2.8496218744882533	-0.4861320328877101	within	no listed structural alert	enone or ester; within energy range; no listed structural alert	287	weak calibration; fragment-group Q2 = 0.287; ranked hypothesis only	within calibration range	no listed structural alert	ranked hypothesis (in applicability domain)	ring severed by truncation
Mol_15536	Mol_15536:atom7	ester	ranked hypothesis (in applicability domain)	C/C(=C\CO)CC/C=C(\C)C(=O)OC1O[C@H](CO)[C@@H](O)[C@H](O)[C@H]1O	7;8;10;11	5;6;7;8;9;10;11;12;13	CC/[CH:1001]=[C:1002](\C)[C:1003](OC)=[O:1004]	CC/C=C(\C)C(=O)OC	CCC(SC)C(C)=C([O-])OC	0559da15e67b3ad8310e	83750e0bdca84b2a835a	63873bf3cc344f2bc202	ok	-12.918920436864562	glucosyl 8-hydroxy-2,6-dimethyl-(2E,6E)-octadienoate	-1.6678769536879816	-2.235130489943316	-1.1006234174326472	-2.8496218744882533	-0.4861320328877101	within	no listed structural alert	enone or ester; within energy range; no listed structural alert	287	weak calibration; fragment-group Q2 = 0.287; ranked hypothesis only	within calibration range	no listed structural alert	ranked hypothesis (in applicability domain)	ring severed by truncation
Mol_15539	Mol_15539:atom7	ester	ranked hypothesis (in applicability domain)	C/C(=C\CO)CC/C=C(\C)C(=O)O[C@@H]1[C@@H]2O[C@]2(C)C2[C@H](O[C@@H]3OC(COC(=O)/C=C/c4ccccc4)[C@@H](O)C(O)[C@@H]3O)OC=C[C@]21O	7;8;10;11	5;6;7;8;9;10;11;12;13	CC/[CH:1001]=[C:1002](\C)[C:1003](OC)=[O:1004]	CC/C=C(\C)C(=O)OC	CCC(SC)C(C)=C([O-])OC	0559da15e67b3ad8310e	83750e0bdca84b2a835a	63873bf3cc344f2bc202	ok	-12.918920436864562	6-O-foliamenthoyl-(6'-O-cinnamoyl)-antirrhinoside	-1.6678769536879816	-2.235130489943316	-1.1006234174326472	-2.8496218744882533	-0.4861320328877101	within	no listed structural alert	enone or ester; within energy range; no listed structural alert	287	weak calibration; fragment-group Q2 = 0.287; ranked hypothesis only	within calibration range	no listed structural alert	ranked hypothesis (in applicability domain)	ring severed by truncation
Mol_15551	Mol_15551:atom1	ester	ranked hypothesis (in applicability domain)	C/C=C(/C)C(=O)O[C@@H]1[C@@H]2O[C@]2(C)[C@H]2[C@H](O[C@@H]3OC(CO)[C@@H](O)C(O)[C@@H]3O)OC=C[C@@]12O	1;2;4;5	0;1;2;3;4;5;6;7	CO[C:1003](/[C:1002](C)=[CH:1001]\C)=[O:1004]	C/C=C(/C)C(=O)OC	COC([O-])=C(C)C(C)SC	2f2cf585931c3a41315c	45b330041a48775c0812	63873bf3cc344f2bc202	ok	-12.87931274693731	6-O-angeloylantirrhinoside	-1.6835133492610952	-2.254660141059235	-1.112366557462955	-2.8671320130309628	-0.4998946854912278	within	no listed structural alert	enone or ester; within energy range; no listed structural alert	14	weak calibration; fragment-group Q2 = 0.287; ranked hypothesis only	within calibration range	no listed structural alert	ranked hypothesis (in applicability domain)	ring severed by truncation
Mol_15608	Mol_15608:atom0	enone	internally cross-validated candidate (in applicability domain)	C=C1C(=O)C[C@@]2(O)C[C@@H]3CC(C)(C)[C@@H](O)[C@@H]3[C@]1(C)C2	0;1;2;3	0;1;2;3;4;5;15;16;17;18	CC1(C)CCC[C:1003](=[O:1004])[C:1002]1=[CH2:1001]	C=C1C(=O)CCCC1(C)C	CSCC1=C([O-])CCCC1(C)C	2da565746531e6933a37	cd26ec987bdb01dc486f	63873bf3cc344f2bc202	ok	-16.548074693030813	lentinulactam	2.278973130679166	1.803077987449428	2.754868273908904	0.9145654296859644	3.643380831672367	within	no listed structural alert	enone or ester; within energy range; no listed structural alert	103	cross-validated calibration; fragment-group Q2 = 0.750	within calibration range	no listed structural alert	internally cross-validated candidate (in applicability domain)	ring severed by truncation
Mol_15610	Mol_15610:atom6	enone	internally cross-validated candidate (in applicability domain)	CC1(C)C[C@@H]2CC3=CC(=O)[C@@](O)(CO)[C@@]3(C)[C@@H]2[C@H]1O	6;7;8;9	4;5;6;7;8;9;10;11;12;14;15;16	C[C@]12CCC[C:1001]1=[CH:1002][C:1003](=[O:1004])[C@]2(C)O	C[C@]1(O)C(=O)C=C2CCC[C@@]21C	CSC12C=C([O-])[C@](C)(O)[C@@]1(C)CCC2	b064cba779929b853253	e985453d5c105b3e5a4c	63873bf3cc344f2bc202	ok	-14.93633961831634	connatusin B	1.583339840407974	1.2156186690833464	1.9510610117326013	0.2527944458346598	2.9138852349812883	within	no listed structural alert	enone or ester; within energy range; no listed structural alert	672	cross-validated calibration; fragment-group Q2 = 0.750	within calibration range	no listed structural alert	internally cross-validated candidate (in applicability domain)	alpha-prime heteroatom; ring severed by truncation
Mol_15892	Mol_15892:atom1	ester	ranked hypothesis (in applicability domain)	C/C=C(\C)C(=O)O[C@H]1CC(C)(C)C[C@@]2(C)C3=CCC4[C@@]5(C)CC[C@H](OC6OC(C(=O)O)C(O)C(OC7OC(CO)C(O)C7O)C6OC6OC(CO)C(O)C(O)C6O)[C@](C)(CO)C5CC[C@@]4(C)[C@]3(C)C[C@@H](O)[C@@]12CO	1;2;4;5	0;1;2;3;4;5;6;7	CO[C:1003](/[C:1002](C)=[CH:1001]/C)=[O:1004]	C/C=C(\C)C(=O)OC	COC([O-])=C(C)C(C)SC	2d67f2c0c8fbe9e3fd3e	45b330041a48775c0812	63873bf3cc344f2bc202	ok	-11.93330027436887	pendulaoside A	-2.056981866747176	-2.725064905864692	-1.3888988276296597	-3.290302356563004	-0.8236613769313474	within	no listed structural alert	enone or ester; within energy range; no listed structural alert	21	weak calibration; fragment-group Q2 = 0.287; ranked hypothesis only	within calibration range	no listed structural alert	ranked hypothesis (in applicability domain)	ring severed by truncation
Mol_15902	Mol_15902:atom1	ester	ranked hypothesis (in applicability domain)	C/C=C(\C)C(=O)O[C@H]1CC(C)(C)CC2C3=CCC4[C@@]5(C)CC[C@H](OC6OC(CO)C(O)C(O)C6OC6OC(C)C(O)C(OC7OC(CO)C(O)C(O)C7O)C6O)C(C)(C)C5CC[C@@]4(C)[C@]3(C)CC(O)C21CO	1;2;4;5	0;1;2;3;4;5;6;7	CO[C:1003](/[C:1002](C)=[CH:1001]/C)=[O:1004]	C/C=C(\C)C(=O)OC	COC([O-])=C(C)C(C)SC	2d67f2c0c8fbe9e3fd3e	45b330041a48775c0812	63873bf3cc344f2bc202	ok	-11.93330027436887	paniculatosoid B	-2.056981866747176	-2.725064905864692	-1.3888988276296597	-3.290302356563004	-0.8236613769313474	within	no listed structural alert	enone or ester; within energy range; no listed structural alert	21	weak calibration; fragment-group Q2 = 0.287; ranked hypothesis only	within calibration range	no listed structural alert	ranked hypothesis (in applicability domain)	ring severed by truncation
Mol_15903	Mol_15903:atom1	ester	ranked hypothesis (in applicability domain)	C/C=C(\C)C(=O)O[C@H]1CC(C)(C)CC2C3=CCC4[C@@]5(C)CC[C@H](OC6OC(CO)C(O)C(O)C6OC6OC(C)C(O)C(O)C6O)C(C)(C)C5CC[C@@]4(C)[C@]3(C)CC(O)C21CO	1;2;4;5	0;1;2;3;4;5;6;7	CO[C:1003](/[C:1002](C)=[CH:1001]/C)=[O:1004]	C/C=C(\C)C(=O)OC	COC([O-])=C(C)C(C)SC	2d67f2c0c8fbe9e3fd3e	45b330041a48775c0812	63873bf3cc344f2bc202	ok	-11.93330027436887	paniculatosoid C	-2.056981866747176	-2.725064905864692	-1.3888988276296597	-3.290302356563004	-0.8236613769313474	within	no listed structural alert	enone or ester; within energy range; no listed structural alert	21	weak calibration; fragment-group Q2 = 0.287; ranked hypothesis only	within calibration range	no listed structural alert	ranked hypothesis (in applicability domain)	ring severed by truncation
Mol_16084	Mol_16084:atom5	ester	ranked hypothesis (in applicability domain)	COC(=O)/C=C/C(C)=C/C(C)=C/[C@H]1C(C[C@H](C)O)=C(C)C=C2C[C@@H](C)C(=O)[C@@H](C)[C@@H]21	5;4;2;3	0;1;2;3;4;5;6;7;8	C=C(C)/[CH:1001]=[CH:1002]/[C:1003](OC)=[O:1004]	C=C(C)/C=C/C(=O)OC	C=C(C)C(C=C([O-])OC)SC	797e603c057d4c06d2d6	c44e956dc6493a3ce76b	63873bf3cc344f2bc202	ok	-12.210352258522963	preussilide E	-1.9476067826030068	-2.586604709102363	-1.3086088561036506	-3.1654174548807363	-0.7297961103252772	within	no listed structural alert	enone or ester; within energy range; no listed structural alert	46	weak calibration; fragment-group Q2 = 0.287; ranked hypothesis only	within calibration range	no listed structural alert	ranked hypothesis (in applicability domain)	none
Mol_16085	Mol_16085:atom5	ester	ranked hypothesis (in applicability domain)	COC(=O)/C=C/C(C)=C/C(C)=C/[C@H]1C(CC(C)=O)=C(C)C=C2C[C@@H](C)C(=O)[C@@H](C)[C@@H]21	5;4;2;3	0;1;2;3;4;5;6;7;8	C=C(C)/[CH:1001]=[CH:1002]/[C:1003](OC)=[O:1004]	C=C(C)/C=C/C(=O)OC	C=C(C)C(C=C([O-])OC)SC	797e603c057d4c06d2d6	c44e956dc6493a3ce76b	63873bf3cc344f2bc202	ok	-12.210352258522963	preussilide F	-1.9476067826030068	-2.586604709102363	-1.3086088561036506	-3.1654174548807363	-0.7297961103252772	within	no listed structural alert	enone or ester; within energy range; no listed structural alert	46	weak calibration; fragment-group Q2 = 0.287; ranked hypothesis only	within calibration range	no listed structural alert	ranked hypothesis (in applicability domain)	none
Mol_16170	Mol_16170:atom30	enone	internally cross-validated candidate (in applicability domain)	CC[C@@]1(C)CCC[C@@]2(C)C1CC[C@]1(C)C2C[C@H](OC(C)=O)[C@]23C[C@@H](O)[C@H]2C(C(C)=O)=CC[C@H]31	30;26;27;29	21;23;25;26;27;28;29;30;31;32	C[C@@H]1CCC[CH:1001]=[C:1002]1[C:1003](C)=[O:1004]	CC(=O)C1=CCCC[C@H]1C	CSC1CCC[C@@H](C)C1=C(C)[O-]	60bdad04f4359f4059fb	aaf12c6641cc29bd6191	63873bf3cc344f2bc202	ok	-10.109659002168057	12a-acetoxy-13b,18b-cyclobutan-20,24-dimethyl-24-oxoscalar-16-en-25beta-ol	-0.4998807649971857	-1.0646038767720811	0.0648423467777096	-1.897752139678212	0.8979906096838404	within	no listed structural alert	enone or ester; within energy range; no listed structural alert	211	cross-validated calibration; fragment-group Q2 = 0.750	within calibration range	no listed structural alert	internally cross-validated candidate (in applicability domain)	ring severed by truncation
Mol_16297	Mol_16297:atom3	ester	ranked hypothesis (in applicability domain)	C/C=C/C=C\C(=O)OCc1c(OC)c(CO)c(/C=C/CO)oc1=O	3;4;5;6	1;2;3;4;5;6;7;8	C=C/[CH:1001]=[CH:1002]\[C:1003](OC)=[O:1004]	C=C/C=C\C(=O)OC	C=CC(C=C([O-])OC)SC	b8f95b9283415b9ae22f	a4e3086f8ff25484f192	63873bf3cc344f2bc202	ok	-13.292309742080446	allantopyrone E	-1.5204696474338402	-2.051839766348557	-0.9890995285191228	-2.685415434463648	-0.355523860404032	within	no listed structural alert	enone or ester; within energy range; no listed structural alert	90	weak calibration; fragment-group Q2 = 0.287; ranked hypothesis only	within calibration range	no listed structural alert	ranked hypothesis (in applicability domain)	none
Mol_16371	Mol_16371:atom1	ester	ranked hypothesis (in applicability domain)	C/C=C(/C)C(=O)O[C@]1(C)C(=O)O[C@H]2C[C@]3(C)O[C@H]3CC[C@]3(C)O[C@H]3[C@H](OC(=O)[C@@]3(C)O[C@H]3C)[C@@H]21	1;2;4;5	0;1;2;3;4;5;6;7	CO[C:1003](/[C:1002](C)=[CH:1001]\C)=[O:1004]	C/C=C(/C)C(=O)OC	COC([O-])=C(C)C(C)SC	2f2cf585931c3a41315c	45b330041a48775c0812	63873bf3cc344f2bc202	ok	-12.87931274693731	daucovirgolide I	-1.6835133492610952	-2.254660141059235	-1.112366557462955	-2.8671320130309628	-0.4998946854912278	within	no listed structural alert	enone or ester; within energy range; no listed structural alert	14	weak calibration; fragment-group Q2 = 0.287; ranked hypothesis only	within calibration range	no listed structural alert	ranked hypothesis (in applicability domain)	ring severed by truncation
Mol_16372	Mol_16372:atom14	ester	ranked hypothesis (in applicability domain)	C=C1C[C@@H]2OC(=O)[C@@](C)(OC(=O)/C(C)=C\C)[C@H]2[C@@H](OC(=O)[C@@]2(C)O[C@H]2C)[C@@H]2O[C@@]2(C)CC[C@@H]1OO	14;12;10;11	7;9;10;11;12;13;14;15	CO[C:1003](/[C:1002](C)=[CH:1001]\C)=[O:1004]	C/C=C(/C)C(=O)OC	COC([O-])=C(C)C(C)SC	2f2cf585931c3a41315c	45b330041a48775c0812	63873bf3cc344f2bc202	ok	-12.87931274693731	daucovirgolide J	-1.6835133492610952	-2.254660141059235	-1.112366557462955	-2.8671320130309628	-0.4998946854912278	within	no listed structural alert	enone or ester; within energy range; no listed structural alert	14	weak calibration; fragment-group Q2 = 0.287; ranked hypothesis only	within calibration range	no listed structural alert	ranked hypothesis (in applicability domain)	ring severed by truncation
Mol_16373	Mol_16373:atom17	ester	ranked hypothesis (in applicability domain)	C=C1C[C@@H]2OC(=O)[C@@](C)(O)[C@H]2[C@@H](OC(=O)/C(C)=C\C)/C=C(\C)CC[C@@H]1OO	17;15;13;14	11;12;13;14;15;16;17;18	CO[C:1003](/[C:1002](C)=[CH:1001]\C)=[O:1004]	C/C=C(/C)C(=O)OC	COC([O-])=C(C)C(C)SC	2f2cf585931c3a41315c	45b330041a48775c0812	63873bf3cc344f2bc202	ok	-12.87931274693731	daucovirgolide K	-1.6835133492610952	-2.254660141059235	-1.112366557462955	-2.8671320130309628	-0.4998946854912278	within	no listed structural alert	enone or ester; within energy range; no listed structural alert	14	weak calibration; fragment-group Q2 = 0.287; ranked hypothesis only	within calibration range	no listed structural alert	ranked hypothesis (in applicability domain)	ring severed by truncation
Mol_16374	Mol_16374:atom9	ester	ranked hypothesis (in applicability domain)	C=C1C[C@H](OC(=O)/C(C)=C\C)[C@H]2[C@@H](OC(=O)[C@@]2(C)O)[C@H]2O[C@]2(C)CC[C@@H]1OO	9;7;5;6	3;4;5;6;7;8;9;10	CO[C:1003](/[C:1002](C)=[CH:1001]\C)=[O:1004]	C/C=C(/C)C(=O)OC	COC([O-])=C(C)C(C)SC	2f2cf585931c3a41315c	45b330041a48775c0812	63873bf3cc344f2bc202	ok	-12.87931274693731	daucovirgolide L	-1.6835133492610952	-2.254660141059235	-1.112366557462955	-2.8671320130309628	-0.4998946854912278	within	no listed structural alert	enone or ester; within energy range; no listed structural alert	14	weak calibration; fragment-group Q2 = 0.287; ranked hypothesis only	within calibration range	no listed structural alert	ranked hypothesis (in applicability domain)	ring severed by truncation
Mol_16376	Mol_16376:atom1	ester	ranked hypothesis (in applicability domain)	C/C=C(/C)C(=O)OCC1=C[C@@H](OC(=O)/C(C)=C\C)[C@@]2(C)C(=O)C[C@H](C(C)C)[C@@]2(O)CC1	1;2;4;5	0;1;2;3;4;5;6;7	CO[C:1003](/[C:1002](C)=[CH:1001]\C)=[O:1004]	C/C=C(/C)C(=O)OC	COC([O-])=C(C)C(C)SC	2f2cf585931c3a41315c	45b330041a48775c0812	63873bf3cc344f2bc202	ok	-12.87931274693731	vaginatin B	-1.6835133492610952	-2.254660141059235	-1.112366557462955	-2.8671320130309628	-0.4998946854912278	within	no listed structural alert	enone or ester; within energy range; no listed structural alert	14	weak calibration; fragment-group Q2 = 0.287; ranked hypothesis only	within calibration range	no listed structural alert	ranked hypothesis (in applicability domain)	none
Mol_16376	Mol_16376:atom16	ester	ranked hypothesis (in applicability domain)	C/C=C(/C)C(=O)OCC1=C[C@@H](OC(=O)/C(C)=C\C)[C@@]2(C)C(=O)C[C@H](C(C)C)[C@@]2(O)CC1	16;14;12;13	10;11;12;13;14;15;16;17	CO[C:1003](/[C:1002](C)=[CH:1001]\C)=[O:1004]	C/C=C(/C)C(=O)OC	COC([O-])=C(C)C(C)SC	2f2cf585931c3a41315c	45b330041a48775c0812	63873bf3cc344f2bc202	ok	-12.87931274693731	vaginatin B	-1.6835133492610952	-2.254660141059235	-1.112366557462955	-2.8671320130309628	-0.4998946854912278	within	no listed structural alert	enone or ester; within energy range; no listed structural alert	14	weak calibration; fragment-group Q2 = 0.287; ranked hypothesis only	within calibration range	no listed structural alert	ranked hypothesis (in applicability domain)	ring severed by truncation
Mol_16378	Mol_16378:atom11	ester	ranked hypothesis (in applicability domain)	C=C[C@]1(C)C[C@H](OC(=O)/C(C)=C\C)[C@@H]2[C@H](OC(=O)[C@]2(C)O)[C@H]1C(=C)C	11;9;7;8	5;6;7;8;9;10;11;12	CO[C:1003](/[C:1002](C)=[CH:1001]\C)=[O:1004]	C/C=C(/C)C(=O)OC	COC([O-])=C(C)C(C)SC	2f2cf585931c3a41315c	45b330041a48775c0812	63873bf3cc344f2bc202	ok	-12.87931274693731	elemavirgolide	-1.6835133492610952	-2.254660141059235	-1.112366557462955	-2.8671320130309628	-0.4998946854912278	within	no listed structural alert	enone or ester; within energy range; no listed structural alert	14	weak calibration; fragment-group Q2 = 0.287; ranked hypothesis only	within calibration range	no listed structural alert	ranked hypothesis (in applicability domain)	ring severed by truncation
Mol_16380	Mol_16380:atom1	ester	ranked hypothesis (in applicability domain)	C/C=C(/C)C(=O)O[C@H](c1cc(OC)c2c(c1)OCO2)[C@@H](C)OC(=O)C1(C)OC1C	1;2;4;5	0;1;2;3;4;5;6;7	CO[C:1003](/[C:1002](C)=[CH:1001]\C)=[O:1004]	C/C=C(/C)C(=O)OC	COC([O-])=C(C)C(C)SC	2f2cf585931c3a41315c	45b330041a48775c0812	63873bf3cc344f2bc202	ok	-12.87931274693731	laserine oxide	-1.6835133492610952	-2.254660141059235	-1.112366557462955	-2.8671320130309628	-0.4998946854912278	within	no listed structural alert	enone or ester; within energy range; no listed structural alert	14	weak calibration; fragment-group Q2 = 0.287; ranked hypothesis only	within calibration range	no listed structural alert	ranked hypothesis (in applicability domain)	none
Mol_16382	Mol_16382:atom1	ester	ranked hypothesis (in applicability domain)	C/C=C(/C)C(=O)OCC1=C[C@H](OC(=O)/C(C)=C\C)[C@@]2(C)C(=O)C[C@H](C(C)C)[C@@]2(O)CC1	1;2;4;5	0;1;2;3;4;5;6;7	CO[C:1003](/[C:1002](C)=[CH:1001]\C)=[O:1004]	C/C=C(/C)C(=O)OC	COC([O-])=C(C)C(C)SC	2f2cf585931c3a41315c	45b330041a48775c0812	63873bf3cc344f2bc202	ok	-12.87931274693731	daucane vaginatin B	-1.6835133492610952	-2.254660141059235	-1.112366557462955	-2.8671320130309628	-0.4998946854912278	within	no listed structural alert	enone or ester; within energy range; no listed structural alert	14	weak calibration; fragment-group Q2 = 0.287; ranked hypothesis only	within calibration range	no listed structural alert	ranked hypothesis (in applicability domain)	none
Mol_16382	Mol_16382:atom16	ester	ranked hypothesis (in applicability domain)	C/C=C(/C)C(=O)OCC1=C[C@H](OC(=O)/C(C)=C\C)[C@@]2(C)C(=O)C[C@H](C(C)C)[C@@]2(O)CC1	16;14;12;13	10;11;12;13;14;15;16;17	CO[C:1003](/[C:1002](C)=[CH:1001]\C)=[O:1004]	C/C=C(/C)C(=O)OC	COC([O-])=C(C)C(C)SC	2f2cf585931c3a41315c	45b330041a48775c0812	63873bf3cc344f2bc202	ok	-12.87931274693731	daucane vaginatin B	-1.6835133492610952	-2.254660141059235	-1.112366557462955	-2.8671320130309628	-0.4998946854912278	within	no listed structural alert	enone or ester; within energy range; no listed structural alert	14	weak calibration; fragment-group Q2 = 0.287; ranked hypothesis only	within calibration range	no listed structural alert	ranked hypothesis (in applicability domain)	ring severed by truncation
Mol_16383	Mol_16383:atom1	ester	ranked hypothesis (in applicability domain)	C/C=C(/C)C(=O)O[C@H]1/C=C(\C)CC[C@@H]2O[C@@]2(C)C[C@@H]2OC(=O)[C@@](C)(O)[C@@H]12	1;2;4;5	0;1;2;3;4;5;6;7	CO[C:1003](/[C:1002](C)=[CH:1001]\C)=[O:1004]	C/C=C(/C)C(=O)OC	COC([O-])=C(C)C(C)SC	2f2cf585931c3a41315c	45b330041a48775c0812	63873bf3cc344f2bc202	ok	-12.87931274693731	daucovirgolide A	-1.6835133492610952	-2.254660141059235	-1.112366557462955	-2.8671320130309628	-0.4998946854912278	within	no listed structural alert	enone or ester; within energy range; no listed structural alert	14	weak calibration; fragment-group Q2 = 0.287; ranked hypothesis only	within calibration range	no listed structural alert	ranked hypothesis (in applicability domain)	ring severed by truncation
Mol_16384	Mol_16384:atom1	ester	ranked hypothesis (in applicability domain)	C/C=C(/C)C(=O)O[C@@H]1[C@H]2[C@H](C/C(C)=C/CC[C@]3(C)O[C@@H]13)OC(=O)[C@@]2(C)O	1;2;4;5	0;1;2;3;4;5;6;7	CO[C:1003](/[C:1002](C)=[CH:1001]\C)=[O:1004]	C/C=C(/C)C(=O)OC	COC([O-])=C(C)C(C)SC	2f2cf585931c3a41315c	45b330041a48775c0812	63873bf3cc344f2bc202	ok	-12.87931274693731	daucovirgolide B	-1.6835133492610952	-2.254660141059235	-1.112366557462955	-2.8671320130309628	-0.4998946854912278	within	no listed structural alert	enone or ester; within energy range; no listed structural alert	14	weak calibration; fragment-group Q2 = 0.287; ranked hypothesis only	within calibration range	no listed structural alert	ranked hypothesis (in applicability domain)	ring severed by truncation
Mol_16385	Mol_16385:atom17	ester	ranked hypothesis (in applicability domain)	C=C1C[C@@H]2OC(=O)[C@@](C)(O)[C@H]2[C@@H](OC(=O)/C(C)=C\C)[C@@H]2O[C@@]2(C)CC[C@H]1OO	17;15;13;14	11;12;13;14;15;16;17;18	CO[C:1003](/[C:1002](C)=[CH:1001]\C)=[O:1004]	C/C=C(/C)C(=O)OC	COC([O-])=C(C)C(C)SC	2f2cf585931c3a41315c	45b330041a48775c0812	63873bf3cc344f2bc202	ok	-12.87931274693731	daucovirgolide C	-1.6835133492610952	-2.254660141059235	-1.112366557462955	-2.8671320130309628	-0.4998946854912278	within	no listed structural alert	enone or ester; within energy range; no listed structural alert	14	weak calibration; fragment-group Q2 = 0.287; ranked hypothesis only	within calibration range	no listed structural alert	ranked hypothesis (in applicability domain)	ring severed by truncation
Mol_16386	Mol_16386:atom9	ester	ranked hypothesis (in applicability domain)	C=C1C[C@H](OC(=O)/C(C)=C\C)[C@H]2[C@H](/C=C(\C)CC[C@@H]1O)OC(=O)[C@@]2(C)O	9;7;5;6	3;4;5;6;7;8;9;10	CO[C:1003](/[C:1002](C)=[CH:1001]\C)=[O:1004]	C/C=C(/C)C(=O)OC	COC([O-])=C(C)C(C)SC	2f2cf585931c3a41315c	45b330041a48775c0812	63873bf3cc344f2bc202	ok	-12.87931274693731	daucovirgolide D	-1.6835133492610952	-2.254660141059235	-1.112366557462955	-2.8671320130309628	-0.4998946854912278	within	no listed structural alert	enone or ester; within energy range; no listed structural alert	14	weak calibration; fragment-group Q2 = 0.287; ranked hypothesis only	within calibration range	no listed structural alert	ranked hypothesis (in applicability domain)	ring severed by truncation
Mol_16387	Mol_16387:atom1	ester	ranked hypothesis (in applicability domain)	C/C=C(/C)C(=O)O[C@]1(C)C(=O)O[C@H]2C[C@]3(C)O[C@H]3CC/C(C)=C/[C@H](OC(=O)[C@@]3(C)O[C@H]3C)[C@@H]21	1;2;4;5	0;1;2;3;4;5;6;7	CO[C:1003](/[C:1002](C)=[CH:1001]\C)=[O:1004]	C/C=C(/C)C(=O)OC	COC([O-])=C(C)C(C)SC	2f2cf585931c3a41315c	45b330041a48775c0812	63873bf3cc344f2bc202	ok	-12.87931274693731	daucovirgolide E	-1.6835133492610952	-2.254660141059235	-1.112366557462955	-2.8671320130309628	-0.4998946854912278	within	no listed structural alert	enone or ester; within energy range; no listed structural alert	14	weak calibration; fragment-group Q2 = 0.287; ranked hypothesis only	within calibration range	no listed structural alert	ranked hypothesis (in applicability domain)	ring severed by truncation
Mol_16388	Mol_16388:atom1	ester	ranked hypothesis (in applicability domain)	C/C=C(/C)C(=O)O[C@]1(C)C(=O)O[C@H]2C/C(C)=C/CC[C@]3(C)O[C@H]3[C@H](OC(=O)[C@@]3(C)O[C@H]3C)[C@@H]21	1;2;4;5	0;1;2;3;4;5;6;7	CO[C:1003](/[C:1002](C)=[CH:1001]\C)=[O:1004]	C/C=C(/C)C(=O)OC	COC([O-])=C(C)C(C)SC	2f2cf585931c3a41315c	45b330041a48775c0812	63873bf3cc344f2bc202	ok	-12.87931274693731	daucovirgolide F	-1.6835133492610952	-2.254660141059235	-1.112366557462955	-2.8671320130309628	-0.4998946854912278	within	no listed structural alert	enone or ester; within energy range; no listed structural alert	14	weak calibration; fragment-group Q2 = 0.287; ranked hypothesis only	within calibration range	no listed structural alert	ranked hypothesis (in applicability domain)	ring severed by truncation
Mol_16390	Mol_16390:atom0	enone	internally cross-validated candidate (in applicability domain)	C=C1C[C@@H]2OC(=O)[C@@](C)(OC(=O)/C(C)=C\C)[C@H]2[C@@H](OC(=O)[C@@]2(C)O[C@H]2C)/C=C(\C)CCC1=O	0;1;31;32	0;1;2;3;29;30;31;32	CC[C:1002](=[CH2:1001])[C:1003](CC)=[O:1004]	C=C(CC)C(=O)CC	CCC([O-])=C(CC)CSC	2c792c87386e8b047889	9a63a90923af441bf95d	63873bf3cc344f2bc202	ok	-16.669796768220532	daucovirgolide H	2.3315090151376348	1.845226212578393	2.8177918176968766	0.9634435374485107	3.699574492826759	within	no listed structural alert	enone or ester; within energy range; no listed structural alert	65	cross-validated calibration; fragment-group Q2 = 0.750	within calibration range	no listed structural alert	internally cross-validated candidate (in applicability domain)	ring severed by truncation
Mol_16390	Mol_16390:atom14	ester	ranked hypothesis (in applicability domain)	C=C1C[C@@H]2OC(=O)[C@@](C)(OC(=O)/C(C)=C\C)[C@H]2[C@@H](OC(=O)[C@@]2(C)O[C@H]2C)/C=C(\C)CCC1=O	14;12;10;11	7;9;10;11;12;13;14;15	CO[C:1003](/[C:1002](C)=[CH:1001]\C)=[O:1004]	C/C=C(/C)C(=O)OC	COC([O-])=C(C)C(C)SC	2f2cf585931c3a41315c	45b330041a48775c0812	63873bf3cc344f2bc202	ok	-12.87931274693731	daucovirgolide H	-1.6835133492610952	-2.254660141059235	-1.112366557462955	-2.8671320130309628	-0.4998946854912278	within	no listed structural alert	enone or ester; within energy range; no listed structural alert	14	weak calibration; fragment-group Q2 = 0.287; ranked hypothesis only	within calibration range	no listed structural alert	ranked hypothesis (in applicability domain)	ring severed by truncation
Mol_16395	Mol_16395:atom1	ester	ranked hypothesis (in applicability domain)	C/C=C(/C)C(=O)OC1=C(C)C=CC(C=O)C1(C)C	1;2;4;5	0;1;2;3;4;5;6;7	CO[C:1003](/[C:1002](C)=[CH:1001]\C)=[O:1004]	C/C=C(/C)C(=O)OC	COC([O-])=C(C)C(C)SC	2f2cf585931c3a41315c	45b330041a48775c0812	63873bf3cc344f2bc202	ok	-12.87931274693731	isoferulol angelate	-1.6835133492610952	-2.254660141059235	-1.112366557462955	-2.8671320130309628	-0.4998946854912278	within	no listed structural alert	enone or ester; within energy range; no listed structural alert	14	weak calibration; fragment-group Q2 = 0.287; ranked hypothesis only	within calibration range	no listed structural alert	ranked hypothesis (in applicability domain)	ring severed by truncation
Mol_16398	Mol_16398:atom1	ester	ranked hypothesis (in applicability domain)	C/C=C(/COC(C)=O)C(=O)OC1=C(C)C=CC(C=O)C1(C)C	1;2;8;9	0;1;2;3;4;8;9;10;11	CO[C:1003](/[C:1002](CO)=[CH:1001]\C)=[O:1004]	C/C=C(/CO)C(=O)OC	COC([O-])=C(CO)C(C)SC	b91c833351aff0883391	09ce75b23ad8d71ed054	63873bf3cc344f2bc202	ok	-17.578731669169965	isoferulol-5'-acetoxy angelate	0.1717317651792855	-0.1962890827401331	0.5397526130987043	-0.9283517898047832	1.2718153201633542	within	no listed structural alert	enone or ester; within energy range; no listed structural alert	18	weak calibration; fragment-group Q2 = 0.287; ranked hypothesis only	within calibration range	no listed structural alert	ranked hypothesis (in applicability domain)	ring severed by truncation
Mol_16401	Mol_16401:atom8	enone	internally cross-validated candidate (in applicability domain)	C=CC(O)C#CC#C/C=C/C(=O)CCCCCCC	8;9;10;11	6;7;8;9;10;11;12;13	C#C/[CH:1001]=[CH:1002]/[C:1003](CC)=[O:1004]	C#C/C=C/C(=O)CC	C#CC(C=C([O-])CC)SC	cb135a6e70e1c2e83b11	8cf73b5b96cf9e056cbf	63873bf3cc344f2bc202	ok	-11.973546354809052	heptadeca-1,8-diene-4,6-diyne-3-ol-10-one	0.3045827675980908	-0.1037915863163286	0.7129571215125101	-1.0377665908458724	1.646932126042054	within	no listed structural alert	enone or ester; within energy range; no listed structural alert	1	cross-validated calibration; fragment-group Q2 = 0.750	within calibration range	no listed structural alert	internally cross-validated candidate (in applicability domain)	none
Mol_16432	Mol_16432:atom7	enone	internally cross-validated candidate (in applicability domain)	COc1cc(CC/C=C/C(=O)CCc2ccccc2)ccc1O	7;8;9;10	5;6;7;8;9;10;11;12	CC/[CH:1001]=[CH:1002]/[C:1003](CC)=[O:1004]	CC/C=C/C(=O)CC	CCC([O-])=CC(CC)SC	b27f1ff2c7aa5fc114eb	93a3a06e60d1d2615da6	63873bf3cc344f2bc202	ok	-14.625344530221332	7‐(4′′‐hydroxy‐3′′‐methoxyphenyl)‐1‐phenylhept‐4‐en‐3‐one)	1.4491127333705256	1.093580334002323	1.8046451327387285	0.1218842397868429	2.7763412269542083	within	no listed structural alert	enone or ester; within energy range; no listed structural alert	293	cross-validated calibration; fragment-group Q2 = 0.750	within calibration range	no listed structural alert	internally cross-validated candidate (in applicability domain)	none
Mol_16560	Mol_16560:atom0	enone	internally cross-validated candidate (in applicability domain)	C=C1C(=O)C=C[C@]2(C)CC[C@H]3C(=C)C(=O)O[C@@H]3[C@@H]12	0;1;2;3	0;1;2;3;4;5;6;16;17	C[C@@H]1CC=C[C:1003](=[O:1004])[C:1002]1=[CH2:1001]	C=C1C(=O)C=CC[C@H]1C	CSCC1=C([O-])C=CC[C@H]1C	97f9a9e366db5fe7f53c	d7df28d1b373fa085652	63873bf3cc344f2bc202	ok	-16.631297179748902	dehydrobrachylaenolide	2.314892391337131	1.8319197308482869	2.797865051825976	0.9480000115355708	3.681784771138691	within	no listed structural alert	enone or ester; within energy range; no listed structural alert	101	cross-validated calibration; fragment-group Q2 = 0.750	within calibration range	no listed structural alert	internally cross-validated candidate (in applicability domain)	ring severed by truncation
Mol_16829	Mol_16829:atom1	ester	ranked hypothesis (in applicability domain)	C/C=C(/C)C(=O)O[C@@H]1[C@H](O)[C@H]2C(C)(C)C(=O)C=C[C@]2(C)[C@H]2CC[C@]3(C)C(=CC(=O)[C@H]3c3ccoc3)[C@]12C	1;2;4;5	0;1;2;3;4;5;6;7	CO[C:1003](/[C:1002](C)=[CH:1001]\C)=[O:1004]	C/C=C(/C)C(=O)OC	COC([O-])=C(C)C(C)SC	2f2cf585931c3a41315c	45b330041a48775c0812	63873bf3cc344f2bc202	ok	-12.87931274693731	7-deacetyl-7-angeloyl-6alpha-hydroxyazadiradione	-1.6835133492610952	-2.254660141059235	-1.112366557462955	-2.8671320130309628	-0.4998946854912278	within	no listed structural alert	enone or ester; within energy range; no listed structural alert	14	weak calibration; fragment-group Q2 = 0.287; ranked hypothesis only	within calibration range	no listed structural alert	ranked hypothesis (in applicability domain)	ring severed by truncation
Mol_16830	Mol_16830:atom1	ester	ranked hypothesis (in applicability domain)	C/C=C(/C)C(=O)O[C@@H]1[C@H](O)[C@H]2C(C)(C)OC(=O)C[C@H](OC(C)=O)[C@]2(C)[C@H]2CC[C@]3(C)C(=CC(=O)[C@H]3c3ccoc3)[C@]12C	1;2;4;5	0;1;2;3;4;5;6;7	CO[C:1003](/[C:1002](C)=[CH:1001]\C)=[O:1004]	C/C=C(/C)C(=O)OC	COC([O-])=C(C)C(C)SC	2f2cf585931c3a41315c	45b330041a48775c0812	63873bf3cc344f2bc202	ok	-12.87931274693731	quivisianthone	-1.6835133492610952	-2.254660141059235	-1.112366557462955	-2.8671320130309628	-0.4998946854912278	within	no listed structural alert	enone or ester; within energy range; no listed structural alert	14	weak calibration; fragment-group Q2 = 0.287; ranked hypothesis only	within calibration range	no listed structural alert	ranked hypothesis (in applicability domain)	ring severed by truncation
Mol_16836	Mol_16836:atom1	ester	ranked hypothesis (in applicability domain)	C/C=C(\C)C(=O)O[C@H]1C(C)(C)[C@H](CC(=O)OC)[C@]2(C)C(=O)[C@@]1(O)[C@H]1O[C@]13[C@@H]1CC(=O)O[C@@H](c4ccoc4)[C@]1(C)CC[C@H]23	1;2;4;5	0;1;2;3;4;5;6;7	CO[C:1003](/[C:1002](C)=[CH:1001]/C)=[O:1004]	C/C=C(\C)C(=O)OC	COC([O-])=C(C)C(C)SC	2d67f2c0c8fbe9e3fd3e	45b330041a48775c0812	63873bf3cc344f2bc202	ok	-11.93330027436887	3-angeloyl-3-detigloylruageanin B	-2.056981866747176	-2.725064905864692	-1.3888988276296597	-3.290302356563004	-0.8236613769313474	within	no listed structural alert	enone or ester; within energy range; no listed structural alert	21	weak calibration; fragment-group Q2 = 0.287; ranked hypothesis only	within calibration range	no listed structural alert	ranked hypothesis (in applicability domain)	ring severed by truncation
Mol_16837	Mol_16837:atom1	ester	ranked hypothesis (in applicability domain)	C/C=C(\C)C(=O)O[C@H]1C(C)(C)[C@H](CC(=O)OC)[C@]2(C)C(=O)[C@@]1(O)[C@H]1O[C@]13[C@@H]1CC(=O)O[C@@H](c4ccoc4)[C@]1(C)C[C@H]1O[C@]132	1;2;4;5	0;1;2;3;4;5;6;7	CO[C:1003](/[C:1002](C)=[CH:1001]/C)=[O:1004]	C/C=C(\C)C(=O)OC	COC([O-])=C(C)C(C)SC	2d67f2c0c8fbe9e3fd3e	45b330041a48775c0812	63873bf3cc344f2bc202	ok	-11.93330027436887	quivisianolide A	-2.056981866747176	-2.725064905864692	-1.3888988276296597	-3.290302356563004	-0.8236613769313474	within	no listed structural alert	enone or ester; within energy range; no listed structural alert	21	weak calibration; fragment-group Q2 = 0.287; ranked hypothesis only	within calibration range	no listed structural alert	ranked hypothesis (in applicability domain)	ring severed by truncation
Mol_16838	Mol_16838:atom1	ester	ranked hypothesis (in applicability domain)	C/C=C(\C)C(=O)O[C@H]1C(C)(C)[C@H](CC(=O)OC)[C@]2(C)C(=O)[C@@]1(O)[C@H]1O[C@@]13C2=CC[C@]1(C)[C@H]3CC(=O)O[C@H]1c1ccoc1	1;2;4;5	0;1;2;3;4;5;6;7	CO[C:1003](/[C:1002](C)=[CH:1001]/C)=[O:1004]	C/C=C(\C)C(=O)OC	COC([O-])=C(C)C(C)SC	2d67f2c0c8fbe9e3fd3e	45b330041a48775c0812	63873bf3cc344f2bc202	ok	-11.93330027436887	quivisianolide B	-2.056981866747176	-2.725064905864692	-1.3888988276296597	-3.290302356563004	-0.8236613769313474	within	no listed structural alert	enone or ester; within energy range; no listed structural alert	21	weak calibration; fragment-group Q2 = 0.287; ranked hypothesis only	within calibration range	no listed structural alert	ranked hypothesis (in applicability domain)	ring severed by truncation
Mol_16839	Mol_16839:atom1	ester	ranked hypothesis (in applicability domain)	C/C=C(\C)C(=O)O[C@H]1C(C)(C)[C@H](CC(=O)OC)[C@]2(C)C(=O)[C@@]1(O)C=C1[C@@H]2CC[C@@](C)(C(=O)c2ccoc2)[C@@]1(O)CC(=O)OC	1;2;4;5	0;1;2;3;4;5;6;7	CO[C:1003](/[C:1002](C)=[CH:1001]/C)=[O:1004]	C/C=C(\C)C(=O)OC	COC([O-])=C(C)C(C)SC	2d67f2c0c8fbe9e3fd3e	45b330041a48775c0812	63873bf3cc344f2bc202	ok	-11.93330027436887	quivisianone	-2.056981866747176	-2.725064905864692	-1.3888988276296597	-3.290302356563004	-0.8236613769313474	within	no listed structural alert	enone or ester; within energy range; no listed structural alert	21	weak calibration; fragment-group Q2 = 0.287; ranked hypothesis only	within calibration range	no listed structural alert	ranked hypothesis (in applicability domain)	ring severed by truncation
Mol_16898	Mol_16898:atom1	enone	internally cross-validated candidate (in applicability domain)	CC1=CC(=O)[C@@]2(C)[C@@H]1CC(=O)[C@@]13CO[C@]4(C)[C@@H](OC(=O)[C@@H]41)[C@H](O)[C@H]23	1;2;3;4	0;1;2;3;4;5;6;7;8;23	C[C@H]1C(C)(C)[C:1003](=[O:1004])[CH:1002]=[C:1001]1C	CC1=CC(=O)C(C)(C)[C@@H]1C	CSC1(C)C=C([O-])C(C)(C)[C@@H]1C	5f0176e6983b99d490b2	1cb1744b6dfb8cf1cb61	63873bf3cc344f2bc202	ok	-9.51514541565792	5beta,6-dihydrosamaderine A	-0.7564759392185065	-1.380120657397495	-0.1328312210395182	-2.1791722953298343	0.6662204168928212	within	no listed structural alert	enone or ester; within energy range; no listed structural alert	395	cross-validated calibration; fragment-group Q2 = 0.750	within calibration range	no listed structural alert	internally cross-validated candidate (in applicability domain)	ring severed by truncation
Mol_16902	Mol_16902:atom1	enone	internally cross-validated candidate (in applicability domain)	CC1=CC(=O)[C@@]2(C)C1=CC(=O)[C@@]13CO[C@]4(C)[C@@H](OC(=O)[C@@H]41)[C@H](O)[C@H]23	1;2;3;4	0;1;2;3;4;5;6;7;8;23	C=C1C(C)(C)[C:1003](=[O:1004])[CH:1002]=[C:1001]1C	C=C1C(C)=CC(=O)C1(C)C	C=C1C(C)(SC)C=C([O-])C1(C)C	3c093b58be5f755a375b	11bf361eb5ee0770b262	63873bf3cc344f2bc202	ok	-9.526152957010616	samaderine A	-0.7517250267831432	-1.3742536112738806	-0.1291964422924059	-2.173932474973435	0.6704824214071485	within	no listed structural alert	enone or ester; within energy range; no listed structural alert	112	cross-validated calibration; fragment-group Q2 = 0.750	within calibration range	no listed structural alert	internally cross-validated candidate (in applicability domain)	ring severed by truncation
Mol_16925	Mol_16925:atom0	enone	internally cross-validated candidate (in applicability domain)	C=C1C(=O)C[C@H]2C[C@@H]3O[C@@]3(C)CC[C@@H]3O[C@@]3(C)C[C@@H](OC(C)=O)[C@H]1C2(C)C	0;1;2;3	0;1;2;3;4;5;18;23;24	C[C@H]1CCC[C:1003](=[O:1004])[C:1002]1=[CH2:1001]	C=C1C(=O)CCC[C@@H]1C	CSCC1=C([O-])CCC[C@@H]1C	b818088f1d3e1820f87d	e14fa62b7709ce45ecf5	63873bf3cc344f2bc202	ok	-17.16359099552063	hypoestoxide	2.544633186996053	2.014080066325363	3.0751863076667423	1.1602131636529531	3.929053210339152	within	no listed structural alert	enone or ester; within energy range; no listed structural alert	104	cross-validated calibration; fragment-group Q2 = 0.750	within calibration range	no listed structural alert	internally cross-validated candidate (in applicability domain)	ring severed by truncation
Mol_16926	Mol_16926:atom23	ester	ranked hypothesis (in applicability domain)	C=C1C(=O)OC2/C=C(/C)C(O)C/C=C(/C)C(O)C(OC(=O)/C(C)=C/C)[C@@H]12	23;21;19;20	17;18;19;20;21;22;23;24	CO[C:1003](/[C:1002](C)=[CH:1001]/C)=[O:1004]	C/C=C(\C)C(=O)OC	COC([O-])=C(C)C(C)SC	2d67f2c0c8fbe9e3fd3e	45b330041a48775c0812	63873bf3cc344f2bc202	ok	-11.93330027436887	zoapatanolide A	-2.056981866747176	-2.725064905864692	-1.3888988276296597	-3.290302356563004	-0.8236613769313474	within	no listed structural alert	enone or ester; within energy range; no listed structural alert	21	weak calibration; fragment-group Q2 = 0.287; ranked hypothesis only	within calibration range	no listed structural alert	ranked hypothesis (in applicability domain)	ring severed by truncation
Mol_17028	Mol_17028:atom18	enone	internally cross-validated candidate (in applicability domain)	C=C(C)[C@@H]1CC=C2[C@H](CC[C@@]3(C)[C@H]([C@H](CC(=O)C=C(C)C)C(=O)OC)CC[C@]23C)[C@@]1(C)CCC(=O)O	18;17;15;16	13;14;15;16;17;18;19;20	CC[C:1003]([CH:1002]=[C:1001](C)C)=[O:1004]	CCC(=O)C=C(C)C	CCC([O-])=CC(C)(C)SC	831eace156c08c9419b7	119016f1a2a0247ef191	63873bf3cc344f2bc202	ok	-9.019817338646698	3,4-secotirucalla-23-oxo-4(28),7,24-trien-3,21-dioic acid (21-methyl ester)	-0.9702621286368016	-1.644954455777524	-0.2955698014960793	-2.416063609989779	0.4755393527161755	within	no listed structural alert	enone or ester; within energy range; no listed structural alert	481	cross-validated calibration; fragment-group Q2 = 0.750	within calibration range	no listed structural alert	internally cross-validated candidate (in applicability domain)	none
Mol_18577	Mol_18577:atom1	enone	internally cross-validated candidate (in applicability domain)	CC1=CC(=O)[C@H](CCO)[C@@H]1COC1O[C@H](CO)[C@@H](O)[C@H](O)[C@H]1O	1;2;3;4	0;1;2;3;4;5;6;9;10	C[C@@H]1[C@H](C)[C:1001](C)=[CH:1002][C:1003]1=[O:1004]	CC1=CC(=O)[C@H](C)[C@@H]1C	CSC1(C)C=C([O-])[C@H](C)[C@@H]1C	aa9b9cce769eb4fe2523	608aeda309852e12743a	63873bf3cc344f2bc202	ok	-10.233348039772938	4alpha-[(beta-D-glucopyranosyloxy)methyl]-5alpha-(2-hydroxyethyl)-3-methylcyclop	-0.4464959292698847	-0.9993527681962668	0.1063609096564973	-1.8396157631418928	0.9466239046021234	within	no listed structural alert	enone or ester; within energy range; no listed structural alert	422	cross-validated calibration; fragment-group Q2 = 0.750	within calibration range	no listed structural alert	internally cross-validated candidate (in applicability domain)	none
Mol_18578	Mol_18578:atom1	enone	internally cross-validated candidate (in applicability domain)	CC1=CC(=O)[C@H](CCOC2O[C@H](CO)[C@@H](O)[C@H](O)[C@H]2O)[C@@H]1CO	1;2;3;4	0;1;2;3;4;5;6;20;21	C[C@@H]1[C@H](C)[C:1001](C)=[CH:1002][C:1003]1=[O:1004]	CC1=CC(=O)[C@H](C)[C@@H]1C	CSC1(C)C=C([O-])[C@H](C)[C@@H]1C	aa9b9cce769eb4fe2523	608aeda309852e12743a	63873bf3cc344f2bc202	ok	-10.233348039772938	5alpha-[2-(beta-D-glucopyranosyloxy)ethyl]-4alpha-hydroxymethyl-3-methylcyclopen	-0.4464959292698847	-0.9993527681962668	0.1063609096564973	-1.8396157631418928	0.9466239046021234	within	no listed structural alert	enone or ester; within energy range; no listed structural alert	422	cross-validated calibration; fragment-group Q2 = 0.750	within calibration range	no listed structural alert	internally cross-validated candidate (in applicability domain)	none
Mol_18579	Mol_18579:atom1	enone	internally cross-validated candidate (in applicability domain)	CC1=CC(=O)[C@H](CCO)[C@@H]1CO	1;2;3;4	0;1;2;3;4;5;6;9;10	C[C@@H]1[C@H](C)[C:1001](C)=[CH:1002][C:1003]1=[O:1004]	CC1=CC(=O)[C@H](C)[C@@H]1C	CSC1(C)C=C([O-])[C@H](C)[C@@H]1C	aa9b9cce769eb4fe2523	608aeda309852e12743a	63873bf3cc344f2bc202	ok	-10.233348039772938	5alpha-(2- hydroxyethyl)-4alpha-hydroxymethyl-3-methylcyclopent-2-en-1- one	-0.4464959292698847	-0.9993527681962668	0.1063609096564973	-1.8396157631418928	0.9466239046021234	within	no listed structural alert	enone or ester; within energy range; no listed structural alert	422	cross-validated calibration; fragment-group Q2 = 0.750	within calibration range	no listed structural alert	internally cross-validated candidate (in applicability domain)	none
Mol_18588	Mol_18588:atom1	enone	internally cross-validated candidate (in applicability domain)	CC1=CC(=O)[C@]2(O)C=CO[C@@H](O[C@H]3O[C@H](CO)[C@@H](O)[C@H](O)[C@H]3O)[C@H]12	1;2;3;4	0;1;2;3;4;5;6;7;10;23	C[C@H]1[C@](C)(O)[C:1003](=[O:1004])[CH:1002]=[C:1001]1C	CC1=CC(=O)[C@@](C)(O)[C@@H]1C	CSC1(C)C=C([O-])[C@@](C)(O)[C@@H]1C	097264c9137acd0fd3d0	3b8d0c458efae02cda89	63873bf3cc344f2bc202	ok	-14.653767295664254	teuhircoside	1.461380147633486	1.1048820922983746	1.8178782029685967	0.1338926521603209	2.788867643106652	within	no listed structural alert	enone or ester; within energy range; no listed structural alert	419	cross-validated calibration; fragment-group Q2 = 0.750	within calibration range	no listed structural alert	internally cross-validated candidate (in applicability domain)	alpha-prime heteroatom; ring severed by truncation
Mol_18592	Mol_18592:atom0	enone	internally cross-validated candidate (in applicability domain)	C=C1CC[C@@H](C(C)C)[C@@H](O)[C@H]2O[C@@]2(C)CCC1=O	0;1;16;17	0;1;2;3;14;15;16;17	CC[C:1002](=[CH2:1001])[C:1003](CC)=[O:1004]	C=C(CC)C(=O)CC	CCC([O-])=C(CC)CSC	2c792c87386e8b047889	9a63a90923af441bf95d	63873bf3cc344f2bc202	ok	-16.669796768220532	4beta,5alpha-epoxy-7alphaH-germacr-10(14)-en-6beta-ol-1-one	2.3315090151376348	1.845226212578393	2.8177918176968766	0.9634435374485107	3.699574492826759	within	no listed structural alert	enone or ester; within energy range; no listed structural alert	65	cross-validated calibration; fragment-group Q2 = 0.750	within calibration range	no listed structural alert	internally cross-validated candidate (in applicability domain)	ring severed by truncation
Mol_18603	Mol_18603:atom12	enone	internally cross-validated candidate (in applicability domain)	C=C[C@@]1(C)CC[C@@H](C(C)C(=O)/C=C/C(C)(C)OO)O1	12;11;9;10	6;7;8;9;10;11;12;13;14;15;16	CC(C)[C:1003](/[CH:1002]=[CH:1001]/C(C)(C)O)=[O:1004]	CC(C)C(=O)/C=C/C(C)(C)O	CSC(C=C([O-])C(C)C)C(C)(C)O	cb61b571d48b191c3abc	85d951fd08fc055ef166	63873bf3cc344f2bc202	ok	-15.342229819876737	arteincultone	1.7585241748745526	1.3699328155687531	2.147115534180352	0.4220603962007612	3.094987953548344	within	no listed structural alert	enone or ester; within energy range; no listed structural alert	241	cross-validated calibration; fragment-group Q2 = 0.750	within calibration range	no listed structural alert	internally cross-validated candidate (in applicability domain)	ring severed by truncation
Mol_18604	Mol_18604:atom1	enone	internally cross-validated candidate (in applicability domain)	CC1=CC(=O)C2(OC3OC(C)C(O)C(O)C3O)C=COC(OC3OC(CO)C(O)C(O)C3O)C12	1;2;3;4	0;1;2;3;4;5;6;17;20;33	CC1C(C)(O)[C:1003](=[O:1004])[CH:1002]=[C:1001]1C	CC1=CC(=O)C(C)(O)C1C	CSC1(C)C=C([O-])C(C)(O)C1C	b65381cf8785495010c3	e0e1d9593824a0923900	63873bf3cc344f2bc202	ok	-14.78203086309076	teucardoside	1.5167393743641124	1.155506448326458	1.8779723004017668	0.1879724971303269	2.845506251597898	within	no listed structural alert	enone or ester; within energy range; no listed structural alert	396	cross-validated calibration; fragment-group Q2 = 0.750	within calibration range	no listed structural alert	internally cross-validated candidate (in applicability domain)	alpha-prime heteroatom; ring severed by truncation
Mol_19074	Mol_19074:atom5	ester	ranked hypothesis (in applicability domain)	COC(=O)C1=C2C[C@H](O)[C@@H](C)[C@H]2[C@H](O[C@@H]2O[C@H](CO)[C@@H](O)[C@H](O)[C@H]2O)O[C@H]1OC	5;4;2;3	0;1;2;3;4;5;6;7;9;11;12;25;26;27	CO[C:1003]([C:1002]1=[C:1001]2CCC[C@H]2CO[C@H]1O)=[O:1004]	COC(=O)C1=C2CCC[C@H]2CO[C@H]1O	COC([O-])=C1[C@H](O)OC[C@@H]2CCCC12SC	d6ffcdf9d5e9e537d42c	5d73f5ee9fb4c23c181f	63873bf3cc344f2bc202	ok	-13.792663518199946	3-epiphlomurin	-1.3229390773784937	-1.808960445879872	-0.8369177088771158	-2.4679112403951367	-0.1779669143618505	within	no listed structural alert	enone or ester; within energy range; no listed structural alert	567	weak calibration; fragment-group Q2 = 0.287; ranked hypothesis only	within calibration range	no listed structural alert	ranked hypothesis (in applicability domain)	none
Mol_19075	Mol_19075:atom5	ester	ranked hypothesis (in applicability domain)	COC(=O)C1=C2C[C@H](O)[C@@H](C)[C@H]2[C@H](O[C@@H]2O[C@H](CO)[C@@H](O)[C@H](O)[C@H]2O)O[C@@H]1OC	5;4;2;3	0;1;2;3;4;5;6;7;9;11;12;25;26;27	CO[C:1003]([C:1002]1=[C:1001]2CCC[C@H]2CO[C@@H]1O)=[O:1004]	COC(=O)C1=C2CCC[C@H]2CO[C@@H]1O	COC([O-])=C1[C@@H](O)OC[C@@H]2CCCC12SC	a7201d384fdd301366c2	7fe39a1d5ea95d5d592a	63873bf3cc344f2bc202	ok	-12.951323062711902	phlomurin	-1.6550849863632733	-2.2191651575527502	-1.0910048151737963	-2.835309932283418	-0.4748600404431287	within	no listed structural alert	enone or ester; within energy range; no listed structural alert	566	weak calibration; fragment-group Q2 = 0.287; ranked hypothesis only	within calibration range	no listed structural alert	ranked hypothesis (in applicability domain)	none
Mol_19356	Mol_19356:atom1	ester	ranked hypothesis (in applicability domain)	C/C=C(/C)C(=O)O[C@@H]1C[C@@H]2CC[C@@]1(C)C2(C)C	1;2;4;5	0;1;2;3;4;5;6;7	CO[C:1003](/[C:1002](C)=[CH:1001]\C)=[O:1004]	C/C=C(/C)C(=O)OC	COC([O-])=C(C)C(C)SC	2f2cf585931c3a41315c	45b330041a48775c0812	63873bf3cc344f2bc202	ok	-12.87931274693731	bornyl angelate	-1.6835133492610952	-2.254660141059235	-1.112366557462955	-2.8671320130309628	-0.4998946854912278	within	no listed structural alert	enone or ester; within energy range; no listed structural alert	14	weak calibration; fragment-group Q2 = 0.287; ranked hypothesis only	within calibration range	no listed structural alert	ranked hypothesis (in applicability domain)	ring severed by truncation
Mol_19493	Mol_19493:atom7	ester	ranked hypothesis (in applicability domain)	C=C[C@](C)(O)CC/C=C(\C)C(=O)OC[C@@H]1O[C@H](OC(=O)[C@]23CCC(C)(C)C[C@H]2C2=CCC4[C@@]5(C)CC[C@H](O[C@@H]6O[C@H](CO[C@H]7OC[C@@H](O)[C@@H](O)[C@@H]7O[C@H]7OC[C@H](O)[C@@H](O)[C@@H]7O)[C@@H](O)[C@H](O)[C@H]6O)C(C)(C)C5CC[C@@]4(C)[C@]2(C)C[C@H]3O)[C@@H](O[C@@H]2O[C@@H](C)[C@H](O[C@@H]3OC[C@@H](O)[C@H](O[C@@H]4OC[C@@H](O)[C@H](O)[C@H]4O)[C@H]3O)[C@@H](O)[C@H]2O)[C@H](O)[C@H]1O	7;8;10;11	5;6;7;8;9;10;11;12;13	CC/[CH:1001]=[C:1002](\C)[C:1003](OC)=[O:1004]	CC/C=C(\C)C(=O)OC	CCC(SC)C(C)=C([O-])OC	0559da15e67b3ad8310e	83750e0bdca84b2a835a	63873bf3cc344f2bc202	ok	-12.918920436864562	caspicaoside G	-1.6678769536879816	-2.235130489943316	-1.1006234174326472	-2.8496218744882533	-0.4861320328877101	within	no listed structural alert	enone or ester; within energy range; no listed structural alert	287	weak calibration; fragment-group Q2 = 0.287; ranked hypothesis only	within calibration range	no listed structural alert	ranked hypothesis (in applicability domain)	none
Mol_19494	Mol_19494:atom21	ester	ranked hypothesis (in applicability domain)	C=C[C@](C)(O)CC/C=C(\C)CO[C@H]1[C@H](O[C@@](C)(C=C)CC/C=C(\C)C(=O)OC[C@@H]2O[C@H](OC(=O)[C@]34CCC(C)(C)C[C@H]3C3=CCC5[C@@]6(C)CC[C@H](O[C@@H]7O[C@H](CO[C@H]8OC[C@@H](O)[C@@H](O)[C@@H]8O[C@H]8OC[C@H](O)[C@@H](O)[C@@H]8O)[C@@H](O)[C@H](O)[C@H]7O)C(C)(C)C6CC[C@@]5(C)[C@]3(C)CC4)[C@@H](O[C@@H]3O[C@@H](C)[C@H](O[C@@H]4OC[C@@H](O)[C@H](O[C@@H]5OC[C@@H](O)[C@H](O)[C@H]5O)[C@H]4O)[C@@H](O)[C@H]3O)[C@H](O)[C@H]2O)OC[C@H](O)[C@@H]1O	21;22;24;25	19;20;21;22;23;24;25;26;27	CC/[CH:1001]=[C:1002](\C)[C:1003](OC)=[O:1004]	CC/C=C(\C)C(=O)OC	CCC(SC)C(C)=C([O-])OC	0559da15e67b3ad8310e	83750e0bdca84b2a835a	63873bf3cc344f2bc202	ok	-12.918920436864562	caspicaoside H	-1.6678769536879816	-2.235130489943316	-1.1006234174326472	-2.8496218744882533	-0.4861320328877101	within	no listed structural alert	enone or ester; within energy range; no listed structural alert	287	weak calibration; fragment-group Q2 = 0.287; ranked hypothesis only	within calibration range	no listed structural alert	ranked hypothesis (in applicability domain)	none
Mol_19495	Mol_19495:atom7	ester	ranked hypothesis (in applicability domain)	C=C[C@](C)(O)CC/C=C\C(=O)O[C@@H]1[C@@H](O)[C@H](C)O[C@@H](OC[C@@H]2O[C@H](OC(=O)[C@]34CCC(C)(C)C[C@H]3C3=CCC5[C@@]6(C)CC[C@H](O[C@@H]7O[C@H](CO[C@H]8OC[C@@H](O)[C@@H](O)[C@@H]8O[C@H]8OC[C@H](O)[C@@H](O)[C@@H]8O)[C@@H](O)[C@H](O)[C@H]7O)C(C)(C)C6CC[C@@]5(C)[C@]3(C)CC4)[C@@H](O[C@@H]3O[C@@H](C)[C@H](O[C@@H]4OC[C@@H](O)[C@H](O[C@@H]5OC[C@@H](O)[C@H](O)[C@H]5O)[C@H]4O)[C@@H](O)[C@H]3O)[C@H](O)[C@H]2O)[C@@H]1OC(=O)/C=C\CC[C@@](C)(O)C=C	7;8;9;10	5;6;7;8;9;10;11;12	CC/[CH:1001]=[CH:1002]\[C:1003](OC)=[O:1004]	CC/C=C\C(=O)OC	CCC(C=C([O-])OC)SC	b6efd415a67f8eb7b28e	5b50bbe4e40b156e2044	63873bf3cc344f2bc202	ok	-16.52988471119746	caspicaoside I	-0.2423339367244885	-0.5879146768547721	0.1032468034057949	-1.3351150362096749	0.8504471627606978	within	no listed structural alert	enone or ester; within energy range; no listed structural alert	301	weak calibration; fragment-group Q2 = 0.287; ranked hypothesis only	within calibration range	no listed structural alert	ranked hypothesis (in applicability domain)	ring severed by truncation
Mol_19495	Mol_19495:atom125	ester	ranked hypothesis (in applicability domain)	C=C[C@](C)(O)CC/C=C\C(=O)O[C@@H]1[C@@H](O)[C@H](C)O[C@@H](OC[C@@H]2O[C@H](OC(=O)[C@]34CCC(C)(C)C[C@H]3C3=CCC5[C@@]6(C)CC[C@H](O[C@@H]7O[C@H](CO[C@H]8OC[C@@H](O)[C@@H](O)[C@@H]8O[C@H]8OC[C@H](O)[C@@H](O)[C@@H]8O)[C@@H](O)[C@H](O)[C@H]7O)C(C)(C)C6CC[C@@]5(C)[C@]3(C)CC4)[C@@H](O[C@@H]3O[C@@H](C)[C@H](O[C@@H]4OC[C@@H](O)[C@H](O[C@@H]5OC[C@@H](O)[C@H](O)[C@H]5O)[C@H]4O)[C@@H](O)[C@H]3O)[C@H](O)[C@H]2O)[C@@H]1OC(=O)/C=C\CC[C@@](C)(O)C=C	125;124;122;123	120;121;122;123;124;125;126;127	CC/[CH:1001]=[CH:1002]\[C:1003](OC)=[O:1004]	CC/C=C\C(=O)OC	CCC(C=C([O-])OC)SC	b6efd415a67f8eb7b28e	5b50bbe4e40b156e2044	63873bf3cc344f2bc202	ok	-16.52988471119746	caspicaoside I	-0.2423339367244885	-0.5879146768547721	0.1032468034057949	-1.3351150362096749	0.8504471627606978	within	no listed structural alert	enone or ester; within energy range; no listed structural alert	301	weak calibration; fragment-group Q2 = 0.287; ranked hypothesis only	within calibration range	no listed structural alert	ranked hypothesis (in applicability domain)	ring severed by truncation
Mol_19496	Mol_19496:atom7	ester	ranked hypothesis (in applicability domain)	C=C[C@](C)(O)CC/C=C\C(=O)O[C@@H]1[C@@H](O)[C@H](C)O[C@@H](OC[C@@H]2O[C@H](OC(=O)[C@]34CCC(C)(C)C[C@H]3C3=CCC5[C@@]6(C)CC[C@H](O[C@@H]7O[C@H](CO[C@H]8OC[C@@H](O)[C@@H](O)[C@@H]8O[C@H]8OC[C@H](O)[C@@H](O)[C@@H]8O)[C@@H](O)[C@H](O)[C@H]7O)C(C)(C)C6CC[C@@]5(C)[C@]3(C)C[C@H]4O)[C@@H](O[C@@H]3O[C@@H](C)[C@H](O[C@@H]4OC[C@@H](O)[C@H](O[C@@H]5OC[C@@H](O)[C@H](O)[C@H]5O)[C@H]4O)[C@@H](O)[C@H]3O)[C@H](O)[C@H]2O)[C@@H]1OC(=O)[C@@H](CO)[C@H]1CC[C@@](C)(C=C)O1	7;8;9;10	5;6;7;8;9;10;11;12	CC/[CH:1001]=[CH:1002]\[C:1003](OC)=[O:1004]	CC/C=C\C(=O)OC	CCC(C=C([O-])OC)SC	b6efd415a67f8eb7b28e	5b50bbe4e40b156e2044	63873bf3cc344f2bc202	ok	-16.52988471119746	caspicaoside J	-0.2423339367244885	-0.5879146768547721	0.1032468034057949	-1.3351150362096749	0.8504471627606978	within	no listed structural alert	enone or ester; within energy range; no listed structural alert	301	weak calibration; fragment-group Q2 = 0.287; ranked hypothesis only	within calibration range	no listed structural alert	ranked hypothesis (in applicability domain)	ring severed by truncation
Mol_19497	Mol_19497:atom7	ester	ranked hypothesis (in applicability domain)	C=C[C@](C)(O)CC/C=C\C(=O)O[C@@H]1[C@@H](O)[C@H](C)O[C@@H](OC[C@@H]2O[C@H](OC(=O)[C@]34CCC(C)(C)C[C@H]3C3=CCC5[C@@]6(C)CC[C@H](O[C@@H]7O[C@H](CO[C@H]8OC[C@@H](O)[C@@H](O)[C@@H]8O[C@H]8OC[C@H](O)[C@@H](O)[C@@H]8O)[C@@H](O)[C@H](O)[C@H]7O)C(C)(C)C6CC[C@@]5(C)[C@]3(C)C[C@H]4O)[C@@H](O[C@@H]3O[C@@H](C)[C@H](O[C@@H]4OC[C@@H](O)[C@H](O[C@@H]5OC[C@@H](O)[C@H](O)[C@H]5O)[C@H]4O)[C@@H](O)[C@H]3O)[C@H](O)[C@H]2O)[C@@H]1OC(=O)[C@@H](CO)[C@@H]1CC[C@@](C)(C=C)O1	7;8;9;10	5;6;7;8;9;10;11;12	CC/[CH:1001]=[CH:1002]\[C:1003](OC)=[O:1004]	CC/C=C\C(=O)OC	CCC(C=C([O-])OC)SC	b6efd415a67f8eb7b28e	5b50bbe4e40b156e2044	63873bf3cc344f2bc202	ok	-16.52988471119746	caspicaoside K	-0.2423339367244885	-0.5879146768547721	0.1032468034057949	-1.3351150362096749	0.8504471627606978	within	no listed structural alert	enone or ester; within energy range; no listed structural alert	301	weak calibration; fragment-group Q2 = 0.287; ranked hypothesis only	within calibration range	no listed structural alert	ranked hypothesis (in applicability domain)	ring severed by truncation
